id_accident,jour,mois,annee,heure_minute,luminosite,meteo,type_collision,departement,commune,agglomeration,categorie_route,regime_circulation,profil_route,etat_surface
202300000581,25,10,2023,16:35,1,1,3,30,30189,2,3,-1,1,1
202300000581,25,10,2023,16:35,1,1,3,30,30189,2,3,-1,1,1
202300000582,27,10,2023,02:00,3,2,6,26,26362,2,4,2,1,2
202300000582,27,10,2023,02:00,3,2,6,26,26362,2,4,2,1,2
202300000583,24,9,2023,11:13,1,1,4,51,51454,2,4,2,1,1
202300000583,24,9,2023,11:13,1,1,4,51,51454,2,4,2,1,1
202300000584,23,9,2023,19:20,1,7,5,49,49099,2,4,2,1,1
202300000584,23,9,2023,19:20,1,7,5,49,49099,2,4,-1,1,1
202300000585,25,10,2023,08:03,1,2,6,22,22278,2,4,-1,1,2
202300000585,25,10,2023,08:03,1,2,6,22,22278,2,4,-1,1,2
202300000586,25,9,2023,13:50,1,1,7,49,49007,2,4,2,1,1
202300000587,25,9,2023,07:52,1,1,3,43,43157,2,4,2,2,1
202300000587,25,9,2023,07:52,1,1,3,43,43157,2,4,2,1,1
202300000588,26,10,2023,11:30,1,2,3,17,17333,2,3,2,1,2
202300000589,25,9,2023,19:55,5,1,3,42,42207,2,4,2,1,1
202300000590,25,10,2023,12:30,1,3,4,17,17306,2,3,2,1,2
202300000591,25,9,2023,19:30,2,1,3,42,42183,2,4,1,1,1
202300000591,25,9,2023,19:30,2,1,3,42,42183,2,4,2,1,1
202300000592,24,9,2023,15:30,1,1,6,41,41018,2,4,2,2,1
202300000593,25,9,2023,16:45,1,1,6,37,37261,2,4,-1,2,1
202300000594,26,10,2023,20:15,3,1,2,13,13117,1,3,1,1,1
202300000595,21,9,2023,18:50,1,1,3,34,34301,2,3,2,2,1
202300000596,26,10,2023,18:30,1,1,6,13,13106,1,5,1,1,1
202300000597,24,9,2023,03:45,5,1,2,34,34032,2,4,1,1,1
202300000598,26,10,2023,07:00,5,1,1,13,13213,2,3,-1,1,1
202300000599,25,9,2023,08:40,1,1,3,33,33318,2,4,2,1,1
202300000599,25,9,2023,08:40,1,1,3,33,33318,2,4,2,1,1
202300000600,25,9,2023,16:30,1,1,3,31,31555,2,1,3,1,1
202300000600,25,9,2023,16:30,1,1,3,31,31555,2,1,2,1,1
202300000601,25,10,2023,18:00,1,1,2,13,13047,1,3,2,1,1
202300000602,25,9,2023,13:18,1,1,3,31,31555,2,4,2,1,1
202300000602,25,9,2023,13:18,1,1,3,31,31555,2,4,2,1,1
202300000603,25,9,2023,07:53,2,1,3,29,29232,2,4,2,1,1
202300000604,25,10,2023,07:45,1,1,3,13,13047,1,2,2,1,1
202300000605,19,9,2023,20:20,3,1,2,26,26362,1,3,3,1,1
202300000606,25,10,2023,08:20,2,2,2,10,10387,2,4,2,1,2
202300000607,25,9,2023,20:55,5,1,3,25,25056,2,4,2,1,1
202300000607,25,9,2023,20:55,5,1,3,25,25056,2,4,2,1,1
202300000608,25,9,2023,08:10,1,1,6,25,25056,2,3,2,4,-1
202300000608,25,9,2023,08:10,1,1,6,25,25056,2,3,1,1,1
202300000609,21,10,2023,12:50,1,1,3,06,06027,2,4,1,1,1
202300000610,25,9,2023,09:08,1,7,6,06,06088,2,4,1,1,1
202300000611,17,9,2023,00:45,5,1,7,02,02408,2,4,2,2,1
202300000612,2,10,2023,16:36,1,1,6,05,05061,2,4,2,1,1
202300000613,24,9,2023,07:00,2,5,3,01,01451,1,3,2,2,1
202300000613,24,9,2023,07:00,2,5,3,01,01451,1,3,2,1,1
202300000614,2,10,2023,17:45,1,1,1,05,05061,2,4,2,1,1
202300000614,2,10,2023,17:45,1,1,1,05,05061,2,4,2,1,1
202300000615,25,9,2023,08:20,1,1,2,75,75118,2,4,1,1,1
202300000616,25,9,2023,19:15,2,1,3,75,75119,2,4,1,1,1
202300000616,25,9,2023,19:15,2,1,3,75,75119,2,4,1,1,1
202300000617,26,10,2023,15:10,1,1,3,75,75113,2,4,1,1,1
202300000618,25,9,2023,07:10,2,1,3,75,75113,2,4,2,1,1
202300000619,26,10,2023,13:50,1,1,2,75,75116,2,4,1,1,1
202300000620,24,9,2023,12:19,1,1,3,75,75110,2,4,1,1,1
202300000620,24,9,2023,12:19,1,1,3,75,75110,2,4,1,1,1
202300000621,26,10,2023,08:40,1,2,7,75,75116,2,4,1,1,2
202300000622,25,9,2023,00:50,5,1,1,75,75109,2,4,1,2,1
202300000622,25,9,2023,00:50,5,1,1,75,75109,2,4,1,1,1
202300000623,25,10,2023,08:46,1,2,3,75,75111,2,4,2,1,2
202300000623,25,10,2023,08:46,1,2,3,75,75111,2,4,1,1,2
202300000624,25,9,2023,12:30,1,1,6,75,75108,2,4,1,1,1
202300000624,25,9,2023,12:30,1,1,6,75,75108,2,4,1,1,1
202300000625,26,10,2023,20:40,5,3,3,75,75118,2,4,2,1,2
202300000625,26,10,2023,20:40,5,3,3,75,75118,2,4,2,1,2
202300000626,25,9,2023,19:00,1,1,3,75,75107,2,4,2,1,1
202300000626,25,9,2023,19:00,1,1,3,75,75107,2,4,2,1,1
202300000627,26,10,2023,19:00,5,2,3,75,75116,2,4,2,1,2
202300000628,25,9,2023,07:30,1,1,3,75,75104,2,4,1,1,1
202300000628,25,9,2023,07:30,1,1,3,75,75104,2,4,2,1,1
202300000629,25,10,2023,13:20,1,2,3,75,75116,2,4,1,1,2
202300000630,23,9,2023,21:20,5,1,1,94,94067,2,3,2,1,1
202300000630,23,9,2023,21:20,5,1,1,94,94067,2,3,2,1,1
202300000631,25,9,2023,16:00,1,1,1,94,94078,2,2,2,1,1
202300000631,25,9,2023,16:00,1,1,1,94,94078,2,2,2,1,1
202300000632,26,10,2023,00:04,5,1,6,75,75116,2,4,2,1,1
202300000632,26,10,2023,00:04,5,1,6,75,75116,2,4,1,1,1
202300000633,25,9,2023,08:25,1,7,6,94,94044,2,3,2,1,1
202300000634,25,9,2023,17:41,1,1,3,94,94043,2,3,3,1,1
202300000635,24,10,2023,07:45,5,2,6,75,75116,2,4,1,1,2
202300000635,24,10,2023,07:45,5,2,6,75,75116,2,4,1,1,2
202300000636,25,9,2023,15:55,1,1,1,93,93073,2,3,2,1,1
202300000636,25,9,2023,15:55,1,1,1,93,93073,2,3,2,1,1
202300000637,26,10,2023,07:35,2,2,6,75,75115,2,4,2,1,2
202300000637,26,10,2023,07:35,2,2,6,75,75115,2,4,1,1,2
202300000638,25,9,2023,08:15,1,1,6,93,93078,2,4,1,1,1
202300000639,25,9,2023,12:25,1,1,6,93,93051,2,4,1,1,1
202300000640,25,9,2023,11:40,1,1,6,93,93046,2,4,1,1,1
202300000640,25,9,2023,11:40,1,1,6,93,93046,2,4,3,1,1
202300000641,26,10,2023,15:00,1,8,6,75,75108,2,4,1,1,1
202300000641,26,10,2023,15:00,1,8,6,75,75108,2,4,1,1,1
202300000642,24,9,2023,23:15,3,1,6,93,93029,2,4,2,2,1
202300000642,24,9,2023,23:15,3,1,6,93,93029,2,4,2,2,1
202300000643,26,10,2023,17:40,1,1,3,75,75115,2,4,2,1,1
202300000643,26,10,2023,17:40,1,1,3,75,75115,2,4,1,1,1
202300000644,25,9,2023,16:37,1,1,6,93,93047,2,4,3,1,1
202300000645,24,9,2023,19:42,1,1,6,93,93014,2,4,2,1,1
202300000646,25,10,2023,17:25,1,1,7,75,75104,2,4,-1,1,1
202300000646,25,10,2023,17:25,1,1,7,75,75104,2,4,-1,1,1
202300000647,25,9,2023,17:10,1,7,1,93,93010,2,3,2,2,1
202300000647,25,9,2023,17:10,1,7,1,93,93010,2,3,1,1,1
202300000648,26,10,2023,06:20,5,2,6,94,94080,2,3,2,1,2
202300000649,24,9,2023,10:50,1,1,6,93,93010,2,3,3,1,1
202300000650,25,9,2023,16:50,1,1,3,93,93007,2,3,2,1,1
202300000651,25,10,2023,23:30,3,1,3,94,94073,2,4,2,1,1
202300000652,24,9,2023,18:30,1,1,3,92,92078,2,3,2,1,1
202300000652,24,9,2023,18:30,1,1,3,92,92078,2,3,2,1,1
202300000653,25,10,2023,06:30,5,2,6,94,94017,2,3,2,1,2
202300000654,24,9,2023,13:30,1,1,3,92,92046,2,3,2,1,1
202300000654,24,9,2023,13:30,1,1,3,92,92046,2,3,1,1,1
202300000655,26,10,2023,14:30,1,8,3,93,93064,2,3,2,1,1
202300000655,26,10,2023,14:30,1,8,3,93,93064,2,3,1,1,1
202300000656,24,9,2023,23:24,5,1,2,92,92064,2,3,2,2,1
202300000656,24,9,2023,23:24,5,1,2,92,92064,2,3,2,2,1
202300000657,25,9,2023,07:20,2,1,3,92,92051,2,3,2,1,1
202300000658,26,10,2023,08:27,1,2,3,93,93064,2,4,1,1,2
202300000659,25,9,2023,16:00,1,1,3,92,92026,2,4,2,1,1
202300000660,25,9,2023,20:40,3,1,6,92,92024,2,3,3,1,2
202300000661,25,10,2023,09:19,1,2,1,93,93064,2,3,2,1,2
202300000662,25,9,2023,13:30,1,1,3,92,92012,2,4,1,1,1
202300000663,25,10,2023,08:36,1,2,6,93,93032,2,3,2,1,2
202300000663,25,10,2023,08:36,1,2,6,93,93032,2,3,2,1,2
202300000664,24,10,2023,19:15,3,1,3,93,93007,2,4,2,1,1
202300000665,25,9,2023,20:00,5,1,3,92,92009,2,4,-1,1,1
202300000666,26,10,2023,10:20,1,8,2,92,92073,2,3,2,1,2
202300000667,22,9,2023,17:05,1,1,3,86,86128,2,3,2,1,1
202300000667,22,9,2023,17:05,1,1,3,86,86128,2,3,2,1,1
202300000668,26,10,2023,18:05,5,2,2,92,92064,2,4,2,2,2
202300000669,26,9,2023,11:30,1,1,1,73,73028,1,3,2,1,1
202300000670,24,10,2023,19:50,2,2,7,92,92064,2,3,1,1,2
202300000671,24,8,2023,09:30,1,1,3,41,41031,1,4,2,2,1
202300000672,7,9,2023,17:22,1,1,2,06,06161,2,3,1,1,1
202300000673,26,10,2023,17:15,1,2,1,92,92036,2,4,1,1,2
202300000673,26,10,2023,17:15,1,2,1,92,92036,2,4,2,1,2
202300000674,26,9,2023,07:45,2,1,2,21,21599,1,1,3,2,1
202300000675,24,9,2023,15:45,1,1,1,11,11203,2,3,2,1,1
202300000676,26,10,2023,08:55,1,8,2,92,92036,2,3,2,2,2
202300000677,26,10,2023,10:00,1,8,6,92,92025,2,4,2,1,2
202300000678,26,10,2023,19:55,5,3,3,92,92023,2,4,2,1,2
202300000678,26,10,2023,19:55,5,3,3,92,92023,2,4,1,1,2
202300000679,26,10,2023,22:00,5,1,2,34,34276,2,3,2,1,1
202300000679,26,10,2023,22:00,5,1,2,34,34276,2,3,2,1,1
202300000680,27,10,2023,12:00,1,3,6,57,57512,1,6,-1,1,2
202300000681,25,10,2023,09:20,1,1,2,38,38336,1,3,2,1,1
202300000682,27,10,2023,14:20,1,8,3,25,25381,1,1,2,1,2
202300000683,26,10,2023,22:52,3,2,7,27,27306,1,4,2,1,2
202300000684,25,10,2023,17:30,2,2,3,01,01347,1,3,2,1,2
202300000685,27,10,2023,07:45,3,2,3,12,12157,1,2,2,1,2
202300000686,26,10,2023,10:30,1,3,6,19,19285,1,1,3,4,2
202300000687,26,10,2023,16:50,1,2,6,23,23166,1,4,2,2,2
202300000688,27,10,2023,14:00,1,1,6,62,62611,1,3,2,1,1
202300000689,26,10,2023,16:45,1,8,3,30,30141,1,3,2,1,1
202300000690,26,10,2023,18:08,1,1,2,27,27079,1,1,1,1,1
202300000691,5,5,2023,10:10,1,1,3,64,64102,2,4,1,1,1
202300000691,5,5,2023,10:10,1,1,3,64,64102,2,4,1,1,1
202300000692,5,5,2023,17:35,1,1,1,62,62186,2,4,1,1,1
202300000693,6,5,2023,23:05,5,2,3,61,61001,2,3,2,1,2
202300000693,6,5,2023,23:05,5,2,3,61,61001,2,3,2,1,2
202300000694,5,5,2023,17:00,1,1,5,59,59599,2,7,3,1,1
202300000695,6,5,2023,11:45,1,1,3,59,59163,2,4,-1,1,1
202300000696,6,5,2023,02:00,5,1,5,59,59350,2,4,3,1,1
202300000697,6,5,2023,15:40,1,1,6,57,57480,2,7,2,1,1
202300000698,6,5,2023,10:10,1,2,3,56,56121,2,4,2,1,2
202300000698,6,5,2023,10:10,1,2,3,56,56121,2,4,3,2,2
202300000699,5,5,2023,15:29,1,1,3,56,56162,2,4,2,1,1
202300000699,5,5,2023,15:29,1,1,3,56,56162,2,4,2,1,1
202300000700,5,5,2023,15:10,1,1,2,56,56098,2,3,2,1,1
202300000701,6,5,2023,18:49,1,1,3,51,51454,2,4,1,1,1
202300000701,6,5,2023,18:49,1,1,3,51,51454,2,4,1,1,1
202300000702,5,5,2023,22:50,3,1,6,49,49328,2,4,2,1,1
202300000703,6,5,2023,01:05,5,1,3,45,45234,2,4,1,3,1
202300000704,6,5,2023,09:55,1,1,3,29,29039,2,9,-1,1,1
202300000705,6,5,2023,06:15,5,2,7,29,29019,2,4,-1,1,2
202300000706,6,5,2023,13:30,1,1,6,25,25056,2,4,2,1,1
202300000706,6,5,2023,13:30,1,1,6,25,25056,2,4,1,2,1
202300000707,6,5,2023,03:08,4,2,6,22,22215,1,3,1,1,2
202300000708,6,5,2023,00:10,5,8,6,17,17306,2,4,2,1,1
202300000709,6,5,2023,12:30,1,2,1,14,14118,2,3,3,1,2
202300000710,5,5,2023,17:15,1,2,1,14,14118,2,4,3,1,2
202300000710,5,5,2023,17:15,1,2,1,14,14118,2,4,2,1,2
202300000711,6,5,2023,15:30,1,1,6,13,13215,1,4,2,1,1
202300000712,6,5,2023,08:50,1,1,5,13,13208,2,4,2,1,1
202300000713,6,5,2023,05:00,5,1,3,13,13202,2,4,1,1,1
202300000713,6,5,2023,05:00,5,1,3,13,13202,2,4,1,1,1
202300000714,6,5,2023,03:10,5,1,3,13,13204,2,4,2,1,1
202300000714,6,5,2023,03:10,5,1,3,13,13204,2,4,2,1,1
202300000715,5,5,2023,17:05,1,1,1,13,13001,2,4,2,2,1
202300000715,5,5,2023,17:05,1,1,1,13,13001,2,4,2,2,1
202300000716,23,4,2023,16:20,1,1,6,12,12013,2,3,2,2,2
202300000717,6,5,2023,19:50,1,1,3,75,75114,2,4,1,1,1
202300000718,6,5,2023,20:45,1,1,6,75,75120,2,4,-1,1,1
202300000718,6,5,2023,20:45,1,1,6,75,75120,2,4,2,1,1
202300000719,6,5,2023,17:45,1,1,3,75,75120,2,4,1,1,1
202300000719,6,5,2023,17:45,1,1,3,75,75120,2,4,-1,1,1
202300000720,5,5,2023,21:30,5,3,4,75,75120,2,4,1,1,2
202300000721,6,5,2023,02:18,5,1,3,75,75116,2,4,1,1,1
202300000721,6,5,2023,02:18,5,1,3,75,75116,2,4,3,1,1
202300000722,6,5,2023,14:35,1,1,7,75,75115,2,4,1,1,1
202300000722,6,5,2023,14:35,1,1,7,75,75115,2,4,1,1,1
202300000723,6,5,2023,12:05,1,1,3,75,75115,2,4,2,1,1
202300000723,6,5,2023,12:05,1,1,3,75,75115,2,4,1,1,1
202300000724,6,5,2023,23:05,5,1,3,75,75113,2,4,2,2,1
202300000725,6,5,2023,10:43,1,1,3,75,75111,2,4,2,1,1
202300000725,6,5,2023,10:43,1,1,3,75,75111,2,4,2,1,1
202300000726,6,5,2023,00:30,5,1,6,75,75110,2,4,2,1,1
202300000726,6,5,2023,00:30,5,1,6,75,75110,2,4,1,1,1
202300000727,6,5,2023,06:55,1,1,6,75,75109,2,4,1,1,1
202300000727,6,5,2023,06:55,1,1,6,75,75109,2,4,1,2,1
202300000728,6,5,2023,16:09,1,8,1,75,75107,2,4,1,1,1
202300000728,6,5,2023,16:09,1,8,1,75,75107,2,4,2,1,1
202300000729,6,5,2023,19:15,1,1,3,94,94067,2,3,3,1,1
202300000729,6,5,2023,19:15,1,1,3,94,94067,2,3,2,1,1
202300000730,6,5,2023,15:35,1,8,2,94,94019,2,4,3,1,1
202300000731,5,5,2023,14:20,1,1,3,94,94056,2,3,2,1,1
202300000731,5,5,2023,14:20,1,1,3,94,94056,2,3,2,1,1
202300000732,5,5,2023,23:53,5,2,3,93,93070,2,3,2,1,2
202300000732,5,5,2023,23:53,5,2,3,93,93070,2,3,1,1,2
202300000733,6,5,2023,18:55,1,1,6,93,93061,2,4,1,2,1
202300000734,6,5,2023,06:05,2,1,1,93,93050,2,3,3,1,1
202300000734,6,5,2023,06:05,2,1,1,93,93050,2,3,2,1,1
202300000735,6,5,2023,17:50,1,2,6,93,93013,2,3,2,1,2
202300000736,6,5,2023,16:00,1,1,3,93,93001,2,3,1,1,1
202300000736,6,5,2023,16:00,1,1,3,93,93001,2,3,2,1,1
202300000737,6,5,2023,22:14,3,1,2,92,92024,2,3,3,1,1
202300000738,6,5,2023,14:25,1,1,6,92,92002,2,4,2,1,1
202300000739,6,5,2023,07:30,1,8,6,11,11413,1,3,2,1,1
202300000740,6,5,2023,21:10,3,2,7,37,37112,1,4,2,1,6
202300000741,7,5,2023,10:35,1,1,1,47,47238,1,3,2,2,1
202300000742,7,5,2023,08:40,1,1,3,38,38270,2,3,2,1,1
202300000743,5,4,2023,14:00,1,1,3,79,79140,2,3,2,1,1
202300000743,5,4,2023,14:00,1,1,3,79,79140,2,3,2,1,1
202300000744,6,5,2023,21:55,3,1,6,60,60658,1,2,3,1,1
202300000745,6,5,2023,22:05,3,1,7,62,62104,1,3,2,1,1
202300000746,5,5,2023,09:40,1,1,2,2B,2B010,1,2,2,2,1
202300000747,7,5,2023,04:48,2,2,6,82,82022,1,3,2,1,2
202300000748,27,11,2023,17:15,2,2,3,11,11069,2,4,2,1,2
202300000748,27,11,2023,17:15,2,2,3,11,11069,2,4,2,2,2
202300000749,6,5,2023,21:23,1,8,6,44,44021,1,3,2,1,2
202300000750,29,11,2023,16:15,1,1,3,06,06069,2,4,2,1,1
202300000751,6,5,2023,05:15,3,2,2,35,35039,1,2,3,1,2
202300000752,29,11,2023,18:15,3,1,7,04,04112,2,4,2,1,1
202300000753,29,11,2023,11:33,1,1,6,75,75110,2,4,1,1,1
202300000754,5,5,2023,09:30,1,2,4,29,29186,1,3,2,2,2
202300000755,7,5,2023,20:00,1,1,6,29,29016,1,4,2,2,1
202300000756,29,11,2023,07:50,1,1,5,75,75117,2,4,1,1,1
202300000757,7,5,2023,17:05,1,1,6,01,01165,1,3,2,1,2
202300000758,6,5,2023,17:00,1,1,6,26,26099,1,3,2,4,1
202300000759,29,11,2023,00:02,5,1,2,75,75117,2,4,2,1,1
202300000760,6,5,2023,21:11,5,1,6,06,06138,1,3,2,2,1
202300000761,28,11,2023,18:30,2,1,2,75,75106,2,4,1,1,1
202300000761,28,11,2023,18:30,2,1,2,75,75106,2,4,1,1,1
202300000762,7,5,2023,17:40,1,1,6,50,50615,2,3,2,1,1
202300000763,29,11,2023,16:05,1,1,6,75,75119,2,4,1,1,1
202300000763,29,11,2023,16:05,1,1,6,75,75119,2,4,1,1,1
202300000764,7,5,2023,13:10,1,1,4,50,50185,1,3,2,2,1
202300000764,7,5,2023,13:10,1,1,4,50,50185,1,3,2,1,1
202300000765,28,11,2023,20:30,5,1,3,75,75118,2,4,1,1,1
202300000766,6,5,2023,09:05,1,1,3,45,45148,2,3,3,1,1
202300000766,6,5,2023,09:05,1,1,3,45,45148,2,3,2,2,1
202300000767,29,11,2023,13:32,1,1,3,75,75117,2,4,1,1,1
202300000767,29,11,2023,13:32,1,1,3,75,75117,2,4,1,1,1
202300000768,6,5,2023,19:44,1,1,7,07,07069,1,4,-1,1,1
202300000769,7,5,2023,15:15,1,1,3,07,07129,1,3,2,1,1
202300000769,7,5,2023,15:15,1,1,3,07,07129,1,3,2,2,1
202300000770,29,11,2023,13:45,1,1,6,75,75115,2,4,1,1,1
202300000770,29,11,2023,13:45,1,1,6,75,75115,2,4,2,1,1
202300000771,29,11,2023,10:53,1,1,3,75,75115,2,4,2,1,1
202300000771,29,11,2023,10:53,1,1,3,75,75115,2,4,1,1,1
202300000772,7,5,2023,11:00,1,1,4,40,40234,1,3,2,4,1
202300000773,28,11,2023,08:45,1,1,3,75,75115,2,4,2,1,1
202300000773,28,11,2023,08:45,1,1,3,75,75115,2,4,1,2,1
202300000774,7,5,2023,07:00,1,1,6,85,85220,1,4,2,1,1
202300000774,7,5,2023,07:00,1,1,6,85,85220,1,4,2,1,1
202300000775,4,5,2023,18:00,1,1,7,27,27156,1,3,2,1,1
202300000776,27,11,2023,17:20,5,8,3,75,75114,2,4,1,1,2
202300000776,27,11,2023,17:20,5,8,3,75,75114,2,4,1,1,2
202300000777,7,5,2023,00:35,3,1,7,30,30305,1,3,-1,2,1
202300000778,28,11,2023,14:30,1,1,6,75,75111,2,4,1,1,1
202300000779,7,5,2023,01:40,5,1,7,34,34337,1,7,4,1,1
202300000780,29,11,2023,21:05,5,1,6,75,75110,2,4,1,1,1
202300000780,29,11,2023,21:05,5,1,6,75,75110,2,4,1,1,1
202300000781,6,5,2023,18:30,1,1,3,33,33122,1,1,3,1,1
202300000781,6,5,2023,18:30,1,1,3,33,33122,1,1,1,2,1
202300000782,29,11,2023,09:30,1,1,3,75,75107,2,4,1,1,1
202300000782,29,11,2023,09:30,1,1,3,75,75107,2,4,1,1,1
202300000783,29,4,2023,18:30,1,1,1,69,69043,2,4,2,2,1
202300000784,29,11,2023,13:45,1,1,6,75,75101,2,4,1,1,1
202300000784,29,11,2023,13:45,1,1,6,75,75101,2,4,1,1,1
202300000785,27,3,2023,13:17,1,1,2,75,75109,2,4,2,1,1
202300000786,6,5,2023,13:00,1,1,3,34,34146,1,1,3,1,1
202300000787,29,11,2023,07:50,2,1,3,94,94074,2,4,4,1,1
202300000788,26,3,2023,13:51,1,1,6,75,75119,2,4,1,1,1
202300000788,26,3,2023,13:51,1,1,6,75,75119,2,4,1,1,1
202300000789,7,5,2023,11:15,1,2,3,69,69064,2,3,2,1,2
202300000790,29,11,2023,09:30,1,1,2,94,94068,2,4,2,1,1
202300000791,28,3,2023,16:45,1,1,6,75,75106,2,4,2,1,1
202300000791,28,3,2023,16:45,1,1,6,75,75106,2,4,2,1,1
202300000792,6,5,2023,22:30,3,1,6,988,98811,2,4,2,1,1
202300000792,6,5,2023,22:30,3,1,6,988,98811,2,4,2,-1,1
202300000793,28,11,2023,20:30,5,1,2,94,94019,2,3,3,1,1
202300000793,28,11,2023,20:30,5,1,2,94,94019,2,3,2,1,1
202300000794,28,3,2023,20:00,2,1,3,75,75119,2,4,1,1,1
202300000794,28,3,2023,20:00,2,1,3,75,75119,2,4,2,1,1
202300000795,7,5,2023,05:25,2,1,1,971,97118,1,3,2,1,1
202300000796,29,11,2023,02:45,5,1,6,93,93077,2,3,3,1,1
202300000796,29,11,2023,02:45,5,1,6,93,93077,2,3,1,1,1
202300000797,6,5,2023,05:20,3,1,6,45,45108,1,3,2,1,1
202300000798,28,3,2023,20:05,5,1,6,75,75118,2,4,1,1,1
202300000798,28,3,2023,20:05,5,1,6,75,75118,2,4,1,2,1
202300000799,29,11,2023,08:00,2,1,6,93,93050,2,4,2,1,2
202300000799,29,11,2023,08:00,2,1,6,93,93050,2,4,1,1,2
202300000800,4,5,2023,22:15,3,1,7,77,77225,1,3,2,1,1
202300000801,6,5,2023,21:15,3,1,7,95,95211,1,3,2,1,6
202300000802,29,11,2023,08:35,1,1,3,93,93046,2,4,3,1,2
202300000803,28,3,2023,11:50,1,1,6,75,75116,2,4,2,1,1
202300000803,28,3,2023,11:50,1,1,6,75,75116,2,4,2,1,1
202300000804,6,5,2023,22:24,3,1,6,83,83127,1,3,2,2,1
202300000805,28,3,2023,09:40,1,1,3,75,75116,2,4,3,1,1
202300000806,28,11,2023,12:45,1,1,3,93,93032,2,4,2,1,1
202300000806,28,11,2023,12:45,1,1,3,93,93032,2,4,1,1,1
202300000807,6,5,2023,22:10,5,1,6,71,71342,2,4,2,1,1
202300000808,29,11,2023,19:50,5,1,7,92,92040,2,4,-1,2,1
202300000809,27,3,2023,12:20,1,1,3,75,75116,2,4,1,1,1
202300000809,27,3,2023,12:20,1,1,3,75,75116,2,4,1,1,1
202300000810,15,4,2023,23:45,3,2,7,73,73160,1,4,-1,2,2
202300000811,29,11,2023,20:50,5,1,2,92,92012,2,3,-1,1,1
202300000812,28,3,2023,08:20,1,1,3,75,75115,2,4,-1,1,1
202300000812,28,3,2023,08:20,1,1,3,75,75115,2,4,-1,1,1
202300000813,7,5,2023,03:38,3,1,7,38,38197,1,3,2,1,1
202300000814,29,11,2023,18:35,3,8,6,57,57716,1,3,2,1,2
202300000814,29,11,2023,18:35,3,8,6,57,57716,1,3,2,1,2
202300000815,6,5,2023,11:06,1,1,3,38,38071,2,4,2,1,1
202300000816,27,3,2023,15:10,1,1,3,75,75114,2,4,3,1,1
202300000816,27,3,2023,15:10,1,1,3,75,75114,2,4,1,1,1
202300000817,29,11,2023,15:50,1,8,6,07,07349,2,4,2,1,1
202300000818,3,4,2023,21:45,3,1,6,81,81104,1,3,2,1,1
202300000819,29,11,2023,14:50,1,1,6,21,21038,1,1,1,1,2
202300000820,27,3,2023,16:40,1,1,3,75,75113,2,4,1,1,1
202300000820,27,3,2023,16:40,1,1,3,75,75113,2,4,1,1,1
202300000821,7,5,2023,15:20,1,1,1,16,16077,1,4,2,2,1
202300000821,7,5,2023,15:20,1,1,1,16,16077,1,4,2,4,1
202300000822,29,11,2023,09:15,1,1,1,974,97422,1,4,2,2,1
202300000823,28,3,2023,14:35,1,1,2,75,75110,2,4,2,1,1
202300000823,28,3,2023,14:35,1,1,2,75,75110,2,4,2,2,1
202300000824,30,11,2023,07:30,1,1,6,974,97404,2,6,-1,1,1
202300000825,29,11,2023,14:30,1,1,2,28,28035,1,2,2,1,1
202300000826,28,3,2023,14:20,1,1,3,75,75110,2,4,2,1,1
202300000826,28,3,2023,14:20,1,1,3,75,75110,2,4,2,2,1
202300000827,7,5,2023,06:30,2,1,6,33,33243,2,3,-1,1,1
202300000827,7,5,2023,06:30,2,1,6,33,33243,2,3,-1,1,1
202300000828,6,5,2023,23:50,3,2,7,44,44215,1,4,2,1,2
202300000829,28,3,2023,20:25,5,1,6,75,75107,2,4,-1,1,1
202300000829,28,3,2023,20:25,5,1,6,75,75107,2,4,1,1,1
202300000830,29,11,2023,17:30,3,2,1,76,76177,1,3,2,1,2
202300000831,7,5,2023,17:50,1,1,1,76,76678,1,3,2,1,2
202300000832,28,3,2023,10:50,1,1,3,75,75107,2,4,1,2,1
202300000832,28,3,2023,10:50,1,1,3,75,75107,2,4,2,1,1
202300000833,30,11,2023,17:20,3,1,3,2B,2B346,1,2,2,1,1
202300000834,6,5,2023,23:15,5,1,6,13,13028,1,1,-1,1,1
202300000835,28,3,2023,08:10,1,1,6,75,75104,2,4,1,1,1
202300000836,25,11,2023,11:25,1,1,3,82,82151,2,3,2,2,1
202300000836,25,11,2023,11:25,1,1,3,82,82151,2,3,2,3,1
202300000837,28,3,2023,18:20,1,1,6,94,94067,2,3,2,1,1
202300000837,28,3,2023,18:20,1,1,6,94,94067,2,3,2,1,1
202300000838,5,5,2023,16:10,1,1,4,13,13071,1,1,1,1,1
202300000839,29,11,2023,09:50,1,1,2,49,49055,1,3,1,1,1
202300000840,6,5,2023,01:00,3,1,3,83,83069,1,1,3,1,1
202300000841,23,11,2023,19:50,3,1,3,49,49228,1,3,2,1,1
202300000842,27,3,2023,08:15,1,8,3,94,94046,2,3,2,1,1
202300000842,27,3,2023,08:15,1,8,3,94,94046,2,3,1,1,1
202300000843,5,5,2023,00:23,3,1,2,57,57474,1,1,3,1,1
202300000844,30,11,2023,16:20,1,2,6,68,68004,2,5,2,1,3
202300000845,28,3,2023,10:15,1,1,3,93,93059,2,3,3,1,1
202300000845,28,3,2023,10:15,1,1,3,93,93059,2,3,1,1,1
202300000846,5,5,2023,17:15,1,2,3,67,67365,1,7,3,1,2