id_accident,jour,mois,annee,heure_minute,luminosite,meteo,type_collision,departement,commune,agglomeration,categorie_route,regime_circulation,profil_route,etat_surface
202300000847,28,11,2023,12:00,1,1,3,38,38069,1,3,2,1,1
202300000847,28,11,2023,12:00,1,1,3,38,38069,1,3,2,1,1
202300000848,5,5,2023,22:56,4,2,7,91,91570,1,2,1,1,2
202300000849,28,3,2023,08:13,1,1,1,93,93066,2,3,2,1,1
202300000850,6,5,2023,18:35,1,1,6,75,75116,1,1,1,1,1
202300000851,29,11,2023,17:20,2,1,2,38,38538,1,4,2,1,1
202300000851,29,11,2023,17:20,2,1,2,38,38538,1,4,2,1,1
202300000852,28,3,2023,07:00,2,1,3,92,92050,2,3,2,2,1
202300000853,24,11,2023,04:40,3,1,1,02,02639,1,3,2,1,1
202300000854,28,3,2023,16:10,1,2,6,92,92048,2,3,2,2,2
202300000855,5,5,2023,19:14,1,2,4,92,92050,1,1,1,1,2
202300000856,29,11,2023,17:45,3,1,1,58,58067,1,3,2,1,1
202300000857,28,3,2023,14:40,1,1,6,92,92040,2,3,1,1,1
202300000858,6,5,2023,07:49,1,1,6,93,93006,1,1,3,2,1
202300000859,29,11,2023,17:47,3,1,6,50,50388,1,3,3,4,2
202300000860,28,3,2023,19:10,5,8,2,92,92062,2,3,1,1,1
202300000861,29,11,2023,12:00,1,8,6,64,64487,1,3,2,2,2
202300000862,6,5,2023,06:15,2,2,7,92,92036,1,1,3,1,2
202300000863,30,11,2023,13:20,1,2,6,64,64250,1,4,2,1,2
202300000864,28,3,2023,17:10,1,1,6,92,92025,2,3,1,1,1
202300000864,28,3,2023,17:10,1,1,6,92,92025,2,3,2,1,1
202300000865,5,5,2023,12:00,1,1,6,43,43157,2,4,2,2,1
202300000866,30,11,2023,08:20,1,2,7,64,64238,2,3,2,1,2
202300000867,4,5,2023,10:10,1,1,6,72,72181,2,4,2,1,1
202300000868,28,3,2023,16:30,1,8,3,92,92024,2,4,2,1,1
202300000869,30,11,2023,10:00,1,1,1,18,18011,1,3,2,1,1
202300000870,4,5,2023,19:50,1,1,1,30,30028,2,2,2,1,1
202300000871,28,3,2023,12:00,1,1,6,92,92002,2,4,2,1,1
202300000872,2,4,2023,13:45,1,1,2,85,85051,2,4,2,2,1
202300000873,4,5,2023,07:45,1,1,6,06,06085,2,3,3,2,1
202300000874,30,11,2023,08:40,1,1,6,28,28089,2,3,2,1,1
202300000874,30,11,2023,08:40,1,1,6,28,28089,2,3,1,1,1
202300000875,28,3,2023,15:10,1,1,1,17,17045,1,3,2,1,1
202300000876,4,5,2023,18:44,1,1,6,94,94003,2,3,3,2,1
202300000876,4,5,2023,18:44,1,1,6,94,94003,2,3,2,2,1
202300000877,30,11,2023,06:30,3,9,7,52,52469,1,4,2,1,1
202300000878,28,3,2023,20:45,3,1,6,22,22190,1,4,2,1,1
202300000879,3,5,2023,08:00,1,1,3,91,91027,2,4,2,1,1
202300000880,29,3,2023,12:00,1,1,7,77,77505,1,3,2,1,1
202300000881,5,7,2023,14:55,1,1,1,06,06069,2,4,2,2,1
202300000882,29,11,2023,11:10,1,8,6,31,31296,1,1,1,1,1
202300000883,29,3,2023,10:30,1,1,3,974,97422,2,3,2,2,1
202300000883,29,3,2023,10:30,1,1,3,974,97422,2,3,2,2,1
202300000884,3,5,2023,12:00,1,1,6,93,93006,2,4,1,1,1
202300000885,30,11,2023,06:20,2,8,1,30,30347,1,3,2,1,2
202300000886,27,3,2023,14:30,1,1,6,972,97220,1,4,2,2,1
202300000887,2,5,2023,18:15,1,1,6,62,62193,2,4,2,1,1
202300000888,28,11,2023,17:23,3,8,2,73,73068,1,1,3,1,2
202300000889,2,5,2023,18:10,1,1,1,34,34172,2,4,2,2,1
202300000890,28,3,2023,13:30,1,1,3,38,38239,2,3,3,2,1
202300000890,28,3,2023,13:30,1,1,3,38,38239,2,3,2,1,1
202300000891,30,11,2023,16:10,1,2,6,03,03305,1,1,3,3,2
202300000892,2,5,2023,10:45,1,1,6,33,33063,2,4,1,1,1
202300000892,2,5,2023,10:45,1,1,6,33,33063,2,4,1,1,1
202300000893,29,3,2023,04:40,3,1,2,08,08163,1,1,1,1,1
202300000894,29,3,2023,17:50,1,8,6,35,35024,2,4,2,1,1
202300000895,2,5,2023,19:10,1,1,6,17,17415,2,4,2,1,1
202300000896,28,3,2023,18:45,2,1,6,56,56240,2,6,-1,1,1
202300000897,2,5,2023,08:10,1,1,6,93,93029,2,4,2,1,1
202300000898,1,5,2023,10:45,1,1,6,92,92050,2,3,1,1,1
202300000898,1,5,2023,10:45,1,1,6,92,92050,2,3,2,1,1
202300000899,27,3,2023,10:50,1,1,3,76,76517,1,3,2,2,1
202300000899,27,3,2023,10:50,1,1,3,76,76517,1,3,2,1,1
202300000900,29,3,2023,17:00,1,1,2,80,80512,2,3,2,1,1
202300000901,30,4,2023,14:35,1,1,2,78,78401,2,3,2,2,1
202300000902,29,3,2023,07:40,1,1,6,82,82112,2,4,2,1,1
202300000903,30,4,2023,13:45,1,1,6,93,93072,2,3,2,1,1
202300000904,29,11,2023,17:25,5,1,3,06,06085,1,3,1,1,1
202300000905,28,3,2023,15:30,1,1,3,81,81048,1,4,2,2,1
202300000906,30,4,2023,10:00,1,1,6,93,93027,2,4,2,2,1
202300000907,29,11,2023,18:27,5,1,6,31,31254,2,4,2,1,1
202300000908,29,3,2023,17:50,1,1,3,11,11355,1,3,2,4,1
202300000908,29,3,2023,17:50,1,1,3,11,11355,1,3,2,1,1
202300000909,28,4,2023,21:00,5,1,6,72,72181,2,4,-1,1,1
202300000910,28,11,2023,08:55,1,1,1,34,34259,1,3,-1,1,1
202300000911,28,3,2023,20:30,3,1,6,71,71134,1,3,2,1,2
202300000912,27,4,2023,14:20,1,1,6,71,71306,2,4,3,1,1
202300000913,28,3,2023,13:30,1,1,3,55,55166,2,3,2,2,1
202300000913,28,3,2023,13:30,1,1,3,55,55166,2,3,2,2,1
202300000914,26,4,2023,17:10,1,1,6,69,69386,2,4,2,1,1
202300000914,26,4,2023,17:10,1,1,6,69,69386,2,4,2,1,1
202300000915,29,11,2023,07:56,2,1,4,34,34202,1,3,2,1,2
202300000916,23,3,2023,16:40,1,2,7,49,49291,1,3,2,1,2
202300000917,3,2,2023,15:30,1,1,6,972,97209,1,4,2,2,1
202300000918,27,3,2023,07:50,1,1,3,12,12254,1,3,2,2,2
202300000919,29,11,2023,17:30,5,1,3,45,45028,2,3,2,2,1
202300000920,5,5,2023,23:45,5,1,4,974,97416,2,4,1,1,1
202300000921,28,3,2023,08:00,1,1,3,86,86129,1,3,2,2,1
202300000922,28,11,2023,18:15,5,1,3,77,77315,1,3,2,2,1
202300000923,5,5,2023,11:45,1,1,4,974,97411,2,2,1,1,1
202300000924,28,3,2023,17:38,1,1,2,86,86082,1,3,2,1,1
202300000924,28,3,2023,17:38,1,1,2,86,86082,1,3,-1,1,1
202300000925,30,11,2023,18:05,5,1,6,77,77183,2,3,2,1,1
202300000926,28,3,2023,07:40,1,1,3,68,68284,2,4,2,1,1
202300000926,28,3,2023,07:40,1,1,3,68,68284,2,4,3,1,1
202300000927,5,5,2023,18:30,5,1,3,974,97407,1,2,1,1,1
202300000928,30,11,2023,07:35,2,1,6,11,11243,1,3,2,1,1
202300000929,23,3,2023,15:40,1,2,4,44,44129,1,3,2,1,2
202300000930,6,5,2023,00:20,5,1,3,69,69387,2,4,2,1,1
202300000930,6,5,2023,00:20,5,1,3,69,69387,2,4,2,1,1
202300000931,30,11,2023,08:45,1,5,1,13,13013,1,3,2,1,2
202300000932,29,3,2023,13:10,1,1,1,35,35297,1,3,2,4,1
202300000933,29,11,2023,22:10,3,2,2,13,13027,1,3,2,1,2
202300000934,5,5,2023,07:45,1,1,6,69,69388,2,4,2,1,1
202300000935,28,3,2023,12:40,1,1,3,02,02571,1,3,2,1,1
202300000935,28,3,2023,12:40,1,1,3,02,02571,1,3,2,1,1
202300000936,5,5,2023,08:20,1,1,7,971,97101,2,3,2,1,1
202300000937,28,11,2023,07:50,2,1,3,71,71176,2,4,2,1,1
202300000938,28,3,2023,17:45,1,7,1,26,26338,1,3,2,1,1
202300000938,28,3,2023,17:45,1,7,1,26,26338,1,3,2,2,1
202300000939,3,5,2023,12:45,1,1,3,971,97113,2,2,1,1,1
202300000940,28,3,2023,08:25,1,1,6,72,72039,2,4,2,1,1
202300000941,30,11,2023,14:20,1,2,3,38,38565,1,3,2,2,2
202300000942,28,3,2023,21:10,3,1,1,72,72190,1,3,2,2,1
202300000943,5,5,2023,12:54,1,1,6,2A,2A004,2,4,-1,4,1
202300000944,29,3,2023,15:00,1,1,7,06,06150,2,4,2,2,1
202300000945,29,11,2023,17:40,3,1,3,01,01142,2,3,2,1,1
202300000945,29,11,2023,17:40,3,1,3,01,01142,2,3,2,1,1
202300000946,29,3,2023,16:10,1,1,3,06,06079,2,4,2,1,1
202300000947,5,5,2023,22:07,5,1,1,95,95219,2,3,1,1,1
202300000947,5,5,2023,22:07,5,1,1,95,95219,2,3,2,2,1
202300000948,28,11,2023,15:00,1,2,3,01,01043,2,4,2,1,2
202300000949,29,3,2023,07:50,1,1,4,06,06108,2,3,2,1,1
202300000950,5,5,2023,13:20,1,1,3,95,95427,2,3,2,1,1
202300000951,29,3,2023,09:15,1,1,6,14,14177,1,3,2,1,1
202300000952,5,5,2023,12:00,1,1,6,95,95018,2,4,2,1,1
202300000953,30,11,2023,12:30,1,1,2,76,76164,1,3,2,1,1
202300000954,28,3,2023,20:40,3,1,5,09,09332,1,2,1,1,1
202300000955,21,3,2023,02:25,3,1,6,10,10063,1,3,2,1,1
202300000956,29,11,2023,16:30,2,1,4,13,13211,1,1,3,1,1
202300000957,28,3,2023,14:30,1,1,6,16,16287,1,3,2,1,1
202300000958,5,5,2023,08:15,1,2,3,91,91685,1,3,2,1,2
202300000958,5,5,2023,08:15,1,2,3,91,91685,1,3,2,1,2
202300000959,29,11,2023,11:18,1,1,6,83,83035,1,1,2,1,1
202300000960,25,3,2023,11:20,1,1,2,07,07237,1,3,2,1,1
202300000961,26,3,2023,21:10,2,1,6,40,40146,2,3,2,1,1
202300000962,29,11,2023,22:00,3,3,6,33,33075,1,1,3,1,2
202300000963,5,5,2023,20:20,1,1,4,91,91479,2,3,2,1,1
202300000964,25,2,2023,22:49,5,1,6,85,85047,2,6,-1,2,1
202300000965,4,5,2023,16:21,1,1,7,87,87085,2,4,2,2,9
202300000966,29,11,2023,09:58,1,1,2,92,92019,1,2,1,1,1
202300000967,29,3,2023,14:20,1,1,1,27,27286,1,3,2,1,1
202300000968,5,5,2023,12:30,1,1,3,83,83137,2,1,1,1,1
202300000969,28,3,2023,18:20,1,1,2,17,17043,2,3,2,1,1
202300000969,28,3,2023,18:20,1,1,2,17,17043,2,3,2,1,1
202300000970,28,11,2023,22:13,3,1,4,92,92064,1,1,1,4,1
202300000971,4,5,2023,17:30,1,1,6,83,83137,2,4,2,1,1
202300000972,28,3,2023,14:09,1,1,3,17,17346,1,3,2,1,1
202300000972,28,3,2023,14:09,1,1,3,17,17346,1,3,2,1,1
202300000973,29,11,2023,17:28,3,1,3,95,95572,1,1,3,1,1
202300000974,5,5,2023,08:55,1,1,3,82,82121,2,4,3,1,1
202300000974,5,5,2023,08:55,1,1,3,82,82121,2,4,3,1,1
202300000975,29,11,2023,08:45,1,1,2,93,93006,1,1,3,1,1
202300000976,28,3,2023,17:00,1,1,4,17,17091,1,3,2,1,1
202300000977,28,11,2023,03:30,5,8,2,93,93066,1,1,3,2,2
202300000978,28,3,2023,18:00,1,1,1,87,87140,1,3,2,1,1
202300000978,28,3,2023,18:00,1,1,1,87,87140,1,3,2,1,1
202300000979,28,3,2023,18:45,1,1,2,30,30269,2,3,2,1,1
202300000980,29,3,2023,18:20,1,1,3,77,77431,2,3,2,1,1
202300000981,27,9,2023,15:30,1,1,3,74,74012,2,4,1,1,1
202300000981,27,9,2023,15:30,1,1,3,74,74012,2,4,2,1,1
202300000982,24,3,2023,17:30,1,1,6,46,46083,1,1,3,1,1
202300000983,5,5,2023,13:10,1,1,6,77,77014,2,4,-1,1,1
202300000984,27,9,2023,06:30,5,1,2,74,74012,2,4,2,1,1
202300000984,27,9,2023,06:30,5,1,2,74,74012,2,4,2,1,1
202300000985,28,3,2023,18:37,1,1,4,06,06088,1,1,3,1,1
202300000986,5,5,2023,19:00,1,1,3,77,77131,2,3,-1,1,1
202300000987,24,9,2023,18:50,1,1,7,74,74033,2,3,1,1,1
202300000988,29,3,2023,09:00,1,1,3,49,49129,1,1,3,1,1
202300000989,23,3,2023,22:30,3,2,7,51,51168,1,1,3,1,2
202300000990,5,5,2023,08:40,1,1,2,76,76351,2,4,3,1,1
202300000991,28,3,2023,00:40,5,1,1,987,98733,2,2,2,1,1
202300000992,5,9,2023,17:15,1,1,4,74,74056,1,2,3,2,1
202300000993,28,3,2023,10:35,1,1,6,974,97421,2,3,2,2,1
202300000994,4,5,2023,23:30,5,1,2,76,76351,2,4,3,1,1
202300000995,3,9,2023,12:30,1,7,5,74,74275,1,3,2,2,1
202300000996,29,3,2023,08:30,1,3,7,973,97304,1,5,2,1,2
202300000997,6,6,2023,19:30,1,1,6,73,73008,2,4,1,2,1
202300000998,5,5,2023,11:05,1,1,5,74,74012,2,3,2,2,1
202300000999,29,3,2023,03:25,4,1,6,978,97801,2,4,1,1,1
202300000999,29,3,2023,03:25,4,1,6,978,97801,2,4,2,1,1
202300001000,23,11,2023,16:30,1,1,2,976,97611,1,4,2,1,1
202300001001,5,5,2023,19:08,1,1,2,72,72181,2,4,-1,1,1
202300001001,5,5,2023,19:08,1,1,2,72,72181,2,4,-1,1,1
202300001002,29,3,2023,14:50,1,1,1,45,45051,1,3,2,4,1
202300001003,28,11,2023,07:25,1,1,3,974,97416,1,3,-1,1,1
202300001003,28,11,2023,07:25,1,1,3,974,97416,1,3,2,2,1
202300001004,28,3,2023,18:30,1,1,1,13,13109,1,3,2,1,1
202300001005,4,5,2023,23:00,3,1,1,72,72181,2,4,-1,1,1
202300001006,29,3,2023,15:00,1,1,6,52,52432,1,3,2,1,1
202300001007,28,11,2023,10:20,1,1,3,974,97416,1,3,2,2,1
202300001008,27,3,2023,10:30,1,1,3,26,26179,1,3,2,1,1
202300001009,4,5,2023,17:50,1,1,2,71,71153,2,4,2,1,1
202300001010,28,11,2023,05:30,1,1,6,974,97409,2,2,1,1,1
202300001010,28,11,2023,05:30,1,1,6,974,97409,2,2,2,1,1
202300001011,28,3,2023,08:15,2,1,3,69,69140,2,3,2,2,1
202300001011,28,3,2023,08:15,2,1,3,69,69140,2,3,2,1,1
202300001012,28,11,2023,11:30,1,1,7,972,97213,2,2,2,2,1
202300001013,29,3,2023,10:45,1,1,6,33,33383,1,3,2,1,1
202300001014,27,11,2023,11:50,1,1,6,972,97209,2,4,2,1,1
202300001015,27,3,2023,19:55,1,1,7,85,85118,1,3,3,1,1
202300001016,5,5,2023,20:56,1,1,1,69,69266,2,4,2,2,1
202300001017,28,3,2023,08:15,1,1,3,60,60157,2,3,2,1,1
202300001018,5,5,2023,12:40,1,1,2,69,69290,2,4,2,1,1
202300001019,28,11,2023,18:58,5,6,3,2B,2B033,2,2,1,1,1
202300001019,28,11,2023,18:58,5,6,3,2B,2B033,2,2,2,1,1
202300001020,27,3,2023,14:28,1,1,1,59,59452,2,4,2,1,1
202300001021,28,11,2023,08:35,1,1,6,2B,2B037,1,2,1,1,1
202300001022,5,5,2023,08:00,1,1,3,69,69276,2,4,2,1,1
202300001022,5,5,2023,08:00,1,1,3,69,69276,2,4,2,1,1
202300001023,28,3,2023,17:30,1,1,2,13,13033,1,1,-1,1,1
202300001024,28,11,2023,09:40,1,1,6,2B,2B033,2,4,2,1,1
202300001025,28,3,2023,09:25,1,1,2,13,13210,1,1,1,1,1
202300001026,5,5,2023,05:45,2,1,3,67,67482,2,4,2,1,1
202300001026,5,5,2023,05:45,2,1,3,67,67482,2,4,2,2,1
202300001027,28,11,2023,17:50,3,8,3,971,97113,1,2,3,1,2
202300001028,27,3,2023,08:50,1,6,3,13,13215,2,1,-1,2,1
202300001028,27,3,2023,08:50,1,6,3,13,13215,2,1,1,2,1
202300001029,28,11,2023,14:00,1,2,1,971,97101,1,3,1,1,2
202300001030,5,5,2023,14:56,1,1,2,64,64335,2,4,2,1,1
202300001031,27,3,2023,09:30,1,1,4,83,83137,1,1,3,1,1
202300001032,28,11,2023,07:00,1,1,3,971,97101,2,3,3,1,1
202300001033,28,3,2023,08:00,1,1,2,33,33550,1,1,3,1,1
202300001034,4,5,2023,18:50,1,1,6,60,60175,2,4,2,1,1
202300001035,28,11,2023,09:30,1,2,7,90,90010,2,4,2,1,2
202300001035,28,11,2023,09:30,1,2,7,90,90010,2,4,-1,1,2
202300001036,27,3,2023,08:35,1,1,2,33,33039,1,2,3,1,2
202300001037,5,5,2023,13:45,1,1,6,60,60057,2,4,-1,1,1
202300001038,27,11,2023,18:00,1,1,6,84,84007,2,4,-1,1,1
202300001039,27,3,2023,06:30,5,2,3,33,33318,1,1,3,1,2
202300001040,5,5,2023,21:30,2,1,6,59,59350,2,4,2,1,1
202300001041,27,11,2023,13:00,1,1,6,84,84007,2,4,3,1,1
202300001042,28,3,2023,08:00,1,1,2,91,91661,1,1,3,1,1
202300001043,28,3,2023,08:56,1,1,3,92,92050,1,1,-1,1,1
202300001044,26,11,2023,15:15,1,1,1,84,84007,2,4,2,1,1
202300001044,26,11,2023,15:15,1,1,1,84,84007,2,4,3,1,1
202300001045,5,5,2023,09:10,1,1,3,59,59378,1,4,2,1,1
202300001045,5,5,2023,09:10,1,1,3,59,59378,1,4,2,1,1
202300001046,27,3,2023,09:50,1,1,4,95,95582,1,1,3,1,1
202300001047,23,11,2023,09:45,1,1,6,83,83129,2,4,1,1,1
202300001048,4,5,2023,16:00,1,1,3,57,57672,2,4,3,1,1
202300001049,15,10,2023,11:10,1,7,6,80,80001,2,4,2,4,1
202300001050,28,3,2023,08:30,1,1,3,94,94015,1,1,3,1,1
202300001051,6,6,2023,15:30,1,1,3,50,50129,2,3,2,1,1
202300001051,6,6,2023,15:30,1,1,3,50,50129,2,3,3,1,1
202300001052,5,5,2023,08:12,1,1,3,57,57463,2,4,2,1,1
202300001053,27,3,2023,23:29,3,1,6,94,94028,1,2,-1,1,1
202300001054,10,6,2023,00:30,3,3,6,49,49246,1,1,3,1,2
202300001055,4,5,2023,13:15,1,1,3,54,54395,2,4,2,1,1
202300001055,4,5,2023,13:15,1,1,3,54,54395,2,4,1,1,1
202300001056,27,3,2023,11:45,1,1,2,77,77363,1,1,3,1,1
202300001057,27,3,2023,02:00,3,1,7,77,77059,1,1,-1,1,1
202300001058,28,11,2023,06:15,5,2,6,77,77438,2,4,3,1,2
202300001059,4,5,2023,10:20,1,1,3,52,52121,2,4,2,1,1
202300001059,4,5,2023,10:20,1,1,3,52,52121,2,4,2,2,1
202300001060,26,11,2023,20:55,3,2,3,77,77186,1,3,2,1,2
202300001061,8,1,2023,10:00,1,2,6,74,74048,2,3,2,1,2
202300001061,8,1,2023,10:00,1,2,6,74,74048,2,3,2,2,2
202300001062,9,6,2023,05:31,4,2,2,44,44055,2,4,1,1,2
202300001062,9,6,2023,05:31,4,2,2,44,44055,2,4,2,1,2
202300001063,5,5,2023,11:00,1,2,3,51,51454,2,4,2,2,2
202300001063,5,5,2023,11:00,1,2,3,51,51454,2,4,1,1,2
202300001064,28,11,2023,08:29,1,1,6,76,76540,2,4,1,1,1
202300001064,28,11,2023,08:29,1,1,6,76,76540,2,4,2,4,1
202300001065,9,6,2023,14:45,1,1,3,35,35055,2,4,2,1,1
202300001066,25,3,2023,07:40,1,1,2,75,75119,2,4,1,1,1
202300001067,5,5,2023,16:16,1,1,3,49,49267,2,4,2,1,1
202300001068,5,5,2023,05:13,5,1,7,49,49007,2,4,1,1,1
202300001069,27,11,2023,13:40,1,3,3,76,76351,2,4,1,2,2
202300001069,27,11,2023,13:40,1,3,3,76,76351,2,4,2,1,2
202300001070,4,5,2023,14:20,1,1,7,49,49007,2,4,2,1,1
202300001071,27,3,2023,18:00,2,1,3,75,75117,2,4,1,2,1
202300001071,27,3,2023,18:00,2,1,3,75,75117,2,4,2,1,1
202300001072,9,6,2023,14:06,1,1,2,35,35238,1,2,3,1,1
202300001073,27,11,2023,17:00,2,3,6,76,76351,2,4,2,1,2
202300001074,9,6,2023,07:40,1,2,3,35,35278,2,4,1,1,2
202300001075,27,3,2023,10:00,1,7,6,75,75116,2,4,1,1,1
202300001076,5,5,2023,12:59,1,1,2,47,47031,2,3,3,1,1
202300001076,5,5,2023,12:59,1,1,2,47,47031,2,3,2,1,1
202300001077,27,11,2023,12:15,1,2,3,76,76351,1,4,2,1,2
202300001077,27,11,2023,12:15,1,2,3,76,76351,1,4,2,1,2
202300001078,7,6,2023,03:50,3,1,1,34,34301,1,4,2,1,1
202300001079,5,5,2023,07:50,1,3,3,45,45234,2,4,3,1,2
202300001079,5,5,2023,07:50,1,3,3,45,45234,2,4,2,1,2
202300001080,28,11,2023,07:55,2,2,3,72,72181,1,4,2,1,2
202300001081,27,3,2023,13:18,1,1,3,75,75114,2,4,1,1,1
202300001081,27,3,2023,13:18,1,1,3,75,75114,2,4,2,1,1
202300001082,27,11,2023,07:45,5,2,6,72,72181,2,4,2,1,2
202300001083,9,6,2023,06:45,1,1,3,33,33522,2,4,2,1,1
202300001083,9,6,2023,06:45,1,1,3,33,33522,2,4,2,1,1
202300001084,9,6,2023,08:08,1,1,3,31,31555,1,1,1,2,1
202300001085,28,11,2023,07:30,4,2,6,70,70550,2,3,2,1,2
202300001085,28,11,2023,07:30,4,2,6,70,70550,2,3,2,1,2
202300001086,5,5,2023,12:02,1,1,6,38,38053,2,4,1,1,1
202300001086,5,5,2023,12:02,1,1,6,38,38053,2,4,1,1,1
202300001087,27,3,2023,16:05,1,1,6,75,75112,2,4,2,1,1
202300001087,27,3,2023,16:05,1,1,6,75,75112,2,4,1,1,1
202300001088,9,6,2023,08:54,1,1,6,29,29019,2,4,-1,1,1
202300001089,27,11,2023,15:00,1,2,6,69,69290,2,7,2,1,2
202300001090,5,5,2023,13:35,1,8,6,37,37122,2,4,2,1,1
202300001091,9,6,2023,17:40,1,1,7,28,28134,2,4,-1,1,1
202300001092,27,3,2023,12:50,1,1,3,75,75112,2,4,2,1,1
202300001093,27,11,2023,10:00,1,2,4,69,69259,2,7,3,1,2
202300001094,5,5,2023,06:15,4,3,2,37,37261,2,4,2,2,2
202300001095,27,11,2023,19:30,5,2,1,67,67482,2,4,2,1,2
202300001096,4,5,2023,11:15,1,7,2,33,33063,2,4,2,1,1
202300001096,4,5,2023,11:15,1,7,2,33,33063,2,4,2,1,1
202300001097,9,6,2023,10:50,1,1,2,25,25462,2,4,2,1,1
202300001098,27,3,2023,00:15,5,1,2,75,75112,2,4,2,1,1
202300001098,27,3,2023,00:15,5,1,2,75,75112,2,4,2,1,1
202300001099,25,11,2023,11:55,1,1,2,66,66136,2,4,2,1,1
202300001100,9,6,2023,11:45,1,1,2,25,25056,2,4,3,1,1
202300001101,5,5,2023,17:02,1,1,6,31,31555,2,4,1,1,1
202300001102,27,3,2023,16:45,1,1,3,75,75111,2,4,2,1,1
202300001103,28,11,2023,07:45,2,1,2,64,64348,1,3,2,1,2
202300001103,28,11,2023,07:45,2,1,2,64,64348,1,3,2,1,1
202300001104,9,6,2023,02:00,5,1,6,25,25056,2,4,1,2,1
202300001105,5,5,2023,15:30,1,1,3,31,31555,2,4,2,1,1
202300001106,28,11,2023,10:45,1,1,2,64,64024,2,3,2,1,2
202300001107,27,3,2023,18:45,1,1,6,75,75103,2,4,1,1,1
202300001107,27,3,2023,18:45,1,1,6,75,75103,2,4,1,1,1
202300001108,4,5,2023,13:10,1,1,6,31,31555,2,4,2,1,1
202300001109,27,11,2023,16:05,1,8,6,64,64102,2,4,1,1,3
202300001110,9,6,2023,17:35,1,3,7,22,22278,2,4,2,1,2
202300001111,28,4,2023,06:00,1,1,1,30,30189,1,4,2,2,1
202300001112,27,3,2023,12:16,1,1,2,75,75103,2,4,1,1,1
202300001112,27,3,2023,12:16,1,1,2,75,75103,2,4,2,1,1
202300001113,28,11,2023,11:00,1,1,3,62,62525,2,4,2,1,1
202300001114,9,6,2023,09:40,1,2,2,22,22278,2,4,2,1,2
202300001115,17,4,2023,07:30,1,1,3,30,30075,1,3,2,1,1
202300001116,27,11,2023,17:40,5,3,6,59,59599,2,4,-1,1,2
202300001117,8,6,2023,10:48,1,1,6,19,19031,2,4,2,1,1
202300001118,27,3,2023,16:40,1,1,3,94,94081,2,3,3,1,1
202300001118,27,3,2023,16:40,1,1,3,94,94081,2,3,2,2,1
202300001119,9,6,2023,19:50,2,2,7,15,15014,1,2,2,1,2
202300001120,28,11,2023,17:40,5,2,2,59,59033,2,3,2,1,2
202300001121,27,3,2023,17:35,1,1,3,94,94067,2,3,1,1,1
202300001121,27,3,2023,17:35,1,1,3,94,94067,2,3,3,1,1
202300001122,5,5,2023,21:45,3,2,2,29,29039,2,4,1,1,2
202300001122,5,5,2023,21:45,3,2,2,29,29039,2,4,2,2,2
202300001123,9,6,2023,09:30,1,1,1,13,13215,2,4,2,1,1
202300001124,27,11,2023,08:40,1,2,3,59,59286,2,7,1,1,2
202300001124,27,11,2023,08:40,1,2,3,59,59286,2,7,2,1,2
202300001125,27,3,2023,08:56,1,1,3,94,94041,2,4,2,1,1
202300001125,27,3,2023,08:56,1,1,3,94,94041,2,4,2,1,1
202300001126,5,5,2023,22:00,5,1,3,29,29019,2,4,2,1,1
202300001126,5,5,2023,22:00,5,1,3,29,29019,2,4,2,2,1
202300001127,9,6,2023,19:15,1,1,3,13,13001,2,4,1,1,1
202300001128,26,11,2023,18:15,5,1,6,57,57757,2,3,2,1,1
202300001128,26,11,2023,18:15,5,1,6,57,57757,2,3,3,1,1
202300001129,27,3,2023,19:15,1,1,6,94,94028,2,4,2,1,1
202300001130,19,11,2023,10:45,1,1,6,55,55545,2,4,2,1,1
202300001131,8,6,2023,09:21,1,1,3,10,10387,2,4,2,1,1
202300001131,8,6,2023,09:21,1,1,3,10,10387,2,4,-1,1,1
202300001132,27,3,2023,20:00,2,1,1,93,93073,2,4,2,1,1
202300001133,4,5,2023,17:40,1,1,2,28,28404,1,2,3,1,1
202300001134,8,6,2023,17:40,1,1,6,07,07281,2,4,1,1,1
202300001135,12,11,2023,06:30,2,1,3,55,55545,2,4,2,1,1
202300001136,27,3,2023,18:44,1,1,3,93,93066,2,3,2,1,1
202300001137,4,5,2023,09:00,1,1,2,27,27234,1,4,1,2,1
202300001138,23,10,2023,16:40,2,1,3,55,55545,2,4,2,1,1
202300001139,9,6,2023,13:45,1,1,3,06,06088,2,4,1,1,1
202300001139,9,6,2023,13:45,1,1,3,06,06088,2,4,1,1,1
202300001140,27,3,2023,15:20,1,1,1,93,93049,2,4,1,1,1
202300001141,3,5,2023,17:07,1,1,6,27,27229,2,4,2,1,1
202300001142,19,12,2023,16:27,1,2,1,22,22187,2,4,2,1,2
202300001143,9,6,2023,06:45,1,1,4,06,06123,2,7,2,1,1
202300001144,27,11,2023,10:45,1,2,3,51,51454,2,4,2,2,2
202300001144,27,11,2023,10:45,1,2,3,51,51454,2,4,1,1,2
202300001145,27,3,2023,14:45,1,1,2,93,93050,2,3,3,1,1
202300001145,27,3,2023,14:45,1,1,2,93,93050,2,3,2,1,1
202300001146,6,6,2023,13:15,1,1,6,03,03101,2,4,2,1,1
202300001147,27,3,2023,16:42,1,1,6,93,93079,2,3,2,1,1
202300001148,27,11,2023,07:45,3,2,2,51,51573,2,4,2,1,2
202300001148,27,11,2023,07:45,3,2,2,51,51573,2,4,2,1,2
202300001149,8,6,2023,13:35,1,1,3,02,02722,1,2,1,4,1