id_accident,jour,mois,annee,heure_minute,luminosite,meteo,type_collision,departement,commune,agglomeration,categorie_route,regime_circulation,profil_route,etat_surface
202300001149,8,6,2023,13:35,1,1,3,02,02722,1,2,-1,1,1
202300001150,25,12,2023,11:40,1,1,5,976,97607,1,2,2,1,1
202300001151,27,3,2023,08:10,1,1,3,92,92072,2,3,2,1,1
202300001152,28,11,2023,08:20,1,1,3,49,49267,2,1,3,1,2
202300001153,5,5,2023,09:50,1,1,7,22,22278,2,9,2,1,2
202300001154,27,3,2023,10:33,1,1,6,92,92020,2,4,2,1,1
202300001155,9,6,2023,18:30,1,1,3,75,75117,2,4,1,1,1
202300001156,19,12,2023,16:45,1,1,1,976,97607,1,2,2,1,1
202300001157,27,11,2023,09:38,1,2,1,49,49007,2,4,2,1,2
202300001158,9,6,2023,10:30,1,1,7,75,75114,2,4,1,1,1
202300001159,27,3,2023,17:15,1,8,6,92,92035,2,3,3,1,1
202300001160,5,5,2023,08:50,1,1,6,22,22278,2,4,1,1,1
202300001161,25,8,2023,19:15,3,1,6,976,97611,2,4,2,3,1
202300001162,27,3,2023,08:30,1,1,6,92,92026,2,4,1,1,1
202300001163,28,11,2023,13:15,1,1,3,47,47001,2,3,2,1,1
202300001163,28,11,2023,13:15,1,1,3,47,47001,2,3,2,1,1
202300001164,8,6,2023,21:15,5,1,2,75,75110,2,4,-1,1,1
202300001164,8,6,2023,21:15,5,1,2,75,75110,2,4,2,1,1
202300001165,2,6,2023,06:10,2,1,6,976,97611,2,5,-1,1,1
202300001166,5,5,2023,22:30,5,1,3,18,18033,2,4,2,1,1
202300001166,5,5,2023,22:30,5,1,3,18,18033,2,4,2,1,1
202300001167,26,3,2023,19:00,1,2,6,92,92004,2,4,1,1,2
202300001168,27,11,2023,12:03,1,3,2,45,45004,2,3,2,1,2
202300001169,27,5,2023,18:05,5,1,6,976,97611,2,2,2,1,1
202300001170,9,6,2023,20:45,2,1,3,75,75105,2,4,-1,1,1
202300001170,9,6,2023,20:45,2,1,3,75,75105,2,4,2,1,1
202300001171,27,3,2023,06:20,5,1,6,92,92002,2,4,2,1,1
202300001172,5,5,2023,20:05,1,1,3,17,17333,2,4,2,4,1
202300001172,5,5,2023,20:05,1,1,3,17,17333,2,4,1,1,1
202300001173,13,2,2023,16:30,1,7,6,976,97611,2,2,-1,2,1
202300001174,28,11,2023,08:25,2,2,2,38,38158,2,2,1,1,2
202300001175,9,6,2023,18:20,1,1,2,75,75106,2,4,2,1,1
202300001176,27,3,2023,17:15,1,8,7,67,67273,1,3,2,1,1
202300001177,25,12,2023,19:00,3,1,6,88,88209,2,4,2,1,2
202300001178,2,5,2023,17:20,1,1,2,15,15014,1,2,2,1,1
202300001179,27,3,2023,23:35,3,1,6,22,22067,1,2,3,1,1
202300001180,9,6,2023,12:20,1,1,3,75,75119,2,4,-1,2,1
202300001180,9,6,2023,12:20,1,1,3,75,75119,2,4,-1,1,1
202300001181,11,12,2023,17:30,5,1,1,88,88486,1,3,2,1,1
202300001181,11,12,2023,17:30,5,1,1,88,88486,1,3,2,1,1
202300001182,24,4,2023,01:00,3,1,1,13,13108,1,3,2,1,1
202300001183,28,11,2023,17:45,5,8,4,37,37261,2,4,2,4,1
202300001184,9,6,2023,20:45,1,1,6,75,75117,2,4,1,1,1
202300001184,9,6,2023,20:45,1,1,6,75,75117,2,4,-1,1,1
202300001185,4,5,2023,23:44,5,1,6,10,10387,2,4,1,1,1
202300001186,9,6,2023,03:40,5,1,2,75,75117,2,4,2,2,1
202300001186,9,6,2023,03:40,5,1,2,75,75117,2,4,-1,1,1
202300001187,27,11,2023,17:30,4,2,6,37,37261,2,4,1,1,2
202300001188,20,7,2023,14:05,1,1,3,91,91689,2,4,-1,1,1
202300001188,20,7,2023,14:05,1,1,3,91,91689,2,4,2,1,1
202300001189,4,5,2023,12:21,1,1,2,10,10357,2,3,2,1,1
202300001190,25,3,2023,19:28,3,1,3,62,62362,1,3,2,1,1
202300001191,11,7,2023,16:10,1,1,1,91,91044,2,3,3,2,1
202300001192,28,11,2023,19:00,5,2,6,35,35115,2,4,2,1,2
202300001193,9,6,2023,16:45,1,1,2,75,75116,2,4,-1,1,1
202300001193,9,6,2023,16:45,1,1,2,75,75116,2,4,1,2,1
202300001194,5,5,2023,13:15,1,1,6,06,06088,2,7,3,1,1
202300001195,27,3,2023,07:57,2,1,7,51,51264,1,3,2,1,1
202300001196,9,10,2023,18:57,2,1,6,28,28092,1,1,3,1,1
202300001197,28,11,2023,14:15,1,1,3,34,34172,2,4,2,1,1
202300001198,9,6,2023,11:00,1,1,3,75,75116,2,4,1,1,1
202300001198,9,6,2023,11:00,1,1,3,75,75116,2,4,-1,1,1
202300001199,16,12,2023,15:29,1,1,6,12,12145,2,4,2,4,1
202300001200,27,3,2023,17:50,1,1,1,31,31150,2,7,2,2,1
202300001201,28,11,2023,22:50,5,1,3,33,33063,2,4,2,1,1
202300001202,9,6,2023,11:30,1,1,6,75,75115,2,4,2,1,1
202300001202,9,6,2023,11:30,1,1,6,75,75115,2,4,-1,1,1
202300001203,24,12,2023,06:40,2,1,3,32,32123,1,3,2,1,1
202300001204,28,3,2023,17:00,1,1,2,72,72241,2,3,2,2,1
202300001205,9,6,2023,10:30,1,1,6,75,75114,2,4,2,1,1
202300001206,28,11,2023,18:30,5,1,3,33,33063,2,4,2,1,1
202300001206,28,11,2023,18:30,5,1,3,33,33063,2,4,2,1,1
202300001207,28,3,2023,13:10,1,1,6,05,05156,2,3,2,1,1
202300001208,13,12,2023,16:15,1,2,6,14,14540,1,4,-1,1,2
202300001209,9,6,2023,20:10,1,1,3,75,75112,2,4,2,2,1
202300001210,10,2,2023,11:40,1,1,6,73,73043,2,4,2,1,1
202300001211,21,12,2023,17:15,5,1,6,74,74010,2,4,2,1,2
202300001212,28,11,2023,15:30,1,1,2,33,33063,2,4,2,1,1
202300001212,28,11,2023,15:30,1,1,2,33,33063,2,4,2,1,1
202300001213,9,6,2023,10:30,1,1,3,75,75112,2,4,1,3,1
202300001213,9,6,2023,10:30,1,1,3,75,75112,2,4,1,2,1
202300001214,11,11,2023,03:00,3,2,7,14,14726,1,3,2,1,2
202300001215,28,3,2023,10:40,1,1,1,24,24520,1,3,2,2,1
202300001216,28,11,2023,10:50,1,1,3,33,33119,2,4,2,1,1
202300001216,28,11,2023,10:50,1,1,3,33,33119,2,4,2,1,1
202300001217,9,6,2023,22:38,5,1,3,75,75111,2,4,1,1,1
202300001217,9,6,2023,22:38,5,1,3,75,75111,2,4,-1,1,1
202300001218,22,9,2023,14:00,1,2,3,52,52461,2,3,2,1,2
202300001218,22,9,2023,14:00,1,2,3,52,52461,2,3,2,1,2
202300001219,27,3,2023,11:40,1,2,1,38,38053,1,3,1,2,2
202300001219,27,3,2023,11:40,1,2,1,38,38053,1,3,2,1,2
202300001220,28,11,2023,20:00,5,1,6,31,31555,2,4,1,1,1
202300001221,9,6,2023,15:00,1,1,3,75,75111,2,4,2,1,1
202300001221,9,6,2023,15:00,1,1,3,75,75111,2,4,-1,1,1
202300001222,28,9,2023,23:56,4,1,2,972,97207,1,2,1,1,1
202300001223,27,3,2023,12:15,1,1,3,974,97422,1,2,2,1,1
202300001224,27,11,2023,17:20,2,2,6,31,31555,2,4,2,1,2
202300001225,9,6,2023,12:20,1,1,3,75,75111,2,4,-1,1,1
202300001225,9,6,2023,12:20,1,1,3,75,75111,2,4,1,1,1
202300001226,18,9,2023,13:58,1,1,2,972,97213,1,3,-1,1,1
202300001227,27,3,2023,10:30,1,1,1,28,28055,1,3,2,4,1
202300001227,27,3,2023,10:30,1,1,1,28,28055,1,3,2,1,1
202300001228,7,11,2023,10:52,1,1,6,30,30189,2,4,1,1,1
202300001228,7,11,2023,10:52,1,1,6,30,30189,2,4,1,1,1
202300001229,9,6,2023,09:05,1,7,3,75,75111,2,4,1,1,1
202300001230,28,3,2023,11:45,1,1,3,2A,2A247,2,3,2,1,1
202300001230,28,3,2023,11:45,1,1,3,2A,2A247,2,3,2,1,1
202300001231,15,9,2023,07:35,1,1,4,972,97213,1,1,1,1,1
202300001232,28,11,2023,18:05,3,1,3,29,29019,2,4,2,1,1
202300001232,28,11,2023,18:05,3,1,3,29,29019,2,4,3,1,1
202300001233,28,3,2023,16:30,1,7,6,83,83077,2,3,2,1,1
202300001234,9,6,2023,14:15,1,1,3,75,75108,2,4,1,1,1
202300001234,9,6,2023,14:15,1,1,3,75,75108,2,4,2,3,1
202300001235,27,11,2023,17:55,5,2,3,28,28209,2,4,2,2,2
202300001236,29,10,2023,12:00,1,2,1,972,97213,1,3,2,1,2
202300001237,27,3,2023,14:48,1,1,7,70,70262,1,2,2,2,1
202300001238,9,6,2023,15:30,1,1,3,94,94081,2,3,1,1,1
202300001239,26,3,2023,10:00,1,1,6,33,33179,2,3,2,1,1
202300001240,23,10,2023,17:50,5,1,1,972,97213,1,4,-1,1,1
202300001241,27,11,2023,17:45,3,2,6,28,28218,2,6,-1,1,2
202300001242,8,6,2023,04:15,5,1,2,94,94017,2,3,2,1,1
202300001242,8,6,2023,04:15,5,1,2,94,94017,2,3,1,1,1
202300001243,28,3,2023,04:30,3,1,6,33,33014,1,3,2,1,1
202300001244,22,10,2023,07:07,1,2,6,972,97213,1,3,2,2,2
202300001245,6,6,2023,11:30,1,1,3,94,94052,2,4,1,1,1
202300001246,28,11,2023,08:44,1,1,1,27,27229,2,4,3,1,2
202300001247,27,3,2023,22:53,3,1,1,33,33439,1,3,2,2,1
202300001248,10,10,2023,18:40,5,1,2,972,97213,1,3,1,1,1
202300001249,27,11,2023,07:45,5,3,6,22,22113,2,3,2,1,2
202300001250,9,6,2023,11:30,1,1,2,94,94043,2,4,1,1,1
202300001251,28,3,2023,08:30,1,7,3,33,33051,2,3,3,1,1
202300001252,5,4,2023,12:35,1,1,2,13,13055,1,1,3,1,1
202300001253,27,3,2023,17:20,1,1,6,56,56206,2,4,2,1,1
202300001254,28,11,2023,21:10,5,1,3,13,13204,2,4,1,1,1
202300001254,28,11,2023,21:10,5,1,3,13,13204,2,4,3,1,1
202300001255,9,6,2023,20:46,1,1,7,94,94073,2,3,2,1,1
202300001256,13,11,2023,10:30,1,1,2,32,32151,1,3,2,1,1
202300001257,28,11,2023,19:45,5,1,6,13,13208,2,4,1,1,1
202300001258,22,9,2023,19:40,1,9,6,92,92040,2,3,-1,1,1
202300001259,27,3,2023,11:00,1,1,4,60,60282,2,3,2,2,1
202300001259,27,3,2023,11:00,1,1,4,60,60282,2,3,2,1,1
202300001260,28,11,2023,16:00,1,1,1,13,13209,2,4,2,1,1
202300001261,9,6,2023,18:05,1,1,5,94,94028,2,3,3,1,1
202300001261,9,6,2023,18:05,1,1,5,94,94028,2,3,2,1,1
202300001262,1,6,2023,07:50,1,1,1,77,77129,1,3,2,2,1
202300001263,25,3,2023,09:00,1,1,2,57,57146,1,1,3,1,2
202300001264,28,11,2023,08:55,1,1,2,13,13214,2,4,2,1,1
202300001265,9,6,2023,16:57,1,1,3,94,94011,2,6,-1,1,1
202300001266,27,3,2023,11:20,1,1,3,33,33550,1,1,3,1,1
202300001267,5,11,2023,19:35,5,1,2,78,78126,1,1,3,1,1
202300001268,24,3,2023,17:33,1,1,6,59,59462,1,1,-1,1,1
202300001269,8,6,2023,18:05,1,1,6,94,94028,2,3,3,1,1
202300001270,18,11,2023,15:55,1,1,3,12,12145,2,4,2,1,1
202300001270,18,11,2023,15:55,1,1,3,12,12145,2,4,2,2,1
202300001271,27,11,2023,10:35,1,2,6,14,14040,1,3,2,2,2
202300001272,27,3,2023,07:29,2,1,2,94,94021,1,1,1,1,1
202300001273,23,11,2023,14:50,1,8,7,10,10387,2,4,2,1,1
202300001274,8,6,2023,23:00,5,1,6,93,93078,2,3,2,1,1
202300001274,8,6,2023,23:00,5,1,6,93,93078,2,3,1,1,1
202300001275,24,12,2023,08:25,1,8,6,93,93066,2,4,2,1,1
202300001276,27,3,2023,02:24,3,1,6,91,91661,1,1,-1,1,1
202300001277,28,11,2023,15:00,1,1,3,75,75112,2,4,1,1,1
202300001278,16,12,2023,18:20,3,1,7,67,67053,1,3,2,1,1
202300001279,9,6,2023,08:30,1,1,3,93,93070,2,3,3,1,1
202300001279,9,6,2023,08:30,1,1,3,93,93070,2,3,2,1,1
202300001280,27,11,2023,19:10,5,2,7,75,75118,2,4,1,1,2
202300001281,28,12,2023,21:55,4,1,5,60,60290,2,4,2,1,1
202300001282,27,3,2023,10:00,1,1,4,92,92023,1,2,-1,2,1
202300001283,9,6,2023,09:50,1,1,1,93,93066,2,4,2,1,1
202300001283,9,6,2023,09:50,1,1,1,93,93066,2,4,2,1,1
202300001284,1,1,2023,17:00,2,1,7,59,59112,1,9,-1,1,-1
202300001285,27,3,2023,02:00,5,1,1,92,92051,1,2,1,1,1
202300001286,28,11,2023,20:50,5,1,6,75,75119,2,4,1,1,1
202300001286,28,11,2023,20:50,5,1,6,75,75119,2,4,1,1,1
202300001287,9,6,2023,07:05,1,1,3,93,93066,2,3,2,1,1
202300001287,9,6,2023,07:05,1,1,3,93,93066,2,3,2,1,1
202300001288,23,11,2023,17:55,3,1,1,43,43177,1,3,2,2,1
202300001288,23,11,2023,17:55,3,1,1,43,43177,1,3,2,1,1
202300001289,28,11,2023,12:00,1,8,6,75,75118,2,4,1,1,2
202300001289,28,11,2023,12:00,1,8,6,75,75118,2,4,1,1,2
202300001290,9,6,2023,03:20,3,1,6,93,93066,2,3,3,1,1
202300001291,26,3,2023,17:00,1,1,4,92,92062,1,2,1,1,1
202300001292,3,11,2023,11:10,1,2,1,13,13078,1,5,2,1,2
202300001293,9,6,2023,23:30,5,1,6,93,93064,2,4,1,1,1
202300001294,26,3,2023,19:00,1,1,2,93,93053,1,1,3,1,1
202300001295,28,11,2023,20:05,5,1,5,75,75117,2,4,1,1,1
202300001295,28,11,2023,20:05,5,1,5,75,75117,2,4,2,1,1
202300001296,8,6,2023,18:25,1,1,3,93,93053,2,3,1,1,1
202300001296,8,6,2023,18:25,1,1,3,93,93053,2,3,1,1,1
202300001297,26,3,2023,05:00,3,2,6,95,95572,1,1,3,2,2
202300001298,26,11,2023,18:50,3,1,4,13,13103,2,1,3,2,1
202300001299,28,11,2023,18:15,5,1,3,75,75117,2,4,1,1,1
202300001299,28,11,2023,18:15,5,1,3,75,75117,2,4,2,1,1
202300001300,9,6,2023,16:13,1,7,2,93,93047,2,4,2,2,1
202300001301,29,11,2023,16:50,1,1,6,16,16028,2,6,-1,1,1
202300001302,24,3,2023,16:30,1,1,4,93,93007,1,1,3,1,1
202300001303,28,11,2023,10:45,1,1,3,75,75116,2,4,1,1,1
202300001303,28,11,2023,10:45,1,1,3,75,75116,2,4,1,1,1
202300001304,9,6,2023,09:15,1,1,3,93,93047,2,4,2,1,1
202300001305,20,3,2023,14:00,1,1,6,16,16070,1,3,2,1,1
202300001306,26,3,2023,06:25,5,2,6,62,62737,2,3,2,2,2
202300001307,28,11,2023,11:55,1,1,6,75,75116,2,4,2,1,1
202300001308,9,6,2023,01:10,5,1,6,93,93057,2,4,1,1,1
202300001309,24,11,2023,09:15,1,1,6,14,14250,1,3,2,1,1
202300001310,25,3,2023,17:15,1,2,7,974,97411,1,2,3,4,2
202300001311,9,6,2023,16:00,1,1,3,93,93030,2,3,3,1,1
202300001311,9,6,2023,16:00,1,1,3,93,93030,2,3,2,1,1
202300001312,27,11,2023,08:52,1,1,3,75,75116,2,4,2,1,1
202300001313,26,3,2023,21:00,5,1,2,973,97302,2,4,2,1,1
202300001314,24,12,2023,01:35,3,1,1,74,74014,2,3,2,1,2
202300001315,9,6,2023,03:10,5,1,6,93,93046,2,4,1,2,1
202300001316,9,6,2023,08:20,1,1,1,92,92046,2,3,2,1,1
202300001317,28,11,2023,18:50,5,1,3,75,75114,2,4,1,1,1
202300001317,28,11,2023,18:50,5,1,3,75,75114,2,4,1,1,1
202300001318,26,12,2023,08:35,3,8,3,29,29069,1,3,2,2,2
202300001318,26,12,2023,08:35,3,8,3,29,29069,1,3,2,2,1
202300001319,26,3,2023,03:55,5,2,4,69,69387,2,4,2,1,2
202300001320,9,6,2023,11:55,1,1,6,92,92072,2,4,2,2,1
202300001321,27,11,2023,17:50,5,2,6,75,75114,2,4,2,1,2
202300001322,6,7,2023,11:20,1,1,2,67,67482,1,7,1,1,1
202300001323,9,6,2023,10:25,1,1,6,92,92050,2,3,3,1,1
202300001324,26,3,2023,19:15,1,8,3,91,91589,2,4,2,1,1
202300001324,26,3,2023,19:15,1,8,3,91,91589,2,4,2,1,1
202300001325,27,11,2023,12:50,1,2,6,75,75114,2,4,2,1,2
202300001325,27,11,2023,12:50,1,2,6,75,75114,2,4,1,1,2
202300001326,25,3,2023,20:40,4,1,7,71,71540,1,3,2,1,1
202300001327,29,11,2023,17:44,2,1,6,78,78646,2,4,1,1,1
202300001327,29,11,2023,17:44,2,1,6,78,78646,2,4,2,1,1
202300001328,8,6,2023,13:30,1,1,3,92,92050,2,4,1,1,1
202300001328,8,6,2023,13:30,1,1,3,92,92050,2,4,1,2,1
202300001329,28,11,2023,16:10,1,1,6,75,75112,2,4,1,1,1
202300001329,28,11,2023,16:10,1,1,6,75,75112,2,4,-1,1,1
202300001330,16,12,2023,12:45,1,1,6,14,14191,1,3,2,1,1
202300001331,9,6,2023,13:17,1,1,6,92,92023,2,3,-1,1,1
202300001332,26,3,2023,01:10,3,1,1,71,71445,1,3,2,1,1
202300001333,22,11,2023,20:10,5,2,2,75,75112,2,4,1,1,2
202300001334,8,6,2023,15:10,1,1,3,92,92036,2,4,2,1,1
202300001334,8,6,2023,15:10,1,1,3,92,92036,2,4,2,1,1
202300001335,2,12,2023,13:50,1,2,6,974,97409,2,2,2,1,2
202300001336,26,3,2023,08:50,1,2,1,64,64122,2,4,2,4,2
202300001337,27,11,2023,14:35,1,8,2,75,75112,2,4,-1,1,2
202300001338,24,12,2023,17:00,2,1,7,84,84026,2,3,1,1,1
202300001338,24,12,2023,17:00,2,1,7,84,84026,2,3,1,1,1
202300001339,9,6,2023,13:15,1,1,1,92,92026,2,3,2,1,1
202300001340,28,11,2023,08:55,1,8,6,75,75109,2,4,1,1,2
202300001341,26,3,2023,06:15,5,2,6,62,62119,2,3,1,2,2
202300001341,26,3,2023,06:15,5,2,6,62,62119,2,3,2,1,2
202300001342,9,6,2023,02:05,5,1,3,92,92012,2,3,1,1,1
202300001343,26,3,2023,00:10,4,2,7,45,45234,2,4,2,1,2
202300001344,28,10,2023,09:50,1,7,3,13,13041,1,3,2,1,1
202300001344,28,10,2023,09:50,1,7,3,13,13041,1,3,2,1,1
202300001345,28,11,2023,14:53,1,1,3,75,75108,2,4,1,1,1
202300001345,28,11,2023,14:53,1,1,3,75,75108,2,4,2,1,1
202300001346,9,6,2023,19:08,1,7,2,92,92004,2,3,-1,1,1
202300001347,13,12,2023,05:40,5,8,2,93,93070,2,3,2,1,1
202300001348,25,3,2023,18:50,1,1,2,42,42189,2,7,1,4,1
202300001348,25,3,2023,18:50,1,1,2,42,42189,2,7,2,1,1
202300001349,28,11,2023,19:40,5,1,6,75,75107,2,4,1,1,1
202300001349,28,11,2023,19:40,5,1,6,75,75107,2,4,1,1,1
202300001350,24,3,2023,20:15,5,8,6,38,38053,2,4,-1,1,1
202300001351,29,3,2023,08:22,1,6,3,69,69256,2,4,2,1,1
202300001352,27,11,2023,19:00,5,2,6,75,75102,2,4,2,1,2
202300001352,27,11,2023,19:00,5,2,6,75,75102,2,4,1,1,2
202300001353,9,6,2023,16:45,1,1,3,92,92002,2,3,2,1,1
202300001353,9,6,2023,16:45,1,1,3,92,92002,2,3,1,1,1
202300001354,26,3,2023,20:15,3,2,2,37,37122,2,4,2,1,2
202300001355,6,12,2023,16:30,1,1,3,974,97409,2,4,2,1,1
202300001356,8,6,2023,23:10,5,1,6,92,92002,2,3,3,1,1
202300001357,28,11,2023,18:15,5,1,4,94,94058,2,3,2,2,1
202300001358,26,3,2023,12:45,1,1,2,37,37208,2,4,2,1,2
202300001358,26,3,2023,12:45,1,1,2,37,37208,2,4,2,2,2
202300001359,6,12,2023,10:07,1,1,2,974,97409,2,3,2,1,1
202300001360,28,11,2023,19:35,5,1,3,94,94041,2,3,2,1,1
202300001360,28,11,2023,19:35,5,1,3,94,94041,2,3,1,1,1
202300001361,30,4,2023,17:45,1,2,7,2A,2A272,2,2,2,2,2
202300001362,26,3,2023,20:00,1,1,3,35,35238,2,4,2,1,1
202300001362,26,3,2023,20:00,1,1,3,35,35238,2,4,3,1,1
202300001363,30,11,2023,06:10,2,3,2,974,97409,1,2,3,1,2
202300001364,28,11,2023,18:05,5,1,6,94,94041,2,3,-1,1,1
202300001365,10,6,2023,10:43,1,1,3,69,69279,2,4,2,1,1
202300001365,10,6,2023,10:43,1,1,3,69,69279,2,4,2,1,1
202300001366,16,3,2023,18:30,1,1,3,34,34301,2,4,2,1,1
202300001366,16,3,2023,18:30,1,1,3,34,34301,2,4,2,1,1
202300001367,28,11,2023,19:25,5,2,6,94,94001,2,3,2,1,2
202300001367,28,11,2023,19:25,5,2,6,94,94001,2,3,2,1,2
202300001368,9,6,2023,16:45,1,1,6,62,62506,1,3,2,2,1
202300001369,26,3,2023,06:00,3,2,6,29,29039,1,3,2,2,2
202300001370,8,11,2023,08:35,1,1,3,13,13001,1,1,1,1,1
202300001371,28,11,2023,11:45,1,1,1,93,93078,2,4,2,1,1
202300001372,8,6,2023,12:06,1,1,3,974,97413,2,4,1,2,1
202300001372,8,6,2023,12:06,1,1,3,974,97413,2,4,2,2,1
202300001373,12,10,2023,06:45,2,1,7,13,13207,2,7,1,2,1
202300001374,26,3,2023,22:25,5,8,3,17,17306,2,3,2,1,2
202300001374,26,3,2023,22:25,5,8,3,17,17306,2,3,2,1,2
202300001375,28,11,2023,20:30,3,1,3,93,93055,2,3,3,1,1
202300001375,28,11,2023,20:30,3,1,3,93,93055,2,3,2,1,1
202300001376,9,6,2023,20:15,1,1,6,85,85109,2,4,2,1,1
202300001377,10,7,2023,19:15,1,1,6,91,91345,2,3,-1,1,1
202300001378,26,3,2023,18:00,1,1,3,13,13002,2,4,2,1,1
202300001379,9,6,2023,16:45,1,3,6,19,19286,1,3,2,2,2
202300001380,27,11,2023,19:45,5,2,6,93,93053,2,4,1,1,2
202300001380,27,11,2023,19:45,5,2,6,93,93053,2,4,4,1,2
202300001381,24,9,2023,18:00,1,1,7,28,28358,2,3,2,-1,-1
202300001381,24,9,2023,18:00,1,1,7,28,28358,2,3,2,1,-1
202300001382,26,3,2023,03:09,5,1,2,13,13213,2,4,2,1,1
202300001383,9,6,2023,10:25,1,1,3,56,56186,2,4,2,1,1
202300001384,25,3,2023,18:20,1,1,6,13,13005,1,4,2,1,1
202300001385,28,11,2023,11:45,1,1,2,93,93033,2,3,2,1,1
202300001385,28,11,2023,11:45,1,1,2,93,93033,2,3,2,1,1
202300001386,21,12,2023,18:10,3,2,5,74,74010,2,4,2,1,2
202300001387,8,6,2023,19:01,1,1,3,77,77524,1,3,2,1,1
202300001387,8,6,2023,19:01,1,1,3,77,77524,1,3,2,1,1
202300001388,26,3,2023,13:25,1,1,3,06,06088,2,4,2,1,1
202300001389,16,12,2023,21:30,3,9,7,74,74208,1,3,2,4,7
202300001390,27,11,2023,13:20,1,2,1,93,93048,2,4,2,2,2
202300001391,9,6,2023,17:25,1,1,3,76,76312,2,3,2,1,1
202300001392,25,9,2023,16:35,1,1,7,29,29147,1,3,2,2,1
202300001393,26,3,2023,13:10,1,1,3,06,06069,2,4,1,1,1
202300001393,26,3,2023,13:10,1,1,3,06,06069,2,4,2,3,1
202300001394,25,3,2023,13:10,1,1,6,06,06069,2,4,2,2,1
202300001395,27,11,2023,15:55,1,2,3,93,93027,2,3,2,1,2
202300001395,27,11,2023,15:55,1,2,3,93,93027,2,3,3,1,2
202300001396,7,6,2023,20:30,1,1,3,76,76312,2,4,2,1,1
202300001396,7,6,2023,20:30,1,1,3,76,76312,2,4,2,1,1
202300001397,22,12,2023,18:10,5,2,3,93,93070,2,3,2,1,2
202300001397,22,12,2023,18:10,5,2,3,93,93070,2,3,1,1,2
202300001398,26,3,2023,18:50,1,1,1,06,06027,2,7,2,2,1
202300001399,27,11,2023,12:20,1,2,6,93,93027,2,3,2,1,2
202300001400,5,6,2023,09:30,1,1,3,79,79164,1,3,2,1,1
202300001400,5,6,2023,09:30,1,1,3,79,79164,1,3,2,1,1
202300001401,20,5,2023,14:50,1,1,6,93,93077,2,4,1,1,1
202300001401,20,5,2023,14:50,1,1,6,93,93077,2,4,1,1,1
202300001402,25,3,2023,09:10,1,1,3,75,75118,2,4,1,1,1
202300001403,20,12,2023,17:25,2,1,7,32,32446,1,3,2,1,1
202300001404,9,6,2023,11:45,1,1,3,49,49214,2,4,-1,1,1
202300001405,27,11,2023,14:00,1,2,6,93,93007,2,4,2,1,2
202300001405,27,11,2023,14:00,1,2,6,93,93007,2,4,1,1,2
202300001406,24,3,2023,12:20,1,1,3,75,75115,2,4,1,1,1
202300001407,22,11,2023,17:40,2,1,6,32,32114,1,3,2,1,2
202300001408,9,6,2023,12:52,1,2,3,12,12209,1,3,2,2,2
202300001409,28,11,2023,08:00,1,1,2,93,93005,2,4,3,1,2
202300001410,23,12,2023,01:00,3,2,6,32,32286,1,2,2,1,2
202300001411,26,3,2023,18:41,1,1,3,75,75106,2,4,2,1,1
202300001411,26,3,2023,18:41,1,1,3,75,75106,2,4,1,1,1
202300001412,10,6,2023,12:58,1,1,1,22,22087,2,3,2,3,1
202300001413,28,11,2023,18:15,5,1,6,93,93001,2,3,2,1,1
202300001414,19,11,2023,15:13,1,1,3,32,32212,2,3,2,1,1
202300001414,19,11,2023,15:13,1,1,3,32,32212,2,3,2,3,1
202300001415,10,6,2023,20:45,1,1,3,44,44131,2,4,2,1,1
202300001416,26,3,2023,07:29,1,1,1,75,75110,2,4,2,1,2
202300001416,26,3,2023,07:29,1,1,1,75,75110,2,4,2,1,2
202300001417,28,11,2023,09:00,1,8,6,92,92072,2,4,2,1,1
202300001418,9,6,2023,19:20,1,1,3,29,29027,2,4,2,1,1
202300001418,9,6,2023,19:20,1,1,3,29,29027,2,4,2,1,1
202300001419,28,12,2023,19:00,3,1,1,84,84089,1,3,2,1,1
202300001420,26,3,2023,18:30,1,8,3,75,75115,2,4,2,1,1
202300001420,26,3,2023,18:30,1,8,3,75,75115,2,4,2,1,1
202300001421,28,11,2023,18:15,5,1,6,92,92064,2,3,-1,1,1
202300001422,18,12,2023,15:20,1,1,6,71,71306,2,4,2,1,1
202300001423,10,6,2023,10:35,1,1,3,38,38134,1,3,2,2,1
202300001424,26,3,2023,20:22,5,1,3,75,75111,2,4,1,1,1
202300001424,26,3,2023,20:22,5,1,3,75,75111,2,4,1,1,1
202300001425,10,6,2023,16:30,1,1,7,15,15240,1,3,2,1,2
202300001426,28,11,2023,09:00,1,1,6,92,92050,2,4,2,1,1
202300001427,4,7,2023,20:50,2,1,3,13,13210,2,4,3,1,1
202300001428,26,3,2023,03:45,5,3,6,75,75107,2,4,1,2,2
202300001429,9,6,2023,15:30,1,1,6,58,58220,1,4,2,1,1
202300001430,28,11,2023,14:30,1,1,3,92,92049,2,3,1,1,1
202300001431,25,3,2023,19:30,5,1,3,94,94068,2,3,2,1,1
202300001431,25,3,2023,19:30,5,1,3,94,94068,2,3,2,1,1
202300001432,9,6,2023,14:00,1,8,3,73,73019,1,3,2,1,1
202300001432,9,6,2023,14:00,1,8,3,73,73019,1,3,2,1,1
202300001433,29,12,2023,18:20,5,1,4,78,78143,1,3,2,3,1
202300001434,26,3,2023,00:20,5,2,6,93,93049,2,4,2,1,2