id_accident,jour,mois,annee,heure_minute,luminosite,meteo,type_collision,departement,commune,agglomeration,categorie_route,regime_circulation,profil_route,etat_surface
202300001435,27,11,2023,18:10,1,2,6,92,92062,2,3,1,1,2
202300001435,27,11,2023,18:10,1,2,6,92,92062,2,3,2,1,2
202300001436,10,6,2023,15:00,1,1,7,73,73032,2,3,2,2,1
202300001436,10,6,2023,15:00,1,1,7,73,73032,2,3,2,2,1
202300001437,20,9,2023,18:15,1,1,6,73,73008,2,4,-1,1,1
202300001438,25,3,2023,21:20,5,2,3,93,93046,2,3,3,1,2
202300001439,10,6,2023,13:50,1,7,6,16,16269,1,3,2,1,1
202300001440,25,12,2023,18:40,5,1,6,93,93064,2,6,-1,1,1
202300001441,10,6,2023,02:01,3,2,6,07,07027,1,3,2,1,2
202300001442,12,12,2023,12:00,1,2,6,93,93064,2,4,1,1,2
202300001443,23,3,2023,17:25,1,1,1,39,39227,2,3,2,1,1
202300001444,9,6,2023,08:30,1,1,1,53,53229,1,3,2,3,1
202300001445,10,11,2023,19:10,5,3,6,63,63075,2,4,1,1,2
202300001446,26,3,2023,09:45,1,1,6,47,47055,1,2,2,1,1
202300001447,9,6,2023,23:20,3,1,6,24,24123,1,3,2,1,1
202300001448,7,11,2023,10:38,1,1,3,63,63113,2,4,2,1,1
202300001449,10,6,2023,06:20,2,2,6,04,04160,1,3,2,1,2
202300001450,27,3,2023,14:30,1,1,2,95,95205,1,4,2,1,1
202300001451,18,3,2023,09:00,1,1,6,45,45187,2,4,1,1,1
202300001452,30,10,2023,23:39,5,1,3,63,63113,2,4,-1,1,1
202300001453,10,6,2023,16:01,1,1,3,04,04166,2,3,2,1,1
202300001453,10,6,2023,16:01,1,1,3,04,04166,2,3,2,1,1
202300001454,10,6,2023,10:30,1,1,6,27,27065,2,4,2,1,1
202300001455,26,10,2023,20:30,5,3,2,63,63113,1,7,2,1,2
202300001456,26,3,2023,15:15,1,1,4,972,97232,1,2,2,2,1
202300001457,9,6,2023,19:13,1,1,1,17,17463,1,4,2,2,1
202300001458,26,10,2023,18:40,5,3,6,63,63113,2,4,2,1,2
202300001459,1,6,2023,10:15,1,1,6,17,17210,2,3,2,1,1
202300001460,9,6,2023,08:18,1,1,7,87,87187,2,4,2,2,1
202300001461,18,10,2023,21:22,5,2,2,63,63113,2,4,2,1,2
202300001461,18,10,2023,21:22,5,2,2,63,63113,2,4,-1,1,2
202300001462,3,6,2023,14:10,1,1,2,37,37018,1,3,2,3,1
202300001463,8,6,2023,18:15,1,1,7,08,08491,2,3,2,1,1
202300001463,8,6,2023,18:15,1,1,7,08,08491,2,3,1,1,1
202300001464,18,10,2023,20:42,5,2,3,63,63113,2,7,2,1,2
202300001464,18,10,2023,20:42,5,2,3,63,63113,2,7,3,2,2
202300001465,5,6,2023,12:55,1,1,3,08,08040,2,3,2,1,1
202300001466,15,10,2023,18:24,1,1,1,63,63014,2,4,2,1,1
202300001466,15,10,2023,18:24,1,1,1,63,63014,2,4,1,1,1
202300001467,1,6,2023,16:45,1,1,7,08,08142,1,3,2,1,1
202300001468,14,10,2023,11:10,1,1,3,63,63113,2,4,2,1,1
202300001469,11,10,2023,16:26,1,1,3,63,63113,2,4,3,1,1
202300001469,11,10,2023,16:26,1,1,3,63,63113,2,4,2,1,1
202300001470,9,6,2023,15:30,1,8,3,38,38193,2,4,2,1,2
202300001470,9,6,2023,15:30,1,8,3,38,38193,2,4,2,2,2
202300001471,9,10,2023,21:11,5,1,3,63,63113,2,4,2,1,1
202300001472,7,6,2023,23:45,3,1,6,03,03021,1,1,1,2,1
202300001473,29,12,2023,09:45,1,1,2,93,93007,2,4,2,1,1
202300001474,26,5,2023,15:15,1,1,3,35,35210,1,3,2,1,1
202300001475,24,12,2023,01:12,5,1,1,93,93007,2,3,2,1,1
202300001476,9,6,2023,16:05,1,1,3,69,69244,2,4,2,1,1
202300001476,9,6,2023,16:05,1,1,3,69,69244,2,4,2,1,1
202300001477,10,6,2023,17:35,1,3,6,14,14333,1,1,1,2,2
202300001478,29,9,2023,08:40,1,1,6,78,78643,2,4,2,1,1
202300001478,29,9,2023,08:40,1,1,6,78,78643,2,4,-1,1,1
202300001479,7,6,2023,14:15,1,1,5,971,97129,1,2,2,1,1
202300001480,18,12,2023,11:30,1,1,1,84,84031,2,4,1,1,1
202300001481,24,6,2023,03:30,3,1,4,69,69256,1,2,3,1,1
202300001482,9,6,2023,17:30,1,1,3,971,97134,2,2,1,1,1
202300001482,9,6,2023,17:30,1,1,3,971,97134,2,2,2,1,1
202300001483,14,11,2023,09:53,1,1,1,13,13209,2,4,2,1,1
202300001484,28,11,2023,15:10,1,1,7,974,97409,2,4,2,2,1
202300001485,26,5,2023,15:45,1,1,3,45,45273,2,3,2,1,1
202300001486,25,12,2023,12:15,1,1,5,84,84087,1,3,2,1,1
202300001487,2,10,2023,19:05,2,1,5,73,73065,1,2,3,1,1
202300001488,7,6,2023,10:30,1,1,3,66,66008,2,3,2,1,1
202300001488,7,6,2023,10:30,1,1,3,66,66008,2,3,2,2,1
202300001489,9,6,2023,16:10,1,1,7,68,68106,1,3,2,2,1
202300001490,14,12,2023,18:15,5,8,4,33,33318,2,4,2,1,1
202300001490,14,12,2023,18:15,5,8,4,33,33318,2,4,1,1,1
202300001491,17,11,2023,20:20,5,1,2,13,13211,2,4,2,1,1
202300001492,8,6,2023,10:35,1,1,7,68,68106,2,3,2,2,1
202300001493,7,11,2023,13:20,1,1,6,13,13209,2,4,2,1,1
202300001494,4,11,2023,09:05,1,1,6,13,13208,2,4,2,1,1
202300001495,9,6,2023,17:40,1,1,3,88,88355,1,3,2,1,1
202300001495,9,6,2023,17:40,1,1,3,88,88355,1,3,2,1,1
202300001496,3,11,2023,11:45,1,2,1,13,13208,2,4,2,1,2
202300001497,2,10,2023,18:35,2,1,3,13,13002,2,3,-1,1,1
202300001497,2,10,2023,18:35,2,1,3,13,13002,2,3,-1,1,1
202300001498,10,6,2023,00:03,3,3,3,26,26084,1,3,2,1,2
202300001498,10,6,2023,00:03,3,3,3,26,26084,1,3,2,1,2
202300001499,13,12,2023,14:50,1,3,7,32,32066,1,3,2,2,2
202300001500,10,6,2023,12:45,1,8,3,61,61279,1,3,2,1,1
202300001500,10,6,2023,12:45,1,8,3,61,61279,1,3,2,2,1
202300001501,11,12,2023,08:00,1,1,7,32,32162,1,3,2,1,2
202300001502,10,6,2023,12:15,1,1,3,22,22134,1,3,2,1,1
202300001502,10,6,2023,12:15,1,1,3,22,22134,1,3,2,1,1
202300001503,22,12,2023,07:59,2,2,3,09,09225,2,4,2,1,2
202300001503,22,12,2023,07:59,2,2,3,09,09225,2,4,2,1,2
202300001504,9,11,2023,07:45,2,2,3,09,09225,2,4,4,1,2
202300001504,9,11,2023,07:45,2,2,3,09,09225,2,4,-1,1,2
202300001505,8,6,2023,11:15,1,1,2,13,13071,1,1,-1,1,1
202300001506,20,12,2023,07:20,5,1,3,68,68376,2,4,2,1,2
202300001506,20,12,2023,07:20,5,1,3,68,68376,2,4,2,1,1
202300001507,8,6,2023,07:08,1,1,4,13,13211,1,1,1,1,1
202300001508,19,12,2023,18:00,5,1,6,74,74281,2,4,2,1,1
202300001508,19,12,2023,18:00,5,1,6,74,74281,2,4,2,1,1
202300001509,9,6,2023,19:50,1,1,2,33,33063,1,1,3,3,1
202300001510,19,12,2023,16:55,5,1,3,69,69256,2,4,2,1,2
202300001510,19,12,2023,16:55,5,1,3,69,69256,2,4,2,1,1
202300001511,9,6,2023,13:35,1,1,6,33,33063,1,1,3,3,1
202300001512,22,9,2023,14:12,1,1,3,63,63113,2,4,2,1,1
202300001512,22,9,2023,14:12,1,1,3,63,63113,2,4,2,1,1
202300001513,9,6,2023,17:00,1,1,2,94,94003,1,1,1,1,1
202300001514,13,9,2023,12:05,1,1,6,63,63113,2,4,2,1,1
202300001515,8,6,2023,21:30,2,1,3,91,91471,1,3,3,2,1
202300001516,10,9,2023,20:20,5,1,3,63,63113,2,7,2,2,1
202300001516,10,9,2023,20:20,5,1,3,63,63113,2,7,2,1,1
202300001517,8,6,2023,21:20,3,1,7,91,91471,1,3,3,2,1
202300001518,3,9,2023,20:40,2,1,3,63,63113,2,4,2,1,1
202300001519,9,6,2023,14:50,1,1,7,78,78297,1,2,1,1,1
202300001520,29,6,2023,08:30,1,1,2,63,63063,2,7,-1,1,1
202300001521,21,12,2023,08:10,1,1,6,93,93046,2,3,1,1,1
202300001521,21,12,2023,08:10,1,1,6,93,93046,2,3,3,1,1
202300001522,9,6,2023,11:00,1,1,4,92,92050,1,1,-1,1,1
202300001523,18,12,2023,08:00,2,1,6,93,93077,2,4,1,1,1
202300001524,10,12,2023,16:15,2,2,3,93,93070,2,3,2,1,2
202300001525,9,6,2023,12:00,1,1,5,93,93007,1,1,3,1,1
202300001526,15,12,2023,15:57,1,1,6,13,13211,2,1,1,2,1
202300001527,9,6,2023,09:15,1,1,7,92,92078,1,1,3,2,1
202300001528,8,6,2023,18:30,1,1,3,93,93008,1,1,3,1,1
202300001529,14,12,2023,13:20,1,1,3,60,60196,1,1,3,1,1
202300001530,1,12,2023,04:35,3,1,7,60,60009,1,1,1,1,1
202300001531,8,6,2023,17:10,1,1,3,93,93027,1,1,3,1,1
202300001532,22,12,2023,12:05,1,6,3,76,76540,2,4,2,1,1
202300001532,22,12,2023,12:05,1,6,3,76,76540,2,4,3,1,1
202300001533,8,6,2023,11:00,1,1,4,92,92036,1,1,3,1,1
202300001534,17,12,2023,18:50,5,1,3,76,76681,2,4,2,1,1
202300001535,8,6,2023,10:40,1,1,2,93,93008,1,1,3,1,1
202300001536,30,12,2023,17:13,3,1,2,10,10357,1,3,2,1,1
202300001537,7,6,2023,03:30,3,1,6,95,95607,1,1,3,1,1
202300001538,8,6,2023,23:10,3,1,2,94,94017,1,1,3,1,1
202300001539,27,12,2023,04:35,5,1,3,10,10387,2,4,2,1,1
202300001539,27,12,2023,04:35,5,1,3,10,10387,2,4,2,1,1
202300001540,5,12,2023,08:10,1,2,6,59,59599,2,7,-1,1,2
202300001541,8,6,2023,09:50,1,1,3,67,67447,2,4,4,1,1
202300001541,8,6,2023,09:50,1,1,3,67,67447,2,4,2,1,1
202300001542,8,6,2023,18:40,1,1,6,94,94071,2,3,2,4,1
202300001542,8,6,2023,18:40,1,1,6,94,94071,2,3,3,1,1
202300001543,6,6,2023,09:10,1,1,3,93,93008,2,3,3,1,1
202300001544,8,6,2023,16:40,1,1,6,92,92073,2,3,2,1,1
202300001545,3,11,2023,12:50,1,1,3,91,91377,2,4,-1,1,1
202300001546,4,6,2023,10:10,1,1,6,83,83069,2,4,2,2,1
202300001547,3,6,2023,04:00,2,1,6,29,29232,1,4,2,1,1
202300001548,10,10,2023,15:50,1,1,3,971,97115,1,2,2,4,1
202300001549,27,2,2023,09:00,1,4,6,32,32181,1,2,2,2,5
202300001550,20,12,2023,18:55,5,1,4,83,83137,2,4,1,2,1
202300001551,31,1,2023,20:25,5,1,6,32,32272,2,3,2,1,1
202300001551,31,1,2023,20:25,5,1,6,32,32272,2,3,2,1,1
202300001552,31,12,2023,13:30,1,1,3,69,69029,2,4,2,1,1
202300001553,7,6,2023,07:50,1,1,6,974,97411,2,4,2,1,1
202300001553,7,6,2023,07:50,1,1,6,974,97411,2,4,2,1,1
202300001554,8,6,2023,17:20,1,1,3,974,97407,2,4,1,1,1
202300001555,8,6,2023,17:25,1,1,2,973,97302,2,3,2,1,1
202300001555,8,6,2023,17:25,1,1,2,973,97302,2,3,2,1,1
202300001556,6,12,2023,15:50,1,1,2,14,14068,1,4,2,2,1
202300001556,6,12,2023,15:50,1,1,2,14,14068,1,4,2,1,1
202300001557,8,6,2023,09:00,1,1,5,973,97302,2,3,2,1,1
202300001558,23,11,2023,14:12,1,8,6,14,14117,2,3,2,1,2
202300001558,23,11,2023,14:12,1,8,6,14,14117,2,3,1,1,2
202300001559,11,11,2023,20:45,5,1,7,14,14225,2,4,1,1,1
202300001560,3,6,2023,16:45,1,1,3,973,97302,2,3,-1,1,1
202300001560,3,6,2023,16:45,1,1,3,973,97302,2,3,-1,1,1
202300001561,22,12,2023,03:10,3,1,4,93,93051,1,1,1,1,1
202300001562,8,6,2023,16:30,1,1,1,69,69387,2,4,1,1,1
202300001563,21,12,2023,12:40,1,2,2,93,93027,2,3,3,1,2
202300001564,20,12,2023,21:02,5,1,3,93,93027,2,3,2,1,1
202300001564,20,12,2023,21:02,5,1,3,93,93027,2,3,4,1,1
202300001565,8,6,2023,15:05,1,1,3,69,69388,2,4,2,1,1
202300001565,8,6,2023,15:05,1,1,3,69,69388,2,4,2,1,1
202300001566,8,6,2023,08:45,1,1,1,69,69384,2,4,2,1,1
202300001567,20,12,2023,16:47,2,2,6,93,93051,1,1,3,1,2
202300001568,7,6,2023,08:30,1,1,1,69,69034,2,7,2,2,1
202300001569,20,12,2023,08:00,2,8,3,95,95088,1,4,2,1,2
202300001569,20,12,2023,08:00,2,8,3,95,95088,1,4,2,1,1
202300001570,8,6,2023,07:05,1,1,6,69,69149,2,7,2,1,1
202300001571,19,12,2023,14:10,1,1,3,93,93027,2,3,2,1,1
202300001571,19,12,2023,14:10,1,1,3,93,93027,2,3,2,1,1
202300001572,7,6,2023,17:15,1,1,2,69,69034,2,4,1,1,1
202300001573,18,12,2023,18:03,5,1,3,93,93027,2,3,2,1,1
202300001573,18,12,2023,18:03,5,1,3,93,93027,2,3,2,1,1
202300001574,8,6,2023,13:00,1,1,1,2B,2B033,2,4,2,1,1
202300001575,18,12,2023,07:45,4,1,3,93,93051,1,1,-1,1,1
202300001576,15,12,2023,18:45,5,1,6,93,93030,2,3,1,1,1
202300001576,15,12,2023,18:45,5,1,6,93,93030,2,3,2,1,1
202300001577,7,6,2023,20:00,5,1,3,971,97101,1,3,2,1,1
202300001577,7,6,2023,20:00,5,1,3,971,97101,1,3,2,3,1
202300001578,13,12,2023,07:55,3,1,6,93,93013,2,3,3,1,1
202300001578,13,12,2023,07:55,3,1,6,93,93013,2,3,2,1,1
202300001579,7,6,2023,03:58,3,1,3,971,97113,2,2,3,1,1
202300001580,9,12,2023,09:40,1,3,3,93,93027,2,4,2,1,2
202300001580,9,12,2023,09:40,1,3,3,93,93027,2,4,2,1,2
202300001581,26,12,2023,15:15,1,1,6,74,74281,2,4,2,1,1
202300001582,8,6,2023,07:07,2,1,6,2A,2A004,2,3,1,-1,-1
202300001582,8,6,2023,07:07,2,1,6,2A,2A004,2,3,2,1,1
202300001583,22,12,2023,19:35,3,2,6,38,38544,1,3,2,1,2
202300001584,8,12,2023,01:30,3,2,7,93,93051,1,1,1,1,2
202300001585,8,6,2023,14:28,1,1,3,95,95585,2,3,2,1,1
202300001586,6,12,2023,06:30,5,1,3,93,93013,2,3,3,1,1
202300001586,6,12,2023,06:30,5,1,3,93,93013,2,3,2,1,1
202300001587,1,6,2023,13:55,1,1,6,95,95585,2,4,1,1,1
202300001588,4,12,2023,23:15,3,2,4,93,93051,1,1,1,1,2
202300001589,8,6,2023,10:00,1,1,6,95,95197,2,4,1,1,1
202300001589,8,6,2023,10:00,1,1,6,95,95197,2,4,1,1,1
202300001590,4,12,2023,22:20,3,2,7,93,93051,1,1,1,2,2
202300001591,28,11,2023,17:40,3,1,4,93,93051,1,1,1,1,2
202300001592,23,11,2023,06:45,5,1,4,93,93051,1,1,1,1,1
202300001593,8,6,2023,16:40,1,1,3,91,91377,2,3,2,1,1
202300001594,21,11,2023,13:20,1,2,6,93,93027,1,1,3,1,2
202300001595,8,6,2023,15:30,1,1,1,91,91689,2,4,1,1,1
202300001595,8,6,2023,15:30,1,1,1,91,91689,2,4,1,1,1
202300001596,6,12,2023,18:50,3,2,5,60,60175,1,3,2,1,2
202300001597,7,6,2023,11:45,1,7,3,90,90008,2,4,2,2,1
202300001597,7,6,2023,11:45,1,7,3,90,90008,2,4,2,2,1
202300001598,12,12,2023,18:25,5,2,2,08,08409,2,4,2,1,2
202300001599,7,6,2023,15:00,1,1,3,88,88415,2,4,2,1,1
202300001600,14,12,2023,08:10,1,2,6,09,09225,2,3,2,1,2
202300001601,7,6,2023,15:41,1,1,2,87,87085,2,3,4,1,1
202300001601,7,6,2023,15:41,1,1,2,87,87085,2,3,2,1,1
202300001602,9,12,2023,07:05,3,1,3,09,09225,2,4,2,1,1
202300001602,9,12,2023,07:05,3,1,3,09,09225,2,4,2,1,1
202300001603,7,6,2023,10:50,1,1,6,83,83137,2,7,2,1,1
202300001604,5,12,2023,06:40,3,9,6,09,09225,1,2,3,1,2
202300001605,8,6,2023,19:25,1,1,7,79,79191,2,4,2,1,1
202300001606,8,6,2023,09:35,1,1,3,78,78133,2,3,1,1,1
202300001607,27,12,2023,19:59,5,1,3,38,38053,2,4,2,1,1
202300001607,27,12,2023,19:59,5,1,3,38,38053,2,4,2,1,1
202300001608,23,12,2023,20:10,5,1,3,38,38053,2,4,3,1,1
202300001609,23,12,2023,18:17,5,1,3,38,38053,2,3,2,1,1
202300001610,8,6,2023,16:30,1,1,6,77,77350,1,3,2,1,1
202300001611,23,10,2023,09:00,1,2,6,38,38185,2,7,1,1,2
202300001611,23,10,2023,09:00,1,2,6,38,38185,2,7,2,1,2
202300001612,8,6,2023,16:25,1,1,6,77,77350,2,4,2,1,1
202300001613,17,11,2023,19:15,2,1,3,83,83126,2,4,2,1,1
202300001613,17,11,2023,19:15,2,1,3,83,83126,2,4,2,1,1
202300001614,8,6,2023,16:50,1,1,6,77,77058,2,3,2,1,1
202300001614,8,6,2023,16:50,1,1,6,77,77058,2,3,2,1,1
202300001615,7,6,2023,13:40,1,1,2,77,77438,1,3,3,1,1
202300001616,8,12,2023,06:50,5,3,3,13,13001,2,1,2,1,2
202300001616,8,12,2023,06:50,5,3,3,13,13001,2,1,2,1,2
202300001617,6,6,2023,15:30,1,1,6,76,76351,2,4,2,2,1
202300001618,12,10,2023,12:00,1,7,3,32,32426,1,3,2,2,1
202300001619,26,10,2023,08:00,5,3,6,32,32462,2,4,2,1,2
202300001620,7,6,2023,12:15,1,1,3,72,72181,2,4,2,1,1
202300001621,24,10,2023,15:30,1,1,7,62,62654,1,3,2,1,1
202300001621,24,10,2023,15:30,1,1,7,62,62654,1,3,2,1,1
202300001622,8,6,2023,11:20,1,1,6,71,71076,2,4,2,1,1
202300001623,4,2,2023,14:55,1,1,7,62,62497,1,4,2,1,1
202300001624,24,12,2023,11:35,1,2,1,88,88116,2,3,2,1,2
202300001625,8,6,2023,22:00,5,1,3,69,69256,2,4,2,1,1
202300001626,7,6,2023,17:20,1,1,7,69,69029,2,4,2,1,1
202300001627,19,12,2023,17:35,5,2,3,88,88321,2,3,3,1,2
202300001627,19,12,2023,17:35,5,2,3,88,88321,2,3,1,1,2
202300001628,8,12,2023,08:54,1,2,6,88,88462,1,3,2,1,2
202300001629,7,6,2023,23:20,5,1,6,69,69259,2,4,2,1,1
202300001630,4,6,2023,18:15,1,1,7,25,25018,1,3,2,2,1
202300001631,4,6,2023,14:00,1,1,7,25,25619,1,4,2,1,1
202300001632,8,6,2023,11:05,1,1,3,67,67482,2,4,2,1,1
202300001632,8,6,2023,11:05,1,1,3,67,67482,2,4,1,1,1
202300001633,4,4,2023,18:30,1,1,7,59,59135,2,3,2,1,1
202300001634,7,6,2023,17:30,1,1,3,67,67482,2,4,2,1,1
202300001634,7,6,2023,17:30,1,1,3,67,67482,2,4,3,1,1
202300001635,16,10,2023,18:00,1,7,3,60,60097,1,3,2,1,1
202300001635,16,10,2023,18:00,1,7,3,60,60097,1,3,2,1,1
202300001636,15,11,2023,10:15,1,1,3,60,60175,1,3,1,1,2
202300001637,13,12,2023,17:55,3,2,2,14,14304,1,3,2,1,2
202300001638,5,6,2023,12:50,1,1,3,66,66136,2,4,2,1,1
202300001639,10,11,2023,23:35,5,2,3,09,09225,2,4,-1,1,2
202300001639,10,11,2023,23:35,5,2,3,09,09225,2,4,-1,1,2
202300001640,7,9,2023,03:35,3,1,3,13,13026,1,1,-1,1,1
202300001641,18,11,2023,07:30,3,3,1,14,14045,1,3,2,1,2
202300001642,30,12,2023,20:40,3,1,7,18,18170,1,3,2,1,1
202300001643,26,12,2023,16:00,1,1,6,18,18033,2,4,3,1,1
202300001643,26,12,2023,16:00,1,1,6,18,18033,2,4,2,1,1
202300001644,19,11,2023,05:15,3,1,6,74,74079,2,3,2,2,1
202300001645,18,12,2023,10:50,1,1,6,13,13063,2,4,1,1,1
202300001646,8,12,2023,23:15,3,1,7,13,13047,1,3,2,1,2
202300001647,5,12,2023,19:50,5,1,3,13,13063,2,4,-1,1,1
202300001648,31,12,2023,08:30,2,1,3,13,13213,2,4,1,1,1
202300001648,31,12,2023,08:30,2,1,3,13,13213,2,4,2,1,1
202300001649,23,10,2023,16:50,1,1,3,974,97409,2,3,2,1,1
202300001650,27,10,2023,16:35,1,2,7,24,24139,1,1,3,2,2
202300001651,26,10,2023,04:15,3,1,7,56,56220,1,3,2,1,2
202300001652,26,10,2023,17:40,2,1,5,80,80443,1,3,-1,1,1
202300001652,26,10,2023,17:40,2,1,5,80,80443,1,3,2,1,1
202300001653,25,10,2023,11:35,1,1,6,65,65025,2,6,-1,1,1
202300001654,26,9,2023,01:50,3,1,6,12,12264,1,3,2,1,1
202300001655,27,10,2023,06:48,3,1,5,71,71133,1,3,2,2,2
202300001656,25,9,2023,10:50,1,1,2,22,22341,1,2,3,1,1
202300001657,26,10,2023,18:05,2,2,4,71,71412,1,2,3,1,2
202300001658,25,9,2023,14:30,1,1,6,22,22251,1,2,3,1,1
202300001659,7,9,2023,15:45,1,1,3,974,97414,2,2,2,1,1
202300001660,27,10,2023,17:00,2,2,3,63,63400,2,3,2,1,2
202300001661,26,9,2023,08:50,1,1,3,01,01357,2,3,2,1,1
202300001661,26,9,2023,08:50,1,1,3,01,01357,2,3,2,4,1
202300001662,27,10,2023,18:02,2,1,7,55,55153,1,3,2,1,2
202300001663,26,9,2023,13:22,1,1,2,83,83070,2,4,1,1,1
202300001664,26,10,2023,13:00,1,3,6,46,46268,1,3,2,1,2
202300001665,25,9,2023,13:30,1,1,7,08,08001,1,2,3,1,1
202300001666,27,10,2023,07:05,2,2,1,47,47274,2,3,2,1,2
202300001667,23,9,2023,18:30,1,1,7,47,47034,2,3,2,1,1
202300001668,26,10,2023,06:30,5,2,6,25,25411,2,3,1,1,2
202300001669,25,9,2023,18:35,1,1,3,41,41274,1,3,2,1,1
202300001670,7,9,2023,08:12,1,1,3,34,34192,2,4,2,1,1
202300001670,7,9,2023,08:12,1,1,3,34,34192,2,4,2,1,1
202300001671,26,9,2023,07:45,1,1,1,30,30196,1,3,2,2,1
202300001672,26,10,2023,13:50,1,8,1,38,38287,2,3,2,1,2
202300001673,25,9,2023,21:00,5,1,4,69,69100,1,7,2,1,1
202300001674,27,10,2023,17:00,1,8,6,02,02810,1,2,3,1,1
202300001675,25,9,2023,18:20,1,1,3,30,30034,1,3,2,1,1
202300001676,20,10,2023,16:45,1,1,7,14,14098,1,3,2,1,1
202300001676,20,10,2023,16:45,1,1,7,14,14098,1,3,2,1,1
202300001677,22,9,2023,14:00,1,1,6,56,56184,1,4,2,2,1
202300001678,26,9,2023,08:10,1,7,6,2B,2B218,1,2,2,2,1
202300001679,26,10,2023,22:00,3,3,5,50,50394,1,3,2,1,2
202300001679,26,10,2023,22:00,3,3,5,50,50394,1,3,2,1,2
202300001680,26,9,2023,17:40,1,1,6,2B,2B318,1,2,2,1,1
202300001681,27,10,2023,15:10,1,2,3,50,50484,2,3,2,1,2
202300001681,27,10,2023,15:10,1,2,3,50,50484,2,3,2,3,2
202300001682,26,10,2023,16:00,1,1,1,45,45282,1,3,2,1,1
202300001683,27,10,2023,08:00,2,2,7,36,36012,1,3,2,1,2
202300001684,25,9,2023,18:08,1,1,2,71,71162,1,3,2,1,1
202300001684,25,9,2023,18:08,1,1,2,71,71162,1,3,2,1,1
202300001685,27,10,2023,08:30,1,8,1,40,40243,1,3,2,1,2
202300001686,24,9,2023,18:56,1,1,3,63,63455,2,3,2,1,1
202300001686,24,9,2023,18:56,1,1,3,63,63455,2,3,2,1,1
202300001687,11,10,2023,07:00,1,5,2,85,85078,1,3,2,1,2
202300001687,11,10,2023,07:00,1,5,2,85,85078,1,3,2,1,2
202300001688,26,9,2023,18:00,1,1,1,55,55181,1,3,2,1,1
202300001689,26,9,2023,18:00,1,1,1,39,39471,1,3,2,1,1
202300001690,27,10,2023,13:30,1,1,3,38,38486,2,4,2,2,1
202300001691,24,10,2023,05:15,3,1,6,30,30125,1,1,1,1,1
202300001692,25,9,2023,08:45,1,1,1,29,29076,2,4,2,1,2
202300001693,25,9,2023,19:00,1,1,6,31,31303,1,3,2,1,1
202300001694,26,10,2023,19:35,3,3,1,42,42151,1,3,2,1,2
202300001695,26,9,2023,07:15,1,1,6,38,38517,2,3,1,1,1
202300001696,26,10,2023,14:39,1,8,7,95,95658,1,3,3,1,1
202300001697,27,10,2023,13:20,1,1,1,91,91461,2,3,2,1,1
202300001698,26,10,2023,21:25,3,2,6,34,34307,1,3,3,1,2
202300001699,21,7,2023,16:30,1,1,6,01,01263,2,3,2,1,1
202300001700,27,10,2023,11:00,1,7,1,13,13027,2,3,2,1,1
202300001701,27,10,2023,14:25,1,1,3,71,71384,1,3,2,2,1
202300001701,27,10,2023,14:25,1,1,3,71,71384,1,3,2,1,1
202300001702,26,9,2023,11:25,1,1,5,26,26166,1,2,2,1,1
202300001702,26,9,2023,11:25,1,1,5,26,26166,1,2,2,1,1
202300001703,26,9,2023,10:55,1,1,6,14,14478,2,4,1,1,1
202300001704,27,10,2023,07:10,2,1,2,26,26250,1,3,-1,1,2
202300001705,24,9,2023,21:45,3,1,7,50,50197,1,3,2,2,1
202300001706,27,10,2023,11:05,1,1,5,01,01390,1,3,2,1,1
202300001706,27,10,2023,11:05,1,1,5,01,01390,1,3,2,2,1
202300001707,26,9,2023,08:00,1,7,1,60,60673,1,3,2,2,1
202300001708,27,10,2023,08:20,1,1,6,69,69047,1,3,2,1,2
202300001709,25,9,2023,20:15,3,1,6,16,16323,1,3,2,1,1
202300001710,26,9,2023,11:35,1,1,1,21,21576,1,3,2,1,1
202300001711,24,10,2023,18:45,3,1,3,60,60079,1,3,2,1,1
202300001711,24,10,2023,18:45,3,1,3,60,60079,1,3,2,1,1
202300001712,26,9,2023,13:45,1,1,6,37,37050,2,4,3,1,1
202300001713,27,10,2023,15:50,1,1,7,80,80236,1,3,2,2,1
202300001714,25,9,2023,13:00,1,1,2,42,42254,1,1,2,2,1
202300001715,24,10,2023,23:50,5,1,2,13,13212,1,1,1,2,1
202300001716,25,9,2023,17:20,1,1,2,34,34022,1,1,-1,1,1
202300001717,26,10,2023,12:55,1,1,2,69,69029,1,1,3,1,1
202300001718,26,9,2023,04:45,3,1,2,83,83140,1,1,1,2,1
202300001719,27,8,2023,04:00,3,1,6,988,98808,1,2,2,1,1
202300001720,22,10,2023,11:05,1,1,3,67,67152,1,7,3,1,1
202300001721,18,9,2023,03:00,3,1,6,988,98819,1,4,2,1,1
202300001722,24,10,2023,13:20,1,1,4,33,33013,1,2,3,1,1
202300001723,20,10,2023,08:15,1,2,7,59,59237,1,1,1,1,2
202300001724,25,9,2023,08:15,1,1,3,77,77508,1,3,2,1,1
202300001725,26,10,2023,20:30,3,3,2,91,91174,1,2,-1,1,2
202300001726,26,9,2023,08:20,1,7,3,77,77091,1,3,2,1,1
202300001726,26,9,2023,08:20,1,7,3,77,77091,1,3,2,1,1
202300001727,26,10,2023,19:30,3,2,5,94,94003,1,1,3,4,2