id_accident,jour,mois,annee,heure_minute,luminosite,meteo,type_collision,departement,commune,agglomeration,categorie_route,regime_circulation,profil_route,etat_surface
202300001728,26,10,2023,19:17,2,2,4,91,91161,1,1,-1,1,2
202300001729,23,9,2023,15:00,1,1,7,68,68318,2,3,2,2,8
202300001729,23,9,2023,15:00,1,1,7,68,68318,2,3,2,2,8
202300001730,26,10,2023,12:30,1,2,2,94,94021,1,1,1,1,2
202300001731,26,9,2023,09:45,1,1,6,88,88321,2,3,2,1,1
202300001732,26,9,2023,10:50,1,1,7,55,55145,1,3,2,1,1
202300001733,26,10,2023,11:00,1,1,3,91,91228,1,1,3,1,2
202300001734,26,9,2023,15:10,1,1,6,63,63284,2,4,-1,2,1
202300001734,26,9,2023,15:10,1,1,6,63,63284,2,4,1,1,1
202300001735,26,10,2023,12:55,1,8,4,92,92025,1,1,1,1,2
202300001736,25,10,2023,20:15,3,2,7,92,92047,1,1,1,1,2
202300001737,26,9,2023,17:15,1,1,3,42,42094,2,3,2,1,1
202300001737,26,9,2023,17:15,1,1,3,42,42094,2,3,2,1,1
202300001738,26,9,2023,15:40,1,1,7,42,42214,2,3,2,1,1
202300001738,26,9,2023,15:40,1,1,7,42,42214,2,3,2,1,1
202300001739,25,10,2023,05:00,3,3,5,78,78029,1,1,1,1,2
202300001740,25,10,2023,02:30,5,3,6,92,92051,1,2,-1,1,2
202300001741,26,9,2023,17:00,1,1,2,42,42147,1,3,2,1,1
202300001741,26,9,2023,17:00,1,1,2,42,42147,1,3,2,1,1
202300001742,26,10,2023,12:20,1,1,3,95,95277,1,1,4,1,1
202300001743,26,9,2023,09:35,1,1,6,42,42147,2,4,1,1,1
202300001744,26,10,2023,10:25,1,2,6,93,93053,1,1,-1,2,2
202300001745,26,10,2023,09:10,1,2,6,93,93078,1,1,3,1,2
202300001746,26,9,2023,07:55,2,1,3,38,38059,2,7,-1,2,1
202300001747,25,10,2023,10:30,1,2,6,95,95582,1,3,1,2,2
202300001748,26,9,2023,06:58,2,1,1,69,69050,2,3,2,1,1
202300001748,26,9,2023,06:58,2,1,1,69,69050,2,3,2,1,1
202300001749,28,10,2023,06:50,3,2,6,94,94018,1,1,3,1,2
202300001750,21,9,2023,13:15,1,1,3,31,31291,1,3,2,1,1
202300001751,26,10,2023,21:25,3,2,6,94,94044,1,2,3,1,2
202300001752,26,10,2023,09:10,1,2,2,94,94073,1,1,3,1,2
202300001753,14,1,2023,02:05,5,2,6,44,44190,2,4,2,1,2
202300001754,26,9,2023,10:23,1,1,3,33,33055,1,3,2,2,1
202300001754,26,9,2023,10:23,1,1,3,33,33055,1,3,2,1,1
202300001755,20,7,2023,07:50,1,7,3,74,74010,2,3,2,1,1
202300001756,19,8,2023,09:30,1,1,3,74,74275,2,3,2,2,1
202300001756,19,8,2023,09:30,1,1,3,74,74275,2,3,2,2,1
202300001757,23,9,2023,16:00,1,1,4,33,33266,2,3,2,1,1
202300001758,25,8,2023,21:45,5,2,6,74,74012,2,4,1,1,2
202300001759,25,9,2023,08:00,1,1,2,13,13033,1,1,1,1,1
202300001760,24,9,2023,23:30,3,1,6,83,83035,1,1,3,1,1
202300001761,17,8,2023,18:20,1,1,1,74,74265,1,3,2,2,1
202300001762,23,9,2023,13:20,1,1,6,59,59403,1,1,3,1,1
202300001763,16,8,2023,14:40,1,1,6,74,74263,2,3,2,1,1
202300001764,24,9,2023,07:26,2,1,2,59,59009,1,1,1,1,1
202300001765,18,8,2023,17:15,1,1,1,74,74077,1,3,2,2,1
202300001766,25,9,2023,20:30,5,1,7,91,91549,1,2,-1,2,1
202300001767,16,8,2023,01:50,3,1,6,74,74032,1,3,2,1,1
202300001768,25,9,2023,02:30,3,1,7,92,92036,1,1,1,1,1
202300001769,24,9,2023,18:45,1,1,2,78,78291,1,1,1,1,1
202300001770,4,8,2023,15:25,1,2,1,74,74131,1,3,2,1,2
202300001771,10,8,2023,06:15,2,1,1,74,74108,1,3,2,1,1
202300001772,25,9,2023,09:35,1,1,2,93,93064,1,1,3,1,1
202300001773,3,8,2023,09:30,1,1,6,74,74191,2,3,2,2,1
202300001774,23,9,2023,11:33,1,1,6,31,31149,2,7,2,4,1
202300001775,19,8,2023,02:00,5,1,7,33,33063,2,4,2,1,1
202300001776,25,10,2023,08:20,1,1,5,974,97411,1,2,3,1,1
202300001777,13,5,2023,16:30,1,1,3,14,14228,2,3,2,1,1
202300001777,13,5,2023,16:30,1,1,3,14,14228,2,3,2,1,1
202300001778,24,10,2023,13:15,1,1,1,974,97411,1,4,2,2,1
202300001779,24,9,2023,21:26,5,1,3,69,69382,2,4,1,1,1
202300001779,24,9,2023,21:26,5,1,3,69,69382,2,4,1,1,1
202300001780,24,9,2023,10:40,1,1,1,971,97101,2,3,1,1,1
202300001780,24,9,2023,10:40,1,1,1,971,97101,2,3,1,1,1
202300001781,25,10,2023,19:05,1,1,6,973,97302,2,4,1,1,1
202300001782,24,9,2023,04:05,5,1,7,95,95268,2,3,2,1,1
202300001783,23,10,2023,19:00,5,1,3,973,97302,2,3,2,2,1
202300001784,23,9,2023,11:15,1,1,1,95,95428,2,3,2,2,1
202300001784,23,9,2023,11:15,1,1,1,95,95428,2,3,2,3,1
202300001785,25,10,2023,11:30,1,1,2,972,97213,2,2,1,1,1
202300001786,25,9,2023,00:55,5,1,1,95,95018,2,4,1,1,1
202300001786,25,9,2023,00:55,5,1,1,95,95018,2,4,4,1,1
202300001787,24,9,2023,17:55,1,1,3,91,91161,2,3,2,1,1
202300001787,24,9,2023,17:55,1,1,3,91,91161,2,3,2,1,1
202300001788,25,10,2023,08:50,1,1,5,972,97209,1,4,-1,2,1
202300001789,23,9,2023,11:10,1,1,2,91,91097,2,3,2,2,1
202300001790,24,9,2023,13:30,1,1,3,91,91027,1,2,3,1,1
202300001790,24,9,2023,13:30,1,1,3,91,91027,1,2,3,1,1
202300001791,22,10,2023,23:30,4,1,3,972,97209,2,3,3,1,1
202300001791,22,10,2023,23:30,4,1,3,972,97209,2,3,1,1,1
202300001792,23,9,2023,12:10,1,1,3,81,81163,2,4,1,1,1
202300001792,23,9,2023,12:10,1,1,3,81,81163,2,4,2,1,1
202300001793,22,9,2023,15:50,1,1,7,81,81163,1,3,2,2,8
202300001794,26,10,2023,00:02,5,2,3,69,69389,2,4,2,1,2
202300001794,26,10,2023,00:02,5,2,3,69,69389,2,4,2,1,2
202300001795,24,9,2023,22:00,5,1,3,81,81065,2,4,2,1,1
202300001795,24,9,2023,22:00,5,1,3,81,81065,2,4,2,1,1
202300001796,25,10,2023,15:18,1,8,6,69,69382,2,4,2,1,1
202300001796,25,10,2023,15:18,1,8,6,69,69382,2,4,2,1,1
202300001797,25,10,2023,06:35,1,1,6,971,97120,2,4,-1,1,1
202300001798,24,10,2023,21:30,5,1,5,971,97113,1,2,2,1,1
202300001799,29,4,2023,10:15,1,1,5,69,69266,2,4,2,1,1
202300001800,24,9,2023,22:42,5,1,2,64,64129,2,4,3,1,1
202300001801,24,9,2023,20:40,5,1,3,64,64445,2,4,-1,1,1
202300001801,24,9,2023,20:40,5,1,3,64,64445,2,4,-1,1,1
202300001802,23,9,2023,13:50,1,1,2,61,61001,2,4,2,1,1
202300001803,22,10,2023,04:45,4,1,2,95,95288,2,3,-1,4,1
202300001803,22,10,2023,04:45,4,1,2,95,95288,2,3,-1,1,1
202300001804,25,10,2023,07:35,5,2,6,95,95197,2,3,1,1,2
202300001805,24,9,2023,21:14,5,1,1,54,54451,2,3,4,1,1
202300001805,24,9,2023,21:14,5,1,1,54,54451,2,3,2,2,1
202300001806,22,9,2023,16:30,1,1,7,51,51108,2,4,1,1,1
202300001807,23,9,2023,10:00,1,7,6,42,42305,2,7,2,1,1
202300001807,23,9,2023,10:00,1,7,6,42,42305,2,7,2,1,1
202300001808,6,9,2023,11:55,1,1,2,91,91174,2,3,2,1,1
202300001808,6,9,2023,11:55,1,1,2,91,91174,2,3,2,1,1
202300001809,24,9,2023,14:50,1,1,6,35,35238,2,5,-1,2,1
202300001810,24,10,2023,12:35,1,1,7,87,87085,1,4,2,1,1
202300001811,24,9,2023,00:45,5,1,2,33,33063,2,4,2,1,1
202300001812,24,10,2023,09:06,1,1,5,84,84080,1,3,3,3,2
202300001813,23,9,2023,17:20,1,1,3,17,17306,2,3,2,1,1
202300001814,24,10,2023,15:00,1,1,6,30,30011,1,2,3,1,1
202300001815,24,9,2023,01:10,5,1,6,15,15014,2,4,1,1,1
202300001816,24,9,2023,14:00,1,1,3,13,13209,2,4,2,2,1
202300001817,24,9,2023,14:20,1,1,2,13,13205,2,4,2,1,1
202300001818,25,10,2023,08:20,2,2,3,77,77132,2,4,-1,1,2
202300001819,24,10,2023,18:38,2,2,2,72,72181,1,4,1,1,2
202300001820,24,9,2023,11:22,1,1,1,13,13216,1,4,-1,1,1
202300001821,24,10,2023,07:30,2,3,1,67,67180,1,3,2,1,2
202300001822,24,9,2023,05:30,5,1,1,07,07281,2,4,2,1,1
202300001823,24,10,2023,09:40,1,1,7,64,64445,2,4,2,1,2
202300001824,25,10,2023,14:30,1,2,3,63,63113,2,4,2,1,2
202300001825,23,9,2023,18:25,1,1,3,03,03185,2,4,2,1,1
202300001825,23,9,2023,18:25,1,1,3,03,03185,2,4,1,1,1
202300001826,25,10,2023,09:50,1,1,3,63,63113,2,4,2,1,1
202300001827,19,10,2023,21:10,5,1,6,62,62215,2,4,2,1,1
202300001828,24,9,2023,09:49,1,1,3,01,01053,2,4,2,1,1
202300001828,24,9,2023,09:49,1,1,3,01,01053,2,4,2,1,1
202300001829,25,10,2023,07:15,3,2,1,62,62013,2,3,-1,1,2
202300001829,25,10,2023,07:15,3,2,1,62,62013,2,3,2,1,2
202300001830,24,9,2023,20:10,5,1,4,75,75112,2,4,1,1,1
202300001831,25,10,2023,13:15,1,2,2,61,61001,2,3,2,1,2
202300001832,24,9,2023,10:17,1,1,2,75,75115,2,4,1,1,1
202300001833,24,9,2023,13:00,1,1,6,75,75106,2,4,2,1,1
202300001834,25,10,2023,11:05,1,2,3,59,59512,2,4,3,1,2
202300001834,25,10,2023,11:05,1,2,3,59,59512,2,4,2,1,2
202300001835,24,9,2023,12:10,1,1,6,75,75119,2,4,1,1,1
202300001835,24,9,2023,12:10,1,1,6,75,75119,2,4,1,1,1
202300001836,24,9,2023,16:30,1,1,6,75,75115,2,4,1,1,1
202300001837,25,10,2023,14:20,1,2,3,59,59350,2,4,3,1,2
202300001837,25,10,2023,14:20,1,2,3,59,59350,2,4,2,1,2
202300001838,23,9,2023,19:05,1,1,3,75,75112,2,4,1,1,1
202300001838,23,9,2023,19:05,1,1,3,75,75112,2,4,2,1,1
202300001839,24,9,2023,00:10,5,1,1,75,75111,2,4,2,1,1
202300001839,24,9,2023,00:10,5,1,1,75,75111,2,4,1,1,1
202300001840,25,10,2023,09:15,1,2,3,59,59143,1,4,2,1,2
202300001840,25,10,2023,09:15,1,2,3,59,59143,1,4,2,1,2
202300001841,24,10,2023,08:09,5,2,7,56,56121,2,4,2,2,2
202300001841,24,10,2023,08:09,5,2,7,56,56121,2,4,2,1,2
202300001842,24,9,2023,19:45,5,1,3,75,75110,2,4,1,1,1
202300001842,24,9,2023,19:45,5,1,3,75,75110,2,4,-1,1,1
202300001843,24,10,2023,18:00,2,1,2,54,54495,2,4,2,1,1
202300001844,24,9,2023,16:30,1,1,3,75,75110,2,4,1,1,1
202300001844,24,9,2023,16:30,1,1,3,75,75110,2,4,1,1,1
202300001845,24,10,2023,17:50,2,1,2,54,54547,2,4,2,1,1
202300001846,23,9,2023,23:30,5,1,3,75,75110,2,4,4,1,1
202300001846,23,9,2023,23:30,5,1,3,75,75110,2,4,-1,1,1
202300001847,23,9,2023,20:55,5,1,6,75,75109,2,4,1,1,1
202300001847,23,9,2023,20:55,5,1,6,75,75109,2,4,-1,1,1
202300001848,24,10,2023,16:30,1,1,6,54,54395,2,4,1,1,1
202300001849,24,10,2023,10:20,1,2,3,51,51454,2,4,1,1,2
202300001849,24,10,2023,10:20,1,2,3,51,51454,2,4,1,1,2
202300001850,25,10,2023,15:09,1,1,3,45,45232,2,4,1,1,1
202300001850,25,10,2023,15:09,1,1,3,45,45232,2,4,3,1,1
202300001851,23,9,2023,20:20,5,1,3,75,75102,2,4,1,1,1
202300001851,23,9,2023,20:20,5,1,3,75,75102,2,4,1,1,1
202300001852,25,10,2023,19:05,5,2,6,38,38421,2,4,2,1,2
202300001853,24,9,2023,03:35,4,1,6,94,94081,2,4,2,1,1
202300001854,24,9,2023,07:00,2,1,3,94,94058,2,3,1,1,1
202300001854,24,9,2023,07:00,2,1,3,94,94058,2,3,2,1,1
202300001855,25,10,2023,13:30,1,1,5,37,37122,2,4,2,2,1
202300001855,25,10,2023,13:30,1,1,5,37,37122,2,4,2,1,1
202300001856,25,10,2023,11:40,1,1,3,37,37261,2,4,3,1,2
202300001856,25,10,2023,11:40,1,1,3,37,37261,2,4,3,1,2
202300001857,24,9,2023,14:30,1,1,2,94,94078,2,2,3,1,1
202300001857,24,9,2023,14:30,1,1,2,94,94078,2,2,1,1,1
202300001858,23,9,2023,23:35,5,1,2,94,94054,2,3,2,1,1
202300001859,23,10,2023,18:10,1,1,7,29,29232,1,2,3,2,1
202300001860,19,10,2023,18:30,1,1,7,29,29232,1,3,3,3,1
202300001861,24,9,2023,18:20,1,1,1,93,93078,1,4,2,1,1
202300001862,25,10,2023,17:15,1,1,6,29,29019,2,4,2,1,2
202300001862,25,10,2023,17:15,1,1,6,29,29019,2,4,2,1,2
202300001863,24,9,2023,17:10,1,1,7,93,93078,1,4,2,1,1
202300001864,23,9,2023,16:25,1,1,2,93,93078,2,3,3,1,1
202300001864,23,9,2023,16:25,1,1,2,93,93078,2,3,3,1,1
202300001865,25,10,2023,20:55,5,2,6,22,22278,2,4,2,1,2
202300001865,25,10,2023,20:55,5,2,6,22,22278,2,4,2,1,2
202300001866,24,9,2023,13:50,1,1,3,93,93071,2,4,2,1,1
202300001866,24,9,2023,13:50,1,1,3,93,93071,2,4,2,1,1
202300001867,25,10,2023,14:45,1,2,3,17,17415,1,3,2,2,2
202300001868,24,9,2023,22:00,3,1,6,93,93070,2,3,1,1,1
202300001869,25,10,2023,17:15,1,3,3,17,17306,2,4,2,1,2
202300001869,25,10,2023,17:15,1,3,3,17,17306,2,4,2,1,2
202300001870,25,10,2023,14:00,1,1,3,13,13209,2,4,2,1,1
202300001870,25,10,2023,14:00,1,1,3,13,13209,2,4,2,1,1
202300001871,24,9,2023,17:22,1,1,3,93,93066,2,3,1,1,1
202300001871,24,9,2023,17:22,1,1,3,93,93066,2,3,2,1,1
202300001872,24,9,2023,15:15,1,1,3,93,93051,2,3,2,1,1
202300001872,24,9,2023,15:15,1,1,3,93,93051,2,3,2,1,1
202300001873,25,10,2023,09:20,1,1,1,13,13213,2,4,-1,1,1
202300001874,24,9,2023,15:15,1,1,7,93,93046,2,6,-1,1,1
202300001875,25,10,2023,09:57,1,2,6,75,75105,2,4,2,1,2
202300001875,25,10,2023,09:57,1,2,6,75,75105,2,4,1,1,2
202300001876,24,9,2023,19:50,5,1,1,92,92064,2,3,2,1,1
202300001877,25,10,2023,07:35,5,2,7,75,75105,2,4,1,1,2
202300001877,25,10,2023,07:35,5,2,7,75,75105,2,4,-1,1,2
202300001878,24,9,2023,19:30,1,1,6,92,92020,2,3,2,2,1
202300001879,24,9,2023,06:25,5,1,3,92,92024,2,3,4,1,1
202300001879,24,9,2023,06:25,5,1,3,92,92024,2,3,4,1,1
202300001880,25,10,2023,09:00,1,2,1,75,75118,2,4,3,1,2
202300001880,25,10,2023,09:00,1,2,1,75,75118,2,4,-1,1,2
202300001881,24,9,2023,11:10,1,1,7,92,92012,2,4,2,1,1
202300001882,24,9,2023,12:10,2,1,3,92,92002,2,4,1,1,1
202300001882,24,9,2023,12:10,2,1,3,92,92002,2,4,2,1,1
202300001883,25,10,2023,07:20,5,2,6,75,75116,2,4,1,1,2
202300001884,25,9,2023,15:15,1,3,7,974,97415,1,3,2,2,2
202300001885,25,10,2023,14:20,1,2,1,75,75113,2,4,1,1,2
202300001885,25,10,2023,14:20,1,2,1,75,75113,2,4,1,1,2
202300001886,22,9,2023,09:50,1,1,3,35,35236,2,4,2,1,1
202300001887,25,10,2023,06:19,5,2,3,75,75113,2,4,3,1,2
202300001888,25,10,2023,13:42,1,1,6,75,75111,2,4,1,1,2
202300001888,25,10,2023,13:42,1,1,6,75,75111,2,4,-1,1,2
202300001889,17,9,2023,01:05,3,1,3,95,95529,1,1,3,1,1
202300001890,25,10,2023,05:05,5,2,1,75,75110,2,4,1,1,2
202300001890,25,10,2023,05:05,5,2,1,75,75110,2,4,1,1,2
202300001891,25,9,2023,08:25,1,7,2,11,11018,1,1,3,1,1
202300001892,25,10,2023,08:15,1,2,6,75,75104,2,4,1,1,2
202300001892,25,10,2023,08:15,1,2,6,75,75104,2,4,1,1,2
202300001893,17,9,2023,18:25,2,2,3,33,33021,1,3,2,1,2
202300001893,17,9,2023,18:25,2,2,3,33,33021,1,3,2,1,2
202300001894,22,10,2023,11:45,1,1,3,75,75103,2,4,1,1,1
202300001894,22,10,2023,11:45,1,1,3,75,75103,2,4,1,1,1
202300001895,25,9,2023,06:10,3,1,6,83,83026,1,1,3,1,1
202300001896,25,10,2023,00:30,5,1,3,94,94081,2,3,1,1,1
202300001897,24,9,2023,20:30,5,1,6,51,51346,2,3,3,1,1
202300001898,25,10,2023,18:35,2,1,3,94,94073,2,3,1,1,1
202300001898,25,10,2023,18:35,2,1,3,94,94073,2,3,1,1,1
202300001899,24,9,2023,17:00,1,1,1,974,97412,1,4,2,2,1
202300001900,25,9,2023,15:15,1,8,6,94,94038,2,3,3,1,2
202300001901,24,9,2023,19:00,1,1,1,27,27507,2,4,2,1,1
202300001902,25,10,2023,12:00,1,2,2,93,93073,2,4,2,1,2
202300001902,25,10,2023,12:00,1,2,2,93,93073,2,4,2,1,2
202300001903,25,10,2023,19:30,5,8,6,93,93071,2,4,2,1,2
202300001903,25,10,2023,19:30,5,8,6,93,93071,2,4,2,1,2
202300001904,18,9,2023,16:20,1,1,2,21,21272,1,1,1,1,1
202300001905,25,10,2023,08:30,2,2,6,93,93073,2,4,2,1,2
202300001906,25,9,2023,12:20,1,1,6,54,54127,1,3,2,1,1
202300001907,25,10,2023,21:40,5,2,6,93,93070,2,3,2,1,2
202300001907,25,10,2023,21:40,5,2,6,93,93070,2,3,2,1,2
202300001908,25,9,2023,09:50,1,1,6,83,83070,2,4,-1,1,1
202300001909,25,10,2023,19:00,5,1,3,93,93066,2,3,2,2,1
202300001909,25,10,2023,19:00,5,1,3,93,93066,2,3,2,1,1
202300001910,24,9,2023,19:30,2,7,1,50,50039,1,3,2,1,1
202300001910,24,9,2023,19:30,2,7,1,50,50039,1,3,2,1,1
202300001911,25,10,2023,08:40,1,2,3,93,93062,2,3,2,1,2
202300001912,23,9,2023,17:05,1,1,3,56,56040,1,3,2,1,1
202300001912,23,9,2023,17:05,1,1,3,56,56040,1,3,2,1,1
202300001913,25,10,2023,17:08,1,8,4,93,93055,2,3,2,1,2
202300001914,24,10,2023,12:55,1,2,6,93,93053,2,4,1,1,2
202300001915,24,9,2023,10:23,1,1,2,56,56036,1,2,3,1,1
202300001916,25,10,2023,12:25,1,2,6,93,93048,2,4,1,1,2
202300001916,25,10,2023,12:25,1,2,6,93,93048,2,4,2,1,2
202300001917,23,10,2023,15:14,1,2,6,93,93063,2,3,2,1,2
202300001917,23,10,2023,15:14,1,2,6,93,93063,2,3,1,1,2
202300001918,23,9,2023,08:45,1,1,4,56,56177,1,3,2,1,1
202300001919,24,10,2023,17:11,1,1,6,93,93031,2,3,3,1,1
202300001920,19,9,2023,09:15,1,1,1,56,56233,1,3,2,1,1
202300001920,19,9,2023,09:15,1,1,1,56,56233,1,3,2,1,1
202300001921,25,10,2023,20:00,5,8,6,93,93027,2,4,2,1,1
202300001922,25,10,2023,08:10,2,2,3,92,92075,2,3,1,1,2
202300001922,25,10,2023,08:10,2,2,3,92,92075,2,3,2,1,2
202300001923,24,9,2023,17:50,1,1,3,56,56126,1,3,2,2,1
202300001924,24,10,2023,19:30,5,1,2,92,92050,2,4,3,1,1
202300001925,25,9,2023,14:40,1,1,3,76,76446,2,3,2,1,1
202300001926,25,10,2023,12:35,1,2,6,92,92040,2,3,1,1,2
202300001927,24,10,2023,07:50,1,8,6,92,92025,2,4,2,1,2
202300001927,24,10,2023,07:50,1,8,6,92,92025,2,4,1,1,2
202300001928,25,10,2023,20:20,5,1,6,92,92060,2,4,2,1,2
202300001929,9,8,2023,13:20,1,7,3,81,81177,1,3,2,1,1
202300001930,25,10,2023,11:09,1,2,3,92,92012,2,3,1,1,2
202300001931,25,9,2023,01:00,3,5,6,71,71208,2,3,2,3,1
202300001932,24,10,2023,17:25,1,1,3,92,92012,2,3,1,1,1
202300001932,24,10,2023,17:25,1,1,3,92,92012,2,3,3,1,1
202300001933,25,10,2023,19:00,4,8,3,92,92002,2,4,-1,1,2
202300001934,24,9,2023,16:50,1,1,6,61,61063,1,3,2,1,1
202300001935,23,9,2023,16:20,1,1,3,42,42224,1,3,2,4,1
202300001936,24,10,2023,21:10,5,1,3,92,92002,2,3,2,1,1
202300001936,24,10,2023,21:10,5,1,3,92,92002,2,3,2,1,1
202300001937,26,10,2023,17:40,1,1,6,80,80192,2,4,2,4,1
202300001937,26,10,2023,17:40,1,1,6,80,80192,2,4,2,1,1
202300001938,25,10,2023,20:15,3,2,1,51,51262,1,3,2,1,2
202300001939,25,9,2023,16:50,1,1,3,41,41280,1,4,2,1,1
202300001940,26,10,2023,09:57,1,2,7,71,71222,1,3,2,2,2
202300001941,15,9,2023,20:30,3,1,5,41,41280,1,4,2,1,1
202300001942,25,10,2023,18:08,2,2,1,19,19273,1,3,2,1,2
202300001943,30,8,2023,20:05,1,1,1,41,41016,1,4,2,1,1
202300001944,20,10,2023,08:05,2,5,4,56,56140,1,3,2,2,2
202300001945,25,10,2023,16:45,1,2,6,31,31056,2,3,2,1,2
202300001946,23,9,2023,10:00,1,1,6,22,22235,1,3,2,1,1
202300001947,24,9,2023,18:15,1,1,7,39,39238,1,3,2,1,1
202300001948,6,7,2023,18:45,1,1,6,33,33226,2,3,2,1,1
202300001949,22,9,2023,09:45,1,1,3,44,44084,1,3,2,2,1
202300001949,22,9,2023,09:45,1,1,3,44,44084,1,3,2,1,1
202300001950,26,10,2023,17:50,1,2,1,71,71204,2,4,2,1,2
202300001951,24,9,2023,16:45,1,1,3,35,35211,2,3,2,1,1
202300001952,25,10,2023,15:45,1,1,6,11,11105,2,3,2,1,1
202300001953,26,10,2023,16:40,1,8,6,89,89347,1,3,2,2,1
202300001954,24,9,2023,18:30,1,6,6,29,29184,1,4,2,1,1
202300001955,25,10,2023,11:00,1,2,1,89,89034,1,3,2,2,2
202300001956,26,10,2023,12:44,1,2,3,63,63178,2,3,2,1,2
202300001957,24,9,2023,12:45,1,1,3,29,29166,1,4,2,1,1
202300001958,23,10,2023,11:00,1,2,6,22,22345,1,3,2,2,2
202300001959,25,10,2023,17:00,1,2,7,39,39190,1,3,2,1,2
202300001960,25,9,2023,07:25,2,1,3,29,29260,1,3,2,2,1
202300001960,25,9,2023,07:25,2,1,3,29,29260,1,3,2,4,1
202300001961,26,10,2023,12:30,1,1,3,29,29020,1,3,1,1,1
202300001961,26,10,2023,12:30,1,1,3,29,29020,1,3,2,1,1
202300001962,26,10,2023,13:11,1,1,6,29,29075,2,4,2,1,1
202300001963,24,9,2023,19:50,4,1,1,02,02600,1,3,2,1,1
202300001964,24,10,2023,16:16,1,1,1,66,66009,1,3,2,1,1
202300001965,24,9,2023,10:45,1,1,6,70,70355,1,3,2,1,1
202300001966,19,10,2023,09:55,1,1,3,14,14570,1,3,2,1,1
202300001966,19,10,2023,09:55,1,1,3,14,14570,1,3,2,1,1
202300001967,25,9,2023,11:18,1,7,6,58,58083,2,6,-1,1,1
202300001968,25,10,2023,19:30,5,2,3,14,14623,2,3,2,1,2
202300001968,25,10,2023,19:30,5,2,3,14,14623,2,3,2,1,2
202300001969,23,9,2023,15:00,1,1,6,58,58178,1,3,2,1,1
202300001970,26,10,2023,08:28,2,3,1,50,50110,1,3,2,2,2
202300001971,24,9,2023,16:05,1,7,7,54,54059,1,3,2,2,1
202300001972,26,10,2023,15:30,1,2,2,18,18017,1,3,2,1,2
202300001973,26,10,2023,02:20,3,1,6,85,85139,2,3,2,1,2
202300001973,26,10,2023,02:20,3,1,6,85,85139,2,3,2,1,2
202300001974,19,9,2023,13:30,1,1,1,50,50177,1,3,2,1,1
202300001974,19,9,2023,13:30,1,1,1,50,50177,1,3,2,1,1
202300001975,24,9,2023,01:15,3,1,7,50,50363,1,3,2,1,1
202300001976,25,10,2023,08:25,1,1,5,30,30088,1,3,2,2,1
202300001977,26,10,2023,18:30,2,3,6,64,64430,1,1,3,3,2
202300001978,24,9,2023,10:30,1,1,1,83,83044,1,3,2,2,1
202300001979,24,9,2023,20:00,3,1,7,45,45045,1,3,2,1,1
202300001980,26,10,2023,07:00,3,8,4,34,34298,1,1,3,1,1
202300001981,25,10,2023,18:30,3,3,6,69,69013,1,1,3,1,2
202300001982,25,9,2023,19:45,3,1,1,73,73096,1,3,2,1,1
202300001982,25,9,2023,19:45,3,1,1,73,73096,1,3,2,1,1
202300001983,25,10,2023,15:50,1,1,5,2B,2B307,1,2,2,1,1
202300001984,25,10,2023,15:40,1,1,7,83,83071,2,3,-1,1,1
202300001985,24,9,2023,22:00,3,1,5,43,43152,1,3,2,2,1
202300001986,26,10,2023,12:10,1,1,3,83,83143,1,3,2,2,1
202300001987,24,9,2023,14:30,1,1,7,07,07011,1,3,2,1,1
202300001988,17,10,2023,16:06,1,1,7,21,21132,1,3,2,1,1
202300001989,27,5,2023,09:30,1,1,3,21,21500,1,3,2,3,1
202300001989,27,5,2023,09:30,1,1,3,21,21500,1,3,-1,3,1
202300001990,25,10,2023,17:12,1,8,1,10,10300,1,3,2,1,2
202300001991,22,9,2023,16:20,1,7,6,40,40080,2,3,2,1,2
202300001992,25,10,2023,12:10,1,1,1,38,38545,2,7,2,1,1
202300001992,25,10,2023,12:10,1,1,1,38,38545,2,7,2,1,1
202300001993,26,10,2023,15:20,1,8,6,07,07264,1,3,2,2,2
202300001994,24,9,2023,11:45,1,1,6,37,37033,1,4,2,2,1
202300001995,25,10,2023,10:45,1,8,3,69,69255,1,3,2,2,2
202300001995,25,10,2023,10:45,1,8,3,69,69255,1,3,2,2,2
202300001996,25,9,2023,15:30,1,1,3,48,48092,2,3,2,2,1
202300001996,25,9,2023,15:30,1,1,3,48,48092,2,3,2,2,1
202300001997,26,10,2023,05:15,3,3,3,33,33498,2,3,2,1,2
202300001997,26,10,2023,05:15,3,3,3,33,33498,2,3,2,1,2
202300001998,24,9,2023,04:00,3,2,6,987,98752,1,2,2,1,2
202300001999,16,10,2023,17:55,1,1,6,27,27165,2,4,2,1,1
202300002000,23,10,2023,19:35,5,2,6,59,59237,2,4,2,1,2
202300002001,24,9,2023,08:15,2,7,2,24,24370,2,3,2,1,1
202300002002,26,10,2023,12:35,1,8,7,59,59051,1,7,1,1,2
202300002003,24,9,2023,17:50,1,1,6,69,69027,2,4,2,1,1
202300002004,25,10,2023,01:00,3,1,2,69,69259,1,7,3,1,1
202300002005,24,9,2023,08:20,1,1,3,987,98712,2,2,2,1,1
202300002006,25,10,2023,18:15,1,1,2,91,91689,1,1,-1,1,2