id_accident,jour,mois,annee,heure_minute,luminosite,meteo,type_collision,departement,commune,agglomeration,categorie_route,regime_circulation,profil_route,etat_surface
202300002007,25,10,2023,16:30,1,1,7,91,91179,1,1,-1,1,2
202300002008,23,9,2023,10:35,1,1,3,11,11202,2,4,1,1,1
202300002009,25,10,2023,14:15,1,8,7,91,91136,1,1,1,2,2
202300002010,25,9,2023,01:40,3,1,6,988,98823,1,2,2,1,1
202300002011,25,10,2023,11:35,1,1,3,91,91228,1,2,1,1,1
202300002012,25,10,2023,09:48,1,1,7,91,91521,1,2,1,1,2
202300002013,6,8,2023,07:00,1,1,3,986,98613,2,2,-1,1,1
202300002014,25,10,2023,07:35,5,2,6,75,75113,1,1,3,2,2
202300002015,25,10,2023,05:10,4,2,2,91,91179,1,2,-1,1,2
202300002016,22,9,2023,14:00,1,1,3,971,97125,1,2,2,1,1
202300002017,23,10,2023,21:10,3,1,6,78,78640,1,1,1,1,2
202300002018,20,9,2023,16:20,1,2,1,29,29230,1,4,2,1,2
202300002019,25,9,2023,09:20,1,1,1,77,77153,2,3,2,2,1
202300002020,24,9,2023,05:55,4,1,1,95,95592,2,3,2,1,1
202300002021,24,9,2023,16:45,1,1,6,66,66030,1,3,2,1,1
202300002022,23,9,2023,22:20,3,1,6,11,11001,1,3,2,1,1
202300002023,24,9,2023,17:52,1,1,6,84,84003,1,3,2,1,1
202300002024,24,9,2023,11:40,1,1,7,04,04152,1,4,2,2,9
202300002025,21,9,2023,22:20,3,2,5,26,26002,1,1,3,2,2
202300002026,25,9,2023,07:35,1,1,6,67,67067,2,4,2,1,1
202300002026,25,9,2023,07:35,1,1,6,67,67067,2,4,2,1,1
202300002027,25,9,2023,08:10,2,1,1,54,54519,2,3,2,1,1
202300002028,6,9,2023,08:20,1,7,3,69,69056,2,3,2,1,1
202300002028,6,9,2023,08:20,1,7,3,69,69056,2,3,2,1,1
202300002029,25,9,2023,15:40,1,1,3,69,69099,1,3,2,1,1
202300002029,25,9,2023,15:40,1,1,3,69,69099,1,3,2,1,1
202300002030,25,9,2023,08:25,1,1,3,31,31161,1,3,3,1,1
202300002030,25,9,2023,08:25,1,1,3,31,31161,1,3,2,1,1
202300002031,20,9,2023,06:30,3,1,3,33,33184,1,3,2,1,1
202300002031,20,9,2023,06:30,3,1,3,33,33184,1,3,2,1,1
202300002032,24,9,2023,19:05,1,1,3,44,44073,1,3,2,1,1
202300002032,24,9,2023,19:05,1,1,3,44,44073,1,3,2,1,1
202300002033,22,9,2023,18:50,1,1,1,29,29161,1,4,2,1,1
202300002034,24,9,2023,09:47,1,1,6,13,13001,1,1,1,3,1
202300002035,24,9,2023,06:40,3,1,1,13,13026,1,1,1,1,1
202300002036,21,8,2023,20:48,1,1,3,10,10081,2,4,2,1,1
202300002037,21,8,2023,14:42,1,1,6,10,10081,2,3,2,1,1
202300002038,20,8,2023,04:50,5,1,6,06,06159,2,4,2,1,1
202300002039,20,8,2023,12:50,1,1,6,06,06123,2,7,2,2,1
202300002040,20,8,2023,04:55,4,1,7,06,06155,2,3,2,1,1
202300002040,20,8,2023,04:55,4,1,7,06,06155,2,3,2,1,1
202300002041,22,8,2023,18:53,1,1,1,06,06155,2,4,2,1,1
202300002042,21,8,2023,20:30,1,1,3,75,75119,2,4,1,1,1
202300002043,23,8,2023,12:30,1,1,3,75,75106,2,4,2,1,1
202300002043,23,8,2023,12:30,1,1,3,75,75106,2,4,2,1,1
202300002044,21,8,2023,14:20,1,1,3,75,75106,2,4,1,1,1
202300002044,21,8,2023,14:20,1,1,3,75,75106,2,4,1,1,1
202300002045,23,8,2023,18:50,1,2,3,75,75120,2,4,1,1,2
202300002046,21,8,2023,13:10,1,1,7,75,75120,2,4,1,1,1
202300002046,21,8,2023,13:10,1,1,7,75,75120,2,4,1,3,1
202300002047,21,8,2023,17:40,1,1,7,75,75119,2,4,1,1,1
202300002047,21,8,2023,17:40,1,1,7,75,75119,2,4,4,1,1
202300002048,21,8,2023,14:50,1,1,7,75,75119,2,4,1,1,1
202300002048,21,8,2023,14:50,1,1,7,75,75119,2,4,1,1,1
202300002049,23,8,2023,05:40,2,1,1,75,75118,2,4,2,1,1
202300002050,23,8,2023,09:05,1,1,6,75,75117,2,4,1,1,1
202300002050,23,8,2023,09:05,1,1,6,75,75117,2,4,1,1,1
202300002051,22,8,2023,19:10,1,1,3,75,75116,2,4,-1,1,1
202300002051,22,8,2023,19:10,1,1,3,75,75116,2,4,1,1,1
202300002052,22,8,2023,15:45,1,1,3,75,75116,2,4,2,2,1
202300002052,22,8,2023,15:45,1,1,3,75,75116,2,4,2,1,1
202300002053,23,8,2023,16:25,1,1,2,75,75115,2,4,-1,1,1
202300002053,23,8,2023,16:25,1,1,2,75,75115,2,4,1,1,1
202300002054,23,8,2023,08:15,1,7,3,75,75115,2,4,-1,1,1
202300002055,21,8,2023,18:30,1,1,7,75,75115,2,4,1,1,1
202300002056,23,8,2023,12:20,1,1,6,75,75114,2,4,-1,1,1
202300002056,23,8,2023,12:20,1,1,6,75,75114,2,4,-1,1,1
202300002057,23,8,2023,20:10,5,1,6,75,75115,2,4,1,1,1
202300002058,23,8,2023,20:50,5,1,6,75,75112,2,4,2,1,1
202300002058,23,8,2023,20:50,5,1,6,75,75112,2,4,1,1,1
202300002059,21,8,2023,09:10,1,1,3,75,75116,2,4,1,1,1
202300002060,21,8,2023,00:30,5,1,6,75,75107,2,4,2,1,1
202300002061,23,8,2023,18:10,1,1,6,94,94041,2,4,2,1,1
202300002062,17,8,2023,09:25,1,1,3,94,94041,2,3,-1,1,1
202300002063,23,8,2023,17:40,1,1,2,94,94021,2,3,3,1,1
202300002064,16,8,2023,11:41,1,1,2,94,94028,2,3,2,1,1
202300002065,23,8,2023,20:55,2,1,3,94,94022,2,3,-1,1,1
202300002065,23,8,2023,20:55,2,1,3,94,94022,2,3,2,1,1
202300002066,23,8,2023,14:40,1,1,1,93,93066,2,4,1,1,1
202300002066,23,8,2023,14:40,1,1,1,93,93066,2,4,2,1,1
202300002067,23,8,2023,06:45,2,1,3,93,93066,2,3,2,1,1
202300002067,23,8,2023,06:45,2,1,3,93,93066,2,3,3,1,1
202300002068,23,8,2023,06:50,2,1,3,93,93050,2,3,1,1,1
202300002069,23,8,2023,17:35,1,1,6,93,93048,2,3,2,1,1
202300002070,22,8,2023,21:20,5,1,3,93,93063,2,3,2,1,1
202300002070,22,8,2023,21:20,5,1,3,93,93063,2,3,2,1,1
202300002071,23,8,2023,14:10,1,1,3,93,93010,2,3,-1,1,1
202300002071,23,8,2023,14:10,1,1,3,93,93010,2,3,1,1,1
202300002072,22,8,2023,17:15,1,1,1,93,93001,2,3,3,1,1
202300002072,22,8,2023,17:15,1,1,1,93,93001,2,3,2,1,1
202300002073,14,8,2023,16:15,1,8,3,92,92078,2,3,2,1,1
202300002073,14,8,2023,16:15,1,8,3,92,92078,2,3,2,1,1
202300002074,22,8,2023,18:17,1,1,3,92,92073,2,3,2,2,1
202300002075,15,8,2023,19:55,1,1,6,92,92072,2,4,2,2,1
202300002076,23,8,2023,16:50,1,1,3,92,92063,2,4,2,1,1
202300002077,23,8,2023,01:45,5,1,6,92,92051,2,2,2,1,1
202300002078,23,8,2023,09:50,1,1,3,92,92044,2,4,1,1,1
202300002079,23,8,2023,19:29,1,1,6,92,92025,2,3,2,1,1
202300002079,23,8,2023,19:29,1,1,6,92,92025,2,3,-1,1,1
202300002080,16,8,2023,10:10,1,1,6,92,92024,2,3,1,1,1
202300002080,16,8,2023,10:10,1,1,6,92,92024,2,3,1,1,1
202300002081,23,8,2023,12:00,1,1,6,92,92012,2,3,2,1,1
202300002082,16,8,2023,09:22,1,1,6,92,92012,2,4,1,1,1
202300002083,23,8,2023,12:55,1,1,5,39,39437,1,3,2,1,1
202300002084,21,8,2023,16:40,1,1,6,14,14162,1,4,2,1,1
202300002085,23,8,2023,03:00,3,1,6,83,83072,1,3,2,1,1
202300002086,24,8,2023,06:45,2,1,2,66,66190,1,1,1,1,1
202300002087,22,8,2023,12:00,1,1,6,988,98812,1,2,2,2,1
202300002088,21,8,2023,18:05,1,7,6,10,10350,2,3,2,4,1
202300002089,22,8,2023,19:00,1,1,6,62,62614,1,3,2,1,1
202300002089,22,8,2023,19:00,1,1,6,62,62614,1,3,2,1,1
202300002090,24,8,2023,07:06,1,1,6,63,63264,1,3,2,1,1
202300002091,23,8,2023,08:10,1,1,6,63,63004,2,3,2,1,1
202300002092,23,8,2023,19:25,1,1,7,55,55557,1,1,3,1,1
202300002093,24,8,2023,09:06,1,7,3,79,79174,1,3,2,1,1
202300002093,24,8,2023,09:06,1,7,3,79,79174,1,3,2,1,1
202300002094,24,8,2023,20:00,2,1,1,83,83070,1,3,-1,1,1
202300002095,18,8,2023,16:35,1,1,1,83,83070,2,3,2,1,1
202300002095,18,8,2023,16:35,1,1,1,83,83070,2,3,1,1,1
202300002096,21,8,2023,19:30,2,1,6,65,65133,1,3,2,1,1
202300002097,22,8,2023,11:50,1,1,1,38,38342,1,3,2,1,1
202300002098,24,8,2023,08:30,1,8,6,62,62376,1,3,2,1,1
202300002099,21,8,2023,12:02,1,1,5,37,37179,1,1,3,1,1
202300002100,24,8,2023,17:30,1,1,6,83,83116,2,4,2,1,1
202300002101,21,8,2023,21:30,5,1,1,91,91553,2,3,2,2,1
202300002102,21,8,2023,19:25,1,1,6,51,51545,1,3,2,1,1
202300002103,20,8,2023,13:00,1,1,7,19,19181,1,3,2,2,1
202300002104,24,8,2023,16:00,1,1,7,56,56005,2,4,2,1,1
202300002105,11,8,2023,14:30,1,1,3,77,77020,1,2,2,1,1
202300002106,23,8,2023,15:50,1,1,2,76,76328,1,3,2,1,1
202300002106,23,8,2023,15:50,1,1,2,76,76328,1,3,2,1,1
202300002107,22,8,2023,11:30,1,1,1,2B,2B049,1,3,2,1,1
202300002108,22,8,2023,10:00,1,1,2,2B,2B318,1,2,2,2,1
202300002109,20,8,2023,21:30,3,1,6,80,80163,1,3,2,1,1
202300002110,24,8,2023,00:45,4,1,6,65,65388,2,3,2,1,1
202300002111,22,8,2023,09:27,1,1,1,65,65470,1,3,2,4,1
202300002111,22,8,2023,09:27,1,1,1,65,65470,1,3,1,2,1
202300002112,22,8,2023,13:30,1,1,7,55,55012,1,3,2,1,1
202300002113,23,8,2023,17:10,1,1,1,49,49086,2,4,2,1,1
202300002114,23,8,2023,11:00,1,7,1,12,12171,1,3,2,1,1
202300002115,24,8,2023,11:00,1,1,6,42,42181,1,3,2,1,1
202300002116,22,8,2023,12:30,1,1,3,42,42262,1,7,2,2,1
202300002117,24,8,2023,09:10,1,7,1,47,47203,1,3,2,1,1
202300002118,23,8,2023,12:43,1,1,7,39,39328,1,3,2,2,9
202300002119,21,8,2023,15:55,1,1,3,39,39401,2,4,2,1,1
202300002119,21,8,2023,15:55,1,1,3,39,39401,2,4,2,1,1
202300002120,24,8,2023,12:40,1,1,1,25,25440,1,2,2,2,1
202300002121,22,8,2023,07:42,2,1,2,29,29202,1,3,2,3,1
202300002121,22,8,2023,07:42,2,1,2,29,29202,1,3,2,1,1
202300002122,24,8,2023,10:25,1,1,6,31,31589,1,3,2,1,1
202300002123,23,8,2023,18:50,1,1,6,38,38163,1,3,-1,2,1
202300002124,21,8,2023,21:50,3,1,6,02,02556,1,3,2,2,1
202300002125,22,8,2023,17:25,1,1,6,02,02527,2,3,2,1,1
202300002126,24,8,2023,16:30,1,1,6,03,03089,2,3,2,1,1
202300002127,29,7,2023,15:00,1,1,6,15,15188,1,3,2,1,1
202300002128,21,8,2023,14:50,1,1,7,58,58080,1,3,2,1,1
202300002129,21,8,2023,19:20,1,1,1,66,66179,1,3,2,2,1
202300002130,23,8,2023,20:30,2,1,6,72,72363,1,4,-1,1,1
202300002131,23,8,2023,09:45,1,7,3,72,72386,2,3,2,1,1
202300002132,24,8,2023,20:30,5,2,2,14,14678,1,3,2,2,2
202300002133,24,8,2023,10:40,1,2,6,14,14092,2,3,2,1,2
202300002134,23,8,2023,17:30,1,1,7,50,50092,1,4,2,2,1
202300002135,5,5,2023,12:15,1,7,4,06,06088,2,7,2,1,1
202300002135,5,5,2023,12:15,1,7,4,06,06088,2,7,1,1,1
202300002136,5,5,2023,22:00,5,1,3,06,06085,2,3,2,1,1
202300002137,4,5,2023,12:45,1,1,3,75,75112,2,4,1,1,1
202300002138,4,5,2023,09:30,1,1,3,75,75106,2,4,2,1,1
202300002138,4,5,2023,09:30,1,1,3,75,75106,2,4,2,1,1
202300002139,5,5,2023,12:45,1,1,3,75,75119,2,4,2,1,1
202300002139,5,5,2023,12:45,1,1,3,75,75119,2,4,2,2,1
202300002140,28,11,2023,17:45,2,1,3,92,92025,2,4,1,1,1
202300002140,28,11,2023,17:45,2,1,3,92,92025,2,4,1,1,1
202300002141,5,5,2023,05:55,2,1,6,75,75119,2,9,-1,1,1
202300002142,28,11,2023,12:27,1,1,3,92,92025,2,4,1,1,2
202300002142,28,11,2023,12:27,1,1,3,92,92025,2,4,1,1,2
202300002143,5,5,2023,01:05,5,1,3,75,75119,2,4,1,1,1
202300002143,5,5,2023,01:05,5,1,3,75,75119,2,4,1,1,1
202300002144,24,11,2023,17:20,2,1,6,62,62447,2,3,2,1,1
202300002145,5,5,2023,11:45,1,1,3,75,75115,2,4,1,1,1
202300002145,5,5,2023,11:45,1,1,3,75,75115,2,4,1,1,1
202300002146,22,11,2023,04:45,3,1,3,38,38157,1,3,2,2,2
202300002146,22,11,2023,04:45,3,1,3,38,38157,1,3,2,1,2
202300002147,5,5,2023,09:50,1,1,3,75,75115,2,4,-1,1,1
202300002147,5,5,2023,09:50,1,1,3,75,75115,2,4,3,1,1
202300002148,29,11,2023,06:39,2,1,1,38,38238,2,3,2,1,2
202300002148,29,11,2023,06:39,2,1,1,38,38238,2,3,2,1,2
202300002149,28,11,2023,20:25,3,1,6,02,02009,1,1,3,1,1
202300002150,5,5,2023,20:55,5,2,4,75,75112,2,4,1,1,2
202300002150,5,5,2023,20:55,5,2,4,75,75112,2,4,1,1,2
202300002151,29,11,2023,11:00,1,1,6,40,40304,2,4,2,1,1
202300002152,5,5,2023,08:30,1,8,2,75,75111,2,4,2,1,2
202300002152,5,5,2023,08:30,1,8,2,75,75111,2,4,2,1,2
202300002153,28,11,2023,12:30,1,1,1,57,57232,1,3,2,1,1
202300002154,5,5,2023,15:00,1,1,1,75,75110,2,4,1,1,1
202300002154,5,5,2023,15:00,1,1,1,75,75110,2,4,2,2,1
202300002155,28,11,2023,21:40,5,9,3,11,11203,2,3,2,1,2
202300002155,28,11,2023,21:40,5,9,3,11,11203,2,3,2,1,2
202300002156,5,5,2023,19:40,2,2,2,75,75101,2,4,2,1,2
202300002156,5,5,2023,19:40,2,2,2,75,75101,2,4,-1,1,2
202300002157,8,9,2023,15:30,1,1,6,36,36033,1,1,3,2,1
202300002158,5,5,2023,18:30,1,1,7,75,75102,2,4,2,1,1
202300002158,5,5,2023,18:30,1,1,7,75,75102,2,4,1,1,1
202300002159,5,5,2023,20:20,1,1,3,94,94068,2,4,1,1,1
202300002160,28,11,2023,09:45,1,2,3,71,71420,1,3,2,4,2
202300002160,28,11,2023,09:45,1,2,3,71,71420,1,3,2,1,2
202300002161,5,5,2023,11:45,1,1,6,94,94068,2,3,2,1,1
202300002161,5,5,2023,11:45,1,1,6,94,94068,2,3,1,1,1
202300002162,28,11,2023,23:00,3,1,6,30,30331,1,3,2,2,1
202300002163,5,5,2023,13:10,1,8,3,94,94015,2,3,1,1,1
202300002163,5,5,2023,13:10,1,8,3,94,94015,2,3,1,1,1
202300002164,28,11,2023,18:45,3,1,1,57,57602,1,3,2,1,1
202300002165,5,5,2023,20:30,2,1,3,94,94073,2,6,-1,1,2
202300002166,5,5,2023,07:10,2,2,7,94,94033,2,3,3,1,2
202300002167,13,11,2023,19:30,3,1,7,95,95612,1,3,2,1,1
202300002168,5,5,2023,20:02,1,8,6,94,94071,2,4,1,1,2
202300002169,25,11,2023,09:05,2,7,6,76,76014,1,3,2,1,1
202300002170,5,5,2023,10:00,1,2,6,93,93078,2,4,1,2,8
202300002171,4,5,2023,14:05,1,1,2,93,93078,2,3,3,1,1
202300002171,4,5,2023,14:05,1,1,2,93,93078,2,3,3,1,1
202300002172,29,11,2023,06:00,3,1,3,76,76449,1,3,2,1,1
202300002172,29,11,2023,06:00,3,1,3,76,76449,1,3,2,1,1
202300002173,5,5,2023,08:00,1,2,3,93,93005,2,3,3,1,2
202300002174,29,11,2023,06:30,3,1,2,79,79185,1,3,2,1,1
202300002175,25,11,2023,00:55,3,1,6,63,63364,1,3,2,1,2
202300002176,4,5,2023,22:50,5,1,6,93,93070,2,3,3,1,1
202300002176,4,5,2023,22:50,5,1,6,93,93070,2,3,3,1,1
202300002177,5,5,2023,14:00,1,1,3,93,93051,2,3,1,1,1
202300002177,5,5,2023,14:00,1,1,3,93,93051,2,3,3,1,1
202300002178,29,11,2023,11:55,1,1,3,55,55570,1,3,2,4,1
202300002178,29,11,2023,11:55,1,1,3,55,55570,1,3,2,4,1
202300002179,5,5,2023,20:15,2,2,6,93,93048,2,4,1,2,2
202300002180,29,11,2023,08:00,2,1,1,49,49218,2,3,2,1,1
202300002180,29,11,2023,08:00,2,1,1,49,49218,2,3,2,1,-1
202300002181,4,5,2023,23:40,5,1,3,93,93063,2,4,2,1,1
202300002182,28,11,2023,20:45,3,1,6,42,42081,1,3,2,1,2
202300002183,5,5,2023,07:10,2,2,3,93,93031,2,4,2,1,2
202300002184,4,11,2023,17:00,2,1,3,34,34150,2,4,2,1,1
202300002185,5,5,2023,18:45,1,1,6,93,93029,2,4,1,1,1
202300002186,28,11,2023,08:30,1,1,5,44,44166,1,3,2,1,2
202300002186,28,11,2023,08:30,1,1,5,44,44166,1,3,2,1,2
202300002187,4,5,2023,20:20,1,1,3,93,93027,2,3,2,1,1
202300002187,4,5,2023,20:20,1,1,3,93,93027,2,3,2,1,1
202300002188,28,11,2023,10:00,1,1,7,44,44158,2,4,-1,1,1
202300002189,4,5,2023,04:45,5,1,1,93,93046,2,4,2,1,1
202300002189,4,5,2023,04:45,5,1,1,93,93046,2,4,1,1,1
202300002190,28,11,2023,17:00,1,1,7,29,29015,2,4,2,1,1
202300002191,5,5,2023,18:15,1,1,3,93,93005,2,4,2,1,1
202300002191,5,5,2023,18:15,1,1,3,93,93005,2,4,2,1,1
202300002192,27,11,2023,18:50,5,3,1,64,64547,2,4,2,1,2
202300002193,5,5,2023,18:10,1,1,3,92,92073,2,3,2,1,1
202300002194,5,5,2023,22:00,5,3,7,92,92033,2,4,1,2,2
202300002195,28,11,2023,18:45,3,2,3,73,73270,1,3,2,1,2
202300002195,28,11,2023,18:45,3,2,3,73,73270,1,3,2,1,2
202300002196,4,5,2023,16:20,1,1,6,92,92036,2,3,2,1,1
202300002197,29,11,2023,13:55,1,1,4,10,10328,1,3,2,1,1
202300002198,4,5,2023,11:55,1,1,6,92,92036,2,3,2,1,1
202300002198,4,5,2023,11:55,1,1,6,92,92036,2,3,2,1,1
202300002199,5,5,2023,18:10,1,1,3,92,92025,2,3,2,1,1
202300002200,29,11,2023,17:05,2,1,5,07,07007,1,3,2,1,1
202300002201,5,5,2023,15:25,1,1,3,92,92025,2,4,-1,1,1
202300002201,5,5,2023,15:25,1,1,3,92,92025,2,4,-1,1,1
202300002202,29,11,2023,15:30,1,1,6,07,07338,1,3,2,1,1
202300002203,28,11,2023,22:55,3,1,7,53,53153,1,4,2,2,2
202300002204,4,5,2023,18:00,1,1,3,92,92024,2,3,1,1,1
202300002204,4,5,2023,18:00,1,1,3,92,92024,2,3,2,1,1
202300002205,29,11,2023,16:20,1,1,6,23,23057,1,3,2,2,1
202300002206,4,5,2023,05:42,5,1,7,92,92004,2,4,-1,1,1
202300002207,27,11,2023,11:48,1,1,6,73,73082,1,1,3,1,1
202300002208,6,5,2023,12:30,1,1,3,60,60040,1,3,2,1,1
202300002208,6,5,2023,12:30,1,1,3,60,60040,1,3,2,1,1
202300002209,28,11,2023,19:05,3,1,3,01,01031,1,1,3,1,1
202300002210,5,5,2023,19:10,1,1,2,37,37147,1,3,2,1,1
202300002211,29,11,2023,12:15,1,1,6,44,44028,1,3,2,1,1
202300002212,6,5,2023,17:20,1,1,6,47,47145,1,3,2,1,1
202300002213,28,11,2023,14:55,1,2,2,38,38062,1,1,3,1,2
202300002214,6,5,2023,16:58,1,1,7,54,54264,1,3,2,1,1
202300002215,27,11,2023,19:40,3,1,6,978,97801,1,3,2,2,1
202300002216,5,5,2023,19:10,1,1,6,86,86183,2,3,2,1,1
202300002217,6,5,2023,20:35,2,3,6,28,28018,1,1,3,2,2
202300002218,30,10,2023,18:30,3,1,1,37,37072,1,3,2,2,2
202300002218,30,10,2023,18:30,3,1,1,37,37072,1,3,2,2,2
202300002219,5,5,2023,20:57,2,1,3,22,22093,1,2,-1,2,1
202300002220,29,11,2023,11:57,1,1,6,91,91200,2,4,2,2,1
202300002221,6,5,2023,01:40,3,1,6,974,97410,1,2,3,2,2
202300002222,28,11,2023,12:30,1,1,6,91,91405,2,4,-1,-1,-1
202300002222,28,11,2023,12:30,1,1,6,91,91405,2,4,2,1,1
202300002223,29,11,2023,07:40,2,1,3,78,78090,1,3,2,1,1
202300002223,29,11,2023,07:40,2,1,3,78,78090,1,3,2,2,1
202300002224,6,5,2023,13:45,1,1,6,50,50048,1,1,3,1,1
202300002225,29,11,2023,07:35,2,5,3,71,71371,1,3,2,2,7
202300002225,29,11,2023,07:35,2,5,3,71,71371,1,3,2,2,7
202300002226,29,11,2023,06:40,3,5,6,42,42094,2,3,2,1,2
202300002227,5,5,2023,14:50,1,1,4,51,51181,1,3,2,2,1
202300002228,6,5,2023,06:05,1,1,2,95,95527,1,3,2,1,1
202300002229,28,11,2023,07:50,1,1,6,07,07245,2,3,-1,1,1
202300002230,3,5,2023,16:00,1,1,6,79,79202,2,4,2,1,1
202300002231,29,11,2023,11:10,1,1,1,01,01262,2,3,2,1,1
202300002232,6,5,2023,18:15,1,1,6,80,80609,1,4,2,2,1
202300002233,29,11,2023,07:45,3,2,7,76,76418,1,3,2,1,2
202300002234,5,5,2023,17:15,1,1,6,81,81124,1,3,2,1,1
202300002235,28,11,2023,22:00,5,1,2,62,62892,2,3,2,1,1
202300002236,6,5,2023,11:20,1,1,1,71,71198,1,4,2,1,1
202300002237,6,5,2023,13:15,1,1,6,71,71490,1,2,3,1,1
202300002238,24,11,2023,18:06,5,2,6,59,59550,2,4,2,1,2
202300002239,28,11,2023,06:25,5,1,6,13,13210,1,1,1,1,1
202300002240,5,5,2023,19:00,1,1,2,89,89318,1,3,2,4,1
202300002241,6,5,2023,17:40,1,2,3,61,61298,2,4,2,1,2
202300002241,6,5,2023,17:40,1,2,3,61,61298,2,4,2,1,2
202300002242,3,11,2023,12:15,1,1,4,69,69199,1,7,3,1,1
202300002243,23,11,2023,14:10,1,1,4,69,69029,1,7,3,1,1
202300002244,6,5,2023,16:30,1,1,1,42,42091,1,3,2,1,1
202300002244,6,5,2023,16:30,1,1,1,42,42091,1,3,2,1,1
202300002245,6,5,2023,17:11,1,1,7,39,39557,1,3,2,2,1
202300002246,27,11,2023,18:10,3,2,5,67,67152,1,7,3,1,2
202300002247,6,5,2023,07:30,1,5,6,25,25560,1,3,2,1,1
202300002248,22,11,2023,08:30,1,1,4,67,67482,1,7,3,1,1
202300002249,3,5,2023,17:30,1,1,3,44,44131,2,3,2,1,1
202300002250,27,11,2023,08:00,3,2,2,62,62498,1,1,-1,1,2
202300002251,5,5,2023,18:20,1,1,3,54,54491,1,3,2,1,1
202300002251,5,5,2023,18:20,1,1,3,54,54491,1,3,2,1,1
202300002252,22,11,2023,18:45,4,1,3,62,62624,1,1,-1,1,2
202300002253,5,5,2023,18:00,1,8,6,50,50110,1,3,2,1,2
202300002254,28,11,2023,19:45,3,1,5,94,94038,1,1,1,1,1
202300002255,6,5,2023,15:55,1,1,1,64,64538,2,3,2,1,1
202300002256,28,11,2023,11:21,1,1,6,91,91228,1,1,3,1,1
202300002257,5,5,2023,21:42,3,1,2,10,10063,1,3,2,1,1
202300002258,28,11,2023,13:55,1,1,3,92,92078,1,1,3,1,1
202300002259,28,11,2023,07:55,1,1,2,93,93006,1,1,3,1,1
202300002260,29,4,2023,15:10,1,1,3,36,36220,1,3,2,4,1
202300002261,6,5,2023,03:45,3,1,6,07,07204,2,3,1,1,2
202300002262,27,11,2023,19:40,3,2,3,93,93010,1,1,3,1,2
202300002263,27,11,2023,18:00,3,3,6,95,95212,1,2,1,1,2
202300002264,5,5,2023,22:00,3,1,3,53,53210,2,3,-1,1,1
202300002264,5,5,2023,22:00,3,1,3,53,53210,2,3,2,1,1
202300002265,27,11,2023,16:15,1,2,3,93,93053,1,1,3,2,2
202300002266,5,5,2023,21:45,5,1,6,21,21258,2,3,2,1,1
202300002267,27,11,2023,05:30,2,2,2,93,93008,1,1,3,1,2
202300002268,5,5,2023,14:00,1,2,1,21,21713,2,3,2,1,2
202300002269,28,11,2023,09:35,1,2,2,94,94018,1,1,-1,1,2
202300002270,6,5,2023,17:30,1,1,7,04,04208,1,3,2,2,8
202300002271,28,11,2023,07:00,1,2,6,94,94065,1,1,3,1,2
202300002272,6,5,2023,16:30,1,1,3,04,04024,1,3,2,2,1
202300002273,28,9,2023,09:25,1,1,6,65,65440,2,4,2,1,1
202300002274,5,5,2023,11:40,1,1,6,27,27679,1,3,2,1,1
202300002275,26,11,2023,16:45,1,1,2,988,98818,2,4,4,1,1
202300002275,26,11,2023,16:45,1,1,2,988,98818,2,4,2,1,1
202300002276,6,5,2023,16:30,1,1,7,08,08217,1,4,-1,3,1
202300002277,27,11,2023,06:50,1,1,2,976,97611,2,4,2,1,1
202300002278,6,5,2023,11:10,1,1,3,09,09193,1,3,2,1,1
202300002278,6,5,2023,11:10,1,1,3,09,09193,1,3,2,1,1
202300002279,26,11,2023,06:55,1,1,6,974,97411,2,4,2,1,1
202300002280,5,5,2023,17:15,1,1,1,34,34116,2,7,2,1,1
202300002281,2,5,2023,22:20,3,1,2,13,13067,1,1,3,1,1
202300002282,26,11,2023,22:55,4,1,3,972,97213,1,1,1,2,1
202300002283,27,11,2023,08:40,1,1,6,971,97101,2,4,2,1,1
202300002284,27,11,2023,07:00,1,1,3,971,97101,2,4,-1,1,1
202300002285,5,5,2023,15:00,1,1,3,971,97134,1,2,2,1,1
202300002285,5,5,2023,15:00,1,1,3,971,97134,1,2,2,2,1
202300002286,27,11,2023,01:20,5,1,6,971,97101,1,3,2,1,1
202300002287,8,4,2023,17:20,1,1,1,77,77392,1,2,3,1,1
202300002288,26,11,2023,10:00,1,1,4,971,97105,2,3,2,3,1
202300002288,26,11,2023,10:00,1,1,4,971,97105,2,3,2,1,1
202300002289,6,5,2023,01:30,3,1,6,06,06065,1,7,2,1,1
202300002290,6,5,2023,16:40,1,1,7,13,13059,1,3,3,2,1
202300002291,27,11,2023,09:00,1,2,3,95,95280,1,3,2,1,2
202300002292,6,5,2023,15:24,1,1,5,88,88387,1,3,2,1,1
202300002292,6,5,2023,15:24,1,1,5,88,88387,1,3,2,2,1
202300002293,27,11,2023,21:05,5,3,4,91,91021,2,4,3,2,2
202300002294,27,11,2023,17:15,2,2,6,91,91589,2,3,2,1,2
202300002295,5,5,2023,17:50,1,1,3,74,74042,2,3,1,2,1
202300002295,5,5,2023,17:50,1,1,3,74,74042,2,3,2,1,1
202300002296,27,11,2023,08:10,2,2,3,91,91027,2,3,2,1,2
202300002296,27,11,2023,08:10,2,2,3,91,91027,2,3,1,1,2
202300002297,2,5,2023,12:33,1,1,6,73,73026,1,3,2,1,1
202300002298,25,11,2023,17:28,5,1,7,87,87085,2,6,-1,2,1