id_accident,jour,mois,annee,heure_minute,luminosite,meteo,type_collision,departement,commune,agglomeration,categorie_route,regime_circulation,profil_route,etat_surface
202300002299,4,5,2023,12:15,1,1,3,42,42129,2,3,2,1,1
202300002299,4,5,2023,12:15,1,1,3,42,42129,2,3,2,1,1
202300002300,24,11,2023,14:55,1,2,4,87,87085,2,4,3,1,2
202300002301,6,5,2023,06:00,2,1,6,85,85167,1,3,2,1,1
202300002302,24,11,2023,19:31,5,1,4,87,87085,2,4,2,2,1
202300002303,27,11,2023,07:50,3,1,6,85,85191,2,4,2,1,1
202300002304,5,5,2023,16:35,1,1,1,44,44122,1,3,2,1,1
202300002305,25,11,2023,08:52,1,1,7,84,84007,2,4,2,1,1
202300002305,25,11,2023,08:52,1,1,7,84,84007,2,4,-1,1,1
202300002306,25,11,2023,06:13,5,1,3,84,84007,2,4,3,1,1
202300002306,25,11,2023,06:13,5,1,3,84,84007,2,4,2,1,1
202300002307,6,5,2023,16:20,1,1,1,56,56178,2,4,2,3,1
202300002307,6,5,2023,16:20,1,1,1,56,56178,2,4,2,1,1
202300002308,21,11,2023,17:55,5,2,6,80,80021,2,4,2,2,2
202300002309,27,11,2023,20:10,3,2,6,78,78551,2,2,3,2,2
202300002310,2,5,2023,08:30,1,1,3,69,69152,1,1,3,1,1
202300002311,27,11,2023,16:30,1,2,3,78,78481,2,3,2,1,2
202300002311,27,11,2023,16:30,1,2,3,78,78481,2,3,1,1,2
202300002312,4,5,2023,07:00,1,1,2,69,69163,1,1,3,1,1
202300002313,21,4,2023,15:50,1,1,2,01,01275,1,1,1,1,1
202300002314,28,11,2023,00:10,5,2,1,77,77284,2,3,2,1,2
202300002314,28,11,2023,00:10,5,2,1,77,77284,2,3,1,1,2
202300002315,3,5,2023,07:50,1,1,3,69,69276,1,1,3,1,1
202300002316,5,5,2023,19:50,1,1,2,33,33397,1,1,3,1,1
202300002317,5,5,2023,17:40,1,1,7,91,91589,1,1,3,2,2
202300002318,27,11,2023,17:25,3,2,4,77,77186,1,3,2,1,2
202300002319,5,5,2023,12:10,1,1,6,91,91471,1,2,1,2,1
202300002320,27,11,2023,08:10,1,2,6,76,76705,1,7,1,1,2
202300002320,27,11,2023,08:10,1,2,6,76,76705,1,7,2,1,2
202300002321,5,5,2023,03:40,3,1,2,91,91471,1,2,1,2,1
202300002322,27,11,2023,10:20,1,3,4,76,76351,2,4,1,1,2
202300002323,26,11,2023,04:20,5,1,7,76,76351,2,4,2,1,1
202300002324,5,5,2023,16:20,1,2,3,78,78118,1,1,3,1,2
202300002325,24,11,2023,20:35,5,1,7,76,76351,2,4,-1,2,1
202300002326,4,5,2023,07:15,1,1,7,92,92025,1,1,-1,1,1
202300002327,26,11,2023,16:30,1,1,6,76,76447,2,6,-1,1,1
202300002328,4,5,2023,17:10,1,1,7,93,93066,1,1,3,1,1
202300002329,24,11,2023,10:00,1,1,1,76,76351,2,4,2,2,1
202300002330,4,5,2023,13:45,1,1,3,93,93066,1,1,3,1,1
202300002331,27,11,2023,08:00,5,2,3,76,76026,2,4,-1,1,2
202300002332,4,5,2023,12:40,1,1,6,95,95572,2,1,3,1,1
202300002333,26,11,2023,08:00,1,1,6,71,71270,2,4,2,1,1
202300002334,27,11,2023,17:00,2,2,6,71,71076,2,4,2,1,2
202300002335,3,5,2023,07:30,1,1,3,974,97411,1,2,1,1,1
202300002336,3,5,2023,20:15,3,1,7,974,97407,1,4,1,1,1
202300002337,26,11,2023,19:00,5,1,6,71,71076,2,4,2,1,1
202300002338,4,5,2023,16:15,1,1,3,973,97302,2,3,2,1,1
202300002338,4,5,2023,16:15,1,1,3,973,97302,2,3,2,1,1
202300002339,27,11,2023,23:40,5,3,3,69,69256,2,4,2,1,2
202300002340,27,11,2023,09:00,1,1,6,67,67204,2,4,-1,1,1
202300002341,4,5,2023,10:20,1,1,3,972,97209,1,4,2,2,1
202300002342,4,5,2023,18:30,1,1,1,69,69034,2,4,1,2,1
202300002342,4,5,2023,18:30,1,1,1,69,69034,2,4,1,2,1
202300002343,4,5,2023,17:45,1,1,1,69,69081,2,4,2,2,1
202300002343,4,5,2023,17:45,1,1,1,69,69081,2,4,1,1,1
202300002344,26,11,2023,19:30,5,1,1,64,64102,2,4,2,1,1
202300002345,4,5,2023,11:00,1,1,2,69,69389,2,4,2,1,1
202300002346,4,5,2023,10:45,1,7,6,69,69385,2,4,2,1,1
202300002346,4,5,2023,10:45,1,7,6,69,69385,2,4,2,1,1
202300002347,26,11,2023,18:10,5,1,4,64,64024,2,4,2,1,1
202300002348,4,5,2023,07:25,1,1,6,69,69034,2,4,2,1,1
202300002349,4,5,2023,15:38,1,1,3,971,97101,2,3,2,1,1
202300002349,4,5,2023,15:38,1,1,3,971,97101,2,3,2,1,1
202300002350,17,11,2023,07:40,2,2,6,62,62427,2,4,2,1,2
202300002350,17,11,2023,07:40,2,2,6,62,62427,2,4,2,1,2
202300002351,4,5,2023,22:50,4,1,6,95,95019,2,4,2,1,1
202300002352,3,5,2023,18:30,1,9,3,91,91345,2,4,2,2,1
202300002352,3,5,2023,18:30,1,9,3,91,91345,2,4,2,1,1
202300002353,27,11,2023,07:50,4,3,6,62,62193,2,4,2,1,2
202300002354,4,5,2023,17:40,1,1,2,91,91027,2,3,2,1,1
202300002355,26,11,2023,02:40,5,1,6,62,62310,2,4,2,1,1
202300002356,3,5,2023,17:35,1,1,2,91,91326,2,3,2,1,1
202300002357,25,11,2023,02:13,3,2,6,62,62846,2,3,2,1,2
202300002357,25,11,2023,02:13,3,2,6,62,62846,2,3,2,1,2
202300002358,10,5,2023,09:40,1,1,7,91,91433,1,3,2,1,1
202300002358,10,5,2023,09:40,1,1,7,91,91433,1,3,3,1,1
202300002359,27,11,2023,18:50,5,2,6,59,59378,2,7,1,1,2
202300002360,2,5,2023,19:06,1,1,6,87,87085,2,4,1,1,1
202300002361,27,11,2023,17:10,5,2,6,59,59328,2,7,1,1,2
202300002362,29,4,2023,17:42,1,1,6,85,85194,2,4,-1,1,1
202300002362,29,4,2023,17:42,1,1,6,85,85194,2,4,-1,1,1
202300002363,27,11,2023,12:07,1,3,6,59,59350,2,4,2,1,2
202300002363,27,11,2023,12:07,1,3,6,59,59350,2,4,2,1,2
202300002364,4,5,2023,16:10,1,1,3,83,83137,2,4,2,1,1
202300002365,27,11,2023,07:40,5,3,1,59,59271,2,4,2,1,2
202300002366,4,5,2023,06:50,1,1,7,82,82033,2,4,2,1,1
202300002367,26,11,2023,06:27,5,1,6,58,58194,2,3,2,1,1
202300002368,28,4,2023,15:50,1,1,3,80,80021,2,3,2,1,1
202300002368,28,4,2023,15:50,1,1,3,80,80021,2,3,3,1,1
202300002369,4,5,2023,23:56,3,1,7,77,77495,2,3,2,1,1
202300002370,3,5,2023,18:25,1,1,6,77,77040,2,3,2,1,1
202300002371,3,5,2023,23:55,3,1,7,72,72003,1,4,1,1,1
202300002372,27,11,2023,10:00,1,2,6,57,57463,2,4,3,1,2
202300002373,23,11,2023,08:18,1,8,4,56,56260,1,2,3,2,2
202300002374,25,11,2023,16:33,1,1,6,56,56162,2,4,2,1,1
202300002375,4,5,2023,15:15,1,1,3,71,71306,2,4,2,1,1
202300002376,4,5,2023,13:55,1,1,6,69,69266,2,4,1,1,1
202300002377,4,5,2023,12:50,1,1,1,69,69256,2,4,1,1,1
202300002378,3,5,2023,18:00,1,1,3,69,69264,2,3,2,1,1
202300002379,4,5,2023,13:10,1,1,6,69,69259,2,4,2,2,1
202300002380,26,11,2023,12:30,1,1,3,47,47323,1,2,2,1,1
202300002380,26,11,2023,12:30,1,1,3,47,47323,1,2,2,2,1
202300002381,3,5,2023,19:30,2,1,6,67,67482,2,4,2,1,1
202300002382,27,11,2023,16:20,1,1,3,44,44143,2,4,1,1,1
202300002383,2,5,2023,16:42,1,1,3,66,66136,2,4,1,1,1
202300002383,2,5,2023,16:42,1,1,3,66,66136,2,4,2,1,1
202300002384,27,11,2023,16:23,1,2,7,37,37261,2,4,2,1,2
202300002385,3,5,2023,14:38,1,1,3,65,65047,2,2,2,1,1
202300002385,3,5,2023,14:38,1,1,3,65,65047,2,2,2,1,1
202300002386,27,11,2023,09:50,1,1,3,34,34172,2,4,2,1,1
202300002386,27,11,2023,09:50,1,1,3,34,34172,2,4,2,1,1
202300002387,4,5,2023,20:35,1,1,3,64,64545,1,3,2,1,1
202300002387,4,5,2023,20:35,1,1,3,64,64545,1,3,2,1,1
202300002388,28,4,2023,13:55,1,1,1,60,60159,1,3,2,1,1
202300002389,24,11,2023,16:35,1,1,3,34,34032,2,4,2,1,1
202300002389,24,11,2023,16:35,1,1,3,34,34032,2,4,2,1,1
202300002390,2,5,2023,16:20,1,1,3,59,59178,2,3,2,1,1
202300002390,2,5,2023,16:20,1,1,3,59,59178,2,3,2,1,1
202300002391,26,4,2023,05:13,3,1,2,56,56260,1,2,1,1,2
202300002392,3,5,2023,18:15,1,1,7,56,56121,2,4,2,1,1
202300002393,27,11,2023,19:00,5,2,1,34,34003,2,4,3,1,2
202300002393,27,11,2023,19:00,5,2,1,34,34003,2,4,3,1,2
202300002394,3,5,2023,18:30,1,7,3,54,54395,2,4,1,1,1
202300002394,3,5,2023,18:30,1,7,3,54,54395,2,4,2,1,1
202300002395,3,5,2023,14:20,1,7,2,54,54526,2,4,2,1,1
202300002395,3,5,2023,14:20,1,7,2,54,54526,2,4,2,2,1
202300002396,27,11,2023,22:30,5,1,2,31,31555,2,4,2,1,2
202300002397,4,5,2023,13:35,1,1,3,51,51454,2,4,2,1,1
202300002397,4,5,2023,13:35,1,1,3,51,51454,2,4,1,1,1
202300002398,27,11,2023,19:30,5,2,2,31,31555,2,4,2,1,2
202300002399,4,5,2023,16:15,1,1,6,49,49007,2,4,3,1,1
202300002399,4,5,2023,16:15,1,1,6,49,49007,2,4,2,1,1
202300002400,4,5,2023,13:50,1,1,3,45,45169,2,4,2,1,1
202300002401,3,5,2023,17:45,1,1,3,45,45075,2,3,2,1,1
202300002402,27,11,2023,09:15,1,1,3,31,31555,2,4,-1,1,1
202300002402,27,11,2023,09:15,1,1,3,31,31555,2,4,-1,1,1
202300002403,11,4,2023,16:40,1,1,2,42,42218,2,4,2,2,1
202300002403,11,4,2023,16:40,1,1,2,42,42218,2,4,2,4,1
202300002404,4,5,2023,10:30,1,1,3,41,41018,2,4,1,4,1
202300002405,27,11,2023,16:30,1,1,3,29,29019,2,6,-1,1,2
202300002406,3,5,2023,15:40,1,1,5,40,40192,1,3,2,1,1
202300002406,3,5,2023,15:40,1,1,5,40,40192,1,3,2,1,1
202300002407,3,5,2023,16:10,1,1,6,38,38421,2,4,2,1,1
202300002407,3,5,2023,16:10,1,1,6,38,38421,2,4,2,1,1
202300002407,3,5,2023,16:10,1,1,6,38,38421,2,4,2,1,1
202300002408,27,3,2023,11:15,1,1,2,41,41208,1,1,3,1,1
202300002409,4,5,2023,17:00,1,1,3,37,37233,2,4,2,1,1
202300002410,25,3,2023,18:30,2,3,6,56,56036,2,4,2,1,2
202300002411,4,5,2023,19:10,1,1,3,35,35238,2,4,2,1,1
202300002411,4,5,2023,19:10,1,1,3,35,35238,2,4,2,1,1
202300002412,26,3,2023,08:00,1,1,7,79,79079,1,3,2,1,2
202300002413,24,11,2023,18:15,5,2,1,24,24037,2,3,1,3,2
202300002414,4,5,2023,18:00,1,1,6,35,35238,2,4,2,2,1
202300002415,24,11,2023,19:15,3,2,6,24,24145,2,3,2,1,2
202300002416,4,5,2023,09:10,1,2,2,35,35238,2,4,3,1,2
202300002417,23,3,2023,20:00,3,1,6,32,32160,2,3,2,1,1
202300002418,23,11,2023,14:10,1,1,1,23,23096,2,4,2,1,1
202300002418,23,11,2023,14:10,1,1,1,23,23096,2,4,2,2,1
202300002419,4,5,2023,08:40,1,2,5,35,35238,2,2,3,1,2
202300002420,26,3,2023,19:30,2,2,7,46,46246,1,3,-1,1,2
202300002421,27,11,2023,10:59,1,1,7,22,22187,1,4,1,1,1
202300002422,4,5,2023,23:02,5,1,6,33,33075,2,4,2,1,1
202300002422,4,5,2023,23:02,5,1,6,33,33075,2,4,2,1,1
202300002423,27,3,2023,14:20,1,1,3,22,22158,1,2,2,1,1
202300002423,27,3,2023,14:20,1,1,3,22,22158,1,2,2,4,1
202300002424,26,11,2023,04:00,4,1,1,22,22360,2,3,1,1,1
202300002424,26,11,2023,04:00,4,1,1,22,22360,2,3,1,1,1
202300002425,4,5,2023,14:10,1,1,3,33,33063,2,4,2,1,1
202300002425,4,5,2023,14:10,1,1,3,33,33063,2,4,2,1,1
202300002426,26,3,2023,18:00,1,1,6,29,29209,1,3,2,1,1
202300002427,27,11,2023,07:25,3,2,3,19,19275,1,3,2,1,7
202300002428,25,3,2023,22:20,3,2,6,29,29047,1,3,2,1,2
202300002429,4,5,2023,10:37,1,1,3,32,32013,2,4,2,1,1
202300002430,20,11,2023,08:06,1,1,2,18,18033,1,3,1,1,1
202300002430,20,11,2023,08:06,1,1,2,18,18033,1,3,2,1,1
202300002431,31,3,2023,09:30,1,1,3,30,30189,2,2,1,1,1
202300002431,31,3,2023,09:30,1,1,3,30,30189,2,2,-1,1,1
202300002432,26,3,2023,17:00,1,1,3,29,29174,2,4,2,1,1
202300002433,26,11,2023,01:29,5,1,6,18,18033,2,4,-1,1,1
202300002434,15,4,2023,22:50,5,1,6,30,30189,2,4,2,1,1
202300002435,27,11,2023,11:00,1,1,3,06,06088,2,7,2,1,1
202300002435,27,11,2023,11:00,1,1,3,06,06088,2,7,3,1,1
202300002436,13,4,2023,15:35,1,1,3,30,30189,2,4,1,1,1
202300002436,13,4,2023,15:35,1,1,3,30,30189,2,4,2,1,1
202300002437,27,11,2023,20:30,5,1,3,06,06123,2,7,1,1,1
202300002438,27,3,2023,01:00,3,2,6,03,03036,2,4,2,1,2
202300002439,21,4,2023,22:20,5,1,5,30,30189,2,4,2,1,1
202300002439,21,4,2023,22:20,5,1,5,30,30189,2,4,2,2,1
202300002440,27,11,2023,20:10,3,4,1,05,05061,1,2,2,1,5
202300002441,26,3,2023,22:45,3,1,1,66,66149,1,2,-1,2,1
202300002442,4,5,2023,09:30,1,1,6,29,29151,2,4,2,1,1
202300002442,4,5,2023,09:30,1,1,6,29,29151,2,4,1,1,1
202300002443,27,11,2023,07:55,1,2,3,02,02738,2,4,2,1,2
202300002444,27,3,2023,12:45,1,1,1,45,45062,1,3,2,1,1
202300002445,4,5,2023,08:05,1,1,3,28,28404,2,4,2,1,1
202300002445,4,5,2023,08:05,1,1,3,28,28404,2,4,2,1,1
202300002446,27,11,2023,09:24,1,2,5,75,75113,2,4,1,1,2
202300002447,4,5,2023,10:50,1,1,3,28,28229,2,4,1,1,1
202300002448,26,11,2023,21:30,5,1,2,75,75114,2,4,1,1,1
202300002449,24,3,2023,16:20,1,8,2,72,72320,1,1,1,2,1
202300002450,26,11,2023,04:10,5,1,2,75,75111,2,4,1,1,1
202300002451,26,3,2023,12:20,1,1,6,01,01373,1,1,3,1,2
202300002452,3,5,2023,12:34,1,1,3,27,27229,2,4,1,1,1
202300002452,3,5,2023,12:34,1,1,3,27,27229,2,4,1,1,1
202300002453,27,11,2023,09:30,1,2,3,75,75119,2,4,2,1,2
202300002453,27,11,2023,09:30,1,2,3,75,75119,2,4,2,1,2
202300002454,26,3,2023,17:40,1,4,7,01,01265,1,1,3,1,2
202300002455,20,8,2023,12:55,1,1,6,75,75116,2,5,-1,2,1
202300002456,26,3,2023,17:50,1,1,2,34,34244,1,1,1,1,1
202300002457,3,5,2023,18:15,1,1,3,22,22113,2,3,2,1,1
202300002458,27,11,2023,12:30,1,2,6,75,75116,2,4,1,1,2
202300002458,27,11,2023,12:30,1,2,6,75,75116,2,4,2,1,2
202300002459,26,3,2023,10:30,1,1,7,987,98744,1,2,2,1,1
202300002460,3,5,2023,08:00,1,1,3,19,19031,2,4,2,2,1
202300002460,3,5,2023,08:00,1,1,3,19,19031,2,4,2,1,1
202300002461,27,11,2023,07:50,2,2,2,75,75117,2,4,1,1,2
202300002461,27,11,2023,07:50,2,2,2,75,75117,2,4,2,1,2
202300002462,23,3,2023,15:10,1,1,1,973,97301,1,2,2,1,2
202300002463,4,5,2023,20:45,2,1,3,14,14167,2,4,2,1,1
202300002463,4,5,2023,20:45,2,1,3,14,14167,2,4,2,1,1
202300002464,27,11,2023,18:49,5,2,6,75,75113,2,4,3,4,2
202300002464,27,11,2023,18:49,5,2,6,75,75113,2,4,2,1,2
202300002465,25,3,2023,05:40,5,1,3,44,44020,2,3,2,1,1
202300002466,4,5,2023,18:10,1,1,6,13,13043,2,4,2,1,1
202300002467,27,11,2023,07:15,5,2,7,75,75113,2,4,3,1,2
202300002467,27,11,2023,07:15,5,2,7,75,75113,2,4,1,1,2
202300002468,24,3,2023,09:00,1,1,2,77,77392,1,2,3,1,1
202300002469,26,11,2023,18:30,5,1,6,75,75101,2,4,-1,1,1
202300002469,26,11,2023,18:30,5,1,6,75,75101,2,4,2,1,1
202300002470,3,5,2023,07:00,1,1,3,13,13103,2,4,1,1,1
202300002471,27,3,2023,09:15,1,1,6,48,48117,1,3,2,1,1
202300002472,27,11,2023,19:15,5,8,1,94,94041,2,3,1,1,2
202300002473,4,5,2023,17:40,1,1,4,13,13216,2,4,1,3,1
202300002474,27,3,2023,07:15,2,1,3,34,34092,1,3,2,1,1
202300002475,26,11,2023,01:30,5,1,5,94,94081,2,4,2,2,1
202300002476,26,3,2023,21:40,3,2,1,34,34154,1,3,2,1,2
202300002477,4,5,2023,15:45,1,1,2,13,13211,2,4,-1,1,1
202300002478,4,5,2023,14:00,1,1,6,13,13214,2,4,-1,1,1
202300002478,4,5,2023,14:00,1,1,6,13,13214,2,4,2,1,1
202300002479,27,11,2023,17:30,3,2,3,94,94074,2,3,2,2,2
202300002479,27,11,2023,17:30,3,2,3,94,94074,2,3,2,1,2
202300002480,25,3,2023,19:25,3,1,3,71,71555,1,3,2,1,1
202300002480,25,3,2023,19:25,3,1,3,71,71555,1,3,2,3,1
202300002481,4,5,2023,11:00,1,1,5,13,13209,2,4,-1,1,1
202300002482,26,11,2023,18:30,5,1,2,94,94042,2,3,-1,1,1
202300002483,27,3,2023,03:45,3,1,6,21,21371,1,3,2,1,1
202300002484,3,5,2023,16:30,1,1,4,13,13005,2,4,1,2,1
202300002485,27,11,2023,19:00,5,2,6,94,94041,2,4,1,1,2
202300002486,27,11,2023,18:20,3,2,6,93,93070,2,3,2,1,2
202300002487,26,3,2023,12:30,1,8,6,38,38072,1,2,3,1,1
202300002488,4,5,2023,19:30,1,7,3,11,11069,1,3,1,1,1
202300002489,25,3,2023,10:00,1,1,6,01,01376,2,4,2,1,2
202300002490,4,5,2023,15:05,1,1,3,07,07102,2,4,1,1,1
202300002491,27,11,2023,18:55,5,2,3,93,93066,2,3,2,1,2
202300002491,27,11,2023,18:55,5,2,3,93,93066,2,3,2,1,2
202300002492,4,5,2023,11:20,1,1,6,06,06069,2,4,2,1,1
202300002493,27,3,2023,16:15,1,1,6,19,19101,2,4,1,1,1
202300002494,27,11,2023,08:30,2,2,3,93,93077,2,4,1,2,2
202300002494,27,11,2023,08:30,2,2,3,93,93077,2,4,2,1,2
202300002495,3,5,2023,12:30,1,1,4,05,05061,1,2,2,1,1
202300002496,27,11,2023,17:30,5,2,6,93,93063,2,4,2,1,2
202300002496,27,11,2023,17:30,5,2,6,93,93063,2,4,2,1,2
202300002497,27,3,2023,10:50,1,1,3,35,35360,2,3,2,1,1
202300002497,27,3,2023,10:50,1,1,3,35,35360,2,3,2,1,1
202300002498,27,11,2023,21:30,5,2,6,93,93013,2,3,3,1,2
202300002498,27,11,2023,21:30,5,2,6,93,93013,2,3,2,1,2
202300002499,29,4,2023,17:22,1,1,6,05,05061,2,2,2,1,1
202300002500,23,3,2023,11:35,1,2,2,57,57323,2,4,2,4,2
202300002501,27,11,2023,16:40,5,3,6,93,93010,2,4,2,1,2
202300002501,27,11,2023,16:40,5,3,6,93,93010,2,4,2,1,2
202300002502,3,5,2023,07:10,1,2,3,03,03310,2,4,1,1,2
202300002503,27,3,2023,07:40,1,1,1,80,80212,1,3,2,1,1
202300002504,27,11,2023,12:37,1,2,3,93,93008,2,4,2,1,2
202300002504,27,11,2023,12:37,1,2,3,93,93008,2,4,1,1,2
202300002505,25,3,2023,19:20,3,1,2,13,13005,1,1,1,2,1
202300002506,4,5,2023,18:30,1,1,3,75,75116,2,4,1,1,1
202300002506,4,5,2023,18:30,1,1,3,75,75116,2,4,1,1,1
202300002507,26,3,2023,15:15,1,1,6,91,91521,1,2,1,2,1
202300002508,27,11,2023,08:10,2,2,3,92,92072,2,3,1,2,2
202300002508,27,11,2023,08:10,2,2,3,92,92072,2,3,2,1,2
202300002509,2,5,2023,19:35,1,1,3,75,75113,2,4,1,1,1
202300002510,27,11,2023,08:40,2,2,6,92,92040,2,3,2,1,2
202300002511,24,3,2023,18:05,1,1,6,29,29019,2,4,2,1,1
202300002512,4,5,2023,05:00,5,1,3,75,75109,2,4,1,1,1
202300002512,4,5,2023,05:00,5,1,3,75,75109,2,4,1,1,1
202300002513,24,3,2023,09:23,1,2,6,29,29019,2,4,2,1,2
202300002514,27,11,2023,09:45,1,2,3,92,92026,2,3,1,1,2
202300002514,27,11,2023,09:45,1,2,3,92,92026,2,3,1,1,2
202300002515,25,3,2023,23:55,3,1,7,974,97407,2,4,2,1,1
202300002516,4,5,2023,01:52,4,1,2,75,75108,2,4,1,1,1
202300002516,4,5,2023,01:52,4,1,2,75,75108,2,4,2,1,1
202300002517,24,3,2023,23:30,3,1,7,973,97302,2,3,2,1,1
202300002518,26,11,2023,18:35,5,1,6,92,92025,2,3,3,1,1
202300002519,3,5,2023,16:50,1,1,6,75,75112,2,4,1,1,1
202300002519,3,5,2023,16:50,1,1,6,75,75112,2,4,-1,1,1
202300002520,25,3,2023,16:00,1,1,3,69,69386,2,4,1,1,1
202300002520,25,3,2023,16:00,1,1,3,69,69386,2,4,1,1,1
202300002521,27,11,2023,16:20,5,2,3,92,92024,2,3,1,1,2
202300002521,27,11,2023,16:20,5,2,3,92,92024,2,3,2,1,2
202300002522,4,5,2023,21:51,5,1,6,75,75119,2,4,-1,1,1
202300002522,4,5,2023,21:51,5,1,6,75,75119,2,4,2,1,1
202300002523,25,3,2023,10:45,1,1,5,972,97209,1,2,2,1,1
202300002524,27,11,2023,13:45,1,2,6,92,92032,2,4,1,2,2
202300002525,4,5,2023,16:15,1,1,3,75,75119,2,4,2,1,1
202300002526,24,3,2023,21:10,5,2,1,972,97209,2,2,2,2,2
202300002527,27,11,2023,10:44,1,2,3,92,92012,2,3,2,1,2
202300002527,27,11,2023,10:44,1,2,3,92,92012,2,3,4,1,2
202300002528,4,5,2023,18:25,1,1,6,75,75118,2,4,1,1,1
202300002528,4,5,2023,18:25,1,1,6,75,75118,2,4,1,1,1
202300002529,24,3,2023,20:10,5,1,6,69,69385,2,4,2,2,2
202300002530,27,11,2023,17:45,5,2,6,92,92014,2,3,1,2,2
202300002530,27,11,2023,17:45,5,2,6,92,92014,2,3,2,2,2
202300002531,4,5,2023,09:00,1,1,1,75,75116,2,4,2,1,1
202300002531,4,5,2023,09:00,1,1,1,75,75116,2,4,2,1,1
202300002532,25,3,2023,06:45,1,1,6,2A,2A004,2,4,2,1,1
202300002533,4,5,2023,09:00,1,1,6,75,75114,2,4,1,1,1
202300002534,9,11,2023,21:25,5,2,1,57,57043,1,3,1,1,2
202300002535,24,3,2023,19:35,5,2,3,91,91421,2,4,2,1,2
202300002535,24,3,2023,19:35,5,2,3,91,91421,2,4,2,1,2
202300002536,4,5,2023,16:48,1,1,3,75,75113,2,4,-1,1,1
202300002536,4,5,2023,16:48,1,1,3,75,75113,2,4,2,2,1
202300002537,25,3,2023,16:50,1,1,1,83,83137,2,7,2,1,1
202300002538,28,11,2023,13:25,1,7,1,01,01004,2,3,2,1,2
202300002538,28,11,2023,13:25,1,7,1,01,01004,2,3,2,1,2
202300002539,4,5,2023,10:10,1,1,6,75,75112,2,4,2,1,1
202300002540,24,3,2023,02:20,5,1,6,83,83069,2,4,2,1,1
202300002541,27,11,2023,17:30,5,3,7,68,68112,2,3,3,1,2
202300002542,27,11,2023,07:30,2,8,6,81,81203,1,4,2,2,2
202300002543,4,5,2023,20:20,2,1,3,75,75111,2,4,2,1,1
202300002543,4,5,2023,20:20,2,1,3,75,75111,2,4,1,1,1
202300002544,24,3,2023,16:00,1,1,4,83,83118,2,4,2,2,1
202300002545,25,3,2023,15:00,1,1,3,81,81021,2,3,2,1,1
202300002546,28,11,2023,17:40,2,1,5,28,28088,2,4,1,1,1
202300002547,24,3,2023,23:00,3,1,6,81,81144,1,2,1,1,1
202300002548,25,3,2023,14:55,1,1,1,78,78586,2,4,2,1,1
202300002548,25,3,2023,14:55,1,1,1,78,78586,2,4,2,1,1
202300002548,25,3,2023,14:55,1,1,1,78,78586,2,4,2,1,1
202300002549,24,11,2023,21:10,3,1,5,27,27271,1,3,2,2,1
202300002550,25,3,2023,00:10,3,9,6,77,77305,1,3,3,2,2
202300002551,27,11,2023,18:05,5,1,3,11,11067,2,3,2,1,1
202300002551,27,11,2023,18:05,5,1,3,11,11067,2,3,1,1,1
202300002552,25,3,2023,09:16,1,1,3,77,77243,2,3,2,1,1
202300002552,25,3,2023,09:16,1,1,3,77,77243,2,3,3,1,1
202300002553,26,11,2023,14:40,1,1,3,51,51545,1,3,2,1,1
202300002553,26,11,2023,14:40,1,1,3,51,51545,1,3,2,1,1
202300002554,24,3,2023,16:10,1,3,6,72,72181,2,4,2,1,2
202300002555,27,11,2023,18:35,5,2,6,76,76101,2,3,2,1,2
202300002556,24,3,2023,19:30,5,3,3,72,72181,2,4,-1,1,2
202300002556,24,3,2023,19:30,5,3,3,72,72181,2,4,1,2,2
202300002557,25,11,2023,14:47,1,1,3,2A,2A271,1,3,2,1,1
202300002558,24,3,2023,16:05,1,1,6,72,72181,2,4,2,1,1
202300002559,25,3,2023,23:20,5,1,3,64,64024,2,4,1,1,1
202300002559,25,3,2023,23:20,5,1,3,64,64024,2,4,2,1,1
202300002560,28,11,2023,07:50,1,8,3,2B,2B096,1,2,2,2,2
202300002561,25,3,2023,02:43,5,1,7,64,64102,2,4,2,1,1
202300002562,27,11,2023,08:45,1,1,3,2B,2B309,2,3,2,1,1
202300002563,27,11,2023,17:10,5,2,7,68,68126,2,3,2,1,2
202300002564,25,3,2023,01:50,5,2,6,59,59350,2,4,2,1,2
202300002564,25,3,2023,01:50,5,2,6,59,59350,2,4,3,1,2
202300002565,25,11,2023,13:35,1,1,6,29,29207,1,3,2,1,1
202300002566,24,3,2023,16:45,1,1,1,59,59359,1,4,2,1,1
202300002567,27,11,2023,18:50,5,3,3,38,38416,2,4,2,1,2
202300002568,25,3,2023,16:40,1,8,3,57,57447,2,4,2,1,1
202300002569,27,11,2023,17:45,5,2,6,38,38416,2,3,2,1,2
202300002570,25,3,2023,22:37,5,2,3,49,49007,2,4,3,1,2
202300002570,25,3,2023,22:37,5,2,3,49,49007,2,4,2,1,2
202300002571,25,3,2023,02:59,5,2,6,49,49007,2,4,2,1,2
202300002572,25,11,2023,19:05,3,2,1,38,38422,1,3,2,2,2
202300002573,21,3,2023,17:25,1,1,6,46,46042,2,4,1,1,1
202300002573,21,3,2023,17:25,1,1,6,46,46042,2,4,2,1,1
202300002574,28,11,2023,07:50,2,8,6,02,02810,2,4,2,1,1
202300002575,25,3,2023,20:30,5,1,1,45,45147,2,4,2,1,1
202300002575,25,3,2023,20:30,5,1,1,45,45147,2,4,2,1,1
202300002576,11,3,2023,20:58,5,1,6,45,45234,2,4,2,1,1
202300002577,28,11,2023,17:05,2,1,1,58,58006,1,3,2,1,1