id_accident,jour,mois,annee,heure_minute,luminosite,meteo,type_collision,departement,commune,agglomeration,categorie_route,regime_circulation,profil_route,etat_surface
202300002578,25,3,2023,15:45,1,1,6,45,45234,2,4,1,1,1
202300002579,25,3,2023,13:25,1,1,6,45,45234,2,4,2,1,1
202300002580,25,3,2023,16:45,1,1,1,44,44184,2,4,2,1,1
202300002580,25,3,2023,16:45,1,1,1,44,44184,2,4,2,1,1
202300002581,28,11,2023,11:27,1,1,3,54,54256,1,3,2,1,1
202300002581,28,11,2023,11:27,1,1,3,54,54256,1,3,2,1,1
202300002582,28,11,2023,09:40,1,1,6,72,72132,2,4,1,1,2
202300002583,25,3,2023,15:30,1,1,6,37,37214,2,4,-1,1,1
202300002584,27,11,2023,07:50,2,1,6,90,90094,2,4,2,1,1
202300002585,25,3,2023,07:55,1,1,6,37,37214,2,3,3,1,1
202300002586,7,6,2023,15:45,1,1,3,65,65440,2,3,-1,1,1
202300002586,7,6,2023,15:45,1,1,3,65,65440,2,3,2,1,1
202300002587,27,11,2023,12:00,1,2,2,64,64138,1,3,2,1,2
202300002588,25,3,2023,09:40,1,1,2,27,27229,2,4,2,1,1
202300002588,25,3,2023,09:40,1,1,2,27,27229,2,4,3,1,1
202300002589,6,6,2023,09:40,1,1,1,62,62624,2,4,2,1,1
202300002590,28,11,2023,15:00,1,1,1,73,73022,1,3,2,1,2
202300002591,25,11,2023,15:25,1,1,6,53,53147,2,4,2,1,1
202300002592,25,3,2023,10:03,1,1,3,16,16102,2,4,1,1,1
202300002592,25,3,2023,10:03,1,1,3,16,16102,2,4,2,1,1
202300002593,4,6,2023,18:30,1,1,1,62,62193,2,4,2,1,1
202300002594,25,3,2023,19:45,2,1,7,13,13102,2,4,-1,1,1
202300002594,25,3,2023,19:45,2,1,7,13,13102,2,4,-1,1,1
202300002595,13,4,2023,13:59,1,1,3,61,61169,2,4,2,1,1
202300002596,25,3,2023,17:45,5,1,6,13,13214,2,4,3,1,1
202300002597,25,3,2023,19:15,5,1,6,13,13203,2,4,2,3,1
202300002598,6,6,2023,10:50,1,1,6,60,60382,2,4,2,1,1
202300002599,21,3,2023,18:10,1,1,6,13,13212,2,4,2,1,1
202300002600,9,6,2023,00:30,5,1,6,59,59512,2,7,3,1,1
202300002601,20,9,2023,06:30,2,2,3,974,97409,2,4,2,1,2
202300002602,24,3,2023,20:30,5,1,3,13,13203,2,4,1,2,1
202300002602,24,3,2023,20:30,5,1,3,13,13203,2,4,1,2,1
202300002603,8,6,2023,11:10,1,1,3,59,59512,2,4,2,1,1
202300002604,15,9,2023,08:50,1,1,6,974,97409,2,4,2,1,1
202300002604,15,9,2023,08:50,1,1,6,974,97409,2,4,2,1,1
202300002605,8,6,2023,17:00,1,1,6,59,59043,2,3,2,1,1
202300002606,24,3,2023,21:10,5,1,3,13,13001,2,3,2,1,1
202300002607,27,5,2023,11:20,1,2,2,974,97409,1,2,1,1,2
202300002608,25,3,2023,16:50,1,1,6,11,11069,2,4,2,1,1
202300002609,8,6,2023,13:25,1,7,3,58,58194,2,4,-1,2,1
202300002609,8,6,2023,13:25,1,7,3,58,58194,2,4,2,1,1
202300002610,7,12,2023,20:30,3,3,2,33,33063,2,4,1,3,2
202300002611,25,3,2023,16:49,1,1,6,06,06088,2,4,1,1,1
202300002612,17,12,2023,11:00,1,1,6,13,13071,2,4,2,1,1
202300002613,25,3,2023,07:22,1,1,2,06,06088,2,4,1,2,1
202300002614,2,10,2023,17:30,1,1,7,27,27054,2,4,2,1,1
202300002615,6,6,2023,22:48,3,1,7,57,57019,2,4,-1,1,1
202300002615,6,6,2023,22:48,3,1,7,57,57019,2,4,-1,1,1
202300002616,25,3,2023,01:37,5,1,6,06,06088,2,4,1,1,1
202300002616,25,3,2023,01:37,5,1,6,06,06088,2,4,1,1,1
202300002617,3,4,2023,08:30,1,1,2,93,93062,2,3,2,1,1
202300002618,24,3,2023,11:55,1,1,7,75,75119,2,4,1,1,1
202300002619,7,6,2023,16:53,1,1,3,54,54395,2,4,2,2,1
202300002619,7,6,2023,16:53,1,1,3,54,54395,2,4,2,2,1
202300002620,24,3,2023,05:00,5,2,2,75,75116,2,4,1,1,2
202300002621,27,3,2023,08:20,1,1,3,93,93062,2,4,1,1,1
202300002622,7,6,2023,23:15,5,1,3,51,51454,2,4,1,1,1
202300002622,7,6,2023,23:15,5,1,3,51,51454,2,4,1,1,1
202300002623,23,3,2023,00:15,5,1,6,75,75106,2,4,2,4,1
202300002623,23,3,2023,00:15,5,1,6,75,75106,2,4,-1,1,1
202300002624,30,12,2023,13:15,1,1,1,74,74173,2,3,2,1,1
202300002625,7,6,2023,10:35,1,1,2,51,51454,2,4,2,1,1
202300002626,24,3,2023,13:25,1,2,3,75,75105,2,4,1,1,2
202300002627,28,12,2023,14:45,1,8,2,74,74018,1,1,3,1,1
202300002628,24,3,2023,11:50,1,1,6,75,75105,2,4,1,1,1
202300002629,7,6,2023,11:45,1,1,3,49,49007,2,4,2,1,2
202300002629,7,6,2023,11:45,1,1,3,49,49007,2,4,2,1,1
202300002630,25,3,2023,02:30,5,1,6,75,75119,2,4,2,1,1
202300002630,25,3,2023,02:30,5,1,6,75,75119,2,4,1,1,1
202300002631,16,12,2023,17:00,5,1,6,74,74010,2,4,2,1,1
202300002632,6,6,2023,16:35,1,1,6,49,49007,2,4,2,1,1
202300002632,6,6,2023,16:35,1,1,6,49,49007,2,4,2,1,1
202300002633,24,3,2023,11:40,1,1,6,75,75119,2,4,1,1,1
202300002633,24,3,2023,11:40,1,1,6,75,75119,2,4,2,1,1
202300002634,28,12,2023,22:40,3,1,7,74,74112,1,4,2,2,1
202300002635,8,6,2023,08:00,1,1,3,48,48095,2,4,2,2,1
202300002635,8,6,2023,08:00,1,1,3,48,48095,2,4,2,1,1
202300002636,25,3,2023,17:55,1,1,3,75,75117,2,4,2,1,1
202300002636,25,3,2023,17:55,1,1,3,75,75117,2,4,2,1,1
202300002637,25,3,2023,04:15,5,1,6,75,75117,2,4,2,1,1
202300002638,8,6,2023,10:45,1,1,6,45,45147,2,4,2,1,1
202300002639,28,12,2023,10:45,1,8,6,74,74225,2,4,2,1,2
202300002639,28,12,2023,10:45,1,8,6,74,74225,2,4,2,1,2
202300002640,8,6,2023,01:00,3,1,6,44,44162,1,2,3,1,1
202300002641,24,3,2023,12:20,1,1,3,75,75117,2,4,2,1,1
202300002642,24,12,2023,05:20,3,1,1,74,74165,1,3,2,1,1
202300002643,25,3,2023,00:01,5,1,3,75,75115,2,4,2,1,1
202300002643,25,3,2023,00:01,5,1,3,75,75115,2,4,2,1,1
202300002644,8,6,2023,23:05,5,1,3,43,43157,2,4,2,1,1
202300002644,8,6,2023,23:05,5,1,3,43,43157,2,4,-1,1,1
202300002645,26,12,2023,07:50,2,1,2,74,74010,1,1,1,1,1
202300002646,4,6,2023,13:00,1,1,6,42,42207,2,4,2,1,1
202300002647,30,12,2023,11:53,1,1,6,74,74081,2,6,-1,1,1
202300002648,24,3,2023,19:45,5,2,6,75,75115,2,4,1,1,2
202300002648,24,3,2023,19:45,5,2,6,75,75115,2,4,1,1,2
202300002649,8,6,2023,18:20,1,1,3,37,37261,2,4,2,1,1
202300002650,25,12,2023,23:15,4,1,6,74,74267,2,3,2,1,1
202300002651,7,6,2023,17:00,1,1,3,36,36044,2,4,2,1,1
202300002652,25,3,2023,16:45,1,1,3,75,75113,2,4,1,1,1
202300002652,25,3,2023,16:45,1,1,3,75,75113,2,4,1,1,1
202300002653,8,6,2023,16:00,1,1,3,35,35238,2,2,3,1,1
202300002654,15,12,2023,17:30,5,1,3,74,74043,2,3,2,1,1
202300002654,15,12,2023,17:30,5,1,3,74,74043,2,3,2,2,1
202300002655,25,3,2023,14:30,1,1,3,75,75111,2,4,2,1,1
202300002655,25,3,2023,14:30,1,1,3,75,75111,2,4,2,1,1
202300002656,12,12,2023,12:35,1,2,6,74,74171,1,3,2,1,2
202300002657,7,6,2023,16:00,1,1,3,35,35238,2,4,3,1,1
202300002657,7,6,2023,16:00,1,1,3,35,35238,2,4,-1,1,1
202300002658,25,3,2023,20:15,5,1,6,75,75110,2,4,1,2,1
202300002658,25,3,2023,20:15,5,1,6,75,75110,2,4,1,1,1
202300002659,23,12,2023,10:55,1,1,3,74,74010,2,4,1,1,2
202300002660,24,3,2023,18:30,1,3,6,75,75109,2,4,-1,1,2
202300002660,24,3,2023,18:30,1,3,6,75,75109,2,4,1,1,2
202300002661,7,6,2023,12:36,1,1,3,31,31555,2,7,1,1,1
202300002662,21,12,2023,07:30,5,2,3,74,74281,2,4,2,3,2
202300002662,21,12,2023,07:30,5,2,3,74,74281,2,4,2,1,2
202300002663,24,3,2023,00:00,5,2,6,75,75109,2,4,-1,1,2
202300002664,7,6,2023,11:00,1,1,6,29,29232,1,2,3,3,1
202300002665,12,12,2023,22:19,5,2,6,74,74133,1,1,3,1,2
202300002666,3,6,2023,18:10,1,1,6,29,29232,2,4,3,2,1
202300002667,25,3,2023,14:00,1,1,3,75,75108,2,4,2,1,1
202300002667,25,3,2023,14:00,1,1,3,75,75108,2,4,1,1,1
202300002668,24,3,2023,13:40,1,2,3,75,75108,2,4,-1,1,2
202300002669,7,6,2023,14:17,1,1,6,29,29039,2,4,1,2,1
202300002670,11,12,2023,07:45,2,3,5,74,74042,1,1,3,1,2
202300002671,25,3,2023,04:05,5,1,3,75,75107,2,4,1,1,1
202300002671,25,3,2023,04:05,5,1,3,75,75107,2,4,1,1,1
202300002672,8,6,2023,13:20,1,1,1,28,28404,2,4,2,1,1
202300002673,24,3,2023,20:50,5,1,3,75,75107,2,4,1,1,2
202300002673,24,3,2023,20:50,5,1,3,75,75107,2,4,1,1,2
202300002674,17,11,2023,23:40,3,1,5,74,74262,1,1,3,1,1
202300002675,5,11,2023,01:30,5,2,7,74,74133,1,1,1,1,2
202300002676,24,3,2023,18:20,1,3,3,75,75107,2,4,1,1,2
202300002676,24,3,2023,18:20,1,3,3,75,75107,2,4,1,1,2
202300002677,24,3,2023,13:10,1,2,6,75,75102,2,4,2,1,2
202300002678,13,12,2023,17:50,5,2,6,12,12202,2,4,2,1,2
202300002678,13,12,2023,17:50,5,2,6,12,12202,2,4,1,1,2
202300002679,7,6,2023,14:10,1,7,2,27,27681,2,4,2,1,1
202300002680,9,11,2023,10:40,1,3,1,13,13056,1,3,2,2,2
202300002681,7,6,2023,12:25,1,1,2,27,27229,1,4,2,1,1
202300002682,24,3,2023,18:05,2,2,4,94,94080,2,3,2,1,2
202300002683,14,12,2023,15:05,1,8,3,57,57370,2,3,2,1,1
202300002683,14,12,2023,15:05,1,8,3,57,57370,2,3,2,1,1
202300002683,14,12,2023,15:05,1,8,3,57,57370,2,3,2,1,1
202300002684,22,12,2023,04:50,3,2,7,57,57556,2,3,2,1,2
202300002685,6,6,2023,18:45,1,1,2,22,22278,2,4,2,1,1
202300002686,25,12,2023,01:46,3,1,1,57,57482,1,3,2,2,1
202300002687,24,3,2023,14:50,1,1,2,94,94078,2,2,3,1,1
202300002688,8,6,2023,14:15,1,1,2,22,22106,2,4,2,1,1
202300002689,30,12,2023,15:30,1,1,7,43,43268,1,3,2,1,1
202300002690,8,6,2023,08:30,1,1,4,22,22215,1,3,2,1,1
202300002691,29,12,2023,00:00,5,8,3,44,44109,2,4,2,1,1
202300002691,29,12,2023,00:00,5,8,3,44,44109,2,4,2,1,1
202300002692,24,3,2023,08:40,1,1,5,94,94074,1,3,2,1,1
202300002693,28,12,2023,11:15,1,8,3,44,44190,2,4,2,1,1
202300002694,7,6,2023,16:20,1,1,3,17,17333,2,4,-1,1,1
202300002694,7,6,2023,16:20,1,1,3,17,17333,2,4,-1,1,1
202300002695,23,3,2023,17:20,2,2,6,94,94068,2,4,-1,1,2
202300002696,27,12,2023,11:40,1,8,6,44,44143,2,4,2,1,1
202300002697,24,5,2023,17:50,1,1,7,13,13056,2,4,1,1,1
202300002698,23,12,2023,13:48,1,8,2,44,44109,2,4,2,1,1
202300002699,8,6,2023,21:40,5,1,3,13,13212,2,4,-1,1,1
202300002699,8,6,2023,21:40,5,1,3,13,13212,2,4,-1,1,1
202300002700,24,3,2023,21:55,5,2,2,94,94058,2,3,1,1,2
202300002700,24,3,2023,21:55,5,2,2,94,94058,2,3,1,1,2
202300002701,8,6,2023,16:30,1,1,3,13,13005,2,3,2,1,1
202300002702,21,12,2023,09:20,1,8,3,44,44109,2,4,2,1,1
202300002703,25,3,2023,18:35,1,1,2,94,94076,2,3,2,1,1
202300002704,21,12,2023,21:40,5,8,6,44,44109,2,4,-1,1,1
202300002705,7,6,2023,08:30,1,1,2,13,13005,2,3,2,1,1
202300002706,21,12,2023,19:35,3,8,6,44,44114,1,2,3,1,1
202300002707,7,6,2023,18:00,1,1,1,13,13004,2,4,2,1,1
202300002708,25,3,2023,14:45,1,1,1,94,94003,2,3,2,2,1
202300002709,19,12,2023,07:30,2,8,3,44,44109,2,4,2,1,1
202300002710,7,6,2023,16:57,1,1,3,10,10387,2,4,2,1,1
202300002711,19,12,2023,14:20,1,8,3,44,44109,2,4,2,1,1
202300002712,24,3,2023,14:00,1,1,5,94,94076,2,3,-1,1,1
202300002713,7,6,2023,21:10,1,1,2,10,10333,2,4,1,1,1
202300002713,7,6,2023,21:10,1,1,2,10,10333,2,4,1,1,1
202300002714,4,6,2023,09:30,1,1,2,08,08409,2,4,2,1,1
202300002715,24,3,2023,13:55,1,2,2,94,94011,2,3,3,1,2
202300002716,31,12,2023,19:05,3,1,1,93,93064,1,1,1,1,1
202300002717,23,3,2023,14:45,1,1,6,94,94028,2,3,3,1,1
202300002718,16,10,2023,10:00,1,1,2,93,93046,2,3,2,1,1
202300002719,8,6,2023,07:55,1,1,3,06,06069,2,4,2,1,1
202300002720,7,6,2023,19:25,1,1,2,75,75120,2,4,1,1,1
202300002721,25,10,2023,04:00,5,2,3,93,93046,2,4,2,1,2
202300002721,25,10,2023,04:00,5,2,3,93,93046,2,4,2,1,2
202300002722,25,3,2023,11:50,1,1,5,94,94017,2,3,2,1,1
202300002722,25,3,2023,11:50,1,1,5,94,94017,2,3,2,1,1
202300002723,8,6,2023,01:25,5,1,3,75,75106,2,4,-1,1,1
202300002723,8,6,2023,01:25,5,1,3,75,75106,2,4,2,1,1
202300002724,31,10,2023,19:00,5,2,1,93,93046,2,4,2,1,2
202300002724,31,10,2023,19:00,5,2,1,93,93046,2,4,2,1,2
202300002725,24,3,2023,16:10,1,2,2,94,94017,2,3,1,1,2
202300002725,24,3,2023,16:10,1,2,2,94,94017,2,3,2,2,2
202300002726,7,6,2023,18:40,1,1,3,75,75120,2,4,3,1,1
202300002726,7,6,2023,18:40,1,1,3,75,75120,2,4,1,1,1
202300002727,1,10,2023,09:35,1,1,6,93,93046,2,3,3,1,1
202300002727,1,10,2023,09:35,1,1,6,93,93046,2,3,2,1,1
202300002728,8,6,2023,14:50,1,1,6,75,75119,2,4,2,4,1
202300002729,24,3,2023,10:30,1,1,3,94,94017,2,3,2,1,1
202300002730,9,10,2023,09:24,1,1,3,93,93074,2,3,2,1,1
202300002731,18,12,2023,18:10,5,8,3,44,44109,2,4,2,1,1
202300002731,18,12,2023,18:10,5,8,3,44,44109,2,4,2,1,1
202300002732,24,3,2023,15:00,1,1,6,93,93066,2,4,3,1,1
202300002733,8,6,2023,20:20,1,1,3,75,75116,2,4,2,1,1
202300002733,8,6,2023,20:20,1,1,3,75,75116,2,4,2,1,1
202300002734,28,9,2023,00:30,5,1,6,93,93046,2,4,2,1,1
202300002735,8,6,2023,16:20,1,1,6,75,75116,2,4,2,1,1
202300002736,24,3,2023,20:30,5,8,3,93,93055,2,3,3,1,1
202300002737,16,12,2023,22:58,3,8,7,44,44109,2,4,2,1,1
202300002738,8,6,2023,12:55,1,1,6,75,75116,2,4,2,1,1
202300002738,8,6,2023,12:55,1,1,6,75,75116,2,4,2,1,1
202300002739,8,6,2023,09:00,1,1,3,75,75116,2,4,2,1,1
202300002740,15,12,2023,15:30,1,8,6,44,44109,2,4,2,1,1
202300002741,24,3,2023,16:00,1,2,3,93,93053,2,3,2,1,2
202300002742,16,12,2023,09:00,1,1,2,09,09160,2,3,2,1,1
202300002743,7,6,2023,13:30,1,1,2,75,75115,2,4,1,1,1
202300002743,7,6,2023,13:30,1,1,2,75,75115,2,4,2,1,1
202300002744,10,12,2023,10:30,1,1,7,09,09167,1,3,2,2,1
202300002744,10,12,2023,10:30,1,1,7,09,09167,1,3,2,1,1
202300002745,25,3,2023,17:40,1,1,5,93,93051,2,3,3,1,1
202300002746,7,6,2023,10:55,1,1,6,75,75115,2,4,1,1,1
202300002746,7,6,2023,10:55,1,1,6,75,75115,2,4,2,1,1
202300002747,5,12,2023,17:30,2,1,1,09,09282,1,3,2,1,1
202300002748,24,3,2023,16:55,1,2,6,93,93051,2,3,2,1,2
202300002748,24,3,2023,16:55,1,2,6,93,93051,2,3,2,1,2
202300002749,14,12,2023,17:45,5,1,1,66,66017,2,4,2,1,1
202300002750,8,6,2023,20:45,2,1,3,75,75113,2,4,1,1,1
202300002750,8,6,2023,20:45,2,1,3,75,75113,2,4,1,1,1
202300002751,10,11,2023,15:55,1,1,2,13,13076,1,3,2,1,1
202300002751,10,11,2023,15:55,1,1,2,13,13076,1,3,2,1,1
202300002752,6,6,2023,22:15,5,1,2,75,75113,2,4,2,1,1
202300002752,6,6,2023,22:15,5,1,2,75,75113,2,4,-1,1,1
202300002753,24,3,2023,15:20,1,8,6,93,93049,2,3,3,1,2
202300002754,14,12,2023,15:40,1,8,2,44,44143,2,4,2,1,1
202300002755,8,6,2023,11:30,1,1,6,75,75112,2,4,1,1,1
202300002755,8,6,2023,11:30,1,1,6,75,75112,2,4,1,1,1
202300002756,12,12,2023,07:53,2,8,6,44,44109,2,4,-1,1,1
202300002757,24,3,2023,17:10,1,2,3,93,93048,2,3,2,1,2
202300002757,24,3,2023,17:10,1,2,3,93,93048,2,3,1,1,2
202300002758,8,6,2023,08:30,1,1,6,75,75112,2,4,2,1,1
202300002758,8,6,2023,08:30,1,1,6,75,75112,2,4,2,1,1
202300002759,12,12,2023,11:00,1,8,3,44,44109,2,4,-1,1,2
202300002759,12,12,2023,11:00,1,8,3,44,44109,2,4,2,1,2
202300002760,24,3,2023,17:00,1,6,7,93,93046,2,3,1,2,2
202300002761,11,12,2023,10:10,1,8,6,44,44109,2,4,-1,1,1
202300002762,9,12,2023,19:20,5,8,6,44,44109,2,4,2,1,1
202300002763,8,6,2023,12:30,1,1,3,75,75109,2,4,1,2,1
202300002763,8,6,2023,12:30,1,1,3,75,75109,2,4,1,1,1
202300002764,25,3,2023,18:34,1,1,6,93,93031,2,4,2,1,1
202300002764,25,3,2023,18:34,1,1,6,93,93031,2,4,2,1,1
202300002765,8,12,2023,19:49,5,8,7,44,44109,2,4,-1,1,1
202300002766,8,6,2023,09:16,1,1,6,94,94078,2,2,1,1,1
202300002767,7,12,2023,19:00,5,8,6,44,44143,2,4,-1,1,1
202300002768,7,12,2023,20:35,5,8,7,44,44109,2,4,2,1,1
202300002769,8,6,2023,08:45,1,1,6,94,94078,2,4,2,2,1
202300002770,25,3,2023,08:45,1,1,3,93,93029,2,4,2,1,1
202300002771,7,12,2023,08:45,2,8,6,44,44162,2,4,2,1,1
202300002772,8,6,2023,21:40,2,1,3,94,94046,2,3,2,1,1
202300002772,8,6,2023,21:40,2,1,3,94,94046,2,3,2,1,1
202300002773,7,12,2023,12:00,1,8,6,44,44162,2,4,2,1,1
202300002774,6,12,2023,09:50,1,1,7,44,44109,2,4,2,1,1
202300002775,24,3,2023,17:30,1,2,3,93,93027,2,3,3,1,2
202300002775,24,3,2023,17:30,1,2,3,93,93027,2,3,2,1,2
202300002776,5,12,2023,15:40,1,8,6,44,44109,2,4,2,1,1
202300002777,8,6,2023,11:00,1,1,2,94,94046,2,3,2,1,1
202300002777,8,6,2023,11:00,1,1,2,94,94046,2,3,2,1,1
202300002778,5,12,2023,12:25,1,8,2,44,44109,1,2,2,2,1
202300002779,24,3,2023,10:40,1,8,6,93,93027,2,4,1,1,1
202300002780,4,12,2023,09:16,1,8,3,44,44109,2,4,2,1,1
202300002781,8,6,2023,18:45,2,1,2,94,94043,2,4,1,1,1
202300002782,8,6,2023,03:30,5,1,7,94,94076,2,3,3,2,1
202300002783,4,12,2023,18:30,5,8,6,44,44143,2,4,2,1,1
202300002783,4,12,2023,18:30,5,8,6,44,44143,2,4,2,1,1
202300002784,23,3,2023,21:24,5,2,6,93,93027,2,3,3,1,2
202300002785,1,12,2023,20:00,3,1,1,44,44162,2,4,2,1,1
202300002786,7,6,2023,19:45,1,1,3,94,94081,2,3,3,1,1
202300002786,7,6,2023,19:45,1,1,3,94,94081,2,3,1,1,1
202300002787,1,12,2023,03:30,5,1,7,44,44109,2,4,2,1,1
202300002788,25,3,2023,17:45,1,1,6,93,93005,2,3,3,1,1
202300002789,29,11,2023,17:30,3,8,3,44,44162,1,2,2,1,1
202300002790,8,6,2023,19:40,1,1,2,94,94073,1,2,3,1,1
202300002791,28,11,2023,08:15,2,8,6,44,44143,2,4,2,1,1
202300002792,7,6,2023,15:00,1,1,3,94,94011,2,3,-1,1,1
202300002793,27,11,2023,16:35,2,8,3,44,44109,1,4,2,1,1
202300002794,25,3,2023,16:00,1,1,3,93,93005,2,4,2,1,1
202300002794,25,3,2023,16:00,1,1,3,93,93005,2,4,2,1,1
202300002795,8,6,2023,19:35,1,1,3,93,93031,2,3,3,1,1
202300002796,25,11,2023,12:29,1,8,2,44,44143,2,4,1,1,1
202300002796,25,11,2023,12:29,1,8,2,44,44143,2,4,2,1,1
202300002797,23,11,2023,17:40,5,8,3,44,44190,2,4,2,1,1
202300002798,8,6,2023,19:52,1,1,6,93,93027,2,3,3,1,1
202300002799,23,12,2023,14:11,1,1,2,74,74282,1,1,1,1,1
202300002800,25,3,2023,08:27,1,1,3,93,93005,2,3,2,1,1
202300002801,8,6,2023,07:40,1,1,3,93,93014,2,3,2,1,1
202300002802,17,12,2023,15:45,1,7,6,74,74108,1,3,2,1,1
202300002803,8,6,2023,15:30,1,1,6,93,93007,2,4,1,1,1
202300002804,31,12,2023,11:55,1,3,3,74,74133,2,3,2,1,2
202300002805,24,3,2023,00:01,5,2,6,93,93027,2,3,1,1,2
202300002805,24,3,2023,00:01,5,2,6,93,93027,2,3,3,1,2
202300002806,21,12,2023,22:00,3,3,6,74,74041,1,3,2,1,2
202300002807,8,6,2023,17:50,1,1,3,93,93007,2,4,2,1,1
202300002807,8,6,2023,17:50,1,1,3,93,93007,2,4,1,1,1
202300002808,21,12,2023,21:20,3,2,6,74,74128,1,3,2,4,2
202300002809,22,3,2023,15:00,1,8,3,92,92072,2,3,2,2,1
202300002809,22,3,2023,15:00,1,8,3,92,92072,2,3,2,1,1
202300002810,8,6,2023,19:00,1,7,3,92,92051,2,4,2,1,1
202300002811,21,12,2023,14:41,1,2,1,74,74159,1,3,2,1,2
202300002812,8,6,2023,16:50,1,1,6,92,92020,2,6,-1,2,1
202300002813,24,3,2023,09:39,1,1,3,92,92064,2,3,2,1,1
202300002814,19,12,2023,01:00,4,9,1,74,74191,2,3,2,2,7
202300002815,17,12,2023,08:10,2,1,6,74,74105,2,3,2,1,1
202300002815,17,12,2023,08:10,2,1,6,74,74105,2,3,2,1,1
202300002816,8,6,2023,03:10,5,1,1,92,92020,2,3,1,2,1
202300002816,8,6,2023,03:10,5,1,1,92,92020,2,3,2,1,1
202300002817,8,12,2023,16:55,5,2,6,74,74112,1,4,-1,1,2
202300002817,8,12,2023,16:55,5,2,6,74,74112,1,4,-1,1,2
202300002818,24,3,2023,17:35,1,2,2,92,92063,2,3,2,1,2
202300002819,18,12,2023,16:00,1,1,7,74,74026,1,4,2,1,1
202300002820,7,6,2023,17:45,1,1,3,92,92020,2,3,1,1,1
202300002820,7,6,2023,17:45,1,1,3,92,92020,2,3,-1,1,1
202300002821,30,11,2023,16:40,5,2,6,74,74123,2,3,2,1,2
202300002822,7,6,2023,15:32,1,1,3,92,92025,2,3,2,1,1
202300002823,2,11,2023,03:50,3,8,6,74,74044,1,1,3,1,2
202300002824,24,3,2023,21:00,5,1,3,92,92050,2,3,1,1,1
202300002824,24,3,2023,21:00,5,1,3,92,92050,2,3,2,1,1
202300002824,24,3,2023,21:00,5,1,3,92,92050,2,3,3,1,1
202300002825,23,10,2023,21:50,5,8,5,74,74042,1,3,1,1,2
202300002826,6,6,2023,11:15,1,1,5,92,92004,2,3,-1,1,1
202300002827,21,9,2023,15:00,1,1,3,35,35176,2,3,2,3,1
202300002827,21,9,2023,15:00,1,1,3,35,35176,2,3,2,1,1
202300002828,6,6,2023,19:30,1,1,2,92,92004,2,3,-1,1,1
202300002829,25,3,2023,20:30,5,2,6,92,92020,2,3,2,1,2
202300002830,28,10,2023,18:40,3,3,3,62,62203,1,3,2,1,2
202300002830,28,10,2023,18:40,3,3,3,62,62203,1,3,2,2,2
202300002831,7,6,2023,17:30,1,1,4,76,76517,1,1,1,1,1
202300002832,13,10,2023,14:00,1,8,1,22,22391,1,3,2,1,2
202300002833,24,3,2023,20:35,4,2,6,92,92049,2,3,2,1,2
202300002833,24,3,2023,20:35,4,2,6,92,92049,2,3,2,2,2
202300002834,22,11,2023,11:30,1,1,6,44,44162,2,4,2,1,1
202300002835,7,6,2023,16:55,1,9,6,22,22237,1,4,2,1,1
202300002836,22,11,2023,14:20,1,8,6,44,44109,2,4,2,1,1
202300002837,18,11,2023,21:40,5,1,3,44,44109,2,4,1,1,1
202300002837,18,11,2023,21:40,5,1,3,44,44109,2,4,1,1,1
202300002838,4,6,2023,01:20,3,1,2,33,33166,2,3,2,1,1
202300002838,4,6,2023,01:20,3,1,2,33,33166,2,3,2,1,1
202300002839,22,3,2023,19:02,1,1,2,92,92036,2,3,2,1,1
202300002840,18,11,2023,11:15,1,8,1,44,44109,2,4,2,2,1
202300002840,18,11,2023,11:15,1,8,1,44,44109,2,4,2,2,1
202300002841,8,6,2023,08:29,1,1,3,06,06161,2,3,2,1,1
202300002842,16,11,2023,08:00,2,1,6,44,44109,2,4,2,1,1
202300002842,16,11,2023,08:00,2,1,6,44,44109,2,4,2,1,1
202300002843,24,3,2023,11:45,1,1,3,92,92035,2,3,3,1,1
202300002844,15,11,2023,08:10,2,8,3,44,44109,2,4,1,1,1
202300002844,15,11,2023,08:10,2,8,3,44,44109,2,4,2,1,1
202300002845,7,6,2023,17:45,1,1,3,49,49092,1,3,2,1,1
202300002845,7,6,2023,17:45,1,1,3,49,49092,1,3,2,1,1
202300002846,15,11,2023,14:20,1,8,7,44,44109,2,4,1,1,1
202300002847,14,11,2023,13:00,1,8,6,44,44109,2,4,2,1,1
202300002848,8,6,2023,14:15,1,1,6,974,97412,2,4,2,1,1
202300002849,10,11,2023,16:15,1,8,6,44,44190,2,4,2,1,1
202300002849,10,11,2023,16:15,1,8,6,44,44190,2,4,2,1,1
202300002850,24,3,2023,16:10,1,8,6,92,92025,2,3,2,2,1
202300002851,31,5,2023,14:15,1,1,1,972,97227,1,2,2,2,1
202300002852,10,11,2023,10:15,1,8,3,44,44109,2,4,2,1,1
202300002853,8,11,2023,09:25,1,8,3,44,44109,2,4,2,1,1
202300002854,9,6,2023,14:45,1,1,3,76,76616,1,4,2,2,1
202300002855,30,12,2023,23:00,3,1,2,93,93066,1,1,3,1,1
202300002856,23,3,2023,20:45,5,1,3,92,92025,2,4,1,1,1
202300002856,23,3,2023,20:45,5,1,3,92,92025,2,4,2,1,1
202300002857,9,6,2023,05:30,1,1,7,01,01446,1,3,2,1,1
202300002858,8,6,2023,12:20,1,1,7,14,14027,1,3,-1,4,9
202300002859,30,12,2023,01:20,3,1,1,93,93007,1,1,3,1,2