id_accident,jour,mois,annee,heure_minute,luminosite,meteo,type_collision,departement,commune,agglomeration,categorie_route,regime_circulation,profil_route,etat_surface
202300002860,23,3,2023,19:20,3,1,6,92,92025,2,3,2,1,1
202300002861,29,12,2023,13:15,1,2,2,69,69382,2,4,1,1,2
202300002862,2,12,2023,13:35,1,8,6,15,15012,1,3,2,2,2
202300002863,5,6,2023,18:50,1,1,3,84,84025,1,3,2,1,1
202300002863,5,6,2023,18:50,1,1,3,84,84025,1,3,2,1,1
202300002864,8,6,2023,17:40,1,2,6,85,85144,1,4,2,1,2
202300002865,23,3,2023,07:25,1,2,1,92,92025,2,3,-1,1,2
202300002865,23,3,2023,07:25,1,2,1,92,92025,2,3,1,1,2
202300002866,29,11,2023,09:30,1,1,6,13,13211,1,1,1,1,1
202300002867,9,6,2023,10:10,1,1,3,44,44129,1,2,3,1,1
202300002868,20,11,2023,19:00,3,1,2,13,13214,1,1,-1,1,1
202300002869,6,6,2023,11:00,1,1,6,66,66050,2,6,-1,1,1
202300002870,23,3,2023,14:00,1,1,3,92,92024,2,3,-1,1,1
202300002870,23,3,2023,14:00,1,1,3,92,92024,2,3,2,1,1
202300002871,24,8,2023,16:30,1,1,1,60,60577,1,2,2,1,1
202300002872,8,6,2023,07:40,1,1,2,30,30060,2,4,2,1,1
202300002873,17,11,2023,19:46,3,1,2,13,13106,1,1,-1,1,1
202300002874,28,5,2023,10:50,1,1,7,57,57275,1,3,2,1,1
202300002875,17,11,2023,14:42,1,1,2,13,13203,1,1,1,2,1
202300002876,25,3,2023,15:00,1,6,1,80,80668,2,4,1,1,1
202300002877,8,6,2023,19:00,1,1,1,51,51027,1,3,2,2,1
202300002878,23,8,2023,17:00,1,1,3,18,18278,1,3,2,1,1
202300002878,23,8,2023,17:00,1,1,3,18,18278,1,3,2,1,1
202300002879,18,11,2023,09:58,1,1,3,13,13071,1,1,1,1,1
202300002880,26,3,2023,12:15,1,3,7,60,60357,1,3,2,2,2
202300002881,8,6,2023,04:50,3,1,6,51,51388,1,3,2,1,1
202300002882,23,8,2023,19:30,1,9,6,16,16065,1,3,2,1,1
202300002883,8,11,2023,07:20,5,1,2,13,13212,1,1,1,1,1
202300002884,5,6,2023,21:05,1,1,6,56,56249,1,3,2,4,1
202300002885,21,8,2023,17:30,1,7,7,07,07258,1,3,2,1,1
202300002886,7,11,2023,17:40,2,1,2,13,13088,1,1,1,1,1
202300002887,25,3,2023,06:35,1,1,1,47,47040,2,3,2,1,1
202300002888,10,5,2023,10:00,1,1,6,56,56008,1,3,2,1,1
202300002889,21,8,2023,17:45,1,7,7,21,21414,1,4,2,1,1
202300002890,2,11,2023,21:05,3,1,2,93,93073,2,4,1,2,1
202300002891,7,6,2023,16:45,1,1,5,76,76197,1,3,2,1,1
202300002892,7,11,2023,08:45,1,1,3,44,44109,2,4,2,2,1
202300002892,7,11,2023,08:45,1,1,3,44,44109,2,4,2,2,1
202300002893,20,8,2023,19:14,1,1,3,21,21412,2,3,2,1,1
202300002893,20,8,2023,19:14,1,1,3,21,21412,2,3,2,1,1
202300002894,25,3,2023,23:50,3,1,6,974,97404,1,2,3,1,1
202300002895,30,10,2023,16:45,1,1,6,44,44143,2,4,2,1,1
202300002896,9,6,2023,16:45,1,1,6,2A,2A271,2,2,2,1,1
202300002897,23,8,2023,19:25,1,1,3,24,24129,1,3,2,1,1
202300002897,23,8,2023,19:25,1,1,3,24,24129,1,3,2,1,1
202300002898,14,11,2023,19:00,3,1,3,93,93051,1,1,3,1,2
202300002899,24,3,2023,15:00,1,1,4,26,26324,1,1,3,1,1
202300002900,8,6,2023,12:00,1,1,6,2A,2A271,1,2,2,-1,-1
202300002900,8,6,2023,12:00,1,1,6,2A,2A271,1,2,2,1,1
202300002901,23,8,2023,21:25,3,1,6,85,85096,2,3,2,1,1
202300002902,7,11,2023,07:00,3,1,3,93,93051,1,1,-1,1,1
202300002903,25,3,2023,15:50,1,1,7,65,65153,1,3,2,2,1
202300002904,7,6,2023,19:20,1,1,3,2B,2B251,2,2,2,1,1
202300002904,7,6,2023,19:20,1,1,3,2B,2B251,2,2,2,2,1
202300002905,2,11,2023,06:00,3,6,7,93,93051,1,1,3,1,2
202300002906,8,6,2023,19:53,1,1,7,2B,2B150,1,2,2,2,1
202300002907,25,3,2023,19:00,2,2,2,72,72260,1,3,2,1,2
202300002908,19,8,2023,14:00,1,1,3,17,17140,1,4,2,1,1
202300002909,30,10,2023,20:40,3,8,3,44,44035,1,2,2,1,1
202300002910,25,3,2023,17:30,1,1,6,41,41184,1,4,-1,1,1
202300002911,5,6,2023,07:50,1,1,3,82,82131,1,3,2,2,1
202300002912,30,10,2023,17:15,1,8,6,44,44109,2,4,2,1,1
202300002913,24,8,2023,12:30,1,7,3,87,87154,1,3,2,3,1
202300002913,24,8,2023,12:30,1,7,3,87,87154,1,3,-1,3,-1
202300002914,31,8,2023,10:16,1,1,7,38,38389,1,4,2,3,1
202300002915,8,6,2023,18:45,1,1,3,32,32190,2,3,2,1,1
202300002915,8,6,2023,18:45,1,1,3,32,32190,2,3,2,1,1
202300002916,28,10,2023,02:15,5,8,3,44,44109,2,4,2,1,1
202300002917,23,8,2023,19:55,1,1,3,30,30210,2,3,2,1,1
202300002917,23,8,2023,19:55,1,1,3,30,30210,2,3,2,1,1
202300002918,26,3,2023,09:45,1,1,2,19,19229,1,1,1,1,2
202300002919,27,10,2023,07:40,2,8,3,44,44109,2,4,2,1,1
202300002920,24,8,2023,19:20,2,1,7,48,48027,1,3,2,1,1
202300002921,9,6,2023,19:35,2,2,1,63,63179,1,3,2,1,2
202300002922,21,10,2023,17:00,2,8,6,44,44162,2,4,2,1,1
202300002923,26,3,2023,05:30,3,2,1,51,51391,1,2,2,1,2
202300002924,28,5,2023,12:00,1,1,3,61,61210,1,3,2,2,1
202300002924,28,5,2023,12:00,1,1,3,61,61210,1,3,2,1,1
202300002925,24,8,2023,08:18,1,1,3,31,31255,1,2,3,1,1
202300002925,24,8,2023,08:18,1,1,3,31,31255,1,2,2,1,1
202300002926,24,3,2023,12:10,1,2,7,19,19010,2,3,1,1,2
202300002927,26,12,2023,11:25,1,1,3,88,88319,2,3,2,1,1
202300002928,9,6,2023,12:00,1,1,3,55,55060,1,3,2,1,1
202300002929,25,3,2023,20:25,3,8,1,59,59337,1,3,2,1,1
202300002930,22,12,2023,13:15,1,2,2,88,88290,1,3,2,1,2
202300002930,22,12,2023,13:15,1,2,2,88,88290,1,3,2,1,2
202300002931,20,8,2023,17:45,1,1,1,01,01067,1,1,3,1,1
202300002932,31,5,2023,20:00,2,7,1,49,49069,1,3,2,1,1
202300002933,25,12,2023,05:25,4,1,6,88,88251,1,3,2,2,1
202300002934,26,3,2023,03:50,3,1,6,82,82127,1,3,2,1,1
202300002935,10,7,2023,18:45,1,1,3,35,35353,2,2,3,1,1
202300002936,7,6,2023,10:00,1,1,6,12,12056,2,2,2,1,1
202300002937,18,12,2023,13:45,1,7,6,88,88320,2,4,2,2,1
202300002938,25,3,2023,22:20,5,1,6,65,65455,2,3,2,1,1
202300002939,9,6,2023,00:05,3,1,1,34,34223,1,3,2,1,1
202300002940,21,8,2023,19:20,1,1,1,13,13058,2,3,2,1,1
202300002941,26,12,2023,15:18,1,2,4,10,10220,1,3,2,1,2
202300002942,8,6,2023,19:15,1,2,6,44,44006,1,3,2,2,2
202300002943,24,8,2023,10:19,1,1,6,28,28392,1,1,3,2,1
202300002944,1,12,2023,12:15,1,1,3,10,10224,2,3,2,1,1
202300002944,1,12,2023,12:15,1,1,3,10,10224,2,3,2,1,1
202300002945,24,3,2023,17:00,1,1,6,65,65375,1,3,2,1,1
202300002945,24,3,2023,17:00,1,1,6,65,65375,1,3,2,1,1
202300002946,21,8,2023,08:00,1,1,6,987,98722,2,4,2,2,1
202300002947,8,6,2023,17:15,1,1,1,35,35122,2,3,2,1,1
202300002947,8,6,2023,17:15,1,1,1,35,35122,2,3,2,1,1
202300002948,24,7,2023,13:45,1,1,3,34,34289,2,3,1,1,1
202300002948,24,7,2023,13:45,1,1,3,34,34289,2,3,2,1,1
202300002949,7,6,2023,16:30,1,1,2,03,03093,1,3,2,2,1
202300002950,13,9,2023,18:00,1,1,4,93,93066,1,1,1,1,1
202300002951,22,8,2023,17:20,1,1,3,987,98729,1,2,2,1,1
202300002952,25,3,2023,19:25,2,8,6,33,33384,1,4,2,2,1
202300002953,7,6,2023,17:00,1,1,3,70,70467,2,4,2,1,1
202300002954,25,10,2023,20:20,5,1,3,44,44162,2,4,2,1,1
202300002955,22,8,2023,12:38,1,1,7,974,97408,1,2,3,1,1
202300002956,23,10,2023,19:15,3,1,6,44,44162,2,4,2,1,1
202300002957,26,3,2023,17:30,1,7,6,71,71014,2,4,2,1,2
202300002958,9,6,2023,09:50,1,1,3,26,26118,2,4,2,1,1
202300002958,9,6,2023,09:50,1,1,3,26,26118,2,4,2,1,1
202300002959,23,8,2023,21:30,3,1,5,973,97311,1,3,2,1,1
202300002960,21,10,2023,19:11,4,1,3,44,44109,2,4,-1,1,1
202300002961,6,6,2023,17:48,1,1,1,72,72253,2,3,4,1,1
202300002962,26,3,2023,17:32,1,8,6,61,61214,2,4,1,2,2
202300002963,8,6,2023,04:35,3,1,7,06,06150,1,3,2,2,1
202300002964,20,10,2023,07:45,2,1,2,44,44109,2,4,2,1,1
202300002965,20,8,2023,11:50,1,1,4,33,33333,1,3,2,1,1
202300002966,20,10,2023,19:10,4,8,6,44,44143,2,4,2,1,1
202300002967,25,3,2023,16:45,1,1,1,42,42149,2,3,2,1,1
202300002968,7,6,2023,01:10,3,1,7,50,50464,1,3,2,1,1
202300002969,20,8,2023,07:50,1,1,6,45,45051,2,4,2,1,1
202300002970,11,8,2023,19:15,1,1,3,10,10333,2,4,2,1,1
202300002970,11,8,2023,19:15,1,1,3,10,10333,2,4,-1,2,1
202300002971,8,6,2023,18:15,1,1,3,50,50158,1,3,2,1,1
202300002972,24,3,2023,20:15,5,2,1,44,44069,1,3,-1,1,2
202300002973,9,8,2023,12:44,1,1,1,10,10333,2,4,2,1,1
202300002973,9,8,2023,12:44,1,1,1,10,10333,2,4,2,1,1
202300002974,9,6,2023,09:05,1,1,1,60,60319,1,3,2,1,1
202300002975,18,8,2023,22:34,3,1,1,45,45039,2,3,2,1,1
202300002975,18,8,2023,22:34,3,1,1,45,45039,2,3,2,2,1
202300002976,7,6,2023,06:45,2,1,6,45,45148,2,4,2,1,1
202300002977,24,3,2023,23:30,3,1,6,29,29174,2,3,2,1,1
202300002978,20,10,2023,21:55,5,8,6,44,44109,2,4,2,1,1
202300002979,24,3,2023,19:00,2,8,7,02,02232,1,3,2,1,2
202300002980,5,8,2023,19:55,1,8,3,10,10081,2,4,-1,1,1
202300002981,21,8,2023,15:30,1,1,1,45,45316,1,3,2,1,1
202300002982,9,6,2023,17:35,1,1,5,18,18126,1,3,2,1,1
202300002983,19,10,2023,17:07,1,1,6,44,44109,2,4,-1,1,1
202300002984,25,3,2023,16:30,1,1,6,66,66222,2,4,2,2,1
202300002985,7,6,2023,21:30,2,1,6,36,36120,1,3,2,1,1
202300002986,17,10,2023,10:40,1,1,2,44,44114,2,4,2,2,1
202300002987,9,6,2023,11:45,1,1,7,36,36140,1,4,3,1,1
202300002988,19,8,2023,14:45,1,1,3,91,91461,1,3,2,1,1
202300002989,25,3,2023,17:45,1,1,7,72,72381,2,9,2,1,1
202300002990,17,10,2023,07:20,2,1,6,44,44162,2,4,2,1,1
202300002991,8,6,2023,17:20,1,1,7,53,53043,1,3,2,1,1
202300002992,14,10,2023,19:15,1,1,7,44,44143,2,4,2,1,1
202300002993,23,8,2023,05:50,2,1,6,91,91587,1,3,3,2,1
202300002994,9,6,2023,05:25,2,1,6,24,24067,1,3,2,1,1
202300002995,25,3,2023,20:40,3,2,5,60,60030,1,3,2,1,2
202300002996,14,10,2023,11:55,1,8,6,44,44162,2,4,2,1,1
202300002996,14,10,2023,11:55,1,8,6,44,44162,2,4,2,1,1
202300002997,8,6,2023,01:00,3,1,6,24,24481,1,3,2,2,1
202300002998,14,10,2023,11:25,1,8,6,44,44109,1,4,2,1,1
202300002999,22,8,2023,13:40,1,1,1,66,66140,1,3,2,1,1
202300003000,8,6,2023,21:10,2,1,7,04,04233,1,3,2,1,1
202300003001,25,3,2023,19:00,1,1,3,18,18270,1,4,2,1,1
202300003002,22,8,2023,09:00,1,1,3,66,66037,2,4,2,1,1
202300003003,25,3,2023,16:15,1,1,6,36,36016,2,4,2,1,1
202300003004,9,6,2023,17:00,1,2,1,04,04008,1,2,2,2,2
202300003005,13,10,2023,13:00,1,1,2,44,44109,1,2,2,2,1
202300003006,21,8,2023,23:20,3,1,6,84,84068,2,3,2,1,1
202300003007,26,3,2023,13:00,1,1,6,07,07343,1,3,2,1,1
202300003008,6,6,2023,12:00,1,1,3,85,85246,1,3,2,1,1
202300003008,6,6,2023,12:00,1,1,3,85,85246,1,3,2,1,1
202300003009,9,10,2023,08:50,2,1,3,44,44109,2,4,2,1,1
202300003010,21,8,2023,12:15,1,1,6,84,84054,1,3,2,1,1
202300003011,4,10,2023,06:20,2,1,7,44,44109,2,4,-1,1,1
202300003012,26,3,2023,19:30,2,1,6,85,85146,1,4,2,1,1
202300003013,9,6,2023,00:40,3,9,7,17,17032,1,3,2,1,1
202300003014,4,10,2023,12:25,1,8,3,44,44109,2,4,-1,1,1
202300003014,4,10,2023,12:25,1,8,3,44,44109,2,4,2,1,1
202300003015,23,8,2023,22:10,3,1,1,84,84141,2,3,2,1,1
202300003016,8,6,2023,12:00,1,7,1,37,37033,1,3,2,1,1
202300003017,2,10,2023,11:00,1,8,7,44,44109,2,4,2,1,1
202300003018,8,6,2023,15:30,1,1,2,30,30227,2,9,2,1,1
202300003019,25,3,2023,18:44,1,1,3,17,17448,1,3,2,1,1
202300003019,25,3,2023,18:44,1,1,3,17,17448,1,3,2,1,1
202300003020,21,8,2023,17:35,1,1,1,83,83042,2,4,2,1,1
202300003020,21,8,2023,17:35,1,1,1,83,83042,2,4,2,1,1
202300003021,3,10,2023,07:40,5,8,3,44,44162,2,4,2,1,1
202300003022,5,6,2023,16:40,1,1,7,48,48128,1,4,2,1,1
202300003023,4,6,2023,21:00,2,1,6,31,31341,1,3,2,1,1
202300003024,26,3,2023,09:40,1,2,3,87,87017,1,2,2,1,2
202300003025,29,11,2023,14:45,1,1,3,92,92040,2,3,2,1,1
202300003025,29,11,2023,14:45,1,1,3,92,92040,2,3,3,1,1
202300003026,22,8,2023,03:55,5,1,3,83,83099,2,3,3,1,1
202300003026,22,8,2023,03:55,5,1,3,83,83099,2,3,2,1,1
202300003027,9,6,2023,15:45,1,2,3,74,74014,1,3,2,2,2
202300003028,5,11,2023,00:06,3,1,2,13,13071,1,1,1,2,2
202300003029,25,3,2023,20:44,3,1,6,30,30061,1,2,3,2,1
202300003030,30,9,2023,08:30,1,8,3,44,44109,2,4,2,1,1
202300003031,23,8,2023,10:10,1,1,6,06,06134,2,3,2,1,1
202300003032,9,6,2023,11:15,1,1,6,66,66172,2,4,2,1,1
202300003033,29,9,2023,18:40,1,1,2,44,44143,1,4,2,2,1
202300003034,22,8,2023,22:50,3,1,7,06,06058,1,3,2,2,1
202300003035,6,6,2023,08:28,1,1,2,80,80695,1,1,3,1,1
202300003036,29,9,2023,03:35,3,8,6,44,44215,1,2,2,1,1
202300003037,25,3,2023,17:45,1,8,6,10,10256,1,1,3,3,1
202300003038,24,8,2023,12:00,1,1,6,05,05063,1,3,2,2,1
202300003039,9,6,2023,11:30,1,1,2,974,97418,2,3,2,1,1
202300003040,28,9,2023,14:00,1,8,6,44,44109,2,4,2,1,1
202300003040,28,9,2023,14:00,1,8,6,44,44109,2,4,2,1,1
202300003041,26,3,2023,01:30,4,1,7,971,97103,1,2,3,1,1
202300003042,18,9,2023,17:45,1,8,2,44,44143,2,4,2,1,1
202300003043,8,6,2023,04:55,3,1,1,13,13040,1,3,2,1,1
202300003044,26,3,2023,01:00,3,1,6,988,98808,1,2,2,1,1
202300003045,28,9,2023,08:40,1,8,2,44,44114,2,4,2,1,1
202300003046,23,8,2023,21:20,3,1,1,13,13066,1,3,2,1,1
202300003047,8,6,2023,16:20,1,1,6,95,95040,1,3,3,1,1
202300003048,27,9,2023,12:20,1,8,3,44,44109,2,4,2,1,1
202300003049,21,8,2023,16:00,1,1,7,38,38215,2,4,2,1,1
202300003050,4,6,2023,01:20,3,1,2,91,91041,1,3,3,1,1
202300003051,25,9,2023,09:35,1,8,7,44,44143,2,4,2,1,1
202300003052,24,3,2023,22:20,3,1,6,971,97117,1,2,2,2,1
202300003053,8,6,2023,14:30,1,1,7,2B,2B084,1,3,2,2,1
202300003054,18,9,2023,14:30,1,8,6,44,44109,2,4,2,1,1
202300003055,21,8,2023,07:20,1,7,3,01,01142,2,3,1,1,1
202300003056,18,9,2023,18:15,1,1,7,44,44109,2,4,2,1,1
202300003057,9,6,2023,15:20,1,1,2,66,66171,2,4,2,1,1
202300003058,24,3,2023,20:05,3,1,1,84,84105,1,3,2,1,1
202300003059,22,8,2023,10:45,1,1,1,69,69178,2,3,1,2,1
202300003060,17,9,2023,06:40,2,8,6,44,44109,2,4,2,1,2
202300003061,8,6,2023,19:15,1,1,3,30,30258,2,4,2,1,1
202300003062,17,9,2023,04:31,5,8,3,44,44109,2,4,2,1,1
202300003063,25,3,2023,18:15,1,1,2,13,13030,1,3,2,1,1
202300003064,24,8,2023,08:30,1,1,6,81,81105,2,4,2,1,1
202300003064,24,8,2023,08:30,1,1,6,81,81105,2,4,2,1,1
202300003065,16,9,2023,10:30,1,8,6,44,44109,2,4,2,1,1
202300003066,7,6,2023,13:45,1,1,3,84,84049,1,3,2,2,1
202300003067,23,8,2023,14:30,1,1,2,65,65059,2,3,2,1,1
202300003068,25,3,2023,20:00,5,1,3,13,13041,2,3,2,1,1
202300003068,25,3,2023,20:00,5,1,3,13,13041,2,3,2,1,1
202300003069,15,9,2023,13:00,1,1,2,44,44109,2,4,2,1,1
202300003070,19,8,2023,18:44,1,1,6,31,31395,2,3,2,1,1
202300003071,14,9,2023,17:20,1,8,7,44,44109,2,4,2,1,1
202300003072,9,6,2023,19:25,1,8,2,71,71150,2,3,2,1,1
202300003072,9,6,2023,19:25,1,8,2,71,71150,2,3,2,1,1
202300003073,26,3,2023,10:45,1,3,7,58,58160,2,3,2,2,2
202300003074,14,9,2023,09:10,1,8,6,44,44109,2,4,2,1,1
202300003075,9,6,2023,14:40,1,1,7,68,68247,1,3,2,1,1
202300003076,24,8,2023,05:10,5,1,6,33,33042,2,3,2,4,1
202300003077,13,9,2023,11:05,1,8,3,44,44109,2,4,2,1,1
202300003078,6,6,2023,05:23,2,1,6,57,57242,1,3,2,1,1
202300003079,21,8,2023,23:40,4,1,7,49,49332,1,3,2,1,1
202300003080,11,9,2023,12:00,1,8,7,44,44020,2,4,2,1,1
202300003081,9,6,2023,02:40,3,1,6,81,81038,1,3,2,1,1
202300003082,24,3,2023,16:50,1,1,5,67,67118,2,7,2,1,1
202300003082,24,3,2023,16:50,1,1,5,67,67118,2,7,1,1,1
202300003083,9,9,2023,00:05,5,8,3,44,44190,2,4,2,1,1
202300003084,8,6,2023,14:50,1,1,6,65,65168,1,3,2,1,9
202300003085,21,8,2023,06:15,2,1,7,49,49020,1,3,1,2,1
202300003086,9,9,2023,07:50,1,8,6,44,44162,2,4,2,1,1
202300003087,25,3,2023,18:20,2,1,1,54,54437,1,4,-1,1,2
202300003088,7,9,2023,14:20,1,1,2,44,44114,2,4,2,1,1
202300003089,9,6,2023,18:30,1,1,3,17,17058,2,4,2,1,1
202300003089,9,6,2023,18:30,1,1,3,17,17058,2,4,2,1,1
202300003090,23,8,2023,08:35,1,1,3,22,22054,1,3,2,1,1
202300003090,23,8,2023,08:35,1,1,3,22,22054,1,3,2,1,1
202300003091,2,9,2023,11:15,1,1,7,14,14754,1,3,2,1,2
202300003092,9,3,2023,09:50,1,1,5,73,73179,1,3,2,1,1
202300003093,22,8,2023,18:30,1,1,7,80,80561,2,3,2,2,1
202300003094,7,6,2023,16:40,1,1,5,33,33530,2,3,2,1,1
202300003094,7,6,2023,16:40,1,1,5,33,33530,2,3,-1,1,1
202300003095,5,9,2023,20:49,1,1,3,44,44109,2,4,2,1,1
202300003096,8,6,2023,18:45,1,1,3,85,85092,2,4,1,-1,1
202300003096,8,6,2023,18:45,1,1,3,85,85092,2,4,2,2,1
202300003097,4,9,2023,19:10,1,8,7,44,44109,2,4,2,1,1
202300003098,8,6,2023,21:40,1,1,6,50,50041,2,4,2,2,1
202300003099,27,12,2023,18:15,5,1,3,33,33236,2,3,2,1,1
202300003099,27,12,2023,18:15,5,1,3,33,33236,2,3,2,1,1
202300003100,21,8,2023,18:06,1,1,3,13,13015,1,1,1,2,1
202300003101,7,6,2023,11:40,1,1,4,56,56167,1,2,3,1,1
202300003102,26,8,2023,05:30,2,3,6,44,44020,1,7,2,1,2
202300003103,21,8,2023,15:50,1,1,2,13,13071,1,1,1,1,1
202300003104,8,6,2023,16:50,1,1,7,22,22179,1,3,2,2,1
202300003105,22,8,2023,18:17,1,8,6,44,44114,2,4,2,1,1
202300003106,16,8,2023,18:00,1,1,3,13,13081,1,1,3,1,1
202300003107,9,6,2023,13:15,1,1,3,22,22242,1,3,2,1,1
202300003108,21,8,2023,16:35,1,8,6,44,44143,2,4,2,1,1
202300003109,10,8,2023,12:15,1,1,7,62,62274,1,1,-1,1,1
202300003110,17,8,2023,12:35,1,8,7,44,44162,2,4,2,1,1
202300003111,8,6,2023,13:14,1,1,3,22,22081,1,3,2,1,1
202300003111,8,6,2023,13:14,1,1,3,22,22081,1,3,2,1,1
202300003112,23,8,2023,15:40,1,1,2,91,91553,1,2,-1,1,1
202300003113,16,8,2023,20:10,1,1,3,44,44190,2,4,2,1,1
202300003114,21,8,2023,21:08,3,1,7,91,91471,1,2,1,1,1
202300003115,6,6,2023,08:45,1,1,5,60,60589,1,3,1,1,1
202300003116,11,8,2023,13:01,1,8,3,44,44109,2,4,1,1,1
202300003116,11,8,2023,13:01,1,8,3,44,44109,2,4,2,1,2
202300003117,21,8,2023,18:40,1,1,3,94,94038,1,1,3,1,1
202300003118,8,6,2023,18:00,1,1,7,60,60487,1,5,-1,3,1
202300003119,10,8,2023,18:30,1,8,3,44,44184,2,4,2,1,1
202300003120,9,6,2023,00:31,5,1,7,59,59249,2,4,2,2,1
202300003121,21,8,2023,07:51,1,1,4,92,92047,1,1,1,1,1
202300003122,10,8,2023,11:46,1,1,2,44,44109,2,4,2,1,1
202300003123,6,6,2023,16:15,1,7,3,59,59416,2,3,2,1,1
202300003124,9,8,2023,18:10,1,8,3,44,44109,2,4,2,1,1
202300003125,3,6,2023,17:30,1,1,3,13,13071,1,1,1,1,1
202300003126,23,7,2023,20:40,1,1,3,44,44109,2,4,2,1,1
202300003127,19,8,2023,23:19,3,1,5,78,78402,1,1,1,1,1
202300003128,8,6,2023,08:20,1,1,3,83,83144,1,1,1,1,1
202300003129,1,10,2023,10:45,1,1,7,39,39441,1,3,2,2,1
202300003130,19,8,2023,20:45,2,1,2,78,78242,1,1,-1,2,1
202300003131,27,4,2023,09:00,1,1,5,69,69204,1,1,3,1,1
202300003132,23,12,2023,15:25,1,1,3,17,17283,1,3,2,1,1
202300003132,23,12,2023,15:25,1,1,3,17,17283,1,3,2,1,1
202300003133,23,8,2023,15:30,1,1,6,95,95582,1,1,1,1,1
202300003134,1,8,2023,07:20,1,1,6,44,44109,2,4,2,1,1
202300003135,23,8,2023,15:00,1,1,6,93,93064,1,1,3,1,1
202300003136,6,6,2023,18:30,1,1,6,59,59128,1,7,-1,1,1
202300003137,23,8,2023,00:45,3,1,6,93,93078,1,1,-1,1,1
202300003138,26,5,2023,17:00,1,1,6,59,59234,1,1,-1,1,1
202300003139,29,7,2023,19:15,1,8,3,44,44184,2,4,2,1,1
202300003139,29,7,2023,19:15,1,8,3,44,44184,2,4,2,1,1
202300003140,23,7,2023,09:00,1,8,7,44,44109,2,4,2,1,1
202300003141,20,5,2023,23:00,4,1,6,59,59360,1,1,-1,1,1
202300003142,21,8,2023,19:34,1,1,3,93,93053,1,1,3,1,1
202300003143,8,6,2023,07:20,1,1,3,91,91216,1,1,1,1,1
202300003144,21,8,2023,15:20,1,1,5,93,93066,1,1,1,1,1
202300003145,8,6,2023,16:30,1,1,2,92,92036,1,1,-1,1,1
202300003146,22,7,2023,15:25,1,8,3,44,44184,2,4,1,1,1
202300003147,21,8,2023,15:00,1,1,2,93,93066,1,1,3,1,1
202300003148,8,6,2023,09:05,1,1,2,92,92064,1,1,4,2,1
202300003149,7,6,2023,17:50,1,1,3,92,92072,1,2,1,2,1
202300003150,21,8,2023,14:30,1,1,3,94,94017,1,1,3,1,1
202300003151,3,6,2023,14:50,1,1,7,93,93010,1,1,3,2,1
202300003152,19,5,2023,12:15,1,1,6,14,14366,2,6,-1,1,1
202300003153,7,6,2023,12:40,1,1,2,93,93006,1,1,3,1,1
202300003154,26,5,2023,11:50,1,1,6,26,26198,2,3,1,1,1
202300003154,26,5,2023,11:50,1,1,6,26,26198,2,3,-1,1,1
202300003155,7,6,2023,12:00,1,1,2,92,92036,1,1,1,1,1
202300003156,16,6,2023,13:45,1,1,6,94,94044,2,3,2,1,1
202300003157,7,6,2023,07:50,1,1,3,95,95582,1,1,3,1,1
202300003158,15,6,2023,08:42,1,1,3,94,94074,2,2,3,1,1
202300003159,7,6,2023,08:00,1,1,2,93,93005,1,1,3,1,1
202300003160,6,6,2023,17:20,1,1,6,95,95365,1,2,1,1,1
202300003161,6,6,2023,13:10,1,1,5,95,95306,1,1,3,1,1
202300003162,16,6,2023,12:10,1,1,3,94,94046,2,3,2,1,1
202300003163,6,6,2023,12:15,1,1,6,95,95572,1,1,3,1,1
202300003164,8,6,2023,13:15,1,1,6,77,77363,1,1,3,2,1
202300003165,16,6,2023,19:50,1,1,3,94,94022,2,3,3,1,1
202300003165,16,6,2023,19:50,1,1,3,94,94022,2,3,2,2,1
202300003166,7,6,2023,19:30,3,1,6,974,97416,1,2,3,2,1
202300003167,7,6,2023,10:45,1,1,6,974,97416,2,2,3,2,1
202300003168,7,6,2023,22:45,5,1,6,974,97411,2,2,2,1,1
202300003169,15,6,2023,02:10,5,1,3,94,94022,2,3,3,1,1
202300003169,15,6,2023,02:10,5,1,3,94,94022,2,3,2,1,1
202300003170,15,6,2023,23:00,5,1,6,94,94079,2,4,4,1,1
202300003171,7,6,2023,18:30,5,1,7,974,97411,2,4,2,1,1
202300003171,7,6,2023,18:30,5,1,7,974,97411,2,4,2,1,1
202300003172,7,6,2023,19:35,5,1,6,974,97407,2,4,2,1,1
202300003173,18,6,2023,09:15,1,1,3,92,92019,2,4,1,3,1
202300003173,18,6,2023,09:15,1,1,3,92,92019,2,4,2,2,1
202300003174,22,8,2023,01:40,3,1,6,974,97416,1,2,1,2,1
202300003175,7,6,2023,16:40,1,1,3,973,97302,2,3,3,1,1
202300003176,7,6,2023,12:10,1,3,7,973,97302,2,3,2,1,2
202300003177,18,8,2023,22:35,5,1,7,974,97411,2,4,2,1,1
202300003177,18,8,2023,22:35,5,1,7,974,97411,2,4,2,1,1
202300003178,7,6,2023,09:05,1,1,3,972,97213,1,3,-1,1,1
202300003178,7,6,2023,09:05,1,1,3,972,97213,1,3,2,1,1
202300003179,7,6,2023,01:19,5,1,6,972,97213,1,3,2,2,1
202300003180,21,8,2023,10:05,1,1,3,974,97407,1,2,2,1,1
202300003180,21,8,2023,10:05,1,1,3,974,97407,1,2,2,1,1
202300003181,7,6,2023,15:40,1,1,2,972,97209,1,2,1,1,1
202300003182,21,8,2023,19:25,1,1,3,69,69384,2,4,1,1,1
202300003183,20,8,2023,04:20,3,2,3,971,97113,1,2,2,1,2