id_accident,jour,mois,annee,heure_minute,luminosite,meteo,type_collision,departement,commune,agglomeration,categorie_route,regime_circulation,profil_route,etat_surface
202300003184,6,6,2023,08:40,1,8,6,972,97209,2,2,-1,-1,-1
202300003184,6,6,2023,08:40,1,8,6,972,97209,2,2,2,2,1
202300003185,20,8,2023,11:55,1,2,4,971,97113,1,2,2,2,2
202300003186,12,2,2023,09:45,1,1,6,974,97416,2,4,2,2,1
202300003187,21,8,2023,20:00,2,1,3,2A,2A004,2,4,3,1,1
202300003188,12,2,2023,00:25,5,1,6,974,97409,2,2,2,1,1
202300003189,21,8,2023,19:05,1,1,3,95,95197,2,3,-1,1,1
202300003190,12,2,2023,17:23,1,1,7,973,97302,2,3,2,1,1
202300003191,21,8,2023,17:20,1,1,3,95,95176,2,4,2,1,1
202300003192,12,2,2023,18:10,1,1,3,69,69386,2,4,2,1,1
202300003192,12,2,2023,18:10,1,1,3,69,69386,2,4,1,1,1
202300003193,21,8,2023,20:23,1,1,3,91,91432,2,4,2,1,1
202300003193,21,8,2023,20:23,1,1,3,91,91432,2,4,1,1,1
202300003194,11,2,2023,05:10,5,2,7,972,97209,2,4,1,2,2
202300003195,21,8,2023,10:10,1,1,1,83,83062,2,4,2,1,1
202300003196,12,2,2023,13:15,1,1,2,95,95268,2,3,2,1,1
202300003197,11,2,2023,18:40,2,1,7,91,91223,2,4,2,1,1
202300003198,19,8,2023,11:05,1,1,3,83,83126,2,3,2,1,1
202300003198,19,8,2023,11:05,1,1,3,83,83126,2,3,2,1,1
202300003199,18,8,2023,14:25,1,1,5,83,83129,2,3,2,1,1
202300003200,11,2,2023,20:20,3,1,1,77,77186,1,3,2,1,1
202300003201,21,8,2023,19:35,2,7,3,78,78650,2,3,-1,1,1
202300003201,21,8,2023,19:35,2,7,3,78,78650,2,3,-1,1,1
202300003202,11,2,2023,11:15,1,1,3,77,77156,2,3,2,1,1
202300003203,21,8,2023,11:15,1,1,6,77,77305,2,4,1,1,1
202300003204,12,2,2023,18:50,5,1,6,69,69286,2,4,2,1,1
202300003205,18,8,2023,19:05,1,1,4,74,74298,2,4,2,1,1
202300003206,12,2,2023,04:30,5,1,2,69,69266,2,4,2,1,1
202300003206,12,2,2023,04:30,5,1,2,69,69266,2,4,2,1,1
202300003207,20,8,2023,21:20,3,1,2,72,72181,2,4,2,1,1
202300003208,12,2,2023,18:20,2,1,3,69,69259,2,4,2,1,1
202300003209,20,8,2023,18:00,1,1,6,72,72181,2,3,-1,1,1
202300003210,11,2,2023,16:10,1,1,6,69,69029,2,4,2,1,1
202300003211,21,8,2023,13:25,1,1,3,71,71076,2,4,2,1,1
202300003211,21,8,2023,13:25,1,1,3,71,71076,2,4,4,1,1
202300003212,12,2,2023,22:45,5,1,3,59,59512,2,7,2,1,1
202300003212,12,2,2023,22:45,5,1,3,59,59512,2,7,2,1,1
202300003213,21,8,2023,19:25,1,1,6,69,69282,2,4,2,1,1
202300003213,21,8,2023,19:25,1,1,6,69,69282,2,4,2,1,1
202300003214,12,2,2023,09:00,1,1,7,54,54096,1,2,3,1,1
202300003215,18,8,2023,21:20,5,1,1,69,69199,2,4,2,1,1
202300003216,19,8,2023,16:45,1,1,3,66,66136,1,3,1,1,1
202300003217,12,2,2023,14:30,1,1,3,45,45147,2,4,2,2,1
202300003217,12,2,2023,14:30,1,1,3,45,45147,2,4,2,1,1
202300003218,19,8,2023,20:05,1,1,1,64,64140,2,3,2,1,1
202300003218,19,8,2023,20:05,1,1,1,64,64140,2,3,2,1,1
202300003219,12,2,2023,14:30,1,1,6,45,45234,2,4,1,2,1
202300003220,21,8,2023,19:28,1,1,6,63,63113,2,4,2,1,1
202300003221,21,8,2023,10:20,1,1,6,60,60057,2,4,2,1,1
202300003222,12,2,2023,01:15,5,1,3,45,45147,2,4,2,1,1
202300003222,12,2,2023,01:15,5,1,3,45,45147,2,4,2,1,1
202300003223,15,8,2023,05:58,2,1,3,55,55545,2,3,2,1,1
202300003223,15,8,2023,05:58,2,1,3,55,55545,2,3,2,1,1
202300003224,12,2,2023,15:30,1,1,6,37,37261,2,4,1,1,1
202300003224,12,2,2023,15:30,1,1,6,37,37261,2,4,1,1,1
202300003224,12,2,2023,15:30,1,1,6,37,37261,2,4,1,1,1
202300003225,20,7,2023,09:20,1,1,6,55,55545,2,4,2,1,1
202300003226,12,2,2023,18:10,2,1,2,33,33529,1,3,2,1,1
202300003227,21,8,2023,09:30,1,1,3,54,54528,2,4,2,1,1
202300003227,21,8,2023,09:30,1,1,3,54,54528,2,4,2,1,1
202300003228,12,2,2023,16:55,1,1,2,31,31555,2,4,2,1,1
202300003229,20,8,2023,03:50,3,1,6,52,52121,2,4,2,1,1
202300003230,12,2,2023,07:45,2,1,4,31,31555,2,1,1,1,1
202300003231,20,8,2023,15:10,1,1,3,51,51454,2,4,2,1,1
202300003231,20,8,2023,15:10,1,1,3,51,51454,2,4,1,1,1
202300003232,11,2,2023,22:25,3,1,2,31,31565,1,3,2,1,1
202300003233,18,8,2023,16:50,1,1,4,51,51454,2,4,2,1,1
202300003234,12,2,2023,17:24,1,1,6,17,17306,2,4,1,1,1
202300003235,18,8,2023,11:15,1,1,4,45,45004,1,3,2,1,1
202300003236,12,2,2023,14:10,1,1,5,13,13117,1,3,3,2,1
202300003237,21,8,2023,12:15,1,1,3,43,43041,2,3,2,1,1
202300003237,21,8,2023,12:15,1,1,3,43,43041,2,3,-1,1,1
202300003238,12,2,2023,20:40,5,1,1,13,13213,2,4,2,2,1
202300003239,10,8,2023,19:10,1,1,2,42,42218,2,4,2,3,1
202300003239,10,8,2023,19:10,1,1,2,42,42218,2,4,2,1,1
202300003240,12,2,2023,02:00,5,1,6,13,13207,2,4,2,2,1
202300003241,20,8,2023,11:50,1,1,1,34,34032,1,3,2,1,1
202300003242,12,2,2023,14:30,1,1,2,13,13202,2,4,1,1,1
202300003243,21,8,2023,15:45,1,1,6,33,33009,2,4,2,1,1
202300003244,20,8,2023,01:25,5,1,6,29,29019,2,4,2,1,1
202300003245,10,2,2023,17:15,1,1,3,13,13215,2,4,4,2,1
202300003246,12,2,2023,15:55,1,1,6,07,07316,1,4,-1,2,1
202300003247,20,8,2023,19:50,1,7,3,28,28134,2,4,2,1,1
202300003247,20,8,2023,19:50,1,7,3,28,28134,2,4,3,1,1
202300003248,12,2,2023,22:51,5,1,3,06,06088,2,4,1,1,1
202300003248,12,2,2023,22:51,5,1,3,06,06088,2,4,2,1,1
202300003249,21,8,2023,21:50,5,1,3,25,25462,2,4,2,3,-1
202300003249,21,8,2023,21:50,5,1,3,25,25462,2,4,2,1,1
202300003250,21,8,2023,15:35,1,1,3,25,25204,2,4,2,4,1
202300003250,21,8,2023,15:35,1,1,3,25,25204,2,4,2,1,1
202300003251,12,2,2023,20:40,5,1,3,75,75113,2,4,2,1,1
202300003251,12,2,2023,20:40,5,1,3,75,75113,2,4,2,2,1
202300003252,11,2,2023,16:45,1,1,3,974,97416,2,4,2,1,1
202300003253,19,8,2023,14:00,1,1,1,19,19275,1,3,2,1,1
202300003254,21,8,2023,20:20,1,1,1,14,14220,2,4,2,2,1
202300003255,11,2,2023,08:45,1,1,3,974,97411,1,4,1,2,1
202300003255,11,2,2023,08:45,1,1,3,974,97411,1,4,-1,1,1
202300003255,11,2,2023,08:45,1,1,3,974,97411,1,4,-1,1,1
202300003256,19,8,2023,18:56,1,1,3,14,14333,1,4,2,1,1
202300003257,3,2,2023,11:30,1,9,7,973,97302,2,3,2,1,1
202300003257,3,2,2023,11:30,1,9,7,973,97302,2,3,2,1,1
202300003258,21,8,2023,19:55,1,1,6,13,13215,2,4,-1,1,1
202300003258,21,8,2023,19:55,1,1,6,13,13215,2,4,2,1,1
202300003259,11,2,2023,12:05,1,1,3,973,97302,2,4,2,1,1
202300003260,21,8,2023,18:10,1,1,1,13,13203,2,4,2,1,1
202300003260,21,8,2023,18:10,1,1,1,13,13203,2,4,2,1,1
202300003261,11,2,2023,17:30,1,1,2,69,69388,2,4,2,1,1
202300003261,11,2,2023,17:30,1,1,2,69,69388,2,4,2,1,1
202300003262,21,8,2023,15:57,1,1,1,11,11069,2,4,2,3,1
202300003263,11,2,2023,17:30,2,1,6,69,69387,2,4,2,1,1
202300003264,20,8,2023,12:19,1,1,3,10,10333,2,4,2,1,1
202300003265,19,8,2023,11:24,1,1,1,06,06069,2,3,1,2,1
202300003265,19,8,2023,11:24,1,1,1,06,06069,2,3,2,2,1
202300003266,11,2,2023,09:45,1,1,3,69,69383,2,4,2,1,1
202300003266,11,2,2023,09:45,1,1,3,69,69383,2,4,1,1,1
202300003267,16,8,2023,00:55,3,1,7,06,06004,2,3,2,1,1
202300003268,10,2,2023,19:30,3,2,1,971,97101,1,3,2,1,2
202300003269,7,2,2023,17:05,1,1,6,89,89024,2,4,2,1,1
202300003270,22,8,2023,08:35,1,1,5,75,75114,2,4,1,1,1
202300003271,11,2,2023,09:50,1,1,6,83,83137,2,7,1,1,1
202300003272,22,8,2023,08:40,1,1,2,75,75114,2,4,1,1,1
202300003273,10,2,2023,18:05,2,1,5,83,83009,1,3,2,1,1
202300003274,22,8,2023,19:25,1,1,6,75,75106,2,4,-1,1,1
202300003274,22,8,2023,19:25,1,1,6,75,75106,2,4,2,1,1
202300003275,22,8,2023,18:00,1,1,3,75,75120,2,4,1,1,1
202300003276,10,2,2023,18:46,3,1,5,77,77518,1,3,2,1,1
202300003277,11,2,2023,06:15,5,1,3,77,77016,1,3,2,2,1
202300003277,11,2,2023,06:15,5,1,3,77,77016,1,3,2,2,1
202300003278,22,8,2023,07:45,1,1,6,75,75117,2,4,-1,1,1
202300003278,22,8,2023,07:45,1,1,6,75,75117,2,4,2,1,1
202300003279,11,2,2023,08:25,1,1,6,77,77014,2,3,2,1,1
202300003279,11,2,2023,08:25,1,1,6,77,77014,2,3,-1,1,1
202300003280,11,2,2023,21:45,3,8,6,77,77013,1,3,-1,1,1
202300003281,19,8,2023,14:30,1,1,3,75,75114,2,4,1,1,1
202300003281,19,8,2023,14:30,1,1,3,75,75114,2,4,2,1,1
202300003282,11,2,2023,06:30,5,1,3,76,76108,2,4,2,1,1
202300003282,11,2,2023,06:30,5,1,3,76,76108,2,4,2,1,1
202300003283,16,8,2023,14:15,1,1,3,94,94080,2,3,2,1,1
202300003283,16,8,2023,14:15,1,1,3,94,94080,2,3,1,1,1
202300003284,22,8,2023,16:25,1,1,2,94,94078,2,3,-1,1,1
202300003285,11,2,2023,00:35,5,1,3,69,69266,2,4,1,1,1
202300003285,11,2,2023,00:35,5,1,3,69,69266,2,4,2,2,1
202300003286,11,2,2023,06:00,5,1,3,64,64348,2,4,2,1,1
202300003286,11,2,2023,06:00,5,1,3,64,64348,2,4,2,1,1
202300003287,22,8,2023,17:35,1,1,3,94,94042,2,3,2,1,1
202300003287,22,8,2023,17:35,1,1,3,94,94042,2,3,2,1,1
202300003288,11,2,2023,12:30,1,1,3,64,64024,2,4,2,1,1
202300003288,11,2,2023,12:30,1,1,3,64,64024,2,4,2,1,1
202300003289,21,8,2023,16:20,1,1,6,94,94037,1,4,1,2,1
202300003290,10,2,2023,18:48,5,1,2,62,62040,2,3,2,1,1
202300003291,10,2,2023,20:20,5,1,3,62,62617,2,3,2,1,1
202300003292,21,8,2023,01:05,5,1,3,94,94041,2,4,2,1,1
202300003293,11,2,2023,14:20,1,8,1,59,59599,2,4,2,1,1
202300003293,11,2,2023,14:20,1,8,1,59,59599,2,4,2,1,1
202300003294,12,2,2023,00:41,5,1,6,59,59560,2,4,-1,1,1
202300003295,22,8,2023,15:40,1,1,3,94,94034,2,3,3,1,1
202300003295,22,8,2023,15:40,1,1,3,94,94034,2,3,1,2,1
202300003296,10,2,2023,07:30,5,5,3,59,59271,2,4,1,1,2
202300003296,10,2,2023,07:30,5,5,3,59,59271,2,4,2,1,2
202300003297,21,8,2023,11:38,1,1,3,94,94011,2,4,-1,1,1
202300003297,21,8,2023,11:38,1,1,3,94,94011,2,4,4,1,1
202300003298,11,2,2023,11:00,1,1,2,56,56121,2,4,2,1,1
202300003299,11,2,2023,18:00,3,1,3,54,54395,2,4,1,1,1
202300003300,20,8,2023,14:00,1,1,4,94,94028,2,3,1,1,1
202300003301,11,2,2023,18:40,5,1,3,54,54395,2,4,2,2,1
202300003302,21,8,2023,10:45,1,1,3,94,94073,2,3,2,1,1
202300003302,21,8,2023,10:45,1,1,3,94,94073,2,3,2,1,1
202300003303,11,2,2023,19:28,5,1,2,49,49246,2,3,2,1,1
202300003304,21,8,2023,05:50,3,1,6,94,94060,1,3,1,2,1
202300003305,11,2,2023,20:50,5,1,6,45,45338,2,4,2,2,1
202300003306,22,8,2023,16:24,1,1,6,94,94017,2,3,1,1,1
202300003306,22,8,2023,16:24,1,1,6,94,94017,2,3,1,1,1
202300003307,25,10,2023,21:40,3,1,7,95,95582,1,3,1,2,1
202300003308,11,2,2023,18:50,5,1,3,43,43157,2,4,2,2,1
202300003308,11,2,2023,18:50,5,1,3,43,43157,2,4,1,2,1
202300003309,25,10,2023,09:25,1,2,6,93,93001,1,1,3,1,2
202300003310,22,8,2023,11:55,1,1,4,93,93059,2,3,1,1,1
202300003310,22,8,2023,11:55,1,1,4,93,93059,2,3,1,1,1
202300003311,11,2,2023,20:30,5,1,3,37,37233,2,6,-1,1,1
202300003312,21,8,2023,11:20,1,1,3,93,93072,2,3,1,1,1
202300003312,21,8,2023,11:20,1,1,3,93,93072,2,3,2,1,1
202300003313,24,10,2023,23:55,3,1,4,95,95018,1,1,1,1,1
202300003314,11,2,2023,14:45,1,1,3,37,37261,2,4,1,1,1
202300003315,22,8,2023,08:35,1,1,2,93,93064,2,3,1,1,1
202300003315,22,8,2023,08:35,1,1,2,93,93064,2,3,2,1,1
202300003316,11,2,2023,14:50,1,1,3,37,37261,2,4,2,1,1
202300003316,11,2,2023,14:50,1,1,3,37,37261,2,4,2,1,1
202300003317,25,10,2023,21:10,3,1,3,94,94081,1,1,3,1,1
202300003318,21,8,2023,19:20,1,7,3,93,93064,2,3,2,1,1
202300003319,11,2,2023,11:30,1,1,3,37,37261,2,4,2,1,1
202300003320,25,10,2023,16:40,1,2,2,94,94017,1,1,3,1,2
202300003321,21,8,2023,14:10,1,1,1,93,93064,2,3,2,1,1
202300003322,25,10,2023,14:50,1,8,2,94,94079,1,1,3,1,2
202300003323,11,2,2023,08:20,1,1,2,37,37261,2,4,1,1,1
202300003323,11,2,2023,08:20,1,1,2,37,37261,2,4,2,1,1
202300003324,22,8,2023,15:15,1,1,3,93,93055,2,3,3,2,1
202300003325,10,2,2023,16:30,1,1,2,37,37261,2,4,2,3,1
202300003325,10,2,2023,16:30,1,1,2,37,37261,2,4,2,3,1
202300003326,25,10,2023,06:20,3,2,4,94,94073,1,1,3,1,2
202300003327,22,8,2023,17:57,1,1,5,93,93050,2,3,3,1,1
202300003328,11,2,2023,10:40,1,1,3,33,33529,2,4,2,1,1
202300003329,21,8,2023,19:15,1,1,6,93,93048,2,3,3,1,1
202300003330,21,8,2023,01:10,5,1,6,69,69383,2,4,1,1,1
202300003330,21,8,2023,01:10,5,1,6,69,69383,2,4,1,1,1
202300003331,11,2,2023,17:10,1,7,6,28,28134,2,4,2,1,1
202300003332,22,8,2023,16:30,1,1,6,93,93072,2,3,2,1,1
202300003332,22,8,2023,16:30,1,1,6,93,93072,2,3,1,1,1
202300003333,11,2,2023,21:06,5,1,6,22,22278,2,4,2,2,1
202300003334,19,8,2023,18:00,1,1,6,69,69264,2,4,1,1,1
202300003335,22,8,2023,12:08,1,1,3,93,93027,2,4,2,1,1
202300003336,10,2,2023,17:25,1,1,3,22,22278,2,4,2,1,1
202300003336,10,2,2023,17:25,1,1,3,22,22278,2,4,2,1,1
202300003337,20,8,2023,00:00,5,1,3,69,69264,2,3,2,1,1
202300003338,21,8,2023,08:52,1,1,2,92,92063,2,4,1,1,1
202300003339,11,2,2023,01:05,3,1,7,22,22187,1,3,1,1,1
202300003340,21,8,2023,15:10,1,1,2,92,92050,2,3,2,1,1
202300003341,19,8,2023,19:20,1,1,6,35,35238,2,4,3,1,1
202300003342,11,2,2023,11:12,1,1,3,17,17274,2,4,2,1,1
202300003343,22,8,2023,08:20,1,1,3,92,92044,2,4,1,1,1
202300003343,22,8,2023,08:20,1,1,3,92,92044,2,4,1,1,1
202300003344,11,2,2023,05:05,5,1,3,13,13208,2,4,2,1,1
202300003345,24,10,2023,16:30,1,1,3,976,97611,2,4,2,1,1
202300003346,20,8,2023,23:00,5,1,3,92,92040,2,3,2,1,1
202300003347,10,2,2023,14:00,1,1,3,13,13005,2,4,2,1,1
202300003347,10,2,2023,14:00,1,1,3,13,13005,2,4,2,1,1
202300003348,20,8,2023,13:30,1,7,3,92,92035,2,3,2,1,1
202300003349,23,10,2023,17:30,1,1,6,974,97416,2,3,2,1,1
202300003350,11,2,2023,02:05,5,1,3,13,13001,2,4,-1,1,1
202300003350,11,2,2023,02:05,5,1,3,13,13001,2,4,-1,1,1
202300003351,19,8,2023,02:50,5,1,3,92,92026,2,3,2,1,1
202300003351,19,8,2023,02:50,5,1,3,92,92026,2,3,2,1,1
202300003351,19,8,2023,02:50,5,1,3,92,92026,2,3,2,1,1
202300003352,24,10,2023,08:15,1,1,2,974,97411,2,2,1,1,1
202300003353,11,2,2023,11:55,1,1,6,06,06088,2,4,1,1,1
202300003353,11,2,2023,11:55,1,1,6,06,06088,2,4,1,1,1
202300003354,21,8,2023,09:30,1,1,3,92,92025,2,3,1,1,1
202300003355,11,2,2023,04:20,5,1,3,06,06088,2,4,1,1,1
202300003356,23,10,2023,17:25,2,1,3,974,97411,2,3,2,2,1
202300003357,10,2,2023,10:00,1,1,6,04,04112,2,4,2,1,1
202300003358,22,8,2023,16:50,1,1,3,92,92024,2,3,1,1,1
202300003358,22,8,2023,16:50,1,1,3,92,92024,2,3,1,1,1
202300003359,12,2,2023,03:35,5,1,6,75,75119,2,4,1,1,1
202300003360,22,8,2023,06:00,3,1,5,11,11115,1,3,2,1,1
202300003361,12,2,2023,05:50,3,1,3,75,75116,2,4,2,1,1
202300003362,24,10,2023,12:45,1,1,2,973,97302,2,3,2,1,1
202300003363,22,8,2023,19:45,1,1,1,50,50447,1,3,2,1,1
202300003364,12,2,2023,07:40,2,1,6,75,75114,2,4,1,1,1
202300003364,12,2,2023,07:40,2,1,6,75,75114,2,4,1,1,1
202300003365,24,10,2023,03:45,5,1,7,973,97302,1,2,1,1,1
202300003366,23,8,2023,16:55,1,1,1,50,50616,1,2,3,1,1
202300003367,23,10,2023,09:35,1,1,3,973,97302,2,4,2,1,1
202300003368,12,2,2023,08:29,1,8,3,75,75110,2,4,3,1,1
202300003368,12,2,2023,08:29,1,8,3,75,75110,2,4,1,1,1
202300003369,22,8,2023,23:00,5,1,1,56,56078,2,3,2,2,1
202300003370,24,10,2023,12:50,1,2,3,69,69386,2,4,1,1,2
202300003370,24,10,2023,12:50,1,2,3,69,69386,2,4,1,1,2
202300003371,11,2,2023,18:26,5,1,2,75,75108,2,4,2,2,1
202300003371,11,2,2023,18:26,5,1,2,75,75108,2,4,1,1,1
202300003372,23,8,2023,18:10,1,1,1,77,77321,2,3,2,1,1
202300003372,23,8,2023,18:10,1,1,1,77,77321,2,3,2,1,1
202300003373,24,10,2023,17:46,1,1,6,69,69381,2,4,2,1,2
202300003373,24,10,2023,17:46,1,1,6,69,69381,2,4,2,2,2
202300003374,24,10,2023,10:50,1,3,7,69,69152,2,4,2,1,2
202300003375,12,2,2023,11:20,1,8,3,94,94078,2,2,2,2,1
202300003375,12,2,2023,11:20,1,8,3,94,94078,2,2,2,1,1
202300003376,22,8,2023,16:30,1,1,3,76,76482,1,3,2,1,1
202300003377,24,10,2023,10:10,1,2,6,2B,2B033,2,4,1,2,2
202300003378,12,2,2023,19:20,5,1,3,94,94003,2,3,2,1,1
202300003379,23,8,2023,09:35,1,7,7,2B,2B252,1,3,2,2,1
202300003380,12,2,2023,15:59,1,1,6,94,94018,2,3,2,1,1
202300003381,24,10,2023,13:40,1,1,1,971,97101,1,4,2,1,1
202300003382,23,8,2023,07:40,1,7,3,2B,2B346,1,3,1,1,1
202300003383,7,2,2023,23:35,5,1,6,92,92063,2,6,-1,1,1
202300003384,23,8,2023,14:30,1,1,1,2B,2B152,2,3,2,1,1
202300003385,23,10,2023,14:32,1,1,4,971,97101,1,3,2,1,1
202300003386,11,2,2023,14:00,1,1,3,92,92051,2,4,2,1,1
202300003387,23,8,2023,19:40,1,1,3,80,80373,2,3,2,1,1
202300003387,23,8,2023,19:40,1,1,3,80,80373,2,3,2,1,1
202300003388,13,2,2023,08:40,1,1,2,09,09085,2,3,2,1,1
202300003389,22,8,2023,10:50,1,1,6,82,82018,1,3,2,1,1
202300003390,24,10,2023,07:40,5,2,2,2A,2A004,2,4,2,1,2
202300003391,11,2,2023,18:20,2,1,6,34,34242,1,3,2,1,1
202300003392,21,8,2023,10:30,1,1,3,71,71157,2,4,2,2,1
202300003393,24,10,2023,08:20,1,2,7,95,95598,2,3,2,1,2
202300003393,24,10,2023,08:20,1,2,7,95,95598,2,3,2,1,8
202300003394,12,2,2023,18:10,1,1,1,35,35126,1,3,2,2,1
202300003395,21,8,2023,21:00,3,1,3,49,49364,1,3,2,1,1
202300003395,21,8,2023,21:00,3,1,3,49,49364,1,3,2,1,1
202300003396,11,2,2023,10:45,1,7,2,01,01090,1,3,2,1,1
202300003396,11,2,2023,10:45,1,7,2,01,01090,1,3,2,1,1
202300003397,20,8,2023,18:30,1,1,6,47,47196,2,3,3,1,1
202300003398,12,2,2023,11:40,1,1,1,33,33327,2,6,-1,1,1
202300003399,21,8,2023,11:54,1,1,2,22,22258,1,3,2,1,1
202300003400,13,2,2023,11:43,1,1,2,71,71105,1,1,3,1,1
202300003401,24,10,2023,07:50,3,6,6,89,89387,1,3,2,1,2
202300003402,11,8,2023,10:10,1,2,3,44,44211,2,3,2,1,2
202300003403,11,2,2023,19:00,3,1,2,972,97207,1,2,1,1,1
202300003404,23,8,2023,03:30,3,1,6,44,44169,1,3,2,1,1
202300003405,13,2,2023,11:29,1,1,1,63,63181,1,3,2,2,1
202300003406,23,10,2023,20:27,5,1,1,87,87085,2,4,1,1,2
202300003407,23,8,2023,17:45,1,7,6,35,35095,1,3,2,1,1
202300003408,23,10,2023,07:00,2,1,3,84,84007,2,4,2,1,1
202300003409,13,2,2023,09:15,1,5,7,55,55242,1,1,1,1,1
202300003410,19,8,2023,17:05,1,1,3,35,35263,1,3,2,4,1
202300003410,19,8,2023,17:05,1,1,3,35,35263,1,3,2,1,1
202300003411,23,10,2023,12:30,1,1,1,83,83137,2,3,2,1,1
202300003412,21,8,2023,16:15,1,1,7,29,29160,1,3,2,1,1
202300003412,21,8,2023,16:15,1,1,7,29,29160,1,3,2,1,1
202300003413,24,10,2023,15:20,1,1,3,78,78440,2,4,2,1,1
202300003413,24,10,2023,15:20,1,1,3,78,78440,2,4,2,1,1
202300003414,18,1,2023,18:10,5,1,6,35,35125,2,4,2,1,1
202300003414,18,1,2023,18:10,5,1,6,35,35125,2,4,2,1,1
202300003415,24,10,2023,12:30,1,1,1,78,78498,2,4,2,1,1
202300003415,24,10,2023,12:30,1,1,1,78,78498,2,4,2,1,1
202300003416,22,8,2023,18:52,1,1,1,70,70216,1,3,2,3,1
202300003417,24,10,2023,10:50,1,1,2,77,77350,1,3,2,3,2
202300003417,24,10,2023,10:50,1,1,2,77,77350,1,3,2,1,2
202300003418,22,8,2023,20:40,2,1,6,06,06079,1,3,2,1,1
202300003419,9,10,2023,18:09,1,1,1,77,77210,1,3,2,1,1
202300003419,9,10,2023,18:09,1,1,1,77,77210,1,3,2,1,1
202300003420,24,10,2023,15:08,1,1,3,77,77445,2,4,2,1,1
202300003420,24,10,2023,15:08,1,1,3,77,77445,2,4,2,2,1
202300003421,23,8,2023,15:45,1,1,1,50,50216,1,3,2,1,1
202300003421,23,8,2023,15:45,1,1,1,50,50216,1,3,2,1,1
202300003422,23,8,2023,09:10,1,7,6,45,45258,2,3,2,1,1
202300003423,23,8,2023,18:45,1,1,7,10,10141,1,3,2,2,1
202300003424,21,8,2023,14:50,1,1,3,53,53188,2,3,3,1,1
202300003424,21,8,2023,14:50,1,1,3,53,53188,2,3,-1,2,1
202300003425,21,8,2023,21:40,3,1,7,87,87203,1,3,2,2,1
202300003426,24,10,2023,19:00,2,1,3,76,76212,2,2,2,1,1
202300003426,24,10,2023,19:00,2,1,3,76,76212,2,2,2,1,1
202300003427,23,8,2023,05:00,3,1,6,30,30281,1,3,2,1,1
202300003427,23,8,2023,05:00,3,1,6,30,30281,1,3,2,1,1
202300003428,22,10,2023,02:30,5,1,1,76,76351,2,4,-1,1,1
202300003429,21,8,2023,17:43,1,1,6,48,48146,1,3,2,2,1
202300003430,21,10,2023,12:45,1,2,6,76,76351,2,4,2,1,2
202300003430,21,10,2023,12:45,1,2,6,76,76351,2,4,1,1,2
202300003431,23,8,2023,16:00,1,8,6,72,72299,1,1,3,1,1
202300003432,20,10,2023,15:45,1,1,1,76,76351,2,4,2,1,1
202300003432,20,10,2023,15:45,1,1,1,76,76351,2,4,2,1,1
202300003433,20,8,2023,22:40,3,1,2,973,97307,1,2,2,1,1
202300003434,21,8,2023,12:00,1,1,3,24,24086,2,4,2,1,1
202300003434,21,8,2023,12:00,1,1,3,24,24086,2,4,2,1,1
202300003435,23,10,2023,13:10,1,2,3,72,72181,2,4,2,1,2
202300003436,22,8,2023,19:00,5,1,3,73,73237,1,1,3,1,1
202300003437,22,8,2023,11:00,1,1,6,30,30169,1,2,2,1,1
202300003438,24,10,2023,22:50,5,1,6,69,69264,1,4,2,1,1
202300003438,24,10,2023,22:50,5,1,6,69,69264,1,4,2,1,1
202300003439,22,8,2023,17:15,2,2,3,976,97616,1,3,2,1,2
202300003439,22,8,2023,17:15,2,2,3,976,97616,1,3,-1,1,2
202300003440,23,10,2023,08:45,1,8,1,68,68056,1,3,2,4,1
202300003441,22,8,2023,04:50,3,1,7,17,17379,1,1,3,1,1
202300003442,24,10,2023,16:40,1,1,3,64,64445,2,4,2,1,1
202300003443,24,10,2023,12:05,1,1,3,64,64445,2,4,2,1,1
202300003443,24,10,2023,12:05,1,1,3,64,64445,2,4,2,1,1
202300003444,12,10,2023,18:45,1,1,2,64,64445,2,4,2,1,1
202300003445,24,10,2023,17:50,1,8,3,62,62826,2,4,-1,1,2
202300003445,24,10,2023,17:50,1,8,3,62,62826,2,4,-1,1,2
202300003446,25,10,2023,00:15,5,2,2,62,62239,1,4,1,1,2
202300003447,23,9,2023,23:05,5,1,2,13,13212,1,1,1,3,1
202300003448,24,10,2023,12:20,1,1,6,62,62193,2,4,3,1,1
202300003449,23,9,2023,23:15,3,1,2,69,69204,1,1,3,1,1
202300003450,19,9,2023,07:55,1,1,2,67,67389,1,7,3,1,1
202300003451,24,10,2023,15:00,1,7,6,60,60175,2,4,1,1,1
202300003452,24,9,2023,18:30,1,1,3,91,91345,1,1,3,1,1
202300003453,24,9,2023,08:15,1,1,6,75,75113,1,1,1,1,1
202300003454,24,9,2023,13:50,1,1,3,93,93078,1,1,3,1,1
202300003455,24,9,2023,01:30,3,1,6,95,95424,1,1,3,1,1
202300003456,23,10,2023,17:25,1,2,4,60,60175,1,3,2,1,2
202300003457,23,9,2023,21:35,3,1,3,93,93064,1,1,3,1,1
202300003458,23,9,2023,21:30,3,1,4,95,95256,1,2,3,1,1
202300003459,24,10,2023,10:20,1,1,3,60,60057,2,4,-1,1,2
202300003460,23,9,2023,18:40,1,1,3,93,93010,1,1,3,1,1