id_accident,jour,mois,annee,heure_minute,luminosite,meteo,type_collision,departement,commune,agglomeration,categorie_route,regime_circulation,profil_route,etat_surface
202300003461,24,9,2023,15:00,1,1,2,94,94017,1,1,3,1,1
202300003462,23,10,2023,19:23,5,3,6,57,57221,2,3,2,1,2
202300003463,24,9,2023,13:20,1,1,2,94,94017,1,1,1,1,1
202300003464,23,9,2023,03:25,3,1,3,94,94081,1,1,-1,1,1
202300003465,24,10,2023,17:30,1,1,2,57,57412,2,4,2,1,1
202300003466,23,9,2023,03:25,3,1,6,94,94081,1,1,1,1,8
202300003467,21,10,2023,13:41,1,1,6,57,57019,2,6,-1,1,1
202300003468,22,9,2023,20:35,3,1,6,77,77363,1,1,3,2,1
202300003469,23,10,2023,17:35,1,2,7,56,56098,2,4,2,1,2
202300003470,24,5,2023,18:40,1,1,3,62,62826,2,4,1,1,1
202300003470,24,5,2023,18:40,1,1,3,62,62826,2,4,1,1,1
202300003471,23,9,2023,18:30,5,1,3,973,97302,2,3,2,1,1
202300003472,23,10,2023,15:55,1,1,2,54,54395,2,4,2,1,1
202300003473,22,9,2023,15:45,1,2,2,69,69034,2,4,2,2,2
202300003474,24,10,2023,10:05,1,2,6,51,51454,2,4,1,1,2
202300003475,23,9,2023,11:04,1,1,2,2B,2B120,2,3,2,1,1
202300003476,23,10,2023,18:50,4,1,7,49,49007,2,4,1,1,1
202300003476,23,10,2023,18:50,4,1,7,49,49007,2,4,1,1,1
202300003477,22,9,2023,18:30,2,1,6,971,97101,2,3,-1,1,1
202300003478,22,9,2023,09:00,1,2,6,95,95555,2,6,-1,1,2
202300003479,24,10,2023,12:15,1,1,2,45,45147,2,4,2,1,1
202300003480,23,9,2023,21:55,5,1,7,91,91027,2,4,2,4,1
202300003481,23,10,2023,16:40,1,2,2,45,45147,1,4,2,1,2
202300003482,23,9,2023,17:45,1,1,7,85,85191,2,4,-1,1,1
202300003483,23,9,2023,02:00,3,1,6,85,85191,1,3,3,1,1
202300003484,24,10,2023,07:10,3,2,3,44,44132,1,3,2,1,2
202300003484,24,10,2023,07:10,3,2,3,44,44132,1,3,1,2,2
202300003485,24,10,2023,08:40,1,2,6,43,43089,2,3,2,1,2
202300003486,23,9,2023,13:00,1,1,3,83,83137,2,3,2,1,1
202300003486,23,9,2023,13:00,1,1,3,83,83137,2,3,2,1,1
202300003487,24,10,2023,15:40,1,1,2,37,37261,2,4,2,1,1
202300003488,23,9,2023,09:40,1,1,4,83,83137,2,4,2,1,1
202300003489,24,10,2023,18:55,1,2,3,35,35238,2,4,2,1,2
202300003490,23,9,2023,17:00,1,1,1,83,83123,2,4,3,3,1
202300003491,19,9,2023,12:00,1,1,6,83,83123,2,4,2,1,1
202300003492,24,10,2023,18:15,1,3,3,35,35051,2,3,2,3,2
202300003492,24,10,2023,18:15,1,3,3,35,35051,2,3,2,2,2
202300003493,23,9,2023,20:20,4,1,3,83,83061,2,4,2,1,1
202300003493,23,9,2023,20:20,4,1,3,83,83061,2,4,2,1,1
202300003494,23,9,2023,17:00,1,1,2,78,78146,2,3,3,1,1
202300003495,23,10,2023,18:20,3,2,2,35,35238,2,2,3,1,2
202300003496,23,9,2023,09:30,1,1,2,78,78146,2,3,2,1,1
202300003497,24,10,2023,08:00,5,8,6,33,33069,2,4,2,1,2
202300003498,23,9,2023,06:30,3,1,1,78,78551,1,2,2,1,1
202300003499,23,10,2023,21:00,5,3,2,33,33550,2,4,2,1,2
202300003499,23,10,2023,21:00,5,3,2,33,33550,2,4,2,1,2
202300003500,23,9,2023,20:30,3,1,3,77,77237,1,4,2,1,1
202300003501,24,10,2023,15:55,1,1,1,31,31555,2,4,2,2,1
202300003502,23,9,2023,22:40,4,1,6,76,76540,2,4,2,1,1
202300003502,23,9,2023,22:40,4,1,6,76,76540,2,4,1,1,1
202300003503,23,9,2023,09:10,1,2,7,76,76486,1,7,-1,2,2
202300003504,24,9,2023,01:40,4,1,7,72,72181,2,4,1,2,1
202300003505,23,9,2023,18:57,1,1,3,71,71306,2,4,2,2,1
202300003505,23,9,2023,18:57,1,1,3,71,71306,2,4,2,1,1
202300003506,24,10,2023,16:30,1,2,3,29,29232,2,4,2,1,2
202300003506,24,10,2023,16:30,1,2,3,29,29232,2,4,2,1,2
202300003507,23,10,2023,17:30,1,1,1,28,28134,1,3,2,1,1
202300003508,23,9,2023,22:35,5,1,2,69,69266,2,4,3,1,1
202300003509,24,10,2023,08:25,1,1,6,28,28218,2,4,-1,1,1
202300003510,23,9,2023,09:55,1,1,3,69,69266,2,4,3,1,1
202300003511,24,10,2023,07:45,5,3,2,25,25462,2,4,2,1,2
202300003512,23,9,2023,07:05,2,1,3,69,69256,2,4,2,1,1
202300003512,23,9,2023,07:05,2,1,3,69,69256,2,4,2,1,1
202300003513,23,10,2023,19:50,5,3,3,25,25031,2,3,3,1,2
202300003514,23,9,2023,06:05,5,1,3,69,69266,2,4,1,1,1
202300003514,23,9,2023,06:05,5,1,3,69,69266,2,4,1,1,1
202300003515,23,9,2023,18:40,1,1,2,69,69290,2,7,2,1,1
202300003516,24,10,2023,21:30,5,1,3,25,25056,2,4,2,1,1
202300003516,24,10,2023,21:30,5,1,3,25,25056,2,4,2,1,1
202300003517,23,9,2023,12:56,1,8,5,64,64545,1,3,2,1,2
202300003518,16,10,2023,17:35,1,1,2,22,22106,2,4,2,1,1
202300003519,19,9,2023,16:00,1,1,7,62,62510,1,3,1,1,1
202300003520,24,10,2023,10:50,1,1,6,22,22278,2,4,2,1,1
202300003521,23,9,2023,23:15,5,1,6,59,59090,2,4,2,1,1
202300003521,23,9,2023,23:15,5,1,6,59,59090,2,4,2,1,1
202300003522,23,9,2023,17:46,1,7,6,59,59650,2,7,1,1,1
202300003523,23,10,2023,19:35,5,1,7,22,22113,2,4,2,4,1
202300003524,23,9,2023,10:30,1,1,6,59,59350,2,4,2,1,1
202300003525,24,9,2023,02:40,5,1,6,59,59183,2,4,2,1,1
202300003526,23,9,2023,16:25,1,1,6,54,54547,2,4,2,1,1
202300003527,23,10,2023,22:25,5,1,7,14,14118,2,4,3,1,1
202300003528,23,9,2023,13:20,1,7,2,49,49007,2,4,3,1,1
202300003529,24,10,2023,18:30,1,1,3,13,13213,2,4,2,1,1
202300003530,23,9,2023,19:45,1,1,3,44,44162,2,4,3,1,1
202300003530,23,9,2023,19:45,1,1,3,44,44162,2,4,3,1,1
202300003531,22,9,2023,17:00,1,1,1,41,41295,2,4,2,1,1
202300003532,24,10,2023,15:55,1,1,3,13,13204,2,4,1,1,1
202300003533,23,9,2023,13:30,1,1,3,35,35238,2,4,2,1,1
202300003533,23,9,2023,13:30,1,1,3,35,35238,2,4,2,1,1
202300003534,24,9,2023,00:30,5,1,6,33,33063,2,4,1,1,1
202300003535,24,10,2023,15:10,1,1,6,13,13209,2,4,1,1,1
202300003536,23,9,2023,21:40,5,1,3,33,33063,2,4,3,2,1
202300003536,23,9,2023,21:40,5,1,3,33,33063,2,4,3,1,1
202300003537,22,9,2023,23:45,5,1,3,33,33281,2,4,2,1,1
202300003537,22,9,2023,23:45,5,1,3,33,33281,2,4,1,1,1
202300003538,23,10,2023,17:15,1,1,3,13,13047,2,4,2,1,1
202300003538,23,10,2023,17:15,1,1,3,13,13047,2,4,2,1,1
202300003539,22,9,2023,19:35,2,1,6,33,33063,2,4,2,1,1
202300003540,22,9,2023,15:10,1,1,2,31,31483,2,3,1,1,1
202300003541,24,10,2023,04:45,3,2,5,13,13047,1,3,2,1,2
202300003542,24,9,2023,01:50,3,1,6,29,29232,1,4,3,1,1
202300003543,23,9,2023,19:00,1,1,3,27,27681,2,4,-1,4,1
202300003544,24,10,2023,04:30,3,2,3,03,03321,2,4,2,1,2
202300003544,24,10,2023,04:30,3,2,3,03,03321,2,4,2,2,2
202300003545,23,9,2023,09:53,1,1,6,21,21054,2,4,1,1,1
202300003546,23,9,2023,02:25,3,1,3,18,18255,1,3,2,1,1
202300003547,23,10,2023,11:15,1,1,6,03,03101,2,4,2,1,1
202300003548,22,9,2023,23:50,3,1,7,14,14557,2,3,1,1,2
202300003549,23,9,2023,00:58,5,1,7,14,14220,2,4,1,1,1
202300003550,23,9,2023,20:44,5,6,3,13,13202,2,1,3,1,1
202300003551,24,10,2023,14:45,1,1,2,75,75119,2,4,-1,1,1
202300003552,22,9,2023,09:30,1,1,2,13,13215,2,4,2,2,1
202300003553,22,9,2023,14:30,1,1,2,13,13204,2,4,2,1,1
202300003553,22,9,2023,14:30,1,1,2,13,13204,2,4,2,1,1
202300003554,24,10,2023,10:20,1,1,5,75,75117,2,4,1,1,2
202300003555,23,9,2023,20:30,3,1,3,11,11069,2,4,2,1,1
202300003556,24,10,2023,07:50,2,2,3,75,75117,2,4,1,1,2
202300003556,24,10,2023,07:50,2,2,3,75,75117,2,4,1,1,2
202300003557,22,9,2023,17:57,1,1,3,11,11069,2,4,2,1,1
202300003557,22,9,2023,17:57,1,1,3,11,11069,2,4,2,2,1
202300003558,24,9,2023,02:21,5,1,7,10,10387,2,4,2,2,1
202300003559,23,9,2023,17:15,1,1,6,06,06069,2,3,2,1,1
202300003560,23,9,2023,07:40,1,1,7,06,06069,1,3,3,1,1
202300003561,23,10,2023,05:05,5,1,3,75,75115,2,4,2,1,1
202300003561,23,10,2023,05:05,5,1,3,75,75115,2,4,1,1,1
202300003562,18,9,2023,15:25,1,1,7,04,04112,2,4,-1,1,1
202300003563,24,10,2023,10:10,1,1,3,75,75119,2,4,1,1,1
202300003563,24,10,2023,10:10,1,1,3,75,75119,2,4,1,1,1
202300003564,22,9,2023,23:52,5,1,6,75,75105,2,4,2,2,1
202300003564,22,9,2023,23:52,5,1,6,75,75105,2,4,1,2,1
202300003565,22,9,2023,03:30,5,1,6,75,75105,2,4,1,1,1
202300003565,22,9,2023,03:30,5,1,6,75,75105,2,4,3,1,1
202300003566,23,10,2023,11:50,1,2,6,75,75117,2,4,1,1,2
202300003567,24,10,2023,15:45,1,1,6,75,75114,2,4,-1,1,1
202300003567,24,10,2023,15:45,1,1,6,75,75114,2,4,2,1,1
202300003568,22,9,2023,20:23,5,1,3,75,75116,2,4,1,1,1
202300003568,22,9,2023,20:23,5,1,3,75,75116,2,4,1,1,1
202300003569,23,10,2023,19:45,5,2,3,75,75114,2,4,2,1,2
202300003569,23,10,2023,19:45,5,2,3,75,75114,2,4,1,1,2
202300003570,23,9,2023,15:57,1,1,3,75,75112,2,4,-1,1,1
202300003570,23,9,2023,15:57,1,1,3,75,75112,2,4,2,1,1
202300003571,23,9,2023,04:00,5,1,3,75,75111,2,4,1,1,1
202300003571,23,9,2023,04:00,5,1,3,75,75111,2,4,2,1,1
202300003572,24,10,2023,08:00,1,2,6,75,75113,2,4,1,1,2
202300003573,23,9,2023,00:34,5,1,3,75,75111,2,4,1,1,1
202300003573,23,9,2023,00:34,5,1,3,75,75111,2,4,1,2,1
202300003574,24,10,2023,00:50,5,1,6,75,75112,2,4,1,1,1
202300003574,24,10,2023,00:50,5,1,6,75,75112,2,4,1,2,1
202300003575,23,9,2023,16:35,1,1,3,75,75110,2,4,3,1,1
202300003575,23,9,2023,16:35,1,1,3,75,75110,2,4,2,1,1
202300003576,23,9,2023,00:23,5,1,1,75,75110,2,4,-1,1,1
202300003576,23,9,2023,00:23,5,1,1,75,75110,2,4,1,1,1
202300003577,24,10,2023,14:40,1,1,3,75,75111,2,4,1,1,1
202300003577,24,10,2023,14:40,1,1,3,75,75111,2,4,1,1,1
202300003578,23,9,2023,09:47,1,1,3,75,75107,2,4,1,1,1
202300003578,23,9,2023,09:47,1,1,3,75,75107,2,4,2,1,1
202300003579,24,10,2023,19:10,5,1,6,75,75110,2,4,2,1,1
202300003580,23,9,2023,16:00,1,1,3,94,94068,2,3,2,1,1
202300003581,23,9,2023,22:40,5,1,6,94,94079,2,3,2,1,1
202300003581,23,9,2023,22:40,5,1,6,94,94079,2,3,2,2,1
202300003582,23,9,2023,13:25,1,1,2,94,94075,2,3,2,2,1
202300003583,24,10,2023,15:50,1,1,3,75,75110,2,4,2,1,1
202300003583,24,10,2023,15:50,1,1,3,75,75110,2,4,2,1,1
202300003584,23,9,2023,14:23,1,1,3,93,93031,2,3,2,1,1
202300003585,23,10,2023,16:49,1,2,6,75,75109,2,4,1,2,2
202300003586,22,9,2023,12:25,1,1,3,93,93031,2,3,2,1,1
202300003586,22,9,2023,12:25,1,1,3,93,93031,2,3,2,1,1
202300003587,22,9,2023,22:13,5,1,3,93,93029,2,4,2,2,1
202300003588,24,10,2023,08:40,1,1,3,75,75108,2,4,-1,1,2
202300003588,24,10,2023,08:40,1,1,3,75,75108,2,4,1,1,2
202300003589,23,9,2023,13:10,1,1,3,93,93010,2,3,2,1,1
202300003590,24,10,2023,09:05,1,1,6,75,75103,2,4,2,1,2
202300003590,24,10,2023,09:05,1,1,6,75,75103,2,4,2,1,2
202300003591,23,9,2023,18:57,1,1,6,92,92024,2,4,2,1,1
202300003592,22,10,2023,20:00,5,8,6,94,94081,2,3,2,2,2
202300003593,23,9,2023,15:20,1,1,1,92,92012,2,4,1,1,1
202300003594,22,9,2023,17:25,1,8,3,40,40261,1,1,2,1,2
202300003595,23,9,2023,12:45,1,1,7,37,37116,1,3,2,1,1
202300003596,24,10,2023,18:30,2,1,3,94,94073,1,3,1,1,1
202300003597,23,9,2023,21:25,5,1,6,95,95313,2,3,1,1,1
202300003598,23,9,2023,20:45,5,1,6,95,95313,2,3,2,1,1
202300003598,23,9,2023,20:45,5,1,6,95,95313,2,3,1,1,1
202300003599,23,10,2023,20:15,5,2,3,94,94033,2,3,2,2,2
202300003600,22,9,2023,13:00,1,1,6,49,49092,1,3,2,1,1
202300003601,23,9,2023,18:00,1,1,2,31,31186,2,4,2,1,1
202300003602,24,9,2023,10:30,1,1,6,972,97214,1,4,2,3,1
202300003603,24,9,2023,13:25,1,1,6,41,41161,1,1,3,1,1
202300003604,19,10,2023,15:00,1,1,6,94,94028,2,3,1,1,1
202300003604,19,10,2023,15:00,1,1,6,94,94028,2,3,-1,1,1
202300003605,24,9,2023,02:18,3,5,5,28,28158,1,3,2,1,1
202300003606,24,10,2023,11:37,1,1,2,94,94011,2,9,2,1,1
202300003607,24,10,2023,06:50,5,2,4,94,94028,2,3,3,1,2
202300003608,24,9,2023,15:00,1,1,5,14,14579,1,1,2,3,1
202300003609,24,9,2023,07:00,3,1,2,44,44098,1,2,3,1,1
202300003610,23,10,2023,22:05,5,2,3,94,94022,2,3,3,1,2
202300003610,23,10,2023,22:05,5,2,3,94,94022,2,3,-1,1,2
202300003611,23,9,2023,02:02,3,1,6,30,30151,1,3,2,1,1
202300003612,9,9,2023,08:55,1,1,2,19,19270,2,4,2,2,1
202300003613,24,9,2023,20:20,3,1,6,56,56140,1,3,2,1,1
202300003614,24,10,2023,12:20,1,1,3,93,93073,2,4,2,1,1
202300003614,24,10,2023,12:20,1,1,3,93,93073,2,4,2,1,1
202300003615,24,9,2023,05:11,3,1,6,76,76196,1,3,2,1,1
202300003616,23,9,2023,15:45,1,1,5,79,79130,1,2,2,1,1
202300003617,23,9,2023,08:30,1,1,6,2A,2A031,1,3,2,1,1
202300003618,23,10,2023,20:45,5,2,1,93,93072,2,3,3,1,2
202300003618,23,10,2023,20:45,5,2,1,93,93072,2,3,2,1,2
202300003619,23,9,2023,19:30,1,1,7,32,32235,1,3,2,1,1
202300003620,22,9,2023,16:02,1,1,7,71,71380,1,4,2,1,1
202300003621,23,10,2023,16:27,1,1,3,93,93013,2,3,2,1,1
202300003621,23,10,2023,16:27,1,1,3,93,93013,2,3,3,1,1
202300003622,10,9,2023,16:45,1,1,3,61,61464,2,3,2,2,1
202300003623,24,10,2023,19:00,5,1,3,93,93057,2,3,3,1,1
202300003624,24,9,2023,01:30,3,1,6,42,42011,1,4,2,1,1
202300003625,24,9,2023,17:15,1,1,7,46,46017,1,4,-1,-1,-1
202300003625,24,9,2023,17:15,1,1,7,46,46017,1,4,2,1,1
202300003626,24,10,2023,15:45,1,2,6,93,93001,2,3,2,1,2
202300003627,23,9,2023,23:15,5,1,2,46,46029,2,3,-1,-1,-1
202300003627,23,9,2023,23:15,5,1,2,46,46029,2,3,2,1,1
202300003628,24,10,2023,11:40,1,1,6,93,93001,2,4,1,1,1
202300003629,24,10,2023,10:15,1,1,6,92,92075,2,4,2,1,2
202300003630,23,9,2023,12:05,1,1,3,44,44137,1,3,2,1,1
202300003630,23,9,2023,12:05,1,1,3,44,44137,1,3,2,1,1
202300003631,24,10,2023,17:40,1,1,3,92,92063,2,3,-1,1,1
202300003631,24,10,2023,17:40,1,1,3,92,92063,2,3,1,1,1
202300003632,23,9,2023,18:10,1,1,3,29,29217,1,3,2,3,1
202300003632,23,9,2023,18:10,1,1,3,29,29217,1,3,2,1,1
202300003633,23,9,2023,20:40,3,1,2,26,26337,1,2,2,2,1
202300003634,23,10,2023,10:30,1,1,7,92,92036,2,3,1,1,1
202300003634,23,10,2023,10:30,1,1,7,92,92036,2,3,1,1,1
202300003635,24,9,2023,15:00,1,1,7,50,50158,1,3,2,1,1
202300003636,24,9,2023,06:39,2,1,6,83,83083,1,3,2,1,1
202300003637,24,9,2023,09:50,1,1,3,60,60303,1,3,2,1,1
202300003637,24,9,2023,09:50,1,1,3,60,60303,1,3,2,1,1
202300003638,22,9,2023,19:00,3,1,3,54,54411,1,3,2,1,1
202300003638,22,9,2023,19:00,3,1,3,54,54411,1,3,2,1,1
202300003639,22,9,2023,18:09,1,1,3,18,18057,1,3,2,1,1
202300003639,22,9,2023,18:09,1,1,3,18,18057,1,3,2,1,1
202300003640,24,10,2023,18:00,2,8,1,2A,2A348,1,3,2,2,2
202300003641,23,9,2023,18:05,2,1,3,43,43137,2,4,2,1,1
202300003641,23,9,2023,18:05,2,1,3,43,43137,2,4,2,2,1
202300003641,23,9,2023,18:05,2,1,3,43,43137,2,4,2,4,1
202300003642,13,7,2023,10:55,1,1,6,58,58194,2,4,1,1,1
202300003642,13,7,2023,10:55,1,1,6,58,58194,2,4,1,1,1
202300003643,24,9,2023,15:30,1,1,3,07,07207,2,3,2,1,1
202300003644,12,7,2023,11:49,1,1,3,56,56098,2,3,2,1,1
202300003644,12,7,2023,11:49,1,1,3,56,56098,2,3,2,1,1
202300003645,11,7,2023,11:30,1,1,6,54,54395,2,4,2,2,1
202300003646,24,9,2023,09:40,1,1,3,07,07162,2,3,2,1,1
202300003647,25,10,2023,07:40,2,1,5,66,66015,1,1,3,1,1
202300003648,23,9,2023,03:05,3,1,6,04,04230,1,3,2,1,1
202300003649,13,7,2023,07:35,1,1,3,54,54323,2,3,1,2,1
202300003649,13,7,2023,07:35,1,1,3,54,54323,2,3,1,1,1
202300003650,22,9,2023,13:00,1,3,7,987,98752,1,2,2,1,2
202300003651,25,10,2023,19:45,5,2,1,68,68112,2,3,2,1,2
202300003651,25,10,2023,19:45,5,2,1,68,68112,2,3,2,1,2
202300003652,13,7,2023,15:07,1,1,5,51,51454,2,4,2,1,1
202300003653,25,10,2023,12:30,1,8,6,22,22004,1,3,3,2,2
202300003654,22,9,2023,17:15,3,8,6,73,73183,1,1,3,1,2
202300003655,12,7,2023,17:21,1,1,3,51,51108,2,4,2,1,1
202300003656,23,9,2023,18:00,3,3,7,988,98805,2,4,2,1,4
202300003657,24,10,2023,21:30,3,1,7,30,30014,1,3,2,1,1
202300003658,22,9,2023,19:25,2,2,6,01,01274,1,1,3,2,2
202300003659,12,7,2023,11:30,1,1,3,50,50129,2,3,2,1,1
202300003659,12,7,2023,11:30,1,1,3,50,50129,2,3,2,1,1
202300003660,24,10,2023,10:40,1,2,6,71,71263,2,3,2,1,2
202300003661,30,6,2023,21:00,1,2,3,49,49099,2,4,2,1,2
202300003661,30,6,2023,21:00,1,2,3,49,49099,2,4,2,1,2
202300003662,24,9,2023,13:08,1,7,3,69,69244,2,4,2,1,1
202300003662,24,9,2023,13:08,1,7,3,69,69244,2,4,2,1,1
202300003663,24,10,2023,09:50,1,1,6,49,49080,2,3,2,1,1
202300003664,14,7,2023,00:55,5,1,3,45,45234,2,4,1,2,1
202300003665,22,9,2023,08:35,1,8,1,06,06018,1,3,2,1,2
202300003665,22,9,2023,08:35,1,8,1,06,06018,1,3,2,1,2
202300003666,20,10,2023,18:00,1,2,7,86,86097,1,3,2,1,2
202300003667,24,9,2023,08:00,2,5,2,21,21575,1,1,3,1,1
202300003668,13,7,2023,16:35,1,1,3,45,45234,2,4,2,1,1
202300003668,13,7,2023,16:35,1,1,3,45,45234,2,4,1,1,1
202300003669,13,7,2023,16:30,1,1,3,45,45338,2,4,2,1,1
202300003669,13,7,2023,16:30,1,1,3,45,45338,2,4,2,1,1
202300003670,18,10,2023,15:30,1,3,3,29,29207,2,4,2,2,2
202300003671,22,9,2023,22:50,3,1,2,45,45203,1,1,3,1,1
202300003672,13,7,2023,18:25,1,1,6,44,44109,2,4,2,1,1
202300003673,23,10,2023,09:20,1,2,6,38,38261,2,3,-1,1,8
202300003674,24,9,2023,11:30,1,1,1,29,29147,1,4,2,1,1
202300003675,7,7,2023,09:30,1,1,3,40,40192,2,4,2,1,1
202300003676,22,10,2023,17:00,1,8,3,58,58039,1,3,2,2,1
202300003677,24,9,2023,12:40,1,1,1,45,45191,2,3,2,1,1
202300003678,15,6,2023,12:10,1,1,5,38,38053,2,4,1,1,1
202300003679,24,9,2023,12:50,1,1,3,77,77192,1,3,2,1,1
202300003679,24,9,2023,12:50,1,1,3,77,77192,1,3,2,1,1
202300003680,13,7,2023,16:45,1,1,3,37,37261,2,4,2,3,1
202300003681,23,9,2023,11:10,1,1,6,2A,2A247,2,2,2,1,1
202300003682,25,10,2023,18:00,1,1,3,14,14057,1,3,2,1,1
202300003682,25,10,2023,18:00,1,1,3,14,14057,1,3,2,1,1
202300003683,13,7,2023,18:30,1,1,2,35,35115,1,2,2,1,1
202300003683,13,7,2023,18:30,1,1,2,35,35115,1,2,2,1,1
202300003684,24,9,2023,17:40,1,1,3,13,13027,1,3,2,1,1
202300003684,24,9,2023,17:40,1,1,3,13,13027,1,3,2,1,1
202300003685,13,7,2023,21:45,4,1,1,34,34172,2,4,2,1,1
202300003686,24,9,2023,00:20,4,1,6,26,26072,1,1,1,2,1
202300003687,21,10,2023,15:10,1,1,3,64,64060,1,3,2,1,1
202300003687,21,10,2023,15:10,1,1,3,64,64060,1,3,1,1,1
202300003688,24,9,2023,16:20,1,1,7,71,71448,1,3,2,1,1
202300003688,24,9,2023,16:20,1,1,7,71,71448,1,3,2,1,9
202300003689,12,7,2023,16:32,1,1,6,34,34032,2,4,2,1,1
202300003690,24,10,2023,07:30,3,2,3,43,43112,1,3,2,2,2
202300003691,23,9,2023,15:00,1,1,7,68,68318,1,3,2,2,8
202300003692,13,7,2023,07:40,1,1,1,33,33039,2,4,3,1,1
202300003692,13,7,2023,07:40,1,1,1,33,33039,2,4,2,1,1
202300003693,24,10,2023,16:38,1,1,6,10,10323,2,4,2,1,1
202300003694,24,9,2023,18:15,2,1,7,07,07018,1,2,2,2,1
202300003695,13,7,2023,17:45,1,1,6,29,29051,2,4,2,1,1
202300003696,25,10,2023,06:00,3,2,7,07,07329,1,3,2,2,2
202300003697,23,9,2023,11:55,1,1,3,69,69039,2,3,2,2,1
202300003697,23,9,2023,11:55,1,1,3,69,69039,2,3,2,1,1
202300003698,12,7,2023,18:10,1,1,2,29,29232,2,3,1,4,1
202300003698,12,7,2023,18:10,1,1,2,29,29232,2,3,3,4,1
202300003699,12,7,2023,19:45,1,1,7,29,29232,1,3,1,2,1
202300003700,12,10,2023,17:40,1,1,3,21,21301,2,3,2,1,1
202300003701,23,9,2023,16:30,1,1,3,69,69069,2,4,2,1,1
202300003701,23,9,2023,16:30,1,1,3,69,69069,2,4,2,1,1
202300003702,13,7,2023,14:50,1,1,4,28,28085,2,3,3,1,1
202300003703,18,10,2023,12:02,1,2,1,24,24425,1,3,2,1,2
202300003704,21,9,2023,17:08,1,3,1,79,79048,1,3,2,1,2
202300003705,22,9,2023,10:00,1,1,3,17,17086,1,2,2,2,1
202300003705,22,9,2023,10:00,1,1,3,17,17086,1,2,2,1,1
202300003706,13,7,2023,14:45,1,1,3,25,25204,2,3,2,1,1
202300003707,24,10,2023,18:20,1,1,1,28,28089,2,3,2,1,1
202300003708,23,9,2023,22:30,3,1,1,35,35228,1,3,2,1,1
202300003709,13,7,2023,15:55,1,1,3,25,25056,2,4,2,2,1
202300003709,13,7,2023,15:55,1,1,3,25,25056,2,4,2,2,1
202300003710,24,10,2023,15:50,1,1,1,30,30004,1,2,2,1,1
202300003710,24,10,2023,15:50,1,1,1,30,30004,1,2,2,1,1
202300003711,21,9,2023,12:15,1,3,4,60,60341,2,2,2,1,2
202300003712,24,6,2023,17:05,1,1,2,22,22278,2,4,2,1,1
202300003713,23,9,2023,13:05,1,1,6,33,33366,1,1,3,1,1
202300003714,19,10,2023,16:45,1,1,7,30,30348,1,2,3,2,1
202300003715,12,7,2023,11:50,1,1,3,19,19031,2,4,2,1,1
202300003716,11,7,2023,08:00,1,1,6,19,19031,2,3,2,1,1
202300003717,23,9,2023,14:12,1,1,4,91,91161,1,1,-1,1,1
202300003718,25,10,2023,08:40,1,1,1,973,97309,2,3,2,1,1
202300003718,25,10,2023,08:40,1,1,1,973,97309,2,3,2,1,1
202300003719,22,9,2023,18:45,1,1,2,91,91103,1,2,3,1,1
202300003720,12,7,2023,18:11,1,1,2,17,17291,1,2,3,1,1
202300003721,24,10,2023,19:01,5,1,1,973,97309,2,3,2,1,1
202300003722,13,7,2023,23:35,3,1,7,13,13117,1,3,3,1,1
202300003723,22,9,2023,17:30,1,1,4,91,91216,1,1,3,2,1
202300003724,12,7,2023,17:20,1,1,5,13,13071,2,3,2,1,1
202300003725,22,9,2023,16:25,1,1,3,91,91161,1,1,3,1,1
202300003726,12,7,2023,16:45,1,1,3,13,13071,2,3,2,1,1
202300003726,12,7,2023,16:45,1,1,3,13,13071,2,3,2,1,1
202300003727,23,9,2023,20:05,3,1,3,92,92025,1,1,3,1,1
202300003728,23,10,2023,16:00,1,1,5,971,97116,1,2,2,1,1
202300003729,13,7,2023,07:10,2,7,3,13,13056,2,4,2,1,1
202300003729,13,7,2023,07:10,2,7,3,13,13056,2,4,2,2,1
202300003730,23,9,2023,18:00,1,1,2,92,92036,1,2,1,1,1
202300003731,24,10,2023,07:40,1,1,1,971,97128,1,2,2,1,1
202300003732,23,9,2023,19:15,2,1,3,93,93027,1,1,3,1,1
202300003733,13,7,2023,18:33,1,1,3,13,13207,2,4,1,1,1
202300003733,13,7,2023,18:33,1,1,3,13,13207,2,4,2,2,1
202300003734,13,7,2023,21:40,1,1,6,13,13028,2,4,2,1,1
202300003734,13,7,2023,21:40,1,1,6,13,13028,2,4,2,1,1
202300003735,24,10,2023,16:10,1,1,3,78,78506,1,3,2,1,1
202300003735,24,10,2023,16:10,1,1,3,78,78506,1,3,2,1,1
202300003736,23,9,2023,13:50,1,1,2,93,93027,1,1,1,2,1
202300003737,22,10,2023,14:30,1,1,7,73,73006,2,3,2,2,1
202300003738,23,9,2023,10:30,1,1,2,95,95018,1,1,1,3,1
202300003739,13,7,2023,08:15,1,1,1,13,13028,2,3,2,4,1
202300003739,13,7,2023,08:15,1,1,1,13,13028,2,3,2,1,1
202300003740,23,9,2023,02:00,3,1,2,93,93073,1,1,3,1,1
202300003741,24,10,2023,16:15,1,2,7,38,38467,1,3,2,1,2
202300003742,22,9,2023,17:40,1,1,3,93,93066,1,1,3,1,1
202300003743,13,7,2023,07:50,1,7,3,13,13001,2,3,2,2,1