id_accident,jour,mois,annee,heure_minute,luminosite,meteo,type_collision,departement,commune,agglomeration,categorie_route,regime_circulation,profil_route,etat_surface
202300003743,13,7,2023,07:50,1,7,3,13,13001,2,3,2,2,1
202300003744,24,10,2023,07:50,2,2,3,19,19207,1,3,2,1,2
202300003745,22,9,2023,17:40,1,1,2,93,93027,1,1,2,2,1
202300003746,13,7,2023,19:45,1,7,3,11,11069,1,3,4,2,1
202300003746,13,7,2023,19:45,1,7,3,11,11069,1,3,2,2,1
202300003747,23,9,2023,14:25,1,1,3,77,77169,1,1,3,1,1
202300003748,21,10,2023,02:19,3,3,6,33,33080,1,3,2,1,2
202300003749,13,7,2023,09:40,1,1,4,08,08480,1,1,3,1,1
202300003750,22,9,2023,23:15,4,1,2,94,94069,1,1,1,2,1
202300003751,12,7,2023,13:10,1,1,3,03,03185,2,4,2,1,1
202300003751,12,7,2023,13:10,1,1,3,03,03185,2,4,3,1,1
202300003752,19,6,2023,09:10,1,1,6,13,13028,2,4,1,1,1
202300003753,23,10,2023,15:44,1,8,3,22,22198,1,3,2,1,3
202300003753,23,10,2023,15:44,1,8,3,22,22198,1,3,2,1,1
202300003754,22,5,2023,15:15,1,1,2,13,13028,2,4,2,1,1
202300003755,27,6,2023,10:55,1,1,5,02,02340,2,6,-1,1,1
202300003756,10,10,2023,19:00,1,1,6,22,22388,2,4,2,1,1
202300003757,13,7,2023,14:40,1,1,2,75,75117,2,4,1,1,1
202300003758,9,5,2023,18:40,1,2,1,13,13028,2,4,2,1,2
202300003759,12,7,2023,13:00,1,1,2,75,75120,2,4,1,1,1
202300003760,28,4,2023,19:00,1,1,3,13,13028,2,3,1,1,1
202300003761,24,10,2023,10:45,1,7,3,35,35089,1,3,2,2,1
202300003761,24,10,2023,10:45,1,7,3,35,35089,1,3,2,1,1
202300003762,11,7,2023,11:00,1,1,3,75,75118,2,4,1,1,1
202300003763,25,4,2023,19:15,1,1,6,13,13028,2,4,2,1,1
202300003764,24,10,2023,18:15,2,2,6,27,27014,1,3,2,2,2
202300003765,21,9,2023,16:40,1,1,3,974,97411,2,4,-1,2,1
202300003765,21,9,2023,16:40,1,1,3,974,97411,2,4,-1,1,1
202300003766,13,7,2023,15:20,1,1,6,75,75106,2,4,2,1,1
202300003766,13,7,2023,15:20,1,1,6,75,75106,2,4,-1,1,1
202300003767,24,10,2023,20:30,3,2,7,27,27229,1,3,2,2,6
202300003768,12,7,2023,21:00,1,1,2,75,75119,2,4,1,2,1
202300003769,20,9,2023,04:35,3,1,3,974,97411,1,2,1,1,1
202300003770,13,7,2023,13:20,1,1,6,75,75118,2,4,1,1,1
202300003771,22,9,2023,21:50,5,1,6,974,97407,2,4,3,1,1
202300003772,13,7,2023,10:00,1,1,7,75,75118,2,4,1,2,1
202300003773,24,10,2023,18:50,2,2,3,76,76313,1,7,2,1,2
202300003773,24,10,2023,18:50,2,2,3,76,76313,1,7,2,1,2
202300003774,21,9,2023,14:50,1,1,1,973,97302,2,4,2,1,1
202300003775,13,7,2023,21:30,1,1,3,75,75117,2,4,2,1,1
202300003775,13,7,2023,21:30,1,1,3,75,75117,2,4,-1,1,1
202300003776,24,10,2023,04:45,3,1,2,59,59047,1,3,2,1,1
202300003777,21,9,2023,13:05,1,1,2,973,97302,2,3,2,1,1
202300003778,13,7,2023,15:10,1,8,6,75,75115,2,4,-1,1,1
202300003778,13,7,2023,15:10,1,8,6,75,75115,2,4,1,1,1
202300003779,12,7,2023,23:40,5,1,2,75,75115,2,4,1,1,1
202300003780,22,9,2023,16:35,1,1,2,972,97213,1,1,1,1,1
202300003781,24,10,2023,11:00,1,2,2,13,13212,1,1,-1,1,2
202300003782,22,9,2023,11:55,1,1,6,69,69381,1,4,1,2,1
202300003783,12,7,2023,19:40,1,1,3,75,75115,2,4,2,1,1
202300003784,24,10,2023,07:00,5,3,1,13,13216,1,1,1,1,2
202300003785,12,7,2023,18:10,1,1,6,75,75115,2,4,1,1,1
202300003785,12,7,2023,18:10,1,1,6,75,75115,2,4,1,2,1
202300003786,22,9,2023,15:35,1,2,6,971,97120,2,3,1,1,2
202300003786,22,9,2023,15:35,1,2,6,971,97120,2,3,1,1,2
202300003787,22,9,2023,13:40,1,1,3,971,97120,2,3,2,1,1
202300003788,13,7,2023,09:20,1,1,3,75,75114,2,4,1,1,1
202300003788,13,7,2023,09:20,1,1,3,75,75114,2,4,1,1,1
202300003789,13,7,2023,00:10,5,1,7,75,75114,2,4,1,2,1
202300003789,13,7,2023,00:10,5,1,7,75,75114,2,4,1,1,1
202300003790,22,9,2023,20:14,3,8,6,2A,2A004,1,3,3,1,2
202300003791,24,10,2023,13:20,1,8,4,83,83137,1,1,3,1,2
202300003792,13,7,2023,12:30,1,1,1,75,75113,2,4,1,1,1
202300003792,13,7,2023,12:30,1,1,1,75,75113,2,4,2,1,1
202300003793,24,10,2023,09:45,1,2,2,83,83126,1,1,1,1,2
202300003794,13,7,2023,15:59,1,1,3,75,75111,2,4,2,1,1
202300003794,13,7,2023,15:59,1,1,3,75,75111,2,4,2,1,1
202300003795,24,10,2023,21:55,3,1,4,33,33162,1,1,3,1,1
202300003796,13,7,2023,12:30,1,1,3,75,75109,2,4,-1,1,1
202300003796,13,7,2023,12:30,1,1,3,75,75109,2,4,2,1,1
202300003797,22,9,2023,19:20,2,1,2,91,91657,2,3,2,1,1
202300003798,13,7,2023,16:33,1,1,6,75,75107,2,4,-1,1,1
202300003798,13,7,2023,16:33,1,1,6,75,75107,2,4,2,1,1
202300003799,22,9,2023,13:00,1,1,3,88,88209,2,4,2,1,1
202300003799,22,9,2023,13:00,1,1,3,88,88209,2,4,1,4,1
202300003800,13,7,2023,16:40,1,1,6,75,75101,2,4,1,1,1
202300003800,13,7,2023,16:40,1,1,6,75,75101,2,4,2,1,1
202300003801,24,10,2023,10:38,1,1,4,33,33249,1,1,3,2,1
202300003802,21,9,2023,15:50,1,2,7,87,87085,2,4,2,1,2
202300003802,21,9,2023,15:50,1,2,7,87,87085,2,4,1,1,2
202300003803,15,6,2023,19:45,1,1,3,75,75104,2,4,2,1,1
202300003803,15,6,2023,19:45,1,1,3,75,75104,2,4,1,1,1
202300003804,21,9,2023,14:30,1,2,6,87,87065,1,1,3,2,2
202300003805,22,10,2023,05:00,3,2,2,62,62274,1,1,1,1,2
202300003806,12,7,2023,17:49,1,1,1,94,94046,2,4,-1,1,1
202300003807,22,9,2023,18:00,1,1,3,78,78650,2,3,2,1,1
202300003807,22,9,2023,18:00,1,1,3,78,78650,2,3,2,1,1
202300003808,23,10,2023,17:14,2,1,3,75,75113,1,1,1,1,1
202300003809,12,7,2023,14:30,1,1,3,94,94016,2,3,1,2,1
202300003810,22,9,2023,08:24,2,2,2,77,77181,2,4,-1,1,2
202300003811,13,7,2023,11:30,1,1,6,94,94021,2,5,1,1,1
202300003812,23,10,2023,17:50,2,8,2,91,91617,1,1,1,1,2
202300003813,22,9,2023,09:15,1,2,6,77,77014,2,4,1,1,2
202300003814,13,7,2023,14:00,1,1,6,94,94028,2,3,2,1,1
202300003815,23,10,2023,16:50,1,2,6,91,91521,1,2,1,1,2
202300003816,13,7,2023,03:05,5,1,6,94,94018,2,3,3,1,1
202300003817,22,9,2023,00:20,5,1,7,76,76451,2,7,2,1,2
202300003818,13,7,2023,07:10,2,1,6,93,93001,2,4,2,1,1
202300003819,24,10,2023,18:54,1,1,5,92,92050,1,1,-1,1,1
202300003820,22,9,2023,08:55,1,2,6,76,76341,2,4,2,1,2
202300003820,22,9,2023,08:55,1,2,6,76,76341,2,4,1,1,2
202300003821,13,7,2023,19:09,1,1,3,93,93062,2,4,2,1,1
202300003821,13,7,2023,19:09,1,1,3,93,93062,2,4,2,1,1
202300003822,22,9,2023,22:10,5,2,6,73,73008,2,4,1,1,2
202300003823,13,7,2023,06:10,1,1,6,93,93048,2,3,2,1,1
202300003824,24,10,2023,16:50,1,1,4,92,92064,1,1,-1,1,1
202300003825,22,9,2023,20:50,5,3,3,72,72003,2,4,2,1,2
202300003826,12,7,2023,14:20,1,1,3,93,93063,2,3,2,1,1
202300003826,12,7,2023,14:20,1,1,3,93,93063,2,3,2,1,1
202300003827,24,10,2023,09:45,1,1,5,78,78640,1,1,1,1,2
202300003828,21,9,2023,11:20,1,8,2,72,72181,2,4,1,1,2
202300003829,24,10,2023,17:55,1,1,1,95,95256,1,2,3,1,1
202300003830,12,7,2023,07:50,1,1,3,93,93045,2,4,2,2,1
202300003831,22,9,2023,14:25,1,2,7,71,71306,2,4,2,1,2
202300003832,24,10,2023,11:00,1,1,7,95,95527,1,1,3,1,2
202300003833,13,7,2023,16:50,1,1,6,93,93031,2,4,2,1,1
202300003833,13,7,2023,16:50,1,1,6,93,93031,2,4,2,1,1
202300003834,13,7,2023,19:20,1,1,3,93,93010,2,4,2,1,1
202300003834,13,7,2023,19:20,1,1,3,93,93010,2,4,2,1,1
202300003835,24,10,2023,09:00,1,1,5,95,95527,1,1,3,1,2
202300003836,13,7,2023,17:30,1,1,6,93,93057,2,4,1,1,1
202300003837,24,10,2023,11:00,1,8,4,93,93027,1,1,3,1,2
202300003838,13,7,2023,15:16,1,1,3,93,93057,2,3,3,1,1
202300003838,13,7,2023,15:16,1,1,3,93,93057,2,3,2,1,1
202300003839,13,7,2023,11:00,1,1,3,93,93001,2,3,2,1,1
202300003840,13,7,2023,08:05,1,1,3,92,92078,2,3,2,1,1
202300003840,13,7,2023,08:05,1,1,3,92,92078,2,3,3,1,1
202300003841,23,10,2023,20:30,3,2,4,93,93078,1,1,3,1,2
202300003842,13,7,2023,07:50,1,1,3,92,92063,2,3,2,1,1
202300003843,23,10,2023,22:35,3,8,6,93,93064,1,1,-1,1,2
202300003844,13,7,2023,05:36,2,1,3,92,92051,2,2,1,1,1
202300003845,24,10,2023,01:35,3,2,6,95,95572,1,2,1,1,2
202300003846,13,7,2023,03:50,5,1,7,92,92048,2,3,4,2,1
202300003846,13,7,2023,03:50,5,1,7,92,92048,2,3,4,4,1
202300003847,23,10,2023,22:05,3,1,3,92,92036,1,1,1,1,2
202300003848,12,7,2023,21:00,2,1,3,92,92048,2,2,2,1,1
202300003848,12,7,2023,21:00,2,1,3,92,92048,2,2,2,1,1
202300003849,23,10,2023,23:20,3,2,6,93,93078,1,1,-1,1,2
202300003850,13,7,2023,18:58,1,1,3,92,92044,2,4,1,1,1
202300003851,23,10,2023,15:35,1,3,2,95,95500,1,1,3,1,2
202300003852,13,7,2023,01:23,5,1,3,92,92044,2,4,1,1,1
202300003853,23,10,2023,15:50,1,2,6,93,93066,1,1,3,1,2
202300003854,13,7,2023,14:20,2,1,6,92,92036,2,3,2,1,1
202300003854,13,7,2023,14:20,2,1,6,92,92036,2,3,2,1,1
202300003855,23,10,2023,09:00,1,1,2,95,95491,1,1,3,1,1
202300003856,12,7,2023,08:45,1,1,6,92,92036,2,4,3,1,1
202300003857,23,10,2023,03:45,3,1,6,95,95277,1,3,3,1,1
202300003858,13,7,2023,12:20,1,1,3,92,92007,2,4,2,1,1
202300003858,13,7,2023,12:20,1,1,3,92,92007,2,4,1,1,1
202300003859,13,7,2023,18:45,1,1,2,92,92004,2,3,-1,1,1
202300003859,13,7,2023,18:45,1,1,2,92,92004,2,3,-1,1,1
202300003860,24,10,2023,09:15,1,1,3,94,94069,1,1,3,1,1
202300003861,14,7,2023,03:50,3,1,6,71,71507,1,3,2,1,1
202300003862,23,10,2023,08:30,1,1,2,77,77373,1,2,3,1,1
202300003863,13,7,2023,19:30,1,1,7,71,71477,1,4,-1,2,9
202300003864,29,7,2023,16:25,1,1,2,14,14663,1,3,2,1,1
202300003865,14,7,2023,19:50,1,1,6,21,21002,1,1,3,1,1
202300003866,30,6,2023,16:00,1,1,1,14,14409,2,3,2,1,1
202300003867,14,7,2023,01:50,3,1,6,71,71170,1,1,3,1,1
202300003868,13,7,2023,18:10,1,1,6,25,25614,1,1,-1,1,1
202300003869,14,7,2023,05:45,3,1,1,84,84038,1,3,2,1,1
202300003870,14,7,2023,11:20,1,1,3,87,87201,1,2,3,1,1
202300003871,8,4,2023,16:50,1,1,6,14,14724,2,3,2,1,1
202300003871,8,4,2023,16:50,1,1,6,14,14724,2,3,2,1,1
202300003872,14,7,2023,14:55,1,1,3,83,83097,1,1,-1,1,1
202300003872,14,7,2023,14:55,1,1,3,83,83097,1,1,1,2,1
202300003873,7,4,2023,16:35,1,1,1,14,14436,2,3,2,2,1
202300003874,13,7,2023,19:55,1,1,2,79,79355,1,3,2,1,1
202300003875,8,3,2023,11:50,1,1,1,14,14047,2,3,3,2,1
202300003876,14,7,2023,04:00,3,1,6,80,80650,1,3,2,1,1
202300003877,14,7,2023,08:15,1,1,7,71,71014,1,3,2,1,1
202300003878,22,8,2023,21:45,3,1,6,13,13214,2,6,2,1,1
202300003879,13,7,2023,20:25,1,1,7,71,71469,1,3,2,1,9
202300003880,23,10,2023,15:40,1,1,1,974,97411,2,4,2,1,1
202300003880,23,10,2023,15:40,1,1,1,974,97411,2,4,2,1,1
202300003881,14,7,2023,07:30,1,1,7,63,63249,1,3,2,1,1
202300003882,23,10,2023,15:40,1,1,3,974,97411,2,2,2,1,1
202300003882,23,10,2023,15:40,1,1,3,974,97411,2,2,1,1,1
202300003883,4,5,2023,15:40,1,1,1,75,75107,2,4,1,1,1
202300003883,4,5,2023,15:40,1,1,1,75,75107,2,4,2,1,1
202300003884,4,5,2023,00:00,5,1,1,75,75108,2,4,1,1,1
202300003884,4,5,2023,00:00,5,1,1,75,75108,2,4,4,1,1
202300003885,4,5,2023,19:30,1,1,5,94,94074,2,3,2,1,1
202300003885,4,5,2023,19:30,1,1,5,94,94074,2,3,2,1,1
202300003886,3,5,2023,13:00,1,1,2,94,94033,2,1,3,1,1
202300003886,3,5,2023,13:00,1,1,2,94,94033,2,1,3,1,1
202300003887,4,5,2023,00:40,5,1,6,93,93064,2,4,2,1,1
202300003888,4,5,2023,19:45,1,1,1,93,93055,2,3,3,1,1
202300003888,4,5,2023,19:45,1,1,1,93,93055,2,3,3,1,1
202300003889,4,5,2023,21:45,5,1,3,93,93048,2,4,2,1,1
202300003889,4,5,2023,21:45,5,1,3,93,93048,2,4,1,1,1
202300003890,4,5,2023,18:05,1,1,2,93,93048,2,3,1,1,1
202300003890,4,5,2023,18:05,1,1,2,93,93048,2,3,2,2,1
202300003891,4,5,2023,08:45,1,1,1,93,93066,2,4,1,1,1
202300003891,4,5,2023,08:45,1,1,1,93,93066,2,4,2,1,1
202300003892,4,5,2023,09:06,1,1,3,93,93029,2,4,2,1,1
202300003892,4,5,2023,09:06,1,1,3,93,93029,2,4,2,1,1
202300003893,4,5,2023,07:55,1,1,3,93,93014,2,3,2,1,1
202300003894,4,5,2023,18:10,1,1,1,92,92046,2,4,2,2,1
202300003895,3,5,2023,11:05,1,1,3,92,92051,2,4,1,2,1
202300003896,3,5,2023,07:55,1,1,6,92,92025,2,4,2,1,1
202300003897,4,5,2023,08:45,1,1,3,92,92024,2,3,1,1,1
202300003898,4,5,2023,16:00,1,1,1,92,92012,2,3,2,1,1
202300003899,3,5,2023,18:50,1,1,2,92,92004,2,3,-1,1,1
202300003900,1,5,2023,18:30,1,1,3,38,38238,1,3,2,1,1
202300003900,1,5,2023,18:30,1,1,3,38,38238,1,3,2,1,1
202300003901,3,5,2023,12:10,1,1,3,68,68112,2,4,1,1,1
202300003901,3,5,2023,12:10,1,1,3,68,68112,2,4,-1,2,1
202300003902,2,5,2023,07:44,1,1,3,49,49092,2,3,2,1,1
202300003902,2,5,2023,07:44,1,1,3,49,49092,2,3,2,1,1
202300003903,27,4,2023,04:30,3,1,6,81,81059,2,3,2,2,1
202300003904,26,3,2023,14:30,1,1,2,28,28409,1,1,3,1,1
202300003905,4,5,2023,18:05,1,1,2,38,38105,1,3,2,1,1
202300003906,5,5,2023,12:50,1,1,3,38,38239,2,3,2,1,1
202300003907,3,5,2023,10:45,1,1,6,971,97132,1,2,3,2,1
202300003908,4,5,2023,19:40,1,1,1,60,60176,2,3,2,1,1
202300003909,5,5,2023,09:10,1,1,2,83,83019,2,3,2,1,1
202300003910,3,5,2023,11:30,1,1,1,56,56147,1,3,2,1,1
202300003911,4,5,2023,16:15,1,1,6,67,67066,2,6,-1,1,1
202300003912,5,5,2023,17:20,1,1,6,2A,2A006,1,3,2,2,1
202300003913,2,5,2023,10:45,1,1,3,80,80782,1,3,2,1,1
202300003914,5,5,2023,12:20,1,1,7,81,81288,1,3,2,2,1
202300003915,3,5,2023,12:10,1,1,6,71,71269,2,3,2,1,1
202300003916,4,5,2023,08:20,1,1,1,47,47168,1,3,2,1,1
202300003917,10,2,2023,15:20,1,1,7,51,51599,1,3,2,1,1
202300003918,4,5,2023,21:04,2,1,7,41,41115,1,4,2,1,1
202300003918,4,5,2023,21:04,2,1,7,41,41115,1,4,2,-1,-1
202300003919,12,2,2023,20:15,3,1,1,84,84099,1,3,2,1,1
202300003920,12,2,2023,17:40,2,1,6,41,41188,1,4,2,1,1
202300003921,2,5,2023,15:30,1,1,3,22,22211,1,3,2,1,1
202300003921,2,5,2023,15:30,1,1,3,22,22211,1,3,2,1,1
202300003922,13,2,2023,08:20,1,1,3,51,51621,1,3,2,1,2
202300003923,3,5,2023,14:25,1,1,7,29,29117,2,3,1,1,1
202300003924,22,1,2023,18:00,3,1,6,56,56027,1,2,3,1,1
202300003925,4,5,2023,10:30,1,1,6,31,31042,2,3,1,1,1
202300003926,8,2,2023,10:05,1,1,6,56,56157,2,3,2,2,1
202300003926,8,2,2023,10:05,1,1,6,56,56157,2,3,2,1,1
202300003927,12,2,2023,11:30,1,1,7,77,77197,1,3,2,2,9
202300003927,12,2,2023,11:30,1,1,7,77,77197,1,3,2,1,-1
202300003928,13,2,2023,10:50,1,1,2,80,80680,2,3,1,1,1
202300003929,10,2,2023,14:30,1,1,6,65,65075,2,3,2,1,1
202300003929,10,2,2023,14:30,1,1,6,65,65075,2,3,2,2,1
202300003930,4,5,2023,12:45,1,1,3,38,38416,2,3,2,1,1
202300003930,4,5,2023,12:45,1,1,3,38,38416,2,3,2,1,1
202300003931,12,2,2023,17:35,1,1,3,33,33544,1,3,2,1,1
202300003931,12,2,2023,17:35,1,1,3,33,33544,1,3,2,1,1
202300003932,1,5,2023,18:00,1,1,7,02,02816,1,4,2,1,1
202300003933,12,2,2023,20:25,3,1,1,33,33128,1,3,2,1,1
202300003934,12,2,2023,17:25,1,1,6,61,61075,2,3,2,4,1
202300003935,4,5,2023,21:00,5,1,3,15,15267,1,3,2,1,1
202300003935,4,5,2023,21:00,5,1,3,15,15267,1,3,2,2,1
202300003936,12,2,2023,15:35,1,1,7,49,49155,1,4,2,1,1
202300003937,5,5,2023,16:15,1,1,6,01,01447,1,3,2,1,1
202300003937,5,5,2023,16:15,1,1,6,01,01447,1,3,2,1,1
202300003938,12,2,2023,08:00,1,8,1,49,49057,1,3,2,1,1
202300003939,12,2,2023,21:40,5,5,6,39,39475,1,4,2,1,9
202300003940,3,5,2023,21:40,3,1,2,26,26324,1,3,2,1,1
202300003941,13,2,2023,10:25,1,1,3,25,25403,1,3,2,1,2
202300003941,13,2,2023,10:25,1,1,3,25,25403,1,3,-1,1,2
202300003942,5,5,2023,18:00,1,1,6,58,58145,1,3,2,4,1
202300003943,13,2,2023,11:25,1,1,6,44,44061,1,3,2,1,1
202300003944,4,5,2023,20:15,1,1,2,72,72386,1,3,3,2,1
202300003945,12,2,2023,22:15,3,1,6,29,29302,1,3,2,1,1
202300003945,12,2,2023,22:15,3,1,6,29,29302,1,3,2,1,1
202300003946,13,2,2023,13:40,1,1,2,02,02349,1,3,2,1,1
202300003947,5,5,2023,12:00,1,1,6,21,21003,2,7,2,1,1
202300003948,10,2,2023,14:20,1,1,6,84,84077,1,4,2,2,1
202300003949,12,2,2023,15:25,1,1,3,03,03128,1,3,2,1,1
202300003950,29,4,2023,19:15,1,1,6,21,21086,2,3,4,1,1
202300003951,13,2,2023,08:05,1,1,7,58,58243,1,3,2,2,7
202300003952,5,5,2023,11:58,1,7,6,27,27428,2,4,2,1,1
202300003953,12,2,2023,17:40,2,7,7,54,54228,1,3,2,3,2
202300003954,13,2,2023,07:24,2,5,6,50,50369,1,3,2,1,1
202300003955,5,5,2023,12:30,1,1,1,28,28018,1,3,2,2,1
202300003956,12,2,2023,21:45,3,1,6,50,50567,1,4,2,2,2
202300003957,13,2,2023,18:45,3,1,2,50,50582,1,3,2,3,1
202300003958,4,5,2023,18:00,1,1,1,06,06152,1,3,2,1,1
202300003959,10,2,2023,06:30,3,1,1,45,45146,1,3,2,1,1
202300003960,12,2,2023,18:10,1,1,3,64,64014,1,3,2,2,1
202300003961,27,4,2023,23:20,5,1,1,06,06085,2,3,3,2,1
202300003962,13,2,2023,15:15,1,1,3,07,07308,1,3,2,1,1
202300003963,3,5,2023,17:30,3,1,7,987,98745,2,2,2,1,1
202300003964,12,2,2023,02:35,3,9,6,07,07303,1,3,2,2,7
202300003965,13,2,2023,07:10,3,5,4,53,53018,1,3,2,1,1
202300003966,3,5,2023,22:10,5,1,3,06,06123,1,1,3,1,1
202300003967,12,2,2023,16:11,1,1,7,87,87124,1,3,2,3,1
202300003968,5,5,2023,07:25,1,1,3,974,97408,2,2,2,2,1
202300003969,7,2,2023,20:40,5,1,6,87,87001,2,2,2,1,1
202300003970,12,2,2023,20:10,3,1,2,03,03118,1,1,3,2,1
202300003971,4,5,2023,14:30,1,3,1,972,97228,1,2,2,2,2
202300003972,12,2,2023,12:29,1,1,7,06,06104,1,1,3,2,1
202300003973,4,5,2023,17:55,1,1,2,77,77474,1,2,2,1,1
202300003973,4,5,2023,17:55,1,1,2,77,77474,1,2,2,-1,-1
202300003974,4,5,2023,17:10,1,1,3,91,91494,2,3,3,1,1
202300003975,12,2,2023,20:40,3,2,5,973,97303,1,2,2,1,2
202300003976,5,5,2023,10:30,1,1,6,2B,2B109,1,3,2,1,1
202300003977,13,2,2023,09:20,1,1,2,29,29234,1,2,3,1,1
202300003978,13,2,2023,18:25,1,1,3,30,30156,2,4,2,1,1
202300003979,5,5,2023,16:42,1,1,5,83,83077,1,3,2,1,1
202300003979,5,5,2023,16:42,1,1,5,83,83077,1,3,2,4,1
202300003980,12,2,2023,14:45,1,1,5,13,13030,1,3,2,2,1
202300003981,13,2,2023,06:00,3,1,3,13,13066,1,3,2,1,1
202300003982,4,5,2023,08:26,1,1,3,13,13100,1,3,2,1,1
202300003983,12,2,2023,16:30,1,1,1,21,21263,1,4,2,1,1
202300003983,12,2,2023,16:30,1,1,1,21,21263,1,4,2,1,1
202300003984,4,5,2023,16:01,1,1,7,67,67021,1,3,2,2,1
202300003985,12,2,2023,18:00,3,1,1,68,68226,2,3,2,2,1
202300003986,13,2,2023,17:20,2,7,3,31,31291,2,3,1,1,1
202300003987,3,5,2023,17:10,1,1,3,03,03286,2,3,3,1,1
202300003987,3,5,2023,17:10,1,1,3,03,03286,2,3,1,1,1
202300003988,12,2,2023,06:40,3,5,6,22,22364,1,4,2,2,7
202300003989,19,1,2023,20:55,3,2,6,22,22277,1,3,2,1,2
202300003990,4,5,2023,18:00,1,1,3,73,73328,1,3,2,1,1
202300003991,13,2,2023,13:30,1,1,7,76,76164,1,4,2,4,1
202300003992,12,2,2023,21:00,3,1,1,80,80210,1,3,2,1,1
202300003993,28,4,2023,18:18,1,1,3,26,26271,1,3,2,1,1
202300003993,28,4,2023,18:18,1,1,3,26,26271,1,3,2,1,1
202300003994,29,1,2023,10:55,1,1,2,13,13106,1,1,1,3,1
202300003995,11,2,2023,15:18,1,1,4,83,83137,1,1,1,1,1
202300003996,24,4,2023,07:30,2,5,3,17,17220,1,3,2,2,1
202300003996,24,4,2023,07:30,2,5,3,17,17220,1,3,2,1,1
202300003997,11,2,2023,00:30,3,1,3,69,69029,1,1,3,1,1
202300003998,7,2,2023,07:54,1,1,2,67,67152,1,7,-1,1,1
202300003999,4,5,2023,13:30,1,1,3,17,17058,2,3,2,1,1
202300003999,4,5,2023,13:30,1,1,3,17,17058,2,3,2,1,1
202300004000,12,2,2023,05:27,3,1,5,91,91228,1,1,3,1,1
202300004001,27,4,2023,21:56,3,1,7,24,24068,1,3,2,2,1
202300004002,12,2,2023,02:20,3,1,7,91,91617,1,2,3,3,1
202300004003,12,2,2023,20:50,3,1,4,78,78646,1,2,1,1,1
202300004004,4,5,2023,17:05,1,1,3,22,22012,1,3,2,1,1
202300004004,4,5,2023,17:05,1,1,3,22,22012,1,3,2,1,1
202300004005,12,2,2023,19:30,5,1,3,93,93053,1,1,3,1,1
202300004006,10,2,2023,20:10,5,1,5,75,75117,2,4,1,1,1
202300004007,9,2,2023,12:40,1,1,6,75,75120,2,4,1,1,1
202300004007,9,2,2023,12:40,1,1,6,75,75120,2,4,2,1,1
202300004008,5,5,2023,17:15,1,8,3,80,80670,1,3,2,1,1
202300004008,5,5,2023,17:15,1,8,3,80,80670,1,3,2,1,1
202300004009,11,2,2023,05:20,5,1,6,75,75119,2,4,1,2,1
202300004009,11,2,2023,05:20,5,1,6,75,75119,2,4,1,1,1
202300004010,4,5,2023,09:05,1,1,3,13,13211,1,1,3,1,1
202300004011,11,2,2023,12:30,1,1,6,75,75118,2,4,1,1,1
202300004011,11,2,2023,12:30,1,1,6,75,75118,2,4,2,1,1
202300004012,4,5,2023,20:30,1,1,2,91,91377,1,3,1,1,1
202300004013,10,2,2023,22:15,5,1,3,75,75116,2,4,2,2,1
202300004014,4,5,2023,07:20,1,1,2,91,91432,1,1,-1,2,1
202300004015,11,2,2023,15:20,1,1,4,75,75115,2,4,1,1,1
202300004016,3,5,2023,10:00,1,1,3,91,91286,1,3,1,1,1
202300004017,11,2,2023,12:00,1,1,3,75,75114,2,4,2,1,1
202300004018,29,1,2023,22:00,5,8,2,75,75107,2,4,2,1,1
202300004018,29,1,2023,22:00,5,8,2,75,75107,2,4,-1,1,1
202300004019,3,5,2023,09:55,1,1,2,92,92036,1,1,-1,1,1
202300004020,11,2,2023,15:50,1,1,3,75,75112,2,4,2,1,1
202300004021,11,2,2023,03:50,5,1,6,75,75109,2,4,3,2,1
202300004022,10,2,2023,21:45,5,1,7,75,75110,2,4,2,1,1
202300004022,10,2,2023,21:45,5,1,7,75,75110,2,4,1,1,1
202300004023,3,5,2023,22:10,3,1,3,93,93027,1,1,3,1,1
202300004024,10,2,2023,20:10,5,1,3,75,75104,2,4,1,1,1
202300004024,10,2,2023,20:10,5,1,3,75,75104,2,4,1,1,1
202300004025,3,5,2023,12:40,1,1,2,92,92036,1,1,3,1,1
202300004026,11,2,2023,15:05,1,1,3,94,94081,2,4,-1,1,1
202300004026,11,2,2023,15:05,1,1,3,94,94081,2,4,2,1,1
202300004027,4,5,2023,09:10,1,1,2,94,94052,1,1,3,1,1
202300004028,11,2,2023,21:00,5,1,4,94,94078,2,2,2,1,1
202300004028,11,2,2023,21:00,5,1,4,94,94078,2,2,2,1,1
202300004029,11,2,2023,00:40,5,1,2,94,94046,2,3,1,1,1
202300004030,3,5,2023,20:00,1,1,2,94,94069,1,1,1,2,1
202300004031,11,2,2023,20:50,5,1,3,94,94001,2,3,2,1,1
202300004031,11,2,2023,20:50,5,1,3,94,94001,2,3,2,1,1
202300004032,3,5,2023,15:44,1,1,6,974,97411,2,2,1,2,1
202300004033,11,2,2023,11:00,1,1,2,94,94070,1,3,2,3,1
202300004034,1,5,2023,05:30,2,1,6,974,97407,1,4,2,1,1
202300004035,11,2,2023,10:45,1,1,2,94,94048,2,4,2,1,1
202300004036,11,2,2023,10:30,1,8,1,95,95212,1,4,2,1,1
202300004037,3,5,2023,08:36,1,1,7,973,97302,2,3,2,1,1
202300004038,11,2,2023,11:50,1,1,3,92,92072,2,3,-1,1,1