id_accident,jour,mois,annee,heure_minute,luminosite,meteo,type_collision,departement,commune,agglomeration,categorie_route,regime_circulation,profil_route,etat_surface
202300004039,4,5,2023,00:45,5,1,6,69,69388,2,4,2,1,1
202300004040,10,2,2023,23:30,5,1,2,92,92072,2,4,-1,1,1
202300004041,11,2,2023,00:10,5,1,7,92,92033,2,3,2,1,1
202300004042,3,5,2023,13:30,1,1,3,69,69387,2,4,1,1,1
202300004042,3,5,2023,13:30,1,1,3,69,69387,2,4,1,1,1
202300004043,10,2,2023,08:45,1,8,3,92,92063,2,3,3,1,1
202300004043,10,2,2023,08:45,1,8,3,92,92063,2,3,2,1,1
202300004044,3,5,2023,18:12,1,1,1,69,69149,2,4,1,1,1
202300004044,3,5,2023,18:12,1,1,1,69,69149,2,4,2,1,1
202300004045,11,2,2023,18:19,5,1,3,92,92040,2,3,2,2,1
202300004045,11,2,2023,18:19,5,1,3,92,92040,2,3,2,2,1
202300004046,27,11,2023,17:10,2,2,3,27,27210,1,3,2,1,2
202300004047,10,2,2023,20:15,5,1,7,92,92025,2,3,3,1,1
202300004047,10,2,2023,20:15,5,1,7,92,92025,2,3,1,1,1
202300004048,3,5,2023,14:30,1,1,3,2A,2A004,2,3,2,1,1
202300004049,27,11,2023,17:00,2,2,6,37,37050,2,4,2,1,2
202300004050,11,2,2023,20:20,3,1,3,35,35046,1,3,2,1,1
202300004050,11,2,2023,20:20,3,1,3,35,35046,1,3,2,1,1
202300004051,3,5,2023,13:25,1,1,2,2A,2A271,1,2,2,1,1
202300004052,28,11,2023,08:25,2,1,3,49,49355,1,1,3,1,2
202300004053,3,5,2023,12:00,1,1,6,2A,2A004,2,2,2,1,1
202300004054,18,11,2023,02:15,3,1,6,24,24115,2,3,2,1,1
202300004055,11,2,2023,18:00,3,1,6,95,95134,1,3,2,1,1
202300004056,3,5,2023,12:40,1,1,6,2A,2A004,2,4,2,1,1
202300004057,28,11,2023,08:35,1,1,6,53,53108,1,1,3,1,1
202300004058,11,2,2023,09:45,1,7,3,86,86254,1,3,2,1,1
202300004058,11,2,2023,09:45,1,7,3,86,86254,1,3,2,1,1
202300004059,27,11,2023,19:20,3,4,7,38,38253,1,3,2,2,5
202300004060,11,2,2023,21:00,3,2,6,60,60385,1,3,2,2,2
202300004061,2,5,2023,19:10,1,1,2,91,91421,1,3,3,1,1
202300004062,28,11,2023,13:25,1,1,7,06,06088,1,1,3,1,1
202300004063,8,2,2023,10:50,1,1,2,44,44103,1,2,3,1,1
202300004064,11,2,2023,19:40,3,1,7,23,23235,1,3,2,1,1
202300004065,29,11,2023,00:00,3,1,7,988,98831,2,4,2,1,1
202300004065,29,11,2023,00:00,3,1,7,988,98831,2,4,2,-1,1
202300004066,2,5,2023,14:15,1,1,3,87,87085,2,4,2,1,1
202300004067,12,2,2023,08:50,1,5,7,21,21373,1,3,2,1,7
202300004068,11,2,2023,17:00,1,1,3,51,51287,1,3,2,2,1
202300004069,30,4,2023,08:15,1,1,2,87,87085,2,4,3,1,1
202300004069,30,4,2023,08:15,1,1,2,87,87085,2,4,2,1,1
202300004070,8,11,2023,19:00,5,1,3,78,78537,2,3,2,3,1
202300004070,8,11,2023,19:00,5,1,3,78,78537,2,3,2,1,1
202300004071,12,2,2023,14:45,1,7,1,82,82155,1,3,2,2,1
202300004072,30,4,2023,05:30,3,1,6,87,87085,2,4,2,1,1
202300004073,28,11,2023,18:00,5,1,2,84,84054,2,4,2,1,1
202300004074,12,2,2023,09:00,1,1,1,32,32107,1,4,2,1,1
202300004075,29,4,2023,02:00,5,1,6,87,87085,2,4,2,1,1
202300004076,26,11,2023,16:40,2,6,6,13,13097,1,2,3,1,1
202300004077,12,2,2023,11:20,1,1,6,61,61483,2,3,2,2,1
202300004078,28,4,2023,20:20,2,1,7,87,87048,1,3,2,1,1
202300004079,27,11,2023,13:45,1,3,3,89,89438,1,1,3,2,2
202300004080,30,4,2023,20:20,1,1,1,85,85194,2,4,2,1,1
202300004081,12,2,2023,01:45,3,1,6,42,42185,1,3,2,2,1
202300004082,12,2,2023,07:45,2,5,6,22,22203,1,3,2,1,1
202300004083,27,11,2023,18:35,5,3,6,67,67067,2,3,2,1,2
202300004084,3,5,2023,19:35,1,1,1,83,83069,2,4,2,1,1
202300004084,3,5,2023,19:35,1,1,1,83,83069,2,4,2,1,1
202300004085,11,2,2023,15:00,1,7,7,39,39560,1,3,2,2,1
202300004086,12,2,2023,10:10,1,1,1,29,29093,1,4,2,1,1
202300004087,3,5,2023,19:30,1,1,3,78,78418,2,4,-1,1,1
202300004087,3,5,2023,19:30,1,1,3,78,78418,2,4,-1,1,1
202300004088,27,11,2023,19:35,3,4,1,88,88531,1,3,2,2,5
202300004089,11,2,2023,01:30,4,1,6,38,38095,1,3,2,1,1
202300004090,27,11,2023,18:30,3,4,7,73,73176,1,3,2,2,5
202300004091,3,5,2023,15:40,1,1,4,77,77243,2,4,2,1,1
202300004092,12,2,2023,04:15,3,5,6,02,02759,2,3,2,1,1
202300004092,12,2,2023,04:15,3,5,6,02,02759,2,3,2,1,1
202300004093,27,11,2023,18:45,5,2,6,73,73213,2,4,2,1,2
202300004093,27,11,2023,18:45,5,2,6,73,73213,2,4,2,1,2
202300004094,4,5,2023,00:10,5,1,1,76,76157,2,7,2,1,1
202300004094,4,5,2023,00:10,5,1,1,76,76157,2,7,2,1,1
202300004095,11,2,2023,19:45,3,1,3,03,03080,1,3,2,1,1
202300004095,11,2,2023,19:45,3,1,3,03,03080,1,3,2,1,1
202300004096,3,5,2023,19:50,1,7,7,76,76319,1,7,2,2,1
202300004097,25,11,2023,08:15,1,1,6,38,38449,1,4,2,1,1
202300004098,12,2,2023,15:10,1,1,3,15,15038,2,3,-1,1,1
202300004098,12,2,2023,15:10,1,1,3,15,15038,2,3,2,1,1
202300004099,3,5,2023,15:00,1,1,6,76,76540,2,4,1,1,1
202300004099,3,5,2023,15:00,1,1,6,76,76540,2,4,1,1,1
202300004100,2,5,2023,09:10,1,1,6,76,76391,2,4,2,1,1
202300004101,12,2,2023,10:25,1,8,1,72,72373,1,4,2,1,1
202300004102,12,2,2023,12:20,1,1,3,50,50464,1,3,2,1,1
202300004103,30,4,2023,22:50,3,1,2,76,76447,1,3,3,1,1
202300004104,27,11,2023,18:25,5,2,3,38,38158,2,4,2,1,2
202300004104,27,11,2023,18:25,5,2,3,38,38158,2,4,2,1,2
202300004105,12,2,2023,08:00,3,1,6,50,50251,1,4,-1,2,1
202300004106,3,5,2023,06:31,1,1,6,72,72181,2,4,-1,1,1
202300004106,3,5,2023,06:31,1,1,6,72,72181,2,4,-1,1,1
202300004107,11,2,2023,20:30,3,2,6,60,60029,1,3,2,1,2
202300004108,28,11,2023,07:00,2,2,3,69,69009,1,3,2,1,2
202300004109,12,2,2023,05:55,3,1,6,43,43152,1,3,2,1,1
202300004110,3,5,2023,21:45,5,1,6,69,69266,2,4,2,1,1
202300004111,27,11,2023,17:30,5,2,6,81,81140,2,3,2,1,2
202300004112,3,5,2023,14:25,1,1,6,69,69266,2,4,2,1,1
202300004113,11,2,2023,20:20,3,1,6,36,36128,1,2,2,1,1
202300004114,2,5,2023,00:30,5,1,6,69,69256,2,4,2,1,1
202300004115,26,11,2023,16:00,2,1,6,46,46057,1,3,2,1,1
202300004116,11,2,2023,20:30,5,1,7,07,07183,2,3,2,1,1
202300004116,11,2,2023,20:30,5,1,7,07,07183,2,3,2,1,1
202300004117,3,5,2023,13:00,1,1,3,69,69264,2,4,1,1,1
202300004117,3,5,2023,13:00,1,1,3,69,69264,2,4,2,1,1
202300004118,28,11,2023,20:35,3,1,6,17,17021,2,4,2,1,1
202300004119,11,2,2023,16:00,1,1,1,24,24216,1,3,2,1,1
202300004120,11,2,2023,16:45,1,7,3,85,85047,2,4,1,1,1
202300004121,27,11,2023,19:10,3,2,6,86,86017,1,3,2,1,2
202300004122,3,5,2023,20:00,1,1,3,69,69259,2,4,1,2,1
202300004122,3,5,2023,20:00,1,1,3,69,69259,2,4,2,1,1
202300004123,11,2,2023,13:15,1,1,1,85,85090,1,3,2,2,1
202300004124,27,11,2023,17:05,2,3,6,47,47157,2,4,2,1,2
202300004125,12,2,2023,03:30,3,1,6,42,42185,1,3,2,1,1
202300004126,3,5,2023,07:17,1,1,3,69,69259,2,4,2,1,1
202300004126,3,5,2023,07:17,1,1,3,69,69259,2,4,2,1,1
202300004127,12,2,2023,07:45,2,1,6,49,49068,1,1,3,2,1
202300004128,20,11,2023,13:25,1,8,3,60,60524,1,3,3,2,2
202300004129,3,5,2023,11:15,1,1,6,67,67218,2,4,3,1,1
202300004130,11,2,2023,16:40,1,1,7,976,97605,2,3,-1,1,1
202300004131,12,2,2023,11:45,1,1,6,62,62559,1,1,3,1,2
202300004132,25,11,2023,21:15,5,1,2,60,60433,2,3,2,1,1
202300004133,27,4,2023,15:40,1,1,3,67,67043,2,4,2,1,1
202300004133,27,4,2023,15:40,1,1,3,67,67043,2,4,2,1,1
202300004134,18,11,2023,18:50,5,2,6,02,02381,2,4,2,1,2
202300004135,27,4,2023,10:20,1,1,6,67,67482,2,4,1,1,9
202300004135,27,4,2023,10:20,1,1,6,67,67482,2,4,1,2,9
202300004136,12,2,2023,16:30,1,1,5,34,34327,1,3,2,1,1
202300004137,2,5,2023,21:42,5,1,2,66,66136,2,4,2,1,1
202300004138,12,2,2023,06:50,3,1,6,42,42065,1,3,2,1,1
202300004139,27,11,2023,15:45,1,2,1,59,59626,1,3,2,4,2
202300004140,11,2,2023,17:34,1,1,6,01,01032,2,4,2,2,1
202300004141,1,5,2023,13:54,1,1,3,66,66136,2,4,2,1,1
202300004142,24,11,2023,10:35,1,1,2,38,38087,1,1,2,1,1
202300004143,12,2,2023,17:45,1,1,1,85,85250,1,3,2,2,1
202300004144,9,2,2023,22:00,3,1,2,83,83027,1,1,1,1,1
202300004145,27,11,2023,12:35,1,2,6,33,33063,1,1,3,2,2
202300004146,3,5,2023,12:35,1,1,5,64,64483,2,3,2,1,1
202300004147,24,1,2023,15:00,1,1,3,69,69297,1,1,3,1,1
202300004148,3,5,2023,01:05,3,1,7,64,64545,1,3,2,2,1
202300004149,27,11,2023,09:00,1,2,3,33,33013,1,2,3,1,2
202300004150,11,2,2023,22:05,3,1,2,91,91617,1,2,1,1,1
202300004151,2,5,2023,12:10,1,1,6,64,64445,2,4,2,1,1
202300004152,27,11,2023,10:07,1,2,3,94,94003,1,1,3,1,2
202300004153,11,2,2023,20:43,3,1,2,91,91377,1,1,-1,1,1
202300004154,2,5,2023,17:52,1,1,3,64,64024,2,4,2,1,1
202300004155,11,2,2023,17:29,2,1,2,91,91689,1,1,3,1,1
202300004156,26,11,2023,04:25,3,1,6,94,94034,1,1,1,1,1
202300004157,2,5,2023,17:20,1,1,7,64,64102,2,3,3,4,1
202300004158,11,2,2023,11:18,1,1,2,91,91161,1,1,-1,1,1
202300004159,11,2,2023,02:30,3,1,6,91,91477,1,1,1,1,1
202300004160,26,11,2023,18:40,3,1,5,78,78158,1,1,3,1,1
202300004161,25,4,2023,09:10,1,1,3,63,63032,2,4,2,1,1
202300004161,25,4,2023,09:10,1,1,3,63,63032,2,4,2,1,1
202300004162,11,2,2023,15:15,1,1,2,93,93053,1,1,3,1,1
202300004163,11,2,2023,05:00,3,1,6,95,95252,1,1,3,1,1
202300004164,2,5,2023,08:30,1,1,3,63,63113,2,7,3,1,1
202300004165,26,11,2023,17:50,3,1,4,92,92036,1,1,-1,1,1
202300004166,10,2,2023,23:40,5,1,4,93,93066,1,1,3,1,1
202300004167,3,5,2023,22:15,3,1,2,62,62774,1,6,-1,3,1
202300004168,27,11,2023,08:00,2,2,3,93,93064,1,1,3,1,2
202300004169,10,2,2023,19:30,5,1,2,95,95018,1,1,3,1,1
202300004170,27,11,2023,13:45,2,2,2,94,94017,1,1,1,1,2
202300004171,2,5,2023,16:55,1,1,4,60,60325,1,3,3,1,1
202300004172,10,2,2023,15:00,1,1,4,93,93007,1,1,3,1,1
202300004173,10,2,2023,07:40,2,1,6,67,67267,2,4,2,1,1
202300004174,3,5,2023,07:50,1,1,3,56,56260,2,3,2,1,1
202300004174,3,5,2023,07:50,1,1,3,56,56260,2,3,2,1,1
202300004175,27,11,2023,09:30,1,2,5,94,94017,1,1,1,1,2
202300004176,10,2,2023,19:37,3,1,6,49,49246,2,4,2,1,1
202300004177,2,5,2023,17:34,1,1,3,56,56121,2,4,2,2,1
202300004178,28,8,2023,08:50,1,2,2,74,74208,1,2,3,3,2
202300004179,10,2,2023,16:35,1,1,6,75,75116,2,4,1,1,1
202300004179,10,2,2023,16:35,1,1,6,75,75116,2,4,1,1,1
202300004180,2,11,2023,19:43,5,2,6,14,14137,2,3,2,1,2
202300004181,3,5,2023,22:45,5,1,3,45,45234,2,4,2,1,1
202300004181,3,5,2023,22:45,5,1,3,45,45234,2,4,1,1,1
202300004182,10,2,2023,07:50,1,1,3,93,93064,2,4,2,2,1
202300004182,10,2,2023,07:50,1,1,3,93,93064,2,4,2,1,1
202300004183,18,5,2023,10:30,1,1,3,14,14409,2,3,2,1,1
202300004184,3,5,2023,18:00,1,1,6,38,38185,2,7,2,1,1
202300004185,10,2,2023,16:40,1,1,6,92,92076,2,4,1,2,1
202300004186,26,11,2023,16:40,1,1,6,974,97416,2,4,1,1,1
202300004187,24,4,2023,21:20,5,1,6,36,36044,2,4,1,1,1
202300004188,9,2,2023,10:15,1,1,6,76,76540,2,7,2,2,1
202300004189,9,2,2023,11:19,1,1,6,63,63113,2,4,2,1,1
202300004189,9,2,2023,11:19,1,1,6,63,63113,2,4,2,1,1
202300004190,26,11,2023,10:00,1,1,7,974,97416,1,2,3,1,1
202300004191,3,5,2023,12:00,1,1,3,35,35238,2,4,1,1,1
202300004191,3,5,2023,12:00,1,1,3,35,35238,2,4,2,1,1
202300004192,9,2,2023,18:37,5,1,6,63,63075,2,4,2,1,1
202300004193,3,5,2023,16:15,1,1,6,33,33119,2,4,3,1,1
202300004194,9,2,2023,07:30,1,1,6,13,13202,2,4,2,2,1
202300004195,26,11,2023,10:45,1,1,3,973,97302,2,4,3,1,1
202300004195,26,11,2023,10:45,1,1,3,973,97302,2,4,1,1,1
202300004196,9,2,2023,08:25,1,1,5,91,91468,1,1,3,1,1
202300004197,3,5,2023,11:45,1,1,3,33,33162,2,4,2,1,1
202300004197,3,5,2023,11:45,1,1,3,33,33162,2,4,2,1,1
202300004198,25,11,2023,20:30,5,1,7,973,97302,2,4,2,1,1
202300004199,8,2,2023,08:25,1,9,6,08,08409,2,3,2,1,1
202300004200,20,4,2023,16:00,1,1,3,30,30189,2,3,-1,1,1
202300004200,20,4,2023,16:00,1,1,3,30,30189,2,3,1,1,1
202300004201,25,11,2023,18:50,5,1,6,973,97302,1,2,1,1,1
202300004202,8,2,2023,12:20,1,1,6,67,67482,2,4,3,1,1
202300004203,8,2,2023,10:45,1,1,6,77,77288,2,4,-1,1,1
202300004204,25,11,2023,00:40,5,2,7,973,97302,2,4,2,1,2
202300004205,29,4,2023,10:38,1,7,6,28,28085,2,4,2,1,1
202300004206,10,2,2023,09:18,1,1,2,976,97611,2,4,2,2,1
202300004207,26,11,2023,15:25,1,1,2,972,97209,2,3,3,1,1
202300004208,28,4,2023,13:45,1,1,6,27,27229,2,4,-1,1,1
202300004209,10,2,2023,12:35,1,1,2,974,97416,1,2,3,1,1
202300004210,3,5,2023,19:30,1,1,6,26,26198,2,4,2,1,1
202300004210,3,5,2023,19:30,1,1,6,26,26198,2,4,2,1,1
202300004211,8,2,2023,22:45,5,1,2,974,97411,2,2,2,1,1
202300004211,8,2,2023,22:45,5,1,2,974,97411,2,2,3,1,1
202300004212,26,11,2023,15:20,1,1,3,69,69389,2,4,2,1,1
202300004212,26,11,2023,15:20,1,1,3,69,69389,2,4,1,1,1
202300004213,3,5,2023,20:20,1,1,2,25,25056,2,4,3,1,1
202300004214,10,2,2023,07:07,1,1,3,973,97302,2,3,1,1,1
202300004215,20,4,2023,03:00,5,1,6,22,22278,2,4,2,1,1
202300004216,10,2,2023,08:45,1,2,3,972,97213,1,3,2,1,2
202300004217,26,11,2023,13:30,1,1,5,971,97105,2,3,1,1,1
202300004217,26,11,2023,13:30,1,1,5,971,97105,2,3,2,1,1
202300004218,3,5,2023,14:01,1,1,6,17,17300,2,4,1,1,1
202300004219,10,2,2023,15:55,1,1,1,2A,2A004,2,3,2,1,1
202300004220,10,2,2023,12:05,1,1,3,2A,2A004,2,3,2,2,1
202300004221,3,5,2023,10:15,1,1,3,14,14271,1,2,3,1,1
202300004222,25,11,2023,17:50,3,1,5,95,95585,2,3,-1,1,1
202300004223,9,2,2023,17:40,1,1,6,91,91174,2,4,2,1,1
202300004224,3,5,2023,12:30,1,1,6,13,13206,2,4,1,1,1
202300004224,3,5,2023,12:30,1,1,6,13,13206,2,4,1,1,1
202300004225,10,2,2023,08:35,1,1,3,86,86214,2,3,3,1,1
202300004225,10,2,2023,08:35,1,1,3,86,86214,2,3,2,2,1
202300004226,26,11,2023,14:00,1,1,2,91,91692,2,3,2,1,1
202300004227,4,2,2023,13:00,1,1,3,80,80021,2,4,2,1,1
202300004228,3,5,2023,12:40,1,1,6,13,13211,2,4,2,3,1
202300004229,3,5,2023,07:52,1,1,4,13,13210,2,4,3,1,1
202300004230,10,2,2023,20:20,5,1,6,76,76322,2,4,2,1,1
202300004231,15,1,2023,01:10,3,3,6,73,73065,2,4,2,1,2
202300004231,15,1,2023,01:10,3,3,6,73,73065,2,4,2,1,2
202300004232,3,5,2023,05:50,2,1,6,13,13215,2,4,2,3,1
202300004233,26,11,2023,18:20,5,1,4,91,91097,2,3,1,1,1
202300004234,7,2,2023,05:15,5,1,3,67,67482,2,4,2,1,1
202300004235,3,5,2023,21:40,3,1,7,13,13005,2,3,3,1,1
202300004236,9,2,2023,17:10,1,1,2,67,67482,2,4,2,1,1
202300004237,26,11,2023,10:30,1,1,6,91,91097,2,3,3,1,1
202300004238,3,5,2023,19:45,1,1,6,13,13001,2,3,2,1,1
202300004239,10,2,2023,11:50,1,1,1,64,64445,2,4,2,1,1
202300004240,2,5,2023,14:40,1,1,4,10,10333,2,3,2,1,1
202300004241,26,11,2023,18:00,5,1,3,89,89387,2,4,2,2,1
202300004241,26,11,2023,18:00,5,1,3,89,89387,2,4,2,1,1
202300004242,9,2,2023,20:53,5,1,3,64,64445,2,4,2,1,1
202300004242,9,2,2023,20:53,5,1,3,64,64445,2,4,2,1,1
202300004243,2,5,2023,08:26,1,1,3,10,10333,2,3,2,1,1
202300004244,26,11,2023,19:17,5,1,6,77,77320,2,3,2,2,1
202300004245,3,5,2023,19:20,1,1,6,06,06088,2,4,-1,2,1
202300004245,3,5,2023,19:20,1,1,6,06,06088,2,4,-1,2,1
202300004246,26,3,2023,11:12,1,9,7,38,38348,2,3,4,1,2
202300004247,3,5,2023,08:50,1,1,6,04,04112,2,4,2,2,1
202300004248,26,11,2023,18:35,5,1,3,76,76540,2,4,2,2,1
202300004248,26,11,2023,18:35,5,1,3,76,76540,2,4,2,2,1
202300004249,10,2,2023,18:05,1,1,1,64,64024,2,4,2,1,1
202300004250,25,3,2023,20:40,5,1,7,69,69028,2,3,2,1,1
202300004250,25,3,2023,20:40,5,1,7,69,69028,2,3,2,2,1
202300004251,3,5,2023,19:15,1,1,1,02,02738,2,4,2,1,1
202300004252,26,3,2023,03:00,3,1,7,09,09082,1,3,2,1,1
202300004253,25,11,2023,16:12,1,1,3,76,76575,1,7,3,1,1
202300004254,26,3,2023,19:30,2,3,6,14,14076,1,3,2,1,3
202300004255,10,2,2023,16:30,1,1,3,64,64102,2,4,2,3,1
202300004256,3,5,2023,14:20,1,1,3,75,75108,2,4,1,1,1
202300004256,3,5,2023,14:20,1,1,3,75,75108,2,4,2,1,1
202300004257,25,11,2023,15:40,1,1,3,69,69266,2,4,1,1,1
202300004257,25,11,2023,15:40,1,1,3,69,69266,2,4,2,1,1
202300004258,26,3,2023,05:00,3,2,7,35,35242,1,3,2,1,2
202300004259,26,11,2023,16:40,5,1,6,67,67482,2,4,3,1,1
202300004260,2,5,2023,21:08,5,1,1,75,75107,2,4,1,1,1
202300004260,2,5,2023,21:08,5,1,1,75,75107,2,4,1,1,1
202300004261,25,3,2023,19:30,3,1,2,27,27123,1,2,2,1,1
202300004261,25,3,2023,19:30,3,1,2,27,27123,1,2,2,1,1
202300004262,10,2,2023,15:18,1,1,6,64,64102,2,4,1,1,1
202300004263,26,11,2023,06:30,3,1,6,64,64132,1,3,2,1,1
202300004264,3,5,2023,16:45,1,1,2,75,75105,2,4,-1,1,1
202300004264,3,5,2023,16:45,1,1,2,75,75105,2,4,1,1,1
202300004265,25,3,2023,17:50,1,8,3,60,60589,2,4,-1,1,1
202300004266,25,11,2023,11:30,1,1,7,62,62667,2,3,2,2,1
202300004266,25,11,2023,11:30,1,1,7,62,62667,2,3,1,1,1
202300004267,3,5,2023,17:50,1,1,3,75,75117,2,4,2,1,1
202300004268,20,2,2023,14:20,1,1,4,69,69152,1,7,3,1,1
202300004269,26,11,2023,10:10,1,5,1,58,58194,2,4,2,1,2
202300004270,3,5,2023,18:40,2,1,3,75,75115,2,4,-1,1,1
202300004270,3,5,2023,18:40,2,1,3,75,75115,2,4,2,1,1
202300004271,9,2,2023,16:20,1,1,3,64,64024,2,4,2,1,1
202300004272,25,3,2023,00:00,3,1,5,91,91553,1,2,-1,1,2
202300004273,24,11,2023,22:00,5,2,3,57,57606,2,9,2,1,2
202300004274,3,5,2023,18:30,1,1,3,75,75113,2,4,2,2,1
202300004274,3,5,2023,18:30,1,1,3,75,75113,2,4,-1,1,1
202300004275,9,2,2023,18:52,5,1,6,62,62178,2,4,2,1,1
202300004276,25,11,2023,22:30,5,1,3,51,51454,2,4,2,1,1
202300004277,3,5,2023,18:30,1,1,3,75,75113,2,4,2,1,1
202300004277,3,5,2023,18:30,1,1,3,75,75113,2,4,-1,1,1
202300004278,25,3,2023,17:55,1,1,6,92,92050,1,1,-1,1,1
202300004279,6,2,2023,16:30,1,1,6,62,62119,2,4,1,1,1
202300004280,26,11,2023,12:30,1,1,3,41,41047,2,4,2,1,1
202300004281,3,5,2023,18:00,1,1,3,75,75112,2,4,2,1,1
202300004281,3,5,2023,18:00,1,1,3,75,75112,2,4,-1,1,1
202300004282,25,3,2023,15:15,1,1,3,95,95527,1,1,3,1,1
202300004283,26,11,2023,07:05,5,1,3,35,35238,2,4,3,1,1
202300004283,26,11,2023,07:05,5,1,3,35,35238,2,4,1,1,1
202300004284,3,5,2023,16:20,1,1,3,75,75112,2,4,-1,1,1
202300004284,3,5,2023,16:20,1,1,3,75,75112,2,4,2,1,1
202300004285,10,2,2023,14:30,1,1,6,59,59599,2,4,-1,1,1
202300004286,24,3,2023,20:10,3,8,4,93,93064,1,1,3,1,2
202300004287,24,3,2023,13:15,1,1,6,95,95252,1,1,3,1,1
202300004288,25,11,2023,16:45,1,1,5,35,35278,2,4,1,1,1
202300004289,3,5,2023,16:40,1,1,3,75,75111,2,4,2,1,1
202300004289,3,5,2023,16:40,1,1,3,75,75111,2,4,1,1,1
202300004290,24,3,2023,18:50,3,2,6,972,97213,1,3,1,1,2
202300004291,10,2,2023,22:00,3,1,6,59,59636,1,7,2,1,1
202300004292,26,11,2023,14:05,1,1,3,34,34172,2,4,1,1,1
202300004292,26,11,2023,14:05,1,1,3,34,34172,2,4,1,1,1
202300004293,23,3,2023,19:25,5,3,6,62,62186,2,3,2,1,2
202300004294,3,5,2023,06:45,1,1,3,75,75111,2,4,2,1,1
202300004294,3,5,2023,06:45,1,1,3,75,75111,2,4,1,1,1
202300004295,22,3,2023,17:00,1,8,6,59,59350,2,4,2,1,2
202300004296,26,11,2023,18:36,5,1,3,33,33200,2,4,1,1,1
202300004296,26,11,2023,18:36,5,1,3,33,33200,2,4,2,1,1
202300004297,3,5,2023,10:45,1,1,3,75,75110,2,4,3,1,1
202300004297,3,5,2023,10:45,1,1,3,75,75110,2,4,2,1,1
202300004298,10,2,2023,20:20,5,1,3,59,59350,2,4,2,1,1
202300004299,22,3,2023,16:55,1,1,6,29,29019,2,4,2,1,1
202300004300,3,5,2023,08:00,1,1,1,75,75110,2,4,1,1,1
202300004301,26,11,2023,06:36,5,1,6,33,33063,2,4,2,1,1
202300004301,26,11,2023,06:36,5,1,6,33,33063,2,4,2,1,1
202300004302,7,2,2023,17:10,1,1,1,59,59328,2,4,2,1,1
202300004303,26,11,2023,16:10,1,1,3,31,31555,2,4,2,1,1
202300004304,24,3,2023,19:30,5,1,3,973,97302,2,3,1,1,1
202300004305,3,5,2023,13:20,1,1,5,75,75108,2,4,2,1,1
202300004305,3,5,2023,13:20,1,1,5,75,75108,2,4,2,2,1
202300004306,10,2,2023,09:20,1,1,2,56,56098,2,3,2,1,1
202300004307,26,11,2023,03:00,3,1,6,30,30007,2,4,4,1,1
202300004308,23,3,2023,18:12,2,1,7,973,97302,2,4,2,1,1
202300004309,26,11,2023,11:45,1,1,6,29,29051,1,3,2,1,1
202300004310,24,3,2023,23:26,5,1,6,69,69381,2,4,2,1,1
202300004310,24,3,2023,23:26,5,1,6,69,69381,2,4,1,1,1
202300004311,10,2,2023,16:25,1,1,6,54,54547,2,4,3,1,1
202300004311,10,2,2023,16:25,1,1,6,54,54547,2,4,2,2,1
202300004312,24,3,2023,08:20,1,1,6,69,69152,2,4,2,1,1
202300004313,3,5,2023,19:10,1,1,3,75,75101,2,4,1,1,1
202300004313,3,5,2023,19:10,1,1,3,75,75101,2,4,1,1,1
202300004314,9,2,2023,15:35,1,1,6,54,54395,2,4,2,1,1
202300004315,25,11,2023,20:54,3,1,1,28,28134,1,2,-1,1,1
202300004316,24,3,2023,11:46,1,1,2,2A,2A004,2,4,3,1,1
202300004317,24,3,2023,21:00,5,1,6,95,95680,2,4,2,1,1
202300004318,3,5,2023,16:45,1,1,6,75,75101,2,4,1,1,1
202300004318,3,5,2023,16:45,1,1,6,75,75101,2,4,1,1,1
202300004319,26,11,2023,14:50,1,1,2,25,25056,2,4,-1,1,1
202300004319,26,11,2023,14:50,1,1,2,25,25056,2,4,3,1,1
202300004320,23,3,2023,18:37,1,1,3,95,95598,2,3,2,1,1
202300004321,3,5,2023,22:00,5,1,2,94,94046,2,3,2,1,1
202300004322,9,2,2023,16:35,1,1,3,50,50129,2,4,2,1,2
202300004322,9,2,2023,16:35,1,1,3,50,50129,2,4,2,4,2
202300004323,25,11,2023,05:00,3,1,7,13,13108,1,3,2,1,1
202300004324,3,5,2023,07:20,1,1,3,94,94003,2,3,1,1,1
202300004324,3,5,2023,07:20,1,1,3,94,94003,2,3,-1,1,1
202300004325,24,3,2023,16:30,1,1,6,91,91691,2,4,1,2,1
202300004326,22,11,2023,15:45,1,7,6,30,30032,2,4,2,1,1
202300004327,9,2,2023,18:45,3,1,6,49,49007,2,4,2,1,1
202300004327,9,2,2023,18:45,3,1,6,49,49007,2,4,2,1,1
202300004328,3,5,2023,18:35,1,1,3,94,94041,2,4,2,1,1
202300004329,24,3,2023,19:45,5,2,3,91,91286,2,4,2,1,2
202300004330,28,10,2023,12:00,1,1,6,30,30032,2,3,1,1,1
202300004331,9,2,2023,15:20,1,1,6,49,49007,2,6,-1,1,1
202300004332,3,5,2023,10:50,1,1,6,94,94077,2,3,2,1,1
202300004332,3,5,2023,10:50,1,1,6,94,94077,2,3,2,1,1
202300004333,23,3,2023,06:50,2,2,3,91,91228,2,4,2,1,2
202300004334,9,2,2023,08:15,1,1,7,49,49007,2,4,2,1,1
202300004335,26,11,2023,03:45,5,1,3,13,13204,2,4,1,1,1
202300004336,3,5,2023,14:45,1,1,3,94,94079,2,4,-1,1,1
202300004336,3,5,2023,14:45,1,1,3,94,94079,2,4,2,1,1
202300004337,21,3,2023,17:50,1,1,2,85,85194,2,4,2,1,1