id_accident,jour,mois,annee,heure_minute,luminosite,meteo,type_collision,departement,commune,agglomeration,categorie_route,regime_circulation,profil_route,etat_surface
202300004338,23,3,2023,18:46,1,1,6,84,84007,1,4,2,1,1
202300004339,25,11,2023,23:43,5,1,6,13,13212,2,4,1,1,1
202300004339,25,11,2023,23:43,5,1,6,13,13212,2,4,2,2,1
202300004340,3,5,2023,07:40,1,1,3,94,94079,2,4,2,1,1
202300004341,23,3,2023,15:10,1,1,1,84,84007,2,4,2,1,1
202300004342,10,2,2023,12:00,1,8,2,45,45338,2,4,2,1,1
202300004342,10,2,2023,12:00,1,8,2,45,45338,2,4,2,1,1
202300004343,25,11,2023,21:50,5,1,6,13,13214,2,4,2,2,1
202300004344,3,5,2023,18:50,1,1,6,93,93059,2,4,2,1,1
202300004344,3,5,2023,18:50,1,1,6,93,93059,2,4,2,1,1
202300004345,25,11,2023,17:55,5,1,3,13,13208,2,6,-1,1,1
202300004346,3,5,2023,13:00,1,1,3,93,93031,2,3,2,1,1
202300004347,22,3,2023,08:30,1,1,6,84,84007,2,4,3,1,1
202300004347,22,3,2023,08:30,1,1,6,84,84007,2,4,1,1,1
202300004348,26,11,2023,19:45,2,1,1,06,06069,2,4,2,1,1
202300004349,10,2,2023,00:50,5,1,1,44,44109,2,4,1,2,1
202300004350,2,5,2023,08:30,1,1,6,93,93057,2,3,3,1,1
202300004350,2,5,2023,08:30,1,1,6,93,93057,2,3,1,1,1
202300004351,24,3,2023,10:50,1,1,6,83,83137,2,6,-1,1,1
202300004352,26,11,2023,12:00,1,1,3,06,06004,1,4,2,1,1
202300004353,3,5,2023,11:15,1,1,6,93,93001,2,3,2,1,1
202300004353,3,5,2023,11:15,1,1,6,93,93001,2,3,1,1,1
202300004354,9,2,2023,08:10,1,1,2,41,41018,2,4,2,1,1
202300004355,24,3,2023,18:15,1,1,1,83,83069,1,3,2,1,1
202300004356,26,11,2023,15:05,1,1,5,75,75112,2,4,1,1,1
202300004357,2,5,2023,18:51,1,1,6,92,92046,2,4,-1,1,1
202300004358,24,3,2023,09:55,1,1,3,82,82121,2,4,1,1,1
202300004358,24,3,2023,09:55,1,1,3,82,82121,2,4,4,1,1
202300004359,3,5,2023,16:00,1,1,6,92,92050,2,4,1,1,1
202300004360,10,2,2023,07:45,1,1,3,40,40192,2,4,2,1,1
202300004360,10,2,2023,07:45,1,1,3,40,40192,2,4,2,1,1
202300004361,26,11,2023,00:15,5,1,2,75,75112,2,4,1,1,1
202300004362,23,3,2023,09:40,1,1,3,82,82121,2,4,2,1,1
202300004362,23,3,2023,09:40,1,1,3,82,82121,2,4,-1,1,1
202300004363,10,2,2023,16:16,1,1,3,38,38151,2,7,1,1,1
202300004363,10,2,2023,16:16,1,1,3,38,38151,2,7,2,1,1
202300004364,3,5,2023,20:13,1,1,3,92,92044,2,3,1,1,1
202300004365,25,11,2023,05:30,5,1,2,75,75116,2,4,1,1,1
202300004366,10,2,2023,15:30,2,1,6,38,38169,2,4,-1,1,1
202300004367,3,5,2023,16:45,1,1,6,92,92044,2,4,1,1,1
202300004368,10,2,2023,14:00,1,1,6,35,35238,2,4,2,1,1
202300004369,25,11,2023,17:45,5,1,3,75,75116,2,4,1,1,1
202300004370,10,2,2023,15:30,1,1,3,35,35281,2,3,2,2,1
202300004371,3,5,2023,13:00,1,1,2,92,92035,2,4,-1,1,1
202300004371,3,5,2023,13:00,1,1,2,92,92035,2,4,1,1,1
202300004372,10,2,2023,08:05,2,1,6,35,35238,2,6,-1,1,1
202300004373,24,11,2023,18:33,5,1,2,75,75117,2,4,3,1,1
202300004373,24,11,2023,18:33,5,1,2,75,75117,2,4,1,1,1
202300004374,24,3,2023,13:30,1,1,3,76,76540,2,7,2,2,9
202300004374,24,3,2023,13:30,1,1,3,76,76540,2,7,2,2,9
202300004375,3,5,2023,13:30,1,1,2,92,92026,2,4,2,1,1
202300004376,22,3,2023,19:15,5,2,3,72,72181,2,4,2,1,2
202300004376,22,3,2023,19:15,5,2,3,72,72181,2,4,3,1,2
202300004377,3,5,2023,08:30,1,1,3,92,92025,2,3,2,1,1
202300004378,26,11,2023,10:46,1,1,6,75,75105,2,4,-1,1,1
202300004378,26,11,2023,10:46,1,1,6,75,75105,2,4,2,1,1
202300004379,10,2,2023,17:40,1,1,3,34,34172,2,4,1,1,1
202300004379,10,2,2023,17:40,1,1,3,34,34172,2,4,2,1,1
202300004379,10,2,2023,17:40,1,1,3,34,34172,2,4,2,1,1
202300004380,24,3,2023,10:20,1,8,3,69,69256,2,4,1,1,1
202300004381,3,5,2023,02:15,5,1,6,92,92024,2,3,1,2,1
202300004381,3,5,2023,02:15,5,1,6,92,92024,2,3,-1,1,1
202300004382,10,2,2023,22:05,4,1,7,33,33200,2,4,2,1,1
202300004382,10,2,2023,22:05,4,1,7,33,33200,2,4,2,1,1
202300004383,26,11,2023,07:35,2,1,6,75,75118,2,4,-1,1,1
202300004383,26,11,2023,07:35,2,1,6,75,75118,2,4,-1,1,1
202300004384,11,2,2023,01:45,3,1,7,22,22187,2,4,2,2,1
202300004385,4,5,2023,08:18,1,1,5,85,85181,1,3,2,3,1
202300004386,24,11,2023,13:45,1,1,1,75,75116,2,4,2,1,1
202300004387,23,3,2023,19:50,5,1,3,67,67482,2,4,2,1,1
202300004388,24,3,2023,16:20,1,1,3,64,64102,2,4,2,1,1
202300004389,28,4,2023,16:54,1,3,1,67,67034,1,3,2,1,2
202300004390,25,11,2023,01:40,5,1,6,75,75115,2,4,3,1,1
202300004390,25,11,2023,01:40,5,1,6,75,75115,2,4,2,1,1
202300004391,10,2,2023,18:30,3,1,2,22,22187,1,2,3,1,1
202300004392,4,5,2023,15:20,1,1,1,32,32418,1,3,2,1,1
202300004393,24,3,2023,12:15,1,2,3,64,64102,1,4,3,1,2
202300004394,26,11,2023,12:40,1,1,3,75,75114,2,4,2,1,1
202300004394,26,11,2023,12:40,1,1,3,75,75114,2,4,1,1,1
202300004395,10,2,2023,13:05,1,1,7,22,22278,2,4,2,2,6
202300004396,30,4,2023,09:15,1,1,6,62,62785,1,3,2,1,1
202300004397,23,3,2023,19:20,5,1,2,64,64102,2,3,1,1,1
202300004398,10,2,2023,20:50,3,1,7,13,13019,1,3,1,2,1
202300004399,25,11,2023,15:04,1,1,3,75,75113,2,4,4,1,1
202300004399,25,11,2023,15:04,1,1,3,75,75113,2,4,1,2,1
202300004400,4,5,2023,13:45,1,1,1,34,34270,1,4,2,1,1
202300004400,4,5,2023,13:45,1,1,1,34,34270,1,4,2,1,1
202300004401,23,3,2023,13:45,1,1,3,64,64102,2,4,2,1,1
202300004401,23,3,2023,13:45,1,1,3,64,64102,2,4,1,1,1
202300004402,4,5,2023,07:20,2,7,6,34,34270,2,7,2,1,1
202300004403,26,11,2023,18:45,5,1,6,75,75111,2,4,1,1,1
202300004403,26,11,2023,18:45,5,1,6,75,75111,2,4,-1,1,1
202300004404,23,1,2023,22:50,5,1,6,13,13056,2,3,3,1,1
202300004405,4,5,2023,05:00,5,1,6,37,37153,1,1,3,1,1
202300004406,25,11,2023,23:55,5,1,3,75,75120,2,4,1,1,1
202300004407,23,3,2023,09:00,1,1,3,64,64024,2,4,2,1,1
202300004407,23,3,2023,09:00,1,1,3,64,64024,2,4,2,1,1
202300004408,4,5,2023,15:20,1,1,7,51,51412,1,3,2,1,1
202300004409,26,11,2023,16:40,2,1,6,93,93055,2,3,2,1,1
202300004410,10,2,2023,18:15,5,1,1,13,13210,2,4,2,1,1
202300004410,10,2,2023,18:15,5,1,1,13,13210,2,4,2,1,1
202300004411,21,3,2023,14:30,1,1,3,62,62637,2,3,2,1,1
202300004412,25,11,2023,18:47,5,1,1,93,93046,2,4,2,1,1
202300004413,10,2,2023,10:45,1,1,6,13,13208,2,4,1,1,1
202300004414,22,3,2023,17:55,1,2,1,62,62758,1,4,2,2,2
202300004415,26,11,2023,12:00,1,1,7,92,92064,2,4,-1,2,6
202300004416,10,2,2023,11:45,1,1,6,13,13214,2,4,2,4,1
202300004417,24,3,2023,16:00,1,1,3,59,59350,2,4,2,1,1
202300004417,24,3,2023,16:00,1,1,3,59,59350,2,4,3,1,1
202300004418,26,11,2023,17:58,3,1,3,35,35268,1,3,2,1,1
202300004418,26,11,2023,17:58,3,1,3,35,35268,1,3,2,1,1
202300004419,10,2,2023,08:57,1,1,1,13,13215,2,4,2,1,1
202300004420,24,3,2023,12:15,1,2,3,59,59143,2,4,1,1,2
202300004421,25,11,2023,07:30,1,1,1,01,01383,1,3,2,1,1
202300004422,22,3,2023,14:30,1,1,3,58,58194,2,4,1,2,1
202300004422,22,3,2023,14:30,1,1,3,58,58194,2,4,2,1,1
202300004423,26,11,2023,03:20,3,1,6,01,01054,1,3,2,1,1
202300004424,7,6,2023,07:30,1,1,7,69,69385,2,4,1,2,1
202300004425,25,11,2023,11:05,1,1,2,06,06161,1,3,1,1,1
202300004426,22,3,2023,15:00,1,1,3,54,54526,2,4,1,1,1
202300004426,22,3,2023,15:00,1,1,3,54,54526,2,4,-1,1,1
202300004427,6,6,2023,13:31,1,2,2,2B,2B120,1,2,1,1,2
202300004428,20,11,2023,18:35,5,2,6,49,49092,2,3,2,1,2
202300004429,22,3,2023,17:54,1,1,2,51,51454,2,4,2,1,1
202300004430,7,6,2023,13:48,1,1,2,2A,2A004,2,4,-1,-1,-1
202300004430,7,6,2023,13:48,1,1,2,2A,2A004,2,4,4,1,1
202300004431,25,11,2023,17:40,5,1,7,68,68145,2,4,2,1,1
202300004431,25,11,2023,17:40,5,1,7,68,68145,2,4,2,1,1
202300004432,24,3,2023,17:10,1,1,2,51,51663,2,4,2,1,1
202300004433,7,6,2023,13:15,1,7,3,95,95197,2,4,2,1,1
202300004433,7,6,2023,13:15,1,7,3,95,95197,2,4,2,1,1
202300004434,24,3,2023,15:25,1,1,6,49,49007,1,4,2,1,1
202300004435,26,11,2023,19:50,3,1,6,972,97222,2,2,2,1,1
202300004436,23,3,2023,14:48,1,1,6,49,49007,2,4,2,1,1
202300004437,7,6,2023,13:00,1,1,6,95,95288,2,3,3,1,1
202300004438,26,11,2023,14:00,1,1,1,972,97220,1,2,2,2,1
202300004439,7,6,2023,09:50,1,1,2,95,95210,2,3,1,1,1
202300004440,24,3,2023,07:35,1,1,3,45,45234,2,4,2,1,1
202300004440,24,3,2023,07:35,1,1,3,45,45234,2,4,2,1,1
202300004441,26,11,2023,14:25,1,1,2,974,97414,1,2,2,1,1
202300004442,24,3,2023,19:33,5,2,3,37,37261,2,4,2,1,2
202300004443,27,11,2023,07:30,2,1,7,68,68315,2,4,2,1,1
202300004444,22,11,2023,23:30,3,1,7,85,85109,1,4,2,1,2
202300004445,24,3,2023,19:55,5,1,3,35,35238,2,4,2,1,2
202300004446,24,11,2023,08:10,1,1,3,30,30141,2,2,3,1,1
202300004446,24,11,2023,08:10,1,1,3,30,30141,2,2,2,1,1
202300004447,24,3,2023,13:45,1,1,3,35,35238,2,4,2,4,1
202300004447,24,3,2023,13:45,1,1,3,35,35238,2,4,2,3,1
202300004448,24,3,2023,22:30,5,1,1,34,34172,2,4,1,1,1
202300004449,7,11,2023,17:15,3,1,4,51,51115,2,3,2,1,1
202300004450,27,11,2023,08:20,1,3,7,51,51418,1,3,2,1,2
202300004451,24,3,2023,20:10,5,1,2,33,33281,2,4,2,1,1
202300004451,24,3,2023,20:10,5,1,2,33,33281,2,4,2,1,1
202300004452,26,11,2023,10:00,1,1,6,51,51030,1,3,2,2,1
202300004452,26,11,2023,10:00,1,1,6,51,51030,1,3,2,2,1
202300004453,23,3,2023,08:15,1,1,3,33,33281,2,4,2,1,1
202300004453,23,3,2023,08:15,1,1,3,33,33281,2,4,2,1,1
202300004454,27,11,2023,08:05,2,9,3,19,19002,1,3,2,1,7
202300004455,7,6,2023,17:37,1,1,2,91,91425,1,3,1,1,1
202300004456,24,3,2023,21:20,5,1,3,33,33529,2,4,2,1,1
202300004457,27,11,2023,07:57,2,2,3,76,76070,1,3,2,2,2
202300004458,7,6,2023,10:45,1,1,3,91,91377,2,3,1,1,1
202300004458,7,6,2023,10:45,1,1,3,91,91377,2,3,1,1,1
202300004459,21,3,2023,23:10,5,1,3,31,31555,2,4,2,1,1
202300004460,10,7,2023,10:30,1,1,3,61,61484,2,3,2,1,1
202300004460,10,7,2023,10:30,1,1,3,61,61484,2,3,2,1,1
202300004461,23,11,2023,18:15,3,1,1,2B,2B346,2,2,2,1,1
202300004462,2,5,2023,14:40,1,1,3,91,91174,2,4,2,1,1
202300004463,9,7,2023,18:30,1,1,3,61,61081,1,3,2,1,1
202300004463,9,7,2023,18:30,1,1,3,61,61081,1,3,2,1,1
202300004464,26,11,2023,15:00,1,1,3,2B,2B207,2,2,2,1,1
202300004465,4,6,2023,22:04,5,1,1,91,91174,2,4,2,2,1
202300004466,6,6,2023,13:42,1,1,6,87,87085,2,4,2,1,1
202300004467,24,3,2023,07:25,1,1,5,26,26313,1,2,3,1,1
202300004468,13,7,2023,20:30,2,7,6,12,12133,2,3,2,1,1
202300004469,6,6,2023,12:30,1,1,3,85,85194,2,4,2,1,1
202300004469,6,6,2023,12:30,1,1,3,85,85194,2,4,2,1,1
202300004470,13,7,2023,22:00,3,1,7,47,47173,1,4,2,2,1
202300004471,24,3,2023,19:40,1,1,3,26,26198,2,4,2,1,1
202300004472,26,11,2023,20:35,3,1,3,61,61484,1,3,2,1,1
202300004472,26,11,2023,20:35,3,1,3,61,61484,1,3,2,3,1
202300004473,4,6,2023,15:45,1,1,6,83,83118,2,4,2,2,1
202300004473,4,6,2023,15:45,1,1,6,83,83118,2,4,2,2,1
202300004474,13,7,2023,18:55,1,1,1,47,47252,1,3,2,1,1
202300004475,24,3,2023,17:25,1,1,3,24,24037,2,3,2,1,1
202300004476,27,11,2023,08:15,2,3,6,22,22265,1,4,2,1,2
202300004477,11,4,2023,23:00,5,1,1,83,83061,1,3,2,1,1
202300004478,24,3,2023,23:50,3,3,7,17,17415,2,3,1,1,2
202300004479,12,7,2023,19:50,1,1,6,86,86271,1,3,-1,2,1
202300004480,2,6,2023,13:35,1,1,6,80,80021,2,4,2,1,1
202300004481,24,3,2023,19:10,2,8,3,17,17300,2,4,1,1,1
202300004482,10,7,2023,13:05,1,1,3,25,25147,2,3,2,1,1
202300004482,10,7,2023,13:05,1,1,3,25,25147,2,3,2,4,-1
202300004483,26,11,2023,18:12,3,5,6,25,25063,1,3,2,1,2
202300004484,7,6,2023,18:20,1,1,3,78,78440,2,4,2,1,1
202300004485,24,3,2023,07:05,1,1,3,13,13210,2,4,2,2,1
202300004486,11,7,2023,17:15,1,1,3,44,44018,2,7,2,1,1
202300004487,26,11,2023,19:40,3,1,6,44,44183,1,3,2,1,1
202300004488,24,3,2023,03:30,5,1,1,13,13211,2,4,2,1,1
202300004489,27,11,2023,11:50,1,8,1,58,58046,1,3,2,1,1
202300004490,13,7,2023,19:30,1,1,3,35,35331,1,3,2,1,1
202300004490,13,7,2023,19:30,1,1,3,35,35331,1,3,2,1,1
202300004491,24,3,2023,13:00,1,1,3,13,13004,2,4,2,1,1
202300004492,13,7,2023,20:00,1,1,6,34,34192,2,4,2,1,1
202300004493,22,3,2023,16:10,1,1,3,11,11069,2,4,-1,1,1
202300004493,22,3,2023,16:10,1,1,3,11,11069,2,4,1,1,1
202300004494,25,11,2023,15:50,1,7,3,72,72191,1,4,2,1,1
202300004495,8,6,2023,00:20,5,1,5,74,74218,1,3,2,1,1
202300004496,24,3,2023,12:40,1,1,6,07,07102,2,3,2,1,1
202300004497,14,7,2023,04:40,3,1,6,29,29143,2,4,2,1,2
202300004498,7,6,2023,19:05,1,1,6,74,74012,2,4,2,1,1
202300004499,27,11,2023,07:45,1,1,2,06,06007,1,3,2,1,1
202300004500,24,3,2023,15:20,1,1,4,06,06069,2,4,2,1,1
202300004501,12,7,2023,19:35,1,1,2,38,38012,2,3,2,1,1
202300004501,12,7,2023,19:35,1,1,2,38,38012,2,3,2,1,1
202300004502,6,6,2023,19:20,1,1,5,72,72181,2,4,1,1,1
202300004503,24,3,2023,19:00,2,1,6,06,06027,2,7,2,1,1
202300004504,7,11,2023,15:25,1,1,6,05,05011,1,3,1,1,1
202300004505,14,7,2023,06:30,1,1,6,02,02564,1,3,3,1,1
202300004506,26,11,2023,21:30,3,1,6,05,05132,1,3,2,1,1
202300004507,30,5,2023,16:45,1,1,3,71,71076,2,4,1,1,1
202300004507,30,5,2023,16:45,1,1,3,71,71076,2,4,2,1,1
202300004508,23,3,2023,15:48,1,1,1,06,06027,2,4,2,1,1
202300004508,23,3,2023,15:48,1,1,1,06,06027,2,4,2,2,1
202300004509,7,6,2023,11:13,1,1,3,69,69266,2,4,2,1,1
202300004509,7,6,2023,11:13,1,1,3,69,69266,2,4,2,1,1
202300004510,22,1,2023,06:00,3,1,7,13,13077,1,2,3,1,1
202300004511,27,11,2023,16:30,1,2,3,73,73182,2,4,2,1,2
202300004512,14,7,2023,15:00,1,7,1,15,15124,1,3,2,2,1
202300004513,26,11,2023,16:50,5,1,7,43,43012,1,3,2,1,1
202300004514,23,3,2023,18:05,3,1,6,976,97611,2,4,1,2,1
202300004515,7,6,2023,00:05,5,1,3,69,69259,2,7,2,1,1
202300004515,7,6,2023,00:05,5,1,3,69,69259,2,7,2,1,1
202300004516,23,3,2023,15:30,1,1,6,976,97611,2,4,3,2,1
202300004517,6,6,2023,23:00,5,1,4,69,69259,2,4,2,1,1
202300004518,25,11,2023,20:20,5,1,3,987,98735,1,2,2,1,1
202300004518,25,11,2023,20:20,5,1,3,987,98735,1,2,2,1,1
202300004519,8,7,2023,18:15,1,1,2,06,06089,1,3,2,2,1
202300004519,8,7,2023,18:15,1,1,2,06,06089,1,3,2,2,1
202300004520,23,3,2023,17:00,1,1,6,974,97407,2,4,1,1,1
202300004521,22,7,2023,21:30,2,1,6,44,44184,2,4,2,1,1
202300004522,14,7,2023,16:05,1,1,3,05,05098,2,3,2,2,1
202300004523,3,6,2023,00:15,3,1,1,66,66136,1,3,2,1,1
202300004524,23,3,2023,06:30,1,1,3,973,97302,2,3,2,1,1
202300004524,23,3,2023,06:30,1,1,3,973,97302,2,3,2,1,1
202300004525,21,7,2023,03:00,3,1,7,44,44109,2,4,2,1,1
202300004526,13,7,2023,13:15,1,1,7,05,05132,1,3,2,1,1
202300004527,25,11,2023,02:00,5,1,6,987,98748,1,2,2,1,1
202300004528,24,3,2023,00:50,5,2,6,69,69386,2,4,1,1,2
202300004529,6,6,2023,17:45,1,1,6,64,64445,2,4,2,1,1
202300004530,7,7,2023,15:15,1,1,1,90,90005,1,3,2,2,1
202300004531,20,7,2023,13:00,1,8,3,44,44109,2,4,2,2,1
202300004531,20,7,2023,13:00,1,8,3,44,44109,2,4,2,1,1
202300004532,7,6,2023,07:30,1,1,3,64,64125,2,3,2,1,1
202300004533,25,11,2023,18:20,3,1,1,988,98817,1,3,2,1,1
202300004534,23,3,2023,09:30,1,1,3,69,69383,2,4,1,1,1
202300004534,23,3,2023,09:30,1,1,3,69,69383,2,4,1,1,1
202300004535,18,7,2023,18:30,1,1,6,44,44109,2,4,1,1,1
202300004536,13,7,2023,18:00,1,1,3,60,60286,2,3,2,1,1
202300004537,27,11,2023,11:30,1,1,3,976,97608,2,2,2,1,1
202300004538,23,3,2023,18:00,1,1,6,69,69152,2,4,1,1,1
202300004539,11,12,2023,09:05,1,2,3,10,10401,2,4,2,1,2
202300004539,11,12,2023,09:05,1,2,3,10,10401,2,4,2,1,2
202300004540,26,11,2023,00:15,3,1,7,13,13088,1,3,2,1,1
202300004541,2,6,2023,16:45,1,1,6,62,62498,2,4,2,1,1
202300004541,2,6,2023,16:45,1,1,6,62,62498,2,4,-1,1,1
202300004542,23,3,2023,09:00,1,1,3,69,69381,2,4,1,1,1
202300004542,23,3,2023,09:00,1,1,3,69,69381,2,4,2,1,1
202300004543,13,7,2023,23:40,3,1,3,64,64495,1,3,2,1,1
202300004543,13,7,2023,23:40,3,1,3,64,64495,1,3,2,1,1
202300004544,1,6,2023,18:55,1,1,7,62,62193,2,4,-1,1,9
202300004545,29,11,2023,13:40,1,2,-1,10,10328,1,3,2,1,2
202300004546,25,11,2023,00:45,3,6,2,13,13033,1,3,2,1,1
202300004547,22,3,2023,16:34,1,1,2,971,97101,1,2,3,4,1
202300004548,13,7,2023,17:20,1,1,1,64,64216,1,3,2,1,1
202300004549,27,11,2023,09:57,1,8,6,37,37129,1,3,2,1,2
202300004550,21,11,2023,17:14,2,2,3,10,10064,1,3,2,1,2
202300004550,21,11,2023,17:14,2,2,3,10,10064,1,3,2,1,2
202300004551,17,5,2023,16:50,1,7,3,62,62244,2,3,2,1,1
202300004551,17,5,2023,16:50,1,7,3,62,62244,2,3,2,1,1
202300004552,25,11,2023,14:10,1,1,6,77,77088,2,4,2,1,1
202300004553,17,7,2023,13:13,1,8,3,44,44172,2,4,2,1,1
202300004554,23,3,2023,16:20,1,1,5,95,95277,1,3,3,1,1
202300004555,26,5,2023,14:30,1,1,6,62,62193,2,4,1,1,1
202300004556,13,7,2023,17:10,1,1,1,43,43051,1,3,2,1,1
202300004556,13,7,2023,17:10,1,1,1,43,43051,1,3,2,4,1
202300004557,25,11,2023,05:56,3,1,5,77,77044,1,3,2,1,1
202300004558,15,7,2023,08:30,1,1,6,44,44162,2,4,2,1,1
202300004559,7,3,2023,16:19,1,1,6,95,95427,2,3,2,1,1
202300004560,14,7,2023,15:05,1,1,7,16,16382,1,3,2,3,1
202300004561,7,6,2023,09:50,1,1,1,60,60057,2,4,2,1,1
202300004562,15,7,2023,09:45,1,8,6,44,44109,2,4,-1,1,1
202300004563,26,11,2023,15:05,1,1,7,66,66164,2,4,2,1,1
202300004564,23,3,2023,11:30,1,1,3,91,91589,2,3,2,2,1
202300004565,14,7,2023,00:30,3,1,7,17,17085,1,3,2,1,1
202300004566,14,7,2023,10:40,1,8,6,44,44109,2,4,2,1,1
202300004567,7,6,2023,21:00,1,1,3,59,59512,2,4,2,1,1
202300004567,7,6,2023,21:00,1,1,3,59,59512,2,4,2,1,1
202300004568,26,11,2023,14:42,1,1,6,11,11295,1,3,2,1,1
202300004569,13,7,2023,16:00,1,1,7,23,23022,1,9,-1,1,1
202300004570,14,7,2023,18:30,1,8,3,44,44109,2,4,2,1,1
202300004571,13,7,2023,09:33,1,1,7,87,87027,1,3,2,2,1
202300004572,23,3,2023,14:45,1,1,3,83,83137,2,4,1,2,1
202300004572,23,3,2023,14:45,1,1,3,83,83137,2,4,2,1,1
202300004573,7,6,2023,18:23,1,7,3,59,59585,1,7,2,1,1
202300004574,23,11,2023,11:45,1,1,3,84,84141,2,3,1,1,1
202300004575,13,7,2023,19:10,1,1,3,44,44190,2,4,2,1,1
202300004576,14,7,2023,04:30,3,1,6,30,30285,1,3,2,1,1
202300004577,25,11,2023,03:00,3,1,6,83,83107,1,3,3,1,1
202300004578,7,6,2023,07:05,2,1,3,57,57630,2,3,2,2,1
202300004578,7,6,2023,07:05,2,1,3,57,57630,2,3,2,1,1
202300004578,7,6,2023,07:05,2,1,3,57,57630,2,3,2,1,1
202300004579,15,3,2023,18:45,1,7,6,83,83129,2,4,2,1,1
202300004579,15,3,2023,18:45,1,7,6,83,83129,2,4,-1,1,1
202300004580,14,11,2023,17:25,5,3,6,88,88413,2,4,2,1,2
202300004581,27,11,2023,08:10,1,1,3,67,67118,2,7,2,1,1
202300004582,4,6,2023,16:30,1,1,6,54,54174,2,3,2,1,1
202300004583,7,11,2023,17:19,3,1,3,88,88413,2,3,2,1,1
202300004584,14,3,2023,07:45,2,1,3,83,83050,2,4,-1,2,1
202300004584,14,3,2023,07:45,2,1,3,83,83050,2,4,-1,2,1
202300004585,13,7,2023,16:40,1,1,1,33,33122,1,4,2,1,1
202300004586,13,7,2023,08:30,1,8,7,44,44109,2,4,2,1,1
202300004587,7,6,2023,19:00,1,1,3,47,47001,2,4,-1,1,1
202300004588,27,11,2023,07:55,2,8,3,42,42147,2,3,2,1,2
202300004588,27,11,2023,07:55,2,8,3,42,42147,2,3,2,2,2
202300004589,23,3,2023,15:10,1,1,2,82,82033,2,3,2,1,1
202300004589,23,3,2023,15:10,1,1,2,82,82033,2,3,-1,1,-1
202300004590,12,7,2023,00:05,5,8,3,44,44109,2,4,2,1,1
202300004591,7,6,2023,16:20,1,1,6,38,38185,2,4,2,1,1
202300004592,13,7,2023,22:47,3,1,2,33,33284,1,1,3,1,1
202300004593,23,3,2023,19:11,2,1,7,81,81257,1,4,2,1,1
202300004594,26,11,2023,14:00,1,1,3,33,33243,2,3,2,1,1
202300004594,26,11,2023,14:00,1,1,3,33,33243,2,3,2,1,1
202300004595,11,7,2023,07:50,1,8,3,44,44109,2,4,2,1,1
202300004596,14,7,2023,13:00,1,1,6,45,45302,1,1,3,1,1
202300004597,20,2,2023,08:20,1,1,3,78,78621,1,3,2,1,2
202300004598,7,6,2023,00:15,5,1,3,38,38185,2,7,1,1,1
202300004598,7,6,2023,00:15,5,1,3,38,38185,2,7,-1,1,1
202300004599,25,11,2023,17:30,2,1,5,44,44210,1,3,3,1,1
202300004600,11,7,2023,12:35,1,8,3,44,44109,2,4,2,1,1
202300004601,14,7,2023,11:26,1,7,2,973,97311,2,3,2,1,1
202300004602,9,7,2023,15:25,1,8,7,44,44143,2,4,2,1,1
202300004603,7,6,2023,18:20,1,1,3,37,37261,2,4,3,1,1
202300004604,22,3,2023,17:10,1,1,3,77,77186,2,4,2,1,1
202300004604,22,3,2023,17:10,1,1,3,77,77186,2,4,1,1,1
202300004605,25,11,2023,09:30,1,1,3,60,60141,1,3,2,1,1
202300004606,8,7,2023,08:50,1,8,3,44,44114,2,4,2,1,1
202300004607,14,7,2023,12:55,1,7,3,95,95199,2,4,2,1,1
202300004608,7,6,2023,09:10,1,1,6,37,37261,2,4,1,1,1
202300004608,7,6,2023,09:10,1,1,6,37,37261,2,4,1,1,1
202300004609,22,3,2023,19:02,1,2,2,72,72181,2,3,-1,1,2
202300004610,7,7,2023,09:25,1,8,3,44,44109,2,4,2,1,1
202300004611,13,7,2023,09:40,1,1,6,84,84003,2,3,2,1,1
202300004612,6,6,2023,12:50,1,1,3,37,37122,2,4,1,1,1
202300004613,7,7,2023,10:10,1,8,3,44,44109,2,4,2,1,1
202300004614,27,11,2023,16:15,2,2,5,80,80237,2,3,2,2,2
202300004615,21,3,2023,16:25,1,1,6,72,72181,2,4,3,1,1
202300004616,7,6,2023,07:00,1,1,6,34,34172,2,7,1,2,1
202300004617,14,7,2023,10:00,1,1,5,83,83065,1,3,2,2,1
202300004618,27,11,2023,07:20,5,2,6,80,80570,2,3,2,2,2
202300004619,6,7,2023,23:15,5,1,3,44,44109,2,4,-1,1,1
202300004620,23,3,2023,23:25,5,1,6,69,69266,2,4,2,1,1
202300004621,7,6,2023,14:45,1,1,1,33,33063,1,4,2,1,1
202300004622,6,7,2023,18:15,1,1,3,44,44184,2,4,2,1,1
202300004623,12,7,2023,11:00,1,1,3,06,06048,1,3,2,1,1
202300004624,21,11,2023,16:45,1,1,3,80,80799,1,3,2,1,1
202300004624,21,11,2023,16:45,1,1,3,80,80799,1,3,2,1,1
202300004625,23,3,2023,18:30,2,1,3,69,69266,2,4,2,1,1
202300004625,23,3,2023,18:30,2,1,3,69,69266,2,4,2,1,1
202300004626,7,6,2023,09:50,1,1,3,28,28134,2,4,2,1,1
202300004627,5,7,2023,16:00,1,1,3,44,44143,2,4,2,1,1
202300004628,26,11,2023,02:20,3,1,2,13,13028,1,1,-1,1,1
202300004629,10,7,2023,08:40,1,1,3,13,13093,2,3,2,1,1
202300004630,5,7,2023,13:40,1,8,6,44,44009,1,2,2,2,1