id_accident,jour,mois,annee,heure_minute,luminosite,meteo,type_collision,departement,commune,agglomeration,categorie_route,regime_circulation,profil_route,etat_surface
202300004631,6,6,2023,12:45,1,1,3,27,27681,2,3,2,1,1
202300004632,22,3,2023,17:35,1,1,4,69,69259,2,4,2,1,1
202300004633,25,11,2023,22:56,3,1,3,13,13216,1,1,3,1,1
202300004634,13,7,2023,22:15,5,1,1,71,71512,2,3,2,2,1
202300004634,13,7,2023,22:15,5,1,1,71,71512,2,3,2,1,1
202300004635,6,6,2023,10:30,1,1,6,19,19031,2,4,2,1,1
202300004636,4,7,2023,14:15,1,8,5,44,44109,2,4,2,1,1
202300004637,26,11,2023,18:05,3,1,2,91,91617,1,2,-1,1,1
202300004638,13,7,2023,20:15,1,1,7,67,67067,2,3,-1,1,1
202300004639,22,3,2023,15:00,1,1,3,69,69091,2,7,2,1,1
202300004639,22,3,2023,15:00,1,1,3,69,69091,2,7,2,1,1
202300004640,4,7,2023,16:34,1,1,6,44,44109,2,4,1,1,1
202300004641,6,6,2023,22:30,3,1,6,14,14118,1,2,1,1,1
202300004642,26,11,2023,12:40,1,1,5,94,94038,1,1,1,1,1
202300004643,13,7,2023,18:20,1,1,3,64,64256,2,3,2,1,1
202300004644,19,8,2023,20:00,5,1,1,976,97613,2,4,2,2,1
202300004645,7,6,2023,12:45,1,1,3,13,13215,2,4,2,1,1
202300004646,19,8,2023,07:04,1,1,6,976,97611,2,4,2,1,1
202300004647,26,11,2023,06:20,3,1,2,91,91477,1,1,1,1,1
202300004648,14,7,2023,08:45,1,1,3,49,49023,1,3,2,1,1
202300004648,14,7,2023,08:45,1,1,3,49,49023,1,3,2,1,1
202300004649,22,3,2023,13:53,1,1,1,67,67482,2,4,2,1,1
202300004650,7,6,2023,08:21,1,1,3,11,11069,2,4,2,1,1
202300004651,13,7,2023,18:20,1,1,3,50,50041,1,3,2,2,1
202300004651,13,7,2023,18:20,1,1,3,50,50041,1,3,2,4,1
202300004652,17,8,2023,11:00,1,1,1,976,97610,2,4,2,1,1
202300004653,22,3,2023,08:50,1,1,2,66,66136,2,4,1,1,1
202300004654,26,11,2023,17:50,3,1,4,93,93010,1,1,3,1,1
202300004655,7,6,2023,23:50,5,1,1,06,06123,2,4,2,1,1
202300004656,17,6,2023,08:10,1,2,3,988,98818,2,4,2,1,2
202300004657,26,11,2023,16:20,1,1,6,95,95607,1,1,3,1,1
202300004658,13,7,2023,15:30,1,1,4,69,69266,1,7,3,1,1
202300004659,14,3,2023,15:35,1,1,1,62,62193,2,4,2,1,1
202300004659,14,3,2023,15:35,1,1,1,62,62193,2,4,1,1,8
202300004660,25,11,2023,14:00,1,1,6,95,95572,1,2,3,1,1
202300004661,7,6,2023,10:00,1,1,2,75,75114,2,4,1,1,1
202300004662,29,6,2023,09:20,1,8,3,44,44109,2,4,2,1,1
202300004662,29,6,2023,09:20,1,8,3,44,44109,2,4,2,1,1
202300004663,26,11,2023,21:00,3,1,6,77,77249,1,2,1,1,2
202300004664,29,6,2023,19:20,1,8,6,44,44162,2,4,2,1,2
202300004665,5,6,2023,10:25,1,1,3,75,75120,2,4,1,1,1
202300004666,13,7,2023,17:55,1,1,2,33,33550,1,1,3,1,1
202300004667,22,3,2023,17:50,1,2,3,62,62244,1,4,2,1,2
202300004668,26,11,2023,19:45,5,1,2,94,94017,1,1,-1,1,1
202300004669,29,6,2023,14:30,1,8,3,44,44143,2,4,2,1,1
202300004670,13,7,2023,14:15,1,1,3,33,33550,1,1,3,1,1
202300004671,7,6,2023,07:25,1,1,2,75,75114,2,4,1,1,1
202300004672,8,3,2023,08:10,1,1,3,59,59350,2,4,1,1,1
202300004672,8,3,2023,08:10,1,1,3,59,59350,2,4,1,1,1
202300004672,8,3,2023,08:10,1,1,3,59,59350,2,4,3,1,1
202300004673,21,6,2023,19:15,1,1,3,44,44162,2,4,2,1,1
202300004674,25,11,2023,14:15,1,1,2,77,77169,1,2,-1,1,1
202300004675,7,6,2023,00:50,5,1,3,75,75119,2,4,2,1,1
202300004675,7,6,2023,00:50,5,1,3,75,75119,2,4,1,1,1
202300004676,13,7,2023,20:40,1,1,4,92,92002,1,1,1,1,1
202300004677,20,6,2023,14:00,5,8,2,44,44109,2,4,2,1,1
202300004678,23,3,2023,10:13,1,2,3,57,57441,2,3,2,1,2
202300004678,23,3,2023,10:13,1,2,3,57,57441,2,3,2,1,2
202300004679,25,11,2023,06:10,3,1,5,94,94017,1,1,1,1,1
202300004680,7,6,2023,07:15,2,1,3,75,75118,2,4,-1,1,1
202300004680,7,6,2023,07:15,2,1,3,75,75118,2,4,-1,1,1
202300004681,12,6,2023,12:50,1,1,3,44,44109,2,4,2,1,1
202300004681,12,6,2023,12:50,1,1,3,44,44109,2,4,2,1,1
202300004682,13,7,2023,16:50,1,1,4,78,78118,1,1,1,1,1
202300004683,21,3,2023,17:30,1,1,3,57,57647,2,3,2,1,1
202300004684,24,11,2023,19:20,3,1,2,94,94028,1,1,-1,1,1
202300004685,12,6,2023,15:45,1,1,3,44,44109,2,4,2,1,1
202300004686,13,7,2023,06:30,1,1,2,92,92062,1,1,-1,1,1
202300004687,22,3,2023,21:04,5,2,7,56,56121,2,9,-1,1,2
202300004688,6,6,2023,22:30,5,1,5,75,75118,2,4,1,1,1
202300004688,6,6,2023,22:30,5,1,5,75,75118,2,4,1,1,1
202300004689,3,9,2023,11:45,1,1,3,74,74311,2,3,2,1,1
202300004689,3,9,2023,11:45,1,1,3,74,74311,2,3,2,1,1
202300004690,12,6,2023,11:41,1,8,6,44,44109,2,4,2,1,1
202300004691,13,7,2023,17:25,1,1,3,93,93063,1,1,3,1,1
202300004692,7,6,2023,14:45,1,1,7,75,75117,2,4,2,1,1
202300004692,7,6,2023,14:45,1,1,7,75,75117,2,4,1,1,1
202300004693,20,3,2023,17:55,1,2,1,50,50129,2,4,2,1,2
202300004694,13,9,2023,16:50,1,8,2,93,93001,2,3,2,1,1
202300004695,16,9,2023,17:30,1,1,3,74,74311,1,3,2,2,1
202300004695,16,9,2023,17:30,1,1,3,74,74311,1,3,2,2,1
202300004696,13,7,2023,17:30,1,1,3,77,77373,1,2,1,1,1
202300004697,10,9,2023,01:55,3,1,6,77,77148,1,3,2,1,1
202300004698,23,3,2023,16:45,1,1,3,45,45147,2,4,1,1,1
202300004699,7,6,2023,09:15,1,1,3,75,75116,2,4,1,1,1
202300004699,7,6,2023,09:15,1,1,3,75,75116,2,4,1,1,1
202300004700,24,9,2023,04:30,3,1,6,74,74275,2,3,2,2,1
202300004701,12,7,2023,20:00,2,1,3,77,77337,1,2,-1,1,1
202300004702,6,9,2023,19:30,1,1,6,74,74185,1,3,-1,2,1
202300004703,7,6,2023,17:40,1,8,3,44,44109,2,4,2,1,1
202300004703,7,6,2023,17:40,1,8,3,44,44109,2,4,2,1,1
202300004704,7,6,2023,07:35,1,1,2,75,75116,2,4,2,2,1
202300004705,23,3,2023,13:55,1,8,3,44,44162,2,4,1,1,2
202300004705,23,3,2023,13:55,1,8,3,44,44162,2,4,2,2,2
202300004706,6,6,2023,23:40,4,1,3,44,44109,2,4,2,1,1
202300004707,23,9,2023,10:30,1,1,6,74,74256,2,3,2,1,1
202300004707,23,9,2023,10:30,1,1,6,74,74256,2,3,2,1,1
202300004708,12,7,2023,08:00,1,1,5,94,94073,1,1,3,1,1
202300004709,23,3,2023,10:30,1,1,6,38,38053,2,3,3,1,1
202300004710,7,6,2023,17:25,1,1,3,75,75115,2,4,2,1,1
202300004710,7,6,2023,17:25,1,1,3,75,75115,2,4,1,1,1
202300004711,7,6,2023,19:20,1,1,3,44,44109,2,4,2,1,1
202300004712,22,9,2023,20:30,3,3,2,74,74241,1,3,2,1,2
202300004713,18,9,2023,07:30,2,3,6,74,74018,1,1,3,1,3
202300004714,7,6,2023,08:50,1,1,6,75,75112,2,4,1,1,1
202300004714,7,6,2023,08:50,1,1,6,75,75112,2,4,2,1,1
202300004715,12,7,2023,21:30,5,1,3,988,98818,2,4,1,2,1
202300004715,12,7,2023,21:30,5,1,3,988,98818,2,4,1,2,1
202300004716,2,6,2023,06:00,1,1,3,44,44109,2,4,2,1,1
202300004717,23,3,2023,10:00,1,1,3,37,37261,2,4,2,2,1
202300004717,23,3,2023,10:00,1,1,3,37,37261,2,4,2,1,1
202300004718,17,9,2023,17:00,1,1,6,74,74001,1,3,2,2,1
202300004719,2,6,2023,11:30,1,1,1,44,44162,2,4,2,1,1
202300004720,7,6,2023,12:50,1,1,6,75,75111,2,4,2,1,1
202300004720,7,6,2023,12:50,1,1,6,75,75111,2,4,1,1,1
202300004721,14,9,2023,12:00,1,1,1,74,74154,1,3,-1,1,1
202300004722,12,7,2023,09:25,1,1,3,976,97611,2,3,2,1,1
202300004722,12,7,2023,09:25,1,1,3,976,97611,2,3,2,1,1
202300004723,24,3,2023,00:00,5,1,1,33,33063,2,4,2,1,1
202300004724,7,6,2023,13:30,1,1,6,75,75110,2,4,1,1,1
202300004725,1,6,2023,09:45,1,8,4,44,44172,1,2,2,1,1
202300004726,12,7,2023,07:25,1,1,6,976,97611,2,2,3,1,1
202300004727,31,5,2023,15:45,1,1,6,44,44162,2,4,2,1,1
202300004728,22,3,2023,17:40,1,1,3,33,33281,2,4,2,1,1
202300004728,22,3,2023,17:40,1,1,3,33,33281,2,4,3,1,1
202300004729,12,7,2023,22:20,3,1,6,974,97407,1,2,1,1,1
202300004730,24,9,2023,01:05,5,1,3,74,74012,2,4,2,1,1
202300004730,24,9,2023,01:05,5,1,3,74,74012,2,4,2,1,1
202300004731,7,6,2023,08:30,1,1,2,75,75108,2,4,2,1,1
202300004731,7,6,2023,08:30,1,1,2,75,75108,2,4,1,1,1
202300004732,30,5,2023,15:55,1,8,6,44,44109,2,4,2,1,1
202300004733,11,7,2023,20:25,5,1,7,974,97407,2,4,2,2,1
202300004734,30,8,2023,17:40,1,1,1,74,74145,2,4,2,1,1
202300004735,7,6,2023,13:50,1,1,3,75,75101,2,4,1,1,1
202300004735,7,6,2023,13:50,1,1,3,75,75101,2,4,2,1,1
202300004736,30,5,2023,07:25,1,1,3,44,44162,2,4,2,1,1
202300004737,22,3,2023,16:05,1,2,3,33,33281,2,4,3,1,2
202300004737,22,3,2023,16:05,1,2,3,33,33281,2,4,2,1,2
202300004738,12,7,2023,10:15,1,1,3,973,97302,2,4,2,1,1
202300004739,19,9,2023,09:00,1,2,1,74,74179,1,3,2,2,2
202300004740,28,5,2023,19:00,1,1,7,44,44162,1,2,1,1,1
202300004741,21,9,2023,15:35,1,1,7,74,74031,2,3,2,2,1
202300004742,7,6,2023,07:20,1,1,3,75,75102,2,4,1,1,1
202300004742,7,6,2023,07:20,1,1,3,75,75102,2,4,1,1,1
202300004743,12,7,2023,08:00,1,1,3,973,97302,2,3,3,1,1
202300004744,27,5,2023,13:20,1,1,7,44,44109,2,4,1,1,1
202300004745,12,9,2023,13:45,1,1,6,74,74048,1,3,2,1,1
202300004746,6,6,2023,23:27,5,1,7,75,75102,2,4,3,1,1
202300004746,6,6,2023,23:27,5,1,7,75,75102,2,4,-1,1,1
202300004747,11,7,2023,07:42,1,3,7,972,97213,1,3,2,2,2
202300004748,26,5,2023,19:30,1,8,7,44,44109,2,4,2,2,1
202300004749,15,9,2023,10:50,1,1,3,74,74123,2,3,2,2,1
202300004749,15,9,2023,10:50,1,1,3,74,74123,2,3,2,1,1
202300004750,23,3,2023,13:25,1,3,3,29,29019,2,4,-1,2,2
202300004751,24,5,2023,11:50,1,8,3,44,44109,2,4,2,1,1
202300004752,12,7,2023,14:25,1,1,2,972,97213,2,2,2,1,1
202300004753,6,6,2023,07:50,1,1,3,75,75103,2,4,2,1,1
202300004753,6,6,2023,07:50,1,1,3,75,75103,2,4,1,1,1
202300004754,9,9,2023,12:10,1,7,1,74,74302,2,4,2,2,1
202300004755,24,5,2023,07:50,1,8,6,44,44109,2,4,2,2,1
202300004756,7,6,2023,21:00,2,1,6,94,94080,2,3,2,1,1
202300004756,7,6,2023,21:00,2,1,6,94,94080,2,3,-1,1,1
202300004757,12,7,2023,17:06,1,1,1,2B,2B033,2,3,2,2,1
202300004758,22,3,2023,09:50,1,1,3,29,29019,2,4,2,1,2
202300004758,22,3,2023,09:50,1,1,3,29,29019,2,4,2,1,2
202300004759,29,8,2023,19:08,1,1,3,74,74229,1,4,-1,1,9
202300004760,21,5,2023,18:50,1,8,2,44,44109,1,2,2,2,1
202300004761,7,6,2023,19:10,1,1,3,94,94074,2,4,2,2,1
202300004762,14,8,2023,03:00,3,1,6,74,74197,1,1,3,1,1
202300004763,12,7,2023,15:55,1,1,3,971,97101,1,3,2,1,1
202300004764,18,5,2023,18:00,1,8,1,44,44109,2,4,2,1,1
202300004765,7,6,2023,16:10,1,1,2,94,94074,2,2,3,1,1
202300004766,25,11,2023,09:10,1,1,3,974,97416,1,3,2,1,1
202300004767,12,7,2023,09:05,1,1,6,2A,2A004,2,4,1,1,1
202300004768,23,3,2023,10:05,1,1,3,24,24037,2,4,1,1,1
202300004769,17,5,2023,09:56,1,8,6,44,44109,2,4,2,1,1
202300004770,6,6,2023,22:27,3,1,1,94,94074,2,3,2,1,1
202300004771,25,11,2023,14:45,1,1,5,974,97411,2,4,1,1,1
202300004772,17,11,2023,07:55,1,1,6,14,14645,1,3,2,1,1
202300004773,7,6,2023,13:30,1,1,3,94,94068,2,4,1,1,1
202300004773,7,6,2023,13:30,1,1,3,94,94068,2,4,2,1,1
202300004774,19,3,2023,19:30,2,1,1,16,16015,2,4,2,2,1
202300004774,19,3,2023,19:30,2,1,1,16,16015,2,4,1,2,1
202300004775,18,6,2023,03:45,3,2,1,91,91692,2,4,1,1,2
202300004776,7,12,2023,18:30,3,2,3,51,51183,1,3,2,1,2
202300004777,25,11,2023,14:15,1,1,1,974,97409,2,4,2,1,1
202300004777,25,11,2023,14:15,1,1,1,974,97409,2,4,-1,1,1
202300004778,22,12,2023,19:30,5,1,1,973,97311,2,2,2,1,1
202300004779,7,6,2023,08:45,1,1,2,94,94016,2,4,2,1,1
202300004780,12,7,2023,07:50,1,1,3,91,91201,2,4,2,1,1
202300004780,12,7,2023,07:50,1,1,3,91,91201,2,4,2,1,1
202300004781,25,11,2023,07:30,2,1,2,69,69387,2,4,2,1,1
202300004781,25,11,2023,07:30,2,1,2,69,69387,2,4,1,1,1
202300004782,23,3,2023,14:10,1,1,3,14,14437,1,2,3,1,1
202300004782,23,3,2023,14:10,1,1,3,14,14437,1,2,3,1,1
202300004783,25,11,2023,20:40,3,1,7,972,97209,1,4,3,1,1
202300004784,6,6,2023,10:00,1,1,6,94,94016,2,4,1,1,1
202300004785,16,7,2023,15:30,1,1,6,14,14570,2,4,2,1,1
202300004786,11,7,2023,16:30,1,1,6,91,91691,2,4,-1,1,1
202300004787,9,3,2023,16:15,1,1,1,13,13077,2,4,2,1,1
202300004787,9,3,2023,16:15,1,1,1,13,13077,2,4,2,1,1
202300004788,25,11,2023,11:45,1,1,6,972,97209,2,4,1,1,1
202300004789,28,11,2023,09:15,1,1,7,13,13115,1,3,2,2,2
202300004790,12,7,2023,21:10,2,1,3,91,91326,2,3,2,1,1
202300004791,7,6,2023,18:30,1,1,3,94,94034,2,3,1,1,1
202300004791,7,6,2023,18:30,1,1,3,94,94034,2,3,2,1,1
202300004792,25,11,2023,15:58,1,1,7,971,97101,1,4,2,1,1
202300004793,22,11,2023,13:10,1,7,6,68,68201,1,4,1,1,1
202300004794,21,1,2023,10:30,1,6,7,13,13039,1,2,3,1,1
202300004795,24,11,2023,11:20,1,1,6,971,97101,2,6,-1,1,1
202300004796,6,6,2023,11:20,1,1,2,94,94028,2,3,3,1,1
202300004797,12,7,2023,10:25,1,1,2,91,91027,2,3,2,1,1
202300004797,12,7,2023,10:25,1,1,2,91,91027,2,3,2,1,1
202300004798,17,5,2023,08:15,2,8,6,44,44109,2,4,1,2,1
202300004799,23,3,2023,16:20,1,1,6,13,13210,2,4,2,1,1
202300004800,7,6,2023,21:00,1,1,7,94,94077,2,3,-1,2,1
202300004801,10,7,2023,16:45,1,1,2,85,85194,2,3,-1,1,1
202300004802,22,3,2023,10:23,1,1,6,10,10343,2,4,2,1,1
202300004803,25,11,2023,15:15,1,1,1,971,97105,2,4,2,1,1
202300004804,15,5,2023,09:10,1,8,3,44,44109,2,4,2,1,1
202300004804,15,5,2023,09:10,1,8,3,44,44109,2,4,2,1,1
202300004805,7,6,2023,20:00,1,1,2,94,94017,2,3,1,1,1
202300004806,12,5,2023,14:36,1,8,6,44,44109,2,4,2,1,1
202300004807,12,7,2023,09:30,1,1,2,78,78650,2,3,1,1,1
202300004808,23,3,2023,15:45,1,8,2,07,07019,1,4,2,2,1
202300004809,25,11,2023,18:30,5,1,6,91,91097,2,4,1,1,1
202300004809,25,11,2023,18:30,5,1,6,91,91097,2,4,2,1,1
202300004810,7,6,2023,19:20,1,1,6,94,94002,2,4,1,1,1
202300004811,12,5,2023,12:25,1,1,6,44,44109,2,4,-1,1,1
202300004812,22,3,2023,15:15,1,1,6,04,04070,2,4,2,1,1
202300004813,7,6,2023,07:35,1,1,2,93,93073,2,9,1,1,1
202300004814,10,5,2023,07:51,1,8,6,44,44109,2,4,2,1,1
202300004815,21,3,2023,15:00,1,1,6,03,03095,2,6,-1,1,1
202300004816,25,11,2023,16:30,1,1,3,91,91589,2,4,2,1,1
202300004816,25,11,2023,16:30,1,1,3,91,91589,2,4,2,1,1
202300004817,11,7,2023,08:42,1,1,2,77,77288,1,3,-1,1,1
202300004817,11,7,2023,08:42,1,1,2,77,77288,1,3,1,1,1
202300004818,7,6,2023,19:15,1,1,6,93,93072,2,3,2,1,1
202300004818,7,6,2023,19:15,1,1,6,93,93072,2,3,3,1,1
202300004819,10,5,2023,07:16,1,8,3,44,44109,2,4,-1,1,1
202300004819,10,5,2023,07:16,1,8,3,44,44109,2,4,2,1,1
202300004820,23,3,2023,13:40,1,1,3,03,03185,2,4,2,1,1
202300004821,15,6,2023,19:00,1,1,2,77,77296,1,3,2,1,1
202300004821,15,6,2023,19:00,1,1,2,77,77296,1,3,2,1,1
202300004822,7,6,2023,13:00,1,1,3,93,93066,2,3,3,1,1
202300004823,10,5,2023,08:45,1,8,2,44,44109,1,2,2,2,1
202300004824,24,3,2023,16:30,1,1,6,86,86224,1,3,2,1,1
202300004825,3,5,2023,07:45,1,8,6,44,44109,2,4,2,1,1
202300004826,7,6,2023,11:30,1,1,6,93,93066,2,3,2,1,1
202300004827,12,7,2023,09:50,1,1,3,77,77243,2,4,2,1,1
202300004827,12,7,2023,09:50,1,1,3,77,77243,2,4,2,1,1
202300004828,25,3,2023,00:30,3,1,6,51,51085,1,3,2,1,1
202300004829,3,5,2023,14:00,1,8,3,44,44109,2,4,2,1,1
202300004830,12,7,2023,17:50,1,1,3,76,76322,2,4,2,1,1
202300004831,24,4,2023,14:50,1,8,4,44,44172,1,2,2,1,1
202300004832,7,6,2023,00:14,3,1,3,93,93064,2,3,2,1,1
202300004833,12,7,2023,18:50,1,1,2,76,76540,2,7,2,1,1
202300004834,25,3,2023,16:12,1,1,1,06,06109,1,7,2,1,1
202300004835,21,11,2023,17:00,2,9,6,60,60338,1,3,2,1,2
202300004835,21,11,2023,17:00,2,9,6,60,60338,1,3,2,1,2
202300004836,7,6,2023,23:20,5,1,3,93,93049,2,4,1,1,1
202300004836,7,6,2023,23:20,5,1,3,93,93049,2,4,2,1,1
202300004837,24,3,2023,20:30,3,1,2,34,34032,1,1,1,1,1
202300004838,12,7,2023,11:00,1,1,3,76,76498,2,7,1,1,1
202300004838,12,7,2023,11:00,1,1,3,76,76498,2,7,2,1,1
202300004839,30,11,2023,18:25,3,2,3,60,60206,1,3,2,1,2
202300004840,25,3,2023,18:00,1,1,7,30,30315,1,2,3,1,1
202300004841,24,4,2023,10:30,1,8,6,44,44109,2,4,2,1,1
202300004842,7,6,2023,08:50,1,1,3,93,93013,2,3,3,1,1
202300004842,7,6,2023,08:50,1,1,3,93,93013,2,3,2,1,1
202300004843,11,7,2023,16:25,1,1,3,76,76351,2,4,2,1,1
202300004843,11,7,2023,16:25,1,1,3,76,76351,2,4,3,1,1
202300004844,20,4,2023,14:52,1,8,2,44,44215,1,2,2,1,1
202300004845,23,3,2023,10:47,1,2,1,67,67234,2,3,2,1,2
202300004845,23,3,2023,10:47,1,2,1,67,67234,2,3,2,1,2
202300004846,8,7,2023,20:45,1,1,3,76,76351,2,4,1,1,1
202300004846,8,7,2023,20:45,1,1,3,76,76351,2,4,2,1,1
202300004847,8,4,2023,23:30,3,8,7,44,44114,1,1,3,2,1
202300004848,5,6,2023,20:10,1,1,3,93,93010,2,3,3,1,1
202300004849,28,10,2023,09:35,1,2,7,62,62826,2,4,2,1,2
202300004850,7,6,2023,16:00,2,1,6,93,93007,2,3,2,1,1
202300004851,24,3,2023,23:30,3,6,2,76,76151,1,3,2,1,1
202300004852,11,7,2023,17:00,1,1,6,72,72181,2,3,3,2,1
202300004853,11,12,2023,07:50,4,3,6,74,74256,2,3,2,1,2
202300004854,12,7,2023,14:00,1,1,6,69,69286,2,4,2,2,1
202300004855,7,6,2023,21:40,2,1,6,93,93001,2,4,2,1,1
202300004856,28,11,2023,19:00,5,1,6,74,74263,2,3,2,1,1
202300004857,25,3,2023,12:20,1,6,7,80,80621,1,3,2,3,1
202300004858,7,6,2023,15:40,1,1,5,92,92063,2,3,1,1,1
202300004859,28,11,2023,09:55,1,1,1,74,74210,1,3,3,1,1
202300004860,24,3,2023,17:55,1,1,3,63,63040,2,3,2,1,1
202300004861,12,7,2023,21:40,2,1,3,69,69259,2,7,2,1,1
202300004861,12,7,2023,21:40,2,1,3,69,69259,2,7,2,1,1
202300004862,7,6,2023,09:15,1,1,3,92,92051,2,4,2,1,1
202300004863,18,2,2023,18:30,1,8,4,44,44109,2,4,1,2,1
202300004864,12,7,2023,08:53,1,1,6,67,67482,2,4,2,1,1
202300004865,25,3,2023,14:50,1,1,3,12,12208,1,3,2,1,1
202300004866,16,12,2023,18:18,5,5,3,10,10387,2,4,2,1,2
202300004867,7,6,2023,17:35,1,1,3,92,92050,2,3,2,1,1
202300004868,9,7,2023,10:06,1,1,6,66,66136,2,4,2,1,1
202300004869,25,3,2023,06:58,2,1,6,12,12120,1,2,1,4,1
202300004870,6,6,2023,15:30,1,1,1,92,92040,2,4,3,1,1
202300004871,8,7,2023,17:00,1,1,3,66,66136,2,4,2,1,1
202300004871,8,7,2023,17:00,1,1,3,66,66136,2,4,2,1,1
202300004872,24,3,2023,23:00,3,2,6,41,41059,1,3,2,1,2
202300004873,7,6,2023,09:08,1,1,1,92,92035,2,4,1,1,1
202300004874,8,7,2023,11:15,1,1,2,66,66136,1,3,3,1,1
202300004875,25,3,2023,07:40,1,1,1,02,02286,1,4,2,1,2
202300004876,3,10,2023,11:50,1,1,4,44,44055,1,3,1,1,1
202300004877,6,6,2023,12:50,1,1,6,92,92024,2,4,1,1,1
202300004877,6,6,2023,12:50,1,1,6,92,92024,2,4,2,1,1
202300004878,12,7,2023,10:28,1,1,1,65,65433,2,3,2,1,1
202300004878,12,7,2023,10:28,1,1,1,65,65433,2,3,1,1,1
202300004879,10,10,2023,19:30,5,1,6,13,13208,2,4,3,1,1
202300004880,24,3,2023,15:20,1,1,7,03,03019,1,3,2,1,1
202300004881,12,7,2023,11:44,1,2,6,64,64335,2,6,-1,1,2
202300004882,7,6,2023,00:10,5,1,2,92,92012,2,3,3,1,1
202300004883,10,10,2023,07:00,2,1,3,13,13212,2,4,1,1,1
202300004884,25,3,2023,11:50,1,1,3,70,70198,1,3,2,2,1
202300004884,25,3,2023,11:50,1,1,3,70,70198,1,3,2,1,1
202300004885,7,6,2023,18:00,1,1,1,92,92004,2,3,-1,1,1
202300004886,12,7,2023,09:30,1,1,3,62,62193,2,4,2,1,1
202300004886,12,7,2023,09:30,1,1,3,62,62193,2,4,2,1,1
202300004887,17,7,2023,21:30,5,1,6,13,13208,2,4,1,1,1
202300004888,2,7,2023,20:25,1,1,6,61,61006,2,3,2,1,1
202300004889,25,3,2023,14:15,1,1,3,72,72382,1,3,2,1,1
202300004889,25,3,2023,14:15,1,1,3,72,72382,1,3,2,1,1
202300004890,7,6,2023,17:15,1,1,3,76,76281,1,3,2,1,1
202300004890,7,6,2023,17:15,1,1,3,76,76281,1,3,2,1,1
202300004891,12,7,2023,08:10,1,1,2,59,59350,2,7,2,1,1
202300004892,25,3,2023,16:50,1,1,6,50,50076,1,3,2,1,1
202300004893,5,12,2023,19:50,3,9,4,41,41148,1,3,2,1,2
202300004893,5,12,2023,19:50,3,9,4,41,41148,1,3,2,1,2
202300004894,7,6,2023,10:10,1,1,2,84,84142,1,3,1,1,1
202300004895,9,7,2023,02:55,5,1,6,57,57019,2,4,1,2,1
202300004896,25,3,2023,09:35,1,1,3,50,50239,2,3,2,1,1
202300004897,7,4,2023,12:45,1,8,6,44,44109,2,4,2,1,1
202300004898,8,7,2023,11:56,1,1,3,57,57591,2,3,1,1,1
202300004898,8,7,2023,11:56,1,1,3,57,57591,2,3,1,1,1
202300004899,7,4,2023,10:30,1,8,3,44,44109,2,4,2,1,1
202300004900,25,3,2023,11:25,1,1,3,30,30269,1,3,2,2,1
202300004900,25,3,2023,11:25,1,1,3,30,30269,1,3,2,1,1
202300004901,7,6,2023,17:45,1,1,7,62,62883,1,3,2,1,1
202300004902,6,4,2023,16:30,1,8,6,44,44109,2,4,2,1,1
202300004903,10,7,2023,17:36,1,1,3,56,56121,2,4,2,2,1
202300004903,10,7,2023,17:36,1,1,3,56,56121,2,4,2,1,1
202300004904,4,4,2023,08:45,1,8,1,44,44109,2,4,2,1,1
202300004905,7,6,2023,09:45,1,1,3,56,56231,1,2,3,1,1
202300004906,11,7,2023,16:50,1,1,3,49,49007,2,4,2,1,1
202300004906,11,7,2023,16:50,1,1,3,49,49007,2,4,2,1,1
202300004907,1,4,2023,06:24,5,8,6,44,44109,2,4,2,1,1
202300004908,30,3,2023,14:25,1,8,6,44,44109,2,4,2,1,1
202300004909,12,7,2023,19:40,1,1,2,44,44109,2,4,2,1,1
202300004910,25,3,2023,04:30,3,1,4,30,30333,1,1,3,1,1
202300004911,8,6,2023,18:50,1,1,1,82,82112,2,3,2,4,1
202300004912,16,6,2023,19:30,1,1,6,44,44109,2,4,3,1,1
202300004913,28,3,2023,08:51,1,8,3,44,44109,2,4,2,1,1
202300004914,24,3,2023,13:30,1,1,6,976,97605,2,3,2,1,1
202300004915,26,3,2023,11:45,1,8,6,44,44020,1,2,2,1,1
202300004916,7,6,2023,14:00,1,1,3,65,65031,1,3,2,1,9
202300004917,11,7,2023,19:40,1,1,3,42,42218,2,4,2,1,1
202300004917,11,7,2023,19:40,1,1,3,42,42218,2,4,2,1,1
202300004918,26,3,2023,01:00,3,1,6,44,44162,1,4,2,1,1
202300004919,8,6,2023,16:45,1,1,1,71,71107,1,3,2,2,1
202300004920,24,3,2023,17:15,1,1,6,988,98830,1,3,2,2,1
202300004921,25,3,2023,20:45,1,8,6,44,44109,2,4,2,1,1
202300004922,12,7,2023,18:44,1,4,3,38,38185,2,7,3,1,2
202300004922,12,7,2023,18:44,1,4,3,38,38185,2,7,2,1,2
202300004923,8,6,2023,08:30,1,1,3,61,61116,2,4,2,1,1
202300004924,24,3,2023,15:30,1,3,3,972,97224,2,2,2,4,2
202300004925,25,3,2023,14:00,1,8,3,44,44190,2,4,2,1,1
202300004926,1,7,2023,01:20,3,1,7,38,38421,2,7,2,1,1
202300004927,25,3,2023,09:05,1,1,6,78,78193,1,3,2,1,1
202300004928,24,3,2023,18:00,1,8,6,44,44184,2,4,2,1,1
202300004929,8,6,2023,17:30,1,1,3,61,61129,1,3,2,1,1
202300004929,8,6,2023,17:30,1,1,3,61,61129,1,3,2,1,1