id_accident,jour,mois,annee,heure_minute,luminosite,meteo,type_collision,departement,commune,agglomeration,categorie_route,regime_circulation,profil_route,etat_surface
202300004930,12,7,2023,12:45,1,1,3,37,37261,2,4,2,1,1
202300004930,12,7,2023,12:45,1,1,3,37,37261,2,4,2,1,1
202300004931,21,3,2023,09:40,1,8,1,44,44190,2,4,2,1,1
202300004932,8,6,2023,17:08,1,1,6,50,50413,2,2,2,3,1
202300004933,24,3,2023,07:40,1,1,6,84,84047,1,4,2,1,1
202300004933,24,3,2023,07:40,1,1,6,84,84047,1,4,2,1,1
202300004934,12,7,2023,14:55,1,1,3,35,35238,2,4,2,1,1
202300004934,12,7,2023,14:55,1,1,3,35,35238,2,4,2,1,1
202300004935,20,3,2023,08:00,1,8,3,44,44109,2,4,2,1,1
202300004936,7,6,2023,18:10,1,1,6,64,64499,2,3,2,1,1
202300004937,25,3,2023,10:00,1,1,2,06,06101,1,3,2,1,1
202300004938,11,7,2023,16:12,1,1,6,34,34032,2,4,2,1,1
202300004939,8,6,2023,12:00,1,7,6,07,07128,1,3,2,1,1
202300004940,13,3,2023,09:45,1,8,3,44,44109,2,4,2,1,1
202300004940,13,3,2023,09:45,1,8,3,44,44109,2,4,2,1,1
202300004941,12,7,2023,11:15,1,8,1,33,33529,2,4,2,1,1
202300004942,24,3,2023,23:00,3,1,1,71,71307,1,3,2,1,1
202300004943,7,6,2023,12:30,1,1,6,27,27284,2,4,2,1,1
202300004944,13,3,2023,19:48,1,1,3,44,44109,2,4,2,1,1
202300004944,13,3,2023,19:48,1,1,3,44,44109,2,4,2,1,1
202300004945,13,7,2023,00:30,5,8,1,31,31149,2,4,1,4,1
202300004946,3,2,2023,16:00,1,1,7,12,12243,1,3,2,2,1
202300004947,8,6,2023,07:55,1,1,1,17,17480,1,3,2,2,1
202300004948,24,3,2023,18:30,1,1,2,71,71556,2,3,2,1,1
202300004949,12,7,2023,09:50,1,1,2,31,31483,1,3,2,2,1
202300004950,30,11,2023,18:00,5,3,6,43,43002,2,3,2,1,2
202300004951,8,6,2023,09:05,1,1,6,87,87097,1,3,2,2,1
202300004952,12,7,2023,14:07,1,1,6,17,17415,2,6,-1,1,1
202300004953,25,3,2023,03:45,4,1,7,88,88086,2,3,2,2,2
202300004954,14,12,2023,09:00,1,8,3,43,43157,2,6,-1,1,2
202300004955,7,6,2023,17:10,1,1,2,30,30012,1,3,2,1,1
202300004956,25,3,2023,09:45,1,6,6,54,54318,2,4,2,2,2
202300004957,8,6,2023,16:00,1,1,1,13,13024,1,3,2,2,1
202300004958,14,12,2023,08:00,1,2,4,43,43089,2,3,2,1,2
202300004959,12,7,2023,17:00,1,1,4,17,17306,2,4,-1,1,1
202300004959,12,7,2023,17:00,1,1,4,17,17306,2,4,2,1,1
202300004960,25,3,2023,06:45,1,1,7,63,63470,1,3,2,2,2
202300004961,10,3,2023,17:15,1,1,6,44,44109,2,4,2,1,1
202300004962,7,6,2023,14:55,1,1,2,01,01303,1,1,3,2,1
202300004963,12,7,2023,08:20,1,1,2,13,13071,2,3,2,1,1
202300004963,12,7,2023,08:20,1,1,2,13,13071,2,3,2,1,1
202300004964,25,3,2023,13:25,1,1,1,38,38135,1,3,2,1,1
202300004965,25,9,2023,13:31,1,1,6,74,74218,2,4,1,1,1
202300004965,25,9,2023,13:31,1,1,6,74,74218,2,4,2,1,1
202300004966,12,7,2023,02:15,3,1,6,13,13208,2,4,1,1,1
202300004967,1,6,2023,08:10,1,1,7,69,69244,2,4,2,2,1
202300004967,1,6,2023,08:10,1,1,7,69,69244,2,4,2,2,1
202300004968,24,3,2023,14:15,1,1,3,17,17336,2,3,2,2,1
202300004968,24,3,2023,14:15,1,1,3,17,17336,2,3,2,2,1
202300004969,15,6,2023,13:30,1,1,6,13,13213,2,4,3,2,1
202300004970,8,6,2023,17:25,1,1,3,53,53108,1,3,2,1,1
202300004970,8,6,2023,17:25,1,1,3,53,53108,1,3,2,4,1
202300004971,12,7,2023,20:20,1,1,7,10,10387,2,4,2,1,1
202300004971,12,7,2023,20:20,1,1,7,10,10387,2,4,2,1,1
202300004972,24,3,2023,16:00,1,1,1,35,35292,1,3,2,1,2
202300004973,8,6,2023,07:30,1,1,2,38,38348,1,1,3,1,1
202300004974,12,7,2023,13:36,1,1,6,10,10333,2,4,1,1,1
202300004975,24,3,2023,18:52,1,2,6,60,60139,2,4,1,1,2
202300004976,20,11,2023,08:00,2,1,6,74,74105,2,3,2,1,1
202300004977,3,6,2023,17:30,1,1,2,33,33229,1,3,3,1,1
202300004978,8,7,2023,17:50,1,1,2,07,07070,1,3,2,1,1
202300004979,13,12,2023,11:43,1,2,7,74,74296,1,3,2,1,2
202300004980,25,3,2023,17:20,1,1,7,02,02555,1,3,2,3,1
202300004981,12,7,2023,17:15,1,1,2,06,06027,2,7,3,1,1
202300004982,22,8,2023,17:45,1,1,6,74,74281,2,4,2,1,1
202300004982,22,8,2023,17:45,1,1,6,74,74281,2,4,1,1,1
202300004983,18,3,2023,13:29,1,1,6,59,59411,2,3,2,3,1
202300004984,7,6,2023,16:50,2,1,6,988,98808,1,2,2,4,1
202300004984,7,6,2023,16:50,2,1,6,988,98808,1,2,2,1,1
202300004985,8,6,2023,00:30,5,1,6,971,97128,1,3,2,1,1
202300004986,12,7,2023,00:40,4,1,1,05,05061,2,4,2,2,1
202300004987,9,3,2023,15:20,1,8,2,44,44109,2,4,2,1,1
202300004988,28,1,2023,18:50,5,1,2,13,13213,1,1,3,1,1
202300004989,7,6,2023,18:25,1,1,1,28,28096,1,3,2,2,1
202300004990,24,3,2023,20:00,3,1,6,69,69029,1,7,3,1,1
202300004991,11,7,2023,23:50,5,1,4,75,75119,2,4,1,1,1
202300004991,11,7,2023,23:50,5,1,4,75,75119,2,4,1,1,1
202300004992,9,3,2023,14:30,1,8,6,44,44109,2,4,2,1,1
202300004993,7,6,2023,19:28,1,1,6,77,77183,2,3,2,2,1
202300004994,10,7,2023,21:50,5,1,7,75,75119,2,4,1,1,1
202300004995,8,3,2023,11:00,1,8,3,44,44143,1,2,2,2,1
202300004996,21,3,2023,17:10,1,1,3,54,54357,1,1,1,1,1
202300004997,8,3,2023,08:00,1,2,7,44,44162,2,4,2,1,2
202300004998,10,7,2023,09:20,1,1,2,75,75116,2,4,1,1,1
202300004999,7,6,2023,13:00,1,1,2,13,13101,1,3,2,1,1
202300005000,24,3,2023,17:50,1,2,7,94,94021,1,1,1,1,2
202300005001,26,12,2023,08:45,2,7,2,83,83123,1,1,3,2,1
202300005002,12,7,2023,12:47,1,1,6,75,75108,2,4,2,1,1
202300005002,12,7,2023,12:47,1,1,6,75,75108,2,4,2,2,1
202300005003,8,6,2023,15:45,1,1,1,07,07324,2,4,2,1,1
202300005004,24,3,2023,16:50,1,1,1,91,91161,1,1,1,2,2
202300005005,24,5,2023,22:20,3,1,6,01,01264,1,3,2,2,1
202300005006,10,7,2023,21:45,2,1,2,75,75119,2,4,1,1,1
202300005006,10,7,2023,21:45,2,1,2,75,75119,2,4,1,1,1
202300005007,24,3,2023,15:35,1,1,2,91,91216,1,1,3,2,1
202300005008,7,6,2023,13:30,1,1,6,46,46138,1,6,-1,1,1
202300005009,11,7,2023,15:45,1,1,2,75,75116,2,4,1,1,1
202300005010,3,3,2023,07:05,1,8,3,44,44109,2,4,2,1,1
202300005010,3,3,2023,07:05,1,8,3,44,44109,2,4,2,1,1
202300005011,26,4,2023,08:05,1,1,2,83,83137,1,1,3,1,1
202300005012,24,3,2023,14:48,1,1,4,91,91136,1,1,3,1,1
202300005013,12,7,2023,09:03,1,1,1,75,75105,2,4,2,1,1
202300005014,15,12,2023,07:15,5,1,3,74,74008,2,4,2,1,2
202300005014,15,12,2023,07:15,5,1,3,74,74008,2,4,2,1,2
202300005015,24,3,2023,15:50,1,1,3,92,92036,1,1,1,1,1
202300005016,2,6,2023,17:15,1,1,3,57,57474,1,1,1,1,1
202300005017,13,12,2023,07:40,3,3,6,74,74012,2,4,2,2,2
202300005018,23,3,2023,17:50,1,1,2,78,78455,1,1,-1,1,1
202300005019,12,7,2023,00:00,5,1,3,75,75120,2,4,1,1,1
202300005019,12,7,2023,00:00,5,1,3,75,75120,2,4,1,1,1
202300005020,7,6,2023,16:10,1,1,2,94,94065,1,2,3,1,1
202300005021,11,12,2023,07:00,3,3,3,74,74298,2,4,2,2,2
202300005022,9,12,2023,15:30,1,2,6,74,74012,2,4,-1,1,2
202300005023,12,7,2023,11:15,1,1,7,75,75119,2,4,3,2,1
202300005023,12,7,2023,11:15,1,1,7,75,75119,2,4,1,2,1
202300005024,24,3,2023,08:45,1,1,4,95,95351,1,2,3,2,1
202300005025,7,6,2023,14:55,1,1,2,94,94038,1,1,3,1,1
202300005026,6,12,2023,10:40,1,1,6,74,74010,2,4,1,1,1
202300005027,24,3,2023,07:30,1,1,3,93,93063,1,1,3,1,1
202300005028,7,6,2023,07:25,1,1,6,94,94038,1,1,1,1,1
202300005029,12,7,2023,18:55,1,1,3,75,75117,2,4,2,1,1
202300005029,12,7,2023,18:55,1,1,3,75,75117,2,4,2,1,1
202300005030,15,12,2023,17:00,5,1,3,10,10387,2,4,2,1,1
202300005030,15,12,2023,17:00,5,1,3,10,10387,2,4,1,1,1
202300005031,24,3,2023,06:41,5,1,2,93,93066,1,1,3,1,1
202300005032,11,7,2023,18:50,1,1,2,75,75116,2,4,1,1,1
202300005033,15,12,2023,08:57,1,8,3,10,10333,2,4,2,1,2
202300005034,7,6,2023,09:16,1,1,5,91,91553,1,2,1,1,1
202300005035,2,9,2023,06:30,2,1,6,05,05061,2,2,2,2,1
202300005036,11,7,2023,23:05,5,1,3,75,75116,2,4,2,1,1
202300005036,11,7,2023,23:05,5,1,3,75,75116,2,4,2,1,1
202300005037,24,3,2023,07:40,1,1,5,93,93051,1,1,3,1,1
202300005038,7,6,2023,02:00,3,1,7,91,91534,1,2,1,1,1
202300005039,6,6,2023,22:11,3,1,7,91,91179,1,1,1,1,1
202300005040,13,10,2023,17:15,1,1,1,03,03155,2,3,2,1,1
202300005041,23,3,2023,08:55,1,1,3,75,75116,2,4,1,1,1
202300005042,21,11,2023,10:42,1,9,6,74,74119,1,3,2,2,2
202300005043,11,7,2023,12:00,1,1,6,75,75113,2,4,1,1,1
202300005043,11,7,2023,12:00,1,1,6,75,75113,2,4,-1,1,1
202300005044,22,3,2023,22:00,5,1,2,75,75113,2,4,1,1,1
202300005045,7,6,2023,17:25,1,1,3,92,92063,1,1,3,1,1
202300005046,22,3,2023,12:30,1,1,6,75,75120,2,4,1,1,1
202300005047,11,7,2023,09:50,1,1,7,75,75110,2,4,1,2,1
202300005047,11,7,2023,09:50,1,1,7,75,75110,2,4,1,1,1
202300005048,7,6,2023,09:50,1,1,7,92,92023,1,1,3,2,1
202300005049,22,10,2023,13:40,1,1,4,74,74218,2,3,2,2,1
202300005049,22,10,2023,13:40,1,1,4,74,74218,2,3,2,1,1
202300005050,23,3,2023,13:18,1,8,3,75,75114,2,4,2,1,1
202300005050,23,3,2023,13:18,1,8,3,75,75114,2,4,1,1,1
202300005051,12,7,2023,14:44,1,1,6,75,75108,2,4,2,1,1
202300005051,12,7,2023,14:44,1,1,6,75,75108,2,4,1,1,1
202300005052,16,10,2023,16:50,1,1,3,74,74281,2,4,2,2,1
202300005053,6,6,2023,07:20,1,1,2,92,92025,1,1,1,1,1
202300005054,12,7,2023,11:40,1,1,6,94,94058,2,3,2,2,1
202300005055,9,10,2023,20:40,3,1,3,74,74119,2,4,2,2,1
202300005055,9,10,2023,20:40,3,1,3,74,74119,2,4,2,2,1
202300005056,4,6,2023,23:30,3,1,3,93,93005,1,1,3,2,1
202300005057,12,7,2023,12:30,1,1,3,94,94076,1,3,1,1,1
202300005058,30,9,2023,16:29,1,1,2,74,74281,2,4,2,2,1
202300005059,22,3,2023,19:56,5,1,2,75,75115,2,4,2,1,1
202300005060,30,9,2023,15:50,1,1,2,74,74281,2,4,-1,1,1
202300005061,4,6,2023,21:30,2,1,5,95,95042,1,2,1,1,1
202300005062,9,7,2023,11:50,1,1,3,94,94033,2,3,2,2,1
202300005062,9,7,2023,11:50,1,1,3,94,94033,2,3,1,1,1
202300005063,20,9,2023,14:14,1,1,1,74,74218,2,3,2,1,1
202300005064,12,7,2023,09:50,1,1,6,94,94073,2,3,3,1,1
202300005065,12,7,2023,17:55,1,1,7,94,94018,1,4,2,1,1
202300005066,4,6,2023,14:50,1,1,5,95,95277,1,3,3,1,1
202300005067,28,11,2023,07:25,3,3,4,50,50546,1,3,2,1,2
202300005068,12,7,2023,09:10,1,1,2,94,94018,2,3,2,1,1
202300005068,12,7,2023,09:10,1,1,2,94,94018,2,3,1,1,1
202300005069,7,6,2023,19:20,1,1,3,77,77249,1,2,3,1,1
202300005070,2,3,2023,09:50,1,2,2,44,44109,2,4,1,1,2
202300005071,12,7,2023,18:20,1,1,3,94,94017,2,3,2,1,1
202300005072,23,2,2023,12:14,1,8,6,44,44190,2,4,2,1,1
202300005073,11,7,2023,21:32,1,1,6,94,94002,2,4,1,1,1
202300005074,7,6,2023,16:35,1,1,4,94,94011,1,2,3,1,1
202300005075,15,2,2023,13:05,1,8,6,44,44109,2,4,2,1,1
202300005076,12,7,2023,06:40,2,7,6,93,93073,2,4,2,2,1
202300005077,16,4,2023,11:55,1,1,6,95,95018,2,6,-1,1,1
202300005078,13,2,2023,08:45,1,8,3,44,44109,2,4,2,1,1
202300005079,13,3,2023,16:00,1,1,1,43,43224,2,4,2,1,1
202300005080,12,7,2023,18:30,1,1,3,93,93077,2,3,1,1,1
202300005080,12,7,2023,18:30,1,1,3,93,93077,2,3,2,1,1
202300005081,7,2,2023,11:05,1,8,6,44,44109,2,4,2,1,1
202300005082,10,3,2023,11:40,1,6,7,43,43007,1,3,2,2,1
202300005083,3,2,2023,08:00,1,8,7,44,44109,2,4,2,1,1
202300005084,12,7,2023,13:00,1,1,3,93,93077,2,3,1,1,1
202300005084,12,7,2023,13:00,1,1,3,93,93077,2,3,2,1,1
202300005085,3,2,2023,12:25,1,8,3,44,44020,2,4,2,1,1
202300005086,6,6,2023,18:55,1,1,6,93,93059,2,3,2,2,1
202300005087,11,7,2023,20:10,1,1,2,93,93053,2,3,1,1,1
202300005087,11,7,2023,20:10,1,1,2,93,93053,2,3,1,1,1
202300005088,1,2,2023,08:35,1,1,3,44,44109,2,4,2,1,1
202300005089,6,6,2023,16:20,1,1,3,93,93027,2,3,1,1,1
202300005089,6,6,2023,16:20,1,1,3,93,93027,2,3,3,1,1
202300005090,12,7,2023,19:19,1,1,3,93,93051,2,3,2,1,1
202300005091,30,1,2023,08:05,1,8,4,44,44109,2,4,2,1,1
202300005092,6,6,2023,13:15,1,1,6,92,92024,2,4,2,1,1
202300005093,12,7,2023,14:20,1,1,3,93,93051,2,3,3,1,1
202300005094,28,1,2023,02:15,5,8,6,44,44109,2,4,-1,1,1
202300005095,28,1,2023,15:05,1,8,6,44,44109,2,4,2,1,1
202300005096,5,6,2023,12:40,1,7,6,82,82033,2,4,2,1,1
202300005097,16,6,2023,09:10,1,1,2,93,93008,2,3,1,1,1
202300005098,20,1,2023,13:30,1,8,7,44,44109,2,4,-1,1,1
202300005099,5,6,2023,16:25,1,1,6,94,94058,2,3,2,1,1
202300005100,12,7,2023,19:40,1,1,5,93,93001,2,3,2,1,1
202300005101,27,1,2023,08:00,1,8,6,44,44109,2,4,1,1,1
202300005101,27,1,2023,08:00,1,8,6,44,44109,2,4,2,1,1
202300005102,6,2,2023,12:50,1,1,6,93,93031,2,4,2,1,1
202300005103,12,7,2023,10:40,1,1,6,92,92078,1,5,-1,1,1
202300005104,25,1,2023,10:20,1,8,6,44,44190,2,4,2,1,1
202300005104,25,1,2023,10:20,1,8,6,44,44190,2,4,2,1,1
202300005105,12,2,2023,20:00,5,1,3,92,92023,2,3,1,1,1
202300005106,12,7,2023,10:00,1,1,2,92,92051,2,4,1,1,1
202300005107,23,1,2023,07:40,1,8,2,44,44087,1,3,2,1,1
202300005108,23,8,2023,06:50,1,1,3,91,91363,1,1,3,1,1
202300005109,5,6,2023,09:15,1,1,4,987,98735,2,4,1,1,1
202300005110,12,7,2023,12:10,1,1,6,92,92050,2,4,2,2,1
202300005111,21,8,2023,00:00,5,1,2,11,11202,2,4,2,1,1
202300005112,6,6,2023,15:50,1,1,2,974,97416,1,2,-1,2,1
202300005113,11,7,2023,10:12,1,1,3,92,92049,2,4,2,1,1
202300005114,22,12,2023,10:00,1,3,5,21,21464,1,1,1,1,2
202300005115,3,8,2023,11:20,1,7,3,987,98747,2,2,2,1,1
202300005116,10,7,2023,08:40,1,1,6,92,92002,2,3,1,1,1
202300005117,5,6,2023,08:30,1,1,3,974,97416,1,4,2,2,1
202300005117,5,6,2023,08:30,1,1,3,974,97416,1,4,2,2,1
202300005118,22,8,2023,16:10,1,1,6,77,77339,2,4,1,1,1
202300005119,13,7,2023,04:40,5,1,6,11,11194,2,3,2,1,1
202300005120,9,12,2023,15:45,1,1,3,45,45254,1,3,2,1,2
202300005120,9,12,2023,15:45,1,1,3,45,45254,1,3,2,1,2
202300005121,22,8,2023,14:00,1,1,1,2B,2B059,1,2,2,1,1
202300005122,6,6,2023,19:00,5,1,6,974,97411,2,4,1,1,1
202300005123,11,12,2023,18:50,5,1,6,14,14118,2,4,2,1,1
202300005124,13,7,2023,00:15,5,1,2,91,91235,2,4,2,1,1
202300005125,15,9,2023,10:50,1,1,7,36,36150,1,1,3,1,1
202300005126,6,6,2023,07:30,1,7,6,974,97407,2,4,1,1,1
202300005127,14,8,2023,23:15,5,1,2,34,34344,1,3,1,2,1
202300005128,5,7,2023,13:30,1,1,7,38,38336,2,2,2,1,1
202300005129,21,1,2023,01:00,5,8,6,44,44109,2,4,1,1,1
202300005130,22,8,2023,11:54,1,1,6,83,83068,2,3,2,1,1
202300005131,6,6,2023,15:45,1,1,2,973,97302,2,4,2,1,1
202300005132,9,7,2023,05:00,2,1,7,41,41150,1,4,2,1,1
202300005132,9,7,2023,05:00,2,1,7,41,41150,1,4,2,1,1
202300005133,20,1,2023,01:15,3,8,7,44,44109,2,4,-1,2,1
202300005134,22,8,2023,19:20,1,1,5,83,83068,2,3,2,1,1
202300005135,11,7,2023,07:00,1,7,2,49,49092,1,3,2,2,1
202300005136,6,6,2023,13:50,1,1,3,973,97302,2,3,2,2,1
202300005137,21,1,2023,14:30,1,8,7,44,44162,2,4,2,1,1
202300005137,21,1,2023,14:30,1,8,7,44,44162,2,4,2,2,1
202300005138,23,8,2023,11:30,1,1,1,68,68136,1,4,2,1,1
202300005139,12,7,2023,18:57,1,1,3,41,41144,2,3,2,1,1
202300005139,12,7,2023,18:57,1,1,3,41,41144,2,3,-1,-1,-1
202300005140,5,6,2023,19:20,4,1,6,973,97302,2,3,2,1,1
202300005141,20,1,2023,08:35,1,8,2,44,44082,1,3,2,1,1
202300005142,10,7,2023,09:50,1,1,7,05,05027,1,3,2,2,1
202300005143,20,1,2023,08:25,1,8,7,44,44109,2,4,2,1,1
202300005144,9,8,2023,13:15,1,1,1,67,67368,1,3,2,2,1
202300005145,5,6,2023,20:50,1,1,2,973,97309,2,3,2,1,1
202300005146,13,7,2023,04:00,3,1,7,21,21642,1,1,3,1,1
202300005147,20,1,2023,07:00,2,8,7,44,44109,2,4,2,1,2
202300005148,22,8,2023,17:30,1,1,3,57,57474,2,3,2,1,1
202300005148,22,8,2023,17:30,1,1,3,57,57474,2,3,2,1,1
202300005149,13,7,2023,18:00,1,1,2,41,41091,1,1,3,1,1
202300005150,5,6,2023,06:55,1,1,3,973,97302,2,3,2,1,1
202300005151,19,1,2023,17:24,1,8,1,44,44184,1,4,2,1,1
202300005152,22,8,2023,14:00,1,1,3,73,73117,2,3,2,1,1
202300005152,22,8,2023,14:00,1,1,3,73,73117,2,3,2,1,1
202300005153,22,1,2023,19:15,5,1,7,44,44215,2,4,2,1,1
202300005154,4,6,2023,23:20,5,2,1,973,97302,2,3,2,1,2
202300005155,13,7,2023,10:25,1,1,5,06,06033,1,7,2,1,1
202300005156,16,11,2023,18:00,2,2,6,14,14543,1,2,2,1,2
202300005156,16,11,2023,18:00,2,2,6,14,14543,1,2,2,1,2
202300005157,23,8,2023,14:05,1,1,7,42,42296,1,3,2,1,1
202300005158,13,7,2023,20:15,1,1,7,60,60092,1,3,2,2,1
202300005159,6,6,2023,07:05,1,1,3,69,69386,2,4,2,1,1
202300005159,6,6,2023,07:05,1,1,3,69,69386,2,4,1,1,1
202300005160,19,1,2023,15:50,1,8,1,44,44143,2,4,2,1,1
202300005161,20,8,2023,11:15,1,1,7,01,01444,2,3,2,1,1
202300005162,17,1,2023,15:45,1,8,6,44,44109,2,4,2,1,1
202300005163,23,8,2023,19:50,1,1,1,64,64109,2,3,2,1,1
202300005164,5,6,2023,16:50,1,1,3,69,69387,2,4,1,1,1
202300005164,5,6,2023,16:50,1,1,3,69,69387,2,4,1,1,1
202300005165,23,8,2023,10:00,1,1,7,85,85054,1,4,2,2,1
202300005166,17,1,2023,12:55,1,8,7,44,44109,2,4,2,1,2
202300005167,13,7,2023,00:00,3,1,2,63,63116,1,1,3,2,1
202300005168,9,7,2023,10:15,1,1,6,61,61194,1,1,3,1,1
202300005169,22,8,2023,10:25,1,7,3,22,22070,2,4,2,1,1
202300005170,11,11,2023,16:00,1,1,3,14,14118,2,3,2,1,1
202300005170,11,11,2023,16:00,1,1,3,14,14118,2,3,2,1,1
202300005171,5,6,2023,16:00,1,1,3,69,69383,2,4,1,1,1
202300005171,5,6,2023,16:00,1,1,3,69,69383,2,4,1,1,1
202300005172,22,8,2023,18:30,1,1,7,22,22197,1,4,2,1,1
202300005173,12,7,2023,09:35,1,1,3,51,51113,2,3,2,1,1
202300005173,12,7,2023,09:35,1,1,3,51,51113,2,3,2,1,1
202300005174,13,1,2023,03:20,5,1,6,44,44190,2,4,2,1,1
202300005175,22,8,2023,02:21,3,1,6,22,22026,1,4,2,1,1
202300005176,6,6,2023,13:10,1,1,3,972,97209,2,4,1,1,1
202300005176,6,6,2023,13:10,1,1,3,972,97209,2,4,1,1,1
202300005177,13,1,2023,15:50,1,8,6,44,44109,2,4,-1,1,1
202300005178,20,8,2023,15:20,1,1,3,22,22093,1,3,2,4,1
202300005179,12,1,2023,12:50,1,8,6,44,44109,2,4,2,1,1
202300005180,6,6,2023,08:00,1,1,4,972,97209,2,4,1,1,1
202300005181,23,8,2023,12:50,1,1,6,60,60446,2,3,2,2,1
202300005182,12,1,2023,08:45,1,8,3,44,44109,2,4,2,1,1
202300005183,12,7,2023,16:30,1,1,1,67,67281,1,3,2,3,1
202300005184,5,6,2023,00:40,3,1,6,972,97209,1,2,1,4,1
202300005185,12,7,2023,16:45,1,1,2,67,67072,2,3,2,1,1
202300005186,22,8,2023,14:30,1,1,2,13,13215,2,1,1,1,1
202300005187,8,1,2023,16:10,2,8,3,44,44035,1,2,2,1,2
202300005188,13,7,2023,11:30,1,1,6,2A,2A040,1,2,2,3,1
202300005189,22,8,2023,02:38,3,1,6,13,13081,1,1,1,1,1
202300005190,27,10,2023,11:12,1,1,6,38,38151,2,7,3,1,2
202300005191,6,6,2023,14:10,1,1,4,69,69152,2,4,2,1,1
202300005192,13,7,2023,17:12,1,1,1,80,80092,1,3,2,3,1
202300005193,21,8,2023,20:58,3,1,2,13,13088,1,1,1,1,1
202300005194,14,10,2023,16:25,1,8,6,38,38053,2,3,-1,1,1
202300005194,14,10,2023,16:25,1,8,6,38,38053,2,3,1,1,1
202300005195,13,7,2023,18:55,1,1,6,65,65062,2,3,2,1,1
202300005196,5,6,2023,07:55,1,1,6,69,69385,2,4,2,1,1
202300005196,5,6,2023,07:55,1,1,6,69,69385,2,4,2,1,1
202300005197,21,8,2023,16:27,1,1,2,13,13071,1,1,1,1,1
202300005198,12,7,2023,18:30,1,1,6,11,11020,1,3,2,1,1
202300005199,7,9,2023,08:35,1,1,6,38,38563,2,4,2,2,1
202300005199,7,9,2023,08:35,1,1,6,38,38563,2,4,2,1,1
202300005200,7,1,2023,16:04,1,1,6,44,44109,2,4,2,1,1
202300005201,22,8,2023,01:00,5,1,3,83,83137,1,1,1,1,1
202300005202,4,6,2023,17:20,1,1,4,69,69202,2,4,2,1,1
202300005203,13,7,2023,11:15,1,1,5,55,55543,1,2,2,1,1
202300005204,3,1,2023,10:00,1,1,2,44,44109,2,4,2,1,1
202300005205,22,8,2023,01:19,3,1,3,69,69091,1,1,3,1,1
202300005206,12,7,2023,08:00,1,1,6,34,34223,1,3,2,3,1
202300005206,12,7,2023,08:00,1,1,6,34,34223,1,3,-1,4,1
202300005207,3,6,2023,17:00,1,1,3,69,69381,2,4,2,1,1
202300005207,3,6,2023,17:00,1,1,3,69,69381,2,4,1,1,1
202300005208,3,1,2023,16:54,2,1,7,44,44109,2,4,2,1,1
202300005208,3,1,2023,16:54,2,1,7,44,44109,2,4,2,1,1
202300005209,21,8,2023,22:45,3,1,6,57,57757,2,1,1,2,1
202300005210,12,7,2023,15:30,1,8,7,38,38370,1,4,2,1,9
202300005211,2,9,2023,16:10,1,1,7,62,62083,1,3,2,1,1
202300005212,6,6,2023,21:55,3,1,6,2B,2B120,1,6,-1,2,1
202300005213,21,8,2023,18:17,1,1,2,33,33550,1,1,3,1,1
202300005214,11,7,2023,14:00,1,1,6,84,84017,1,3,2,2,1
202300005215,1,12,2023,22:50,5,1,6,971,97101,1,3,2,1,1
202300005216,6,6,2023,07:30,1,1,3,971,97113,1,2,2,1,1
202300005217,11,7,2023,18:20,1,1,3,03,03052,1,3,2,1,1
202300005217,11,7,2023,18:20,1,1,3,03,03052,1,3,-1,1,1
202300005218,17,11,2023,16:00,1,1,3,33,33024,2,3,-1,1,1
202300005219,21,8,2023,00:05,3,1,6,59,59090,1,1,3,1,1
202300005220,4,6,2023,17:55,1,1,1,971,97101,2,3,2,2,1
202300005221,12,7,2023,10:50,1,1,6,66,66024,2,4,2,1,1
202300005222,10,12,2023,04:00,5,1,2,34,34032,2,4,2,1,1
202300005223,20,8,2023,15:30,1,1,6,59,59449,1,1,-1,1,1
202300005224,4,6,2023,07:05,1,1,6,971,97113,1,4,2,2,1
202300005225,12,7,2023,17:40,1,1,1,72,72161,1,3,2,1,1
202300005226,11,7,2023,14:20,1,1,7,45,45203,2,4,2,1,1
202300005227,3,6,2023,21:35,3,1,3,971,97113,1,3,2,2,1
202300005228,19,8,2023,15:20,1,1,5,59,59123,1,1,-1,1,1
202300005229,11,8,2023,20:15,1,1,7,59,59159,1,1,-1,1,1
202300005230,12,7,2023,17:03,1,8,2,73,73300,2,3,3,1,1
202300005231,6,6,2023,14:55,1,1,2,2A,2A004,2,2,1,1,1
202300005232,6,6,2023,09:10,1,1,6,2A,2A004,2,4,3,1,1
202300005233,3,7,2023,19:15,2,1,1,07,07010,2,4,2,1,1
202300005233,3,7,2023,19:15,2,1,1,07,07010,2,4,2,2,1
202300005234,18,10,2023,14:30,1,2,3,51,51454,2,4,1,2,2
202300005235,22,8,2023,11:58,1,1,4,91,91471,1,2,1,1,1
202300005236,13,7,2023,12:30,1,1,2,85,85146,1,3,2,1,1
202300005237,5,6,2023,20:25,2,1,5,2A,2A004,1,2,1,1,1
202300005238,2,11,2023,20:00,3,2,3,44,44212,1,2,2,1,2
202300005239,21,8,2023,10:30,1,1,4,92,92036,1,2,1,1,1
202300005240,4,6,2023,04:38,5,1,6,95,95268,2,3,1,1,1
202300005241,8,12,2023,16:45,1,1,6,74,74305,2,3,2,1,1
202300005242,22,8,2023,14:50,1,1,3,92,92036,1,1,3,1,1
202300005243,6,6,2023,09:00,1,1,2,95,95277,2,4,2,1,1
202300005244,29,11,2023,18:30,5,1,6,09,09122,1,3,2,1,1
202300005245,10,7,2023,14:55,1,1,4,87,87089,1,3,2,3,1
202300005246,2,6,2023,09:00,1,1,3,95,95210,2,4,2,1,1