id_accident,jour,mois,annee,heure_minute,luminosite,meteo,type_collision,departement,commune,agglomeration,categorie_route,regime_circulation,profil_route,etat_surface
202300005247,22,8,2023,12:15,1,1,4,93,93066,1,1,3,1,1
202300005248,1,6,2023,13:30,1,1,7,73,73211,2,3,2,2,1
202300005249,13,7,2023,10:20,1,1,1,48,48147,1,3,2,1,1
202300005250,5,6,2023,15:00,1,1,2,95,95476,1,3,1,1,1
202300005251,22,8,2023,10:25,1,1,5,93,93006,1,1,3,1,1
202300005252,13,7,2023,12:00,1,1,7,72,72231,1,1,3,1,1
202300005253,6,6,2023,16:20,1,1,6,95,95063,2,3,2,1,1
202300005254,3,1,2023,17:55,5,1,6,14,14191,2,4,1,1,1
202300005255,13,7,2023,09:43,1,1,2,13,13050,1,3,2,1,1
202300005256,20,8,2023,16:25,1,1,3,94,94011,2,3,1,1,1
202300005256,20,8,2023,16:25,1,1,3,94,94011,2,3,3,1,1
202300005257,6,6,2023,14:35,1,1,7,91,91477,2,3,1,1,1
202300005258,12,7,2023,22:15,3,1,2,63,63113,1,1,1,1,1
202300005259,15,8,2023,22:00,5,1,3,93,93049,2,4,1,1,1
202300005259,15,8,2023,22:00,5,1,3,93,93049,2,4,2,1,1
202300005260,12,7,2023,22:30,3,1,1,13,13044,1,3,2,1,1
202300005261,5,6,2023,16:35,1,1,3,91,91477,2,3,2,1,1
202300005261,5,6,2023,16:35,1,1,3,91,91477,2,3,2,1,1
202300005262,6,6,2023,13:00,1,1,2,42,42218,2,4,3,1,1
202300005263,15,4,2023,20:20,2,1,6,38,38053,2,4,2,1,1
202300005264,16,6,2023,22:00,5,1,2,94,94043,2,3,1,1,1
202300005265,15,6,2023,17:48,1,1,1,94,94076,2,3,2,1,1
202300005266,15,6,2023,08:20,1,1,2,13,13071,1,1,1,1,1
202300005267,17,6,2023,06:14,2,1,2,91,91228,1,2,3,1,1
202300005268,17,6,2023,04:30,3,1,2,94,94076,1,1,1,3,1
202300005269,16,6,2023,19:40,1,1,5,75,75113,1,1,-1,1,1
202300005270,16,6,2023,01:20,3,1,1,91,91549,1,2,1,1,1
202300005271,18,8,2023,10:53,1,1,3,988,98818,2,4,2,1,1
202300005271,18,8,2023,10:53,1,1,3,988,98818,2,4,2,1,1
202300005272,16,8,2023,17:15,3,1,3,976,97611,2,4,2,1,1
202300005273,19,8,2023,01:10,3,1,6,974,97416,2,4,2,2,1
202300005274,18,8,2023,11:45,1,1,6,974,97411,2,4,3,1,1
202300005275,16,8,2023,14:17,1,1,7,974,97411,1,2,1,2,1
202300005276,15,8,2023,11:30,1,1,3,974,97411,1,2,3,1,1
202300005276,15,8,2023,11:30,1,1,3,974,97411,1,2,2,1,1
202300005277,15,8,2023,12:05,1,1,6,974,97411,2,2,3,1,1
202300005277,15,8,2023,12:05,1,1,6,974,97411,2,2,1,1,1
202300005278,17,8,2023,22:50,5,1,6,974,97407,1,2,3,1,1
202300005279,17,8,2023,09:30,1,1,2,974,97407,1,4,1,1,1
202300005280,16,8,2023,12:00,1,1,3,974,97407,2,4,2,1,1
202300005281,18,8,2023,22:05,5,1,2,973,97302,1,2,3,1,1
202300005282,18,8,2023,20:00,5,1,3,973,97302,1,2,2,1,1
202300005283,18,8,2023,16:30,1,1,3,973,97302,2,4,2,1,1
202300005283,18,8,2023,16:30,1,1,3,973,97302,2,4,2,1,1
202300005284,18,8,2023,04:55,3,1,7,973,97302,2,3,2,1,1
202300005285,16,8,2023,09:55,1,1,3,973,97302,2,3,1,1,1
202300005286,19,8,2023,04:35,5,1,6,69,69387,2,4,2,1,1
202300005287,18,8,2023,10:00,1,1,3,69,69383,2,4,1,1,1
202300005287,18,8,2023,10:00,1,1,3,69,69383,2,4,1,1,1
202300005288,18,8,2023,00:10,5,1,3,69,69386,2,4,1,1,1
202300005288,18,8,2023,00:10,5,1,3,69,69386,2,4,1,1,1
202300005289,17,8,2023,20:30,5,1,3,69,69386,2,4,1,1,1
202300005289,17,8,2023,20:30,5,1,3,69,69386,2,4,2,1,1
202300005290,17,8,2023,14:45,1,1,3,69,69386,2,4,1,1,1
202300005290,17,8,2023,14:45,1,1,3,69,69386,2,4,1,1,1
202300005291,16,8,2023,13:00,1,1,3,69,69383,2,4,1,1,1
202300005291,16,8,2023,13:00,1,1,3,69,69383,2,4,1,1,1
202300005292,19,8,2023,07:30,1,1,2,972,97213,1,1,1,1,1
202300005293,18,8,2023,13:50,1,1,6,972,97213,1,1,1,1,1
202300005294,18,8,2023,08:50,1,1,3,972,97213,1,1,1,1,1
202300005295,17,8,2023,18:55,5,2,2,972,97213,1,1,3,1,2
202300005296,17,8,2023,10:00,1,8,4,972,97213,1,3,2,2,2
202300005296,17,8,2023,10:00,1,8,4,972,97213,1,3,2,1,2
202300005297,19,8,2023,11:50,1,1,3,69,69034,2,4,2,1,1
202300005298,16,8,2023,10:07,1,2,2,69,69384,2,4,2,1,2
202300005299,18,8,2023,01:30,5,1,6,2B,2B033,2,4,2,1,1
202300005300,19,8,2023,04:15,5,1,3,971,97120,2,3,-1,1,1
202300005301,16,8,2023,20:45,4,1,6,971,97101,1,4,2,2,1
202300005302,16,8,2023,05:15,5,1,3,971,97101,2,2,2,1,1
202300005303,16,8,2023,00:25,5,1,6,971,97101,2,2,2,1,1
202300005304,17,8,2023,12:15,1,1,4,2A,2A004,1,2,3,1,1
202300005305,16,8,2023,08:34,1,1,2,2A,2A004,2,4,1,1,1
202300005306,17,8,2023,14:50,1,1,1,95,95268,1,3,2,1,1
202300005307,18,8,2023,11:10,1,1,1,95,95555,2,3,3,1,1
202300005308,18,8,2023,09:25,1,1,1,91,91122,2,3,2,1,1
202300005309,13,8,2023,19:45,2,1,6,91,91097,2,3,2,2,1
202300005310,18,8,2023,18:30,1,1,6,91,91027,2,3,-1,1,1
202300005311,15,8,2023,16:45,1,1,3,89,89387,2,4,2,1,1
202300005311,15,8,2023,16:45,1,1,3,89,89387,2,4,2,1,1
202300005312,15,8,2023,16:55,1,1,6,87,87114,2,4,2,1,1
202300005313,16,8,2023,12:39,1,1,6,87,87085,2,4,2,2,1
202300005314,15,8,2023,07:54,1,2,6,87,87113,1,3,2,1,2
202300005315,16,8,2023,15:22,1,1,6,86,86194,2,3,3,1,1
202300005316,15,8,2023,04:20,3,1,1,85,85194,1,3,2,1,1
202300005317,17,8,2023,14:48,1,1,3,83,83144,2,3,2,2,1
202300005318,11,8,2023,07:40,1,1,6,83,83129,2,3,2,1,1
202300005319,12,8,2023,13:00,1,1,6,83,83061,2,4,-1,2,1
202300005320,19,8,2023,11:30,1,1,3,83,83050,1,3,2,1,1
202300005320,19,8,2023,11:30,1,1,3,83,83050,1,3,2,2,1
202300005321,16,8,2023,12:45,1,1,6,81,81021,2,2,2,1,1
202300005322,18,8,2023,18:15,1,1,3,81,81004,2,4,2,1,1
202300005322,18,8,2023,18:15,1,1,3,81,81004,2,4,2,1,1
202300005323,11,8,2023,02:15,5,1,7,80,80021,2,3,1,1,1
202300005324,16,8,2023,03:45,5,1,7,79,79191,2,4,2,1,1
202300005325,17,8,2023,18:15,1,1,2,78,78401,2,3,2,1,1
202300005326,15,8,2023,10:45,1,1,3,78,78440,2,3,2,1,1
202300005326,15,8,2023,10:45,1,1,3,78,78440,2,3,2,1,1
202300005327,17,8,2023,10:50,1,1,3,77,77251,2,4,2,1,1
202300005328,18,8,2023,16:35,1,1,1,77,77209,2,4,2,2,1
202300005329,17,8,2023,14:00,1,1,7,76,76231,1,4,2,1,1
202300005330,16,8,2023,16:00,1,1,2,76,76108,2,7,2,2,1
202300005330,16,8,2023,16:00,1,1,2,76,76108,2,7,2,2,1
202300005331,18,8,2023,21:00,5,1,7,76,76447,1,6,4,1,1
202300005332,16,8,2023,23:00,5,1,2,76,76447,2,3,2,1,1
202300005333,15,8,2023,00:45,5,1,6,76,76351,2,4,2,1,1
202300005334,18,8,2023,13:10,1,8,3,76,76545,2,4,-1,1,1
202300005334,18,8,2023,13:10,1,8,3,76,76545,2,4,3,1,2
202300005335,17,8,2023,19:45,1,1,6,76,76114,2,4,1,2,9
202300005336,18,8,2023,20:30,1,1,6,73,73065,2,4,2,1,1
202300005337,15,8,2023,07:05,2,2,3,71,71076,2,3,3,1,2
202300005337,15,8,2023,07:05,2,2,3,71,71076,2,3,2,1,2
202300005338,18,8,2023,00:43,5,1,2,69,69266,2,4,1,1,1
202300005338,18,8,2023,00:43,5,1,2,69,69266,2,4,2,1,1
202300005339,16,8,2023,06:15,1,1,3,69,69282,2,4,2,1,1
202300005339,16,8,2023,06:15,1,1,3,69,69282,2,4,2,1,1
202300005340,14,7,2023,22:52,5,1,4,69,69199,2,7,2,2,1
202300005340,14,7,2023,22:52,5,1,4,69,69199,2,7,2,2,1
202300005341,15,8,2023,21:30,5,1,2,69,69290,2,4,2,1,1
202300005342,15,8,2023,18:05,1,1,2,69,69290,2,4,2,1,1
202300005343,17,8,2023,18:05,1,1,6,67,67447,2,4,-1,2,1
202300005344,16,8,2023,18:10,1,1,1,67,67482,2,4,1,1,1
202300005345,17,8,2023,22:51,5,1,2,66,66136,2,4,2,1,1
202300005346,14,8,2023,16:33,1,1,3,66,66136,2,4,2,1,1
202300005347,18,8,2023,13:00,1,1,6,65,65286,2,4,1,3,1
202300005348,16,8,2023,09:00,1,8,2,64,64545,2,3,2,1,1
202300005349,17,8,2023,11:50,1,1,3,64,64445,2,4,2,2,1
202300005349,17,8,2023,11:50,1,1,3,64,64445,2,4,2,2,1
202300005350,16,8,2023,16:35,1,1,6,64,64445,2,4,2,2,1
202300005350,16,8,2023,16:35,1,1,6,64,64445,2,4,1,2,1
202300005351,17,8,2023,20:00,1,1,3,64,64024,2,4,2,1,1
202300005352,16,8,2023,14:25,1,1,2,64,64102,2,4,2,1,1
202300005353,15,8,2023,03:45,5,1,6,64,64102,2,4,2,1,1
202300005354,20,8,2023,20:45,2,1,3,63,63113,2,4,1,1,1
202300005354,20,8,2023,20:45,2,1,3,63,63113,2,4,2,1,1
202300005355,18,8,2023,05:20,2,1,3,62,62040,2,4,2,1,1
202300005356,16,8,2023,15:55,1,1,6,62,62727,2,4,2,2,1
202300005357,16,8,2023,21:45,3,1,3,62,62178,1,3,3,2,1
202300005358,17,8,2023,08:10,1,1,5,62,62753,2,3,2,1,1
202300005359,14,8,2023,21:30,5,1,1,62,62041,2,4,-1,1,1
202300005360,18,8,2023,16:50,1,1,6,59,59599,2,7,3,1,1
202300005361,14,8,2023,18:05,1,1,3,59,59512,2,7,2,1,1
202300005361,14,8,2023,18:05,1,1,3,59,59512,2,7,3,1,1
202300005362,18,7,2023,01:00,3,1,2,59,59350,2,4,2,1,1
202300005362,18,7,2023,01:00,3,1,2,59,59350,2,4,3,1,1
202300005363,15,8,2023,13:30,1,1,3,59,59328,2,7,-1,1,1
202300005364,16,8,2023,13:30,1,1,7,57,57463,2,7,2,1,1
202300005365,23,7,2023,06:20,2,8,3,56,56260,2,4,2,1,2
202300005366,22,9,2023,16:03,1,1,6,71,71153,2,3,2,1,2
202300005367,17,8,2023,16:39,1,1,6,56,56162,2,4,2,1,1
202300005368,23,9,2023,02:00,5,1,3,69,69264,2,3,1,2,1
202300005368,23,9,2023,02:00,5,1,3,69,69264,2,3,1,1,1
202300005369,14,8,2023,20:38,1,1,3,56,56083,2,4,2,2,1
202300005369,14,8,2023,20:38,1,1,3,56,56083,2,4,2,2,1
202300005370,15,8,2023,03:50,5,2,6,54,54395,2,4,2,2,2
202300005371,22,9,2023,20:05,5,2,6,67,67482,2,4,3,1,2
202300005372,15,8,2023,10:45,1,2,6,52,52121,2,4,1,1,2
202300005373,18,9,2023,20:30,5,8,3,67,67482,2,4,2,1,2
202300005373,18,9,2023,20:30,5,8,3,67,67482,2,4,2,1,2
202300005374,16,8,2023,07:20,1,1,6,51,51525,1,3,2,1,1
202300005375,22,9,2023,12:40,1,8,6,66,66136,2,4,2,1,1
202300005376,19,8,2023,01:40,5,2,7,50,50502,2,4,3,1,2
202300005377,22,9,2023,10:40,1,2,3,64,64102,2,4,2,1,2
202300005378,12,8,2023,08:30,1,1,3,50,50129,2,4,2,1,1
202300005378,12,8,2023,08:30,1,1,3,50,50129,2,4,2,1,1
202300005379,21,9,2023,22:30,5,3,7,64,64024,2,4,2,2,2
202300005380,15,8,2023,20:10,1,1,3,50,50129,2,4,3,2,1
202300005381,21,9,2023,19:45,1,2,1,64,64024,2,4,2,2,2
202300005381,21,9,2023,19:45,1,2,1,64,64024,2,4,2,1,2
202300005382,15,8,2023,13:40,1,1,6,49,49099,2,6,-1,1,1
202300005383,21,9,2023,18:30,1,1,6,64,64102,2,4,1,1,1
202300005384,17,8,2023,18:51,1,1,3,49,49278,2,4,2,1,1
202300005384,17,8,2023,18:51,1,1,3,49,49278,2,4,2,1,1
202300005385,22,9,2023,12:45,1,1,3,63,63113,2,4,1,1,1
202300005386,15,8,2023,21:03,5,1,7,49,49007,2,4,2,1,1
202300005387,22,9,2023,18:50,1,8,3,61,61001,2,4,2,1,1
202300005388,16,8,2023,15:00,1,1,1,49,49246,1,4,2,1,1
202300005389,21,9,2023,08:10,1,1,6,57,57306,2,3,2,1,1
202300005390,16,8,2023,11:15,1,1,2,47,47323,1,3,2,1,1
202300005390,16,8,2023,11:15,1,1,2,47,47323,1,3,2,1,1
202300005391,21,9,2023,18:10,1,2,3,56,56121,2,4,3,1,2
202300005392,17,8,2023,08:25,1,1,6,43,43157,2,4,1,1,1
202300005392,17,8,2023,08:25,1,1,6,43,43157,2,4,1,1,1
202300005393,21,9,2023,08:15,1,1,3,54,54395,2,4,2,1,1
202300005394,16,8,2023,17:35,1,1,6,43,43157,2,4,1,2,1
202300005395,21,9,2023,17:55,1,3,6,54,54382,2,4,2,1,2
202300005396,17,8,2023,04:00,3,1,6,41,41226,1,4,-1,1,1
202300005397,22,9,2023,08:00,1,1,3,51,51454,2,4,2,1,1
202300005398,14,8,2023,23:45,3,1,7,41,41295,2,4,2,1,1
202300005398,14,8,2023,23:45,3,1,7,41,41295,2,4,2,1,1
202300005399,22,9,2023,07:35,2,1,6,51,51454,2,4,2,1,1
202300005400,16,8,2023,07:45,2,1,4,38,38421,2,2,3,1,1
202300005401,19,8,2023,09:10,1,2,6,37,37261,2,4,3,2,2
202300005402,21,9,2023,17:20,1,1,3,49,49099,1,3,2,1,2
202300005403,17,8,2023,17:10,1,1,7,37,37261,2,4,2,1,1
202300005403,17,8,2023,17:10,1,1,7,37,37261,2,4,2,1,1
202300005404,16,8,2023,18:18,1,9,3,36,36063,2,4,2,1,1
202300005405,22,9,2023,13:39,1,1,2,49,49267,1,3,2,1,1
202300005405,22,9,2023,13:39,1,1,2,49,49267,1,3,2,1,1
202300005406,21,9,2023,15:55,1,8,7,49,49246,2,4,3,1,2
202300005407,19,8,2023,08:20,1,1,6,35,35238,2,4,3,1,1
202300005407,19,8,2023,08:20,1,1,6,35,35238,2,4,3,1,1
202300005408,18,8,2023,20:40,1,1,6,35,35238,1,2,1,1,1
202300005409,22,9,2023,17:55,1,1,1,37,37261,2,4,2,2,1
202300005410,17,8,2023,15:40,1,1,6,35,35238,2,4,2,1,1
202300005411,22,9,2023,13:00,1,1,3,37,37261,2,4,2,1,1
202300005411,22,9,2023,13:00,1,1,3,37,37261,2,4,2,1,1
202300005412,16,8,2023,14:00,1,1,2,35,35278,2,3,1,1,1
202300005413,22,9,2023,08:05,1,8,6,37,37122,1,7,2,1,2
202300005414,22,9,2023,07:30,1,8,7,37,37261,2,4,2,1,2
202300005415,17,8,2023,03:30,5,1,3,34,34172,2,4,1,1,1
202300005415,17,8,2023,03:30,5,1,3,34,34172,2,4,1,1,1
202300005416,16,8,2023,21:45,5,1,6,34,34172,2,7,2,1,1
202300005417,22,9,2023,07:45,2,1,2,37,37122,2,7,2,1,2
202300005417,22,9,2023,07:45,2,1,2,37,37122,2,7,2,1,2
202300005418,21,9,2023,13:45,1,8,7,37,37233,2,4,2,1,2
202300005419,19,8,2023,13:55,1,7,3,33,33075,2,4,2,1,1
202300005419,19,8,2023,13:55,1,7,3,33,33075,2,4,2,1,1
202300005420,19,8,2023,11:40,1,1,2,33,33063,2,4,2,1,1
202300005421,22,9,2023,21:11,5,1,3,35,35238,2,4,2,2,1
202300005421,22,9,2023,21:11,5,1,3,35,35238,2,4,1,1,1
202300005422,22,9,2023,15:45,1,1,2,35,35238,1,2,2,1,1
202300005423,18,8,2023,19:06,1,1,3,33,33063,2,4,3,1,1
202300005423,18,8,2023,19:06,1,1,3,33,33063,2,4,2,1,1
202300005424,22,9,2023,08:30,1,2,3,35,35238,2,4,3,1,2
202300005425,17,8,2023,20:50,1,1,3,33,33063,2,4,3,1,1
202300005425,17,8,2023,20:50,1,1,3,33,33063,2,4,1,1,1
202300005426,22,9,2023,21:35,5,1,7,34,34172,2,4,1,2,1
202300005427,18,8,2023,17:45,1,7,2,33,33529,1,2,3,1,1
202300005428,19,9,2023,16:50,1,1,3,34,34172,2,4,1,1,1
202300005428,19,9,2023,16:50,1,1,3,34,34172,2,4,1,1,1
202300005429,18,8,2023,12:00,1,1,6,32,32013,2,9,-1,1,1
202300005430,22,9,2023,02:40,5,2,1,33,33063,2,4,2,1,2
202300005431,18,8,2023,02:10,5,1,3,31,31555,2,1,2,1,1
202300005432,17,8,2023,05:50,5,2,3,31,31555,2,7,2,1,2
202300005433,22,9,2023,22:40,5,1,3,31,31149,2,7,1,1,1
202300005434,4,8,2023,19:00,1,1,1,30,30189,2,4,2,1,1
202300005435,22,9,2023,08:05,1,1,1,31,31555,2,4,2,1,1
202300005436,17,8,2023,06:00,5,1,6,29,29232,2,4,1,2,1
202300005437,16,8,2023,19:00,1,1,3,27,27562,2,6,-1,1,1
202300005438,22,9,2023,05:00,5,8,3,31,31555,2,4,1,1,2
202300005438,22,9,2023,05:00,5,8,3,31,31555,2,4,2,1,1
202300005439,19,8,2023,09:47,1,1,7,27,27229,2,4,2,1,1
202300005440,19,9,2023,18:50,2,1,1,30,30189,2,4,2,1,1
202300005440,19,9,2023,18:50,2,1,1,30,30189,2,4,2,1,1
202300005441,17,8,2023,17:30,1,1,2,27,27229,2,4,2,1,1
202300005442,7,9,2023,17:50,1,1,3,30,30189,1,2,2,1,1
202300005442,7,9,2023,17:50,1,1,3,30,30189,1,2,2,1,1
202300005443,18,6,2023,16:45,1,1,3,25,25056,2,4,2,1,1
202300005444,22,9,2023,21:10,3,1,3,26,26362,2,3,2,1,1
202300005445,16,8,2023,11:36,1,1,2,22,22215,2,4,-1,1,1
202300005446,15,8,2023,09:10,1,1,7,22,22278,2,4,-1,1,1
202300005447,22,9,2023,21:16,5,2,3,26,26362,2,4,-1,1,2
202300005448,15,6,2023,08:05,1,1,6,22,22187,2,4,1,1,1
202300005449,21,9,2023,17:37,1,8,3,21,21231,2,4,2,1,2
202300005449,21,9,2023,17:37,1,8,3,21,21231,2,4,2,1,2
202300005450,18,8,2023,04:03,5,1,3,21,21231,2,4,1,1,1
202300005450,18,8,2023,04:03,5,1,3,21,21231,2,4,-1,1,1
202300005451,22,9,2023,11:20,1,1,6,21,21054,2,4,1,1,1
202300005452,15,8,2023,09:20,1,1,3,19,19031,2,4,2,1,1
202300005452,15,8,2023,09:20,1,1,3,19,19031,2,4,2,1,1
202300005453,19,9,2023,16:35,1,1,3,13,13071,2,3,2,1,1
202300005454,19,8,2023,04:00,5,1,6,18,18213,2,2,2,2,1
202300005455,23,9,2023,00:20,5,1,2,13,13203,2,4,1,2,1
202300005456,18,8,2023,16:18,1,1,5,17,17333,1,3,2,1,1
202300005456,18,8,2023,16:18,1,1,5,17,17333,1,3,2,2,1
202300005457,22,9,2023,21:00,5,1,6,13,13214,2,4,1,1,2
202300005458,18,8,2023,14:09,1,1,2,17,17306,2,3,2,1,1
202300005459,22,9,2023,07:55,1,2,3,13,13204,2,4,2,2,2
202300005460,17,8,2023,10:45,1,1,6,17,17028,2,4,2,1,1
202300005461,23,8,2023,12:41,1,1,3,11,11262,2,4,-1,1,1
202300005461,23,8,2023,12:41,1,1,3,11,11262,2,4,-1,2,1
202300005462,16,8,2023,13:36,1,1,1,14,14487,1,3,3,1,1
202300005463,22,9,2023,16:09,1,1,3,10,10387,2,4,2,1,1
202300005464,22,9,2023,16:30,1,1,2,06,06069,2,4,2,2,1
202300005465,22,9,2023,13:25,1,1,6,06,06069,2,4,2,1,1
202300005466,22,9,2023,06:15,5,2,7,04,04070,2,3,2,1,2
202300005467,21,9,2023,18:30,1,1,3,75,75118,2,4,1,1,1
202300005468,22,9,2023,13:40,1,2,3,75,75120,2,4,2,2,2
202300005468,22,9,2023,13:40,1,2,3,75,75120,2,4,1,1,2
202300005469,22,9,2023,12:00,1,1,3,75,75120,2,4,1,1,2
202300005470,22,9,2023,15:00,1,1,3,75,75119,2,4,-1,1,1
202300005470,22,9,2023,15:00,1,1,3,75,75119,2,4,2,1,1
202300005471,22,9,2023,18:45,2,1,1,75,75118,2,4,1,2,1
202300005472,22,9,2023,14:20,1,1,6,75,75118,2,4,1,1,1
202300005472,22,9,2023,14:20,1,1,6,75,75118,2,4,2,1,1
202300005473,21,9,2023,18:30,1,1,6,75,75118,2,4,1,1,1
202300005474,21,9,2023,09:45,1,2,6,75,75116,2,4,2,1,2
202300005475,22,9,2023,18:45,1,1,6,75,75113,2,4,2,1,1
202300005475,22,9,2023,18:45,1,1,6,75,75113,2,4,2,1,1
202300005476,22,9,2023,15:20,1,1,3,75,75112,2,4,2,1,1
202300005476,22,9,2023,15:20,1,1,3,75,75112,2,4,1,1,1
202300005477,21,9,2023,03:50,5,2,6,75,75112,2,4,1,1,2
202300005478,22,9,2023,14:36,1,1,7,75,75110,2,4,1,1,1
202300005478,22,9,2023,14:36,1,1,7,75,75110,2,4,1,1,1
202300005479,21,9,2023,22:50,5,1,3,75,75108,2,4,2,2,2
202300005479,21,9,2023,22:50,5,1,3,75,75108,2,4,2,1,2
202300005480,21,9,2023,11:20,1,1,6,75,75108,2,4,2,1,2
202300005481,22,9,2023,22:50,5,1,7,75,75104,2,4,2,1,1
202300005481,22,9,2023,22:50,5,1,7,75,75104,2,4,1,1,1
202300005482,22,9,2023,13:45,1,8,7,75,75104,2,4,1,1,2
202300005482,22,9,2023,13:45,1,8,7,75,75104,2,4,3,1,2
202300005483,22,9,2023,09:45,1,3,3,75,75104,2,4,1,1,2
202300005483,22,9,2023,09:45,1,3,3,75,75104,2,4,-1,1,2
202300005484,21,9,2023,23:55,5,1,4,94,94042,2,3,1,1,1
202300005485,21,9,2023,12:55,1,3,3,94,94068,2,3,2,1,2
202300005485,21,9,2023,12:55,1,3,3,94,94068,2,3,2,1,2
202300005486,22,9,2023,19:50,2,1,6,94,94076,2,3,2,1,1
202300005487,22,9,2023,20:45,5,1,3,94,94033,2,3,1,1,1
202300005487,22,9,2023,20:45,5,1,3,94,94033,2,3,1,1,1
202300005488,22,9,2023,16:13,1,8,2,94,94033,2,3,3,1,1
202300005489,22,9,2023,23:00,3,1,3,94,94028,2,3,1,1,1
202300005490,22,8,2023,19:56,2,1,3,94,94022,2,3,1,1,1
202300005490,22,8,2023,19:56,2,1,3,94,94022,2,3,-1,1,1
202300005491,22,9,2023,12:30,1,3,2,93,93078,1,1,3,1,2
202300005492,22,9,2023,14:20,1,2,3,93,93027,2,3,3,1,2
202300005493,22,9,2023,19:20,2,1,1,93,93031,2,3,3,1,1
202300005494,22,9,2023,08:30,1,2,3,93,93079,2,4,2,1,2
202300005495,22,9,2023,21:30,5,2,2,93,93047,2,4,2,1,2
202300005495,22,9,2023,21:30,5,2,2,93,93047,2,4,3,1,2
202300005496,21,9,2023,15:20,1,2,5,93,93014,2,3,2,1,2
202300005496,21,9,2023,15:20,1,2,5,93,93014,2,3,3,1,2
202300005497,22,9,2023,15:45,1,2,6,93,93005,2,4,1,1,2
202300005498,21,9,2023,08:05,1,3,3,92,92033,2,4,1,1,2
202300005499,22,9,2023,22:00,5,1,6,92,92051,2,3,1,1,1
202300005500,22,9,2023,17:30,1,8,6,92,92044,2,4,1,1,1
202300005500,22,9,2023,17:30,1,8,6,92,92044,2,4,1,1,1
202300005501,21,9,2023,20:25,5,1,3,92,92035,2,3,2,1,1
202300005502,22,9,2023,00:00,5,3,3,92,92024,2,3,1,1,2
202300005502,22,9,2023,00:00,5,3,3,92,92024,2,3,1,1,2
202300005503,22,9,2023,12:25,1,2,2,92,92012,2,3,1,1,2
202300005503,22,9,2023,12:25,1,2,2,92,92012,2,3,2,1,2
202300005504,21,9,2023,09:45,1,2,6,92,92012,2,4,2,1,2
202300005505,22,9,2023,17:10,1,1,6,92,92007,2,4,2,1,1
202300005505,22,9,2023,17:10,1,1,6,92,92007,2,4,2,1,1
202300005506,11,9,2023,19:14,2,1,3,51,51649,2,4,2,1,1
202300005507,23,9,2023,02:45,3,8,6,988,98810,1,4,2,2,2
202300005508,22,9,2023,19:30,1,1,6,31,31044,2,4,2,1,1
202300005509,22,9,2023,10:15,1,1,3,974,97422,2,4,-1,2,1
202300005510,22,9,2023,17:45,1,1,4,63,63091,1,1,3,1,1
202300005511,22,9,2023,13:40,1,1,1,30,30209,1,3,2,2,1
202300005512,22,9,2023,09:35,1,7,3,35,35251,1,3,2,1,2
202300005512,22,9,2023,09:35,1,7,3,35,35251,1,3,2,2,2
202300005513,22,9,2023,09:37,1,1,3,57,57269,1,3,2,2,1
202300005514,22,9,2023,20:00,2,1,1,62,62440,2,4,2,1,1
202300005515,22,9,2023,20:20,3,1,6,56,56078,1,4,2,1,1
202300005516,23,9,2023,02:20,4,1,7,79,79080,2,2,2,1,1
202300005516,23,9,2023,02:20,4,1,7,79,79080,2,2,2,1,1
202300005517,22,9,2023,20:32,2,2,6,82,82168,1,3,2,1,2
202300005518,23,9,2023,14:30,1,1,6,65,65258,2,4,-1,1,1
202300005519,23,9,2023,05:30,3,1,6,89,89216,1,3,2,1,1
202300005520,22,9,2023,08:00,1,1,7,63,63387,1,3,2,1,1
202300005521,22,9,2023,23:20,3,1,1,68,68273,1,3,2,1,2
202300005521,22,9,2023,23:20,3,1,1,68,68273,1,3,2,1,2
202300005522,8,9,2023,01:56,3,1,7,39,39475,2,4,2,2,1
202300005523,22,9,2023,19:00,1,1,1,44,44099,1,3,2,1,1
202300005524,23,10,2023,06:20,1,1,3,974,97407,1,2,1,1,1
202300005525,14,9,2023,18:25,1,1,1,29,29193,2,4,2,2,1
202300005526,23,9,2023,13:39,1,1,6,02,02197,2,3,2,1,1
202300005527,23,9,2023,13:25,1,2,6,03,03283,1,3,2,1,2
202300005528,23,9,2023,03:50,3,8,6,01,01237,2,3,2,2,2
202300005529,23,10,2023,09:20,1,1,3,973,97302,2,4,2,1,1
202300005530,23,10,2023,22:55,5,3,7,69,69389,2,4,2,1,2
202300005531,23,9,2023,07:45,2,1,6,66,66071,1,3,2,1,1
202300005532,23,9,2023,10:00,1,1,1,05,05092,1,3,2,2,1
202300005533,23,9,2023,04:00,3,1,6,43,43114,1,3,2,1,2
202300005534,23,10,2023,18:40,4,3,1,69,69081,2,4,2,1,2
202300005534,23,10,2023,18:40,4,3,1,69,69081,2,4,2,1,2
202300005535,22,9,2023,16:30,1,8,3,43,43132,1,3,2,1,2
202300005536,23,9,2023,16:05,1,1,7,07,07292,1,4,2,1,9
202300005537,24,10,2023,00:16,5,1,6,2B,2B033,1,3,2,3,1
202300005538,22,9,2023,18:30,1,1,6,07,07129,2,3,2,1,1
202300005539,23,10,2023,19:20,4,2,6,95,95585,2,3,2,1,2
202300005540,22,9,2023,13:25,1,1,1,53,53161,2,3,2,2,1
202300005540,22,9,2023,13:25,1,1,1,53,53161,2,3,2,1,1