id_accident,jour,mois,annee,heure_minute,luminosite,meteo,type_collision,departement,commune,agglomeration,categorie_route,regime_circulation,profil_route,etat_surface
202300005541,6,8,2023,13:25,1,1,3,21,21100,1,3,-1,1,1
202300005541,6,8,2023,13:25,1,1,3,21,21100,1,3,2,1,1
202300005542,23,10,2023,13:00,1,2,2,95,95280,2,4,3,1,2
202300005543,22,9,2023,21:15,3,1,1,21,21414,1,3,2,2,1
202300005544,23,9,2023,13:55,1,1,1,85,85172,1,3,2,1,1
202300005545,22,9,2023,18:10,1,1,3,17,17124,2,3,2,1,1
202300005545,22,9,2023,18:10,1,1,3,17,17124,2,3,2,1,1
202300005546,21,10,2023,21:15,5,3,3,95,95280,2,4,2,1,2
202300005546,21,10,2023,21:15,5,3,3,95,95280,2,4,2,1,2
202300005547,23,9,2023,07:55,1,1,1,30,30274,2,3,2,1,1
202300005548,16,9,2023,12:30,1,1,6,88,88250,1,3,2,1,1
202300005549,21,9,2023,14:30,1,2,3,31,31502,1,3,2,2,2
202300005550,19,9,2023,01:50,3,2,6,73,73213,1,1,3,1,2
202300005551,22,9,2023,08:45,1,1,3,987,98738,2,2,2,1,1
202300005552,23,10,2023,20:45,3,2,3,91,91692,1,3,1,1,2
202300005552,23,10,2023,20:45,3,2,3,91,91692,1,3,4,1,2
202300005553,22,9,2023,13:45,1,3,2,03,03175,1,1,1,3,2
202300005554,21,10,2023,14:26,1,1,6,90,90010,2,3,1,1,1
202300005555,22,9,2023,21:20,3,1,6,13,13009,1,3,2,2,1
202300005556,19,10,2023,07:54,2,2,3,87,87085,2,4,3,2,2
202300005556,19,10,2023,07:54,2,2,3,87,87085,2,4,3,2,2
202300005557,22,9,2023,21:00,3,1,2,01,01320,1,1,3,1,1
202300005558,22,9,2023,20:35,3,2,6,69,69250,1,1,3,1,2
202300005559,21,10,2023,15:42,1,2,6,87,87085,2,1,1,1,2
202300005560,16,9,2023,16:30,1,1,6,66,66172,1,3,2,2,1
202300005561,22,9,2023,09:50,1,1,5,90,90035,1,2,1,3,1
202300005562,21,10,2023,10:14,1,1,3,87,87075,1,2,2,1,1
202300005563,22,9,2023,08:00,1,1,4,63,63014,1,1,1,1,1
202300005564,23,9,2023,00:40,5,1,6,27,27332,1,1,3,1,1
202300005565,22,9,2023,17:45,1,1,6,2B,2B314,1,3,2,1,2
202300005566,23,9,2023,17:40,1,1,1,83,83035,1,3,2,2,1
202300005566,23,9,2023,17:40,1,1,1,83,83035,1,3,2,1,1
202300005567,22,10,2023,20:00,5,1,1,83,83137,2,4,2,2,1
202300005568,23,10,2023,16:15,1,1,6,81,81004,2,3,2,1,1
202300005569,22,9,2023,15:50,1,1,1,31,31395,2,3,2,1,1
202300005570,22,9,2023,16:15,1,1,1,17,17086,1,3,2,2,1
202300005571,23,10,2023,02:10,5,1,6,78,78440,2,4,2,1,1
202300005571,23,10,2023,02:10,5,1,6,78,78440,2,4,2,1,1
202300005572,23,9,2023,14:31,1,2,2,60,60682,1,3,2,3,2
202300005572,23,9,2023,14:31,1,2,2,60,60682,1,3,2,1,2
202300005573,23,9,2023,11:45,1,1,3,59,59452,1,3,2,1,1
202300005574,20,9,2023,08:20,1,1,3,01,01275,1,1,1,1,1
202300005575,21,9,2023,13:48,1,2,4,33,33063,1,1,3,4,2
202300005576,21,9,2023,06:00,3,1,6,33,33075,1,1,3,1,1
202300005577,22,9,2023,22:00,3,1,4,93,93066,1,1,3,1,1
202300005578,22,9,2023,06:45,3,1,3,93,93005,1,1,3,1,1
202300005579,23,10,2023,21:00,3,2,1,76,76157,1,7,2,1,2
202300005580,22,9,2023,08:00,1,2,2,93,93063,1,1,1,1,2
202300005581,21,9,2023,08:30,1,3,5,95,95018,2,1,3,1,2
202300005582,23,10,2023,15:30,1,2,6,76,76540,2,4,2,1,2
202300005583,22,9,2023,15:50,1,1,3,94,94017,1,1,-1,1,1
202300005584,22,9,2023,12:10,1,1,7,77,77337,1,2,-1,2,2
202300005585,21,10,2023,12:20,1,2,7,76,76447,1,3,2,1,2
202300005586,20,9,2023,21:25,3,1,3,94,94081,1,1,1,1,1
202300005587,13,7,2023,20:20,2,1,3,40,40088,2,4,2,1,1
202300005588,16,4,2023,15:40,1,1,6,13,13028,2,4,2,1,1
202300005589,22,10,2023,18:20,1,1,3,76,76351,2,4,2,2,1
202300005589,22,10,2023,18:20,1,1,3,76,76351,2,4,2,4,1
202300005590,19,9,2023,18:35,2,1,6,974,97411,2,2,3,1,1
202300005591,21,9,2023,08:00,1,1,3,973,97302,2,3,2,1,1
202300005591,21,9,2023,08:00,1,1,3,973,97302,2,3,2,1,1
202300005592,15,10,2023,12:00,1,1,6,76,76217,2,4,-1,1,1
202300005592,15,10,2023,12:00,1,1,6,76,76217,2,4,-1,1,1
202300005593,21,9,2023,18:10,2,3,6,69,69387,2,4,1,1,2
202300005593,21,9,2023,18:10,2,3,6,69,69387,2,4,1,1,2
202300005594,21,9,2023,13:00,1,1,6,972,97213,1,3,3,2,1
202300005595,21,9,2023,19:25,5,3,5,69,69389,2,4,2,1,2
202300005595,21,9,2023,19:25,5,3,5,69,69389,2,4,1,1,2
202300005596,21,9,2023,11:45,1,1,6,69,69385,2,4,2,2,1
202300005597,23,10,2023,14:15,1,1,2,69,69290,2,4,2,1,1
202300005598,21,9,2023,14:09,1,1,3,2B,2B033,2,2,1,1,1
202300005599,23,10,2023,21:25,5,3,7,64,64125,2,3,2,1,2
202300005600,21,9,2023,15:10,1,2,1,971,97101,1,4,2,2,2
202300005601,20,10,2023,20:10,5,2,6,64,64122,2,4,2,2,2
202300005602,21,9,2023,13:10,1,3,3,95,95280,2,4,2,1,2
202300005602,21,9,2023,13:10,1,3,3,95,95280,2,4,2,1,2
202300005603,10,9,2023,21:45,4,1,3,91,91570,1,2,2,1,1
202300005603,10,9,2023,21:45,4,1,3,91,91570,1,2,1,2,1
202300005604,21,9,2023,05:10,3,2,2,91,91689,1,3,2,1,2
202300005605,21,9,2023,12:00,1,3,6,91,91215,2,4,2,1,2
202300005605,21,9,2023,12:00,1,3,6,91,91215,2,4,2,1,2
202300005606,23,10,2023,22:50,5,2,6,59,59350,2,7,3,1,2
202300005607,20,9,2023,17:00,1,1,3,91,91691,2,4,2,3,1
202300005608,20,10,2023,18:45,5,2,7,56,56098,2,4,2,1,2
202300005609,21,9,2023,13:10,1,3,3,91,91027,2,3,2,1,2
202300005609,21,9,2023,13:10,1,3,3,91,91027,2,3,2,1,2
202300005610,21,9,2023,08:00,1,1,2,88,88413,2,3,2,2,1
202300005611,20,9,2023,15:49,1,1,3,87,87050,2,4,2,1,1
202300005612,23,10,2023,22:31,5,2,6,45,45286,2,4,2,1,2
202300005613,20,9,2023,17:05,1,3,3,84,84035,2,3,2,1,2
202300005614,21,9,2023,03:40,5,1,1,82,82121,2,4,3,4,1
202300005614,21,9,2023,03:40,5,1,1,82,82121,2,4,2,3,1
202300005615,10,10,2023,09:10,1,7,6,42,42187,2,4,1,1,1
202300005615,10,10,2023,09:10,1,7,6,42,42187,2,4,1,1,1
202300005616,20,9,2023,20:40,5,1,6,81,81244,1,3,2,2,1
202300005617,20,9,2023,17:47,1,1,7,79,79329,2,4,2,1,1
202300005618,23,10,2023,14:48,1,1,2,40,40192,2,3,2,1,1
202300005619,21,9,2023,08:00,1,3,6,78,78650,2,4,2,1,2
202300005619,21,9,2023,08:00,1,3,6,78,78650,2,4,-1,1,2
202300005620,23,10,2023,19:55,5,8,2,38,38169,2,7,1,1,1
202300005621,23,10,2023,07:55,2,1,1,37,37261,2,4,2,1,1
202300005622,23,10,2023,11:20,1,8,3,34,34172,2,4,1,1,1
202300005623,21,9,2023,16:40,1,3,6,77,77307,2,3,3,1,2
202300005624,23,10,2023,23:05,5,2,3,33,33063,2,4,1,1,2
202300005624,23,10,2023,23:05,5,2,3,33,33063,2,4,1,1,2
202300005625,21,9,2023,11:25,1,2,6,77,77014,2,3,3,1,2
202300005626,23,10,2023,07:08,5,3,3,33,33192,2,4,2,1,2
202300005626,23,10,2023,07:08,5,3,3,33,33192,2,4,2,1,2
202300005627,21,9,2023,07:15,2,2,6,77,77131,2,4,2,1,2
202300005628,16,6,2023,07:10,2,1,3,76,76540,2,7,2,1,1
202300005628,16,6,2023,07:10,2,1,3,76,76540,2,7,2,1,1
202300005629,21,9,2023,09:40,1,1,3,74,74012,2,4,2,2,1
202300005630,23,10,2023,08:49,2,8,6,27,27681,2,3,-1,1,1
202300005631,20,9,2023,14:50,1,1,6,72,72181,2,4,2,1,1
202300005632,23,10,2023,19:25,5,1,6,26,26362,2,4,3,1,1
202300005633,21,9,2023,15:50,1,3,6,71,71153,2,4,2,4,2
202300005634,21,9,2023,20:10,3,3,1,69,69266,2,4,1,1,2
202300005635,21,9,2023,16:20,1,1,6,69,69266,2,4,2,1,1
202300005635,21,9,2023,16:20,1,1,6,69,69266,2,4,2,1,1
202300005636,23,10,2023,22:45,3,3,1,25,25056,1,2,2,1,2
202300005637,20,9,2023,18:00,1,1,3,67,67218,2,4,2,1,1
202300005638,20,9,2023,10:45,1,7,3,67,67447,2,4,2,1,1
202300005638,20,9,2023,10:45,1,7,3,67,67447,2,4,2,1,1
202300005639,23,10,2023,21:10,3,1,6,18,18180,1,2,3,1,1
202300005640,21,9,2023,09:45,1,1,6,66,66136,2,4,2,1,1
202300005641,21,9,2023,07:00,1,1,2,66,66136,2,4,1,1,1
202300005642,21,9,2023,18:10,1,2,6,64,64445,2,4,2,1,2
202300005643,23,10,2023,19:20,5,3,3,17,17415,2,4,2,1,2
202300005643,23,10,2023,19:20,5,3,3,17,17415,2,4,2,1,2
202300005644,21,9,2023,13:00,1,2,1,64,64041,2,4,2,1,2
202300005645,19,9,2023,17:08,1,1,6,64,64102,2,4,2,2,1
202300005646,13,10,2023,15:45,1,1,3,15,15014,2,4,-1,3,1
202300005647,21,10,2023,14:10,1,1,3,13,13204,2,4,-1,1,1
202300005647,21,10,2023,14:10,1,1,3,13,13204,2,4,1,1,1
202300005648,21,9,2023,20:11,2,1,3,63,63032,2,7,2,2,1
202300005649,23,10,2023,20:30,5,1,3,06,06088,2,7,3,1,1
202300005650,23,10,2023,11:30,1,2,6,01,01053,2,4,-1,1,2
202300005651,10,9,2023,07:15,1,1,7,62,62133,2,3,2,1,1
202300005652,23,10,2023,08:00,2,1,3,75,75118,2,4,1,1,1
202300005653,22,10,2023,21:45,5,1,2,75,75118,2,4,1,1,1
202300005654,22,10,2023,19:15,4,1,3,75,75120,2,4,1,1,1
202300005655,23,10,2023,12:50,1,2,2,75,75119,2,4,-1,1,2
202300005655,23,10,2023,12:50,1,2,2,75,75119,2,4,2,2,2
202300005656,23,10,2023,18:25,1,2,2,75,75119,2,4,1,1,2
202300005657,23,10,2023,01:20,5,1,1,75,75119,2,4,3,1,1
202300005658,23,10,2023,13:20,1,3,6,75,75118,2,4,1,1,2
202300005658,23,10,2023,13:20,1,3,6,75,75118,2,4,2,2,2
202300005659,23,10,2023,22:55,5,8,7,75,75117,2,4,1,2,2
202300005660,23,10,2023,15:15,1,2,6,75,75116,2,4,-1,1,2
202300005660,23,10,2023,15:15,1,2,6,75,75116,2,4,1,1,2
202300005661,23,10,2023,07:50,1,8,7,75,75116,2,4,1,1,1
202300005662,23,10,2023,11:30,1,2,3,75,75113,2,4,1,2,2
202300005662,23,10,2023,11:30,1,2,3,75,75113,2,4,1,2,2
202300005663,23,10,2023,15:20,1,2,3,75,75112,2,4,2,1,2
202300005663,23,10,2023,15:20,1,2,3,75,75112,2,4,2,1,2
202300005664,23,10,2023,19:40,5,2,7,75,75107,2,4,2,1,2
202300005664,23,10,2023,19:40,5,2,7,75,75107,2,4,2,1,2
202300005665,23,10,2023,19:20,5,2,6,75,75107,2,4,2,1,2
202300005665,23,10,2023,19:20,5,2,6,75,75107,2,4,2,1,2
202300005666,23,10,2023,08:50,1,1,3,75,75115,2,4,1,1,1
202300005667,18,10,2023,12:10,1,2,6,94,94080,2,4,1,1,2
202300005667,18,10,2023,12:10,1,2,6,94,94080,2,4,1,1,2
202300005668,23,10,2023,06:35,5,1,6,94,94078,2,4,2,1,1
202300005669,23,10,2023,22:00,5,8,1,94,94011,2,3,2,1,2
202300005669,23,10,2023,22:00,5,8,1,94,94011,2,3,2,2,2
202300005670,23,10,2023,10:15,1,1,6,94,94043,2,4,1,1,1
202300005671,23,10,2023,17:15,1,2,1,94,94073,2,4,2,1,2
202300005672,23,10,2023,18:00,2,2,1,94,94028,2,3,3,2,2
202300005672,23,10,2023,18:00,2,2,1,94,94028,2,3,3,2,2
202300005673,22,10,2023,21:30,3,1,3,93,93005,2,3,2,1,1
202300005674,23,10,2023,08:55,1,1,3,93,93051,2,4,2,1,1
202300005674,23,10,2023,08:55,1,1,3,93,93051,2,4,2,1,1
202300005675,23,10,2023,11:50,1,2,3,93,93049,2,3,3,1,2
202300005676,22,10,2023,15:25,1,8,6,93,93032,2,3,2,1,1
202300005676,22,10,2023,15:25,1,8,6,93,93032,2,3,2,1,1
202300005677,23,10,2023,08:38,1,1,6,93,93047,2,4,2,1,1
202300005677,23,10,2023,08:38,1,1,6,93,93047,2,4,3,1,1
202300005678,23,10,2023,13:45,1,2,3,93,93008,2,3,1,1,2
202300005679,23,10,2023,15:50,1,8,3,93,93005,2,4,2,1,1
202300005679,23,10,2023,15:50,1,8,3,93,93005,2,4,2,1,1
202300005680,23,10,2023,01:00,5,1,1,93,93001,2,3,2,1,1
202300005681,23,10,2023,08:00,2,1,3,92,92046,2,3,2,1,1
202300005682,23,10,2023,16:45,1,2,3,92,92051,2,4,1,1,2
202300005683,23,10,2023,14:54,1,3,3,92,92044,2,3,1,1,2
202300005683,23,10,2023,14:54,1,3,3,92,92044,2,3,1,1,2
202300005684,23,10,2023,17:50,1,2,3,92,92019,2,3,1,2,2
202300005684,23,10,2023,17:50,1,2,3,92,92019,2,3,3,2,2
202300005685,23,10,2023,20:00,5,2,3,92,92012,2,4,2,1,2
202300005686,23,10,2023,09:40,1,1,3,92,92012,2,4,1,1,1
202300005686,23,10,2023,09:40,1,1,3,92,92012,2,4,2,1,1
202300005687,23,10,2023,10:50,1,2,6,92,92007,2,3,2,1,2
202300005687,23,10,2023,10:50,1,2,6,92,92007,2,3,2,1,2
202300005688,20,10,2023,19:40,2,3,6,92,92004,2,4,1,1,2
202300005689,11,10,2023,19:00,2,1,6,13,13078,2,9,-1,1,1
202300005690,23,10,2023,18:10,1,1,7,42,42307,1,7,2,1,1
202300005691,11,10,2023,09:40,1,1,3,68,68343,2,3,2,1,1
202300005691,11,10,2023,09:40,1,1,3,68,68343,2,3,2,1,1
202300005692,24,10,2023,07:59,2,1,2,48,48099,1,1,3,3,2
202300005693,23,10,2023,18:05,1,8,6,34,34114,1,1,3,2,2
202300005694,14,10,2023,18:55,1,1,6,62,62232,1,4,-1,1,6
202300005695,24,10,2023,21:40,3,1,2,77,77236,1,3,2,1,1
202300005696,24,10,2023,15:45,1,1,2,76,76168,1,3,2,1,1
202300005697,20,10,2023,15:30,1,3,7,79,79025,1,3,2,1,2
202300005698,22,10,2023,16:10,1,1,6,2A,2A326,1,3,2,2,1
202300005699,9,10,2023,15:20,1,1,1,82,82042,1,3,2,2,1
202300005700,24,10,2023,05:45,3,2,3,71,71061,1,3,2,2,2
202300005700,24,10,2023,05:45,3,2,3,71,71061,1,3,2,2,2
202300005701,13,10,2023,09:42,1,7,3,71,71116,1,3,2,2,1
202300005701,13,10,2023,09:42,1,7,3,71,71116,1,3,2,1,1
202300005702,24,10,2023,07:55,1,2,1,71,71038,1,3,2,2,2
202300005703,7,10,2023,21:50,4,1,1,89,89200,1,3,3,1,1
202300005704,23,10,2023,19:55,3,1,7,61,61070,1,3,2,1,1
202300005705,23,10,2023,15:02,1,1,1,46,46225,1,3,2,1,1
202300005706,24,10,2023,15:12,1,2,3,68,68068,2,3,2,1,2
202300005707,23,10,2023,00:30,3,1,6,29,29150,1,3,2,1,1
202300005708,23,10,2023,19:35,2,1,7,50,50435,1,3,2,2,2
202300005709,20,10,2023,19:00,2,1,6,60,60471,2,4,2,1,1
202300005710,24,10,2023,17:10,1,1,6,60,60043,2,3,2,1,1
202300005711,23,10,2023,17:30,1,2,1,45,45255,1,3,2,1,2
202300005712,22,10,2023,09:45,1,7,2,43,43199,1,3,2,3,1
202300005713,16,10,2023,17:05,1,1,6,10,10323,2,9,2,1,1
202300005714,9,9,2023,12:40,1,1,2,53,53245,1,3,2,1,1
202300005715,23,10,2023,14:30,1,2,6,24,24370,1,3,2,1,2
202300005716,24,10,2023,05:40,5,1,2,76,76489,1,2,3,2,1
202300005717,24,10,2023,00:20,3,1,4,31,31399,1,1,3,1,1
202300005718,14,10,2023,19:30,3,2,6,73,73183,1,1,3,1,2
202300005719,21,10,2023,19:20,3,3,6,33,33351,1,1,2,1,2
202300005720,24,10,2023,10:35,1,2,6,06,06155,1,1,3,3,2
202300005721,24,10,2023,01:00,3,1,7,13,13068,2,3,2,1,1
202300005722,14,10,2023,07:00,3,3,2,38,38530,1,1,3,1,2
202300005723,23,10,2023,11:00,1,2,3,77,77339,1,1,1,1,2
202300005724,22,10,2023,06:00,1,1,1,986,98613,2,2,2,1,1
202300005725,24,10,2023,10:00,1,1,1,44,44020,2,4,2,1,2
202300005726,23,10,2023,09:00,1,3,6,34,34026,1,3,2,1,2
202300005727,23,10,2023,15:52,1,2,3,21,21038,2,3,2,1,2
202300005727,23,10,2023,15:52,1,2,3,21,21038,2,3,2,1,2
202300005728,23,10,2023,11:00,1,2,6,63,63383,1,3,2,2,2
202300005729,24,10,2023,18:06,1,1,3,38,38537,2,3,2,1,2
202300005730,24,10,2023,05:34,3,3,2,19,19146,1,3,2,2,2
202300005731,11,10,2023,09:05,1,1,3,33,33449,2,4,2,1,1
202300005732,23,10,2023,18:30,2,2,3,44,44026,1,1,1,2,2
202300005732,23,10,2023,18:30,2,2,3,44,44026,1,1,2,1,2
202300005733,24,10,2023,11:30,1,1,5,22,22035,1,3,2,1,1
202300005734,23,10,2023,12:30,1,1,6,27,27016,2,3,2,1,1
202300005735,24,10,2023,19:35,3,1,1,80,80561,1,3,2,2,1
202300005736,22,10,2023,20:30,3,1,2,13,13005,1,1,1,1,1
202300005737,21,10,2023,17:05,1,2,7,62,62193,1,1,1,2,2
202300005738,22,10,2023,11:35,1,1,5,59,59560,1,1,-1,1,1
202300005739,23,10,2023,19:30,3,2,4,92,92002,1,2,-1,2,2
202300005740,23,10,2023,09:20,1,1,2,91,91377,1,3,3,1,1
202300005741,23,10,2023,08:24,1,1,3,78,78117,1,2,-1,1,1
202300005742,21,10,2023,21:00,3,2,4,78,78640,1,1,-1,1,2
202300005743,23,10,2023,18:25,3,2,6,93,93064,1,1,1,1,2
202300005744,23,10,2023,16:30,1,3,6,95,95582,1,1,3,1,2
202300005745,23,10,2023,01:15,3,1,2,95,95252,1,1,1,2,1
202300005746,22,10,2023,02:20,3,8,6,94,94022,1,1,3,1,2
202300005747,21,10,2023,21:50,3,2,4,94,94073,1,1,3,1,2
202300005748,21,10,2023,02:15,3,2,4,94,94073,1,1,-1,1,2
202300005749,2,3,2023,18:00,1,1,2,14,14712,1,3,2,2,1
202300005750,9,7,2023,19:50,1,1,2,13,13081,2,3,3,1,1
202300005751,31,7,2023,10:00,1,1,3,13,13100,2,3,1,1,1
202300005752,22,10,2023,23:35,5,1,1,974,97416,2,2,1,1,1
202300005753,21,10,2023,18:50,5,1,6,974,97411,1,2,3,1,1
202300005754,22,10,2023,17:10,1,1,3,974,97407,1,4,2,1,1
202300005755,21,10,2023,19:15,5,1,3,974,97407,2,4,2,1,1
202300005755,21,10,2023,19:15,5,1,3,974,97407,2,4,-1,1,1
202300005756,7,10,2023,22:50,5,1,2,973,97302,2,4,2,1,1
202300005757,19,10,2023,15:00,1,1,2,973,97302,2,3,2,1,1
202300005758,22,10,2023,19:05,5,1,2,69,69388,2,4,1,1,1
202300005759,22,10,2023,14:00,1,1,3,69,69383,2,4,1,1,1
202300005760,22,10,2023,02:30,5,2,7,95,95450,2,4,2,2,2
202300005761,22,10,2023,20:00,5,1,3,91,91377,2,4,1,1,2
202300005762,20,10,2023,07:30,5,8,6,89,89387,2,4,2,2,2
202300005763,22,10,2023,05:19,3,1,6,82,82033,1,4,2,1,1
202300005764,21,10,2023,14:00,1,1,6,81,81021,1,3,2,1,1
202300005765,21,10,2023,19:45,5,3,6,80,80001,2,3,3,1,2
202300005766,4,10,2023,20:00,1,1,1,77,77373,2,4,2,1,1
202300005767,21,10,2023,22:00,3,2,1,77,77458,1,3,2,2,2
202300005768,22,10,2023,19:20,4,1,1,76,76599,2,7,1,1,1
202300005768,22,10,2023,19:20,4,1,1,76,76599,2,7,2,1,1
202300005769,22,10,2023,14:35,1,1,1,74,74118,1,3,2,2,1
202300005770,21,10,2023,17:15,1,1,3,69,69115,2,3,3,1,1
202300005771,10,10,2023,10:30,1,1,3,68,68376,1,3,3,1,1
202300005772,22,10,2023,09:30,1,1,3,64,64335,1,4,-1,1,1
202300005772,22,10,2023,09:30,1,1,3,64,64335,1,4,-1,1,1
202300005773,22,10,2023,21:50,5,8,3,62,62498,2,3,2,1,2
202300005774,22,10,2023,10:15,1,8,6,59,59560,2,7,2,1,1
202300005775,23,10,2023,02:21,3,5,6,54,54382,2,3,2,1,1
202300005776,22,10,2023,11:10,1,1,6,51,51454,2,4,2,1,1
202300005777,21,10,2023,23:00,3,2,6,51,51573,2,4,2,3,2
202300005778,22,10,2023,11:35,1,1,3,49,49328,2,4,1,1,1
202300005778,22,10,2023,11:35,1,1,3,49,49328,2,4,2,1,1
202300005779,11,10,2023,13:30,1,1,6,46,46042,2,3,2,1,1
202300005780,22,10,2023,22:20,5,1,6,43,43089,2,3,-1,1,1
202300005781,22,10,2023,05:50,5,1,6,35,35238,2,4,1,1,2
202300005781,22,10,2023,05:50,5,1,6,35,35238,2,4,2,1,2
202300005782,21,10,2023,18:10,2,8,3,35,35238,2,4,1,1,2
202300005782,21,10,2023,18:10,2,8,3,35,35238,2,4,2,1,2
202300005783,21,10,2023,18:10,1,1,1,31,31344,1,3,2,1,1
202300005784,21,10,2023,15:00,1,2,7,27,27681,1,3,2,2,2
202300005785,22,10,2023,00:35,3,2,7,27,27681,1,9,2,1,2
202300005786,21,10,2023,01:00,3,2,6,22,22113,1,4,2,2,2
202300005787,22,10,2023,14:50,1,1,3,13,13071,2,3,2,3,1
202300005788,22,10,2023,18:45,2,1,3,13,13205,2,4,1,1,1
202300005788,22,10,2023,18:45,2,1,3,13,13205,2,4,3,1,1
202300005789,22,10,2023,18:25,2,1,3,13,13215,2,4,2,2,1
202300005789,22,10,2023,18:25,2,1,3,13,13215,2,4,1,1,1
202300005790,22,10,2023,19:20,2,1,6,13,13209,2,4,2,1,1
202300005791,22,10,2023,01:52,5,1,1,13,13210,2,4,2,1,1
202300005792,8,2,2023,15:50,1,1,3,13,13212,2,4,2,2,1
202300005793,10,2,2023,09:15,1,1,3,13,13047,1,3,2,2,1
202300005793,10,2,2023,09:15,1,1,3,13,13047,1,3,2,1,1
202300005794,10,2,2023,15:30,1,1,2,11,11069,2,4,3,1,1
202300005795,9,2,2023,09:00,1,1,3,10,10191,2,4,4,1,1
202300005795,9,2,2023,09:00,1,1,3,10,10191,2,4,4,1,1
202300005796,10,2,2023,23:15,5,1,7,07,07281,2,3,3,1,1
202300005797,8,2,2023,22:15,5,1,1,974,97416,2,4,3,1,1
202300005797,8,2,2023,22:15,5,1,1,974,97416,2,4,2,1,1
202300005798,9,2,2023,08:20,1,7,3,974,97416,1,3,2,1,1
202300005799,9,2,2023,17:46,2,8,6,973,97302,2,3,2,1,2
202300005800,9,2,2023,08:00,1,2,3,973,97302,2,3,2,1,2
202300005800,9,2,2023,08:00,1,2,3,973,97302,2,3,2,1,2
202300005801,9,2,2023,07:30,1,1,6,973,97302,2,3,2,1,2
202300005802,9,2,2023,09:03,1,1,6,69,69383,2,4,1,1,1
202300005803,9,2,2023,15:35,1,1,6,972,97209,1,2,1,1,1
202300005804,7,2,2023,07:10,1,1,7,972,97209,2,3,1,2,1
202300005805,9,2,2023,11:22,1,8,2,2A,2A004,2,2,2,1,1
202300005806,8,2,2023,12:55,1,1,7,91,91228,2,4,2,1,1
202300005807,8,2,2023,19:24,5,1,6,91,91228,2,4,-1,1,1
202300005807,8,2,2023,19:24,5,1,6,91,91228,2,4,2,1,1
202300005808,8,2,2023,17:22,1,1,3,87,87050,2,3,2,1,1
202300005808,8,2,2023,17:22,1,1,3,87,87050,2,3,2,1,1
202300005809,8,2,2023,14:45,1,1,6,87,87085,2,6,-1,1,1
202300005810,9,2,2023,13:45,1,1,3,82,82121,2,4,2,1,1
202300005811,9,2,2023,08:30,1,1,6,81,81004,2,3,2,1,1
202300005812,3,2,2023,08:15,5,2,6,80,80021,2,4,2,1,2
202300005813,9,2,2023,20:15,5,1,2,77,77243,2,3,2,2,1
202300005813,9,2,2023,20:15,5,1,2,77,77243,2,3,2,2,1
202300005814,9,2,2023,08:50,2,1,2,77,77186,1,3,2,1,1
202300005815,9,2,2023,19:40,5,1,6,76,76498,2,7,2,1,1
202300005816,8,2,2023,14:50,1,1,1,73,73065,1,2,3,1,1
202300005817,8,2,2023,16:55,1,7,6,73,73011,1,2,1,2,1
202300005818,9,2,2023,19:05,5,1,6,72,72181,2,4,-1,2,1
202300005819,8,2,2023,16:00,1,1,6,69,69266,2,4,2,1,1
202300005819,8,2,2023,16:00,1,1,6,69,69266,2,4,1,1,1
202300005820,8,2,2023,16:10,1,1,3,69,69256,2,4,2,1,1
202300005820,8,2,2023,16:10,1,1,3,69,69256,2,4,1,1,1
202300005821,9,2,2023,21:00,4,1,3,69,69199,1,7,1,1,1
202300005821,9,2,2023,21:00,4,1,3,69,69199,1,7,1,1,1
202300005822,9,2,2023,13:20,1,1,2,67,67482,2,4,2,1,1
202300005823,8,2,2023,09:00,1,1,1,63,63113,2,4,1,1,1
202300005824,9,2,2023,18:50,5,1,1,62,62160,2,4,2,1,1
202300005825,8,2,2023,09:15,1,1,3,60,60175,2,3,2,1,1
202300005826,8,2,2023,15:38,1,1,6,57,57012,2,3,2,3,1
202300005827,8,2,2023,18:48,5,1,3,54,54304,2,4,2,1,1
202300005827,8,2,2023,18:48,5,1,3,54,54304,2,4,2,4,1
202300005828,9,2,2023,08:15,1,1,6,54,54099,2,4,2,1,1
202300005829,9,2,2023,10:25,1,9,6,51,51454,2,4,2,1,1
202300005829,9,2,2023,10:25,1,9,6,51,51454,2,4,2,1,1
202300005830,7,2,2023,12:10,1,1,6,49,49099,2,4,2,3,1
202300005830,7,2,2023,12:10,1,1,6,49,49099,2,4,1,1,1
202300005831,9,2,2023,09:26,1,1,7,49,49007,2,4,2,1,1
202300005832,8,2,2023,22:45,5,1,1,49,49007,2,4,2,1,1
202300005832,8,2,2023,22:45,5,1,1,49,49007,2,4,2,1,1
202300005833,8,2,2023,11:10,1,1,3,47,47323,2,4,2,1,1
202300005833,8,2,2023,11:10,1,1,3,47,47323,2,4,2,1,1
202300005834,9,2,2023,17:00,1,1,2,45,45234,2,4,2,1,1
202300005834,9,2,2023,17:00,1,1,2,45,45234,2,4,2,1,1
202300005835,9,2,2023,08:10,1,1,6,45,45234,2,3,3,1,1
202300005836,9,2,2023,01:10,3,1,6,45,45232,1,4,3,1,1
202300005837,9,2,2023,12:20,1,1,3,37,37122,2,7,2,1,1
202300005838,9,2,2023,09:15,1,1,3,35,35051,2,4,2,1,1