id_accident,jour,mois,annee,heure_minute,luminosite,meteo,type_collision,departement,commune,agglomeration,categorie_route,regime_circulation,profil_route,etat_surface
202300005839,4,2,2023,18:30,5,1,3,35,35115,2,4,2,1,1
202300005839,4,2,2023,18:30,5,1,3,35,35115,2,4,2,2,1
202300005840,5,2,2023,01:10,5,1,2,35,35150,2,3,2,2,1
202300005840,5,2,2023,01:10,5,1,2,35,35150,2,3,2,2,1
202300005841,9,2,2023,20:10,5,1,3,33,33069,2,4,3,1,1
202300005842,3,5,2023,04:30,3,1,6,19,19028,2,3,2,1,1
202300005842,3,5,2023,04:30,3,1,6,19,19028,2,3,2,1,1
202300005843,9,2,2023,08:00,1,1,1,33,33281,2,4,2,1,1
202300005844,8,2,2023,19:30,5,1,6,33,33032,2,4,1,2,1
202300005845,9,2,2023,08:53,1,1,2,33,33529,2,4,2,1,1
202300005846,3,5,2023,14:35,1,1,2,77,77467,1,3,2,1,1
202300005847,9,2,2023,22:35,5,1,6,31,31555,2,4,-1,1,1
202300005847,9,2,2023,22:35,5,1,6,31,31555,2,4,2,1,1
202300005848,4,5,2023,15:45,1,1,2,76,76075,2,3,2,1,1
202300005849,8,2,2023,13:39,1,1,1,31,31069,1,7,2,1,1
202300005850,3,5,2023,23:20,3,1,6,69,69006,1,3,2,2,1
202300005851,8,2,2023,18:05,2,1,2,29,29232,1,3,3,1,1
202300005852,3,5,2023,14:30,1,1,6,71,71310,2,6,-1,1,1
202300005853,9,2,2023,14:10,1,1,3,28,28134,2,4,2,1,1
202300005854,9,2,2023,08:10,1,1,6,28,28134,2,6,-1,1,1
202300005855,3,5,2023,15:45,1,7,6,61,61394,1,3,2,1,1
202300005856,9,2,2023,10:39,1,1,3,26,26362,2,4,-1,1,1
202300005857,3,5,2023,21:00,3,1,6,42,42134,1,3,2,2,1
202300005858,30,1,2023,19:15,3,1,1,26,26064,1,3,2,1,1
202300005858,30,1,2023,19:15,3,1,1,26,26064,1,3,2,1,1
202300005859,3,5,2023,17:30,1,1,7,34,34216,1,3,4,2,1
202300005860,7,2,2023,12:30,1,1,1,25,25539,2,4,2,1,1
202300005861,3,5,2023,10:20,1,1,6,22,22219,2,3,2,2,1
202300005862,9,2,2023,08:00,1,1,3,17,17415,2,4,2,1,1
202300005863,3,5,2023,17:50,1,1,1,38,38108,1,3,2,2,1
202300005864,9,2,2023,19:40,5,1,2,13,13209,2,4,3,1,1
202300005865,3,5,2023,01:20,3,1,6,14,14371,1,3,2,1,1
202300005866,8,2,2023,14:30,1,1,6,13,13204,2,4,2,1,1
202300005866,8,2,2023,14:30,1,1,6,13,13204,2,4,1,1,1
202300005867,9,2,2023,01:00,5,1,2,13,13208,2,4,2,1,1
202300005867,9,2,2023,01:00,5,1,2,13,13208,2,4,1,1,1
202300005868,8,2,2023,12:50,1,1,7,12,12089,1,3,2,2,7
202300005869,3,5,2023,19:45,2,1,3,60,60579,1,3,2,1,1
202300005869,3,5,2023,19:45,2,1,3,60,60579,1,3,2,1,1
202300005870,9,2,2023,08:25,1,1,4,09,09122,2,3,2,1,1
202300005871,8,2,2023,11:55,1,1,6,04,04070,2,6,-1,1,1
202300005872,3,5,2023,15:25,1,1,7,60,60354,1,9,-1,2,1
202300005873,6,2,2023,11:15,1,1,1,02,02408,2,4,2,1,1
202300005873,6,2,2023,11:15,1,1,1,02,02408,2,4,1,1,1
202300005874,9,2,2023,11:40,1,1,6,75,75120,2,9,-1,1,1
202300005875,4,5,2023,12:00,1,1,7,36,36009,1,4,2,2,1
202300005876,9,2,2023,00:44,5,1,1,75,75111,2,4,2,1,1
202300005876,9,2,2023,00:44,5,1,1,75,75111,2,4,1,4,1
202300005877,3,5,2023,17:05,1,1,3,21,21101,1,3,2,1,1
202300005877,3,5,2023,17:05,1,1,3,21,21101,1,3,2,1,1
202300005878,10,2,2023,15:40,1,8,3,75,75118,2,4,1,1,1
202300005878,10,2,2023,15:40,1,8,3,75,75118,2,4,3,1,1
202300005879,4,5,2023,13:41,1,1,3,40,40001,2,3,2,-1,-1
202300005879,4,5,2023,13:41,1,1,3,40,40001,2,3,2,1,1
202300005880,10,2,2023,11:25,1,1,3,75,75118,2,4,2,1,1
202300005880,10,2,2023,11:25,1,1,3,75,75118,2,4,2,2,1
202300005881,4,5,2023,10:50,1,1,2,04,04076,2,3,2,1,1
202300005882,9,2,2023,21:20,5,1,3,75,75117,2,4,1,1,1
202300005882,9,2,2023,21:20,5,1,3,75,75117,2,4,1,2,1
202300005883,3,5,2023,08:33,1,1,7,17,17253,1,3,2,1,1
202300005884,9,2,2023,18:00,5,1,3,75,75117,2,4,2,1,1
202300005884,9,2,2023,18:00,5,1,3,75,75117,2,4,1,1,1
202300005885,4,5,2023,09:00,1,1,6,30,30294,2,3,2,1,1
202300005886,10,2,2023,08:50,1,1,7,75,75116,2,4,1,1,1
202300005886,10,2,2023,08:50,1,1,7,75,75116,2,4,1,1,1
202300005887,10,2,2023,10:15,1,1,5,75,75116,2,4,1,1,1
202300005887,10,2,2023,10:15,1,1,5,75,75116,2,4,1,1,1
202300005888,10,2,2023,06:30,3,1,3,75,75116,2,4,2,1,1
202300005888,10,2,2023,06:30,3,1,3,75,75116,2,4,1,1,1
202300005889,10,2,2023,06:35,5,1,2,75,75116,2,4,2,1,1
202300005890,3,5,2023,13:40,1,1,6,68,68072,1,1,3,1,1
202300005891,10,2,2023,08:04,1,1,3,75,75114,2,4,-1,1,1
202300005891,10,2,2023,08:04,1,1,3,75,75114,2,4,1,1,1
202300005892,3,5,2023,08:45,1,1,2,76,76391,1,1,3,2,1
202300005893,10,2,2023,21:45,5,1,3,75,75112,2,4,2,2,1
202300005893,10,2,2023,21:45,5,1,3,75,75112,2,4,2,1,1
202300005894,3,5,2023,19:05,1,1,2,77,77216,1,1,1,1,1
202300005895,8,2,2023,11:55,1,1,5,75,75102,2,4,2,1,1
202300005895,8,2,2023,11:55,1,1,5,75,75102,2,4,2,1,1
202300005896,10,2,2023,17:48,1,1,6,94,94081,2,4,2,1,1
202300005897,3,5,2023,15:00,1,1,1,45,45082,1,3,2,1,1
202300005898,9,2,2023,16:30,1,1,4,94,94080,2,3,2,1,1
202300005899,4,5,2023,08:30,1,1,2,78,78601,1,2,3,1,1
202300005900,9,2,2023,07:20,5,1,6,94,94080,2,3,2,1,1
202300005901,9,2,2023,08:55,1,1,6,94,94021,2,4,1,1,1
202300005901,9,2,2023,08:55,1,1,6,94,94021,2,4,2,1,1
202300005902,16,4,2023,16:08,1,1,7,78,78206,2,4,2,1,1
202300005903,8,2,2023,14:05,1,1,3,94,94028,2,3,1,1,1
202300005904,10,2,2023,08:26,1,1,6,94,94022,2,3,2,1,1
202300005904,10,2,2023,08:26,1,1,6,94,94022,2,3,2,1,1
202300005905,4,5,2023,08:00,1,1,3,66,66069,1,3,2,1,1
202300005906,10,2,2023,15:25,1,1,6,94,94055,2,6,-1,1,1
202300005907,10,2,2023,03:00,5,2,6,94,94017,2,3,3,2,2
202300005908,4,5,2023,11:00,1,1,3,66,66065,1,3,-1,1,1
202300005908,4,5,2023,11:00,1,1,3,66,66065,1,3,2,1,1
202300005909,9,2,2023,11:15,1,1,3,94,94017,2,3,3,1,1
202300005910,10,2,2023,08:20,2,8,3,94,94047,2,3,2,1,1
202300005911,4,5,2023,08:27,1,1,3,52,52449,2,3,2,1,1
202300005912,9,2,2023,22:20,5,1,3,93,93064,2,4,2,1,1
202300005912,9,2,2023,22:20,5,1,3,93,93064,2,4,2,1,1
202300005913,10,2,2023,18:15,5,1,2,93,93051,2,4,1,1,1
202300005914,4,5,2023,16:00,1,1,3,68,68063,2,3,2,1,1
202300005914,4,5,2023,16:00,1,1,3,68,68063,2,3,2,1,1
202300005915,10,2,2023,15:10,1,1,3,93,93048,2,3,2,1,1
202300005916,10,2,2023,15:20,1,1,6,93,93029,2,3,2,1,1
202300005917,3,5,2023,18:55,1,1,2,03,03242,2,2,2,1,1
202300005918,10,2,2023,09:10,1,1,3,93,93013,2,3,3,1,1
202300005918,10,2,2023,09:10,1,1,3,93,93013,2,3,1,1,1
202300005919,4,5,2023,16:30,1,1,1,74,74018,2,3,2,1,1
202300005920,10,2,2023,19:25,5,1,3,93,93047,2,4,2,1,1
202300005921,4,5,2023,08:04,1,1,1,42,42010,2,4,2,2,1
202300005921,4,5,2023,08:04,1,1,1,42,42010,2,4,2,2,1
202300005922,10,2,2023,20:05,5,1,5,93,93007,2,3,2,1,1
202300005923,8,2,2023,22:20,3,1,3,92,92046,2,3,2,1,1
202300005924,4,5,2023,07:15,1,1,3,38,38067,1,3,2,1,1
202300005924,4,5,2023,07:15,1,1,3,38,38067,1,3,2,1,1
202300005925,10,2,2023,07:55,1,1,3,92,92025,2,3,2,1,1
202300005925,10,2,2023,07:55,1,1,3,92,92025,2,3,-1,1,1
202300005926,3,5,2023,16:20,1,7,6,64,64430,2,9,2,1,1
202300005927,31,1,2023,16:15,1,1,3,33,33187,2,4,2,1,1
202300005927,31,1,2023,16:15,1,1,3,33,33187,2,4,2,1,1
202300005928,17,4,2023,10:30,1,1,3,64,64430,2,3,2,1,1
202300005929,10,2,2023,12:50,1,1,3,31,31044,2,4,2,1,1
202300005930,11,2,2023,07:35,1,1,6,62,62645,1,3,2,1,1
202300005931,4,5,2023,15:55,1,1,7,85,85092,2,4,2,1,1
202300005932,10,2,2023,17:25,1,1,7,27,27360,1,3,2,1,1
202300005933,4,5,2023,15:20,1,1,7,59,59660,1,7,2,1,1
202300005934,10,2,2023,19:50,3,1,3,35,35085,1,3,2,1,1
202300005934,10,2,2023,19:50,3,1,3,35,35085,1,3,2,1,1
202300005935,3,5,2023,09:50,1,1,1,13,13055,1,1,3,1,1
202300005936,10,2,2023,10:15,1,1,1,46,46201,2,3,2,1,1
202300005937,11,2,2023,11:08,1,1,7,44,44071,1,3,1,1,1
202300005938,11,2,2023,06:20,2,5,6,29,29278,1,3,2,4,1
202300005939,3,5,2023,14:05,1,1,2,33,33122,1,1,3,1,1
202300005940,11,2,2023,02:10,3,1,6,19,19237,2,3,2,1,1
202300005941,2,5,2023,19:10,1,1,3,33,33039,1,1,3,1,1
202300005942,10,2,2023,16:35,1,7,3,71,71014,2,3,2,1,1
202300005942,10,2,2023,16:35,1,7,3,71,71014,2,3,2,1,1
202300005943,10,2,2023,15:20,1,1,3,89,89262,1,3,2,1,1
202300005944,2,5,2023,17:00,1,1,4,59,59646,1,7,-1,1,1
202300005945,11,2,2023,16:00,1,1,2,49,49155,2,4,1,1,1
202300005946,3,5,2023,18:10,1,1,3,91,91136,1,1,3,1,1
202300005947,11,2,2023,00:35,3,1,6,49,49259,2,3,2,1,1
202300005948,3,5,2023,16:00,1,1,2,92,92002,1,1,3,1,1
202300005949,11,2,2023,00:40,3,1,6,34,34114,1,3,2,1,1
202300005950,10,2,2023,12:25,1,1,6,25,25515,1,3,2,1,7
202300005951,3,5,2023,11:15,1,1,3,91,91471,1,2,1,2,1
202300005952,11,2,2023,02:55,3,1,6,29,29030,1,4,2,1,1
202300005953,3,5,2023,07:00,1,1,2,91,91363,1,2,1,1,1
202300005954,10,2,2023,18:17,2,1,1,02,02648,2,3,2,1,1
202300005955,11,2,2023,16:30,1,2,1,02,02014,1,3,2,1,2
202300005956,10,2,2023,18:45,3,1,1,60,60660,1,3,2,1,1
202300005956,10,2,2023,18:45,3,1,1,60,60660,1,3,2,1,1
202300005957,2,5,2023,09:00,1,1,2,974,97416,1,3,2,2,1
202300005958,10,2,2023,22:30,3,1,6,07,07337,1,3,2,1,1
202300005959,14,1,2023,01:30,3,1,7,17,17332,1,3,2,2,2
202300005960,9,2,2023,06:50,5,9,6,69,69244,2,4,1,1,1
202300005960,9,2,2023,06:50,5,9,6,69,69244,2,4,2,1,1
202300005961,2,5,2023,20:15,3,1,3,974,97411,2,4,1,1,1
202300005961,2,5,2023,20:15,3,1,3,974,97411,2,4,2,1,1
202300005962,11,2,2023,03:45,3,1,4,30,30123,1,1,3,2,1
202300005963,2,5,2023,10:00,1,1,6,69,69383,2,4,2,1,9
202300005964,10,2,2023,23:54,3,1,1,59,59244,1,1,3,1,1
202300005965,31,1,2023,02:45,2,1,3,973,97305,1,3,2,1,1
202300005966,2,5,2023,19:45,1,1,3,69,69382,2,4,1,1,1
202300005966,2,5,2023,19:45,1,1,3,69,69382,2,4,2,1,1
202300005967,10,2,2023,18:05,2,1,6,78,78380,2,3,2,1,1
202300005968,2,5,2023,16:10,1,1,6,69,69149,2,7,2,1,1
202300005969,10,2,2023,17:00,1,1,5,30,30027,1,3,2,1,1
202300005970,2,5,2023,08:00,1,1,3,69,69389,2,4,2,1,1
202300005970,2,5,2023,08:00,1,1,3,69,69389,2,4,2,1,1
202300005971,11,2,2023,10:30,1,1,3,83,83071,1,3,2,1,1
202300005972,10,2,2023,16:15,1,1,1,05,05079,1,3,2,2,1
202300005973,2,5,2023,18:45,1,1,3,2A,2A004,2,4,3,1,1
202300005974,10,2,2023,20:15,3,1,7,13,13076,1,3,2,2,1
202300005975,11,2,2023,10:00,1,7,2,13,13079,2,3,2,2,1
202300005976,2,5,2023,16:39,1,1,5,2A,2A004,2,2,3,1,1
202300005977,8,2,2023,13:40,1,1,2,57,57582,1,3,2,1,1
202300005978,10,2,2023,20:15,5,1,2,38,38455,1,3,2,1,1
202300005979,2,5,2023,14:00,1,1,2,2A,2A004,2,4,1,1,1
202300005980,11,2,2023,01:45,5,1,6,01,01249,2,3,2,3,1
202300005980,11,2,2023,01:45,5,1,6,01,01249,2,3,1,1,1
202300005981,2,5,2023,16:45,1,1,6,91,91477,2,4,3,1,1
202300005982,10,2,2023,12:00,1,1,6,64,64376,2,3,2,1,1
202300005983,2,5,2023,01:00,5,1,6,91,91027,2,4,2,1,1
202300005984,10,2,2023,13:20,1,1,7,85,85088,1,4,2,1,1
202300005984,10,2,2023,13:20,1,1,7,85,85088,1,4,2,-1,1
202300005985,28,4,2023,18:15,1,1,2,87,87085,2,4,2,2,1
202300005986,7,2,2023,09:10,1,7,6,14,14166,2,3,2,2,1
202300005986,7,2,2023,09:10,1,7,6,14,14166,2,3,2,1,1
202300005987,7,2,2023,16:20,1,1,3,14,14228,2,4,2,1,1
202300005988,2,5,2023,17:15,1,1,3,85,85194,2,4,2,1,1
202300005989,6,2,2023,10:20,1,1,6,35,35090,2,3,2,1,1
202300005990,2,5,2023,17:45,1,6,4,84,84087,2,3,2,1,1
202300005990,2,5,2023,17:45,1,6,4,84,84087,2,3,2,1,1
202300005991,11,2,2023,15:15,1,2,3,27,27022,2,4,2,1,2
202300005991,11,2,2023,15:15,1,2,3,27,27022,2,4,2,1,2
202300005992,2,5,2023,08:55,1,1,6,83,83137,2,4,2,1,1
202300005992,2,5,2023,08:55,1,1,6,83,83137,2,4,-1,1,1
202300005993,10,2,2023,16:10,1,1,3,60,60346,2,4,2,1,1
202300005994,10,2,2023,00:00,3,1,6,69,69199,1,1,3,1,1
202300005995,10,2,2023,16:20,1,1,2,33,33535,1,2,3,2,1
202300005996,29,4,2023,22:00,2,1,3,76,76351,2,4,2,1,1
202300005996,29,4,2023,22:00,2,1,3,76,76351,2,4,2,1,1
202300005997,10,2,2023,02:05,5,1,6,33,33122,1,6,-1,1,1
202300005998,1,5,2023,00:50,3,1,6,76,76351,1,3,1,1,1
202300005999,8,2,2023,08:40,1,1,4,59,59179,1,1,-1,1,1
202300006000,2,5,2023,09:00,1,1,4,76,76114,2,4,2,1,1
202300006001,10,2,2023,08:50,1,1,3,78,78208,1,2,1,1,1
202300006002,10,2,2023,07:44,2,1,3,92,92036,1,1,-1,1,1
202300006003,2,5,2023,21:15,3,1,3,73,73029,1,2,1,2,1
202300006003,2,5,2023,21:15,3,1,3,73,73029,1,2,2,1,1
202300006004,10,2,2023,14:00,1,1,2,92,92036,1,1,-1,1,1
202300006005,28,4,2023,23:25,5,1,6,72,72181,2,4,-1,1,1
202300006006,10,2,2023,08:00,1,1,2,93,93064,1,1,3,1,1
202300006007,8,2,2023,02:40,3,1,2,93,93066,1,1,3,2,1
202300006008,1,5,2023,12:30,1,1,3,71,71497,2,3,2,1,1
202300006008,1,5,2023,12:30,1,1,3,71,71497,2,3,3,1,1
202300006009,10,2,2023,17:05,1,1,2,94,94046,1,1,3,1,1
202300006010,2,5,2023,18:35,1,1,6,69,69266,2,4,2,1,1
202300006011,8,2,2023,18:10,2,1,3,75,75114,2,4,1,1,1
202300006012,2,5,2023,09:35,1,1,6,69,69286,2,4,2,1,1
202300006013,8,2,2023,18:25,5,1,3,75,75113,2,4,1,1,1
202300006014,8,2,2023,16:10,2,1,3,75,75120,2,4,1,1,1
202300006015,27,4,2023,15:18,1,1,3,67,67218,2,4,2,1,1
202300006016,7,2,2023,21:20,2,1,3,75,75113,2,4,1,1,1
202300006017,1,5,2023,17:10,1,1,7,65,65417,2,3,-1,1,1
202300006017,1,5,2023,17:10,1,1,7,65,65417,2,3,2,1,1
202300006018,2,5,2023,14:03,1,1,2,64,64445,2,4,2,1,1
202300006019,7,2,2023,20:40,5,1,2,75,75116,2,4,1,1,1
202300006019,7,2,2023,20:40,5,1,2,75,75116,2,4,1,1,1
202300006020,14,4,2023,02:41,4,8,6,59,59650,2,7,3,1,2
202300006021,1,5,2023,12:00,1,1,3,59,59507,2,7,2,3,1
202300006022,8,2,2023,12:25,1,1,4,75,75119,2,4,1,1,1
202300006023,8,2,2023,08:20,1,1,3,75,75113,2,4,1,1,1
202300006024,2,5,2023,07:05,1,1,3,56,56162,2,4,2,1,1
202300006024,2,5,2023,07:05,1,1,3,56,56162,2,4,2,1,1
202300006025,9,2,2023,07:21,5,1,3,75,75110,2,4,2,1,1
202300006025,9,2,2023,07:21,5,1,3,75,75110,2,4,1,1,1
202300006026,9,2,2023,13:36,1,1,3,75,75119,2,4,1,1,1
202300006027,2,5,2023,19:05,1,1,2,51,51454,2,4,2,1,1
202300006028,9,2,2023,14:36,1,1,6,75,75117,2,4,1,1,1
202300006028,9,2,2023,14:36,1,1,6,75,75117,2,4,1,1,1
202300006029,9,2,2023,08:20,1,1,7,75,75116,2,4,2,1,7
202300006030,2,5,2023,16:50,1,1,2,51,51454,2,4,2,1,1
202300006030,2,5,2023,16:50,1,1,2,51,51454,2,4,1,1,1
202300006031,9,2,2023,08:15,1,1,7,75,75116,2,4,2,1,7
202300006031,9,2,2023,08:15,1,1,7,75,75116,2,4,2,1,7
202300006032,1,5,2023,12:22,1,1,6,51,51454,2,4,2,1,1
202300006032,1,5,2023,12:22,1,1,6,51,51454,2,4,2,1,1
202300006033,9,2,2023,16:50,1,1,3,75,75114,2,4,3,1,1
202300006033,9,2,2023,16:50,1,1,3,75,75114,2,4,1,1,1
202300006034,30,4,2023,18:25,1,1,3,50,50129,2,3,3,1,1
202300006034,30,4,2023,18:25,1,1,3,50,50129,2,3,2,1,1
202300006035,7,2,2023,12:55,1,1,3,75,75114,2,4,1,1,1
202300006035,7,2,2023,12:55,1,1,3,75,75114,2,4,2,1,1
202300006036,8,2,2023,23:00,5,1,6,75,75113,2,4,-1,2,1
202300006037,28,4,2023,18:45,2,1,3,49,49007,2,4,3,1,1
202300006037,28,4,2023,18:45,2,1,3,49,49007,2,4,3,1,1
202300006038,9,2,2023,08:55,1,1,6,75,75109,2,4,1,1,1
202300006038,9,2,2023,08:55,1,1,6,75,75109,2,4,1,2,1
202300006039,2,5,2023,07:35,2,1,3,47,47001,2,4,-1,1,1
202300006040,9,2,2023,08:55,1,1,3,75,75109,2,4,1,1,1
202300006041,2,5,2023,16:30,1,1,3,45,45284,2,4,2,1,1
202300006042,9,2,2023,08:00,1,1,3,93,93072,2,3,3,1,1
202300006042,9,2,2023,08:00,1,1,3,93,93072,2,3,2,1,1
202300006043,2,5,2023,13:24,1,1,1,45,45147,2,4,2,2,1
202300006043,2,5,2023,13:24,1,1,1,45,45147,2,4,2,1,1
202300006044,8,2,2023,14:15,1,1,6,93,93006,2,4,2,1,1
202300006045,2,5,2023,11:45,1,1,6,45,45232,2,6,-1,1,1
202300006046,1,5,2023,10:05,1,1,6,45,45208,2,6,-1,1,1
202300006047,9,2,2023,10:00,1,1,3,93,93014,2,4,2,2,1
202300006048,9,2,2023,09:20,1,1,6,93,93005,2,4,2,1,1
202300006049,1,5,2023,17:45,2,1,1,42,42218,2,4,1,1,1
202300006049,1,5,2023,17:45,2,1,1,42,42218,2,4,2,2,1
202300006050,9,2,2023,19:30,3,1,3,93,93001,2,3,2,1,1
202300006051,9,2,2023,11:20,1,1,1,93,93001,2,4,2,1,1
202300006052,2,5,2023,20:30,1,1,5,37,37261,2,4,1,1,1
202300006052,2,5,2023,20:30,1,1,5,37,37261,2,4,2,1,1
202300006053,9,2,2023,07:50,1,1,6,93,93001,2,4,1,1,1
202300006054,9,2,2023,19:20,5,1,2,92,92051,2,4,2,1,1
202300006055,1,5,2023,21:33,5,1,3,37,37261,2,4,2,1,1
202300006055,1,5,2023,21:33,5,1,3,37,37261,2,4,2,1,1
202300006056,9,2,2023,19:40,5,1,6,92,92044,2,4,1,1,1
202300006057,2,5,2023,19:50,2,1,6,35,35238,2,4,1,1,1
202300006057,2,5,2023,19:50,2,1,6,35,35238,2,4,2,1,1
202300006058,8,2,2023,22:00,5,1,3,92,92036,2,4,2,1,1
202300006059,2,2,2023,13:15,1,1,3,92,92036,2,3,1,1,1
202300006059,2,2,2023,13:15,1,1,3,92,92036,2,3,2,1,1
202300006060,2,5,2023,18:10,1,1,3,35,35238,2,4,2,1,1
202300006060,2,5,2023,18:10,1,1,3,35,35238,2,4,2,1,1
202300006061,9,2,2023,19:00,5,1,2,92,92026,2,3,1,2,1
202300006062,1,5,2023,17:55,1,1,6,34,34172,2,4,2,1,1
202300006063,9,2,2023,18:20,5,1,3,92,92026,2,3,3,1,1
202300006064,2,5,2023,08:22,1,1,3,29,29019,2,4,-1,1,1
202300006065,9,2,2023,12:15,1,1,3,92,92012,2,4,2,1,1
202300006066,9,2,2023,11:00,1,1,3,92,92004,2,3,1,1,1
202300006067,9,2,2023,17:30,1,1,3,35,35333,2,3,2,1,1
202300006067,9,2,2023,17:30,1,1,3,35,35333,2,3,2,1,1
202300006068,10,2,2023,07:10,5,1,5,37,37077,2,3,2,1,1
202300006068,10,2,2023,07:10,5,1,5,37,37077,2,3,2,4,1
202300006069,9,2,2023,16:30,1,7,1,12,12300,1,3,2,1,1
202300006070,10,2,2023,10:45,1,1,1,44,44014,1,3,2,1,1
202300006071,2,5,2023,18:40,1,1,6,25,25056,2,4,2,1,1
202300006072,10,2,2023,07:25,2,1,6,28,28088,2,4,2,1,1
202300006073,9,2,2023,19:30,3,1,7,51,51559,2,3,2,1,1
202300006074,2,5,2023,17:00,1,1,6,25,25056,2,4,-1,1,1
202300006075,2,5,2023,11:20,1,1,6,25,25056,2,4,2,2,1
202300006076,10,2,2023,12:15,1,1,3,26,26160,2,2,2,2,1
202300006077,10,2,2023,17:41,2,1,6,68,68315,2,3,2,1,1
202300006078,4,4,2023,17:55,1,1,7,19,19031,2,3,2,1,1
202300006079,9,2,2023,22:10,5,1,6,85,85153,2,3,2,1,1
202300006080,20,4,2023,19:30,1,1,3,19,19031,2,4,1,1,1
202300006081,9,2,2023,18:40,3,8,5,34,34095,1,7,2,1,1
202300006082,10,2,2023,07:20,5,1,6,91,91573,2,4,2,1,1
202300006083,2,5,2023,19:01,1,1,3,17,17028,1,3,2,1,1
202300006083,2,5,2023,19:01,1,1,3,17,17028,1,3,2,1,1
202300006084,10,2,2023,08:00,1,1,3,79,79079,1,3,2,3,1
202300006084,10,2,2023,08:00,1,1,3,79,79079,1,3,2,1,1
202300006085,1,5,2023,18:30,1,1,1,16,16015,2,4,2,1,1
202300006086,8,2,2023,13:55,1,1,6,11,11270,1,3,2,1,1
202300006087,2,5,2023,20:20,2,1,3,13,13103,2,4,2,1,1
202300006087,2,5,2023,20:20,2,1,3,13,13103,2,4,2,2,1
202300006087,2,5,2023,20:20,2,1,3,13,13103,2,4,2,1,1
202300006088,2,5,2023,18:30,1,1,4,13,13103,2,4,2,1,1
202300006089,1,5,2023,17:45,1,1,4,13,13103,1,4,2,1,1
202300006090,3,5,2023,00:35,5,1,3,13,13208,2,4,2,1,1
202300006091,2,5,2023,12:55,1,1,3,13,13215,2,3,2,1,1
202300006092,2,5,2023,23:53,5,1,3,13,13001,2,4,1,1,1
202300006093,2,5,2023,08:25,2,1,6,07,07186,2,4,2,2,1
202300006094,2,5,2023,13:30,1,1,1,06,06029,2,4,2,2,1
202300006095,2,5,2023,08:45,1,1,2,75,75112,2,4,-1,1,1
202300006096,2,5,2023,07:05,1,1,2,75,75120,2,4,1,1,1
202300006097,2,5,2023,22:10,5,1,3,75,75118,2,4,2,2,1
202300006097,2,5,2023,22:10,5,1,3,75,75118,2,4,1,1,1
202300006098,2,5,2023,19:45,1,1,6,75,75118,2,4,1,1,1
202300006098,2,5,2023,19:45,1,1,6,75,75118,2,4,2,1,1
202300006099,2,5,2023,18:30,1,1,3,75,75111,2,4,2,1,1
202300006099,2,5,2023,18:30,1,1,3,75,75111,2,4,2,1,1
202300006100,2,5,2023,13:20,1,1,6,75,75111,2,4,1,1,1
202300006100,2,5,2023,13:20,1,1,6,75,75111,2,4,2,1,1
202300006101,2,5,2023,00:50,5,1,3,75,75111,2,4,2,1,1
202300006101,2,5,2023,00:50,5,1,3,75,75111,2,4,1,1,1
202300006102,1,5,2023,19:40,1,1,3,75,75109,2,4,1,1,1
202300006102,1,5,2023,19:40,1,1,3,75,75109,2,4,1,1,1
202300006103,2,5,2023,16:55,1,1,2,75,75108,2,4,1,1,1
202300006103,2,5,2023,16:55,1,1,2,75,75108,2,4,2,1,1
202300006104,1,5,2023,18:35,1,1,3,75,75107,2,4,2,1,1
202300006104,1,5,2023,18:35,1,1,3,75,75107,2,4,2,1,1
202300006105,2,5,2023,17:55,1,1,3,75,75101,2,4,1,1,1
202300006105,2,5,2023,17:55,1,1,3,75,75101,2,4,1,1,1
202300006106,2,5,2023,01:10,5,1,2,94,94081,2,4,1,1,1
202300006107,2,5,2023,19:15,1,1,3,75,75112,2,4,3,1,1
202300006107,2,5,2023,19:15,1,1,3,75,75112,2,4,1,1,1
202300006108,1,5,2023,12:35,1,1,3,94,94068,2,3,2,1,1
202300006108,1,5,2023,12:35,1,1,3,94,94068,2,3,3,1,1
202300006109,2,5,2023,00:30,5,1,6,94,94016,2,3,3,1,1
202300006110,2,5,2023,19:00,1,1,6,94,94041,2,3,1,1,1
202300006110,2,5,2023,19:00,1,1,6,94,94041,2,3,1,1,1
202300006111,29,4,2023,21:20,5,1,2,94,94073,2,3,3,1,1
202300006112,1,5,2023,12:00,1,8,3,94,94060,2,3,3,1,1
202300006112,1,5,2023,12:00,1,8,3,94,94060,2,3,2,1,1
202300006113,2,5,2023,14:56,1,1,1,93,93059,2,3,3,1,1
202300006113,2,5,2023,14:56,1,1,1,93,93059,2,3,2,1,1
202300006114,2,5,2023,18:45,1,1,3,93,93066,2,3,2,1,1
202300006115,1,5,2023,23:17,5,1,3,93,93051,2,3,2,1,1
202300006115,1,5,2023,23:17,5,1,3,93,93051,2,3,2,1,1
202300006116,2,5,2023,18:47,1,1,3,93,93031,2,3,2,1,1
202300006116,2,5,2023,18:47,1,1,3,93,93031,2,3,2,1,1
202300006117,2,5,2023,08:10,1,1,4,93,93005,2,3,2,1,1
202300006118,2,5,2023,10:30,1,1,3,92,92078,2,3,1,1,1
202300006118,2,5,2023,10:30,1,1,3,92,92078,2,3,1,1,1
202300006119,2,5,2023,19:20,1,1,6,92,92064,2,4,-1,1,1
202300006120,2,5,2023,17:59,1,1,3,92,92049,2,3,2,1,1
202300006121,2,5,2023,13:04,1,1,1,92,92049,2,3,3,1,1
202300006121,2,5,2023,13:04,1,1,1,92,92049,2,3,2,1,1
202300006122,2,5,2023,08:32,1,1,6,92,92049,2,3,3,1,1
202300006123,1,5,2023,14:40,1,3,6,92,92036,2,3,2,1,2
202300006124,28,4,2023,14:45,1,1,3,92,92036,2,3,2,1,1
202300006124,28,4,2023,14:45,1,1,3,92,92036,2,3,1,1,1