id_accident,jour,mois,annee,heure_minute,luminosite,meteo,type_collision,departement,commune,agglomeration,categorie_route,regime_circulation,profil_route,etat_surface
202300006125,2,5,2023,20:05,2,1,3,92,92024,2,3,2,1,1
202300006125,2,5,2023,20:05,2,1,3,92,92024,2,3,1,1,1
202300006126,2,5,2023,10:25,1,1,6,92,92002,2,4,2,1,1
202300006127,2,5,2023,12:30,1,1,6,39,39130,1,3,2,2,1
202300006128,12,7,2023,16:35,1,1,6,83,83001,1,1,3,2,1
202300006129,2,5,2023,17:00,1,1,3,22,22172,1,3,2,1,1
202300006129,2,5,2023,17:00,1,1,3,22,22172,1,3,2,1,1
202300006130,9,7,2023,19:55,1,1,6,38,38170,1,1,1,1,1
202300006131,30,4,2023,19:55,1,1,3,33,33138,1,3,2,1,1
202300006131,30,4,2023,19:55,1,1,3,33,33138,1,3,2,1,1
202300006132,2,5,2023,15:00,1,1,3,11,11067,1,3,2,1,1
202300006132,2,5,2023,15:00,1,1,3,11,11067,1,3,2,1,1
202300006133,13,7,2023,21:10,5,1,3,988,98821,2,4,3,1,1
202300006133,13,7,2023,21:10,5,1,3,988,98821,2,4,2,1,1
202300006134,2,5,2023,20:30,2,1,6,54,54138,1,3,2,4,1
202300006135,12,7,2023,18:20,1,1,6,971,97117,1,4,2,2,1
202300006136,2,5,2023,16:20,1,1,2,974,97410,1,2,2,1,1
202300006137,9,7,2023,20:20,1,1,7,33,33527,1,3,2,1,1
202300006138,25,11,2023,08:25,1,1,6,91,91027,2,3,2,1,1
202300006139,3,5,2023,19:00,1,1,3,59,59487,1,7,2,1,1
202300006139,3,5,2023,19:00,1,1,3,59,59487,1,7,2,1,1
202300006140,25,11,2023,17:03,1,1,6,86,86041,2,4,2,1,1
202300006140,25,11,2023,17:03,1,1,6,86,86041,2,4,1,1,1
202300006141,22,4,2023,22:25,3,1,2,34,34325,1,1,3,1,1
202300006142,13,7,2023,05:00,2,1,3,91,91200,2,4,2,1,1
202300006143,25,11,2023,17:44,1,1,3,84,84007,2,4,2,1,1
202300006143,25,11,2023,17:44,1,1,3,84,84007,2,4,2,1,1
202300006144,3,5,2023,15:30,1,7,6,62,62281,2,4,2,2,1
202300006145,13,7,2023,13:00,1,1,3,83,83016,1,3,2,1,1
202300006145,13,7,2023,13:00,1,1,3,83,83016,1,3,2,1,1
202300006146,10,3,2023,17:05,1,1,6,51,51029,2,3,2,1,1
202300006147,25,11,2023,06:45,2,1,1,84,84007,2,4,3,1,1
202300006147,25,11,2023,06:45,2,1,1,84,84007,2,4,2,1,1
202300006148,2,5,2023,11:33,1,1,3,74,74208,2,3,2,2,1
202300006148,2,5,2023,11:33,1,1,3,74,74208,2,3,2,2,1
202300006149,13,7,2023,14:58,1,1,1,83,83053,2,3,2,3,1
202300006150,25,11,2023,02:05,3,1,6,78,78372,2,3,2,1,2
202300006151,2,5,2023,21:00,2,1,6,76,76315,1,3,2,1,1
202300006152,24,11,2023,17:35,3,8,6,71,71153,2,4,1,1,2
202300006153,11,7,2023,16:55,1,1,3,83,83068,2,3,3,1,1
202300006153,11,7,2023,16:55,1,1,3,83,83068,2,3,2,1,1
202300006154,3,5,2023,08:30,1,1,2,2B,2B343,2,2,2,1,1
202300006155,25,11,2023,06:00,3,1,1,71,71445,1,3,2,1,1
202300006156,13,7,2023,16:00,1,1,1,06,06146,2,7,2,1,1
202300006157,2,5,2023,17:40,1,1,3,80,80130,1,3,2,2,1
202300006157,2,5,2023,17:40,1,1,3,80,80130,1,3,2,3,1
202300006158,2,5,2023,09:53,1,1,6,82,82087,1,3,2,1,1
202300006159,25,11,2023,16:00,1,1,2,69,69290,2,7,2,1,1
202300006159,25,11,2023,16:00,1,1,2,69,69290,2,7,2,1,1
202300006160,13,7,2023,15:30,1,1,1,03,03179,2,3,2,1,1
202300006160,13,7,2023,15:30,1,1,1,03,03179,2,3,-1,1,1
202300006161,1,5,2023,21:15,3,1,7,69,69267,1,3,2,1,1
202300006162,20,11,2023,17:45,3,8,6,67,67462,2,4,2,1,1
202300006163,12,7,2023,23:00,5,1,7,44,44035,2,4,2,1,1
202300006164,2,5,2023,17:40,1,1,1,42,42047,1,3,2,2,1
202300006165,6,7,2023,20:30,1,1,6,44,44045,1,4,2,1,1
202300006166,24,11,2023,17:52,3,2,2,63,63300,1,3,2,2,2
202300006167,2,5,2023,18:45,1,1,1,41,41126,1,3,2,4,1
202300006168,13,7,2023,08:20,1,1,3,17,17304,1,3,2,1,1
202300006168,13,7,2023,08:20,1,1,3,17,17304,1,3,2,1,1
202300006169,1,5,2023,14:40,1,1,6,41,41132,1,4,2,1,1
202300006170,24,4,2023,08:20,1,1,6,33,33449,2,4,2,1,1
202300006171,25,11,2023,01:43,3,3,1,62,62573,1,3,2,1,2
202300006172,2,5,2023,18:14,1,1,3,39,39526,2,4,2,1,1
202300006172,2,5,2023,18:14,1,1,3,39,39526,2,4,2,1,1
202300006173,25,11,2023,02:50,5,3,6,62,62119,2,4,3,1,2
202300006174,11,7,2023,13:50,1,1,3,14,14228,2,4,1,1,1
202300006174,11,7,2023,13:50,1,1,3,14,14228,2,4,1,1,1
202300006175,2,5,2023,14:30,1,1,6,25,25527,1,3,2,1,1
202300006176,12,7,2023,17:00,1,1,1,76,76610,2,3,2,1,1
202300006177,3,5,2023,17:00,1,1,3,29,29171,1,3,2,1,1
202300006177,3,5,2023,17:00,1,1,3,29,29171,1,3,2,1,1
202300006178,11,7,2023,21:20,2,1,2,69,69256,1,1,3,1,1
202300006179,16,11,2023,18:50,5,2,6,62,62041,2,4,1,1,2
202300006179,16,11,2023,18:50,5,2,6,62,62041,2,4,2,1,2
202300006180,3,5,2023,15:30,1,1,6,31,31275,1,3,2,1,1
202300006181,25,11,2023,16:35,2,2,1,57,57487,1,4,2,1,2
202300006182,12,7,2023,11:50,1,2,4,33,33122,1,1,3,1,2
202300006183,2,5,2023,19:15,1,1,3,02,02352,1,3,2,1,1
202300006184,12,7,2023,10:00,1,1,1,94,94043,1,1,2,1,1
202300006185,25,11,2023,22:20,5,8,3,54,54578,2,4,2,2,2
202300006185,25,11,2023,22:20,5,8,3,54,54578,2,4,2,1,2
202300006186,3,5,2023,12:35,1,1,7,58,58020,1,3,2,1,1
202300006187,2,5,2023,08:10,1,1,7,06,06023,1,3,2,2,1
202300006188,25,11,2023,18:54,5,2,2,54,54395,2,4,2,2,2
202300006189,12,7,2023,10:35,1,1,2,92,92064,1,1,-1,1,1
202300006190,2,5,2023,18:35,1,1,2,64,64133,1,3,1,1,1
202300006191,22,11,2023,17:17,2,2,3,54,54099,2,4,2,1,2
202300006192,2,5,2023,21:40,3,1,6,16,16128,1,3,2,1,1
202300006193,12,7,2023,15:40,1,1,2,93,93048,1,1,1,1,1
202300006194,1,5,2023,14:45,1,1,1,07,07165,1,3,2,2,1
202300006195,25,11,2023,12:35,1,1,3,49,49007,2,4,3,1,1
202300006195,25,11,2023,12:35,1,1,3,49,49007,2,4,3,1,1
202300006196,3,5,2023,07:20,1,1,3,53,53007,1,3,2,3,1
202300006197,24,11,2023,14:25,1,1,2,46,46042,2,4,1,1,2
202300006198,21,4,2023,15:10,1,1,7,21,21016,1,3,2,1,1
202300006199,11,7,2023,01:25,3,1,5,93,93005,1,1,3,1,1
202300006200,25,11,2023,18:55,5,1,3,45,45147,2,4,2,1,1
202300006200,25,11,2023,18:55,5,1,3,45,45147,2,4,2,1,1
202300006201,12,7,2023,20:00,2,1,2,77,77450,1,2,3,1,1
202300006202,1,5,2023,09:05,1,1,1,24,24547,2,3,2,2,2
202300006203,11,7,2023,20:30,2,1,3,77,77373,1,2,-1,1,1
202300006204,25,11,2023,12:35,1,1,3,45,45232,2,4,3,1,1
202300006204,25,11,2023,12:35,1,1,3,45,45232,2,4,2,1,1
202300006205,26,4,2023,17:15,1,1,1,04,04209,2,3,2,1,1
202300006206,23,3,2023,16:23,1,1,3,75,75120,2,4,2,1,1
202300006207,3,5,2023,14:25,1,1,7,28,28120,1,3,2,1,1
202300006208,25,11,2023,10:32,1,1,6,41,41269,2,4,-1,1,1
202300006209,29,4,2023,23:00,5,1,1,74,74012,2,4,2,1,1
202300006209,29,4,2023,23:00,5,1,1,74,74012,2,4,2,1,1
202300006210,3,5,2023,11:00,1,1,7,87,87117,1,3,2,2,1
202300006211,26,4,2023,02:00,3,1,1,74,74012,2,4,2,1,1
202300006212,22,11,2023,02:20,5,1,1,37,37195,2,4,-1,1,1
202300006213,2,5,2023,20:45,2,1,1,49,49301,1,2,3,1,1
202300006214,23,3,2023,08:20,1,8,7,75,75117,2,4,1,1,2
202300006214,23,3,2023,08:20,1,8,7,75,75117,2,4,-1,1,2
202300006215,25,4,2023,07:30,1,2,1,74,74123,1,3,2,1,2
202300006216,3,5,2023,14:35,1,1,6,38,38249,1,1,3,1,1
202300006217,23,3,2023,08:00,1,1,6,75,75117,2,4,2,1,1
202300006217,23,3,2023,08:00,1,1,6,75,75117,2,4,-1,1,1
202300006218,16,3,2023,07:10,1,1,6,74,74224,2,3,2,2,1
202300006218,16,3,2023,07:10,1,1,6,74,74224,2,3,2,2,1
202300006219,24,11,2023,15:40,1,1,4,37,37233,2,4,2,2,1
202300006220,1,5,2023,04:00,3,1,2,30,30123,1,1,2,1,1
202300006221,23,3,2023,15:05,1,1,2,75,75116,2,4,2,1,1
202300006221,23,3,2023,15:05,1,1,2,75,75116,2,4,2,1,1
202300006222,10,3,2023,13:05,1,2,3,74,74081,1,3,2,1,2
202300006222,10,3,2023,13:05,1,2,3,74,74081,1,3,2,1,2
202300006223,25,11,2023,12:35,1,1,3,35,35238,2,4,1,1,1
202300006223,25,11,2023,12:35,1,1,3,35,35238,2,4,1,1,1
202300006224,22,3,2023,21:30,5,1,3,75,75116,2,4,2,1,1
202300006224,22,3,2023,21:30,5,1,3,75,75116,2,4,2,1,1
202300006225,7,11,2023,20:14,5,8,3,35,35115,2,4,2,2,2
202300006226,1,5,2023,04:00,3,1,7,987,98740,2,4,2,1,1
202300006227,28,4,2023,22:30,5,1,3,13,13026,2,3,2,1,1
202300006227,28,4,2023,22:30,5,1,3,13,13026,2,3,2,1,1
202300006227,28,4,2023,22:30,5,1,3,13,13026,2,3,1,1,1
202300006227,28,4,2023,22:30,5,1,3,13,13026,2,3,1,1,1
202300006228,22,3,2023,19:10,5,1,6,75,75114,2,4,3,1,1
202300006228,22,3,2023,19:10,5,1,6,75,75114,2,4,3,1,1
202300006229,25,11,2023,11:20,1,1,6,34,34172,2,4,1,1,1
202300006230,29,4,2023,14:15,1,1,6,987,98747,1,2,2,2,1
202300006231,22,3,2023,11:38,1,2,6,75,75114,2,4,3,1,2
202300006231,22,3,2023,11:38,1,2,6,75,75114,2,4,2,1,2
202300006232,2,5,2023,16:40,1,1,7,77,77196,2,4,3,1,1
202300006233,25,11,2023,16:46,2,1,3,33,33162,2,4,2,1,1
202300006233,25,11,2023,16:46,2,1,3,33,33162,2,4,2,1,1
202300006234,22,3,2023,19:49,5,1,3,75,75107,2,4,1,1,1
202300006235,3,5,2023,08:30,1,1,2,83,83071,1,3,2,1,1
202300006236,10,7,2023,08:00,1,1,2,974,97411,2,3,-1,1,1
202300006237,25,11,2023,07:00,5,1,3,33,33063,2,4,3,1,1
202300006238,23,3,2023,11:45,1,1,6,75,75104,2,4,2,1,1
202300006238,23,3,2023,11:45,1,1,6,75,75104,2,4,1,1,1
202300006239,9,7,2023,09:45,1,1,3,974,97411,2,3,2,1,1
202300006239,9,7,2023,09:45,1,1,3,974,97411,2,3,2,3,1
202300006240,25,11,2023,05:10,3,6,6,30,30243,1,3,2,1,1
202300006241,2,5,2023,18:47,1,1,2,89,89350,1,1,3,1,1
202300006242,23,3,2023,10:00,1,1,3,75,75109,2,4,1,2,1
202300006242,23,3,2023,10:00,1,1,3,75,75109,2,4,1,2,1
202300006243,2,5,2023,12:45,1,1,6,03,03104,1,3,2,2,1
202300006244,11,7,2023,06:55,1,1,2,973,97302,2,4,2,1,1
202300006245,2,5,2023,13:15,1,1,7,38,38468,2,3,2,1,1
202300006245,2,5,2023,13:15,1,1,7,38,38468,2,3,2,1,1
202300006246,25,11,2023,19:35,5,1,3,27,27375,2,4,-1,1,1
202300006246,25,11,2023,19:35,5,1,3,27,27375,2,4,2,2,1
202300006247,22,3,2023,17:00,1,8,2,94,94081,2,3,3,1,1
202300006248,11,7,2023,00:15,3,2,1,973,97302,2,4,2,2,2
202300006249,3,5,2023,14:50,1,1,7,07,07268,1,3,-1,1,1
202300006250,22,3,2023,13:45,1,1,3,94,94068,2,4,2,1,1
202300006251,25,11,2023,09:30,1,7,2,22,22278,2,4,3,3,1
202300006252,11,7,2023,04:00,5,1,1,69,69387,2,4,2,1,1
202300006252,11,7,2023,04:00,5,1,1,69,69387,2,4,2,1,1
202300006253,22,3,2023,00:40,5,1,3,94,94052,2,2,2,1,1
202300006253,22,3,2023,00:40,5,1,3,94,94052,2,2,2,2,1
202300006254,25,4,2023,19:40,1,8,3,33,33312,2,4,2,1,1
202300006255,11,7,2023,01:35,5,2,6,972,97209,2,3,2,2,2
202300006256,25,11,2023,19:30,5,1,2,14,14715,2,3,2,1,1
202300006257,11,7,2023,21:45,4,1,6,2B,2B033,1,2,3,1,1
202300006258,25,11,2023,02:40,5,1,7,13,13071,2,3,2,1,1
202300006259,5,6,2023,18:00,1,1,6,91,91201,2,3,-1,1,1
202300006259,5,6,2023,18:00,1,1,6,91,91201,2,3,-1,2,1
202300006260,22,3,2023,19:08,5,2,6,94,94046,2,6,-1,1,2
202300006261,6,6,2023,11:40,1,1,7,91,91421,2,4,2,1,1
202300006262,23,3,2023,13:30,1,1,6,94,94011,2,3,3,1,1
202300006263,19,10,2023,19:40,5,2,3,13,13056,2,7,2,1,2
202300006264,10,7,2023,16:50,1,1,4,971,97113,1,2,1,1,1
202300006265,4,6,2023,22:00,2,1,3,91,91027,2,3,2,1,1
202300006266,23,3,2023,12:20,1,1,3,94,94022,2,3,2,1,1
202300006266,23,3,2023,12:20,1,1,3,94,94022,2,3,2,1,1
202300006267,11,7,2023,18:45,1,1,6,2A,2A004,2,4,2,2,1
202300006268,25,11,2023,23:30,5,1,2,13,13208,2,9,-1,1,1
202300006269,4,6,2023,12:00,1,7,6,91,91479,2,4,1,1,1
202300006270,10,7,2023,18:45,1,1,3,2A,2A004,2,2,2,1,1
202300006271,25,11,2023,09:30,1,1,1,13,13005,2,4,2,2,1
202300006272,23,3,2023,13:15,1,1,2,94,94069,2,3,1,1,1
202300006272,23,3,2023,13:15,1,1,2,94,94069,2,3,1,1,1
202300006273,29,5,2023,00:15,5,1,7,91,91174,2,3,2,1,1
202300006273,29,5,2023,00:15,5,1,7,91,91174,2,3,-1,1,1
202300006274,11,7,2023,17:00,1,1,6,91,91692,2,4,2,1,1
202300006275,24,11,2023,15:15,1,1,1,06,06159,1,7,2,2,1
202300006276,23,3,2023,19:00,4,2,3,93,93071,2,3,3,1,2
202300006277,5,6,2023,07:50,1,7,1,91,91223,2,4,2,1,1
202300006278,23,3,2023,12:30,1,1,2,93,93070,2,4,3,1,1
202300006279,10,7,2023,19:50,1,1,6,91,91477,2,4,1,1,1
202300006279,10,7,2023,19:50,1,1,6,91,91477,2,4,2,1,1
202300006280,1,11,2023,18:30,5,2,3,05,05061,2,2,2,1,2
202300006280,1,11,2023,18:30,5,2,3,05,05061,2,2,2,1,2
202300006281,21,3,2023,12:20,1,1,1,93,93053,2,3,2,1,1
202300006282,25,11,2023,15:00,1,7,6,04,04070,2,4,1,1,1
202300006283,10,7,2023,12:45,1,1,3,91,91657,2,4,2,1,1
202300006283,10,7,2023,12:45,1,1,3,91,91657,2,4,2,1,1
202300006284,2,6,2023,19:10,1,1,3,89,89024,2,4,2,2,1
202300006284,2,6,2023,19:10,1,1,3,89,89024,2,4,2,1,1
202300006285,23,3,2023,23:05,5,2,1,93,93048,2,4,2,1,2
202300006285,23,3,2023,23:05,5,2,1,93,93048,2,4,2,1,2
202300006286,6,7,2023,14:11,1,1,3,87,87085,2,4,2,1,1
202300006286,6,7,2023,14:11,1,1,3,87,87085,2,4,2,1,1
202300006287,24,11,2023,23:00,5,1,2,75,75112,2,4,1,1,1
202300006288,4,6,2023,01:00,5,1,3,88,88209,2,3,2,1,1
202300006288,4,6,2023,01:00,5,1,3,88,88209,2,3,2,1,1
202300006289,17,3,2023,19:30,5,2,6,93,93032,2,3,2,2,2
202300006290,10,7,2023,10:35,1,1,6,84,84007,2,4,3,1,1
202300006290,10,7,2023,10:35,1,1,6,84,84007,2,4,2,1,1
202300006291,3,6,2023,13:54,1,1,2,87,87085,2,6,-1,1,1
202300006292,23,3,2023,07:50,1,1,1,93,93031,2,3,2,1,1
202300006293,11,7,2023,08:25,1,1,6,83,83137,2,4,2,1,1
202300006294,23,11,2023,18:50,5,1,5,75,75117,2,4,1,1,1
202300006295,22,3,2023,16:05,1,1,2,93,93010,2,3,3,1,1
202300006296,11,7,2023,18:50,1,1,1,83,83126,2,4,2,1,1
202300006297,3,6,2023,01:57,5,1,3,87,87085,2,2,3,2,1
202300006297,3,6,2023,01:57,5,1,3,87,87085,2,2,2,1,1
202300006298,11,7,2023,09:30,1,1,1,83,83009,2,3,2,1,1
202300006299,23,3,2023,07:00,2,2,6,93,93008,2,4,2,1,2
202300006299,23,3,2023,07:00,2,2,6,93,93008,2,4,2,1,2
202300006300,2,6,2023,15:46,1,1,4,87,87085,1,1,3,2,1
202300006301,23,11,2023,10:24,1,1,6,75,75114,2,4,2,1,1
202300006301,23,11,2023,10:24,1,1,6,75,75114,2,4,2,1,1
202300006302,23,3,2023,19:00,2,2,2,93,93005,2,3,3,1,2
202300006303,7,7,2023,11:20,1,1,6,83,83123,2,4,2,1,1
202300006304,3,6,2023,06:25,2,1,2,86,86194,2,4,-1,1,1
202300006305,25,11,2023,16:00,1,8,6,75,75105,2,4,2,2,1
202300006305,25,11,2023,16:00,1,8,6,75,75105,2,4,1,1,1
202300006306,23,3,2023,09:55,1,1,3,92,92040,2,3,2,1,1
202300006307,11,7,2023,11:00,1,1,1,83,83061,2,4,2,2,1
202300006308,6,6,2023,15:20,1,1,3,83,83137,2,4,1,3,1
202300006308,6,6,2023,15:20,1,1,3,83,83137,2,4,2,1,1
202300006309,23,3,2023,08:02,1,2,6,92,92026,2,3,2,1,2
202300006310,6,6,2023,08:30,1,1,6,83,83069,2,4,2,2,1
202300006311,25,11,2023,07:48,2,1,3,75,75120,2,4,1,1,1
202300006311,25,11,2023,07:48,2,1,3,75,75120,2,4,1,1,1
202300006312,11,7,2023,17:45,1,1,1,81,81018,1,3,2,2,1
202300006313,23,3,2023,07:50,1,8,6,92,92012,2,3,2,1,2
202300006314,25,11,2023,14:15,1,1,6,75,75115,2,4,1,1,1
202300006315,5,6,2023,17:30,1,2,1,83,83061,1,3,2,1,2
202300006316,20,1,2023,13:00,1,4,7,51,51531,1,3,2,1,7
202300006317,11,7,2023,14:00,1,1,3,79,79329,2,4,2,1,1
202300006317,11,7,2023,14:00,1,1,3,79,79329,2,4,2,1,1
202300006318,25,11,2023,07:00,5,1,6,75,75115,2,4,4,1,1
202300006318,25,11,2023,07:00,5,1,6,75,75115,2,4,2,1,1
202300006319,6,6,2023,18:20,1,1,3,78,78502,2,2,2,1,1
202300006320,15,3,2023,13:00,1,1,3,91,91235,2,3,2,1,1
202300006320,15,3,2023,13:00,1,1,3,91,91235,2,3,3,1,1
202300006321,5,6,2023,15:49,1,1,3,78,78029,2,4,2,1,1
202300006321,5,6,2023,15:49,1,1,3,78,78029,2,4,2,2,1
202300006322,24,11,2023,02:15,5,1,3,75,75115,2,4,2,1,1
202300006322,24,11,2023,02:15,5,1,3,75,75115,2,4,1,1,1
202300006323,20,3,2023,15:39,1,1,3,06,06161,2,3,2,1,1
202300006324,11,7,2023,16:25,1,7,7,77,77143,2,3,2,1,1
202300006324,11,7,2023,16:25,1,7,7,77,77143,2,3,2,1,1
202300006325,11,7,2023,19:30,1,1,6,76,76484,2,7,2,1,1
202300006325,11,7,2023,19:30,1,1,6,76,76484,2,7,2,1,1
202300006326,24,11,2023,23:10,5,1,2,75,75114,2,4,1,1,1
202300006326,24,11,2023,23:10,5,1,2,75,75114,2,4,1,1,1
202300006327,20,1,2023,15:00,1,1,6,974,97412,1,4,2,1,1
202300006328,6,6,2023,09:35,1,7,6,77,77468,2,4,1,1,1
202300006329,11,7,2023,10:15,1,1,3,69,69029,2,4,2,1,1
202300006329,11,7,2023,10:15,1,1,3,69,69029,2,4,2,1,1
202300006330,17,1,2023,19:00,3,1,1,972,97210,1,2,-1,1,1
202300006331,25,11,2023,18:10,5,1,3,75,75113,2,4,2,1,1
202300006331,25,11,2023,18:10,5,1,3,75,75113,2,4,-1,1,1
202300006332,6,6,2023,08:05,1,1,3,77,77482,2,3,2,1,1
202300006332,6,6,2023,08:05,1,1,3,77,77482,2,3,2,1,1
202300006333,24,2,2023,08:30,1,1,7,86,86254,1,3,2,1,2
202300006334,10,7,2023,16:15,1,1,3,69,69091,2,4,1,1,1
202300006335,11,7,2023,18:50,1,1,6,67,67482,2,4,3,1,1
202300006336,25,11,2023,15:07,1,1,3,75,75113,2,4,2,1,1
202300006336,25,11,2023,15:07,1,1,3,75,75113,2,4,2,1,1
202300006337,23,3,2023,22:20,3,3,6,14,14475,1,1,3,1,2
202300006338,5,6,2023,09:55,1,1,3,77,77255,1,4,2,1,1
202300006338,5,6,2023,09:55,1,1,3,77,77255,1,4,-1,1,1
202300006339,8,4,2023,10:00,1,1,3,74,74210,1,3,2,2,1
202300006339,8,4,2023,10:00,1,1,3,74,74210,1,3,2,1,1
202300006340,11,7,2023,07:30,1,7,3,67,67204,2,4,2,1,1
202300006340,11,7,2023,07:30,1,7,3,67,67204,2,4,2,1,1
202300006341,23,3,2023,15:30,1,1,1,80,80792,1,3,2,1,1
202300006341,23,3,2023,15:30,1,1,1,80,80792,1,3,2,1,1
202300006342,7,12,2023,14:40,1,1,6,74,74012,2,6,-1,1,1
202300006343,6,6,2023,07:30,1,1,3,77,77014,2,4,2,2,1
202300006344,25,11,2023,11:36,1,1,3,75,75113,2,4,2,1,1
202300006344,25,11,2023,11:36,1,1,3,75,75113,2,4,2,1,1
202300006345,24,3,2023,13:26,1,2,6,71,71585,1,3,2,1,2
202300006346,10,7,2023,18:55,1,1,3,67,67482,2,4,2,1,1
202300006347,6,6,2023,23:02,5,1,1,76,76540,2,4,2,1,1
202300006347,6,6,2023,23:02,5,1,1,76,76540,2,4,2,1,-1
202300006348,8,7,2023,07:42,1,1,2,66,66136,2,3,3,1,1
202300006349,14,3,2023,21:15,3,1,3,89,89074,2,4,2,1,2
202300006350,25,11,2023,02:00,5,1,1,75,75112,2,4,2,1,1
202300006350,25,11,2023,02:00,5,1,1,75,75112,2,4,-1,1,1
202300006351,26,10,2023,19:15,5,1,3,50,50341,2,3,2,2,1
202300006351,26,10,2023,19:15,5,1,3,50,50341,2,3,2,1,1
202300006352,4,6,2023,11:45,1,1,2,76,76540,2,7,2,2,1
202300006353,7,7,2023,09:28,1,1,3,66,66136,2,4,2,1,1
202300006353,7,7,2023,09:28,1,1,3,66,66136,2,4,1,1,1
202300006354,24,11,2023,17:50,5,1,6,75,75110,2,4,1,1,1
202300006354,24,11,2023,17:50,5,1,6,75,75110,2,4,-1,2,1
202300006355,10,7,2023,06:10,2,1,2,64,64483,2,3,2,1,1
202300006355,10,7,2023,06:10,2,1,2,64,64483,2,3,3,1,1
202300006356,29,11,2023,11:40,1,1,2,971,97118,1,2,3,1,1
202300006357,5,6,2023,18:05,1,1,2,76,76351,2,4,2,4,1
202300006357,5,6,2023,18:05,1,1,2,76,76351,2,4,2,1,1
202300006358,24,3,2023,05:15,3,2,6,68,68291,1,3,2,1,2
202300006359,11,7,2023,22:25,5,2,3,64,64102,2,3,1,1,2
202300006359,11,7,2023,22:25,5,2,3,64,64102,2,3,2,2,2
202300006360,24,11,2023,22:10,5,1,4,75,75110,2,4,1,1,1
202300006360,24,11,2023,22:10,5,1,4,75,75110,2,4,2,1,1
202300006361,23,3,2023,15:17,1,8,6,25,25532,1,2,3,4,1
202300006362,5,6,2023,18:30,1,1,6,76,76351,2,4,2,1,1
202300006362,5,6,2023,18:30,1,1,6,76,76351,2,4,2,1,1
202300006363,31,1,2023,13:50,1,1,3,64,64284,2,4,2,1,1
202300006363,31,1,2023,13:50,1,1,3,64,64284,2,4,1,1,1
202300006364,24,3,2023,00:59,3,2,6,29,29170,1,4,2,1,2
202300006365,11,7,2023,20:43,1,1,6,64,64102,2,4,1,1,1
202300006366,24,11,2023,21:50,5,1,2,75,75104,2,4,1,1,1
202300006367,3,6,2023,02:50,5,1,2,76,76351,2,4,2,1,1
202300006368,22,3,2023,17:30,2,1,7,38,38547,1,3,2,2,1
202300006369,10,7,2023,19:30,1,1,3,63,63300,1,3,-1,1,1
202300006369,10,7,2023,19:30,1,1,3,63,63300,1,3,2,1,1
202300006370,2,6,2023,15:35,1,1,7,76,76351,2,4,2,1,1
202300006371,25,11,2023,12:40,1,1,6,75,75103,2,4,-1,1,1
202300006371,25,11,2023,12:40,1,1,6,75,75103,2,4,1,1,1
202300006372,24,3,2023,08:00,1,2,6,03,03103,2,3,2,1,2
202300006373,20,10,2023,11:35,1,1,5,38,38318,1,4,2,3,1
202300006374,24,3,2023,03:30,3,1,6,01,01230,1,3,2,1,1
202300006375,4,7,2023,22:30,3,2,6,59,59369,1,3,2,2,2
202300006376,2,6,2023,20:20,2,1,4,76,76351,2,4,3,1,1
202300006376,2,6,2023,20:20,2,1,4,76,76351,2,4,2,1,1
202300006377,25,11,2023,19:45,5,1,3,94,94080,2,3,1,1,1
202300006377,25,11,2023,19:45,5,1,3,94,94080,2,3,2,1,1
202300006378,20,1,2023,02:00,3,1,6,58,58278,1,3,2,3,2
202300006379,3,10,2023,10:22,1,7,6,38,38544,2,4,1,1,1
202300006380,10,7,2023,17:10,1,1,1,59,59279,2,7,2,1,1
202300006381,25,11,2023,14:45,1,1,3,94,94042,2,4,1,1,1
202300006382,24,3,2023,07:45,2,1,1,66,66098,2,3,2,2,1
202300006383,3,6,2023,23:30,5,1,2,76,76447,2,3,2,1,1
202300006384,23,9,2023,10:20,1,1,5,38,38544,1,3,2,3,1
202300006385,24,11,2023,18:20,5,1,6,94,94046,2,4,2,1,1
202300006386,10,7,2023,07:04,1,1,3,59,59512,2,7,3,1,1
202300006386,10,7,2023,07:04,1,1,3,59,59512,2,7,3,1,1
202300006387,23,3,2023,15:30,1,2,6,54,54135,1,3,2,2,2
202300006388,30,5,2023,14:30,1,1,6,76,76351,2,4,1,1,1
202300006388,30,5,2023,14:30,1,1,6,76,76351,2,4,2,1,1
202300006389,20,9,2023,18:03,2,1,3,38,38544,2,4,2,1,1
202300006389,20,9,2023,18:03,2,1,3,38,38544,2,4,2,1,1
202300006390,11,7,2023,08:00,1,1,3,59,59328,2,7,1,1,1
202300006390,11,7,2023,08:00,1,1,3,59,59328,2,7,2,1,1
202300006391,3,6,2023,20:30,1,1,3,76,76351,2,3,-1,1,1
202300006391,3,6,2023,20:30,1,1,3,76,76351,2,3,2,1,1
202300006392,24,3,2023,15:50,1,1,6,54,54312,1,3,2,2,1
202300006393,25,11,2023,09:55,1,1,3,94,94041,2,3,1,1,1
202300006393,25,11,2023,09:55,1,1,3,94,94041,2,3,1,1,1
202300006394,16,9,2023,15:53,1,8,6,38,38544,2,4,1,1,1
202300006395,6,7,2023,16:00,1,1,2,59,59350,2,4,1,1,1
202300006396,5,6,2023,20:30,1,1,6,74,74298,2,4,2,2,1
202300006397,4,8,2023,18:05,2,1,6,38,38544,2,4,2,2,1
202300006398,24,3,2023,14:00,1,8,3,50,50453,1,3,2,2,2