id_accident,jour,mois,annee,heure_minute,luminosite,meteo,type_collision,departement,commune,agglomeration,categorie_route,regime_circulation,profil_route,etat_surface
202300006398,24,3,2023,14:00,1,8,3,50,50453,1,3,2,2,2
202300006399,10,7,2023,16:05,1,7,3,59,59476,2,3,2,2,1
202300006400,4,12,2023,08:38,1,1,6,74,74305,2,4,3,1,1
202300006401,25,11,2023,00:10,5,1,3,94,94038,2,3,2,1,1
202300006401,25,11,2023,00:10,5,1,3,94,94038,2,3,2,1,1
202300006402,21,3,2023,08:30,1,1,2,60,60686,1,3,2,1,1
202300006403,5,6,2023,22:12,5,1,7,72,72181,2,4,2,1,1
202300006404,11,7,2023,07:30,1,7,6,51,51454,2,4,2,1,1
202300006405,25,11,2023,03:55,5,1,6,94,94077,2,3,2,1,1
202300006406,3,12,2023,10:10,1,1,6,74,74010,2,4,2,1,1
202300006407,25,11,2023,03:30,5,1,6,94,94018,2,3,1,2,1
202300006408,5,6,2023,15:10,1,1,3,72,72181,2,4,2,1,1
202300006409,10,7,2023,19:52,1,1,2,51,51454,2,3,3,1,1
202300006410,3,6,2023,16:35,1,1,2,72,72181,1,3,1,1,1
202300006411,24,3,2023,06:20,3,1,6,64,64211,1,3,2,1,1
202300006411,24,3,2023,06:20,3,1,6,64,64211,1,3,2,1,1
202300006412,25,11,2023,06:40,5,1,1,93,93059,2,3,2,1,1
202300006413,8,7,2023,18:33,1,1,3,49,49007,2,4,3,1,1
202300006413,8,7,2023,18:33,1,1,3,49,49007,2,4,1,1,1
202300006414,5,6,2023,12:40,1,1,3,71,71076,2,4,2,1,1
202300006415,30,11,2023,18:20,5,1,3,56,56260,2,4,2,1,1
202300006415,30,11,2023,18:20,5,1,3,56,56260,2,4,3,2,1
202300006416,6,7,2023,19:50,1,1,7,48,48095,2,2,3,1,1
202300006417,24,11,2023,21:40,5,1,6,93,93051,2,4,1,1,1
202300006417,24,11,2023,21:40,5,1,6,93,93051,2,4,2,1,1
202300006418,14,3,2023,15:15,1,1,3,36,36064,1,3,2,1,1
202300006418,14,3,2023,15:15,1,1,3,36,36064,1,3,2,1,1
202300006419,6,6,2023,19:50,1,1,6,69,69282,2,4,2,1,1
202300006420,24,3,2023,02:58,3,1,6,07,07204,2,3,2,1,1
202300006421,11,7,2023,19:00,1,1,1,44,44109,2,4,2,1,1
202300006422,24,11,2023,16:45,2,1,3,93,93033,2,3,2,1,1
202300006422,24,11,2023,16:45,2,1,3,93,93033,2,3,2,1,1
202300006423,23,3,2023,22:30,3,2,7,24,24526,1,3,-1,1,2
202300006424,6,6,2023,16:24,1,1,3,69,69266,2,4,2,1,1
202300006424,6,6,2023,16:24,1,1,3,69,69266,2,4,2,1,1
202300006425,20,10,2023,06:35,5,2,6,94,94028,2,4,2,1,2
202300006426,10,7,2023,15:20,1,1,3,42,42207,2,4,2,1,1
202300006426,10,7,2023,15:20,1,1,3,42,42207,2,4,1,1,1
202300006427,25,11,2023,18:30,5,8,2,93,93032,2,3,1,2,2
202300006428,18,1,2023,01:10,3,8,6,85,85273,1,3,2,1,2
202300006429,6,7,2023,11:16,1,1,7,83,83019,1,3,2,1,1
202300006430,27,12,2023,15:55,1,1,7,65,65083,2,3,2,1,1
202300006431,25,11,2023,19:35,5,1,3,93,93031,2,3,2,1,1
202300006431,25,11,2023,19:35,5,1,3,93,93031,2,3,3,1,1
202300006432,19,3,2023,15:30,1,1,3,17,17466,1,2,3,1,1
202300006433,5,6,2023,08:15,1,1,3,67,67482,2,4,2,1,1
202300006433,5,6,2023,08:15,1,1,3,67,67482,2,4,2,1,1
202300006434,10,7,2023,16:45,1,1,1,37,37208,2,4,2,2,1
202300006435,16,9,2023,14:15,-1,-1,7,65,65239,1,3,2,2,1
202300006436,22,3,2023,12:10,1,1,1,87,87041,1,3,2,3,1
202300006437,4,6,2023,14:30,1,1,3,67,67482,2,4,1,1,1
202300006438,25,11,2023,14:25,1,1,2,93,93029,2,3,2,1,1
202300006439,18,1,2023,06:35,3,8,6,35,35210,1,2,3,1,2
202300006440,10,10,2023,08:00,1,1,5,69,69264,2,3,1,1,1
202300006440,10,10,2023,08:00,1,1,5,69,69264,2,3,2,2,1
202300006441,4,6,2023,00:45,5,1,2,67,67482,2,4,3,1,1
202300006442,25,11,2023,08:20,1,1,3,93,93029,2,3,2,1,1
202300006443,11,7,2023,17:10,1,1,4,35,35238,1,2,3,1,1
202300006444,24,3,2023,17:40,2,1,1,06,06067,1,1,3,2,1
202300006445,24,10,2023,09:30,1,8,3,75,75107,2,4,1,2,3
202300006445,24,10,2023,09:30,1,8,3,75,75107,2,4,1,2,3
202300006446,4,6,2023,19:20,1,1,3,67,67482,2,4,2,1,1
202300006446,4,6,2023,19:20,1,1,3,67,67482,2,4,2,1,1
202300006447,25,11,2023,19:50,5,1,2,93,93030,2,3,3,1,1
202300006448,24,3,2023,13:00,1,8,1,69,69026,1,3,2,1,1
202300006449,11,7,2023,19:35,2,1,1,33,33192,2,4,3,1,1
202300006449,11,7,2023,19:35,2,1,1,33,33192,2,4,2,1,1
202300006450,30,12,2023,23:25,3,1,1,49,49301,1,3,2,2,2
202300006451,2,6,2023,08:21,1,1,2,66,66172,1,3,1,1,1
202300006452,25,11,2023,10:45,1,1,6,93,93008,2,3,3,1,1
202300006452,25,11,2023,10:45,1,1,6,93,93008,2,3,1,1,1
202300006453,28,2,2023,08:27,1,1,2,76,76484,1,1,3,2,1
202300006454,11,7,2023,10:35,1,1,2,33,33550,2,4,-1,1,1
202300006454,11,7,2023,10:35,1,1,2,33,33550,2,4,-1,1,1
202300006455,29,10,2023,14:00,1,1,6,14,14715,2,3,4,2,1
202300006456,21,3,2023,17:50,1,1,6,971,97125,2,4,2,1,1
202300006457,1,6,2023,17:07,1,1,2,66,66136,2,4,2,1,1
202300006458,24,11,2023,17:45,5,1,3,93,93005,2,3,2,1,1
202300006458,24,11,2023,17:45,5,1,3,93,93005,2,3,3,1,1
202300006459,25,11,2023,05:55,5,1,2,84,84035,1,4,-1,1,1
202300006460,10,7,2023,20:27,2,7,3,33,33522,2,4,3,1,1
202300006460,10,7,2023,20:27,2,7,3,33,33522,2,4,2,1,1
202300006461,1,6,2023,10:33,1,1,6,66,66136,2,4,2,2,1
202300006462,19,3,2023,16:10,1,1,3,978,97801,2,4,2,1,1
202300006463,25,11,2023,03:56,5,1,7,92,92040,2,3,1,1,1
202300006464,27,12,2023,13:40,1,7,3,38,38301,1,3,2,1,1
202300006464,27,12,2023,13:40,1,7,3,38,38301,1,3,2,1,1
202300006465,6,6,2023,18:25,1,7,3,64,64189,2,3,2,1,1
202300006466,11,7,2023,10:25,1,1,6,31,31555,2,4,2,1,1
202300006467,25,11,2023,12:25,1,1,1,92,92012,2,3,2,1,1
202300006468,19,1,2023,18:10,5,1,6,77,77440,2,3,2,1,1
202300006468,19,1,2023,18:10,5,1,6,77,77440,2,3,2,1,1
202300006469,11,6,2023,23:10,3,1,6,14,14701,1,4,2,2,1
202300006470,10,7,2023,11:15,1,1,6,30,30007,2,4,2,1,1
202300006471,14,3,2023,17:00,1,2,2,34,34299,1,3,2,1,2
202300006472,26,11,2023,15:30,1,8,6,09,09214,2,4,2,1,2
202300006473,3,6,2023,12:55,1,1,1,64,64102,2,4,-1,2,1
202300006474,3,6,2023,05:30,2,1,6,14,14079,1,3,2,1,1
202300006475,23,3,2023,07:45,1,2,3,25,25505,1,3,2,1,2
202300006476,5,6,2023,07:34,1,1,6,60,60057,2,4,1,1,1
202300006477,26,11,2023,18:53,5,1,6,30,30334,2,3,2,1,1
202300006478,7,7,2023,19:25,1,1,3,30,30007,1,3,2,2,1
202300006478,7,7,2023,19:25,1,1,3,30,30007,1,3,2,2,1
202300006479,28,5,2023,04:15,5,1,3,14,14220,2,4,2,1,1
202300006480,20,1,2023,16:35,1,1,2,68,68323,1,3,2,1,1
202300006481,5,6,2023,16:25,1,1,6,59,59508,2,4,2,1,1
202300006482,26,11,2023,06:19,3,1,1,30,30030,1,3,2,2,1
202300006483,11,7,2023,08:45,1,2,5,29,29232,1,3,-1,3,2
202300006484,24,3,2023,17:10,1,2,1,73,73303,1,3,2,1,2
202300006485,28,11,2023,17:40,5,1,3,74,74298,2,4,2,1,1
202300006485,28,11,2023,17:40,5,1,3,74,74298,2,4,-1,1,2
202300006486,6,6,2023,23:15,3,1,1,59,59527,2,4,2,1,1
202300006487,11,7,2023,13:00,1,1,1,28,28110,2,3,2,1,1
202300006488,25,11,2023,23:10,3,1,7,62,62583,1,4,2,1,1
202300006489,24,3,2023,05:00,5,2,6,73,73213,2,3,2,1,2
202300006489,24,3,2023,05:00,5,2,6,73,73213,2,3,2,1,2
202300006490,7,9,2023,10:59,1,1,6,93,93013,2,3,3,1,1
202300006490,7,9,2023,10:59,1,1,6,93,93013,2,3,3,1,1
202300006491,11,7,2023,13:40,1,1,2,27,27701,1,3,1,2,1
202300006492,5,6,2023,18:00,1,1,1,59,59350,2,4,2,1,1
202300006492,5,6,2023,18:00,1,1,1,59,59350,2,4,2,1,1
202300006493,23,3,2023,21:40,5,1,6,69,69121,2,3,2,1,1
202300006494,25,11,2023,19:50,3,1,1,77,77162,1,3,2,1,6
202300006495,22,3,2023,17:50,1,1,6,09,09066,1,3,2,1,1
202300006496,11,7,2023,17:25,1,1,6,25,25462,2,4,3,1,1
202300006497,5,6,2023,13:00,1,1,3,59,59350,2,4,2,1,1
202300006498,18,9,2023,12:00,1,1,3,29,29011,1,3,2,2,1
202300006498,18,9,2023,12:00,1,1,3,29,29011,1,3,2,1,1
202300006499,25,11,2023,16:10,1,1,2,56,56205,1,3,2,1,1
202300006499,25,11,2023,16:10,1,1,2,56,56205,1,3,2,1,1
202300006500,10,7,2023,13:00,1,1,3,18,18033,1,4,2,1,1
202300006501,22,3,2023,16:30,1,8,3,17,17095,1,3,2,1,2
202300006501,22,3,2023,16:30,1,8,3,17,17095,1,3,2,1,1
202300006502,2,6,2023,09:30,1,1,1,59,59008,2,4,2,1,1
202300006503,18,12,2023,16:30,1,2,6,60,60612,2,3,2,3,2
202300006504,5,6,2023,06:24,1,1,2,57,57757,2,3,2,1,1
202300006505,23,3,2023,10:10,1,1,6,49,49021,2,6,-1,1,1
202300006506,11,7,2023,05:25,5,1,7,17,17461,2,3,1,2,1
202300006507,24,3,2023,05:15,3,9,6,56,56041,1,3,2,1,2
202300006508,5,6,2023,23:20,5,1,7,57,57480,2,4,2,1,1
202300006509,25,11,2023,19:55,3,5,6,65,65033,1,4,2,3,1
202300006510,11,7,2023,23:45,5,1,6,13,13214,2,4,2,1,1
202300006511,23,3,2023,18:00,1,3,1,62,62560,1,3,2,1,2
202300006512,25,11,2023,09:15,1,8,7,71,71263,2,4,2,1,1
202300006513,7,11,2023,08:20,1,1,3,13,13216,1,1,-1,2,1
202300006514,1,6,2023,14:27,1,1,3,57,57591,2,4,2,1,1
202300006514,1,6,2023,14:27,1,1,3,57,57591,2,4,2,1,1
202300006515,23,3,2023,09:35,1,1,5,59,59256,1,7,2,1,1
202300006516,26,12,2023,07:30,4,2,7,59,59507,1,1,-1,1,2
202300006517,10,7,2023,15:15,1,1,3,13,13047,2,4,2,1,1
202300006518,26,11,2023,15:10,1,1,3,71,71359,1,3,2,1,1
202300006519,4,6,2023,10:43,1,1,6,57,57019,2,4,-1,1,1
202300006520,26,9,2023,18:30,1,1,6,14,14110,1,3,2,1,1
202300006520,26,9,2023,18:30,1,1,6,14,14110,1,3,2,1,1
202300006521,23,3,2023,08:09,1,2,5,59,59071,2,3,2,1,2
202300006521,23,3,2023,08:09,1,2,5,59,59071,2,3,2,1,2
202300006522,26,11,2023,12:30,1,1,7,63,63368,1,3,2,1,1
202300006523,11,7,2023,23:00,3,1,2,13,13004,1,4,2,1,1
202300006524,22,11,2023,14:00,1,1,6,74,74256,2,4,2,1,1
202300006525,25,11,2023,16:40,1,2,6,63,63155,2,3,2,1,2
202300006526,5,6,2023,15:35,1,1,2,57,57660,2,4,2,-1,1
202300006527,23,3,2023,10:00,1,1,2,13,13211,1,1,1,1,1
202300006528,10,7,2023,22:05,5,1,3,09,09225,2,3,2,1,1
202300006528,10,7,2023,22:05,5,1,3,09,09225,2,3,2,1,1
202300006529,26,11,2023,04:30,3,1,6,61,61081,1,3,2,1,1
202300006530,6,6,2023,10:15,1,1,6,56,56121,2,4,3,1,1
202300006531,17,11,2023,15:45,1,8,1,74,74058,2,3,2,1,2
202300006532,6,6,2023,11:00,1,1,6,56,56121,2,6,-1,1,1
202300006533,14,11,2023,00:26,5,3,7,74,74096,1,1,1,1,2
202300006534,10,7,2023,12:40,1,1,2,07,07316,2,3,2,1,1
202300006535,23,3,2023,06:15,2,1,2,13,13026,1,1,1,1,1
202300006536,6,6,2023,08:14,1,1,6,56,56121,2,4,2,1,1
202300006537,9,11,2023,19:00,5,2,2,74,74242,2,3,2,1,2
202300006538,26,11,2023,12:09,1,1,6,42,42289,1,3,2,1,1
202300006539,11,7,2023,16:35,1,1,3,06,06088,2,4,3,1,1
202300006540,2,11,2023,19:00,3,2,1,74,74042,1,3,2,1,2
202300006541,5,6,2023,08:20,2,7,3,56,56121,2,4,2,3,1
202300006541,5,6,2023,08:20,2,7,3,56,56121,2,4,2,1,1
202300006542,2,6,2023,18:34,1,1,7,56,56121,2,4,2,1,1
202300006543,27,10,2023,20:00,3,2,2,74,74094,1,3,2,1,2
202300006544,10,7,2023,16:45,1,1,4,06,06149,2,7,3,1,1
202300006545,5,6,2023,22:39,5,1,3,54,54265,2,4,1,1,1
202300006545,5,6,2023,22:39,5,1,3,54,54265,2,4,2,1,1
202300006546,16,6,2023,09:40,1,1,3,05,05061,2,4,1,1,1
202300006547,22,3,2023,15:40,1,1,2,13,13071,1,1,3,3,1
202300006548,18,10,2023,16:00,1,1,3,74,74269,1,3,2,1,1
202300006548,18,10,2023,16:00,1,1,3,74,74269,1,3,2,1,1
202300006549,5,6,2023,15:30,1,1,3,54,54274,2,4,2,1,1
202300006549,5,6,2023,15:30,1,1,3,54,54274,2,4,2,1,1
202300006550,5,7,2023,12:15,1,1,3,05,05061,1,3,2,2,1
202300006551,25,11,2023,21:10,3,1,1,47,47208,1,3,2,1,1
202300006552,5,6,2023,12:05,1,1,6,54,54339,2,4,2,1,1
202300006553,12,6,2023,08:00,1,1,2,05,05061,1,2,2,1,1
202300006554,15,10,2023,03:40,3,1,6,74,74233,1,1,3,1,2
202300006555,6,6,2023,09:10,1,1,3,54,54261,2,3,2,1,1
202300006555,6,6,2023,09:10,1,1,3,54,54261,2,3,2,1,1
202300006556,12,10,2023,22:15,3,1,7,74,74212,2,4,2,2,1
202300006557,11,7,2023,17:30,1,1,1,03,03185,2,6,-1,1,1
202300006558,23,3,2023,17:36,1,1,3,69,69382,1,7,3,2,1
202300006559,2,6,2023,13:15,1,1,1,52,52534,1,4,2,1,1
202300006560,3,12,2023,17:16,5,2,6,02,02691,2,4,2,2,2
202300006561,10,7,2023,13:10,1,1,6,75,75106,2,4,2,1,1
202300006561,10,7,2023,13:10,1,1,6,75,75106,2,4,2,1,1
202300006562,15,10,2023,18:20,1,1,3,51,51660,2,4,2,1,1
202300006563,5,6,2023,20:45,1,1,6,51,51454,2,4,2,1,1
202300006564,21,3,2023,22:10,3,1,6,33,33162,1,1,3,1,1
202300006565,25,11,2023,14:59,1,1,5,86,86235,1,3,2,1,1
202300006566,4,6,2023,17:20,1,1,1,51,51454,2,4,-1,1,1
202300006567,20,10,2023,15:49,1,1,3,45,45208,2,4,2,1,1
202300006568,11,7,2023,16:21,1,1,3,75,75118,2,4,2,1,1
202300006568,11,7,2023,16:21,1,1,3,75,75118,2,4,1,1,1
202300006569,26,11,2023,09:00,2,5,6,31,31430,1,4,2,4,2
202300006570,19,3,2023,04:10,3,1,6,59,59143,1,1,-1,1,2
202300006571,25,11,2023,21:30,3,2,6,01,01245,1,3,2,2,2
202300006572,4,6,2023,13:45,1,1,3,51,51454,2,4,2,1,1
202300006572,4,6,2023,13:45,1,1,3,51,51454,2,4,2,1,1
202300006573,11,7,2023,19:00,1,1,6,75,75118,2,4,1,1,1
202300006574,29,7,2023,08:15,1,1,3,35,35196,1,3,2,1,1
202300006574,29,7,2023,08:15,1,1,3,35,35196,1,3,2,1,1
202300006575,3,6,2023,20:10,1,1,2,51,51454,2,4,1,2,1
202300006576,23,3,2023,17:45,1,1,4,91,91689,1,1,1,1,1
202300006577,11,7,2023,11:00,1,1,2,75,75118,2,4,1,1,1
202300006578,28,9,2023,09:40,1,1,2,22,22113,2,3,2,1,1
202300006579,24,11,2023,17:30,2,1,3,26,26345,1,3,2,1,1
202300006580,3,6,2023,18:20,1,1,3,51,51454,2,4,2,1,1
202300006580,3,6,2023,18:20,1,1,3,51,51454,2,4,2,2,1
202300006581,10,7,2023,21:45,5,1,6,75,75118,2,4,1,1,1
202300006581,10,7,2023,21:45,5,1,6,75,75118,2,4,2,1,1
202300006582,23,3,2023,13:30,1,1,4,91,91340,1,1,3,1,1
202300006583,10,7,2023,13:00,1,1,6,75,75116,2,4,1,1,1
202300006584,23,3,2023,09:15,1,1,3,94,94076,1,1,1,1,1
202300006585,23,3,2023,07:55,2,8,7,91,91064,1,2,3,2,2
202300006586,5,6,2023,10:35,1,1,5,49,49007,2,3,3,1,1
202300006587,25,11,2023,21:30,3,1,6,58,58245,1,3,2,1,1
202300006588,27,11,2023,21:52,5,2,6,74,74012,2,4,1,1,2
202300006589,23,3,2023,06:25,3,2,2,91,91286,1,1,3,1,2
202300006590,25,11,2023,22:50,4,1,6,14,14174,2,3,2,2,1
202300006591,26,1,2023,17:15,2,1,2,91,91479,1,2,3,1,1
202300006592,11,7,2023,10:50,1,1,3,75,75115,2,4,2,1,1
202300006592,11,7,2023,10:50,1,1,3,75,75115,2,4,1,1,1
202300006593,23,3,2023,05:00,3,1,6,78,78423,1,1,1,1,1
202300006594,25,11,2023,18:35,3,1,7,18,18103,1,3,2,2,1
202300006595,30,7,2023,06:00,2,1,2,75,75116,2,4,2,1,1
202300006595,30,7,2023,06:00,2,1,2,75,75116,2,4,1,1,1
202300006596,26,11,2023,18:15,3,1,7,18,18224,1,4,2,1,1
202300006597,22,3,2023,17:50,1,1,5,92,92025,1,1,1,1,1
202300006598,5,6,2023,12:45,1,1,2,49,49007,1,3,3,1,1
202300006599,25,11,2023,10:30,1,1,1,07,07143,2,3,2,1,1
202300006600,27,1,2023,01:40,5,1,2,59,59512,2,4,2,1,1
202300006601,21,3,2023,09:45,1,1,4,78,78007,1,1,-1,2,1
202300006602,7,12,2023,18:35,5,2,6,40,40279,2,3,2,1,2
202300006603,26,11,2023,02:05,3,1,6,63,63035,1,1,3,2,1
202300006604,23,3,2023,17:20,1,1,4,93,93066,1,1,3,1,1
202300006605,11,7,2023,13:50,1,1,6,75,75109,2,4,2,1,1
202300006605,11,7,2023,13:50,1,1,6,75,75109,2,4,1,1,1
202300006606,23,3,2023,20:50,5,2,3,94,94028,2,3,3,1,2
202300006606,23,3,2023,20:50,5,2,3,94,94028,2,3,1,1,2
202300006607,25,11,2023,23:10,3,2,7,63,63072,1,1,3,2,2
202300006608,23,3,2023,08:30,1,1,3,93,93008,1,1,3,1,1
202300006609,24,10,2023,18:20,1,1,1,73,73225,2,3,2,2,2
202300006610,26,11,2023,04:15,3,1,6,971,97112,1,3,2,2,1
202300006611,5,6,2023,06:55,1,1,3,49,49007,2,4,1,1,1
202300006611,5,6,2023,06:55,1,1,3,49,49007,2,4,2,1,1
202300006612,22,3,2023,09:00,1,2,3,93,93007,1,1,3,1,2
202300006613,20,2,2023,15:25,1,1,7,81,81311,2,3,2,2,1
202300006614,11,7,2023,00:15,5,1,6,75,75109,2,4,2,1,1
202300006614,11,7,2023,00:15,5,1,6,75,75109,2,4,-1,1,1
202300006615,21,3,2023,22:00,3,1,4,95,95527,1,1,3,1,1
202300006616,25,11,2023,18:00,5,1,3,971,97115,1,2,2,1,1
202300006616,25,11,2023,18:00,5,1,3,971,97115,1,2,2,1,1
202300006617,4,6,2023,18:10,1,1,3,49,49246,2,3,2,1,1
202300006617,4,6,2023,18:10,1,1,3,49,49246,2,3,2,1,1
202300006618,11,7,2023,00:51,5,1,6,75,75107,2,4,2,1,1
202300006618,11,7,2023,00:51,5,1,6,75,75107,2,4,2,1,1
202300006619,25,11,2023,22:32,3,1,1,977,97701,2,2,2,1,1
202300006620,22,3,2023,07:00,1,1,2,94,94015,1,1,-1,1,1
202300006621,5,6,2023,10:36,1,1,2,47,47201,2,3,1,1,1
202300006621,5,6,2023,10:36,1,1,2,47,47201,2,3,2,1,1
202300006622,11,7,2023,15:10,1,1,6,75,75104,2,4,1,1,1
202300006622,11,7,2023,15:10,1,1,6,75,75104,2,4,2,1,1
202300006623,5,6,2023,07:15,1,7,6,44,44109,2,4,3,1,1
202300006624,25,11,2023,10:35,1,1,7,977,97701,2,3,2,2,1
202300006625,22,3,2023,10:20,1,1,3,54,54528,2,3,2,1,1
202300006625,22,3,2023,10:20,1,1,3,54,54528,2,3,2,1,1
202300006626,11,7,2023,09:45,1,1,2,75,75101,2,4,1,1,1
202300006626,11,7,2023,09:45,1,1,2,75,75101,2,4,2,1,1
202300006627,5,6,2023,19:10,1,8,7,43,43157,2,4,1,2,2
202300006628,21,11,2023,17:30,1,1,1,977,97701,2,3,2,2,1
202300006629,22,3,2023,15:30,1,1,6,06,06029,2,4,2,1,1
202300006630,11,7,2023,18:30,1,1,6,94,94081,2,4,2,1,1
202300006631,8,5,2023,19:50,1,2,3,42,42218,2,4,1,1,2
202300006631,8,5,2023,19:50,1,2,3,42,42218,2,4,1,1,2
202300006632,11,7,2023,15:40,1,1,6,94,94081,2,4,-1,1,1
202300006633,26,11,2023,01:05,3,1,6,33,33199,2,4,2,1,1
202300006634,11,7,2023,09:40,1,1,6,94,94041,2,4,2,1,1
202300006635,5,6,2023,19:37,1,1,3,42,42187,2,4,2,1,1
202300006635,5,6,2023,19:37,1,1,3,42,42187,2,4,2,1,1
202300006635,5,6,2023,19:37,1,1,3,42,42187,2,4,1,1,1
202300006636,13,10,2023,16:40,1,1,6,32,32013,2,4,2,1,1
202300006636,13,10,2023,16:40,1,1,6,32,32013,2,4,2,1,1
202300006637,11,7,2023,08:10,1,1,5,94,94065,2,2,1,1,1
202300006638,5,6,2023,08:30,1,1,1,41,41018,2,4,2,1,1
202300006638,5,6,2023,08:30,1,1,1,41,41018,2,4,2,1,1
202300006639,22,3,2023,12:50,1,1,6,976,97611,2,4,3,1,1
202300006640,11,10,2023,14:20,1,1,6,17,17449,2,4,2,1,1
202300006641,11,7,2023,08:30,1,1,1,94,94011,2,3,2,1,1
202300006641,11,7,2023,08:30,1,1,1,94,94011,2,3,2,1,1
202300006642,26,11,2023,03:30,3,5,6,37,37091,1,3,2,1,2
202300006643,5,6,2023,19:20,1,7,3,37,37233,2,4,1,1,1
202300006644,19,8,2023,01:10,4,2,6,14,14118,2,2,1,2,2
202300006645,22,12,2023,14:41,1,7,2,05,05061,2,2,2,1,1
202300006646,8,7,2023,03:55,5,1,6,94,94017,2,3,2,1,1
202300006647,22,3,2023,13:15,1,1,2,974,97416,2,4,2,1,1
202300006648,6,6,2023,19:30,1,1,2,35,35238,2,4,1,1,1
202300006648,6,6,2023,19:30,1,1,2,35,35238,2,4,1,1,1
202300006649,18,8,2023,03:10,3,1,6,13,13117,2,3,2,1,1
202300006650,27,12,2023,19:00,5,3,3,44,44172,1,1,1,4,2
202300006651,11,7,2023,17:45,1,7,2,93,93078,2,3,3,1,1
202300006651,11,7,2023,17:45,1,7,2,93,93078,2,3,3,1,1
202300006652,19,8,2023,16:30,1,1,3,13,13208,2,4,1,1,1
202300006653,6,6,2023,12:05,1,1,3,35,35238,2,4,2,1,1
202300006653,6,6,2023,12:05,1,1,3,35,35238,2,4,3,1,1
202300006654,25,11,2023,16:19,2,7,2,37,37042,1,3,2,2,1
202300006655,26,9,2023,16:55,1,1,2,25,25200,2,3,2,1,1
202300006655,26,9,2023,16:55,1,1,2,25,25200,2,3,2,1,1
202300006656,11,7,2023,17:50,1,1,2,93,93072,2,3,3,1,1
202300006657,22,11,2023,09:00,2,1,6,45,45234,2,4,-1,1,1
202300006658,6,6,2023,08:50,1,1,3,35,35238,2,4,2,1,1
202300006658,6,6,2023,08:50,1,1,3,35,35238,2,4,3,1,1
202300006659,11,7,2023,16:52,1,1,2,93,93070,2,3,2,1,1
202300006660,25,11,2023,01:20,3,1,6,45,45137,1,3,2,1,1
202300006661,19,8,2023,10:05,1,1,3,13,13213,2,4,2,1,1
202300006661,19,8,2023,10:05,1,1,3,13,13213,2,4,2,1,1
202300006662,5,6,2023,17:20,1,1,6,35,35238,2,3,2,1,1
202300006663,1,10,2023,13:15,1,1,3,38,38185,2,7,2,1,1
202300006663,1,10,2023,13:15,1,1,3,38,38185,2,7,3,1,1
202300006664,20,3,2023,08:10,1,1,3,974,97411,2,2,2,1,1
202300006665,11,7,2023,08:00,1,1,3,93,93070,2,4,1,2,1
202300006666,18,8,2023,10:00,1,1,3,13,13210,2,4,2,1,1
202300006667,22,3,2023,12:45,1,1,6,974,97407,2,4,-1,1,9
202300006668,5,6,2023,09:00,1,1,3,34,34301,2,4,1,2,1
202300006669,11,7,2023,14:45,1,1,6,93,93053,2,3,1,2,1
202300006669,11,7,2023,14:45,1,1,6,93,93053,2,3,1,1,1
202300006670,24,11,2023,19:45,5,2,6,74,74305,2,4,2,1,2
202300006670,24,11,2023,19:45,5,2,6,74,74305,2,4,2,1,2
202300006671,28,6,2023,06:40,2,1,3,13,13215,2,1,4,1,1
202300006672,5,6,2023,15:40,1,1,6,34,34172,2,7,3,1,1
202300006673,22,3,2023,08:32,1,1,6,973,97302,2,4,1,1,1
202300006674,11,7,2023,13:17,1,1,3,93,93053,2,3,1,2,1
202300006675,21,3,2023,09:24,1,1,6,973,97302,2,3,1,1,1
202300006676,25,11,2023,23:20,3,6,6,13,13105,1,4,2,1,1
202300006677,4,6,2023,16:55,1,1,3,34,34336,2,4,2,1,1
202300006677,4,6,2023,16:55,1,1,3,34,34336,2,4,-1,1,1
202300006678,24,10,2023,14:30,1,1,3,13,13028,2,4,2,2,1
202300006678,24,10,2023,14:30,1,1,3,13,13028,2,4,1,2,1
202300006679,17,8,2023,19:24,1,1,2,13,13211,2,4,2,1,1
202300006679,17,8,2023,19:24,1,1,2,13,13211,2,4,1,1,1
202300006680,11,7,2023,18:30,1,1,6,93,93048,2,4,1,1,1
202300006680,11,7,2023,18:30,1,1,6,93,93048,2,4,2,1,1
202300006681,22,3,2023,18:20,1,1,6,69,69383,2,4,1,1,1
202300006681,22,3,2023,18:20,1,1,6,69,69383,2,4,1,1,1
202300006682,15,10,2023,19:24,3,6,7,13,13033,1,3,2,1,1
202300006683,24,11,2023,17:30,3,2,6,89,89257,2,6,-1,1,2
202300006684,17,8,2023,15:45,1,1,3,13,13208,2,4,1,1,1
202300006685,10,7,2023,22:35,5,1,1,93,93046,2,3,3,1,1
202300006686,26,11,2023,04:40,3,1,6,89,89050,2,4,2,1,1
202300006687,22,3,2023,17:30,1,1,6,69,69388,2,4,1,1,1
202300006688,5,6,2023,02:15,3,1,3,34,34003,2,4,3,1,1
202300006688,5,6,2023,02:15,3,1,3,34,34003,2,4,-1,1,1
202300006689,25,6,2023,11:45,1,1,7,22,22077,1,3,2,1,1
202300006690,17,8,2023,01:37,5,1,3,13,13215,2,4,2,2,1
202300006690,17,8,2023,01:37,5,1,3,13,13215,2,4,2,2,1
202300006691,25,11,2023,23:15,3,1,6,38,38529,1,7,2,3,1
202300006692,22,3,2023,18:10,1,1,1,69,69388,2,4,2,1,1
202300006693,23,11,2023,07:30,2,8,3,74,74118,2,3,2,1,1