id_accident,jour,mois,annee,heure_minute,luminosite,meteo,type_collision,departement,commune,agglomeration,categorie_route,regime_circulation,profil_route,etat_surface
202300006694,10,7,2023,23:45,5,1,3,93,93007,2,4,2,1,1
202300006694,10,7,2023,23:45,5,1,3,93,93007,2,4,1,1,1
202300006695,6,6,2023,08:15,1,1,3,33,33249,2,4,2,2,1
202300006696,16,8,2023,20:40,2,1,6,13,13214,2,4,1,1,1
202300006697,22,3,2023,12:05,1,1,6,69,69387,2,4,1,1,1
202300006698,23,11,2023,08:53,1,1,6,47,47001,2,3,2,4,1
202300006699,25,11,2023,10:15,1,1,1,69,69206,1,3,2,1,1
202300006700,5,6,2023,12:45,1,1,6,33,33318,2,4,2,1,1
202300006701,16,8,2023,13:50,1,1,1,13,13210,2,4,2,1,1
202300006702,11,7,2023,19:00,1,1,3,93,93001,2,3,1,1,1
202300006702,11,7,2023,19:00,1,1,3,93,93001,2,3,2,1,1
202300006703,22,3,2023,11:30,1,1,2,972,97209,2,4,-1,1,1
202300006704,25,11,2023,23:02,3,1,6,31,31318,1,3,2,1,1
202300006705,16,8,2023,12:20,1,1,6,13,13203,2,4,1,1,1
202300006706,6,10,2023,10:20,1,1,2,13,13051,1,1,3,1,1
202300006707,22,3,2023,12:00,1,2,6,95,95019,2,4,2,1,2
202300006708,26,11,2023,14:00,1,1,7,40,40301,2,3,2,1,1
202300006709,10,7,2023,17:05,1,1,2,92,92050,2,3,2,1,1
202300006710,16,8,2023,12:15,1,1,6,13,13206,2,4,1,2,1
202300006711,5,6,2023,09:30,1,1,3,33,33039,2,4,2,1,1
202300006711,5,6,2023,09:30,1,1,3,33,33039,2,4,3,1,1
202300006712,16,8,2023,12:15,1,1,2,13,13214,2,4,2,1,1
202300006713,25,10,2023,19:30,5,2,6,33,33449,2,6,-1,1,2
202300006714,16,6,2023,00:59,5,1,6,92,92007,2,3,1,1,1
202300006715,5,6,2023,11:40,1,1,3,33,33529,2,3,2,1,1
202300006716,21,3,2023,17:50,1,1,7,91,91471,2,4,1,2,1
202300006717,29,12,2023,09:15,1,2,3,69,69286,1,1,3,1,2
202300006718,17,8,2023,14:25,1,1,3,13,13063,1,3,2,1,1
202300006718,17,8,2023,14:25,1,1,3,13,13063,1,3,2,1,1
202300006719,11,7,2023,19:10,1,1,3,92,92026,2,3,2,1,1
202300006719,11,7,2023,19:10,1,1,3,92,92026,2,3,3,1,1
202300006720,21,3,2023,17:14,1,1,7,87,87085,2,3,2,1,1
202300006720,21,3,2023,17:14,1,1,7,87,87085,2,3,2,1,1
202300006721,25,11,2023,18:55,2,1,5,44,44026,1,3,2,1,1
202300006722,6,6,2023,07:19,1,1,1,31,31555,2,4,2,1,1
202300006723,7,8,2023,09:00,1,1,7,10,10238,1,3,2,1,1
202300006724,16,8,2023,17:05,1,1,3,13,13047,2,4,2,1,1
202300006724,16,8,2023,17:05,1,1,3,13,13047,2,4,2,1,1
202300006725,20,8,2023,09:00,1,1,7,44,44128,1,4,2,1,1
202300006726,21,3,2023,15:08,1,1,7,87,87085,2,4,2,2,1
202300006727,11,7,2023,10:25,1,1,3,92,92026,2,3,3,1,1
202300006728,26,11,2023,11:20,1,1,6,35,35107,1,3,2,1,1
202300006729,6,6,2023,19:00,1,1,3,29,29232,1,3,2,4,1
202300006730,21,12,2023,15:25,1,-1,7,44,44069,2,4,2,1,-1
202300006731,11,7,2023,13:15,1,1,7,92,92012,2,4,2,1,1
202300006732,14,8,2023,17:00,1,1,3,13,13028,2,4,2,1,1
202300006732,14,8,2023,17:00,1,1,3,13,13028,2,4,2,1,1
202300006733,6,6,2023,15:35,1,1,6,29,29232,2,4,-1,1,1
202300006734,25,11,2023,23:50,3,1,6,62,62235,1,3,2,2,1
202300006735,21,3,2023,13:31,1,1,3,87,87085,2,1,1,1,1
202300006735,21,3,2023,13:31,1,1,3,87,87085,2,1,3,2,2
202300006736,10,6,2023,13:15,1,1,3,92,92002,2,3,2,1,1
202300006736,10,6,2023,13:15,1,1,3,92,92002,2,3,2,1,1
202300006737,16,8,2023,11:15,1,1,3,13,13005,2,4,2,1,1
202300006737,16,8,2023,11:15,1,1,3,13,13005,2,4,2,1,1
202300006738,24,11,2023,18:40,5,1,3,13,13213,1,1,1,1,1
202300006739,5,6,2023,20:20,1,1,2,28,28134,2,4,2,1,1
202300006740,12,7,2023,11:02,1,1,6,2A,2A174,1,3,2,2,1
202300006741,18,8,2023,17:35,1,1,3,13,13001,2,4,1,1,1
202300006742,25,11,2023,17:00,2,1,6,91,91689,1,1,3,1,1
202300006743,21,12,2023,20:00,3,1,3,61,61348,1,3,2,2,2
202300006743,21,12,2023,20:00,3,1,3,61,61348,1,3,2,2,2
202300006744,11,7,2023,11:00,1,1,3,91,91340,1,4,2,1,1
202300006745,5,6,2023,19:15,1,1,1,27,27229,2,4,2,1,1
202300006745,5,6,2023,19:15,1,1,1,27,27229,2,4,2,1,1
202300006746,16,8,2023,19:42,1,1,6,10,10387,2,4,2,1,1
202300006746,16,8,2023,19:42,1,1,6,10,10387,2,4,2,2,1
202300006747,31,12,2023,16:00,1,1,2,59,59357,1,3,2,1,1
202300006748,25,11,2023,11:25,1,1,4,91,91589,1,1,3,2,1
202300006749,21,4,2023,15:00,1,1,1,41,41147,2,3,2,1,1
202300006750,17,8,2023,21:50,5,1,6,09,09122,1,3,2,2,1
202300006751,5,6,2023,17:15,1,1,3,27,27229,2,4,2,1,1
202300006752,12,7,2023,11:00,1,1,6,28,28073,1,1,3,1,1
202300006753,20,8,2023,05:30,5,1,6,07,07186,2,3,2,2,1
202300006754,11,8,2023,02:45,3,1,2,60,60480,1,1,1,1,1
202300006755,22,3,2023,04:20,5,1,6,71,71076,2,4,3,1,1
202300006756,16,8,2023,09:50,1,1,7,07,07281,1,3,2,2,1
202300006757,24,11,2023,20:30,3,1,2,91,91174,1,2,-1,2,1
202300006758,12,7,2023,16:15,1,1,1,83,83036,1,3,2,2,1
202300006759,5,6,2023,16:00,1,7,3,27,27229,2,4,-1,1,1
202300006759,5,6,2023,16:00,1,7,3,27,27229,2,4,-1,1,1
202300006760,25,7,2023,09:35,1,2,2,60,60139,1,3,2,1,2
202300006761,22,3,2023,14:45,1,1,3,69,69290,2,7,2,1,1
202300006762,19,8,2023,11:00,1,1,6,06,06088,2,7,1,2,1
202300006763,11,7,2023,20:40,1,1,7,51,51147,1,3,2,1,1
202300006764,24,11,2023,19:05,3,1,3,92,92036,1,1,3,1,1
202300006765,5,8,2023,19:15,1,1,3,05,05061,2,2,-1,1,1
202300006765,5,8,2023,19:15,1,1,3,05,05061,2,2,2,1,1
202300006766,5,6,2023,16:20,1,1,1,26,26362,2,4,2,1,1
202300006767,19,8,2023,11:30,1,1,6,06,06088,2,4,1,1,1
202300006768,21,3,2023,15:50,1,2,3,67,67447,2,4,2,1,2
202300006769,11,7,2023,13:00,1,1,6,72,72124,1,3,2,1,1
202300006770,25,11,2023,02:40,3,1,2,92,92036,1,1,1,1,1
202300006771,18,8,2023,19:20,1,1,1,06,06088,1,7,3,1,1
202300006772,1,12,2023,10:35,1,1,3,93,93001,2,3,1,1,1
202300006772,1,12,2023,10:35,1,1,3,93,93001,2,3,2,1,1
202300006773,5,6,2023,17:25,1,1,2,26,26198,2,2,2,1,1
202300006774,22,3,2023,17:32,1,1,3,64,64348,2,3,2,1,1
202300006774,22,3,2023,17:32,1,1,3,64,64348,2,3,2,1,1
202300006775,11,7,2023,13:15,1,1,3,72,72200,1,4,2,1,1
202300006776,18,8,2023,03:10,5,1,6,06,06088,2,7,3,1,1
202300006777,8,10,2023,09:10,1,1,1,93,93051,2,3,2,2,1
202300006778,5,6,2023,07:23,1,1,3,24,24138,1,3,-1,4,1
202300006778,5,6,2023,07:23,1,1,3,24,24138,1,3,2,1,1
202300006779,24,11,2023,22:00,3,1,5,92,92048,1,2,1,1,1
202300006780,17,8,2023,01:30,5,1,1,06,06088,2,4,2,1,1
202300006781,2,10,2023,10:20,1,1,2,93,93066,1,1,1,1,1
202300006782,22,3,2023,14:40,1,1,7,64,64445,2,4,2,1,1
202300006783,12,7,2023,13:45,1,1,6,51,51312,2,4,2,1,1
202300006784,6,6,2023,22:55,3,1,7,22,22278,2,4,2,1,1
202300006785,5,8,2023,22:50,5,1,2,06,06088,2,7,2,1,1
202300006786,25,11,2023,11:45,1,1,2,77,77294,1,1,3,1,1
202300006787,12,7,2023,08:30,1,1,6,59,59164,2,3,2,1,1
202300006788,11,2,2023,20:00,3,8,6,22,22113,2,3,1,1,2
202300006789,21,3,2023,15:20,1,1,6,64,64102,2,4,3,1,1
202300006790,25,11,2023,04:35,5,2,6,77,77517,1,9,-1,1,1
202300006791,16,8,2023,10:45,1,1,6,06,06104,2,4,2,2,1
202300006792,22,4,2023,18:20,1,1,6,62,62108,2,4,2,1,1
202300006792,22,4,2023,18:20,1,1,6,62,62108,2,4,2,1,1
202300006793,6,6,2023,08:33,1,1,1,18,18279,2,3,2,1,1
202300006794,25,11,2023,02:45,3,1,6,94,94017,1,1,3,1,1
202300006795,21,3,2023,18:10,1,1,3,63,63113,2,7,2,1,1
202300006795,21,3,2023,18:10,1,1,3,63,63113,2,7,2,1,1
202300006796,18,8,2023,10:05,1,1,3,06,06030,2,4,1,1,1
202300006797,11,7,2023,15:50,1,1,5,56,56232,1,3,2,2,1
202300006797,11,7,2023,15:50,1,1,5,56,56232,1,3,2,1,1
202300006798,14,11,2023,17:53,2,2,2,74,74118,2,4,2,1,2
202300006799,5,6,2023,17:52,1,1,6,18,18033,2,3,2,4,1
202300006800,19,8,2023,01:30,5,1,6,06,06027,2,7,2,1,1
202300006801,11,3,2023,18:10,1,1,2,59,59350,2,7,1,1,1
202300006802,20,10,2023,20:15,3,2,6,74,74208,1,2,4,1,2
202300006803,24,11,2023,20:00,3,1,5,94,94065,1,2,3,1,1
202300006804,11,7,2023,18:30,1,1,6,80,80019,1,3,2,1,1
202300006805,20,3,2023,22:11,5,1,1,52,52121,2,3,2,1,1
202300006806,17,8,2023,22:40,5,1,5,06,06123,2,7,1,1,1
202300006807,23,5,2023,19:30,1,1,2,15,15014,2,4,-1,1,1
202300006807,23,5,2023,19:30,1,1,2,15,15014,2,4,2,2,1
202300006808,17,11,2023,15:55,1,1,2,74,74012,2,4,1,1,1
202300006809,10,7,2023,20:20,2,1,6,65,65467,1,3,2,2,1
202300006810,24,11,2023,12:36,1,1,6,987,98735,2,2,1,1,1
202300006811,11,7,2023,22:30,4,1,6,33,33193,1,6,-1,1,1
202300006812,22,3,2023,16:00,1,1,6,51,51454,2,4,2,1,2
202300006812,22,3,2023,16:00,1,1,6,51,51454,2,4,1,1,2
202300006813,16,8,2023,09:31,1,1,6,06,06027,2,4,-1,1,1
202300006813,16,8,2023,09:31,1,1,6,06,06027,2,4,1,1,1
202300006814,17,11,2023,16:45,2,1,2,74,74012,2,4,2,1,1
202300006815,10,7,2023,20:30,1,1,7,11,11116,1,3,2,1,1
202300006816,24,11,2023,08:45,1,1,3,976,97611,1,2,2,2,1
202300006817,13,8,2023,14:06,1,1,6,04,04070,1,3,2,1,1
202300006817,13,8,2023,14:06,1,1,6,04,04070,1,3,-1,1,1
202300006818,6,11,2023,07:30,1,8,2,54,54149,1,3,2,1,1
202300006818,6,11,2023,07:30,1,8,2,54,54149,1,3,2,1,1
202300006819,10,7,2023,09:48,1,1,3,11,11014,1,3,2,1,1
202300006820,28,10,2023,20:51,3,2,7,54,54096,1,3,2,1,2
202300006821,19,8,2023,10:28,1,1,6,03,03185,2,4,2,1,1
202300006822,12,7,2023,07:10,1,1,6,12,12203,1,3,2,1,1
202300006823,24,11,2023,06:30,1,1,3,974,97416,2,3,2,1,1
202300006823,24,11,2023,06:30,1,1,3,974,97416,2,3,2,1,1
202300006824,6,6,2023,12:55,1,1,3,13,13203,2,4,1,1,1
202300006825,8,12,2023,17:30,1,1,1,971,97106,1,2,2,2,1
202300006826,17,8,2023,17:40,1,1,2,75,75112,2,4,1,1,1
202300006827,11,7,2023,14:15,1,1,6,42,42224,2,3,2,1,1
202300006828,31,5,2023,08:15,1,1,6,11,11262,2,4,1,1,1
202300006829,21,3,2023,07:20,1,1,4,51,51454,2,4,3,1,1
202300006830,16,8,2023,16:50,1,1,2,75,75115,2,4,1,1,1
202300006831,13,12,2023,20:35,3,1,2,13,13026,1,1,3,1,1
202300006832,24,11,2023,08:00,1,1,3,974,97411,2,2,1,1,1
202300006833,10,7,2023,19:00,1,1,3,47,47052,2,4,1,1,1
202300006833,10,7,2023,19:00,1,1,3,47,47052,2,4,1,1,1
202300006834,20,11,2023,08:30,1,1,7,91,91114,1,3,3,1,1
202300006835,23,5,2023,16:15,1,8,3,11,11262,2,4,1,1,1
202300006836,22,3,2023,22:55,3,2,2,49,49099,1,2,3,1,2
202300006837,16,8,2023,18:22,1,1,2,75,75106,2,4,1,1,1
202300006837,16,8,2023,18:22,1,1,2,75,75106,2,4,-1,1,1
202300006838,24,11,2023,16:00,1,1,7,973,97302,2,4,2,1,1
202300006839,11,7,2023,16:00,1,1,1,34,34028,1,3,2,1,1
202300006840,22,3,2023,01:54,5,1,7,49,49007,2,4,3,1,1
202300006841,24,11,2023,17:00,1,1,7,973,97302,2,3,1,1,1
202300006842,6,6,2023,02:01,5,1,6,10,10081,2,4,2,1,1
202300006842,6,6,2023,02:01,5,1,6,10,10081,2,4,2,1,1
202300006843,18,8,2023,14:40,1,1,3,75,75120,2,4,1,1,1
202300006843,18,8,2023,14:40,1,1,3,75,75120,2,4,2,2,1
202300006844,18,12,2023,17:45,3,1,1,59,59009,2,7,3,1,1
202300006845,11,7,2023,17:50,1,1,6,31,31017,1,2,2,1,1
202300006846,6,6,2023,15:00,1,1,6,09,09122,1,2,1,1,1
202300006847,24,11,2023,10:30,1,2,7,973,97302,2,4,2,1,2
202300006848,18,8,2023,16:40,1,1,6,75,75119,2,4,-1,3,1
202300006849,22,3,2023,00:06,5,1,3,49,49007,2,4,1,1,1
202300006849,22,3,2023,00:06,5,1,3,49,49007,2,4,1,1,1
202300006850,19,1,2023,14:45,1,1,2,92,92048,2,4,2,1,1
202300006851,10,7,2023,11:00,1,1,6,02,02575,2,3,2,1,1
202300006852,6,6,2023,09:00,1,1,6,06,06069,2,3,2,1,1
202300006853,17,8,2023,21:50,5,1,6,75,75119,2,4,1,1,1
202300006854,21,12,2023,14:50,1,1,1,26,26369,1,3,2,1,1
202300006855,24,11,2023,08:00,1,1,3,973,97302,2,4,2,1,1
202300006855,24,11,2023,08:00,1,1,3,973,97302,2,4,1,1,1
202300006856,22,3,2023,20:28,3,2,3,35,35238,2,2,1,1,2
202300006856,22,3,2023,20:28,3,2,3,35,35238,2,2,1,1,2
202300006857,18,8,2023,14:35,1,1,6,75,75117,2,4,2,1,1
202300006857,18,8,2023,14:35,1,1,6,75,75117,2,4,1,1,1
202300006858,12,7,2023,18:00,1,1,3,14,14685,1,3,2,1,1
202300006858,12,7,2023,18:00,1,1,3,14,14685,1,3,2,1,1
202300006859,6,6,2023,22:25,5,1,1,06,06029,2,4,1,1,1
202300006859,6,6,2023,22:25,5,1,1,06,06029,2,4,2,1,1
202300006860,22,3,2023,12:15,1,2,2,35,35238,2,4,2,1,2
202300006861,24,11,2023,18:35,5,2,3,69,69387,2,4,1,1,2
202300006861,24,11,2023,18:35,5,2,3,69,69387,2,4,1,1,2
202300006862,11,12,2023,09:50,1,1,4,94,94052,2,3,-1,1,1
202300006863,5,6,2023,16:30,1,2,3,06,06030,2,3,2,1,2
202300006864,16,8,2023,12:10,1,1,5,75,75117,2,4,3,1,1
202300006864,16,8,2023,12:10,1,1,5,75,75117,2,4,-1,1,1
202300006865,12,7,2023,17:10,1,1,7,05,05132,1,3,2,2,1
202300006866,21,3,2023,21:54,5,1,3,33,33522,2,4,2,1,1
202300006866,21,3,2023,21:54,5,1,3,33,33522,2,4,3,1,1
202300006867,6,11,2023,19:20,5,2,6,62,62239,2,3,2,2,2
202300006867,6,11,2023,19:20,5,2,6,62,62239,2,3,2,2,2
202300006868,24,11,2023,16:10,1,1,6,69,69388,2,4,1,1,1
202300006868,24,11,2023,16:10,1,1,6,69,69388,2,4,1,1,1
202300006869,5,6,2023,16:00,1,2,7,06,06027,2,7,3,1,2
202300006870,18,8,2023,17:40,1,1,3,75,75115,2,4,2,1,1
202300006870,18,8,2023,17:40,1,1,3,75,75115,2,4,2,1,1
202300006871,22,3,2023,08:05,1,2,6,28,28134,2,4,2,1,2
202300006872,12,7,2023,07:45,1,1,3,50,50589,1,4,2,1,1
202300006873,24,11,2023,08:00,1,1,2,972,97213,2,3,2,1,1
202300006874,16,8,2023,23:50,5,1,3,75,75114,2,4,1,1,1
202300006874,16,8,2023,23:50,5,1,3,75,75114,2,4,1,1,1
202300006875,6,6,2023,10:40,1,1,6,06,06004,2,4,1,2,1
202300006876,11,7,2023,22:35,3,1,1,18,18035,1,2,2,1,1
202300006877,7,10,2023,19:30,5,1,6,42,42218,2,4,1,1,1
202300006877,7,10,2023,19:30,5,1,6,42,42218,2,4,1,1,1
202300006878,24,11,2023,22:40,5,8,6,69,69389,2,4,2,1,2
202300006879,19,8,2023,04:10,5,1,6,75,75113,2,4,2,2,1
202300006880,19,3,2023,12:50,1,1,1,22,22113,1,4,2,1,1
202300006880,19,3,2023,12:50,1,1,1,22,22113,1,4,2,1,1
202300006881,7,9,2023,16:30,1,1,3,01,01354,2,4,2,1,1
202300006882,24,11,2023,08:50,1,8,3,69,69034,2,7,2,1,1
202300006883,2,6,2023,18:00,1,1,2,03,03095,2,4,2,2,1
202300006883,2,6,2023,18:00,1,1,2,03,03095,2,4,2,1,1
202300006884,11,7,2023,19:34,1,1,3,43,43257,1,2,2,1,1
202300006884,11,7,2023,19:34,1,1,3,43,43257,1,2,2,1,1
202300006885,16,8,2023,18:10,1,1,1,75,75113,2,4,2,1,1
202300006885,16,8,2023,18:10,1,1,1,75,75113,2,4,2,1,1
202300006886,24,11,2023,14:50,1,1,3,2A,2A004,2,2,2,1,1
202300006887,8,12,2023,09:20,1,1,2,91,91228,2,3,2,1,1
202300006888,22,3,2023,13:25,1,1,2,15,15012,1,3,2,1,1
202300006888,22,3,2023,13:25,1,1,2,15,15012,1,3,2,1,1
202300006889,2,6,2023,13:50,1,1,3,01,01053,2,4,2,1,1
202300006889,2,6,2023,13:50,1,1,3,01,01053,2,4,2,1,1
202300006890,18,8,2023,20:15,1,1,4,75,75112,2,4,2,1,1
202300006891,8,10,2023,17:50,3,1,2,84,84022,1,3,-1,1,1
202300006892,11,7,2023,16:00,1,1,5,27,27377,1,3,2,1,1
202300006893,24,11,2023,07:45,1,1,5,2A,2A004,2,3,2,1,1
202300006894,22,3,2023,14:45,1,1,3,13,13103,2,4,4,1,1
202300006894,22,3,2023,14:45,1,1,3,13,13103,2,4,2,1,1
202300006895,18,8,2023,18:13,1,1,3,75,75120,2,4,2,1,1
202300006895,18,8,2023,18:13,1,1,3,75,75120,2,4,1,2,1
202300006896,6,6,2023,15:00,1,1,3,75,75117,2,4,1,1,1
202300006897,12,7,2023,01:30,3,1,6,27,27502,1,3,2,1,2
202300006898,24,11,2023,07:05,1,1,6,2A,2A004,2,2,1,2,1
202300006899,16,12,2023,18:15,3,1,3,35,35225,1,3,2,1,1
202300006899,16,12,2023,18:15,3,1,3,35,35225,1,3,2,3,1
202300006900,22,3,2023,13:30,1,1,3,13,13212,2,4,2,1,1
202300006900,22,3,2023,13:30,1,1,3,13,13212,2,4,2,1,1
202300006901,17,8,2023,21:40,5,1,3,75,75112,2,4,3,1,1
202300006901,17,8,2023,21:40,5,1,3,75,75112,2,4,1,1,1
202300006902,24,11,2023,18:30,5,1,3,95,95427,2,4,2,1,1
202300006902,24,11,2023,18:30,5,1,3,95,95427,2,4,2,2,1
202300006903,30,12,2023,12:35,1,1,1,40,40313,1,4,2,1,2
202300006903,30,12,2023,12:35,1,1,1,40,40313,1,4,2,-1,-1
202300006904,19,12,2023,16:55,2,1,6,06,06018,2,4,2,1,1
202300006905,6,6,2023,00:15,5,1,3,75,75105,2,4,-1,1,1
202300006905,6,6,2023,00:15,5,1,3,75,75105,2,4,2,1,1
202300006906,22,3,2023,11:40,1,1,6,13,13203,2,4,1,1,1
202300006907,11,7,2023,09:55,1,1,6,23,23168,1,3,2,1,1
202300006908,16,8,2023,19:05,1,1,2,75,75112,2,4,1,1,1
202300006908,16,8,2023,19:05,1,1,2,75,75112,2,4,-1,1,1
202300006909,24,11,2023,14:05,1,2,3,95,95018,2,4,2,1,2
202300006909,24,11,2023,14:05,1,2,3,95,95018,2,4,1,1,2
202300006910,10,12,2023,22:30,3,1,6,988,98830,1,3,2,1,1
202300006910,10,12,2023,22:30,3,1,6,988,98830,1,3,2,-1,1
202300006911,22,3,2023,03:50,5,1,7,13,13211,2,4,1,1,1
202300006912,11,7,2023,13:00,1,1,7,987,98733,1,4,2,2,1
202300006913,5,6,2023,12:15,1,1,3,75,75106,2,4,2,2,1
202300006914,13,11,2023,10:00,1,1,6,74,74010,2,4,2,2,2
202300006915,16,8,2023,17:50,1,1,6,75,75111,2,4,1,1,1
202300006915,16,8,2023,17:50,1,1,6,75,75111,2,4,-1,1,1
202300006916,17,11,2023,20:40,4,2,6,91,91552,2,3,2,2,2
202300006916,17,11,2023,20:40,4,2,6,91,91552,2,3,2,1,2
202300006917,22,3,2023,00:00,4,1,6,13,13214,2,4,-1,1,1
202300006918,6,6,2023,16:10,1,1,1,75,75119,2,4,2,2,1
202300006919,13,11,2023,07:00,5,2,2,74,74010,2,4,-1,2,2
202300006920,23,11,2023,10:39,1,2,6,91,91667,2,3,2,2,2
202300006921,18,8,2023,06:30,1,1,3,75,75110,2,4,1,1,1
202300006921,18,8,2023,06:30,1,1,3,75,75110,2,4,1,1,1
202300006922,22,3,2023,08:00,1,1,2,13,13001,1,3,3,1,1
202300006923,6,6,2023,14:30,1,1,6,75,75119,2,4,2,2,1
202300006923,6,6,2023,14:30,1,1,6,75,75119,2,4,1,2,1
202300006924,11,7,2023,15:15,1,1,4,47,47238,1,1,3,1,1
202300006925,23,11,2023,06:22,5,1,7,91,91685,2,3,2,2,1
202300006926,16,8,2023,17:39,1,1,6,75,75109,2,4,-1,1,1
202300006926,16,8,2023,17:39,1,1,6,75,75109,2,4,2,1,1
202300006927,27,10,2023,05:50,5,2,3,74,74010,2,4,1,1,2
202300006927,27,10,2023,05:50,5,2,3,74,74010,2,4,-1,1,2
202300006928,22,3,2023,10:07,1,1,3,06,06088,2,4,3,1,1
202300006929,6,6,2023,20:00,1,1,3,75,75118,2,4,1,1,1
202300006930,12,7,2023,07:00,1,1,6,77,77534,2,2,-1,1,9
202300006931,5,11,2023,02:30,3,2,7,11,11262,1,3,1,1,2
202300006932,6,6,2023,09:40,1,1,6,75,75118,2,4,2,1,1
202300006933,24,11,2023,19:30,5,1,2,91,91589,2,3,2,1,1
202300006933,24,11,2023,19:30,5,1,2,91,91589,2,3,2,1,1
202300006934,15,8,2023,23:15,5,1,3,75,75109,2,4,1,1,1
202300006934,15,8,2023,23:15,5,1,3,75,75109,2,4,1,1,1
202300006935,11,7,2023,21:25,2,1,1,66,66217,2,3,2,2,1
202300006936,21,3,2023,21:30,5,1,3,75,75118,2,4,1,1,1
202300006937,24,11,2023,12:30,1,1,7,91,91432,2,4,2,1,1
202300006938,6,6,2023,00:15,5,1,3,75,75118,2,4,1,1,1
202300006938,6,6,2023,00:15,5,1,3,75,75118,2,4,-1,1,1
202300006939,27,8,2023,17:45,1,3,3,73,73257,1,3,2,4,2
202300006940,20,8,2023,21:40,5,1,3,75,75108,2,4,1,1,1
202300006940,20,8,2023,21:40,5,1,3,75,75108,2,4,1,1,1
202300006941,12,7,2023,12:35,1,1,1,83,83071,2,3,2,1,1
202300006941,12,7,2023,12:35,1,1,1,83,83071,2,3,-1,1,1
202300006942,20,3,2023,12:30,1,1,2,75,75114,2,4,1,1,1
202300006943,22,8,2023,13:20,1,1,3,32,32207,1,3,2,1,9
202300006944,6,6,2023,14:50,1,1,3,75,75117,2,4,2,1,1
202300006944,6,6,2023,14:50,1,1,3,75,75117,2,4,1,1,1
202300006945,12,7,2023,13:30,1,1,6,06,06099,2,3,2,1,1
202300006946,16,8,2023,00:08,5,1,3,75,75108,2,4,-1,1,1
202300006946,16,8,2023,00:08,5,1,3,75,75108,2,4,2,1,1
202300006947,23,11,2023,13:19,1,1,2,87,87085,1,2,2,1,1
202300006947,23,11,2023,13:19,1,1,2,87,87085,1,2,3,1,1
202300006948,5,6,2023,16:00,1,1,3,75,75117,2,4,2,1,1
202300006948,5,6,2023,16:00,1,1,3,75,75117,2,4,2,1,1
202300006949,27,12,2023,19:40,5,1,3,40,40279,2,4,2,1,1
202300006950,21,3,2023,23:40,5,1,3,75,75113,2,4,1,2,1
202300006950,21,3,2023,23:40,5,1,3,75,75113,2,4,2,4,1
202300006951,12,7,2023,08:33,1,1,2,26,26124,1,1,3,1,1
202300006952,23,11,2023,08:52,1,1,2,87,87085,2,4,2,2,1
202300006953,14,8,2023,21:50,5,8,3,75,75108,2,4,2,1,2
202300006953,14,8,2023,21:50,5,8,3,75,75108,2,4,2,1,2
202300006954,25,11,2023,19:00,5,1,6,11,11262,2,4,2,1,1
202300006954,25,11,2023,19:00,5,1,6,11,11262,2,4,2,1,1
202300006955,5,6,2023,15:14,1,1,2,75,75117,2,4,2,1,1
202300006955,5,6,2023,15:14,1,1,2,75,75117,2,4,2,1,1
202300006956,21,3,2023,08:40,1,1,3,75,75112,2,4,2,1,1
202300006956,21,3,2023,08:40,1,1,3,75,75112,2,4,2,1,1
202300006957,20,8,2023,08:53,1,7,6,75,75109,2,4,1,1,1
202300006957,20,8,2023,08:53,1,7,6,75,75109,2,4,1,1,1
202300006958,24,11,2023,10:45,1,1,3,84,84007,2,3,3,2,1
202300006959,27,12,2023,18:15,5,1,7,05,05061,2,2,-1,1,1
202300006960,6,6,2023,14:50,1,1,3,75,75115,2,4,1,1,1
202300006960,6,6,2023,14:50,1,1,3,75,75115,2,4,2,1,1
202300006961,18,8,2023,00:30,5,1,3,75,75101,2,4,1,1,1
202300006961,18,8,2023,00:30,5,1,3,75,75101,2,4,1,1,1
202300006962,21,3,2023,02:50,5,1,3,75,75115,2,4,1,1,1
202300006962,21,3,2023,02:50,5,1,3,75,75115,2,4,2,1,1
202300006963,9,7,2023,19:40,1,1,6,73,73099,1,3,2,3,1
202300006964,19,12,2023,20:30,5,2,3,92,92060,2,4,2,1,2
202300006964,19,12,2023,20:30,5,2,3,92,92060,2,4,2,2,2
202300006965,23,11,2023,16:11,1,1,3,84,84007,1,2,2,1,1
202300006965,23,11,2023,16:11,1,1,3,84,84007,1,2,2,1,1
202300006966,21,3,2023,16:00,1,1,6,75,75116,2,4,1,1,1
202300006967,13,7,2023,08:55,1,1,6,84,84019,2,3,2,1,1
202300006968,6,6,2023,07:55,1,1,2,75,75115,2,4,-1,1,1
202300006968,6,6,2023,07:55,1,1,2,75,75115,2,4,-1,1,1
202300006969,12,7,2023,13:15,1,1,3,38,38349,1,4,2,1,1
202300006969,12,7,2023,13:15,1,1,3,38,38349,1,4,2,1,1
202300006970,16,8,2023,17:30,1,1,3,75,75103,2,4,1,1,1
202300006970,16,8,2023,17:30,1,1,3,75,75103,2,4,2,1,1
202300006971,23,11,2023,17:30,5,1,3,83,83144,2,4,1,1,1
202300006972,21,3,2023,13:39,1,1,6,75,75114,2,4,2,1,1
202300006972,21,3,2023,13:39,1,1,6,75,75114,2,4,1,1,1
202300006973,22,9,2023,07:45,1,2,1,19,19130,1,3,2,2,2
202300006974,6,6,2023,01:50,5,1,6,75,75115,2,4,-1,1,1