id_accident,jour,mois,annee,heure_minute,luminosite,meteo,type_collision,departement,commune,agglomeration,categorie_route,regime_circulation,profil_route,etat_surface
202300006974,6,6,2023,01:50,5,1,6,75,75115,2,4,2,1,1
202300006975,16,8,2023,10:08,1,1,6,75,75103,2,4,2,1,1
202300006975,16,8,2023,10:08,1,1,6,75,75103,2,4,-1,1,1
202300006976,24,11,2023,18:50,5,1,3,83,83069,2,3,3,1,1
202300006976,24,11,2023,18:50,5,1,3,83,83069,2,3,1,1,1
202300006977,22,3,2023,11:15,1,2,3,75,75110,2,4,3,4,2
202300006977,22,3,2023,11:15,1,2,3,75,75110,2,4,1,1,2
202300006978,6,6,2023,07:50,1,1,3,75,75114,2,4,3,1,1
202300006979,27,6,2023,18:20,1,1,4,26,26235,1,3,2,1,1
202300006980,31,10,2023,19:00,5,1,1,30,30269,2,3,2,1,1
202300006981,16,8,2023,19:17,1,1,2,94,94081,1,1,1,2,1
202300006982,30,9,2023,13:00,1,1,6,976,97611,2,4,2,1,1
202300006983,22,3,2023,02:50,5,1,7,75,75104,2,4,1,1,1
202300006983,22,3,2023,02:50,5,1,7,75,75104,2,4,1,1,1
202300006984,5,6,2023,12:15,1,1,2,75,75114,2,4,1,1,1
202300006984,5,6,2023,12:15,1,1,2,75,75114,2,4,2,1,1
202300006985,12,7,2023,12:35,1,2,1,01,01187,2,3,2,1,2
202300006985,12,7,2023,12:35,1,2,1,01,01187,2,3,-1,1,2
202300006986,24,11,2023,09:59,1,8,3,77,77186,2,3,2,2,2
202300006986,24,11,2023,09:59,1,8,3,77,77186,2,3,1,2,2
202300006987,20,6,2023,19:45,1,1,3,94,94080,2,3,2,1,1
202300006987,20,6,2023,19:45,1,1,3,94,94080,2,3,1,1,1
202300006988,6,9,2023,16:45,1,1,3,976,97611,2,5,-1,2,1
202300006988,6,9,2023,16:45,1,1,3,976,97611,2,5,-1,1,1
202300006989,11,7,2023,14:40,1,1,1,17,17089,1,3,2,1,1
202300006990,22,3,2023,08:38,1,1,3,94,94041,2,3,2,3,1
202300006990,22,3,2023,08:38,1,1,3,94,94041,2,3,2,1,1
202300006991,24,11,2023,17:45,5,1,6,76,76366,2,7,2,1,1
202300006991,24,11,2023,17:45,5,1,6,76,76366,2,7,2,1,1
202300006992,6,6,2023,04:20,5,1,2,75,75113,2,4,1,1,1
202300006992,6,6,2023,04:20,5,1,2,75,75113,2,4,2,2,1
202300006993,16,8,2023,18:30,1,1,6,94,94078,2,4,1,1,1
202300006994,6,6,2023,18:45,1,1,6,75,75112,2,4,2,1,1
202300006995,14,12,2023,08:10,5,1,3,89,89387,2,4,2,1,1
202300006996,12,7,2023,15:00,1,1,4,17,17121,1,3,2,1,1
202300006997,16,8,2023,11:00,1,7,6,94,94076,2,4,2,1,1
202300006998,22,3,2023,19:45,5,2,3,94,94043,2,3,3,1,2
202300006999,24,11,2023,08:20,1,1,6,74,74012,2,4,2,1,1
202300007000,6,6,2023,19:05,1,1,6,75,75111,2,4,2,2,1
202300007001,22,12,2023,18:00,5,1,6,62,62041,2,4,2,1,1
202300007002,19,8,2023,11:00,1,2,3,94,94041,2,3,3,1,2
202300007003,24,11,2023,07:45,1,8,6,71,71270,2,3,-1,1,1
202300007004,11,7,2023,18:15,1,7,2,60,60589,2,3,2,1,1
202300007004,11,7,2023,18:15,1,7,2,60,60589,2,3,2,1,1
202300007005,6,6,2023,15:25,1,1,6,75,75110,2,4,1,1,1
202300007005,6,6,2023,15:25,1,1,6,75,75110,2,4,2,1,1
202300007006,22,3,2023,13:40,1,1,3,94,94076,2,4,1,1,1
202300007006,22,3,2023,13:40,1,1,3,94,94076,2,4,2,1,1
202300007007,18,8,2023,06:35,1,1,2,94,94041,2,3,3,1,1
202300007008,26,12,2023,05:04,4,1,6,59,59179,2,3,2,1,1
202300007009,12,7,2023,13:00,1,1,1,60,60088,2,4,2,1,1
202300007010,6,6,2023,18:15,1,1,6,75,75108,2,4,2,1,1
202300007011,23,11,2023,08:20,2,1,6,71,71270,2,3,2,1,1
202300007011,23,11,2023,08:20,2,1,6,71,71270,2,3,3,1,1
202300007012,22,3,2023,17:50,1,1,3,94,94073,2,3,3,2,1
202300007013,11,7,2023,18:30,1,1,7,60,60461,1,3,2,1,1
202300007014,16,8,2023,19:50,1,1,3,94,94041,2,3,2,1,1
202300007015,6,6,2023,11:10,1,1,3,75,75115,2,4,-1,1,1
202300007015,6,6,2023,11:10,1,1,3,75,75115,2,4,1,1,1
202300007016,10,7,2023,16:26,1,1,3,13,13106,1,1,-1,1,1
202300007017,31,3,2023,22:10,3,1,5,972,97210,2,2,2,1,1
202300007018,22,3,2023,21:40,4,1,3,94,94022,2,4,1,1,1
202300007019,24,11,2023,12:12,1,2,4,71,71153,2,4,-1,2,2
202300007019,24,11,2023,12:12,1,2,4,71,71153,2,4,2,2,2
202300007020,6,6,2023,09:40,1,1,6,75,75107,2,4,1,1,1
202300007021,25,3,2023,22:55,5,1,7,972,97221,2,3,2,2,1
202300007022,11,7,2023,11:45,1,1,3,13,13071,1,1,1,1,1
202300007023,19,8,2023,16:00,1,1,4,94,94021,1,3,1,1,1
202300007024,22,3,2023,17:30,1,8,3,94,94017,2,3,3,1,1
202300007025,24,11,2023,10:40,1,9,7,71,71153,2,4,2,1,2
202300007025,24,11,2023,10:40,1,9,7,71,71153,2,4,2,1,2
202300007026,6,6,2023,12:00,1,1,2,75,75104,2,4,2,1,1
202300007026,6,6,2023,12:00,1,1,2,75,75104,2,4,1,1,1
202300007027,23,6,2023,22:30,5,1,3,972,97216,1,2,2,1,1
202300007028,17,8,2023,16:25,1,1,2,94,94028,2,3,1,1,1
202300007029,5,6,2023,22:50,5,1,3,94,94080,2,3,2,1,1
202300007030,10,7,2023,11:00,1,1,4,13,13015,1,1,1,1,1
202300007031,5,6,2023,06:30,1,1,7,972,97213,1,1,1,1,1
202300007032,22,3,2023,09:40,1,2,3,94,94017,2,4,2,1,2
202300007033,24,11,2023,13:50,1,1,3,67,67365,2,4,2,1,1
202300007033,24,11,2023,13:50,1,1,3,67,67365,2,4,2,1,1
202300007034,11,8,2023,19:00,2,2,3,94,94079,2,3,1,1,2
202300007034,11,8,2023,19:00,2,2,3,94,94079,2,3,1,1,2
202300007035,6,6,2023,13:25,1,1,3,94,94046,2,3,1,1,1
202300007036,11,7,2023,00:50,5,1,2,13,13213,1,1,1,1,1
202300007037,4,6,2023,04:40,4,1,6,972,97213,1,3,2,1,1
202300007038,24,11,2023,14:30,1,1,3,67,67482,2,4,3,1,1
202300007039,22,3,2023,09:20,1,2,3,93,93066,2,3,3,2,2
202300007039,22,3,2023,09:20,1,2,3,93,93066,2,3,3,2,2
202300007040,3,6,2023,20:30,5,1,6,972,97213,1,2,-1,1,1
202300007041,6,6,2023,18:50,1,1,3,94,94034,2,3,1,1,1
202300007041,6,6,2023,18:50,1,1,3,94,94034,2,3,2,1,1
202300007042,18,8,2023,16:40,1,9,3,93,93078,2,3,3,1,2
202300007042,18,8,2023,16:40,1,9,3,93,93078,2,3,2,1,2
202300007043,24,11,2023,06:11,5,1,6,64,64129,1,4,1,1,1
202300007044,6,6,2023,19:00,1,1,7,94,94034,2,3,1,1,8
202300007045,5,11,2023,17:55,3,2,1,74,74179,1,3,2,1,2
202300007046,10,7,2023,06:58,1,1,2,13,13026,1,1,-1,1,1
202300007047,22,3,2023,12:30,1,2,4,93,93031,2,3,2,1,2
202300007048,20,8,2023,08:20,1,1,3,93,93005,2,3,2,1,1
202300007048,20,8,2023,08:20,1,1,3,93,93005,2,3,2,1,1
202300007049,24,11,2023,21:45,5,1,6,64,64102,2,3,3,1,2
202300007050,5,6,2023,11:10,1,1,3,94,94011,2,3,-1,1,1
202300007050,5,6,2023,11:10,1,1,3,94,94011,2,3,-1,2,1
202300007051,6,11,2023,16:30,1,2,5,74,74003,1,3,2,1,2
202300007052,11,7,2023,18:10,1,1,3,33,33192,1,1,-1,1,1
202300007053,6,6,2023,05:00,2,1,6,94,94022,2,4,2,1,1
202300007054,20,8,2023,01:00,5,1,1,93,93007,2,3,2,1,1
202300007054,20,8,2023,01:00,5,1,1,93,93007,2,3,2,1,1
202300007055,22,3,2023,18:45,5,2,5,93,93005,2,3,2,1,2
202300007056,6,7,2023,01:25,4,1,6,59,59350,1,2,-1,1,1
202300007057,9,11,2023,14:05,1,3,6,74,74010,2,3,2,1,2
202300007058,24,11,2023,19:00,5,2,2,64,64102,2,3,2,1,2
202300007058,24,11,2023,19:00,5,2,2,64,64102,2,3,2,1,2
202300007059,6,6,2023,13:40,1,1,3,75,75112,2,4,1,1,1
202300007059,6,6,2023,13:40,1,1,3,75,75112,2,4,2,1,1
202300007060,11,7,2023,18:49,1,1,3,91,91573,1,2,1,1,1
202300007061,16,8,2023,18:00,1,1,2,93,93066,2,4,2,1,1
202300007062,16,11,2023,19:00,3,2,1,74,74150,1,3,2,1,2
202300007063,24,11,2023,16:40,1,1,3,64,64102,2,3,2,1,1
202300007064,19,3,2023,12:00,1,2,3,93,93001,2,4,1,1,2
202300007064,19,3,2023,12:00,1,2,3,93,93001,2,4,1,1,2
202300007065,6,6,2023,07:25,1,1,3,75,75112,2,4,2,1,1
202300007065,6,6,2023,07:25,1,1,3,75,75112,2,4,2,1,1
202300007066,14,11,2023,18:10,3,3,1,74,74282,1,3,2,2,3
202300007067,19,8,2023,14:20,1,1,3,93,93064,2,4,2,1,1
202300007067,19,8,2023,14:20,1,1,3,93,93064,2,4,2,2,1
202300007068,11,7,2023,13:09,1,1,5,91,91553,1,2,1,1,1
202300007069,24,11,2023,11:10,1,1,3,63,63300,1,3,3,1,1
202300007070,6,6,2023,18:10,1,1,3,94,94002,2,4,2,1,1
202300007071,19,8,2023,17:52,1,7,1,93,93055,2,3,1,1,1
202300007071,19,8,2023,17:52,1,7,1,93,93055,2,3,2,1,1
202300007072,14,11,2023,08:20,1,3,5,74,74256,1,3,2,1,2
202300007073,22,3,2023,08:40,1,2,5,92,92062,2,3,1,1,2
202300007074,18,8,2023,20:00,2,1,6,93,93048,2,3,2,1,1
202300007075,24,11,2023,22:49,5,2,3,63,63113,2,7,1,1,2
202300007075,24,11,2023,22:49,5,2,3,63,63113,2,7,3,1,2
202300007076,4,11,2023,18:08,3,3,1,74,74177,2,3,2,1,2
202300007077,5,6,2023,19:30,1,1,3,95,95527,1,1,1,1,1
202300007077,5,6,2023,19:30,1,1,3,95,95527,1,1,2,1,1
202300007078,21,3,2023,17:15,1,1,3,92,92036,2,3,2,1,1
202300007078,21,3,2023,17:15,1,1,3,92,92036,2,3,2,1,1
202300007079,20,8,2023,19:40,1,1,3,93,93046,2,4,2,1,1
202300007080,24,11,2023,19:36,5,2,6,63,63075,2,4,2,1,2
202300007081,6,6,2023,16:00,1,7,3,93,93070,2,4,2,1,1
202300007082,4,11,2023,01:30,3,1,3,74,74112,1,3,2,1,2
202300007083,21,3,2023,14:40,1,1,4,92,92036,1,3,3,1,1
202300007083,21,3,2023,14:40,1,1,4,92,92036,1,3,2,1,1
202300007084,16,8,2023,19:22,1,1,6,93,93046,2,4,2,2,1
202300007085,23,11,2023,18:10,4,1,6,62,62386,2,3,1,1,1
202300007086,6,6,2023,14:00,1,1,3,93,93049,2,4,1,1,1
202300007086,6,6,2023,14:00,1,1,3,93,93049,2,4,1,1,1
202300007087,8,10,2023,18:45,1,1,7,14,14076,2,9,2,2,1
202300007088,18,8,2023,18:18,1,1,6,93,93006,2,4,2,1,1
202300007088,18,8,2023,18:18,1,1,6,93,93006,2,4,1,1,1
202300007089,18,3,2023,17:35,1,1,2,92,92036,2,3,3,1,1
202300007090,6,6,2023,12:10,1,1,1,93,93048,2,3,2,1,1
202300007090,6,6,2023,12:10,1,1,1,93,93048,2,3,2,1,1
202300007091,28,10,2023,16:35,1,3,2,14,14488,1,3,2,1,2
202300007092,21,11,2023,17:15,5,1,6,62,62276,2,3,-1,1,1
202300007092,21,11,2023,17:15,5,1,6,62,62276,2,3,-1,1,1
202300007093,22,3,2023,19:50,5,1,6,92,92062,2,4,1,1,1
202300007094,6,6,2023,12:50,1,1,6,93,93031,2,4,2,1,1
202300007095,18,8,2023,10:15,1,1,3,93,93029,2,3,1,3,1
202300007095,18,8,2023,10:15,1,1,3,93,93029,2,3,2,1,1
202300007096,15,11,2023,17:50,5,1,3,62,62041,2,4,2,1,1
202300007097,29,10,2023,11:05,1,7,3,14,14228,2,3,2,1,1
202300007097,29,10,2023,11:05,1,7,3,14,14228,2,3,2,1,1
202300007098,20,3,2023,08:40,1,1,6,92,92025,2,3,1,1,1
202300007099,6,6,2023,07:42,1,1,3,93,93031,2,3,2,1,1
202300007100,17,8,2023,13:05,1,1,3,93,93047,2,4,2,1,1
202300007100,17,8,2023,13:05,1,1,3,93,93047,2,4,2,1,1
202300007101,22,11,2023,18:45,2,1,6,60,60159,2,4,3,1,1
202300007102,22,3,2023,09:25,1,2,6,92,92024,2,3,2,1,2
202300007103,6,6,2023,18:35,1,1,6,93,93047,2,4,2,1,1
202300007103,6,6,2023,18:35,1,1,6,93,93047,2,4,2,1,1
202300007104,15,12,2023,13:20,1,1,3,69,69092,2,4,1,1,1
202300007104,15,12,2023,13:20,1,1,3,69,69092,2,4,3,1,1
202300007105,6,6,2023,09:10,1,1,7,93,93008,2,4,2,1,1
202300007106,16,8,2023,09:25,1,1,3,93,93010,2,3,3,1,1
202300007106,16,8,2023,09:25,1,1,3,93,93010,2,3,2,1,1
202300007107,26,12,2023,16:25,1,1,3,41,41061,1,3,2,1,1
202300007107,26,12,2023,16:25,1,1,3,41,41061,1,3,2,1,1
202300007108,24,11,2023,15:50,1,1,6,60,60057,2,4,2,1,1
202300007109,22,3,2023,13:35,1,8,7,92,92012,2,3,1,2,1
202300007110,16,8,2023,06:30,2,1,6,93,93008,2,4,1,1,1
202300007111,6,6,2023,18:45,1,1,3,93,93001,2,4,2,1,1
202300007112,8,12,2023,19:06,5,2,6,44,44179,1,3,2,1,2
202300007113,24,11,2023,18:05,3,1,6,59,59350,2,7,2,1,1
202300007114,4,3,2023,01:50,5,1,6,92,92009,1,4,-1,1,1
202300007115,17,8,2023,10:20,1,1,3,93,93005,2,3,3,1,1
202300007115,17,8,2023,10:20,1,1,3,93,93005,2,3,1,1,1
202300007116,15,9,2023,23:30,3,1,2,42,42183,1,2,3,2,1
202300007117,4,6,2023,18:40,1,1,7,92,92046,2,3,2,1,1
202300007117,4,6,2023,18:40,1,1,7,92,92046,2,3,1,2,1
202300007118,20,11,2023,11:40,1,3,6,59,59183,2,4,-1,1,2
202300007118,20,11,2023,11:40,1,3,6,59,59183,2,4,-1,1,2
202300007119,22,3,2023,19:18,2,1,3,34,34314,1,3,2,1,1
202300007119,22,3,2023,19:18,2,1,3,34,34314,1,3,2,1,1
202300007120,10,8,2023,23:03,5,1,6,92,92078,2,3,-1,1,1
202300007120,10,8,2023,23:03,5,1,6,92,92078,2,3,-1,1,1
202300007121,9,11,2023,18:35,5,2,6,74,74012,2,4,2,1,2
202300007121,9,11,2023,18:35,5,2,6,74,74012,2,4,2,1,2
202300007122,23,3,2023,18:18,2,1,6,974,97415,2,4,2,1,1
202300007123,19,8,2023,15:39,1,1,6,92,92075,2,4,2,4,1
202300007124,24,11,2023,08:35,1,1,3,59,59183,2,4,2,1,1
202300007124,24,11,2023,08:35,1,1,3,59,59183,2,4,2,1,1
202300007125,5,6,2023,17:15,1,1,3,92,92022,2,3,2,2,1
202300007125,5,6,2023,17:15,1,1,3,92,92022,2,3,1,2,1
202300007126,7,11,2023,11:40,1,2,6,74,74012,2,4,2,1,2
202300007127,18,8,2023,12:20,1,1,6,92,92063,2,3,1,1,1
202300007128,23,3,2023,00:35,3,3,7,51,51277,1,3,2,1,2
202300007129,6,6,2023,13:30,1,1,6,92,92063,2,4,1,1,1
202300007130,29,12,2023,16:00,1,1,6,42,42095,2,6,-1,1,1
202300007131,20,8,2023,20:00,1,1,6,92,92050,2,4,2,1,1
202300007132,23,11,2023,13:40,1,8,7,56,56121,2,4,2,1,1
202300007133,5,6,2023,11:30,1,1,6,92,92050,2,3,2,2,1
202300007134,21,3,2023,11:05,1,1,7,01,01248,2,3,2,2,1
202300007134,21,3,2023,11:05,1,1,7,01,01248,2,3,2,1,1
202300007135,21,12,2023,11:35,1,1,6,11,11262,2,4,1,1,1
202300007135,21,12,2023,11:35,1,1,6,11,11262,2,4,1,1,1
202300007136,20,11,2023,17:15,3,3,6,55,55029,2,4,2,1,2
202300007137,19,8,2023,22:45,5,1,6,92,92050,2,3,2,1,1
202300007137,19,8,2023,22:45,5,1,6,92,92050,2,3,1,2,1
202300007138,6,6,2023,17:45,1,1,2,92,92026,2,3,1,2,1
202300007139,20,12,2023,18:10,5,8,6,06,06083,2,4,2,2,1
202300007140,24,11,2023,08:40,1,1,6,54,54395,2,4,2,1,1
202300007141,19,8,2023,18:35,1,1,3,92,92050,2,3,2,1,1
202300007142,22,3,2023,20:10,3,1,4,66,66164,1,1,1,1,1
202300007143,5,6,2023,14:00,1,1,3,92,92025,2,3,-1,1,1
202300007143,5,6,2023,14:00,1,1,3,92,92025,2,3,-1,1,1
202300007144,21,12,2023,21:40,5,1,2,69,69034,1,9,1,1,1
202300007145,18,8,2023,20:00,2,1,7,92,92049,2,3,2,1,1
202300007145,18,8,2023,20:00,2,1,7,92,92049,2,3,1,1,1
202300007146,23,11,2023,18:40,5,1,6,54,54395,2,4,1,1,1
202300007146,23,11,2023,18:40,5,1,6,54,54395,2,4,1,1,1
202300007147,22,3,2023,07:58,1,1,3,38,38337,1,3,1,2,1
202300007148,13,1,2023,08:05,2,2,7,91,91086,1,2,3,1,2
202300007149,6,6,2023,16:00,1,1,3,92,92024,2,3,2,1,1
202300007149,6,6,2023,16:00,1,1,3,92,92024,2,3,1,1,1
202300007150,23,11,2023,13:27,1,8,6,54,54304,2,4,2,2,2
202300007151,12,8,2023,12:10,1,1,3,92,92036,2,3,2,1,1
202300007151,12,8,2023,12:10,1,1,3,92,92036,2,3,3,1,1
202300007152,23,3,2023,11:10,1,8,3,66,66028,2,3,2,1,1
202300007153,14,12,2023,21:30,5,1,7,971,97101,2,2,3,1,1
202300007154,18,8,2023,21:52,5,1,6,92,92035,2,3,1,1,1
202300007155,6,6,2023,20:30,1,1,6,92,92023,2,3,2,1,1
202300007156,23,3,2023,06:45,2,2,3,80,80024,2,3,2,1,2
202300007157,24,11,2023,22:50,3,2,6,54,54159,1,4,2,1,2
202300007158,30,12,2023,14:40,1,1,1,40,40088,2,4,2,1,1
202300007159,22,3,2023,19:30,5,8,6,89,89074,2,4,2,2,1
202300007160,6,6,2023,08:27,1,1,6,92,92002,2,4,1,1,1
202300007161,16,8,2023,17:20,1,1,1,92,92026,2,3,1,1,1
202300007161,16,8,2023,17:20,1,1,1,92,92026,2,3,-1,1,1
202300007162,24,11,2023,16:05,3,3,2,54,54099,1,3,2,1,2
202300007163,6,6,2023,23:15,3,1,6,2B,2B121,1,3,2,1,1
202300007164,11,4,2023,12:00,1,1,3,11,11262,2,4,1,1,1
202300007165,19,8,2023,11:54,1,1,3,92,92024,2,4,1,1,2
202300007165,19,8,2023,11:54,1,1,3,92,92024,2,4,1,1,2
202300007166,21,3,2023,18:24,1,1,1,63,63287,1,3,2,1,1
202300007167,27,12,2023,16:45,1,1,7,68,68300,1,1,3,1,1
202300007168,21,11,2023,16:20,1,1,6,50,50129,2,4,2,1,1
202300007169,20,5,2023,15:00,1,1,6,33,33373,2,3,2,1,1
202300007169,20,5,2023,15:00,1,1,6,33,33373,2,3,2,1,1
202300007170,18,8,2023,19:15,1,1,3,92,92023,2,3,2,1,1
202300007170,18,8,2023,19:15,1,1,3,92,92023,2,3,2,1,1
202300007171,22,3,2023,16:35,1,1,3,12,12105,1,3,2,1,1
202300007172,28,12,2023,12:52,1,1,2,17,17299,1,1,3,1,1
202300007173,6,6,2023,18:00,1,1,7,85,85014,1,4,2,1,1
202300007174,23,11,2023,18:05,5,1,2,49,49099,2,3,2,2,1
202300007174,23,11,2023,18:05,5,1,2,49,49099,2,3,2,2,1
202300007175,11,10,2023,22:37,3,1,7,59,59316,1,3,3,1,1
202300007176,22,3,2023,12:00,1,1,1,12,12056,1,2,2,1,1
202300007177,19,8,2023,05:00,5,1,3,92,92012,2,3,3,1,1
202300007177,19,8,2023,05:00,5,1,3,92,92012,2,3,3,1,1
202300007178,7,6,2023,22:00,5,1,3,974,97412,2,2,2,1,2
202300007179,23,11,2023,17:41,5,1,6,49,49007,2,4,3,1,1
202300007180,15,9,2023,16:35,1,1,3,14,14055,1,3,2,1,1
202300007180,15,9,2023,16:35,1,1,3,14,14055,1,3,-1,1,1
202300007181,18,8,2023,09:00,1,1,6,92,92007,2,3,2,1,1
202300007181,18,8,2023,09:00,1,1,6,92,92007,2,3,2,1,1
202300007182,22,3,2023,11:45,1,1,6,41,41232,2,3,2,1,1
202300007182,22,3,2023,11:45,1,1,6,41,41232,2,3,1,1,1
202300007183,6,6,2023,10:50,1,1,6,01,01427,2,4,1,2,1
202300007184,18,3,2023,11:00,1,1,6,86,86161,1,3,2,1,2
202300007185,6,6,2023,10:20,1,1,1,68,68300,2,3,2,1,1
202300007186,12,8,2023,02:00,3,1,1,92,92004,2,3,1,1,1
202300007186,12,8,2023,02:00,3,1,1,92,92004,2,3,1,1,1
202300007187,18,12,2023,19:50,1,1,6,92,92047,1,4,2,1,1
202300007188,16,8,2023,17:00,1,1,7,60,60186,1,3,2,1,1
202300007189,23,3,2023,05:45,2,1,3,68,68004,2,3,2,1,1
202300007189,23,3,2023,05:45,2,1,3,68,68004,2,3,2,1,1
202300007190,7,6,2023,08:15,1,1,3,01,01354,2,4,2,1,1
202300007190,7,6,2023,08:15,1,1,3,01,01354,2,4,2,2,1
202300007191,18,8,2023,07:30,1,7,6,974,97415,2,3,2,2,1
202300007192,4,6,2023,11:40,1,1,1,06,06025,1,7,2,2,1
202300007193,16,12,2023,07:45,1,1,6,988,98823,1,2,2,1,1
202300007193,16,12,2023,07:45,1,1,6,988,98823,1,2,2,-1,1
202300007194,20,8,2023,14:05,1,1,7,974,97415,1,2,3,1,1
202300007195,23,3,2023,10:57,1,8,3,25,25424,1,2,2,2,1
202300007196,7,6,2023,15:48,1,1,6,83,83070,2,4,2,1,1
202300007197,22,12,2023,11:40,1,1,3,56,56151,1,3,2,3,1
202300007197,22,12,2023,11:40,1,1,3,56,56151,1,3,2,1,1
202300007198,16,8,2023,15:00,1,2,3,51,51224,1,2,2,1,2
202300007198,16,8,2023,15:00,1,2,3,51,51224,1,2,2,1,2
202300007199,7,6,2023,16:58,1,1,6,72,72287,1,4,2,1,1
202300007200,21,12,2023,11:51,1,1,6,44,44195,2,4,1,1,1
202300007200,21,12,2023,11:51,1,1,6,44,44195,2,4,2,1,1
202300007201,19,8,2023,16:55,1,1,2,01,01443,2,3,2,1,1
202300007201,19,8,2023,16:55,1,1,2,01,01443,2,3,2,1,1
202300007202,6,6,2023,13:25,1,1,1,85,85109,2,4,2,3,1
202300007202,6,6,2023,13:25,1,1,1,85,85109,2,4,2,-1,1
202300007203,23,10,2023,12:18,1,2,6,88,88292,2,3,2,1,2
202300007204,6,6,2023,15:00,1,1,7,04,04033,1,3,2,2,8
202300007205,29,10,2023,00:40,3,2,6,88,88306,1,3,2,1,2
202300007206,19,8,2023,10:30,1,1,1,01,01105,1,3,2,2,1
202300007207,5,6,2023,21:30,1,1,7,91,91577,2,3,2,2,1
202300007208,28,10,2023,19:00,3,2,1,88,88470,1,3,2,2,2
202300007209,17,8,2023,16:50,1,7,2,01,01244,2,4,2,2,1
202300007209,17,8,2023,16:50,1,7,2,01,01244,2,4,2,1,1
202300007210,7,6,2023,14:00,1,1,6,51,51488,1,3,2,3,1
202300007211,6,6,2023,19:35,1,2,7,24,24026,1,1,1,2,2
202300007212,20,8,2023,03:00,3,1,3,62,62803,1,2,2,1,1
202300007212,20,8,2023,03:00,3,1,3,62,62803,1,2,2,1,1
202300007213,24,10,2023,05:40,3,1,1,88,88054,1,2,2,1,1
202300007214,23,10,2023,11:45,1,2,6,88,88508,2,3,2,2,2
202300007215,7,6,2023,06:20,1,1,1,32,32051,1,3,2,2,1
202300007216,20,8,2023,11:15,1,1,3,24,24309,2,3,2,2,1
202300007216,20,8,2023,11:15,1,1,3,24,24309,2,3,2,2,1
202300007217,6,6,2023,20:15,1,1,7,71,71035,1,3,2,2,9
202300007218,21,9,2023,07:55,1,3,3,62,62757,2,3,2,1,2
202300007219,14,8,2023,12:25,1,1,7,24,24509,2,4,2,2,1
202300007220,4,6,2023,03:56,3,1,6,61,61153,1,3,2,2,1
202300007221,18,8,2023,13:00,1,1,6,83,83072,1,4,2,2,1
202300007222,13,12,2023,16:15,1,1,3,83,83126,2,4,2,1,1
202300007222,13,12,2023,16:15,1,1,3,83,83126,2,4,2,1,1
202300007223,6,6,2023,16:00,1,1,2,42,42313,1,3,2,1,1
202300007224,10,12,2023,14:00,1,1,3,59,59279,2,4,1,1,1
202300007225,19,8,2023,20:10,1,1,3,38,38199,1,3,2,1,1
202300007226,7,6,2023,17:45,1,1,3,46,46034,1,3,2,1,1
202300007226,7,6,2023,17:45,1,1,3,46,46034,1,3,2,1,1
202300007227,14,12,2023,16:20,1,1,5,11,11262,2,4,2,1,1
202300007228,7,6,2023,12:25,1,1,3,47,47283,2,3,2,3,1
202300007228,7,6,2023,12:25,1,1,3,47,47283,2,3,2,1,1
202300007229,21,8,2023,01:40,3,1,2,66,66136,1,1,3,1,1
202300007230,16,7,2023,16:00,1,1,7,43,43262,1,3,2,1,1
202300007231,29,12,2023,10:05,1,1,3,44,44154,2,4,2,1,2
202300007232,21,8,2023,11:55,1,1,3,71,71047,1,3,4,4,1
202300007233,4,12,2023,11:00,1,4,7,67,67550,1,3,2,1,5
202300007234,21,5,2023,12:15,1,1,7,47,47043,1,3,2,2,1
202300007235,19,8,2023,18:50,1,7,6,40,40296,2,3,2,1,1
202300007235,19,8,2023,18:50,1,7,6,40,40296,2,3,-1,-1,-1
202300007236,20,8,2023,15:15,1,1,6,40,40296,1,3,2,1,1
202300007237,23,8,2023,13:35,1,1,3,09,09207,2,3,2,1,1
202300007238,19,8,2023,05:45,3,1,6,76,76049,1,3,2,1,1
202300007239,10,10,2023,08:54,1,1,3,26,26362,2,4,1,1,1
202300007239,10,10,2023,08:54,1,1,3,26,26362,2,4,2,1,1
202300007240,18,10,2023,16:30,1,1,3,13,13108,1,4,2,1,1
202300007241,20,8,2023,04:55,2,1,2,84,84137,1,4,2,1,1
202300007242,17,12,2023,07:45,5,1,6,69,69387,2,4,1,1,9
202300007243,19,8,2023,17:40,1,1,3,21,21171,2,4,3,1,1
202300007243,19,8,2023,17:40,1,1,3,21,21171,2,4,2,1,1
202300007244,18,8,2023,08:20,1,7,6,21,21261,1,1,3,1,1
202300007245,17,8,2023,22:30,3,1,1,83,83023,1,1,3,1,1
202300007246,18,8,2023,07:35,1,1,6,68,68026,1,4,2,1,1
202300007246,18,8,2023,07:35,1,1,6,68,68026,1,4,2,1,1
202300007247,16,8,2023,18:45,1,1,7,68,68076,1,9,-1,2,1
202300007248,18,8,2023,17:35,2,1,2,974,97422,2,4,1,2,1
202300007249,17,8,2023,11:20,1,1,6,974,97422,2,4,2,2,1
202300007250,15,8,2023,19:50,5,1,2,972,97225,2,2,1,1,1
202300007251,19,8,2023,23:20,3,1,6,83,83086,1,3,3,1,1
202300007252,10,8,2023,17:15,1,1,6,11,11360,1,3,2,1,1
202300007253,13,8,2023,02:50,3,1,6,63,63206,1,3,2,4,1
202300007254,18,8,2023,14:30,1,1,3,28,28048,1,2,2,1,1