id_accident,jour,mois,annee,heure_minute,luminosite,meteo,type_collision,departement,commune,agglomeration,categorie_route,regime_circulation,profil_route,etat_surface
202300007255,19,8,2023,11:55,1,1,6,12,12057,1,3,2,2,1
202300007256,15,8,2023,14:50,1,1,3,86,86191,1,3,2,1,1
202300007256,15,8,2023,14:50,1,1,3,86,86191,1,3,2,2,1
202300007257,19,8,2023,00:15,3,1,6,21,21247,1,1,3,1,1
202300007258,17,8,2023,14:57,1,1,2,21,21676,1,1,3,1,1
202300007259,17,8,2023,16:40,1,1,2,67,67302,2,3,2,1,1
202300007259,17,8,2023,16:40,1,1,2,67,67302,2,3,2,1,1
202300007260,25,7,2023,17:00,1,8,6,54,54314,1,3,2,1,1
202300007260,25,7,2023,17:00,1,8,6,54,54314,1,3,2,1,1
202300007261,19,8,2023,23:00,5,1,6,01,01419,1,3,3,2,1
202300007262,17,8,2023,19:00,1,1,3,29,29189,2,2,3,4,1
202300007263,19,8,2023,12:55,1,1,3,91,91363,1,3,2,2,2
202300007264,10,8,2023,22:45,3,1,1,84,84037,1,3,2,1,1
202300007265,16,8,2023,15:40,1,1,3,62,62261,2,3,2,1,1
202300007266,19,8,2023,11:20,1,1,7,65,65153,1,3,2,2,1
202300007267,20,8,2023,23:50,3,1,6,50,50535,1,1,3,1,1
202300007268,20,8,2023,03:20,3,1,5,44,44209,1,2,3,2,1
202300007269,16,8,2023,18:18,1,1,2,48,48099,1,1,3,2,1
202300007270,20,8,2023,03:30,3,1,6,30,30315,1,2,2,1,1
202300007271,20,8,2023,15:35,1,7,3,50,50295,1,3,2,1,1
202300007271,20,8,2023,15:35,1,7,3,50,50295,1,3,2,1,1
202300007272,22,7,2023,06:00,2,1,1,47,47121,1,3,2,1,1
202300007273,18,8,2023,09:25,1,1,1,34,34270,2,3,2,3,1
202300007274,24,6,2023,15:00,1,1,7,35,35197,1,4,2,1,1
202300007275,19,8,2023,14:50,1,1,7,57,57067,2,3,2,1,1
202300007276,18,8,2023,16:50,1,1,1,57,57302,1,3,2,1,1
202300007277,18,8,2023,10:40,1,1,6,57,57253,1,3,2,1,1
202300007278,20,8,2023,08:00,1,1,7,57,57695,1,3,2,1,1
202300007279,17,8,2023,00:45,3,1,7,51,51412,1,4,2,1,1
202300007280,10,8,2023,19:40,1,1,7,51,51069,1,3,2,2,1
202300007281,16,8,2023,17:50,1,1,2,59,59464,1,3,2,2,1
202300007281,16,8,2023,17:50,1,1,2,59,59464,1,3,2,1,1
202300007282,19,8,2023,15:20,1,1,2,95,95527,1,3,3,1,1
202300007283,10,8,2023,11:15,1,1,3,56,56102,1,3,2,1,1
202300007283,10,8,2023,11:15,1,1,3,56,56102,1,3,2,1,1
202300007284,18,8,2023,12:00,1,1,4,56,56249,1,3,2,1,1
202300007285,15,8,2023,11:00,1,1,6,56,56078,1,4,2,1,1
202300007286,12,8,2023,09:15,1,1,6,56,56243,2,6,-1,1,1
202300007287,19,8,2023,16:15,1,1,5,56,56155,2,4,-1,1,1
202300007287,19,8,2023,16:15,1,1,5,56,56155,2,4,2,1,1
202300007288,17,8,2023,16:55,1,1,1,56,56221,1,3,2,1,1
202300007288,17,8,2023,16:55,1,1,1,56,56221,1,3,2,1,1
202300007289,19,8,2023,00:00,4,1,6,59,59663,2,3,2,1,1
202300007290,16,8,2023,18:40,1,1,3,78,78346,1,3,2,1,1
202300007290,16,8,2023,18:40,1,1,3,78,78346,1,3,2,1,1
202300007291,21,8,2023,16:10,1,1,1,67,67277,1,3,2,1,1
202300007292,19,8,2023,12:45,1,1,3,76,76260,2,2,2,1,1
202300007292,19,8,2023,12:45,1,1,3,76,76260,2,2,2,1,1
202300007293,17,8,2023,22:16,3,1,6,76,76146,1,3,-1,4,1
202300007294,18,8,2023,02:00,3,1,3,76,76123,2,3,2,1,1
202300007294,18,8,2023,02:00,3,1,3,76,76123,2,3,2,1,1
202300007295,20,9,2023,15:20,1,1,2,62,62178,2,4,-1,2,1
202300007295,20,9,2023,15:20,1,1,2,62,62178,2,4,2,2,1
202300007296,13,8,2023,19:40,1,1,7,79,79007,1,3,2,1,1
202300007297,20,9,2023,11:25,1,1,1,59,59476,1,3,2,1,1
202300007298,19,8,2023,12:45,1,1,1,2A,2A271,1,2,3,1,1
202300007299,21,9,2023,14:30,1,2,3,58,58194,2,4,2,1,2
202300007299,21,9,2023,14:30,1,2,3,58,58194,2,4,2,1,2
202300007300,18,8,2023,15:45,1,1,5,2B,2B283,1,2,2,1,1
202300007301,21,8,2023,17:46,1,7,1,80,80240,2,3,2,1,1
202300007301,21,8,2023,17:46,1,7,1,80,80240,2,3,2,1,1
202300007302,20,9,2023,21:42,5,1,3,55,55029,2,4,2,1,1
202300007302,20,9,2023,21:42,5,1,3,55,55029,2,4,2,1,1
202300007303,20,9,2023,12:10,1,1,6,54,54304,2,4,2,1,1
202300007304,18,8,2023,00:20,3,1,1,80,80167,1,3,2,2,1
202300007305,21,9,2023,17:45,1,3,6,54,54382,2,3,2,1,2
202300007306,17,8,2023,22:20,3,1,6,80,80008,2,3,2,1,1
202300007307,21,9,2023,13:00,1,1,7,54,54036,1,3,2,1,1
202300007308,17,8,2023,13:54,1,1,1,82,82186,2,3,2,1,1
202300007309,21,9,2023,12:50,1,2,7,51,51454,2,3,1,1,2
202300007310,17,8,2023,13:24,1,1,6,82,82112,1,4,2,2,1
202300007311,21,9,2023,08:30,1,1,6,50,50502,1,3,2,2,1
202300007312,21,8,2023,08:40,1,1,1,82,82002,1,4,2,1,1
202300007313,20,9,2023,13:00,1,1,3,50,50129,2,4,2,1,1
202300007313,20,9,2023,13:00,1,1,3,50,50129,2,4,2,1,1
202300007314,19,8,2023,03:45,3,1,7,82,82087,1,3,2,1,1
202300007315,29,7,2023,19:15,1,1,3,82,82087,2,3,-1,1,1
202300007316,19,9,2023,12:10,1,1,3,49,49099,2,4,2,1,1
202300007316,19,9,2023,12:10,1,1,3,49,49099,2,4,2,1,1
202300007317,18,8,2023,15:45,1,1,7,65,65195,1,3,2,2,1
202300007318,20,9,2023,16:13,1,1,7,49,49007,2,4,3,1,1
202300007319,17,8,2023,09:30,1,1,3,65,65039,1,3,2,2,1
202300007320,21,9,2023,20:10,4,2,2,45,45298,2,4,2,1,2
202300007321,20,8,2023,08:20,1,1,6,65,65452,1,3,2,1,1
202300007322,21,9,2023,12:15,1,3,6,45,45302,2,3,3,2,2
202300007323,21,8,2023,12:15,1,1,3,33,33316,1,3,2,2,1
202300007323,21,8,2023,12:15,1,1,3,33,33316,1,3,2,2,1
202300007324,21,9,2023,09:40,1,3,1,45,45298,1,3,3,1,2
202300007325,19,8,2023,15:10,1,1,6,33,33400,1,3,2,1,1
202300007326,21,9,2023,09:05,1,3,2,45,45234,2,4,2,1,2
202300007327,18,8,2023,02:00,3,1,7,32,32079,1,3,2,1,1
202300007328,21,9,2023,19:35,1,3,3,44,44109,2,4,3,1,2
202300007329,17,8,2023,13:30,1,1,6,32,32127,2,3,2,1,1
202300007330,20,8,2023,17:45,1,1,6,71,71314,1,3,2,2,1
202300007331,21,9,2023,15:40,1,1,3,38,38169,2,4,2,1,1
202300007332,19,8,2023,01:45,3,8,6,89,89428,2,3,2,1,1
202300007333,21,9,2023,18:00,1,2,6,37,37261,2,4,2,1,2
202300007333,21,9,2023,18:00,1,2,6,37,37261,2,4,2,3,2
202300007334,20,8,2023,04:45,3,1,7,89,89436,1,3,2,2,1
202300007335,20,9,2023,14:00,1,1,6,37,37261,2,4,2,1,1
202300007336,18,8,2023,16:45,1,1,6,89,89158,1,3,2,2,9
202300007337,20,9,2023,10:20,1,1,3,35,35238,2,4,3,1,1
202300007337,20,9,2023,10:20,1,1,3,35,35238,2,4,3,1,1
202300007338,20,8,2023,10:40,1,1,7,63,63097,1,3,2,1,1
202300007339,19,9,2023,04:45,3,1,2,35,35238,1,2,3,1,1
202300007340,20,8,2023,14:15,1,1,6,63,63010,2,3,2,1,1
202300007341,20,9,2023,12:10,1,1,3,34,34003,2,4,1,1,1
202300007342,20,9,2023,18:20,2,1,1,31,31555,2,7,3,1,1
202300007343,19,9,2023,18:15,1,1,3,30,30007,2,4,1,1,1
202300007343,19,9,2023,18:15,1,1,3,30,30007,2,4,2,1,1
202300007344,21,9,2023,17:05,1,1,3,26,26198,1,2,2,1,1
202300007344,21,9,2023,17:05,1,1,3,26,26198,1,2,2,1,1
202300007345,21,9,2023,02:00,5,2,3,13,13208,2,4,1,1,2
202300007345,21,9,2023,02:00,5,2,3,13,13208,2,4,1,1,2
202300007346,20,9,2023,17:20,1,2,2,13,13209,2,4,2,2,2
202300007347,20,9,2023,17:50,1,8,3,11,11069,2,4,1,1,1
202300007348,20,9,2023,14:05,1,2,7,11,11069,2,4,3,1,2
202300007349,20,9,2023,17:28,1,1,-1,10,10387,2,4,2,1,1
202300007350,21,9,2023,15:15,1,3,6,07,07281,1,3,2,2,2
202300007351,19,9,2023,12:35,1,2,2,06,06069,2,4,2,1,2
202300007352,20,9,2023,18:50,2,2,7,05,05023,2,3,2,1,2
202300007352,20,9,2023,18:50,2,2,7,05,05023,2,3,2,1,2
202300007353,20,9,2023,14:29,1,1,6,02,02722,2,4,2,1,1
202300007354,21,9,2023,16:19,1,1,3,75,75113,2,4,1,1,2
202300007355,20,9,2023,22:20,5,1,2,75,75118,2,4,1,1,1
202300007356,20,9,2023,22:20,3,1,7,75,75114,2,4,-1,1,1
202300007357,20,9,2023,20:15,5,1,2,75,75120,2,4,1,1,1
202300007358,20,9,2023,18:30,1,1,2,75,75116,2,4,1,1,1
202300007359,20,9,2023,14:03,1,1,2,75,75116,2,4,1,1,1
202300007360,21,9,2023,05:51,5,2,6,75,75108,2,4,1,1,2
202300007360,21,9,2023,05:51,5,2,6,75,75108,2,4,2,1,2
202300007361,21,9,2023,18:25,2,1,3,75,75105,2,4,2,1,2
202300007362,21,9,2023,17:05,1,1,6,75,75106,2,4,2,1,1
202300007362,21,9,2023,17:05,1,1,6,75,75106,2,4,1,1,1
202300007363,21,9,2023,12:00,1,2,6,75,75105,2,4,1,1,2
202300007363,21,9,2023,12:00,1,2,6,75,75105,2,4,2,1,2
202300007364,21,9,2023,07:45,2,2,3,75,75105,2,4,2,1,2
202300007364,21,9,2023,07:45,2,2,3,75,75105,2,4,1,1,2
202300007365,21,9,2023,02:15,5,2,3,75,75117,2,4,2,2,2
202300007365,21,9,2023,02:15,5,2,3,75,75117,2,4,1,1,2
202300007366,21,9,2023,18:40,1,1,3,75,75116,2,4,2,1,1
202300007367,21,9,2023,15:30,1,2,3,75,75115,2,4,2,1,2
202300007367,21,9,2023,15:30,1,2,3,75,75115,2,4,2,1,2
202300007368,21,9,2023,15:00,1,2,3,75,75115,2,4,2,1,2
202300007368,21,9,2023,15:00,1,2,3,75,75115,2,4,1,2,2
202300007369,21,9,2023,09:15,1,2,2,75,75115,2,4,1,1,2
202300007370,21,9,2023,08:10,1,2,3,75,75115,2,4,2,1,2
202300007371,21,9,2023,09:45,1,2,7,75,75115,2,4,2,4,3
202300007372,20,9,2023,11:50,1,1,6,75,75114,2,4,2,1,1
202300007372,20,9,2023,11:50,1,1,6,75,75114,2,4,1,1,1
202300007373,21,9,2023,08:05,1,2,3,75,75113,2,4,2,2,2
202300007373,21,9,2023,08:05,1,2,3,75,75113,2,4,1,2,2
202300007374,21,9,2023,17:38,1,1,3,75,75107,2,4,1,1,1
202300007375,21,9,2023,14:55,1,2,3,75,75107,2,4,2,1,2
202300007375,21,9,2023,14:55,1,2,3,75,75107,2,4,2,1,2
202300007376,21,9,2023,08:40,1,2,7,75,75102,2,4,2,1,2
202300007377,21,9,2023,07:50,1,2,7,75,75101,2,4,2,1,2
202300007377,21,9,2023,07:50,1,2,7,75,75101,2,4,1,1,2
202300007378,19,9,2023,17:45,1,1,3,75,75104,2,4,1,1,1
202300007378,19,9,2023,17:45,1,1,3,75,75104,2,4,1,1,1
202300007379,21,9,2023,11:25,1,2,2,94,94068,2,3,2,1,2
202300007380,21,9,2023,20:40,3,1,6,94,94041,2,3,2,1,1
202300007380,21,9,2023,20:40,3,1,6,94,94041,2,3,1,1,1
202300007381,21,9,2023,01:15,3,1,3,94,94073,2,3,-1,1,1
202300007381,21,9,2023,01:15,3,1,3,94,94073,2,3,-1,1,1
202300007382,20,9,2023,21:20,5,1,6,94,94028,2,4,1,2,1
202300007383,21,9,2023,19:45,2,2,6,94,94077,2,4,2,1,2
202300007384,21,9,2023,18:50,1,1,2,94,94069,2,3,1,1,1
202300007385,21,9,2023,11:20,1,2,6,94,94017,2,3,1,1,2
202300007386,21,9,2023,11:35,1,3,2,94,94070,2,2,2,1,2
202300007387,21,9,2023,16:50,1,2,2,94,94002,2,3,2,2,2
202300007388,21,9,2023,17:48,1,1,3,93,93073,2,4,2,1,2
202300007388,21,9,2023,17:48,1,1,3,93,93073,2,4,2,1,2
202300007389,21,9,2023,13:45,1,3,6,93,93073,1,9,3,1,2
202300007390,21,9,2023,16:35,1,1,2,93,93079,2,3,2,1,1
202300007391,21,9,2023,13:40,1,2,7,93,93079,2,3,2,1,2
202300007392,21,9,2023,20:15,5,8,5,93,93027,2,3,3,1,2
202300007392,21,9,2023,20:15,5,8,5,93,93027,2,3,2,1,2
202300007393,21,9,2023,14:56,1,2,2,93,93008,2,3,3,1,2
202300007394,20,9,2023,14:10,1,2,6,93,93008,2,4,2,1,2
202300007395,21,9,2023,10:20,1,2,3,93,93008,2,3,2,1,2
202300007395,21,9,2023,10:20,1,2,3,93,93008,2,3,3,1,2
202300007396,20,9,2023,20:40,5,1,6,92,92051,2,2,1,1,1
202300007397,21,9,2023,09:15,1,3,6,92,92050,2,4,2,1,2
202300007397,21,9,2023,09:15,1,3,6,92,92050,2,4,1,1,2
202300007398,21,9,2023,13:40,1,3,6,92,92049,2,3,2,1,2
202300007399,21,9,2023,13:00,1,2,3,92,92020,2,4,1,1,2
202300007399,21,9,2023,13:00,1,2,3,92,92020,2,4,2,2,2
202300007400,21,9,2023,13:33,1,3,6,92,92040,2,3,2,1,2
202300007401,21,9,2023,16:00,1,1,3,92,92004,2,4,1,1,2
202300007401,21,9,2023,16:00,1,1,3,92,92004,2,4,1,1,2
202300007402,20,9,2023,18:00,1,1,3,92,92036,2,3,-1,1,1
202300007403,21,9,2023,18:15,1,1,6,92,92002,2,3,2,1,1
202300007403,21,9,2023,18:15,1,1,6,92,92002,2,3,2,1,1
202300007404,21,9,2023,12:00,1,2,3,92,92002,2,4,2,1,2
202300007404,21,9,2023,12:00,1,2,3,92,92002,2,4,1,1,2
202300007405,22,9,2023,07:15,1,2,6,2A,2A065,1,3,-1,2,2
202300007406,20,9,2023,20:20,5,1,3,06,06161,2,3,2,1,1
202300007407,22,9,2023,07:55,1,1,3,974,97412,2,4,2,1,1
202300007408,22,9,2023,10:15,1,1,6,972,97212,2,3,2,1,1
202300007409,21,9,2023,17:30,1,1,3,44,44051,1,4,2,2,1
202300007410,21,9,2023,10:00,1,2,7,30,30334,2,4,2,1,2
202300007410,21,9,2023,10:00,1,2,7,30,30334,2,4,2,1,2
202300007411,22,8,2023,19:40,1,1,3,91,91560,1,3,1,1,1
202300007412,22,9,2023,09:45,1,1,6,56,56204,1,4,2,1,1
202300007413,14,9,2023,14:30,1,1,7,67,67088,2,4,2,2,1
202300007414,19,9,2023,16:30,1,1,3,2B,2B123,2,3,2,1,1
202300007415,15,9,2023,21:20,3,1,3,80,80649,1,3,-1,1,1
202300007415,15,9,2023,21:20,3,1,3,80,80649,1,3,1,1,1
202300007416,21,9,2023,20:50,3,9,2,65,65161,1,2,2,1,2
202300007417,22,9,2023,14:30,1,2,3,63,63132,1,3,2,2,2
202300007418,21,9,2023,12:20,1,1,3,49,49345,1,3,-1,4,1
202300007418,21,9,2023,12:20,1,1,3,49,49345,1,3,-1,1,1
202300007419,21,9,2023,17:40,1,1,6,34,34140,2,3,3,1,2
202300007420,21,9,2023,09:56,1,1,6,68,68138,2,3,2,1,1
202300007421,22,9,2023,09:20,1,8,1,39,39470,1,3,2,2,9
202300007422,20,9,2023,13:45,1,1,6,44,44129,1,4,2,1,1
202300007423,21,9,2023,20:05,2,2,6,44,44146,1,3,2,1,2
202300007424,19,9,2023,19:55,5,2,3,29,29235,2,4,2,2,2
202300007425,22,9,2023,09:50,1,1,7,29,29174,1,3,2,2,2
202300007426,21,9,2023,15:00,1,2,1,03,03062,2,3,2,3,2
202300007427,22,9,2023,11:45,1,2,1,15,15074,1,2,2,1,2
202300007428,20,9,2023,23:45,3,1,7,26,26113,1,3,2,1,1
202300007429,22,9,2023,03:40,3,3,2,50,50273,1,3,2,1,2
202300007430,22,9,2023,00:35,3,2,7,18,18008,1,3,2,1,2
202300007431,18,9,2023,15:00,1,1,3,43,43051,2,3,2,1,1
202300007431,18,9,2023,15:00,1,1,3,43,43051,2,3,2,1,1
202300007432,19,9,2023,18:35,1,1,6,36,36088,2,4,2,1,1
202300007432,19,9,2023,18:35,1,1,6,36,36088,2,4,2,2,1
202300007433,20,9,2023,22:42,5,3,6,30,30307,1,2,2,1,2
202300007434,22,9,2023,16:45,1,1,6,30,30061,1,2,3,2,1
202300007435,21,9,2023,18:56,1,8,6,48,48074,1,3,2,1,2
202300007436,21,9,2023,18:20,1,2,7,63,63370,1,1,1,1,2
202300007437,22,9,2023,15:45,1,1,6,06,06018,2,3,2,1,1
202300007438,20,9,2023,13:40,1,1,2,68,68297,1,1,3,1,1
202300007439,22,9,2023,14:00,1,1,5,30,30189,1,1,3,1,1
202300007440,21,9,2023,13:40,1,1,6,974,97422,2,3,2,1,1
202300007441,25,8,2023,06:45,2,1,3,83,83079,1,3,2,1,1
202300007441,25,8,2023,06:45,2,1,3,83,83079,1,3,2,1,1
202300007442,22,9,2023,16:00,1,7,1,13,13035,1,3,2,1,1
202300007443,4,9,2023,08:00,2,1,3,13,13027,2,3,1,1,1
202300007444,22,9,2023,09:30,2,1,3,63,63284,2,4,1,1,1
202300007444,22,9,2023,09:30,2,1,3,63,63284,2,4,2,1,1
202300007445,22,9,2023,17:00,1,2,6,38,38087,2,3,2,1,2
202300007446,16,9,2023,18:00,1,2,1,07,07235,2,3,2,2,2
202300007447,7,9,2023,16:20,1,7,3,01,01249,2,4,2,2,1
202300007447,7,9,2023,16:20,1,7,3,01,01249,2,4,2,1,1
202300007448,9,9,2023,11:49,1,1,6,69,69107,1,3,2,2,1
202300007449,20,9,2023,19:15,1,1,3,33,33243,2,3,2,1,1
202300007449,20,9,2023,19:15,1,1,3,33,33243,2,3,2,1,1
202300007450,21,9,2023,09:00,1,1,3,50,50294,1,3,2,1,2
202300007451,22,9,2023,19:00,2,1,6,27,27412,1,3,2,1,2
202300007452,22,9,2023,11:30,1,2,6,60,60106,1,3,-1,2,2
202300007453,21,9,2023,22:15,3,1,6,02,02495,1,3,2,2,2
202300007454,21,9,2023,13:40,1,3,6,59,59531,2,3,2,1,2
202300007455,22,9,2023,08:30,1,1,3,59,59250,1,2,2,1,1
202300007456,21,9,2023,11:00,1,1,2,13,13005,1,1,-1,1,1
202300007457,20,9,2023,18:00,1,2,3,13,13019,1,1,1,1,2
202300007458,21,9,2023,07:10,2,3,6,13,13028,1,1,3,2,2
202300007459,6,9,2023,18:00,1,1,2,69,69256,1,1,1,1,1
202300007460,21,9,2023,06:49,2,1,2,67,67482,2,7,1,1,1
202300007461,21,9,2023,17:30,1,1,5,91,91339,1,2,3,1,2
202300007462,21,9,2023,15:40,1,2,6,91,91136,1,1,1,2,2
202300007463,21,9,2023,09:20,1,3,7,91,91235,1,2,-1,1,2
202300007464,21,9,2023,07:45,1,2,3,91,91286,1,1,1,1,2
202300007465,21,9,2023,15:25,1,2,5,78,78640,1,1,1,1,2
202300007466,21,9,2023,09:00,1,3,6,78,78217,1,1,1,1,2
202300007467,19,9,2023,08:28,1,1,3,78,78640,1,2,1,1,1
202300007468,21,9,2023,19:00,1,8,3,93,93029,1,1,3,1,2
202300007469,21,9,2023,16:45,1,1,7,92,92036,1,1,1,2,2
202300007470,21,9,2023,11:30,1,3,4,93,93027,1,1,3,1,2
202300007471,21,9,2023,10:00,1,3,3,92,92036,1,1,3,4,2
202300007472,21,9,2023,08:45,1,3,6,93,93010,1,1,3,1,2
202300007473,21,9,2023,21:25,5,2,6,94,94069,1,1,-1,1,2
202300007474,21,9,2023,09:40,1,3,3,77,77337,1,1,1,1,4
202300007475,21,9,2023,09:00,1,3,6,77,77294,1,1,3,1,2
202300007476,21,9,2023,07:40,1,3,4,94,94042,1,1,1,1,4
202300007477,19,6,2023,07:50,1,1,3,62,62826,2,3,2,1,1
202300007477,19,6,2023,07:50,1,1,3,62,62826,2,3,2,1,1
202300007478,19,9,2023,19:50,1,1,2,92,92049,2,3,1,1,1
202300007479,20,9,2023,06:00,1,1,7,974,97416,2,4,2,1,1
202300007480,20,9,2023,19:45,5,1,6,974,97407,2,4,2,1,1
202300007481,20,9,2023,12:20,1,1,3,974,97407,2,2,2,1,1
202300007482,20,9,2023,14:33,1,1,3,69,69387,2,4,1,1,1
202300007482,20,9,2023,14:33,1,1,3,69,69387,2,4,2,1,1
202300007483,20,9,2023,07:00,2,1,3,69,69386,2,4,1,1,1
202300007483,20,9,2023,07:00,2,1,3,69,69386,2,4,1,1,1
202300007484,20,9,2023,19:55,5,1,6,69,69389,2,4,1,1,1
202300007485,20,9,2023,14:45,1,1,3,2B,2B033,2,4,2,1,1
202300007486,20,9,2023,08:25,1,1,5,91,91421,2,3,3,1,1
202300007487,20,9,2023,15:53,1,1,6,91,91434,2,4,2,1,1
202300007488,20,9,2023,07:55,1,1,2,89,89387,2,4,2,1,1
202300007489,19,9,2023,18:14,1,1,3,30,30011,1,3,2,1,1
202300007489,19,9,2023,18:14,1,1,3,30,30011,1,3,2,1,1
202300007490,16,9,2023,23:15,5,1,3,83,83126,2,3,3,2,1
202300007490,16,9,2023,23:15,5,1,3,83,83126,2,3,3,1,1
202300007491,17,9,2023,22:55,5,1,3,83,83061,2,3,2,1,1
202300007491,17,9,2023,22:55,5,1,3,83,83061,2,3,2,1,1
202300007492,20,9,2023,14:35,1,1,3,78,78551,2,3,1,1,1
202300007493,20,9,2023,12:30,1,1,2,77,77330,2,6,-1,1,1
202300007494,20,9,2023,14:17,1,1,6,77,77058,2,4,2,1,1
202300007495,20,9,2023,20:40,3,1,3,76,76540,2,7,2,1,1
202300007495,20,9,2023,20:40,3,1,3,76,76540,2,7,2,1,1
202300007496,20,9,2023,18:00,1,1,2,76,76497,1,7,1,2,1
202300007497,20,9,2023,08:15,1,1,3,73,73008,2,3,2,1,1
202300007497,20,9,2023,08:15,1,1,3,73,73008,2,3,2,1,1
202300007498,19,9,2023,18:15,1,1,3,72,72181,2,4,1,1,1
202300007498,19,9,2023,18:15,1,1,3,72,72181,2,4,-1,1,1
202300007499,20,9,2023,08:30,1,1,6,71,71076,2,4,2,1,1
202300007500,20,9,2023,16:30,1,1,3,69,69256,2,4,2,1,1
202300007500,20,9,2023,16:30,1,1,3,69,69256,2,4,2,1,1
202300007501,20,9,2023,16:10,1,1,3,69,69275,2,7,2,1,1
202300007501,20,9,2023,16:10,1,1,3,69,69275,2,7,2,1,1
202300007502,20,9,2023,18:15,1,1,3,69,69259,2,4,2,1,1
202300007503,19,9,2023,20:00,1,1,3,69,69259,2,4,1,1,1
202300007503,19,9,2023,20:00,1,1,3,69,69259,2,4,2,1,1
202300007504,20,9,2023,10:10,1,1,2,64,64260,2,4,2,4,1
202300007504,20,9,2023,10:10,1,1,2,64,64260,2,4,2,1,1
202300007505,20,9,2023,17:50,1,1,6,64,64445,2,4,2,1,1
202300007506,20,9,2023,14:50,1,1,2,64,64284,2,3,2,1,1
202300007507,20,9,2023,10:00,1,1,6,64,64284,1,3,2,1,1
202300007508,20,9,2023,08:30,1,7,3,64,64445,2,4,3,1,1
202300007509,20,9,2023,09:45,1,1,6,63,63300,2,3,-1,2,1
202300007510,20,9,2023,07:50,1,1,3,63,63113,2,4,1,1,1
202300007510,20,9,2023,07:50,1,1,3,63,63113,2,4,1,1,1
202300007511,20,9,2023,07:50,2,1,6,63,63113,2,4,2,1,1
202300007511,20,9,2023,07:50,2,1,6,63,63113,2,4,2,2,1
202300007512,20,9,2023,08:50,1,2,6,62,62193,2,4,-1,1,2
202300007513,20,9,2023,13:35,1,1,3,61,61001,2,3,2,2,1
202300007513,20,9,2023,13:35,1,1,3,61,61001,2,3,2,1,1
202300007514,20,9,2023,07:50,1,1,3,61,61001,2,3,2,1,1
202300007514,20,9,2023,07:50,1,1,3,61,61001,2,3,2,1,1
202300007515,22,10,2023,05:57,5,1,7,06,06083,2,3,-1,1,1
202300007516,22,10,2023,16:45,1,1,1,06,06004,1,3,2,1,1
202300007517,6,10,2023,16:07,1,1,3,04,04112,2,4,2,1,1
202300007518,22,10,2023,04:37,5,1,6,01,01053,2,4,1,1,1
202300007519,22,10,2023,12:50,1,1,5,75,75120,2,4,1,1,1
202300007520,22,10,2023,13:15,1,1,3,75,75116,2,4,1,1,1
202300007521,21,10,2023,18:40,5,2,2,75,75113,2,4,1,1,2
202300007522,20,10,2023,17:30,1,1,3,75,75113,2,4,1,1,2
202300007523,20,10,2023,13:40,1,2,2,75,75117,2,4,1,1,2
202300007524,21,10,2023,05:52,3,1,6,75,75118,2,4,2,1,1
202300007525,22,10,2023,12:15,1,1,6,75,75117,2,4,1,1,1
202300007525,22,10,2023,12:15,1,1,6,75,75117,2,4,-1,1,1
202300007526,21,10,2023,17:00,1,6,5,75,75117,2,4,1,1,2
202300007526,21,10,2023,17:00,1,6,5,75,75117,2,4,1,1,2
202300007527,22,10,2023,20:10,5,1,3,75,75116,2,4,2,1,1
202300007527,22,10,2023,20:10,5,1,3,75,75116,2,4,2,1,1
202300007528,22,10,2023,16:55,1,1,6,75,75116,2,4,1,1,1
202300007528,22,10,2023,16:55,1,1,6,75,75116,2,4,1,1,1
202300007529,21,10,2023,20:20,5,2,6,75,75116,2,4,2,1,2
202300007529,21,10,2023,20:20,5,2,6,75,75116,2,4,2,1,2
202300007530,21,10,2023,15:30,1,2,3,75,75116,2,4,2,1,2
202300007530,21,10,2023,15:30,1,2,3,75,75116,2,4,2,1,2
202300007531,22,10,2023,03:20,5,8,6,75,75113,2,4,1,1,2
202300007532,22,10,2023,00:20,5,1,3,75,75107,2,4,2,1,2
202300007532,22,10,2023,00:20,5,1,3,75,75107,2,4,1,1,2
202300007533,22,10,2023,16:35,1,1,3,75,75110,2,4,3,1,1
202300007534,22,10,2023,15:55,1,1,6,75,75110,2,4,1,1,1
202300007535,20,10,2023,18:30,1,1,6,75,75108,2,4,2,1,1
202300007535,20,10,2023,18:30,1,1,6,75,75108,2,4,1,1,1
202300007536,21,10,2023,23:23,5,2,6,75,75107,2,4,2,1,2
202300007536,21,10,2023,23:23,5,2,6,75,75107,2,4,2,1,2
202300007537,22,10,2023,17:20,1,1,3,75,75102,2,4,1,1,1
202300007537,22,10,2023,17:20,1,1,3,75,75102,2,4,1,1,1
202300007538,22,10,2023,13:10,1,1,6,94,94073,2,4,2,1,1
202300007539,22,10,2023,04:40,5,2,6,94,94033,2,4,1,1,2
202300007540,21,10,2023,22:20,5,3,3,94,94033,2,3,3,1,2
202300007541,22,10,2023,18:50,5,1,6,93,93077,2,4,2,1,1
202300007541,22,10,2023,18:50,5,1,6,93,93077,2,4,1,1,1
202300007542,22,10,2023,11:55,1,1,3,93,93055,2,3,2,2,2
202300007543,22,10,2023,20:10,5,1,3,93,93048,2,4,2,1,1
202300007544,22,10,2023,17:15,1,1,1,93,93048,2,4,2,1,1
202300007545,22,10,2023,22:20,5,1,3,93,93029,2,4,2,1,1
202300007545,22,10,2023,22:20,5,1,3,93,93029,2,4,2,1,1