id_accident,jour,mois,annee,heure_minute,luminosite,meteo,type_collision,departement,commune,agglomeration,categorie_route,regime_circulation,profil_route,etat_surface
202300007546,22,10,2023,20:40,5,1,2,93,93010,2,3,2,1,1
202300007547,22,10,2023,11:30,1,8,3,93,93008,2,3,3,1,2
202300007548,22,10,2023,20:30,5,1,3,92,92036,2,4,-1,1,1
202300007549,22,10,2023,14:35,1,1,7,92,92012,2,4,2,1,1
202300007550,23,10,2023,04:49,3,1,7,83,83061,1,1,3,1,1
202300007551,11,10,2023,18:53,5,1,3,974,97422,2,3,1,2,1
202300007551,11,10,2023,18:53,5,1,3,974,97422,2,3,2,1,1
202300007552,23,10,2023,10:00,1,8,2,06,06095,2,4,2,1,1
202300007553,23,10,2023,17:50,1,2,1,58,58044,1,3,2,4,2
202300007554,23,10,2023,08:50,2,8,6,50,50095,2,3,2,1,1
202300007555,22,10,2023,10:15,1,2,1,51,51002,1,3,2,1,2
202300007556,22,3,2023,18:30,2,1,1,19,19063,2,4,2,2,1
202300007557,22,10,2023,19:35,3,2,6,56,56140,1,3,2,1,2
202300007558,22,10,2023,20:00,3,1,2,32,32160,1,2,3,1,1
202300007559,22,10,2023,10:42,1,1,3,11,11397,2,3,1,1,1
202300007559,22,10,2023,10:42,1,1,3,11,11397,2,3,1,1,1
202300007560,22,10,2023,21:00,3,8,6,63,63397,1,3,2,1,1
202300007561,23,10,2023,10:40,1,1,6,63,63409,1,3,2,1,2
202300007562,23,10,2023,19:52,3,2,6,68,68011,1,3,2,1,2
202300007563,22,10,2023,13:15,1,1,1,68,68126,2,4,2,1,1
202300007564,22,10,2023,13:05,1,1,7,22,22085,1,3,2,1,1
202300007565,7,10,2023,17:25,1,1,1,29,29177,1,3,2,1,1
202300007565,7,10,2023,17:25,1,1,1,29,29177,1,3,2,1,1
202300007566,20,10,2023,10:25,2,2,2,29,29174,1,3,2,1,2
202300007567,22,10,2023,11:54,1,1,3,03,03038,1,3,2,1,1
202300007567,22,10,2023,11:54,1,1,3,03,03038,1,3,2,1,1
202300007568,23,10,2023,13:30,1,8,6,03,03257,1,2,3,2,2
202300007569,23,10,2023,08:00,2,3,6,03,03170,1,3,2,1,2
202300007570,22,10,2023,17:30,1,1,6,01,01183,2,4,2,2,1
202300007571,23,10,2023,13:40,1,2,2,58,58232,1,3,2,2,2
202300007572,22,10,2023,09:45,1,1,3,72,72198,1,3,2,1,1
202300007572,22,10,2023,09:45,1,1,3,72,72198,1,3,2,1,1
202300007573,22,10,2023,23:30,3,1,6,72,72109,1,3,2,1,1
202300007574,22,10,2023,14:00,1,1,3,14,14057,1,3,2,1,1
202300007574,22,10,2023,14:00,1,1,3,14,14057,1,3,2,1,1
202300007575,22,10,2023,14:45,1,1,7,43,43211,1,3,2,2,1
202300007576,21,10,2023,10:28,1,1,2,43,43186,1,4,2,1,1
202300007577,21,10,2023,19:35,3,1,7,36,36215,1,3,2,1,1
202300007578,22,10,2023,21:55,3,1,7,36,36064,1,4,2,1,1
202300007579,21,10,2023,17:50,2,1,1,23,23130,1,3,2,1,1
202300007580,23,10,2023,14:20,1,1,7,10,10162,1,1,1,1,2
202300007581,23,10,2023,08:30,1,1,2,10,10045,1,1,1,1,1
202300007582,10,10,2023,08:30,2,8,6,35,35208,2,4,2,1,1
202300007583,23,10,2023,19:30,5,2,6,95,95250,2,4,3,2,2
202300007584,20,10,2023,15:40,1,8,7,68,68386,2,3,2,2,2
202300007585,22,10,2023,17:22,1,1,3,987,98729,1,2,2,2,1
202300007586,12,10,2023,07:00,2,7,3,974,97415,2,3,3,2,1
202300007586,12,10,2023,07:00,2,7,3,974,97415,2,3,2,1,1
202300007587,19,10,2023,07:50,3,2,2,29,29234,1,2,3,1,2
202300007588,21,10,2023,15:51,1,8,1,28,28113,1,3,2,1,2
202300007589,22,10,2023,10:50,1,8,3,77,77453,2,3,2,1,1
202300007590,22,10,2023,05:26,3,1,1,13,13076,1,3,2,2,1
202300007590,22,10,2023,05:26,3,1,1,13,13076,1,3,2,1,1
202300007591,18,10,2023,19:00,5,3,3,67,67506,2,7,2,1,2
202300007591,18,10,2023,19:00,5,3,3,67,67506,2,7,2,1,2
202300007592,22,10,2023,17:39,1,1,6,54,54335,1,3,2,1,1
202300007593,22,10,2023,11:40,1,1,2,63,63247,1,3,2,2,2
202300007594,20,10,2023,16:00,1,2,6,47,47157,1,6,-1,1,2
202300007595,22,10,2023,17:45,1,1,6,33,33539,1,3,2,1,1
202300007596,22,10,2023,10:00,1,2,4,60,60213,1,2,2,1,2
202300007597,22,10,2023,11:45,1,1,7,59,59465,1,4,-1,1,1
202300007598,22,10,2023,19:25,3,1,6,69,69277,1,2,3,1,1
202300007599,22,10,2023,01:00,3,1,4,69,69296,1,1,3,1,1
202300007600,22,10,2023,02:52,5,2,6,94,94037,1,1,-1,2,2
202300007601,21,10,2023,05:40,3,1,1,91,91661,1,1,3,2,2
202300007602,22,10,2023,06:00,3,2,2,92,92036,1,1,3,1,2
202300007603,22,10,2023,04:30,3,2,6,95,95060,1,1,3,1,2
202300007604,22,10,2023,02:35,3,2,5,92,92036,1,1,3,1,2
202300007605,21,10,2023,23:00,3,3,6,95,95582,1,1,1,1,2
202300007606,22,10,2023,06:45,3,1,4,77,77122,1,2,1,1,1
202300007607,16,6,2023,07:24,1,1,4,972,97209,1,3,3,2,1
202300007608,10,6,2023,17:50,1,1,7,972,97203,2,2,2,1,1
202300007609,9,6,2023,15:10,1,1,6,972,97210,2,6,-1,1,1
202300007610,25,7,2023,12:20,1,1,3,13,13112,1,1,3,1,1
202300007611,8,7,2023,19:10,1,1,6,13,13028,2,4,2,1,1
202300007612,28,6,2023,18:50,1,1,3,14,14700,1,3,2,3,1
202300007612,28,6,2023,18:50,1,1,3,14,14700,1,3,2,1,1
202300007613,27,6,2023,13:00,1,1,4,14,14180,1,3,2,2,1
202300007614,28,7,2023,19:10,1,1,2,14,14366,2,4,3,1,1
202300007615,18,7,2023,15:30,1,1,6,14,14712,2,4,2,1,1
202300007616,11,7,2023,17:30,1,1,6,14,14473,1,3,2,1,1
202300007617,21,10,2023,04:00,3,1,7,974,97416,1,3,2,2,1
202300007618,21,10,2023,11:45,1,8,3,974,97411,2,4,1,1,1
202300007618,21,10,2023,11:45,1,8,3,974,97411,2,4,2,2,1
202300007619,6,10,2023,08:55,1,1,3,973,97302,2,4,2,1,1
202300007620,21,10,2023,00:40,5,1,2,973,97302,1,2,1,1,1
202300007621,20,10,2023,08:45,1,1,3,973,97302,2,3,2,1,1
202300007622,22,10,2023,01:15,5,1,6,69,69386,2,4,1,1,1
202300007622,22,10,2023,01:15,5,1,6,69,69386,2,4,1,1,1
202300007623,21,10,2023,05:40,5,1,3,69,69387,2,4,2,1,1
202300007623,21,10,2023,05:40,5,1,3,69,69387,2,4,2,1,1
202300007624,21,10,2023,06:35,2,1,1,2B,2B033,2,4,3,2,1
202300007625,20,10,2023,22:15,5,8,6,971,97101,2,4,1,1,2
202300007626,21,10,2023,11:40,1,1,3,91,91549,2,3,1,1,1
202300007626,21,10,2023,11:40,1,1,3,91,91549,2,3,2,1,1
202300007627,21,10,2023,20:15,5,3,6,91,91421,2,4,2,1,2
202300007628,20,10,2023,15:50,1,2,3,91,91223,2,4,2,1,2
202300007629,20,10,2023,08:25,1,8,3,91,91223,2,3,2,1,2
202300007629,20,10,2023,08:25,1,8,3,91,91223,2,3,1,2,2
202300007630,16,10,2023,12:45,1,1,1,89,89338,2,3,2,1,1
202300007631,21,10,2023,15:26,1,1,6,85,85191,2,4,2,1,1
202300007632,21,10,2023,12:30,1,1,3,83,83137,2,3,2,1,1
202300007633,20,10,2023,18:33,5,8,6,78,78418,2,4,2,1,1
202300007634,20,10,2023,19:50,4,3,6,77,77305,2,3,2,1,2
202300007635,21,10,2023,03:30,3,2,2,77,77389,1,3,2,1,2
202300007636,21,10,2023,06:00,5,2,3,76,76498,2,4,1,1,2
202300007636,21,10,2023,06:00,5,2,3,76,76498,2,4,2,1,2
202300007637,21,10,2023,06:10,3,8,6,76,76565,1,2,2,2,2
202300007638,22,10,2023,00:00,5,1,3,73,73008,2,3,2,1,1
202300007638,22,10,2023,00:00,5,1,3,73,73008,2,3,2,1,1
202300007639,20,10,2023,07:50,1,8,6,69,69264,2,4,2,1,2
202300007640,21,10,2023,22:30,3,1,3,69,69199,2,4,1,1,1
202300007640,21,10,2023,22:30,3,1,3,69,69199,2,4,1,1,1
202300007641,21,10,2023,00:55,5,2,2,68,68166,1,3,4,1,2
202300007641,21,10,2023,00:55,5,2,2,68,68166,1,3,3,1,2
202300007642,21,10,2023,17:30,1,1,2,67,67482,2,4,2,1,1
202300007643,21,10,2023,18:45,1,1,7,64,64284,2,4,3,1,1
202300007644,20,10,2023,17:35,1,1,6,62,62215,2,4,2,1,1
202300007645,21,10,2023,12:20,1,1,3,54,54547,2,4,2,1,1
202300007646,21,10,2023,08:30,1,8,6,54,54547,1,7,1,1,1
202300007647,21,10,2023,12:03,1,1,3,51,51454,2,4,2,1,1
202300007647,21,10,2023,12:03,1,1,3,51,51454,2,4,-1,1,1
202300007648,20,10,2023,19:20,5,1,1,51,51454,2,4,2,1,2
202300007648,20,10,2023,19:20,5,1,1,51,51454,2,4,2,1,2
202300007649,21,10,2023,18:44,2,1,7,51,51242,2,4,2,1,1
202300007650,21,10,2023,16:14,1,2,6,49,49007,2,4,-1,1,2
202300007651,21,10,2023,07:22,3,1,6,49,49007,1,3,3,1,2
202300007652,21,10,2023,05:22,4,1,6,49,49246,2,4,1,2,2
202300007653,21,10,2023,18:26,2,3,3,45,45234,2,4,1,1,2
202300007653,21,10,2023,18:26,2,3,3,45,45234,2,4,4,1,2
202300007654,21,10,2023,12:10,1,1,6,45,45234,2,4,2,1,1
202300007655,20,10,2023,11:40,1,1,3,45,45004,2,3,2,1,1
202300007656,17,10,2023,07:50,2,1,4,44,44132,2,4,3,1,1
202300007657,21,10,2023,09:10,1,3,4,35,35238,1,2,3,2,2
202300007658,21,10,2023,12:00,1,3,2,35,35238,1,2,3,1,2
202300007659,21,10,2023,04:38,3,2,6,28,28085,1,3,3,1,2
202300007660,21,10,2023,10:00,1,2,3,22,22113,2,3,-1,1,2
202300007660,21,10,2023,10:00,1,2,3,22,22113,2,3,2,1,2
202300007661,21,10,2023,11:40,1,2,6,17,17415,2,6,-1,2,2
202300007662,21,10,2023,22:00,5,1,3,13,13206,2,4,1,4,1
202300007662,21,10,2023,22:00,5,1,3,13,13206,2,4,2,1,1
202300007663,20,10,2023,22:50,5,1,6,13,13215,2,4,2,1,1
202300007664,21,10,2023,07:30,2,1,3,13,13216,2,4,2,1,1
202300007664,21,10,2023,07:30,2,1,3,13,13216,2,4,2,2,1
202300007665,21,10,2023,14:40,1,1,1,13,13005,1,3,2,1,1
202300007666,21,10,2023,15:10,1,1,7,13,13001,2,4,2,2,1
202300007667,21,10,2023,15:49,1,1,6,11,11069,2,4,2,2,1
202300007668,20,10,2023,13:20,1,1,3,07,07102,2,4,-1,1,1
202300007669,21,10,2023,17:24,1,1,1,06,06088,2,4,1,1,1
202300007670,21,10,2023,15:15,1,8,5,75,75120,2,4,1,1,2
202300007671,20,10,2023,20:45,5,2,6,75,75120,2,4,2,2,2
202300007671,20,10,2023,20:45,5,2,6,75,75120,2,4,1,1,2
202300007672,21,10,2023,13:48,1,2,2,75,75119,2,4,4,1,2
202300007672,21,10,2023,13:48,1,2,2,75,75119,2,4,2,1,2
202300007673,20,10,2023,23:35,5,2,1,75,75119,2,4,1,1,2
202300007673,20,10,2023,23:35,5,2,1,75,75119,2,4,2,1,2
202300007674,20,10,2023,19:30,4,3,3,75,75115,2,4,-1,1,2
202300007674,20,10,2023,19:30,4,3,3,75,75115,2,4,2,1,2
202300007675,21,10,2023,14:40,1,1,3,75,75114,2,4,2,1,1
202300007676,20,10,2023,16:30,1,2,6,75,75114,2,4,2,1,2
202300007676,20,10,2023,16:30,1,2,6,75,75114,2,4,1,1,2
202300007677,21,10,2023,19:45,5,3,6,75,75113,2,4,1,2,2
202300007678,21,10,2023,12:10,1,8,6,75,75113,2,4,1,1,1
202300007678,21,10,2023,12:10,1,8,6,75,75113,2,4,1,2,1
202300007679,21,10,2023,05:50,5,1,2,75,75114,2,4,2,2,2
202300007679,21,10,2023,05:50,5,1,2,75,75114,2,4,2,1,2
202300007680,21,10,2023,09:55,1,2,6,75,75110,2,4,2,2,2
202300007681,21,10,2023,03:30,5,2,7,75,75108,2,4,2,1,2
202300007681,21,10,2023,03:30,5,2,7,75,75108,2,4,2,1,2
202300007682,21,10,2023,00:25,5,2,2,75,75108,2,4,2,1,2
202300007682,21,10,2023,00:25,5,2,2,75,75108,2,4,1,1,2
202300007683,20,10,2023,21:04,5,2,2,75,75107,2,4,-1,1,2
202300007684,21,10,2023,19:45,5,2,3,75,75102,2,4,1,1,2
202300007684,21,10,2023,19:45,5,2,3,75,75102,2,4,1,1,2
202300007685,21,10,2023,09:30,1,1,7,75,75102,2,4,1,1,1
202300007685,21,10,2023,09:30,1,1,7,75,75102,2,4,1,1,1
202300007686,21,10,2023,16:50,1,8,3,94,94042,2,3,2,1,2
202300007687,21,10,2023,19:10,5,2,3,94,94065,1,2,1,1,2
202300007688,21,10,2023,08:51,1,1,6,94,94073,2,4,2,2,1
202300007689,21,10,2023,03:10,3,8,6,94,94017,2,3,2,2,2
202300007690,21,10,2023,16:30,1,1,2,93,93066,2,4,2,1,1
202300007690,21,10,2023,16:30,1,1,2,93,93066,2,4,1,1,1
202300007691,21,10,2023,14:20,1,1,2,93,93077,2,3,2,1,1
202300007692,20,10,2023,20:40,5,2,3,93,93032,2,3,3,1,2
202300007692,20,10,2023,20:40,5,2,3,93,93032,2,3,3,1,2
202300007693,21,10,2023,01:55,5,1,1,92,92046,2,3,2,1,2
202300007694,21,10,2023,19:20,5,2,6,92,92073,2,3,2,1,2
202300007694,21,10,2023,19:20,5,2,6,92,92073,2,3,2,1,2
202300007695,21,10,2023,14:05,1,2,2,92,92063,2,4,1,2,2
202300007696,21,10,2023,21:20,5,2,3,92,92050,2,3,2,1,2
202300007696,21,10,2023,21:20,5,2,3,92,92050,2,3,1,2,2
202300007697,20,10,2023,22:43,3,8,2,95,95313,1,1,1,1,2
202300007698,22,10,2023,13:00,1,2,4,95,95052,2,4,2,2,2
202300007699,9,10,2023,15:00,1,1,1,972,97217,2,2,2,1,1
202300007699,9,10,2023,15:00,1,1,1,972,97217,2,2,-1,-1,-1
202300007700,21,10,2023,18:50,3,3,6,972,97234,1,2,2,1,2
202300007701,22,10,2023,16:14,1,1,1,01,01075,2,3,4,1,1
202300007702,22,10,2023,02:15,3,2,6,50,50592,1,1,3,1,2
202300007703,22,10,2023,15:20,1,1,3,41,41278,1,2,2,1,1
202300007704,22,10,2023,05:20,3,2,7,51,51234,1,3,2,1,2
202300007705,22,10,2023,11:50,1,1,6,59,59539,1,3,2,1,1
202300007706,22,10,2023,19:20,2,1,3,71,71522,2,3,2,1,1
202300007706,22,10,2023,19:20,2,1,3,71,71522,2,3,2,2,2
202300007707,20,10,2023,07:45,2,2,6,71,71120,2,3,2,1,2
202300007707,20,10,2023,07:45,2,2,6,71,71120,2,3,2,1,2
202300007708,14,10,2023,08:45,1,1,6,63,63080,2,9,2,2,1
202300007709,22,10,2023,01:30,3,1,1,49,49240,1,3,2,1,1
202300007710,9,2,2023,19:20,3,1,6,89,89428,1,3,2,1,1
202300007711,9,2,2023,18:20,3,1,1,89,89419,1,3,3,2,1
202300007712,7,2,2023,11:00,1,1,3,63,63382,1,3,2,1,1
202300007712,7,2,2023,11:00,1,1,3,63,63382,1,3,2,2,1
202300007713,10,2,2023,16:10,1,1,3,44,44031,1,3,2,2,1
202300007714,9,2,2023,07:35,2,1,3,31,31224,2,3,2,1,1
202300007714,9,2,2023,07:35,2,1,3,31,31224,2,3,2,1,1
202300007715,9,2,2023,16:00,1,1,7,31,31474,1,3,2,1,1
202300007716,9,2,2023,17:45,2,1,6,66,66063,1,3,2,2,1
202300007717,10,2,2023,07:30,1,1,6,06,06032,2,7,2,1,1
202300007718,8,2,2023,13:00,1,1,6,06,06079,1,1,3,1,1
202300007718,8,2,2023,13:00,1,1,6,06,06079,1,1,3,1,1
202300007719,10,2,2023,13:30,1,1,6,14,14194,1,3,2,2,1
202300007720,10,2,2023,16:45,1,1,5,50,50390,1,3,2,1,1
202300007721,10,2,2023,07:45,1,1,1,73,73184,1,3,2,2,1
202300007722,21,1,2023,10:50,1,1,6,07,07010,2,4,2,2,1
202300007723,20,1,2023,11:35,1,4,3,07,07288,1,3,2,2,2
202300007724,9,2,2023,14:40,1,1,6,07,07076,1,3,2,1,1
202300007725,8,2,2023,17:45,1,7,3,27,27102,1,3,-1,1,1
202300007725,8,2,2023,17:45,1,7,3,27,27102,1,3,2,1,1
202300007726,9,2,2023,16:15,1,7,2,42,42279,2,3,2,1,1
202300007727,9,2,2023,08:28,1,1,7,06,06088,1,1,3,2,1
202300007728,10,2,2023,08:45,1,8,2,59,59312,1,1,3,1,1
202300007729,9,2,2023,20:57,3,1,1,974,97422,2,3,2,1,1
202300007730,10,2,2023,08:20,1,1,6,77,77437,2,4,2,2,1
202300007731,9,2,2023,09:50,1,1,1,66,66065,1,3,2,1,1
202300007732,9,2,2023,02:00,3,1,1,13,13014,1,3,2,1,1
202300007733,9,2,2023,11:45,1,1,3,26,26116,2,3,2,1,1
202300007733,9,2,2023,11:45,1,1,3,26,26116,2,3,2,1,1
202300007734,10,2,2023,16:55,1,1,3,01,01262,2,4,1,1,1
202300007734,10,2,2023,16:55,1,1,3,01,01262,2,4,2,1,1
202300007735,9,2,2023,17:20,2,7,3,81,81210,2,3,2,1,1
202300007736,9,2,2023,20:15,3,1,7,17,17421,1,4,2,1,1
202300007737,10,2,2023,04:30,3,1,7,60,60079,1,3,2,1,1
202300007737,10,2,2023,04:30,3,1,7,60,60079,1,3,2,1,1
202300007738,9,2,2023,09:10,1,1,2,13,13211,1,1,1,1,1
202300007739,8,2,2023,05:55,3,1,6,13,13005,1,1,3,1,1
202300007740,9,2,2023,07:50,4,1,2,33,33039,1,1,3,1,1
202300007741,8,2,2023,18:15,4,1,2,33,33063,1,1,3,2,1
202300007742,9,2,2023,19:00,3,1,4,91,91689,1,1,1,1,1
202300007743,9,2,2023,09:40,1,1,3,91,91645,1,2,3,2,1
202300007744,9,2,2023,09:00,1,1,2,91,91687,1,1,1,1,1
202300007745,9,2,2023,19:25,5,1,2,92,92050,1,1,-1,1,1
202300007746,8,2,2023,17:53,2,1,2,78,78455,1,1,1,1,1
202300007747,8,2,2023,08:32,1,1,5,78,78126,1,1,-1,1,1
202300007748,7,2,2023,20:50,5,1,3,78,78090,1,1,1,1,1
202300007749,9,2,2023,17:30,2,1,4,93,93053,1,1,3,1,1
202300007750,9,2,2023,07:00,2,1,4,93,93053,1,1,3,1,1
202300007751,8,2,2023,16:10,1,1,6,95,95277,1,1,1,2,1
202300007752,8,2,2023,10:30,1,1,2,93,93027,1,1,1,1,1
202300007753,8,2,2023,08:30,1,1,3,95,95277,1,3,3,1,1
202300007754,7,2,2023,08:15,1,1,4,93,93005,1,1,3,1,1
202300007755,6,2,2023,08:30,1,1,3,95,95256,1,2,3,1,1
202300007756,5,2,2023,21:45,3,1,2,93,93048,1,1,3,1,1
202300007757,5,2,2023,20:55,5,1,3,93,93029,1,1,1,1,1
202300007758,4,2,2023,23:50,3,1,4,93,93005,1,1,3,1,1
202300007759,8,2,2023,20:30,4,1,6,77,77258,1,1,-1,1,1
202300007760,8,2,2023,17:40,2,1,4,94,94017,1,1,-1,1,1
202300007761,7,2,2023,13:35,1,1,6,29,29019,2,4,-1,1,1
202300007761,7,2,2023,13:35,1,1,6,29,29019,2,4,-1,1,1
202300007762,8,2,2023,07:30,1,1,6,974,97416,2,4,2,2,1
202300007763,8,2,2023,11:30,1,1,3,974,97411,1,2,1,1,1
202300007764,8,2,2023,21:15,5,1,3,974,97409,2,3,2,1,1
202300007764,8,2,2023,21:15,5,1,3,974,97409,2,3,2,1,1
202300007765,8,2,2023,15:45,1,1,3,973,97302,2,3,1,1,1
202300007766,7,2,2023,21:55,5,3,4,972,97209,1,1,1,2,2
202300007767,8,2,2023,12:12,1,1,3,2A,2A004,2,2,1,2,1
202300007767,8,2,2023,12:12,1,1,3,2A,2A004,2,2,-1,1,1
202300007768,8,2,2023,22:35,5,1,6,91,91687,2,3,1,1,1
202300007769,8,2,2023,14:00,1,1,6,91,91434,2,4,2,1,1
202300007770,8,2,2023,04:15,5,1,2,91,91027,2,2,3,1,1
202300007771,7,2,2023,18:20,5,1,6,87,87085,2,3,3,2,1
202300007772,7,2,2023,08:23,1,1,2,87,87085,1,2,1,1,1
202300007772,7,2,2023,08:23,1,1,2,87,87085,1,2,2,1,1
202300007773,8,2,2023,15:55,1,1,6,83,83137,2,3,2,2,1
202300007774,8,2,2023,15:00,1,1,2,78,78015,2,4,3,1,1
202300007775,8,2,2023,09:30,1,7,6,76,76108,2,4,2,1,1
202300007776,7,2,2023,13:25,1,1,6,76,76351,2,4,2,1,1
202300007777,8,2,2023,09:50,1,1,6,76,76026,2,4,1,1,1
202300007777,8,2,2023,09:50,1,1,6,76,76026,2,4,1,2,1
202300007778,8,2,2023,18:50,5,1,2,69,69266,2,4,2,1,1
202300007779,8,2,2023,19:00,5,1,6,69,69290,2,7,2,1,1
202300007780,7,2,2023,13:50,1,1,3,69,69290,2,4,2,1,1
202300007780,7,2,2023,13:50,1,1,3,69,69290,2,4,2,1,1
202300007781,7,2,2023,13:50,1,2,3,66,66136,2,4,2,1,2
202300007782,8,2,2023,01:24,4,1,6,63,63113,2,7,2,1,1
202300007783,3,2,2023,08:40,1,1,6,62,62041,2,3,2,1,1
202300007783,3,2,2023,08:40,1,1,6,62,62041,2,3,2,1,1
202300007784,8,2,2023,21:30,5,1,3,59,59279,2,7,2,1,1
202300007785,8,2,2023,14:35,1,7,6,59,59599,2,4,1,1,1
202300007786,8,2,2023,14:35,1,1,6,59,59512,2,4,2,1,1
202300007786,8,2,2023,14:35,1,1,6,59,59512,2,4,2,1,1
202300007787,4,2,2023,19:25,5,1,6,58,58194,2,3,2,1,1
202300007788,7,2,2023,16:22,1,7,3,57,57491,2,4,2,2,1
202300007789,7,2,2023,17:40,1,1,6,54,54328,2,3,2,1,1
202300007789,7,2,2023,17:40,1,1,6,54,54328,2,3,2,1,1
202300007790,4,2,2023,21:20,5,1,3,52,52448,2,4,-1,1,1
202300007790,4,2,2023,21:20,5,1,3,52,52448,2,4,2,-1,-1
202300007791,8,2,2023,08:40,1,1,6,49,49328,2,3,2,1,1
202300007792,7,2,2023,07:42,5,1,7,49,49007,2,4,3,1,1
202300007793,7,2,2023,08:10,1,1,6,44,44184,2,4,3,1,1
202300007793,7,2,2023,08:10,1,1,6,44,44184,2,4,3,1,1
202300007794,8,2,2023,16:30,1,1,6,37,37122,2,4,1,1,1
202300007795,9,2,2023,00:40,5,1,6,35,35238,2,4,2,1,1
202300007795,9,2,2023,00:40,5,1,6,35,35238,2,4,2,1,1
202300007795,9,2,2023,00:40,5,1,6,35,35238,2,4,3,4,1
202300007795,9,2,2023,00:40,5,1,6,35,35238,2,4,2,1,1
202300007796,8,2,2023,19:50,5,1,3,34,34172,2,4,-1,1,1
202300007797,8,2,2023,02:50,5,1,6,31,31555,2,7,2,1,1
202300007798,8,2,2023,17:35,2,1,2,25,25056,2,2,3,2,1
202300007799,8,2,2023,11:30,1,1,2,25,25056,2,2,3,1,1
202300007800,8,2,2023,19:55,3,1,4,17,17291,1,2,3,1,1
202300007801,8,2,2023,07:45,1,1,6,13,13103,2,4,2,1,1
202300007801,8,2,2023,07:45,1,1,6,13,13103,2,4,2,1,1
202300007802,7,2,2023,10:56,1,1,6,10,10387,2,4,2,1,1
202300007803,7,2,2023,07:51,1,1,3,10,10387,2,4,2,1,1
202300007804,8,2,2023,10:50,1,1,6,06,06123,2,4,2,1,1
202300007804,8,2,2023,10:50,1,1,6,06,06123,2,4,2,1,1
202300007805,2,2,2023,07:00,2,1,6,03,03095,2,3,1,2,1
202300007806,8,2,2023,22:25,5,1,6,93,93001,2,3,2,1,1
202300007807,8,2,2023,15:35,1,1,2,75,75118,2,4,2,1,1
202300007807,8,2,2023,15:35,1,1,2,75,75118,2,4,2,1,1
202300007808,8,2,2023,15:00,1,1,2,75,75116,2,4,1,1,1
202300007808,8,2,2023,15:00,1,1,2,75,75116,2,4,2,1,1
202300007809,7,2,2023,13:00,1,1,6,75,75116,2,4,2,1,1
202300007809,7,2,2023,13:00,1,1,6,75,75116,2,4,1,1,1
202300007810,7,2,2023,18:40,5,1,3,75,75116,2,4,-1,1,1
202300007811,8,2,2023,13:20,1,1,3,75,75113,2,4,1,1,1
202300007811,8,2,2023,13:20,1,1,3,75,75113,2,4,1,1,1
202300007812,8,2,2023,15:20,1,1,6,75,75112,2,4,2,1,1
202300007813,8,2,2023,13:30,1,1,3,75,75112,2,4,1,1,1
202300007813,8,2,2023,13:30,1,1,3,75,75112,2,4,1,1,1
202300007814,8,2,2023,11:15,1,1,3,75,75111,2,4,2,1,1
202300007814,8,2,2023,11:15,1,1,3,75,75111,2,4,1,1,1
202300007815,8,2,2023,08:00,2,1,6,75,75111,2,4,-1,1,1
202300007815,8,2,2023,08:00,2,1,6,75,75111,2,4,2,1,1
202300007816,8,2,2023,13:00,1,1,6,75,75110,2,4,1,1,1
202300007817,7,2,2023,12:20,1,1,3,75,75108,2,4,1,1,1
202300007817,7,2,2023,12:20,1,1,3,75,75108,2,4,1,1,1
202300007818,8,2,2023,19:28,5,1,3,75,75101,2,4,2,1,1
202300007818,8,2,2023,19:28,5,1,3,75,75101,2,4,1,1,1
202300007819,8,2,2023,15:40,1,1,3,75,75102,2,4,1,1,1
202300007819,8,2,2023,15:40,1,1,3,75,75102,2,4,1,1,1
202300007820,7,2,2023,09:49,1,1,3,94,94081,2,3,3,1,1
202300007820,7,2,2023,09:49,1,1,3,94,94081,2,3,2,2,1
202300007821,8,2,2023,20:00,5,1,3,94,94046,2,4,2,1,1
202300007822,8,2,2023,12:10,1,1,4,94,94043,2,3,3,1,1
202300007823,8,2,2023,15:40,1,1,3,94,94022,2,3,3,1,1
202300007823,8,2,2023,15:40,1,1,3,94,94022,2,3,3,1,1
202300007824,8,2,2023,08:15,1,1,6,94,94079,2,3,2,3,1
202300007824,8,2,2023,08:15,1,1,6,94,94079,2,3,1,4,1
202300007825,8,2,2023,21:50,5,1,6,95,95527,2,4,1,1,1
202300007825,8,2,2023,21:50,5,1,6,95,95527,2,4,2,1,1
202300007826,8,2,2023,09:10,1,1,3,93,93070,2,4,2,1,1
202300007827,8,2,2023,15:05,1,1,3,93,93055,2,3,3,1,1
202300007828,7,2,2023,21:00,5,1,1,93,93053,2,3,2,1,1
202300007828,7,2,2023,21:00,5,1,1,93,93053,2,3,2,1,1
202300007829,8,2,2023,15:10,1,1,3,93,93006,2,3,1,2,1
202300007829,8,2,2023,15:10,1,1,3,93,93006,2,3,2,1,1
202300007830,8,2,2023,16:10,1,1,3,93,93063,2,4,1,1,1
202300007830,8,2,2023,16:10,1,1,3,93,93063,2,4,1,1,1
202300007831,8,2,2023,10:33,1,1,6,93,93029,2,3,2,1,1
202300007832,8,2,2023,12:52,1,1,3,93,93014,2,3,3,1,1
202300007833,8,2,2023,17:30,1,1,3,93,93010,2,4,2,2,1
202300007834,8,2,2023,17:30,1,1,6,93,93001,2,3,2,1,1
202300007834,8,2,2023,17:30,1,1,6,93,93001,2,3,2,1,1