id_accident,jour,mois,annee,heure_minute,luminosite,meteo,type_collision,departement,commune,agglomeration,categorie_route,regime_circulation,profil_route,etat_surface
202300007835,7,2,2023,16:30,1,1,6,93,93001,2,4,3,1,1
202300007836,7,2,2023,12:00,1,1,6,93,93001,2,4,1,1,1
202300007836,7,2,2023,12:00,1,1,6,93,93001,2,4,1,1,1
202300007837,8,2,2023,12:54,1,1,3,92,92078,2,3,3,1,1
202300007838,8,2,2023,03:25,5,1,6,92,92046,2,3,2,1,1
202300007839,8,2,2023,17:31,1,1,6,92,92051,2,4,2,1,1
202300007840,8,2,2023,15:50,1,1,6,92,92020,2,3,2,2,1
202300007840,8,2,2023,15:50,1,1,6,92,92020,2,3,2,1,1
202300007841,8,2,2023,14:40,1,1,3,92,92044,2,4,1,1,1
202300007842,8,2,2023,20:25,5,8,6,92,92026,2,3,1,2,1
202300007843,8,2,2023,21:30,5,1,6,92,92024,2,3,2,1,1
202300007844,8,2,2023,11:15,1,1,6,92,92024,2,4,1,1,1
202300007845,8,2,2023,15:30,1,1,7,92,92012,2,4,1,1,1
202300007846,8,2,2023,12:30,1,1,3,92,92012,2,3,2,1,1
202300007847,9,2,2023,16:25,1,1,3,73,73330,2,3,2,1,1
202300007847,9,2,2023,16:25,1,1,3,73,73330,2,3,2,1,1
202300007848,9,2,2023,09:00,1,1,6,57,57650,2,3,2,1,1
202300007849,7,2,2023,17:00,1,1,7,06,06044,2,3,2,2,1
202300007850,8,2,2023,20:40,3,1,1,10,10263,1,3,2,2,1
202300007851,9,2,2023,12:15,1,1,1,38,38239,1,3,2,1,1
202300007852,8,2,2023,13:10,1,1,6,59,59278,2,7,2,1,1
202300007853,9,2,2023,18:10,3,1,6,71,71355,1,3,2,1,1
202300007854,9,2,2023,17:54,2,1,6,76,76136,2,3,2,1,1
202300007855,9,2,2023,17:40,1,1,2,63,63178,2,3,2,3,1
202300007856,7,2,2023,09:26,1,4,1,34,34119,1,3,2,1,5
202300007857,8,2,2023,22:10,5,1,1,44,44152,1,3,-1,1,1
202300007858,8,2,2023,16:40,2,7,3,34,34344,1,4,2,1,1
202300007859,8,2,2023,07:50,2,1,6,29,29105,2,4,2,1,1
202300007860,9,2,2023,18:42,2,1,6,29,29020,1,3,2,2,1
202300007861,3,2,2023,02:45,4,1,6,29,29176,1,3,2,2,1
202300007862,18,1,2023,21:15,3,1,1,26,26305,1,3,2,1,1
202300007863,9,2,2023,07:45,1,7,1,54,54433,1,3,2,1,1
202300007864,8,2,2023,20:20,3,1,1,36,36018,2,3,-1,4,1
202300007865,7,2,2023,07:55,2,1,1,53,53276,1,3,2,1,1
202300007866,8,2,2023,13:48,1,1,7,04,04122,1,2,2,1,1
202300007867,8,2,2023,16:16,1,1,7,27,27045,2,4,2,1,1
202300007868,8,2,2023,18:10,3,1,6,28,28033,1,3,2,1,1
202300007869,9,2,2023,09:45,1,7,1,52,52492,1,2,2,1,1
202300007870,7,2,2023,20:30,5,1,6,35,35210,2,4,2,1,1
202300007871,8,2,2023,15:00,1,1,6,35,35210,2,4,1,1,1
202300007872,9,2,2023,15:55,1,1,3,13,13037,2,3,1,4,1
202300007873,9,2,2023,13:30,1,1,7,74,74010,2,4,2,1,1
202300007874,7,2,2023,18:55,3,1,7,34,34129,1,1,1,2,1
202300007875,8,2,2023,21:35,3,1,2,28,28363,1,1,3,1,1
202300007876,8,2,2023,20:45,3,1,7,77,77257,1,3,2,1,1
202300007877,3,2,2023,16:30,1,1,6,66,66088,1,4,1,1,1
202300007878,8,2,2023,13:15,1,1,1,66,66212,1,3,2,1,1
202300007879,26,1,2023,16:50,1,1,2,13,13066,1,3,2,1,1
202300007880,31,1,2023,04:55,5,1,7,69,69190,1,3,2,1,1
202300007881,8,2,2023,11:20,1,1,3,33,33445,1,3,2,2,1
202300007881,8,2,2023,11:20,1,1,3,33,33445,1,3,2,1,1
202300007882,5,2,2023,05:15,3,1,3,13,13106,1,1,1,1,1
202300007883,8,2,2023,08:06,1,1,2,83,83137,1,1,1,2,1
202300007884,8,2,2023,19:10,3,1,4,91,91589,1,1,3,2,1
202300007885,8,2,2023,13:15,1,1,2,91,91345,1,1,2,1,1
202300007886,8,2,2023,11:00,1,1,4,91,91589,1,1,1,1,1
202300007887,8,2,2023,18:10,2,1,6,92,92050,1,1,3,1,1
202300007888,7,2,2023,12:03,1,1,2,92,92048,1,2,1,1,1
202300007889,7,2,2023,08:02,1,1,3,78,78297,1,2,3,1,1
202300007890,7,2,2023,10:10,1,1,3,93,93066,1,1,3,1,1
202300007891,7,2,2023,09:10,1,1,2,95,95582,1,1,3,1,1
202300007892,7,2,2023,07:45,1,1,3,93,93066,1,1,3,1,1
202300007893,7,2,2023,06:30,2,1,5,95,95252,1,1,3,1,1
202300007894,7,2,2023,11:05,1,1,6,77,77379,2,3,3,1,1
202300007895,7,2,2023,09:58,1,7,6,27,27229,2,4,2,1,1
202300007895,7,2,2023,09:58,1,7,6,27,27229,2,4,2,1,1
202300007896,6,2,2023,11:30,1,1,3,17,17415,2,4,2,1,1
202300007896,6,2,2023,11:30,1,1,3,17,17415,2,4,2,1,1
202300007897,4,2,2023,10:10,1,1,6,83,83126,2,6,-1,1,1
202300007898,2,2,2023,18:07,1,1,6,63,63113,2,7,2,1,1
202300007899,2,5,2023,15:00,1,1,3,85,85160,1,3,-1,4,1
202300007899,2,5,2023,15:00,1,1,3,85,85160,1,3,2,4,1
202300007900,2,5,2023,15:05,1,1,6,50,50288,1,3,3,1,1
202300007901,30,4,2023,12:30,1,7,7,22,22040,1,3,2,2,1
202300007902,3,5,2023,13:50,1,7,3,59,59126,2,3,2,1,1
202300007903,3,5,2023,12:15,1,1,3,59,59129,1,3,2,1,1
202300007903,3,5,2023,12:15,1,1,3,59,59129,1,3,2,1,1
202300007904,2,5,2023,09:45,1,1,4,33,33448,1,1,3,1,1
202300007905,2,5,2023,17:50,1,1,2,92,92050,1,1,1,1,1
202300007906,2,5,2023,16:55,1,1,2,78,78640,1,1,1,1,1
202300007907,2,5,2023,10:40,1,1,1,92,92064,1,1,1,1,1
202300007908,1,5,2023,18:55,1,1,6,78,78140,1,1,1,1,1
202300007909,1,5,2023,14:30,1,8,2,78,78466,1,1,2,4,1
202300007910,2,5,2023,09:50,1,1,5,95,95218,1,1,3,1,1
202300007911,2,5,2023,06:30,2,1,2,93,93010,1,1,3,1,1
202300007912,28,2,2023,10:30,1,1,3,43,43040,2,3,1,1,1
202300007912,28,2,2023,10:30,1,1,3,43,43040,2,3,2,1,1
202300007913,1,5,2023,22:25,4,1,2,974,97411,1,2,1,1,1
202300007914,1,5,2023,15:45,1,1,6,972,97213,2,2,2,1,1
202300007914,1,5,2023,15:45,1,1,6,972,97213,2,2,3,1,1
202300007915,1,5,2023,08:20,1,1,6,972,97213,1,3,2,1,1
202300007916,30,4,2023,20:15,5,1,3,972,97213,1,2,3,1,1
202300007916,30,4,2023,20:15,5,1,3,972,97213,1,2,2,1,1
202300007917,1,5,2023,19:27,2,2,1,2B,2B120,2,3,2,1,2
202300007918,1,5,2023,12:20,1,1,2,2A,2A004,2,3,1,2,1
202300007919,1,5,2023,19:35,2,1,6,95,95280,2,4,2,1,1
202300007920,29,4,2023,11:40,1,1,2,91,91421,2,3,3,1,1
202300007921,1,5,2023,18:30,1,7,3,91,91027,2,3,2,1,1
202300007921,1,5,2023,18:30,1,7,3,91,91027,2,3,2,1,1
202300007922,1,5,2023,09:20,1,1,3,83,83126,2,3,2,1,1
202300007922,1,5,2023,09:20,1,1,3,83,83126,2,3,2,1,1
202300007923,1,5,2023,10:45,1,8,3,78,78481,2,3,2,1,1
202300007923,1,5,2023,10:45,1,8,3,78,78481,2,3,2,1,1
202300007924,1,5,2023,19:35,1,1,2,73,73008,2,3,3,1,2
202300007925,27,4,2023,16:45,1,1,1,69,69271,1,4,2,1,1
202300007926,1,5,2023,13:20,1,1,6,69,69290,2,4,1,1,1
202300007927,1,5,2023,02:30,3,1,6,62,62065,1,2,3,1,1
202300007928,1,5,2023,20:36,1,7,3,59,59599,2,4,1,1,1
202300007928,1,5,2023,20:36,1,7,3,59,59599,2,4,2,1,1
202300007929,1,5,2023,10:50,1,1,3,54,54099,2,3,2,1,1
202300007929,1,5,2023,10:50,1,1,3,54,54099,2,3,2,1,1
202300007930,1,5,2023,16:50,1,1,6,51,51454,2,4,2,1,1
202300007931,1,5,2023,11:46,1,1,3,49,49267,2,4,2,1,1
202300007931,1,5,2023,11:46,1,1,3,49,49267,2,4,2,1,1
202300007932,1,5,2023,20:25,1,1,6,44,44184,2,4,3,2,1
202300007933,1,5,2023,06:30,2,2,3,38,38516,2,7,2,1,2
202300007933,1,5,2023,06:30,2,2,3,38,38516,2,7,3,1,2
202300007934,1,5,2023,07:15,1,8,6,38,38185,1,1,3,1,2
202300007935,1,5,2023,14:00,1,1,3,31,31483,1,3,2,1,1
202300007936,1,5,2023,16:20,1,1,6,29,29051,1,2,3,3,1
202300007937,1,5,2023,02:59,5,1,3,17,17300,2,4,2,1,1
202300007937,1,5,2023,02:59,5,1,3,17,17300,2,4,2,1,1
202300007938,1,5,2023,10:00,1,1,6,13,13205,2,4,3,1,1
202300007938,1,5,2023,10:00,1,1,6,13,13205,2,4,1,1,1
202300007939,27,4,2023,17:30,1,1,3,13,13001,2,4,2,1,1
202300007940,1,5,2023,18:30,1,3,3,06,06027,2,4,2,1,2
202300007940,1,5,2023,18:30,1,3,3,06,06027,2,4,2,1,2
202300007941,30,4,2023,14:00,1,1,3,75,75116,2,4,2,1,1
202300007941,30,4,2023,14:00,1,1,3,75,75116,2,4,1,1,1
202300007942,29,4,2023,21:28,5,1,6,75,75101,2,4,-1,1,1
202300007942,29,4,2023,21:28,5,1,6,75,75101,2,4,1,1,1
202300007943,29,4,2023,03:30,5,1,3,75,75101,2,4,1,1,1
202300007944,1,5,2023,18:10,1,1,2,75,75120,2,4,-1,1,1
202300007945,1,5,2023,01:00,5,1,3,75,75119,2,4,1,1,1
202300007945,1,5,2023,01:00,5,1,3,75,75119,2,4,1,2,1
202300007946,30,4,2023,01:00,5,1,6,75,75116,2,4,-1,1,1
202300007946,30,4,2023,01:00,5,1,6,75,75116,2,4,1,1,1
202300007947,1,5,2023,15:55,1,1,3,75,75115,2,4,2,1,1
202300007947,1,5,2023,15:55,1,1,3,75,75115,2,4,1,1,1
202300007948,1,5,2023,16:45,1,2,1,75,75113,2,4,2,1,2
202300007949,1,5,2023,13:15,1,1,3,94,94074,2,3,2,1,1
202300007949,1,5,2023,13:15,1,1,3,94,94074,2,3,2,1,1
202300007950,1,5,2023,20:04,1,1,3,94,94028,2,3,2,1,1
202300007951,1,5,2023,08:13,1,1,5,94,94017,2,2,3,3,1
202300007952,1,5,2023,13:00,1,1,2,94,94021,2,3,3,1,1
202300007953,1,5,2023,20:30,1,1,2,94,94002,2,3,3,1,1
202300007953,1,5,2023,20:30,1,1,2,94,94002,2,3,1,1,1
202300007954,1,5,2023,18:45,1,1,3,93,93066,2,4,2,1,1
202300007954,1,5,2023,18:45,1,1,3,93,93066,2,4,2,1,1
202300007955,1,5,2023,01:30,5,1,3,93,93066,2,3,2,1,1
202300007955,1,5,2023,01:30,5,1,3,93,93066,2,3,2,1,1
202300007956,1,5,2023,08:20,1,1,3,93,93048,2,4,2,1,1
202300007956,1,5,2023,08:20,1,1,3,93,93048,2,4,2,2,1
202300007957,1,5,2023,17:50,1,1,3,93,93057,2,4,2,1,1
202300007957,1,5,2023,17:50,1,1,3,93,93057,2,4,1,1,1
202300007958,1,5,2023,19:15,1,1,6,93,93008,2,4,2,1,1
202300007958,1,5,2023,19:15,1,1,6,93,93008,2,4,2,1,1
202300007959,1,5,2023,17:10,1,1,3,92,92012,2,3,2,1,1
202300007960,1,5,2023,16:00,1,1,6,92,92012,2,3,2,1,2
202300007961,1,5,2023,02:00,5,1,1,92,92014,2,3,1,1,1
202300007961,1,5,2023,02:00,5,1,1,92,92014,2,3,2,2,1
202300007962,30,4,2023,17:30,1,1,6,40,40304,2,6,-1,1,1
202300007963,2,5,2023,04:30,3,1,5,21,21016,1,1,3,1,1
202300007964,1,5,2023,13:15,1,1,7,62,62390,2,3,2,1,1
202300007965,1,5,2023,18:15,2,1,7,974,97413,1,3,2,2,1
202300007966,30,4,2023,16:40,1,1,7,87,87201,1,3,2,2,1
202300007966,30,4,2023,16:40,1,1,7,87,87201,1,3,2,1,-1
202300007967,1,5,2023,15:45,1,6,7,34,34095,1,7,2,2,1
202300007968,1,5,2023,19:10,1,1,7,57,57106,2,3,2,1,1
202300007969,29,4,2023,15:40,1,1,6,19,19095,1,3,2,3,1
202300007970,1,5,2023,11:50,1,1,3,59,59536,1,3,2,1,1
202300007970,1,5,2023,11:50,1,1,3,59,59536,1,3,2,1,1
202300007971,2,5,2023,14:00,1,1,2,79,79174,1,4,2,1,1
202300007972,2,5,2023,16:35,1,1,2,2B,2B286,2,2,2,1,1
202300007973,1,5,2023,15:05,1,2,7,2B,2B281,1,3,2,2,2
202300007974,2,5,2023,15:00,1,1,1,82,82079,1,3,2,1,1
202300007975,2,5,2023,11:00,1,1,2,41,41229,1,1,2,1,1
202300007976,1,5,2023,15:35,1,2,1,69,69012,1,3,2,2,2
202300007977,2,5,2023,17:00,1,1,3,12,12012,2,3,2,1,1
202300007977,2,5,2023,17:00,1,1,3,12,12012,2,3,2,1,1
202300007978,30,4,2023,06:30,2,1,6,41,41097,1,3,2,1,2
202300007979,1,5,2023,13:00,1,1,1,34,34101,1,3,2,1,1
202300007980,1,5,2023,19:00,1,1,7,34,34267,1,4,-1,2,1
202300007981,30,4,2023,20:40,2,1,7,68,68273,1,3,2,1,1
202300007982,2,5,2023,13:45,1,1,4,68,68374,1,3,1,1,1
202300007983,1,5,2023,16:20,1,1,7,44,44155,1,3,-1,1,1
202300007984,2,5,2023,11:30,1,1,4,35,35179,1,3,3,1,1
202300007985,30,4,2023,23:00,3,1,6,29,29076,1,3,2,1,1
202300007986,2,5,2023,09:00,1,1,2,29,29160,2,3,2,1,1
202300007987,2,5,2023,14:58,1,1,6,02,02502,2,3,2,1,1
202300007987,2,5,2023,14:58,1,1,6,02,02502,2,3,2,1,1
202300007988,1,5,2023,11:16,1,1,7,70,70120,2,3,2,1,1
202300007989,2,5,2023,17:50,1,1,1,26,26327,1,3,2,1,1
202300007989,2,5,2023,17:50,1,1,1,26,26327,1,3,2,1,1
202300007990,2,5,2023,09:25,1,1,6,58,58095,2,3,3,1,1
202300007991,1,5,2023,19:45,1,1,3,18,18230,1,4,2,1,1
202300007991,1,5,2023,19:45,1,1,3,18,18230,1,4,2,1,1
202300007992,2,5,2023,16:00,1,1,3,40,40224,2,3,2,1,1
202300007993,1,5,2023,07:00,2,1,3,85,85146,1,4,2,1,1
202300007994,21,3,2023,19:20,4,1,1,27,27547,2,3,2,1,1
202300007995,2,5,2023,00:10,3,2,6,88,88116,1,3,2,1,2
202300007996,1,5,2023,03:17,3,1,4,06,06029,1,1,1,1,2
202300007997,2,5,2023,07:45,1,1,1,45,45155,1,3,2,3,1
202300007998,2,5,2023,13:05,1,1,6,67,67300,2,3,2,1,1
202300007999,1,5,2023,05:28,2,2,6,67,67098,1,3,2,1,2
202300008000,1,5,2023,15:00,1,2,6,42,42168,1,3,2,2,2
202300008001,2,5,2023,14:15,1,1,7,81,81105,1,4,2,1,1
202300008002,1,5,2023,16:30,1,1,7,17,17452,1,3,2,1,1
202300008003,1,5,2023,19:30,2,1,6,16,16355,1,3,2,1,1
202300008004,1,5,2023,17:40,1,1,6,33,33463,2,3,2,1,1
202300008005,1,5,2023,16:20,1,1,3,33,33019,2,4,-1,1,1
202300008006,1,5,2023,08:55,1,1,7,53,53157,1,6,-1,1,1
202300008007,30,4,2023,21:05,3,2,3,61,61213,1,2,2,1,2
202300008007,30,4,2023,21:05,3,2,3,61,61213,1,2,2,1,2
202300008008,9,4,2023,16:45,1,1,6,50,50239,1,3,2,3,1
202300008009,30,4,2023,20:25,1,1,6,29,29058,1,4,2,2,1
202300008010,2,5,2023,17:20,1,1,6,27,27015,2,3,2,1,1
202300008011,30,4,2023,17:10,1,1,6,76,76001,2,3,2,1,1
202300008012,30,4,2023,16:30,1,1,6,62,62609,1,3,2,1,1
202300008013,30,4,2023,16:00,1,1,3,59,59136,1,3,1,1,1
202300008014,1,5,2023,18:25,1,1,5,78,78165,1,2,1,2,1
202300008015,1,5,2023,13:45,1,2,6,93,93005,1,1,3,1,2
202300008016,1,5,2023,05:44,3,1,6,77,77373,1,2,3,2,1
202300008017,30,4,2023,15:05,1,1,7,974,97416,2,4,-1,1,9
202300008018,30,4,2023,19:30,5,1,6,974,97409,1,2,-1,1,1
202300008019,30,4,2023,13:20,1,1,1,974,97407,2,4,-1,1,1
202300008020,30,4,2023,04:53,5,1,3,69,69386,2,4,1,1,1
202300008020,30,4,2023,04:53,5,1,3,69,69386,2,4,2,1,1
202300008021,30,4,2023,04:45,5,1,6,69,69387,2,4,2,1,1
202300008021,30,4,2023,04:45,5,1,6,69,69387,2,4,2,1,1
202300008022,6,6,2023,18:50,1,1,6,34,34047,1,3,2,1,1
202300008023,29,4,2023,12:35,1,1,3,972,97213,1,3,2,1,1
202300008024,1,6,2023,02:45,3,1,6,22,22258,1,4,-1,1,1
202300008025,7,6,2023,16:40,1,1,7,44,44067,2,3,2,1,1
202300008026,30,4,2023,16:10,1,1,1,972,97209,1,2,2,1,1
202300008027,7,6,2023,04:58,2,1,6,29,29236,1,3,2,2,1
202300008028,7,6,2023,16:45,1,1,6,02,02067,2,3,2,2,1
202300008029,30,4,2023,03:30,5,1,6,972,97209,2,2,1,2,1
202300008029,30,4,2023,03:30,5,1,6,972,97209,2,2,3,1,1
202300008030,7,6,2023,08:05,1,7,6,02,02360,1,3,2,2,1
202300008031,29,4,2023,01:15,4,1,2,972,97209,1,3,1,2,1
202300008032,30,4,2023,21:50,5,1,6,69,69081,2,4,2,2,1
202300008033,7,6,2023,15:25,1,1,1,03,03298,1,2,2,1,1
202300008034,30,4,2023,20:58,5,2,6,2B,2B033,2,9,2,1,2
202300008035,7,6,2023,06:39,1,1,6,03,03306,1,3,2,1,1
202300008036,6,6,2023,18:50,1,1,1,14,14682,1,3,2,1,1
202300008037,28,4,2023,15:00,1,1,5,971,97113,1,2,-1,2,1
202300008037,28,4,2023,15:00,1,1,5,971,97113,1,2,2,4,1
202300008038,7,6,2023,18:40,1,1,3,50,50111,1,3,2,2,1
202300008039,30,4,2023,23:10,5,1,6,91,91657,2,3,2,1,1
202300008039,30,4,2023,23:10,5,1,6,91,91657,2,3,1,1,1
202300008040,30,4,2023,22:00,5,1,2,91,91286,2,3,2,2,1
202300008041,7,6,2023,17:15,1,1,3,50,50615,2,3,2,1,1
202300008041,7,6,2023,17:15,1,1,3,50,50615,2,3,2,1,1
202300008042,6,6,2023,00:30,3,1,6,45,45053,2,3,2,1,1
202300008043,29,4,2023,20:20,1,1,6,85,85191,2,4,1,1,1
202300008044,24,11,2023,20:20,5,2,6,47,47001,2,4,2,1,2
202300008044,24,11,2023,20:20,5,2,6,47,47001,2,4,2,1,2
202300008045,11,7,2023,12:00,1,1,4,91,91136,1,1,3,1,1
202300008046,28,4,2023,18:30,1,1,2,83,83137,2,4,1,1,1
202300008047,6,6,2023,19:55,1,1,1,73,73204,2,3,2,1,1
202300008047,6,6,2023,19:55,1,1,1,73,73204,2,3,2,1,1
202300008048,24,11,2023,18:05,5,2,6,47,47001,2,3,2,1,1
202300008049,1,5,2023,00:25,3,1,6,77,77251,1,4,1,1,1
202300008050,11,7,2023,01:44,3,1,7,91,91617,1,2,-1,1,1
202300008051,24,11,2023,14:00,1,1,6,45,45285,2,4,2,1,1
202300008051,24,11,2023,14:00,1,1,6,45,45285,2,4,2,1,1
202300008052,7,6,2023,07:40,1,1,3,24,24551,1,3,2,1,1
202300008052,7,6,2023,07:40,1,1,3,24,24551,1,3,2,1,1
202300008053,7,6,2023,08:50,1,1,1,85,85254,1,3,2,1,1
202300008054,29,4,2023,17:15,1,2,7,64,64445,2,4,2,1,2
202300008055,6,6,2023,18:40,1,1,7,17,17337,2,3,2,1,1
202300008056,24,11,2023,08:59,1,2,4,45,45068,1,3,2,1,2
202300008057,11,7,2023,00:20,3,1,2,91,91161,1,1,1,1,1
202300008058,29,4,2023,15:48,1,2,1,64,64335,2,4,2,1,2
202300008059,24,11,2023,19:10,5,1,6,44,44109,2,4,1,1,1
202300008060,6,6,2023,20:15,1,1,1,87,87153,1,4,2,2,1
202300008061,29,4,2023,11:43,1,2,6,64,64445,2,4,1,1,2
202300008061,29,4,2023,11:43,1,2,6,64,64445,2,4,2,1,2
202300008062,24,11,2023,20:20,5,1,3,37,37214,1,7,3,3,1
202300008063,30,4,2023,19:10,1,1,7,64,64122,2,4,1,2,1
202300008064,24,11,2023,11:15,1,1,7,37,37122,2,4,2,1,1
202300008065,30,4,2023,02:55,4,1,7,64,64102,2,4,2,1,1
202300008066,6,6,2023,15:20,1,1,3,95,95394,2,4,2,1,1
202300008067,11,7,2023,16:45,1,1,2,92,92036,1,1,1,1,1
202300008068,24,11,2023,12:15,1,1,2,37,37208,2,4,1,1,1
202300008069,31,5,2023,06:45,2,7,6,973,97307,2,4,2,1,1
202300008070,30,4,2023,20:55,1,1,5,62,62400,2,3,2,2,1
202300008071,24,11,2023,07:10,5,2,3,37,37214,2,4,2,1,2
202300008071,24,11,2023,07:10,5,2,3,37,37214,2,4,1,1,2
202300008072,7,6,2023,18:00,1,1,3,34,34337,1,7,2,1,1
202300008073,6,6,2023,17:00,1,1,7,78,78455,2,4,2,2,1
202300008074,24,11,2023,17:40,2,1,3,35,35238,2,4,2,1,1
202300008074,24,11,2023,17:40,2,1,3,35,35238,2,4,2,1,1
202300008075,29,4,2023,18:05,1,1,4,54,54274,1,7,3,1,1
202300008076,11,7,2023,20:15,1,1,2,95,95018,1,1,3,1,1
202300008077,24,11,2023,07:55,3,1,5,35,35238,1,2,3,1,1
202300008078,28,4,2023,21:55,5,1,3,45,45068,2,3,2,1,1
202300008079,29,5,2023,16:15,1,1,4,82,82025,1,1,3,1,1
202300008080,24,11,2023,07:45,2,1,3,33,33192,2,4,2,1,1
202300008080,24,11,2023,07:45,2,1,3,33,33192,2,4,2,1,1
202300008081,11,7,2023,18:00,1,1,2,93,93066,1,1,3,1,1
202300008082,30,4,2023,04:30,5,1,3,38,38185,2,7,2,1,1
202300008082,30,4,2023,04:30,5,1,3,38,38185,2,7,2,1,1
202300008083,7,6,2023,03:03,3,1,1,17,17219,1,3,2,1,1
202300008084,23,11,2023,13:00,1,1,6,33,33032,2,4,3,2,1
202300008085,30,4,2023,17:10,1,1,6,37,37261,2,4,2,1,1
202300008086,6,6,2023,20:17,2,1,1,42,42009,2,3,2,1,1
202300008087,24,11,2023,17:15,5,2,6,31,31555,2,4,-1,1,2
202300008088,30,4,2023,15:45,1,1,3,35,35238,2,4,2,1,1
202300008088,30,4,2023,15:45,1,1,3,35,35238,2,4,-1,1,1
202300008089,6,6,2023,23:50,3,1,1,77,77192,1,2,2,1,1
202300008090,10,7,2023,20:20,1,1,5,95,95018,1,1,3,1,1
202300008091,30,4,2023,18:10,1,1,3,33,33249,2,4,1,1,1
202300008092,6,6,2023,17:45,1,7,1,91,91661,1,3,2,1,1
202300008093,24,11,2023,19:40,3,1,5,29,29232,2,3,1,1,1
202300008094,30,4,2023,17:53,1,1,6,33,33063,2,4,2,1,1
202300008094,30,4,2023,17:53,1,1,6,33,33063,2,4,2,1,1
202300008095,6,6,2023,23:26,3,1,6,05,05052,1,3,2,1,1
202300008096,24,11,2023,18:45,5,1,2,29,29019,1,3,3,1,1
202300008097,11,7,2023,09:40,1,1,3,93,93064,1,1,3,1,1
202300008098,30,4,2023,10:00,1,1,3,33,33063,2,4,1,1,1
202300008098,30,4,2023,10:00,1,1,3,33,33063,2,4,1,1,1
202300008099,7,6,2023,17:00,1,1,3,05,05178,1,3,2,1,1
202300008100,22,11,2023,17:15,1,1,3,29,29019,2,4,2,1,1
202300008101,30,4,2023,07:55,1,8,6,31,31555,2,1,1,1,2
202300008102,6,6,2023,18:00,1,1,2,89,89387,2,3,2,1,1
202300008103,20,11,2023,17:33,1,2,2,29,29019,1,3,2,1,2
202300008103,20,11,2023,17:33,1,2,2,29,29019,1,3,2,1,2
202300008104,30,4,2023,03:15,3,1,6,28,28134,2,4,2,2,1
202300008105,11,7,2023,09:20,1,1,5,93,93010,1,1,1,1,1
202300008106,5,6,2023,04:55,2,1,7,67,67400,1,3,2,2,1
202300008107,24,11,2023,17:40,5,1,6,27,27229,2,4,2,2,1
202300008108,29,4,2023,16:45,1,1,3,27,27681,2,4,1,1,1
202300008109,24,11,2023,13:13,1,1,6,27,27229,2,4,1,1,1
202300008110,10,7,2023,18:00,1,1,3,93,93078,1,1,3,1,1
202300008111,7,6,2023,13:00,1,1,3,69,69009,2,3,2,1,1
202300008111,7,6,2023,13:00,1,1,3,69,69009,2,3,2,1,1
202300008112,30,4,2023,14:10,1,1,2,27,27229,2,4,2,1,1
202300008113,5,6,2023,13:45,1,1,7,69,69295,2,4,2,2,1
202300008114,1,5,2023,00:15,3,1,6,26,26198,1,2,2,1,1
202300008114,1,5,2023,00:15,3,1,6,26,26198,1,2,2,1,1
202300008115,24,11,2023,09:15,1,2,4,27,27229,2,4,-1,1,2
202300008116,11,7,2023,07:25,1,1,2,93,93051,1,1,3,1,1
202300008117,5,6,2023,08:30,1,1,7,79,79049,1,3,2,1,1
202300008118,30,4,2023,11:20,1,1,6,26,26198,2,4,2,1,1
202300008119,24,11,2023,08:50,2,2,2,27,27229,2,4,2,2,2
202300008120,29,4,2023,11:40,1,1,2,22,22113,2,4,4,1,1
202300008121,6,6,2023,11:45,1,1,7,86,86078,2,4,1,2,1
202300008122,11,7,2023,05:25,3,1,2,77,77372,1,1,3,1,1
202300008123,24,11,2023,07:50,5,2,3,27,27229,2,4,-1,1,2
202300008124,26,3,2023,06:26,3,2,6,38,38544,1,3,2,2,2
202300008125,30,4,2023,01:51,5,1,3,18,18033,2,4,2,1,1
202300008125,30,4,2023,01:51,5,1,3,18,18033,2,4,2,1,1
202300008126,24,11,2023,08:50,1,2,6,25,25056,2,3,2,2,2
202300008127,6,6,2023,19:15,1,1,1,85,85071,2,3,2,1,1
202300008127,6,6,2023,19:15,1,1,1,85,85071,2,3,2,1,1
202300008128,30,4,2023,05:50,5,2,6,15,15014,2,3,2,1,2
202300008129,5,7,2023,07:56,1,7,6,49,49099,2,4,1,1,1
202300008130,7,6,2023,08:45,1,1,7,49,49035,1,3,-1,1,1
202300008131,30,4,2023,02:16,5,2,3,11,11069,2,4,4,1,2
202300008131,30,4,2023,02:16,5,2,3,11,11069,2,4,2,1,2
202300008132,6,6,2023,07:00,1,1,3,61,61141,1,3,2,1,1
202300008133,30,4,2023,11:48,1,1,7,10,10387,2,4,2,1,1
202300008134,25,11,2023,01:55,5,6,2,13,13206,2,4,1,2,1
202300008134,25,11,2023,01:55,5,6,2,13,13206,2,4,1,1,1
202300008135,5,6,2023,00:05,3,1,6,22,22149,2,4,2,1,1
202300008136,8,5,2023,20:00,1,1,7,85,85194,2,4,2,1,1
202300008137,30,4,2023,09:50,1,1,3,07,07102,2,4,2,1,1
202300008137,30,4,2023,09:50,1,1,3,07,07102,2,4,2,1,1
202300008138,24,11,2023,21:30,5,1,3,13,13211,2,4,2,1,1
202300008139,7,6,2023,12:00,1,7,1,27,27343,1,3,2,1,1
202300008140,30,4,2023,12:40,1,2,3,06,06029,2,4,2,2,2
202300008140,30,4,2023,12:40,1,2,3,06,06029,2,4,2,1,2
202300008141,10,7,2023,14:45,1,1,2,974,97416,1,2,3,1,1
202300008142,24,11,2023,15:35,1,1,1,13,13213,2,4,2,1,1
202300008143,30,4,2023,20:05,2,1,3,75,75120,2,4,1,1,1
202300008144,7,6,2023,05:15,1,1,7,27,27599,1,3,2,1,1
202300008145,24,11,2023,10:15,1,1,3,13,13206,2,4,1,1,1