id_accident,jour,mois,annee,heure_minute,luminosite,meteo,type_collision,departement,commune,agglomeration,categorie_route,regime_circulation,profil_route,etat_surface
202300008145,24,11,2023,10:15,1,1,3,13,13206,2,4,2,1,1
202300008146,29,4,2023,19:20,1,1,3,75,75115,2,4,1,1,1
202300008147,24,11,2023,10:40,1,1,1,13,13202,2,4,1,1,1
202300008148,30,4,2023,07:35,1,1,3,75,75120,2,4,2,1,1
202300008149,4,6,2023,19:00,1,1,4,76,76610,1,3,2,1,1
202300008150,30,4,2023,15:40,1,1,6,75,75119,2,4,2,2,1
202300008151,23,11,2023,00:50,5,1,2,13,13207,2,4,1,1,1
202300008152,10,7,2023,17:25,1,1,3,973,97302,1,2,2,1,1
202300008153,30,4,2023,05:43,5,1,6,75,75119,2,4,2,1,1
202300008153,30,4,2023,05:43,5,1,6,75,75119,2,4,1,1,1
202300008154,6,6,2023,16:30,1,1,4,60,60589,2,6,-1,1,1
202300008155,24,11,2023,09:30,1,1,3,13,13001,2,4,2,1,1
202300008156,30,4,2023,19:10,1,8,6,75,75118,2,4,1,1,1
202300008156,30,4,2023,19:10,1,8,6,75,75118,2,4,1,1,1
202300008157,7,6,2023,08:30,1,1,3,02,02495,1,3,4,3,1
202300008157,7,6,2023,08:30,1,1,3,02,02495,1,3,2,1,1
202300008158,22,11,2023,20:40,3,2,6,12,12202,2,4,2,2,2
202300008159,30,4,2023,01:50,5,1,3,75,75117,2,4,2,1,1
202300008159,30,4,2023,01:50,5,1,3,75,75117,2,4,2,1,1
202300008160,16,6,2023,07:55,1,1,3,973,97302,2,2,1,1,1
202300008161,24,11,2023,12:30,1,8,6,10,10387,2,4,2,1,1
202300008162,30,4,2023,22:12,5,1,3,75,75115,2,4,2,1,1
202300008162,30,4,2023,22:12,5,1,3,75,75115,2,4,1,1,1
202300008163,6,6,2023,18:15,1,1,2,13,13211,1,1,1,1,1
202300008164,22,11,2023,14:35,1,1,7,10,10387,2,4,2,1,2
202300008165,30,4,2023,16:05,1,1,2,75,75113,2,4,3,1,1
202300008166,24,11,2023,03:50,3,1,6,09,09122,2,3,3,1,1
202300008167,5,6,2023,22:10,3,1,2,13,13211,1,1,3,3,2
202300008168,30,4,2023,18:45,1,1,3,75,75112,2,4,1,1,1
202300008169,24,11,2023,16:20,1,1,3,06,06069,2,3,-1,2,1
202300008170,30,4,2023,00:20,5,1,3,75,75112,2,4,2,1,1
202300008170,30,4,2023,00:20,5,1,3,75,75112,2,4,-1,1,1
202300008171,5,6,2023,07:25,1,1,2,13,13213,1,1,3,4,1
202300008172,24,11,2023,19:55,5,1,2,75,75115,2,4,1,1,1
202300008173,30,4,2023,14:50,1,1,3,75,75103,2,4,1,1,1
202300008173,30,4,2023,14:50,1,1,3,75,75103,2,4,1,1,1
202300008174,10,7,2023,15:00,1,1,1,69,69387,2,4,2,1,1
202300008175,23,11,2023,20:00,5,1,4,75,75116,2,4,-1,1,1
202300008176,30,4,2023,04:40,5,1,6,75,75101,2,4,1,1,1
202300008177,5,6,2023,08:00,1,1,4,67,67152,1,7,3,1,1
202300008178,23,11,2023,20:19,5,1,2,75,75118,2,4,1,1,1
202300008179,30,4,2023,07:11,2,1,2,94,94060,1,3,3,2,1
202300008180,6,6,2023,09:30,1,1,2,91,91471,1,2,1,2,1
202300008181,24,11,2023,08:30,1,1,6,75,75112,2,4,2,1,1
202300008181,24,11,2023,08:30,1,1,6,75,75112,2,4,1,1,1
202300008182,29,4,2023,20:20,2,1,1,94,94034,2,4,2,1,1
202300008183,6,6,2023,09:30,1,1,2,92,92002,1,1,3,1,1
202300008184,10,7,2023,07:45,1,1,3,972,97209,2,4,2,1,1
202300008185,23,11,2023,22:43,5,1,1,75,75116,2,4,2,1,1
202300008185,23,11,2023,22:43,5,1,1,75,75116,2,4,2,1,1
202300008186,30,4,2023,17:45,1,1,5,93,93073,1,4,3,1,1
202300008187,24,11,2023,18:30,5,1,3,75,75120,2,4,2,1,1
202300008187,24,11,2023,18:30,5,1,3,75,75120,2,4,1,1,1
202300008188,6,6,2023,08:15,1,1,3,91,91228,1,1,1,1,1
202300008189,30,4,2023,22:45,5,1,3,93,93066,2,4,2,1,1
202300008190,10,7,2023,13:31,1,1,3,2B,2B033,2,4,-1,3,1
202300008190,10,7,2023,13:31,1,1,3,2B,2B033,2,4,-1,3,1
202300008191,24,11,2023,18:05,5,1,3,75,75120,2,4,3,1,1
202300008191,24,11,2023,18:05,5,1,3,75,75120,2,4,-1,1,1
202300008192,30,4,2023,20:45,5,1,3,93,93055,2,3,2,1,1
202300008192,30,4,2023,20:45,5,1,3,93,93055,2,3,3,1,1
202300008193,5,6,2023,01:10,3,1,2,91,91553,1,2,1,2,1
202300008194,30,4,2023,18:35,1,1,6,93,93006,2,4,2,1,1
202300008195,24,11,2023,15:00,1,1,1,75,75119,2,4,2,1,2
202300008195,24,11,2023,15:00,1,1,1,75,75119,2,4,2,1,2
202300008196,6,6,2023,08:40,1,1,3,92,92036,1,2,1,1,1
202300008197,30,4,2023,19:00,1,1,3,93,93001,2,4,1,1,1
202300008198,24,11,2023,19:30,3,1,3,75,75116,2,4,1,1,1
202300008198,24,11,2023,19:30,3,1,3,75,75116,2,4,1,1,1
202300008199,6,6,2023,07:10,1,1,5,92,92064,1,1,1,1,1
202300008200,30,4,2023,15:44,1,1,1,92,92078,2,3,3,1,1
202300008201,24,11,2023,12:20,1,1,3,75,75116,2,4,2,1,1
202300008201,24,11,2023,12:20,1,1,3,75,75116,2,4,1,1,1
202300008202,30,4,2023,09:30,1,1,7,92,92044,2,4,1,1,1
202300008202,30,4,2023,09:30,1,1,7,92,92044,2,4,2,1,1
202300008203,10,7,2023,09:03,1,1,2,971,97101,1,3,1,1,1
202300008204,24,11,2023,11:30,1,1,6,75,75115,2,4,2,1,1
202300008205,30,4,2023,20:50,2,1,3,92,92026,2,3,2,1,1
202300008206,5,6,2023,13:30,1,1,4,78,78007,1,1,1,2,1
202300008207,8,7,2023,23:00,5,1,6,971,97107,2,2,1,1,1
202300008208,28,4,2023,17:36,1,1,4,13,13001,1,2,-1,1,1
202300008209,5,6,2023,18:30,1,1,2,95,95218,1,1,3,1,1
202300008210,22,11,2023,17:40,3,1,3,75,75114,2,4,2,1,1
202300008210,22,11,2023,17:40,3,1,3,75,75114,2,4,1,1,1
202300008211,9,7,2023,19:15,1,1,2,95,95428,2,3,2,1,1
202300008212,6,4,2023,21:45,3,1,6,69,69259,1,7,3,1,1
202300008213,5,6,2023,16:30,1,1,3,93,93010,1,1,3,1,1
202300008214,30,4,2023,08:15,1,1,7,91,91468,1,1,1,2,1
202300008215,24,11,2023,18:15,5,1,6,75,75113,2,4,2,1,1
202300008215,24,11,2023,18:15,5,1,6,75,75113,2,4,2,1,1
202300008216,4,6,2023,21:30,1,1,3,95,95527,1,1,3,1,1
202300008217,30,4,2023,05:15,3,1,2,94,94034,1,1,1,1,1
202300008218,24,11,2023,00:40,5,1,6,75,75113,2,4,1,1,1
202300008218,24,11,2023,00:40,5,1,6,75,75113,2,4,3,1,1
202300008219,30,4,2023,03:40,3,1,6,91,91477,1,1,1,2,1
202300008220,10,7,2023,13:20,1,1,2,95,95555,2,3,3,1,1
202300008220,10,7,2023,13:20,1,1,2,95,95555,2,3,2,1,1
202300008221,23,11,2023,22:00,5,1,2,75,75113,2,4,2,2,1
202300008221,23,11,2023,22:00,5,1,2,75,75113,2,4,1,1,1
202300008222,3,6,2023,23:50,3,1,6,95,95277,1,1,3,1,1
202300008223,29,4,2023,23:55,3,1,2,77,77384,1,1,-1,1,1
202300008224,9,7,2023,16:10,1,1,6,95,95197,2,4,1,1,1
202300008225,3,6,2023,20:00,1,1,6,93,93027,1,1,1,2,1
202300008226,24,11,2023,08:50,1,1,6,75,75111,2,4,1,1,1
202300008226,24,11,2023,08:50,1,1,6,75,75111,2,4,1,1,1
202300008227,29,4,2023,22:44,4,1,4,94,94038,1,1,1,1,1
202300008228,6,6,2023,20:05,1,1,4,94,94022,1,1,3,1,1
202300008229,24,11,2023,01:30,5,2,2,75,75111,2,4,1,1,2
202300008229,24,11,2023,01:30,5,2,2,75,75111,2,4,1,2,2
202300008230,9,7,2023,15:30,1,1,1,95,95555,2,3,2,1,1
202300008231,6,6,2023,12:10,1,1,2,94,94002,1,1,-1,1,1
202300008232,30,4,2023,02:40,5,1,2,93,93066,1,1,3,1,1
202300008233,24,11,2023,17:20,2,1,1,75,75110,2,4,1,1,2
202300008233,24,11,2023,17:20,2,1,1,75,75110,2,4,4,1,2
202300008234,10,7,2023,18:45,1,1,3,95,95582,2,4,2,1,1
202300008234,10,7,2023,18:45,1,1,3,95,95582,2,4,2,1,1
202300008235,6,6,2023,10:15,1,1,6,77,77294,1,1,-1,1,1
202300008236,24,11,2023,01:00,5,1,6,75,75108,2,4,2,1,1
202300008236,24,11,2023,01:00,5,1,6,75,75108,2,4,-1,1,1
202300008237,6,6,2023,09:00,1,1,2,94,94022,1,1,-1,1,1
202300008238,30,4,2023,01:40,3,1,2,93,93078,1,1,3,1,1
202300008239,10,7,2023,08:38,1,1,6,87,87085,1,3,2,2,1
202300008240,24,11,2023,01:30,5,2,3,75,75108,2,4,1,2,2
202300008240,24,11,2023,01:30,5,2,3,75,75108,2,4,1,1,2
202300008241,6,6,2023,07:00,1,1,3,93,93051,1,1,-1,1,1
202300008242,8,7,2023,23:10,5,1,3,87,87085,2,2,3,1,1
202300008242,8,7,2023,23:10,5,1,3,87,87085,2,2,3,1,1
202300008243,23,11,2023,07:30,1,1,4,94,94052,2,3,2,1,1
202300008244,27,2,2023,17:45,2,1,6,74,74010,2,4,2,1,1
202300008245,24,2,2023,01:10,4,1,6,74,74250,2,3,2,1,1
202300008246,8,7,2023,15:40,1,1,3,87,87085,2,4,3,1,1
202300008246,8,7,2023,15:40,1,1,3,87,87085,2,4,3,2,1
202300008247,24,11,2023,20:00,5,1,3,94,94073,2,3,-1,1,1
202300008247,24,11,2023,20:00,5,1,3,94,94073,2,3,-1,1,1
202300008248,7,7,2023,12:17,1,1,2,87,87065,2,3,3,2,1
202300008249,30,3,2023,18:10,1,1,6,74,74225,2,3,2,1,1
202300008250,24,11,2023,20:00,5,1,3,94,94028,2,3,1,2,1
202300008251,26,3,2023,06:30,2,1,6,74,74282,1,6,-1,1,6
202300008252,24,11,2023,16:07,1,2,3,94,94077,1,3,-1,1,2
202300008253,9,7,2023,01:22,5,1,2,84,84007,2,4,2,1,1
202300008253,9,7,2023,01:22,5,1,2,84,84007,2,4,3,1,1
202300008254,13,3,2023,14:00,1,1,3,74,74010,2,4,2,1,1
202300008255,5,3,2023,20:25,3,1,6,74,74188,1,3,2,1,1
202300008256,24,11,2023,19:42,5,1,3,94,94071,2,3,2,1,1
202300008256,24,11,2023,19:42,5,1,3,94,94071,2,3,2,1,1
202300008257,1,3,2023,17:00,1,1,1,74,74263,2,6,-1,1,1
202300008258,24,11,2023,19:05,5,1,3,94,94002,2,3,-1,1,1
202300008258,24,11,2023,19:05,5,1,3,94,94002,2,3,2,1,1
202300008259,5,6,2023,19:25,1,1,3,75,75112,2,4,1,1,1
202300008260,24,11,2023,08:25,1,1,3,93,93073,2,4,2,1,1
202300008260,24,11,2023,08:25,1,1,3,93,93073,2,4,2,1,1
202300008261,5,6,2023,08:10,1,1,2,75,75112,2,4,1,1,1
202300008262,7,7,2023,00:30,5,1,3,83,83118,2,3,2,1,1
202300008263,22,11,2023,20:45,5,1,3,93,93078,2,4,2,1,1
202300008263,22,11,2023,20:45,5,1,3,93,93078,2,4,1,1,1
202300008264,24,11,2023,21:10,5,1,3,93,93072,2,3,1,1,1
202300008264,24,11,2023,21:10,5,1,3,93,93072,2,3,2,1,1
202300008265,5,6,2023,16:36,1,1,3,75,75109,2,4,2,1,1
202300008265,5,6,2023,16:36,1,1,3,75,75109,2,4,1,2,1
202300008266,6,7,2023,15:40,1,1,6,80,80021,2,4,2,1,1
202300008267,24,11,2023,15:05,1,1,3,93,93064,2,1,1,1,2
202300008267,24,11,2023,15:05,1,1,3,93,93064,2,1,3,1,2
202300008268,5,6,2023,14:30,1,1,6,75,75118,2,4,1,1,1
202300008268,5,6,2023,14:30,1,1,6,75,75118,2,4,2,1,1
202300008269,24,11,2023,15:10,1,8,6,93,93055,2,3,2,1,1
202300008270,24,11,2023,11:10,1,1,6,93,93051,2,4,2,4,1
202300008271,5,6,2023,10:00,1,1,1,75,75118,2,4,1,1,1
202300008271,5,6,2023,10:00,1,1,1,75,75118,2,4,2,1,1
202300008272,24,11,2023,12:05,1,8,6,93,93010,2,4,1,1,1
202300008273,5,6,2023,09:20,1,1,2,75,75116,2,4,2,1,1
202300008273,5,6,2023,09:20,1,1,2,75,75116,2,4,-1,1,1
202300008274,22,11,2023,10:05,1,1,3,93,93007,2,3,2,1,1
202300008275,10,7,2023,16:20,1,1,2,78,78638,1,3,-1,1,1
202300008275,10,7,2023,16:20,1,1,2,78,78638,1,3,-1,2,1
202300008276,26,12,2023,17:45,5,2,6,50,50218,2,3,2,2,2
202300008277,22,11,2023,10:05,1,1,6,93,93007,2,3,2,1,1
202300008277,22,11,2023,10:05,1,1,6,93,93007,2,3,2,1,1
202300008278,30,12,2023,15:45,1,1,6,13,13210,2,4,4,1,1
202300008278,30,12,2023,15:45,1,1,6,13,13210,2,4,2,2,1
202300008279,4,6,2023,16:15,1,1,3,75,75116,2,4,2,1,1
202300008280,24,11,2023,15:11,1,2,6,92,92046,2,3,1,1,2
202300008281,10,7,2023,20:45,1,1,6,69,69264,2,3,2,1,1
202300008282,5,6,2023,11:40,1,1,3,75,75115,2,4,1,1,1
202300008282,5,6,2023,11:40,1,1,3,75,75115,2,4,1,1,1
202300008283,6,12,2023,16:00,1,1,3,92,92063,2,4,2,1,2
202300008284,9,12,2023,20:25,5,2,3,92,92004,2,4,-1,1,2
202300008285,22,3,2023,14:45,1,1,3,54,54206,1,3,2,2,1
202300008286,10,7,2023,17:30,1,1,6,67,67482,2,4,2,1,1
202300008287,5,6,2023,09:50,1,1,3,75,75112,2,4,1,1,1
202300008288,23,11,2023,17:00,2,1,3,92,92063,2,3,2,1,1
202300008289,22,3,2023,16:30,1,2,1,72,72310,1,3,3,1,2
202300008290,14,12,2023,18:55,5,1,2,92,92004,2,3,-1,1,1
202300008291,10,7,2023,14:40,1,1,6,67,67482,2,4,3,2,1
202300008292,6,7,2023,17:36,1,1,6,66,66136,2,4,2,1,1
202300008293,22,12,2023,18:30,4,1,1,92,92009,2,4,-1,1,1
202300008293,22,12,2023,18:30,4,1,1,92,92009,2,4,-1,1,1
202300008294,5,6,2023,18:05,1,1,3,75,75111,2,4,1,1,1
202300008294,5,6,2023,18:05,1,1,3,75,75111,2,4,1,1,1
202300008295,21,3,2023,18:05,1,1,3,36,36123,2,3,2,1,1
202300008295,21,3,2023,18:05,1,1,3,36,36123,2,3,2,1,1
202300008296,24,11,2023,19:30,5,1,4,92,92051,2,2,1,1,1
202300008296,24,11,2023,19:30,5,1,4,92,92051,2,2,-1,1,1
202300008297,26,12,2023,08:00,1,1,6,42,42323,2,3,2,1,1
202300008297,26,12,2023,08:00,1,1,6,42,42323,2,3,2,1,1
202300008298,10,7,2023,14:00,1,1,3,64,64373,2,4,2,1,1
202300008298,10,7,2023,14:00,1,1,3,64,64373,2,4,2,1,1
202300008299,5,6,2023,12:17,1,1,1,75,75111,2,4,2,1,1
202300008299,5,6,2023,12:17,1,1,1,75,75111,2,4,-1,1,1
202300008300,22,3,2023,17:40,1,1,3,40,40194,1,3,2,2,1
202300008300,22,3,2023,17:40,1,1,3,40,40194,1,3,-1,1,1
202300008301,24,11,2023,07:40,2,1,2,92,92035,2,3,2,1,1
202300008302,3,11,2023,23:55,3,2,6,58,58024,1,3,2,1,2
202300008303,10,7,2023,20:16,1,1,3,63,63113,2,7,1,1,1
202300008303,10,7,2023,20:16,1,1,3,63,63113,2,7,4,1,1
202300008304,23,3,2023,07:55,1,2,7,17,17223,1,3,2,1,2
202300008305,5,6,2023,12:15,1,1,3,75,75111,2,4,2,1,1
202300008305,5,6,2023,12:15,1,1,3,75,75111,2,4,1,1,1
202300008306,21,12,2023,07:10,2,3,2,54,54458,1,3,2,1,2
202300008307,24,11,2023,16:15,1,1,3,92,92024,2,3,2,1,1
202300008307,24,11,2023,16:15,1,1,3,92,92024,2,3,2,1,1
202300008308,10,7,2023,07:40,1,1,3,63,63075,2,4,2,2,1
202300008309,28,12,2023,19:05,5,1,7,30,30011,1,3,2,4,1
202300008310,19,3,2023,18:00,2,1,3,37,37083,2,3,4,1,1
202300008310,19,3,2023,18:00,2,1,3,37,37083,2,3,2,1,1
202300008311,10,7,2023,14:15,1,1,6,59,59220,2,4,2,1,1
202300008312,5,6,2023,18:20,1,1,3,75,75108,2,4,1,1,1
202300008312,5,6,2023,18:20,1,1,3,75,75108,2,4,1,1,1
202300008313,24,11,2023,21:32,5,1,3,92,92012,2,3,2,1,1
202300008314,22,12,2023,18:55,5,1,3,30,30189,2,4,1,1,1
202300008315,10,7,2023,06:50,2,1,1,59,59295,1,3,2,1,1
202300008316,23,3,2023,17:00,1,2,2,72,72386,1,1,3,1,2
202300008317,24,11,2023,08:05,1,1,6,92,92012,2,4,1,1,1
202300008318,5,6,2023,17:30,1,1,7,75,75104,2,4,1,1,1
202300008318,5,6,2023,17:30,1,1,7,75,75104,2,4,1,1,1
202300008319,10,7,2023,10:20,1,1,2,58,58194,2,4,2,1,1
202300008320,24,11,2023,11:20,1,1,6,57,57592,1,3,2,2,1
202300008320,24,11,2023,11:20,1,1,6,57,57592,1,3,2,1,1
202300008321,5,6,2023,09:55,1,1,7,75,75104,2,4,1,1,1
202300008321,5,6,2023,09:55,1,1,7,75,75104,2,4,4,1,1
202300008322,29,12,2023,09:18,1,1,6,05,05061,2,4,2,2,1
202300008322,29,12,2023,09:18,1,1,6,05,05061,2,4,2,1,1
202300008323,10,7,2023,09:00,1,1,3,56,56121,2,4,4,1,1
202300008323,10,7,2023,09:00,1,1,3,56,56121,2,4,2,1,1
202300008324,23,3,2023,08:30,1,1,3,13,13044,1,3,2,1,1
202300008325,25,11,2023,10:35,1,1,7,28,28398,1,1,3,1,1
202300008326,7,12,2023,12:54,1,1,1,63,63419,1,4,2,2,1
202300008327,5,6,2023,07:50,1,1,3,75,75101,2,4,2,1,1
202300008327,5,6,2023,07:50,1,1,3,75,75101,2,4,2,1,1
202300008328,8,7,2023,17:27,1,1,1,56,56121,2,4,2,1,1
202300008328,8,7,2023,17:27,1,1,1,56,56121,2,4,2,1,1
202300008329,8,7,2023,15:25,1,1,7,52,52121,1,3,2,1,1
202300008330,10,7,2023,23:15,5,1,6,51,51058,2,4,2,1,1
202300008331,15,9,2023,10:20,1,1,6,62,62108,2,4,1,1,1
202300008331,15,9,2023,10:20,1,1,6,62,62108,2,4,1,2,1
202300008332,25,11,2023,16:30,1,1,6,974,97412,2,2,2,1,1
202300008333,20,3,2023,20:10,3,1,2,79,79003,1,1,3,1,1
202300008334,10,7,2023,14:30,1,1,1,51,51454,2,4,2,2,1
202300008334,10,7,2023,14:30,1,1,1,51,51454,2,4,2,1,1
202300008335,23,12,2023,05:20,3,2,7,39,39431,1,3,2,1,2
202300008336,5,6,2023,01:10,5,1,6,94,94003,2,3,2,2,1
202300008337,23,3,2023,02:35,3,1,6,06,06149,1,1,3,2,1
202300008338,9,7,2023,21:38,1,1,3,49,49007,2,4,-1,2,1
202300008338,9,7,2023,21:38,1,1,3,49,49007,2,4,2,1,1
202300008339,25,11,2023,07:45,2,1,1,01,01153,1,3,2,4,2
202300008340,9,7,2023,20:22,1,1,6,49,49015,2,4,2,1,1
202300008341,4,6,2023,17:30,1,1,6,94,94038,2,3,2,2,1
202300008342,30,12,2023,10:20,1,1,7,87,87206,1,2,2,1,2
202300008343,10,7,2023,00:35,3,1,7,44,44184,2,4,3,1,1
202300008344,15,3,2023,06:30,2,8,1,45,45316,1,3,2,1,1
202300008345,23,11,2023,18:45,3,1,3,2B,2B009,1,2,2,1,1
202300008346,23,3,2023,13:30,1,1,7,06,06070,1,3,2,1,1
202300008347,16,12,2023,11:30,1,1,3,01,01249,2,3,2,1,1
202300008347,16,12,2023,11:30,1,1,3,01,01249,2,3,1,1,1
202300008348,4,6,2023,12:10,1,1,1,94,94033,2,3,2,1,1
202300008348,4,6,2023,12:10,1,1,1,94,94033,2,3,2,1,1
202300008349,10,7,2023,13:55,1,1,3,37,37214,2,4,2,1,1
202300008349,10,7,2023,13:55,1,1,3,37,37214,2,4,2,1,1
202300008350,24,11,2023,13:15,1,1,6,19,19186,1,4,2,2,9
202300008351,10,7,2023,09:00,1,1,3,37,37261,2,4,2,1,1
202300008351,10,7,2023,09:00,1,1,3,37,37261,2,4,1,1,1
202300008352,27,10,2023,20:00,5,2,6,74,74118,2,4,-1,1,2
202300008353,22,3,2023,11:28,1,1,3,06,06075,1,7,2,1,1
202300008354,4,6,2023,20:50,2,1,1,94,94028,2,4,2,2,1
202300008355,8,7,2023,05:00,2,1,7,35,35288,1,4,2,1,1
202300008356,22,11,2023,16:45,2,1,2,56,56053,1,3,2,4,1
202300008357,25,11,2023,15:30,1,1,7,76,76304,2,3,2,1,1
202300008358,4,6,2023,07:20,1,1,6,94,94054,2,4,2,1,1
202300008359,10,7,2023,15:55,1,1,3,35,35055,2,4,2,1,1
202300008359,10,7,2023,15:55,1,1,3,35,35055,2,4,2,1,1
202300008360,29,10,2023,20:20,3,8,5,74,74070,1,3,2,1,1
202300008361,22,3,2023,18:50,5,1,3,67,67268,2,7,2,1,1
202300008361,22,3,2023,18:50,5,1,3,67,67268,2,7,3,1,1
202300008362,24,11,2023,23:40,3,1,6,2A,2A085,1,2,2,2,1
202300008363,9,7,2023,22:04,1,1,1,35,35238,2,4,3,4,1
202300008363,9,7,2023,22:04,1,1,1,35,35238,2,4,3,2,1
202300008364,5,6,2023,19:10,1,1,3,94,94055,2,3,2,1,1
202300008364,5,6,2023,19:10,1,1,3,94,94055,2,3,2,1,1
202300008365,22,3,2023,15:50,1,1,6,38,38059,2,4,-1,2,1
202300008366,24,10,2023,10:40,1,3,2,74,74012,2,4,3,1,2
202300008367,8,7,2023,18:00,1,1,3,34,34032,2,4,-1,1,1
202300008367,8,7,2023,18:00,1,1,3,34,34032,2,4,2,1,1
202300008367,8,7,2023,18:00,1,1,3,34,34032,2,4,2,1,1
202300008368,25,11,2023,07:40,2,1,6,89,89255,1,3,2,1,1
202300008369,10,10,2023,10:20,1,1,6,74,74010,2,6,-1,1,1
202300008370,7,7,2023,21:57,5,1,3,34,34032,2,4,2,1,1
202300008370,7,7,2023,21:57,5,1,3,34,34032,2,4,2,1,1
202300008371,22,3,2023,19:40,5,1,3,38,38158,2,7,1,1,1
202300008372,4,6,2023,20:45,1,1,3,94,94053,2,3,1,2,1
202300008373,7,7,2023,12:40,1,1,7,34,34032,2,4,2,2,1
202300008374,10,10,2023,09:30,1,1,6,74,74010,2,4,-1,1,1
202300008374,10,10,2023,09:30,1,1,6,74,74010,2,4,-1,1,1
202300008375,24,11,2023,11:15,1,1,1,89,89189,1,3,2,1,1
202300008376,7,7,2023,16:30,1,1,1,33,33318,2,4,2,2,1
202300008377,22,3,2023,16:50,1,1,6,01,01213,1,3,2,1,1
202300008377,22,3,2023,16:50,1,1,6,01,01213,1,3,2,1,1
202300008378,9,10,2023,00:05,3,1,3,74,74010,2,3,2,1,1
202300008378,9,10,2023,00:05,3,1,3,74,74010,2,3,2,1,1
202300008379,5,6,2023,18:30,1,1,1,93,93071,2,3,2,1,1
202300008380,10,7,2023,15:45,1,1,2,33,33529,1,3,2,1,1
202300008381,22,3,2023,12:45,1,1,3,69,69040,2,7,2,1,1
202300008382,13,6,2023,08:45,1,1,6,28,28218,2,3,2,1,1
202300008383,20,10,2023,00:15,5,3,6,09,09122,2,4,2,1,2
202300008384,24,11,2023,16:25,2,2,3,68,68062,2,3,2,1,2
202300008384,24,11,2023,16:25,2,2,3,68,68062,2,3,2,1,2
202300008385,10,7,2023,09:00,1,1,3,27,27229,2,4,2,1,1
202300008385,10,7,2023,09:00,1,1,3,27,27229,2,4,2,1,1
202300008386,2,6,2023,19:30,1,1,1,93,93070,2,4,2,1,1
202300008386,2,6,2023,19:30,1,1,1,93,93070,2,4,1,1,1
202300008387,4,9,2023,18:45,1,7,6,70,70550,2,2,2,1,1
202300008388,25,11,2023,17:36,3,4,6,25,25012,1,3,2,2,5
202300008389,22,3,2023,11:15,1,1,3,22,22174,1,3,2,1,1
202300008389,22,3,2023,11:15,1,1,3,22,22174,1,3,2,1,1
202300008390,5,6,2023,15:50,1,1,3,93,93048,2,3,2,1,1
202300008391,23,11,2023,16:50,1,1,1,29,29239,1,3,2,1,1
202300008392,10,7,2023,18:30,1,1,3,25,25056,2,4,2,1,1
202300008393,13,3,2023,18:10,1,1,6,69,69290,1,1,3,1,1
202300008394,22,9,2023,09:25,1,2,3,14,14258,2,3,1,3,2
202300008394,22,9,2023,09:25,1,2,3,14,14258,2,3,2,1,2
202300008395,10,7,2023,18:15,1,1,2,25,25056,2,4,2,2,1
202300008396,24,11,2023,12:30,1,1,1,01,01263,2,3,2,1,1
202300008396,24,11,2023,12:30,1,1,1,01,01263,2,3,2,2,1
202300008397,5,6,2023,09:00,1,1,3,93,93029,2,4,2,1,1
202300008397,5,6,2023,09:00,1,1,3,93,93029,2,4,2,1,1
202300008398,10,7,2023,11:00,1,1,7,17,17415,2,4,1,1,8
202300008399,29,11,2023,19:50,5,1,3,92,92035,2,3,2,1,1
202300008399,29,11,2023,19:50,5,1,3,92,92035,2,3,2,1,1
202300008400,22,11,2023,12:35,1,1,7,14,14362,1,3,2,1,1
202300008401,20,3,2023,07:10,1,1,5,33,33063,1,1,3,4,1
202300008402,10,7,2023,21:30,1,1,1,14,14699,2,4,1,2,1
202300008403,5,6,2023,10:15,1,1,3,93,93013,2,3,2,1,1
202300008404,25,11,2023,11:25,1,1,6,14,14312,1,3,2,3,1
202300008405,5,6,2023,00:00,5,1,6,93,93014,2,4,2,1,1
202300008406,10,7,2023,14:55,1,1,3,14,14118,2,4,2,1,1
202300008407,21,3,2023,08:40,1,1,2,59,59646,1,7,-1,1,2
202300008408,23,12,2023,05:50,2,1,2,971,97129,1,2,2,1,1
202300008408,23,12,2023,05:50,2,1,2,971,97129,1,2,2,1,1
202300008409,5,6,2023,03:45,5,1,6,93,93001,2,4,2,1,1
202300008410,10,7,2023,11:40,1,1,3,14,14437,1,2,1,2,1
202300008410,10,7,2023,11:40,1,1,3,14,14437,1,2,2,1,1
202300008411,21,3,2023,23:13,3,1,2,91,91161,1,1,-1,1,1
202300008412,22,12,2023,17:10,5,2,3,78,78401,2,4,2,1,2
202300008413,10,7,2023,19:10,1,1,6,13,13208,2,4,1,1,1
202300008414,24,11,2023,21:47,3,1,7,27,27601,1,3,2,1,6
202300008415,4,6,2023,03:00,5,1,3,93,93001,2,4,1,1,1
202300008415,4,6,2023,03:00,5,1,3,93,93001,2,4,1,1,1
202300008416,24,12,2023,15:30,1,1,2,49,49328,2,4,2,1,1
202300008417,10,7,2023,10:55,1,1,3,13,13201,2,4,2,1,1
202300008417,10,7,2023,10:55,1,1,3,13,13201,2,4,1,2,1
202300008418,5,6,2023,12:40,1,1,7,92,92064,2,4,1,2,1
202300008419,24,11,2023,08:55,1,1,1,27,27377,1,3,2,1,1
202300008420,9,7,2023,04:15,5,1,1,13,13209,2,4,2,1,9
202300008421,21,3,2023,07:10,1,1,5,78,78646,1,2,1,1,1
202300008422,5,1,2023,10:20,1,1,2,93,93055,2,3,2,1,1
202300008423,4,6,2023,19:00,1,1,2,92,92064,2,3,2,1,1