id_accident,jour,mois,annee,heure_minute,luminosite,meteo,type_collision,departement,commune,agglomeration,categorie_route,regime_circulation,profil_route,etat_surface
202300008424,20,8,2023,14:00,1,1,1,61,61463,1,4,2,2,1
202300008425,21,3,2023,07:55,1,1,3,92,92064,1,1,1,1,1
202300008426,9,7,2023,20:50,2,1,3,13,13047,1,2,1,2,1
202300008426,9,7,2023,20:50,2,1,3,13,13047,1,2,2,1,1
202300008427,25,11,2023,10:40,1,1,3,23,23030,2,3,2,2,1
202300008427,25,11,2023,10:40,1,1,3,23,23030,2,3,2,2,1
202300008428,31,12,2023,23:50,3,1,6,05,05161,1,3,2,1,1
202300008429,20,8,2023,15:30,1,1,1,61,61018,1,4,2,2,1
202300008430,5,6,2023,20:00,1,1,3,92,92051,2,4,2,1,1
202300008431,25,12,2023,18:00,3,1,1,84,84017,1,3,2,1,1
202300008432,9,7,2023,20:30,1,1,3,10,10387,2,4,2,1,1
202300008432,9,7,2023,20:30,1,1,3,10,10387,2,4,2,1,1
202300008433,24,11,2023,13:30,1,1,1,30,30227,1,3,2,1,1
202300008433,24,11,2023,13:30,1,1,1,30,30227,1,3,-1,1,1
202300008434,20,8,2023,03:40,3,5,7,55,55365,1,3,2,1,2
202300008435,22,3,2023,13:45,1,1,4,93,93007,1,1,3,1,1
202300008436,5,6,2023,17:50,1,1,3,92,92049,2,3,1,1,1
202300008437,8,7,2023,16:27,1,1,6,10,10060,2,4,2,1,1
202300008437,8,7,2023,16:27,1,1,6,10,10060,2,4,2,1,1
202300008438,5,1,2023,00:00,3,1,2,92,92036,1,2,1,1,1
202300008439,18,8,2023,11:20,1,1,3,55,55010,2,4,1,1,1
202300008439,18,8,2023,11:20,1,1,3,55,55010,2,4,1,2,1
202300008440,24,11,2023,19:15,5,1,6,95,95678,2,3,2,2,1
202300008441,10,7,2023,07:55,1,1,3,06,06088,2,4,1,1,1
202300008442,21,3,2023,22:30,4,1,2,93,93006,1,1,3,2,1
202300008443,5,6,2023,18:00,1,1,3,92,92040,2,3,2,2,1
202300008443,5,6,2023,18:00,1,1,3,92,92040,2,3,2,2,1
202300008444,31,12,2023,16:50,2,2,3,73,73008,2,4,2,1,2
202300008445,10,7,2023,10:50,1,1,2,06,06069,2,4,2,2,1
202300008446,17,8,2023,13:00,1,1,3,49,49311,1,3,2,1,1
202300008446,17,8,2023,13:00,1,1,3,49,49311,1,3,2,1,1
202300008447,24,11,2023,20:30,3,2,2,82,82119,1,1,3,1,2
202300008448,31,12,2023,14:15,1,1,7,71,71486,1,2,3,1,1
202300008449,9,7,2023,19:45,1,1,6,06,06029,2,4,2,1,1
202300008450,21,3,2023,08:50,1,1,4,93,93053,1,1,2,1,1
202300008451,5,6,2023,12:40,1,1,3,92,92026,2,3,2,1,1
202300008452,20,12,2023,08:30,2,1,6,27,27229,2,4,2,1,1
202300008453,30,6,2023,14:15,1,2,1,05,05061,1,3,2,2,2
202300008454,17,8,2023,19:20,1,1,2,49,49182,1,3,3,1,1
202300008455,25,11,2023,20:30,5,1,1,974,97418,2,3,2,2,1
202300008455,25,11,2023,20:30,5,1,1,974,97418,2,3,2,2,1
202300008456,20,3,2023,18:30,1,1,4,95,95527,1,1,3,1,1
202300008457,16,6,2023,18:20,1,1,3,01,01451,2,6,-1,1,1
202300008458,17,8,2023,13:20,1,1,7,49,49369,1,4,2,4,1
202300008459,4,6,2023,23:50,5,1,3,92,92012,2,3,2,1,1
202300008459,4,6,2023,23:50,5,1,3,92,92012,2,3,2,1,1
202300008460,31,12,2023,17:50,2,8,3,75,75120,2,4,2,1,1
202300008460,31,12,2023,17:50,2,8,3,75,75120,2,4,1,2,1
202300008461,24,11,2023,11:10,1,1,1,77,77010,1,3,2,1,1
202300008462,16,8,2023,13:15,1,1,6,12,12299,2,3,2,1,1
202300008463,10,7,2023,17:30,1,1,2,75,75120,2,4,1,1,1
202300008463,10,7,2023,17:30,1,1,2,75,75120,2,4,1,1,1
202300008464,3,6,2023,18:25,1,1,6,92,92004,2,4,-1,1,1
202300008465,20,3,2023,07:30,1,1,3,95,95582,1,1,3,1,1
202300008466,28,11,2023,11:30,1,1,2,75,75116,2,4,1,1,1
202300008467,25,11,2023,16:40,1,1,5,2B,2B303,1,2,2,1,1
202300008468,3,6,2023,05:10,2,2,7,75,75118,2,4,1,1,2
202300008469,19,8,2023,20:00,2,7,1,12,12220,1,3,2,2,1
202300008470,20,3,2023,01:00,3,1,6,93,93078,1,1,3,1,1
202300008471,10,7,2023,14:10,1,1,6,75,75116,2,4,1,1,1
202300008472,2,10,2023,15:20,1,1,3,44,44092,1,3,2,1,1
202300008472,2,10,2023,15:20,1,1,3,44,44092,1,3,2,1,1
202300008473,2,6,2023,11:32,1,1,3,60,60024,1,2,2,1,1
202300008473,2,6,2023,11:32,1,1,3,60,60024,1,2,2,2,1
202300008474,16,8,2023,11:30,1,1,2,12,12043,1,3,2,1,1
202300008474,16,8,2023,11:30,1,1,2,12,12043,1,3,2,1,1
202300008475,10,7,2023,20:15,1,1,2,75,75115,2,4,1,1,1
202300008475,10,7,2023,20:15,1,1,2,75,75115,2,4,1,1,1
202300008476,28,12,2023,18:35,3,1,3,59,59244,1,1,1,1,1
202300008477,5,6,2023,19:10,1,1,6,01,01434,1,3,2,1,1
202300008478,22,3,2023,16:00,1,1,4,94,94028,1,1,1,1,1
202300008479,10,7,2023,19:45,1,1,6,75,75114,2,4,1,1,1
202300008480,23,11,2023,19:50,3,1,1,11,11426,1,3,2,1,1
202300008481,28,12,2023,22:29,5,1,1,13,13014,2,4,2,1,1
202300008482,16,8,2023,19:40,1,1,3,12,12133,1,3,2,2,1
202300008482,16,8,2023,19:40,1,1,3,12,12133,1,3,2,1,1
202300008483,3,1,2023,14:55,1,1,6,45,45187,1,3,2,1,1
202300008484,6,6,2023,11:45,1,1,6,71,71477,1,4,2,1,1
202300008485,9,7,2023,10:20,1,1,1,75,75114,2,4,1,1,1
202300008485,9,7,2023,10:20,1,1,1,75,75114,2,4,2,1,1
202300008486,19,8,2023,10:00,1,1,6,46,46045,1,3,2,2,1
202300008487,6,6,2023,05:15,5,1,7,40,40304,2,4,2,1,1
202300008488,30,12,2023,17:46,3,1,2,13,13106,1,1,3,2,1
202300008489,25,11,2023,10:30,1,2,1,63,63284,2,9,2,4,2
202300008490,21,3,2023,17:13,1,1,1,38,38185,2,7,1,1,1
202300008491,10,7,2023,08:25,1,1,3,75,75113,2,4,-1,1,1
202300008491,10,7,2023,08:25,1,1,3,75,75113,2,4,1,1,1
202300008492,6,6,2023,15:45,1,1,7,42,42166,2,3,2,2,1
202300008493,24,11,2023,19:40,3,1,6,86,86074,1,2,2,2,1
202300008494,18,8,2023,17:50,1,1,3,46,46247,2,3,2,1,1
202300008494,18,8,2023,17:50,1,1,3,46,46247,2,3,-1,-1,-1
202300008495,21,3,2023,09:05,1,8,6,27,27299,2,4,2,1,1
202300008496,10,7,2023,21:35,5,1,3,75,75112,2,4,2,1,1
202300008496,10,7,2023,21:35,5,1,3,75,75112,2,4,2,1,1
202300008497,20,11,2023,14:35,1,1,6,64,64430,2,4,2,1,1
202300008498,6,6,2023,12:15,1,1,6,31,31065,2,4,1,1,1
202300008499,20,3,2023,07:40,2,1,6,68,68224,2,4,2,1,1
202300008500,16,8,2023,19:58,2,1,3,46,46268,1,3,2,1,1
202300008500,16,8,2023,19:58,2,1,3,46,46268,1,3,2,-1,-1
202300008501,10,7,2023,17:30,1,1,6,75,75112,2,4,2,1,1
202300008502,19,8,2023,05:10,3,1,6,41,41059,1,3,2,1,1
202300008503,22,11,2023,12:15,1,1,3,29,29181,1,3,1,1,1
202300008503,22,11,2023,12:15,1,1,3,29,29181,1,3,1,1,1
202300008504,10,7,2023,15:00,1,1,2,75,75112,2,4,2,1,1
202300008505,5,6,2023,18:10,1,1,5,01,01143,1,3,2,1,1
202300008506,30,12,2023,20:50,5,1,3,50,50129,2,3,2,1,2
202300008506,30,12,2023,20:50,5,1,3,50,50129,2,3,2,4,2
202300008507,21,3,2023,23:20,5,1,3,69,69387,2,4,2,1,1
202300008507,21,3,2023,23:20,5,1,3,69,69387,2,4,1,1,1
202300008508,20,8,2023,16:00,1,1,3,22,22349,1,3,2,2,1
202300008509,4,6,2023,19:10,1,1,7,17,17222,1,3,2,1,1
202300008510,10,7,2023,08:50,1,1,3,75,75110,2,4,1,2,1
202300008510,10,7,2023,08:50,1,1,3,75,75110,2,4,2,1,1
202300008511,25,11,2023,01:00,3,1,3,22,22008,1,3,2,1,1
202300008512,11,8,2023,13:20,1,1,6,22,22046,1,3,2,1,1
202300008513,31,12,2023,22:50,5,2,3,94,94002,2,3,2,1,2
202300008513,31,12,2023,22:50,5,2,3,94,94002,2,3,2,1,2
202300008514,10,7,2023,09:20,1,1,3,75,75108,2,4,2,1,1
202300008515,21,3,2023,20:15,5,1,3,69,69383,2,4,1,1,1
202300008515,21,3,2023,20:15,5,1,3,69,69383,2,4,1,1,1
202300008516,5,6,2023,13:00,1,1,2,14,14120,1,1,3,1,1
202300008517,19,8,2023,18:10,1,1,6,39,39160,1,3,2,1,1
202300008518,10,7,2023,18:30,1,1,6,75,75101,2,4,1,1,1
202300008518,10,7,2023,18:30,1,1,6,75,75101,2,4,2,1,1
202300008519,26,12,2023,18:15,5,1,3,92,92024,1,3,1,1,1
202300008520,16,8,2023,19:50,1,7,7,39,39535,1,3,2,1,1
202300008521,21,3,2023,11:05,1,1,2,69,69383,2,4,1,1,1
202300008522,10,7,2023,17:00,1,1,6,94,94081,2,3,1,1,1
202300008523,24,11,2023,07:10,2,1,2,13,13215,1,1,-1,1,1
202300008524,2,6,2023,11:24,1,1,3,71,71215,2,4,2,1,1
202300008525,19,8,2023,06:38,2,1,6,25,25351,1,3,2,1,1
202300008526,10,7,2023,14:00,1,1,3,94,94043,2,3,1,1,1
202300008527,3,6,2023,15:50,1,1,7,57,57623,1,3,2,2,1
202300008528,21,3,2023,08:00,2,1,1,69,69383,2,4,1,1,1
202300008528,21,3,2023,08:00,2,1,1,69,69383,2,4,1,1,1
202300008529,23,11,2023,13:50,1,1,2,13,13071,1,1,-1,1,1
202300008530,31,12,2023,19:17,3,1,5,38,38434,1,3,2,1,2
202300008531,19,8,2023,05:45,2,1,3,25,25470,1,3,2,2,1
202300008532,10,7,2023,19:45,1,1,6,94,94041,2,3,-1,1,1
202300008532,10,7,2023,19:45,1,1,6,94,94041,2,3,1,1,1
202300008533,30,12,2023,19:00,3,1,7,64,64123,1,3,2,1,2
202300008534,21,11,2023,21:50,5,1,6,83,83090,1,1,3,1,1
202300008535,20,8,2023,19:15,1,1,6,44,44220,1,3,2,1,1
202300008536,21,3,2023,18:30,1,1,2,2B,2B033,2,4,2,1,1
202300008536,21,3,2023,18:30,1,1,2,2B,2B033,2,4,2,2,1
202300008537,10,7,2023,19:20,1,1,6,94,94073,1,4,1,1,1
202300008538,6,6,2023,11:55,1,1,3,59,59384,1,3,2,1,1
202300008538,6,6,2023,11:55,1,1,3,59,59384,1,3,2,1,1
202300008539,18,8,2023,11:20,1,1,7,35,35010,1,2,3,1,1
202300008540,10,7,2023,20:20,1,1,3,94,94011,2,3,3,1,1
202300008541,24,11,2023,18:30,3,2,2,33,33080,1,1,3,1,2
202300008542,27,12,2023,20:58,5,2,3,60,60505,2,3,2,1,2
202300008543,6,6,2023,17:55,1,1,6,56,56061,1,3,2,1,1
202300008544,21,3,2023,09:55,1,1,2,971,97101,1,2,3,1,1
202300008545,19,8,2023,03:00,3,2,7,29,29204,1,4,2,1,2
202300008546,9,7,2023,02:55,5,1,1,94,94041,2,3,2,2,1
202300008547,19,8,2023,17:00,1,1,6,29,29024,1,4,2,2,1
202300008548,6,6,2023,08:30,1,1,6,56,56061,2,4,2,2,1
202300008549,21,3,2023,12:35,1,1,3,91,91161,2,3,2,1,1
202300008550,31,12,2023,23:10,3,1,3,78,78073,1,2,-1,1,2
202300008551,23,11,2023,18:50,3,1,4,59,59646,1,2,1,1,1
202300008552,16,8,2023,20:45,2,1,1,29,29117,2,3,1,1,1
202300008553,10,7,2023,20:25,1,1,6,93,93055,2,3,1,1,1
202300008553,10,7,2023,20:25,1,1,6,93,93055,2,3,3,1,1
202300008554,5,6,2023,16:00,1,1,1,82,82026,1,3,3,1,1
202300008554,5,6,2023,16:00,1,1,1,82,82026,1,3,2,1,1
202300008555,2,8,2023,22:40,3,2,6,73,73099,1,3,2,1,2
202300008556,20,3,2023,18:00,1,1,3,91,91345,2,4,2,1,1
202300008557,10,7,2023,21:15,1,1,1,93,93007,2,4,2,1,1
202300008558,16,8,2023,11:20,1,1,5,29,29171,1,3,2,1,1
202300008559,5,6,2023,10:20,1,1,3,11,11358,1,3,2,1,1
202300008560,24,11,2023,08:50,1,1,4,91,91216,1,1,1,2,1
202300008561,10,7,2023,02:00,5,1,6,93,93066,2,4,3,1,1
202300008562,18,6,2023,06:30,1,1,2,91,91216,1,1,3,2,2
202300008563,17,8,2023,10:55,1,1,3,31,31107,2,3,1,1,1
202300008564,10,7,2023,18:54,1,1,6,92,92051,2,3,1,1,1
202300008565,3,6,2023,03:10,3,1,6,71,71187,1,4,2,1,1
202300008566,21,3,2023,11:20,1,1,3,91,91434,2,4,2,1,1
202300008566,21,3,2023,11:20,1,1,3,91,91434,2,4,2,1,1
202300008567,19,8,2023,15:45,1,1,6,31,31145,2,3,2,1,1
202300008568,24,11,2023,18:40,3,1,3,92,92025,1,1,3,1,1
202300008569,9,7,2023,18:19,1,1,1,92,92025,2,4,2,1,1
202300008570,4,6,2023,14:50,1,1,6,63,63430,2,4,2,1,1
202300008571,18,8,2023,20:00,2,7,6,31,31574,1,3,1,1,1
202300008572,20,8,2023,18:35,1,1,6,18,18096,2,3,2,1,1
202300008573,17,3,2023,18:20,2,2,3,91,91228,2,4,-1,1,2
202300008574,10,7,2023,03:29,5,1,7,92,92024,2,4,2,1,1
202300008575,24,11,2023,17:35,3,1,2,93,93010,1,1,3,1,1
202300008576,5,6,2023,19:30,1,1,6,12,12288,1,3,2,2,1
202300008577,19,8,2023,14:35,1,7,3,38,38189,1,3,2,1,1
202300008577,19,8,2023,14:35,1,7,3,38,38189,1,3,2,1,1
202300008578,10,7,2023,10:10,1,1,3,92,92007,2,3,2,1,1
202300008579,20,3,2023,17:30,1,1,6,91,91223,2,4,2,1,1
202300008580,24,11,2023,06:35,3,1,2,95,95277,1,3,3,1,1
202300008581,6,6,2023,06:50,1,1,3,68,68025,1,3,2,1,1
202300008581,6,6,2023,06:50,1,1,3,68,68025,1,3,2,1,1
202300008582,23,11,2023,05:00,3,1,6,95,95241,1,2,3,1,1
202300008583,6,6,2023,14:45,1,1,6,68,68155,2,4,2,1,1
202300008584,11,7,2023,10:00,1,1,3,60,60180,2,3,2,1,1
202300008584,11,7,2023,10:00,1,1,3,60,60180,2,3,2,1,1
202300008585,19,8,2023,22:05,3,1,6,38,38012,1,3,2,1,1
202300008586,18,3,2023,16:00,1,2,2,77,77296,2,4,-1,1,2
202300008586,18,3,2023,16:00,1,2,2,77,77296,2,4,-1,1,2
202300008587,6,8,2023,11:50,1,1,3,22,22266,1,3,2,1,1
202300008587,6,8,2023,11:50,1,1,3,22,22266,1,3,2,1,1
202300008588,5,6,2023,11:35,1,7,1,38,38439,1,3,2,2,1
202300008588,5,6,2023,11:35,1,7,1,38,38439,1,3,2,2,1
202300008589,19,8,2023,10:00,1,1,3,38,38043,2,3,2,1,1
202300008589,19,8,2023,10:00,1,1,3,38,38043,2,3,2,2,1
202300008590,11,7,2023,13:55,1,1,3,85,85137,1,3,2,1,1
202300008590,11,7,2023,13:55,1,1,3,85,85137,1,3,2,-1,1
202300008591,24,11,2023,17:40,2,1,3,94,94069,1,1,-1,1,1
202300008592,21,3,2023,14:50,1,1,1,77,77296,1,3,2,1,1
202300008592,21,3,2023,14:50,1,1,1,77,77296,1,3,2,1,-1
202300008593,5,6,2023,18:45,1,1,6,38,38422,1,3,2,2,1
202300008594,10,7,2023,16:00,1,7,3,40,40065,2,4,2,-1,-1
202300008594,10,7,2023,16:00,1,7,3,40,40065,2,4,2,1,1
202300008595,17,8,2023,17:55,1,1,5,38,38082,1,3,2,1,1
202300008596,29,12,2023,19:03,5,1,3,973,97302,2,3,2,1,1
202300008596,29,12,2023,19:03,5,1,3,973,97302,2,3,2,1,1
202300008597,5,6,2023,17:20,1,1,1,38,38543,1,3,2,1,1
202300008598,22,11,2023,08:30,1,1,5,976,97611,1,3,2,2,1
202300008599,18,8,2023,19:45,2,1,3,15,15130,1,3,2,1,1
202300008599,18,8,2023,19:45,2,1,3,15,15130,1,3,-1,1,1
202300008600,10,7,2023,15:30,1,1,3,68,68331,1,3,2,1,1
202300008600,10,7,2023,15:30,1,1,3,68,68331,1,3,2,1,1
202300008601,20,3,2023,15:00,1,1,6,77,77288,2,3,3,1,1
202300008601,20,3,2023,15:00,1,1,6,77,77288,2,3,-1,1,1
202300008602,4,6,2023,17:15,1,1,6,02,02003,2,3,2,2,1
202300008603,22,11,2023,10:45,1,1,6,974,97416,2,4,2,2,1
202300008604,18,8,2023,21:40,3,1,6,15,15092,1,3,2,2,1
202300008605,28,12,2023,04:10,5,1,6,972,97209,1,3,-1,2,1
202300008606,10,7,2023,23:45,3,1,1,10,10363,1,3,2,1,1
202300008607,6,6,2023,10:10,1,1,1,03,03112,1,3,2,2,1
202300008608,20,3,2023,11:40,1,1,1,74,74281,1,3,2,1,1
202300008609,23,11,2023,17:50,1,1,6,974,97411,2,4,1,1,1
202300008610,8,7,2023,04:45,5,2,6,972,97221,1,3,2,1,2
202300008611,15,8,2023,12:10,1,8,7,01,01314,2,3,1,1,2
202300008612,5,6,2023,15:20,1,1,6,15,15104,1,3,-1,1,2
202300008613,30,12,2023,08:35,2,5,1,87,87050,1,3,2,1,9
202300008614,5,7,2023,06:50,1,1,1,84,84056,1,3,2,1,1
202300008615,5,6,2023,13:30,1,1,6,06,06090,1,3,-1,2,1
202300008616,19,8,2023,11:15,1,1,3,70,70507,1,3,2,2,1
202300008617,22,11,2023,18:10,1,1,3,974,97411,2,3,2,2,1
202300008617,22,11,2023,18:10,1,1,3,974,97411,2,3,2,1,1
202300008618,5,6,2023,20:30,2,3,7,09,09324,1,4,2,1,2
202300008619,10,7,2023,16:00,1,1,2,26,26116,1,1,3,2,1
202300008620,30,12,2023,17:30,5,3,7,76,76351,2,4,2,1,2
202300008621,20,3,2023,19:10,5,1,4,72,72181,2,4,3,1,1
202300008622,16,8,2023,12:30,1,1,7,26,26162,1,3,2,1,1
202300008623,5,6,2023,16:05,1,1,1,24,24159,1,3,2,2,1
202300008624,11,7,2023,07:30,1,1,2,12,12169,1,2,3,1,1
202300008625,20,3,2023,16:05,1,1,6,72,72181,2,3,-1,1,1
202300008625,20,3,2023,16:05,1,1,6,72,72181,2,3,1,2,1
202300008626,31,12,2023,06:43,5,3,7,76,76341,2,3,-1,1,2
202300008626,31,12,2023,06:43,5,3,7,76,76341,2,3,2,1,2
202300008627,23,11,2023,21:35,5,1,3,69,69387,2,4,2,1,1
202300008628,12,8,2023,15:00,1,1,3,26,26148,1,3,2,3,1
202300008628,12,8,2023,15:00,1,1,3,26,26148,1,3,2,1,1
202300008629,8,7,2023,14:20,1,1,6,65,65270,2,3,2,1,1
202300008630,20,3,2023,12:05,1,1,6,72,72181,1,3,3,1,1
202300008631,6,6,2023,16:30,1,1,1,85,85280,1,3,2,1,1
202300008632,17,8,2023,19:30,2,1,6,58,58079,2,3,2,1,1
202300008633,10,7,2023,13:34,1,1,1,57,57721,2,3,2,2,1
202300008634,30,12,2023,08:00,2,1,3,76,76447,2,3,2,1,1
202300008634,30,12,2023,08:00,2,1,3,76,76447,2,3,-1,1,1
202300008635,20,8,2023,11:44,1,1,6,58,58223,1,3,2,2,1
202300008636,23,11,2023,06:50,5,1,6,69,69387,2,4,2,1,1
202300008637,21,3,2023,20:55,5,1,6,69,69264,2,3,2,1,1
202300008638,4,6,2023,18:00,1,1,3,28,28098,1,2,3,1,1
202300008639,10,7,2023,18:25,1,1,3,19,19063,1,3,2,1,1
202300008639,10,7,2023,18:25,1,1,3,19,19063,1,3,2,1,1
202300008640,17,8,2023,11:30,1,1,6,58,58177,1,3,2,2,1
202300008641,30,12,2023,17:30,5,1,6,76,76351,2,4,2,1,1
202300008641,30,12,2023,17:30,5,1,6,76,76351,2,4,2,1,1
202300008642,23,11,2023,10:15,1,1,2,972,97209,2,2,1,1,1
202300008643,20,3,2023,17:25,1,1,6,69,69264,2,4,1,1,1
202300008644,4,7,2023,09:20,1,1,3,19,19123,2,4,1,1,1
202300008645,6,6,2023,12:15,1,1,6,30,30161,1,3,2,1,1
202300008646,30,12,2023,00:05,5,1,6,14,14366,2,3,3,1,1
202300008647,17,8,2023,18:10,1,1,3,58,58088,1,3,3,1,1
202300008648,10,7,2023,21:39,2,1,7,77,77325,2,4,2,1,1
202300008649,21,3,2023,14:00,1,1,1,69,69259,2,4,2,1,1
202300008650,29,12,2023,18:45,5,1,7,92,92026,2,3,1,1,1
202300008651,5,6,2023,12:00,1,1,3,988,98825,1,2,2,-1,1
202300008651,5,6,2023,12:00,1,1,3,988,98825,1,2,2,1,1
202300008652,23,11,2023,17:00,5,1,3,69,69389,2,4,2,1,1
202300008653,11,7,2023,02:45,3,1,6,76,76360,1,3,2,1,1
202300008654,17,8,2023,11:50,1,1,3,58,58303,2,3,3,1,1
202300008655,20,3,2023,19:30,2,1,3,67,67447,2,7,2,2,1
202300008655,20,3,2023,19:30,2,1,3,67,67447,2,7,2,1,1
202300008656,11,7,2023,10:00,1,1,3,2B,2B305,2,3,2,2,1
202300008657,5,6,2023,22:30,3,2,7,988,98832,1,4,2,1,2
202300008658,22,11,2023,09:45,1,8,6,69,69389,2,4,1,1,1
202300008658,22,11,2023,09:45,1,8,6,69,69389,2,4,2,1,1
202300008659,6,12,2023,11:55,1,1,3,57,57269,2,4,2,1,1
202300008660,20,8,2023,11:30,1,1,3,58,58095,2,4,1,2,1
202300008661,11,7,2023,09:11,1,1,7,19,19274,1,1,1,1,1
202300008662,17,3,2023,22:30,5,1,6,67,67482,2,4,1,1,1
202300008663,3,6,2023,19:50,5,1,7,974,97422,2,4,2,1,1
202300008664,23,11,2023,06:50,5,1,7,69,69382,2,4,2,1,1
202300008665,10,7,2023,19:10,1,1,3,41,41002,1,1,3,2,1
202300008666,30,12,2023,10:10,1,1,3,34,34237,1,3,2,1,1
202300008667,17,8,2023,14:50,1,1,1,58,58151,2,3,2,1,1
202300008668,5,6,2023,01:30,5,1,6,978,97801,1,3,2,2,1
202300008669,23,11,2023,13:00,1,1,6,971,97105,2,4,1,1,1
202300008670,20,3,2023,09:45,1,1,3,66,66136,2,4,2,1,1
202300008671,10,7,2023,18:30,1,1,7,11,11165,1,3,2,2,1
202300008672,21,8,2023,02:50,3,1,6,66,66024,2,3,1,2,1
202300008673,30,12,2023,18:30,2,1,1,988,98805,1,2,2,2,1
202300008674,11,7,2023,12:30,1,1,6,42,42262,1,7,2,1,1
202300008675,16,3,2023,06:15,3,1,7,63,63103,1,3,2,2,1
202300008676,22,11,2023,09:00,1,1,6,95,95539,2,4,2,1,1
202300008677,4,6,2023,20:45,3,1,1,971,97121,1,2,2,1,1
202300008678,21,8,2023,14:45,1,1,6,54,54206,1,4,2,1,1
202300008679,30,12,2023,08:00,1,1,3,986,98613,2,2,2,1,1
202300008680,17,7,2023,09:50,1,1,7,72,72180,2,4,2,1,1
202300008681,23,11,2023,17:15,5,1,2,91,91689,2,3,1,1,1
202300008682,19,3,2023,14:27,1,1,3,63,63113,2,7,3,1,1
202300008682,19,3,2023,14:27,1,1,3,63,63113,2,7,2,1,1
202300008683,6,6,2023,08:30,1,1,3,91,91318,2,3,2,1,1
202300008684,10,7,2023,21:30,1,1,3,39,39432,2,3,2,1,1
202300008684,10,7,2023,21:30,1,1,3,39,39432,2,3,2,2,1
202300008685,30,12,2023,17:40,3,1,6,77,77029,1,3,2,1,2
202300008686,5,6,2023,18:55,1,1,6,11,11433,1,3,2,1,1
202300008687,11,7,2023,09:25,1,1,7,44,44007,1,3,2,1,1
202300008688,17,8,2023,18:38,1,1,3,72,72111,1,3,2,1,1
202300008688,17,8,2023,18:38,1,1,3,72,72111,1,3,2,4,1
202300008689,22,11,2023,20:30,3,8,2,91,91433,2,3,2,1,1
202300008689,22,11,2023,20:30,3,8,2,91,91433,2,3,3,1,1
202300008690,9,7,2023,17:15,1,1,7,29,29163,1,3,2,1,1
202300008691,6,6,2023,13:15,1,1,3,84,84078,1,2,2,1,1
202300008692,20,8,2023,11:30,1,1,7,06,06086,1,3,2,2,1
202300008693,18,3,2023,09:35,1,1,2,60,60159,2,4,1,1,1
202300008694,22,11,2023,18:00,4,1,6,88,88484,2,4,2,1,1
202300008695,19,8,2023,07:25,1,1,6,14,14005,1,3,2,1,1
202300008696,21,3,2023,14:15,1,1,6,56,56121,2,4,2,2,1
202300008697,9,7,2023,16:45,1,1,3,01,01098,1,3,2,1,1
202300008697,9,7,2023,16:45,1,1,3,01,01098,1,3,1,1,1
202300008698,6,6,2023,06:45,1,1,3,83,83065,1,3,2,1,1
202300008698,6,6,2023,06:45,1,1,3,83,83065,1,3,-1,1,1
202300008699,22,11,2023,18:50,5,1,6,87,87085,2,4,2,1,1
202300008700,31,12,2023,15:30,1,1,1,84,84150,1,3,2,1,2
202300008701,16,8,2023,16:50,1,7,3,14,14145,1,2,2,3,1
202300008701,16,8,2023,16:50,1,7,3,14,14145,1,2,2,3,1
202300008702,10,7,2023,21:00,2,1,3,01,01451,1,3,2,1,1
202300008702,10,7,2023,21:00,2,1,3,01,01451,1,3,2,1,1
202300008703,21,3,2023,08:50,1,1,2,56,56121,2,4,2,1,1
202300008704,6,6,2023,08:45,1,1,1,05,05079,1,3,2,2,1
202300008705,23,11,2023,21:55,3,1,2,84,84080,1,3,1,1,1
202300008706,10,7,2023,17:10,1,1,1,70,70134,1,3,2,1,1
202300008707,30,12,2023,14:30,1,1,3,62,62476,2,3,2,1,1
202300008707,30,12,2023,14:30,1,1,3,62,62476,2,3,2,1,1
202300008708,20,3,2023,15:15,1,1,2,54,54265,2,7,2,1,1
202300008709,5,6,2023,18:15,1,1,3,07,07245,1,3,2,1,1
202300008710,16,8,2023,16:45,1,1,5,14,14041,1,3,2,2,1
202300008711,9,7,2023,00:20,3,1,6,70,70163,1,3,2,2,1
202300008712,19,8,2023,02:05,3,1,7,50,50003,2,4,1,1,2
202300008713,19,12,2023,20:37,3,1,2,13,13005,1,1,-1,1,1
202300008714,5,6,2023,16:10,1,1,1,17,17027,1,3,2,1,1
202300008715,8,7,2023,09:15,1,1,3,26,26146,1,3,2,1,1
202300008715,8,7,2023,09:15,1,1,3,26,26146,1,3,3,1,1
202300008716,24,11,2023,01:30,3,1,6,82,82121,2,3,2,1,1
202300008717,20,3,2023,12:30,1,1,4,54,54395,2,4,1,1,1
202300008718,17,12,2023,03:45,3,1,2,54,54232,1,1,3,1,2
202300008719,10,7,2023,00:30,3,1,7,58,58151,1,3,2,1,1
202300008720,2,6,2023,12:10,1,1,3,33,33273,1,4,2,2,1
202300008720,2,6,2023,12:10,1,1,3,33,33273,1,4,2,1,1
202300008721,21,8,2023,12:30,1,1,1,50,50471,1,3,2,1,1
202300008721,21,8,2023,12:30,1,1,1,50,50471,1,3,2,1,1
202300008722,11,7,2023,20:00,1,1,6,66,66052,1,3,2,1,1
202300008723,30,12,2023,22:43,5,1,6,67,67482,1,7,1,1,1
202300008724,20,3,2023,17:10,1,1,3,54,54329,2,4,2,1,1
202300008725,5,6,2023,22:05,5,1,7,33,33029,2,4,2,1,2
202300008725,5,6,2023,22:05,5,1,7,33,33029,2,4,2,1,2