id_accident,jour,mois,annee,heure_minute,luminosite,meteo,type_collision,departement,commune,agglomeration,categorie_route,regime_circulation,profil_route,etat_surface
202300008726,17,8,2023,19:02,1,1,3,50,50031,2,3,2,1,1
202300008726,17,8,2023,19:02,1,1,3,50,50031,2,3,2,1,1
202300008727,22,11,2023,16:30,1,1,5,77,77350,2,4,2,1,1
202300008728,18,3,2023,15:45,1,1,6,52,52448,2,4,-1,1,1
202300008729,10,7,2023,22:25,2,1,3,50,50058,1,3,2,1,1
202300008729,10,7,2023,22:25,2,1,3,50,50058,1,3,2,1,1
202300008730,30,10,2023,18:00,5,3,4,05,05061,2,2,2,2,2
202300008731,17,8,2023,16:20,1,1,1,50,50452,1,3,2,2,1
202300008732,6,6,2023,07:40,1,1,2,50,50535,2,3,2,1,1
202300008733,11,7,2023,18:15,1,1,7,60,60029,2,3,2,2,1
202300008734,26,7,2023,17:50,1,1,6,14,14520,2,4,2,1,2
202300008735,21,11,2023,11:30,1,2,3,76,76447,2,3,1,1,2
202300008735,21,11,2023,11:30,1,2,3,76,76447,2,3,1,1,2
202300008736,13,3,2023,21:20,5,2,1,50,50129,2,4,2,1,2
202300008736,13,3,2023,21:20,5,2,1,50,50129,2,4,2,1,2
202300008737,30,5,2023,08:10,1,1,1,35,35273,1,3,2,3,1
202300008738,10,7,2023,23:10,3,1,7,10,10259,1,3,2,1,1
202300008739,28,9,2023,15:50,1,8,6,14,14054,1,3,2,1,2
202300008740,9,7,2023,10:45,1,2,6,36,36022,1,3,2,1,2
202300008741,23,11,2023,00:01,5,1,3,72,72181,2,4,1,1,1
202300008742,21,3,2023,15:10,1,1,6,45,45234,2,4,2,1,1
202300008743,9,7,2023,11:46,1,1,7,40,40243,1,3,2,1,1
202300008744,30,12,2023,16:25,1,1,3,84,84007,2,4,2,1,1
202300008745,10,7,2023,21:40,5,1,6,24,24296,1,3,2,1,1
202300008746,21,3,2023,11:55,1,1,6,37,37261,2,4,1,1,1
202300008747,23,11,2023,05:50,5,2,3,71,71486,2,4,2,1,2
202300008748,31,12,2023,07:05,1,1,6,971,97105,2,9,2,2,1
202300008749,19,8,2023,16:45,1,1,5,50,50413,1,2,3,2,1
202300008750,6,6,2023,19:55,2,1,3,80,80176,1,3,2,1,1
202300008750,6,6,2023,19:55,2,1,3,80,80176,1,3,2,1,1
202300008751,10,7,2023,18:50,1,1,7,85,85025,1,4,2,2,1
202300008752,29,12,2023,06:20,5,1,2,74,74012,2,3,2,1,1
202300008752,29,12,2023,06:20,5,1,2,74,74012,2,3,1,1,1
202300008753,21,8,2023,09:30,1,1,2,83,83074,1,3,2,1,1
202300008753,21,8,2023,09:30,1,1,2,83,83074,1,3,2,1,1
202300008754,8,7,2023,16:00,1,1,3,27,27679,1,2,4,1,1
202300008754,8,7,2023,16:00,1,1,3,27,27679,1,2,2,1,1
202300008755,22,11,2023,14:50,1,1,3,69,69264,2,3,2,1,1
202300008755,22,11,2023,14:50,1,1,3,69,69264,2,3,2,1,1
202300008756,21,3,2023,11:35,1,8,4,37,37261,2,4,1,1,1
202300008756,21,3,2023,11:35,1,8,4,37,37261,2,4,1,1,1
202300008757,6,6,2023,06:48,1,1,3,80,80670,1,3,2,1,1
202300008757,6,6,2023,06:48,1,1,3,80,80670,1,3,2,1,1
202300008758,8,7,2023,15:27,1,1,6,23,23061,2,3,2,1,1
202300008759,9,12,2023,19:15,5,2,3,42,42218,2,4,2,1,2
202300008759,9,12,2023,19:15,5,2,3,42,42218,2,4,2,2,2
202300008760,5,6,2023,11:00,1,1,3,83,83137,1,1,3,1,1
202300008761,23,11,2023,11:50,1,1,3,69,69290,2,4,2,2,1
202300008761,23,11,2023,11:50,1,1,3,69,69290,2,4,2,1,1
202300008762,19,8,2023,17:30,1,1,3,83,83044,2,3,2,4,1
202300008762,19,8,2023,17:30,1,1,3,83,83044,2,3,2,2,1
202300008763,11,7,2023,19:40,1,1,3,37,37014,1,3,2,1,1
202300008763,11,7,2023,19:40,1,1,3,37,37014,1,3,2,1,1
202300008764,20,3,2023,16:50,1,1,3,37,37261,2,4,2,1,1
202300008764,20,3,2023,16:50,1,1,3,37,37261,2,4,2,1,1
202300008765,4,6,2023,16:52,1,1,7,57,57445,1,1,3,1,1
202300008766,19,8,2023,10:35,1,1,6,83,83121,2,3,2,1,1
202300008767,23,11,2023,17:30,5,1,6,67,67482,2,4,2,1,1
202300008768,10,7,2023,08:49,1,1,3,37,37050,1,3,2,1,1
202300008769,21,3,2023,16:43,1,1,6,35,35278,2,4,3,1,1
202300008770,31,12,2023,20:00,3,1,5,31,31555,1,1,-1,1,1
202300008771,23,11,2023,08:45,1,8,3,67,67482,2,6,-1,1,1
202300008772,20,8,2023,05:55,2,1,6,83,83046,1,3,2,1,1
202300008773,21,3,2023,12:20,1,1,3,35,35238,2,4,3,1,1
202300008774,5,6,2023,13:20,1,1,4,33,33013,1,2,4,1,1
202300008775,10,7,2023,12:00,1,1,2,31,31216,1,1,1,1,1
202300008776,19,8,2023,04:00,5,1,6,09,09285,2,3,2,1,1
202300008777,19,12,2023,20:45,5,1,2,27,27229,2,4,2,1,1
202300008777,19,12,2023,20:45,5,1,2,27,27229,2,4,2,2,1
202300008778,22,11,2023,13:55,1,1,3,67,67482,2,4,1,1,1
202300008778,22,11,2023,13:55,1,1,3,67,67482,2,4,3,1,1
202300008779,5,6,2023,20:45,2,1,7,91,91377,1,1,1,1,1
202300008780,11,7,2023,07:50,2,1,2,33,33380,1,1,3,1,1
202300008781,21,3,2023,17:20,1,1,3,34,34301,2,3,2,1,1
202300008782,23,11,2023,18:30,5,1,3,64,64125,2,3,3,1,1
202300008783,5,6,2023,08:10,1,1,2,91,91477,1,1,1,1,1
202300008784,31,12,2023,18:50,5,1,4,75,75114,2,4,1,1,1
202300008785,17,8,2023,13:50,1,1,1,09,09032,1,2,2,2,1
202300008786,10,7,2023,17:10,1,1,3,38,38027,2,3,1,1,1
202300008787,21,3,2023,18:09,1,1,3,33,33529,2,4,2,1,1
202300008788,5,6,2023,09:00,1,1,3,92,92050,1,1,1,1,1
202300008789,21,8,2023,08:37,1,1,1,60,60513,2,4,1,1,1
202300008790,23,11,2023,08:00,1,1,1,63,63300,2,4,2,1,1
202300008790,23,11,2023,08:00,1,1,1,63,63300,2,4,2,1,1
202300008791,31,12,2023,22:19,5,1,3,75,75101,2,4,1,1,2
202300008791,31,12,2023,22:19,5,1,3,75,75101,2,4,1,1,2
202300008792,21,3,2023,10:00,1,1,1,31,31555,2,7,2,1,1
202300008792,21,3,2023,10:00,1,1,1,31,31555,2,7,2,1,1
202300008793,31,7,2023,14:40,1,1,6,64,64188,2,3,2,1,1
202300008794,5,6,2023,10:30,1,1,4,78,78640,1,2,1,1,1
202300008795,31,12,2023,21:45,5,1,6,75,75101,2,4,2,1,1
202300008795,31,12,2023,21:45,5,1,6,75,75101,2,4,-1,1,1
202300008796,23,11,2023,14:06,1,1,3,63,63113,2,4,1,1,1
202300008796,23,11,2023,14:06,1,1,3,63,63113,2,4,4,1,1
202300008797,19,8,2023,10:30,1,1,1,64,64371,2,3,2,1,1
202300008798,22,11,2023,17:15,2,8,6,62,62083,2,4,2,1,2
202300008799,3,6,2023,18:30,1,1,3,95,95218,1,1,3,1,1
202300008800,31,12,2023,20:10,5,1,6,75,75101,2,4,2,1,1
202300008800,31,12,2023,20:10,5,1,6,75,75101,2,4,2,1,1
202300008801,21,3,2023,08:15,1,1,6,25,25056,2,4,-1,1,1
202300008802,16,8,2023,19:00,1,1,3,64,64495,2,3,2,2,1
202300008802,16,8,2023,19:00,1,1,3,64,64495,2,3,-1,2,1
202300008803,4,6,2023,01:00,3,1,2,93,93053,1,1,3,1,1
202300008804,3,11,2023,19:45,5,1,6,62,62498,2,3,2,1,1
202300008804,3,11,2023,19:45,5,1,6,62,62498,2,3,2,1,1
202300008805,21,3,2023,16:00,1,1,6,24,24037,1,9,-1,1,1
202300008806,31,12,2023,22:45,5,1,3,92,92004,2,3,1,1,1
202300008806,31,12,2023,22:45,5,1,3,92,92004,2,3,1,1,1
202300008807,3,6,2023,01:40,3,1,6,95,95277,1,1,1,2,1
202300008808,23,11,2023,07:20,3,1,6,62,62193,2,4,1,1,1
202300008809,21,3,2023,10:50,1,1,6,13,13215,2,4,3,1,1
202300008810,17,8,2023,09:05,1,1,4,64,64516,1,3,2,2,1
202300008811,23,11,2023,11:40,1,1,2,62,62764,2,3,-1,1,1
202300008812,5,6,2023,17:15,1,1,5,94,94028,1,1,1,1,1
202300008813,19,8,2023,16:45,1,7,3,73,73059,1,3,2,2,1
202300008813,19,8,2023,16:45,1,7,3,73,73059,1,3,2,2,1
202300008814,10,7,2023,10:50,1,1,1,18,18029,1,3,2,1,1
202300008814,10,7,2023,10:50,1,1,1,18,18029,1,3,2,1,1
202300008815,11,7,2023,03:02,3,1,6,60,60682,1,1,3,1,1
202300008816,17,8,2023,07:55,1,1,3,73,73010,2,3,2,1,1
202300008816,17,8,2023,07:55,1,1,3,73,73010,2,3,2,2,1
202300008817,21,1,2023,20:00,3,1,1,05,05061,1,3,2,1,7
202300008818,23,11,2023,13:55,1,1,3,61,61006,2,3,2,1,1
202300008818,23,11,2023,13:55,1,1,3,61,61006,2,3,1,1,1
202300008819,13,12,2023,12:15,1,1,6,31,31157,2,7,2,1,1
202300008820,20,3,2023,17:19,1,1,3,03,03101,1,3,2,2,1
202300008820,20,3,2023,17:19,1,1,3,03,03101,1,3,2,1,1
202300008821,18,8,2023,15:50,1,1,7,18,18148,1,3,-1,1,1
202300008822,22,11,2023,21:35,5,1,3,59,59041,2,3,2,2,1
202300008822,22,11,2023,21:35,5,1,3,59,59041,2,3,2,1,1
202300008823,30,12,2023,19:40,5,8,6,62,62908,2,3,2,1,1
202300008823,30,12,2023,19:40,5,8,6,62,62908,2,3,2,1,1
202300008824,21,8,2023,15:15,1,7,1,18,18031,2,3,2,1,1
202300008825,21,3,2023,17:25,1,1,2,75,75113,2,4,-1,1,1
202300008826,9,7,2023,21:00,3,1,3,973,97313,2,3,2,1,1
202300008827,3,6,2023,09:20,1,1,3,988,98818,2,4,2,4,1
202300008828,30,12,2023,15:30,1,1,6,51,51432,2,4,2,1,1
202300008829,23,11,2023,08:00,2,1,6,59,59507,2,4,2,1,1
202300008830,19,8,2023,12:15,1,1,6,43,43032,1,3,2,2,1
202300008831,9,7,2023,17:00,1,1,1,971,97129,2,3,2,3,1
202300008832,23,11,2023,21:43,3,8,7,57,57463,1,7,3,1,2
202300008833,19,8,2023,09:30,1,1,7,43,43215,1,2,2,1,1
202300008834,4,6,2023,11:30,1,1,2,974,97416,2,4,2,2,1
202300008835,21,3,2023,15:40,1,1,5,75,75113,2,4,1,1,1
202300008836,31,12,2023,13:00,1,2,1,22,22232,1,3,2,1,2
202300008837,14,8,2023,22:00,2,1,7,36,36178,1,3,2,1,1
202300008838,11,7,2023,13:30,1,1,3,978,97801,2,4,-1,1,1
202300008838,11,7,2023,13:30,1,1,3,978,97801,2,4,2,1,1
202300008839,22,11,2023,17:24,5,1,6,57,57283,2,4,2,1,1
202300008840,30,12,2023,16:30,1,2,2,29,29199,1,3,2,1,2
202300008841,20,3,2023,19:30,4,1,2,75,75119,2,4,1,1,1
202300008842,21,8,2023,11:40,1,1,7,36,36003,2,4,1,1,9
202300008843,3,6,2023,20:20,5,1,1,974,97416,2,4,2,1,1
202300008843,3,6,2023,20:20,5,1,1,974,97416,2,4,2,1,1
202300008844,10,7,2023,07:15,1,1,3,13,13087,1,3,2,1,1
202300008845,31,12,2023,15:55,1,8,7,84,84050,1,3,2,1,2
202300008846,19,8,2023,16:57,1,7,6,36,36021,1,3,2,1,1
202300008847,11,7,2023,10:20,1,1,1,77,77318,1,3,2,1,1
202300008848,4,6,2023,05:08,5,2,1,973,97302,2,3,2,1,2
202300008849,22,11,2023,20:50,5,1,1,54,54304,2,4,2,1,1
202300008849,22,11,2023,20:50,5,1,1,54,54304,2,4,2,1,1
202300008849,22,11,2023,20:50,5,1,1,54,54304,2,4,2,1,1
202300008850,20,3,2023,18:00,2,1,3,75,75116,2,4,1,1,1
202300008851,15,8,2023,18:20,1,1,3,36,36171,2,3,2,2,1
202300008852,9,7,2023,17:35,1,1,2,2B,2B350,1,2,2,2,1
202300008853,22,11,2023,08:25,1,1,3,54,54304,2,4,2,1,1
202300008853,22,11,2023,08:25,1,1,3,54,54304,2,4,1,4,1
202300008854,29,12,2023,20:15,5,1,1,01,01093,2,3,2,1,1
202300008854,29,12,2023,20:15,5,1,1,01,01093,2,3,2,1,1
202300008855,21,3,2023,05:15,5,2,3,75,75118,2,4,1,1,2
202300008855,21,3,2023,05:15,5,2,3,75,75118,2,4,1,2,2
202300008856,3,6,2023,10:35,1,1,4,973,97302,2,3,2,1,1
202300008857,10,7,2023,11:23,1,7,6,66,66065,2,3,2,1,1
202300008858,20,8,2023,06:35,2,1,1,16,16205,1,3,2,3,1
202300008859,29,12,2023,16:00,1,1,1,66,66205,1,3,2,1,1
202300008860,23,11,2023,21:00,5,1,1,51,51454,2,4,2,1,1
202300008861,4,6,2023,02:15,5,2,3,69,69383,2,4,2,1,2
202300008861,4,6,2023,02:15,5,2,3,69,69383,2,4,2,1,2
202300008862,11,7,2023,10:10,1,1,3,11,11433,1,3,2,2,1
202300008862,11,7,2023,10:10,1,1,3,11,11433,1,3,2,1,1
202300008863,21,3,2023,19:50,5,1,4,75,75117,2,4,1,1,1
202300008864,31,12,2023,17:35,3,2,6,54,54455,1,4,2,2,2
202300008865,20,8,2023,16:15,1,1,6,53,53147,2,4,-1,2,1
202300008865,20,8,2023,16:15,1,1,6,53,53147,2,4,2,2,1
202300008866,6,7,2023,15:00,1,7,3,84,84129,2,3,1,2,1
202300008867,31,12,2023,00:43,3,1,6,07,07334,1,3,2,1,1
202300008868,22,11,2023,15:50,1,1,3,51,51454,1,4,1,1,1
202300008869,4,6,2023,14:25,1,1,3,972,97209,1,4,-1,1,1
202300008869,4,6,2023,14:25,1,1,3,972,97209,1,4,-1,1,1
202300008870,21,3,2023,18:30,5,1,3,75,75116,2,4,-1,1,1
202300008870,21,3,2023,18:30,5,1,3,75,75116,2,4,1,1,1
202300008871,10,7,2023,16:50,1,1,3,06,06099,1,3,2,2,1
202300008872,31,12,2023,13:40,1,2,7,07,07199,1,3,2,1,2
202300008873,19,8,2023,12:10,1,1,3,53,53086,1,3,2,1,1
202300008873,19,8,2023,12:10,1,1,3,53,53086,1,3,2,2,1
202300008874,10,7,2023,18:15,1,1,6,05,05081,1,3,2,1,1
202300008875,4,6,2023,20:25,2,1,3,91,91477,1,3,2,1,1
202300008876,11,12,2023,05:20,4,1,6,78,78356,1,3,3,1,1
202300008877,18,8,2023,14:16,1,1,7,53,53015,1,4,2,3,1
202300008878,22,11,2023,07:55,1,1,3,51,51454,2,4,2,1,1
202300008878,22,11,2023,07:55,1,1,3,51,51454,2,4,2,1,1
202300008879,9,7,2023,09:30,1,1,7,05,05126,1,3,2,2,1
202300008880,21,3,2023,18:30,1,1,5,75,75112,2,4,2,1,1
202300008881,20,8,2023,10:30,1,1,7,21,21695,2,4,2,2,1
202300008882,29,12,2023,11:50,1,8,6,71,71176,2,4,-1,1,9
202300008882,29,12,2023,11:50,1,8,6,71,71176,2,4,2,1,1
202300008883,4,6,2023,23:00,4,1,1,91,91687,2,3,3,1,1
202300008884,11,7,2023,14:55,1,1,2,04,04195,1,3,2,1,1
202300008885,21,8,2023,06:46,1,1,6,21,21247,1,3,3,1,1
202300008886,21,3,2023,11:30,1,1,6,75,75112,2,4,2,1,1
202300008887,23,11,2023,09:55,1,8,3,37,37261,2,4,2,1,2
202300008888,30,12,2023,01:15,5,1,3,68,68154,2,3,-1,1,1
202300008888,30,12,2023,01:15,5,1,3,68,68154,2,3,2,1,1
202300008889,11,7,2023,16:25,1,1,1,21,21106,2,7,2,3,1
202300008889,11,7,2023,16:25,1,1,1,21,21106,2,7,-1,3,1
202300008890,4,6,2023,17:15,1,2,6,84,84087,2,4,-1,1,2
202300008891,20,3,2023,17:30,1,1,6,75,75104,2,4,1,1,1
202300008891,20,3,2023,17:30,1,1,6,75,75104,2,4,2,1,1
202300008892,20,8,2023,18:00,1,1,1,21,21284,1,3,2,2,1
202300008893,23,11,2023,16:15,1,8,6,35,35238,2,4,2,2,1
202300008894,11,7,2023,10:30,1,1,7,54,54429,1,3,2,1,1
202300008895,12,12,2023,12:00,1,1,1,67,67098,2,3,2,1,2
202300008895,12,12,2023,12:00,1,1,1,67,67098,2,3,2,4,2
202300008896,3,6,2023,18:00,1,1,3,83,83129,2,4,2,1,1
202300008897,21,8,2023,11:30,1,1,1,40,40022,1,3,2,1,1
202300008898,11,7,2023,07:15,1,1,3,63,63204,1,3,2,1,1
202300008899,23,11,2023,16:30,2,1,1,34,34172,2,4,2,1,1
202300008899,23,11,2023,16:30,2,1,1,34,34172,2,4,2,1,1
202300008900,21,3,2023,17:00,1,1,2,94,94081,2,3,3,1,1
202300008900,21,3,2023,17:00,1,1,2,94,94081,2,3,3,1,1
202300008901,17,11,2023,12:00,1,2,6,67,67348,2,4,2,1,2
202300008902,10,8,2023,09:37,1,1,6,40,40326,2,4,2,1,1
202300008903,10,7,2023,14:00,1,1,6,73,73232,2,3,2,1,1
202300008904,4,6,2023,08:50,1,1,3,83,83123,1,4,2,1,1
202300008904,4,6,2023,08:50,1,1,3,83,83123,1,4,2,2,1
202300008905,28,12,2023,17:40,5,8,6,27,27016,2,3,2,1,1
202300008905,28,12,2023,17:40,5,8,6,27,27016,2,3,1,1,1
202300008906,20,3,2023,23:45,5,2,2,94,94081,2,4,1,2,2
202300008907,23,11,2023,13:40,1,1,3,31,31555,2,4,2,1,1
202300008908,20,8,2023,15:05,1,1,2,04,04178,1,3,2,2,1
202300008909,11,7,2023,12:36,1,1,3,73,73179,2,4,2,1,1
202300008909,11,7,2023,12:36,1,1,3,73,73179,2,4,2,1,1
202300008910,24,12,2023,19:40,5,1,6,13,13210,1,1,1,1,1
202300008911,3,6,2023,11:35,1,1,6,83,83009,2,4,-1,1,1
202300008912,19,11,2023,13:30,1,1,6,31,31555,2,4,2,1,1
202300008913,21,3,2023,17:25,1,1,6,94,94078,2,3,2,1,1
202300008913,21,3,2023,17:25,1,1,6,94,94078,2,3,1,4,1
202300008914,8,7,2023,05:50,2,1,3,01,01249,2,3,2,2,1
202300008915,18,8,2023,20:37,2,1,6,04,04045,2,4,2,1,1
202300008915,18,8,2023,20:37,2,1,6,04,04045,2,4,2,2,1
202300008916,14,8,2023,15:50,1,1,3,38,38563,2,3,4,2,1
202300008916,14,8,2023,15:50,1,1,3,38,38563,2,3,4,2,1
202300008917,22,11,2023,08:20,1,1,6,29,29019,2,4,2,1,1
202300008917,22,11,2023,08:20,1,1,6,29,29019,2,4,2,1,1
202300008918,21,3,2023,15:00,1,1,2,94,94078,2,3,2,1,1
202300008919,16,8,2023,12:30,1,7,3,85,85234,2,4,2,1,1
202300008920,10,7,2023,13:45,1,1,3,81,81271,2,4,2,1,1
202300008920,10,7,2023,13:45,1,1,3,81,81271,2,4,2,1,1
202300008921,3,6,2023,02:10,5,1,3,81,81065,2,4,4,1,1
202300008921,3,6,2023,02:10,5,1,3,81,81065,2,4,2,1,1
202300008922,22,11,2023,18:20,3,1,6,27,27681,1,3,2,2,1
202300008923,17,9,2023,19:30,3,1,1,38,38225,1,3,2,1,1
202300008924,3,7,2023,16:45,1,1,7,81,81099,2,4,2,1,1
202300008925,16,8,2023,22:34,3,1,6,27,27156,1,3,2,1,1
202300008926,21,3,2023,00:10,5,1,2,94,94065,1,2,3,1,1
202300008927,3,6,2023,19:40,1,1,6,78,78517,2,4,2,1,1
202300008928,9,7,2023,06:50,1,1,1,17,17460,1,3,2,1,1
202300008929,23,11,2023,19:35,5,1,6,27,27229,2,4,2,1,1
202300008930,14,8,2023,13:51,1,1,6,27,27198,1,3,3,1,1
202300008931,6,9,2023,07:50,1,1,6,38,38563,2,4,1,1,1
202300008931,6,9,2023,07:50,1,1,6,38,38563,2,4,2,1,1
202300008932,10,7,2023,14:45,1,1,3,17,17225,1,3,2,1,1
202300008933,23,11,2023,16:15,1,1,6,26,26198,1,4,2,1,1
202300008934,21,3,2023,07:52,1,2,5,94,94073,2,3,4,1,2
202300008935,11,7,2023,08:20,1,1,1,17,17207,1,3,2,1,1
202300008935,11,7,2023,08:20,1,1,1,17,17207,1,3,2,1,1
202300008936,4,6,2023,15:30,1,7,6,77,77373,2,4,2,1,1
202300008937,18,8,2023,16:00,1,1,2,28,28008,1,3,2,2,1
202300008938,2,9,2023,11:00,1,1,3,38,38563,2,4,2,2,1
202300008938,2,9,2023,11:00,1,1,3,38,38563,2,4,2,1,1
202300008939,23,11,2023,10:00,1,1,6,25,25056,2,4,2,2,1
202300008939,23,11,2023,10:00,1,1,6,25,25056,2,4,2,1,1
202300008940,10,7,2023,17:50,1,1,3,86,86115,2,3,3,2,1
202300008940,10,7,2023,17:50,1,1,3,86,86115,2,3,2,1,1
202300008941,20,8,2023,11:20,1,1,3,17,17466,1,3,2,1,1
202300008942,4,6,2023,16:30,1,7,6,77,77371,2,4,1,1,1
202300008943,21,3,2023,09:20,1,2,3,94,94002,2,4,1,1,2
202300008944,23,9,2023,03:15,3,1,3,29,29165,1,3,2,1,1
202300008944,23,9,2023,03:15,3,1,3,29,29165,1,3,2,1,1
202300008945,23,11,2023,08:30,1,1,6,25,25056,2,3,1,2,1
202300008945,23,11,2023,08:30,1,1,6,25,25056,2,3,1,3,1
202300008946,8,7,2023,10:40,1,1,1,85,85035,2,4,2,2,1
202300008947,17,8,2023,16:50,1,1,7,87,87117,2,3,2,2,1
202300008948,21,3,2023,20:30,5,1,6,93,93039,2,3,2,1,1
202300008949,4,6,2023,10:00,1,1,1,72,72003,2,4,2,1,1
202300008950,17,8,2023,10:25,1,1,3,37,37050,2,4,2,1,1
202300008951,9,6,2023,07:40,1,2,1,22,22136,1,3,2,4,2
202300008952,23,11,2023,08:39,1,8,3,14,14536,1,3,2,1,2
202300008953,11,7,2023,15:15,1,2,5,29,29001,1,3,2,1,2
202300008954,3,6,2023,15:12,1,1,3,69,69256,2,4,2,1,1
202300008954,3,6,2023,15:12,1,1,3,69,69256,2,4,2,1,1
202300008955,21,3,2023,19:00,5,1,3,93,93066,2,4,2,1,1
202300008955,21,3,2023,19:00,5,1,3,93,93066,2,4,2,1,1
202300008956,20,8,2023,02:30,5,1,6,30,30033,2,4,2,2,1
202300008957,7,7,2023,14:00,1,1,7,22,22162,2,4,1,3,1
202300008958,23,11,2023,07:50,1,1,2,13,13208,2,4,2,1,1
202300008959,31,12,2023,13:15,1,1,1,974,97407,2,4,2,1,1
202300008959,31,12,2023,13:15,1,1,1,974,97407,2,4,1,1,1
202300008960,3,6,2023,16:20,1,1,3,64,64483,2,4,2,1,1
202300008961,16,8,2023,03:20,5,1,6,30,30037,2,3,2,1,1
202300008962,22,11,2023,17:15,5,1,6,13,13204,2,4,2,1,1
202300008963,21,3,2023,15:00,1,1,1,93,93048,2,3,2,1,1
202300008963,21,3,2023,15:00,1,1,1,93,93048,2,3,1,1,1
202300008964,31,12,2023,21:57,3,1,2,973,97302,1,3,2,1,1
202300008965,4,6,2023,12:00,1,1,6,59,59332,2,7,-1,1,1
202300008966,8,7,2023,11:50,1,1,5,59,59557,1,1,1,1,1
202300008967,19,8,2023,01:20,3,1,3,30,30248,1,3,2,1,1
202300008967,19,8,2023,01:20,3,1,3,30,30248,1,3,2,1,1
202300008968,31,12,2023,01:39,3,1,7,2B,2B033,1,4,-1,2,1
202300008969,21,3,2023,18:20,1,1,3,93,93006,2,4,2,2,1
202300008970,10,7,2023,21:15,2,1,6,75,75114,1,1,-1,1,1
202300008971,22,11,2023,11:50,1,7,2,10,10357,2,3,1,1,1
202300008972,31,12,2023,17:00,1,1,7,971,97101,1,3,2,2,1
202300008973,4,6,2023,17:35,1,1,7,59,59636,2,4,2,1,1
202300008974,21,3,2023,20:00,5,1,6,93,93079,2,4,2,1,1
202300008975,17,8,2023,16:20,1,7,1,48,48065,1,3,2,2,1
202300008976,13,10,2023,16:17,1,1,6,06,06069,2,4,2,2,1
202300008977,31,12,2023,05:50,2,1,2,971,97101,1,2,1,1,1
202300008978,10,7,2023,17:05,1,1,4,91,91228,1,1,1,1,1
202300008979,20,3,2023,17:05,1,1,6,93,93057,2,3,3,1,1
202300008980,4,6,2023,12:00,1,1,3,54,54431,1,9,2,1,1
202300008981,19,8,2023,03:50,3,1,6,48,48070,1,3,2,1,1
202300008982,31,12,2023,02:50,5,1,7,971,97113,1,4,3,1,9
202300008983,21,11,2023,10:20,1,1,6,06,06069,2,4,2,1,1
202300008984,10,7,2023,19:00,1,1,2,91,91161,1,1,1,1,1
202300008985,31,12,2023,14:57,1,1,3,2A,2A004,2,4,-1,1,1
202300008986,16,8,2023,11:30,1,1,3,08,08218,1,3,2,3,1
202300008987,22,11,2023,09:35,1,1,6,06,06027,2,7,2,1,1
202300008988,21,3,2023,16:25,1,1,3,92,92033,2,4,2,2,1
202300008988,21,3,2023,16:25,1,1,3,92,92033,2,4,2,2,1
202300008989,10,7,2023,16:40,1,1,2,91,91377,2,3,3,1,1
202300008989,10,7,2023,16:40,1,1,2,91,91377,2,3,3,1,1
202300008990,20,8,2023,17:30,1,1,7,88,88426,2,3,2,2,1
202300008991,30,12,2023,17:55,2,1,3,95,95280,2,3,2,2,1
202300008992,21,3,2023,02:40,3,1,6,92,92051,2,2,1,1,1
202300008993,23,11,2023,11:30,1,1,6,06,06004,1,3,1,2,1
202300008994,10,7,2023,18:30,1,1,3,91,91286,1,1,1,1,1
202300008995,16,8,2023,12:15,1,1,2,68,68252,1,3,1,1,1
202300008996,31,12,2023,18:20,5,1,6,95,95428,2,3,2,1,1
202300008997,21,3,2023,07:06,1,2,6,92,92050,2,4,2,1,2
202300008997,21,3,2023,07:06,1,2,6,92,92050,2,4,2,2,2
202300008998,22,11,2023,18:30,5,1,4,05,05061,2,2,2,1,1
202300008999,9,7,2023,12:03,1,2,5,78,78498,1,1,3,2,2
202300009000,20,8,2023,13:38,1,1,6,10,10240,1,1,2,1,1
202300009001,30,12,2023,11:35,1,7,6,84,84087,2,3,2,1,1
202300009002,8,7,2023,19:17,1,1,3,78,78498,1,1,-1,2,1
202300009003,22,11,2023,07:44,1,1,6,05,05061,2,4,3,1,1
202300009004,18,8,2023,17:10,1,1,7,24,24086,1,3,2,1,1
202300009005,21,3,2023,17:15,1,1,3,92,92026,2,3,2,1,1
202300009006,8,7,2023,01:50,3,1,6,78,78322,1,2,1,2,1
202300009007,31,12,2023,18:40,5,1,1,83,83034,2,3,2,2,1
202300009007,31,12,2023,18:40,5,1,1,83,83034,2,3,2,1,1
202300009008,20,11,2023,18:30,5,2,6,03,03310,2,3,2,1,2
202300009009,10,7,2023,02:43,3,1,1,95,95572,1,1,1,2,1
202300009010,21,8,2023,04:51,3,1,7,45,45036,1,1,3,1,1
202300009011,20,3,2023,07:40,1,1,6,92,92025,2,3,2,1,1
202300009012,30,12,2023,09:45,1,1,3,83,83069,2,4,2,4,1
202300009013,10,7,2023,09:15,1,1,2,94,94069,1,1,1,2,1
202300009014,19,8,2023,11:30,1,1,2,03,03104,1,1,3,1,1
202300009015,23,11,2023,17:45,2,1,3,75,75117,2,4,1,1,1
202300009016,21,3,2023,11:05,1,1,6,92,92019,2,4,2,2,1
202300009017,20,8,2023,13:45,1,1,6,65,65389,1,1,3,1,1
202300009018,31,12,2023,07:55,2,2,3,78,78502,2,2,1,2,2
202300009018,31,12,2023,07:55,2,2,3,78,78502,2,2,2,2,2