id_accident,jour,mois,annee,heure_minute,luminosite,meteo,type_collision,departement,commune,agglomeration,categorie_route,regime_circulation,profil_route,etat_surface
202300009019,21,3,2023,06:35,2,2,1,92,92019,2,3,2,2,2
202300009020,23,11,2023,08:20,1,2,4,75,75115,2,4,1,1,2
202300009021,31,12,2023,19:45,3,1,1,78,78015,1,3,2,1,1
202300009022,21,3,2023,07:05,2,1,3,92,92004,2,3,1,1,1
202300009022,21,3,2023,07:05,2,1,3,92,92004,2,3,2,1,1
202300009023,20,8,2023,18:55,1,1,4,18,18148,1,1,3,1,1
202300009024,21,3,2023,05:10,5,2,6,92,92014,2,3,1,2,2
202300009025,29,12,2023,09:27,1,1,2,77,77132,2,4,2,1,1
202300009026,22,11,2023,22:40,5,1,6,75,75113,2,4,1,1,1
202300009027,20,8,2023,06:07,2,5,6,35,35353,1,3,1,1,1
202300009028,31,12,2023,23:15,5,1,1,77,77464,2,3,2,2,2
202300009029,22,3,2023,06:10,2,1,1,06,06114,2,4,2,1,1
202300009030,16,8,2023,04:00,5,1,7,78,78455,2,3,3,1,1
202300009031,22,3,2023,15:50,1,7,2,83,83148,1,1,3,1,1
202300009032,30,12,2023,20:15,5,1,1,76,76259,2,4,2,1,1
202300009032,30,12,2023,20:15,5,1,1,76,76259,2,4,2,1,1
202300009033,22,3,2023,11:30,1,8,6,28,28103,2,4,-1,1,1
202300009034,17,8,2023,20:15,1,1,5,34,34153,1,3,2,1,1
202300009035,31,12,2023,17:00,1,1,3,72,72181,2,4,2,1,1
202300009035,31,12,2023,17:00,1,1,3,72,72181,2,4,2,1,1
202300009036,21,3,2023,22:00,3,1,1,972,97222,1,3,2,2,1
202300009037,18,8,2023,21:00,3,1,2,06,06152,1,3,1,1,1
202300009038,31,12,2023,18:30,5,1,3,66,66136,2,3,2,1,1
202300009038,31,12,2023,18:30,5,1,3,66,66136,2,3,3,1,1
202300009039,19,8,2023,11:30,1,1,3,06,06152,1,3,2,2,1
202300009040,14,3,2023,14:55,1,1,6,974,97414,1,2,2,1,1
202300009041,26,12,2023,17:40,5,1,2,62,62197,2,3,2,1,1
202300009042,22,3,2023,06:00,3,8,7,44,44051,1,2,3,1,2
202300009043,19,8,2023,16:15,1,1,7,66,66195,1,4,2,1,1
202300009044,31,12,2023,15:15,1,2,6,62,62510,2,3,1,4,2
202300009045,21,3,2023,13:23,1,1,6,47,47233,2,3,2,1,1
202300009046,12,8,2023,19:20,1,1,7,90,90076,1,1,1,1,1
202300009047,30,12,2023,11:40,1,1,3,59,59220,2,4,-1,1,1
202300009048,21,3,2023,11:15,1,2,5,95,95026,1,3,2,1,2
202300009049,20,8,2023,21:20,3,1,3,06,06088,1,1,3,2,1
202300009050,31,12,2023,14:40,1,1,3,56,56260,2,4,2,1,1
202300009051,22,3,2023,13:00,1,2,3,76,76315,1,3,2,1,2
202300009051,22,3,2023,13:00,1,2,3,76,76315,1,3,2,1,2
202300009052,19,8,2023,15:20,1,1,2,06,06088,1,1,3,1,1
202300009053,31,12,2023,20:10,5,2,3,47,47001,2,4,2,1,2
202300009054,22,3,2023,13:00,1,1,6,2A,2A139,2,4,-1,2,1
202300009055,20,8,2023,21:00,2,1,2,86,86066,1,1,3,1,1
202300009056,22,3,2023,15:30,1,1,3,2B,2B123,2,3,2,1,1
202300009056,22,3,2023,15:30,1,1,3,2B,2B123,2,3,2,-1,-1
202300009057,31,12,2023,18:45,5,1,1,47,47001,2,3,2,1,1
202300009057,31,12,2023,18:45,5,1,1,47,47001,2,3,2,1,1
202300009058,17,8,2023,20:00,2,1,7,38,38375,2,3,2,2,1
202300009059,31,12,2023,18:30,5,1,3,45,45234,2,4,1,1,2
202300009059,31,12,2023,18:30,5,1,3,45,45234,2,4,1,1,2
202300009060,21,3,2023,17:50,1,7,3,65,65375,1,3,2,1,1
202300009060,21,3,2023,17:50,1,7,3,65,65375,1,3,2,1,1
202300009061,19,8,2023,02:45,3,1,3,64,64545,1,1,3,1,1
202300009062,21,3,2023,15:10,1,1,3,12,12154,1,3,2,1,1
202300009062,21,3,2023,15:10,1,1,3,12,12154,1,3,2,1,1
202300009063,21,8,2023,14:45,1,1,3,14,14218,1,1,3,1,1
202300009064,31,12,2023,17:25,2,2,5,37,37233,2,3,2,1,2
202300009064,31,12,2023,17:25,2,2,5,37,37233,2,3,2,1,2
202300009064,31,12,2023,17:25,2,2,5,37,37233,2,3,2,1,2
202300009065,21,3,2023,18:45,2,8,7,41,41059,2,3,2,1,2
202300009066,31,12,2023,03:15,5,2,6,35,35238,2,4,3,1,2
202300009066,31,12,2023,03:15,5,2,6,35,35238,2,4,2,1,2
202300009067,19,3,2023,10:00,1,1,6,86,86023,1,3,2,2,1
202300009068,17,8,2023,17:45,1,1,1,13,13032,1,3,2,1,1
202300009068,17,8,2023,17:45,1,1,1,13,13032,1,3,2,2,1
202300009069,21,3,2023,13:00,1,1,1,86,86160,2,4,2,1,1
202300009070,29,12,2023,13:30,1,8,3,22,22113,2,4,1,1,1
202300009070,29,12,2023,13:30,1,8,3,22,22113,2,4,2,1,1
202300009071,20,8,2023,06:10,2,1,2,38,38193,1,1,3,1,1
202300009072,31,12,2023,13:11,1,2,3,06,06088,2,7,2,2,2
202300009072,31,12,2023,13:11,1,2,3,06,06088,2,7,1,1,2
202300009073,31,12,2023,15:00,1,1,2,75,75106,2,4,1,1,1
202300009073,31,12,2023,15:00,1,1,2,75,75106,2,4,2,1,1
202300009074,14,3,2023,17:50,1,1,3,68,68126,1,3,2,1,1
202300009075,20,8,2023,08:30,1,1,1,13,13105,1,1,3,1,1
202300009076,30,12,2023,23:30,5,1,6,75,75120,2,4,2,2,1
202300009077,20,1,2023,23:00,3,4,7,68,68107,1,3,2,1,5
202300009078,8,8,2023,21:35,5,1,2,13,13051,1,1,2,1,1
202300009079,31,12,2023,16:00,1,1,6,75,75118,2,4,3,1,1
202300009079,31,12,2023,16:00,1,1,6,75,75118,2,4,1,1,1
202300009080,22,3,2023,08:10,1,2,1,44,44064,1,3,2,1,2
202300009081,20,8,2023,07:40,1,1,6,78,78564,1,1,3,1,1
202300009082,31,12,2023,11:30,1,1,3,75,75118,2,4,-1,1,1
202300009082,31,12,2023,11:30,1,1,3,75,75118,2,4,-1,2,1
202300009083,18,3,2023,19:40,3,1,6,29,29212,2,4,1,1,1
202300009084,18,8,2023,08:45,1,1,6,91,91017,1,1,3,2,1
202300009085,31,12,2023,04:45,5,3,6,75,75111,2,4,1,1,2
202300009085,31,12,2023,04:45,5,3,6,75,75111,2,4,2,1,2
202300009086,22,3,2023,16:25,1,1,6,06,06079,2,4,2,2,1
202300009087,18,8,2023,21:30,3,1,7,988,98815,1,4,2,3,1
202300009088,31,12,2023,14:00,1,1,3,75,75111,2,4,1,1,1
202300009088,31,12,2023,14:00,1,1,3,75,75111,2,4,2,1,1
202300009089,21,3,2023,15:15,1,1,2,60,60560,1,3,2,1,1
202300009089,21,3,2023,15:15,1,1,2,60,60560,1,3,2,1,1
202300009090,19,8,2023,08:30,1,1,6,988,98809,2,4,2,2,1
202300009091,31,12,2023,17:10,2,1,2,75,75110,2,4,1,1,2
202300009091,31,12,2023,17:10,2,1,2,75,75110,2,4,1,1,1
202300009092,17,8,2023,17:30,2,1,7,986,98613,2,2,2,2,1
202300009093,3,3,2023,13:45,1,1,1,45,45322,1,3,2,1,1
202300009094,14,8,2023,18:30,2,1,6,971,97117,2,2,2,2,1
202300009095,18,3,2023,05:50,3,1,7,64,64317,1,3,2,1,1
202300009096,31,12,2023,14:30,1,1,3,75,75107,2,4,1,1,1
202300009096,31,12,2023,14:30,1,1,3,75,75107,2,4,1,1,1
202300009097,6,8,2023,04:25,3,1,6,971,97126,1,3,2,1,2
202300009098,22,3,2023,15:00,1,1,6,16,16070,2,4,2,2,1
202300009099,31,12,2023,13:30,1,1,6,94,94074,2,4,2,2,1
202300009100,22,3,2023,06:45,2,1,7,30,30336,1,3,2,1,1
202300009101,16,8,2023,14:40,1,1,6,971,97115,1,2,2,1,1
202300009102,31,12,2023,13:35,1,1,6,94,94028,2,4,1,1,1
202300009103,20,8,2023,12:45,1,1,1,33,33527,1,3,2,1,1
202300009104,22,3,2023,11:00,1,1,3,68,68321,2,3,2,1,1
202300009105,31,12,2023,12:08,1,1,2,93,93078,2,3,3,1,1
202300009106,22,3,2023,07:15,1,7,6,13,13069,2,3,2,1,1
202300009107,19,8,2023,09:00,1,1,3,33,33527,2,3,2,1,1
202300009107,19,8,2023,09:00,1,1,3,33,33527,2,3,2,1,1
202300009108,31,12,2023,18:15,4,1,3,92,92050,2,4,2,1,1
202300009108,31,12,2023,18:15,4,1,3,92,92050,2,4,1,1,1
202300009109,21,3,2023,16:30,1,1,2,06,06085,2,3,2,1,1
202300009110,18,8,2023,19:40,1,1,3,33,33199,2,4,2,1,1
202300009110,18,8,2023,19:40,1,1,3,33,33199,2,4,2,1,1
202300009111,21,3,2023,16:45,1,1,6,21,21684,1,1,1,1,1
202300009112,31,12,2023,20:42,5,1,6,92,92012,2,3,1,1,1
202300009112,31,12,2023,20:42,5,1,6,92,92012,2,3,2,1,1
202300009113,20,8,2023,06:45,2,1,1,13,13033,1,3,2,1,1
202300009114,22,3,2023,20:30,4,1,6,13,13114,1,3,2,1,1
202300009114,22,3,2023,20:30,4,1,6,13,13114,1,3,2,1,1
202300009115,20,8,2023,18:15,1,1,7,77,77453,1,3,2,1,9
202300009116,31,12,2023,17:00,1,4,7,63,63189,1,3,2,1,5
202300009117,31,12,2023,18:45,3,1,7,67,67478,1,3,2,2,2
202300009118,17,8,2023,19:37,1,1,3,77,77252,1,3,2,1,1
202300009118,17,8,2023,19:37,1,1,3,77,77252,1,3,-1,1,1
202300009119,22,3,2023,10:45,1,1,1,69,69118,2,3,2,1,1
202300009119,22,3,2023,10:45,1,1,1,69,69118,2,3,2,1,1
202300009120,31,12,2023,23:25,3,6,6,54,54476,1,3,2,1,2
202300009121,20,3,2023,15:20,1,1,3,33,33496,2,3,2,1,1
202300009122,17,8,2023,11:30,1,1,3,77,77175,1,3,2,1,1
202300009122,17,8,2023,11:30,1,1,3,77,77175,1,3,-1,1,-1
202300009123,31,12,2023,15:50,1,2,6,87,87201,1,2,3,1,2
202300009124,19,8,2023,02:59,5,1,1,2B,2B079,2,2,2,1,1
202300009125,31,12,2023,17:55,5,1,2,66,66017,1,3,3,1,1
202300009126,20,8,2023,15:30,1,1,7,2B,2B042,1,3,1,1,1
202300009127,21,3,2023,22:00,3,1,6,77,77344,1,2,2,4,1
202300009127,21,3,2023,22:00,3,1,6,77,77344,1,2,2,1,1
202300009128,31,12,2023,20:12,5,2,6,44,44015,2,4,2,2,2
202300009129,22,3,2023,11:16,1,2,3,95,95141,2,3,2,2,2
202300009130,31,12,2023,18:00,3,2,3,24,24538,1,3,2,1,2
202300009131,16,8,2023,06:55,2,1,2,2B,2B355,1,2,2,2,1
202300009132,21,3,2023,07:25,1,1,1,83,83065,2,3,1,1,1
202300009133,29,6,2023,13:00,1,1,3,26,26220,1,3,2,1,1
202300009134,17,8,2023,10:40,1,1,3,2A,2A041,2,2,2,2,1
202300009135,21,8,2023,15:00,1,1,6,66,66008,1,4,2,1,1
202300009136,22,3,2023,03:15,3,1,6,54,54318,1,3,3,2,1
202300009137,30,12,2023,15:15,1,1,5,13,13212,1,1,1,2,1
202300009138,19,8,2023,23:15,3,1,6,66,66037,2,4,2,1,1
202300009138,19,8,2023,23:15,3,1,6,66,66037,2,4,-1,1,1
202300009139,31,12,2023,17:10,1,2,7,33,33249,1,2,1,1,2
202300009140,19,8,2023,05:15,2,1,6,34,34151,1,3,3,1,1
202300009141,20,1,2023,14:00,1,1,6,73,73094,1,3,2,2,7
202300009142,31,12,2023,15:10,1,1,6,75,75114,1,1,1,1,1
202300009143,18,8,2023,11:50,1,1,6,34,34344,2,4,1,1,1
202300009144,22,3,2023,17:45,1,1,6,01,01249,1,3,2,1,1
202300009144,22,3,2023,17:45,1,1,6,01,01249,1,3,2,1,1
202300009145,20,8,2023,17:30,1,1,7,34,34256,1,3,2,1,1
202300009146,30,12,2023,18:25,3,1,5,91,91340,1,1,1,1,1
202300009147,16,8,2023,19:05,1,1,6,84,84016,2,4,1,1,1
202300009148,31,12,2023,14:15,1,1,3,95,95252,1,1,3,1,1
202300009149,22,3,2023,08:15,1,1,1,69,69188,1,3,2,1,1
202300009150,16,8,2023,10:15,1,1,7,83,83127,1,3,2,1,1
202300009151,21,3,2023,18:15,1,1,3,40,40244,2,3,2,2,1
202300009151,21,3,2023,18:15,1,1,3,40,40244,2,3,-1,-1,-1
202300009152,16,8,2023,18:35,1,1,3,83,83068,1,3,2,2,1
202300009153,30,12,2023,10:15,1,1,6,976,97611,1,3,2,2,1
202300009154,19,8,2023,19:10,1,1,6,06,06070,2,3,2,1,1
202300009155,30,12,2023,06:15,1,1,6,974,97411,2,4,2,1,1
202300009156,19,8,2023,11:50,1,1,1,05,05177,1,3,2,2,1
202300009157,30,12,2023,11:40,1,1,2,973,97302,2,3,1,1,1
202300009158,21,3,2023,16:45,1,1,5,33,33535,2,3,3,1,1
202300009159,18,8,2023,21:40,5,1,3,05,05006,2,4,2,1,1
202300009160,2,3,2023,17:50,1,1,6,27,27397,2,3,2,1,1
202300009161,30,12,2023,11:10,1,1,5,69,69383,2,4,2,1,1
202300009161,30,12,2023,11:10,1,1,5,69,69383,2,4,2,1,1
202300009162,9,8,2023,12:15,1,1,3,13,13053,1,3,2,1,1
202300009162,9,8,2023,12:15,1,1,3,13,13053,1,3,2,1,1
202300009163,29,12,2023,04:20,5,1,6,972,97209,1,3,2,1,1
202300009164,9,8,2023,15:59,1,1,1,13,13086,2,3,2,1,1
202300009165,30,12,2023,20:30,5,1,3,95,95203,2,3,2,1,1
202300009165,30,12,2023,20:30,5,1,3,95,95203,2,3,2,2,1
202300009166,16,8,2023,18:50,1,1,7,13,13085,1,3,2,2,1
202300009166,16,8,2023,18:50,1,1,7,13,13085,1,3,2,1,1
202300009167,18,8,2023,21:30,3,1,2,13,13052,1,3,2,1,1
202300009168,21,3,2023,01:55,5,1,3,13,13015,1,1,-1,1,1
202300009169,14,12,2023,09:30,1,1,5,83,83123,2,3,2,1,1
202300009169,14,12,2023,09:30,1,1,5,83,83123,2,3,2,1,1
202300009170,20,9,2023,17:00,1,1,3,60,60057,2,4,2,1,1
202300009170,20,9,2023,17:00,1,1,3,60,60057,2,4,2,1,1
202300009171,19,8,2023,12:20,1,1,3,13,13074,1,3,2,1,1
202300009172,16,1,2023,23:00,5,1,2,83,83144,1,1,1,1,1
202300009173,30,12,2023,16:00,1,1,3,74,74119,1,3,2,2,1
202300009173,30,12,2023,16:00,1,1,3,74,74119,1,3,-1,2,1
202300009174,20,9,2023,18:25,1,1,6,59,59386,2,4,2,1,1
202300009175,20,3,2023,23:24,3,1,6,38,38087,1,1,3,1,1
202300009176,16,8,2023,16:30,1,1,3,13,13041,2,4,-1,1,1
202300009176,16,8,2023,16:30,1,1,3,13,13041,2,4,2,1,1
202300009177,30,12,2023,14:01,1,1,2,73,73011,2,4,2,1,1
202300009178,21,3,2023,16:15,1,1,6,33,33013,1,2,3,2,1
202300009179,20,9,2023,13:45,1,1,2,58,58194,2,4,1,1,1
202300009180,18,8,2023,11:55,1,1,2,89,89263,1,1,3,1,1
202300009181,29,12,2023,18:15,5,8,2,72,72181,2,4,-1,1,1
202300009181,29,12,2023,18:15,5,8,2,72,72181,2,4,-1,1,1
202300009182,20,3,2023,06:48,2,1,6,33,33065,1,2,3,2,1
202300009183,20,8,2023,11:00,1,1,6,68,68269,1,3,2,2,1
202300009184,19,9,2023,15:30,1,1,3,56,56098,2,4,2,1,1
202300009184,19,9,2023,15:30,1,1,3,56,56098,2,4,1,1,1
202300009185,30,12,2023,20:55,5,1,3,71,71076,2,4,2,1,1
202300009186,21,3,2023,16:40,1,1,2,78,78571,1,1,-1,2,1
202300009187,18,8,2023,20:50,2,1,6,67,67074,2,3,2,2,1
202300009188,18,9,2023,15:50,1,3,3,54,54395,2,4,1,1,2
202300009188,18,9,2023,15:50,1,3,3,54,54395,2,4,1,1,2
202300009189,29,12,2023,19:55,5,1,2,70,70550,1,3,2,1,1
202300009189,29,12,2023,19:55,5,1,2,70,70550,1,3,3,1,1
202300009189,29,12,2023,19:55,5,1,2,70,70550,1,3,1,1,1
202300009190,17,8,2023,21:50,5,1,1,88,88076,2,3,2,2,1
202300009191,21,3,2023,17:30,1,1,2,78,78431,1,1,1,1,1
202300009192,19,9,2023,15:50,1,1,6,51,51454,2,4,2,1,1
202300009193,21,8,2023,19:20,1,7,6,55,55258,1,3,2,1,1
202300009194,30,12,2023,11:15,1,1,6,66,66136,2,4,2,1,1
202300009195,20,3,2023,16:15,1,1,6,95,95042,1,2,3,1,1
202300009196,17,8,2023,18:00,1,1,6,54,54584,1,3,2,1,1
202300009197,20,3,2023,00:20,3,1,6,92,92078,1,1,1,1,1
202300009198,19,9,2023,21:20,5,1,3,49,49007,2,4,2,1,1
202300009198,19,9,2023,21:20,5,1,3,49,49007,2,4,2,1,1
202300009199,30,12,2023,23:00,5,1,3,64,64122,2,4,2,1,1
202300009199,30,12,2023,23:00,5,1,3,64,64122,2,4,2,1,1
202300009200,17,8,2023,16:35,1,1,7,57,57561,1,3,2,1,1
202300009201,19,3,2023,02:15,3,9,2,93,93064,1,1,3,1,9
202300009202,30,12,2023,17:30,2,1,6,64,64102,2,4,2,3,2
202300009202,30,12,2023,17:30,2,1,6,64,64102,2,4,2,1,2
202300009203,19,9,2023,18:20,1,1,2,49,49246,2,1,3,1,1
202300009204,14,8,2023,19:00,1,1,5,57,57159,1,3,2,1,1
202300009204,14,8,2023,19:00,1,1,5,57,57159,1,3,2,1,1
202300009205,20,9,2023,08:55,1,1,6,45,45232,2,4,1,1,1
202300009206,18,3,2023,22:10,3,1,2,93,93073,1,1,3,1,1
202300009207,30,12,2023,15:00,1,1,4,64,64102,2,4,1,4,1
202300009208,19,8,2023,18:48,1,1,3,03,03006,1,3,2,2,1
202300009209,19,9,2023,19:25,1,1,7,45,45208,2,4,2,2,1
202300009210,21,3,2023,17:15,1,1,2,93,93051,1,1,3,1,1
202300009211,17,8,2023,14:45,1,1,6,73,73232,1,3,2,2,1
202300009212,30,12,2023,04:45,5,1,6,59,59599,2,4,2,1,2
202300009213,14,9,2023,18:00,1,1,3,45,45338,2,4,2,1,1
202300009213,14,9,2023,18:00,1,1,3,45,45338,2,4,2,1,1
202300009214,18,8,2023,05:00,5,1,6,42,42147,2,4,1,1,1
202300009214,18,8,2023,05:00,5,1,6,42,42147,2,4,1,2,1
202300009215,21,3,2023,16:15,1,1,5,94,94069,1,1,1,1,1
202300009216,30,12,2023,03:25,5,1,-1,59,59508,2,7,2,1,1
202300009217,11,9,2023,16:00,1,7,6,42,42095,2,4,1,1,1
202300009218,11,7,2023,11:50,1,1,1,26,26116,2,4,2,1,1
202300009219,21,3,2023,09:40,1,1,2,94,94073,1,1,3,1,1
202300009220,30,12,2023,13:50,1,1,1,54,54274,2,4,2,1,1
202300009221,15,8,2023,21:30,3,1,6,07,07156,1,3,2,1,1
202300009222,29,12,2023,20:00,5,1,6,52,52121,2,3,2,1,1
202300009223,21,3,2023,09:25,1,1,4,94,94018,1,1,3,1,1
202300009224,20,9,2023,20:20,5,1,3,38,38421,2,2,1,1,1
202300009224,20,9,2023,20:20,5,1,3,38,38421,2,2,1,2,1
202300009225,30,12,2023,19:40,5,1,6,33,33069,2,4,2,1,1
202300009226,18,8,2023,08:40,1,1,3,69,69206,1,3,2,1,1
202300009226,18,8,2023,08:40,1,1,3,69,69206,1,3,2,1,1
202300009227,7,9,2023,10:15,1,1,6,38,38053,2,4,-1,1,1
202300009228,20,3,2023,11:10,1,1,1,93,93073,2,4,2,1,1
202300009228,20,3,2023,11:10,1,1,1,93,93073,2,4,2,1,1
202300009229,17,8,2023,14:30,1,1,1,69,69032,1,2,2,1,1
202300009230,14,9,2023,20:30,5,1,6,35,35288,2,4,3,1,1
202300009231,30,12,2023,20:20,5,1,3,31,31555,2,4,2,1,1
202300009231,30,12,2023,20:20,5,1,3,31,31555,2,4,2,1,1
202300009232,18,3,2023,07:40,2,2,6,76,76351,2,4,1,1,2
202300009233,16,8,2023,08:35,1,1,7,65,65006,1,3,2,2,1
202300009234,20,9,2023,12:10,1,1,3,33,33249,2,4,2,2,1
202300009234,20,9,2023,12:10,1,1,3,33,33249,2,4,2,1,1
202300009235,13,8,2023,12:20,1,1,3,65,65059,1,3,2,2,1
202300009236,18,3,2023,11:30,1,1,2,973,97302,2,4,2,1,1
202300009237,20,9,2023,19:45,1,1,6,31,31555,2,4,3,1,1
202300009238,17,3,2023,22:00,5,1,3,973,97302,2,3,3,1,1
202300009239,18,8,2023,14:50,1,1,6,46,46070,1,1,3,1,1
202300009240,30,12,2023,18:30,5,2,1,22,22360,2,4,2,1,2
202300009241,20,9,2023,11:57,1,1,6,31,31483,1,3,1,1,1
202300009242,20,3,2023,17:30,1,1,1,69,69383,1,4,1,1,1
202300009242,20,3,2023,17:30,1,1,1,69,69383,1,4,1,1,1
202300009243,20,9,2023,13:45,1,1,7,30,30007,2,4,2,1,1
202300009244,20,8,2023,13:30,1,1,3,31,31324,2,3,2,1,1
202300009245,20,3,2023,18:10,1,1,4,69,69383,2,4,1,1,1
202300009246,17,8,2023,18:40,1,7,4,17,17452,2,3,2,1,1
202300009247,11,8,2023,21:30,5,1,7,17,17452,2,4,2,1,1
202300009248,20,8,2023,12:54,1,1,7,27,27681,1,3,3,2,1
202300009249,20,3,2023,08:30,1,3,2,972,97213,1,2,3,2,2
202300009250,20,8,2023,08:00,1,7,2,17,17240,1,4,2,1,1
202300009251,19,3,2023,11:50,1,1,6,972,97213,1,4,2,2,1
202300009252,20,9,2023,19:47,1,1,3,27,27229,2,4,-1,1,1
202300009253,17,8,2023,21:40,3,1,6,86,86079,1,4,2,2,1
202300009253,17,8,2023,21:40,3,1,6,86,86079,1,4,2,2,1
202300009254,17,3,2023,23:30,5,1,7,972,97213,1,1,2,1,1
202300009255,20,9,2023,20:25,5,1,6,25,25056,2,4,2,2,1
202300009256,19,8,2023,11:38,1,1,6,33,33293,1,4,1,1,1
202300009257,21,3,2023,00:30,5,1,4,69,69382,2,4,1,1,1
202300009258,24,7,2023,13:30,1,1,3,33,33492,2,3,2,1,1
202300009258,24,7,2023,13:30,1,1,3,33,33492,2,3,2,1,1
202300009259,20,9,2023,12:00,1,1,3,25,25056,2,4,1,1,1
202300009259,20,9,2023,12:00,1,1,3,25,25056,2,4,2,1,1
202300009260,18,3,2023,16:30,1,1,6,69,69034,2,7,2,1,1
202300009261,17,8,2023,10:50,1,1,6,33,33284,1,3,2,1,1
202300009262,19,8,2023,19:15,1,7,3,33,33436,1,3,2,1,1
202300009263,20,3,2023,14:58,1,2,4,2A,2A004,2,4,2,2,2
202300009264,16,8,2023,18:00,1,1,6,85,85226,2,3,3,1,1
202300009265,20,9,2023,17:30,2,3,4,22,22106,2,2,2,1,2
202300009266,20,3,2023,14:00,1,1,3,2A,2A004,2,4,2,1,2
202300009267,19,8,2023,20:30,1,1,7,85,85003,1,4,2,1,1
202300009268,20,9,2023,16:14,1,2,6,22,22278,2,4,2,1,2
202300009269,20,3,2023,10:49,1,1,1,2A,2A004,2,4,2,1,2
202300009269,20,3,2023,10:49,1,1,1,2A,2A004,2,4,2,2,1
202300009270,17,3,2023,19:30,2,1,6,88,88160,2,3,3,2,1
202300009271,19,8,2023,00:00,3,1,6,49,49301,1,3,2,1,1
202300009272,19,9,2023,18:00,1,1,5,19,19031,2,4,1,1,1
202300009273,18,3,2023,20:23,5,1,7,87,87085,2,4,2,1,1
202300009273,18,3,2023,20:23,5,1,7,87,87085,2,4,2,1,1
202300009274,20,3,2023,12:15,1,1,6,85,85191,2,3,2,1,1
202300009274,20,3,2023,12:15,1,1,6,85,85191,2,3,2,1,1
202300009275,20,9,2023,12:00,1,1,3,13,13103,2,4,2,4,1
202300009275,20,9,2023,12:00,1,1,3,13,13103,2,4,2,1,1
202300009276,20,3,2023,19:32,5,1,2,79,79191,2,4,2,1,1
202300009276,20,3,2023,19:32,5,1,2,79,79191,2,4,1,1,1
202300009277,20,9,2023,21:07,5,2,2,13,13211,2,4,2,1,2
202300009277,20,9,2023,21:07,5,2,2,13,13211,2,4,1,1,2
202300009278,16,3,2023,08:10,1,1,3,73,73011,2,4,1,1,1
202300009278,16,3,2023,08:10,1,1,3,73,73011,2,4,1,1,1
202300009279,20,9,2023,11:50,1,8,1,13,13203,2,4,1,1,2
202300009279,20,9,2023,11:50,1,8,1,13,13203,2,4,1,1,2
202300009280,20,3,2023,17:03,1,1,3,64,64445,2,4,1,1,1
202300009280,20,3,2023,17:03,1,1,3,64,64445,2,4,1,1,1
202300009281,20,3,2023,00:10,5,1,6,64,64102,2,3,-1,1,1
202300009282,20,9,2023,07:30,1,1,2,13,13216,2,4,2,1,1
202300009283,19,9,2023,21:58,5,1,3,13,13206,2,4,2,1,1
202300009283,19,9,2023,21:58,5,1,3,13,13206,2,4,2,1,1
202300009284,20,9,2023,18:50,1,1,3,12,12145,2,4,2,2,1
202300009284,20,9,2023,18:50,1,1,3,12,12145,2,4,2,1,1
202300009285,19,9,2023,18:45,1,1,4,10,10340,2,2,2,1,1
202300009286,15,9,2023,09:00,1,1,3,06,06088,2,4,2,2,1
202300009287,19,9,2023,08:08,1,1,3,06,06012,2,3,2,2,1
202300009288,20,9,2023,12:15,1,8,1,06,06069,2,4,2,1,1
202300009289,20,9,2023,07:40,2,1,3,06,06029,2,4,2,1,1
202300009289,20,9,2023,07:40,2,1,3,06,06029,2,4,2,1,1
202300009290,18,9,2023,11:30,1,1,3,03,03094,1,3,2,2,1
202300009291,19,9,2023,17:45,1,1,3,75,75112,2,4,1,1,1
202300009292,20,9,2023,16:39,1,1,5,75,75113,2,4,1,1,1
202300009293,19,9,2023,13:50,1,1,3,75,75114,2,4,-1,1,1
202300009293,19,9,2023,13:50,1,1,3,75,75114,2,4,-1,1,1
202300009294,19,9,2023,17:50,1,1,6,75,75120,2,4,1,2,1
202300009295,19,9,2023,14:40,1,1,6,75,75120,2,4,2,2,1
202300009295,19,9,2023,14:40,1,1,6,75,75120,2,4,-1,1,1
202300009296,20,9,2023,06:05,3,1,6,75,75118,2,4,1,1,1
202300009296,20,9,2023,06:05,3,1,6,75,75118,2,4,1,2,1
202300009297,20,9,2023,13:20,1,1,3,75,75117,2,4,1,1,1
202300009298,19,9,2023,17:15,1,1,1,75,75116,2,4,3,1,1
202300009299,20,9,2023,14:45,1,1,3,75,75113,2,4,3,1,1
202300009299,20,9,2023,14:45,1,1,3,75,75113,2,4,2,1,1
202300009300,20,9,2023,01:45,3,1,6,75,75113,2,4,1,2,1
202300009300,20,9,2023,01:45,3,1,6,75,75113,2,4,1,1,1
202300009301,20,9,2023,14:55,1,1,3,75,75112,2,4,2,1,1
202300009301,20,9,2023,14:55,1,1,3,75,75112,2,4,2,1,1
202300009302,20,9,2023,15:10,1,1,1,75,75112,2,4,2,1,1
202300009303,19,9,2023,20:50,5,1,1,75,75112,2,4,-1,1,1
202300009303,19,9,2023,20:50,5,1,1,75,75112,2,4,2,1,1
202300009304,19,9,2023,15:20,1,1,6,75,75112,2,4,2,1,1
202300009304,19,9,2023,15:20,1,1,6,75,75112,2,4,-1,1,1
202300009305,20,9,2023,16:00,1,1,3,75,75111,2,4,3,1,1
202300009305,20,9,2023,16:00,1,1,3,75,75111,2,4,1,1,1
202300009306,20,9,2023,12:55,1,1,6,75,75112,2,4,1,1,1