id_accident,jour,mois,annee,heure_minute,luminosite,meteo,type_collision,departement,commune,agglomeration,categorie_route,regime_circulation,profil_route,etat_surface
202300009306,20,9,2023,12:55,1,1,6,75,75112,2,4,2,1,1
202300009307,20,9,2023,10:25,1,8,6,75,75111,2,4,2,1,1
202300009307,20,9,2023,10:25,1,8,6,75,75111,2,4,1,1,1
202300009308,20,9,2023,13:32,1,1,1,75,75110,2,4,-1,1,1
202300009308,20,9,2023,13:32,1,1,1,75,75110,2,4,1,1,1
202300009309,20,9,2023,12:50,1,1,6,94,94068,2,4,2,1,1
202300009310,10,10,2023,09:15,1,1,3,94,94046,2,3,2,1,1
202300009311,18,9,2023,17:50,1,2,3,94,94011,2,4,1,1,2
202300009311,18,9,2023,17:50,1,2,3,94,94011,2,4,-1,1,2
202300009312,20,9,2023,11:05,1,1,3,94,94022,2,3,-1,1,1
202300009313,20,9,2023,10:00,1,1,6,94,94002,2,4,2,1,1
202300009314,20,9,2023,22:20,5,1,3,93,93071,2,3,2,1,1
202300009314,20,9,2023,22:20,5,1,3,93,93071,2,3,3,1,1
202300009315,20,9,2023,18:00,1,1,3,93,93053,2,4,2,1,1
202300009316,20,9,2023,09:00,1,1,3,93,93051,2,3,2,1,1
202300009316,20,9,2023,09:00,1,1,3,93,93051,2,3,2,1,1
202300009317,20,9,2023,10:00,1,1,3,93,93048,2,4,1,1,1
202300009317,20,9,2023,10:00,1,1,3,93,93048,2,4,2,1,1
202300009318,20,9,2023,18:10,1,1,1,93,93029,2,3,2,1,1
202300009319,20,9,2023,18:28,1,1,6,92,92075,2,4,2,1,1
202300009320,20,9,2023,12:50,1,1,3,92,92064,2,3,2,1,1
202300009321,20,9,2023,12:26,1,1,7,92,92064,2,4,-1,2,1
202300009322,20,9,2023,13:10,1,1,2,92,92063,2,3,2,1,1
202300009323,20,9,2023,11:25,1,1,2,92,92063,2,4,2,1,1
202300009324,20,9,2023,14:45,1,1,6,92,92050,2,3,3,1,1
202300009325,20,9,2023,16:20,1,1,7,92,92040,2,4,1,1,1
202300009326,2,10,2023,15:30,1,1,7,92,92036,2,3,2,1,1
202300009326,2,10,2023,15:30,1,1,7,92,92036,2,3,2,1,1
202300009327,18,9,2023,20:00,1,1,2,92,92036,2,3,2,1,1
202300009328,20,9,2023,12:30,1,1,2,92,92026,2,3,2,1,1
202300009328,20,9,2023,12:30,1,1,2,92,92026,2,3,1,1,1
202300009329,17,9,2023,20:03,2,1,3,92,92025,2,3,2,1,1
202300009330,19,9,2023,23:19,5,1,1,92,92046,2,3,1,1,1
202300009330,19,9,2023,23:19,5,1,1,92,92046,2,3,1,1,1
202300009331,20,9,2023,17:45,1,1,3,91,91086,2,4,2,1,1
202300009332,17,9,2023,18:00,1,1,4,21,21485,1,1,1,1,1
202300009333,21,9,2023,14:10,1,3,6,87,87122,1,1,3,2,2
202300009334,20,9,2023,21:30,3,1,1,24,24139,1,1,3,2,1
202300009335,1,9,2023,03:45,3,2,6,95,95352,1,3,3,1,2
202300009336,15,9,2023,17:09,1,1,1,56,56028,1,3,2,2,1
202300009336,15,9,2023,17:09,1,1,1,56,56028,1,3,2,1,1
202300009337,14,9,2023,17:05,1,1,1,76,76034,1,3,2,1,1
202300009337,14,9,2023,17:05,1,1,1,76,76034,1,3,2,1,1
202300009338,17,9,2023,19:00,2,1,5,69,69209,1,3,2,1,1
202300009339,16,6,2023,08:35,1,1,6,61,61369,2,3,2,1,1
202300009340,20,9,2023,23:50,3,2,6,61,61153,1,3,3,1,2
202300009341,19,9,2023,18:00,1,1,3,55,55533,2,3,2,1,1
202300009342,21,9,2023,10:25,1,1,5,12,12026,1,2,2,1,1
202300009342,21,9,2023,10:25,1,1,5,12,12026,1,2,2,1,1
202300009343,20,9,2023,14:15,1,1,7,46,46253,1,3,2,1,1
202300009344,21,9,2023,06:50,3,2,6,29,29079,1,4,2,1,2
202300009345,21,9,2023,17:00,1,2,6,15,15268,1,3,2,2,2
202300009346,8,9,2023,00:10,5,1,6,06,06079,2,3,2,1,1
202300009347,21,9,2023,08:00,1,2,7,50,50093,1,3,2,4,2
202300009348,20,9,2023,08:30,1,1,1,43,43163,1,3,2,2,1
202300009349,20,9,2023,18:27,1,1,2,40,40273,1,3,2,1,1
202300009349,20,9,2023,18:27,1,1,2,40,40273,1,3,-1,-1,-1
202300009350,19,9,2023,19:35,1,1,6,85,85006,1,3,2,1,1
202300009351,13,9,2023,09:30,1,1,1,37,37280,1,3,2,3,1
202300009352,24,8,2023,16:15,1,1,6,08,08283,1,3,2,1,1
202300009353,21,9,2023,08:59,1,1,1,974,97415,2,3,2,1,1
202300009354,20,9,2023,14:40,1,1,2,68,68242,1,1,1,1,1
202300009355,20,9,2023,12:55,1,1,1,31,31424,1,3,2,1,1
202300009356,21,9,2023,07:20,1,1,3,55,55122,2,3,2,2,1
202300009356,21,9,2023,07:20,1,1,3,55,55122,2,3,2,1,1
202300009357,20,9,2023,21:00,3,2,2,06,06104,1,1,1,1,2
202300009357,20,9,2023,21:00,3,2,2,06,06104,1,1,1,1,2
202300009358,21,9,2023,00:00,3,1,2,34,34135,1,1,3,2,1
202300009359,21,9,2023,17:40,1,1,1,976,97617,1,3,2,1,1
202300009360,21,9,2023,09:10,1,3,3,91,91111,1,1,3,2,3
202300009361,19,9,2023,12:15,1,3,3,988,98817,2,3,2,1,2
202300009361,19,9,2023,12:15,1,3,3,988,98817,2,3,2,-1,2
202300009362,20,9,2023,17:55,2,1,3,971,97117,1,3,2,2,1
202300009363,16,9,2023,21:45,3,1,6,91,91482,1,3,2,1,1
202300009364,20,9,2023,09:25,1,1,2,78,78575,2,3,2,1,1
202300009365,16,9,2023,16:20,1,1,7,67,67104,1,4,-1,2,9
202300009366,21,9,2023,02:50,4,1,6,54,54053,2,3,2,2,1
202300009367,20,9,2023,18:50,1,1,4,57,57032,2,7,2,1,1
202300009368,14,9,2023,18:00,2,1,6,69,69040,2,4,2,1,1
202300009369,21,9,2023,17:52,1,3,3,64,64422,2,3,1,1,2
202300009370,13,9,2023,10:00,1,1,6,33,33243,2,4,3,1,1
202300009371,21,9,2023,07:30,2,8,6,14,14258,2,3,2,2,2
202300009371,21,9,2023,07:30,2,8,6,14,14258,2,3,2,1,2
202300009372,20,9,2023,08:24,2,8,3,59,59256,1,7,2,1,1
202300009373,19,9,2023,19:17,1,1,3,59,59256,2,4,2,1,1
202300009374,20,9,2023,01:10,3,1,6,69,69290,1,1,3,1,1
202300009375,15,9,2023,22:30,5,1,4,59,59599,1,7,-1,1,1
202300009376,19,9,2023,08:10,1,1,5,59,59350,1,2,-1,1,1
202300009377,20,9,2023,17:50,1,1,3,75,75113,1,1,1,1,1
202300009378,20,9,2023,16:10,1,1,6,78,78321,1,2,-1,1,1
202300009379,20,9,2023,08:54,1,1,2,92,92012,1,1,1,1,1
202300009380,20,9,2023,17:50,1,1,2,93,93053,1,1,1,1,1
202300009381,29,4,2023,23:59,3,2,6,82,82033,1,3,2,2,2
202300009382,18,4,2023,19:35,1,1,6,82,82033,1,3,2,1,1
202300009383,15,4,2023,04:42,3,2,6,82,82115,1,3,2,2,2
202300009384,19,9,2023,11:00,1,1,6,974,97416,2,4,2,2,1
202300009385,18,9,2023,20:35,5,1,6,974,97416,2,2,2,1,1
202300009386,19,9,2023,06:15,1,1,3,974,97411,2,2,1,1,1
202300009386,19,9,2023,06:15,1,1,3,974,97411,2,2,1,1,1
202300009387,19,9,2023,08:15,1,1,3,973,97302,2,3,2,1,1
202300009387,19,9,2023,08:15,1,1,3,973,97302,2,3,2,1,1
202300009388,19,9,2023,06:57,1,1,3,973,97302,2,4,2,1,1
202300009389,18,9,2023,22:10,5,1,5,973,97302,2,4,1,1,1
202300009389,18,9,2023,22:10,5,1,5,973,97302,2,4,1,1,1
202300009390,18,9,2023,20:33,5,1,6,973,97302,2,4,2,1,1
202300009391,19,9,2023,14:40,1,1,4,69,69387,2,4,3,1,1
202300009392,19,9,2023,09:40,1,1,6,69,69383,2,4,1,1,1
202300009392,19,9,2023,09:40,1,1,6,69,69383,2,4,1,1,1
202300009393,19,9,2023,07:48,1,1,3,972,97209,1,2,2,1,1
202300009393,19,9,2023,07:48,1,1,3,972,97209,1,2,1,1,1
202300009394,19,9,2023,14:25,1,1,2,2B,2B033,2,3,2,2,1
202300009394,19,9,2023,14:25,1,1,2,2B,2B033,2,3,2,1,1
202300009395,19,9,2023,06:15,1,1,3,971,97113,1,4,-1,2,1
202300009396,19,9,2023,00:30,5,1,2,971,97101,1,2,-1,1,1
202300009397,19,9,2023,13:25,1,1,6,91,91201,2,3,2,1,1
202300009398,19,9,2023,07:25,1,1,6,91,91223,2,3,2,2,1
202300009399,18,9,2023,12:31,1,1,7,87,87085,2,3,2,2,1
202300009400,19,9,2023,10:52,1,8,3,85,85194,2,4,2,1,2
202300009401,13,9,2023,17:00,1,1,2,84,84035,2,4,2,1,1
202300009402,19,9,2023,14:42,1,1,2,83,83090,2,3,2,1,1
202300009402,19,9,2023,14:42,1,1,2,83,83090,2,3,2,1,1
202300009403,19,9,2023,20:20,5,1,3,77,77243,2,3,3,2,1
202300009403,19,9,2023,20:20,5,1,3,77,77243,2,3,2,1,1
202300009404,18,9,2023,14:00,1,2,1,76,76329,1,3,2,2,2
202300009405,18,9,2023,17:40,1,1,3,71,71306,2,4,2,1,1
202300009406,13,9,2023,17:00,1,1,3,69,69264,2,3,1,1,1
202300009406,13,9,2023,17:00,1,1,3,69,69264,2,3,2,1,1
202300009407,17,9,2023,01:34,3,1,7,67,67180,1,3,2,1,1
202300009408,18,9,2023,11:01,1,1,6,66,66136,2,4,2,1,1
202300009409,16,9,2023,17:47,1,1,3,66,66136,2,4,2,1,1
202300009409,16,9,2023,17:47,1,1,3,66,66136,2,4,2,1,1
202300009410,15,9,2023,12:06,1,1,6,66,66136,2,4,2,1,1
202300009411,19,9,2023,12:15,1,1,3,64,64260,2,3,2,2,1
202300009411,19,9,2023,12:15,1,1,3,64,64260,2,3,2,1,1
202300009412,19,9,2023,12:40,1,1,3,64,64445,2,4,2,1,1
202300009412,19,9,2023,12:40,1,1,3,64,64445,2,4,2,1,1
202300009413,18,9,2023,10:15,1,1,3,64,64122,2,4,1,1,1
202300009414,18,9,2023,06:50,5,1,3,64,64102,2,4,2,1,1
202300009414,18,9,2023,06:50,5,1,3,64,64102,2,4,2,1,1
202300009415,18,9,2023,21:35,5,1,3,62,62178,2,4,2,1,1
202300009415,18,9,2023,21:35,5,1,3,62,62178,2,4,2,1,1
202300009416,15,9,2023,16:35,1,1,3,57,57672,2,4,3,1,1
202300009416,15,9,2023,16:35,1,1,3,57,57672,2,4,2,1,1
202300009417,18,9,2023,13:17,1,1,3,54,54339,2,4,2,1,1
202300009417,18,9,2023,13:17,1,1,3,54,54339,2,4,2,1,1
202300009418,17,9,2023,13:20,1,1,6,49,49099,2,3,3,1,1
202300009418,17,9,2023,13:20,1,1,6,49,49099,2,3,3,1,1
202300009419,19,9,2023,11:50,1,1,6,49,49007,2,4,3,1,1
202300009419,19,9,2023,11:50,1,1,6,49,49007,2,4,2,1,1
202300009420,18,9,2023,13:02,1,1,3,49,49007,2,4,1,1,1
202300009421,19,9,2023,13:45,1,1,2,47,47031,2,3,2,1,1
202300009421,19,9,2023,13:45,1,1,2,47,47031,2,3,2,1,1
202300009422,19,9,2023,07:45,1,1,2,47,47001,2,4,2,1,1
202300009422,19,9,2023,07:45,1,1,2,47,47001,2,4,2,4,1
202300009423,19,9,2023,15:45,1,1,6,37,37261,2,4,1,1,1
202300009424,19,9,2023,17:55,1,1,6,35,35238,2,4,2,1,1
202300009425,14,9,2023,17:00,1,1,3,34,34172,2,4,1,1,1
202300009425,14,9,2023,17:00,1,1,3,34,34172,2,4,1,1,1
202300009426,19,9,2023,21:50,5,1,3,33,33063,2,4,2,1,1
202300009427,19,9,2023,08:50,1,1,1,31,31069,2,4,2,1,1
202300009428,19,9,2023,04:40,3,1,6,29,29232,1,3,1,4,1
202300009429,18,9,2023,18:25,1,1,3,29,29019,2,4,2,2,1
202300009429,18,9,2023,18:25,1,1,3,29,29019,2,4,2,1,1
202300009430,18,9,2023,17:10,1,1,6,27,27285,2,4,1,2,1
202300009431,18,9,2023,17:40,1,1,2,26,26004,1,2,1,1,1
202300009432,19,9,2023,08:00,1,1,3,26,26198,2,4,2,1,1
202300009432,19,9,2023,08:00,1,1,3,26,26198,2,4,2,1,1
202300009433,19,9,2023,22:50,3,1,6,25,25056,1,4,2,2,1
202300009434,19,9,2023,10:05,1,1,3,25,25056,2,4,2,1,1
202300009434,19,9,2023,10:05,1,1,3,25,25056,2,4,2,2,1
202300009435,12,9,2023,18:30,1,1,4,22,22278,1,2,2,1,1
202300009436,26,8,2023,21:15,5,2,7,15,15014,2,4,2,2,2
202300009437,19,9,2023,16:55,1,1,7,14,14333,2,3,1,1,1
202300009438,19,9,2023,20:05,2,1,3,13,13212,2,4,2,2,1
202300009439,19,9,2023,07:35,1,1,3,13,13211,2,4,2,1,1
202300009440,19,9,2023,12:20,1,1,6,13,13206,2,4,1,1,1
202300009440,19,9,2023,12:20,1,1,6,13,13206,2,4,1,1,1
202300009441,18,9,2023,16:09,1,1,3,13,13208,2,4,2,1,1
202300009442,19,9,2023,20:00,5,1,3,13,13063,2,4,-1,1,1
202300009442,19,9,2023,20:00,5,1,3,13,13063,2,4,-1,1,1
202300009443,18,9,2023,08:04,2,8,7,11,11069,1,4,2,1,2
202300009444,18,9,2023,12:06,1,1,3,10,10387,2,4,2,1,1
202300009445,18,9,2023,14:00,1,1,6,03,03185,2,4,-1,1,1
202300009446,19,9,2023,16:25,1,1,3,75,75116,2,4,1,1,1
202300009447,19,9,2023,15:30,1,1,1,75,75116,2,4,2,1,1
202300009447,19,9,2023,15:30,1,1,1,75,75116,2,4,2,1,1
202300009448,22,10,2023,14:45,1,1,1,49,49069,1,3,2,2,2
202300009449,22,10,2023,06:00,3,8,7,47,47310,1,4,2,1,2
202300009450,22,10,2023,12:58,1,1,1,39,39101,1,3,2,1,1
202300009451,22,10,2023,15:30,1,1,7,84,84017,1,3,2,1,1
202300009452,21,10,2023,01:50,3,2,6,72,72126,1,3,-1,1,2
202300009453,21,10,2023,19:30,5,3,6,14,14431,2,3,2,1,2
202300009454,16,10,2023,16:15,1,1,3,14,14475,2,3,2,1,1
202300009454,16,10,2023,16:15,1,1,3,14,14475,2,3,2,1,1
202300009455,22,10,2023,20:14,3,1,7,50,50277,1,3,-1,1,1
202300009456,22,10,2023,08:20,2,2,6,50,50292,1,3,2,2,2
202300009457,21,10,2023,16:00,1,1,6,07,07227,1,3,2,1,1
202300009458,22,10,2023,07:15,3,1,6,53,53219,1,2,2,4,2
202300009459,22,10,2023,11:30,1,1,3,17,17267,1,3,2,1,1
202300009459,22,10,2023,11:30,1,1,3,17,17267,1,3,2,1,1
202300009460,21,10,2023,13:30,1,1,1,30,30344,1,2,2,1,1
202300009461,20,10,2023,20:30,3,2,6,67,67429,1,1,3,1,2
202300009462,22,10,2023,19:00,3,1,4,38,38239,1,1,3,2,1
202300009463,22,10,2023,07:35,1,1,1,973,97305,1,2,2,1,1
202300009463,22,10,2023,07:35,1,1,1,973,97305,1,2,2,1,1
202300009464,21,10,2023,14:20,1,8,6,45,45268,1,3,2,2,1
202300009465,13,10,2023,15:20,1,1,3,2B,2B134,2,3,3,1,1
202300009466,21,10,2023,18:30,1,1,6,34,34299,1,3,2,1,1
202300009467,22,10,2023,14:00,1,1,1,04,04092,1,3,2,1,1
202300009468,21,10,2023,17:50,1,1,7,13,13014,1,3,2,1,1
202300009469,19,10,2023,07:25,2,1,3,13,13092,2,3,2,2,1
202300009469,19,10,2023,07:25,2,1,3,13,13092,2,3,2,1,1
202300009470,21,10,2023,19:12,2,1,3,13,13097,1,2,3,1,1
202300009470,21,10,2023,19:12,2,1,3,13,13097,1,2,2,1,1
202300009471,22,10,2023,16:30,1,1,3,71,71342,2,3,2,1,1
202300009471,22,10,2023,16:30,1,1,3,71,71342,2,3,2,1,1
202300009472,22,10,2023,15:00,1,1,1,55,55496,1,3,2,1,1
202300009473,21,10,2023,13:15,1,1,2,01,01386,1,3,2,1,1
202300009473,21,10,2023,13:15,1,1,2,01,01386,1,3,-1,1,1
202300009474,21,10,2023,21:50,5,1,5,69,69140,1,3,2,1,1
202300009475,22,10,2023,11:45,1,1,3,31,31291,2,3,2,1,1
202300009475,22,10,2023,11:45,1,1,3,31,31291,2,3,-1,1,1
202300009476,22,10,2023,14:50,1,1,6,64,64315,1,3,2,1,1
202300009477,21,10,2023,11:25,1,2,3,14,14040,1,3,2,4,2
202300009477,21,10,2023,11:25,1,2,3,14,14040,1,3,2,4,2
202300009478,21,10,2023,21:30,3,2,1,22,22136,1,4,2,1,2
202300009479,20,10,2023,18:32,2,1,2,13,13215,1,1,-1,1,1
202300009480,20,10,2023,04:00,3,2,6,13,13210,1,1,1,1,2
202300009481,18,9,2023,08:00,1,1,7,69,69382,1,7,3,1,1
202300009482,21,10,2023,16:40,1,1,6,33,33318,1,1,1,2,2
202300009483,21,10,2023,11:50,1,1,2,91,91689,1,1,2,1,1
202300009484,20,10,2023,12:00,1,8,3,91,91661,1,3,3,1,2
202300009485,21,10,2023,07:10,3,1,2,92,92050,1,1,-1,2,2
202300009486,21,10,2023,17:08,1,1,3,95,95572,1,2,1,1,2
202300009487,21,10,2023,17:15,1,8,4,93,93013,1,1,3,1,2
202300009488,21,10,2023,01:25,3,2,6,93,93051,1,1,1,1,2
202300009489,20,10,2023,22:45,3,2,6,94,94073,1,1,1,1,2
202300009490,21,8,2023,08:38,1,1,6,87,87075,2,4,3,1,1
202300009491,20,8,2023,11:10,1,1,6,78,78138,1,3,-1,1,1
202300009492,21,8,2023,09:20,1,1,3,45,45234,2,4,3,1,1
202300009493,21,8,2023,01:41,5,1,1,13,13203,2,4,2,1,1
202300009493,21,8,2023,01:41,5,1,1,13,13203,2,4,1,1,1
202300009494,20,10,2023,11:00,1,1,4,988,98818,2,4,2,1,1
202300009495,20,10,2023,17:00,1,2,6,69,69388,2,4,2,1,2
202300009495,20,10,2023,17:00,1,2,6,69,69388,2,4,2,1,2
202300009496,20,10,2023,18:00,3,1,2,972,97213,1,1,1,1,1
202300009497,20,10,2023,06:50,1,2,2,972,97209,2,4,2,2,2
202300009498,20,10,2023,17:35,2,1,3,69,69384,2,4,1,1,1
202300009498,20,10,2023,17:35,2,1,3,69,69384,2,4,1,1,1
202300009499,18,10,2023,07:35,2,1,2,69,69034,2,4,1,2,1
202300009500,20,10,2023,19:50,3,8,2,95,95539,2,3,3,1,1
202300009501,19,10,2023,12:06,1,1,1,95,95555,2,4,1,1,1
202300009502,19,10,2023,20:05,5,2,3,89,89387,2,4,2,2,2
202300009502,19,10,2023,20:05,5,2,3,89,89387,2,4,2,2,2
202300009503,19,10,2023,14:06,1,2,1,87,87085,2,4,2,2,2
202300009504,19,10,2023,19:55,1,8,7,84,84007,2,4,2,1,2
202300009505,19,10,2023,08:30,1,8,3,83,83126,2,4,-1,1,1
202300009505,19,10,2023,08:30,1,8,3,83,83126,2,4,2,2,1
202300009506,20,10,2023,07:45,2,1,3,82,82121,2,4,2,1,2
202300009506,20,10,2023,07:45,2,1,3,82,82121,2,4,2,1,2
202300009507,18,10,2023,19:10,2,2,2,80,80131,2,4,2,1,2
202300009508,20,10,2023,08:25,2,2,2,78,78401,2,3,3,1,2
202300009509,20,10,2023,23:20,5,2,1,77,77479,2,4,2,1,2
202300009510,6,10,2023,15:30,1,1,6,77,77249,2,4,2,1,1
202300009511,19,10,2023,14:00,1,1,6,76,76351,2,4,1,1,1
202300009511,19,10,2023,14:00,1,1,6,76,76351,2,4,2,2,1
202300009512,19,10,2023,17:05,1,1,6,72,72181,2,4,1,1,1
202300009513,19,10,2023,09:00,1,1,6,72,72181,2,4,-1,1,2
202300009514,19,10,2023,07:00,5,2,3,72,72181,2,4,2,1,2
202300009515,20,10,2023,11:15,1,1,3,71,71040,2,3,2,1,1
202300009515,20,10,2023,11:15,1,1,3,71,71040,2,3,2,1,1
202300009516,20,10,2023,17:30,1,2,6,71,71076,2,3,3,1,2
202300009517,19,10,2023,15:45,1,1,6,69,69029,2,4,2,1,2
202300009518,19,10,2023,12:15,1,3,1,69,69029,2,4,2,1,2
202300009518,19,10,2023,12:15,1,3,1,69,69029,2,4,2,1,2
202300009519,28,7,2023,10:05,1,1,3,69,69091,2,7,2,1,1
202300009519,28,7,2023,10:05,1,1,3,69,69091,2,7,2,1,1
202300009520,20,10,2023,10:50,1,3,6,67,67043,2,7,2,4,2
202300009521,20,10,2023,11:30,1,1,3,66,66136,1,2,1,1,1
202300009521,20,10,2023,11:30,1,1,3,66,66136,1,2,3,1,1
202300009522,19,10,2023,18:25,2,2,3,64,64129,2,4,2,2,2
202300009523,10,10,2023,08:50,1,1,3,64,64445,2,4,2,1,1
202300009523,10,10,2023,08:50,1,1,3,64,64445,2,4,2,1,1
202300009524,17,10,2023,21:45,5,1,3,62,62510,2,4,2,1,1
202300009525,20,10,2023,07:50,2,3,6,62,62263,2,4,2,1,2
202300009526,20,10,2023,21:10,5,1,2,60,60057,2,4,2,2,2
202300009527,20,10,2023,19:30,5,8,3,59,59378,2,7,2,1,2
202300009527,20,10,2023,19:30,5,8,3,59,59378,2,7,1,1,2
202300009528,20,10,2023,07:00,5,2,6,59,59350,2,4,2,1,2
202300009529,20,10,2023,08:00,2,2,6,59,59509,2,4,2,1,2
202300009530,19,10,2023,11:35,1,1,3,59,59390,2,4,1,1,1
202300009530,19,10,2023,11:35,1,1,3,59,59390,2,4,1,1,1
202300009531,19,10,2023,19:00,5,2,5,58,58194,2,4,2,1,2
202300009532,18,10,2023,19:05,5,3,6,57,57757,2,3,2,1,2
202300009533,16,10,2023,12:40,1,1,3,56,56260,2,4,1,2,1
202300009534,20,10,2023,14:20,1,2,6,56,56162,2,4,2,3,2
202300009535,20,10,2023,08:10,2,2,1,56,56098,2,4,2,1,2
202300009536,18,10,2023,07:30,2,1,3,55,55029,2,4,1,1,1
202300009537,19,10,2023,16:10,1,3,6,54,54395,2,9,1,1,2
202300009538,20,10,2023,08:50,1,3,6,51,51454,2,4,2,1,2
202300009538,20,10,2023,08:50,1,3,6,51,51454,2,4,2,1,2
202300009539,20,10,2023,08:25,2,3,6,51,51573,2,4,2,1,2
202300009540,20,10,2023,08:00,5,3,3,51,51454,2,4,1,1,2
202300009540,20,10,2023,08:00,5,3,3,51,51454,2,4,1,1,2
202300009541,20,10,2023,07:30,5,3,6,51,51573,2,4,2,1,2
202300009542,19,10,2023,17:15,1,1,6,51,51454,2,4,2,1,1
202300009543,19,10,2023,08:09,2,1,4,51,51454,2,4,2,1,1
202300009544,20,10,2023,09:47,1,2,6,49,49328,2,4,2,1,2
202300009545,19,10,2023,10:45,1,8,3,49,49099,2,3,-1,1,1
202300009546,20,10,2023,05:14,5,1,6,49,49267,2,4,3,1,2
202300009547,8,2,2023,11:49,1,1,3,988,98818,2,4,1,1,1
202300009547,8,2,2023,11:49,1,1,3,988,98818,2,4,1,2,1
202300009548,20,10,2023,04:10,5,1,6,47,47001,2,4,1,1,2
202300009549,12,10,2023,18:25,1,1,2,46,46042,2,3,2,1,1
202300009550,6,2,2023,13:10,1,1,3,988,98818,2,4,2,2,1
202300009550,6,2,2023,13:10,1,1,3,988,98818,2,4,2,3,1
202300009551,20,10,2023,20:20,3,2,4,45,45302,1,3,3,2,2
202300009552,7,2,2023,17:20,1,1,3,974,97416,2,4,2,1,1
202300009553,20,10,2023,08:30,1,1,1,41,41047,2,4,2,1,1
202300009554,6,2,2023,15:55,1,1,3,974,97416,1,3,2,1,1
202300009555,20,10,2023,00:40,5,3,2,41,41018,2,4,4,1,2
202300009556,7,2,2023,23:00,5,3,6,974,97411,2,4,-1,1,2
202300009557,20,10,2023,16:05,1,1,3,38,38185,2,4,-1,1,2
202300009558,7,2,2023,17:01,1,1,7,973,97302,1,2,1,1,1
202300009559,7,2,2023,07:00,1,2,6,973,97302,2,3,2,1,2
202300009560,7,2,2023,20:20,5,1,6,69,69387,2,4,2,1,1
202300009561,20,10,2023,18:00,1,3,3,37,37261,2,4,1,1,2
202300009562,7,2,2023,18:55,5,1,6,69,69387,2,4,1,1,1
202300009563,20,10,2023,12:20,1,1,3,37,37122,2,4,2,1,1
202300009564,20,10,2023,11:10,1,8,6,35,35238,2,6,-1,1,2
202300009565,7,2,2023,13:30,1,1,5,69,69383,2,4,1,1,1
202300009566,7,2,2023,14:00,1,1,6,2A,2A004,2,2,2,1,1
202300009567,20,10,2023,23:55,5,1,2,34,34172,2,4,2,1,1
202300009568,7,2,2023,11:00,1,1,3,2A,2A004,2,2,2,1,1
202300009568,7,2,2023,11:00,1,1,3,2A,2A004,2,2,2,1,1
202300009569,20,10,2023,21:22,5,2,3,33,33192,2,4,3,1,2
202300009569,20,10,2023,21:22,5,2,3,33,33192,2,4,3,1,2
202300009570,6,2,2023,12:20,1,1,3,2A,2A004,2,2,2,4,1
202300009570,6,2,2023,12:20,1,1,3,2A,2A004,2,2,2,2,1
202300009571,6,2,2023,15:30,1,1,4,95,95277,2,3,2,1,1
202300009572,20,10,2023,17:45,1,3,5,33,33063,2,4,2,1,2
202300009572,20,10,2023,17:45,1,3,5,33,33063,2,4,2,1,2
202300009573,7,2,2023,09:21,1,7,3,91,91432,2,3,2,1,1
202300009573,7,2,2023,09:21,1,7,3,91,91432,2,3,2,1,1
202300009574,20,10,2023,10:00,1,6,3,33,33063,2,4,1,1,2
202300009574,20,10,2023,10:00,1,6,3,33,33063,2,4,1,1,2
202300009575,7,2,2023,08:55,1,1,3,91,91027,2,3,2,2,1
202300009576,4,2,2023,11:03,1,1,3,87,87085,2,4,3,1,1
202300009576,4,2,2023,11:03,1,1,3,87,87085,2,4,2,1,1
202300009577,20,10,2023,11:13,1,2,1,31,31555,2,7,-1,1,2
202300009578,4,2,2023,07:45,5,1,3,87,87085,2,2,3,1,1
202300009578,4,2,2023,07:45,5,1,3,87,87085,2,2,3,1,1
202300009579,19,10,2023,11:30,1,1,4,29,29019,2,4,3,1,1
202300009580,7,2,2023,19:00,3,1,3,84,84087,1,2,2,2,1
202300009580,7,2,2023,19:00,3,1,3,84,84087,1,2,2,1,1
202300009581,20,10,2023,06:50,5,8,6,27,27229,2,4,2,1,2
202300009582,7,2,2023,16:00,1,1,6,83,83137,2,4,1,1,1
202300009583,2,2,2023,07:45,1,1,6,83,83050,2,3,-1,1,1
202300009584,7,2,2023,19:00,5,1,3,79,79191,2,3,4,1,1
202300009584,7,2,2023,19:00,5,1,3,79,79191,2,3,2,1,1
202300009585,20,10,2023,09:55,1,2,6,25,25388,2,3,1,1,2
202300009586,7,2,2023,12:40,1,1,7,77,77464,1,3,2,1,1
202300009587,6,2,2023,18:35,5,1,1,77,77243,2,4,2,1,1
202300009588,20,10,2023,08:15,2,3,6,25,25056,2,4,2,1,2
202300009589,7,2,2023,05:50,5,1,3,76,76540,2,7,2,2,1
202300009589,7,2,2023,05:50,5,1,3,76,76540,2,7,2,2,1
202300009590,20,10,2023,04:00,5,3,6,25,25056,2,2,3,1,2
202300009591,6,2,2023,10:45,1,1,6,72,72181,2,4,-1,1,1
202300009592,6,2,2023,07:45,5,1,6,72,72181,2,4,2,1,1
202300009593,19,10,2023,07:55,2,1,3,19,19031,2,4,2,1,1
202300009593,19,10,2023,07:55,2,1,3,19,19031,2,4,2,1,1
202300009594,7,2,2023,11:15,1,1,6,69,69266,2,4,2,1,1