id_accident,jour,mois,annee,heure_minute,luminosite,meteo,type_collision,departement,commune,agglomeration,categorie_route,regime_circulation,profil_route,etat_surface
202300009595,13,1,2023,12:37,1,1,3,67,67482,2,4,2,1,1
202300009595,13,1,2023,12:37,1,1,3,67,67482,2,4,2,1,1
202300009595,13,1,2023,12:37,1,1,3,67,67482,2,4,2,1,1
202300009596,15,10,2023,19:01,3,1,3,15,15014,2,3,2,3,1
202300009597,7,2,2023,17:45,1,1,3,65,65440,2,4,2,1,1
202300009597,7,2,2023,17:45,1,1,3,65,65440,2,4,-1,1,1
202300009598,20,10,2023,00:26,5,3,3,13,13071,1,3,-1,1,2
202300009599,1,2,2023,12:25,1,1,3,65,65440,2,4,2,1,1
202300009600,7,2,2023,11:00,1,1,2,65,65286,2,3,2,1,1
202300009601,20,10,2023,13:40,1,1,2,13,13005,1,3,2,1,1
202300009602,7,2,2023,09:10,1,8,6,64,64483,2,3,3,1,1
202300009603,12,10,2023,19:10,2,1,2,10,10387,2,4,2,1,1
202300009604,7,2,2023,15:00,1,1,3,64,64445,2,4,2,1,1
202300009605,6,2,2023,14:03,1,1,3,64,64445,2,4,2,1,1
202300009606,17,10,2023,15:00,1,8,1,06,06088,2,7,2,1,1
202300009607,6,2,2023,13:45,1,1,3,63,63113,2,7,2,1,1
202300009607,6,2,2023,13:45,1,1,3,63,63113,2,7,3,1,1
202300009608,20,10,2023,20:00,5,8,2,06,06104,2,3,3,2,2
202300009609,6,2,2023,08:05,2,1,3,63,63113,2,4,2,1,1
202300009609,6,2,2023,08:05,2,1,3,63,63113,2,4,2,1,1
202300009610,20,10,2023,15:20,1,1,4,75,75114,2,4,1,1,1
202300009611,22,1,2023,18:50,5,1,3,62,62628,2,4,2,1,1
202300009611,22,1,2023,18:50,5,1,3,62,62628,2,4,2,1,1
202300009612,7,2,2023,04:50,5,1,6,60,60057,2,4,2,1,1
202300009613,19,10,2023,18:45,2,8,3,75,75119,2,4,1,1,1
202300009614,7,2,2023,14:15,1,1,6,59,59183,2,3,1,1,1
202300009615,5,2,2023,18:15,3,1,6,59,59375,1,3,2,1,1
202300009616,19,10,2023,14:57,1,1,5,75,75109,2,4,2,1,1
202300009617,6,2,2023,14:15,1,1,3,59,59017,2,7,2,1,1
202300009617,6,2,2023,14:15,1,1,3,59,59017,2,7,2,1,1
202300009618,20,10,2023,17:20,1,2,6,75,75106,2,4,1,1,2
202300009618,20,10,2023,17:20,1,2,6,75,75106,2,4,1,1,2
202300009619,7,2,2023,09:40,1,1,6,57,57672,2,4,2,1,1
202300009619,7,2,2023,09:40,1,1,6,57,57672,2,4,2,1,1
202300009620,19,10,2023,20:35,5,2,3,75,75106,2,4,2,2,2
202300009621,6,2,2023,13:00,1,1,6,57,57757,2,3,2,1,1
202300009622,18,10,2023,13:15,1,2,3,75,75120,2,4,2,3,2
202300009622,18,10,2023,13:15,1,2,3,75,75120,2,4,1,2,2
202300009623,19,10,2023,21:35,5,2,3,75,75119,2,4,2,1,2
202300009623,19,10,2023,21:35,5,2,3,75,75119,2,4,1,1,2
202300009624,20,10,2023,09:40,1,2,6,75,75119,2,4,1,1,2
202300009624,20,10,2023,09:40,1,2,6,75,75119,2,4,-1,1,2
202300009625,7,2,2023,07:45,2,1,3,56,56098,2,4,2,2,1
202300009625,7,2,2023,07:45,2,1,3,56,56098,2,4,2,3,1
202300009626,20,10,2023,06:30,5,2,1,75,75118,2,4,1,1,2
202300009626,20,10,2023,06:30,5,2,1,75,75118,2,4,1,1,2
202300009627,19,10,2023,21:50,5,2,7,75,75117,2,4,3,1,2
202300009628,20,10,2023,10:15,1,8,3,75,75116,2,4,-1,1,2
202300009628,20,10,2023,10:15,1,8,3,75,75116,2,4,1,1,2
202300009629,6,2,2023,16:22,1,1,3,56,56107,2,4,2,1,1
202300009630,6,2,2023,18:49,5,1,6,51,51454,2,4,2,1,1
202300009631,19,10,2023,21:10,5,2,3,75,75116,2,4,2,1,2
202300009631,19,10,2023,21:10,5,2,3,75,75116,2,4,2,1,2
202300009632,7,2,2023,09:26,1,1,3,51,51454,2,4,2,1,1
202300009633,18,10,2023,22:40,5,2,3,75,75116,2,4,2,2,2
202300009633,18,10,2023,22:40,5,2,3,75,75116,2,4,2,2,2
202300009634,7,2,2023,08:25,1,1,6,51,51454,2,4,2,2,1
202300009634,7,2,2023,08:25,1,1,6,51,51454,2,4,2,1,1
202300009635,20,10,2023,07:45,2,2,6,75,75115,2,4,1,1,2
202300009635,20,10,2023,07:45,2,2,6,75,75115,2,4,-1,1,2
202300009636,7,2,2023,09:40,1,1,3,50,50129,2,4,2,1,1
202300009636,7,2,2023,09:40,1,1,3,50,50129,2,4,2,1,1
202300009637,6,2,2023,20:30,5,1,6,49,49353,2,4,2,1,1
202300009638,20,10,2023,15:50,1,1,2,75,75113,2,4,2,2,2
202300009639,6,2,2023,18:48,4,1,6,49,49007,2,4,3,1,1
202300009640,20,10,2023,12:30,1,1,6,75,75113,2,4,2,1,2
202300009640,20,10,2023,12:30,1,1,6,75,75113,2,4,1,1,2
202300009641,7,2,2023,19:29,5,1,3,45,45234,2,4,1,1,1
202300009641,7,2,2023,19:29,5,1,3,45,45234,2,4,2,1,1
202300009642,20,10,2023,01:40,5,2,3,75,75114,2,4,1,1,2
202300009643,7,2,2023,16:00,1,7,3,45,45232,2,4,2,1,1
202300009644,19,10,2023,12:40,1,1,6,75,75112,2,4,1,1,1
202300009644,19,10,2023,12:40,1,1,6,75,75112,2,4,1,1,1
202300009645,4,2,2023,16:00,1,1,1,42,42127,2,2,2,2,1
202300009646,19,10,2023,20:50,5,2,3,75,75110,2,4,1,1,2
202300009646,19,10,2023,20:50,5,2,3,75,75110,2,4,2,1,2
202300009647,20,10,2023,16:00,1,1,6,75,75109,2,4,1,2,1
202300009647,20,10,2023,16:00,1,1,6,75,75109,2,4,2,1,1
202300009648,7,2,2023,07:59,1,1,3,41,41018,2,4,2,1,1
202300009649,20,10,2023,16:00,1,8,7,75,75108,2,4,2,2,2
202300009649,20,10,2023,16:00,1,8,7,75,75108,2,4,1,2,2
202300009650,7,2,2023,16:10,1,1,6,35,35238,2,4,2,1,1
202300009651,19,10,2023,18:52,2,1,6,75,75108,2,4,2,1,1
202300009651,19,10,2023,18:52,2,1,6,75,75108,2,4,2,1,1
202300009652,20,10,2023,20:30,5,3,6,94,94068,2,4,2,1,2
202300009653,6,2,2023,01:40,5,1,5,33,33063,2,4,3,1,1
202300009654,20,10,2023,12:55,1,1,1,94,94068,2,4,1,1,1
202300009655,7,2,2023,11:15,1,2,4,31,31555,2,4,1,1,2
202300009656,7,2,2023,08:15,1,1,3,31,31555,2,4,1,2,1
202300009656,7,2,2023,08:15,1,1,3,31,31555,2,4,2,2,1
202300009657,20,10,2023,16:30,1,2,6,94,94043,2,3,2,1,2
202300009658,6,2,2023,15:30,1,1,3,31,31069,2,6,-1,1,1
202300009659,19,10,2023,11:50,1,1,2,94,94021,2,3,1,1,1
202300009659,19,10,2023,11:50,1,1,2,94,94021,2,3,-1,1,1
202300009660,6,2,2023,10:00,1,1,3,31,31555,2,4,2,1,1
202300009660,6,2,2023,10:00,1,1,3,31,31555,2,4,2,1,1
202300009661,20,10,2023,13:55,1,2,3,93,93066,2,3,2,2,2
202300009662,7,2,2023,19:05,5,1,6,30,30007,2,4,1,1,1
202300009663,7,2,2023,16:45,1,1,3,27,27229,2,4,3,1,1
202300009663,7,2,2023,16:45,1,1,3,27,27229,2,4,2,1,1
202300009664,20,10,2023,12:15,1,1,6,93,93051,2,3,2,1,1
202300009664,20,10,2023,12:15,1,1,6,93,93051,2,3,2,1,1
202300009665,20,10,2023,20:25,5,3,3,93,93048,2,3,1,1,2
202300009665,20,10,2023,20:25,5,3,3,93,93048,2,3,2,1,2
202300009666,6,2,2023,17:41,1,1,3,27,27229,1,4,1,2,1
202300009666,6,2,2023,17:41,1,1,3,27,27229,1,4,1,1,1
202300009667,7,2,2023,21:05,5,1,1,25,25388,2,3,2,2,1
202300009668,20,10,2023,12:46,1,2,6,93,93031,2,3,3,1,2
202300009668,20,10,2023,12:46,1,2,6,93,93031,2,3,1,1,2
202300009669,7,2,2023,08:35,1,1,3,22,22278,2,3,2,1,1
202300009669,7,2,2023,08:35,1,1,3,22,22278,2,3,2,1,1
202300009670,20,10,2023,11:45,1,2,2,93,93029,2,3,2,1,2
202300009670,20,10,2023,11:45,1,2,2,93,93029,2,3,-1,1,2
202300009671,2,2,2023,16:40,1,1,2,22,22113,2,3,1,1,1
202300009672,20,10,2023,17:20,1,2,6,93,93014,2,6,-1,1,2
202300009673,5,2,2023,11:30,1,1,3,18,18033,2,3,2,1,1
202300009673,5,2,2023,11:30,1,1,3,18,18033,2,3,2,1,1
202300009674,20,10,2023,06:50,5,2,3,93,93001,2,3,-1,1,2
202300009675,20,10,2023,18:00,2,8,3,92,92020,2,3,2,1,2
202300009675,20,10,2023,18:00,2,8,3,92,92020,2,3,3,1,2
202300009676,6,2,2023,14:00,1,1,2,13,13043,2,4,-1,1,1
202300009677,20,10,2023,10:25,1,2,6,92,92073,2,3,2,1,2
202300009677,20,10,2023,10:25,1,2,6,92,92073,2,3,2,1,2
202300009678,6,2,2023,09:50,1,1,4,13,13043,1,3,2,1,1
202300009679,7,2,2023,15:55,1,1,3,13,13103,2,4,2,1,1
202300009679,7,2,2023,15:55,1,1,3,13,13103,2,4,2,1,1
202300009680,20,10,2023,08:45,1,1,3,92,92073,2,3,-1,2,2
202300009680,20,10,2023,08:45,1,1,3,92,92073,2,3,2,2,2
202300009681,13,11,2023,08:05,2,2,3,92,92077,2,4,2,2,2
202300009682,7,2,2023,20:23,5,1,3,13,13214,2,7,2,2,1
202300009683,20,10,2023,20:40,5,3,2,92,92047,1,3,3,1,2
202300009684,7,2,2023,21:30,5,1,1,13,13213,2,4,2,2,1
202300009685,7,2,2023,12:51,1,1,6,13,13213,2,4,2,1,1
202300009686,20,10,2023,07:59,2,3,1,92,92048,2,4,1,1,2
202300009686,20,10,2023,07:59,2,3,1,92,92048,2,4,1,1,2
202300009687,2,2,2023,16:09,1,1,3,12,12145,2,4,2,2,1
202300009687,2,2,2023,16:09,1,1,3,12,12145,2,4,2,2,1
202300009688,20,10,2023,20:35,5,2,6,92,92040,2,3,2,3,2
202300009689,6,2,2023,18:00,5,1,3,10,10343,2,4,2,1,1
202300009689,6,2,2023,18:00,5,1,3,10,10343,2,4,2,1,1
202300009690,20,10,2023,06:13,5,3,3,92,92040,2,3,2,3,2
202300009691,6,2,2023,09:50,1,1,6,08,08105,2,4,2,1,1
202300009692,20,10,2023,12:10,1,2,6,92,92035,2,6,-1,1,2
202300009693,7,2,2023,12:00,1,1,6,06,06088,2,4,2,1,1
202300009694,7,2,2023,08:45,1,1,3,06,06012,2,3,2,2,1
202300009695,20,10,2023,18:40,2,2,3,92,92025,2,3,3,1,2
202300009695,20,10,2023,18:40,2,2,3,92,92025,2,3,2,1,2
202300009696,7,2,2023,08:25,1,1,3,06,06030,2,3,2,1,1
202300009697,20,10,2023,06:28,5,2,6,92,92023,2,3,1,1,2
202300009697,20,10,2023,06:28,5,2,6,92,92023,2,3,2,1,2
202300009698,7,2,2023,18:20,5,1,2,06,06004,1,3,3,1,1
202300009699,6,2,2023,13:20,1,1,6,03,03013,1,3,2,1,1
202300009700,20,10,2023,18:40,2,2,2,92,92012,2,4,2,1,2
202300009701,6,2,2023,13:00,1,1,3,988,98818,2,4,2,1,1
202300009702,21,10,2023,01:30,5,6,7,54,54571,2,3,2,1,2
202300009703,6,2,2023,15:35,1,1,3,974,97416,1,4,2,2,1
202300009704,6,2,2023,14:10,1,1,2,973,97302,2,4,1,1,1
202300009705,20,10,2023,09:30,1,3,1,69,69136,1,3,2,2,2
202300009706,3,2,2023,10:10,1,9,1,973,97302,2,4,2,2,9
202300009707,14,10,2023,17:10,1,1,3,06,06130,2,3,2,1,1
202300009707,14,10,2023,17:10,1,1,3,06,06130,2,3,2,1,1
202300009708,6,2,2023,22:20,5,1,3,69,69383,2,4,2,1,1
202300009708,6,2,2023,22:20,5,1,3,69,69383,2,4,2,1,1
202300009709,6,2,2023,18:45,5,1,6,69,69387,2,4,2,1,1
202300009710,21,10,2023,06:20,3,1,1,60,60069,1,3,2,1,2
202300009711,6,2,2023,13:40,1,1,1,972,97213,1,9,2,1,1
202300009712,20,10,2023,07:20,3,2,2,56,56148,1,2,3,1,2
202300009713,5,2,2023,08:45,1,2,3,971,97101,2,3,2,1,2
202300009713,5,2,2023,08:45,1,2,3,971,97101,2,3,2,1,2
202300009714,20,10,2023,12:30,1,2,1,67,67436,1,3,2,2,2
202300009714,20,10,2023,12:30,1,2,1,67,67436,1,3,2,2,2
202300009715,4,2,2023,12:45,1,1,4,971,97113,1,2,1,1,1
202300009716,21,10,2023,12:46,1,1,6,82,82180,1,3,2,1,1
202300009717,4,2,2023,08:02,1,2,4,971,97120,2,3,3,1,2
202300009718,6,2,2023,15:25,1,1,6,95,95277,2,4,2,1,1
202300009719,21,10,2023,10:30,1,1,3,81,81217,2,3,2,1,1
202300009719,21,10,2023,10:30,1,1,3,81,81217,2,3,2,1,1
202300009720,5,2,2023,06:55,5,1,1,87,87085,2,4,2,1,1
202300009720,5,2,2023,06:55,5,1,1,87,87085,2,4,2,1,2
202300009721,16,10,2023,15:40,1,1,5,89,89393,1,3,2,2,1
202300009722,4,2,2023,18:39,5,1,3,87,87085,2,4,3,1,1
202300009722,4,2,2023,18:39,5,1,3,87,87085,2,4,3,2,1
202300009723,4,2,2023,10:21,1,1,6,87,87085,2,4,2,1,1
202300009724,16,10,2023,16:30,1,1,1,63,63283,1,3,2,1,1
202300009724,16,10,2023,16:30,1,1,1,63,63283,1,3,4,2,1
202300009725,1,2,2023,17:40,1,1,6,87,87085,2,4,2,1,1
202300009725,1,2,2023,17:40,1,1,6,87,87085,2,4,2,1,1
202300009726,21,10,2023,12:35,1,1,6,63,63282,2,3,2,1,1
202300009726,21,10,2023,12:35,1,1,6,63,63282,2,3,2,1,1
202300009727,5,2,2023,14:25,1,1,3,84,84007,2,4,3,1,1
202300009727,5,2,2023,14:25,1,1,3,84,84007,2,4,3,1,1
202300009728,4,2,2023,07:10,4,6,7,84,84007,1,4,2,1,1
202300009729,20,10,2023,13:20,1,1,6,61,61483,2,3,2,2,2
202300009730,3,2,2023,09:00,1,1,5,84,84007,2,4,2,1,1
202300009731,13,10,2023,07:53,2,1,3,61,61412,1,3,2,2,1
202300009731,13,10,2023,07:53,2,1,3,61,61412,1,3,2,1,1
202300009732,7,2,2023,00:05,5,1,7,83,83069,2,3,2,1,1
202300009733,6,2,2023,11:50,1,1,6,83,83069,2,4,1,1,1
202300009733,6,2,2023,11:50,1,1,6,83,83069,2,4,-1,1,1
202300009734,20,10,2023,22:10,5,2,3,49,49050,2,3,2,1,2
202300009734,20,10,2023,22:10,5,2,3,49,49050,2,3,2,1,2
202300009735,21,10,2023,13:45,1,1,6,12,12105,2,3,2,1,1
202300009735,21,10,2023,13:45,1,1,6,12,12105,2,3,2,1,1
202300009736,21,10,2023,02:10,3,1,6,47,47100,1,3,2,2,2
202300009737,6,2,2023,17:00,1,1,6,77,77378,1,4,-1,1,1
202300009738,2,8,2023,07:30,1,1,2,34,34150,1,3,2,1,1
202300009739,5,2,2023,02:10,5,1,1,77,77495,1,3,2,1,1
202300009740,21,10,2023,10:00,1,1,1,25,25320,1,3,-1,1,2
202300009741,6,2,2023,10:50,1,1,3,77,77048,1,3,2,1,1
202300009741,6,2,2023,10:50,1,1,3,77,77048,1,3,2,1,1
202300009742,3,2,2023,14:00,1,1,3,76,76351,2,4,1,2,1
202300009742,3,2,2023,14:00,1,1,3,76,76351,2,4,2,1,1
202300009743,20,10,2023,14:20,1,2,5,44,44154,1,3,4,1,2
202300009744,6,2,2023,11:50,1,1,2,76,76114,2,3,1,1,1
202300009745,20,10,2023,18:15,1,3,3,29,29139,1,4,2,2,2
202300009745,20,10,2023,18:15,1,3,3,29,29139,1,4,2,4,2
202300009746,21,10,2023,04:10,3,8,1,70,70408,1,3,2,1,1
202300009747,6,2,2023,19:40,5,1,5,69,69290,2,4,2,1,1
202300009747,6,2,2023,19:40,5,1,5,69,69290,2,4,2,1,1
202300009748,6,2,2023,13:45,1,1,7,69,69259,2,4,1,2,1
202300009749,21,10,2023,13:40,1,2,6,58,58295,2,4,2,1,2
202300009750,4,2,2023,18:00,2,1,5,67,67519,1,7,2,1,1
202300009751,4,2,2023,10:30,1,1,3,67,67482,2,4,2,1,2
202300009752,5,2,2023,10:30,1,1,6,66,66136,2,4,2,1,1
202300009753,5,2,2023,19:34,5,1,2,65,65440,2,3,1,1,1
202300009754,6,2,2023,19:00,5,1,5,64,64102,2,4,2,1,1
202300009755,6,2,2023,09:45,1,1,6,64,64102,2,4,3,1,1
202300009756,5,2,2023,07:06,1,1,6,63,63113,2,4,2,1,1
202300009757,27,1,2023,12:15,1,8,6,62,62193,2,4,2,1,1
202300009758,5,2,2023,11:10,1,1,2,62,62108,2,3,2,1,9
202300009759,6,2,2023,18:55,5,1,6,59,59616,2,4,2,1,1
202300009760,6,2,2023,07:35,5,1,6,59,59512,2,4,2,1,1
202300009761,6,2,2023,19:05,5,1,6,59,59378,2,4,2,1,1
202300009761,6,2,2023,19:05,5,1,6,59,59378,2,4,2,1,1
202300009762,19,1,2023,16:20,1,7,6,59,59271,2,3,-1,1,1
202300009763,5,2,2023,16:10,1,1,1,58,58194,2,4,-1,1,1
202300009764,4,2,2023,02:40,3,1,6,57,57757,1,3,2,1,1
202300009765,4,2,2023,01:25,3,2,7,57,57019,1,3,2,1,2
202300009766,5,2,2023,17:45,5,2,3,54,54395,2,4,1,1,2
202300009766,5,2,2023,17:45,5,2,3,54,54395,2,4,1,1,2
202300009767,4,2,2023,17:50,5,1,6,54,54526,2,7,2,1,2
202300009767,4,2,2023,17:50,5,1,6,54,54526,2,7,2,1,2
202300009768,6,2,2023,21:44,5,1,3,54,54580,2,3,2,2,1
202300009768,6,2,2023,21:44,5,1,3,54,54580,2,3,2,1,1
202300009769,6,2,2023,13:50,1,1,2,51,51454,2,4,1,1,1
202300009770,6,2,2023,10:40,1,1,2,51,51172,2,3,1,1,1
202300009771,4,2,2023,17:45,1,1,7,49,49099,2,4,2,1,1
202300009772,6,2,2023,19:45,5,1,2,45,45285,2,4,2,1,1
202300009772,6,2,2023,19:45,5,1,2,45,45285,2,4,1,1,1
202300009773,5,2,2023,22:24,5,1,1,45,45068,2,3,2,1,1
202300009773,5,2,2023,22:24,5,1,1,45,45068,2,3,2,1,1
202300009774,5,2,2023,18:55,5,1,3,45,45208,2,4,2,1,1
202300009774,5,2,2023,18:55,5,1,3,45,45208,2,4,2,1,1
202300009775,6,2,2023,08:15,1,1,6,44,44190,2,4,2,1,1
202300009776,6,2,2023,21:30,5,1,2,37,37261,2,4,3,1,1
202300009777,6,2,2023,07:48,2,1,6,37,37233,2,4,2,2,1
202300009777,6,2,2023,07:48,2,1,6,37,37233,2,4,2,1,1
202300009778,6,2,2023,13:25,1,1,6,35,35051,2,4,2,1,1
202300009779,5,2,2023,22:30,5,1,6,34,34032,2,4,2,1,1
202300009780,5,2,2023,06:45,3,1,3,33,33200,2,4,3,1,1
202300009780,5,2,2023,06:45,3,1,3,33,33200,2,4,2,1,1
202300009781,6,2,2023,16:20,1,8,7,30,30007,2,4,2,1,1
202300009781,6,2,2023,16:20,1,8,7,30,30007,2,4,2,1,1
202300009782,6,2,2023,16:30,1,1,2,27,27681,2,3,2,1,1
202300009783,6,2,2023,06:10,5,1,6,25,25462,2,2,2,1,9
202300009784,5,2,2023,19:20,5,4,3,25,25462,2,4,1,1,5
202300009784,5,2,2023,19:20,5,4,3,25,25462,2,4,2,1,5
202300009785,3,2,2023,20:22,5,1,6,21,21540,2,4,-1,1,1
202300009786,3,2,2023,19:45,5,1,3,19,19031,2,4,2,1,1
202300009786,3,2,2023,19:45,5,1,3,19,19031,2,4,2,1,1
202300009787,6,2,2023,08:27,1,1,2,17,17306,2,3,1,1,1
202300009788,6,2,2023,21:40,5,1,6,14,14118,2,3,-1,1,1
202300009789,3,2,2023,18:05,2,1,1,30,30032,1,3,2,1,1
202300009790,16,1,2023,00:15,5,1,3,30,30032,2,4,1,1,1
202300009791,6,2,2023,19:30,5,1,7,13,13002,2,4,2,2,1
202300009792,6,2,2023,15:00,1,1,3,13,13201,2,4,1,2,1
202300009792,6,2,2023,15:00,1,1,3,13,13201,2,4,1,1,1
202300009793,6,2,2023,11:10,1,1,3,13,13002,2,3,2,2,1
202300009793,6,2,2023,11:10,1,1,3,13,13002,2,3,2,2,1
202300009794,6,2,2023,07:57,2,1,3,13,13213,2,4,2,1,2
202300009795,6,2,2023,17:00,1,1,3,13,13001,2,4,2,1,1
202300009796,6,2,2023,08:30,1,8,6,04,04112,2,4,2,1,2
202300009797,6,2,2023,08:50,1,1,6,01,01053,2,4,2,1,1
202300009798,6,2,2023,16:10,1,1,2,75,75119,2,4,1,1,1
202300009799,6,2,2023,07:40,1,1,2,75,75116,2,4,1,1,1
202300009800,6,2,2023,08:00,1,1,2,75,75116,2,4,1,1,1
202300009801,7,2,2023,09:05,1,1,6,75,75120,2,4,2,2,1
202300009801,7,2,2023,09:05,1,1,6,75,75120,2,4,1,1,1
202300009802,7,2,2023,22:05,5,1,6,75,75119,2,4,1,1,1
202300009802,7,2,2023,22:05,5,1,6,75,75119,2,4,1,1,1
202300009803,7,2,2023,22:30,5,1,3,75,75118,2,4,1,1,1
202300009803,7,2,2023,22:30,5,1,3,75,75118,2,4,2,1,1
202300009804,7,2,2023,08:35,1,1,6,75,75117,2,4,-1,1,1
202300009804,7,2,2023,08:35,1,1,6,75,75117,2,4,1,1,1
202300009805,7,2,2023,13:45,1,1,3,75,75115,2,4,1,1,1
202300009805,7,2,2023,13:45,1,1,3,75,75115,2,4,1,1,1
202300009806,6,2,2023,14:00,1,1,3,75,75114,2,4,3,1,1
202300009806,6,2,2023,14:00,1,1,3,75,75114,2,4,1,1,1
202300009807,7,2,2023,11:10,1,1,6,75,75113,2,4,2,1,1
202300009808,7,2,2023,10:20,1,1,6,75,75112,2,4,1,1,1
202300009809,7,2,2023,15:50,1,1,3,75,75103,2,4,2,1,1
202300009809,7,2,2023,15:50,1,1,3,75,75103,2,4,1,1,1
202300009810,7,2,2023,18:44,5,1,6,94,94077,2,4,1,1,1
202300009810,7,2,2023,18:44,5,1,6,94,94077,2,4,2,1,1
202300009811,7,2,2023,18:40,5,1,3,94,94076,2,3,2,1,1
202300009811,7,2,2023,18:40,5,1,3,94,94076,2,3,1,1,1
202300009812,7,2,2023,10:30,1,1,1,94,94003,2,3,3,1,1
202300009812,7,2,2023,10:30,1,1,1,94,94003,2,3,2,2,1
202300009813,7,2,2023,08:20,1,1,3,94,94041,2,3,1,2,1
202300009814,7,2,2023,19:30,5,1,2,94,94034,2,3,1,1,1
202300009815,7,2,2023,14:15,1,1,6,93,93066,2,4,1,1,1
202300009816,7,2,2023,10:30,1,1,6,93,93039,2,4,2,1,1
202300009817,7,2,2023,08:20,1,1,3,93,93048,2,3,2,1,1
202300009818,7,2,2023,13:10,1,1,3,93,93046,2,4,2,4,1
202300009819,7,2,2023,09:30,1,1,3,93,93010,2,3,2,1,1
202300009819,7,2,2023,09:30,1,1,3,93,93010,2,3,3,1,1
202300009820,7,2,2023,22:15,5,1,3,92,92063,2,4,1,2,1
202300009821,7,2,2023,17:00,1,1,6,92,92062,2,3,3,1,1
202300009822,6,2,2023,10:21,1,1,3,92,92049,2,4,2,1,1
202300009823,7,2,2023,18:20,5,1,4,92,92026,2,4,2,1,1
202300009824,7,2,2023,16:00,1,1,3,92,92024,2,3,1,1,1
202300009825,7,2,2023,08:30,1,1,3,92,92014,2,3,2,2,1
202300009825,7,2,2023,08:30,1,1,3,92,92014,2,3,2,2,1
202300009826,8,2,2023,11:15,1,1,6,08,08362,2,3,2,1,1
202300009827,7,2,2023,12:55,1,1,3,95,95313,2,3,2,1,1
202300009828,7,2,2023,18:20,3,1,6,95,95313,2,4,2,1,1
202300009829,8,2,2023,12:20,1,1,3,62,62852,2,3,2,1,1
202300009830,8,2,2023,07:24,2,1,3,11,11172,1,3,2,1,1
202300009830,8,2,2023,07:24,2,1,3,11,11172,1,3,2,1,1
202300009831,8,2,2023,12:35,1,7,2,29,29020,1,2,3,1,1
202300009832,29,4,2023,20:30,1,1,1,95,95582,1,3,-1,1,1
202300009833,28,4,2023,23:20,3,1,6,95,95151,1,2,3,1,1
202300009834,29,4,2023,17:45,1,1,2,94,94042,1,1,1,1,1
202300009835,28,4,2023,13:20,1,1,3,94,94017,1,1,1,1,1
202300009836,29,4,2023,18:50,5,1,6,988,98818,2,4,2,2,1
202300009836,29,4,2023,18:50,5,1,6,988,98818,2,4,3,2,1
202300009837,29,4,2023,19:50,5,1,3,976,97611,2,3,-1,2,1
202300009838,11,4,2023,07:30,1,1,3,973,97302,2,3,2,1,1
202300009838,11,4,2023,07:30,1,1,3,973,97302,2,3,2,1,1
202300009839,29,4,2023,00:30,5,2,3,69,69266,2,4,2,1,2
202300009840,28,4,2023,04:00,3,1,6,972,97209,1,1,1,2,1
202300009841,25,4,2023,19:40,2,3,2,972,97209,2,3,2,1,2
202300009842,29,4,2023,09:50,1,8,7,69,69385,2,4,1,2,2
202300009843,29,4,2023,22:24,3,1,3,2B,2B120,1,2,3,1,1
202300009844,29,4,2023,00:05,5,1,6,95,95268,2,3,2,1,1
202300009845,29,4,2023,14:50,1,8,6,91,91657,2,3,2,1,1
202300009846,29,4,2023,01:15,3,1,2,85,85194,2,4,-1,1,1
202300009847,29,4,2023,10:20,1,1,3,83,83098,2,4,2,2,1
202300009848,29,4,2023,15:29,1,1,2,83,83129,2,3,2,3,1
202300009849,29,4,2023,04:40,5,1,6,83,83069,1,3,2,1,1
202300009850,29,4,2023,09:10,1,1,3,77,77122,2,4,-1,1,1
202300009850,29,4,2023,09:10,1,1,3,77,77122,2,4,-1,1,1
202300009851,29,4,2023,23:45,4,1,1,76,76108,2,7,2,1,1
202300009851,29,4,2023,23:45,4,1,1,76,76108,2,7,1,1,1
202300009852,29,4,2023,19:00,1,1,4,76,76540,2,7,2,1,1
202300009853,29,4,2023,18:15,1,1,3,76,76540,2,4,2,1,1
202300009854,29,4,2023,10:40,1,1,3,76,76540,2,7,2,1,1
202300009855,29,4,2023,13:40,1,1,6,72,72003,2,4,2,1,1
202300009856,29,4,2023,21:25,5,1,3,71,71076,2,4,3,1,1
202300009856,29,4,2023,21:25,5,1,3,71,71076,2,4,2,1,1
202300009857,29,4,2023,12:52,1,2,2,64,64129,2,4,-1,1,2
202300009858,29,4,2023,11:27,1,2,3,64,64024,2,4,2,1,2
202300009859,29,4,2023,19:15,1,1,2,61,61001,2,3,2,1,1
202300009859,29,4,2023,19:15,1,1,2,61,61001,2,3,2,1,1
202300009860,29,4,2023,07:10,1,8,6,59,59512,2,7,3,1,1
202300009861,29,4,2023,21:45,5,1,3,59,59350,2,4,1,1,1
202300009861,29,4,2023,21:45,5,1,3,59,59350,2,4,1,1,1
202300009862,29,4,2023,03:50,5,1,3,59,59350,2,4,1,1,1
202300009862,29,4,2023,03:50,5,1,3,59,59350,2,4,2,1,1
202300009863,29,4,2023,16:08,1,8,6,57,57660,2,4,2,1,1
202300009864,29,4,2023,17:20,1,1,3,51,51454,2,4,2,1,1
202300009865,29,4,2023,16:18,1,1,3,49,49007,2,4,2,1,1
202300009865,29,4,2023,16:18,1,1,3,49,49007,2,4,3,1,1
202300009866,28,4,2023,19:00,1,1,1,46,46042,2,3,2,1,1
202300009867,29,4,2023,04:10,5,2,3,38,38185,2,4,1,1,2
202300009867,29,4,2023,04:10,5,2,3,38,38185,2,4,1,2,2
202300009868,29,4,2023,04:15,5,1,6,37,37261,2,4,2,1,1