id_accident,jour,mois,annee,heure_minute,luminosite,meteo,type_collision,departement,commune,agglomeration,categorie_route,regime_circulation,profil_route,etat_surface
202300009869,29,4,2023,12:30,1,1,3,33,33281,2,4,1,1,1
202300009870,29,4,2023,13:45,1,2,2,33,33063,2,4,3,1,2
202300009870,29,4,2023,13:45,1,2,2,33,33063,2,4,1,1,2
202300009871,28,4,2023,16:00,1,1,3,33,33119,2,4,3,2,1
202300009872,28,4,2023,19:35,1,1,6,33,33009,2,4,2,1,1
202300009873,28,3,2023,18:05,1,1,3,29,29232,2,3,4,1,1
202300009874,28,4,2023,07:30,2,1,2,29,29019,2,4,-1,1,1
202300009875,29,4,2023,21:40,3,1,6,28,28085,2,4,-1,1,1
202300009876,29,4,2023,18:00,1,1,7,26,26198,1,4,2,1,1
202300009877,29,4,2023,05:40,5,1,2,25,25056,2,4,2,2,2
202300009877,29,4,2023,05:40,5,1,2,25,25056,2,4,2,2,2
202300009878,28,4,2023,17:13,1,1,3,10,10387,2,4,2,1,1
202300009878,28,4,2023,17:13,1,1,3,10,10387,2,4,1,1,1
202300009879,29,4,2023,13:10,1,1,3,03,03190,2,3,1,2,1
202300009879,29,4,2023,13:10,1,1,3,03,03190,2,3,-1,1,1
202300009880,28,4,2023,18:30,1,7,3,03,03101,2,2,2,1,1
202300009880,28,4,2023,18:30,1,7,3,03,03101,2,2,1,2,1
202300009881,29,4,2023,08:05,1,1,2,75,75112,2,4,1,1,1
202300009882,29,4,2023,18:30,1,1,3,75,75118,2,4,1,1,1
202300009882,29,4,2023,18:30,1,1,3,75,75118,2,4,-1,1,1
202300009883,29,4,2023,16:30,1,1,3,75,75117,2,4,1,1,1
202300009884,29,4,2023,14:20,1,1,2,75,75116,2,4,3,1,1
202300009885,29,4,2023,10:30,1,1,3,75,75115,2,4,2,1,1
202300009885,29,4,2023,10:30,1,1,3,75,75115,2,4,1,1,1
202300009886,29,4,2023,16:45,1,1,6,75,75104,2,4,1,1,1
202300009886,29,4,2023,16:45,1,1,6,75,75104,2,4,1,1,1
202300009887,29,4,2023,11:50,1,1,6,75,75102,2,4,1,1,1
202300009887,29,4,2023,11:50,1,1,6,75,75102,2,4,2,1,1
202300009888,28,4,2023,17:55,1,1,3,75,75112,2,4,2,1,1
202300009888,28,4,2023,17:55,1,1,3,75,75112,2,4,1,1,1
202300009889,29,4,2023,12:10,1,1,3,94,94068,2,3,2,1,1
202300009889,29,4,2023,12:10,1,1,3,94,94068,2,3,2,1,1
202300009890,29,4,2023,08:40,1,2,6,94,94002,2,3,3,1,2
202300009891,28,4,2023,21:40,5,1,2,94,94002,2,3,3,1,1
202300009891,28,4,2023,21:40,5,1,2,94,94002,2,3,2,1,1
202300009892,29,4,2023,05:00,3,1,2,93,93073,2,9,1,1,1
202300009893,29,4,2023,19:50,1,1,3,93,93048,2,3,2,1,1
202300009893,29,4,2023,19:50,1,1,3,93,93048,2,3,2,1,1
202300009894,29,4,2023,19:10,1,1,4,93,93031,2,3,3,1,1
202300009895,28,4,2023,18:30,1,1,3,93,93047,2,3,2,1,1
202300009895,28,4,2023,18:30,1,1,3,93,93047,2,3,1,1,1
202300009896,29,4,2023,21:00,2,1,6,93,93005,2,3,2,1,1
202300009897,29,4,2023,20:00,1,1,1,93,93001,2,3,2,1,1
202300009898,29,4,2023,18:50,1,1,2,92,92063,2,3,-1,1,1
202300009899,29,4,2023,17:30,1,1,3,92,92051,2,3,2,1,1
202300009900,1,5,2023,15:25,1,1,6,60,60223,2,4,2,1,1
202300009901,29,4,2023,14:40,1,8,7,45,45334,1,3,2,2,1
202300009902,30,4,2023,16:50,1,2,4,06,06044,2,3,3,4,2
202300009903,23,4,2023,19:20,2,2,3,28,28021,1,3,2,1,2
202300009903,23,4,2023,19:20,2,2,3,28,28021,1,3,2,1,2
202300009904,1,5,2023,02:30,3,1,1,972,97221,1,2,3,1,1
202300009905,1,5,2023,02:08,5,1,1,974,97413,1,4,2,2,1
202300009906,30,4,2023,16:30,1,1,6,19,19148,1,3,2,2,1
202300009907,29,4,2023,20:30,2,1,7,59,59135,1,3,2,1,1
202300009908,29,4,2023,11:30,1,1,3,76,76208,1,3,2,1,1
202300009909,30,4,2023,05:30,3,1,7,76,76067,2,3,2,1,1
202300009910,29,4,2023,17:10,1,1,6,63,63234,1,3,2,2,2
202300009911,30,4,2023,16:30,1,1,1,49,49125,2,4,2,1,1
202300009911,30,4,2023,16:30,1,1,1,49,49125,2,4,2,1,1
202300009912,28,4,2023,15:30,1,1,7,12,12171,1,3,2,1,1
202300009913,29,4,2023,23:00,3,3,7,46,46183,1,3,2,1,2
202300009914,1,5,2023,00:10,3,1,5,47,47195,1,3,2,1,1
202300009915,30,4,2023,11:11,1,1,3,86,86290,2,4,2,1,1
202300009915,30,4,2023,11:11,1,1,3,86,86290,2,4,2,1,1
202300009916,30,4,2023,11:28,1,1,3,68,68302,1,3,3,1,1
202300009917,1,5,2023,07:20,1,1,7,02,02447,1,3,2,1,1
202300009918,30,4,2023,15:15,1,1,6,02,02280,1,4,2,2,9
202300009919,30,4,2023,18:10,1,1,6,01,01236,1,3,2,1,1
202300009920,1,5,2023,15:00,1,1,7,58,58210,1,3,2,4,1
202300009921,30,4,2023,17:30,1,5,2,66,66146,1,2,2,2,1
202300009922,30,4,2023,16:10,1,1,1,72,72080,1,3,2,1,1
202300009923,29,4,2023,18:55,1,1,7,50,50579,2,3,2,1,1
202300009924,30,4,2023,17:20,1,1,6,43,43113,2,4,2,1,1
202300009924,30,4,2023,17:20,1,1,6,43,43113,2,4,2,3,1
202300009925,30,4,2023,16:30,1,1,1,16,16347,2,3,2,3,1
202300009926,1,5,2023,08:30,1,1,7,24,24443,1,4,2,2,1
202300009927,1,5,2023,10:57,1,1,3,85,85020,2,3,2,1,1
202300009928,30,4,2023,20:05,2,1,1,37,37257,1,3,2,1,1
202300009929,30,4,2023,17:05,1,1,1,08,08311,1,3,2,2,1
202300009930,29,4,2023,17:50,2,1,3,987,98745,1,2,2,1,1
202300009931,30,4,2023,20:48,2,1,2,37,37072,1,3,2,2,1
202300009931,30,4,2023,20:48,2,1,2,37,37072,1,3,2,1,1
202300009932,30,4,2023,18:45,1,1,7,77,77455,1,3,-1,1,1
202300009933,1,5,2023,12:35,1,1,7,83,83127,1,3,2,1,1
202300009934,1,5,2023,11:30,1,1,5,83,83030,1,3,1,1,1
202300009934,1,5,2023,11:30,1,1,5,83,83030,1,3,2,1,1
202300009935,30,4,2023,23:30,3,1,7,67,67345,1,4,2,1,1
202300009936,1,5,2023,10:55,1,1,7,88,88196,1,3,2,2,1
202300009937,1,5,2023,15:50,1,1,1,38,38467,1,3,-1,1,1
202300009937,1,5,2023,15:50,1,1,1,38,38467,1,3,-1,1,1
202300009938,30,4,2023,20:10,2,1,6,07,07245,1,3,2,1,1
202300009939,19,4,2023,21:00,5,1,3,69,69157,1,2,1,1,1
202300009940,1,5,2023,12:50,1,1,6,33,33207,2,4,2,1,1
202300009941,30,4,2023,23:45,5,1,7,76,76533,1,4,3,1,1
202300009942,30,4,2023,19:40,1,1,3,80,80176,1,3,2,1,1
202300009942,30,4,2023,19:40,1,1,3,80,80176,1,3,-1,-1,1
202300009943,30,4,2023,20:00,1,1,7,80,80561,1,3,2,1,1
202300009944,30,4,2023,17:45,1,1,6,62,62693,1,3,2,3,1
202300009945,29,4,2023,17:09,1,1,3,13,13071,1,1,-1,1,1
202300009946,29,4,2023,06:00,2,1,6,13,13211,1,1,-1,1,1
202300009947,28,4,2023,02:20,3,1,7,13,13005,1,1,3,1,1
202300009948,28,4,2023,10:45,1,1,6,13,13022,1,1,1,2,1
202300009949,28,4,2023,22:10,5,1,5,83,83137,1,1,3,4,1
202300009950,26,4,2023,22:00,3,1,2,91,91659,1,1,1,3,1
202300009951,29,4,2023,13:58,1,1,2,92,92036,1,1,1,1,1
202300009952,29,4,2023,01:52,3,1,6,78,78466,1,1,1,1,1
202300009953,28,4,2023,22:33,5,1,6,92,92064,1,1,1,1,1
202300009954,28,4,2023,20:30,1,1,4,93,93007,1,1,3,1,1
202300009955,29,4,2023,04:20,3,1,1,92,92036,1,1,3,1,1
202300009956,28,4,2023,12:10,1,1,3,93,93027,1,1,1,4,1
202300009957,28,4,2023,08:30,1,2,3,93,93029,1,1,3,1,2
202300009958,27,4,2023,10:56,1,2,3,973,97302,2,3,2,1,2
202300009959,27,4,2023,08:01,1,1,3,973,97302,2,3,2,1,1
202300009960,28,4,2023,19:00,1,2,3,69,69382,2,4,1,1,2
202300009960,28,4,2023,19:00,1,2,3,69,69382,2,4,1,1,2
202300009961,28,4,2023,17:40,1,1,3,69,69381,2,4,2,2,1
202300009961,28,4,2023,17:40,1,1,3,69,69381,2,4,2,1,1
202300009962,28,4,2023,12:25,1,1,3,69,69385,2,4,2,2,9
202300009962,28,4,2023,12:25,1,1,3,69,69385,2,4,2,4,1
202300009963,28,4,2023,10:15,1,1,2,69,69385,2,4,2,1,1
202300009964,4,6,2023,18:45,1,1,6,54,54300,2,4,2,1,1
202300009965,4,6,2023,19:27,2,1,6,54,54575,1,3,2,1,1
202300009966,28,4,2023,04:30,5,1,3,69,69382,2,4,1,1,1
202300009966,28,4,2023,04:30,5,1,3,69,69382,2,4,1,1,1
202300009967,4,6,2023,17:05,1,7,6,53,53130,2,4,1,1,1
202300009968,26,4,2023,18:08,1,1,3,69,69034,2,7,1,2,1
202300009968,26,4,2023,18:08,1,1,3,69,69034,2,7,2,1,1
202300009969,4,6,2023,20:00,1,1,3,44,44109,2,4,2,1,1
202300009970,28,4,2023,22:02,5,1,6,2B,2B037,2,3,3,1,1
202300009971,4,6,2023,13:00,1,1,1,44,44109,2,4,2,1,1
202300009972,28,4,2023,20:45,2,1,6,95,95476,1,3,1,3,1
202300009973,3,6,2023,16:26,1,1,6,42,42053,1,7,2,2,1
202300009974,28,4,2023,05:15,3,2,3,95,95218,2,2,3,1,2
202300009974,28,4,2023,05:15,3,2,3,95,95218,2,2,2,1,2
202300009975,2,6,2023,08:00,1,1,3,42,42207,2,4,1,1,1
202300009975,2,6,2023,08:00,1,1,3,42,42207,2,4,1,2,1
202300009976,3,6,2023,14:30,1,1,3,38,38053,2,4,3,1,1
202300009976,3,6,2023,14:30,1,1,3,38,38053,2,4,1,1,1
202300009977,28,4,2023,10:54,1,1,2,87,87085,2,4,2,1,1
202300009977,28,4,2023,10:54,1,1,2,87,87085,2,4,2,1,1
202300009978,4,6,2023,15:45,1,1,2,35,35051,1,2,3,1,1
202300009979,27,4,2023,17:27,1,1,3,87,87065,2,3,1,1,1
202300009980,4,6,2023,03:45,5,1,6,35,35238,2,4,2,2,1
202300009981,27,4,2023,14:26,1,1,3,87,87050,1,3,2,1,1
202300009981,27,4,2023,14:26,1,1,3,87,87050,1,3,2,1,1
202300009982,4,6,2023,11:30,1,1,3,30,30028,2,3,2,1,1
202300009982,4,6,2023,11:30,1,1,3,30,30028,2,3,2,1,1
202300009983,28,4,2023,08:10,1,1,1,83,83137,2,3,2,1,1
202300009983,28,4,2023,08:10,1,1,1,83,83137,2,3,2,1,1
202300009984,3,6,2023,06:50,1,1,6,29,29232,2,4,2,1,1
202300009985,21,4,2023,18:55,1,1,6,80,80021,2,4,2,1,1
202300009986,4,6,2023,05:45,2,1,6,29,29019,2,4,2,2,1
202300009987,4,6,2023,10:00,1,1,2,28,28134,1,2,1,2,1
202300009988,28,4,2023,18:05,1,1,6,72,72181,2,4,2,1,1
202300009989,3,6,2023,20:00,1,1,3,25,25056,2,4,1,1,1
202300009990,28,4,2023,18:15,1,1,3,69,69275,2,4,2,3,1
202300009990,28,4,2023,18:15,1,1,3,69,69275,2,4,2,1,1
202300009991,28,4,2023,13:00,1,1,1,69,69266,2,4,2,1,1
202300009991,28,4,2023,13:00,1,1,1,69,69266,2,4,2,1,1
202300009992,2,6,2023,17:30,1,1,3,15,15014,2,4,2,1,1
202300009992,2,6,2023,17:30,1,1,3,15,15014,2,4,-1,1,1
202300009993,4,6,2023,18:40,1,2,7,13,13208,2,4,2,1,2
202300009994,26,4,2023,21:12,5,1,2,68,68066,2,3,2,1,1
202300009994,26,4,2023,21:12,5,1,2,68,68066,2,3,2,1,1
202300009995,26,4,2023,19:35,1,1,1,66,66136,2,4,2,1,1
202300009995,26,4,2023,19:35,1,1,1,66,66136,2,4,2,1,1
202300009996,4,6,2023,16:30,1,1,1,13,13209,2,7,2,1,1
202300009996,4,6,2023,16:30,1,1,1,13,13209,2,7,2,1,1
202300009997,28,4,2023,12:22,1,1,3,65,65047,2,2,2,1,1
202300009997,28,4,2023,12:22,1,1,3,65,65047,2,2,2,1,1
202300009998,4,6,2023,11:10,1,1,3,06,06029,2,4,-1,1,1
202300009999,28,4,2023,12:10,1,1,4,64,64445,1,3,2,1,1
202300010000,27,4,2023,19:54,1,1,2,63,63113,2,4,1,1,1
202300010000,27,4,2023,19:54,1,1,2,63,63113,2,4,2,1,1
202300010001,4,6,2023,15:50,1,1,3,75,75118,2,4,1,1,1
202300010002,27,4,2023,21:25,3,2,7,56,56083,2,3,1,1,2
202300010003,27,4,2023,16:50,1,1,6,54,54395,2,4,2,1,1
202300010003,27,4,2023,16:50,1,1,6,54,54395,2,4,2,2,1
202300010004,4,6,2023,13:30,1,1,2,75,75116,2,4,-1,1,1
202300010005,26,4,2023,10:06,1,1,3,51,51108,2,3,2,2,1
202300010005,26,4,2023,10:06,1,1,3,51,51108,2,3,3,2,1
202300010006,4,6,2023,12:04,1,1,3,75,75120,2,4,2,1,1
202300010006,4,6,2023,12:04,1,1,3,75,75120,2,4,2,1,1
202300010007,28,4,2023,10:25,1,1,3,49,49099,2,3,2,3,1
202300010007,28,4,2023,10:25,1,1,3,49,49099,2,3,2,2,1
202300010008,27,4,2023,17:11,1,2,7,49,49007,2,4,2,1,2
202300010009,4,6,2023,05:55,4,1,3,75,75120,2,4,2,1,1
202300010009,4,6,2023,05:55,4,1,3,75,75120,2,4,2,2,1
202300010010,27,4,2023,13:51,1,2,1,49,49015,2,4,2,1,2
202300010011,4,6,2023,20:10,1,1,3,75,75118,2,4,1,1,1
202300010011,4,6,2023,20:10,1,1,3,75,75118,2,4,1,1,1
202300010012,27,4,2023,14:03,1,1,3,49,49007,2,4,3,1,2
202300010012,27,4,2023,14:03,1,1,3,49,49007,2,4,2,1,2
202300010013,28,4,2023,22:19,5,1,3,45,45234,2,4,3,1,1
202300010014,3,6,2023,18:17,1,1,3,75,75117,2,4,1,1,1
202300010014,3,6,2023,18:17,1,1,3,75,75117,2,4,1,1,1
202300010015,4,6,2023,12:35,1,1,6,75,75114,2,4,2,1,1
202300010016,28,4,2023,20:10,1,1,3,44,44162,2,4,3,1,1
202300010017,28,4,2023,13:45,1,1,6,38,38151,2,4,2,1,1
202300010018,4,6,2023,20:30,2,7,3,75,75112,2,4,2,1,1
202300010018,4,6,2023,20:30,2,7,3,75,75112,2,4,2,1,1
202300010019,4,6,2023,06:30,1,1,2,75,75103,2,4,4,1,1
202300010020,27,4,2023,08:10,1,7,3,38,38421,2,4,2,1,1
202300010020,27,4,2023,08:10,1,7,3,38,38421,2,4,2,1,1
202300010021,4,6,2023,06:20,2,1,6,75,75111,2,4,3,1,1
202300010022,28,4,2023,18:30,1,1,6,37,37261,2,4,2,1,1
202300010023,4,6,2023,01:00,5,1,3,75,75108,2,4,1,1,1
202300010023,4,6,2023,01:00,5,1,3,75,75108,2,4,1,1,1
202300010024,28,4,2023,18:25,1,1,3,37,37261,2,4,-1,1,1
202300010024,28,4,2023,18:25,1,1,3,37,37261,2,4,-1,1,1
202300010025,28,4,2023,14:05,1,1,6,33,33063,2,4,2,1,1
202300010025,28,4,2023,14:05,1,1,6,33,33063,2,4,2,1,1
202300010026,3,6,2023,16:30,1,1,3,75,75116,2,4,2,1,1
202300010026,3,6,2023,16:30,1,1,3,75,75116,2,4,2,1,1
202300010027,22,3,2023,13:40,1,1,1,30,30189,2,4,3,1,1
202300010027,22,3,2023,13:40,1,1,1,30,30189,2,4,1,1,1
202300010028,27,4,2023,17:50,1,2,2,29,29019,2,4,2,1,2
202300010028,27,4,2023,17:50,1,2,2,29,29019,2,4,-1,1,2
202300010029,4,6,2023,18:40,1,1,6,94,94074,2,3,-1,1,1
202300010030,28,4,2023,15:20,1,1,2,28,28134,1,2,1,1,1
202300010031,4,6,2023,14:00,1,7,3,94,94078,2,2,1,1,1
202300010031,4,6,2023,14:00,1,7,3,94,94078,2,2,2,1,1
202300010032,27,4,2023,18:00,1,2,3,27,27681,2,3,2,2,2
202300010033,28,4,2023,18:20,1,1,6,25,25580,2,4,2,1,1
202300010034,4,6,2023,09:15,1,1,3,94,94081,2,3,2,1,1
202300010034,4,6,2023,09:15,1,1,3,94,94081,2,3,2,1,1
202300010035,28,4,2023,01:30,5,9,6,25,25056,2,4,2,2,9
202300010036,3,4,2023,23:33,5,1,6,94,94077,2,3,1,4,1
202300010037,28,4,2023,10:35,1,1,6,13,13103,2,4,1,1,1
202300010038,4,6,2023,00:40,5,1,6,94,94073,2,4,2,1,1
202300010039,27,4,2023,19:58,1,1,6,10,10333,2,4,2,1,1
202300010040,28,4,2023,14:00,1,1,7,07,07281,1,3,2,2,1
202300010041,4,6,2023,12:40,1,1,4,94,94019,2,3,2,2,1
202300010042,28,4,2023,12:00,1,1,7,07,07102,2,4,1,1,1
202300010043,28,4,2023,03:20,5,1,6,06,06069,2,3,2,2,1
202300010044,4,6,2023,03:00,5,1,6,93,93073,2,4,2,1,1
202300010045,27,4,2023,23:30,5,2,2,75,75116,2,4,1,1,2
202300010046,27,4,2023,16:55,1,1,2,75,75114,2,4,1,1,1
202300010047,4,6,2023,15:30,1,1,3,93,93072,2,4,2,1,1
202300010048,27,4,2023,08:20,1,1,3,75,75118,2,4,1,1,1
202300010049,26,4,2023,13:20,1,1,5,75,75116,2,4,1,1,1
202300010050,3,6,2023,23:15,5,1,2,93,93064,2,4,2,1,1
202300010051,26,4,2023,23:20,5,1,4,75,75120,2,4,1,1,1
202300010052,28,4,2023,00:05,5,2,7,75,75119,2,4,1,1,2
202300010053,3,6,2023,23:45,5,1,3,93,93055,2,3,2,1,1
202300010053,3,6,2023,23:45,5,1,3,93,93055,2,3,1,1,1
202300010054,28,4,2023,09:30,1,1,7,75,75117,2,4,1,1,2
202300010055,28,4,2023,02:20,5,3,7,75,75116,2,4,-1,1,2
202300010056,4,6,2023,18:40,1,7,1,93,93053,2,3,2,2,1
202300010056,4,6,2023,18:40,1,7,1,93,93053,2,3,2,2,1
202300010057,26,4,2023,23:50,5,8,6,75,75116,2,4,2,4,2
202300010057,26,4,2023,23:50,5,8,6,75,75116,2,4,-1,4,2
202300010058,4,6,2023,17:45,1,1,3,93,93051,2,4,2,1,1
202300010058,4,6,2023,17:45,1,1,3,93,93051,2,4,1,1,1
202300010059,27,4,2023,21:10,5,2,3,75,75114,2,4,2,1,2
202300010059,27,4,2023,21:10,5,2,3,75,75114,2,4,1,1,2
202300010060,28,4,2023,16:00,1,1,3,75,75113,2,4,1,1,1
202300010060,28,4,2023,16:00,1,1,3,75,75113,2,4,1,1,1
202300010061,4,6,2023,14:30,1,1,3,93,93051,2,4,1,1,1
202300010061,4,6,2023,14:30,1,1,3,93,93051,2,4,1,1,1
202300010062,28,4,2023,14:40,1,1,5,75,75112,2,4,1,1,1
202300010063,28,4,2023,12:05,1,1,3,75,75111,2,4,1,2,1
202300010063,28,4,2023,12:05,1,1,3,75,75111,2,4,1,1,1
202300010064,27,4,2023,23:20,5,2,3,75,75110,2,4,1,1,2
202300010064,27,4,2023,23:20,5,2,3,75,75110,2,4,1,1,2
202300010065,4,6,2023,18:50,1,1,6,93,93050,2,4,2,1,1
202300010065,4,6,2023,18:50,1,1,6,93,93050,2,4,2,1,1
202300010066,28,4,2023,02:55,5,3,2,75,75116,2,4,-1,1,2
202300010066,28,4,2023,02:55,5,3,2,75,75116,2,4,1,2,2
202300010067,4,6,2023,22:00,2,1,3,93,93046,2,3,3,1,1
202300010068,4,6,2023,20:30,1,1,3,93,93029,2,3,2,1,1
202300010069,4,6,2023,18:30,1,1,4,93,93057,2,3,3,1,1
202300010070,4,6,2023,21:00,1,1,2,93,93007,2,4,1,1,1
202300010071,22,11,2023,08:50,1,1,2,75,75120,2,4,1,1,1
202300010072,4,6,2023,16:19,1,1,2,92,92050,2,4,2,2,1
202300010073,21,11,2023,21:00,5,1,5,75,75112,2,4,-1,1,1
202300010074,3,6,2023,12:20,1,1,2,59,59594,2,3,2,1,1
202300010075,21,11,2023,19:20,5,8,2,75,75112,2,4,1,1,1
202300010076,3,6,2023,15:25,1,8,7,39,39085,1,3,2,3,1
202300010077,23,11,2023,16:55,2,1,2,75,75119,2,4,2,1,1
202300010077,23,11,2023,16:55,2,1,2,75,75119,2,4,1,1,1
202300010078,3,6,2023,15:15,1,1,3,35,35328,1,3,2,1,1
202300010079,23,11,2023,10:00,1,2,2,75,75119,2,4,2,1,2
202300010079,23,11,2023,10:00,1,2,2,75,75119,2,4,2,1,2
202300010080,30,5,2023,14:30,1,1,7,50,50493,2,3,2,2,1
202300010080,30,5,2023,14:30,1,1,7,50,50493,2,3,2,2,1
202300010081,23,11,2023,16:03,1,8,3,75,75117,2,4,1,1,1
202300010081,23,11,2023,16:03,1,8,3,75,75117,2,4,1,1,1
202300010082,4,6,2023,23:00,3,1,6,37,37123,1,3,2,1,1
202300010083,23,11,2023,10:20,1,8,2,75,75117,2,4,2,1,2
202300010084,3,6,2023,17:00,1,1,7,86,86153,2,2,2,1,1
202300010085,22,11,2023,16:55,2,1,3,75,75116,2,4,2,1,1
202300010086,4,6,2023,07:30,1,1,6,2A,2A211,1,2,2,1,2
202300010087,23,11,2023,22:00,5,1,6,75,75115,2,4,2,1,1
202300010088,22,11,2023,11:30,1,1,3,75,75115,2,4,2,1,1
202300010089,3,6,2023,17:10,1,1,3,38,38336,1,3,2,1,1
202300010089,3,6,2023,17:10,1,1,3,38,38336,1,3,2,1,1
202300010090,22,11,2023,19:30,2,1,6,75,75115,2,4,-1,1,1
202300010090,22,11,2023,19:30,2,1,6,75,75115,2,4,2,1,1
202300010091,22,11,2023,19:00,2,1,7,75,75115,2,4,-1,1,1
202300010092,5,6,2023,13:20,1,1,3,86,86128,2,3,2,1,1
202300010092,5,6,2023,13:20,1,1,3,86,86128,2,3,2,1,1
202300010093,23,11,2023,13:50,1,1,5,75,75114,2,4,2,1,1
202300010093,23,11,2023,13:50,1,1,5,75,75114,2,4,2,1,1
202300010094,23,11,2023,17:35,5,8,6,75,75111,2,4,1,1,1
202300010095,4,6,2023,18:45,1,1,5,66,66190,1,1,3,1,1
202300010096,23,11,2023,15:35,1,1,3,75,75111,2,4,2,1,1
202300010097,3,6,2023,14:35,1,1,3,66,66144,1,1,2,1,1
202300010098,23,11,2023,06:40,5,1,3,75,75111,2,4,2,1,1
202300010098,23,11,2023,06:40,5,1,3,75,75111,2,4,1,2,1
202300010099,23,11,2023,20:00,5,1,6,75,75108,2,4,1,1,1
202300010099,23,11,2023,20:00,5,1,6,75,75108,2,4,1,1,1
202300010100,4,6,2023,11:55,1,1,3,52,52114,1,3,2,1,1
202300010100,4,6,2023,11:55,1,1,3,52,52114,1,3,2,-1,1
202300010101,23,11,2023,09:40,1,2,3,75,75108,2,4,1,1,2
202300010101,23,11,2023,09:40,1,2,3,75,75108,2,4,2,1,2
202300010102,4,6,2023,19:40,1,7,1,95,95052,1,3,2,2,1
202300010103,22,11,2023,13:30,1,1,3,94,94028,2,4,2,1,1
202300010103,22,11,2023,13:30,1,1,3,94,94028,2,4,2,2,1
202300010104,30,12,2023,04:00,3,1,2,13,13206,2,4,1,2,1
202300010105,22,11,2023,09:35,1,1,3,94,94028,2,4,2,1,1
202300010106,29,12,2023,23:30,3,1,1,13,13047,1,3,2,1,1
202300010106,29,12,2023,23:30,3,1,1,13,13047,1,3,2,1,1
202300010107,5,6,2023,09:03,1,1,6,57,57469,1,3,2,1,1
202300010108,22,11,2023,22:30,5,1,3,94,94022,2,3,1,1,1
202300010108,22,11,2023,22:30,5,1,3,94,94022,2,3,1,1,1
202300010109,30,12,2023,23:36,5,1,3,06,06155,2,3,2,1,1
202300010109,30,12,2023,23:36,5,1,3,06,06155,2,3,-1,1,1
202300010110,23,11,2023,11:25,1,2,6,94,94079,2,6,-1,1,2
202300010111,30,12,2023,22:46,5,1,6,75,75106,2,4,1,1,1
202300010111,30,12,2023,22:46,5,1,6,75,75106,2,4,2,1,1
202300010112,30,5,2023,12:40,1,1,6,71,71195,1,1,3,1,1
202300010113,30,12,2023,05:15,5,1,3,75,75120,2,4,1,1,1
202300010113,30,12,2023,05:15,5,1,3,75,75120,2,4,3,1,1
202300010114,23,11,2023,07:45,2,1,4,94,94004,1,2,2,1,1
202300010115,23,11,2023,10:50,2,1,6,94,94002,1,4,2,1,2
202300010116,30,12,2023,16:15,1,1,3,75,75119,2,4,1,1,2
202300010117,23,11,2023,18:15,5,1,6,93,93046,2,4,2,1,1
202300010118,2,6,2023,17:20,1,1,5,85,85209,2,3,2,1,1
202300010119,30,12,2023,15:40,1,1,3,75,75111,2,4,1,1,1
202300010119,30,12,2023,15:40,1,1,3,75,75111,2,4,1,1,1
202300010120,22,4,2023,11:15,1,1,1,88,88075,2,3,1,1,1
202300010120,22,4,2023,11:15,1,1,1,88,88075,2,3,2,1,1
202300010121,23,11,2023,09:45,1,2,3,92,92064,2,3,3,1,2
202300010122,4,6,2023,16:14,1,1,6,974,97404,2,4,2,1,1
202300010123,30,12,2023,16:10,1,1,3,75,75110,2,4,2,2,1
202300010123,30,12,2023,16:10,1,1,3,75,75110,2,4,2,2,1
202300010124,9,7,2023,13:05,1,1,3,976,97611,2,2,2,1,1
202300010124,9,7,2023,13:05,1,1,3,976,97611,2,2,2,1,1
202300010125,23,11,2023,18:45,5,1,3,92,92051,2,3,2,1,1
202300010125,23,11,2023,18:45,5,1,3,92,92051,2,3,2,1,1
202300010126,4,6,2023,17:20,1,8,3,26,26337,1,1,3,1,1
202300010127,30,12,2023,14:45,1,1,6,75,75108,2,4,1,1,1
202300010127,30,12,2023,14:45,1,1,6,75,75108,2,4,1,1,1
202300010128,9,7,2023,13:00,1,1,5,974,97411,1,3,2,2,1
202300010129,23,11,2023,13:50,1,1,3,92,92026,2,3,-1,1,1
202300010129,23,11,2023,13:50,1,1,3,92,92026,2,3,2,1,1
202300010130,30,12,2023,17:15,2,1,2,94,94028,2,4,1,1,1
202300010131,9,7,2023,12:10,1,1,2,974,97407,2,4,2,1,1
202300010132,27,5,2023,11:50,1,1,4,26,26106,1,1,3,1,1
202300010133,22,11,2023,07:50,5,1,3,35,35088,2,4,2,1,1
202300010133,22,11,2023,07:50,5,1,3,35,35088,2,4,2,1,1
202300010134,30,12,2023,13:35,1,8,2,94,94019,2,3,2,1,1
202300010135,4,6,2023,19:45,1,1,7,86,86268,1,3,2,1,1
202300010136,8,7,2023,16:15,1,1,3,974,97407,2,4,2,1,1
202300010137,23,11,2023,15:25,1,8,7,17,17373,1,3,2,1,1
202300010138,4,6,2023,09:20,1,1,6,21,21463,1,1,3,1,1
202300010139,30,12,2023,13:50,1,1,6,93,93053,2,4,1,1,1
202300010139,30,12,2023,13:50,1,1,6,93,93053,2,4,1,1,1
202300010140,8,7,2023,11:20,1,1,3,973,97302,2,3,-1,1,1
202300010140,8,7,2023,11:20,1,1,3,973,97302,2,3,2,1,1
202300010141,23,11,2023,21:00,5,2,2,57,57592,2,3,2,1,2
202300010142,4,6,2023,13:45,1,1,3,42,42182,1,3,2,1,1
202300010142,4,6,2023,13:45,1,1,3,42,42182,1,3,2,1,1
202300010143,9,7,2023,19:00,1,1,6,69,69387,2,4,1,1,1
202300010143,9,7,2023,19:00,1,1,6,69,69387,2,4,1,1,1