id_accident,jour,mois,annee,heure_minute,luminosite,meteo,type_collision,departement,commune,agglomeration,categorie_route,regime_circulation,profil_route,etat_surface
202300010144,30,12,2023,01:00,5,1,7,93,93049,2,3,2,1,2
202300010144,30,12,2023,01:00,5,1,7,93,93049,2,3,3,1,2
202300010145,4,6,2023,20:02,1,7,7,91,91458,1,3,2,1,1
202300010146,24,11,2023,07:45,1,1,3,974,97404,2,3,2,2,1
202300010146,24,11,2023,07:45,1,1,3,974,97404,2,3,2,1,1
202300010147,8,7,2023,23:35,3,2,3,972,97213,1,3,-1,1,2
202300010148,23,11,2023,16:30,2,1,6,83,83086,1,3,2,1,1
202300010149,30,12,2023,22:15,5,1,3,93,93046,2,3,3,1,1
202300010150,3,6,2023,18:55,3,1,4,974,97414,1,2,1,1,1
202300010151,24,11,2023,10:30,1,1,6,59,59653,2,6,-1,1,1
202300010152,9,7,2023,19:15,4,1,3,972,97209,2,4,2,1,1
202300010152,9,7,2023,19:15,4,1,3,972,97209,2,4,2,1,1
202300010153,3,6,2023,09:00,1,1,2,58,58086,2,4,2,1,1
202300010154,30,12,2023,07:30,2,1,2,93,93046,2,3,3,1,1
202300010154,30,12,2023,07:30,2,1,2,93,93046,2,3,2,1,1
202300010155,4,6,2023,19:24,1,1,7,59,59257,1,7,2,1,1
202300010156,30,12,2023,00:30,5,2,7,93,93074,2,3,1,1,2
202300010156,30,12,2023,00:30,5,2,7,93,93074,2,3,1,1,2
202300010157,8,7,2023,04:30,3,1,4,971,97101,1,2,2,1,1
202300010158,23,11,2023,20:35,3,1,3,60,60101,2,3,2,1,6
202300010159,3,6,2023,16:10,1,1,3,72,72260,1,3,2,1,1
202300010160,8,7,2023,23:30,5,1,7,971,97107,2,4,2,1,1
202300010160,8,7,2023,23:30,5,1,7,971,97107,2,4,2,4,1
202300010161,30,12,2023,17:45,2,2,3,93,93032,2,3,2,1,2
202300010162,23,11,2023,18:35,5,1,3,30,30047,2,4,2,1,1
202300010163,4,6,2023,17:50,1,1,1,44,44113,1,3,2,1,1
202300010164,8,7,2023,21:16,2,1,3,91,91347,2,4,2,1,1
202300010165,23,11,2023,10:00,1,1,6,51,51169,1,9,-1,1,6
202300010166,5,6,2023,01:50,3,1,6,14,14120,1,1,3,1,1
202300010167,30,12,2023,18:15,5,1,4,93,93031,2,3,2,1,2
202300010168,8,7,2023,15:55,1,1,3,91,91201,2,3,2,1,1
202300010168,8,7,2023,15:55,1,1,3,91,91201,2,3,-1,1,1
202300010169,23,11,2023,18:30,5,1,3,56,56186,2,3,2,1,1
202300010170,30,12,2023,13:15,1,2,3,93,93014,2,3,2,1,2
202300010171,3,6,2023,11:05,1,1,5,44,44089,1,2,3,1,1
202300010172,30,12,2023,20:45,5,1,6,92,92078,2,4,2,1,1
202300010173,7,7,2023,18:45,1,1,4,91,91433,1,3,3,1,1
202300010174,23,11,2023,16:45,1,8,5,76,76673,1,2,2,1,1
202300010175,3,6,2023,12:45,1,1,3,50,50592,1,3,2,2,1
202300010175,3,6,2023,12:45,1,1,3,50,50592,1,3,2,2,1
202300010176,9,7,2023,19:15,1,1,2,81,81060,2,4,2,1,1
202300010177,24,11,2023,01:45,3,1,6,2A,2A271,1,3,2,2,1
202300010178,29,12,2023,17:45,3,2,3,92,92078,2,3,3,1,2
202300010178,29,12,2023,17:45,3,2,3,92,92078,2,3,3,1,2
202300010179,3,6,2023,20:55,2,3,6,63,63116,1,1,3,1,2
202300010180,9,7,2023,18:20,1,1,1,71,71475,1,3,2,1,1
202300010181,24,11,2023,11:15,1,1,2,80,80360,1,3,2,2,1
202300010182,30,12,2023,11:53,1,1,6,92,92049,2,3,2,1,2
202300010183,4,6,2023,16:10,1,1,6,62,62306,1,3,2,1,1
202300010184,9,7,2023,01:20,3,1,6,67,67482,2,4,2,1,1
202300010185,23,11,2023,22:01,4,1,4,82,82149,1,3,2,1,1
202300010186,3,6,2023,17:25,1,1,3,34,34088,1,7,2,2,1
202300010186,3,6,2023,17:25,1,1,3,34,34088,1,7,2,1,1
202300010187,30,12,2023,16:05,1,8,1,92,92012,2,4,1,1,1
202300010187,30,12,2023,16:05,1,8,1,92,92012,2,4,2,1,1
202300010187,30,12,2023,16:05,1,8,1,92,92012,2,4,2,1,1
202300010188,9,7,2023,10:30,1,1,3,63,63113,2,4,2,1,1
202300010188,9,7,2023,10:30,1,1,3,63,63113,2,4,1,1,1
202300010189,24,11,2023,03:00,3,9,6,65,65006,1,3,2,1,1
202300010190,19,11,2023,14:30,1,1,7,65,65061,2,3,2,1,1
202300010191,8,7,2023,17:20,1,1,1,59,59431,1,3,2,1,1
202300010192,23,11,2023,09:35,1,1,6,61,61402,1,3,2,2,1
202300010193,3,6,2023,17:05,1,1,3,57,57331,1,3,2,1,1
202300010194,22,11,2023,21:30,4,1,1,55,55274,1,3,2,1,1
202300010195,9,7,2023,15:00,1,1,1,54,54028,2,6,-1,1,1
202300010196,5,6,2023,10:45,1,7,7,57,57454,1,7,3,1,1
202300010197,23,11,2023,21:45,3,5,1,42,42172,1,3,2,2,2
202300010198,29,12,2023,18:05,5,2,5,92,92012,2,3,-1,1,2
202300010199,8,7,2023,20:05,1,1,6,45,45004,2,4,2,1,1
202300010200,4,6,2023,05:00,2,1,6,51,51236,1,3,2,1,1
202300010201,24,11,2023,17:25,3,1,1,68,68107,1,3,2,1,1
202300010202,7,7,2023,17:35,1,1,6,42,42186,2,4,2,1,1
202300010203,30,12,2023,06:56,3,2,6,92,92002,2,3,1,1,2
202300010204,24,11,2023,17:00,1,1,6,29,29207,2,4,2,1,1
202300010205,4,6,2023,07:40,1,1,1,51,51142,2,4,2,2,1
202300010206,7,7,2023,09:20,1,1,6,42,42218,2,4,-1,1,1
202300010206,7,7,2023,09:20,1,1,6,42,42218,2,4,-1,1,1
202300010207,31,12,2023,13:28,1,1,3,972,97207,2,3,2,2,1
202300010208,14,6,2023,17:48,1,1,3,38,38185,2,7,2,1,1
202300010209,3,6,2023,18:00,1,1,3,51,51146,1,3,2,1,1
202300010209,3,6,2023,18:00,1,1,3,51,51146,1,3,2,1,1
202300010210,23,11,2023,07:30,2,1,5,31,31145,1,3,2,1,1
202300010211,30,12,2023,18:00,3,8,7,51,51117,1,3,2,1,2
202300010212,30,12,2023,17:50,5,8,1,19,19274,2,4,2,3,1
202300010213,23,11,2023,17:40,2,1,1,38,38229,2,7,2,2,1
202300010214,9,7,2023,20:30,1,1,3,33,33063,2,4,1,1,1
202300010214,9,7,2023,20:30,1,1,3,33,33063,2,4,2,1,1
202300010215,14,11,2023,09:30,1,2,1,76,76312,2,3,2,1,2
202300010216,24,11,2023,07:40,2,5,1,03,03194,1,3,2,1,2
202300010217,31,12,2023,05:30,3,1,7,79,79195,1,2,3,1,2
202300010218,4,6,2023,09:25,1,1,3,56,56141,1,3,2,1,1
202300010218,4,6,2023,09:25,1,1,3,56,56141,1,3,2,1,1
202300010219,9,7,2023,09:25,1,1,3,33,33529,2,4,2,1,1
202300010219,9,7,2023,09:25,1,1,3,33,33529,2,4,2,1,1
202300010220,5,6,2023,17:40,1,1,7,56,56034,2,3,3,1,1
202300010221,7,11,2023,06:30,3,1,6,37,37223,1,3,2,2,2
202300010222,30,12,2023,19:30,5,1,1,2A,2A362,1,3,2,2,2
202300010223,9,7,2023,10:20,1,1,3,32,32013,2,3,2,1,1
202300010224,24,11,2023,20:00,3,2,7,37,37050,2,4,2,2,2
202300010225,4,6,2023,17:15,1,1,6,56,56022,1,3,2,3,1
202300010226,30,12,2023,09:30,1,1,6,63,63131,1,3,2,2,1
202300010227,4,6,2023,18:10,1,1,7,59,59262,1,3,2,1,1
202300010228,8,7,2023,17:45,1,1,1,30,30007,2,3,2,2,1
202300010229,7,11,2023,13:55,1,3,2,49,49378,1,3,2,2,2
202300010230,9,7,2023,19:05,1,1,7,29,29232,1,3,2,2,1
202300010231,24,11,2023,09:57,1,1,1,30,30145,2,4,-1,2,1
202300010232,3,6,2023,18:32,1,1,3,59,59110,1,3,2,1,1
202300010232,3,6,2023,18:32,1,1,3,59,59110,1,3,2,1,1
202300010233,31,12,2023,12:05,1,2,6,46,46128,2,4,1,2,2
202300010234,4,6,2023,18:00,1,1,7,74,74241,1,4,2,2,1
202300010235,30,12,2023,13:35,1,1,1,41,41106,2,3,2,1,1
202300010236,9,7,2023,19:40,1,1,3,26,26198,2,4,2,1,1
202300010237,29,5,2023,19:30,1,1,7,67,67308,2,4,2,1,1
202300010238,31,12,2023,01:45,5,1,6,15,15119,1,2,2,1,1
202300010239,24,11,2023,07:10,2,1,6,48,48050,1,3,2,2,1
202300010240,8,7,2023,10:45,1,1,6,16,16102,2,6,-1,1,1
202300010241,4,6,2023,12:30,1,1,7,76,76560,1,7,2,2,1
202300010242,4,6,2023,16:15,1,1,6,76,76367,1,7,2,1,1
202300010243,23,11,2023,07:18,5,8,3,08,08302,2,3,2,4,2
202300010243,23,11,2023,07:18,5,8,3,08,08302,2,3,2,1,2
202300010244,31,12,2023,15:40,1,1,1,66,66167,2,2,2,2,1
202300010245,9,7,2023,19:00,1,1,4,13,13211,2,9,2,1,1
202300010246,3,6,2023,19:10,1,1,3,76,76377,2,7,2,1,1
202300010247,30,12,2023,10:45,1,1,6,83,83095,1,3,2,1,1
202300010248,4,6,2023,14:25,1,2,6,2A,2A269,1,2,2,1,2
202300010249,24,11,2023,08:05,1,1,5,69,69111,1,3,2,1,1
202300010250,8,7,2023,15:58,1,1,6,13,13207,2,4,-1,1,1
202300010250,8,7,2023,15:58,1,1,6,13,13207,2,4,1,1,1
202300010251,30,12,2023,23:10,3,6,7,60,60604,1,3,2,2,1
202300010252,5,6,2023,16:35,1,8,1,2B,2B077,1,4,2,2,2
202300010253,31,12,2023,04:12,3,3,6,23,23008,2,3,2,2,2
202300010254,22,11,2023,18:15,5,1,6,34,34123,2,4,2,4,1
202300010255,9,7,2023,02:25,5,1,3,13,13204,2,4,2,1,1
202300010255,9,7,2023,02:25,5,1,3,13,13204,2,4,1,1,1
202300010256,3,6,2023,12:20,1,1,3,80,80127,1,3,2,1,1
202300010257,10,12,2023,16:15,1,2,7,33,33159,1,3,2,1,2
202300010258,4,6,2023,21:15,1,1,7,80,80703,1,3,2,1,1
202300010259,23,11,2023,16:20,1,1,2,978,97801,2,3,2,1,1
202300010260,8,7,2023,22:32,5,1,3,13,13212,2,4,1,1,1
202300010261,30,12,2023,03:00,3,2,7,973,97311,1,2,2,2,2
202300010262,4,6,2023,00:08,3,1,1,82,82127,1,3,2,1,1
202300010263,9,7,2023,11:20,1,1,6,06,06069,2,4,1,2,1
202300010264,31,12,2023,13:10,1,1,6,95,95177,1,3,2,1,1
202300010265,2,6,2023,02:30,3,1,6,32,32365,1,3,2,1,1
202300010266,11,11,2023,10:30,1,1,3,33,33099,2,3,2,1,1
202300010267,31,12,2023,13:46,1,1,7,66,66190,1,3,2,1,1
202300010268,8,7,2023,17:00,1,1,5,06,06069,2,4,2,2,1
202300010269,30,12,2023,22:30,3,1,3,83,83065,1,3,2,1,1
202300010270,24,11,2023,14:05,1,1,3,77,77148,2,3,2,1,2
202300010271,30,12,2023,15:00,1,1,7,13,13027,2,9,2,2,1
202300010272,3,6,2023,14:45,1,1,1,11,11259,2,3,2,1,1
202300010272,3,6,2023,14:45,1,1,1,11,11259,2,3,2,2,1
202300010273,4,6,2023,21:30,5,1,6,71,71419,2,3,2,2,1
202300010274,30,12,2023,16:30,1,1,7,69,69051,2,3,2,2,1
202300010274,30,12,2023,16:30,1,1,7,69,69051,2,3,2,2,1
202300010275,8,7,2023,13:15,1,1,3,05,05023,2,2,2,1,1
202300010276,24,11,2023,08:39,1,1,1,77,77318,1,3,2,1,2
202300010277,30,12,2023,18:45,3,1,1,69,69296,1,3,2,1,1
202300010278,4,6,2023,18:00,1,1,6,71,71383,2,3,2,1,1
202300010278,4,6,2023,18:00,1,1,6,71,71383,2,3,1,1,1
202300010279,9,7,2023,11:55,1,2,3,75,75116,2,4,1,1,2
202300010280,30,12,2023,15:15,1,1,6,65,65210,1,3,2,2,1
202300010281,21,11,2023,18:25,5,2,6,91,91200,2,3,2,1,2
202300010282,8,7,2023,08:40,1,1,3,75,75119,2,4,1,1,1
202300010283,18,8,2023,20:00,1,8,7,50,50041,1,3,2,2,2
202300010284,4,6,2023,17:00,1,1,1,71,71494,2,3,2,1,1
202300010284,4,6,2023,17:00,1,1,1,71,71494,2,3,2,1,1
202300010285,30,12,2023,17:48,3,1,3,85,85035,1,3,2,1,1
202300010286,23,11,2023,14:00,1,7,6,04,04245,2,3,2,2,1
202300010286,23,11,2023,14:00,1,7,6,04,04245,2,3,2,1,1
202300010287,7,7,2023,09:20,1,1,4,75,75117,2,4,1,1,1
202300010288,30,12,2023,10:50,1,2,1,49,49294,1,3,2,1,2
202300010289,4,6,2023,11:30,1,1,2,71,71397,1,3,2,1,1
202300010289,4,6,2023,11:30,1,1,2,71,71397,1,3,-1,1,1
202300010290,19,8,2023,08:20,1,1,2,14,14465,1,3,2,2,1
202300010290,19,8,2023,08:20,1,1,2,14,14465,1,3,2,2,1
202300010291,2,6,2023,15:05,1,1,7,63,63430,2,3,2,2,1
202300010292,24,11,2023,17:40,4,2,6,21,21292,2,3,2,1,2
202300010293,20,8,2023,19:00,1,1,6,14,14409,2,4,2,1,1
202300010294,7,7,2023,09:15,1,1,5,75,75120,2,4,1,1,1
202300010295,29,12,2023,16:47,1,7,3,22,22090,2,3,2,1,1
202300010295,29,12,2023,16:47,1,7,3,22,22090,2,3,2,1,1
202300010296,24,11,2023,17:00,3,8,6,54,54225,1,3,2,2,2
202300010297,5,6,2023,11:45,1,1,6,63,63352,1,1,1,1,1
202300010297,5,6,2023,11:45,1,1,6,63,63352,1,1,2,1,1
202300010298,14,6,2023,09:15,1,1,2,75,75114,2,4,1,1,1
202300010299,19,8,2023,07:00,2,1,1,29,29280,1,3,2,1,2
202300010300,30,12,2023,17:10,2,1,1,60,60133,1,3,2,2,1
202300010301,24,11,2023,08:44,1,1,1,57,57517,1,3,2,1,2
202300010302,17,8,2023,20:00,1,1,6,29,29006,2,4,2,2,1
202300010303,9,7,2023,15:05,1,1,3,75,75120,2,4,1,1,1
202300010303,9,7,2023,15:05,1,1,3,75,75120,2,4,1,2,1
202300010304,30,12,2023,00:00,3,1,7,91,91064,1,2,1,2,2
202300010305,23,11,2023,06:50,4,9,7,63,63284,2,3,2,1,2
202300010306,3,6,2023,19:45,1,1,3,61,61309,1,3,2,2,1
202300010306,3,6,2023,19:45,1,1,3,61,61309,1,3,2,1,1
202300010307,16,8,2023,19:20,1,1,3,22,22176,1,3,2,2,1
202300010307,16,8,2023,19:20,1,1,3,22,22176,1,3,2,1,1
202300010308,29,12,2023,19:55,3,2,2,91,91228,1,2,3,1,2
202300010309,23,11,2023,09:20,1,7,6,69,69288,2,4,2,1,1
202300010309,23,11,2023,09:20,1,7,6,69,69288,2,4,2,1,1
202300010310,17,8,2023,13:45,1,1,6,22,22261,1,3,2,1,1
202300010311,3,6,2023,14:30,1,1,7,61,61483,2,3,2,1,1
202300010312,30,12,2023,08:35,1,1,6,78,78118,1,1,1,1,2
202300010313,9,7,2023,16:35,1,1,3,75,75119,2,4,1,1,1
202300010313,9,7,2023,16:35,1,1,3,75,75119,2,4,2,1,1
202300010314,24,11,2023,05:20,3,1,6,17,17079,1,3,2,1,1
202300010315,17,8,2023,19:50,1,1,3,35,35105,1,3,1,1,1
202300010316,29,12,2023,22:55,3,1,2,77,77372,1,1,-1,1,1
202300010317,19,8,2023,19:55,1,1,7,27,27016,2,3,1,1,1
202300010318,3,6,2023,15:45,1,1,1,42,42221,1,3,2,1,1
202300010318,3,6,2023,15:45,1,1,1,42,42221,1,3,2,1,1
202300010319,9,7,2023,16:05,1,1,3,75,75119,2,4,-1,1,1
202300010319,9,7,2023,16:05,1,1,3,75,75119,2,4,2,1,1
202300010320,23,11,2023,17:00,1,1,1,14,14649,1,3,2,1,1
202300010320,23,11,2023,17:00,1,1,1,14,14649,1,3,2,1,1
202300010321,17,9,2023,18:45,1,1,6,19,19123,1,3,2,2,1
202300010322,4,6,2023,19:00,1,8,7,47,47138,1,3,2,1,1
202300010323,9,7,2023,07:43,1,1,6,75,75119,2,4,1,1,1
202300010323,9,7,2023,07:43,1,1,6,75,75119,2,4,1,1,1
202300010324,18,8,2023,10:10,1,1,3,27,27271,1,3,2,3,1
202300010324,18,8,2023,10:10,1,1,3,27,27271,1,3,2,1,1
202300010325,4,6,2023,07:00,1,1,7,47,47004,2,4,3,1,1
202300010326,22,11,2023,16:30,1,1,6,56,56007,2,6,-1,1,1
202300010327,29,12,2023,09:50,1,1,3,973,97302,2,3,2,1,1
202300010328,16,8,2023,21:45,5,1,1,76,76057,2,4,2,1,1
202300010328,16,8,2023,21:45,5,1,1,76,76057,2,4,2,1,1
202300010329,9,6,2023,01:35,5,1,3,75,75119,2,4,2,1,1
202300010329,9,6,2023,01:35,5,1,3,75,75119,2,4,-1,1,1
202300010330,4,6,2023,11:10,1,7,7,41,41051,1,3,2,1,1
202300010331,22,11,2023,13:55,1,1,7,22,22379,1,3,2,1,1
202300010332,29,12,2023,17:00,1,1,3,972,97213,2,2,-1,1,1
202300010332,29,12,2023,17:00,1,1,3,972,97213,2,2,-1,1,1
202300010333,3,6,2023,17:30,1,1,6,34,34051,2,4,-1,1,1
202300010334,18,8,2023,20:15,1,1,1,76,76758,2,3,1,1,1
202300010334,18,8,2023,20:15,1,1,1,76,76758,2,3,1,1,1
202300010335,8,7,2023,16:00,1,1,2,75,75118,2,4,2,1,1
202300010336,29,12,2023,12:15,1,1,6,2A,2A004,2,2,3,1,1
202300010337,3,6,2023,17:49,1,1,3,44,44069,1,3,2,1,1
202300010338,21,8,2023,07:05,2,5,3,76,76448,2,7,2,1,1
202300010338,21,8,2023,07:05,2,5,3,76,76448,2,7,2,1,1
202300010339,21,8,2023,08:30,1,1,7,60,60446,1,3,2,1,1
202300010340,9,7,2023,01:45,5,1,3,75,75118,2,4,2,1,1
202300010340,9,7,2023,01:45,5,1,3,75,75118,2,4,2,1,1
202300010341,29,12,2023,16:30,2,1,3,95,95210,2,4,1,1,1
202300010342,15,9,2023,20:50,3,1,3,13,13015,1,1,-1,1,1
202300010343,3,6,2023,06:45,2,7,1,44,44069,1,3,2,1,1
202300010344,16,8,2023,18:42,1,1,7,60,60079,1,4,2,1,1
202300010345,3,6,2023,20:30,1,1,6,44,44199,1,3,2,1,9
202300010346,9,7,2023,19:05,1,8,6,75,75117,2,4,2,2,1
202300010346,9,7,2023,19:05,1,8,6,75,75117,2,4,1,1,1
202300010347,21,8,2023,16:37,1,1,6,60,60028,2,4,2,2,1
202300010348,29,12,2023,14:58,1,2,1,87,87065,1,3,2,1,2
202300010348,29,12,2023,14:58,1,2,1,87,87065,1,3,3,2,2
202300010349,22,11,2023,12:36,1,1,5,33,33192,1,1,3,1,1
202300010350,4,6,2023,15:35,1,1,6,29,29024,1,3,1,1,1
202300010351,12,8,2023,18:50,1,1,6,02,02279,2,4,2,1,1
202300010351,12,8,2023,18:50,1,1,6,02,02279,2,4,2,1,1
202300010352,9,7,2023,14:15,1,1,3,75,75117,2,4,2,1,1
202300010352,9,7,2023,14:15,1,1,3,75,75117,2,4,2,2,1
202300010353,20,3,2023,20:20,5,1,1,59,59512,2,7,2,1,1
202300010353,20,3,2023,20:20,5,1,1,59,59512,2,7,3,1,1
202300010354,29,12,2023,12:11,1,1,3,87,87085,2,4,2,1,1
202300010354,29,12,2023,12:11,1,1,3,87,87085,2,4,2,1,1
202300010355,4,6,2023,10:25,1,1,6,38,38249,2,3,2,1,1
202300010356,21,11,2023,17:45,3,1,3,33,33318,1,1,3,1,2
202300010357,20,8,2023,17:20,1,1,6,62,62014,2,4,1,1,1
202300010358,8,7,2023,19:50,1,1,6,75,75117,2,4,1,1,1
202300010358,8,7,2023,19:50,1,1,6,75,75117,2,4,1,1,1
202300010359,17,3,2023,16:10,1,5,1,57,57283,2,3,2,1,1
202300010360,17,8,2023,13:00,1,1,6,62,62014,2,3,2,1,1
202300010361,29,12,2023,09:54,1,2,2,87,87085,2,4,3,1,2
202300010362,23,11,2023,08:45,1,2,2,91,91570,1,2,1,1,2
202300010363,9,7,2023,07:00,2,1,1,75,75116,2,4,-1,1,1
202300010363,9,7,2023,07:00,2,1,1,75,75116,2,4,1,1,1
202300010364,11,8,2023,09:30,1,1,2,62,62589,1,3,2,2,1
202300010365,3,6,2023,14:00,1,1,5,38,38065,1,3,2,1,1
202300010365,3,6,2023,14:00,1,1,5,38,38065,1,3,2,1,1
202300010366,19,3,2023,19:30,3,2,7,55,55236,1,3,2,1,2
202300010367,22,11,2023,22:40,3,1,3,92,92002,1,2,3,1,1
202300010368,28,12,2023,05:35,3,1,7,84,84031,1,4,2,1,1
202300010368,28,12,2023,05:35,3,1,7,84,84031,1,4,2,1,1
202300010369,8,7,2023,16:00,1,1,6,75,75108,2,4,2,1,1
202300010369,8,7,2023,16:00,1,1,6,75,75108,2,4,2,1,1
202300010370,4,6,2023,11:20,1,1,6,02,02226,1,3,3,1,1
202300010371,21,8,2023,09:15,1,1,1,59,59336,2,3,2,2,1
202300010371,21,8,2023,09:15,1,1,1,59,59336,2,3,2,1,1
202300010372,22,11,2023,20:10,3,1,3,94,94076,1,1,-1,2,1
202300010373,16,3,2023,08:20,2,1,6,52,52448,2,4,2,2,1
202300010374,27,12,2023,06:10,5,1,2,84,84007,2,3,3,1,1
202300010374,27,12,2023,06:10,5,1,2,84,84007,2,3,2,1,1
202300010375,16,8,2023,10:55,1,1,6,59,59523,2,4,3,1,1
202300010376,9,7,2023,19:30,1,1,1,94,94081,2,3,2,1,1
202300010377,22,11,2023,18:27,3,1,2,94,94038,1,1,3,1,1
202300010378,3,6,2023,19:45,1,1,3,03,03257,1,3,2,1,1
202300010379,28,12,2023,14:45,1,1,2,83,83062,2,4,2,1,1
202300010379,28,12,2023,14:45,1,1,2,83,83062,2,4,2,1,1
202300010380,19,8,2023,22:00,3,1,2,13,13071,1,1,1,1,1
202300010381,20,3,2023,19:15,1,1,3,51,51230,2,4,1,2,1
202300010381,20,3,2023,19:15,1,1,3,51,51230,2,4,1,1,1
202300010382,9,7,2023,22:05,5,1,3,94,94078,2,4,1,1,1
202300010383,23,11,2023,17:54,3,1,2,92,92064,1,1,1,1,1
202300010384,19,3,2023,12:35,1,1,7,50,50129,1,9,2,1,9
202300010385,17,8,2023,01:20,3,1,2,13,13117,1,1,1,1,1
202300010386,28,11,2023,19:00,5,1,3,78,78640,2,4,4,1,1
202300010387,2,6,2023,09:45,1,1,2,03,03275,1,3,2,1,1
202300010388,23,11,2023,13:15,1,1,2,92,92036,1,1,2,1,1
202300010389,9,7,2023,16:15,1,1,1,94,94041,2,3,2,1,1
202300010389,9,7,2023,16:15,1,1,1,94,94041,2,3,2,1,1
202300010390,27,12,2023,19:00,5,1,3,77,77288,2,4,2,1,1
202300010391,16,8,2023,05:59,2,1,2,13,13005,1,1,1,1,1
202300010392,20,3,2023,12:00,1,1,4,37,37122,2,4,2,1,1
202300010393,9,7,2023,17:20,1,1,3,93,93070,2,3,3,1,1
202300010394,23,11,2023,07:20,3,2,4,78,78646,1,2,1,1,2
202300010395,20,3,2023,07:20,1,1,6,37,37122,2,4,2,1,1
202300010396,9,7,2023,17:00,1,1,6,93,93066,2,3,3,1,1
202300010397,29,12,2023,21:30,3,2,7,77,77335,1,2,1,1,2
202300010398,12,8,2023,13:47,1,1,4,13,13212,1,1,1,1,1
202300010399,3,6,2023,18:00,1,8,5,01,01454,1,3,2,1,2
202300010399,3,6,2023,18:00,1,8,5,01,01454,1,3,2,2,1
202300010400,23,11,2023,07:20,2,2,4,78,78090,1,1,1,1,2
202300010401,19,3,2023,16:05,1,2,5,37,37261,2,4,2,1,2
202300010402,9,7,2023,19:00,1,1,3,93,93031,2,3,2,1,1
202300010402,9,7,2023,19:00,1,1,3,93,93031,2,3,3,1,1
202300010403,19,8,2023,13:40,1,1,3,33,33075,1,1,3,1,1
202300010404,28,12,2023,22:35,5,1,3,72,72181,2,4,-1,2,1
202300010404,28,12,2023,22:35,5,1,3,72,72181,2,4,-1,1,1
202300010405,20,3,2023,20:50,3,1,2,36,36063,1,3,3,1,1
202300010406,9,7,2023,02:14,5,1,1,92,92023,2,3,2,1,1
202300010407,23,11,2023,14:50,1,1,5,93,93027,1,1,3,1,1
202300010408,2,6,2023,17:50,1,1,3,01,01115,2,3,2,1,1
202300010408,2,6,2023,17:50,1,1,3,01,01115,2,3,2,1,1
202300010409,16,8,2023,14:45,1,1,4,33,33013,1,2,3,2,1
202300010410,20,3,2023,08:40,1,1,6,33,33063,2,4,2,1,1
202300010410,20,3,2023,08:40,1,1,6,33,33063,2,4,1,1,1
202300010411,23,11,2023,07:00,3,1,3,93,93063,1,1,3,1,1
202300010412,9,7,2023,05:40,2,1,1,35,35002,1,3,2,1,1
202300010413,3,6,2023,23:45,3,1,1,70,70256,1,3,2,3,1
202300010414,13,8,2023,06:56,2,1,2,59,59350,1,2,1,1,1
202300010415,29,12,2023,01:15,5,8,3,69,69290,2,4,3,1,1
202300010415,29,12,2023,01:15,5,8,3,69,69290,2,4,3,1,1
202300010416,9,7,2023,13:40,1,1,6,974,97415,1,2,3,1,1
202300010417,20,3,2023,11:00,1,1,2,31,31555,2,4,2,1,1
202300010418,22,11,2023,09:10,1,1,2,95,95607,1,1,3,1,1
202300010419,12,8,2023,23:10,3,1,2,59,59360,1,1,1,1,1
202300010420,28,12,2023,17:45,5,1,6,68,68066,2,4,4,2,1
202300010420,28,12,2023,17:45,5,1,6,68,68066,2,4,4,2,1
202300010421,4,6,2023,09:10,1,1,3,66,66045,1,3,2,2,1
202300010421,4,6,2023,09:10,1,1,3,66,66045,1,3,2,4,1
202300010422,26,6,2023,16:40,1,1,1,43,43108,1,3,2,2,1
202300010423,20,3,2023,08:15,1,1,3,30,30007,2,4,1,1,1
202300010423,20,3,2023,08:15,1,1,3,30,30007,2,4,2,1,1
202300010424,20,8,2023,04:30,3,1,2,91,91689,1,1,1,2,1
202300010425,22,11,2023,06:18,3,1,4,95,95424,1,1,3,1,1
202300010426,9,7,2023,10:30,1,1,7,68,68250,1,4,2,2,1
202300010427,5,6,2023,06:45,1,1,6,54,54193,1,3,2,1,1
202300010428,29,12,2023,19:25,3,2,3,62,62525,1,3,2,1,2
202300010429,10,7,2023,08:00,1,1,6,974,97412,1,2,3,4,1
202300010430,19,3,2023,17:55,1,1,3,28,28404,2,4,2,1,1
202300010431,19,8,2023,18:20,1,1,4,91,91086,1,2,-1,1,1
202300010432,23,11,2023,17:45,3,1,3,77,77121,1,1,3,1,1
202300010433,30,12,2023,00:15,4,1,6,62,62032,2,3,2,1,2
202300010434,19,8,2023,12:50,1,2,7,91,91136,1,1,1,1,2
202300010435,3,6,2023,16:56,1,1,2,54,54126,1,3,2,2,1
202300010435,3,6,2023,16:56,1,1,2,54,54126,1,3,2,1,1
202300010436,9,7,2023,17:35,1,7,3,11,11098,1,3,2,1,1
202300010437,20,3,2023,09:45,1,7,1,27,27562,1,4,2,2,1
202300010437,20,3,2023,09:45,1,7,1,27,27562,1,4,2,2,1
202300010438,16,7,2023,19:15,1,1,2,38,38185,1,1,2,1,1
202300010439,29,12,2023,19:30,5,2,1,62,62386,2,4,-1,1,2
202300010439,29,12,2023,19:30,5,2,1,62,62386,2,4,2,1,2
202300010440,8,7,2023,21:45,2,1,6,22,22034,1,3,3,1,1
202300010441,17,8,2023,19:30,2,1,2,77,77495,1,1,1,1,1
202300010442,3,6,2023,23:59,3,1,7,72,72308,2,3,2,1,1
202300010443,8,7,2023,23:40,3,1,6,58,58236,1,3,2,1,1