id_accident,jour,mois,annee,heure_minute,luminosite,meteo,type_collision,departement,commune,agglomeration,categorie_route,regime_circulation,profil_route,etat_surface
202300010444,23,9,2023,10:00,1,1,2,74,74118,2,3,2,1,1
202300010444,23,9,2023,10:00,1,1,2,74,74118,2,3,1,1,1
202300010445,21,12,2023,13:10,1,2,6,62,62193,2,4,-1,1,2
202300010445,21,12,2023,13:10,1,2,6,62,62193,2,4,3,1,2
202300010446,16,8,2023,16:45,1,1,2,91,91560,1,2,1,2,1
202300010447,5,6,2023,08:20,1,1,1,72,72100,1,3,2,1,1
202300010448,7,6,2023,23:40,5,1,1,62,62197,1,3,2,1,1
202300010449,20,3,2023,07:50,1,8,1,25,25056,2,4,2,2,1
202300010450,22,11,2023,22:20,5,1,6,988,98818,2,4,2,1,1
202300010451,16,8,2023,14:57,1,1,3,91,91174,1,2,3,2,1
202300010452,26,12,2023,14:10,1,1,6,62,62178,2,4,2,1,1
202300010453,9,7,2023,15:00,1,1,6,62,62285,1,3,2,3,1
202300010454,18,3,2023,02:12,5,1,6,21,21231,2,4,2,1,1
202300010454,18,3,2023,02:12,5,1,6,21,21231,2,4,3,1,1
202300010455,22,11,2023,16:15,1,1,7,974,97411,2,4,2,1,1
202300010456,16,8,2023,09:53,1,1,3,94,94003,1,1,-1,1,1
202300010457,21,5,2023,13:00,1,1,3,72,72363,1,3,2,1,1
202300010457,21,5,2023,13:00,1,1,3,72,72363,1,3,2,1,1
202300010458,29,12,2023,22:30,5,1,3,54,54395,2,4,2,2,1
202300010459,3,6,2023,13:35,1,1,7,06,06068,1,3,2,2,1
202300010460,16,6,2023,09:15,1,1,3,94,94038,1,1,-1,1,1
202300010461,10,7,2023,06:10,2,1,3,66,66050,1,3,3,1,1
202300010462,20,3,2023,17:55,5,1,3,13,13209,2,4,1,1,1
202300010462,20,3,2023,17:55,5,1,3,13,13209,2,4,1,4,1
202300010463,26,12,2023,11:55,1,1,6,50,50502,1,6,-1,1,1
202300010464,22,11,2023,13:10,1,1,3,972,97213,1,3,2,1,1
202300010464,22,11,2023,13:10,1,1,3,972,97213,1,3,2,1,1
202300010465,19,8,2023,18:15,1,1,2,92,92064,1,1,-1,1,1
202300010466,28,12,2023,22:50,5,2,6,50,50129,2,4,2,1,2
202300010467,5,6,2023,12:55,1,1,6,83,83025,1,3,2,1,1
202300010468,8,7,2023,10:00,1,1,3,91,91573,2,4,2,1,1
202300010469,21,11,2023,11:40,1,1,3,972,97209,2,3,2,2,1
202300010469,21,11,2023,11:40,1,1,3,972,97209,2,3,2,2,1
202300010470,19,3,2023,14:35,1,1,3,06,06069,2,4,2,2,1
202300010471,18,8,2023,15:00,1,1,3,92,92026,1,2,1,1,1
202300010472,28,12,2023,14:05,1,1,3,46,46042,2,3,2,2,1
202300010473,9,7,2023,17:50,1,1,6,19,19105,1,4,2,2,1
202300010474,3,6,2023,17:40,1,1,3,60,60188,2,3,2,1,1
202300010474,3,6,2023,17:40,1,1,3,60,60188,2,3,2,1,1
202300010475,16,3,2023,17:29,1,1,6,04,04070,2,3,1,1,1
202300010476,22,11,2023,15:45,1,8,3,69,69081,2,4,2,1,1
202300010476,22,11,2023,15:45,1,8,3,69,69081,2,4,1,1,1
202300010477,29,12,2023,12:35,1,1,2,45,45068,2,3,2,1,1
202300010478,9,7,2023,17:30,1,1,1,19,19229,1,3,2,2,1
202300010479,18,8,2023,10:38,1,1,4,78,78140,1,1,-1,1,1
202300010480,22,11,2023,07:15,1,1,7,971,97113,2,3,-1,1,1
202300010481,4,3,2023,20:20,5,1,2,02,02408,2,3,2,1,1
202300010482,29,12,2023,18:40,2,1,6,44,44109,2,4,1,2,1
202300010483,18,8,2023,08:10,1,1,5,78,78206,1,1,-1,1,1
202300010484,3,6,2023,17:25,1,1,3,64,64147,1,3,2,1,1
202300010484,3,6,2023,17:25,1,1,3,64,64147,1,3,2,1,1
202300010485,9,7,2023,06:30,2,1,7,76,76240,2,3,2,1,1
202300010486,17,10,2023,16:45,1,1,3,971,97113,2,4,3,1,1
202300010487,29,12,2023,10:15,1,1,3,41,41269,2,4,-1,1,1
202300010488,17,1,2023,07:45,3,4,3,69,69162,1,3,2,1,5
202300010489,16,8,2023,17:50,1,1,2,92,92025,1,1,1,1,1
202300010490,28,6,2023,19:55,1,1,7,79,79170,2,4,2,1,1
202300010490,28,6,2023,19:55,1,1,7,79,79170,2,4,2,4,1
202300010491,29,12,2023,04:35,5,1,6,38,38185,2,7,1,1,1
202300010492,17,8,2023,09:00,2,1,2,78,78321,1,2,1,1,1
202300010493,20,11,2023,18:00,2,2,7,95,95197,2,3,2,1,2
202300010493,20,11,2023,18:00,2,2,7,95,95197,2,3,2,1,2
202300010494,10,7,2023,12:10,1,1,3,2A,2A139,2,2,2,1,1
202300010495,15,8,2023,03:20,5,1,6,92,92063,1,1,1,1,1
202300010496,18,3,2023,20:30,5,1,5,75,75116,2,4,1,1,1
202300010497,3,6,2023,18:20,1,1,1,53,53161,1,3,2,1,1
202300010498,29,12,2023,19:35,5,8,3,37,37122,2,4,2,1,1
202300010498,29,12,2023,19:35,5,8,3,37,37122,2,4,2,1,1
202300010499,9,7,2023,12:30,1,1,1,2B,2B043,1,3,2,2,1
202300010500,17,11,2023,20:25,5,8,3,95,95598,2,3,2,1,2
202300010501,20,8,2023,07:50,1,1,3,93,93005,1,1,3,1,1
202300010502,3,6,2023,22:15,3,1,6,21,21576,1,3,2,1,1
202300010503,29,12,2023,11:10,1,1,6,37,37261,2,4,2,1,1
202300010504,20,3,2023,18:05,1,1,2,75,75119,2,4,2,1,1
202300010504,20,3,2023,18:05,1,1,2,75,75119,2,4,1,2,1
202300010505,9,7,2023,02:00,3,1,6,2B,2B152,1,3,2,1,1
202300010506,19,8,2023,18:50,1,1,6,95,95424,1,1,3,1,1
202300010507,17,11,2023,18:00,5,2,6,95,95637,2,4,2,1,2
202300010508,2,6,2023,20:45,2,1,6,21,21163,1,3,2,1,1
202300010509,28,6,2023,22:02,3,1,6,82,82155,2,3,2,4,1
202300010510,30,12,2023,00:38,5,1,3,35,35238,2,4,2,1,1
202300010510,30,12,2023,00:38,5,1,3,35,35238,2,4,3,1,1
202300010511,18,8,2023,20:30,1,1,2,93,93066,1,1,1,2,1
202300010512,20,3,2023,08:55,1,1,2,75,75119,2,4,2,1,1
202300010512,20,3,2023,08:55,1,1,2,75,75119,2,4,1,1,1
202300010513,21,11,2023,09:30,1,1,6,84,84007,2,4,2,1,1
202300010513,21,11,2023,09:30,1,1,6,84,84007,2,4,2,1,1
202300010514,4,6,2023,18:45,1,1,6,40,40217,1,3,-1,1,1
202300010515,18,8,2023,19:35,1,1,2,92,92036,1,1,3,4,1
202300010516,29,12,2023,06:20,5,2,6,35,35238,2,4,2,3,2
202300010516,29,12,2023,06:20,5,2,6,35,35238,2,4,1,3,2
202300010517,10,7,2023,08:20,1,7,5,82,82126,1,3,2,2,1
202300010518,21,11,2023,16:00,1,1,1,84,84007,2,3,2,1,1
202300010519,18,8,2023,19:00,1,1,2,93,93027,1,1,3,1,1
202300010520,2,6,2023,07:50,2,1,3,40,40284,2,4,2,1,1
202300010521,19,3,2023,20:30,5,1,1,75,75117,2,4,2,1,1
202300010521,19,3,2023,20:30,5,1,1,75,75117,2,4,2,1,1
202300010522,29,12,2023,18:30,3,1,1,34,34129,1,3,2,1,1
202300010523,22,11,2023,19:00,5,1,6,78,78481,2,3,1,1,1
202300010524,8,7,2023,20:45,2,1,6,65,65045,1,3,2,2,1
202300010525,18,8,2023,16:45,1,1,4,93,93007,1,1,3,1,1
202300010526,29,12,2023,21:07,5,5,3,33,33281,2,1,2,3,2
202300010526,29,12,2023,21:07,5,5,3,33,33281,2,1,1,3,2
202300010527,18,3,2023,21:30,5,1,2,75,75117,2,4,2,1,1
202300010528,3,6,2023,14:50,1,1,3,40,40233,1,3,2,3,1
202300010529,9,7,2023,12:15,1,1,7,11,11302,1,3,2,1,1
202300010530,22,11,2023,10:46,1,1,3,78,78642,2,3,2,1,1
202300010530,22,11,2023,10:46,1,1,3,78,78642,2,3,2,1,1
202300010531,18,8,2023,00:50,3,1,2,93,93013,1,1,3,1,1
202300010532,30,12,2023,00:04,5,1,6,29,29232,2,3,2,1,1
202300010533,7,7,2023,11:00,1,1,7,71,71379,1,4,2,2,1
202300010534,19,3,2023,21:58,5,1,6,75,75116,2,4,2,1,1
202300010534,19,3,2023,21:58,5,1,6,75,75116,2,4,2,1,1
202300010535,5,6,2023,16:04,1,1,3,85,85006,1,3,2,1,1
202300010535,5,6,2023,16:04,1,1,3,85,85006,1,3,2,-1,1
202300010536,17,8,2023,11:50,1,1,1,95,95277,1,1,1,2,1
202300010537,7,7,2023,05:00,2,1,7,76,76252,1,3,2,1,1
202300010538,22,11,2023,10:05,1,1,3,77,77251,2,4,2,1,1
202300010538,22,11,2023,10:05,1,1,3,77,77251,2,4,2,1,1
202300010539,20,3,2023,18:30,2,1,2,75,75115,2,4,1,1,1
202300010539,20,3,2023,18:30,2,1,2,75,75115,2,4,1,1,1
202300010540,22,11,2023,03:50,5,1,6,72,72181,2,4,2,1,1
202300010541,9,7,2023,06:35,1,1,7,49,49167,1,3,3,1,1
202300010542,15,8,2023,21:30,3,1,5,93,93005,1,1,-1,1,1
202300010543,3,6,2023,14:00,1,1,3,27,27323,1,4,2,1,1
202300010543,3,6,2023,14:00,1,1,3,27,27323,1,4,2,1,1
202300010544,29,12,2023,11:50,1,8,2,25,25462,2,2,2,1,2
202300010545,17,11,2023,18:30,5,1,6,69,69266,2,4,2,1,1
202300010546,9,7,2023,16:45,1,1,3,12,12270,1,2,2,1,1
202300010546,9,7,2023,16:45,1,1,3,12,12270,1,2,2,2,1
202300010547,20,3,2023,07:45,1,1,3,75,75115,2,4,2,1,1
202300010547,20,3,2023,07:45,1,1,3,75,75115,2,4,1,1,1
202300010548,4,6,2023,08:00,1,1,6,28,28124,1,3,2,1,1
202300010549,29,12,2023,19:35,5,1,4,13,13214,2,4,1,1,1
202300010550,9,7,2023,17:19,1,1,6,42,42334,1,3,2,2,1
202300010551,20,8,2023,08:45,1,1,2,77,77363,1,1,1,2,1
202300010552,22,11,2023,18:30,5,1,6,69,69266,2,4,2,1,1
202300010553,20,3,2023,13:45,1,1,3,75,75113,2,4,2,2,1
202300010553,20,3,2023,13:45,1,1,3,75,75113,2,4,2,2,1
202300010554,21,11,2023,18:10,5,1,6,69,69029,2,4,3,1,2
202300010555,29,12,2023,23:30,5,1,2,13,13208,2,4,2,1,1
202300010556,19,8,2023,20:40,2,1,3,94,94046,1,1,3,1,1
202300010557,14,5,2023,14:50,1,1,1,17,17236,1,3,2,3,1
202300010558,10,7,2023,14:00,1,1,1,42,42252,1,3,2,1,1
202300010559,21,11,2023,08:00,1,2,3,69,69290,2,7,2,1,2
202300010560,18,8,2023,19:40,1,1,3,94,94011,1,2,3,1,1
202300010561,19,3,2023,22:30,5,1,3,75,75111,2,4,2,1,1
202300010561,19,3,2023,22:30,5,1,3,75,75111,2,4,1,1,1
202300010562,9,7,2023,17:30,1,1,2,44,44088,1,3,-1,1,1
202300010563,18,8,2023,19:30,1,1,2,93,93051,1,1,1,1,1
202300010564,3,6,2023,21:35,2,1,1,17,17091,2,3,2,1,1
202300010565,22,11,2023,18:50,5,1,3,64,64189,2,4,2,1,1
202300010565,22,11,2023,18:50,5,1,3,64,64189,2,4,2,1,1
202300010566,20,3,2023,08:40,1,1,6,75,75108,2,4,1,1,1
202300010566,20,3,2023,08:40,1,1,6,75,75108,2,4,-1,1,1
202300010567,28,12,2023,15:30,1,8,6,13,13206,2,4,1,1,1
202300010568,7,7,2023,19:13,1,1,3,29,29105,2,4,2,1,1
202300010569,18,8,2023,18:40,1,1,3,93,93051,1,1,-1,1,1
202300010570,28,5,2023,15:20,1,1,7,87,87199,1,3,2,1,1
202300010571,27,12,2023,19:30,3,1,6,12,12013,1,3,2,1,1
202300010572,22,11,2023,20:40,5,1,2,64,64024,2,4,1,1,1
202300010572,22,11,2023,20:40,5,1,2,64,64024,2,4,2,1,1
202300010573,19,3,2023,20:10,5,1,3,75,75108,2,4,1,1,1
202300010573,19,3,2023,20:10,5,1,3,75,75108,2,4,1,1,1
202300010574,9,7,2023,20:00,1,1,1,02,02135,1,3,2,1,1
202300010575,18,8,2023,14:00,1,1,5,94,94028,1,1,-1,1,1
202300010576,22,11,2023,13:10,1,1,7,64,64024,2,3,2,1,1
202300010577,3,6,2023,12:25,1,1,3,30,30259,1,3,2,3,1
202300010577,3,6,2023,12:25,1,1,3,30,30259,1,3,2,1,1
202300010578,28,12,2023,23:45,3,1,3,75,75112,2,4,2,1,1
202300010579,20,3,2023,10:25,1,1,6,75,75102,2,4,1,1,1
202300010579,20,3,2023,10:25,1,1,6,75,75102,2,4,2,1,1
202300010580,17,8,2023,16:00,1,1,3,77,77517,1,1,1,1,1
202300010581,10,7,2023,11:30,1,1,5,02,02610,1,3,2,1,1
202300010582,3,6,2023,12:00,1,1,6,48,48094,1,3,2,1,1
202300010583,22,11,2023,08:55,1,2,3,63,63113,2,7,3,1,2
202300010583,22,11,2023,08:55,1,2,3,63,63113,2,7,2,1,2
202300010584,20,3,2023,10:15,1,1,2,94,94068,2,4,1,1,1
202300010585,29,12,2023,10:25,1,1,3,75,75118,2,4,1,1,1
202300010585,29,12,2023,10:25,1,1,3,75,75118,2,4,1,1,1
202300010586,9,7,2023,15:10,1,1,3,02,02095,2,3,2,1,1
202300010587,22,5,2023,14:30,1,3,3,88,88089,1,3,2,1,2
202300010588,8,7,2023,18:30,1,1,7,02,02305,1,3,2,2,1
202300010589,29,12,2023,00:00,5,1,7,75,75117,2,4,1,1,1
202300010590,22,11,2023,07:20,2,2,1,63,63113,2,4,2,1,2
202300010591,4,6,2023,18:30,1,1,1,52,52197,1,3,2,1,1
202300010592,20,3,2023,16:50,1,1,6,94,94073,2,4,2,1,1
202300010593,27,4,2023,11:59,1,1,7,88,88409,1,4,2,2,1
202300010594,29,12,2023,04:41,5,1,6,75,75116,2,4,2,1,1
202300010595,10,7,2023,08:10,1,1,4,15,15012,1,3,2,1,1
202300010596,17,11,2023,11:15,1,1,7,62,62587,2,4,2,1,1
202300010596,17,11,2023,11:15,1,1,7,62,62587,2,4,2,1,1
202300010597,29,12,2023,03:42,5,1,6,75,75115,2,4,1,1,1
202300010598,3,6,2023,16:35,1,1,1,88,88437,2,3,2,1,1
202300010599,20,3,2023,12:00,1,1,2,94,94055,2,3,2,1,1
202300010600,17,4,2023,17:00,1,1,3,88,88415,2,4,2,1,1
202300010601,9,7,2023,19:50,1,1,1,01,01454,1,3,2,1,1
202300010601,9,7,2023,19:50,1,1,1,01,01454,1,3,1,2,1
202300010602,22,11,2023,03:20,5,8,6,62,62457,2,4,1,2,2
202300010603,3,3,2023,07:50,1,1,2,14,14728,1,3,-1,3,1
202300010604,29,12,2023,20:00,5,2,3,75,75114,2,4,1,1,2
202300010604,29,12,2023,20:00,5,2,3,75,75114,2,4,2,1,2
202300010605,19,3,2023,11:30,1,8,3,94,94018,2,4,1,1,2
202300010605,19,3,2023,11:30,1,8,3,94,94018,2,4,-1,1,2
202300010606,10,7,2023,08:30,1,8,2,85,85151,1,3,2,2,1
202300010607,3,6,2023,19:45,1,1,6,18,18103,1,1,3,1,1
202300010608,22,11,2023,21:20,5,1,6,59,59599,2,4,2,1,1
202300010609,13,8,2023,17:25,1,1,6,65,65286,2,4,1,2,1
202300010610,9,7,2023,18:35,1,1,3,58,58003,1,4,2,2,1
202300010611,28,12,2023,23:13,5,1,3,75,75108,2,4,-1,1,1
202300010611,28,12,2023,23:13,5,1,3,75,75108,2,4,-1,1,1
202300010612,20,3,2023,13:35,1,1,2,93,93046,2,3,3,1,1
202300010613,3,6,2023,03:40,3,1,1,17,17016,1,3,2,1,1
202300010614,22,11,2023,18:00,2,1,1,59,59279,2,4,2,2,1
202300010615,26,5,2023,13:34,1,1,2,74,74010,2,4,2,2,1
202300010615,26,5,2023,13:34,1,1,2,74,74010,2,4,-1,1,1
202300010616,9,7,2023,16:10,1,1,1,66,66024,1,4,2,1,1
202300010617,29,12,2023,17:35,5,1,3,75,75101,2,4,1,1,1
202300010618,20,3,2023,13:00,1,1,6,93,93066,2,4,2,1,1
202300010619,22,11,2023,14:00,1,1,6,59,59512,2,4,2,1,1
202300010620,5,6,2023,09:05,1,1,6,69,69033,2,4,2,1,1
202300010620,5,6,2023,09:05,1,1,6,69,69033,2,4,2,2,1
202300010621,9,7,2023,13:30,1,1,1,72,72376,1,3,2,1,1
202300010622,25,5,2023,00:51,3,1,1,74,74010,1,3,1,1,1
202300010623,20,3,2023,10:15,1,1,3,93,93048,2,3,2,1,1
202300010624,29,12,2023,00:20,5,1,2,94,94068,2,4,1,1,1
202300010625,22,11,2023,07:50,1,1,6,59,59328,2,4,2,2,1
202300010626,15,1,2023,17:50,5,1,7,60,60107,2,4,2,1,1
202300010627,9,7,2023,05:20,2,1,2,72,72300,1,3,2,1,1
202300010628,20,3,2023,13:00,1,1,6,93,93007,2,3,2,1,1
202300010629,5,6,2023,14:00,1,1,2,21,21054,1,1,3,1,1
202300010630,29,12,2023,20:25,5,2,6,94,94041,2,3,1,1,2
202300010631,10,7,2023,13:50,1,1,6,14,14431,2,3,2,1,1
202300010632,19,11,2023,10:35,1,2,6,59,59017,2,4,2,2,2
202300010633,27,5,2023,12:45,1,1,3,50,50603,1,3,3,2,1
202300010633,27,5,2023,12:45,1,1,3,50,50603,1,3,2,1,1
202300010634,23,3,2023,21:25,5,1,7,92,92075,2,3,2,1,1
202300010635,3,6,2023,20:45,1,1,6,21,21606,1,1,-1,1,1
202300010636,22,11,2023,14:25,1,1,1,57,57463,2,4,3,1,1
202300010637,19,4,2023,20:20,1,1,2,73,73008,2,4,2,1,1
202300010638,28,12,2023,20:10,5,1,3,94,94028,2,3,2,1,1
202300010639,20,3,2023,18:20,1,1,2,92,92063,2,4,1,1,1
202300010640,9,7,2023,19:10,1,1,3,50,50389,1,3,2,1,1
202300010640,9,7,2023,19:10,1,1,3,50,50389,1,3,2,1,1
202300010641,4,6,2023,00:10,3,1,6,11,11262,1,1,3,1,1
202300010642,4,4,2023,17:15,1,1,2,73,73225,2,3,2,1,1
202300010643,22,11,2023,09:30,1,1,3,51,51454,2,4,1,1,1
202300010644,29,12,2023,17:35,5,2,5,94,94017,2,3,2,1,2
202300010645,20,3,2023,17:50,1,1,6,92,92050,2,4,1,1,1
202300010646,10,7,2023,09:37,1,1,1,60,60667,1,3,2,1,1
202300010646,10,7,2023,09:37,1,1,1,60,60667,1,3,2,1,1
202300010647,18,11,2023,00:59,4,8,7,47,47323,2,3,2,1,1
202300010647,18,11,2023,00:59,4,8,7,47,47323,2,3,2,1,1
202300010648,4,4,2023,15:26,1,1,3,73,73084,1,3,2,1,1
202300010648,4,4,2023,15:26,1,1,3,73,73084,1,3,2,2,1
202300010649,4,6,2023,18:00,1,2,3,83,83097,1,1,1,1,3
202300010650,20,3,2023,16:30,1,1,6,92,92044,2,4,2,1,1
202300010651,29,12,2023,13:50,1,1,3,93,93070,2,3,2,1,1
202300010651,29,12,2023,13:50,1,1,3,93,93070,2,3,2,1,1
202300010652,21,11,2023,17:41,2,2,2,41,41018,2,4,1,4,2
202300010653,10,7,2023,11:50,1,1,3,64,64321,2,4,2,1,1
202300010654,15,8,2023,07:45,1,1,3,976,97611,2,4,-1,1,1
202300010655,3,6,2023,13:50,1,1,2,83,83089,1,1,3,2,1
202300010656,20,3,2023,19:10,5,1,3,92,92036,2,3,2,1,1
202300010657,29,12,2023,20:10,5,2,3,93,93014,2,3,1,4,2
202300010657,29,12,2023,20:10,5,2,3,93,93014,2,3,3,4,2
202300010658,8,7,2023,12:30,1,1,1,43,43020,1,4,2,1,1
202300010659,11,8,2023,19:32,3,1,6,972,97209,2,3,2,1,1
202300010660,22,11,2023,18:00,5,1,3,38,38185,2,4,2,1,1
202300010661,20,3,2023,20:20,5,1,5,92,92024,2,3,1,1,2
202300010662,29,12,2023,12:15,1,1,3,93,93005,2,4,2,1,1
202300010663,3,6,2023,12:15,1,1,2,69,69115,1,1,3,1,1
202300010664,22,11,2023,15:50,1,1,3,37,37261,2,4,2,1,1
202300010664,22,11,2023,15:50,1,1,3,37,37261,2,4,2,1,1
202300010665,9,7,2023,06:25,2,1,6,10,10332,2,4,2,1,1
202300010666,15,8,2023,12:45,1,1,3,2B,2B033,2,4,1,1,1
202300010666,15,8,2023,12:45,1,1,3,2B,2B033,2,4,2,1,1
202300010667,29,12,2023,13:36,1,1,7,93,93001,2,3,2,2,1
202300010668,5,6,2023,08:15,2,1,6,60,60482,2,3,2,3,1
202300010669,22,11,2023,12:15,1,1,6,37,37261,2,4,2,1,1
202300010670,20,3,2023,16:40,1,1,3,92,92024,2,3,2,1,2
202300010670,20,3,2023,16:40,1,1,3,92,92024,2,3,1,1,1
202300010671,15,8,2023,02:35,3,1,1,971,97113,1,2,2,1,1
202300010672,9,7,2023,17:35,1,1,1,53,53188,2,3,2,1,1
202300010673,29,12,2023,18:20,5,8,3,92,92046,2,3,2,1,2
202300010673,29,12,2023,18:20,5,8,3,92,92046,2,3,1,1,2
202300010674,20,3,2023,05:10,5,1,6,92,92023,2,3,2,1,1
202300010675,9,7,2023,15:50,1,1,7,53,53267,1,3,2,1,1
202300010676,22,11,2023,19:15,3,1,2,35,35334,1,2,3,1,1
202300010677,14,8,2023,16:25,1,1,1,971,97101,1,4,-1,2,1
202300010678,3,6,2023,12:45,1,1,1,987,98724,1,3,2,1,1
202300010679,29,12,2023,10:27,1,1,3,92,92073,2,3,1,2,1
202300010680,20,3,2023,20:40,5,2,7,92,92012,2,3,-1,1,2
202300010681,20,11,2023,11:50,1,1,6,34,34301,2,4,1,1,1
202300010682,15,8,2023,21:40,5,1,3,95,95197,2,3,2,1,1
202300010683,29,12,2023,12:55,1,1,3,92,92051,2,4,3,1,1
202300010684,26,5,2023,19:58,5,1,1,987,98733,2,2,2,1,1
202300010685,9,7,2023,08:45,1,1,5,40,40175,1,3,2,1,1
202300010686,16,8,2023,01:00,3,1,6,95,95476,1,3,3,1,1
202300010687,20,3,2023,13:40,1,1,1,92,92012,2,3,2,1,1
202300010687,20,3,2023,13:40,1,1,1,92,92012,2,3,2,1,1
202300010688,22,11,2023,18:05,5,1,2,34,34172,2,4,2,1,1
202300010689,9,7,2023,15:15,1,1,7,24,24484,1,4,2,1,1
202300010690,29,12,2023,15:15,1,8,3,92,92044,2,4,1,1,1
202300010690,29,12,2023,15:15,1,8,3,92,92044,2,4,1,1,1
202300010691,7,7,2023,16:00,1,1,6,28,28203,1,3,2,1,1
202300010692,22,11,2023,17:30,1,1,3,33,33318,2,4,2,1,1
202300010693,26,5,2023,13:20,1,1,6,987,98733,2,2,2,1,1
202300010694,14,8,2023,17:15,1,2,7,91,91421,1,3,3,1,2
202300010695,14,3,2023,23:37,5,1,6,92,92004,2,3,-1,1,1
202300010695,14,3,2023,23:37,5,1,6,92,92004,2,3,1,1,1
202300010696,28,12,2023,12:57,1,8,3,92,92025,2,4,2,1,1
202300010697,15,8,2023,14:15,1,1,7,83,83061,2,4,2,2,1
202300010698,19,3,2023,19:45,3,1,6,83,83049,2,3,2,1,2
202300010699,9,7,2023,12:20,1,1,3,30,30307,1,2,2,1,1
202300010699,9,7,2023,12:20,1,1,3,30,30307,1,2,2,1,1
202300010700,6,5,2023,08:40,1,1,3,987,98733,2,2,2,1,1
202300010701,22,11,2023,08:20,1,1,4,33,33529,2,3,2,1,1
202300010702,29,12,2023,14:15,1,1,3,92,92023,2,3,1,1,1
202300010703,14,8,2023,21:25,5,1,6,77,77501,1,3,2,1,1
202300010704,8,7,2023,15:45,1,1,7,88,88454,1,4,2,1,9
202300010705,21,11,2023,15:50,1,1,6,31,31555,2,4,1,1,1
202300010706,26,12,2023,11:30,1,1,7,86,86190,1,3,2,1,1
202300010707,5,6,2023,08:54,1,1,7,971,97108,2,4,2,1,1
202300010708,20,3,2023,18:40,1,2,1,62,62647,2,3,2,2,2
202300010709,15,8,2023,06:45,1,1,3,74,74298,2,4,2,2,1
202300010709,15,8,2023,06:45,1,1,3,74,74298,2,4,2,2,1
202300010710,9,7,2023,21:15,2,1,2,39,39159,1,1,3,1,1
202300010711,29,12,2023,04:10,3,1,6,2A,2A348,1,3,2,2,1
202300010712,21,3,2023,15:15,1,9,6,62,62196,2,3,2,1,2
202300010713,21,11,2023,13:35,1,1,6,29,29019,2,4,2,3,1
202300010713,21,11,2023,13:35,1,1,6,29,29019,2,4,2,1,1
202300010714,30,12,2023,17:40,3,2,7,28,28022,1,3,2,1,2
202300010715,15,8,2023,16:00,1,1,2,64,64335,1,3,2,1,1
202300010716,9,7,2023,19:00,2,1,1,69,69385,2,4,2,1,1
202300010717,21,3,2023,17:50,1,1,7,40,40167,1,3,2,1,1
202300010718,3,6,2023,19:30,3,1,1,972,97224,2,3,2,3,1
202300010719,22,11,2023,19:00,5,1,1,28,28332,2,2,2,1,1
202300010719,22,11,2023,19:00,5,1,1,28,28332,2,2,2,1,1
202300010720,29,12,2023,14:45,1,1,3,86,86170,2,2,2,2,1
202300010720,29,12,2023,14:45,1,1,3,86,86170,2,2,2,2,1
202300010721,15,8,2023,08:45,1,8,3,64,64445,2,4,2,1,1
202300010721,15,8,2023,08:45,1,8,3,64,64445,2,4,3,1,1
202300010722,22,11,2023,18:00,2,1,6,28,28134,2,3,2,1,1
202300010723,21,5,2023,08:58,1,1,4,06,06004,1,1,3,1,1
202300010724,20,3,2023,18:20,1,1,2,35,35193,1,3,2,2,1
202300010724,20,3,2023,18:20,1,1,2,35,35193,1,3,2,1,1
202300010725,15,8,2023,09:16,1,1,2,64,64445,2,4,-1,1,1
202300010726,22,11,2023,09:45,2,1,6,28,28134,2,4,2,1,1
202300010727,20,3,2023,21:15,3,1,6,89,89239,2,4,2,1,1
202300010727,20,3,2023,21:15,3,1,6,89,89239,2,4,2,1,-1
202300010728,9,7,2023,17:45,1,1,2,90,90080,1,1,3,1,1
202300010729,5,6,2023,08:01,1,1,3,33,33199,2,3,2,1,1
202300010729,5,6,2023,08:01,1,1,3,33,33199,2,3,2,1,1
202300010730,14,12,2023,17:10,2,1,4,22,22225,1,2,3,1,2
202300010731,21,3,2023,00:55,3,1,7,62,62129,1,3,2,2,2
202300010732,9,7,2023,21:50,2,1,6,27,27518,1,1,1,1,1
202300010733,15,8,2023,23:15,5,1,3,64,64125,2,3,2,2,1
202300010733,15,8,2023,23:15,5,1,3,64,64125,2,3,2,2,1
202300010734,21,11,2023,17:35,5,2,5,27,27229,2,4,-1,2,2
202300010735,4,6,2023,17:25,1,1,3,77,77322,1,3,2,2,1
202300010736,20,3,2023,17:50,1,1,1,56,56123,1,3,2,3,1
202300010737,9,7,2023,00:45,3,1,2,84,84087,1,1,-1,1,1
202300010738,10,8,2023,07:35,1,7,1,62,62193,2,4,2,1,1
202300010738,10,8,2023,07:35,1,7,1,62,62193,2,4,1,1,1
202300010739,20,3,2023,19:15,3,1,7,79,79063,1,3,2,1,1
202300010740,4,6,2023,09:00,1,1,7,77,77264,1,3,2,2,1
202300010741,10,7,2023,04:30,3,1,2,13,13001,1,1,1,4,1
202300010742,15,8,2023,18:50,1,7,3,62,62160,2,3,2,1,1
202300010742,15,8,2023,18:50,1,7,3,62,62160,2,3,2,4,1
202300010743,21,11,2023,17:35,3,8,6,22,22187,2,4,2,1,2
202300010744,20,3,2023,21:00,5,1,1,11,11397,2,3,2,1,1
202300010745,4,6,2023,16:10,1,1,1,77,77480,1,3,2,1,1
202300010746,15,8,2023,08:00,1,1,6,62,62035,2,4,2,1,1