id_accident,jour,mois,annee,heure_minute,luminosite,meteo,type_collision,departement,commune,agglomeration,categorie_route,regime_circulation,profil_route,etat_surface
202300010747,30,12,2023,10:05,1,1,4,71,71052,1,1,3,1,1
202300010748,9,7,2023,17:40,1,1,2,13,13112,1,1,-1,1,1
202300010749,21,3,2023,14:50,1,8,3,34,34284,2,3,2,1,1
202300010750,30,12,2023,19:20,5,1,6,30,30334,2,3,2,1,1
202300010751,27,5,2023,13:50,1,1,1,2B,2B313,2,2,2,1,1
202300010752,14,8,2023,11:50,1,1,3,61,61169,2,4,2,1,1
202300010752,14,8,2023,11:50,1,1,3,61,61169,2,4,2,2,1
202300010753,21,3,2023,07:55,2,1,3,29,29212,1,4,2,1,1
202300010753,21,3,2023,07:55,2,1,3,29,29212,1,4,2,2,1
202300010754,22,11,2023,15:30,1,1,1,13,13117,2,4,2,2,1
202300010754,22,11,2023,15:30,1,1,1,13,13117,2,4,2,1,1
202300010755,9,7,2023,23:55,3,1,6,33,33229,1,3,3,1,1
202300010755,9,7,2023,23:55,3,1,6,33,33229,1,3,2,1,1
202300010756,4,6,2023,23:30,5,1,6,2B,2B042,1,3,2,1,1
202300010757,29,12,2023,09:00,1,1,3,30,30331,1,3,3,1,1
202300010758,10,8,2023,13:45,1,1,1,61,61466,2,4,2,1,1
202300010759,4,7,2023,19:27,1,2,6,78,78009,1,1,3,1,2
202300010760,29,12,2023,23:38,5,1,6,37,37153,1,1,3,1,1
202300010761,5,6,2023,12:40,5,1,6,2A,2A247,2,2,1,2,1
202300010762,6,8,2023,18:38,1,1,7,59,59392,2,3,3,3,1
202300010763,22,11,2023,15:00,1,1,3,13,13210,2,4,3,1,1
202300010763,22,11,2023,15:00,1,1,3,13,13210,2,4,2,2,1
202300010764,21,3,2023,16:20,1,1,3,38,38434,1,3,2,1,1
202300010764,21,3,2023,16:20,1,1,3,38,38434,1,3,2,1,1
202300010765,3,6,2023,13:45,1,1,6,48,48135,1,3,2,1,1
202300010766,8,7,2023,16:00,1,1,1,987,98733,2,2,2,1,1
202300010767,22,11,2023,12:50,1,1,2,13,13210,2,4,1,1,1
202300010768,30,12,2023,13:50,1,1,3,89,89076,1,3,2,1,1
202300010769,21,3,2023,15:00,1,1,6,50,50639,2,6,2,1,1
202300010770,15,8,2023,21:45,5,1,3,38,38185,2,4,2,1,1
202300010771,21,11,2023,16:04,1,1,3,13,13205,2,4,2,2,1
202300010771,21,11,2023,16:04,1,1,3,13,13205,2,4,1,2,1
202300010772,3,6,2023,17:45,1,1,6,34,34143,1,3,3,1,1
202300010772,3,6,2023,17:45,1,1,6,34,34143,1,3,2,1,1
202300010773,9,7,2023,17:50,1,1,1,2A,2A288,1,3,2,2,1
202300010774,30,12,2023,13:39,1,1,1,61,61479,1,3,2,2,1
202300010775,20,3,2023,22:40,3,1,1,18,18126,1,3,2,1,1
202300010776,10,7,2023,09:23,1,7,6,66,66011,2,3,2,1,1
202300010777,30,12,2023,07:45,2,1,7,55,55462,1,3,2,2,1
202300010778,20,11,2023,17:00,1,1,3,13,13206,2,4,-1,1,1
202300010778,20,11,2023,17:00,1,1,3,13,13206,2,4,-1,1,1
202300010779,14,8,2023,23:30,5,1,1,34,34172,2,4,2,2,1
202300010779,14,8,2023,23:30,5,1,1,34,34172,2,4,2,1,1
202300010780,3,6,2023,18:40,1,1,1,34,34213,1,3,2,2,1
202300010780,3,6,2023,18:40,1,1,1,34,34213,1,3,2,1,1
202300010781,20,3,2023,14:15,1,1,1,10,10295,1,3,2,1,1
202300010782,23,11,2023,01:35,5,1,7,11,11069,2,4,1,2,1
202300010783,15,8,2023,12:40,1,1,2,34,34003,2,4,1,1,1
202300010784,29,12,2023,17:20,5,1,4,12,12026,2,2,2,1,1
202300010785,9,7,2023,13:00,1,1,5,34,34143,1,3,2,1,1
202300010786,4,6,2023,15:40,1,1,1,34,34327,2,7,2,1,1
202300010786,4,6,2023,15:40,1,1,1,34,34327,2,7,2,1,1
202300010787,21,3,2023,12:30,1,1,1,53,53121,2,4,-1,1,1
202300010788,12,12,2023,09:00,1,1,3,34,34332,2,4,2,1,1
202300010788,12,12,2023,09:00,1,1,3,34,34332,2,4,2,1,1
202300010789,9,7,2023,17:50,1,7,1,83,83035,1,3,3,1,1
202300010789,9,7,2023,17:50,1,7,1,83,83035,1,3,2,3,9
202300010790,15,8,2023,19:45,1,1,4,33,33529,1,2,2,1,1
202300010791,21,11,2023,19:30,5,2,3,10,10387,2,4,2,1,2
202300010791,21,11,2023,19:30,5,2,3,10,10387,2,4,2,1,2
202300010792,30,12,2023,16:35,1,1,7,68,68216,2,3,2,1,1
202300010793,4,6,2023,17:45,1,3,1,13,13015,2,3,-1,1,2
202300010794,14,8,2023,16:55,1,1,7,17,17415,2,4,2,1,1
202300010795,9,7,2023,21:10,2,1,1,83,83042,2,3,2,1,1
202300010796,20,3,2023,20:15,3,1,3,27,27019,1,2,2,1,1
202300010796,20,3,2023,20:15,3,1,3,27,27019,1,2,2,4,1
202300010797,21,11,2023,17:45,5,1,3,10,10387,2,4,2,1,1
202300010797,21,11,2023,17:45,5,1,3,10,10387,2,4,2,1,1
202300010798,14,12,2023,17:00,3,2,1,70,70405,1,2,2,1,2
202300010799,3,6,2023,22:00,5,1,6,13,13041,2,4,2,2,1
202300010800,15,8,2023,23:52,5,1,3,17,17306,2,4,2,1,1
202300010800,15,8,2023,23:52,5,1,3,17,17306,2,4,2,1,1
202300010801,9,7,2023,11:30,1,1,1,04,04039,1,3,2,2,1
202300010802,21,3,2023,01:50,3,1,6,87,87028,1,3,2,4,1
202300010803,29,12,2023,16:53,1,1,6,14,14406,1,3,2,1,1
202300010804,21,11,2023,16:53,2,8,2,10,10387,2,4,2,1,2
202300010805,15,8,2023,22:30,3,1,6,14,14715,1,3,2,4,1
202300010806,8,7,2023,07:42,1,1,2,13,13007,2,3,2,1,1
202300010807,3,6,2023,21:20,2,1,1,70,70081,1,3,-1,1,1
202300010808,29,12,2023,11:30,1,1,7,64,64294,1,4,2,4,8
202300010809,20,3,2023,14:30,1,1,1,30,30018,1,3,2,1,1
202300010810,21,11,2023,13:17,1,1,1,10,10387,2,4,2,1,1
202300010810,21,11,2023,13:17,1,1,1,10,10387,2,4,1,1,1
202300010811,15,8,2023,00:55,5,1,3,13,13213,2,4,2,1,1
202300010811,15,8,2023,00:55,5,1,3,13,13213,2,4,2,1,1
202300010812,5,6,2023,00:55,3,1,6,89,89067,2,4,2,1,1
202300010813,29,12,2023,19:00,3,1,6,04,04121,1,3,2,1,1
202300010814,9,7,2023,11:15,1,1,1,13,13022,1,3,2,1,1
202300010815,16,3,2023,14:15,1,7,6,67,67324,2,4,1,1,1
202300010816,22,11,2023,14:50,1,1,6,06,06088,2,4,2,1,1
202300010817,29,5,2023,18:27,1,7,6,67,67160,1,3,2,2,1
202300010818,8,7,2023,17:00,1,1,6,71,71193,1,3,2,1,1
202300010819,7,10,2023,02:00,3,1,1,35,35275,1,3,2,1,1
202300010820,15,8,2023,15:20,1,1,3,13,13209,2,3,2,1,1
202300010821,5,6,2023,09:30,1,1,6,55,55178,1,3,2,1,1
202300010822,22,11,2023,09:27,1,1,3,06,06088,2,7,1,1,1
202300010822,22,11,2023,09:27,1,1,3,06,06088,2,7,3,1,1
202300010823,7,7,2023,17:10,1,1,6,21,21352,2,3,2,1,1
202300010824,30,12,2023,03:10,3,1,7,06,06085,2,3,2,2,1
202300010825,29,12,2023,22:00,3,1,7,987,98715,1,2,2,1,1
202300010826,8,7,2023,11:55,1,1,6,68,68199,2,4,2,1,1
202300010827,20,11,2023,08:00,1,1,6,06,06027,2,7,2,1,1
202300010828,14,8,2023,09:57,1,1,1,13,13202,2,4,2,2,1
202300010829,2,6,2023,10:55,1,7,3,54,54176,1,3,2,1,1
202300010829,2,6,2023,10:55,1,7,3,54,54176,1,3,2,1,1
202300010830,21,3,2023,14:25,1,1,2,33,33042,1,1,3,1,1
202300010831,30,12,2023,03:05,5,8,6,38,38382,1,1,3,1,1
202300010832,22,11,2023,14:30,1,7,6,04,04070,2,4,2,1,1
202300010833,27,7,2023,11:11,1,1,2,11,11262,2,4,-1,1,1
202300010834,29,6,2023,13:30,1,1,1,67,67046,1,3,2,1,1
202300010834,29,6,2023,13:30,1,1,1,67,67046,1,3,2,1,1
202300010835,15,8,2023,08:00,1,2,6,03,03321,1,3,2,1,2
202300010836,17,11,2023,16:20,2,1,1,03,03023,1,3,-1,2,1
202300010837,4,6,2023,12:00,1,1,2,54,54111,1,4,2,1,1
202300010838,6,7,2023,18:20,1,1,3,88,88078,2,3,2,1,1
202300010838,6,7,2023,18:20,1,1,3,88,88078,2,3,2,1,1
202300010839,15,8,2023,03:20,5,1,6,75,75120,2,4,1,1,1
202300010839,15,8,2023,03:20,5,1,6,75,75120,2,4,1,1,1
202300010840,29,12,2023,20:11,3,1,4,83,83097,1,1,2,1,1
202300010841,20,3,2023,13:50,1,1,5,69,69024,1,3,2,1,1
202300010842,22,11,2023,08:22,1,1,3,75,75119,2,4,2,1,1
202300010843,4,6,2023,00:40,3,3,6,42,42065,1,3,2,2,2
202300010844,7,7,2023,09:40,1,1,3,38,38474,2,4,2,1,1
202300010844,7,7,2023,09:40,1,1,3,38,38474,2,4,2,1,1
202300010845,29,12,2023,22:05,3,1,2,38,38053,1,1,3,1,1
202300010846,21,3,2023,07:25,1,7,2,13,13118,1,1,2,3,1
202300010847,7,7,2023,17:50,1,1,1,01,01276,1,3,2,1,1
202300010848,15,8,2023,15:00,1,1,1,75,75105,2,4,-1,1,1
202300010848,15,8,2023,15:00,1,1,1,75,75105,2,4,2,1,1
202300010849,22,11,2023,16:00,1,1,3,75,75116,2,4,2,1,1
202300010849,22,11,2023,16:00,1,1,3,75,75116,2,4,-1,1,1
202300010850,30,12,2023,11:15,1,1,3,973,97305,1,2,2,1,1
202300010851,9,7,2023,05:40,2,1,7,81,81099,1,4,2,1,1
202300010852,15,8,2023,15:00,1,1,3,75,75118,2,4,2,1,1
202300010853,10,7,2023,13:40,1,1,7,65,65006,1,3,2,1,9
202300010854,12,3,2023,11:56,1,1,3,988,98821,2,2,2,2,1
202300010854,12,3,2023,11:56,1,1,3,988,98821,2,2,2,-1,1
202300010855,22,11,2023,09:40,1,1,3,75,75116,2,4,2,1,1
202300010855,22,11,2023,09:40,1,1,3,75,75116,2,4,2,1,1
202300010856,9,7,2023,11:50,1,1,7,29,29057,1,3,2,1,1
202300010857,15,8,2023,20:10,2,1,3,75,75108,2,4,1,1,1
202300010857,15,8,2023,20:10,2,1,3,75,75108,2,4,1,1,1
202300010858,29,12,2023,16:40,1,2,7,44,44020,2,4,2,1,2
202300010859,15,3,2023,16:30,1,1,1,06,06147,2,7,2,1,1
202300010860,22,11,2023,11:15,1,1,6,75,75113,2,4,1,1,1
202300010861,15,8,2023,12:00,1,1,3,93,93046,2,3,2,1,1
202300010861,15,8,2023,12:00,1,1,3,93,93046,2,3,2,1,1
202300010862,21,3,2023,08:00,1,8,5,57,57482,1,3,2,2,1
202300010863,10,7,2023,08:00,1,1,3,60,60313,2,3,2,1,1
202300010863,10,7,2023,08:00,1,1,3,60,60313,2,3,2,1,1
202300010864,22,11,2023,12:08,1,1,6,75,75110,2,4,1,1,1
202300010864,22,11,2023,12:08,1,1,6,75,75110,2,4,1,1,1
202300010865,15,8,2023,15:30,1,1,3,93,93001,2,3,2,1,1
202300010865,15,8,2023,15:30,1,1,3,93,93001,2,3,2,1,1
202300010866,30,12,2023,03:15,3,2,5,77,77153,1,2,2,4,2
202300010867,21,11,2023,23:20,4,1,2,75,75117,2,4,2,1,1
202300010868,7,7,2023,17:00,1,1,3,59,59416,2,3,2,1,1
202300010868,7,7,2023,17:00,1,1,3,59,59416,2,3,2,1,1
202300010869,15,8,2023,18:30,1,1,3,92,92033,2,4,1,2,1
202300010870,18,3,2023,13:00,1,1,4,38,38562,1,2,2,1,1
202300010871,22,11,2023,18:30,5,9,7,75,75107,2,4,2,1,1
202300010872,12,8,2023,21:30,5,1,3,13,13028,1,1,1,2,1
202300010873,8,7,2023,19:00,1,1,2,13,13215,1,1,-1,1,1
202300010874,30,12,2023,05:40,3,1,3,04,04106,1,3,2,1,2
202300010874,30,12,2023,05:40,3,1,3,04,04106,1,3,2,1,2
202300010875,22,11,2023,14:30,1,1,7,75,75107,2,4,1,1,1
202300010875,22,11,2023,14:30,1,1,7,75,75107,2,4,1,1,1
202300010876,9,3,2023,11:30,1,1,6,69,69238,2,4,2,1,1
202300010877,15,8,2023,19:40,1,1,2,83,83144,1,1,-1,1,1
202300010878,22,11,2023,13:25,1,1,6,75,75107,2,4,2,1,1
202300010879,8,7,2023,04:50,2,1,2,13,13023,1,1,1,1,1
202300010880,11,12,2023,07:40,2,1,6,67,67046,2,4,-1,-1,-1
202300010880,11,12,2023,07:40,2,1,6,67,67046,2,4,2,1,2
202300010881,22,11,2023,23:15,5,1,6,75,75102,2,4,1,1,1
202300010881,22,11,2023,23:15,5,1,6,75,75102,2,4,1,1,1
202300010882,30,12,2023,02:20,3,1,6,07,07247,2,3,2,2,1
202300010883,10,8,2023,15:15,1,1,3,69,69142,1,7,3,2,1
202300010884,18,3,2023,18:40,2,1,3,69,69250,2,4,2,1,1
202300010885,8,7,2023,18:00,1,1,4,83,83137,1,1,3,1,1
202300010886,29,12,2023,19:15,3,2,3,85,85302,1,4,2,2,2
202300010887,14,8,2023,22:30,3,2,6,91,91136,1,1,1,2,2
202300010888,20,11,2023,21:34,5,2,6,75,75103,2,4,2,1,2
202300010888,20,11,2023,21:34,5,2,6,75,75103,2,4,1,1,2
202300010889,9,7,2023,00:20,3,1,6,69,69266,1,7,2,1,1
202300010890,19,3,2023,11:00,1,1,3,17,17219,2,4,1,1,1
202300010890,19,3,2023,11:00,1,1,3,17,17219,2,4,2,2,1
202300010891,14,8,2023,04:45,3,1,6,95,95424,1,1,1,2,1
202300010892,8,7,2023,10:55,1,1,6,69,69276,1,1,3,1,1
202300010893,29,12,2023,01:10,5,6,7,59,59400,1,4,2,1,1
202300010894,22,11,2023,17:15,5,1,3,94,94041,2,4,2,1,1
202300010895,15,8,2023,13:15,1,1,6,77,77438,1,1,-1,1,1
202300010896,8,7,2023,08:50,1,1,4,67,67482,1,7,-1,1,1
202300010897,22,12,2023,17:40,3,1,2,59,59603,1,1,-1,1,1
202300010898,22,11,2023,21:15,5,1,1,94,94016,2,3,2,2,1
202300010898,22,11,2023,21:15,5,1,1,94,94016,2,3,-1,1,1
202300010899,14,8,2023,21:48,3,1,2,94,94073,1,1,-1,1,1
202300010900,9,7,2023,13:00,1,1,2,91,91689,1,1,1,1,1
202300010901,19,3,2023,01:00,3,1,4,85,85003,1,3,3,1,1
202300010902,22,11,2023,14:10,1,1,6,94,94038,2,3,3,1,1
202300010903,14,8,2023,05:05,5,1,6,94,94004,1,2,3,1,1
202300010904,29,12,2023,17:45,3,2,4,91,91136,1,1,3,1,2
202300010905,22,11,2023,10:20,1,1,6,94,94077,2,4,2,1,1
202300010906,8,7,2023,13:30,1,1,5,94,94034,1,1,3,1,1
202300010907,21,3,2023,17:50,1,1,3,49,49301,2,4,1,1,1
202300010908,29,12,2023,15:05,1,1,2,91,91570,1,2,1,1,2
202300010909,15,6,2023,19:20,1,1,6,94,94017,2,3,3,1,1
202300010910,29,12,2023,18:00,3,2,7,78,78217,1,1,3,1,2
202300010911,20,3,2023,17:00,1,1,6,35,35240,2,3,2,1,1
202300010912,22,11,2023,07:15,3,1,6,94,94022,2,4,2,1,1
202300010912,22,11,2023,07:15,3,1,6,94,94022,2,4,2,1,1
202300010913,9,7,2023,15:05,1,1,3,93,93006,1,1,3,1,1
202300010914,14,6,2023,22:49,5,1,7,92,92049,2,4,1,1,1
202300010914,14,6,2023,22:49,5,1,7,92,92049,2,4,2,1,1
202300010915,22,11,2023,00:30,5,1,6,94,94071,2,3,2,1,1
202300010916,29,12,2023,04:00,5,1,2,92,92026,1,2,1,1,1
202300010917,8,7,2023,04:40,3,1,2,75,75112,1,1,1,1,1
202300010918,15,6,2023,16:30,1,1,3,91,91689,1,1,1,2,1
202300010919,20,3,2023,09:15,1,1,4,33,33143,1,1,3,3,1
202300010920,22,11,2023,08:35,1,1,6,93,93066,2,3,3,1,1
202300010920,22,11,2023,08:35,1,1,6,93,93066,2,3,2,1,1
202300010921,28,12,2023,21:40,3,1,5,92,92036,1,1,3,1,1
202300010922,15,6,2023,05:15,2,1,2,91,91312,1,3,2,1,1
202300010923,7,7,2023,17:00,1,1,2,77,77373,1,2,1,1,1
202300010924,22,11,2023,08:50,1,8,6,93,93079,2,3,2,1,1
202300010925,29,12,2023,18:30,3,1,3,77,77373,1,2,1,1,1
202300010926,27,4,2023,17:20,1,1,6,43,43046,2,4,1,1,1
202300010927,22,11,2023,08:35,1,1,3,92,92064,1,3,2,1,1
202300010928,20,3,2023,19:40,3,1,5,91,91161,1,1,1,1,1
202300010929,14,8,2023,18:30,5,8,3,974,97411,2,4,2,1,1
202300010929,14,8,2023,18:30,5,8,3,974,97411,2,4,2,1,1
202300010929,14,8,2023,18:30,5,8,3,974,97411,2,4,2,2,1
202300010930,28,4,2023,14:30,1,1,6,62,62160,2,4,2,1,1
202300010931,28,12,2023,21:25,3,1,2,77,77337,1,2,3,1,1
202300010932,22,11,2023,15:05,1,1,6,92,92051,2,3,-1,1,1
202300010932,22,11,2023,15:05,1,1,6,92,92051,2,3,-1,1,1
202300010933,11,8,2023,17:50,1,1,2,974,97409,1,3,2,2,1
202300010934,20,3,2023,14:55,1,1,4,94,94003,1,1,1,1,1
202300010935,8,9,2023,19:30,1,1,1,47,47086,1,3,2,2,1
202300010936,16,4,2023,19:40,1,1,3,62,62667,2,4,2,1,1
202300010937,22,11,2023,21:30,5,1,3,92,92050,2,3,1,1,1
202300010937,22,11,2023,21:30,5,1,3,92,92050,2,3,2,1,1
202300010938,14,8,2023,07:15,1,1,3,973,97302,2,3,1,1,1
202300010939,20,3,2023,12:20,1,1,4,94,94038,1,1,1,1,1
202300010940,28,12,2023,13:55,1,1,3,988,98818,2,4,2,2,1
202300010940,28,12,2023,13:55,1,1,3,988,98818,2,4,2,2,1
202300010941,8,7,2023,01:25,5,1,3,75,75107,2,4,1,1,1
202300010941,8,7,2023,01:25,5,1,3,75,75107,2,4,1,1,1
202300010942,5,8,2023,14:23,1,1,7,973,97302,2,3,2,1,1
202300010943,22,11,2023,14:30,1,1,4,92,92050,2,3,2,1,1
202300010943,22,11,2023,14:30,1,1,4,92,92050,2,3,1,2,1
202300010944,14,8,2023,09:28,1,1,6,972,97213,1,3,2,1,1
202300010945,28,12,2023,07:15,1,1,6,976,97611,2,4,3,1,1
202300010946,20,3,2023,07:35,1,1,3,95,95252,1,1,3,2,1
202300010947,8,7,2023,09:00,1,1,2,976,97611,2,2,2,1,1
202300010947,8,7,2023,09:00,1,1,2,976,97611,2,2,-1,1,1
202300010948,22,11,2023,09:50,1,1,7,92,92020,2,3,-1,1,1
202300010949,14,8,2023,12:15,1,1,3,69,69149,2,4,1,1,1
202300010949,14,8,2023,12:15,1,1,3,69,69149,2,4,2,2,1
202300010950,27,12,2023,16:40,1,1,3,974,97416,1,4,2,2,1
202300010951,20,3,2023,06:45,2,1,6,77,77337,1,1,1,1,1
202300010952,22,11,2023,11:15,1,1,6,92,92044,2,4,1,1,1
202300010953,19,9,2023,00:05,5,1,3,75,75116,2,4,2,2,1
202300010953,19,9,2023,00:05,5,1,3,75,75116,2,4,-1,1,1
202300010954,8,7,2023,14:15,1,1,4,974,97416,1,2,1,1,1
202300010955,28,12,2023,17:45,5,1,6,69,69383,2,4,1,1,1
202300010956,13,8,2023,23:45,5,1,6,971,97113,1,2,1,2,1
202300010957,21,11,2023,21:10,5,1,6,92,92044,2,4,1,1,1
202300010958,18,3,2023,21:45,3,1,6,77,77122,1,2,1,1,2
202300010959,8,7,2023,22:20,5,1,3,974,97411,2,4,2,2,1
202300010959,8,7,2023,22:20,5,1,3,974,97411,2,4,2,1,1
202300010960,22,11,2023,09:11,1,1,6,92,92026,2,4,2,1,1
202300010961,13,8,2023,20:30,4,1,3,971,97113,2,2,2,1,1
202300010962,19,9,2023,21:50,3,1,3,75,75112,2,4,1,1,1
202300010962,19,9,2023,21:50,3,1,3,75,75112,2,4,-1,1,1
202300010963,22,11,2023,19:30,5,1,3,92,92025,2,3,2,2,1
202300010964,14,8,2023,10:40,1,1,6,95,95268,2,3,2,1,1
202300010964,14,8,2023,10:40,1,1,6,95,95268,2,3,2,1,1
202300010965,28,12,2023,08:35,1,1,3,69,69387,2,4,1,1,1
202300010965,28,12,2023,08:35,1,1,3,69,69387,2,4,1,1,1
202300010966,7,7,2023,18:10,3,1,3,974,97411,2,4,2,1,1
202300010966,7,7,2023,18:10,3,1,3,974,97411,2,4,1,2,1
202300010967,19,3,2023,17:00,1,1,3,988,98818,2,4,2,1,1
202300010968,19,9,2023,18:30,1,1,6,75,75110,2,4,1,1,1
202300010968,19,9,2023,18:30,1,1,6,75,75110,2,4,-1,1,1
202300010969,7,7,2023,16:50,1,1,6,974,97409,2,3,2,1,1
202300010970,23,11,2023,17:40,2,2,3,35,35136,1,3,2,1,2
202300010970,23,11,2023,17:40,2,2,3,35,35136,1,3,2,1,2
202300010971,10,8,2023,21:03,1,1,3,91,91228,2,4,2,1,1
202300010972,28,12,2023,12:20,1,1,3,972,97209,2,2,2,2,1
202300010972,28,12,2023,12:20,1,1,3,972,97209,2,2,1,1,1
202300010973,22,11,2023,17:15,2,1,6,39,39427,1,3,2,1,1
202300010974,19,9,2023,07:50,2,1,6,75,75109,2,4,-1,1,1
202300010974,19,9,2023,07:50,2,1,6,75,75109,2,4,2,1,1
202300010975,19,3,2023,11:30,1,1,3,974,97416,1,4,2,1,1
202300010975,19,3,2023,11:30,1,1,3,974,97416,1,4,2,3,1
202300010976,8,7,2023,14:30,1,1,3,973,97302,2,3,2,1,1
202300010976,8,7,2023,14:30,1,1,3,973,97302,2,3,1,1,1
202300010977,9,8,2023,15:30,1,1,3,91,91228,2,3,-1,1,1
202300010977,9,8,2023,15:30,1,1,3,91,91228,2,3,-1,1,1
202300010978,17,11,2023,07:58,2,7,6,83,83072,2,3,3,1,1
202300010979,28,12,2023,08:35,1,1,1,972,97209,2,4,1,1,1
202300010980,19,9,2023,11:45,1,1,7,75,75108,2,4,-1,1,1
202300010980,19,9,2023,11:45,1,1,7,75,75108,2,4,2,1,1
202300010981,19,3,2023,08:50,1,1,1,974,97416,1,4,2,2,1
202300010982,8,7,2023,09:20,1,1,3,69,69383,2,4,1,1,1
202300010982,8,7,2023,09:20,1,1,3,69,69383,2,4,1,1,1
202300010983,13,8,2023,20:35,2,1,3,83,83137,1,3,2,2,1
202300010984,23,11,2023,11:30,1,1,3,84,84088,1,3,2,1,1
202300010984,23,11,2023,11:30,1,1,3,84,84088,1,3,-1,-1,-1
202300010985,28,12,2023,16:40,1,1,6,69,69081,2,4,2,1,1
202300010986,18,3,2023,09:40,1,1,6,974,97416,2,4,2,1,1
202300010987,19,9,2023,08:05,1,1,6,75,75107,2,4,1,1,1
202300010987,19,9,2023,08:05,1,1,6,75,75107,2,4,1,1,1
202300010988,8,7,2023,03:48,5,2,3,69,69383,2,4,1,1,2
202300010988,8,7,2023,03:48,5,2,3,69,69383,2,4,2,1,2
202300010989,27,10,2023,17:40,1,7,6,43,43040,2,4,2,1,2
202300010990,10,8,2023,16:50,1,1,6,83,83118,2,3,3,1,1
202300010991,8,7,2023,13:50,1,1,2,972,97213,1,1,1,1,1
202300010992,28,12,2023,13:35,1,1,3,2B,2B304,2,4,-1,1,1
202300010993,19,9,2023,20:00,5,1,7,75,75102,2,4,2,1,1
202300010993,19,9,2023,20:00,5,1,7,75,75102,2,4,1,1,1
202300010994,19,3,2023,05:55,1,1,3,974,97411,2,2,-1,1,1
202300010994,19,3,2023,05:55,1,1,3,974,97411,2,2,1,1,1
202300010995,20,11,2023,07:00,3,1,6,68,68253,1,9,2,1,1
202300010996,10,8,2023,16:15,1,1,3,77,77186,2,3,1,1,1
202300010997,8,7,2023,23:00,5,1,6,69,69382,2,4,2,1,1
202300010998,19,3,2023,07:05,1,1,7,973,97302,2,4,2,1,1
202300010999,23,11,2023,08:30,1,8,3,35,35066,1,2,3,1,2
202300011000,19,9,2023,17:55,1,1,5,94,94081,2,3,1,1,1
202300011001,25,12,2023,03:40,5,1,6,971,97101,2,4,1,2,1
202300011001,25,12,2023,03:40,5,1,6,971,97101,2,4,1,2,1
202300011002,13,8,2023,23:50,5,1,7,76,76351,2,4,2,2,1
202300011002,13,8,2023,23:50,5,1,7,76,76351,2,4,3,1,1
202300011003,8,7,2023,10:30,1,1,6,69,69382,2,4,1,1,1
202300011003,8,7,2023,10:30,1,1,6,69,69382,2,4,1,1,1
202300011004,27,12,2023,17:50,5,1,6,95,95306,2,3,1,1,1
202300011005,19,3,2023,20:00,5,1,5,972,97213,1,1,2,1,1
202300011006,6,7,2023,11:30,1,1,7,971,97107,2,3,-1,1,1
202300011006,6,7,2023,11:30,1,1,7,971,97107,2,3,2,1,1
202300011007,18,9,2023,22:00,5,1,3,94,94081,2,3,2,2,1
202300011008,23,11,2023,11:30,1,1,6,25,25246,1,1,1,1,1
202300011009,8,7,2023,07:30,1,1,6,95,95428,2,3,1,1,1
202300011010,24,12,2023,20:20,3,1,6,91,91425,1,3,1,2,1
202300011011,18,3,2023,08:50,1,1,2,972,97213,1,4,2,1,1
202300011012,19,9,2023,07:25,1,1,3,94,94080,2,3,2,1,1
202300011012,19,9,2023,07:25,1,1,3,94,94080,2,3,1,1,1
202300011013,8,7,2023,09:10,1,1,6,83,83137,2,4,2,1,1
202300011014,19,3,2023,21:40,5,1,6,76,76366,2,7,2,1,1
202300011014,19,3,2023,21:40,5,1,6,76,76366,2,7,2,1,1
202300011015,14,8,2023,20:40,2,1,3,74,74012,2,4,-1,1,1
202300011016,28,12,2023,15:20,1,1,3,91,91027,2,4,2,1,1
202300011016,28,12,2023,15:20,1,1,3,91,91027,2,4,2,1,1
202300011017,8,7,2023,00:53,3,2,6,81,81021,2,2,1,1,2
202300011018,19,9,2023,18:10,1,1,6,94,94044,2,3,2,1,1
202300011019,8,7,2023,08:50,1,7,6,78,78642,2,3,2,1,1
202300011020,14,8,2023,22:40,5,1,2,69,69275,2,2,3,2,1
202300011021,19,3,2023,03:10,5,1,3,69,69256,2,4,1,1,1
202300011021,19,3,2023,03:10,5,1,3,69,69256,2,4,2,1,1
202300011022,19,9,2023,17:58,1,1,6,94,94043,2,3,1,1,1
202300011023,26,12,2023,20:15,5,1,3,87,87085,2,4,2,1,1
202300011024,14,8,2023,20:40,1,1,2,69,69266,2,4,2,1,1
202300011025,19,3,2023,16:50,1,3,3,69,69199,2,7,2,1,2
202300011025,19,3,2023,16:50,1,3,3,69,69199,2,7,2,3,2
202300011026,19,9,2023,12:50,1,1,3,94,94041,2,3,1,1,1
202300011026,19,9,2023,12:50,1,1,3,94,94041,2,3,2,1,1
202300011027,8,7,2023,20:30,1,1,1,77,77039,2,3,2,1,1
202300011028,14,8,2023,14:12,1,1,3,69,69290,2,4,2,1,1
202300011029,11,8,2023,19:30,2,2,6,94,94028,2,3,3,2,2
202300011030,8,7,2023,20:00,1,1,2,76,76498,2,4,2,1,2
202300011031,18,3,2023,20:00,3,1,4,59,59009,1,2,3,1,1
202300011032,18,9,2023,15:35,1,1,6,94,94079,2,6,-1,1,1
202300011033,14,8,2023,13:05,1,1,1,67,67218,2,4,2,1,1
202300011033,14,8,2023,13:05,1,1,1,67,67218,2,4,2,1,1