id_accident,jour,mois,annee,heure_minute,luminosite,meteo,type_collision,departement,commune,agglomeration,categorie_route,regime_circulation,profil_route,etat_surface
202300011034,7,7,2023,23:14,5,9,3,73,73008,2,3,2,1,1
202300011035,19,3,2023,13:55,1,1,1,54,54270,2,3,2,1,1
202300011036,12,8,2023,14:44,1,1,3,66,66136,2,4,1,1,1
202300011036,12,8,2023,14:44,1,1,3,66,66136,2,4,2,1,1
202300011037,19,9,2023,16:45,1,1,6,94,94017,2,3,2,1,1
202300011038,29,6,2023,13:20,1,1,4,73,73008,2,3,3,1,1
202300011039,12,8,2023,08:09,1,1,6,66,66136,2,6,-1,1,1
202300011040,17,3,2023,18:25,1,1,3,47,47323,2,3,2,1,1
202300011040,17,3,2023,18:25,1,1,3,47,47323,2,3,2,1,1
202300011041,19,9,2023,15:45,1,1,6,94,94002,2,4,1,1,1
202300011042,11,8,2023,20:25,1,2,6,66,66136,2,4,3,1,2
202300011043,19,3,2023,01:57,4,1,1,38,38151,2,4,-1,3,1
202300011044,19,9,2023,12:01,1,1,3,93,93072,2,4,-1,1,1
202300011045,8,7,2023,12:15,1,1,7,71,71059,1,3,2,4,1
202300011046,23,12,2023,14:40,1,2,4,87,87050,2,2,2,1,2
202300011047,14,8,2023,22:05,5,1,3,63,63113,2,7,3,2,2
202300011047,14,8,2023,22:05,5,1,3,63,63113,2,7,3,1,2
202300011048,8,7,2023,07:55,1,1,7,71,71540,1,3,2,1,1
202300011049,19,9,2023,18:40,1,1,6,93,93071,2,4,2,1,1
202300011050,19,3,2023,17:50,1,1,3,37,37261,2,4,1,1,1
202300011050,19,3,2023,17:50,1,1,3,37,37261,2,4,1,1,1
202300011051,19,3,2023,14:40,1,1,6,35,35115,2,3,2,2,1
202300011052,15,8,2023,00:55,3,1,7,62,62239,1,3,2,1,1
202300011052,15,8,2023,00:55,3,1,7,62,62239,1,3,1,1,1
202300011053,7,7,2023,18:15,1,1,6,71,71076,2,4,1,1,1
202300011054,14,8,2023,18:50,1,1,6,54,54547,2,4,1,1,1
202300011055,27,12,2023,19:40,5,2,1,85,85194,2,4,2,1,2
202300011056,7,7,2023,17:20,1,1,5,69,69091,2,4,2,2,1
202300011057,19,3,2023,20:20,3,1,2,34,34129,1,4,2,1,1
202300011058,19,9,2023,22:30,5,1,3,93,93064,2,3,3,1,1
202300011058,19,9,2023,22:30,5,1,3,93,93064,2,3,3,1,1
202300011059,14,8,2023,18:50,1,1,3,51,51454,2,4,2,1,1
202300011059,14,8,2023,18:50,1,1,3,51,51454,2,4,1,1,1
202300011060,8,7,2023,11:25,1,1,6,67,67482,2,4,1,1,1
202300011060,8,7,2023,11:25,1,1,6,67,67482,2,4,1,1,1
202300011061,19,9,2023,11:20,1,1,6,93,93062,2,4,1,1,1
202300011062,14,8,2023,18:22,1,1,6,49,49007,2,4,2,1,1
202300011063,28,12,2023,19:15,5,1,3,84,84087,2,2,2,1,1
202300011064,19,3,2023,04:10,4,2,5,34,34198,1,7,3,1,2
202300011065,7,7,2023,14:02,1,1,3,67,67180,2,4,2,1,1
202300011066,14,8,2023,20:30,1,1,1,37,37261,2,4,2,1,1
202300011067,19,9,2023,18:45,1,1,2,93,93050,2,3,2,1,1
202300011067,19,9,2023,18:45,1,1,2,93,93050,2,3,3,1,1
202300011068,27,12,2023,15:50,1,1,6,76,76351,2,4,2,1,1
202300011068,27,12,2023,15:50,1,1,6,76,76351,2,4,1,1,1
202300011069,14,8,2023,13:45,1,1,2,37,37208,2,4,2,1,1
202300011070,8,7,2023,12:59,1,1,4,64,64445,2,4,2,1,1
202300011071,19,3,2023,13:30,1,1,6,31,31555,2,4,1,1,1
202300011072,28,12,2023,13:55,1,1,3,74,74012,2,4,2,1,1
202300011073,19,9,2023,09:10,1,1,3,93,93048,2,3,2,1,1
202300011073,19,9,2023,09:10,1,1,3,93,93048,2,3,1,1,1
202300011074,14,8,2023,13:40,1,1,3,35,35238,2,4,3,1,1
202300011074,14,8,2023,13:40,1,1,3,35,35238,2,4,1,1,1
202300011075,18,3,2023,13:00,1,1,3,13,13054,2,4,2,1,1
202300011076,8,7,2023,10:40,1,1,6,64,64445,2,4,2,1,1
202300011076,8,7,2023,10:40,1,1,6,64,64445,2,4,2,1,1
202300011077,8,7,2023,09:20,1,1,2,64,64445,2,4,2,1,1
202300011078,14,8,2023,23:20,5,1,3,33,33522,2,4,2,1,1
202300011078,14,8,2023,23:20,5,1,3,33,33522,2,4,2,1,1
202300011079,19,3,2023,07:50,1,2,3,13,13204,2,4,2,1,2
202300011079,19,3,2023,07:50,1,2,3,13,13204,2,4,1,2,2
202300011080,19,9,2023,07:54,1,1,3,93,93029,2,4,1,1,1
202300011080,19,9,2023,07:54,1,1,3,93,93029,2,4,1,1,-1
202300011081,14,8,2023,19:30,1,2,7,29,29232,1,3,1,1,2
202300011082,9,7,2023,01:35,5,1,3,64,64102,2,4,2,1,1
202300011083,27,12,2023,18:10,3,1,2,74,74118,1,3,4,1,1
202300011084,14,8,2023,12:10,1,2,6,29,29232,1,2,1,2,2
202300011085,19,3,2023,03:15,5,2,3,13,13215,2,4,2,1,2
202300011086,19,9,2023,22:10,5,1,6,93,93070,2,3,2,1,1
202300011087,9,8,2023,17:00,1,1,7,22,22113,2,4,1,1,1
202300011088,13,3,2023,19:50,5,1,6,13,13004,2,4,-1,1,1
202300011089,8,7,2023,22:20,5,1,3,64,64024,2,4,2,1,1
202300011090,19,9,2023,17:15,1,1,6,93,93010,2,3,1,1,1
202300011091,27,12,2023,16:40,1,1,6,73,73008,2,4,2,1,1
202300011091,27,12,2023,16:40,1,1,6,73,73008,2,4,1,1,1
202300011092,14,8,2023,21:50,1,1,3,17,17306,2,3,2,1,1
202300011092,14,8,2023,21:50,1,1,3,17,17306,2,3,2,1,1
202300011093,19,3,2023,18:40,1,1,6,09,09225,1,2,3,1,1
202300011094,19,9,2023,13:40,1,1,3,93,93057,2,3,-1,1,1
202300011094,19,9,2023,13:40,1,1,3,93,93057,2,3,2,1,1
202300011095,28,12,2023,15:05,1,2,7,71,71153,2,3,2,1,2
202300011096,14,8,2023,19:20,1,1,2,16,16374,2,4,2,1,1
202300011096,14,8,2023,19:20,1,1,2,16,16374,2,4,2,1,-1
202300011097,19,3,2023,21:00,2,1,3,03,03190,2,3,4,1,1
202300011098,13,8,2023,01:49,3,1,6,15,15014,2,4,2,2,1
202300011099,19,9,2023,06:50,2,1,1,93,93010,2,4,2,1,1
202300011099,19,9,2023,06:50,2,1,1,93,93010,2,4,2,1,1
202300011100,14,8,2023,18:27,1,1,3,06,06088,2,4,2,1,1
202300011100,14,8,2023,18:27,1,1,3,06,06088,2,4,2,2,1
202300011101,30,5,2023,22:15,3,1,6,93,93007,2,4,2,1,1
202300011102,28,12,2023,02:50,5,1,6,69,69271,1,7,1,1,1
202300011102,28,12,2023,02:50,5,1,6,69,69271,1,7,2,1,1
202300011103,14,8,2023,09:19,1,1,6,06,06159,2,7,3,2,1
202300011104,19,3,2023,14:30,1,1,2,75,75112,2,4,1,1,1
202300011105,14,9,2023,16:20,1,1,6,92,92064,2,3,2,1,1
202300011105,14,9,2023,16:20,1,1,6,92,92064,2,3,2,1,1
202300011106,19,3,2023,09:50,1,1,6,75,75105,2,4,2,1,1
202300011107,14,8,2023,13:01,1,1,6,75,75111,2,4,3,1,1
202300011107,14,8,2023,13:01,1,1,6,75,75111,2,4,2,1,1
202300011108,19,9,2023,09:00,1,1,6,92,92062,2,4,2,1,1
202300011109,27,12,2023,16:30,1,1,5,64,64545,1,3,2,1,1
202300011110,19,3,2023,05:55,4,2,3,75,75120,2,4,1,1,2
202300011110,19,3,2023,05:55,4,2,3,75,75120,2,4,2,1,2
202300011111,14,8,2023,07:20,1,1,1,75,75105,2,4,1,1,1
202300011111,14,8,2023,07:20,1,1,1,75,75105,2,4,2,1,1
202300011112,19,9,2023,16:00,1,1,6,92,92051,2,4,2,1,1
202300011112,19,9,2023,16:00,1,1,6,92,92051,2,4,2,1,1
202300011113,14,8,2023,13:40,1,7,7,75,75119,2,4,1,1,1
202300011113,14,8,2023,13:40,1,7,7,75,75119,2,4,1,1,1
202300011114,27,12,2023,17:30,5,1,3,62,62771,2,4,3,1,1
202300011115,19,3,2023,05:30,5,2,3,75,75118,2,4,-1,1,2
202300011115,19,3,2023,05:30,5,2,3,75,75118,2,4,-1,1,2
202300011116,14,8,2023,02:50,5,1,3,75,75118,2,4,-1,1,1
202300011117,19,9,2023,09:30,1,1,4,92,92051,2,2,-1,1,1
202300011118,18,3,2023,22:30,5,1,6,75,75108,2,4,2,1,1
202300011118,18,3,2023,22:30,5,1,6,75,75108,2,4,1,1,1
202300011119,28,12,2023,07:54,2,8,1,54,54528,1,3,2,1,2
202300011120,14,8,2023,06:10,2,1,7,75,75117,2,4,1,1,1
202300011120,14,8,2023,06:10,2,1,7,75,75117,2,4,1,1,1
202300011121,19,9,2023,09:05,1,1,6,92,92020,2,4,2,1,1
202300011122,19,3,2023,20:20,5,1,6,75,75115,2,4,2,1,1
202300011122,19,3,2023,20:20,5,1,6,75,75115,2,4,2,1,1
202300011123,13,8,2023,21:10,5,1,6,75,75107,2,4,3,1,1
202300011123,13,8,2023,21:10,5,1,6,75,75107,2,4,2,1,1
202300011124,18,3,2023,19:45,5,1,3,75,75115,2,4,2,1,1
202300011125,19,9,2023,12:37,1,1,1,92,92040,2,3,1,1,1
202300011125,19,9,2023,12:37,1,1,1,92,92040,2,3,2,1,1
202300011126,14,8,2023,12:40,1,1,3,75,75114,2,4,3,2,1
202300011126,14,8,2023,12:40,1,1,3,75,75114,2,4,2,1,1
202300011127,28,12,2023,11:10,1,1,2,51,51454,2,4,2,1,1
202300011128,19,3,2023,15:36,1,1,6,75,75112,2,4,2,1,1
202300011129,18,9,2023,20:35,1,1,6,92,92036,2,3,2,1,1
202300011130,20,7,2023,21:00,2,1,3,94,94058,2,3,4,1,1
202300011130,20,7,2023,21:00,2,1,3,94,94058,2,3,4,1,1
202300011131,17,3,2023,23:00,5,9,2,75,75104,2,4,2,1,2
202300011131,17,3,2023,23:00,5,9,2,75,75104,2,4,1,1,2
202300011132,28,12,2023,14:40,1,1,6,50,50218,2,4,2,1,1
202300011133,13,8,2023,22:14,5,1,3,93,93078,2,4,2,1,1
202300011133,13,8,2023,22:14,5,1,3,93,93078,2,4,1,1,1
202300011134,19,9,2023,08:40,1,1,2,92,92026,2,3,2,1,1
202300011135,19,3,2023,13:00,1,2,1,94,94058,2,3,2,1,2
202300011135,19,3,2023,13:00,1,2,1,94,94058,2,3,1,1,2
202300011136,13,8,2023,23:20,5,1,3,93,93064,2,3,2,1,1
202300011137,17,9,2023,21:00,5,1,6,92,92024,2,3,2,1,1
202300011138,27,12,2023,16:40,1,1,6,49,49246,2,3,2,1,1
202300011139,19,3,2023,11:20,1,2,3,94,94076,2,3,2,1,2
202300011140,14,8,2023,06:45,2,1,1,93,93047,2,4,2,1,1
202300011140,14,8,2023,06:45,2,1,1,93,93047,2,4,2,1,1
202300011141,18,9,2023,23:20,5,1,3,92,92019,2,3,2,1,1
202300011142,27,12,2023,11:00,1,1,6,49,49007,2,4,2,1,1
202300011143,18,3,2023,23:15,5,1,3,94,94003,2,3,1,1,1
202300011144,14,8,2023,07:20,1,1,1,93,93001,2,3,2,1,1
202300011144,14,8,2023,07:20,1,1,1,93,93001,2,3,3,1,1
202300011145,18,9,2023,07:35,2,1,6,92,92004,2,3,1,1,1
202300011145,18,9,2023,07:35,2,1,6,92,92004,2,3,2,1,1
202300011146,19,3,2023,18:30,2,1,2,94,94017,2,3,2,2,1
202300011147,13,8,2023,18:45,1,1,3,93,93001,2,3,2,1,1
202300011148,20,9,2023,08:20,1,1,5,974,97415,1,3,2,1,1
202300011149,13,8,2023,09:35,1,1,6,92,92075,2,3,2,1,1
202300011150,19,3,2023,16:30,1,1,3,93,93055,2,3,3,1,1
202300011151,10,9,2023,06:40,3,1,6,16,16150,1,2,3,1,1
202300011152,14,8,2023,04:07,5,1,6,92,92063,2,4,1,1,9
202300011153,19,3,2023,17:00,1,1,6,93,93053,2,3,2,1,1
202300011154,14,8,2023,10:00,1,1,2,92,92040,2,3,2,1,1
202300011155,19,9,2023,12:50,1,1,7,22,22311,1,3,-1,1,1
202300011156,19,3,2023,14:40,1,1,2,93,93050,2,4,2,1,1
202300011157,20,9,2023,10:15,1,1,7,21,21452,1,1,3,1,1
202300011158,15,8,2023,19:30,1,1,3,62,62271,1,3,2,2,1
202300011159,18,3,2023,23:35,5,1,4,93,93046,2,3,2,1,1
202300011160,15,8,2023,20:20,1,1,3,86,86272,1,3,2,1,1
202300011161,20,9,2023,08:15,1,1,3,83,83130,1,1,1,1,2
202300011162,18,3,2023,22:35,5,1,6,93,93063,2,4,2,1,1
202300011163,14,8,2023,09:30,1,1,6,95,95052,2,4,1,1,1
202300011164,19,9,2023,20:00,3,1,7,974,97412,1,2,2,1,1
202300011165,19,3,2023,10:45,1,2,3,92,92024,2,3,1,1,2
202300011166,15,8,2023,18:24,1,1,3,95,95529,1,4,2,2,1
202300011167,16,8,2023,13:50,1,1,7,06,06161,2,4,2,1,1
202300011168,19,9,2023,05:40,4,1,6,972,97222,1,2,2,2,1
202300011168,19,9,2023,05:40,4,1,6,972,97222,1,2,2,-1,-1
202300011169,19,3,2023,15:50,1,1,6,92,92014,2,3,2,1,1
202300011170,16,8,2023,07:15,1,1,6,35,35286,2,3,2,1,1
202300011171,19,3,2023,16:50,1,1,6,35,35123,2,3,2,1,1
202300011172,15,8,2023,20:30,1,1,6,88,88115,1,3,2,1,1
202300011173,6,9,2023,08:20,1,7,2,67,67117,1,3,3,2,1
202300011173,6,9,2023,08:20,1,7,2,67,67117,1,3,2,2,1
202300011174,19,3,2023,15:30,1,1,6,35,35126,1,4,2,1,1
202300011175,16,8,2023,09:30,1,1,1,35,35338,1,4,2,3,1
202300011176,20,9,2023,02:30,3,1,6,51,51422,2,3,2,1,1
202300011176,20,9,2023,02:30,3,1,6,51,51422,2,3,2,1,1
202300011177,20,3,2023,12:15,1,8,3,95,95116,1,3,2,1,1
202300011178,15,8,2023,02:40,5,1,6,83,83036,2,4,1,1,1
202300011179,19,3,2023,15:43,1,3,6,21,21638,1,1,1,2,2
202300011180,14,8,2023,15:15,1,1,6,35,35098,1,2,3,1,1
202300011181,20,9,2023,10:40,1,1,1,33,33314,2,4,1,1,1
202300011181,20,9,2023,10:40,1,1,1,33,33314,2,4,2,1,1
202300011182,20,3,2023,08:40,1,5,7,52,52282,1,1,3,1,1
202300011183,15,8,2023,01:10,4,1,7,91,91665,2,4,2,2,1
202300011184,16,9,2023,19:00,2,1,6,11,11436,1,3,2,1,9
202300011184,16,9,2023,19:00,2,1,6,11,11436,1,3,2,1,9
202300011185,20,3,2023,09:30,1,1,7,52,52432,1,1,3,1,1
202300011186,16,8,2023,15:15,1,1,1,62,62677,1,3,2,1,1
202300011187,20,9,2023,12:40,1,1,3,49,49140,1,3,2,2,9
202300011188,19,3,2023,18:25,1,1,1,14,14061,1,3,2,1,1
202300011189,15,8,2023,19:10,1,1,1,51,51416,1,4,2,1,1
202300011190,19,9,2023,11:37,1,1,1,12,12208,1,3,2,2,1
202300011191,16,3,2023,14:30,1,1,2,87,87020,1,1,3,4,1
202300011192,15,8,2023,08:06,1,7,3,59,59528,2,3,2,2,1
202300011192,15,8,2023,08:06,1,7,3,59,59528,2,3,2,1,1
202300011193,16,3,2023,17:10,1,1,3,34,34270,1,7,2,1,1
202300011194,16,9,2023,14:50,1,1,1,34,34031,1,3,2,1,1
202300011195,15,8,2023,22:40,3,1,2,56,56214,1,3,2,2,1
202300011196,19,3,2023,16:00,1,1,6,62,62440,2,4,1,2,1
202300011197,20,9,2023,17:55,1,8,7,34,34018,1,3,2,2,2
202300011198,30,7,2023,04:45,3,1,7,2B,2B150,1,2,2,2,1
202300011199,19,3,2023,18:25,1,1,1,56,56177,1,4,2,3,1
202300011200,19,9,2023,16:00,1,1,1,68,68082,2,4,2,1,1
202300011200,19,9,2023,16:00,1,1,1,68,68082,2,4,2,1,1
202300011201,19,3,2023,16:15,1,1,5,78,78192,1,3,2,1,1
202300011202,19,9,2023,17:01,1,1,2,25,25245,1,3,2,1,1
202300011202,19,9,2023,17:01,1,1,2,25,25245,1,3,-1,-1,-1
202300011203,19,3,2023,23:35,3,1,7,79,79185,1,3,2,3,1
202300011204,20,3,2023,10:30,1,1,6,89,89005,2,4,2,2,1
202300011205,18,9,2023,19:20,1,1,1,35,35299,1,4,2,1,1
202300011205,18,9,2023,19:20,1,1,1,35,35299,1,4,2,1,1
202300011206,17,9,2023,05:32,3,1,6,31,31109,1,3,2,1,1
202300011207,18,3,2023,15:00,1,8,1,34,34085,1,3,2,1,1
202300011208,19,9,2023,16:27,1,1,2,01,01269,2,3,1,1,1
202300011208,19,9,2023,16:27,1,1,2,01,01269,2,3,1,1,1
202300011209,16,3,2023,09:50,1,1,7,34,34130,1,4,2,2,1
202300011210,19,3,2023,19:10,3,3,6,25,25321,1,3,2,2,2
202300011211,20,9,2023,07:45,1,7,1,01,01134,1,3,2,1,1
202300011212,19,3,2023,10:15,1,1,3,29,29074,2,3,1,1,1
202300011212,19,3,2023,10:15,1,1,3,29,29074,2,3,1,1,1
202300011213,19,9,2023,15:00,1,1,6,01,01108,1,3,2,2,1
202300011214,20,3,2023,16:30,1,1,6,38,38517,2,3,2,1,1
202300011215,20,9,2023,11:00,1,1,6,70,70467,2,4,2,1,1
202300011215,20,9,2023,11:00,1,1,6,70,70467,2,4,2,1,1
202300011216,20,3,2023,14:00,1,1,1,58,58180,1,3,2,1,1
202300011217,20,9,2023,18:50,2,1,6,54,54359,1,3,2,2,1
202300011218,3,3,2023,07:50,1,1,6,14,14582,1,3,2,1,1
202300011219,20,3,2023,07:20,2,1,6,14,14455,1,4,2,1,1
202300011220,20,9,2023,07:30,1,1,6,06,06079,2,4,2,1,1
202300011221,18,9,2023,16:30,1,1,1,07,07005,1,3,2,1,1
202300011222,17,3,2023,18:45,2,1,3,50,50378,1,3,2,1,1
202300011222,17,3,2023,18:45,2,1,3,50,50378,1,3,2,1,1
202300011223,19,3,2023,13:30,1,1,7,50,50442,1,3,2,1,1
202300011224,18,9,2023,17:25,1,8,3,53,53185,1,3,2,1,2
202300011224,18,9,2023,17:25,1,8,3,53,53185,1,3,2,1,2
202300011225,20,3,2023,09:30,1,1,6,85,85102,1,3,2,1,1
202300011226,5,9,2023,17:15,1,1,7,21,21580,1,3,2,4,1
202300011227,16,9,2023,10:45,1,7,7,24,24087,1,3,2,1,1
202300011228,19,3,2023,18:00,1,1,5,30,30006,1,3,2,1,1
202300011228,19,3,2023,18:00,1,1,5,30,30006,1,3,2,1,1
202300011229,15,9,2023,10:59,1,1,3,27,27565,1,3,2,1,1
202300011229,15,9,2023,10:59,1,1,3,27,27565,1,3,2,1,1
202300011230,20,3,2023,08:00,1,1,4,73,73213,1,1,1,1,1
202300011231,19,9,2023,19:40,2,1,6,30,30103,2,4,2,1,1
202300011231,19,9,2023,19:40,2,1,6,30,30103,2,4,2,2,1
202300011232,18,3,2023,14:30,1,1,7,13,13112,1,3,2,1,1
202300011233,20,3,2023,04:45,3,1,6,01,01029,1,1,3,1,1
202300011234,19,9,2023,18:15,1,1,5,06,06085,1,1,3,1,1
202300011235,6,3,2023,19:50,3,1,7,91,91037,1,4,2,1,1
202300011236,20,9,2023,12:45,1,1,7,45,45317,1,1,3,1,1
202300011237,19,3,2023,17:11,1,1,2,72,72105,1,1,3,1,1
202300011238,15,9,2023,18:45,5,2,5,987,98725,1,2,2,1,2
202300011238,15,9,2023,18:45,5,2,5,987,98725,1,2,2,1,2
202300011239,19,3,2023,13:30,1,1,1,976,97604,1,3,2,1,1
202300011240,18,9,2023,15:40,1,1,7,91,91200,1,1,-1,2,1
202300011241,20,3,2023,08:50,1,1,6,971,97103,1,2,3,1,1
202300011242,20,3,2023,08:00,1,1,3,68,68278,2,3,2,1,1
202300011243,20,9,2023,18:00,1,1,4,33,33234,1,3,2,1,1
202300011244,20,9,2023,17:15,1,1,6,77,77266,1,3,2,1,1
202300011245,19,3,2023,09:52,1,2,6,971,97121,2,2,2,2,2
202300011246,19,3,2023,07:00,2,1,6,45,45217,1,4,2,1,2
202300011247,20,9,2023,06:45,2,1,3,84,84016,2,3,2,1,1
202300011247,20,9,2023,06:45,2,1,3,84,84016,2,3,-1,-1,-1
202300011248,19,3,2023,16:30,1,1,1,34,34060,1,3,2,1,1
202300011249,20,9,2023,14:00,1,3,6,06,06134,2,3,2,1,2
202300011250,20,3,2023,09:15,1,1,3,84,84141,2,3,2,1,1
202300011251,19,9,2023,16:45,1,1,1,13,13030,1,3,2,2,1
202300011252,18,3,2023,12:15,1,1,7,13,13064,1,3,2,1,1
202300011253,20,9,2023,12:00,1,7,1,03,03031,1,3,2,1,1
202300011254,19,3,2023,06:38,2,2,1,38,38388,1,7,2,1,2
202300011255,19,9,2023,17:05,1,1,7,86,86222,2,3,2,1,2
202300011256,19,3,2023,21:37,3,1,2,33,33196,1,3,2,1,1
202300011257,19,9,2023,15:45,1,1,3,85,85071,1,3,2,1,1
202300011257,19,9,2023,15:45,1,1,3,85,85071,1,3,2,1,1
202300011258,20,3,2023,08:55,1,1,2,60,60559,1,2,1,1,1
202300011259,18,9,2023,13:50,1,1,3,27,27602,2,3,2,1,1
202300011259,18,9,2023,13:50,1,1,3,27,27602,2,3,3,1,1
202300011260,19,3,2023,12:23,1,2,2,83,83137,2,1,3,1,2
202300011261,20,9,2023,09:00,1,1,3,60,60107,2,4,2,1,1
202300011262,19,3,2023,03:20,3,2,2,33,33162,1,1,3,1,2
202300011263,16,7,2023,05:20,3,2,2,69,69259,1,7,3,1,2
202300011264,19,3,2023,19:25,3,1,2,92,92048,1,2,-1,1,1
202300011265,16,9,2023,00:50,3,1,6,59,59378,1,1,-1,1,1
202300011266,18,3,2023,19:05,3,1,6,77,77122,1,1,1,2,2
202300011267,19,9,2023,19:43,1,1,3,91,91689,1,1,1,1,1
202300011268,18,3,2023,16:40,1,1,2,77,77294,1,1,1,1,1
202300011269,17,3,2023,12:30,1,1,2,77,77294,1,1,1,1,1
202300011270,19,9,2023,18:00,1,1,6,91,91216,1,1,3,1,1
202300011271,10,1,2023,22:40,3,1,6,74,74137,2,4,2,2,6
202300011272,9,1,2023,20:28,3,3,6,74,74281,1,3,1,1,2
202300011273,19,9,2023,11:08,1,1,5,91,91687,1,1,-1,1,1
202300011274,7,1,2023,13:20,1,1,1,74,74010,2,4,2,2,1
202300011275,19,9,2023,08:35,1,1,3,94,94034,1,1,1,1,1
202300011276,19,9,2023,08:10,1,1,3,91,91432,1,1,1,2,1
202300011277,19,9,2023,18:00,1,1,5,93,93066,1,1,3,1,1
202300011278,19,9,2023,11:35,1,1,6,93,93001,1,1,3,3,1
202300011279,19,9,2023,08:30,1,1,5,95,95582,1,1,3,1,1
202300011280,19,9,2023,07:10,1,1,3,93,93066,1,1,-1,2,1
202300011281,19,9,2023,04:00,3,1,6,95,95018,1,1,3,1,2
202300011282,19,9,2023,00:56,3,1,6,93,93027,1,1,3,1,1
202300011283,18,9,2023,20:30,3,3,6,95,95042,1,2,3,1,2
202300011284,18,9,2023,17:45,5,1,4,93,93066,1,1,3,1,1
202300011285,18,9,2023,08:10,1,1,3,92,92024,2,3,2,1,1
202300011285,18,9,2023,08:10,1,1,3,92,92024,2,3,1,1,1
202300011286,30,4,2023,12:00,1,1,3,14,14143,1,3,2,3,1
202300011286,30,4,2023,12:00,1,1,3,14,14143,1,3,3,1,1
202300011287,16,6,2023,11:20,1,1,1,13,13047,1,3,2,2,1
202300011288,18,6,2023,15:00,1,1,1,75,75119,2,4,1,1,1
202300011288,18,6,2023,15:00,1,1,1,75,75119,2,4,2,1,1
202300011289,17,6,2023,13:50,1,1,2,75,75119,2,4,1,2,1
202300011290,16,6,2023,19:45,1,1,6,75,75119,2,4,1,1,1
202300011290,16,6,2023,19:45,1,1,6,75,75119,2,4,3,2,1
202300011291,16,6,2023,12:49,1,1,7,75,75119,2,4,1,1,1
202300011291,16,6,2023,12:49,1,1,7,75,75119,2,4,1,1,1
202300011292,16,6,2023,12:45,1,1,2,75,75119,2,4,2,1,1
202300011292,16,6,2023,12:45,1,1,2,75,75119,2,4,2,1,1
202300011293,15,6,2023,19:00,1,1,3,75,75119,2,4,1,1,1
202300011293,15,6,2023,19:00,1,1,3,75,75119,2,4,1,1,1
202300011294,15,6,2023,17:35,1,1,3,75,75119,2,4,3,1,1
202300011294,15,6,2023,17:35,1,1,3,75,75119,2,4,1,1,1
202300011295,15,6,2023,15:55,1,1,6,75,75119,2,4,1,1,1
202300011295,15,6,2023,15:55,1,1,6,75,75119,2,4,1,1,1
202300011296,18,6,2023,01:20,5,1,3,75,75118,2,4,1,1,1
202300011296,18,6,2023,01:20,5,1,3,75,75118,2,4,2,1,1
202300011297,17,6,2023,20:43,1,1,6,75,75110,2,4,1,1,1
202300011297,17,6,2023,20:43,1,1,6,75,75110,2,4,2,2,1
202300011298,16,6,2023,19:30,1,1,2,75,75118,2,4,1,1,1
202300011299,16,6,2023,11:02,1,1,6,75,75118,2,4,1,1,1
202300011299,16,6,2023,11:02,1,1,6,75,75118,2,4,2,1,1
202300011300,15,6,2023,15:45,1,1,6,75,75117,2,4,2,1,1
202300011300,15,6,2023,15:45,1,1,6,75,75117,2,4,1,1,1
202300011301,15,6,2023,01:00,5,1,6,75,75117,2,4,2,1,1
202300011301,15,6,2023,01:00,5,1,6,75,75117,2,4,1,1,1
202300011302,17,6,2023,16:45,1,3,6,75,75116,2,4,1,1,2
202300011303,16,6,2023,02:07,5,1,3,75,75116,2,4,2,1,1
202300011303,16,6,2023,02:07,5,1,3,75,75116,2,4,2,1,1
202300011304,13,6,2023,21:00,1,1,2,75,75116,2,4,4,1,1
202300011304,13,6,2023,21:00,1,1,2,75,75116,2,4,1,1,1
202300011305,13,6,2023,20:35,1,1,6,75,75116,2,4,2,1,1
202300011305,13,6,2023,20:35,1,1,6,75,75116,2,4,1,1,1
202300011306,17,6,2023,18:20,1,1,2,75,75115,2,4,-1,1,1
202300011307,17,6,2023,02:12,5,1,6,75,75115,2,4,2,2,1
202300011307,17,6,2023,02:12,5,1,6,75,75115,2,4,1,1,1
202300011308,16,6,2023,16:50,1,1,6,75,75115,2,4,1,1,1
202300011308,16,6,2023,16:50,1,1,6,75,75115,2,4,2,1,1
202300011309,16,6,2023,00:30,5,1,1,75,75115,2,4,1,1,1
202300011309,16,6,2023,00:30,5,1,1,75,75115,2,4,2,1,1
202300011310,15,6,2023,09:15,1,1,6,75,75115,2,4,1,1,1
202300011310,15,6,2023,09:15,1,1,6,75,75115,2,4,1,1,1
202300011311,17,6,2023,19:30,1,1,2,75,75113,2,4,3,1,1
202300011312,16,6,2023,00:35,5,1,1,75,75113,2,4,2,1,1
202300011312,16,6,2023,00:35,5,1,1,75,75113,2,4,-1,1,1
202300011313,17,6,2023,20:43,1,1,6,75,75110,2,4,1,1,1
202300011313,17,6,2023,20:43,1,1,6,75,75110,2,4,2,2,1
202300011314,15,6,2023,15:10,1,1,6,75,75110,2,4,1,1,1
202300011314,15,6,2023,15:10,1,1,6,75,75110,2,4,1,1,1
202300011315,14,6,2023,23:09,5,1,7,75,75110,2,4,1,1,1
202300011315,14,6,2023,23:09,5,1,7,75,75110,2,4,2,1,1
202300011316,18,6,2023,10:15,1,1,3,75,75109,2,4,2,1,1
202300011316,18,6,2023,10:15,1,1,3,75,75109,2,4,2,1,1
202300011317,14,6,2023,19:30,1,1,2,75,75109,2,4,2,1,1
202300011317,14,6,2023,19:30,1,1,2,75,75109,2,4,1,1,1