id_accident,jour,mois,annee,heure_minute,luminosite,meteo,type_collision,departement,commune,agglomeration,categorie_route,regime_circulation,profil_route,etat_surface
202300011318,16,6,2023,13:50,1,1,3,75,75108,2,4,4,1,1
202300011318,16,6,2023,13:50,1,1,3,75,75108,2,4,4,1,1
202300011319,16,6,2023,11:33,1,1,3,75,75108,2,4,2,2,1
202300011319,16,6,2023,11:33,1,1,3,75,75108,2,4,1,1,1
202300011320,17,6,2023,13:03,1,1,7,75,75107,2,4,2,1,1
202300011320,17,6,2023,13:03,1,1,7,75,75107,2,4,-1,1,1
202300011321,16,6,2023,08:50,1,1,6,75,75114,2,4,1,1,1
202300011322,16,6,2023,09:00,1,1,3,75,75107,2,4,1,1,1
202300011322,16,6,2023,09:00,1,1,3,75,75107,2,4,1,1,1
202300011323,16,6,2023,10:15,1,1,7,75,75104,2,4,4,1,1
202300011323,16,6,2023,10:15,1,1,7,75,75104,2,4,4,1,1
202300011324,15,6,2023,09:20,1,1,7,75,75109,2,4,1,1,1
202300011324,15,6,2023,09:20,1,1,7,75,75109,2,4,1,1,1
202300011325,14,6,2023,17:40,1,1,3,75,75101,2,4,1,1,1
202300011325,14,6,2023,17:40,1,1,3,75,75101,2,4,1,1,1
202300011326,14,6,2023,11:22,1,1,3,75,75104,2,4,1,1,1
202300011326,14,6,2023,11:22,1,1,3,75,75104,2,4,2,1,1
202300011327,14,6,2023,04:50,5,1,7,75,75104,2,4,2,1,1
202300011327,14,6,2023,04:50,5,1,7,75,75104,2,4,-1,1,1
202300011328,26,4,2023,15:20,1,1,3,32,32156,1,3,2,1,1
202300011328,26,4,2023,15:20,1,1,3,32,32156,1,3,2,2,1
202300011329,14,6,2023,16:00,1,1,7,60,60676,2,3,2,3,1
202300011330,9,9,2023,23:45,4,1,7,976,97611,2,2,2,1,9
202300011331,18,9,2023,10:20,1,3,3,69,69386,2,4,1,1,2
202300011331,18,9,2023,10:20,1,3,3,69,69386,2,4,1,1,2
202300011332,18,9,2023,12:00,1,2,6,69,69383,2,4,1,1,2
202300011332,18,9,2023,12:00,1,2,6,69,69383,2,4,1,1,2
202300011333,18,9,2023,09:50,1,2,6,69,69381,2,4,2,2,2
202300011334,17,9,2023,23:40,3,1,7,971,97101,1,2,2,1,1
202300011335,18,9,2023,18:30,1,1,6,95,95197,2,3,2,1,1
202300011335,18,9,2023,18:30,1,1,6,95,95197,2,3,2,1,1
202300011336,18,9,2023,08:30,1,1,6,95,95210,2,4,2,1,1
202300011337,18,9,2023,23:30,5,1,7,91,91097,2,3,1,1,1
202300011338,14,9,2023,17:20,1,1,3,91,91027,2,3,2,1,1
202300011339,18,9,2023,20:30,2,2,2,91,91223,2,4,2,1,2
202300011340,16,9,2023,15:00,1,1,3,89,89387,2,4,2,1,1
202300011340,16,9,2023,15:00,1,1,3,89,89387,2,4,2,1,1
202300011341,8,9,2023,13:25,1,1,3,89,89346,2,4,2,1,1
202300011341,8,9,2023,13:25,1,1,3,89,89346,2,4,2,1,1
202300011342,16,9,2023,23:21,5,1,6,87,87085,2,3,2,1,1
202300011343,18,9,2023,12:20,1,1,3,81,81004,2,6,-1,1,1
202300011344,12,9,2023,09:30,1,1,6,80,80021,2,4,-1,1,1
202300011345,7,9,2023,00:30,5,1,6,80,80021,2,4,2,1,1
202300011346,17,9,2023,11:35,1,1,7,76,76351,2,4,2,1,2
202300011346,17,9,2023,11:35,1,1,7,76,76351,2,4,2,1,2
202300011347,15,9,2023,17:40,1,1,6,76,76447,2,4,1,1,1
202300011348,15,9,2023,16:45,1,1,2,76,76447,1,3,3,1,1
202300011349,18,9,2023,11:40,1,2,6,72,72181,2,4,2,1,2
202300011350,18,9,2023,15:10,1,1,3,69,69266,2,4,1,1,1
202300011350,18,9,2023,15:10,1,1,3,69,69266,2,4,1,1,1
202300011351,18,9,2023,22:30,5,2,6,69,69264,2,3,2,1,2
202300011352,17,9,2023,16:20,1,1,3,69,69029,2,4,2,1,1
202300011353,15,9,2023,09:34,1,7,3,67,67462,2,4,2,1,1
202300011354,17,9,2023,06:35,2,1,6,62,62033,2,3,2,1,1
202300011355,14,9,2023,13:10,1,1,3,62,62193,2,4,1,1,1
202300011355,14,9,2023,13:10,1,1,3,62,62193,2,4,1,1,1
202300011356,18,9,2023,16:45,1,1,6,59,59512,2,4,-1,1,1
202300011356,18,9,2023,16:45,1,1,6,59,59512,2,4,2,1,1
202300011357,18,9,2023,12:15,1,1,3,59,59350,2,4,2,1,1
202300011358,16,9,2023,08:20,1,1,6,57,57672,2,4,2,1,1
202300011359,17,9,2023,01:30,3,1,7,56,56121,2,4,2,1,1
202300011360,18,9,2023,07:25,1,1,6,51,51454,2,4,2,1,1
202300011361,17,9,2023,21:05,5,1,7,51,51454,2,4,1,1,1
202300011362,15,9,2023,23:20,5,1,6,50,50129,2,4,1,1,1
202300011363,18,9,2023,22:30,5,1,2,41,41047,2,3,2,1,2
202300011364,3,8,2023,18:50,1,8,3,40,40088,2,4,3,1,2
202300011364,3,8,2023,18:50,1,8,3,40,40088,2,4,2,1,2
202300011365,18,9,2023,14:17,1,1,3,37,37261,2,4,-1,1,1
202300011365,18,9,2023,14:17,1,1,3,37,37261,2,4,2,1,1
202300011366,17,9,2023,18:30,2,3,7,37,37122,2,3,1,1,2
202300011367,18,9,2023,18:10,1,1,2,35,35238,2,4,3,1,1
202300011368,18,9,2023,09:55,1,1,3,35,35238,2,4,3,1,1
202300011368,18,9,2023,09:55,1,1,3,35,35238,2,4,2,1,1
202300011369,18,9,2023,17:50,1,7,6,33,33249,2,4,1,1,1
202300011370,18,9,2023,11:55,1,1,1,31,31555,2,4,2,1,1
202300011371,17,9,2023,12:25,1,1,2,27,27229,2,4,-1,1,1
202300011372,18,9,2023,21:45,5,2,3,25,25056,2,4,3,1,2
202300011372,18,9,2023,21:45,5,2,3,25,25056,2,4,3,1,2
202300011373,16,9,2023,12:55,1,1,3,19,19031,2,4,2,1,1
202300011373,16,9,2023,12:55,1,1,3,19,19031,2,4,1,1,1
202300011374,17,9,2023,11:00,1,1,3,13,13202,2,4,3,1,1
202300011375,17,9,2023,06:00,5,1,2,13,13206,2,4,2,2,1
202300011376,18,9,2023,13:35,1,1,6,02,02304,2,4,1,1,1
202300011377,18,9,2023,09:20,1,1,2,75,75117,2,4,1,1,1
202300011378,18,9,2023,07:10,2,1,5,75,75120,2,4,1,1,1
202300011379,18,9,2023,00:25,5,1,3,75,75120,2,4,1,1,2
202300011380,15,9,2023,23:35,5,1,5,75,75116,2,4,1,1,1
202300011381,17,9,2023,22:50,5,1,6,75,75107,2,4,2,1,1
202300011381,17,9,2023,22:50,5,1,6,75,75107,2,4,3,1,1
202300011382,20,10,2023,16:30,1,2,7,54,54102,1,3,2,1,2
202300011383,20,10,2023,22:30,4,3,6,14,14288,1,3,2,1,2
202300011384,7,9,2023,18:00,1,1,3,83,83046,2,3,2,2,1
202300011385,20,10,2023,20:05,3,1,1,73,73128,1,3,2,2,2
202300011386,20,10,2023,20:30,3,3,3,10,10034,1,3,2,1,2
202300011387,21,10,2023,19:50,5,1,6,07,07010,2,3,2,2,1
202300011388,21,10,2023,12:20,1,1,3,07,07234,1,3,2,1,1
202300011389,20,10,2023,16:40,1,8,1,53,53096,2,4,2,1,2
202300011389,20,10,2023,16:40,1,8,1,53,53096,2,4,2,2,2
202300011390,20,10,2023,20:00,3,3,6,21,21044,1,3,2,4,2
202300011391,21,10,2023,15:06,1,8,6,24,24496,1,3,2,1,2
202300011392,21,10,2023,18:10,1,2,2,85,85047,1,3,3,1,2
202300011393,21,10,2023,12:50,1,2,6,85,85182,1,3,2,2,2
202300011394,21,10,2023,15:00,1,1,6,48,48002,1,3,2,2,1
202300011395,20,10,2023,21:45,3,2,6,24,24331,1,3,-1,3,2
202300011396,9,10,2023,09:45,1,1,6,06,06152,2,3,2,1,1
202300011397,20,10,2023,16:05,1,3,2,72,72105,1,1,3,1,2
202300011398,20,10,2023,20:30,3,3,5,51,51569,1,1,3,1,2
202300011399,21,10,2023,08:15,2,1,3,62,62476,1,1,3,1,1
202300011400,26,8,2023,08:05,1,1,6,988,98822,1,2,2,3,1
202300011400,26,8,2023,08:05,1,1,6,988,98822,1,2,2,-1,1
202300011401,20,10,2023,15:00,1,1,2,976,97607,2,2,2,4,1
202300011402,21,10,2023,01:15,3,5,6,974,97422,1,2,2,1,1
202300011403,19,10,2023,17:30,2,8,2,974,97420,2,3,2,2,1
202300011404,20,10,2023,10:35,1,3,6,33,33535,2,3,2,1,2
202300011405,21,10,2023,09:00,1,1,6,45,45155,2,6,-1,1,1
202300011406,19,10,2023,09:12,1,1,1,77,77466,1,4,2,1,2
202300011407,20,10,2023,16:15,1,2,1,30,30128,1,3,2,1,2
202300011408,20,10,2023,23:15,5,1,7,13,13086,2,3,2,1,1
202300011409,14,10,2023,14:30,1,1,7,21,21699,1,3,2,1,1
202300011410,20,10,2023,13:40,1,8,6,38,38317,2,7,2,1,2
202300011411,20,10,2023,11:55,1,3,6,33,33449,2,4,2,1,2
202300011411,20,10,2023,11:55,1,3,6,33,33449,2,4,2,1,2
202300011412,20,10,2023,07:15,3,2,6,85,85119,2,4,2,1,2
202300011413,20,10,2023,18:50,3,2,2,60,60065,1,4,2,4,2
202300011414,21,10,2023,01:30,3,1,6,60,60542,1,3,2,1,1
202300011415,20,10,2023,09:55,1,2,6,02,02596,1,3,2,1,2
202300011416,20,10,2023,19:00,3,2,3,59,59619,1,3,2,1,2
202300011417,20,10,2023,05:50,3,3,7,13,13085,1,1,1,2,2
202300011418,20,10,2023,00:55,3,2,6,33,33013,1,2,3,1,2
202300011419,18,10,2023,17:51,1,1,3,33,33192,1,1,3,1,1
202300011420,14,10,2023,10:03,1,1,6,59,59606,1,1,-1,1,1
202300011421,20,10,2023,18:00,1,1,2,91,91286,1,1,3,1,1
202300011422,3,2,2023,11:25,1,1,5,59,59123,1,3,2,1,1
202300011423,20,10,2023,18:45,3,3,2,91,91347,1,2,1,1,2
202300011424,8,2,2023,08:05,1,1,6,06,06033,2,4,2,1,1
202300011425,8,2,2023,09:00,1,1,6,83,83054,2,4,2,2,1
202300011425,8,2,2023,09:00,1,1,6,83,83054,2,4,2,1,1
202300011426,8,2,2023,15:40,1,1,6,57,57329,2,3,2,1,1
202300011427,20,10,2023,07:52,2,2,4,94,94038,1,1,3,1,2
202300011428,8,2,2023,07:37,1,9,1,59,59159,1,3,2,1,1
202300011429,20,10,2023,08:11,2,2,2,91,91645,1,2,2,1,2
202300011430,7,2,2023,13:20,1,1,7,67,67434,2,3,2,1,1
202300011431,20,10,2023,08:10,1,2,6,92,92063,1,1,1,1,2
202300011432,7,2,2023,18:45,2,1,3,80,80196,1,3,2,1,1
202300011433,8,2,2023,13:25,1,1,6,55,55065,2,3,2,1,1
202300011434,19,10,2023,22:15,5,1,3,92,92050,1,1,1,1,1
202300011435,7,2,2023,16:30,1,7,3,49,49160,1,3,2,1,1
202300011435,7,2,2023,16:30,1,7,3,49,49160,1,3,-1,1,1
202300011436,19,10,2023,14:10,1,1,6,78,78640,1,1,1,1,1
202300011437,7,2,2023,18:00,3,1,1,12,12208,1,3,2,2,1
202300011438,8,2,2023,14:30,1,1,6,46,46028,1,3,2,3,1
202300011439,19,10,2023,08:25,1,2,4,78,78545,1,1,1,1,2
202300011440,1,2,2023,21:40,5,1,7,47,47179,2,3,2,1,1
202300011441,6,2,2023,20:10,5,1,7,34,34079,2,4,2,1,1
202300011442,19,10,2023,08:00,1,2,5,78,78090,1,1,1,1,2
202300011443,7,2,2023,15:30,1,1,6,22,22250,2,3,2,1,1
202300011444,7,2,2023,17:00,1,1,7,29,29259,2,4,-1,2,1
202300011445,18,10,2023,20:45,3,2,4,78,78466,1,1,1,4,2
202300011446,7,2,2023,08:00,2,9,7,29,29044,1,3,2,1,1
202300011447,5,2,2023,17:50,1,1,7,84,84123,1,3,2,1,1
202300011448,18,10,2023,17:18,2,2,3,78,78640,1,2,1,1,2
202300011449,20,10,2023,14:15,1,1,4,93,93053,1,1,3,1,1
202300011450,6,2,2023,06:32,3,1,6,66,66125,1,2,2,1,1
202300011451,7,2,2023,11:15,1,1,6,06,06103,2,7,2,1,1
202300011451,7,2,2023,11:15,1,1,6,06,06103,2,7,1,4,1
202300011452,20,10,2023,09:45,1,2,2,92,92036,1,1,3,1,2
202300011453,14,1,2023,16:00,1,2,1,14,14098,1,3,2,4,2
202300011454,5,2,2023,16:30,1,1,1,07,07193,1,3,2,2,1
202300011455,8,2,2023,06:00,5,8,6,27,27125,2,3,2,1,1
202300011456,20,10,2023,06:55,3,3,4,93,93027,1,1,3,1,2
202300011457,15,1,2023,20:15,3,9,6,87,87028,1,3,2,2,2
202300011458,19,10,2023,22:10,3,2,5,92,92036,1,1,3,1,2
202300011459,8,2,2023,11:20,1,1,3,68,68266,1,1,3,1,1
202300011459,8,2,2023,11:20,1,1,3,68,68266,1,1,2,1,1
202300011460,6,2,2023,18:57,3,1,2,73,73151,1,1,3,1,1
202300011461,6,2,2023,02:40,3,1,6,01,01274,1,1,3,1,1
202300011462,19,10,2023,04:25,3,1,5,93,93063,1,1,3,2,1
202300011463,4,2,2023,05:02,3,1,3,01,01373,1,1,3,1,1
202300011464,20,10,2023,06:10,3,2,6,77,77146,1,1,3,1,2
202300011465,8,2,2023,16:40,1,1,3,37,37003,1,4,2,1,1
202300011465,8,2,2023,16:40,1,1,3,37,37003,1,4,2,1,1
202300011466,5,2,2023,06:15,3,3,5,59,59010,1,1,3,1,2
202300011467,20,8,2023,22:58,5,1,1,69,69386,2,4,1,1,1
202300011468,8,2,2023,06:45,1,1,3,973,97305,1,2,2,1,1
202300011469,7,2,2023,22:10,3,1,6,37,37088,1,3,2,1,1
202300011470,20,8,2023,05:20,5,1,3,69,69387,2,4,1,1,1
202300011470,20,8,2023,05:20,5,1,3,69,69387,2,4,2,1,1
202300011471,7,2,2023,15:50,1,1,1,2B,2B029,2,3,2,2,1
202300011472,8,2,2023,16:40,1,2,5,2A,2A247,1,2,2,1,2
202300011473,20,8,2023,01:10,5,1,1,77,77379,1,4,2,1,1
202300011473,20,8,2023,01:10,5,1,1,77,77379,1,4,2,1,1
202300011474,5,2,2023,13:00,1,1,7,34,34299,2,4,1,1,1
202300011475,5,2,2023,08:30,2,1,7,83,83104,1,3,2,2,1
202300011476,20,8,2023,21:27,5,1,1,74,74008,2,4,1,1,1
202300011476,20,8,2023,21:27,5,1,1,74,74008,2,4,2,1,1
202300011477,8,2,2023,16:45,1,1,1,73,73284,1,3,2,2,1
202300011478,20,8,2023,02:20,5,1,3,69,69259,2,4,2,1,1
202300011478,20,8,2023,02:20,5,1,3,69,69259,2,4,2,1,1
202300011479,7,2,2023,16:55,2,1,5,73,73006,1,2,2,2,1
202300011480,19,8,2023,19:55,1,1,6,65,65440,2,4,2,1,1
202300011481,7,2,2023,16:55,1,1,1,33,33366,1,3,2,2,1
202300011482,19,8,2023,14:05,1,1,3,35,35238,2,4,2,1,1
202300011482,19,8,2023,14:05,1,1,3,35,35238,2,4,1,1,1
202300011483,8,2,2023,01:00,5,1,2,44,44172,2,4,4,1,1
202300011484,7,2,2023,17:10,2,1,3,29,29124,2,4,1,2,1
202300011485,3,6,2023,11:10,1,1,2,19,19275,2,3,2,2,1
202300011485,3,6,2023,11:10,1,1,2,19,19275,2,3,2,1,1
202300011486,8,2,2023,15:20,1,1,6,59,59482,2,7,2,1,1
202300011487,7,2,2023,18:20,2,1,3,13,13081,1,1,1,1,1
202300011488,2,2,2023,20:10,5,1,3,69,69297,1,1,3,1,1
202300011489,24,7,2023,01:25,3,1,1,13,13040,1,3,2,2,1
202300011490,5,2,2023,12:15,1,1,2,57,57672,1,1,3,1,1
202300011491,7,2,2023,14:50,1,1,2,91,91589,1,1,3,1,1
202300011492,19,10,2023,05:50,2,1,7,974,97416,1,3,2,1,1
202300011493,7,2,2023,18:59,3,1,4,78,78466,1,1,1,1,1
202300011494,19,10,2023,07:15,5,3,1,69,69386,2,4,1,1,2
202300011494,19,10,2023,07:15,5,3,1,69,69386,2,4,1,1,2
202300011495,7,2,2023,18:30,3,1,3,78,78640,1,2,-1,1,1
202300011496,7,2,2023,09:05,1,1,6,92,92023,1,2,1,1,1
202300011497,7,2,2023,08:05,2,1,7,92,92064,1,1,1,1,1
202300011498,19,10,2023,06:20,4,2,1,69,69388,2,4,1,1,2
202300011499,19,10,2023,20:20,5,2,6,69,69384,2,4,2,1,2
202300011500,6,2,2023,17:00,5,1,4,92,92050,1,1,1,1,1
202300011501,18,10,2023,13:10,1,2,3,69,69389,2,4,2,1,2
202300011501,18,10,2023,13:10,1,2,3,69,69389,2,4,2,1,2
202300011502,6,2,2023,20:30,5,1,6,75,75105,2,4,1,1,1
202300011502,6,2,2023,20:30,5,1,6,75,75105,2,4,2,1,1
202300011503,6,2,2023,19:00,5,1,6,75,75120,2,4,2,2,1
202300011504,19,10,2023,21:54,5,1,3,2B,2B033,2,4,-1,1,1
202300011505,6,2,2023,09:40,1,1,3,75,75117,2,4,2,2,1
202300011506,19,10,2023,16:25,1,1,6,971,97113,2,3,2,1,1
202300011507,6,2,2023,10:20,1,1,3,75,75116,2,4,3,1,1
202300011508,19,10,2023,15:35,1,3,6,971,97101,1,2,3,1,2
202300011509,6,2,2023,13:45,1,1,6,75,75115,2,4,-1,1,1
202300011509,6,2,2023,13:45,1,1,6,75,75115,2,4,2,1,1
202300011510,19,10,2023,08:10,1,1,3,971,97113,1,2,1,1,1
202300011511,14,10,2023,13:30,1,9,6,971,97101,2,6,-1,1,1
202300011512,6,2,2023,09:50,1,1,6,75,75115,2,4,1,1,1
202300011512,6,2,2023,09:50,1,1,6,75,75115,2,4,3,1,1
202300011513,19,10,2023,18:15,1,1,3,95,95585,2,4,-1,2,1
202300011513,19,10,2023,18:15,1,1,3,95,95585,2,4,-1,2,1
202300011514,5,2,2023,17:45,1,1,3,75,75115,2,4,1,1,1
202300011514,5,2,2023,17:45,1,1,3,75,75115,2,4,1,1,1
202300011515,19,10,2023,07:50,2,8,6,91,91339,2,4,1,3,2
202300011516,5,2,2023,14:55,1,1,3,75,75114,2,4,2,1,1
202300011516,5,2,2023,14:55,1,1,3,75,75114,2,4,1,1,1
202300011517,18,10,2023,22:47,5,2,2,91,91425,2,3,2,1,2
202300011518,6,2,2023,16:30,1,1,3,75,75113,2,4,2,1,1
202300011518,6,2,2023,16:30,1,1,3,75,75113,2,4,1,1,1
202300011519,6,2,2023,09:10,1,1,2,75,75113,2,4,2,1,1
202300011519,6,2,2023,09:10,1,1,2,75,75113,2,4,1,2,1
202300011520,18,10,2023,15:00,1,2,6,89,89387,2,4,2,1,2
202300011521,6,2,2023,07:50,5,1,5,75,75112,2,4,2,1,1
202300011521,6,2,2023,07:50,5,1,5,75,75112,2,4,1,1,1
202300011522,18,10,2023,12:15,1,1,6,89,89387,2,4,1,4,1
202300011522,18,10,2023,12:15,1,1,6,89,89387,2,4,2,1,1
202300011523,6,2,2023,16:50,1,1,3,75,75111,2,4,-1,1,1
202300011523,6,2,2023,16:50,1,1,3,75,75111,2,4,2,1,1
202300011524,6,2,2023,08:03,2,1,3,75,75110,2,4,2,2,1
202300011524,6,2,2023,08:03,2,1,3,75,75110,2,4,2,2,1
202300011525,18,10,2023,19:00,2,1,3,87,87085,2,4,4,1,1
202300011525,18,10,2023,19:00,2,1,3,87,87085,2,4,2,1,1
202300011526,6,2,2023,12:30,1,1,7,75,75107,2,4,1,1,1
202300011526,6,2,2023,12:30,1,1,7,75,75107,2,4,2,1,1
202300011527,18,10,2023,18:23,1,1,2,87,87085,2,4,3,2,2
202300011528,6,2,2023,01:45,5,1,6,75,75102,2,4,2,1,1
202300011528,6,2,2023,01:45,5,1,6,75,75102,2,4,1,1,1
202300011529,18,10,2023,17:24,1,1,7,87,87065,1,4,2,1,2
202300011530,6,2,2023,16:58,1,1,3,94,94078,2,4,2,1,1
202300011531,6,2,2023,08:10,2,1,3,94,94077,2,4,2,1,-1
202300011531,6,2,2023,08:10,2,1,3,94,94077,2,4,2,1,1
202300011532,18,10,2023,11:07,1,2,6,87,87085,2,2,3,1,2
202300011533,6,2,2023,15:35,1,1,3,94,94070,2,2,2,1,1
202300011533,6,2,2023,15:35,1,1,3,94,94070,2,2,2,1,1
202300011533,6,2,2023,15:35,1,1,3,94,94070,2,2,2,1,1
202300011534,18,10,2023,13:39,1,1,7,87,87085,2,4,2,1,2
202300011534,18,10,2023,13:39,1,1,7,87,87085,2,4,1,1,2
202300011535,6,2,2023,11:30,1,1,2,93,93078,2,3,3,1,1
202300011536,18,10,2023,12:19,1,1,6,87,87075,1,4,2,2,2
202300011536,18,10,2023,12:19,1,1,6,87,87075,1,4,2,2,2
202300011537,6,2,2023,12:35,1,7,3,93,93077,2,4,1,1,1
202300011537,6,2,2023,12:35,1,7,3,93,93077,2,4,1,1,1
202300011538,6,2,2023,09:30,1,1,6,93,93053,2,3,3,1,1
202300011538,6,2,2023,09:30,1,1,6,93,93053,2,3,1,1,1
202300011539,6,2,2023,20:45,5,1,3,93,93074,2,3,2,1,1
202300011540,6,2,2023,09:45,1,1,3,92,92075,2,3,2,1,1
202300011540,6,2,2023,09:45,1,1,3,92,92075,2,3,1,1,1
202300011541,6,2,2023,11:50,1,1,6,92,92064,2,4,2,1,1
202300011542,18,10,2023,16:54,1,8,2,84,84035,1,3,-1,1,2
202300011543,6,2,2023,20:37,5,1,3,92,92049,2,4,2,1,1
202300011544,6,2,2023,16:50,1,1,3,92,92040,2,3,1,2,1
202300011544,6,2,2023,16:50,1,1,3,92,92040,2,3,1,2,1
202300011545,19,10,2023,06:50,5,1,3,83,83137,2,4,1,1,1
202300011545,19,10,2023,06:50,5,1,3,83,83137,2,4,1,1,1
202300011545,19,10,2023,06:50,5,1,3,83,83137,2,4,2,1,1
202300011546,6,2,2023,20:05,3,1,1,92,92025,2,3,2,1,1
202300011546,6,2,2023,20:05,3,1,1,92,92025,2,3,2,1,1
202300011547,6,2,2023,12:25,1,1,3,92,92025,2,3,2,1,1
202300011547,6,2,2023,12:25,1,1,3,92,92025,2,3,1,1,1
202300011548,18,10,2023,22:21,5,1,3,83,83137,2,3,2,2,1
202300011548,18,10,2023,22:21,5,1,3,83,83137,2,3,2,1,1
202300011549,6,2,2023,10:30,1,1,3,92,92023,2,4,-1,1,1
202300011549,6,2,2023,10:30,1,1,3,92,92023,2,4,1,1,1
202300011550,17,10,2023,18:10,1,1,3,83,83137,2,4,1,1,1
202300011550,17,10,2023,18:10,1,1,3,83,83137,2,4,1,1,1
202300011551,6,2,2023,19:20,2,1,7,92,92012,2,4,2,1,1
202300011552,17,10,2023,20:30,5,1,3,78,78133,2,6,-1,1,1
202300011553,4,2,2023,15:50,1,1,6,62,62812,2,4,2,2,1
202300011554,4,2,2023,21:00,3,1,6,988,98812,2,2,2,1,1
202300011555,7,2,2023,06:00,3,1,2,77,77235,1,1,3,2,1
202300011556,21,1,2023,04:45,3,1,7,51,51592,1,3,2,1,1
202300011557,6,2,2023,16:05,1,1,6,59,59067,2,4,2,2,1
202300011558,19,10,2023,13:30,1,7,6,77,77284,2,3,1,1,1
202300011559,3,2,2023,19:10,5,1,5,71,71578,2,3,2,1,1
202300011560,18,10,2023,14:50,1,2,6,76,76351,2,4,2,1,2
202300011560,18,10,2023,14:50,1,2,6,76,76351,2,4,3,1,2
202300011561,5,2,2023,06:00,3,1,2,62,62717,1,3,1,1,2
202300011562,6,2,2023,16:15,1,1,7,91,91600,1,5,-1,1,1
202300011563,13,10,2023,15:10,1,1,3,71,71270,2,4,-1,1,1
202300011564,7,2,2023,08:45,1,1,4,2B,2B319,1,2,2,1,1
202300011565,6,2,2023,21:35,2,1,2,11,11255,1,3,2,1,1
202300011566,19,10,2023,08:10,1,8,7,71,71059,1,3,3,4,2
202300011567,7,2,2023,10:15,1,7,6,89,89419,2,6,-1,1,1
202300011568,18,10,2023,14:00,1,1,3,71,71076,2,4,3,1,1
202300011569,6,2,2023,17:15,1,1,3,35,35039,2,4,2,1,1
202300011570,4,2,2023,14:45,1,1,1,35,35096,1,3,2,1,1
202300011570,4,2,2023,14:45,1,1,1,35,35096,1,3,2,1,1
202300011571,6,2,2023,22:45,3,1,6,35,35116,1,3,2,1,1
202300011572,20,10,2023,01:15,5,3,6,69,69264,2,3,1,1,2
202300011572,20,10,2023,01:15,5,3,6,69,69264,2,3,2,1,2
202300011573,5,2,2023,05:45,3,1,6,29,29017,2,3,2,2,1
202300011574,6,2,2023,14:18,1,1,2,29,29190,1,3,2,1,1
202300011574,6,2,2023,14:18,1,1,2,29,29190,1,3,2,1,1
202300011575,18,10,2023,10:20,1,2,2,69,69290,2,7,2,1,2
202300011576,6,2,2023,17:50,1,1,3,02,02173,2,4,1,1,1
202300011577,18,10,2023,11:15,1,2,2,69,69388,2,4,2,1,2
202300011578,6,2,2023,14:36,1,1,3,83,83011,1,3,2,2,1
202300011578,6,2,2023,14:36,1,1,3,83,83011,1,3,2,3,1
202300011579,18,10,2023,18:50,2,3,3,67,67482,2,4,2,1,2
202300011579,18,10,2023,18:50,2,3,3,67,67482,2,4,2,1,2
202300011580,7,2,2023,02:20,3,1,6,45,45148,2,3,2,1,1
202300011581,18,10,2023,17:15,1,2,6,67,67482,2,4,2,1,2
202300011582,11,1,2023,19:15,3,2,1,64,64282,1,3,2,2,2
202300011583,6,2,2023,20:50,3,1,7,18,18204,1,3,2,2,1
202300011584,17,10,2023,20:10,5,1,3,67,67043,2,4,2,1,1
202300011585,7,2,2023,11:45,1,1,7,07,07295,1,3,2,1,2
202300011586,7,2,2023,09:50,1,9,6,04,04001,1,2,2,1,7
202300011587,19,10,2023,20:50,5,1,6,62,62771,2,4,2,1,2
202300011587,19,10,2023,20:50,5,1,6,62,62771,2,4,2,1,2
202300011588,6,2,2023,16:40,1,1,3,85,85095,2,3,2,1,1
202300011589,19,10,2023,20:41,5,1,3,62,62637,2,4,3,1,1
202300011590,6,2,2023,16:50,1,1,6,87,87151,1,3,2,2,1
202300011591,7,2,2023,08:15,1,1,6,30,30083,1,3,2,1,2
202300011592,18,10,2023,10:05,1,1,2,62,62193,2,4,2,1,1
202300011593,7,2,2023,06:30,3,3,4,34,34240,1,1,3,1,2
202300011594,19,10,2023,22:35,3,8,7,62,62400,2,3,2,1,1
202300011595,19,10,2023,15:30,1,1,6,59,59346,2,4,2,1,1
202300011596,7,2,2023,10:15,1,1,6,988,98821,2,4,2,3,1
202300011597,6,2,2023,18:00,2,1,3,45,45229,1,3,2,1,1
202300011597,6,2,2023,18:00,2,1,3,45,45229,1,3,2,1,1
202300011598,18,10,2023,21:10,5,2,7,56,56098,2,3,2,1,2
202300011598,18,10,2023,21:10,5,2,7,56,56098,2,3,2,1,2
202300011599,6,2,2023,16:30,1,1,2,68,68309,2,3,2,1,1
202300011600,18,10,2023,20:25,3,2,7,56,56121,2,4,2,1,2
202300011601,31,1,2023,17:30,5,1,6,69,69121,2,3,2,1,1
202300011602,6,2,2023,09:10,1,1,3,69,69204,2,4,1,1,1
202300011603,18,10,2023,18:16,1,1,2,56,56121,2,4,2,1,2
202300011604,5,2,2023,08:45,1,1,1,69,69204,2,7,2,1,1
202300011605,4,2,2023,11:37,1,1,6,09,09108,1,3,2,1,1
202300011606,19,10,2023,22:20,5,2,6,54,54395,2,4,2,1,2
202300011607,5,2,2023,18:30,5,1,7,44,44094,1,3,2,1,1
202300011608,5,2,2023,15:30,1,1,7,60,60024,1,3,2,3,1
202300011609,18,10,2023,13:40,1,1,6,54,54395,2,4,1,1,1
202300011610,6,2,2023,09:00,1,1,6,59,59636,1,7,-1,1,9
202300011611,6,2,2023,08:30,1,1,3,91,91340,1,2,1,1,1