id_accident,jour,mois,annee,heure_minute,luminosite,meteo,type_collision,departement,commune,agglomeration,categorie_route,regime_circulation,profil_route,etat_surface
202300011612,19,10,2023,06:50,3,1,3,54,54580,2,3,2,2,1
202300011612,19,10,2023,06:50,3,1,3,54,54580,2,3,2,2,1
202300011613,6,2,2023,10:45,1,1,6,78,78571,1,1,1,1,1
202300011614,18,10,2023,21:20,5,2,6,51,51454,2,4,1,1,2
202300011614,18,10,2023,21:20,5,2,6,51,51454,2,4,1,1,2
202300011615,6,2,2023,07:50,2,1,2,78,78206,1,1,1,1,1
202300011616,18,10,2023,11:40,1,3,1,50,50129,2,4,2,1,2
202300011617,5,2,2023,13:47,1,1,4,92,92036,1,1,1,1,1
202300011618,16,10,2023,08:20,1,1,3,50,50129,2,4,2,1,1
202300011618,16,10,2023,08:20,1,1,3,50,50129,2,4,2,1,1
202300011619,4,2,2023,11:50,1,2,2,93,93027,1,1,1,1,2
202300011620,18,10,2023,16:35,1,2,6,49,49007,2,4,3,1,2
202300011621,27,10,2023,07:45,5,3,3,47,47001,2,3,2,1,2
202300011621,27,10,2023,07:45,5,3,3,47,47001,2,3,2,1,2
202300011622,20,10,2023,16:50,1,2,6,47,47001,2,4,-1,1,2
202300011622,20,10,2023,16:50,1,2,6,47,47001,2,4,1,1,2
202300011623,4,2,2023,20:45,5,1,4,94,94017,1,1,3,1,1
202300011624,19,10,2023,14:50,1,1,6,45,45147,2,4,1,1,1
202300011625,4,2,2023,18:40,3,2,4,94,94028,1,2,1,1,2
202300011626,10,10,2023,10:40,1,1,3,42,42187,2,4,-1,1,1
202300011626,10,10,2023,10:40,1,1,3,42,42187,2,4,-1,1,1
202300011627,5,2,2023,06:00,3,1,6,73,73011,1,2,3,1,1
202300011628,5,2,2023,22:15,3,1,7,974,97411,1,4,2,2,1
202300011629,5,2,2023,16:30,1,1,3,974,97411,2,4,2,2,1
202300011630,19,10,2023,12:00,1,1,7,37,37261,2,4,2,1,1
202300011630,19,10,2023,12:00,1,1,7,37,37261,2,4,1,1,1
202300011631,5,2,2023,14:45,1,1,3,974,97411,2,4,2,2,1
202300011632,19,10,2023,08:45,1,1,6,37,37261,2,4,3,1,2
202300011633,19,10,2023,07:50,1,2,2,37,37261,2,4,2,2,2
202300011634,5,2,2023,10:30,1,1,6,974,97411,2,4,-1,1,1
202300011635,4,2,2023,23:20,3,3,1,973,97309,1,3,2,1,2
202300011636,19,10,2023,13:00,1,3,7,35,35238,2,4,2,1,2
202300011637,5,2,2023,15:30,1,1,1,972,97209,2,3,-1,2,1
202300011638,4,2,2023,13:20,1,1,6,972,97209,2,4,-1,1,1
202300011639,19,10,2023,10:35,1,2,6,35,35051,1,3,3,1,2
202300011640,25,1,2023,08:45,1,1,7,69,69149,2,4,1,2,1
202300011641,4,2,2023,18:10,2,1,3,69,69389,2,4,2,1,1
202300011642,19,10,2023,07:45,2,8,2,35,35238,2,4,2,1,2
202300011643,5,2,2023,04:51,4,2,7,90,90010,2,4,3,1,2
202300011644,18,10,2023,20:15,5,2,6,35,35238,2,4,2,1,2
202300011644,18,10,2023,20:15,5,2,6,35,35238,2,4,2,1,2
202300011645,5,2,2023,04:20,5,1,6,76,76484,1,7,3,1,1
202300011646,18,10,2023,08:15,2,1,5,34,34108,1,3,2,1,2
202300011647,5,2,2023,02:15,5,1,3,76,76540,2,7,2,1,1
202300011647,5,2,2023,02:15,5,1,3,76,76540,2,7,2,1,1
202300011648,5,2,2023,12:30,1,1,2,69,69259,2,4,2,1,1
202300011649,5,2,2023,08:37,1,8,7,59,59367,2,4,2,1,2
202300011650,19,10,2023,19:35,5,2,3,33,33063,2,4,2,1,2
202300011650,19,10,2023,19:35,5,2,3,33,33063,2,4,3,1,2
202300011651,5,2,2023,14:30,1,1,3,59,59009,2,7,2,1,1
202300011651,5,2,2023,14:30,1,1,3,59,59009,2,7,2,1,1
202300011652,19,10,2023,17:35,2,1,3,33,33063,2,4,3,1,1
202300011652,19,10,2023,17:35,2,1,3,33,33063,2,4,1,1,1
202300011653,5,2,2023,13:05,1,1,3,51,51230,2,4,1,1,1
202300011654,10,10,2023,14:45,1,1,6,29,29254,1,2,1,3,1
202300011655,3,2,2023,18:20,2,1,3,50,50129,2,4,2,1,1
202300011656,5,2,2023,02:15,3,1,3,45,45169,2,4,2,2,2
202300011656,5,2,2023,02:15,3,1,3,45,45169,2,4,2,1,2
202300011657,19,10,2023,12:03,1,1,3,29,29019,2,4,3,1,1
202300011657,19,10,2023,12:03,1,1,3,29,29019,2,4,2,1,1
202300011658,5,2,2023,03:50,3,1,1,37,37195,1,7,1,2,1
202300011659,19,10,2023,07:25,3,2,3,29,29019,2,4,2,1,2
202300011659,19,10,2023,07:25,3,2,3,29,29019,2,4,2,1,2
202300011660,4,2,2023,16:40,1,1,3,34,34172,2,4,2,1,1
202300011660,4,2,2023,16:40,1,1,3,34,34172,2,4,-1,2,1
202300011661,4,2,2023,16:45,1,1,6,31,31483,2,3,2,1,1
202300011662,18,10,2023,16:35,1,3,3,28,28070,1,3,-1,1,2
202300011663,19,10,2023,18:10,1,2,6,27,27701,1,3,1,2,2
202300011664,4,2,2023,20:50,5,2,1,25,25462,1,2,2,1,2
202300011665,19,10,2023,08:15,1,3,6,27,27701,2,4,-1,1,2
202300011666,2,2,2023,23:30,3,1,6,22,22187,2,3,2,1,1
202300011667,19,10,2023,05:40,5,2,3,26,26362,2,4,1,2,2
202300011668,3,2,2023,19:45,5,1,3,13,13202,2,4,1,1,1
202300011668,3,2,2023,19:45,5,1,3,13,13202,2,4,1,1,1
202300011669,19,10,2023,13:15,1,2,2,25,25056,2,2,3,1,2
202300011670,5,2,2023,15:50,1,1,5,13,13213,2,4,2,1,1
202300011671,19,10,2023,10:40,1,2,3,25,25056,2,4,2,1,2
202300011672,5,2,2023,13:30,1,1,6,13,13212,2,3,2,1,1
202300011673,18,10,2023,14:03,1,2,7,19,19272,2,3,1,1,2
202300011674,5,2,2023,11:50,1,1,3,13,13208,2,4,1,1,1
202300011675,5,2,2023,14:30,1,1,6,07,07019,2,3,2,2,1
202300011676,5,2,2023,19:00,5,2,6,06,06069,2,3,2,2,2
202300011676,5,2,2023,19:00,5,2,6,06,06069,2,3,2,1,2
202300011677,20,10,2023,00:35,5,2,6,13,13205,2,4,2,1,2
202300011678,5,2,2023,05:25,5,1,1,01,01053,2,4,2,1,1
202300011679,3,2,2023,22:20,5,1,3,91,91687,2,3,3,1,1
202300011680,3,2,2023,09:45,1,1,6,13,13028,2,4,-1,1,1
202300011681,19,10,2023,23:30,5,3,1,13,13205,2,4,1,1,2
202300011682,4,2,2023,16:15,1,1,3,988,98818,2,4,1,1,1
202300011682,4,2,2023,16:15,1,1,3,988,98818,2,4,1,1,1
202300011683,4,2,2023,13:00,1,3,6,976,97611,2,4,2,1,2
202300011684,19,10,2023,11:30,1,1,1,13,13209,2,4,1,1,1
202300011685,4,2,2023,07:20,1,1,3,973,97309,2,3,2,1,1
202300011685,4,2,2023,07:20,1,1,3,973,97309,2,3,2,1,1
202300011686,18,10,2023,20:00,5,2,7,10,10343,2,4,2,1,2
202300011687,4,2,2023,12:30,1,1,3,972,97209,2,1,1,1,1
202300011687,4,2,2023,12:30,1,1,3,972,97209,2,1,2,1,1
202300011688,17,10,2023,17:40,1,1,6,09,09122,2,3,2,1,1
202300011689,3,2,2023,16:50,1,1,2,2A,2A004,2,3,2,2,1
202300011690,19,10,2023,17:20,1,2,3,06,06069,1,3,2,1,2
202300011691,4,2,2023,18:15,2,1,3,81,81004,2,4,2,1,1
202300011692,16,10,2023,10:05,1,1,4,06,06069,2,4,2,1,1
202300011693,3,2,2023,16:20,1,1,3,74,74133,2,4,2,1,1
202300011693,3,2,2023,16:20,1,1,3,74,74133,2,4,2,1,1
202300011694,4,2,2023,20:15,5,1,1,71,71306,2,4,2,1,1
202300011694,4,2,2023,20:15,5,1,1,71,71306,2,4,2,1,1
202300011694,4,2,2023,20:15,5,1,1,71,71306,2,4,2,1,1
202300011695,19,10,2023,11:50,1,1,1,04,04070,1,3,-1,1,1
202300011696,3,2,2023,17:55,2,1,3,71,71486,2,4,2,1,1
202300011696,3,2,2023,17:55,2,1,3,71,71486,2,4,2,1,1
202300011697,19,10,2023,17:47,5,2,3,75,75120,2,4,1,1,2
202300011698,30,1,2023,14:00,1,8,6,69,69266,2,4,2,1,1
202300011699,3,2,2023,18:16,5,1,6,68,68166,2,4,2,1,1
202300011700,19,10,2023,14:05,1,1,5,75,75112,2,4,1,1,1
202300011701,4,2,2023,18:40,1,1,2,65,65440,2,3,2,1,1
202300011701,4,2,2023,18:40,1,1,2,65,65440,2,3,2,1,1
202300011702,19,10,2023,07:50,5,2,2,75,75120,2,4,1,1,2
202300011703,3,2,2023,16:39,1,1,6,65,65286,2,4,2,1,1
202300011704,4,2,2023,12:30,1,1,6,64,64445,2,4,2,1,1
202300011705,4,2,2023,21:30,5,1,3,62,62826,2,4,2,1,1
202300011705,4,2,2023,21:30,5,1,3,62,62826,2,4,1,1,1
202300011706,18,10,2023,07:45,2,2,3,75,75120,2,4,1,1,2
202300011707,4,2,2023,19:25,5,1,7,59,59599,2,4,2,1,1
202300011707,4,2,2023,19:25,5,1,7,59,59599,2,4,2,1,1
202300011708,4,2,2023,05:15,3,8,6,59,59271,1,3,3,1,2
202300011709,19,10,2023,15:05,1,1,5,75,75117,2,4,1,1,1
202300011710,4,2,2023,22:10,5,1,3,51,51454,2,4,2,1,1
202300011710,4,2,2023,22:10,5,1,3,51,51454,2,4,1,1,1
202300011711,17,10,2023,09:00,1,1,3,75,75116,2,4,1,2,1
202300011711,17,10,2023,09:00,1,1,3,75,75116,2,4,1,1,9
202300011712,30,1,2023,16:40,1,1,7,38,38179,1,4,-1,1,9
202300011713,4,2,2023,19:15,5,1,2,33,33063,2,4,3,1,1
202300011714,19,10,2023,10:30,1,1,6,75,75119,2,4,1,1,1
202300011714,19,10,2023,10:30,1,1,6,75,75119,2,4,2,1,1
202300011715,4,2,2023,18:00,5,1,2,33,33063,2,4,2,1,1
202300011716,3,2,2023,15:05,1,1,2,33,33522,2,4,2,1,1
202300011717,19,10,2023,21:17,5,2,6,75,75118,2,4,1,1,2
202300011717,19,10,2023,21:17,5,2,6,75,75118,2,4,-1,1,2
202300011718,4,2,2023,03:39,5,1,6,33,33529,2,3,2,1,1
202300011719,4,2,2023,15:35,1,1,7,31,31557,2,4,2,1,1
202300011720,3,2,2023,16:20,1,1,6,31,31555,2,4,2,1,1
202300011721,18,10,2023,16:40,1,2,4,75,75117,2,4,1,1,2
202300011722,3,2,2023,20:25,3,1,2,29,29019,2,4,3,2,1
202300011723,3,2,2023,09:15,1,1,3,29,29019,2,4,2,1,1
202300011723,3,2,2023,09:15,1,1,3,29,29019,2,4,1,1,1
202300011724,18,10,2023,12:40,1,1,6,75,75115,2,4,1,1,1
202300011724,18,10,2023,12:40,1,1,6,75,75115,2,4,1,1,1
202300011725,19,10,2023,11:10,1,1,3,75,75111,2,4,2,1,1
202300011725,19,10,2023,11:10,1,1,3,75,75111,2,4,1,1,1
202300011726,4,2,2023,09:52,1,1,7,22,22187,1,2,1,1,1
202300011727,19,10,2023,14:30,1,1,2,75,75110,2,4,1,1,1
202300011727,19,10,2023,14:30,1,1,2,75,75110,2,4,2,1,1
202300011728,31,1,2023,16:50,1,1,6,16,16089,2,3,2,1,1
202300011729,19,10,2023,15:30,1,1,6,75,75108,2,4,1,1,1
202300011729,19,10,2023,15:30,1,1,6,75,75108,2,4,2,1,1
202300011730,19,10,2023,11:00,1,8,3,75,75108,2,4,1,1,2
202300011730,19,10,2023,11:00,1,8,3,75,75108,2,4,2,1,2
202300011731,18,10,2023,23:00,5,2,7,75,75108,2,4,1,1,2
202300011732,19,10,2023,15:00,1,1,7,75,75101,2,4,1,1,1
202300011732,19,10,2023,15:00,1,1,7,75,75101,2,4,2,1,1
202300011733,19,10,2023,13:40,1,1,6,75,75101,2,4,2,1,1
202300011733,19,10,2023,13:40,1,1,6,75,75101,2,4,2,1,1
202300011734,18,10,2023,13:50,1,2,3,75,75103,2,4,2,1,2
202300011734,18,10,2023,13:50,1,2,3,75,75103,2,4,1,1,2
202300011735,19,10,2023,20:10,5,3,3,94,94078,2,2,3,3,2
202300011736,18,10,2023,21:20,5,2,3,94,94068,2,3,2,1,2
202300011736,18,10,2023,21:20,5,2,3,94,94068,2,3,1,1,2
202300011737,19,10,2023,20:00,5,2,3,94,94046,2,3,1,1,2
202300011738,19,10,2023,14:40,1,1,1,94,94043,2,4,-1,2,1
202300011738,19,10,2023,14:40,1,1,1,94,94043,2,4,1,1,1
202300011739,17,10,2023,18:00,1,1,2,94,94016,2,3,2,1,1
202300011740,17,10,2023,10:40,1,1,3,94,94033,2,3,3,2,1
202300011740,17,10,2023,10:40,1,1,3,94,94033,2,3,3,2,1
202300011740,17,10,2023,10:40,1,1,3,94,94033,2,3,3,1,1
202300011741,18,10,2023,22:15,3,2,3,94,94028,1,4,3,1,2
202300011742,19,10,2023,19:52,5,2,6,94,94079,2,4,2,1,2
202300011743,19,10,2023,03:45,5,2,7,94,94069,2,1,1,1,2
202300011744,18,10,2023,13:05,1,2,6,93,93032,2,4,2,2,2
202300011745,19,10,2023,20:15,5,2,1,93,93031,2,3,2,1,2
202300011745,19,10,2023,20:15,5,2,1,93,93031,2,3,2,1,2
202300011746,19,10,2023,07:51,3,3,6,93,93031,2,3,2,1,2
202300011746,19,10,2023,07:51,3,3,6,93,93031,2,3,3,1,2
202300011747,19,10,2023,20:15,5,2,3,93,93001,2,4,2,1,2
202300011747,19,10,2023,20:15,5,2,3,93,93001,2,4,1,1,2
202300011748,18,10,2023,17:00,1,2,2,92,92078,2,3,2,1,2
202300011749,18,10,2023,21:50,5,2,4,92,92078,2,3,1,1,2
202300011750,19,10,2023,11:40,1,1,3,92,92076,2,4,1,1,1
202300011750,19,10,2023,11:40,1,1,3,92,92076,2,4,1,1,1
202300011751,19,10,2023,08:05,2,2,6,92,92063,2,3,1,1,2
202300011751,19,10,2023,08:05,2,2,6,92,92063,2,3,2,2,2
202300011752,19,10,2023,18:00,1,1,2,92,92051,2,3,2,1,1
202300011752,19,10,2023,18:00,1,1,2,92,92051,2,3,2,1,1
202300011753,17,10,2023,11:39,1,1,3,92,92050,2,3,1,1,1
202300011754,19,10,2023,06:55,5,1,3,92,92040,2,3,2,1,1
202300011755,28,4,2023,16:10,1,1,6,75,75107,2,4,2,1,1
202300011755,28,4,2023,16:10,1,1,6,75,75107,2,4,2,1,1
202300011756,27,4,2023,20:18,5,2,1,75,75104,2,4,1,1,2
202300011756,27,4,2023,20:18,5,2,1,75,75104,2,4,2,1,2
202300011757,28,4,2023,05:15,5,3,3,94,94081,2,3,3,1,2
202300011757,28,4,2023,05:15,5,3,3,94,94081,2,3,3,1,2
202300011758,28,4,2023,15:00,1,1,2,94,94068,2,4,1,1,1
202300011758,28,4,2023,15:00,1,1,2,94,94068,2,4,2,1,1
202300011759,28,4,2023,03:35,5,3,2,94,94003,2,3,2,1,2
202300011760,28,4,2023,15:50,1,1,2,94,94021,2,3,3,1,1
202300011761,28,4,2023,09:00,1,2,3,94,94034,2,3,3,2,2
202300011761,28,4,2023,09:00,1,2,3,94,94034,2,3,2,1,2
202300011762,27,4,2023,22:45,5,2,5,94,94073,2,3,3,2,2
202300011763,28,4,2023,12:15,1,1,1,94,94017,2,3,3,1,1
202300011763,28,4,2023,12:15,1,1,1,94,94017,2,3,3,1,1
202300011764,27,4,2023,12:35,1,1,3,94,94017,2,3,2,1,1
202300011765,28,4,2023,15:15,1,1,3,93,93078,2,4,2,1,1
202300011766,28,4,2023,18:13,1,1,3,93,93031,2,4,2,1,1
202300011766,28,4,2023,18:13,1,1,3,93,93031,2,4,2,1,1
202300011767,28,4,2023,09:25,1,2,7,93,93066,2,3,2,1,2
202300011768,27,4,2023,01:00,5,1,1,93,93005,2,4,2,1,1
202300011768,27,4,2023,01:00,5,1,1,93,93005,2,4,2,1,1
202300011769,28,4,2023,16:30,1,1,6,92,92075,2,4,2,1,1
202300011770,28,4,2023,14:30,1,1,3,92,92063,2,4,-1,1,1
202300011771,28,4,2023,09:00,1,8,3,92,92050,2,4,2,1,2
202300011772,28,4,2023,08:20,1,2,6,92,92040,2,4,1,1,2
202300011773,27,4,2023,18:15,1,2,6,92,92036,2,3,2,1,2
202300011773,27,4,2023,18:15,1,2,6,92,92036,2,3,2,1,2
202300011774,28,4,2023,20:13,1,1,2,92,92025,2,3,2,1,1
202300011774,28,4,2023,20:13,1,1,2,92,92025,2,3,2,1,1
202300011775,27,4,2023,00:35,3,1,4,92,92025,2,4,1,2,1
202300011776,28,4,2023,12:26,1,2,3,92,92012,2,3,2,1,2
202300011776,28,4,2023,12:26,1,2,3,92,92012,2,3,4,1,2
202300011777,28,4,2023,19:45,1,1,3,92,92007,2,4,2,1,1
202300011777,28,4,2023,19:45,1,1,3,92,92007,2,4,2,1,1
202300011778,27,4,2023,18:00,1,1,5,92,92004,2,3,-1,1,1
202300011778,27,4,2023,18:00,1,1,5,92,92004,2,3,1,1,1
202300011779,30,4,2023,12:25,1,1,1,39,39097,1,2,2,1,1
202300011780,30,4,2023,03:10,3,1,6,50,50237,2,3,2,4,1
202300011780,30,4,2023,03:10,3,1,6,50,50237,2,3,2,3,1
202300011781,30,4,2023,20:35,3,1,7,51,51141,1,2,3,4,1
202300011782,29,4,2023,22:50,3,1,3,83,83023,1,1,3,1,1
202300011783,28,4,2023,19:00,5,1,2,974,97422,2,3,2,4,1
202300011784,29,4,2023,12:55,1,1,7,51,51217,2,4,-1,2,2
202300011785,30,4,2023,01:00,3,1,6,30,30331,1,3,2,1,1
202300011786,29,4,2023,15:00,1,1,1,66,66028,2,4,2,1,1
202300011787,30,4,2023,05:30,2,1,7,51,51009,1,3,2,1,1
202300011788,30,4,2023,01:25,5,1,7,51,51117,2,3,2,1,1
202300011789,28,4,2023,16:45,1,1,3,19,19013,1,3,2,2,1
202300011790,30,4,2023,07:15,2,1,6,56,56177,1,3,2,1,1
202300011790,30,4,2023,07:15,2,1,6,56,56177,1,3,2,1,1
202300011791,29,4,2023,20:25,1,1,6,80,80677,1,3,2,1,1
202300011792,30,4,2023,18:15,1,1,6,32,32462,1,3,2,1,1
202300011793,30,4,2023,12:40,1,1,4,55,55520,1,3,2,2,1
202300011794,30,4,2023,12:30,1,1,2,12,12101,1,3,2,1,1
202300011794,30,4,2023,12:30,1,1,2,12,12101,1,3,2,2,1
202300011795,30,4,2023,18:48,1,1,7,12,12094,1,3,2,3,1
202300011796,29,4,2023,17:40,1,1,3,41,41059,1,3,2,1,1
202300011797,30,4,2023,08:50,2,2,6,44,44211,2,4,2,1,2
202300011798,30,4,2023,19:30,1,1,1,31,31107,1,3,2,2,1
202300011799,30,4,2023,11:15,1,8,6,03,03045,1,3,2,4,2
202300011800,29,4,2023,16:35,1,1,1,70,70490,1,2,2,4,1
202300011801,30,4,2023,02:15,3,1,6,50,50452,1,3,2,2,1
202300011802,30,4,2023,02:00,3,1,7,10,10103,1,3,2,4,1
202300011803,29,4,2023,15:10,1,1,3,24,24547,2,4,2,1,1
202300011803,29,4,2023,15:10,1,1,3,24,24547,2,4,2,1,1
202300011804,30,4,2023,02:40,3,9,6,30,30341,1,4,2,1,2
202300011805,28,4,2023,13:40,1,1,2,77,77354,1,1,3,1,1
202300011806,29,4,2023,13:10,1,2,6,01,01077,1,1,3,1,2
202300011807,25,4,2023,14:00,1,1,3,34,34255,2,3,2,1,1
202300011808,30,4,2023,14:28,1,1,6,69,69288,1,1,1,1,1
202300011809,28,4,2023,21:20,3,1,6,987,98745,1,2,2,1,1
202300011810,14,4,2023,01:40,3,1,4,34,34146,1,1,3,1,1
202300011811,30,4,2023,03:50,3,1,6,78,78003,1,1,3,1,1
202300011812,29,4,2023,05:40,2,1,6,987,98733,2,4,2,1,1
202300011813,30,4,2023,09:30,1,1,3,988,98802,2,2,2,1,1
202300011813,30,4,2023,09:30,1,1,3,988,98802,2,2,2,1,1
202300011814,29,4,2023,12:15,1,1,2,973,97305,1,2,2,1,1
202300011814,29,4,2023,12:15,1,1,2,973,97305,1,2,2,1,1
202300011815,29,4,2023,20:15,3,1,7,84,84136,1,3,2,1,1
202300011816,21,4,2023,19:30,1,1,1,13,13110,1,3,2,1,1
202300011817,29,4,2023,21:25,3,1,6,21,21183,1,3,2,2,1
202300011818,29,4,2023,13:30,1,1,3,67,67544,2,4,2,1,1
202300011818,29,4,2023,13:30,1,1,3,67,67544,2,4,2,1,1
202300011819,29,4,2023,11:20,1,1,3,67,67101,1,3,2,1,1
202300011819,29,4,2023,11:20,1,1,3,67,67101,1,3,-1,1,1
202300011820,30,4,2023,14:30,1,1,3,63,63203,1,3,2,2,1
202300011821,29,4,2023,10:30,1,1,3,38,38087,2,4,2,1,1
202300011821,29,4,2023,10:30,1,1,3,38,38087,2,4,2,2,1
202300011822,30,4,2023,05:30,2,1,6,33,33417,1,4,2,1,1
202300011823,30,4,2023,06:05,5,2,1,29,29087,1,3,2,1,2
202300011824,30,4,2023,11:00,1,1,6,27,27448,1,4,1,2,1
202300011825,28,4,2023,15:00,1,1,4,33,33122,1,1,3,1,1
202300011826,27,4,2023,13:03,1,1,3,33,33550,1,1,3,1,1
202300011827,28,4,2023,18:15,1,1,4,91,91521,1,2,1,1,1
202300011828,28,4,2023,15:45,1,1,4,91,91689,1,1,3,2,1
202300011829,28,4,2023,15:00,1,1,2,78,78545,1,1,1,1,1
202300011830,27,4,2023,22:00,3,2,3,78,78466,1,1,1,1,2
202300011831,28,4,2023,17:25,1,1,3,93,93053,1,1,1,1,1
202300011832,28,4,2023,00:10,3,2,2,77,77384,1,1,1,1,2
202300011833,28,4,2023,00:35,3,2,6,93,93051,1,1,3,1,2
202300011834,27,4,2023,17:05,1,1,3,974,97416,1,2,2,1,1
202300011834,27,4,2023,17:05,1,1,3,974,97416,1,2,1,1,1
202300011835,27,4,2023,07:20,1,1,1,974,97416,2,4,2,2,1
202300011835,27,4,2023,07:20,1,1,1,974,97416,2,4,1,1,1
202300011836,27,4,2023,04:50,5,1,7,974,97407,2,4,2,1,1
202300011837,27,4,2023,18:20,1,1,6,69,69388,2,4,2,1,1
202300011837,27,4,2023,18:20,1,1,6,69,69388,2,4,2,1,1
202300011838,26,4,2023,10:25,1,3,6,972,97209,1,9,2,2,2
202300011839,27,4,2023,15:55,1,1,3,69,69385,2,4,2,4,1
202300011840,26,4,2023,09:15,1,1,3,2B,2B033,2,4,1,1,1
202300011840,26,4,2023,09:15,1,1,3,2B,2B033,2,4,2,1,1
202300011841,26,4,2023,17:10,1,1,3,971,97101,2,4,2,1,1
202300011842,25,4,2023,10:10,2,1,3,95,95598,2,3,-1,1,1
202300011842,25,4,2023,10:10,2,1,3,95,95598,2,3,-1,1,1
202300011843,27,4,2023,18:15,1,2,3,91,91103,2,4,2,1,2
202300011843,27,4,2023,18:15,1,2,3,91,91103,2,4,2,1,2
202300011843,27,4,2023,18:15,1,2,3,91,91103,2,4,2,1,2
202300011843,27,4,2023,18:15,1,2,3,91,91103,2,4,2,2,2
202300011844,21,4,2023,16:40,1,1,6,83,83126,2,3,4,1,1
202300011845,27,4,2023,20:15,2,1,6,83,83069,2,4,2,1,1
202300011846,27,4,2023,16:50,1,1,3,83,83141,1,3,2,2,1
202300011847,27,4,2023,10:20,1,2,6,82,82121,2,4,1,1,2
202300011847,27,4,2023,10:20,1,2,6,82,82121,2,4,1,1,2
202300011848,23,4,2023,23:54,5,1,6,80,80021,2,4,-1,1,1
202300011849,15,4,2023,18:24,1,1,3,80,80021,2,4,2,2,1
202300011849,15,4,2023,18:24,1,1,3,80,80021,2,4,2,1,1
202300011850,26,4,2023,14:46,1,8,3,78,78146,2,3,2,1,1
202300011850,26,4,2023,14:46,1,8,3,78,78146,2,3,3,1,1
202300011851,14,4,2023,07:35,1,1,6,78,78498,2,3,2,1,1
202300011852,27,4,2023,14:00,1,1,3,77,77083,2,4,2,2,1
202300011853,25,4,2023,23:10,5,1,7,76,76351,2,4,2,1,1
202300011854,27,4,2023,15:40,1,1,3,76,76349,1,3,2,1,1
202300011854,27,4,2023,15:40,1,1,3,76,76349,1,3,2,1,1
202300011855,25,3,2023,17:15,1,1,6,76,76114,2,4,-1,2,1
202300011856,26,4,2023,19:25,2,1,1,71,71040,2,3,2,1,1
202300011856,26,4,2023,19:25,2,1,1,71,71040,2,3,2,1,1
202300011857,27,4,2023,23:17,5,1,4,69,69266,2,4,2,1,1
202300011858,27,4,2023,15:40,1,1,3,69,69266,2,4,2,1,1
202300011858,27,4,2023,15:40,1,1,3,69,69266,2,4,2,1,1
202300011858,27,4,2023,15:40,1,1,3,69,69266,2,4,2,1,1
202300011859,27,4,2023,07:45,1,1,4,69,69286,2,4,2,1,1
202300011860,27,4,2023,12:30,1,1,2,69,69013,1,3,2,1,1
202300011861,27,4,2023,11:50,1,1,2,69,69029,2,4,1,1,1
202300011862,27,4,2023,07:23,1,1,6,69,69259,2,7,2,1,1
202300011862,27,4,2023,07:23,1,1,6,69,69259,2,7,2,1,1
202300011863,26,4,2023,18:45,2,1,3,67,67482,2,4,1,1,1
202300011864,26,4,2023,15:30,1,1,3,67,67043,2,4,2,1,1
202300011865,26,4,2023,17:00,1,1,6,67,67462,2,4,2,1,1
202300011866,27,4,2023,21:20,5,1,6,64,64445,2,4,-1,1,1
202300011867,27,4,2023,10:55,1,1,3,64,64335,1,3,2,1,1
202300011867,27,4,2023,10:55,1,1,3,64,64335,1,3,2,1,1
202300011868,27,4,2023,20:20,1,1,7,64,64024,2,3,2,1,1
202300011869,26,4,2023,14:45,1,1,2,64,64102,2,3,2,1,1
202300011870,27,4,2023,09:00,1,1,2,63,63113,2,7,3,1,1
202300011871,26,4,2023,16:56,1,1,6,63,63113,2,4,1,1,1
202300011872,22,4,2023,16:30,1,1,3,62,62587,2,3,2,1,1
202300011873,27,4,2023,22:20,5,1,3,59,59350,2,4,1,1,1
202300011873,27,4,2023,22:20,5,1,3,59,59350,2,4,1,1,1
202300011874,13,4,2023,16:00,1,1,3,59,59328,2,7,2,1,1
202300011874,13,4,2023,16:00,1,1,3,59,59328,2,7,1,1,1
202300011875,26,4,2023,16:20,1,1,7,57,57566,2,3,1,1,1
202300011876,17,4,2023,17:28,1,1,2,56,56260,2,4,2,2,1
202300011877,26,4,2023,20:30,2,1,6,56,56083,2,3,2,2,1
202300011878,26,4,2023,10:30,1,2,1,56,56121,2,4,2,1,2
202300011879,26,4,2023,15:45,1,1,6,54,54323,1,2,2,1,1
202300011880,27,4,2023,10:40,1,1,3,51,51454,2,4,2,1,1
202300011881,28,4,2023,02:25,4,1,6,47,47201,2,4,1,1,1
202300011882,26,4,2023,01:20,5,1,4,44,44190,2,4,2,1,1
202300011883,26,4,2023,13:00,1,1,4,43,43041,2,3,3,1,1
202300011884,27,4,2023,22:53,5,8,3,37,37261,2,4,3,1,1
202300011884,27,4,2023,22:53,5,8,3,37,37261,2,4,3,4,1
202300011885,27,4,2023,19:35,1,1,3,35,35278,2,7,1,1,1
202300011885,27,4,2023,19:35,1,1,3,35,35278,2,7,1,1,2
202300011886,27,4,2023,12:30,1,2,3,35,35238,2,4,2,1,2
202300011886,27,4,2023,12:30,1,2,3,35,35238,2,4,2,1,2
202300011887,26,4,2023,08:20,1,2,6,33,33281,2,4,2,1,2
202300011888,24,4,2023,23:20,5,2,1,33,33522,2,4,3,1,2
202300011888,24,4,2023,23:20,5,2,1,33,33522,2,4,2,1,2
202300011889,27,4,2023,21:00,5,1,3,31,31555,2,1,1,1,1