id_accident,jour,mois,annee,heure_minute,luminosite,meteo,type_collision,departement,commune,agglomeration,categorie_route,regime_circulation,profil_route,etat_surface
202300011889,27,4,2023,21:00,5,1,3,31,31555,2,1,2,1,1
202300011890,27,4,2023,22:44,2,1,2,31,31555,1,1,1,2,1
202300011891,26,4,2023,12:05,2,2,1,31,31555,2,4,1,1,2
202300011892,27,4,2023,10:25,1,1,1,30,30007,2,4,2,2,1
202300011893,27,4,2023,18:10,1,1,1,25,25031,2,3,2,1,1
202300011894,27,4,2023,09:00,1,2,3,22,22113,2,4,2,1,2
202300011894,27,4,2023,09:00,1,2,3,22,22113,2,4,2,1,2
202300011895,26,4,2023,15:45,1,2,6,17,17306,2,3,1,1,2
202300011896,27,4,2023,10:45,1,1,6,15,15014,2,4,2,2,1
202300011897,26,4,2023,18:40,1,1,6,14,14118,2,4,2,2,1
202300011898,27,4,2023,00:30,5,1,1,14,14118,2,4,1,1,1
202300011898,27,4,2023,00:30,5,1,1,14,14118,2,4,2,1,1
202300011899,26,4,2023,19:40,1,1,3,14,14118,2,4,2,1,9
202300011899,26,4,2023,19:40,1,1,3,14,14118,2,4,2,1,9
202300011900,23,4,2023,22:45,3,1,2,13,13039,2,2,3,1,1
202300011901,27,4,2023,22:15,5,1,1,13,13208,2,4,2,1,1
202300011902,27,4,2023,23:50,5,1,1,13,13211,2,4,1,1,1
202300011903,27,4,2023,14:50,1,1,6,13,13204,2,4,2,2,1
202300011903,27,4,2023,14:50,1,1,6,13,13204,2,4,2,2,1
202300011904,27,4,2023,06:20,2,1,1,13,13047,1,2,2,1,1
202300011905,27,4,2023,15:20,1,8,6,13,13005,2,4,2,2,1
202300011906,13,4,2023,11:00,1,1,3,11,11262,2,4,2,1,1
202300011906,13,4,2023,11:00,1,1,3,11,11262,2,4,2,1,1
202300011907,26,4,2023,12:15,1,1,4,11,11069,1,3,2,1,1
202300011907,26,4,2023,12:15,1,1,4,11,11069,1,3,2,2,1
202300011908,27,4,2023,13:00,1,1,1,06,06069,2,3,2,1,1
202300011908,27,4,2023,13:00,1,1,1,06,06069,2,3,2,1,1
202300011909,26,4,2023,17:00,1,1,3,06,06029,2,3,2,1,1
202300011910,27,4,2023,17:30,1,1,3,01,01344,2,4,2,1,1
202300011910,27,4,2023,17:30,1,1,3,01,01344,2,4,2,1,1
202300011911,25,4,2023,12:50,1,1,2,75,75114,2,4,1,1,1
202300011912,25,4,2023,08:40,1,1,4,75,75120,2,4,1,1,1
202300011913,26,4,2023,17:46,1,1,5,75,75119,2,4,1,1,1
202300011913,26,4,2023,17:46,1,1,5,75,75119,2,4,1,1,1
202300011914,26,4,2023,22:55,5,1,6,75,75120,2,4,-1,1,1
202300011914,26,4,2023,22:55,5,1,6,75,75120,2,4,2,2,1
202300011915,27,4,2023,16:25,1,2,2,75,75119,2,4,1,1,2
202300011916,27,4,2023,12:30,1,1,3,75,75119,2,4,1,2,1
202300011917,27,4,2023,20:34,5,2,2,75,75118,2,4,-1,1,2
202300011918,27,4,2023,09:25,1,1,3,75,75118,2,4,-1,1,1
202300011918,27,4,2023,09:25,1,1,3,75,75118,2,4,-1,1,1
202300011919,26,4,2023,13:35,1,1,7,75,75117,2,4,1,1,1
202300011920,27,4,2023,09:35,1,1,3,75,75110,2,4,1,1,1
202300011920,27,4,2023,09:35,1,1,3,75,75110,2,4,2,1,1
202300011921,27,4,2023,05:15,3,1,2,75,75109,2,4,-1,1,1
202300011921,27,4,2023,05:15,3,1,2,75,75109,2,4,1,2,1
202300011922,27,4,2023,09:30,1,1,3,75,75107,2,4,2,1,1
202300011922,27,4,2023,09:30,1,1,3,75,75107,2,4,2,1,1
202300011923,27,4,2023,11:15,1,1,6,75,75101,2,4,2,1,1
202300011923,27,4,2023,11:15,1,1,6,75,75101,2,4,-1,1,1
202300011924,26,4,2023,20:46,5,1,3,75,75104,2,4,2,1,1
202300011924,26,4,2023,20:46,5,1,3,75,75104,2,4,1,1,1
202300011925,26,4,2023,13:57,1,1,6,75,75104,2,4,2,2,1
202300011926,27,4,2023,09:45,1,1,3,94,94080,2,3,1,1,1
202300011927,27,4,2023,00:10,4,1,2,93,93066,2,4,1,1,1
202300011928,27,4,2023,08:30,1,1,3,93,93053,2,3,3,1,1
202300011929,26,4,2023,19:10,1,1,3,93,93032,2,4,2,1,1
202300011929,26,4,2023,19:10,1,1,3,93,93032,2,4,1,1,1
202300011930,27,4,2023,08:45,1,1,6,93,93014,2,4,1,1,1
202300011930,27,4,2023,08:45,1,1,6,93,93014,2,4,2,1,1
202300011931,27,4,2023,21:15,5,2,3,93,93070,2,3,1,2,2
202300011931,27,4,2023,21:15,5,2,3,93,93070,2,3,3,1,2
202300011932,27,4,2023,20:27,2,2,3,92,92022,2,3,2,2,2
202300011932,27,4,2023,20:27,2,2,3,92,92022,2,3,2,2,2
202300011933,27,4,2023,20:45,5,2,7,92,92072,2,3,2,2,2
202300011934,27,4,2023,12:25,1,1,6,92,92064,2,4,2,1,1
202300011935,27,4,2023,19:42,2,2,6,92,92044,2,4,1,1,2
202300011936,26,4,2023,19:50,1,1,3,92,92036,2,4,2,1,1
202300011936,26,4,2023,19:50,1,1,3,92,92036,2,4,2,1,1
202300011937,27,4,2023,08:47,1,1,2,92,92026,2,3,1,1,1
202300011938,26,4,2023,17:00,1,1,6,92,92025,2,4,1,1,1
202300011939,27,4,2023,17:00,1,1,3,92,92002,2,3,2,1,1
202300011939,27,4,2023,17:00,1,1,3,92,92002,2,3,2,1,1
202300011940,28,4,2023,16:30,1,1,1,24,24202,1,3,2,1,1
202300011940,28,4,2023,16:30,1,1,1,24,24202,1,3,2,1,1
202300011941,19,4,2023,17:54,1,1,7,38,38536,1,3,2,3,1
202300011942,28,4,2023,17:45,1,1,3,973,97353,2,4,-1,1,1
202300011942,28,4,2023,17:45,1,1,3,973,97353,2,4,2,1,1
202300011943,29,4,2023,19:30,1,1,3,41,41194,2,3,2,1,1
202300011943,29,4,2023,19:30,1,1,3,41,41194,2,3,2,-1,-1
202300011944,28,4,2023,20:10,1,1,7,28,28088,2,3,2,2,1
202300011945,28,4,2023,23:30,4,1,3,974,97405,1,2,2,2,1
202300011946,29,4,2023,02:30,5,1,6,972,97223,2,3,2,2,1
202300011947,29,4,2023,04:35,3,1,2,52,52312,1,1,3,1,1
202300011948,16,8,2023,17:50,1,1,3,71,71391,2,3,2,4,1
202300011949,15,8,2023,20:00,2,1,7,63,63003,1,3,2,1,1
202300011950,15,8,2023,17:40,1,1,1,61,61241,1,3,2,1,1
202300011950,15,8,2023,17:40,1,1,1,61,61241,1,3,2,1,1
202300011951,15,8,2023,21:05,2,1,6,49,49055,2,3,2,1,1
202300011951,15,8,2023,21:05,2,1,6,49,49055,2,3,2,1,1
202300011952,16,8,2023,08:30,1,2,3,46,46297,1,3,-1,1,2
202300011952,16,8,2023,08:30,1,2,3,46,46297,1,3,-1,-1,2
202300011953,15,8,2023,15:11,1,1,6,22,22189,1,3,2,1,1
202300011954,8,7,2023,15:10,1,1,3,62,62224,1,3,2,1,1
202300011954,8,7,2023,15:10,1,1,3,62,62224,1,3,2,1,1
202300011955,15,8,2023,16:40,1,1,6,39,39404,1,4,2,2,1
202300011956,13,7,2023,21:00,3,1,6,35,35018,1,3,2,1,1
202300011957,8,7,2023,18:00,1,1,3,59,59426,2,4,2,1,1
202300011957,8,7,2023,18:00,1,1,3,59,59426,2,4,2,1,1
202300011958,3,7,2023,16:05,1,1,7,59,59350,2,4,2,1,1
202300011959,13,8,2023,18:25,1,1,1,35,35211,1,3,2,1,1
202300011960,15,8,2023,21:20,3,1,7,15,15003,1,3,2,1,1
202300011961,8,7,2023,20:55,1,1,3,54,54304,2,4,1,2,1
202300011961,8,7,2023,20:55,1,1,3,54,54304,2,4,1,2,1
202300011962,14,8,2023,14:15,1,1,3,14,14644,1,3,2,1,1
202300011962,14,8,2023,14:15,1,1,3,14,14644,1,3,2,1,1
202300011963,8,7,2023,16:30,1,1,6,54,54395,2,4,1,1,1
202300011964,16,8,2023,17:00,1,1,1,43,43224,1,4,-1,1,1
202300011964,16,8,2023,17:00,1,1,1,43,43224,1,4,2,1,1
202300011965,7,7,2023,11:50,1,1,3,51,51454,2,4,2,1,1
202300011966,7,7,2023,20:00,1,2,7,49,49328,2,4,2,1,2
202300011967,2,6,2023,21:20,2,1,3,01,01160,2,3,2,1,1
202300011967,2,6,2023,21:20,2,1,3,01,01160,2,3,1,2,1
202300011968,8,7,2023,22:50,3,1,7,49,49015,2,4,2,1,1
202300011969,4,6,2023,06:10,2,1,6,69,69204,2,4,2,1,2
202300011970,15,8,2023,23:25,3,1,3,40,40206,1,3,4,1,1
202300011970,15,8,2023,23:25,3,1,3,40,40206,1,3,-1,-1,-1
202300011971,4,6,2023,18:20,1,1,1,69,69049,2,3,2,1,1
202300011972,8,7,2023,18:46,1,1,2,49,49007,2,4,3,1,1
202300011972,8,7,2023,18:46,1,1,2,49,49007,2,4,3,1,1
202300011973,3,6,2023,03:00,3,1,6,81,81142,1,3,2,1,1
202300011973,3,6,2023,03:00,3,1,6,81,81142,1,3,2,1,1
202300011974,8,7,2023,03:15,5,1,3,47,47001,2,3,2,1,2
202300011974,8,7,2023,03:15,5,1,3,47,47001,2,3,1,2,2
202300011975,16,8,2023,15:30,1,1,1,87,87012,1,2,2,1,1
202300011976,21,11,2023,13:20,1,2,3,65,65426,1,3,2,1,2
202300011976,21,11,2023,13:20,1,2,3,65,65426,1,3,2,2,2
202300011977,4,6,2023,12:40,1,7,1,81,81105,1,4,-1,2,1
202300011978,8,7,2023,13:20,1,1,2,45,45068,2,4,2,1,1
202300011979,21,11,2023,08:10,1,1,6,66,66141,2,4,2,1,1
202300011980,5,6,2023,18:55,1,1,1,87,87129,1,4,2,2,1
202300011981,7,7,2023,18:05,1,1,1,44,44184,2,4,3,1,1
202300011982,16,9,2023,14:31,1,1,1,57,57235,1,3,2,1,1
202300011982,16,9,2023,14:31,1,1,1,57,57235,1,3,2,1,1
202300011983,4,6,2023,11:10,1,7,3,79,79184,1,3,2,2,1
202300011983,4,6,2023,11:10,1,7,3,79,79184,1,3,2,4,1
202300011984,3,6,2023,17:35,1,1,7,17,17308,1,3,2,1,1
202300011985,22,11,2023,19:40,5,1,3,76,76655,2,6,-1,1,1
202300011986,15,8,2023,18:50,2,1,2,978,97801,2,2,2,2,1
202300011986,15,8,2023,18:50,2,1,2,978,97801,2,2,2,1,1
202300011987,8,7,2023,04:30,5,1,3,44,44109,2,4,2,2,1
202300011987,8,7,2023,04:30,5,1,3,44,44109,2,4,1,1,1
202300011988,22,11,2023,11:45,1,1,6,80,80318,2,3,2,1,1
202300011989,8,7,2023,18:44,1,1,3,43,43002,2,3,2,1,1
202300011990,4,6,2023,17:40,1,1,6,33,33553,2,4,2,1,1
202300011991,23,5,2023,12:40,1,1,6,42,42218,2,4,2,2,1
202300011992,23,11,2023,18:55,3,1,1,63,63227,1,3,2,1,1
202300011993,16,8,2023,04:45,3,1,1,13,13044,1,3,2,1,1
202300011994,4,6,2023,04:20,3,1,6,33,33085,1,3,2,1,1
202300011995,8,7,2023,10:40,1,1,1,41,41018,2,4,2,1,1
202300011995,8,7,2023,10:40,1,1,1,41,41018,2,4,2,1,1
202300011996,23,11,2023,07:00,5,2,6,61,61167,2,3,2,1,2
202300011997,26,5,2023,21:25,1,1,7,33,33233,1,4,2,1,1
202300011998,7,7,2023,18:50,1,1,6,41,41018,2,4,2,1,1
202300011999,8,7,2023,15:10,1,1,3,38,38185,2,7,-1,1,1
202300011999,8,7,2023,15:10,1,1,3,38,38185,2,7,2,1,1
202300012000,23,11,2023,08:00,1,2,3,61,61457,1,3,2,2,2
202300012000,23,11,2023,08:00,1,2,3,61,61457,1,3,2,1,2
202300012001,8,7,2023,22:30,5,1,6,35,35238,2,4,2,1,1
202300012001,8,7,2023,22:30,5,1,6,35,35238,2,4,3,1,1
202300012002,16,8,2023,05:30,2,1,5,30,30344,1,1,1,1,1
202300012003,4,6,2023,16:15,1,1,3,61,61433,1,3,2,1,1
202300012004,23,11,2023,12:10,1,8,3,22,22029,1,3,2,2,2
202300012005,4,6,2023,16:40,1,1,3,56,56176,1,3,2,1,1
202300012006,15,8,2023,15:30,1,1,1,971,97116,1,2,2,2,1
202300012007,22,11,2023,17:00,2,7,6,22,22251,2,4,2,1,1
202300012008,4,6,2023,12:15,1,7,1,29,29066,1,3,2,2,1
202300012009,22,11,2023,17:45,2,8,6,29,29004,1,4,2,1,2
202300012010,8,7,2023,10:20,1,1,4,35,35238,2,2,3,1,1
202300012011,2,6,2023,14:57,1,7,6,22,22259,2,6,-1,1,1
202300012012,15,8,2023,08:40,1,8,6,971,97107,2,2,2,1,1
202300012012,15,8,2023,08:40,1,8,6,971,97107,2,2,2,1,1
202300012013,22,11,2023,09:15,1,1,3,29,29105,2,3,1,1,1
202300012013,22,11,2023,09:15,1,1,3,29,29105,2,3,1,1,1
202300012014,8,7,2023,09:45,1,1,3,34,34172,2,4,2,1,1
202300012015,3,6,2023,15:30,1,1,1,22,22178,1,3,2,1,1
202300012015,3,6,2023,15:30,1,1,1,22,22178,1,3,2,1,1
202300012016,16,8,2023,10:30,1,1,1,2B,2B332,1,2,2,1,1
202300012017,15,4,2023,16:45,1,1,3,84,84133,1,3,2,2,1
202300012018,8,7,2023,14:40,1,1,3,33,33039,2,4,1,1,1
202300012018,8,7,2023,14:40,1,1,3,33,33039,2,4,2,1,1
202300012019,16,8,2023,08:30,1,1,2,2B,2B169,2,2,2,1,1
202300012020,22,11,2023,07:00,2,1,3,72,72115,1,3,2,1,2
202300012021,3,6,2023,18:55,1,7,2,22,22210,1,3,2,4,1
202300012021,3,6,2023,18:55,1,7,2,22,22210,1,3,1,1,1
202300012022,8,7,2023,11:20,1,1,3,29,29039,2,4,2,2,1
202300012023,15,8,2023,17:40,1,1,3,2B,2B182,1,2,2,1,1
202300012024,22,11,2023,14:45,1,1,6,72,72346,2,3,2,1,1
202300012025,8,7,2023,05:25,2,1,6,25,25056,2,4,2,1,1
202300012026,2,6,2023,10:00,1,1,1,62,62366,1,4,2,1,1
202300012027,31,5,2023,02:40,3,1,6,62,62867,1,1,3,1,1
202300012028,16,8,2023,19:30,1,1,1,34,34033,1,3,2,1,1
202300012029,8,7,2023,10:00,1,1,6,13,13117,2,4,-1,2,1
202300012029,8,7,2023,10:00,1,1,6,13,13117,2,4,2,1,1
202300012030,22,11,2023,17:55,2,1,4,18,18054,1,3,2,2,1
202300012031,4,6,2023,07:10,1,1,2,59,59563,1,2,2,2,1
202300012032,12,8,2023,16:00,1,1,3,83,83071,1,3,2,1,1
202300012032,12,8,2023,16:00,1,1,3,83,83071,1,3,2,1,1
202300012033,4,6,2023,20:20,2,3,2,13,13071,1,1,1,1,2
202300012034,8,7,2023,10:50,1,1,2,13,13103,1,3,2,1,1
202300012035,22,11,2023,23:10,3,1,6,43,43018,1,3,2,1,1
202300012036,4,6,2023,13:38,1,1,2,92,92002,1,1,3,1,1
202300012037,8,7,2023,01:20,4,1,3,13,13210,2,4,2,1,1
202300012038,22,11,2023,09:30,1,1,6,21,21416,2,4,1,1,1
202300012038,22,11,2023,09:30,1,1,6,21,21416,2,4,1,1,1
202300012039,4,6,2023,06:17,1,1,7,91,91645,1,2,1,1,1
202300012040,16,8,2023,04:05,3,1,3,83,83101,1,3,2,1,1
202300012041,8,7,2023,17:27,1,7,1,10,10357,2,4,2,1,1
202300012042,22,11,2023,19:30,3,1,1,04,04094,1,3,2,1,1
202300012043,3,7,2023,08:12,1,1,1,05,05061,2,4,2,2,1
202300012044,16,8,2023,06:45,1,1,3,68,68352,2,3,2,1,1
202300012045,22,11,2023,17:45,3,1,2,27,27198,1,3,2,1,1
202300012046,7,7,2023,15:00,1,1,7,04,04112,2,3,2,1,1
202300012047,4,6,2023,12:01,1,1,5,78,78455,1,1,-1,1,1
202300012048,16,8,2023,07:54,1,5,2,54,54303,1,3,2,1,1
202300012049,23,11,2023,13:50,1,1,3,28,28280,2,3,2,1,1
202300012049,23,11,2023,13:50,1,1,3,28,28280,2,3,2,1,1
202300012050,8,7,2023,13:45,1,1,3,75,75118,2,4,-1,1,1
202300012051,8,7,2023,08:45,1,1,7,75,75117,2,4,2,1,1
202300012052,4,6,2023,20:00,1,1,4,92,92078,1,1,1,2,1
202300012053,15,8,2023,18:07,1,1,1,54,54176,1,4,2,1,1
202300012054,8,11,2023,17:15,5,1,2,06,06152,1,3,3,1,1
202300012055,14,8,2023,17:50,1,1,7,73,73114,1,3,2,2,1
202300012056,8,7,2023,15:00,1,1,3,75,75116,2,4,2,1,1
202300012056,8,7,2023,15:00,1,1,3,75,75116,2,4,4,1,1
202300012057,21,11,2023,19:55,3,1,2,33,33527,1,1,3,1,1
202300012058,4,6,2023,19:00,1,1,5,94,94073,1,1,-1,1,1
202300012059,11,8,2023,16:29,1,1,2,01,01160,2,4,2,1,1
202300012060,8,7,2023,08:10,1,1,6,75,75116,2,4,1,1,1
202300012060,8,7,2023,08:10,1,1,6,75,75116,2,4,1,1,1
202300012061,23,11,2023,11:22,1,1,2,69,69019,1,1,3,1,1
202300012062,3,6,2023,15:10,1,1,2,94,94018,1,1,3,1,1
202300012063,8,7,2023,20:38,1,1,6,75,75113,2,4,1,1,1
202300012064,16,8,2023,11:50,1,1,7,60,60695,2,4,-1,1,1
202300012065,22,11,2023,17:20,1,1,3,973,97305,1,2,2,1,1
202300012066,8,7,2023,17:00,1,1,3,75,75113,2,4,2,1,1
202300012066,8,7,2023,17:00,1,1,3,75,75113,2,4,2,1,1
202300012067,3,6,2023,18:30,1,1,6,93,93048,2,3,2,2,1
202300012067,3,6,2023,18:30,1,1,6,93,93048,2,3,2,1,1
202300012068,17,11,2023,08:05,2,1,5,33,33535,1,3,2,1,1
202300012069,3,6,2023,04:30,2,1,6,93,93032,2,4,1,1,1
202300012070,8,7,2023,05:40,3,1,6,75,75111,2,4,-1,1,1
202300012070,8,7,2023,05:40,3,1,6,75,75111,2,4,1,1,1
202300012071,15,8,2023,18:30,1,1,6,59,59396,1,3,2,1,1
202300012072,3,6,2023,21:30,5,1,3,06,06012,2,3,2,2,1
202300012073,8,7,2023,10:34,1,1,6,75,75107,2,4,2,1,1
202300012073,8,7,2023,10:34,1,1,6,75,75107,2,4,2,1,1
202300012074,21,11,2023,15:00,1,9,2,84,84119,2,3,2,2,1
202300012075,3,6,2023,20:50,5,1,6,974,97407,2,4,2,1,1
202300012076,14,8,2023,17:20,1,1,3,13,13071,1,1,1,2,1
202300012077,30,10,2023,22:40,3,3,7,13,13081,1,3,2,1,4
202300012078,7,7,2023,12:39,1,1,3,75,75101,2,4,2,1,1
202300012078,7,7,2023,12:39,1,1,3,75,75101,2,4,1,1,1
202300012079,3,6,2023,15:15,1,1,3,69,69388,2,4,2,1,1
202300012079,3,6,2023,15:15,1,1,3,69,69388,2,4,2,1,1
202300012080,7,7,2023,05:55,1,1,3,75,75104,2,4,1,1,1
202300012080,7,7,2023,05:55,1,1,3,75,75104,2,4,1,1,1
202300012081,7,11,2023,17:15,1,1,3,86,86294,1,3,2,1,1
202300012081,7,11,2023,17:15,1,1,3,86,86294,1,3,2,1,1
202300012082,3,6,2023,09:35,1,7,3,69,69386,2,4,1,1,1
202300012082,3,6,2023,09:35,1,7,3,69,69386,2,4,1,1,1
202300012083,23,11,2023,04:20,5,2,6,72,72264,2,3,3,2,2
202300012084,11,8,2023,17:10,1,1,2,59,59462,1,1,1,1,1
202300012085,7,7,2023,02:10,5,1,3,75,75104,2,4,2,1,1
202300012085,7,7,2023,02:10,5,1,3,75,75104,2,4,1,1,1
202300012086,3,6,2023,00:25,3,1,1,95,95680,1,3,2,1,1
202300012087,22,11,2023,05:30,3,1,1,72,72336,1,3,1,1,1
202300012088,8,7,2023,12:55,1,1,3,94,94068,2,4,1,1,1
202300012088,8,7,2023,12:55,1,1,3,94,94068,2,4,2,1,1
202300012089,3,6,2023,14:20,1,1,3,91,91377,2,3,4,1,1
202300012089,3,6,2023,14:20,1,1,3,91,91377,2,3,2,1,1
202300012090,8,7,2023,18:30,1,1,3,94,94046,2,4,2,1,1
202300012091,14,8,2023,18:15,1,1,4,94,94038,1,1,1,1,1
202300012092,20,11,2023,16:50,1,2,1,80,80685,2,3,2,1,2
202300012093,3,6,2023,15:40,1,1,3,91,91421,2,3,2,1,1
202300012093,3,6,2023,15:40,1,1,3,91,91421,2,3,1,1,1
202300012094,8,7,2023,14:40,1,1,1,94,94037,2,4,2,1,1
202300012095,26,10,2023,07:00,2,2,3,67,67218,1,7,-1,1,2
202300012096,1,6,2023,13:40,1,1,3,86,86066,2,3,1,1,1
202300012096,1,6,2023,13:40,1,1,3,86,86066,2,3,2,1,1
202300012097,8,7,2023,13:00,1,1,3,94,94076,2,3,1,1,1
202300012098,14,8,2023,15:03,1,1,5,94,94003,1,1,1,4,1
202300012099,22,11,2023,18:30,3,1,2,91,91617,1,2,4,1,1
202300012100,8,7,2023,02:00,5,1,3,94,94022,2,3,1,1,1
202300012101,31,5,2023,16:20,1,1,2,83,83009,1,3,2,1,1
202300012102,22,11,2023,08:30,1,1,3,91,91659,1,1,2,1,1
202300012103,7,7,2023,20:45,2,7,6,94,94002,2,4,2,1,1
202300012104,13,8,2023,23:43,3,1,2,77,77251,1,1,2,1,1
202300012105,2,6,2023,20:56,1,1,1,83,83129,2,4,2,2,1
202300012106,22,11,2023,07:52,1,1,5,78,78646,1,2,-1,1,1
202300012107,8,7,2023,18:15,1,1,2,93,93064,2,3,1,1,1
202300012108,3,6,2023,18:25,1,1,1,78,78650,2,3,2,1,1
202300012108,3,6,2023,18:25,1,1,1,78,78650,2,3,2,1,1
202300012109,21,11,2023,18:05,3,2,2,78,78291,1,1,3,1,2
202300012110,21,11,2023,14:00,1,2,6,78,78640,1,2,-1,2,2
202300012111,8,7,2023,12:00,1,1,3,93,93046,2,3,3,1,1
202300012111,8,7,2023,12:00,1,1,3,93,93046,2,3,3,1,1
202300012112,3,6,2023,19:55,1,1,3,78,78638,2,4,1,1,1
202300012112,3,6,2023,19:55,1,1,3,78,78638,2,4,1,1,1
202300012113,8,7,2023,19:30,1,1,3,93,93029,2,3,2,1,1
202300012114,13,8,2023,02:07,5,1,2,94,94043,1,1,3,1,1
202300012115,21,11,2023,07:30,5,3,4,78,78238,1,1,1,1,2
202300012116,7,7,2023,22:00,4,1,6,93,93027,2,3,3,1,1
202300012117,21,11,2023,11:05,1,2,6,92,92047,1,1,1,1,2
202300012118,13,8,2023,01:40,3,1,2,94,94038,1,1,-1,1,1
202300012119,8,7,2023,12:38,1,1,7,92,92075,2,3,-1,2,1
202300012120,22,11,2023,09:15,1,1,3,93,93010,1,1,1,1,1
202300012121,3,6,2023,12:30,1,1,4,77,77186,1,3,2,1,1
202300012122,8,7,2023,17:32,1,1,3,92,92064,2,3,2,1,1
202300012122,8,7,2023,17:32,1,1,3,92,92064,2,3,1,1,1
202300012123,28,12,2023,17:18,2,1,3,43,43041,2,4,2,2,1
202300012124,3,6,2023,23:00,5,1,1,76,76681,2,7,2,1,1
202300012125,8,7,2023,05:45,2,2,7,92,92048,2,4,1,1,2
202300012126,14,6,2023,20:10,1,1,4,94,94034,1,1,2,1,1
202300012127,22,11,2023,07:00,3,1,4,93,93005,1,1,3,1,1
202300012128,23,12,2023,07:06,5,1,6,37,37233,2,4,2,1,1
202300012129,14,8,2023,19:00,1,3,6,93,93013,1,1,1,2,2
202300012130,3,6,2023,18:55,1,1,3,72,72181,2,4,2,1,1
202300012131,8,7,2023,10:15,1,1,1,92,92040,2,3,2,1,1
202300012132,22,11,2023,18:13,3,1,2,77,77337,1,1,-1,1,1
202300012133,14,8,2023,06:55,2,1,3,93,93064,1,1,3,1,1
202300012134,27,12,2023,19:50,5,2,2,35,35238,2,4,3,1,2
202300012134,27,12,2023,19:50,5,2,2,35,35238,2,4,3,2,2
202300012135,22,9,2023,19:00,2,3,3,74,74012,2,4,2,1,2
202300012136,9,7,2023,10:45,1,1,3,40,40296,2,3,-1,1,1
202300012136,9,7,2023,10:45,1,1,3,40,40296,2,3,2,1,1
202300012137,3,6,2023,13:45,1,1,3,72,72095,1,3,2,2,1
202300012137,3,6,2023,13:45,1,1,3,72,72095,1,3,2,1,-1
202300012138,13,8,2023,23:40,3,1,2,93,93007,1,1,1,1,1
202300012139,28,12,2023,12:50,1,1,6,33,33281,2,4,2,1,2
202300012139,28,12,2023,12:50,1,1,6,33,33281,2,4,1,1,2
202300012140,8,7,2023,20:50,1,1,7,62,62265,1,3,2,2,1
202300012141,13,8,2023,22:00,3,1,2,93,93006,1,1,1,2,1
202300012142,27,8,2023,12:09,1,8,6,74,74309,1,3,2,1,2
202300012142,27,8,2023,12:09,1,8,6,74,74309,1,3,2,1,2
202300012143,3,6,2023,16:46,1,1,3,69,69029,2,7,2,1,1
202300012144,8,7,2023,22:20,4,1,7,62,62644,2,3,2,1,1
202300012145,28,12,2023,20:50,4,1,3,31,31555,2,4,2,1,1
202300012145,28,12,2023,20:50,4,1,3,31,31555,2,4,-1,1,1
202300012146,9,7,2023,06:50,1,1,7,22,22065,2,4,2,1,1
202300012147,3,6,2023,12:00,1,1,6,69,69029,2,7,2,1,1
202300012148,27,8,2023,06:40,2,3,1,74,74309,1,3,2,1,2
202300012149,11,8,2023,14:55,1,1,3,988,98818,2,4,2,2,1
202300012149,11,8,2023,14:55,1,1,3,988,98818,2,4,2,2,1
202300012150,21,12,2023,19:20,5,1,6,18,18033,2,4,-1,1,1
202300012151,12,8,2023,01:30,5,1,6,987,98735,2,4,2,1,1
202300012152,13,8,2023,08:00,1,1,3,14,14047,2,4,1,1,1
202300012153,8,7,2023,18:10,1,1,7,22,22004,1,3,3,1,1
202300012154,2,6,2023,20:10,1,1,3,67,67482,2,4,1,1,1
202300012154,2,6,2023,20:10,1,1,3,67,67482,2,4,1,1,1
202300012155,28,12,2023,17:00,1,1,6,17,17415,2,4,2,1,1
202300012156,13,8,2023,07:00,1,1,6,976,97611,2,4,4,1,1
202300012157,28,12,2023,18:30,5,1,6,15,15012,2,3,2,1,1
202300012158,2,6,2023,20:15,2,7,2,67,67180,1,3,2,1,1
202300012159,13,8,2023,20:30,3,1,6,974,97416,1,4,2,2,1
202300012160,8,7,2023,17:40,1,1,6,62,62397,2,3,2,1,1
202300012161,9,8,2023,07:25,1,2,6,14,14474,1,3,3,1,2
202300012162,9,7,2023,14:10,1,1,6,30,30288,2,2,2,1,1
202300012163,28,12,2023,10:25,1,1,3,15,15012,2,3,2,1,1
202300012163,28,12,2023,10:25,1,1,3,15,15012,2,3,2,1,1
202300012164,13,8,2023,16:30,1,1,4,974,97411,2,2,1,1,1
202300012165,13,8,2023,09:50,1,1,6,974,97411,2,4,2,1,1
202300012166,21,11,2023,11:15,1,1,5,974,97416,1,2,3,2,1
202300012167,8,7,2023,16:15,1,1,3,19,19234,1,3,2,2,1
202300012167,8,7,2023,16:15,1,1,3,19,19234,1,3,2,1,1
202300012168,27,12,2023,16:35,1,1,3,14,14333,1,1,1,2,1
202300012168,27,12,2023,16:35,1,1,3,14,14333,1,1,1,1,1
202300012169,3,6,2023,06:50,1,1,2,59,59360,2,7,2,1,1
202300012170,13,8,2023,01:25,5,1,3,973,97302,2,4,1,1,1
202300012171,28,12,2023,17:15,4,1,6,13,13054,2,4,2,1,1
202300012172,21,11,2023,07:00,1,1,2,974,97416,1,2,1,1,1
202300012173,13,8,2023,14:45,1,1,6,972,97209,1,3,2,1,1
202300012174,9,7,2023,12:15,1,1,3,65,65002,2,2,2,1,1
202300012174,9,7,2023,12:15,1,1,3,65,65002,2,2,2,1,1
202300012175,28,12,2023,10:40,1,1,6,13,13201,2,4,2,1,1
202300012176,2,6,2023,16:20,1,1,3,59,59527,2,7,2,1,1