id_accident,jour,mois,annee,heure_minute,luminosite,meteo,type_collision,departement,commune,agglomeration,categorie_route,regime_circulation,profil_route,etat_surface
202300012176,2,6,2023,16:20,1,1,3,59,59527,2,7,2,1,1
202300012177,13,8,2023,04:50,5,1,7,2B,2B120,1,2,-1,1,1
202300012178,21,11,2023,08:30,1,1,2,974,97411,2,2,-1,1,1
202300012178,21,11,2023,08:30,1,1,2,974,97411,2,2,1,1,1
202300012179,28,12,2023,05:00,5,1,3,13,13215,2,4,2,1,1
202300012179,28,12,2023,05:00,5,1,3,13,13215,2,4,2,2,1
202300012180,2,6,2023,20:00,1,1,2,59,59350,1,7,1,2,1
202300012181,8,7,2023,15:50,1,1,3,89,89380,1,3,2,1,1
202300012181,8,7,2023,15:50,1,1,3,89,89380,1,3,1,1,1
202300012182,12,8,2023,12:15,1,2,7,86,86066,1,3,2,1,2
202300012183,20,11,2023,09:30,1,1,3,974,97409,2,3,-1,1,1
202300012184,28,12,2023,09:20,1,8,4,13,13204,2,4,1,1,1
202300012185,9,7,2023,06:05,2,1,6,46,46231,1,3,2,2,1
202300012186,13,8,2023,08:05,1,1,7,85,85194,2,4,2,1,1
202300012187,3,6,2023,19:00,1,1,3,59,59043,1,3,2,1,1
202300012187,3,6,2023,19:00,1,1,3,59,59043,1,3,2,1,1
202300012188,28,12,2023,08:20,1,1,1,13,13208,2,4,1,2,1
202300012189,8,7,2023,19:20,1,1,2,29,29208,1,3,2,1,1
202300012190,3,6,2023,21:40,2,1,6,54,54395,2,4,1,1,1
202300012191,12,8,2023,11:40,1,1,6,83,83141,1,3,3,1,1
202300012192,21,11,2023,13:34,1,1,3,973,97302,2,3,2,1,1
202300012192,21,11,2023,13:34,1,1,3,973,97302,2,3,2,1,1
202300012193,9,7,2023,09:40,1,1,6,02,02543,1,3,2,2,1
202300012194,12,8,2023,12:15,1,1,3,83,83050,1,4,2,1,1
202300012195,27,12,2023,17:00,2,1,2,13,13215,2,7,2,2,1
202300012196,2,6,2023,17:20,1,1,3,54,54149,1,3,2,1,1
202300012196,2,6,2023,17:20,1,1,3,54,54149,1,3,2,1,1
202300012197,20,11,2023,22:55,3,1,7,973,97302,2,3,2,1,1
202300012197,20,11,2023,22:55,3,1,7,973,97302,2,3,2,1,1
202300012198,8,7,2023,22:25,3,1,7,54,54325,1,3,2,3,1
202300012199,13,8,2023,06:40,2,1,6,82,82121,2,3,2,1,1
202300012200,3,6,2023,06:14,1,1,6,51,51454,2,4,2,1,1
202300012200,3,6,2023,06:14,1,1,6,51,51454,2,4,2,1,1
202300012201,24,12,2023,21:15,5,1,3,12,12305,1,3,2,1,1
202300012202,8,7,2023,18:05,1,1,7,72,72072,1,3,2,1,1
202300012203,13,8,2023,14:10,1,1,7,79,79329,2,4,2,1,1
202300012204,21,11,2023,20:22,5,1,3,69,69386,2,4,1,1,1
202300012204,21,11,2023,20:22,5,1,3,69,69386,2,4,2,1,1
202300012205,25,6,2023,03:15,3,1,6,06,06105,2,4,-1,2,1
202300012206,2,6,2023,17:45,1,1,1,50,50129,2,4,2,1,1
202300012207,13,8,2023,16:45,1,1,6,79,79081,2,6,-1,1,1
202300012208,9,7,2023,00:05,3,1,6,50,50086,1,3,2,2,2
202300012209,21,11,2023,12:15,1,1,3,972,97213,2,2,1,1,1
202300012210,13,8,2023,08:38,1,1,2,77,77237,1,3,2,1,1
202300012211,9,7,2023,04:17,5,1,7,60,60129,2,3,2,1,1
202300012212,3,6,2023,19:05,1,1,3,49,49007,2,4,1,1,1
202300012212,3,6,2023,19:05,1,1,3,49,49007,2,4,-1,1,1
202300012213,28,12,2023,17:05,5,1,3,06,06088,2,4,1,1,1
202300012213,28,12,2023,17:05,5,1,3,06,06088,2,4,1,1,1
202300012214,12,8,2023,18:47,1,1,6,76,76114,2,3,2,1,1
202300012215,8,7,2023,05:35,2,1,1,60,60030,1,3,2,1,1
202300012216,3,6,2023,07:50,1,7,3,49,49246,2,3,1,1,1
202300012216,3,6,2023,07:50,1,7,3,49,49246,2,3,2,1,1
202300012217,19,11,2023,18:10,5,1,5,972,97209,2,4,3,1,1
202300012218,27,12,2023,18:30,5,1,3,75,75114,2,4,1,1,1
202300012219,9,7,2023,13:40,1,1,7,53,53255,1,3,2,1,1
202300012220,13,8,2023,19:30,1,3,1,71,71270,2,3,3,1,2
202300012221,2,6,2023,12:30,1,1,2,47,47215,1,4,2,1,1
202300012222,22,11,2023,00:05,5,2,6,95,95203,2,4,2,1,2
202300012222,22,11,2023,00:05,5,2,6,95,95203,2,4,2,1,2
202300012223,28,12,2023,11:40,1,8,3,75,75117,2,4,2,1,1
202300012224,9,7,2023,10:00,1,1,3,40,40309,2,3,2,1,1
202300012224,9,7,2023,10:00,1,1,3,40,40309,2,3,-1,-1,-1
202300012225,3,6,2023,10:00,1,1,3,45,45285,2,4,2,1,1
202300012226,13,8,2023,04:00,3,1,6,69,69266,2,4,2,1,1
202300012227,28,12,2023,20:30,5,1,3,75,75115,2,4,1,1,1
202300012228,8,7,2023,19:50,1,1,6,24,24002,1,3,2,2,1
202300012229,5,11,2023,23:40,5,1,3,95,95598,2,3,1,1,1
202300012229,5,11,2023,23:40,5,1,3,95,95598,2,3,-1,1,1
202300012230,13,8,2023,22:00,5,1,3,69,69264,2,4,2,4,1
202300012230,13,8,2023,22:00,5,1,3,69,69264,2,4,1,1,1
202300012231,28,12,2023,18:50,5,1,6,75,75115,2,4,1,1,1
202300012231,28,12,2023,18:50,5,1,6,75,75115,2,4,2,1,1
202300012232,3,6,2023,19:30,1,1,2,44,44162,2,2,1,3,1
202300012232,3,6,2023,19:30,1,1,2,44,44162,2,2,1,1,1
202300012233,5,7,2023,05:45,2,1,3,24,24311,2,3,2,2,1
202300012234,20,11,2023,12:45,1,1,6,91,91552,2,3,1,1,1
202300012234,20,11,2023,12:45,1,1,6,91,91552,2,3,1,1,1
202300012235,8,7,2023,16:08,1,7,6,24,24026,1,3,2,1,1
202300012236,13,8,2023,20:10,1,2,6,69,69199,2,7,2,1,2
202300012237,3,6,2023,15:45,1,1,3,38,38421,2,7,2,1,1
202300012237,3,6,2023,15:45,1,1,3,38,38421,2,7,2,1,1
202300012238,28,12,2023,06:00,5,1,3,75,75115,2,4,2,1,1
202300012238,28,12,2023,06:00,5,1,3,75,75115,2,4,1,1,1
202300012239,13,8,2023,18:00,1,1,6,65,65440,2,4,2,1,1
202300012240,21,11,2023,08:40,1,2,3,91,91191,2,4,3,1,2
202300012241,9,7,2023,01:35,4,1,1,04,04149,1,3,2,2,1
202300012242,28,12,2023,15:15,1,1,3,75,75107,2,4,-1,1,1
202300012242,28,12,2023,15:15,1,1,3,75,75107,2,4,1,1,1
202300012243,2,6,2023,16:50,1,7,3,37,37261,2,4,2,1,1
202300012244,13,8,2023,17:57,1,1,3,59,59122,2,4,2,1,1
202300012244,13,8,2023,17:57,1,1,3,59,59122,2,4,2,1,1
202300012245,8,7,2023,14:20,1,1,3,85,85047,1,4,-1,1,1
202300012245,8,7,2023,14:20,1,1,3,85,85047,1,4,2,1,1
202300012246,21,11,2023,19:20,5,1,3,91,91479,2,3,3,1,1
202300012246,21,11,2023,19:20,5,1,3,91,91479,2,3,1,1,1
202300012247,27,12,2023,20:40,5,2,3,94,94081,2,4,2,1,2
202300012248,13,8,2023,17:55,1,1,3,51,51454,2,4,1,2,1
202300012249,3,6,2023,22:45,5,1,3,35,35238,2,4,1,1,1
202300012249,3,6,2023,22:45,5,1,3,35,35238,2,4,2,1,1
202300012250,8,7,2023,05:45,2,1,3,27,27251,1,3,2,1,1
202300012251,28,12,2023,18:37,5,1,6,94,94041,2,3,2,1,1
202300012252,13,8,2023,08:50,1,1,3,45,45234,2,4,1,1,1
202300012253,20,11,2023,18:20,5,2,3,91,91479,2,4,2,1,2
202300012253,20,11,2023,18:20,5,2,3,91,91479,2,4,1,1,2
202300012254,3,6,2023,01:20,5,1,1,34,34301,2,4,2,1,1
202300012255,8,7,2023,19:10,1,1,3,30,30062,2,4,2,1,1
202300012255,8,7,2023,19:10,1,1,3,30,30062,2,4,2,1,1
202300012256,13,8,2023,18:30,1,1,7,44,44215,1,2,1,1,1
202300012257,28,12,2023,09:55,1,1,6,93,93078,2,4,1,1,1
202300012258,21,11,2023,05:42,5,2,6,87,87085,2,4,3,2,2
202300012259,3,6,2023,20:00,1,1,3,34,34172,2,4,2,1,1
202300012259,3,6,2023,20:00,1,1,3,34,34172,2,4,2,1,1
202300012260,8,7,2023,19:30,1,1,3,38,38449,1,1,3,1,1
202300012261,13,8,2023,18:25,1,1,1,43,43157,2,4,1,1,1
202300012261,13,8,2023,18:25,1,1,1,43,43157,2,4,3,1,1
202300012262,27,12,2023,18:20,5,1,3,93,93073,2,3,2,1,1
202300012262,27,12,2023,18:20,5,1,3,93,93073,2,3,2,2,1
202300012263,3,6,2023,21:40,5,8,3,33,33039,2,4,2,1,2
202300012263,3,6,2023,21:40,5,8,3,33,33039,2,4,2,1,2
202300012264,30,7,2023,11:30,1,1,6,38,38053,2,4,2,1,1
202300012265,8,7,2023,18:00,2,2,6,988,98817,2,3,2,-1,2
202300012265,8,7,2023,18:00,2,2,6,988,98817,2,3,3,1,2
202300012266,3,6,2023,12:15,1,1,3,33,33063,2,4,3,1,1
202300012267,20,11,2023,18:05,2,1,4,84,84007,1,2,3,2,1
202300012268,8,7,2023,19:50,1,1,2,77,77005,1,3,2,1,1
202300012269,28,12,2023,14:40,1,1,3,92,92050,2,4,1,1,1
202300012269,28,12,2023,14:40,1,1,3,92,92050,2,4,2,1,1
202300012270,12,8,2023,14:10,1,1,1,33,33529,1,3,2,1,1
202300012271,7,7,2023,22:10,4,1,1,91,91249,1,3,1,2,1
202300012272,12,8,2023,17:44,1,1,3,31,31555,2,4,2,1,1
202300012273,3,6,2023,01:30,3,1,1,33,33318,2,4,2,2,2
202300012274,19,11,2023,16:16,1,1,2,84,84007,2,2,3,1,1
202300012275,28,12,2023,20:20,5,1,3,92,92012,2,3,2,1,1
202300012275,28,12,2023,20:20,5,1,3,92,92012,2,3,2,1,1
202300012276,6,7,2023,21:10,2,1,6,66,66008,2,4,2,1,1
202300012276,6,7,2023,21:10,2,1,6,66,66008,2,4,2,1,1
202300012277,13,8,2023,05:25,4,1,6,29,29039,2,4,2,3,1
202300012278,3,6,2023,10:59,1,1,3,27,27229,2,4,1,1,1
202300012279,7,7,2023,19:10,1,1,3,66,66008,1,3,1,1,1
202300012280,29,12,2023,20:10,3,1,6,66,66172,1,1,3,1,1
202300012281,5,7,2023,18:00,1,1,7,34,34127,2,3,2,1,1
202300012282,19,11,2023,01:11,5,1,3,84,84007,2,4,2,1,1
202300012282,19,11,2023,01:11,5,1,3,84,84007,2,4,2,1,1
202300012283,29,12,2023,11:15,1,1,3,22,22311,2,3,2,1,1
202300012284,2,6,2023,14:35,1,1,4,26,26198,1,2,2,2,1
202300012285,7,7,2023,19:10,1,1,6,84,84054,1,3,2,1,1
202300012286,20,11,2023,07:55,1,1,6,83,83144,2,4,1,1,1
202300012287,29,12,2023,12:40,1,3,6,17,17015,1,3,2,1,2
202300012288,12,8,2023,12:20,1,2,6,18,18279,1,3,2,1,2
202300012289,3,6,2023,23:50,3,1,6,22,22187,2,4,2,1,1
202300012290,30,6,2023,20:50,1,7,3,84,84036,2,3,2,1,1
202300012290,30,6,2023,20:50,1,7,3,84,84036,2,3,2,1,1
202300012291,18,11,2023,16:25,1,1,1,83,83137,2,4,2,1,1
202300012292,29,12,2023,15:00,1,1,3,41,41040,1,3,2,1,1
202300012293,3,6,2023,02:10,3,1,6,18,18279,1,4,2,2,1
202300012294,13,8,2023,20:36,1,1,7,17,17300,2,4,1,1,1
202300012295,9,7,2023,13:34,1,1,6,06,06146,1,7,2,1,1
202300012296,15,11,2023,13:30,1,1,3,83,83123,2,4,3,1,1
202300012297,3,6,2023,21:50,2,1,3,17,17306,2,4,3,1,1
202300012298,8,7,2023,02:10,3,1,7,13,13066,1,3,2,1,1
202300012299,12,8,2023,15:15,1,1,7,14,14302,1,3,2,3,1
202300012299,12,8,2023,15:15,1,1,7,14,14302,1,3,2,3,1
202300012300,13,8,2023,18:25,1,1,7,13,13216,2,7,1,2,1
202300012301,3,6,2023,11:25,1,1,3,14,14118,2,4,2,1,1
202300012302,28,12,2023,21:14,5,8,2,37,37266,1,1,3,1,2
202300012303,21,11,2023,17:45,5,2,6,77,77284,2,3,2,1,2
202300012303,21,11,2023,17:45,5,2,6,77,77284,2,3,1,1,2
202300012304,7,7,2023,18:55,2,7,3,21,21138,1,3,2,1,1
202300012304,7,7,2023,18:55,2,7,3,21,21138,1,3,2,1,1
202300012305,29,12,2023,09:50,1,3,6,62,62207,2,3,2,1,2
202300012306,2,6,2023,17:00,1,1,1,13,13043,2,4,2,1,1
202300012307,12,8,2023,16:40,1,1,3,13,13028,2,3,2,1,1
202300012307,12,8,2023,16:40,1,1,3,13,13028,2,3,3,2,1
202300012308,29,12,2023,05:00,3,2,6,89,89367,1,3,2,1,2
202300012309,8,7,2023,15:00,1,1,3,68,68296,1,3,2,1,1
202300012309,8,7,2023,15:00,1,1,3,68,68296,1,3,2,1,1
202300012310,13,8,2023,18:17,1,1,2,06,06004,2,3,2,1,1
202300012311,3,6,2023,08:00,1,1,6,13,13004,2,4,2,2,1
202300012312,21,11,2023,19:30,5,2,1,77,77438,2,3,2,1,2
202300012312,21,11,2023,19:30,5,2,1,77,77438,2,3,2,1,2
202300012313,7,7,2023,08:50,1,1,6,67,67028,1,3,2,1,1
202300012314,19,12,2023,17:50,5,2,1,22,22207,2,4,2,2,2
202300012315,13,8,2023,18:05,1,1,3,04,04070,2,4,2,1,1
202300012316,8,7,2023,19:30,1,1,6,03,03165,2,4,2,2,1
202300012317,21,11,2023,09:37,1,2,6,77,77131,2,3,2,1,2
202300012318,29,12,2023,04:47,3,2,6,25,25139,1,3,2,1,2
202300012319,3,6,2023,06:45,1,1,2,13,13001,1,3,2,1,1
202300012319,3,6,2023,06:45,1,1,2,13,13001,1,3,2,1,1
202300012319,3,6,2023,06:45,1,1,2,13,13001,1,3,2,1,1
202300012320,3,8,2023,21:15,2,1,3,03,03185,2,3,2,1,1
202300012320,3,8,2023,21:15,2,1,3,03,03185,2,3,2,1,1
202300012321,20,11,2023,12:00,1,2,6,76,76351,2,4,2,4,2
202300012321,20,11,2023,12:00,1,2,6,76,76351,2,4,1,1,2
202300012322,3,6,2023,12:30,1,1,3,06,06088,2,4,3,1,1
202300012323,28,12,2023,15:30,1,1,3,44,44005,2,3,2,1,1
202300012323,28,12,2023,15:30,1,1,3,44,44005,2,3,2,1,1
202300012324,9,7,2023,11:45,1,1,6,38,38548,2,4,2,1,1
202300012325,13,8,2023,11:20,1,1,6,75,75119,2,4,1,1,1
202300012325,13,8,2023,11:20,1,1,6,75,75119,2,4,2,1,1
202300012326,3,6,2023,04:20,5,1,6,05,05023,2,3,2,1,1
202300012327,21,11,2023,08:35,4,3,6,76,76217,2,6,-1,1,2
202300012328,27,12,2023,22:28,4,1,6,44,44126,2,3,2,1,2
202300012329,8,7,2023,17:45,1,1,6,07,07127,2,2,2,1,1
202300012330,13,8,2023,11:40,1,1,6,75,75116,2,4,2,1,1
202300012331,21,11,2023,09:30,1,8,3,72,72181,2,4,2,1,2
202300012332,3,6,2023,13:35,1,1,3,75,75119,2,4,1,1,1
202300012333,9,7,2023,06:30,2,1,6,86,86074,1,3,2,1,1
202300012334,13,8,2023,15:40,1,1,6,75,75115,2,4,2,1,1
202300012335,26,12,2023,08:12,2,1,6,14,14057,1,3,2,1,1
202300012336,21,11,2023,07:45,2,8,2,72,72181,2,4,1,1,2
202300012337,12,8,2023,13:20,1,1,6,75,75112,2,4,2,1,1
202300012338,2,6,2023,21:45,5,1,3,75,75112,2,4,1,1,1
202300012339,7,7,2023,19:50,1,1,1,85,85113,2,4,2,1,1
202300012340,8,7,2023,19:15,1,1,7,22,22208,1,4,2,1,1
202300012341,21,11,2023,17:50,2,1,6,71,71306,2,4,2,1,1
202300012342,13,8,2023,03:30,5,1,3,75,75111,2,4,1,1,1
202300012342,13,8,2023,03:30,5,1,3,75,75111,2,4,1,1,1
202300012343,27,12,2023,15:40,1,1,1,21,21685,2,3,2,1,1
202300012343,27,12,2023,15:40,1,1,1,21,21685,2,3,2,1,1
202300012344,2,6,2023,14:20,1,1,4,75,75118,2,4,1,1,1
202300012345,8,7,2023,23:45,3,1,2,27,27458,1,3,2,4,1
202300012346,20,11,2023,16:00,1,1,6,71,71270,2,4,2,1,1
202300012347,12,8,2023,23:45,5,1,3,75,75119,2,4,2,1,1
202300012348,28,12,2023,23:00,5,2,6,21,21114,2,3,2,1,2
202300012349,8,7,2023,23:50,3,1,6,60,60342,2,3,1,2,1
202300012350,2,6,2023,09:30,1,1,2,75,75113,2,4,1,1,1
202300012351,28,12,2023,18:50,3,2,6,85,85127,2,4,1,4,2
202300012352,20,11,2023,17:40,5,1,3,71,71076,2,4,1,1,1
202300012352,20,11,2023,17:40,5,1,3,71,71076,2,4,1,1,1
202300012353,13,8,2023,18:45,1,1,3,75,75116,2,4,2,1,1
202300012354,28,6,2023,15:05,1,1,6,59,59249,2,3,2,1,1
202300012355,31,5,2023,12:50,1,1,2,75,75117,2,4,1,1,1
202300012356,13,8,2023,20:05,2,1,3,94,94054,2,3,2,1,1
202300012357,8,7,2023,13:55,1,1,3,59,59400,2,4,2,1,1
202300012358,15,12,2023,17:58,3,1,5,37,37139,1,3,2,1,1
202300012358,15,12,2023,17:58,3,1,5,37,37139,1,3,2,1,1
202300012359,21,11,2023,17:45,5,8,3,69,69266,2,4,2,1,2
202300012359,21,11,2023,17:45,5,8,3,69,69266,2,4,1,1,2
202300012360,28,12,2023,00:45,3,1,7,30,30249,1,3,2,1,1
202300012361,3,6,2023,19:50,1,1,3,75,75115,2,4,2,1,1
202300012362,12,8,2023,23:30,4,1,4,93,93077,2,3,2,1,1
202300012362,12,8,2023,23:30,4,1,4,93,93077,2,3,2,1,1
202300012363,28,12,2023,00:45,3,1,6,30,30085,1,3,2,2,1
202300012364,20,11,2023,12:55,1,1,3,69,69290,2,7,2,1,1
202300012364,20,11,2023,12:55,1,1,3,69,69290,2,7,2,1,1
202300012365,8,7,2023,15:15,1,1,4,91,91432,1,1,-1,2,1
202300012366,3,6,2023,10:23,1,1,6,75,75114,2,4,1,1,1
202300012367,29,12,2023,05:20,3,2,6,08,08015,1,4,2,1,2
202300012368,21,11,2023,23:00,5,1,6,67,67482,2,4,2,1,1
202300012369,13,8,2023,15:30,1,1,3,92,92025,2,3,1,1,1
202300012369,13,8,2023,15:30,1,1,3,92,92025,2,3,2,1,1
202300012370,29,12,2023,09:00,1,1,6,13,13051,1,3,2,1,1
202300012371,8,7,2023,13:05,1,1,4,92,92036,1,1,-1,1,1
202300012372,3,6,2023,18:15,1,1,7,75,75112,2,4,2,1,1
202300012373,15,8,2023,12:30,1,1,3,2A,2A065,1,3,2,1,1
202300012374,21,11,2023,18:15,5,2,6,67,67482,2,4,2,1,2
202300012374,21,11,2023,18:15,5,2,6,67,67482,2,4,2,1,2
202300012375,7,7,2023,21:25,1,1,2,78,78043,1,1,3,1,1
202300012376,28,12,2023,06:30,5,1,2,69,69019,1,1,3,1,1
202300012377,15,8,2023,15:30,1,1,3,974,97404,1,3,2,2,1
202300012378,2,6,2023,21:15,2,1,3,75,75108,2,4,4,1,1
202300012379,21,11,2023,10:10,1,1,3,67,67482,2,4,2,1,1
202300012380,8,7,2023,07:30,1,1,2,93,93053,1,1,3,1,1
202300012381,14,8,2023,17:13,1,1,7,28,28380,1,3,2,1,1
202300012382,31,8,2023,17:45,1,1,2,78,78537,1,1,3,1,2
202300012383,3,6,2023,04:07,5,1,7,75,75108,2,4,2,1,1
202300012383,3,6,2023,04:07,5,1,7,75,75108,2,4,1,1,1
202300012384,21,11,2023,10:21,1,1,3,66,66136,2,4,1,1,1
202300012384,21,11,2023,10:21,1,1,3,66,66136,2,4,2,1,1
202300012385,15,8,2023,16:05,1,1,1,06,06046,1,7,2,1,1
202300012386,28,12,2023,22:35,5,1,6,974,97421,2,4,2,2,1
202300012387,8,7,2023,05:10,2,1,5,95,95527,1,1,3,1,1
202300012388,3,6,2023,19:15,1,1,6,75,75107,2,4,2,1,1
202300012388,3,6,2023,19:15,1,1,6,75,75107,2,4,1,1,1
202300012389,13,8,2023,17:30,1,1,1,84,84071,2,3,2,1,1
202300012390,18,11,2023,12:05,1,1,3,66,66136,2,4,2,1,1
202300012391,26,12,2023,13:25,1,2,7,28,28064,1,3,2,3,2
202300012392,8,7,2023,00:55,3,1,6,93,93053,1,1,1,1,1
202300012393,3,6,2023,19:20,1,1,3,75,75104,2,4,2,1,1
202300012393,3,6,2023,19:20,1,1,3,75,75104,2,4,1,1,1
202300012394,14,8,2023,08:50,1,1,3,44,44224,1,2,2,1,1
202300012395,21,11,2023,08:20,1,2,2,64,64445,2,4,2,1,2
202300012396,7,7,2023,07:00,1,1,2,95,95277,1,1,3,1,1
202300012397,25,12,2023,19:10,3,1,3,77,77376,1,3,2,1,1
202300012398,15,8,2023,00:50,3,1,7,30,30326,1,3,2,1,1
202300012399,3,6,2023,02:10,5,1,6,75,75104,2,4,1,1,1
202300012399,3,6,2023,02:10,5,1,6,75,75104,2,4,1,1,1
202300012400,21,11,2023,06:05,5,3,2,64,64445,2,4,1,1,2
202300012401,7,7,2023,16:30,1,1,1,94,94033,1,1,3,1,1
202300012402,13,8,2023,23:45,3,1,6,83,83092,1,3,2,1,1
202300012403,29,12,2023,10:30,1,1,3,83,83030,1,3,2,1,1
202300012403,29,12,2023,10:30,1,1,3,83,83030,1,3,2,1,1
202300012404,2,6,2023,19:30,2,1,6,75,75101,2,4,1,1,1
202300012404,2,6,2023,19:30,2,1,6,75,75101,2,4,2,1,1
202300012405,21,11,2023,18:48,5,2,4,64,64125,2,3,2,1,2
202300012406,15,8,2023,14:40,1,1,6,56,56165,1,2,3,2,1
202300012407,3,6,2023,17:43,1,1,6,94,94069,2,3,2,2,1
202300012408,6,7,2023,11:50,1,1,6,76,76540,2,4,1,1,1
202300012408,6,7,2023,11:50,1,1,6,76,76540,2,4,1,1,1
202300012409,27,12,2023,22:01,3,1,2,26,26362,1,1,1,1,1
202300012410,28,12,2023,19:30,5,1,6,71,71150,1,3,2,2,1
202300012411,7,7,2023,21:20,2,1,6,54,54395,2,4,-1,1,1
202300012412,14,8,2023,12:15,1,1,1,56,56032,1,3,2,1,1
202300012413,3,6,2023,15:25,1,7,3,94,94044,2,3,2,1,1
202300012414,21,11,2023,18:00,5,3,4,64,64122,2,3,2,1,2
202300012415,7,7,2023,18:40,1,1,6,25,25388,2,4,-1,1,1
202300012416,29,12,2023,02:30,4,1,6,73,73081,2,3,2,2,1
202300012417,3,6,2023,20:42,1,1,3,94,94068,2,3,2,2,1
202300012418,20,11,2023,17:30,2,2,7,64,64122,2,4,1,1,2
202300012419,14,8,2023,17:00,1,1,3,80,80228,2,3,2,1,1
202300012419,14,8,2023,17:00,1,1,3,80,80228,2,3,1,4,1
202300012420,29,12,2023,11:40,1,1,6,38,38344,2,4,2,1,1
202300012421,7,7,2023,13:45,1,1,1,93,93071,2,3,2,1,1
202300012421,7,7,2023,13:45,1,1,1,93,93071,2,3,2,1,1
202300012422,14,8,2023,14:30,1,1,7,65,65039,1,3,2,2,1
202300012423,21,11,2023,08:43,1,2,2,63,63113,2,7,3,1,2
202300012424,28,12,2023,18:20,5,1,6,69,69009,2,3,2,1,1
202300012425,14,8,2023,14:01,1,1,6,11,11165,1,3,2,2,1
202300012426,5,7,2023,10:10,1,1,3,63,63113,2,7,1,1,1
202300012426,5,7,2023,10:10,1,1,3,63,63113,2,7,2,1,1
202300012427,3,6,2023,16:00,1,1,6,94,94033,2,4,2,2,1
202300012428,24,12,2023,05:55,2,1,6,85,85092,2,3,2,2,1
202300012429,4,7,2023,10:14,1,1,6,66,66136,2,4,2,1,1
202300012430,17,11,2023,00:27,5,1,6,62,62193,1,9,3,1,2
202300012431,29,12,2023,18:40,5,2,1,60,60500,2,6,1,1,2
202300012432,3,6,2023,19:30,1,1,2,94,94028,2,3,2,1,1
202300012433,21,6,2023,22:20,5,1,6,13,13056,2,7,1,1,1
202300012434,14,8,2023,18:30,1,8,3,63,63045,1,3,2,1,2
202300012434,14,8,2023,18:30,1,8,3,63,63045,1,3,2,1,2
202300012435,28,12,2023,10:40,1,1,6,59,59092,2,4,1,1,1
202300012436,21,11,2023,08:10,1,2,2,61,61001,2,3,2,1,2
202300012437,3,6,2023,12:00,1,1,6,94,94028,2,4,2,1,1
202300012438,7,7,2023,12:45,1,1,6,973,97302,2,3,2,1,1
202300012439,14,8,2023,16:45,1,1,6,63,63146,1,3,2,1,1
202300012440,27,12,2023,12:30,1,1,7,13,13005,1,1,1,1,1
202300012441,21,11,2023,10:00,1,1,6,59,59512,2,4,1,1,1
202300012442,7,7,2023,08:00,1,2,3,973,97302,2,3,2,1,2
202300012443,3,6,2023,17:45,1,1,6,94,94017,2,3,2,1,1
202300012443,3,6,2023,17:45,1,1,6,94,94017,2,3,1,1,1
202300012444,15,8,2023,09:10,1,1,1,61,61159,1,3,2,1,1
202300012445,20,11,2023,12:20,1,3,7,54,54099,1,3,2,1,2
202300012446,28,12,2023,15:25,1,1,4,92,92002,1,1,1,1,1
202300012447,7,7,2023,02:15,5,1,1,973,97302,2,3,2,1,1
202300012448,3,6,2023,10:48,1,1,1,94,94017,2,4,1,1,1
202300012449,14,8,2023,23:25,3,1,7,49,49123,1,3,2,1,1
202300012450,21,11,2023,08:33,1,1,3,53,53130,2,4,2,2,1
202300012450,21,11,2023,08:33,1,1,3,53,53130,2,4,2,2,1
202300012451,28,12,2023,15:35,1,8,3,91,91286,1,1,1,1,1
202300012452,7,7,2023,09:45,1,1,3,69,69383,2,4,2,1,1
202300012452,7,7,2023,09:45,1,1,3,69,69383,2,4,2,1,1
202300012453,14,8,2023,14:30,1,1,2,12,12006,1,3,2,1,1
202300012453,14,8,2023,14:30,1,1,2,12,12006,1,3,2,1,1
202300012454,2,6,2023,23:50,5,1,2,93,93027,2,3,2,1,1
202300012454,2,6,2023,23:50,5,1,2,93,93027,2,3,2,1,1
202300012455,16,11,2023,15:05,1,1,3,50,50218,2,3,2,2,1
202300012455,16,11,2023,15:05,1,1,3,50,50218,2,3,2,2,1
202300012456,28,12,2023,02:50,3,1,2,78,78238,1,1,-1,1,1
202300012457,15,8,2023,15:20,1,1,1,46,46068,1,3,2,3,1
202300012458,17,11,2023,15:00,1,1,6,49,49099,2,4,1,1,1
202300012458,17,11,2023,15:00,1,1,6,49,49099,2,4,2,2,1
202300012459,3,6,2023,16:30,1,1,3,93,93030,2,3,2,1,1
202300012459,3,6,2023,16:30,1,1,3,93,93030,2,3,1,1,1
202300012460,28,12,2023,19:40,4,1,2,93,93010,1,1,1,1,1
202300012461,7,7,2023,16:25,1,1,4,972,97209,1,3,1,2,1
202300012462,28,12,2023,16:15,1,1,6,92,92036,1,1,3,1,1
202300012463,6,7,2023,21:00,5,1,6,972,97209,2,3,-1,1,1
202300012464,21,11,2023,07:45,2,1,6,49,49007,2,4,1,1,2
202300012464,21,11,2023,07:45,2,1,6,49,49007,2,4,2,1,2
202300012465,3,6,2023,21:50,5,1,2,93,93057,2,3,3,1,1
202300012466,14,8,2023,19:15,1,1,3,29,29228,1,3,2,2,1
202300012466,14,8,2023,19:15,1,1,3,29,29228,1,3,1,1,1
202300012467,7,7,2023,12:30,1,1,2,69,69382,2,4,2,1,1
202300012468,28,12,2023,18:10,4,1,6,95,95212,1,1,3,1,1
202300012469,14,8,2023,19:35,1,1,7,02,02474,1,3,2,1,9