id_accident,jour,mois,annee,heure_minute,luminosite,meteo,type_collision,departement,commune,agglomeration,categorie_route,regime_circulation,profil_route,etat_surface
202300012470,21,11,2023,14:05,1,2,3,45,45234,2,4,1,1,2
202300012470,21,11,2023,14:05,1,2,3,45,45234,2,4,2,1,2
202300012471,3,6,2023,09:20,1,1,3,93,93008,2,3,2,1,1
202300012471,3,6,2023,09:20,1,1,3,93,93008,2,3,3,1,1
202300012472,7,7,2023,12:55,1,1,1,69,69384,2,4,1,1,1
202300012472,7,7,2023,12:55,1,1,1,69,69384,2,4,1,1,1
202300012473,15,8,2023,11:20,1,1,3,15,15267,1,3,2,2,1
202300012473,15,8,2023,11:20,1,1,3,15,15267,1,3,2,1,1
202300012474,21,11,2023,08:17,2,2,2,45,45232,1,3,3,1,2
202300012475,3,6,2023,18:19,1,1,2,92,92078,2,3,2,1,1
202300012476,28,12,2023,12:10,1,1,5,92,92036,1,1,1,1,1
202300012477,7,7,2023,10:50,1,1,3,69,69149,2,4,1,2,1
202300012477,7,7,2023,10:50,1,1,3,69,69149,2,4,1,2,1
202300012478,20,11,2023,16:15,1,1,3,45,45286,2,4,2,1,1
202300012479,3,6,2023,01:11,5,1,7,92,92046,2,4,1,1,1
202300012480,13,8,2023,11:20,1,1,2,01,01388,1,3,2,1,1
202300012480,13,8,2023,11:20,1,1,2,01,01388,1,3,2,1,1
202300012481,9,7,2023,21:00,5,1,6,11,11262,2,4,2,1,1
202300012482,7,7,2023,15:40,1,1,3,2A,2A004,2,2,2,2,1
202300012483,21,11,2023,07:40,1,1,7,45,45004,1,3,2,1,2
202300012484,11,8,2023,19:25,1,1,6,26,26099,1,3,2,1,1
202300012485,3,6,2023,12:40,1,1,3,92,92073,2,4,1,1,1
202300012485,3,6,2023,12:40,1,1,3,92,92073,2,4,2,1,1
202300012486,27,12,2023,15:50,1,1,3,976,97611,2,4,3,1,1
202300012487,14,8,2023,17:50,1,1,6,54,54400,1,3,2,1,2
202300012488,6,7,2023,09:00,1,1,2,95,95598,2,3,1,1,1
202300012489,21,11,2023,12:10,1,1,6,44,44184,2,4,2,2,1
202300012490,27,12,2023,12:50,1,1,6,976,97611,2,2,2,1,1
202300012491,3,6,2023,13:30,1,1,2,92,92050,2,4,2,1,1
202300012492,30,7,2023,15:45,1,1,3,06,06138,2,3,2,2,1
202300012492,30,7,2023,15:45,1,1,3,06,06138,2,3,2,2,1
202300012493,27,12,2023,00:50,5,1,6,974,97411,2,4,2,2,1
202300012494,21,11,2023,18:15,5,2,6,41,41018,2,4,2,1,2
202300012495,14,8,2023,11:00,1,1,3,50,50200,1,3,2,4,1
202300012496,3,6,2023,19:20,1,1,1,92,92012,2,3,2,1,1
202300012496,3,6,2023,19:20,1,1,1,92,92012,2,3,2,1,1
202300012497,25,12,2023,03:30,5,1,1,974,97407,2,4,1,1,1
202300012498,7,7,2023,08:20,1,1,3,91,91657,2,4,1,1,1
202300012498,7,7,2023,08:20,1,1,3,91,91657,2,4,2,1,1
202300012499,15,8,2023,09:20,1,7,1,60,60511,1,3,2,1,1
202300012499,15,8,2023,09:20,1,7,1,60,60511,1,3,2,1,1
202300012500,2,6,2023,22:40,5,1,2,92,92012,2,4,1,1,1
202300012501,25,12,2023,02:40,5,1,1,974,97407,2,4,-1,1,1
202300012502,14,8,2023,14:30,1,1,6,45,45265,1,4,2,1,1
202300012503,7,7,2023,12:45,1,1,2,91,91286,2,3,3,1,1
202300012504,27,12,2023,19:20,3,1,6,973,97302,2,3,2,1,1
202300012505,14,8,2023,14:20,1,1,6,18,18203,1,3,2,2,1
202300012506,21,11,2023,18:00,2,2,6,38,38185,2,4,2,1,2
202300012507,13,4,2023,08:10,1,1,2,13,13088,1,1,1,1,1
202300012508,7,7,2023,15:20,1,1,3,86,86194,2,3,2,1,1
202300012508,7,7,2023,15:20,1,1,3,86,86194,2,3,2,1,1
202300012509,14,8,2023,11:45,1,1,6,16,16362,1,4,-1,2,1
202300012510,27,12,2023,20:00,5,1,7,69,69383,2,4,2,1,1
202300012511,7,7,2023,20:40,1,7,6,85,85191,1,3,2,1,1
202300012512,21,11,2023,17:44,5,2,6,38,38421,2,4,2,1,2
202300012512,21,11,2023,17:44,5,2,6,38,38421,2,4,2,1,2
202300012513,1,6,2023,22:40,3,1,6,13,13056,1,1,3,2,1
202300012514,14,8,2023,17:00,1,1,3,07,07096,1,3,3,1,1
202300012515,27,12,2023,15:10,1,1,6,69,69149,2,4,2,1,1
202300012516,7,7,2023,13:55,1,1,6,83,83137,2,4,2,1,1
202300012517,15,8,2023,12:15,1,1,6,85,85021,2,3,2,1,1
202300012517,15,8,2023,12:15,1,1,6,85,85021,2,3,2,1,1
202300012518,24,5,2023,11:40,1,1,3,69,69256,1,1,3,1,1
202300012519,27,12,2023,05:45,5,1,3,971,97101,2,3,2,1,1
202300012519,27,12,2023,05:45,5,1,3,971,97101,2,3,1,1,1
202300012520,21,11,2023,08:30,1,2,3,38,38053,2,3,1,1,2
202300012520,21,11,2023,08:30,1,2,3,38,38053,2,3,2,1,2
202300012521,6,7,2023,17:55,1,1,4,83,83069,1,3,3,1,1
202300012522,21,11,2023,10:15,1,1,6,37,37208,2,4,1,2,1
202300012523,3,6,2023,20:00,1,1,3,92,92019,1,2,1,1,1
202300012524,15,8,2023,15:47,1,1,3,85,85135,1,4,2,1,1
202300012524,15,8,2023,15:47,1,1,3,85,85135,1,4,2,1,1
202300012525,24,12,2023,02:50,5,1,1,971,97113,1,2,-1,1,1
202300012526,7,7,2023,17:03,1,1,3,78,78650,2,3,2,1,1
202300012526,7,7,2023,17:03,1,1,3,78,78650,2,3,2,1,1
202300012527,15,8,2023,12:10,1,1,6,27,27056,2,4,2,1,1
202300012527,15,8,2023,12:10,1,1,6,27,27056,2,4,2,1,1
202300012528,26,12,2023,12:50,1,2,2,95,95598,2,3,1,1,2
202300012529,21,11,2023,09:05,1,1,4,35,35051,1,4,2,1,2
202300012530,3,6,2023,16:05,1,1,6,91,91645,1,2,3,3,1
202300012531,6,7,2023,21:12,2,1,3,78,78551,2,4,-1,1,1
202300012531,6,7,2023,21:12,2,1,3,78,78551,2,4,2,1,1
202300012532,15,8,2023,03:51,3,1,6,27,27376,2,4,2,1,1
202300012532,15,8,2023,03:51,3,1,6,27,27376,2,4,2,1,1
202300012533,20,11,2023,18:15,5,2,6,35,35238,2,4,3,2,2
202300012534,7,7,2023,19:40,1,1,3,77,77307,2,3,3,2,1
202300012534,7,7,2023,19:40,1,1,3,77,77307,2,3,3,2,1
202300012535,27,12,2023,19:45,3,8,4,91,91228,2,3,3,1,1
202300012536,3,6,2023,15:45,1,1,4,94,94034,1,1,3,1,1
202300012537,14,8,2023,16:10,1,1,3,30,30061,1,3,2,1,1
202300012538,26,12,2023,17:10,1,1,3,87,87085,2,6,-1,1,1
202300012539,7,7,2023,09:00,1,1,2,77,77058,1,3,2,1,1
202300012540,21,11,2023,17:00,2,1,3,34,34172,2,4,1,1,1
202300012540,21,11,2023,17:00,2,1,3,34,34172,2,4,2,1,1
202300012541,3,6,2023,13:33,1,1,4,91,91589,1,1,-1,1,1
202300012542,15,8,2023,12:00,1,1,2,33,33527,1,1,3,1,1
202300012543,7,7,2023,21:45,2,1,6,76,76484,1,7,2,1,1
202300012544,27,12,2023,09:00,1,1,1,86,86194,2,4,2,2,1
202300012545,21,11,2023,16:00,1,1,6,34,34172,2,4,3,1,1
202300012546,12,8,2023,18:00,2,1,7,987,98715,1,2,1,2,1
202300012547,3,6,2023,10:35,1,1,7,91,91534,1,2,-1,1,1
202300012548,7,7,2023,03:36,5,1,3,76,76540,2,7,2,1,1
202300012548,7,7,2023,03:36,5,1,3,76,76540,2,7,2,1,1
202300012549,23,12,2023,07:15,3,2,2,77,77305,2,3,2,1,2
202300012550,15,8,2023,13:10,1,1,6,38,38285,1,3,2,2,1
202300012551,21,11,2023,12:50,1,1,2,34,34129,2,4,1,1,1
202300012551,21,11,2023,12:50,1,1,2,34,34129,2,4,2,1,1
202300012552,3,6,2023,07:35,1,1,2,77,77251,1,1,1,1,1
202300012553,6,7,2023,18:00,1,1,6,73,73087,2,3,2,1,1
202300012554,14,8,2023,20:45,5,1,6,11,11262,2,4,2,1,1
202300012555,27,12,2023,01:00,5,1,1,77,77445,1,4,2,1,1
202300012556,20,11,2023,15:22,1,1,1,34,34172,2,4,2,2,1
202300012557,6,7,2023,19:55,1,1,5,73,73065,2,4,-1,1,1
202300012558,3,6,2023,11:27,1,1,2,78,78140,1,1,1,1,1
202300012559,14,8,2023,23:30,5,1,6,60,60138,1,1,3,1,1
202300012560,26,12,2023,21:30,5,1,3,76,76351,2,4,2,1,1
202300012560,26,12,2023,21:30,5,1,3,76,76351,2,4,2,1,1
202300012561,3,6,2023,07:33,1,1,6,78,78043,1,1,-1,2,1
202300012562,7,7,2023,13:45,1,1,3,71,71153,2,4,2,2,1
202300012562,7,7,2023,13:45,1,1,3,71,71153,2,4,1,1,1
202300012563,21,11,2023,18:10,5,1,3,33,33249,2,4,2,1,1
202300012564,22,12,2023,17:10,2,1,2,72,72181,2,4,2,1,1
202300012565,14,8,2023,12:40,1,1,3,37,37141,1,4,2,1,1
202300012565,14,8,2023,12:40,1,1,3,37,37141,1,4,2,2,1
202300012566,20,11,2023,17:40,3,2,6,33,33249,2,4,2,1,2
202300012567,7,7,2023,12:15,1,1,3,71,71076,2,4,2,1,1
202300012568,27,12,2023,08:05,5,1,3,72,72181,2,4,2,1,1
202300012569,27,12,2023,14:27,1,1,6,71,71076,2,4,1,1,1
202300012570,14,8,2023,14:20,1,1,3,37,37079,1,4,2,1,1
202300012571,3,6,2023,05:00,3,1,2,93,93048,1,1,1,1,1
202300012572,21,11,2023,16:30,1,1,3,29,29232,2,4,2,1,1
202300012573,7,7,2023,19:20,1,8,1,69,69264,2,3,1,1,1
202300012573,7,7,2023,19:20,1,8,1,69,69264,2,3,2,1,1
202300012574,26,12,2023,18:25,5,1,3,69,69290,2,4,1,1,1
202300012574,26,12,2023,18:25,5,1,3,69,69290,2,4,1,1,1
202300012575,2,6,2023,21:40,2,1,6,91,91223,2,4,2,1,1
202300012576,15,8,2023,05:00,3,1,1,2B,2B289,1,2,2,2,1
202300012577,7,7,2023,07:30,1,1,3,69,69199,2,4,2,2,1
202300012577,7,7,2023,07:30,1,1,3,69,69199,2,4,2,1,1
202300012578,27,12,2023,19:15,5,1,6,67,67482,2,4,2,1,1
202300012578,27,12,2023,19:15,5,1,6,67,67482,2,4,2,1,1
202300012579,21,11,2023,07:45,5,2,6,28,28134,2,2,2,1,2
202300012580,1,6,2023,20:50,1,1,1,75,75120,2,4,-1,1,1
202300012580,1,6,2023,20:50,1,1,1,75,75120,2,4,1,1,1
202300012581,26,12,2023,15:00,1,1,2,64,64102,2,4,2,1,1
202300012582,15,8,2023,12:15,1,1,3,05,05116,1,3,1,2,1
202300012582,15,8,2023,12:15,1,1,3,05,05116,1,3,2,2,1
202300012583,1,6,2023,15:30,1,1,6,13,13108,2,4,2,1,1
202300012584,6,7,2023,18:50,1,1,1,69,69029,2,4,2,1,1
202300012584,6,7,2023,18:50,1,1,1,69,69029,2,4,1,1,1
202300012585,20,11,2023,18:05,5,8,5,28,28404,2,4,2,1,2
202300012586,27,12,2023,19:00,5,1,3,63,63113,2,4,-1,1,1
202300012587,8,7,2023,00:50,3,1,6,67,67218,2,4,2,1,1
202300012588,2,6,2023,16:45,1,1,1,976,97611,2,2,2,1,1
202300012589,15,8,2023,13:02,1,1,1,05,05139,1,3,2,2,1
202300012590,19,8,2023,12:20,1,1,6,13,13074,2,3,2,1,1
202300012591,28,12,2023,23:38,5,1,2,59,59378,2,7,1,2,1
202300012592,7,7,2023,11:00,1,1,3,67,67482,2,4,2,1,1
202300012592,7,7,2023,11:00,1,1,3,67,67482,2,4,2,1,1
202300012593,21,11,2023,14:00,1,1,3,27,27681,2,4,2,1,1
202300012593,21,11,2023,14:00,1,1,3,27,27681,2,4,2,1,1
202300012594,15,8,2023,11:45,1,1,7,03,03187,1,3,2,1,2
202300012595,7,7,2023,18:30,1,6,1,64,64445,2,4,-1,1,2
202300012596,15,8,2023,17:50,1,1,7,07,07324,1,4,2,1,1
202300012597,21,11,2023,08:30,1,1,3,26,26362,2,4,-1,1,1
202300012597,21,11,2023,08:30,1,1,3,26,26362,2,4,-1,1,1
202300012598,26,12,2023,18:20,5,1,4,59,59527,2,7,3,2,1
202300012598,26,12,2023,18:20,5,1,4,59,59527,2,7,1,2,1
202300012599,2,6,2023,16:25,1,1,2,973,97302,2,3,3,1,1
202300012599,2,6,2023,16:25,1,1,2,973,97302,2,3,3,1,1
202300012600,15,6,2023,07:40,1,1,6,64,64445,2,4,1,1,1
202300012601,14,8,2023,15:20,1,1,1,86,86050,1,2,2,1,1
202300012602,2,6,2023,19:50,1,1,3,69,69383,2,4,1,1,1
202300012602,2,6,2023,19:50,1,1,3,69,69383,2,4,1,1,1
202300012603,21,11,2023,07:40,3,1,3,22,22113,2,4,2,1,1
202300012603,21,11,2023,07:40,3,1,3,22,22113,2,4,-1,1,1
202300012604,23,12,2023,02:40,3,1,1,59,59569,1,3,2,1,1
202300012605,6,7,2023,15:50,1,1,2,64,64102,2,4,2,3,1
202300012606,2,6,2023,13:35,1,1,3,69,69381,2,4,1,1,1
202300012607,7,7,2023,15:30,1,3,7,63,63113,2,7,3,1,2
202300012608,20,11,2023,07:50,1,1,6,19,19031,2,4,2,1,1
202300012609,14,8,2023,19:45,1,1,1,33,33417,1,3,2,1,1
202300012610,27,12,2023,18:20,5,1,1,51,51454,2,4,2,1,1
202300012610,27,12,2023,18:20,5,1,1,51,51454,2,4,2,1,1
202300012611,2,6,2023,06:15,2,1,6,69,69152,2,4,2,1,1
202300012612,19,11,2023,01:35,4,1,6,19,19031,2,4,-1,1,1
202300012613,7,7,2023,14:30,1,1,3,63,63113,1,7,2,1,1
202300012614,15,8,2023,14:00,1,1,6,33,33128,1,3,2,1,1
202300012615,27,12,2023,15:05,1,1,6,46,46191,1,3,2,1,1
202300012616,2,6,2023,11:35,1,1,6,971,97120,2,4,1,2,1
202300012617,21,11,2023,18:22,3,1,1,17,17415,1,3,2,1,1
202300012617,21,11,2023,18:22,3,1,1,17,17415,1,3,2,1,1
202300012618,15,8,2023,14:10,1,1,3,85,85189,1,4,2,1,1
202300012619,7,7,2023,10:40,1,1,3,63,63113,2,4,-1,1,1
202300012619,7,7,2023,10:40,1,1,3,63,63113,2,4,1,1,1
202300012620,2,6,2023,12:50,1,1,3,971,97105,2,2,2,2,1
202300012620,2,6,2023,12:50,1,1,3,971,97105,2,2,2,1,1
202300012621,15,8,2023,16:30,1,1,6,85,85019,2,4,2,2,1
202300012622,27,12,2023,07:20,5,1,2,45,45208,2,4,1,1,1
202300012622,27,12,2023,07:20,5,1,2,45,45208,2,4,-1,1,1
202300012623,21,11,2023,17:50,5,1,6,14,14079,2,3,2,1,2
202300012624,4,7,2023,17:40,1,1,3,63,63113,2,4,1,1,1
202300012624,4,7,2023,17:40,1,1,3,63,63113,2,4,2,1,1
202300012625,15,8,2023,12:45,1,1,6,22,22176,2,3,-1,2,1
202300012625,15,8,2023,12:45,1,1,6,22,22176,2,3,2,2,1
202300012626,27,12,2023,16:15,1,1,3,37,37261,2,4,1,1,1
202300012627,21,11,2023,18:00,5,2,6,14,14118,2,4,2,2,2
202300012628,2,6,2023,16:30,1,1,3,95,95428,2,4,2,2,1
202300012628,2,6,2023,16:30,1,1,3,95,95428,2,4,2,1,1
202300012629,9,6,2023,12:30,1,1,3,59,59009,2,4,2,1,1
202300012630,13,8,2023,17:30,1,1,2,27,27016,2,9,1,1,1
202300012631,26,12,2023,19:30,3,1,3,34,34032,2,4,2,1,1
202300012632,20,11,2023,17:02,2,1,1,14,14327,2,3,3,2,2
202300012633,6,7,2023,20:50,1,1,3,59,59350,2,7,1,1,1
202300012633,6,7,2023,20:50,1,1,3,59,59350,2,7,2,1,1
202300012634,25,12,2023,04:10,5,1,7,31,31555,2,4,1,1,2
202300012635,14,8,2023,18:45,1,1,3,76,76057,2,3,2,2,1
202300012636,2,6,2023,16:40,1,1,3,91,91421,2,4,1,2,1
202300012637,21,11,2023,07:50,1,1,6,13,13054,2,4,2,1,1
202300012638,7,7,2023,12:20,1,1,6,57,57306,2,3,3,1,1
202300012639,12,8,2023,05:23,3,1,7,13,13043,1,1,1,1,1
202300012640,7,7,2023,19:30,1,1,3,57,57660,2,4,2,2,1
202300012641,3,6,2023,00:20,5,1,3,91,91326,2,3,2,2,1
202300012641,3,6,2023,00:20,5,1,3,91,91326,2,3,2,2,1
202300012642,21,11,2023,22:00,5,1,3,13,13211,2,4,2,1,1
202300012642,21,11,2023,22:00,5,1,3,13,13211,2,4,2,1,1
202300012643,27,12,2023,15:20,1,1,4,25,25462,2,2,2,2,1
202300012644,13,8,2023,01:10,3,1,4,95,95018,1,1,3,1,1
202300012645,1,6,2023,17:40,1,1,6,91,91223,2,4,2,1,1
202300012646,21,11,2023,11:50,1,1,6,13,13214,2,4,2,1,1
202300012647,27,12,2023,10:00,1,1,3,13,13201,2,4,1,1,1
202300012648,6,7,2023,12:45,1,1,3,54,54395,2,4,1,1,1
202300012649,13,8,2023,20:00,1,1,2,94,94028,1,1,-1,1,1
202300012650,20,11,2023,15:26,1,1,1,13,13215,2,4,2,1,1
202300012651,2,6,2023,07:51,1,1,2,87,87075,2,4,2,1,1
202300012652,26,12,2023,12:20,1,1,3,13,13202,2,4,2,2,1
202300012653,1,6,2023,16:19,1,3,7,87,87085,2,4,2,2,2
202300012653,1,6,2023,16:19,1,3,7,87,87085,2,4,1,2,2
202300012654,12,8,2023,10:13,1,1,7,988,98818,2,4,2,-1,1
202300012654,12,8,2023,10:13,1,1,7,988,98818,2,4,2,2,1
202300012655,6,7,2023,10:30,1,1,6,54,54395,2,4,1,1,1
202300012655,6,7,2023,10:30,1,1,6,54,54395,2,4,1,1,1
202300012656,11,11,2023,00:35,5,1,3,13,13028,2,4,1,1,1
202300012656,11,11,2023,00:35,5,1,3,13,13028,2,4,3,1,1
202300012657,27,12,2023,16:35,1,1,6,75,75119,2,4,1,1,1
202300012658,29,5,2023,22:43,5,1,3,86,86194,2,4,-1,1,1
202300012658,29,5,2023,22:43,5,1,3,86,86194,2,4,2,1,1
202300012659,12,8,2023,03:55,3,1,6,988,98818,2,4,2,2,1
202300012659,12,8,2023,03:55,3,1,6,988,98818,2,4,2,-1,1
202300012660,20,11,2023,15:15,1,1,6,13,13001,1,3,2,1,1
202300012661,6,7,2023,08:20,1,1,3,54,54395,2,4,1,1,1
202300012662,27,12,2023,21:18,5,2,1,75,75117,2,4,2,1,2
202300012662,27,12,2023,21:18,5,2,1,75,75117,2,4,2,1,2
202300012663,20,11,2023,13:50,1,1,3,11,11069,2,4,2,1,1
202300012664,12,8,2023,10:15,1,1,3,69,69388,2,4,2,1,1
202300012664,12,8,2023,10:15,1,1,3,69,69388,2,4,2,1,1
202300012665,31,5,2023,04:40,5,1,6,86,86194,2,3,2,1,1
202300012665,31,5,2023,04:40,5,1,6,86,86194,2,3,3,1,1
202300012666,26,12,2023,19:15,5,2,7,75,75114,2,4,2,1,2
202300012666,26,12,2023,19:15,5,2,7,75,75114,2,4,1,1,2
202300012667,6,7,2023,12:00,1,1,3,51,51454,2,4,-1,1,1
202300012667,6,7,2023,12:00,1,1,3,51,51454,2,4,-1,1,1
202300012668,20,11,2023,08:50,1,1,6,11,11069,2,4,2,1,1
202300012669,12,8,2023,20:10,5,2,7,972,97213,1,1,3,2,2
202300012670,7,7,2023,22:24,3,1,7,49,49353,2,3,1,2,1
202300012671,2,6,2023,12:30,1,1,3,83,83062,2,4,3,1,1
202300012671,2,6,2023,12:30,1,1,3,83,83062,2,4,-1,1,1
202300012672,27,12,2023,00:05,5,1,1,75,75107,2,4,2,1,1
202300012673,2,6,2023,10:40,1,1,6,83,83137,2,4,-1,1,1
202300012674,12,8,2023,21:53,5,1,2,2B,2B033,2,2,3,1,1
202300012675,20,11,2023,17:24,3,2,4,10,10060,1,3,2,1,2
202300012676,6,7,2023,19:38,1,1,3,49,49246,2,3,2,1,1
202300012677,27,12,2023,06:00,5,1,3,75,75104,2,4,1,1,1
202300012677,27,12,2023,06:00,5,1,3,75,75104,2,4,2,1,1
202300012678,27,5,2023,17:30,1,1,6,83,83061,2,3,2,1,1
202300012679,20,11,2023,18:10,5,2,6,10,10387,2,4,1,1,2
202300012680,6,7,2023,14:35,1,1,3,49,49007,1,3,3,1,1
202300012681,2,6,2023,13:05,1,1,3,78,78418,2,4,1,1,1
202300012681,2,6,2023,13:05,1,1,3,78,78418,2,4,2,1,1
202300012682,12,8,2023,14:20,1,2,3,971,97113,1,2,2,1,2
202300012682,12,8,2023,14:20,1,2,3,971,97113,1,2,2,2,2
202300012683,27,12,2023,21:05,5,2,1,94,94081,2,3,2,1,2
202300012683,27,12,2023,21:05,5,2,1,94,94081,2,3,2,1,2
202300012684,7,7,2023,23:20,5,2,1,47,47031,1,2,2,1,2
202300012685,20,11,2023,12:55,1,1,3,06,06155,2,3,3,1,1
202300012686,2,6,2023,18:15,1,1,3,78,78015,2,4,2,2,1
202300012687,7,7,2023,22:25,4,1,1,45,45298,2,4,2,1,1
202300012688,21,11,2023,08:40,1,2,2,75,75118,2,4,1,1,2
202300012689,2,6,2023,19:01,1,1,7,77,77018,2,4,2,1,1
202300012690,27,12,2023,16:30,1,1,6,93,93005,2,3,2,1,1
202300012691,7,7,2023,05:50,2,1,1,45,45286,2,4,2,1,1
202300012692,12,8,2023,11:00,1,2,2,971,97120,1,2,3,2,2
202300012693,21,11,2023,08:40,1,2,2,75,75116,2,4,1,1,2
202300012694,2,6,2023,15:45,1,7,2,77,77070,1,3,2,1,1
202300012694,2,6,2023,15:45,1,7,2,77,77070,1,3,2,1,1
202300012695,21,11,2023,12:20,1,2,7,75,75106,2,4,1,1,2
202300012696,27,12,2023,12:50,1,1,3,93,93070,2,3,2,1,1
202300012696,27,12,2023,12:50,1,1,3,93,93070,2,3,2,1,1
202300012697,12,8,2023,00:18,5,1,6,971,97101,2,3,2,1,2
202300012698,7,7,2023,11:00,1,1,3,44,44184,2,4,2,4,1
202300012698,7,7,2023,11:00,1,1,3,44,44184,2,4,2,1,1
202300012698,7,7,2023,11:00,1,1,3,44,44184,2,4,2,4,1
202300012699,22,12,2023,18:00,5,9,3,93,93077,2,4,2,2,2
202300012700,20,11,2023,22:33,3,2,6,75,75105,2,4,2,1,2
202300012700,20,11,2023,22:33,3,2,6,75,75105,2,4,2,1,2
202300012701,2,6,2023,13:20,1,1,3,76,76540,2,7,2,1,1
202300012701,2,6,2023,13:20,1,1,3,76,76540,2,7,2,1,1
202300012702,8,7,2023,01:30,5,1,6,44,44109,2,4,2,2,1
202300012703,9,8,2023,00:12,4,1,6,971,97101,1,2,2,1,1
202300012704,21,11,2023,18:50,5,2,6,75,75120,2,4,2,1,2
202300012705,27,12,2023,19:20,5,1,3,93,93048,2,4,2,1,1
202300012705,27,12,2023,19:20,5,1,3,93,93048,2,4,2,1,1
202300012706,1,6,2023,12:50,1,1,2,76,76351,2,4,2,1,1
202300012706,1,6,2023,12:50,1,1,2,76,76351,2,4,2,4,1
202300012707,12,8,2023,18:20,1,1,6,91,91377,2,4,-1,2,1
202300012708,7,7,2023,18:00,1,1,6,44,44109,2,4,1,1,1
202300012709,21,11,2023,13:50,1,1,3,75,75120,2,4,2,1,2
202300012710,13,8,2023,01:15,5,1,7,85,85194,2,4,2,1,1
202300012711,27,12,2023,17:32,5,1,6,93,93074,2,3,2,1,1
202300012712,2,6,2023,23:47,5,1,6,72,72181,2,4,2,1,1
202300012713,21,11,2023,00:15,5,2,6,75,75119,2,4,1,1,2
202300012714,11,8,2023,19:25,1,1,6,83,83129,2,3,3,1,1
202300012715,27,12,2023,14:35,1,1,2,93,93046,2,4,2,1,1
202300012716,7,7,2023,18:39,1,1,2,38,38421,1,2,2,1,1
202300012716,7,7,2023,18:39,1,1,2,38,38421,1,2,1,2,1
202300012717,31,5,2023,17:30,1,1,2,72,72181,1,3,3,1,1
202300012718,21,11,2023,17:30,2,1,3,75,75117,2,4,1,1,1
202300012718,21,11,2023,17:30,2,1,3,75,75117,2,4,2,1,1
202300012719,12,8,2023,20:15,1,1,3,79,79259,1,3,2,1,1
202300012719,12,8,2023,20:15,1,1,3,79,79259,1,3,2,1,1
202300012720,27,12,2023,07:25,5,1,3,93,93078,2,3,2,1,1
202300012720,27,12,2023,07:25,5,1,3,93,93078,2,3,2,1,1
202300012721,7,7,2023,21:00,1,1,2,37,37214,2,4,1,3,1
202300012722,1,6,2023,08:57,1,1,3,72,72181,2,4,3,1,1
202300012723,21,11,2023,09:00,1,2,6,75,75117,2,4,1,1,2
202300012724,12,8,2023,06:25,3,2,3,78,78005,1,2,1,2,2
202300012725,26,12,2023,19:20,5,2,2,92,92072,2,3,3,1,2
202300012726,7,7,2023,11:00,1,1,6,35,35281,2,4,2,1,1
202300012727,1,6,2023,17:15,1,1,1,71,71499,1,4,2,1,1
202300012728,30,11,2023,16:25,1,1,6,92,92026,2,4,2,2,1
202300012729,13,8,2023,01:40,5,1,6,76,76540,2,7,2,1,1
202300012730,21,11,2023,07:40,2,2,3,75,75117,2,4,2,1,2
202300012730,21,11,2023,07:40,2,2,3,75,75117,2,4,1,1,2
202300012731,6,7,2023,17:45,1,1,3,33,33162,2,4,2,1,1
202300012731,6,7,2023,17:45,1,1,3,33,33162,2,4,2,1,1
202300012732,4,1,2023,18:05,3,1,6,74,74250,1,1,3,1,1
202300012733,2,6,2023,16:10,1,1,6,69,69290,2,7,2,1,1
202300012734,12,8,2023,13:30,1,1,7,76,76410,1,1,3,2,1
202300012735,26,12,2023,21:33,5,8,3,92,92007,2,3,2,2,2
202300012736,21,11,2023,09:50,1,2,6,75,75116,2,4,-1,1,2
202300012736,21,11,2023,09:50,1,2,6,75,75116,2,4,1,1,2
202300012737,7,7,2023,02:50,5,1,6,33,33529,2,3,2,1,1
202300012738,2,1,2023,10:45,1,1,1,74,74010,2,3,2,1,1
202300012739,27,12,2023,14:30,1,1,3,92,92004,2,3,1,1,1
202300012740,2,6,2023,11:08,1,1,3,69,69029,2,4,2,1,1
202300012741,11,8,2023,18:05,1,1,6,71,71270,2,4,2,4,1
202300012741,11,8,2023,18:05,1,1,6,71,71270,2,4,-1,1,9
202300012742,21,11,2023,09:35,1,2,2,75,75116,2,4,2,1,2
202300012742,21,11,2023,09:35,1,2,2,75,75116,2,4,1,1,2
202300012743,11,8,2023,16:20,1,1,3,69,69091,1,7,2,1,1
202300012744,21,12,2023,08:15,1,8,6,01,01074,2,3,2,2,2
202300012744,21,12,2023,08:15,1,8,6,01,01074,2,3,2,1,2
202300012745,17,3,2023,16:20,1,1,6,29,29019,2,4,2,1,1
202300012745,17,3,2023,16:20,1,1,6,29,29019,2,4,2,1,1
202300012746,7,7,2023,10:09,1,1,3,15,15014,2,4,2,1,1
202300012747,21,11,2023,09:05,1,2,3,75,75116,2,4,2,1,2
202300012747,21,11,2023,09:05,1,2,3,75,75116,2,4,2,1,2
202300012748,2,6,2023,03:00,5,1,3,69,69276,2,7,2,1,1
202300012748,2,6,2023,03:00,5,1,3,69,69276,2,7,1,2,1
202300012749,11,8,2023,17:14,1,1,3,65,65440,2,3,2,1,1
202300012750,7,7,2023,14:20,1,1,2,13,13117,1,3,3,2,1
202300012751,27,12,2023,10:30,1,1,2,11,11076,1,1,3,1,1
202300012752,21,11,2023,14:20,1,1,3,75,75115,2,4,2,1,2
202300012753,19,3,2023,10:20,1,2,3,988,98818,2,4,2,1,2
202300012753,19,3,2023,10:20,1,2,3,988,98818,2,4,2,1,2