id_accident,jour,mois,annee,heure_minute,luminosite,meteo,type_collision,departement,commune,agglomeration,categorie_route,regime_circulation,profil_route,etat_surface
202300012754,2,6,2023,14:00,1,1,2,64,64445,2,4,2,1,1
202300012755,26,12,2023,13:00,1,1,1,972,97226,2,4,-1,-1,-1
202300012755,26,12,2023,13:00,1,1,1,972,97226,2,4,2,1,1
202300012756,7,7,2023,13:25,1,1,3,13,13103,2,4,1,1,1
202300012757,11,8,2023,08:08,1,1,3,65,65440,2,4,2,1,1
202300012757,11,8,2023,08:08,1,1,3,65,65440,2,4,2,1,1
202300012758,17,3,2023,16:40,1,2,1,976,97611,2,2,2,1,2
202300012759,21,11,2023,13:25,1,2,3,75,75115,2,4,1,1,2
202300012759,21,11,2023,13:25,1,2,3,75,75115,2,4,1,1,2
202300012760,2,6,2023,19:50,1,1,3,64,64024,2,3,1,1,1
202300012761,11,8,2023,17:20,1,1,6,64,64445,2,4,2,1,1
202300012762,28,5,2023,15:45,1,1,6,12,12202,2,4,1,2,1
202300012762,28,5,2023,15:45,1,1,6,12,12202,2,4,1,2,1
202300012763,19,3,2023,04:30,5,1,6,974,97411,1,2,1,1,1
202300012764,27,12,2023,23:50,3,1,7,76,76584,1,1,3,2,1
202300012765,21,11,2023,19:30,5,1,2,75,75114,2,4,-1,1,2
202300012765,21,11,2023,19:30,5,1,2,75,75114,2,4,1,1,2
202300012766,1,6,2023,16:45,1,1,2,64,64102,2,4,2,1,1
202300012767,12,8,2023,14:20,1,1,3,64,64122,2,4,2,2,1
202300012768,6,7,2023,20:45,2,1,3,11,11069,2,4,2,1,1
202300012769,18,3,2023,17:10,1,1,3,973,97302,2,3,2,1,1
202300012770,21,11,2023,09:39,1,2,3,75,75113,2,4,1,1,2
202300012770,21,11,2023,09:39,1,2,3,75,75113,2,4,2,1,2
202300012771,12,8,2023,18:00,1,1,6,62,62160,2,4,1,1,1
202300012772,26,12,2023,16:06,1,8,5,14,14389,1,1,3,1,1
202300012773,7,7,2023,03:45,5,1,3,10,10387,2,4,1,1,1
202300012773,7,7,2023,03:45,5,1,3,10,10387,2,4,2,2,1
202300012774,21,11,2023,09:40,1,2,3,75,75113,2,4,2,1,2
202300012775,18,3,2023,19:27,2,2,4,972,97209,1,3,-1,2,2
202300012776,6,7,2023,22:00,3,2,7,07,07281,1,3,2,2,2
202300012777,24,12,2023,13:20,1,1,6,56,56198,1,3,2,1,1
202300012777,24,12,2023,13:20,1,1,6,56,56198,1,3,2,1,1
202300012778,2,6,2023,16:50,1,1,3,60,60057,2,4,2,2,1
202300012778,2,6,2023,16:50,1,1,3,60,60057,2,4,2,1,1
202300012779,20,11,2023,18:15,5,2,6,75,75112,2,4,1,1,2
202300012779,20,11,2023,18:15,5,2,6,75,75112,2,4,1,1,2
202300012780,7,7,2023,06:32,1,1,6,06,06088,2,6,1,1,1
202300012781,26,12,2023,18:05,5,1,1,2B,2B043,1,3,2,2,1
202300012782,2,6,2023,22:45,5,1,3,59,59378,2,7,2,1,1
202300012782,2,6,2023,22:45,5,1,3,59,59378,2,7,2,1,1
202300012783,12,8,2023,14:15,1,1,6,59,59350,2,4,1,1,1
202300012784,21,11,2023,07:45,2,2,3,75,75110,2,4,1,1,2
202300012784,21,11,2023,07:45,2,2,3,75,75110,2,4,1,1,2
202300012785,28,12,2023,18:25,3,1,1,47,47209,1,3,2,1,1
202300012786,17,3,2023,22:30,5,1,1,972,97209,2,3,2,2,1
202300012786,17,3,2023,22:30,5,1,1,972,97209,2,3,2,1,1
202300012787,1,6,2023,18:20,1,1,6,56,56162,1,4,2,1,1
202300012788,12,8,2023,13:51,1,1,7,56,56121,2,4,2,1,8
202300012789,26,12,2023,11:00,1,1,3,38,38075,1,3,2,1,1
202300012789,26,12,2023,11:00,1,1,3,38,38075,1,3,2,1,1
202300012790,21,11,2023,10:10,1,2,2,75,75108,2,4,2,1,2
202300012790,21,11,2023,10:10,1,2,2,75,75108,2,4,-1,1,2
202300012791,18,3,2023,20:45,5,1,6,69,69385,2,6,-1,1,1
202300012792,1,6,2023,14:12,1,1,3,56,56098,2,4,2,1,1
202300012793,11,8,2023,17:25,1,7,2,54,54167,1,3,2,2,1
202300012794,20,11,2023,16:15,2,1,6,75,75104,2,4,-1,1,1
202300012795,19,3,2023,01:00,5,2,6,95,95572,2,3,2,1,2
202300012796,28,12,2023,08:30,1,8,3,84,84020,1,3,2,2,2
202300012797,2,6,2023,18:40,1,1,2,54,54395,2,4,2,1,1
202300012798,12,8,2023,16:00,1,1,3,51,51454,2,4,-1,2,1
202300012799,21,11,2023,08:12,1,2,3,94,94028,2,3,2,1,2
202300012799,21,11,2023,08:12,1,2,3,94,94028,2,3,3,1,2
202300012800,1,6,2023,14:15,1,1,2,54,54547,1,4,1,1,1
202300012801,18,3,2023,18:15,1,1,2,91,91687,2,4,2,1,1
202300012802,28,12,2023,09:30,1,2,6,03,03138,2,3,1,1,2
202300012802,28,12,2023,09:30,1,2,6,03,03138,2,3,2,1,2
202300012803,12,8,2023,15:50,1,1,3,50,50147,2,4,2,4,1
202300012804,21,11,2023,07:20,2,2,2,94,94028,2,3,1,1,2
202300012805,26,12,2023,17:30,5,1,6,03,03060,2,3,3,1,1
202300012806,17,3,2023,17:00,1,1,2,91,91027,2,4,-1,1,1
202300012807,31,5,2023,18:30,1,7,4,54,54439,2,4,2,1,1
202300012808,12,8,2023,13:28,1,1,3,49,49007,2,4,2,1,1
202300012808,12,8,2023,13:28,1,1,3,49,49007,2,4,2,1,1
202300012809,21,11,2023,13:00,1,2,6,94,94018,2,3,2,1,2
202300012810,17,3,2023,10:40,1,1,2,83,83062,1,3,1,1,1
202300012811,27,12,2023,15:20,1,7,1,15,15163,2,3,2,2,1
202300012811,27,12,2023,15:20,1,7,1,15,15163,2,3,2,1,1
202300012812,31,5,2023,15:55,1,1,2,54,54547,2,4,2,1,1
202300012813,12,8,2023,19:15,1,1,3,44,44109,2,4,2,1,1
202300012814,17,3,2023,17:50,1,1,3,78,78609,1,3,1,1,1
202300012814,17,3,2023,17:50,1,1,3,78,78609,1,3,3,4,1
202300012815,31,5,2023,08:45,1,1,2,54,54498,2,4,2,1,1
202300012816,21,11,2023,19:00,2,1,5,93,93066,2,3,3,1,1
202300012817,28,12,2023,11:54,1,1,1,01,01232,1,3,2,1,1
202300012818,2,6,2023,17:15,1,1,6,54,54323,2,4,2,1,1
202300012819,18,3,2023,17:55,1,2,3,76,76540,2,4,2,1,2
202300012819,18,3,2023,17:55,1,2,3,76,76540,2,4,2,1,2
202300012820,12,8,2023,15:40,1,1,1,35,35238,2,2,2,1,1
202300012820,12,8,2023,15:40,1,1,1,35,35238,2,2,3,1,1
202300012821,28,12,2023,18:14,3,1,6,73,73128,1,4,2,1,1
202300012822,31,5,2023,08:05,1,1,3,52,52125,2,3,2,1,1
202300012823,21,11,2023,17:45,5,2,3,93,93050,2,3,3,1,2
202300012823,21,11,2023,17:45,5,2,3,93,93050,2,3,2,1,2
202300012824,18,3,2023,11:30,1,1,3,69,69199,2,4,2,1,1
202300012824,18,3,2023,11:30,1,1,3,69,69199,2,4,2,1,1
202300012825,7,7,2023,03:40,3,1,7,34,34108,1,3,2,1,1
202300012826,2,6,2023,18:00,1,1,6,51,51454,2,4,2,1,1
202300012827,28,12,2023,07:10,3,1,1,08,08311,1,3,2,2,1
202300012828,17,3,2023,15:50,1,1,3,67,67180,2,4,2,1,1
202300012829,21,11,2023,07:40,2,2,6,93,93031,2,4,2,1,2
202300012829,21,11,2023,07:40,2,2,6,93,93031,2,4,2,1,2
202300012830,2,6,2023,16:20,1,1,2,51,51454,2,4,2,1,1
202300012831,12,8,2023,20:50,1,1,3,33,33522,2,4,2,1,1
202300012831,12,8,2023,20:50,1,1,3,33,33522,2,4,1,1,1
202300012832,18,3,2023,15:40,1,1,3,64,64348,2,4,2,1,1
202300012833,28,12,2023,16:00,1,1,3,08,08457,2,4,2,1,1
202300012834,2,6,2023,17:25,1,1,3,51,51454,2,4,2,2,1
202300012835,12,8,2023,18:00,1,1,3,32,32013,1,2,-1,3,1
202300012836,21,11,2023,14:37,1,2,2,93,93027,2,3,2,1,2
202300012836,21,11,2023,14:37,1,2,2,93,93027,2,3,2,1,2
202300012837,18,3,2023,12:00,1,1,3,64,64237,2,4,2,1,1
202300012837,18,3,2023,12:00,1,1,3,64,64237,2,4,2,1,1
202300012838,26,12,2023,17:40,5,1,1,35,35189,2,4,2,1,1
202300012839,12,8,2023,23:10,5,1,1,31,31555,2,4,2,1,1
202300012840,2,6,2023,13:50,1,1,4,51,51454,2,4,1,2,1
202300012841,18,3,2023,18:55,1,2,1,64,64102,2,3,2,1,2
202300012842,25,12,2023,16:00,2,1,6,01,01032,1,1,3,2,1
202300012843,21,11,2023,08:52,1,2,3,93,93072,2,3,2,1,2
202300012843,21,11,2023,08:52,1,2,3,93,93072,2,3,1,1,2
202300012844,12,8,2023,19:30,1,1,3,31,31555,2,7,2,1,1
202300012845,27,12,2023,19:30,5,1,6,987,98724,2,2,2,1,1
202300012846,17,3,2023,16:50,1,1,3,64,64140,2,4,2,1,1
202300012846,17,3,2023,16:50,1,1,3,64,64140,2,4,2,1,1
202300012847,21,11,2023,07:30,3,2,6,93,93047,2,4,2,1,2
202300012847,21,11,2023,07:30,3,2,6,93,93047,2,4,2,1,2
202300012848,12,8,2023,02:25,5,1,3,31,31555,2,4,2,1,1
202300012849,2,6,2023,07:40,1,1,2,49,49099,2,3,3,2,1
202300012849,2,6,2023,07:40,1,1,2,49,49099,2,3,2,1,1
202300012850,18,3,2023,14:10,1,1,3,54,54395,2,4,1,1,1
202300012850,18,3,2023,14:10,1,1,3,54,54395,2,4,1,1,1
202300012851,25,12,2023,21:10,3,2,6,987,98747,1,2,2,1,2
202300012852,21,11,2023,18:00,5,2,6,93,93007,2,4,2,1,2
202300012853,11,8,2023,03:00,5,1,7,28,28134,2,4,1,1,1
202300012854,1,6,2023,14:00,1,1,2,49,49007,1,3,3,1,1
202300012855,21,11,2023,19:00,3,2,7,93,93055,2,3,2,1,2
202300012856,18,3,2023,22:30,5,1,1,37,37195,2,4,2,1,1
202300012857,27,12,2023,21:30,3,1,7,988,98802,1,3,2,1,1
202300012858,11,8,2023,20:10,1,2,3,27,27681,2,4,2,2,2
202300012858,11,8,2023,20:10,1,2,3,27,27681,2,4,-1,2,2
202300012859,2,6,2023,10:40,1,1,3,49,49007,2,4,4,1,1
202300012859,2,6,2023,10:40,1,1,3,49,49007,2,4,4,1,1
202300012860,18,3,2023,16:25,1,8,2,29,29019,2,4,-1,1,1
202300012861,2,8,2023,13:10,1,1,7,18,18279,2,4,2,1,2
202300012862,23,12,2023,15:40,1,1,6,973,97304,2,3,2,1,1
202300012863,1,6,2023,21:47,2,1,7,49,49007,2,3,3,1,1
202300012864,21,11,2023,15:15,5,1,3,92,92078,2,4,1,1,1
202300012865,18,3,2023,16:30,1,1,6,25,25462,2,4,1,2,1
202300012866,12,8,2023,15:40,1,8,6,18,18033,2,4,1,1,1
202300012867,1,6,2023,16:34,1,1,6,49,49246,1,3,2,1,1
202300012868,22,12,2023,21:15,5,1,1,971,97128,1,4,2,2,1
202300012869,21,11,2023,08:00,1,2,3,92,92075,2,3,2,3,2
202300012870,17,3,2023,13:15,1,1,6,21,21054,2,4,-1,1,1
202300012870,17,3,2023,13:15,1,1,6,21,21054,2,4,1,1,1
202300012871,10,8,2023,15:10,1,1,3,18,18033,2,4,2,1,1
202300012871,10,8,2023,15:10,1,1,3,18,18033,2,4,1,1,1
202300012872,2,6,2023,12:10,1,1,2,44,44184,2,4,2,1,1
202300012873,19,12,2023,11:30,1,1,7,30,30211,2,3,2,1,1
202300012873,19,12,2023,11:30,1,1,7,30,30211,2,3,2,1,1
202300012874,18,3,2023,07:17,1,1,1,18,18279,1,3,2,2,8
202300012875,21,11,2023,12:30,1,2,3,92,92063,2,3,2,2,2
202300012875,21,11,2023,12:30,1,2,3,92,92063,2,3,1,1,2
202300012876,12,8,2023,10:50,1,2,3,17,17415,2,3,2,1,2
202300012876,12,8,2023,10:50,1,2,3,17,17415,2,3,1,1,2
202300012877,17,3,2023,17:55,1,1,4,17,17415,2,4,2,2,1
202300012878,21,11,2023,08:55,1,2,6,92,92048,2,3,-1,2,2
202300012879,27,12,2023,16:05,1,7,1,84,84003,1,3,2,1,2
202300012880,20,11,2023,00:35,5,1,6,92,92036,2,3,3,1,1
202300012881,2,6,2023,15:20,1,1,2,43,43157,1,3,2,2,1
202300012881,2,6,2023,15:20,1,1,2,43,43157,1,3,2,2,1
202300012882,18,3,2023,01:35,5,1,2,13,13212,2,4,2,1,1
202300012882,18,3,2023,01:35,5,1,2,13,13212,2,4,2,1,1
202300012883,28,12,2023,12:05,1,1,1,13,13022,2,3,2,2,1
202300012884,21,11,2023,19:27,5,2,6,92,92012,2,3,1,1,2
202300012885,18,3,2023,23:12,5,8,7,10,10081,2,4,2,1,2
202300012886,2,6,2023,11:10,1,1,2,38,38516,2,7,2,1,1
202300012886,2,6,2023,11:10,1,1,2,38,38516,2,7,2,1,1
202300012887,21,11,2023,14:00,1,1,6,92,92012,2,3,2,1,1
202300012888,18,3,2023,18:10,1,1,6,05,05061,1,4,2,2,1
202300012889,21,11,2023,14:10,1,2,1,92,92004,2,3,-1,1,2
202300012890,15,3,2023,17:10,1,1,6,75,75113,2,4,2,2,1
202300012890,15,3,2023,17:10,1,1,6,75,75113,2,4,1,1,1
202300012891,2,6,2023,14:24,1,1,3,37,37261,2,4,1,1,1
202300012891,2,6,2023,14:24,1,1,3,37,37261,2,4,1,1,1
202300012892,27,12,2023,21:30,3,6,6,14,14658,1,3,2,1,2
202300012893,21,11,2023,08:52,1,2,3,92,92009,2,4,-1,1,2
202300012893,21,11,2023,08:52,1,2,3,92,92009,2,4,-1,1,2
202300012894,18,3,2023,11:06,1,1,6,75,75120,2,4,1,1,1
202300012894,18,3,2023,11:06,1,1,6,75,75120,2,4,2,2,1
202300012895,1,6,2023,16:30,1,1,3,37,37233,2,4,2,1,1
202300012896,19,12,2023,14:45,1,2,6,56,56178,2,4,2,1,2
202300012897,18,3,2023,07:01,1,1,3,75,75104,2,4,1,1,2
202300012897,18,3,2023,07:01,1,1,3,75,75104,2,4,2,1,2
202300012898,24,12,2023,13:15,1,8,2,22,22067,1,3,2,2,1
202300012899,2,6,2023,11:30,1,1,3,35,35238,2,4,1,1,1
202300012899,2,6,2023,11:30,1,1,3,35,35238,2,4,2,1,1
202300012900,21,11,2023,15:15,1,2,3,63,63345,1,3,2,1,2
202300012900,21,11,2023,15:15,1,2,3,63,63345,1,3,2,1,2
202300012901,18,3,2023,17:15,1,1,3,75,75117,2,4,2,1,1
202300012901,18,3,2023,17:15,1,1,3,75,75117,2,4,2,1,1
202300012902,28,12,2023,12:25,1,1,3,59,59029,2,4,2,1,1
202300012903,1,6,2023,08:23,1,1,1,34,34301,2,4,2,1,1
202300012904,22,11,2023,03:00,5,1,1,976,97610,2,2,2,2,1
202300012905,18,3,2023,11:45,1,1,6,75,75116,2,4,2,1,1
202300012906,27,12,2023,13:25,1,7,2,33,33249,1,1,3,1,1
202300012907,18,3,2023,01:25,5,1,3,75,75116,2,4,2,2,1
202300012907,18,3,2023,01:25,5,1,3,75,75116,2,4,1,1,1
202300012908,1,8,2023,16:10,1,1,3,01,01325,1,3,2,1,1
202300012908,1,8,2023,16:10,1,1,3,01,01325,1,3,2,3,1
202300012909,2,6,2023,21:10,2,1,1,33,33281,2,4,2,1,1
202300012910,21,11,2023,19:40,3,1,7,67,67535,1,3,2,2,2
202300012911,17,3,2023,22:00,5,2,2,75,75116,2,4,1,1,2
202300012911,17,3,2023,22:00,5,2,2,75,75116,2,4,-1,1,2
202300012912,26,12,2023,09:49,1,1,4,59,59560,1,1,-1,1,1
202300012913,23,10,2023,18:35,2,1,1,06,06149,2,7,2,1,1
202300012914,18,3,2023,19:20,5,1,3,75,75112,2,4,2,1,1
202300012915,26,12,2023,12:50,1,1,2,78,78402,1,1,1,1,1
202300012916,18,3,2023,13:30,1,1,3,75,75112,2,4,2,1,1
202300012917,22,11,2023,09:40,1,1,3,31,31022,2,7,2,1,1
202300012918,26,12,2023,04:40,3,1,6,93,93064,1,1,1,2,1
202300012919,18,3,2023,03:20,5,1,3,75,75111,2,4,2,1,2
202300012919,18,3,2023,03:20,5,1,3,75,75111,2,4,2,1,2
202300012920,20,11,2023,18:30,3,2,3,68,68295,2,3,2,1,2
202300012920,20,11,2023,18:30,3,2,3,68,68295,2,3,2,1,2
202300012921,18,3,2023,10:20,1,1,6,75,75109,2,4,1,1,1
202300012922,27,12,2023,03:45,3,1,5,77,77175,1,1,-1,1,1
202300012923,22,11,2023,15:30,1,1,3,83,83086,1,3,3,1,1
202300012924,17,3,2023,21:55,5,2,3,75,75108,2,4,2,1,2
202300012925,28,6,2023,07:10,1,1,6,32,32382,1,3,2,1,1
202300012926,22,11,2023,07:30,2,9,2,58,58261,1,3,2,3,2
202300012927,18,3,2023,15:45,1,2,1,94,94044,2,3,2,1,2
202300012928,25,12,2023,12:00,1,1,6,974,97407,2,4,2,1,1
202300012929,18,3,2023,10:15,1,1,6,94,94052,2,4,1,2,1
202300012930,17,9,2023,19:05,2,1,3,75,75120,2,4,1,1,1
202300012931,17,3,2023,14:20,1,1,3,94,94079,2,4,3,1,1
202300012932,18,9,2023,20:20,5,2,3,75,75119,2,4,3,1,2
202300012932,18,9,2023,20:20,5,2,3,75,75119,2,4,2,1,2
202300012933,26,12,2023,11:10,1,1,1,973,97302,2,4,2,2,1
202300012934,18,3,2023,12:42,1,1,6,94,94076,2,4,-1,1,1
202300012935,17,9,2023,22:30,5,2,2,75,75119,2,4,1,1,2
202300012935,17,9,2023,22:30,5,2,2,75,75119,2,4,1,1,2
202300012936,18,3,2023,13:50,1,1,3,94,94028,2,4,3,1,1
202300012937,26,12,2023,00:20,5,1,3,973,97302,1,2,1,1,1
202300012938,18,9,2023,08:40,1,8,6,75,75118,2,4,2,1,1
202300012939,18,3,2023,19:32,5,2,7,92,92073,2,3,3,2,2
202300012940,18,9,2023,08:00,1,1,3,75,75118,2,4,2,1,1
202300012940,18,9,2023,08:00,1,1,3,75,75118,2,4,1,1,1
202300012941,18,3,2023,20:35,5,1,3,92,92049,2,3,2,1,1
202300012941,18,3,2023,20:35,5,1,3,92,92049,2,3,1,1,1
202300012942,25,12,2023,21:23,5,1,3,973,97302,2,3,-1,1,1
202300012943,18,9,2023,17:05,1,2,6,75,75117,2,4,3,1,2
202300012943,18,9,2023,17:05,1,2,6,75,75117,2,4,1,1,2
202300012944,18,3,2023,14:00,1,1,6,92,92044,2,4,1,1,1
202300012945,25,12,2023,19:57,5,1,6,973,97302,2,4,2,1,1
202300012946,17,9,2023,13:30,1,1,3,75,75116,2,4,1,1,1
202300012947,19,3,2023,06:05,3,5,6,80,80047,1,3,2,3,2
202300012948,18,9,2023,10:30,1,1,6,75,75115,2,4,1,1,1
202300012948,18,9,2023,10:30,1,1,6,75,75115,2,4,1,1,1
202300012949,18,3,2023,11:45,1,1,2,2A,2A064,1,2,2,1,1
202300012950,26,12,2023,12:40,1,1,6,972,97209,1,4,1,2,1
202300012950,26,12,2023,12:40,1,1,6,972,97209,1,4,-1,-1,-1
202300012951,18,9,2023,09:20,1,1,5,75,75115,2,4,1,1,1
202300012951,18,9,2023,09:20,1,1,5,75,75115,2,4,1,1,1
202300012952,19,3,2023,11:30,1,1,3,42,42120,1,3,2,1,1
202300012952,19,3,2023,11:30,1,1,3,42,42120,1,3,2,2,1
202300012953,25,12,2023,21:30,5,1,1,972,97209,2,2,3,1,1
202300012954,18,3,2023,22:50,3,2,6,31,31480,1,3,2,1,2
202300012955,18,9,2023,13:30,1,1,3,75,75111,2,4,3,1,1
202300012955,18,9,2023,13:30,1,1,3,75,75111,2,4,1,2,1
202300012956,26,12,2023,20:10,5,1,6,69,69202,2,7,3,1,7
202300012956,26,12,2023,20:10,5,1,6,69,69202,2,7,3,1,7
202300012957,18,3,2023,19:30,5,1,7,974,97422,2,4,2,2,1
202300012958,18,9,2023,17:53,1,1,6,75,75110,2,4,1,1,1
202300012958,18,9,2023,17:53,1,1,6,75,75110,2,4,2,1,1
202300012959,16,3,2023,20:15,3,1,6,972,97207,1,2,2,1,1
202300012960,9,9,2023,21:55,5,1,6,94,94081,2,3,1,1,1
202300012961,26,12,2023,04:31,5,1,7,971,97120,2,3,2,1,1
202300012962,18,9,2023,14:45,1,1,2,94,94078,2,2,3,1,1
202300012963,19,3,2023,15:30,1,1,1,58,58270,1,3,2,1,1
202300012964,25,12,2023,19:45,5,1,1,971,97105,2,4,2,2,1
202300012965,19,3,2023,10:08,1,2,6,87,87014,1,1,3,1,2
202300012966,17,9,2023,22:05,5,2,2,94,94074,2,2,3,1,2
202300012967,18,3,2023,15:30,1,3,1,34,34095,1,7,2,2,2
202300012968,17,9,2023,10:10,1,1,3,94,94011,2,3,-1,1,1
202300012969,18,3,2023,00:30,3,1,6,19,19110,1,3,2,3,1
202300012970,25,12,2023,15:00,1,1,3,971,97105,2,4,-1,1,1
202300012970,25,12,2023,15:00,1,1,3,971,97105,2,4,1,1,1
202300012971,18,9,2023,00:00,5,2,6,94,94081,2,3,-1,1,2
202300012972,19,3,2023,13:50,1,1,6,56,56090,2,3,2,1,1
202300012973,26,12,2023,21:35,3,1,6,91,91223,1,3,2,1,2
202300012974,18,9,2023,02:09,5,1,3,93,93066,2,3,3,1,2
202300012975,29,1,2023,04:00,3,1,6,56,56123,2,4,2,1,1
202300012976,26,12,2023,04:45,5,1,2,87,87085,2,4,-1,1,1
202300012976,26,12,2023,04:45,5,1,2,87,87085,2,4,2,2,1
202300012977,18,9,2023,12:20,1,1,3,93,93066,2,4,2,1,1
202300012977,18,9,2023,12:20,1,1,3,93,93066,2,4,2,1,1
202300012978,18,3,2023,16:20,1,1,1,76,76302,2,6,2,1,1
202300012979,24,12,2023,19:30,5,1,6,78,78172,2,4,2,1,1
202300012980,17,9,2023,17:30,1,1,3,93,93051,2,4,1,1,1
202300012981,18,3,2023,16:45,1,1,1,2B,2B219,2,3,2,2,1
202300012982,19,3,2023,11:10,1,2,6,65,65442,1,3,2,2,2
202300012983,18,9,2023,18:00,1,8,3,93,93029,2,3,2,1,1
202300012984,26,12,2023,12:15,1,1,3,76,76351,2,4,2,2,1
202300012984,26,12,2023,12:15,1,1,3,76,76351,2,4,2,1,1
202300012985,19,3,2023,12:40,1,2,3,25,25212,2,4,2,1,2
202300012986,17,9,2023,13:30,1,1,6,93,93027,2,3,2,1,1
202300012987,26,12,2023,02:20,5,1,7,76,76351,2,4,2,1,1
202300012988,18,9,2023,11:05,1,1,6,92,92051,2,3,1,1,1
202300012989,22,12,2023,20:40,3,1,6,76,76270,1,3,3,1,1
202300012990,15,3,2023,13:05,1,1,5,35,35230,1,3,2,1,1
202300012990,15,3,2023,13:05,1,1,5,35,35230,1,3,2,2,1
202300012991,18,9,2023,15:10,1,1,2,92,92044,2,3,1,2,1
202300012992,18,3,2023,20:20,3,1,6,29,29300,1,3,2,1,1
202300012993,22,12,2023,20:15,5,2,3,76,76305,2,4,2,1,2
202300012994,18,9,2023,07:55,1,1,3,92,92044,2,4,1,1,1
202300012994,18,9,2023,07:55,1,1,3,92,92044,2,4,1,1,1
202300012995,18,3,2023,20:53,5,1,1,38,38022,1,3,2,1,1
202300012996,18,9,2023,09:20,1,1,6,92,92062,2,3,1,1,1
202300012997,25,12,2023,18:05,5,1,3,74,74298,2,4,2,1,1
202300012997,25,12,2023,18:05,5,1,3,74,74298,2,4,2,1,1
202300012998,18,9,2023,12:40,1,1,3,92,92026,2,3,2,1,1
202300012999,18,3,2023,20:55,3,1,6,01,01319,1,3,2,4,1
202300013000,25,12,2023,18:40,3,1,6,74,74010,2,3,2,2,1
202300013000,25,12,2023,18:40,3,1,6,74,74010,2,3,-1,1,1
202300013001,18,9,2023,15:15,1,8,4,92,92014,2,3,2,1,2
202300013001,18,9,2023,15:15,1,8,4,92,92014,2,3,1,1,2
202300013002,26,12,2023,11:05,1,1,6,73,73011,2,4,2,1,1
202300013003,18,3,2023,17:35,1,1,6,45,45040,2,4,2,1,2
202300013003,18,3,2023,17:35,1,1,6,45,45040,2,4,2,1,2
202300013004,18,9,2023,06:35,3,1,2,35,35136,1,3,2,1,1
202300013005,25,12,2023,20:05,5,1,1,69,69290,2,7,2,1,1
202300013006,18,3,2023,11:30,1,1,2,10,10287,1,3,2,1,1
202300013007,19,9,2023,07:10,2,1,1,47,47272,1,2,2,1,2
202300013008,26,12,2023,17:45,5,1,6,66,66136,2,4,2,2,1
202300013009,19,9,2023,07:00,2,1,1,45,45247,1,4,2,1,1
202300013010,19,3,2023,00:45,3,2,7,16,16380,1,3,2,4,2
202300013011,18,3,2023,15:15,1,3,6,24,24038,1,3,2,1,2
202300013012,15,9,2023,18:00,1,1,3,68,68295,1,3,2,1,1
202300013012,15,9,2023,18:00,1,1,3,68,68295,1,3,2,1,1
202300013013,17,9,2023,18:40,1,1,6,14,14061,1,3,2,1,1
202300013014,26,12,2023,10:30,1,1,4,66,66136,2,4,2,1,1
202300013015,19,9,2023,17:45,1,1,6,42,42322,1,7,2,2,1
202300013016,19,3,2023,15:15,1,2,3,21,21423,1,1,1,1,2
202300013017,26,12,2023,10:30,1,1,6,66,66136,2,6,-1,1,1
202300013018,19,9,2023,06:10,3,1,2,08,08027,1,1,2,1,1
202300013019,18,3,2023,01:30,3,1,7,988,98819,1,3,2,1,1
202300013020,17,9,2023,20:51,5,1,7,51,51629,2,3,2,1,1
202300013021,26,12,2023,11:53,1,1,2,64,64483,2,3,3,1,1
202300013022,18,9,2023,09:25,1,1,3,56,56261,1,3,3,1,1
202300013022,18,9,2023,09:25,1,1,3,56,56261,1,3,2,1,1
202300013023,19,3,2023,15:30,1,1,3,973,97305,1,2,2,1,1
202300013023,19,3,2023,15:30,1,1,3,973,97305,1,2,2,1,1
202300013024,26,12,2023,18:15,3,1,2,64,64284,1,2,2,1,1
202300013025,18,9,2023,17:30,1,1,1,56,56212,1,3,2,1,1
202300013026,18,3,2023,17:25,1,2,6,33,33245,1,3,2,2,2
202300013027,19,3,2023,03:00,3,1,6,33,33214,1,3,2,2,1
202300013028,18,9,2023,17:40,1,1,3,79,79293,1,3,2,2,1
202300013028,18,9,2023,17:40,1,1,3,79,79293,1,3,2,4,1
202300013029,26,12,2023,00:45,5,1,3,64,64024,2,4,2,1,1
202300013029,26,12,2023,00:45,5,1,3,64,64024,2,4,1,1,1
202300013030,19,3,2023,06:15,3,2,1,28,28363,1,3,2,1,2
202300013031,18,9,2023,16:25,1,1,1,82,82182,1,3,2,3,1
202300013032,17,3,2023,13:45,1,1,1,45,45155,2,4,2,1,1
202300013033,26,12,2023,13:00,1,2,1,56,56162,2,3,2,2,2
202300013034,19,9,2023,17:10,1,1,3,65,65363,1,3,2,1,1
202300013034,19,9,2023,17:10,1,1,3,65,65363,1,3,2,1,1
202300013035,19,3,2023,01:30,3,1,6,30,30211,2,3,2,1,1
202300013036,18,9,2023,19:26,1,1,6,65,65069,2,4,2,2,1
202300013037,18,3,2023,17:15,1,1,3,70,70046,1,3,2,1,1
202300013037,18,3,2023,17:15,1,1,3,70,70046,1,3,2,1,1
202300013038,19,9,2023,11:55,1,1,7,71,71154,1,4,2,1,1
202300013039,24,12,2023,15:05,1,1,7,56,56121,2,3,2,1,1
202300013040,18,3,2023,18:22,2,1,6,67,67529,1,4,2,1,1
202300013041,19,9,2023,17:44,2,7,6,71,71014,2,4,1,1,1