id_accident,jour,mois,annee,heure_minute,luminosite,meteo,type_collision,departement,commune,agglomeration,categorie_route,regime_circulation,profil_route,etat_surface
202300013042,18,3,2023,22:30,3,1,7,01,01211,1,3,2,1,1
202300013043,19,9,2023,11:15,1,1,6,42,42034,1,3,2,2,1
202300013044,17,3,2023,23:36,3,1,7,17,17058,2,4,2,1,1
202300013044,17,3,2023,23:36,3,1,7,17,17058,2,4,2,1,-1
202300013045,18,9,2023,13:45,1,1,3,41,41164,2,3,2,1,1
202300013045,18,9,2023,13:45,1,1,3,41,41164,2,3,2,-1,-1
202300013046,18,3,2023,06:15,3,1,6,33,33175,1,3,2,1,1
202300013047,17,9,2023,01:17,5,1,6,31,31033,2,3,2,1,1
202300013048,18,3,2023,10:00,1,2,3,72,72264,2,3,2,1,2
202300013049,19,3,2023,11:30,1,1,7,35,35360,1,3,2,1,1
202300013050,15,9,2023,22:00,5,1,6,02,02328,2,4,2,4,1
202300013051,28,2,2023,14:30,1,1,3,60,60141,2,4,1,1,1
202300013052,19,9,2023,17:05,1,1,3,02,02215,2,3,2,1,1
202300013052,19,9,2023,17:05,1,1,3,02,02215,2,3,2,1,1
202300013053,19,3,2023,16:50,1,1,7,59,59660,1,7,2,1,1
202300013054,18,3,2023,19:20,2,1,6,13,13026,1,1,-1,1,1
202300013055,18,9,2023,16:45,1,1,4,14,14578,1,3,2,1,1
202300013055,18,9,2023,16:45,1,1,4,14,14578,1,3,2,1,1
202300013056,18,9,2023,05:45,3,2,7,90,90033,2,4,2,2,2
202300013057,18,3,2023,13:30,1,1,5,33,33249,1,1,3,3,1
202300013058,19,9,2023,12:55,1,1,6,09,09189,1,2,2,1,1
202300013059,18,3,2023,16:10,1,1,3,91,91286,1,1,-1,1,1
202300013060,16,9,2023,14:15,1,1,2,45,45296,1,3,2,1,1
202300013061,18,3,2023,13:20,1,1,2,91,91689,1,1,1,2,1
202300013062,16,9,2023,12:00,1,1,7,73,73229,1,3,2,1,1
202300013062,16,9,2023,12:00,1,1,7,73,73229,1,3,2,2,1
202300013063,18,3,2023,10:20,1,1,7,91,91319,1,1,1,2,1
202300013064,19,9,2023,13:30,1,1,6,10,10054,1,3,2,1,1
202300013065,18,3,2023,09:05,1,1,7,91,91037,1,1,3,1,1
202300013066,18,9,2023,12:20,1,1,3,16,16208,1,3,2,1,1
202300013066,18,9,2023,12:20,1,1,3,16,16208,1,3,2,1,1
202300013067,17,3,2023,23:45,3,1,7,91,91103,1,2,1,1,2
202300013068,19,9,2023,13:30,1,1,2,85,85018,1,3,2,1,1
202300013069,18,3,2023,00:01,3,1,7,91,91136,1,1,1,2,2
202300013070,18,3,2023,16:05,1,1,3,92,92025,1,1,-1,1,1
202300013071,18,9,2023,17:29,1,1,1,27,27665,1,3,2,1,1
202300013071,18,9,2023,17:29,1,1,1,27,27665,1,3,2,1,1
202300013072,18,3,2023,09:30,1,1,6,92,92072,1,2,-1,1,1
202300013073,19,9,2023,08:10,1,1,5,30,30184,1,3,-1,1,1
202300013074,19,9,2023,11:30,1,1,3,06,06152,1,3,3,1,1
202300013075,18,3,2023,09:00,5,1,2,92,92063,1,1,1,1,1
202300013076,19,9,2023,10:34,1,1,2,33,33227,1,1,3,1,1
202300013077,18,2,2023,05:15,3,1,6,78,78423,1,1,-1,1,2
202300013078,18,3,2023,22:23,3,1,2,78,78238,1,1,1,1,1
202300013079,19,9,2023,10:10,1,1,4,69,69003,2,7,2,1,1
202300013080,17,3,2023,20:55,3,8,4,78,78238,1,1,-1,1,2
202300013081,3,9,2023,04:50,3,1,2,13,13018,1,1,3,1,1
202300013082,18,9,2023,17:30,1,1,3,34,34202,1,3,2,1,1
202300013083,18,3,2023,12:10,1,1,2,93,93007,1,1,3,1,1
202300013084,18,9,2023,18:20,1,1,3,77,77171,2,3,2,2,1
202300013085,18,3,2023,07:45,1,8,6,93,93078,1,1,-1,1,2
202300013086,15,9,2023,07:30,2,1,6,66,66230,2,3,2,1,1
202300013086,15,9,2023,07:30,2,1,6,66,66230,2,3,2,1,1
202300013087,18,3,2023,04:45,3,2,6,93,93005,1,1,1,2,2
202300013088,18,3,2023,02:00,3,8,6,95,95277,1,1,3,1,1
202300013089,19,9,2023,16:03,1,1,6,11,11076,2,3,2,1,1
202300013090,9,9,2023,14:40,1,1,6,04,04152,1,4,2,4,1
202300013091,18,3,2023,01:30,3,9,6,93,93005,1,1,3,1,2
202300013092,18,3,2023,06:50,2,2,2,94,94028,1,1,-1,1,2
202300013093,14,9,2023,19:00,2,1,1,13,13051,1,3,2,1,1
202300013093,14,9,2023,19:00,2,1,1,13,13051,1,3,2,1,1
202300013094,16,3,2023,14:35,1,7,6,45,45004,2,4,2,2,1
202300013095,18,9,2023,06:15,3,1,6,52,52227,1,3,2,2,2
202300013096,15,3,2023,18:00,2,1,6,06,06027,2,4,2,1,1
202300013097,17,9,2023,13:45,1,1,3,38,38298,2,2,1,1,1
202300013097,17,9,2023,13:45,1,1,3,38,38298,2,2,1,1,1
202300013098,17,3,2023,18:30,1,1,7,974,97411,2,4,2,2,1
202300013099,19,9,2023,16:30,1,1,1,69,69014,1,3,2,2,1
202300013099,19,9,2023,16:30,1,1,1,69,69014,1,3,2,2,1
202300013100,19,9,2023,09:25,1,7,6,31,31395,2,4,2,1,1
202300013101,17,3,2023,14:55,1,1,1,974,97411,2,4,2,2,1
202300013102,18,9,2023,11:10,1,1,2,79,79081,1,3,3,1,1
202300013103,17,3,2023,11:51,1,1,3,972,97213,2,4,2,2,1
202300013104,18,9,2023,07:35,1,1,3,33,33438,2,3,2,1,1
202300013105,17,3,2023,11:05,1,1,3,69,69382,2,4,1,1,1
202300013105,17,3,2023,11:05,1,1,3,69,69382,2,4,1,1,1
202300013106,18,9,2023,21:15,3,1,7,44,44052,1,3,2,1,1
202300013107,16,3,2023,07:35,1,1,2,69,69034,2,4,2,2,1
202300013108,16,9,2023,21:45,5,1,7,22,22093,2,4,2,1,1
202300013109,25,8,2023,17:00,1,1,7,59,59053,1,3,3,1,1
202300013110,16,3,2023,06:50,1,1,3,971,97113,1,2,2,1,1
202300013111,17,3,2023,17:35,1,1,6,95,95680,2,4,2,1,1
202300013112,15,9,2023,17:50,1,1,4,54,54197,1,1,3,2,1
202300013113,17,3,2023,09:00,1,1,6,91,91421,2,3,2,1,1
202300013114,18,9,2023,19:39,1,1,6,33,33192,1,1,3,1,2
202300013115,17,3,2023,20:35,5,3,3,91,91687,2,4,2,1,2
202300013115,17,3,2023,20:35,5,3,3,91,91687,2,4,2,1,2
202300013116,14,9,2023,22:10,3,1,6,59,59082,1,2,3,1,1
202300013117,16,3,2023,16:35,1,1,6,91,91433,2,3,2,1,1
202300013118,15,9,2023,18:05,1,1,7,59,59124,1,1,3,1,1
202300013119,17,3,2023,19:00,5,1,1,84,84035,2,4,1,1,1
202300013119,17,3,2023,19:00,5,1,1,84,84035,2,4,2,1,1
202300013120,18,9,2023,08:49,1,1,3,91,91345,1,1,1,1,1
202300013121,16,3,2023,11:10,1,1,3,78,78551,1,2,2,1,1
202300013121,16,3,2023,11:10,1,1,3,78,78551,1,2,2,1,1
202300013122,18,9,2023,17:10,1,2,5,92,92050,1,1,1,1,2
202300013123,15,3,2023,06:00,3,1,3,77,77373,1,2,3,1,1
202300013124,17,9,2023,18:00,1,1,2,92,92036,1,1,-1,1,1
202300013125,17,3,2023,11:55,1,1,1,77,77384,1,3,2,1,1
202300013126,17,9,2023,00:38,3,1,3,92,92048,1,2,3,3,1
202300013127,16,9,2023,17:00,1,1,2,78,78321,1,2,3,1,1
202300013128,18,9,2023,18:00,1,1,4,93,93063,1,1,3,1,1
202300013129,17,3,2023,19:00,2,1,3,76,76157,2,7,2,2,1
202300013129,17,3,2023,19:00,2,1,3,76,76157,2,7,2,1,1
202300013130,18,9,2023,08:00,1,1,2,95,95582,1,1,3,1,1
202300013131,16,3,2023,16:25,1,1,3,76,76351,2,4,1,1,1
202300013131,16,3,2023,16:25,1,1,3,76,76351,2,4,1,1,1
202300013132,18,9,2023,08:30,1,1,3,93,93008,1,1,3,1,1
202300013133,17,3,2023,07:25,2,1,1,72,72181,2,4,3,1,1
202300013133,17,3,2023,07:25,2,1,1,72,72181,2,4,2,1,1
202300013134,18,9,2023,07:30,1,1,3,93,93064,1,1,3,1,1
202300013135,17,3,2023,09:45,1,1,2,71,71306,2,4,2,1,1
202300013136,17,9,2023,03:30,5,1,2,93,93027,1,1,3,1,1
202300013137,17,3,2023,16:00,1,1,6,69,69264,2,4,1,1,1
202300013138,18,9,2023,14:20,1,1,2,77,77468,1,1,3,2,1
202300013139,16,3,2023,12:30,1,1,3,67,67482,2,4,1,1,1
202300013140,18,9,2023,10:00,1,1,3,94,94017,1,1,-1,1,1
202300013141,16,3,2023,18:42,2,1,1,66,66136,2,4,2,1,1
202300013141,16,3,2023,18:42,2,1,1,66,66136,2,4,2,1,1
202300013142,17,9,2023,22:20,3,2,2,94,94028,1,1,1,1,2
202300013143,16,3,2023,13:20,1,1,2,66,66136,1,3,3,1,1
202300013144,22,6,2023,19:15,1,7,3,33,33318,2,4,2,1,1
202300013144,22,6,2023,19:15,1,7,3,33,33318,2,4,2,1,1
202300013145,16,3,2023,07:51,2,1,4,66,66136,1,3,3,1,1
202300013146,30,5,2023,17:45,1,1,6,14,14011,1,3,2,2,1
202300013147,17,3,2023,15:15,1,1,6,64,64024,2,4,1,1,1
202300013147,17,3,2023,15:15,1,1,6,64,64024,2,4,2,1,1
202300013148,16,9,2023,16:05,1,2,3,976,97611,2,4,2,1,2
202300013149,17,3,2023,10:58,1,1,7,64,64140,2,4,2,1,1
202300013150,16,3,2023,10:12,1,1,3,63,63113,2,4,2,1,1
202300013151,17,9,2023,02:30,5,1,3,973,97302,2,4,1,1,1
202300013151,17,9,2023,02:30,5,1,3,973,97302,2,4,1,1,1
202300013152,17,3,2023,16:00,1,1,6,59,59599,2,7,2,1,1
202300013153,16,9,2023,18:50,3,1,2,972,97213,1,2,1,1,1
202300013154,17,3,2023,16:45,1,1,3,58,58194,2,4,1,1,1
202300013154,17,3,2023,16:45,1,1,3,58,58194,2,4,2,1,1
202300013155,17,9,2023,15:45,1,1,6,972,97209,1,3,1,2,1
202300013156,16,3,2023,21:45,5,1,6,57,57672,2,4,2,1,1
202300013157,17,9,2023,17:10,1,1,3,69,69385,2,4,1,1,1
202300013158,17,3,2023,22:11,5,2,1,54,54304,2,4,2,2,2
202300013159,17,9,2023,17:13,1,1,3,2B,2B033,2,4,2,2,1
202300013159,17,9,2023,17:13,1,1,3,2B,2B033,2,4,2,1,1
202300013160,17,3,2023,19:40,5,1,3,54,54395,2,4,1,1,1
202300013160,17,3,2023,19:40,5,1,3,54,54395,2,4,2,1,1
202300013161,17,9,2023,12:20,1,1,3,971,97120,2,3,3,1,1
202300013161,17,9,2023,12:20,1,1,3,971,97120,2,3,3,1,1
202300013162,16,3,2023,16:55,1,1,2,54,54578,2,4,2,1,1
202300013162,16,3,2023,16:55,1,1,2,54,54578,2,4,2,1,1
202300013163,17,9,2023,11:00,1,1,3,971,97113,1,4,-1,1,1
202300013164,15,3,2023,07:51,1,1,2,52,52121,2,4,2,1,1
202300013165,8,9,2023,00:10,5,1,3,971,97113,1,2,2,1,1
202300013165,8,9,2023,00:10,5,1,3,971,97113,1,2,2,1,1
202300013166,17,3,2023,23:40,3,1,7,51,51431,1,3,2,1,2
202300013167,17,9,2023,21:00,5,1,6,77,77111,2,4,1,1,1
202300013168,16,3,2023,08:35,1,1,5,50,50129,2,4,2,1,1
202300013169,16,9,2023,17:20,1,1,3,77,77186,2,3,2,1,1
202300013170,16,3,2023,08:30,1,2,2,50,50129,2,4,3,1,2
202300013170,16,3,2023,08:30,1,2,2,50,50129,2,4,2,1,2
202300013171,15,9,2023,11:00,1,1,6,68,68376,2,6,-1,1,1
202300013172,16,3,2023,18:33,1,1,6,49,49007,2,4,2,1,1
202300013173,17,3,2023,08:40,1,1,6,45,45075,2,4,2,1,1
202300013174,17,9,2023,20:28,5,1,3,63,63164,2,7,2,1,1
202300013174,17,9,2023,20:28,5,1,3,63,63164,2,7,2,1,1
202300013175,17,3,2023,11:00,1,1,6,45,45004,2,4,2,1,1
202300013176,16,9,2023,10:25,1,1,6,62,62765,2,4,2,1,1
202300013177,17,3,2023,12:30,1,1,1,38,38151,2,7,2,1,1
202300013178,17,9,2023,21:35,5,1,3,62,62083,2,4,2,2,1
202300013178,17,9,2023,21:35,5,1,3,62,62083,2,4,2,1,1
202300013179,17,3,2023,10:00,1,1,4,37,37214,2,3,1,1,1
202300013180,17,9,2023,18:50,1,8,6,62,62186,2,3,2,1,1
202300013180,17,9,2023,18:50,1,8,6,62,62186,2,3,2,1,1
202300013181,17,3,2023,17:05,1,1,3,35,35238,2,4,2,1,1
202300013181,17,3,2023,17:05,1,1,3,35,35238,2,4,3,1,1
202300013182,17,9,2023,10:55,1,1,3,62,62457,2,3,-1,1,1
202300013182,17,9,2023,10:55,1,1,3,62,62457,2,3,2,2,1
202300013183,16,9,2023,21:30,5,1,1,62,62643,2,4,2,1,1
202300013184,18,3,2023,01:50,5,2,6,33,33063,2,4,2,1,2
202300013185,17,3,2023,23:25,5,2,6,33,33063,2,4,1,1,2
202300013186,15,9,2023,15:30,1,1,3,60,60057,2,4,1,2,1
202300013187,17,3,2023,08:40,1,1,3,33,33522,2,4,2,1,1
202300013188,17,9,2023,19:20,1,1,3,59,59350,2,7,1,1,1
202300013189,17,3,2023,03:45,3,1,6,33,33550,2,4,2,1,1
202300013190,17,9,2023,17:15,1,1,2,58,58194,2,4,2,1,1
202300013191,17,9,2023,12:05,1,1,3,42,42207,2,4,2,1,1
202300013191,17,9,2023,12:05,1,1,3,42,42207,2,4,2,1,1
202300013192,17,3,2023,11:30,1,1,3,31,31555,2,4,3,1,1
202300013193,17,9,2023,22:45,5,1,3,35,35238,2,4,2,1,1
202300013193,17,9,2023,22:45,5,1,3,35,35238,2,4,2,1,1
202300013194,16,3,2023,10:40,1,1,2,31,31555,2,7,2,1,1
202300013195,17,9,2023,11:15,1,1,7,35,35238,1,3,3,2,2
202300013196,16,3,2023,07:55,2,1,6,31,31555,2,4,2,1,1
202300013197,17,9,2023,02:10,5,1,6,33,33529,2,4,2,2,1
202300013198,17,3,2023,13:30,1,1,6,26,26198,2,4,2,1,1
202300013199,17,9,2023,10:30,1,1,3,31,31555,2,4,2,1,1
202300013200,16,3,2023,13:30,1,1,2,19,19031,2,4,2,1,1
202300013200,16,3,2023,13:30,1,1,2,19,19031,2,4,2,1,1
202300013201,17,9,2023,04:50,3,1,6,29,29232,1,2,1,1,1
202300013202,17,3,2023,16:40,1,1,3,17,17415,2,3,2,1,1
202300013203,17,9,2023,19:38,2,1,3,28,28404,2,4,2,1,1
202300013204,15,3,2023,13:50,1,1,3,14,14366,2,4,1,1,1
202300013204,15,3,2023,13:50,1,1,3,14,14366,2,4,2,2,1
202300013205,17,9,2023,20:35,5,1,6,25,25388,2,4,2,2,1
202300013206,17,3,2023,17:21,1,1,3,14,14327,2,4,4,1,2
202300013206,17,3,2023,17:21,1,1,3,14,14327,2,4,4,1,2
202300013207,17,9,2023,09:30,1,1,2,16,16015,2,4,2,1,1
202300013207,17,9,2023,09:30,1,1,2,16,16015,2,4,3,1,1
202300013208,17,3,2023,20:30,5,1,3,13,13106,2,4,2,1,1
202300013208,17,3,2023,20:30,5,1,3,13,13106,2,4,2,1,1
202300013209,17,9,2023,13:50,1,1,1,13,13212,2,4,-1,1,1
202300013210,13,2,2023,13:40,1,1,2,13,13039,1,4,2,1,1
202300013211,15,9,2023,08:00,1,1,2,13,13028,2,4,2,1,1
202300013212,17,3,2023,19:10,2,1,3,13,13208,2,4,2,1,1
202300013213,17,9,2023,12:30,1,1,7,07,07281,1,3,2,2,1
202300013214,17,3,2023,15:15,1,1,3,13,13201,2,4,1,2,1
202300013215,17,9,2023,12:00,1,1,2,75,75120,2,4,1,1,1
202300013216,17,3,2023,13:30,1,1,4,13,13211,2,4,2,1,1
202300013217,16,9,2023,13:25,1,1,2,75,75120,2,4,1,1,1
202300013218,17,3,2023,08:00,1,6,3,11,11069,2,4,1,1,1
202300013219,17,9,2023,17:20,1,1,6,75,75120,2,4,2,1,1
202300013220,17,3,2023,04:20,5,1,6,11,11069,2,4,2,1,1
202300013220,17,3,2023,04:20,5,1,6,11,11069,2,4,2,1,1
202300013221,17,9,2023,01:20,5,1,3,75,75120,2,4,2,2,1
202300013222,16,3,2023,22:35,5,1,6,11,11069,2,4,1,1,1
202300013223,17,9,2023,16:45,1,1,6,75,75114,2,4,1,1,1
202300013223,17,9,2023,16:45,1,1,6,75,75114,2,4,1,1,1
202300013224,17,3,2023,19:30,5,1,2,10,10387,2,4,-1,1,1
202300013225,16,9,2023,22:35,5,1,3,75,75113,2,4,2,2,1
202300013225,16,9,2023,22:35,5,1,3,75,75113,2,4,1,1,1
202300013226,17,3,2023,13:58,1,1,3,10,10325,2,4,2,1,1
202300013226,17,3,2023,13:58,1,1,3,10,10325,2,4,2,1,1
202300013227,17,9,2023,09:30,1,1,3,75,75112,2,4,2,1,1
202300013228,16,3,2023,14:15,1,1,3,10,10333,1,3,1,1,1
202300013229,16,9,2023,21:55,5,1,1,75,75110,2,4,2,1,1
202300013229,16,9,2023,21:55,5,1,1,75,75110,2,4,1,1,1
202300013230,16,3,2023,12:41,1,1,3,10,10357,2,3,2,2,1
202300013230,16,3,2023,12:41,1,1,3,10,10357,2,3,2,1,1
202300013231,17,9,2023,01:30,5,1,6,75,75107,2,4,2,1,1
202300013231,17,9,2023,01:30,5,1,6,75,75107,2,4,2,1,1
202300013232,17,3,2023,17:16,1,1,6,06,06088,2,4,1,1,1
202300013233,17,9,2023,16:45,1,1,7,75,75107,2,4,2,1,1
202300013234,17,3,2023,16:00,1,1,6,06,06159,2,4,2,1,1
202300013235,16,9,2023,02:15,5,1,6,75,75104,2,4,3,1,1
202300013236,17,3,2023,07:48,1,1,3,06,06069,2,3,2,2,1
202300013237,17,3,2023,09:30,1,1,6,06,06004,2,4,1,2,1
202300013237,17,3,2023,09:30,1,1,6,06,06004,2,4,1,1,1
202300013238,17,9,2023,00:50,5,1,5,94,94074,2,2,3,1,1
202300013238,17,9,2023,00:50,5,1,5,94,94074,2,2,1,1,1
202300013239,16,3,2023,18:10,5,1,3,75,75116,2,4,1,1,1
202300013240,17,9,2023,18:30,1,1,3,94,94043,2,3,2,1,1
202300013241,15,3,2023,18:50,5,1,5,75,75114,2,4,1,1,1
202300013242,16,9,2023,03:10,5,1,4,94,94022,2,3,1,1,1
202300013243,15,3,2023,13:50,1,1,2,75,75114,2,4,1,1,1
202300013244,17,9,2023,16:40,1,1,6,93,93070,2,4,2,2,1
202300013245,16,3,2023,20:50,5,1,7,75,75117,2,4,1,2,1
202300013245,16,3,2023,20:50,5,1,7,75,75117,2,4,2,1,1
202300013246,17,9,2023,15:30,1,1,3,93,93031,2,3,2,1,-1
202300013246,17,9,2023,15:30,1,1,3,93,93031,2,3,3,1,1
202300013247,17,3,2023,11:35,1,1,3,75,75120,2,4,2,1,1
202300013247,17,3,2023,11:35,1,1,3,75,75120,2,4,2,1,1
202300013248,16,9,2023,16:40,1,1,3,93,93007,2,4,2,1,1
202300013248,16,9,2023,16:40,1,1,3,93,93007,2,4,2,1,1
202300013249,17,3,2023,19:55,5,2,3,75,75117,2,4,-1,1,2
202300013249,17,3,2023,19:55,5,2,3,75,75117,2,4,2,1,2
202300013250,17,9,2023,21:50,3,3,3,93,93005,2,3,2,1,2
202300013250,17,9,2023,21:50,3,3,3,93,93005,2,3,2,1,2
202300013251,17,9,2023,16:05,1,1,6,92,92076,2,4,-1,2,9
202300013252,17,3,2023,13:45,1,1,6,75,75115,2,4,1,1,1
202300013252,17,3,2023,13:45,1,1,6,75,75115,2,4,2,1,1
202300013253,16,9,2023,22:35,5,1,6,92,92033,2,4,2,1,1
202300013254,17,9,2023,09:50,1,1,3,92,92073,2,4,2,1,1
202300013255,17,9,2023,07:20,2,1,3,92,92026,2,3,2,1,1
202300013256,16,9,2023,22:30,3,1,6,974,97415,1,2,3,1,1
202300013257,17,9,2023,20:00,3,1,7,51,51094,1,3,2,1,1
202300013258,16,9,2023,17:45,1,1,1,01,01450,1,4,2,1,1
202300013259,17,9,2023,01:30,5,1,7,988,98810,2,2,2,1,1
202300013260,14,9,2023,11:50,1,1,1,974,97422,2,4,2,1,1
202300013260,14,9,2023,11:50,1,1,1,974,97422,2,4,2,3,1
202300013261,16,9,2023,15:30,1,1,6,974,97412,2,4,2,1,1
202300013262,18,9,2023,10:35,1,1,2,52,52147,1,1,3,1,1
202300013263,14,9,2023,22:50,3,1,3,62,62338,1,3,2,1,1
202300013263,14,9,2023,22:50,3,1,3,62,62338,1,3,2,1,1
202300013264,15,9,2023,16:20,1,1,2,74,74026,2,3,2,1,1
202300013265,17,9,2023,17:35,1,1,7,04,04033,1,3,2,4,1
202300013266,17,9,2023,08:00,2,2,6,56,56070,1,3,2,2,2
202300013267,12,9,2023,14:25,1,1,6,76,76272,2,3,2,1,1
202300013268,18,9,2023,12:50,1,2,2,80,80133,1,3,2,1,2
202300013268,18,9,2023,12:50,1,2,2,80,80133,1,3,2,1,2
202300013269,16,9,2023,21:39,5,1,7,33,33207,2,4,2,1,1
202300013270,18,9,2023,06:45,2,1,6,33,33046,1,2,2,1,1
202300013271,18,9,2023,02:00,3,2,6,81,81051,1,4,2,1,2
202300013272,18,9,2023,00:00,3,1,6,11,11006,1,3,2,1,1
202300013273,11,9,2023,16:45,1,1,7,49,49358,1,3,2,2,1
202300013274,17,9,2023,17:30,1,1,6,42,42138,1,3,2,2,1
202300013275,18,9,2023,11:00,1,1,3,46,46316,1,3,-1,1,1
202300013275,18,9,2023,11:00,1,1,3,46,46316,1,3,2,1,1
202300013276,14,9,2023,20:10,3,1,7,47,47070,1,3,2,1,1
202300013277,16,9,2023,21:00,3,1,6,86,86281,2,4,2,1,1
202300013278,18,9,2023,07:15,5,3,2,68,68365,1,3,2,1,2
202300013278,18,9,2023,07:15,5,3,2,68,68365,1,3,2,1,2
202300013279,17,9,2023,23:50,3,1,6,44,44199,2,3,2,1,1
202300013280,13,9,2023,14:15,1,2,1,38,38184,2,4,2,1,2
202300013281,17,9,2023,17:50,1,1,6,15,15101,1,2,2,1,1
202300013282,18,9,2023,14:15,1,1,3,70,70245,1,2,2,1,1
202300013282,18,9,2023,14:15,1,1,3,70,70245,1,2,2,2,1
202300013283,18,9,2023,13:45,1,1,6,66,66034,1,3,2,2,1
202300013284,17,9,2023,19:15,2,2,1,64,64062,1,3,2,1,2
202300013285,16,9,2023,09:09,1,7,6,73,73270,2,4,2,1,1
202300013285,16,9,2023,09:09,1,7,6,73,73270,2,4,2,2,1
202300013286,14,9,2023,21:24,3,1,6,10,10033,1,3,2,2,1
202300013287,16,9,2023,14:00,1,1,1,40,40062,1,3,2,4,1
202300013287,16,9,2023,14:00,1,1,1,40,40062,1,3,-1,-1,-1
202300013288,17,9,2023,18:10,1,2,3,17,17241,2,3,2,1,2
202300013288,17,9,2023,18:10,1,2,3,17,17241,2,3,2,1,2
202300013289,17,9,2023,05:20,1,1,6,987,98734,1,2,2,1,1
202300013290,18,9,2023,04:15,3,1,2,77,77165,1,1,3,1,2
202300013291,5,9,2023,19:00,1,1,3,95,95430,1,3,2,1,1
202300013292,16,9,2023,18:30,1,1,3,40,40209,1,1,1,1,1
202300013293,17,9,2023,21:00,3,1,6,988,98808,1,4,2,1,2
202300013294,15,9,2023,19:25,5,1,6,77,77077,2,4,2,1,1
202300013295,18,9,2023,19:05,2,1,3,77,77315,2,3,2,1,1
202300013295,18,9,2023,19:05,2,1,3,77,77315,2,3,2,1,1
202300013296,18,9,2023,08:50,1,9,3,95,95139,2,3,2,2,1
202300013297,17,9,2023,13:45,1,1,1,2B,2B257,1,3,2,2,1
202300013298,3,2,2023,17:00,1,1,6,15,15014,2,4,2,2,1
202300013299,4,2,2023,09:10,1,1,6,13,13204,2,4,2,1,1
202300013300,3,2,2023,13:00,1,1,3,13,13205,2,4,3,1,1
202300013300,3,2,2023,13:00,1,1,3,13,13205,2,4,2,1,1
202300013301,4,2,2023,03:00,5,1,6,11,11069,2,4,1,1,1
202300013302,4,2,2023,04:00,5,8,7,10,10081,2,4,2,1,1
202300013303,4,2,2023,00:10,5,1,6,10,10362,2,4,2,1,1
202300013304,20,1,2023,18:50,5,1,2,05,05061,2,4,2,2,1
202300013305,3,2,2023,13:15,1,1,6,05,05061,2,4,2,1,1
202300013306,3,2,2023,07:20,5,1,3,05,05061,2,4,2,4,1
202300013306,3,2,2023,07:20,5,1,3,05,05061,2,4,1,1,1
202300013307,5,2,2023,19:00,5,1,5,75,75112,2,4,1,1,1
202300013308,5,2,2023,15:00,1,1,2,75,75118,2,4,1,1,1
202300013308,5,2,2023,15:00,1,1,2,75,75118,2,4,1,1,1
202300013309,4,2,2023,14:00,1,1,3,75,75114,2,4,1,1,2
202300013310,5,2,2023,01:22,5,1,3,75,75114,2,4,1,1,1
202300013310,5,2,2023,01:22,5,1,3,75,75114,2,4,1,1,1
202300013311,5,2,2023,19:15,5,1,3,75,75117,2,4,2,1,1
202300013311,5,2,2023,19:15,5,1,3,75,75117,2,4,1,1,1
202300013312,4,2,2023,11:20,1,2,6,75,75117,2,4,2,1,2
202300013312,4,2,2023,11:20,1,2,6,75,75117,2,4,2,1,2
202300013313,5,2,2023,00:00,5,1,2,75,75112,2,4,1,1,1
202300013314,5,2,2023,01:20,5,1,6,75,75110,2,4,2,1,1
202300013314,5,2,2023,01:20,5,1,6,75,75110,2,4,2,1,1
202300013315,4,2,2023,22:50,5,1,3,75,75109,2,4,1,1,1
202300013315,4,2,2023,22:50,5,1,3,75,75109,2,4,1,1,1
202300013316,4,2,2023,14:00,1,1,5,75,75117,2,4,2,1,2
202300013316,4,2,2023,14:00,1,1,5,75,75117,2,4,1,1,2
202300013317,5,2,2023,16:05,1,1,3,93,93077,2,4,1,1,1
202300013317,5,2,2023,16:05,1,1,3,93,93077,2,4,1,1,1
202300013318,5,2,2023,15:30,1,1,3,93,93029,2,3,2,1,1
202300013318,5,2,2023,15:30,1,1,3,93,93029,2,3,1,1,1
202300013319,5,2,2023,20:35,5,1,6,92,92020,2,4,2,1,1
202300013320,3,2,2023,12:30,1,1,6,39,39406,2,3,-1,1,1
202300013321,5,2,2023,03:50,3,1,7,50,50027,1,3,2,1,1
202300013322,5,2,2023,18:20,2,1,3,2A,2A070,2,3,3,1,1
202300013323,28,1,2023,12:15,1,1,7,17,17136,2,4,2,1,1
202300013324,5,2,2023,23:40,3,2,6,06,06161,1,3,2,1,2
202300013325,28,1,2023,17:30,1,1,7,26,26339,1,1,3,1,1
202300013326,5,2,2023,09:00,2,7,6,01,01143,2,3,2,1,1
202300013326,5,2,2023,09:00,2,7,6,01,01143,2,3,2,1,1
202300013327,4,2,2023,18:35,5,1,6,62,62261,2,3,2,1,1
202300013327,4,2,2023,18:35,5,1,6,62,62261,2,3,3,1,1
202300013328,5,2,2023,18:30,3,1,3,62,62086,1,2,2,1,1
202300013328,5,2,2023,18:30,3,1,3,62,62086,1,2,2,1,1
202300013329,5,2,2023,20:00,3,1,2,03,03063,1,1,3,1,1
202300013330,27,1,2023,18:00,3,1,3,56,56135,1,3,2,2,1
202300013330,27,1,2023,18:00,3,1,3,56,56135,1,3,2,1,1
202300013331,5,2,2023,15:35,1,1,6,80,80109,1,3,2,1,1
202300013332,5,2,2023,21:18,5,1,7,32,32162,2,4,-1,1,1
202300013332,5,2,2023,21:18,5,1,7,32,32162,2,4,2,2,1
202300013333,3,2,2023,14:30,1,1,7,11,11357,1,3,2,1,1