id_accident,jour,mois,annee,heure_minute,luminosite,meteo,type_collision,departement,commune,agglomeration,categorie_route,regime_circulation,profil_route,etat_surface
202300013334,4,2,2023,12:40,1,1,6,61,61116,1,3,2,1,1
202300013335,6,2,2023,16:30,1,1,1,12,12107,1,2,2,1,1
202300013336,3,2,2023,01:45,3,5,7,47,47203,1,3,2,1,1
202300013337,5,2,2023,16:45,1,1,1,34,34232,1,3,2,1,1
202300013338,2,2,2023,08:28,1,1,7,39,39269,1,3,2,2,1
202300013339,3,2,2023,09:30,1,1,6,29,29217,2,3,2,2,1
202300013340,6,2,2023,10:20,1,1,3,29,29235,2,4,2,2,1
202300013340,6,2,2023,10:20,1,1,3,29,29235,2,4,2,1,1
202300013341,5,2,2023,21:20,5,6,1,26,26165,1,2,2,1,1
202300013342,5,2,2023,06:40,3,1,6,54,54546,1,3,2,2,1
202300013343,5,2,2023,16:45,1,1,3,36,36062,1,3,2,2,1
202300013344,5,2,2023,15:00,1,1,1,07,07069,1,3,2,2,1
202300013344,5,2,2023,15:00,1,1,1,07,07069,1,3,2,3,1
202300013345,5,2,2023,06:04,3,1,7,17,17327,1,3,2,1,1
202300013345,5,2,2023,06:04,3,1,7,17,17327,1,3,2,1,1
202300013346,1,2,2023,15:55,1,1,6,08,08490,2,3,2,1,1
202300013347,6,2,2023,07:55,1,2,3,66,66213,2,3,-1,1,2
202300013347,6,2,2023,07:55,1,2,3,66,66213,2,3,1,1,2
202300013348,5,2,2023,21:10,3,2,6,68,68278,1,1,3,1,2
202300013349,28,1,2023,07:25,3,1,5,45,45154,1,1,1,1,1
202300013350,4,2,2023,14:20,1,1,7,987,98757,2,9,-1,1,1
202300013351,5,2,2023,10:30,1,1,6,988,98802,1,2,2,1,1
202300013352,5,2,2023,12:15,1,1,6,978,97801,2,3,2,2,1
202300013352,5,2,2023,12:15,1,1,6,978,97801,2,3,2,1,1
202300013353,6,2,2023,08:00,1,1,3,29,29233,2,4,2,1,1
202300013353,6,2,2023,08:00,1,1,3,29,29233,2,4,2,1,1
202300013354,6,2,2023,07:30,5,1,6,95,95355,2,4,2,2,1
202300013355,20,1,2023,22:35,3,1,6,34,34341,1,3,2,1,1
202300013356,5,2,2023,22:40,5,1,7,84,84078,2,2,2,1,1
202300013357,5,2,2023,16:25,1,2,7,67,67520,1,4,2,2,2
202300013358,5,2,2023,21:40,3,1,3,38,38377,1,3,2,2,1
202300013358,5,2,2023,21:40,3,1,3,38,38377,1,3,2,1,1
202300013359,1,2,2023,17:20,1,1,6,79,79049,2,4,2,1,1
202300013360,6,2,2023,09:40,1,1,6,50,50041,2,3,2,1,1
202300013361,4,2,2023,19:00,5,1,3,80,80485,2,3,2,1,1
202300013362,4,2,2023,15:10,1,1,3,13,13106,1,1,-1,2,1
202300013363,5,2,2023,16:30,1,1,3,13,13213,1,1,3,1,1
202300013364,4,2,2023,22:00,3,1,7,01,01275,1,1,3,1,1
202300013365,4,2,2023,11:40,1,1,4,69,69273,1,7,3,1,1
202300013366,4,2,2023,13:55,1,1,4,67,67482,1,7,1,1,1
202300013367,17,10,2023,08:45,1,1,3,92,92035,2,3,2,1,1
202300013368,5,2,2023,17:50,2,1,2,94,94034,1,1,1,1,1
202300013369,5,2,2023,07:50,2,1,6,78,78090,1,1,-1,1,1
202300013370,17,10,2023,18:40,1,1,6,92,92025,2,4,2,1,1
202300013371,4,2,2023,20:10,3,1,2,92,92064,1,1,3,1,1
202300013372,4,2,2023,18:35,5,1,2,92,92025,1,1,1,1,1
202300013373,19,10,2023,20:20,5,2,7,92,92060,2,4,2,2,2
202300013373,19,10,2023,20:20,5,2,7,92,92060,2,4,2,1,2
202300013374,5,2,2023,12:00,1,1,7,92,92078,1,1,3,1,1
202300013375,19,10,2023,13:45,1,1,3,92,92004,2,3,2,1,1
202300013376,4,2,2023,13:00,1,8,2,93,93005,1,1,3,1,2
202300013377,4,2,2023,18:15,1,8,2,75,75120,2,4,1,1,1
202300013378,20,10,2023,09:05,1,8,3,81,81131,1,3,2,1,2
202300013378,20,10,2023,09:05,1,8,3,81,81131,1,3,2,1,2
202300013379,4,2,2023,16:20,1,8,2,75,75113,2,4,1,1,1
202300013380,19,10,2023,20:45,3,2,5,51,51270,1,3,2,1,2
202300013381,4,2,2023,00:40,5,1,3,75,75119,2,4,2,1,1
202300013381,4,2,2023,00:40,5,1,3,75,75119,2,4,-1,2,1
202300013382,4,2,2023,18:15,5,1,3,75,75117,2,4,1,1,1
202300013382,4,2,2023,18:15,5,1,3,75,75117,2,4,1,1,1
202300013383,20,10,2023,08:15,2,2,2,91,91340,2,4,-1,1,2
202300013384,4,2,2023,10:45,1,2,7,75,75117,2,4,2,2,2
202300013384,4,2,2023,10:45,1,2,7,75,75117,2,4,1,1,2
202300013385,20,10,2023,08:45,1,2,1,43,43185,1,3,2,1,2
202300013386,4,2,2023,19:10,5,1,3,75,75104,2,4,1,1,1
202300013386,4,2,2023,19:10,5,1,3,75,75104,2,4,2,1,1
202300013387,4,2,2023,08:16,1,1,1,94,94078,2,2,2,1,1
202300013387,4,2,2023,08:16,1,1,1,94,94078,2,2,3,1,1
202300013388,20,10,2023,08:25,1,2,1,57,57629,1,3,2,2,2
202300013389,4,2,2023,17:55,3,2,2,94,94079,2,4,2,1,2
202300013390,20,10,2023,00:05,3,3,2,71,71543,1,1,3,1,2
202300013391,4,2,2023,09:35,1,2,3,93,93070,2,3,3,1,2
202300013392,4,2,2023,14:30,1,2,3,93,93048,2,3,2,1,2
202300013392,4,2,2023,14:30,1,2,3,93,93048,2,3,2,1,2
202300013393,18,10,2023,21:00,5,1,3,85,85233,2,4,2,1,2
202300013394,4,2,2023,09:55,1,2,6,93,93029,2,4,2,1,2
202300013394,4,2,2023,09:55,1,2,6,93,93029,2,4,1,1,2
202300013395,4,2,2023,11:15,1,2,6,92,92064,2,3,1,1,2
202300013396,20,10,2023,07:00,2,2,1,83,83130,2,3,3,1,2
202300013396,20,10,2023,07:00,2,2,1,83,83130,2,3,2,1,1
202300013397,4,2,2023,13:30,1,2,6,92,92062,2,4,2,1,2
202300013398,4,2,2023,19:45,5,1,6,92,92012,2,4,1,1,2
202300013399,3,2,2023,14:30,1,1,1,31,31282,2,7,2,1,1
202300013400,17,1,2023,17:15,5,1,6,62,62851,2,3,2,1,1
202300013401,20,10,2023,13:00,1,1,6,83,83140,1,3,2,1,2
202300013401,20,10,2023,13:00,1,1,6,83,83140,1,3,2,1,1
202300013402,3,2,2023,22:15,5,2,5,971,97132,1,2,2,2,2
202300013403,19,10,2023,17:05,1,1,6,31,31157,2,4,2,1,1
202300013404,4,2,2023,12:30,1,1,2,42,42032,2,7,2,1,1
202300013405,19,10,2023,17:55,1,1,7,59,59631,1,3,-1,1,1
202300013406,4,2,2023,14:25,1,1,3,95,95527,2,3,3,1,1
202300013407,5,2,2023,10:45,1,1,6,56,56231,1,2,3,1,1
202300013408,20,10,2023,07:15,3,1,1,82,82134,2,3,2,1,2
202300013409,4,2,2023,15:00,1,1,6,56,56008,2,4,2,1,1
202300013410,5,2,2023,16:30,1,1,6,82,82192,1,3,2,1,1
202300013410,5,2,2023,16:30,1,1,6,82,82192,1,3,2,1,1
202300013411,12,10,2023,20:10,3,1,1,33,33026,1,3,2,1,1
202300013412,5,2,2023,14:15,1,1,6,32,32464,1,2,2,2,1
202300013413,4,2,2023,14:55,1,1,6,63,63418,1,3,2,2,2
202300013414,4,2,2023,18:45,5,1,6,42,42302,2,7,2,2,1
202300013415,4,2,2023,10:25,1,1,3,47,47100,1,3,2,2,1
202300013415,4,2,2023,10:25,1,1,3,47,47100,1,3,2,1,1
202300013416,19,10,2023,07:45,4,2,6,71,71263,2,3,2,1,2
202300013416,19,10,2023,07:45,4,2,6,71,71263,2,3,2,1,2
202300013417,4,2,2023,19:45,3,1,6,35,35095,1,2,3,1,1
202300013418,5,2,2023,14:25,1,6,1,13,13010,1,3,2,1,1
202300013419,4,2,2023,20:00,3,1,6,26,26229,1,3,2,2,1
202300013420,4,2,2023,08:30,1,1,1,14,14326,1,3,2,2,1
202300013421,6,10,2023,14:56,1,1,3,63,63003,1,3,2,1,1
202300013422,4,2,2023,08:10,2,1,1,64,64411,1,3,2,2,7
202300013423,5,2,2023,16:00,1,1,7,18,18176,1,3,2,3,1
202300013424,4,2,2023,06:00,3,5,6,40,40117,1,3,3,1,1
202300013425,3,2,2023,18:10,1,1,1,17,17365,1,3,2,3,1
202300013426,19,10,2023,08:40,1,1,3,35,35207,1,3,2,1,2
202300013426,19,10,2023,08:40,1,1,3,35,35207,1,3,2,2,2
202300013427,4,2,2023,09:40,1,8,6,87,87051,1,3,2,2,2
202300013428,4,2,2023,00:50,3,1,6,30,30008,1,3,2,2,1
202300013429,18,10,2023,08:30,2,2,7,35,35207,1,3,2,2,2
202300013430,4,2,2023,23:45,3,2,6,08,08363,1,3,2,1,2
202300013431,4,2,2023,11:15,1,1,6,987,98734,1,9,2,1,1
202300013432,15,1,2023,22:00,5,1,1,971,97103,1,4,2,1,1
202300013433,4,2,2023,16:21,1,1,1,13,13018,1,1,3,1,1
202300013434,18,10,2023,16:50,1,9,2,35,35010,1,3,2,1,2
202300013434,18,10,2023,16:50,1,9,2,35,35010,1,3,2,1,2
202300013435,4,2,2023,13:55,1,1,1,988,98831,1,2,2,2,1
202300013436,4,2,2023,17:55,1,2,7,988,98825,1,2,2,1,2
202300013437,20,10,2023,11:25,1,2,1,31,31202,1,3,2,1,2
202300013438,4,2,2023,19:38,3,8,6,95,95658,1,3,3,1,1
202300013439,4,2,2023,18:30,3,8,5,95,95177,1,3,2,1,1
202300013440,5,2,2023,02:10,3,9,7,2B,2B193,1,2,2,1,7
202300013441,4,2,2023,14:00,1,1,6,11,11429,1,3,2,1,1
202300013442,19,10,2023,21:00,3,1,3,38,38184,1,3,2,1,1
202300013442,19,10,2023,21:00,3,1,3,38,38184,1,3,1,1,1
202300013443,4,2,2023,22:30,3,1,2,68,68147,1,3,2,2,1
202300013444,19,10,2023,17:40,1,8,6,03,03254,1,3,2,4,1
202300013445,31,1,2023,20:15,3,1,1,67,67192,1,3,2,1,1
202300013446,20,10,2023,15:20,1,1,1,66,66049,2,4,2,1,1
202300013447,4,2,2023,16:45,1,1,3,73,73213,1,3,2,1,1
202300013448,4,2,2023,19:30,3,1,6,42,42168,1,3,2,1,1
202300013449,4,2,2023,21:25,3,1,2,01,01027,1,3,2,1,1
202300013450,5,2,2023,13:50,1,1,6,69,69243,2,4,2,1,1
202300013451,5,2,2023,01:20,3,1,7,69,69159,1,3,2,2,1
202300013452,19,10,2023,15:25,1,3,1,14,14761,2,3,2,1,2
202300013452,19,10,2023,15:25,1,3,1,14,14761,2,3,2,1,2
202300013453,5,2,2023,13:05,1,1,5,33,33073,1,3,2,1,1
202300013453,5,2,2023,13:05,1,1,5,33,33073,1,3,2,1,1
202300013454,20,10,2023,09:17,1,8,3,36,36052,1,3,2,1,2
202300013454,20,10,2023,09:17,1,8,3,36,36052,1,3,2,1,2
202300013455,5,2,2023,17:30,1,1,6,50,50564,1,3,2,1,1
202300013456,5,2,2023,06:15,3,2,6,50,50298,1,3,2,1,2
202300013457,5,2,2023,17:20,1,1,1,22,22136,1,4,2,2,1
202300013458,20,10,2023,17:50,1,3,2,17,17292,1,3,2,1,2
202300013458,20,10,2023,17:50,1,3,2,17,17292,1,3,2,1,2
202300013459,5,2,2023,09:30,1,2,2,60,60342,1,3,3,1,2
202300013460,19,10,2023,08:10,1,1,7,17,17466,1,2,1,1,1
202300013461,4,2,2023,17:10,1,1,1,59,59084,1,3,2,1,1
202300013461,4,2,2023,17:10,1,1,1,59,59084,1,3,2,1,1
202300013462,18,10,2023,12:30,1,3,6,37,37050,2,4,3,1,2
202300013463,3,2,2023,12:30,1,1,4,13,13211,1,1,1,1,1
202300013464,31,1,2023,15:20,1,1,4,69,69271,1,2,3,1,1
202300013465,4,2,2023,18:00,3,1,2,91,91589,1,1,3,3,2
202300013466,20,10,2023,22:45,3,1,6,988,98805,2,1,3,1,1
202300013467,4,2,2023,18:15,3,1,3,91,91434,1,1,1,4,2
202300013468,4,2,2023,10:00,1,2,4,94,94037,1,1,1,1,2
202300013469,20,10,2023,14:15,1,8,1,31,31571,1,3,2,1,1
202300013469,20,10,2023,14:15,1,8,1,31,31571,1,3,2,1,1
202300013470,4,2,2023,00:33,3,1,6,78,78646,1,2,1,1,1
202300013471,10,10,2023,22:20,3,1,6,84,84081,1,1,3,2,1
202300013472,3,2,2023,21:50,5,1,4,92,92062,1,2,1,1,1
202300013473,4,2,2023,15:00,1,2,5,93,93066,1,1,1,1,2
202300013474,20,10,2023,04:00,4,2,4,62,62426,1,1,3,2,2
202300013475,4,2,2023,14:50,1,1,4,95,95127,1,1,3,1,1
202300013476,4,2,2023,14:00,1,2,6,93,93027,1,1,1,1,2
202300013477,20,10,2023,18:10,3,1,1,988,98803,1,2,2,1,1
202300013478,4,2,2023,04:40,3,1,2,95,95018,1,1,3,1,1
202300013479,19,10,2023,15:30,1,1,1,973,97311,2,2,2,1,1
202300013480,3,2,2023,19:50,3,1,4,95,95277,1,1,1,2,1
202300013481,3,2,2023,23:20,5,1,6,06,06030,2,4,2,2,1
202300013482,20,10,2023,08:48,1,1,3,971,97106,2,2,2,1,1
202300013483,2,2,2023,13:24,1,8,6,51,51108,2,4,2,1,1
202300013484,3,2,2023,09:20,1,1,2,988,98818,2,4,2,1,1
202300013484,3,2,2023,09:20,1,1,2,988,98818,2,4,2,1,1
202300013485,19,10,2023,10:30,1,1,1,972,97228,1,2,2,3,1
202300013486,3,2,2023,11:30,1,1,3,974,97411,2,2,-1,1,1
202300013486,3,2,2023,11:30,1,1,3,974,97411,2,2,-1,1,1
202300013487,2,2,2023,07:20,1,1,3,974,97411,2,4,-1,1,1
202300013488,19,10,2023,14:27,1,1,3,91,91111,2,3,3,1,1
202300013488,19,10,2023,14:27,1,1,3,91,91111,2,3,-1,-1,-1
202300013489,2,2,2023,17:25,1,2,2,974,97407,1,2,2,1,2
202300013490,23,9,2023,10:45,1,1,6,66,66180,2,3,2,1,1
202300013491,3,2,2023,18:20,2,2,3,973,97302,2,3,2,1,2
202300013492,3,2,2023,09:45,1,1,6,973,97302,2,4,1,1,2
202300013493,19,10,2023,19:40,3,2,5,13,13081,1,3,3,2,2
202300013494,3,2,2023,17:15,1,1,4,69,69386,2,4,2,1,1
202300013494,3,2,2023,17:15,1,1,4,69,69386,2,4,2,1,1
202300013495,3,2,2023,10:15,1,1,3,69,69387,2,4,1,1,1
202300013496,3,2,2023,20:30,5,1,6,69,69034,2,4,2,1,1
202300013497,17,10,2023,08:22,1,1,4,13,13041,1,3,3,1,1
202300013498,3,2,2023,05:45,5,1,6,69,69202,2,4,2,1,1
202300013499,3,2,2023,10:20,1,1,6,971,97120,2,4,2,1,1
202300013500,20,10,2023,17:25,1,8,4,25,25032,2,3,2,1,1
202300013501,3,2,2023,19:15,5,1,6,95,95585,2,4,2,1,1
202300013501,3,2,2023,19:15,5,1,6,95,95585,2,4,2,1,1
202300013502,18,10,2023,13:00,1,2,7,68,68265,2,3,2,1,2
202300013502,18,10,2023,13:00,1,2,7,68,68265,2,3,2,1,2
202300013503,3,2,2023,09:00,1,8,3,91,91645,2,4,1,1,1
202300013504,3,2,2023,00:05,5,1,3,91,91174,2,3,2,1,1
202300013505,18,10,2023,09:30,1,1,2,67,67300,2,4,2,1,1
202300013505,18,10,2023,09:30,1,1,2,67,67300,2,4,2,1,1
202300013506,2,2,2023,07:52,1,1,2,87,87065,2,1,1,2,1
202300013506,2,2,2023,07:52,1,1,2,87,87065,2,1,2,1,1
202300013507,1,2,2023,11:21,1,2,3,87,87085,2,2,1,2,2
202300013507,1,2,2023,11:21,1,2,3,87,87085,2,2,4,1,2
202300013508,19,10,2023,10:15,1,1,6,57,57645,1,6,-1,1,1
202300013509,2,2,2023,13:30,1,1,1,84,84007,2,4,2,1,1
202300013510,20,10,2023,14:20,1,8,1,57,57155,1,3,2,4,2
202300013511,20,10,2023,07:30,5,3,6,57,57620,2,3,2,2,2
202300013512,3,2,2023,19:23,5,1,1,83,83126,2,3,2,1,1
202300013513,3,2,2023,21:30,5,1,6,83,83061,2,4,2,1,1
202300013514,22,1,2023,02:40,5,9,6,80,80001,2,4,2,1,2
202300013515,20,10,2023,16:40,1,3,3,26,26235,1,3,2,1,2
202300013515,20,10,2023,16:40,1,3,3,26,26235,1,3,2,1,2
202300013516,3,2,2023,14:15,1,1,3,78,78440,2,3,1,1,2
202300013516,3,2,2023,14:15,1,1,3,78,78440,2,3,3,1,2
202300013517,3,2,2023,17:40,5,1,3,77,77139,2,4,2,1,1
202300013518,19,10,2023,08:30,1,2,3,69,69175,1,3,2,1,2
202300013518,19,10,2023,08:30,1,2,3,69,69175,1,3,2,1,2
202300013519,3,2,2023,07:50,2,1,3,77,77350,1,3,4,1,1
202300013519,3,2,2023,07:50,2,1,3,77,77350,1,3,2,1,1
202300013520,3,2,2023,05:40,2,1,1,77,77210,1,3,2,1,1
202300013521,4,2,2023,00:30,3,1,7,77,77209,2,3,1,2,1
202300013522,19,10,2023,10:02,1,1,6,81,81039,2,3,2,1,1
202300013522,19,10,2023,10:02,1,1,6,81,81039,2,3,2,1,1
202300013523,3,2,2023,06:25,3,1,6,73,73065,1,3,2,2,1
202300013524,3,2,2023,13:25,1,1,6,72,72181,2,4,2,1,1
202300013525,3,2,2023,20:20,5,1,1,69,69029,2,4,2,1,1
202300013525,3,2,2023,20:20,5,1,1,69,69029,2,4,2,1,1
202300013526,20,10,2023,15:21,1,2,5,81,81031,1,3,2,2,2
202300013527,3,2,2023,12:45,1,1,2,69,69259,2,4,2,1,1
202300013527,3,2,2023,12:45,1,1,2,69,69259,2,4,2,1,1
202300013528,19,10,2023,20:00,3,3,1,19,19098,1,3,2,2,2
202300013529,2,2,2023,11:10,1,1,6,66,66136,2,4,2,1,1
202300013530,19,10,2023,21:00,5,2,7,19,19101,1,3,2,2,2
202300013531,2,2,2023,08:50,1,1,3,66,66141,1,4,2,1,1
202300013532,3,2,2023,19:10,5,1,3,64,64545,2,3,2,1,1
202300013533,2,2,2023,07:45,2,1,6,64,64122,2,4,2,2,1
202300013534,19,10,2023,11:28,1,2,1,19,19098,1,3,2,2,2
202300013535,3,2,2023,18:20,5,1,7,62,62133,2,3,2,1,1
202300013536,3,2,2023,09:30,1,1,7,61,61001,2,4,1,1,1
202300013537,19,10,2023,19:05,3,3,6,33,33104,1,3,2,1,2
202300013538,3,2,2023,07:29,5,2,3,60,60057,2,4,1,1,2
202300013539,3,2,2023,08:45,1,1,3,59,59512,2,7,2,1,9
202300013539,3,2,2023,08:45,1,1,3,59,59512,2,7,2,1,1
202300013540,30,1,2023,07:30,5,1,6,59,59009,2,4,2,1,1
202300013541,4,2,2023,22:45,5,8,6,59,59122,2,4,3,1,1
202300013542,19,10,2023,09:15,1,8,3,33,33380,1,3,2,1,1
202300013542,19,10,2023,09:15,1,8,3,33,33380,1,3,2,1,1
202300013543,3,2,2023,18:47,5,2,6,54,54357,2,4,2,1,2
202300013544,20,10,2023,11:15,1,8,6,14,14762,2,3,2,2,1
202300013544,20,10,2023,11:15,1,8,6,14,14762,2,3,2,1,1
202300013545,3,2,2023,16:30,1,1,3,54,54395,2,4,1,2,1
202300013545,3,2,2023,16:30,1,1,3,54,54395,2,4,1,1,1
202300013546,2,2,2023,22:30,5,2,2,54,54395,2,4,2,1,2
202300013546,2,2,2023,22:30,5,2,2,54,54395,2,4,2,1,2
202300013547,18,10,2023,18:10,2,2,1,27,27501,1,3,2,1,2
202300013548,2,2,2023,18:09,5,8,3,54,54395,2,4,2,1,1
202300013548,2,2,2023,18:09,5,8,3,54,54395,2,4,2,1,1
202300013549,19,10,2023,19:30,3,2,5,13,13043,1,1,-1,1,2
202300013550,3,2,2023,12:10,1,2,6,51,51454,2,4,1,1,2
202300013550,3,2,2023,12:10,1,2,6,51,51454,2,4,1,1,2
202300013551,2,2,2023,21:50,3,1,6,49,49015,2,3,3,1,1
202300013552,15,10,2023,13:00,1,1,3,69,69290,1,1,3,1,1
202300013553,3,2,2023,15:35,1,1,1,48,48095,2,3,2,2,1
202300013553,3,2,2023,15:35,1,1,1,48,48095,2,3,3,2,1
202300013554,3,2,2023,13:15,1,1,2,43,43157,2,3,2,1,1
202300013555,18,10,2023,07:45,4,2,4,33,33448,1,1,3,1,2
202300013556,19,10,2023,09:50,1,8,3,91,91521,1,1,1,1,2
202300013557,2,2,2023,16:00,1,1,7,41,41018,2,4,1,1,1
202300013557,2,2,2023,16:00,1,1,7,41,41018,2,4,3,1,1
202300013558,18,10,2023,20:30,3,2,3,95,95500,1,1,3,1,2
202300013559,2,2,2023,19:40,5,1,6,39,39198,2,4,2,1,1
202300013560,18,10,2023,20:55,5,2,3,93,93066,1,1,3,1,2
202300013561,19,10,2023,08:35,1,1,3,92,92036,1,1,3,1,2
202300013562,19,10,2023,09:30,1,1,6,95,95582,1,1,1,2,2
202300013563,19,10,2023,05:20,3,2,6,95,95582,1,1,3,1,2
202300013564,18,10,2023,17:00,1,2,4,95,95572,1,1,3,1,2
202300013565,18,10,2023,10:00,1,1,3,93,93078,1,1,3,1,1
202300013566,19,10,2023,09:00,1,1,6,77,77373,1,2,-1,1,1
202300013567,19,10,2023,06:20,2,2,6,77,77373,1,2,1,1,2
202300013568,18,10,2023,23:30,3,2,6,77,77337,1,2,1,1,2
202300013569,18,10,2023,16:50,1,2,2,94,94052,1,1,-1,1,2
202300013570,19,8,2023,16:25,1,1,3,69,69387,2,4,1,1,1
202300013570,19,8,2023,16:25,1,1,3,69,69387,2,4,1,1,1
202300013571,19,8,2023,18:50,1,1,1,06,06069,2,4,2,1,1
202300013572,2,8,2023,22:13,3,2,7,32,32365,1,3,2,1,2
202300013573,18,10,2023,07:15,1,1,3,974,97416,1,4,2,1,1
202300013574,18,10,2023,06:00,2,1,6,974,97407,2,2,1,1,1
202300013574,18,10,2023,06:00,2,1,6,974,97407,2,2,1,1,1
202300013575,17,10,2023,15:37,1,1,3,973,97302,2,4,2,1,1
202300013575,17,10,2023,15:37,1,1,3,973,97302,2,4,2,1,1
202300013576,20,8,2023,21:23,5,1,6,973,97302,2,4,1,1,1
202300013577,20,8,2023,10:20,1,1,7,973,97302,2,3,2,1,1
202300013577,20,8,2023,10:20,1,1,7,973,97302,2,3,2,1,1
202300013578,18,10,2023,11:25,1,2,6,69,69383,2,4,1,1,2
202300013578,18,10,2023,11:25,1,2,6,69,69383,2,4,1,1,2
202300013579,18,10,2023,19:01,5,1,3,2B,2B033,2,4,-1,1,1
202300013579,18,10,2023,19:01,5,1,3,2B,2B033,2,4,-1,1,1
202300013580,18,10,2023,08:50,1,1,6,971,97113,2,3,1,1,1
202300013581,15,10,2023,04:20,3,1,2,971,97101,1,2,3,1,1
202300013582,13,10,2023,13:11,1,1,3,971,97101,2,3,2,1,1
202300013582,13,10,2023,13:11,1,1,3,971,97101,2,3,1,1,1
202300013583,8,10,2023,00:10,3,1,2,971,97113,1,2,1,1,1
202300013584,17,10,2023,17:43,1,1,7,87,87085,2,4,2,1,1
202300013584,17,10,2023,17:43,1,1,7,87,87085,2,4,1,1,1
202300013585,18,10,2023,23:16,5,1,7,81,81004,1,3,2,1,1
202300013586,17,10,2023,19:45,5,1,2,80,80021,1,4,2,1,1
202300013587,17,10,2023,06:04,3,1,1,77,77450,1,3,3,1,1
202300013588,18,10,2023,12:45,1,1,7,77,77449,2,4,1,1,1
202300013588,18,10,2023,12:45,1,1,7,77,77449,2,4,2,1,1
202300013589,18,10,2023,18:45,2,6,3,76,76498,2,4,2,1,2
202300013590,18,10,2023,09:15,1,2,7,76,76351,2,4,2,2,2
202300013590,18,10,2023,09:15,1,2,7,76,76351,2,4,1,2,2
202300013591,18,10,2023,07:50,2,1,3,74,74012,2,4,2,2,1
202300013592,18,10,2023,14:15,1,1,6,74,74010,2,4,-1,1,1
202300013592,18,10,2023,14:15,1,1,6,74,74010,2,4,2,1,1
202300013593,18,10,2023,11:15,1,2,3,72,72181,2,4,-1,1,2
202300013593,18,10,2023,11:15,1,2,3,72,72181,2,4,1,1,2
202300013594,18,10,2023,07:50,4,2,3,72,72181,2,4,1,1,2
202300013594,18,10,2023,07:50,4,2,3,72,72181,2,4,-1,1,2
202300013595,17,10,2023,07:40,2,1,3,71,71486,1,3,2,1,1
202300013596,13,10,2023,22:51,3,6,7,70,70550,2,4,1,3,1
202300013597,18,10,2023,22:41,5,2,3,69,69256,2,4,1,1,2
202300013598,18,10,2023,20:20,5,3,2,69,69266,2,4,1,1,2
202300013598,18,10,2023,20:20,5,3,2,69,69266,2,4,2,1,2
202300013599,18,10,2023,14:50,1,8,3,68,68224,2,4,2,1,2
202300013599,18,10,2023,14:50,1,8,3,68,68224,2,4,2,1,2
202300013600,18,10,2023,15:35,1,1,2,64,64189,2,3,-1,1,1
202300013601,18,10,2023,07:20,5,2,2,64,64102,2,4,1,1,2
202300013601,18,10,2023,07:20,5,2,2,64,64102,2,4,1,1,2
202300013602,18,10,2023,09:03,1,2,6,63,63300,2,4,2,1,2
202300013603,18,10,2023,18:22,1,1,6,61,61001,2,4,2,1,2
202300013604,17,10,2023,16:35,1,1,6,59,59339,1,4,1,1,1
202300013605,18,10,2023,18:57,3,2,6,59,59368,2,4,2,1,2
202300013606,17,10,2023,07:05,5,2,3,56,56098,2,3,2,1,2
202300013607,17,10,2023,15:40,1,7,6,54,54273,2,3,2,1,1
202300013607,17,10,2023,15:40,1,7,6,54,54273,2,3,2,1,1
202300013608,18,10,2023,18:50,5,2,1,51,51454,2,4,2,1,2
202300013609,17,10,2023,08:14,1,1,3,49,49246,2,3,2,1,1
202300013609,17,10,2023,08:14,1,1,3,49,49246,2,3,2,1,1
202300013610,17,10,2023,14:05,1,1,6,49,49007,2,4,3,1,1
202300013610,17,10,2023,14:05,1,1,6,49,49007,2,4,3,1,1
202300013611,17,10,2023,07:35,1,1,1,49,49015,2,4,2,1,1
202300013611,17,10,2023,07:35,1,1,1,49,49015,2,4,2,1,1
202300013612,18,10,2023,12:20,1,2,2,47,47001,2,4,2,1,2
202300013613,17,10,2023,13:10,1,1,3,46,46042,1,3,2,1,1
202300013614,18,10,2023,09:10,1,1,3,45,45004,2,4,1,1,1
202300013615,18,10,2023,12:20,1,2,3,37,37261,2,4,2,2,2
202300013615,18,10,2023,12:20,1,2,3,37,37261,2,4,2,2,2
202300013616,18,10,2023,18:05,1,1,6,35,35055,2,4,2,1,1
202300013617,18,10,2023,09:00,1,3,3,35,35281,2,4,2,1,2
202300013617,18,10,2023,09:00,1,3,3,35,35281,2,4,3,1,2
202300013618,18,10,2023,08:05,2,3,3,35,35238,2,4,2,2,2
202300013618,18,10,2023,08:05,2,3,3,35,35238,2,4,2,2,2
202300013619,18,10,2023,21:07,5,1,2,33,33522,2,4,2,1,1
202300013619,18,10,2023,21:07,5,1,2,33,33522,2,4,2,1,1
202300013620,18,10,2023,06:43,5,2,3,33,33249,2,4,2,1,2
202300013621,18,10,2023,07:45,2,8,1,25,25462,2,2,2,1,1
202300013621,18,10,2023,07:45,2,8,1,25,25462,2,2,2,1,1
202300013622,18,10,2023,15:00,1,1,6,13,13103,2,4,1,1,1
202300013622,18,10,2023,15:00,1,1,6,13,13103,2,4,1,1,1
202300013623,18,10,2023,21:40,5,1,3,13,13211,2,4,-1,1,1
202300013623,18,10,2023,21:40,5,1,3,13,13211,2,4,-1,1,1
202300013624,18,10,2023,19:30,2,1,2,13,13075,2,4,2,1,1
202300013625,18,10,2023,11:00,1,1,6,13,13215,2,4,1,1,1
202300013625,18,10,2023,11:00,1,1,6,13,13215,2,4,2,1,1