id_accident,jour,mois,annee,heure_minute,luminosite,meteo,type_collision,departement,commune,agglomeration,categorie_route,regime_circulation,profil_route,etat_surface
202300013626,18,10,2023,23:40,5,1,3,11,11069,2,3,2,1,1
202300013626,18,10,2023,23:40,5,1,3,11,11069,2,3,2,1,1
202300013627,18,10,2023,14:40,1,2,4,06,06069,2,4,2,2,2
202300013627,18,10,2023,14:40,1,2,4,06,06069,2,4,2,1,2
202300013628,18,10,2023,11:50,1,8,6,06,06004,2,4,1,1,1
202300013629,18,10,2023,11:10,1,1,6,04,04070,2,4,-1,1,1
202300013630,18,10,2023,17:45,1,2,2,01,01053,2,4,2,1,2
202300013631,18,10,2023,09:50,1,1,6,75,75119,2,4,1,1,1
202300013632,18,10,2023,18:50,5,2,3,75,75116,2,4,1,1,2
202300013632,18,10,2023,18:50,5,2,3,75,75116,2,4,1,1,2
202300013633,18,10,2023,10:20,1,1,3,75,75115,2,4,2,1,1
202300013633,18,10,2023,10:20,1,1,3,75,75115,2,4,1,1,1
202300013634,18,10,2023,15:00,1,3,6,75,75113,2,4,2,2,2
202300013634,18,10,2023,15:00,1,3,6,75,75113,2,4,2,1,2
202300013635,18,10,2023,20:25,5,1,6,75,75111,2,4,2,1,2
202300013635,18,10,2023,20:25,5,1,6,75,75111,2,4,1,2,2
202300013636,18,10,2023,12:00,1,1,6,75,75120,2,4,3,1,1
202300013637,18,10,2023,17:30,1,2,6,75,75110,2,4,1,1,2
202300013637,18,10,2023,17:30,1,2,6,75,75110,2,4,-1,1,2
202300013638,18,10,2023,17:10,2,2,2,75,75110,2,4,2,1,2
202300013638,18,10,2023,17:10,2,2,2,75,75110,2,4,2,1,2
202300013639,18,10,2023,13:10,1,2,3,75,75110,2,4,1,1,2
202300013639,18,10,2023,13:10,1,2,3,75,75110,2,4,1,1,2
202300013640,18,10,2023,09:10,1,1,6,75,75110,2,4,2,2,1
202300013641,18,10,2023,19:50,5,2,6,75,75109,2,4,1,1,2
202300013641,18,10,2023,19:50,5,2,6,75,75109,2,4,1,1,2
202300013642,18,10,2023,14:20,1,3,6,75,75109,2,4,1,1,3
202300013642,18,10,2023,14:20,1,3,6,75,75109,2,4,1,1,3
202300013643,17,10,2023,10:20,1,1,4,75,75107,2,4,2,1,1
202300013643,17,10,2023,10:20,1,1,4,75,75107,2,4,-1,1,1
202300013644,18,10,2023,18:50,1,2,2,94,94074,2,2,2,1,2
202300013645,18,10,2023,09:40,1,1,3,94,94078,2,4,2,1,1
202300013646,18,10,2023,07:35,5,1,2,94,94074,2,3,2,1,1
202300013647,18,10,2023,19:00,5,2,6,94,94033,2,3,3,2,2
202300013648,18,10,2023,12:35,1,1,2,94,94028,2,3,1,1,1
202300013649,18,10,2023,05:05,3,1,6,94,94028,2,6,-1,1,1
202300013650,18,10,2023,08:40,1,1,3,94,94071,2,3,2,1,1
202300013651,28,4,2023,14:47,1,1,2,37,37228,1,1,3,1,1
202300013652,18,10,2023,12:40,1,8,4,93,93078,2,3,2,1,1
202300013653,16,4,2023,19:20,1,1,3,56,56033,1,3,2,1,1
202300013653,16,4,2023,19:20,1,1,3,56,56033,1,3,2,1,1
202300013654,18,10,2023,12:40,1,2,5,93,93066,2,3,2,1,2
202300013655,29,4,2023,03:30,3,1,6,56,56002,1,2,3,2,1
202300013656,18,10,2023,20:00,5,2,6,93,93064,2,4,2,2,2
202300013657,28,4,2023,13:00,1,8,7,76,76232,2,4,2,1,1
202300013658,18,10,2023,19:18,5,2,3,93,93031,2,3,1,1,2
202300013659,29,4,2023,16:10,1,1,3,76,76524,2,3,2,1,1
202300013659,29,4,2023,16:10,1,1,3,76,76524,2,3,2,1,1
202300013660,18,10,2023,07:10,5,2,1,93,93029,2,3,1,1,2
202300013661,29,4,2023,02:17,3,1,7,80,80271,2,4,2,1,1
202300013662,17,10,2023,16:40,1,1,3,93,93029,2,3,2,1,1
202300013663,29,4,2023,09:40,1,1,2,65,65129,2,3,2,1,1
202300013664,17,10,2023,10:30,1,1,2,93,93029,2,3,2,1,1
202300013664,17,10,2023,10:30,1,1,2,93,93029,2,3,1,1,1
202300013665,28,4,2023,18:30,1,1,1,81,81128,1,3,2,1,1
202300013665,28,4,2023,18:30,1,1,1,81,81128,1,3,2,2,1
202300013666,18,10,2023,11:20,1,1,6,92,92063,2,3,-1,1,1
202300013667,28,4,2023,17:00,1,1,7,11,11262,1,3,2,1,1
202300013668,29,4,2023,01:15,3,3,6,63,63003,1,3,2,2,2
202300013669,18,10,2023,10:30,1,1,5,92,92051,2,2,1,1,1
202300013670,28,4,2023,21:45,5,1,6,63,63453,2,3,2,1,1
202300013671,18,10,2023,03:00,5,1,2,92,92051,2,2,1,1,1
202300013672,29,4,2023,13:25,1,2,7,46,46317,1,3,2,2,2
202300013673,18,10,2023,18:55,2,2,3,92,92048,2,3,2,1,2
202300013674,29,4,2023,13:40,1,1,3,29,29273,1,3,2,2,1
202300013675,18,10,2023,08:50,1,8,3,92,92035,2,4,1,1,2
202300013675,18,10,2023,08:50,1,8,3,92,92035,2,4,1,1,2
202300013676,29,4,2023,10:40,1,2,7,31,31143,1,3,2,1,2
202300013677,18,10,2023,17:05,2,2,2,92,92012,2,3,1,1,2
202300013678,28,4,2023,20:00,2,1,1,38,38343,1,3,2,1,1
202300013678,28,4,2023,20:00,2,1,1,38,38343,1,3,2,1,1
202300013679,18,10,2023,13:55,1,2,3,92,92012,2,3,2,2,2
202300013680,28,4,2023,13:30,1,1,1,15,15187,2,4,2,2,1
202300013681,18,10,2023,12:30,1,8,4,92,92012,2,3,1,1,1
202300013681,18,10,2023,12:30,1,8,4,92,92012,2,3,1,1,1
202300013682,28,4,2023,14:45,1,1,3,01,01374,1,3,2,1,1
202300013682,28,4,2023,14:45,1,1,3,01,01374,1,3,2,1,1
202300013683,17,10,2023,22:00,3,1,2,92,92004,2,3,-1,1,1
202300013684,28,4,2023,11:35,1,2,3,70,70567,1,3,2,1,2
202300013684,28,4,2023,11:35,1,2,3,70,70567,1,3,2,1,2
202300013685,18,10,2023,06:30,5,2,3,92,92002,2,3,1,1,2
202300013686,29,4,2023,16:35,1,1,5,54,54018,1,3,2,1,1
202300013687,28,4,2023,15:40,1,1,1,72,72071,1,3,2,1,1
202300013688,19,10,2023,08:00,2,8,4,60,60590,1,3,2,2,2
202300013688,19,10,2023,08:00,2,8,4,60,60590,1,3,2,1,1
202300013689,24,4,2023,16:15,1,1,1,14,14716,1,3,2,1,1
202300013689,24,4,2023,16:15,1,1,1,14,14716,1,3,2,1,1
202300013690,10,9,2023,19:20,2,1,3,60,60387,2,4,1,2,1
202300013691,19,10,2023,10:40,1,3,6,63,63116,2,3,2,1,2
202300013692,28,4,2023,18:25,1,1,3,50,50378,1,3,2,1,1
202300013692,28,4,2023,18:25,1,1,3,50,50378,1,3,2,1,1
202300013693,8,3,2023,22:30,3,3,7,40,40185,1,3,2,1,2
202300013693,8,3,2023,22:30,3,3,7,40,40185,1,3,-1,-1,-1
202300013694,18,10,2023,16:25,1,1,5,64,64410,2,3,2,1,1
202300013694,18,10,2023,16:25,1,1,5,64,64410,2,3,1,1,1
202300013695,29,4,2023,06:15,3,1,6,40,40197,1,3,2,1,1
202300013696,29,4,2023,02:25,3,1,6,40,40062,2,3,2,1,1
202300013697,18,10,2023,07:08,3,8,1,01,01288,1,3,2,2,1
202300013697,18,10,2023,07:08,3,8,1,01,01288,1,3,2,2,1
202300013698,29,4,2023,15:10,1,1,5,85,85280,1,3,2,1,1
202300013699,18,10,2023,17:15,1,2,6,22,22020,1,2,3,1,8
202300013700,28,4,2023,15:20,1,1,3,30,30106,1,3,2,2,1
202300013701,18,10,2023,18:45,5,1,3,974,97413,2,2,2,1,1
202300013702,29,4,2023,19:30,1,1,6,08,08095,2,3,2,4,1
202300013703,11,10,2023,10:10,1,2,7,85,85109,2,4,2,2,2
202300013704,29,4,2023,15:45,1,1,7,08,08203,1,3,2,2,1
202300013705,28,4,2023,09:54,1,2,2,57,57119,1,2,3,1,2
202300013706,26,4,2023,07:15,2,7,1,13,13114,1,3,2,1,1
202300013707,29,4,2023,17:30,1,1,6,988,98825,1,2,2,1,1
202300013708,19,10,2023,08:10,2,2,1,62,62870,1,3,2,1,2
202300013709,29,4,2023,05:15,5,1,2,973,97305,2,2,2,1,1
202300013709,29,4,2023,05:15,5,1,2,973,97305,2,2,2,1,1
202300013710,18,10,2023,11:00,1,1,6,77,77182,2,6,2,1,1
202300013711,29,4,2023,03:40,4,2,6,971,97107,1,2,2,1,2
202300013712,19,10,2023,04:10,4,1,3,95,95056,2,3,2,3,1
202300013712,19,10,2023,04:10,4,1,3,95,95056,2,3,2,1,1
202300013713,29,4,2023,17:35,1,1,3,45,45082,1,3,2,1,1
202300013713,29,4,2023,17:35,1,1,3,45,45082,1,3,2,1,1
202300013714,28,4,2023,22:55,3,1,7,77,77504,1,3,2,2,1
202300013715,18,10,2023,17:00,1,2,6,56,56061,2,4,2,3,2
202300013716,19,10,2023,07:55,2,1,3,82,82165,1,3,2,1,2
202300013717,18,10,2023,20:15,5,1,3,33,33490,2,3,2,1,1
202300013717,18,10,2023,20:15,5,1,3,33,33490,2,3,2,1,1
202300013718,28,4,2023,16:33,1,1,1,30,30156,2,3,2,1,1
202300013719,27,7,2023,18:50,1,1,3,81,81288,1,3,2,1,1
202300013719,27,7,2023,18:50,1,1,3,81,81288,1,3,2,3,1
202300013720,29,4,2023,13:10,1,1,3,83,83101,1,3,2,2,1
202300013721,19,10,2023,06:30,3,2,2,11,11195,1,3,2,1,2
202300013721,19,10,2023,06:30,3,2,2,11,11195,1,3,2,1,2
202300013722,29,4,2023,00:20,3,1,5,38,38468,1,1,1,1,1
202300013723,18,10,2023,10:10,1,8,1,63,63258,2,3,2,1,1
202300013724,28,4,2023,22:00,3,1,1,89,89067,1,3,2,1,1
202300013725,10,10,2023,22:15,3,1,6,49,49125,1,3,2,1,1
202300013726,29,4,2023,05:00,2,1,1,68,68063,2,3,2,1,1
202300013726,29,4,2023,05:00,2,1,1,68,68063,2,3,2,1,1
202300013727,29,4,2023,15:00,1,1,6,26,26173,1,4,2,1,1
202300013728,28,4,2023,22:05,3,1,6,26,26367,1,3,2,2,1
202300013729,18,10,2023,14:47,1,2,3,22,22152,1,3,2,2,2
202300013730,29,4,2023,15:40,1,1,7,01,01043,2,4,1,1,1
202300013731,18,10,2023,16:15,1,1,6,25,25127,1,3,2,1,1
202300013732,29,4,2023,12:35,1,2,1,01,01187,1,3,2,1,2
202300013732,29,4,2023,12:35,1,2,1,01,01187,1,3,2,1,2
202300013733,28,4,2023,15:30,1,1,3,69,69206,2,6,-1,1,1
202300013734,16,10,2023,07:45,2,1,1,38,38094,1,3,2,2,1
202300013735,28,4,2023,18:55,1,1,6,31,31451,2,3,2,1,1
202300013736,19,10,2023,09:26,1,8,6,26,26238,1,3,2,1,2
202300013737,28,4,2023,19:42,1,1,6,33,33393,2,3,2,1,1
202300013737,28,4,2023,19:42,1,1,6,33,33393,2,3,2,1,1
202300013738,28,4,2023,17:00,1,1,2,14,14488,2,3,2,1,1
202300013738,28,4,2023,17:00,1,1,2,14,14488,2,3,2,1,1
202300013739,29,4,2023,06:00,2,8,6,35,35287,2,6,-1,1,1
202300013740,28,4,2023,22:45,3,1,6,27,27188,1,3,2,1,1
202300013741,27,4,2023,13:35,1,1,3,83,83126,1,1,1,1,1
202300013742,27,4,2023,07:15,1,1,6,33,33318,1,1,3,1,1
202300013743,27,4,2023,19:29,1,1,3,94,94034,1,1,1,1,2
202300013744,27,4,2023,20:30,2,2,2,91,91521,1,2,3,1,2
202300013745,27,4,2023,17:30,1,2,3,91,91553,1,2,1,2,2
202300013746,27,4,2023,14:17,1,1,2,91,91692,1,2,1,2,1
202300013747,27,4,2023,20:20,1,2,2,78,78640,1,2,1,1,2
202300013748,27,4,2023,20:25,2,2,7,78,78007,1,1,1,2,2
202300013749,27,4,2023,22:15,3,2,2,93,93064,1,1,3,1,2
202300013750,27,4,2023,19:00,1,2,7,95,95042,1,2,1,3,2
202300013751,27,4,2023,13:35,1,1,7,93,93010,1,1,1,1,1
202300013752,26,4,2023,22:00,3,2,3,93,93007,1,1,3,1,2
202300013753,26,4,2023,17:40,1,1,3,93,93053,1,1,3,1,1
202300013754,27,4,2023,16:15,1,1,5,77,77018,1,1,3,1,1
202300013755,27,4,2023,13:50,1,1,3,94,94073,1,1,3,1,1
202300013756,27,4,2023,10:00,1,1,2,75,75112,1,1,1,1,1
202300013757,27,4,2023,22:00,3,1,2,47,47146,2,3,-1,1,1
202300013757,27,4,2023,22:00,3,1,2,47,47146,2,3,2,1,1
202300013758,27,4,2023,18:12,1,1,6,86,86092,2,6,-1,1,1
202300013759,27,4,2023,14:00,1,1,3,13,13078,1,4,2,1,1
202300013759,27,4,2023,14:00,1,1,3,13,13078,1,4,2,1,1
202300013760,28,4,2023,14:30,1,2,1,67,67430,1,3,2,2,2
202300013760,28,4,2023,14:30,1,2,1,67,67430,1,3,2,2,2
202300013761,28,4,2023,08:30,1,1,5,972,97207,2,4,2,1,1
202300013762,27,4,2023,22:30,4,1,6,63,63225,2,3,2,2,1
202300013763,26,4,2023,19:10,1,1,6,29,29068,1,2,3,1,1
202300013764,26,4,2023,18:45,1,1,3,30,30273,1,3,2,1,1
202300013764,26,4,2023,18:45,1,1,3,30,30273,1,3,-1,1,1
202300013765,28,4,2023,14:50,1,1,7,79,79166,1,3,2,1,1
202300013766,26,4,2023,22:45,3,1,6,31,31056,2,2,3,1,1
202300013767,27,4,2023,22:45,5,1,1,69,69168,2,7,2,1,1
202300013767,27,4,2023,22:45,5,1,1,69,69168,2,7,4,1,1
202300013768,27,4,2023,15:40,1,1,6,32,32125,1,2,2,1,1
202300013769,27,4,2023,12:00,1,1,3,32,32160,2,3,2,1,1
202300013769,27,4,2023,12:00,1,1,3,32,32160,2,3,2,1,1
202300013770,28,4,2023,18:35,1,1,6,12,12244,2,3,2,2,1
202300013771,27,4,2023,15:24,1,1,7,22,22220,1,4,2,1,6
202300013772,27,4,2023,10:30,1,1,6,31,31584,1,3,2,1,8
202300013773,27,4,2023,18:15,1,1,5,84,84030,2,3,2,1,1
202300013774,26,4,2023,09:30,1,8,3,15,15138,1,3,2,2,1
202300013775,28,4,2023,11:55,1,1,7,58,58283,1,3,2,2,1
202300013776,27,4,2023,19:05,1,7,7,66,66096,1,3,2,1,1
202300013777,22,4,2023,22:00,3,1,3,72,72300,2,3,2,1,1
202300013778,28,4,2023,13:35,1,1,3,06,06067,1,3,2,2,1
202300013779,28,4,2023,10:30,1,1,5,05,05045,1,2,2,2,1
202300013780,28,4,2023,17:40,1,1,1,09,09323,1,4,-1,1,1
202300013781,28,4,2023,12:15,1,1,7,60,60651,2,4,2,1,1
202300013782,28,4,2023,15:50,1,1,3,64,64495,1,3,2,2,1
202300013783,28,4,2023,07:30,2,1,3,40,40197,2,4,-1,1,1
202300013783,28,4,2023,07:30,2,1,3,40,40197,2,4,-1,-1,-1
202300013784,7,4,2023,14:00,1,1,6,27,27398,1,3,2,1,1
202300013785,15,3,2023,18:00,2,1,2,978,97801,2,3,2,2,1
202300013786,28,4,2023,16:15,1,1,7,13,13037,1,3,2,4,1
202300013787,28,4,2023,06:00,2,1,6,13,13086,1,1,3,1,1
202300013788,28,4,2023,13:30,1,1,2,21,21684,1,1,3,1,1
202300013789,27,4,2023,14:15,1,1,1,988,98821,1,1,1,1,1
202300013789,27,4,2023,14:15,1,1,1,988,98821,1,1,2,1,1
202300013790,28,4,2023,16:45,1,1,3,95,95409,1,3,1,1,1
202300013791,22,4,2023,03:00,3,1,7,34,34017,1,3,2,1,1
202300013791,22,4,2023,03:00,3,1,7,34,34017,1,3,2,1,1
202300013792,28,4,2023,04:30,3,1,7,83,83104,1,3,2,1,1
202300013792,28,4,2023,04:30,3,1,7,83,83104,1,3,2,1,1
202300013793,24,4,2023,17:10,1,1,5,04,04197,2,3,2,2,1
202300013793,24,4,2023,17:10,1,1,5,04,04197,2,3,2,2,1
202300013794,27,4,2023,09:00,1,1,6,13,13081,2,4,2,1,1
202300013795,28,4,2023,10:30,1,2,1,68,68012,1,3,2,1,2
202300013796,26,4,2023,17:40,1,1,3,67,67046,2,4,2,1,1
202300013796,26,4,2023,17:40,1,1,3,67,67046,2,4,2,1,1
202300013797,22,4,2023,13:04,1,1,3,67,67046,2,4,2,1,1
202300013798,27,4,2023,21:40,3,1,6,42,42175,1,3,2,1,1
202300013799,27,4,2023,20:25,2,1,3,26,26004,2,4,-1,1,1
202300013800,26,4,2023,18:30,1,1,3,69,69019,2,3,2,2,1
202300013801,26,4,2023,08:43,1,2,6,81,81037,1,4,2,2,2
202300013802,24,4,2023,17:18,1,1,3,86,86062,2,4,2,1,1
202300013803,28,4,2023,10:40,1,1,6,33,33243,2,3,2,1,1
202300013804,28,4,2023,10:45,1,2,4,60,60370,2,3,2,1,2
202300013804,28,4,2023,10:45,1,2,4,60,60370,2,3,2,1,2
202300013805,27,4,2023,18:55,1,1,5,59,59435,1,4,2,1,1
202300013806,17,2,2023,23:20,3,1,1,74,74128,1,3,2,1,1
202300013807,16,2,2023,22:30,5,1,7,74,74208,2,3,2,1,1
202300013808,14,2,2023,16:08,1,1,2,74,74002,1,1,3,1,1
202300013809,12,2,2023,04:30,3,1,6,74,74112,1,3,3,2,1
202300013810,5,2,2023,11:40,1,1,3,74,74155,1,3,2,1,2
202300013811,2,2,2023,07:55,1,1,2,74,74012,2,4,2,1,1
202300013812,26,4,2023,16:55,1,1,6,78,78517,2,4,-1,1,1
202300013813,26,4,2023,17:37,1,1,6,72,72181,2,4,-1,1,1
202300013814,20,4,2023,20:19,1,1,6,29,29019,2,4,-1,2,1
202300013815,31,1,2023,19:05,3,1,7,40,40281,1,3,2,1,1
202300013816,26,4,2023,18:50,4,1,6,974,97411,2,4,1,1,1
202300013817,26,4,2023,20:25,1,1,6,69,69387,2,4,1,1,1
202300013818,26,4,2023,17:15,1,1,2,69,69383,2,4,2,1,1
202300013818,26,4,2023,17:15,1,1,2,69,69383,2,4,2,1,1
202300013819,26,4,2023,16:55,2,2,2,972,97213,1,1,1,1,2
202300013820,26,4,2023,16:45,1,2,3,972,97213,1,4,2,1,2
202300013821,25,4,2023,19:00,3,3,6,972,97209,2,3,2,1,2
202300013822,25,4,2023,20:40,1,1,3,69,69385,2,4,2,1,1
202300013823,26,4,2023,09:21,1,1,3,2A,2A004,2,4,2,1,1
202300013823,26,4,2023,09:21,1,1,3,2A,2A004,2,4,2,1,1
202300013824,25,4,2023,15:00,1,1,3,91,91549,2,4,2,1,1
202300013825,26,4,2023,23:55,3,1,7,91,91432,2,4,2,1,2
202300013826,26,4,2023,13:55,1,1,3,91,91479,2,3,2,1,1
202300013826,26,4,2023,13:55,1,1,3,91,91479,2,3,-1,1,1
202300013827,26,4,2023,09:30,1,2,7,87,87085,2,3,4,1,2
202300013828,25,4,2023,23:19,5,2,3,87,87085,2,4,2,2,2
202300013828,25,4,2023,23:19,5,2,3,87,87085,2,4,1,1,2
202300013829,26,4,2023,07:41,2,2,3,87,87085,2,4,2,1,2
202300013829,26,4,2023,07:41,2,2,3,87,87085,2,4,3,1,2
202300013830,31,3,2023,04:30,5,1,3,84,84007,2,4,3,1,1
202300013830,31,3,2023,04:30,5,1,3,84,84007,2,4,2,1,1
202300013831,26,4,2023,07:30,1,1,2,83,83137,2,4,1,1,1
202300013831,26,4,2023,07:30,1,1,2,83,83137,2,4,1,1,1
202300013832,26,4,2023,08:20,1,1,3,77,77306,1,3,2,1,1
202300013832,26,4,2023,08:20,1,1,3,77,77306,1,3,2,1,1
202300013833,26,4,2023,13:00,1,1,5,76,76575,2,4,2,1,1
202300013834,25,4,2023,17:00,1,1,6,76,76351,2,4,1,1,1
202300013834,25,4,2023,17:00,1,1,6,76,76351,2,4,1,1,1
202300013835,26,4,2023,20:06,1,1,7,72,72181,2,3,3,1,1
202300013836,25,4,2023,14:55,1,1,3,72,72181,2,4,1,1,1
202300013836,25,4,2023,14:55,1,1,3,72,72181,2,4,3,1,1
202300013837,26,4,2023,06:10,2,1,2,69,69266,2,4,2,1,1
202300013838,26,4,2023,08:30,1,1,3,69,69276,1,7,2,1,1
202300013838,26,4,2023,08:30,1,1,3,69,69276,1,7,2,1,1
202300013839,20,4,2023,17:56,1,1,3,68,68066,2,4,2,1,1
202300013839,20,4,2023,17:56,1,1,3,68,68066,2,4,2,1,1
202300013840,26,4,2023,12:15,1,1,3,67,67482,2,4,2,1,1
202300013841,24,4,2023,23:57,3,1,6,66,66136,1,3,3,4,1
202300013842,23,4,2023,07:40,1,1,6,64,64122,2,4,2,2,1
202300013843,25,4,2023,19:00,1,1,2,64,64024,2,4,2,1,1
202300013844,26,4,2023,08:00,1,1,6,59,59426,2,4,2,1,1
202300013845,26,4,2023,10:00,1,1,3,59,59512,2,4,1,1,1
202300013845,26,4,2023,10:00,1,1,3,59,59512,2,4,1,1,1
202300013846,23,4,2023,15:50,1,3,6,57,57019,2,3,2,1,2
202300013847,25,4,2023,14:55,1,2,6,54,54547,2,4,2,1,2
202300013847,25,4,2023,14:55,1,2,6,54,54547,2,4,2,1,2
202300013848,25,4,2023,08:15,1,8,1,38,38185,2,4,2,1,2
202300013848,25,4,2023,08:15,1,8,1,38,38185,2,4,2,1,2
202300013849,26,4,2023,06:05,5,1,1,35,35238,2,4,2,1,1
202300013849,26,4,2023,06:05,5,1,1,35,35238,2,4,2,1,1
202300013850,26,4,2023,14:00,1,8,3,35,35150,2,3,2,2,1
202300013850,26,4,2023,14:00,1,8,3,35,35150,2,3,2,2,1
202300013851,26,4,2023,08:35,1,1,1,34,34108,2,4,2,1,1
202300013851,26,4,2023,08:35,1,1,1,34,34108,2,4,2,1,1
202300013852,24,4,2023,09:45,1,1,1,34,34032,2,4,1,1,1
202300013852,24,4,2023,09:45,1,1,1,34,34032,2,4,2,1,1
202300013853,26,4,2023,19:30,1,2,2,33,33063,2,4,4,1,2
202300013854,26,4,2023,17:30,1,1,1,13,13209,1,3,2,2,1
202300013855,26,4,2023,15:45,1,1,3,13,13206,2,4,1,1,1
202300013855,26,4,2023,15:45,1,1,3,13,13206,2,4,1,1,1
202300013856,26,4,2023,15:15,1,1,6,13,13214,2,4,2,1,1
202300013857,26,4,2023,11:50,1,1,3,13,13206,2,4,1,4,1
202300013857,26,4,2023,11:50,1,1,3,13,13206,2,4,1,1,1
202300013858,26,4,2023,11:55,1,1,3,09,09225,2,4,1,1,1
202300013858,26,4,2023,11:55,1,1,3,09,09225,2,4,2,1,1
202300013859,26,4,2023,17:35,1,1,6,06,06088,2,4,2,2,1
202300013860,26,4,2023,15:15,1,1,2,75,75114,2,4,1,1,2
202300013860,26,4,2023,15:15,1,1,2,75,75114,2,4,1,1,2
202300013861,26,4,2023,12:10,1,1,3,75,75112,2,4,1,1,1
202300013861,26,4,2023,12:10,1,1,3,75,75112,2,4,1,1,1
202300013862,26,4,2023,11:41,1,1,5,75,75112,2,4,2,1,1
202300013862,26,4,2023,11:41,1,1,5,75,75112,2,4,2,1,1
202300013863,26,4,2023,07:10,1,1,6,75,75120,2,4,1,1,1
202300013863,26,4,2023,07:10,1,1,6,75,75120,2,4,1,1,1
202300013864,26,4,2023,19:15,1,1,7,75,75120,2,4,2,2,1
202300013865,26,4,2023,08:20,1,1,3,75,75119,2,4,1,1,1
202300013865,26,4,2023,08:20,1,1,3,75,75119,2,4,2,2,1
202300013866,26,4,2023,12:30,1,1,3,75,75118,2,4,1,1,1
202300013867,26,4,2023,18:30,1,1,3,75,75117,2,4,2,1,1
202300013867,26,4,2023,18:30,1,1,3,75,75117,2,4,2,1,1
202300013868,26,4,2023,18:05,1,1,6,75,75115,2,4,-1,1,1
202300013868,26,4,2023,18:05,1,1,6,75,75115,2,4,1,1,1
202300013869,25,4,2023,03:05,5,2,6,75,75115,2,4,1,1,2
202300013870,26,4,2023,08:55,1,1,3,75,75114,2,4,1,1,1
202300013870,26,4,2023,08:55,1,1,3,75,75114,2,4,-1,1,1
202300013871,26,4,2023,16:30,1,1,3,75,75111,2,4,2,1,1
202300013871,26,4,2023,16:30,1,1,3,75,75111,2,4,2,1,1
202300013872,26,4,2023,14:30,1,1,6,75,75110,2,4,1,1,1
202300013873,26,4,2023,14:05,1,1,2,75,75109,2,4,1,1,1
202300013874,26,4,2023,20:00,1,1,7,75,75107,2,4,2,1,1
202300013874,26,4,2023,20:00,1,1,7,75,75107,2,4,-1,1,1
202300013875,25,4,2023,18:35,1,1,6,94,94078,2,2,3,1,1
202300013875,25,4,2023,18:35,1,1,6,94,94078,2,2,2,1,1
202300013876,25,4,2023,15:30,1,1,5,94,94019,2,4,2,1,1
202300013877,26,4,2023,21:21,5,2,3,94,94004,2,4,3,1,2
202300013878,26,4,2023,15:35,1,1,3,93,93071,2,4,1,2,1
202300013878,26,4,2023,15:35,1,1,3,93,93071,2,4,2,1,1
202300013879,7,4,2023,11:55,1,1,5,93,93066,2,3,1,1,1
202300013880,26,4,2023,18:15,1,1,6,93,93055,2,3,2,2,1
202300013881,26,4,2023,14:30,1,2,6,93,93048,2,3,2,1,2
202300013881,26,4,2023,14:30,1,2,6,93,93048,2,3,1,1,2
202300013882,26,4,2023,07:40,2,1,3,93,93048,2,3,2,1,1
202300013882,26,4,2023,07:40,2,1,3,93,93048,2,3,2,1,1
202300013883,12,8,2023,08:20,1,8,3,17,17333,2,4,1,1,1
202300013883,12,8,2023,08:20,1,8,3,17,17333,2,4,2,1,1
202300013884,12,8,2023,22:00,5,1,3,13,13054,2,4,2,1,1
202300013884,12,8,2023,22:00,5,1,3,13,13054,2,4,2,1,1
202300013885,12,8,2023,03:20,5,1,6,13,13208,2,4,1,1,1
202300013886,12,8,2023,00:57,5,1,3,13,13213,2,4,3,2,1
202300013887,12,8,2023,14:00,1,1,3,13,13005,2,3,2,1,1
202300013888,13,8,2023,01:25,5,1,2,11,11262,2,4,2,4,1
202300013889,8,8,2023,08:00,1,1,3,05,05061,2,4,2,1,1
202300013890,10,8,2023,21:05,1,1,3,75,75118,2,4,1,1,1
202300013890,10,8,2023,21:05,1,1,3,75,75118,2,4,1,1,1
202300013891,12,8,2023,17:40,1,1,6,75,75113,2,4,-1,1,1
202300013892,12,8,2023,06:20,2,2,2,75,75118,2,4,1,2,2
202300013892,12,8,2023,06:20,2,2,2,75,75118,2,4,1,1,2
202300013893,12,8,2023,00:03,5,2,7,75,75114,2,4,1,1,2
202300013893,12,8,2023,00:03,5,2,7,75,75114,2,4,2,1,2
202300013894,12,8,2023,17:40,1,1,6,75,75111,2,4,2,1,1
202300013895,12,8,2023,08:50,1,2,4,75,75110,2,4,3,1,2
202300013895,12,8,2023,08:50,1,2,4,75,75110,2,4,1,1,2
202300013896,2,8,2023,21:20,2,1,2,75,75108,2,4,1,1,1
202300013897,12,8,2023,04:10,5,3,6,75,75104,2,4,1,1,2
202300013897,12,8,2023,04:10,5,3,6,75,75104,2,4,1,1,2
202300013898,11,8,2023,09:43,1,1,3,75,75101,2,4,1,1,1
202300013898,11,8,2023,09:43,1,1,3,75,75101,2,4,1,1,1
202300013899,7,7,2023,09:00,1,1,6,06,06069,1,3,3,1,1
202300013900,5,7,2023,22:50,5,1,7,75,75113,2,4,1,1,1
202300013900,5,7,2023,22:50,5,1,7,75,75113,2,4,1,1,1
202300013901,12,8,2023,18:45,1,1,2,93,93066,2,3,2,1,1
202300013901,12,8,2023,18:45,1,1,2,93,93066,2,3,2,1,1
202300013902,7,7,2023,13:10,5,1,6,75,75101,2,4,1,1,1
202300013903,12,8,2023,20:15,1,1,7,93,93071,2,3,1,1,1