id_accident,jour,mois,annee,heure_minute,luminosite,meteo,type_collision,departement,commune,agglomeration,categorie_route,regime_circulation,profil_route,etat_surface
202300013903,12,8,2023,20:15,1,1,7,93,93071,2,3,2,1,1
202300013904,7,7,2023,11:55,1,1,6,75,75106,2,4,1,1,1
202300013904,7,7,2023,11:55,1,1,6,75,75106,2,4,1,1,1
202300013905,11,8,2023,23:40,5,1,1,93,93047,2,4,2,1,1
202300013906,7,7,2023,18:30,1,1,2,75,75116,2,4,2,2,1
202300013907,6,7,2023,16:30,1,1,6,75,75116,2,4,-1,1,1
202300013907,6,7,2023,16:30,1,1,6,75,75116,2,4,1,1,1
202300013908,12,8,2023,21:20,2,8,7,92,92022,2,3,2,1,1
202300013909,7,7,2023,20:00,1,1,3,75,75114,2,4,1,1,1
202300013910,7,7,2023,20:40,1,1,2,75,75112,2,4,-1,1,1
202300013911,13,8,2023,17:23,1,1,1,84,84088,2,4,2,1,1
202300013912,7,7,2023,17:05,1,1,2,75,75111,2,4,2,1,1
202300013912,7,7,2023,17:05,1,1,2,75,75111,2,4,-1,1,1
202300013913,13,8,2023,22:00,3,1,3,27,27256,1,3,2,1,1
202300013913,13,8,2023,22:00,3,1,3,27,27256,1,3,2,1,1
202300013914,14,8,2023,02:20,3,1,6,12,12073,1,3,2,1,1
202300013915,7,7,2023,04:30,4,1,1,75,75111,2,4,3,1,1
202300013915,7,7,2023,04:30,4,1,1,75,75111,2,4,1,1,1
202300013916,13,8,2023,05:00,3,1,2,63,63178,1,1,3,1,1
202300013917,7,7,2023,08:45,1,7,3,75,75110,2,4,2,2,1
202300013917,7,7,2023,08:45,1,7,3,75,75110,2,4,2,2,1
202300013918,13,8,2023,05:58,1,1,7,51,51518,1,3,2,1,1
202300013918,13,8,2023,05:58,1,1,7,51,51518,1,3,2,1,1
202300013919,7,7,2023,08:20,1,1,5,75,75108,2,4,2,1,1
202300013920,14,8,2023,14:40,1,1,1,56,56219,1,3,2,1,1
202300013920,14,8,2023,14:40,1,1,1,56,56219,1,3,2,1,1
202300013921,6,7,2023,09:38,1,1,3,75,75107,2,4,2,1,1
202300013921,6,7,2023,09:38,1,1,3,75,75107,2,4,2,1,1
202300013922,14,8,2023,08:20,1,1,6,65,65388,1,3,2,2,9
202300013923,13,8,2023,18:48,1,1,6,65,65258,2,3,2,1,1
202300013923,13,8,2023,18:48,1,1,6,65,65258,2,3,2,2,1
202300013924,7,7,2023,17:21,1,1,1,75,75102,2,4,2,1,1
202300013924,7,7,2023,17:21,1,1,1,75,75102,2,4,2,1,1
202300013925,13,8,2023,18:00,1,1,1,32,32148,1,2,2,2,1
202300013926,7,7,2023,11:40,1,1,3,75,75101,2,4,2,1,1
202300013926,7,7,2023,11:40,1,1,3,75,75101,2,4,1,1,1
202300013927,12,8,2023,06:00,2,1,6,11,11008,1,3,2,1,1
202300013928,6,7,2023,20:00,1,1,6,75,75104,2,4,1,1,1
202300013928,6,7,2023,20:00,1,1,6,75,75104,2,4,2,1,1
202300013929,13,8,2023,17:50,1,1,3,61,61063,1,3,1,3,1
202300013929,13,8,2023,17:50,1,1,3,61,61063,1,3,2,1,1
202300013930,27,6,2023,12:55,1,1,2,94,94081,2,4,2,1,1
202300013931,7,7,2023,22:25,5,1,3,94,94076,2,3,2,1,1
202300013932,14,8,2023,08:50,1,2,3,12,12160,1,3,2,2,2
202300013932,14,8,2023,08:50,1,2,3,12,12160,1,3,2,2,2
202300013933,14,8,2023,02:54,3,1,6,12,12066,1,3,2,2,1
202300013934,6,7,2023,19:00,1,1,3,94,94043,2,3,2,1,1
202300013934,6,7,2023,19:00,1,1,3,94,94043,2,3,-1,1,1
202300013935,12,8,2023,11:25,1,1,6,39,39500,2,3,2,1,1
202300013936,15,6,2023,20:00,1,1,4,94,94076,2,3,2,2,1
202300013937,13,8,2023,16:25,1,1,5,29,29015,1,3,2,1,1
202300013938,7,7,2023,13:45,1,1,3,94,94081,2,3,3,1,1
202300013938,7,7,2023,13:45,1,1,3,94,94081,2,3,2,1,1
202300013939,14,8,2023,08:30,1,2,6,29,29135,2,3,3,2,2
202300013940,14,8,2023,13:05,1,1,7,02,02455,1,4,2,1,1
202300013941,7,7,2023,07:20,1,1,5,94,94065,1,2,3,1,1
202300013942,7,7,2023,13:35,1,1,1,94,94011,2,3,2,2,1
202300013943,14,8,2023,12:25,1,1,3,66,66036,1,2,2,2,1
202300013943,14,8,2023,12:25,1,1,3,66,66036,1,2,2,2,1
202300013944,5,7,2023,10:00,1,1,3,94,94011,2,3,-1,1,1
202300013944,5,7,2023,10:00,1,1,3,94,94011,2,3,1,1,1
202300013945,14,8,2023,10:40,1,1,2,66,66009,2,3,1,2,1
202300013946,7,7,2023,19:00,1,1,6,94,94017,2,3,-1,1,1
202300013947,14,8,2023,17:22,1,1,6,06,06059,1,7,2,2,1
202300013948,6,7,2023,09:20,1,1,3,94,94017,2,3,2,1,1
202300013948,6,7,2023,09:20,1,1,3,94,94017,2,3,2,1,1
202300013949,14,8,2023,13:45,1,1,3,05,05046,2,3,2,2,1
202300013950,13,8,2023,11:15,1,1,7,43,43102,1,3,2,1,1
202300013951,6,7,2023,15:00,1,1,3,93,93078,2,3,2,1,1
202300013951,6,7,2023,15:00,1,1,3,93,93078,2,3,1,1,1
202300013952,14,8,2023,10:43,1,1,7,16,16286,1,4,2,2,1
202300013952,14,8,2023,10:43,1,1,7,16,16286,1,4,2,2,1
202300013953,7,7,2023,19:00,1,1,6,93,93051,2,4,2,1,1
202300013954,14,8,2023,12:30,1,1,7,07,07337,1,3,2,1,1
202300013955,7,7,2023,19:40,1,1,3,93,93048,2,3,2,1,1
202300013956,8,8,2023,16:40,1,1,3,40,40128,1,3,2,1,1
202300013956,8,8,2023,16:40,1,1,3,40,40128,1,3,-1,-1,-1
202300013957,6,7,2023,22:30,5,1,3,93,93074,2,4,2,1,1
202300013958,14,8,2023,13:26,1,1,3,28,28214,2,3,2,1,1
202300013959,7,7,2023,18:15,1,1,6,93,93029,2,4,1,1,1
202300013960,14,8,2023,08:17,1,1,3,67,67388,1,3,2,1,1
202300013961,7,7,2023,09:00,1,1,2,93,93010,2,4,2,1,1
202300013962,13,8,2023,16:30,1,1,6,38,38495,1,1,3,1,1
202300013963,7,7,2023,13:42,1,1,7,92,92075,2,3,2,1,1
202300013964,7,7,2023,02:35,5,1,7,92,92046,2,3,2,1,1
202300013965,14,8,2023,09:10,1,1,7,47,47186,1,1,3,1,1
202300013966,14,8,2023,16:30,1,1,6,72,72198,1,1,3,1,1
202300013967,15,6,2023,20:50,1,1,3,92,92075,2,3,2,1,1
202300013967,15,6,2023,20:50,1,1,3,92,92075,2,3,1,1,1
202300013968,12,8,2023,05:00,2,1,2,987,98715,1,2,2,1,1
202300013969,7,7,2023,08:08,1,1,3,92,92076,2,3,-1,1,1
202300013970,13,8,2023,19:00,3,1,6,987,98724,1,2,2,2,1
202300013971,6,7,2023,14:30,1,1,6,92,92064,2,4,-1,1,1
202300013972,18,6,2023,16:55,1,1,6,92,92050,2,4,-1,1,1
202300013973,13,8,2023,10:15,1,1,7,988,98822,1,2,2,1,1
202300013974,7,7,2023,10:00,1,1,3,92,92049,2,3,-1,1,1
202300013975,6,8,2023,10:30,1,1,6,971,97115,2,3,2,1,1
202300013976,14,6,2023,19:13,1,1,6,92,92044,2,4,1,1,1
202300013976,14,6,2023,19:13,1,1,6,92,92044,2,4,1,1,1
202300013977,13,8,2023,22:50,3,1,3,66,66182,1,3,2,1,1
202300013978,7,7,2023,17:00,1,1,6,92,92040,2,9,-1,1,1
202300013979,9,8,2023,18:40,1,1,3,08,08487,1,9,2,1,1
202300013980,6,7,2023,16:20,1,1,2,92,92026,2,3,3,1,1
202300013981,14,8,2023,00:30,3,8,3,03,03298,1,3,2,1,2
202300013982,7,7,2023,01:55,5,1,6,92,92012,2,4,1,1,1
202300013983,13,8,2023,11:55,1,1,7,03,03315,1,3,2,1,1
202300013984,7,7,2023,19:00,1,1,3,92,92002,2,3,2,1,1
202300013985,13,8,2023,23:00,3,1,6,38,38054,1,3,2,1,1
202300013986,13,8,2023,07:12,5,1,7,81,81105,2,4,2,1,1
202300013987,1,7,2023,22:00,3,1,3,47,47049,1,3,2,1,1
202300013987,1,7,2023,22:00,3,1,3,47,47049,1,3,2,1,1
202300013988,13,8,2023,10:15,1,1,6,65,65123,1,3,2,2,1
202300013989,7,7,2023,19:45,1,1,1,85,85174,1,3,2,1,1
202300013990,4,6,2023,12:00,1,1,3,64,64422,1,3,2,1,1
202300013990,4,6,2023,12:00,1,1,3,64,64422,1,3,2,-1,-1
202300013991,13,8,2023,16:20,1,1,3,40,40229,1,3,2,1,1
202300013992,7,7,2023,21:10,5,1,3,06,06161,2,3,2,1,1
202300013992,7,7,2023,21:10,5,1,3,06,06161,2,3,3,1,1
202300013993,14,8,2023,00:50,3,1,7,60,60619,1,3,2,1,1
202300013994,13,8,2023,03:35,3,1,7,60,60259,1,3,2,1,1
202300013995,7,7,2023,18:20,1,1,3,18,18241,1,3,2,2,1
202300013995,7,7,2023,18:20,1,1,3,18,18241,1,3,2,1,1
202300013996,7,7,2023,09:35,1,1,6,28,28410,1,3,2,1,1
202300013997,14,8,2023,15:40,1,1,3,60,60612,2,3,2,1,1
202300013998,13,8,2023,22:23,5,1,7,60,60103,2,4,2,1,1
202300013999,8,7,2023,00:36,3,1,6,51,51410,1,9,2,1,1
202300014000,2,6,2023,21:00,2,1,1,33,33063,2,4,-1,1,1
202300014001,12,8,2023,15:53,1,1,6,62,62148,2,4,2,1,1
202300014002,14,8,2023,08:30,1,7,7,59,59582,1,3,1,1,1
202300014003,5,7,2023,13:33,1,1,6,57,57428,1,3,2,1,1
202300014004,2,6,2023,07:50,1,1,3,33,33069,2,4,2,1,1
202300014004,2,6,2023,07:50,1,1,3,33,33069,2,4,2,1,1
202300014005,8,7,2023,10:20,1,1,7,42,42233,1,3,2,2,1
202300014006,2,6,2023,15:10,1,1,1,33,33529,2,3,2,1,1
202300014007,12,8,2023,06:50,2,1,6,33,33281,1,1,3,1,1
202300014008,8,7,2023,08:50,1,1,1,83,83049,1,3,2,2,1
202300014009,11,8,2023,23:05,3,2,7,91,91136,1,1,1,1,2
202300014010,2,6,2023,23:20,5,1,1,31,31555,2,7,2,1,1
202300014011,8,7,2023,13:00,1,1,3,50,50535,1,1,1,1,1
202300014012,12,8,2023,11:20,1,1,2,78,78118,1,1,1,1,2
202300014013,27,5,2023,14:30,1,1,3,30,30189,1,3,-1,1,1
202300014013,27,5,2023,14:30,1,1,3,30,30189,1,3,2,1,1
202300014014,8,7,2023,10:55,1,1,1,30,30278,1,3,2,4,1
202300014015,22,11,2023,16:54,1,6,1,66,66141,1,3,2,1,1
202300014015,22,11,2023,16:54,1,6,1,66,66141,1,3,2,1,1
202300014016,8,7,2023,12:00,1,1,6,62,62113,2,3,2,1,1
202300014017,12,8,2023,03:45,3,3,6,75,75116,1,1,1,3,2
202300014018,2,6,2023,15:10,1,1,2,29,29232,2,3,3,1,1
202300014019,22,11,2023,15:50,1,7,3,56,56251,2,3,2,1,1
202300014020,12,8,2023,09:45,1,8,2,95,95582,1,1,3,1,2
202300014021,2,6,2023,17:45,1,1,2,29,29039,1,4,2,1,1
202300014022,8,7,2023,00:50,3,1,1,2A,2A269,1,2,2,1,1
202300014023,12,8,2023,08:50,1,8,6,93,93078,1,1,3,2,2
202300014024,2,6,2023,09:40,1,1,3,29,29019,2,4,-1,1,1
202300014025,21,11,2023,19:45,3,1,3,77,77239,1,3,2,1,1
202300014025,21,11,2023,19:45,3,1,3,77,77239,1,3,2,1,1
202300014026,8,7,2023,05:50,2,1,1,82,82125,1,3,2,1,1
202300014027,12,8,2023,08:00,1,2,6,93,93064,1,1,1,1,2
202300014028,30,5,2023,20:00,1,1,6,29,29019,2,4,-1,1,1
202300014029,22,11,2023,04:00,5,6,6,11,11351,2,4,2,1,1
202300014029,22,11,2023,04:00,5,6,6,11,11351,2,4,2,1,1
202300014030,12,8,2023,02:30,3,2,6,93,93064,1,1,1,3,2
202300014031,8,7,2023,11:07,1,1,1,61,61345,1,3,2,1,1
202300014032,12,8,2023,00:00,3,2,6,93,93078,1,1,3,1,2
202300014033,22,11,2023,07:45,2,2,3,71,71230,2,3,2,3,2
202300014034,11,8,2023,23:10,3,2,6,93,93078,1,1,3,1,2
202300014035,7,7,2023,08:25,1,1,2,49,49041,1,3,2,1,1
202300014035,7,7,2023,08:25,1,1,2,49,49041,1,3,2,1,1
202300014036,1,6,2023,20:55,1,1,6,27,27229,2,4,-1,1,1
202300014037,21,11,2023,19:30,3,1,1,71,71576,1,3,2,3,2
202300014038,13,8,2023,11:20,1,8,3,15,15066,1,3,2,2,2
202300014039,22,11,2023,16:50,1,1,1,46,46231,1,3,2,1,1
202300014040,1,6,2023,16:30,1,7,3,27,27229,2,4,-1,1,1
202300014040,1,6,2023,16:30,1,7,3,27,27229,2,4,-1,1,1
202300014041,7,7,2023,18:35,1,1,1,49,49114,1,3,2,2,1
202300014042,12,8,2023,16:50,1,1,6,37,37123,1,3,2,1,1
202300014043,21,11,2023,21:20,3,1,7,68,68092,1,3,2,1,2
202300014044,1,6,2023,18:30,1,1,1,18,18279,2,3,2,2,1
202300014045,5,7,2023,16:30,1,1,6,46,46328,2,3,2,1,1
202300014045,5,7,2023,16:30,1,1,6,46,46328,2,3,-1,-1,-1
202300014046,12,8,2023,21:35,3,1,6,26,26231,1,4,2,2,1
202300014047,2,6,2023,05:08,5,1,7,17,17028,2,4,2,1,1
202300014048,18,11,2023,19:09,3,3,3,44,44117,1,3,2,1,2
202300014048,18,11,2023,19:09,3,3,3,44,44117,1,3,2,1,2
202300014049,7,7,2023,22:00,5,1,6,47,47021,2,3,2,1,2
202300014050,12,8,2023,14:40,1,1,3,38,38199,2,3,2,2,1
202300014051,2,6,2023,19:05,1,1,6,14,14327,2,4,1,1,1
202300014052,7,7,2023,20:00,1,1,6,41,41053,1,3,2,1,1
202300014053,13,8,2023,16:59,3,1,6,25,25007,1,3,2,1,1
202300014054,7,7,2023,21:35,3,1,6,34,34047,1,3,2,1,1
202300014055,22,11,2023,16:39,1,1,1,44,44200,2,3,2,1,1
202300014055,22,11,2023,16:39,1,1,1,44,44200,2,3,2,1,1
202300014056,13,8,2023,01:30,5,1,1,973,97362,2,4,-1,1,9
202300014057,8,7,2023,12:30,1,1,7,68,68288,1,3,2,1,9
202300014058,2,6,2023,22:35,5,1,1,13,13002,2,4,2,2,1
202300014058,2,6,2023,22:35,5,1,1,13,13002,2,4,2,1,1
202300014059,13,8,2023,02:58,3,1,7,91,91016,1,3,3,1,1
202300014060,21,11,2023,17:41,3,1,6,02,02468,2,2,2,1,1
202300014061,7,7,2023,01:40,3,1,7,22,22294,1,3,2,1,1
202300014062,2,6,2023,16:00,1,1,6,13,13201,2,4,1,1,1
202300014063,12,8,2023,08:00,2,2,6,91,91022,2,4,2,2,2
202300014064,7,7,2023,16:50,1,1,3,39,39434,2,3,2,1,1
202300014064,7,7,2023,16:50,1,1,3,39,39434,2,3,2,1,1
202300014065,20,10,2023,07:45,2,1,3,45,45104,1,3,2,1,1
202300014065,20,10,2023,07:45,2,1,3,45,45104,1,3,2,1,1
202300014066,3,6,2023,00:35,5,1,1,13,13005,2,4,2,1,2
202300014067,8,7,2023,03:13,3,1,7,38,38543,1,3,2,1,1
202300014068,13,8,2023,07:00,1,1,6,41,41161,1,1,3,1,1
202300014069,21,11,2023,20:20,3,1,7,18,18275,1,3,2,1,2
202300014070,2,6,2023,12:20,1,8,3,13,13001,2,4,1,2,1
202300014071,29,6,2023,18:15,1,1,3,13,13010,2,3,2,1,1
202300014072,12,8,2023,16:35,1,1,1,42,42231,1,2,2,1,1
202300014073,19,11,2023,22:00,3,8,6,36,36240,1,3,2,1,2
202300014074,1,6,2023,08:05,1,2,6,11,11069,1,4,2,1,2
202300014075,12,8,2023,21:00,2,1,3,60,60479,1,3,2,1,1
202300014076,21,11,2023,13:40,1,1,7,16,16030,1,3,2,1,1
202300014077,8,7,2023,15:10,1,1,3,02,02792,1,3,2,1,1
202300014077,8,7,2023,15:10,1,1,3,02,02792,1,3,2,1,1
202300014078,2,6,2023,09:50,1,1,3,10,10297,2,4,1,1,1
202300014079,13,8,2023,02:30,4,1,6,47,47068,2,4,2,2,1
202300014080,21,11,2023,18:50,5,1,3,07,07090,2,3,2,1,1
202300014080,21,11,2023,18:50,5,1,3,07,07090,2,3,2,1,1
202300014081,1,6,2023,17:31,1,1,2,10,10387,2,4,2,1,1
202300014082,23,7,2023,07:55,1,1,1,87,87038,1,3,2,1,1
202300014083,21,11,2023,18:00,3,1,6,53,53096,1,2,2,3,1
202300014084,1,6,2023,15:12,1,1,6,10,10387,2,4,-1,1,1
202300014085,7,7,2023,23:55,4,1,3,02,02468,2,3,2,1,1
202300014086,21,11,2023,08:45,1,8,6,24,24291,1,3,2,1,2
202300014087,13,8,2023,10:00,1,1,1,41,41278,1,2,2,1,1
202300014088,12,8,2023,20:00,1,1,6,19,19269,2,3,2,1,1
202300014089,7,7,2023,19:42,1,1,3,03,03285,1,3,2,1,1
202300014089,7,7,2023,19:42,1,1,3,03,03285,1,3,2,1,1
202300014090,21,11,2023,19:25,3,2,7,27,27638,2,3,2,1,2
202300014091,1,6,2023,14:10,1,1,6,06,06027,2,7,2,1,1
202300014092,12,8,2023,14:15,1,1,3,56,56013,1,3,2,1,1
202300014093,2,6,2023,22:10,5,1,6,06,06004,1,3,1,2,1
202300014094,8,7,2023,15:00,1,1,3,58,58180,1,3,2,1,1
202300014095,29,7,2023,07:20,1,3,7,79,79185,1,3,2,4,2
202300014096,27,10,2023,06:50,2,1,3,27,27578,2,3,2,2,1
202300014096,27,10,2023,06:50,2,1,3,27,27578,2,3,2,1,1
202300014097,8,7,2023,18:00,1,1,7,58,58179,1,3,2,1,1
202300014098,1,6,2023,21:10,1,7,6,02,02408,2,4,2,1,1
202300014099,13,8,2023,05:07,2,1,1,2A,2A139,1,2,2,1,1
202300014100,30,5,2023,04:05,3,1,6,01,01289,1,3,2,1,1
202300014101,7,7,2023,16:05,1,7,1,72,72090,1,3,2,1,1
202300014102,22,11,2023,09:15,1,7,3,28,28405,1,2,1,1,2
202300014102,22,11,2023,09:15,1,7,3,28,28405,1,2,1,1,2
202300014103,13,8,2023,18:50,1,1,5,2B,2B283,1,2,2,2,1
202300014104,8,7,2023,13:25,1,1,3,50,50109,2,3,2,2,1
202300014105,1,6,2023,08:50,1,1,2,75,75117,2,4,1,1,1
202300014106,8,11,2023,11:07,1,1,2,67,67506,2,7,2,1,1
202300014107,8,7,2023,13:35,1,1,7,64,64185,1,2,2,1,1
202300014108,13,8,2023,03:00,5,1,3,2B,2B318,1,2,2,1,1
202300014109,2,6,2023,03:27,5,1,6,75,75107,2,4,1,1,1
202300014109,2,6,2023,03:27,5,1,6,75,75107,2,4,1,1,1
202300014110,22,11,2023,09:25,1,1,3,51,51507,1,1,3,2,2
202300014111,13,8,2023,14:35,1,1,1,80,80205,1,3,2,1,1
202300014112,7,7,2023,21:20,2,1,6,10,10375,1,3,2,1,1
202300014113,1,6,2023,07:40,1,1,3,75,75110,2,4,1,1,1
202300014113,1,6,2023,07:40,1,1,3,75,75110,2,4,1,1,1
202300014114,12,8,2023,15:55,1,1,6,65,65116,1,3,2,2,1
202300014115,21,11,2023,09:30,1,1,7,60,60138,1,1,3,1,1
202300014116,6,7,2023,08:25,1,7,3,36,36154,2,3,2,1,1
202300014116,6,7,2023,08:25,1,7,3,36,36154,2,3,2,1,1
202300014117,2,6,2023,13:02,1,1,6,75,75113,2,4,-1,1,1
202300014117,2,6,2023,13:02,1,1,6,75,75113,2,4,2,1,1
202300014118,11,8,2023,19:10,1,7,6,65,65464,2,3,2,1,1
202300014118,11,8,2023,19:10,1,7,6,65,65464,2,3,2,1,1
202300014119,22,11,2023,12:30,1,1,7,974,97424,1,2,2,2,1
202300014120,12,8,2023,15:00,1,1,7,63,63319,1,3,3,2,1
202300014121,4,7,2023,13:57,1,1,3,21,21317,1,3,2,1,1
202300014121,4,7,2023,13:57,1,1,3,21,21317,1,3,2,1,1
202300014122,2,6,2023,10:20,1,1,2,75,75106,2,4,1,1,1
202300014122,2,6,2023,10:20,1,1,2,75,75106,2,4,1,1,1
202300014123,12,8,2023,11:00,1,1,6,61,61207,1,3,2,1,1
202300014124,21,11,2023,17:12,1,1,3,973,97305,1,2,2,1,1
202300014125,26,6,2023,16:30,1,1,3,40,40217,1,3,-1,1,1
202300014125,26,6,2023,16:30,1,1,3,40,40217,1,3,2,1,1
202300014126,13,8,2023,18:30,1,1,6,39,39306,1,3,2,2,1
202300014127,2,6,2023,07:40,2,1,2,75,75106,2,4,-1,1,1
202300014127,2,6,2023,07:40,2,1,2,75,75106,2,4,2,1,1
202300014128,11,11,2023,16:10,1,1,6,978,97801,2,3,2,1,1
202300014129,12,8,2023,10:44,1,1,6,25,25287,1,3,3,1,1
202300014130,8,7,2023,11:40,1,1,3,24,24484,1,3,2,1,1
202300014130,8,7,2023,11:40,1,1,3,24,24484,1,3,2,1,1
202300014131,1,6,2023,08:30,1,1,1,75,75120,2,4,1,1,1
202300014131,1,6,2023,08:30,1,1,1,75,75120,2,4,1,1,1
202300014132,10,8,2023,12:00,1,1,2,35,35284,1,3,3,1,1
202300014133,22,11,2023,09:15,1,1,1,95,95177,2,4,2,1,1
202300014134,7,7,2023,19:15,1,1,3,85,85154,1,3,2,1,1
202300014135,2,6,2023,14:10,1,1,6,75,75119,2,4,-1,1,1
202300014136,9,8,2023,23:35,3,1,6,35,35132,1,3,2,1,1
202300014137,21,11,2023,15:00,1,1,3,34,34057,2,3,3,1,1
202300014138,2,6,2023,11:00,1,1,3,75,75117,2,4,2,1,1
202300014138,2,6,2023,11:00,1,1,3,75,75117,2,4,-1,1,1
202300014139,6,7,2023,16:15,1,1,5,87,87199,1,3,2,2,1
202300014139,6,7,2023,16:15,1,1,5,87,87199,1,3,-1,1,-1
202300014140,21,11,2023,21:50,3,1,2,81,81143,1,3,2,1,1
202300014141,1,6,2023,22:20,5,1,6,75,75116,2,4,2,1,1
202300014142,12,8,2023,18:15,1,8,6,29,29176,1,3,2,2,1
202300014143,21,11,2023,12:20,1,2,6,81,81138,1,3,2,2,2
202300014144,7,7,2023,10:30,1,1,3,30,30003,2,3,2,1,1
202300014144,7,7,2023,10:30,1,1,3,30,30003,2,3,2,1,1
202300014145,8,7,2023,06:50,2,1,6,48,48037,2,4,1,1,1
202300014146,2,6,2023,16:00,1,1,3,75,75116,2,4,-1,1,1
202300014146,2,6,2023,16:00,1,1,3,75,75116,2,4,1,1,1
202300014147,12,8,2023,16:00,1,1,3,31,31391,2,3,1,1,1
202300014147,12,8,2023,16:00,1,1,3,31,31391,2,3,2,1,1
202300014148,22,11,2023,17:00,1,1,1,31,31188,1,3,2,1,1
202300014149,2,6,2023,16:10,1,1,3,75,75116,2,4,2,1,1
202300014150,3,7,2023,17:00,1,1,3,52,52119,1,2,3,1,1
202300014150,3,7,2023,17:00,1,1,3,52,52119,1,2,2,1,1
202300014151,11,8,2023,18:30,1,1,3,31,31071,1,3,2,1,1
202300014151,11,8,2023,18:30,1,1,3,31,31071,1,3,-1,1,1
202300014152,22,11,2023,08:30,1,1,3,33,33535,2,3,2,1,1
202300014152,22,11,2023,08:30,1,1,3,33,33535,2,3,2,1,1
202300014153,12,8,2023,15:50,1,1,7,01,01229,1,4,2,1,1
202300014154,7,7,2023,07:59,1,1,3,30,30020,1,3,2,1,1
202300014155,2,6,2023,13:24,1,1,3,75,75116,2,4,2,1,1
202300014155,2,6,2023,13:24,1,1,3,75,75116,2,4,-1,1,1
202300014156,12,8,2023,18:00,1,1,7,26,26063,1,3,2,2,1
202300014157,2,7,2023,01:20,4,1,6,988,98805,1,1,3,1,1
202300014158,21,11,2023,07:59,2,2,6,22,22070,2,4,2,3,2
202300014159,31,5,2023,07:35,1,1,2,75,75116,2,4,2,1,1
202300014160,13,8,2023,12:00,1,1,3,26,26165,2,2,2,1,1
202300014161,4,7,2023,17:00,1,1,7,973,97309,2,4,1,1,1
202300014161,4,7,2023,17:00,1,1,7,973,97309,2,4,2,1,1
202300014162,21,11,2023,15:09,1,8,3,62,62609,1,3,2,2,2
202300014163,2,6,2023,16:45,1,1,2,75,75115,2,4,2,1,1
202300014164,7,7,2023,16:40,1,1,3,91,91045,1,3,3,1,1
202300014165,13,8,2023,18:15,1,1,1,05,05045,1,2,2,2,1
202300014165,13,8,2023,18:15,1,1,1,05,05045,1,2,2,2,1
202300014166,21,11,2023,14:50,1,1,2,13,13215,1,1,-1,2,1
202300014167,2,6,2023,15:30,1,1,7,75,75115,2,4,-1,1,1
202300014167,2,6,2023,15:30,1,1,7,75,75115,2,4,1,1,1
202300014168,12,8,2023,20:00,1,1,7,60,60123,1,3,2,1,1
202300014169,7,7,2023,06:35,2,7,3,973,97360,1,4,2,1,1
202300014170,20,11,2023,11:50,1,2,7,67,67482,1,7,1,2,8
202300014171,2,6,2023,14:15,1,1,3,75,75115,2,4,1,1,1
202300014172,8,7,2023,02:50,3,1,6,38,38530,1,1,3,1,1
202300014173,21,11,2023,00:40,4,2,1,33,33063,1,1,1,3,2
202300014174,2,6,2023,13:50,1,1,7,75,75115,2,4,2,1,1
202300014175,13,8,2023,11:30,1,1,6,07,07039,1,3,2,1,1
202300014176,8,7,2023,18:15,3,1,6,988,98808,1,3,2,1,1
202300014177,1,6,2023,18:30,1,1,7,75,75114,2,4,2,1,1
202300014178,13,8,2023,02:15,5,1,6,24,24253,2,3,1,2,1
202300014179,21,11,2023,09:00,1,2,3,91,91689,1,1,3,1,2
202300014180,8,7,2023,11:00,1,1,1,988,98811,1,3,2,2,1
202300014181,11,8,2023,09:20,1,1,7,87,87176,1,3,2,2,1
202300014182,2,6,2023,21:10,2,1,1,75,75112,2,4,-1,1,1
202300014182,2,6,2023,21:10,2,1,1,75,75112,2,4,-1,1,1
202300014183,20,11,2023,22:55,3,1,2,91,91434,1,1,-1,2,1
202300014184,3,7,2023,08:10,1,1,3,29,29005,2,3,3,1,1
202300014185,13,8,2023,11:50,1,1,1,30,30140,1,3,2,2,1
202300014186,13,8,2023,17:15,1,1,7,08,08102,1,3,2,1,1
202300014187,2,6,2023,14:25,1,1,3,75,75108,2,4,-1,1,1
202300014187,2,6,2023,14:25,1,1,3,75,75108,2,4,1,1,1
202300014188,20,11,2023,21:15,3,2,2,91,91161,1,1,2,1,2
202300014189,7,7,2023,17:15,1,1,4,45,45253,1,3,2,1,1
202300014190,2,6,2023,03:51,5,1,3,75,75108,2,4,-1,1,1
202300014190,2,6,2023,03:51,5,1,3,75,75108,2,4,2,1,1
202300014191,13,8,2023,17:44,1,1,1,13,13069,1,3,2,1,1
202300014192,20,11,2023,13:50,1,1,2,92,92004,1,2,-1,1,1
202300014193,1,7,2023,14:45,1,1,5,77,77344,1,2,2,1,1
202300014193,1,7,2023,14:45,1,1,5,77,77344,1,2,2,1,1
202300014194,1,6,2023,11:20,1,1,6,75,75108,2,4,-1,1,1
202300014194,1,6,2023,11:20,1,1,6,75,75108,2,4,1,1,1
202300014195,21,11,2023,20:15,3,2,2,95,95218,1,1,3,1,2
202300014196,7,7,2023,18:00,1,1,1,77,77095,1,3,2,1,1
202300014197,2,6,2023,16:10,1,1,6,75,75101,2,4,2,1,1
202300014197,2,6,2023,16:10,1,1,6,75,75101,2,4,1,2,1
202300014198,21,11,2023,18:45,3,2,4,95,95604,1,1,3,1,2
202300014199,7,7,2023,16:30,1,1,3,34,34090,1,7,2,1,1
202300014200,12,8,2023,00:07,3,1,2,86,86007,1,1,3,1,1
202300014201,1,6,2023,16:55,1,1,3,75,75101,2,4,1,1,1
202300014201,1,6,2023,16:55,1,1,3,75,75101,2,4,1,1,1
202300014202,21,11,2023,19:40,3,2,2,93,93027,1,1,1,1,2