id_accident,jour,mois,annee,heure_minute,luminosite,meteo,type_collision,departement,commune,agglomeration,categorie_route,regime_circulation,profil_route,etat_surface
202300014203,8,7,2023,17:20,1,1,1,84,84054,1,3,2,1,1
202300014204,21,11,2023,09:15,1,2,7,93,93010,1,1,3,1,2
202300014205,1,6,2023,09:13,1,1,6,75,75104,2,4,-1,1,1
202300014205,1,6,2023,09:13,1,1,6,75,75104,2,4,1,1,1
202300014206,13,8,2023,02:40,3,1,2,17,17226,1,1,3,1,1
202300014207,8,7,2023,08:50,1,1,2,83,83068,1,3,2,1,1
202300014208,12,8,2023,10:50,1,1,7,59,59244,1,1,3,1,1
202300014209,31,5,2023,09:58,1,1,7,75,75104,2,4,2,1,1
202300014209,31,5,2023,09:58,1,1,7,75,75104,2,4,1,1,1
202300014210,21,11,2023,09:05,1,2,5,93,93066,1,1,3,1,2
202300014211,7,7,2023,12:45,1,1,6,71,71399,2,4,-1,1,1
202300014211,7,7,2023,12:45,1,1,6,71,71399,2,4,2,1,1
202300014212,21,11,2023,05:15,3,2,6,95,95212,1,1,1,1,2
202300014213,7,7,2023,22:19,3,1,6,67,67205,1,3,2,1,1
202300014214,13,8,2023,06:30,1,1,6,988,98823,2,2,2,1,1
202300014214,13,8,2023,06:30,1,1,6,988,98823,2,2,2,-1,1
202300014215,13,8,2023,04:00,2,1,6,988,98819,1,3,2,1,1
202300014216,30,5,2023,12:00,1,1,3,75,75104,2,4,2,1,1
202300014216,30,5,2023,12:00,1,1,3,75,75104,2,4,2,1,1
202300014217,21,11,2023,00:40,3,2,7,93,93078,1,1,3,1,2
202300014218,13,8,2023,08:15,1,1,6,971,97111,1,3,2,2,1
202300014219,21,11,2023,14:10,1,2,6,77,77121,1,1,1,1,2
202300014220,8,7,2023,10:45,1,1,3,57,57663,2,4,2,1,1
202300014221,2,6,2023,18:55,1,1,1,94,94081,2,3,2,1,1
202300014222,21,11,2023,07:40,1,2,2,77,77372,1,1,3,1,2
202300014223,7,7,2023,08:45,1,1,3,26,26179,1,3,2,1,1
202300014224,11,8,2023,19:40,1,2,3,77,77023,2,3,2,1,2
202300014224,11,8,2023,19:40,1,2,3,77,77023,2,3,2,1,2
202300014225,2,6,2023,14:05,1,1,3,94,94058,1,3,2,1,1
202300014225,2,6,2023,14:05,1,1,3,94,94058,1,3,1,1,1
202300014226,7,7,2023,18:25,1,1,4,01,01276,1,3,2,1,1
202300014227,1,6,2023,23:40,5,1,6,94,94041,2,3,2,1,1
202300014227,1,6,2023,23:40,5,1,6,94,94041,2,3,1,1,1
202300014228,20,11,2023,17:40,3,2,6,77,77121,1,1,1,1,2
202300014229,13,8,2023,10:29,1,1,5,77,77470,2,4,2,2,1
202300014230,3,7,2023,14:45,1,1,6,81,81271,2,4,2,1,1
202300014231,2,6,2023,19:30,1,1,6,94,94065,2,4,1,1,1
202300014232,20,11,2023,08:10,1,1,2,94,94004,1,2,3,1,1
202300014233,8,7,2023,11:30,1,1,7,31,31318,1,3,2,2,1
202300014234,12,8,2023,22:45,3,1,1,83,83035,1,3,2,4,1
202300014235,2,6,2023,13:05,1,1,7,94,94033,2,3,3,1,1
202300014236,20,11,2023,06:50,4,2,2,77,77083,1,1,3,1,2
202300014237,7,7,2023,16:35,1,1,6,44,44210,2,4,2,2,1
202300014238,13,8,2023,10:29,1,1,3,05,05122,1,2,2,1,1
202300014239,2,6,2023,15:00,1,1,2,94,94028,1,3,3,1,1
202300014240,8,7,2023,08:30,1,1,6,29,29021,1,3,2,1,1
202300014241,19,11,2023,03:49,3,2,4,94,94022,1,1,3,1,2
202300014242,13,8,2023,14:20,1,1,3,73,73296,1,3,2,2,1
202300014242,13,8,2023,14:20,1,1,3,73,73296,1,3,2,2,1
202300014243,2,6,2023,17:05,1,1,2,94,94004,2,4,1,2,1
202300014243,2,6,2023,17:05,1,1,2,94,94004,2,4,2,2,1
202300014244,8,7,2023,16:50,1,1,1,59,59619,1,3,2,1,1
202300014245,21,9,2023,23:50,5,3,3,74,74133,2,3,2,1,2
202300014246,7,7,2023,09:46,1,1,6,13,13211,1,1,3,1,1
202300014247,12,8,2023,22:40,3,1,3,26,26271,1,2,2,1,1
202300014248,2,6,2023,19:36,1,1,3,93,93078,2,3,2,1,1
202300014249,19,9,2023,18:00,1,1,6,74,74012,2,4,2,1,1
202300014250,4,7,2023,20:04,1,1,2,13,13106,1,1,-1,1,1
202300014251,25,8,2023,12:00,1,1,6,74,74186,1,3,2,2,1
202300014252,12,8,2023,12:39,1,2,3,69,69131,2,3,2,1,2
202300014253,1,6,2023,18:24,1,1,6,93,93005,2,3,2,1,1
202300014253,1,6,2023,18:24,1,1,6,93,93005,2,3,2,1,1
202300014254,14,6,2023,20:15,2,2,6,13,13005,1,1,1,1,2
202300014255,11,8,2023,14:25,1,1,3,65,65295,2,3,-1,2,1
202300014256,23,8,2023,16:00,1,1,1,74,74225,1,3,2,1,1
202300014257,6,7,2023,22:20,3,1,2,69,69296,1,1,3,1,1
202300014258,17,8,2023,18:45,1,1,3,74,74105,2,3,2,1,1
202300014258,17,8,2023,18:45,1,1,3,74,74105,2,3,2,1,1
202300014259,26,5,2023,20:45,1,1,3,93,93053,2,3,3,1,1
202300014259,26,5,2023,20:45,1,1,3,93,93053,2,3,3,1,1
202300014260,7,7,2023,16:35,1,1,2,33,33550,1,1,3,1,1
202300014261,12,8,2023,15:50,1,1,3,85,85113,2,4,2,1,1
202300014262,2,6,2023,19:10,1,1,1,93,93057,2,4,2,1,1
202300014263,7,7,2023,16:05,1,1,2,33,33063,1,1,3,2,1
202300014264,20,7,2023,18:05,1,1,3,74,74002,1,3,2,1,1
202300014265,12,8,2023,13:19,1,1,3,35,35343,1,3,2,1,1
202300014265,12,8,2023,13:19,1,1,3,35,35343,1,3,2,4,1
202300014266,7,7,2023,08:00,1,1,6,59,59508,1,1,-1,1,1
202300014267,1,6,2023,20:30,1,1,6,93,93005,2,3,3,1,1
202300014268,16,6,2023,18:00,1,7,3,74,74042,2,4,2,1,1
202300014269,4,7,2023,15:35,1,1,6,62,62193,1,1,3,1,1
202300014270,28,7,2023,18:35,1,1,1,76,76057,1,3,2,1,1
202300014270,28,7,2023,18:35,1,1,1,76,76057,1,3,2,1,1
202300014271,31,5,2023,18:50,1,1,6,92,92063,2,3,1,1,1
202300014272,7,7,2023,03:37,3,1,6,94,94034,1,1,1,1,1
202300014273,12,8,2023,17:25,1,1,6,62,62318,1,3,2,1,1
202300014274,1,6,2023,12:00,1,1,4,74,74042,2,3,2,1,1
202300014275,2,6,2023,05:30,2,1,6,92,92050,2,4,-1,1,1
202300014276,7,7,2023,00:05,3,1,2,91,91534,1,2,1,1,1
202300014277,2,6,2023,19:20,1,1,6,92,92020,2,4,2,2,1
202300014278,11,8,2023,00:45,5,1,3,67,67447,2,4,2,1,1
202300014278,11,8,2023,00:45,5,1,3,67,67447,2,4,2,1,1
202300014279,17,7,2023,18:20,1,1,3,14,14258,2,4,2,1,1
202300014280,6,7,2023,22:55,3,1,2,91,91345,1,1,1,2,1
202300014281,7,7,2023,11:13,1,1,6,78,78133,1,1,-1,1,1
202300014282,27,2,2023,13:30,1,1,3,38,38421,2,7,2,1,1
202300014282,27,2,2023,13:30,1,1,3,38,38421,2,7,-1,1,1
202300014283,2,6,2023,12:00,1,1,2,92,92044,2,4,2,1,1
202300014283,2,6,2023,12:00,1,1,2,92,92044,2,4,2,1,1
202300014284,12,6,2023,23:30,3,1,2,69,69271,1,2,3,1,1
202300014285,7,7,2023,10:28,1,1,6,92,92047,1,1,-1,1,1
202300014286,12,8,2023,09:10,1,1,3,988,98818,2,4,1,2,1
202300014286,12,8,2023,09:10,1,1,3,988,98818,2,4,2,1,1
202300014287,1,6,2023,16:45,1,1,1,92,92036,1,3,2,1,1
202300014288,2,6,2023,10:11,1,1,7,92,92012,2,3,2,1,1
202300014289,11,8,2023,18:07,2,8,7,974,97411,2,2,-1,1,2
202300014290,19,11,2023,20:15,5,1,3,30,30351,2,3,1,1,1
202300014291,6,7,2023,23:55,5,1,3,92,92076,1,1,1,1,1
202300014292,3,6,2023,01:10,3,1,6,14,14710,1,3,2,1,1
202300014293,15,11,2023,07:15,1,1,6,973,97302,2,4,2,1,1
202300014294,11,8,2023,08:00,1,1,3,974,97407,1,4,2,1,1
202300014295,7,7,2023,18:45,1,1,3,92,92078,1,1,3,1,1
202300014296,15,11,2023,09:28,1,2,2,973,97302,2,3,2,1,2
202300014297,1,6,2023,15:15,1,1,7,62,62492,1,3,2,1,1
202300014298,15,11,2023,08:10,1,1,7,973,97302,2,3,2,1,1
202300014299,7,7,2023,18:30,1,1,3,93,93027,1,1,3,1,1
202300014300,10,8,2023,21:50,3,1,6,972,97213,1,2,2,1,1
202300014301,20,11,2023,16:55,2,1,3,69,69388,2,4,1,1,1
202300014301,20,11,2023,16:55,2,1,3,69,69388,2,4,1,1,1
202300014302,11,8,2023,22:25,5,1,3,69,69389,2,4,2,1,1
202300014302,11,8,2023,22:25,5,1,3,69,69389,2,4,2,1,1
202300014303,20,11,2023,00:30,5,1,6,69,69388,2,4,2,1,1
202300014304,7,7,2023,07:20,1,1,4,95,95018,1,1,3,2,1
202300014305,3,6,2023,01:50,3,1,5,66,66137,1,1,1,2,1
202300014306,20,11,2023,14:15,1,1,6,69,69034,2,4,2,1,1
202300014307,11,8,2023,12:00,1,1,2,69,69202,1,7,2,1,1
202300014307,11,8,2023,12:00,1,1,2,69,69202,1,7,4,2,1
202300014308,6,7,2023,22:35,3,1,3,93,93006,1,1,3,2,1
202300014309,6,7,2023,14:30,1,1,7,95,95500,1,1,1,2,1
202300014310,2,6,2023,18:15,1,1,6,67,67317,2,3,2,2,1
202300014310,2,6,2023,18:15,1,1,6,67,67317,2,3,2,2,1
202300014311,20,11,2023,16:40,1,1,3,2A,2A004,2,2,2,1,1
202300014311,20,11,2023,16:40,1,1,3,2A,2A004,2,2,-1,2,1
202300014312,11,8,2023,08:40,1,1,3,69,69149,2,7,2,1,1
202300014312,11,8,2023,08:40,1,1,3,69,69149,2,7,2,1,1
202300014313,2,6,2023,12:10,1,2,6,974,97412,1,3,2,1,2
202300014314,6,7,2023,05:15,1,1,6,93,93066,1,1,3,3,1
202300014315,17,3,2023,12:23,1,1,2,75,75107,2,4,1,1,1
202300014315,17,3,2023,12:23,1,1,2,75,75107,2,4,1,1,1
202300014316,2,6,2023,16:35,1,1,6,57,57428,1,3,2,1,1
202300014317,20,11,2023,18:30,5,2,6,95,95369,2,4,2,1,2
202300014318,5,7,2023,02:00,3,2,2,93,93064,1,1,3,1,2
202300014319,10,8,2023,20:45,5,1,6,971,97107,2,4,-1,1,1
202300014320,17,3,2023,15:45,1,1,3,94,94068,2,3,2,2,1
202300014320,17,3,2023,15:45,1,1,3,94,94068,2,3,1,1,1
202300014321,2,6,2023,18:10,1,1,1,83,83116,1,3,2,1,1
202300014322,7,7,2023,17:55,1,1,3,77,77169,1,2,1,1,1
202300014323,11,8,2023,11:16,1,1,2,2A,2A004,1,2,2,1,1
202300014324,20,11,2023,18:20,5,2,6,91,91477,2,3,2,1,2
202300014324,20,11,2023,18:20,5,2,6,91,91477,2,3,2,1,2
202300014325,3,6,2023,00:50,3,1,6,35,35173,1,3,2,1,1
202300014326,16,3,2023,16:55,1,1,6,94,94068,2,3,2,1,1
202300014327,11,8,2023,10:50,1,1,3,91,91223,1,3,2,3,1
202300014328,14,6,2023,10:30,1,1,6,77,77363,1,1,-1,1,1
202300014329,19,11,2023,21:50,5,3,3,88,88209,2,4,2,1,2
202300014329,19,11,2023,21:50,5,3,3,88,88209,2,4,2,1,2
202300014330,2,6,2023,13:50,1,1,7,56,56186,2,4,2,1,1
202300014331,11,3,2023,09:05,1,1,6,94,94015,2,6,-1,2,1
202300014332,10,8,2023,19:40,1,1,7,87,87085,2,4,1,2,1
202300014333,7,7,2023,00:20,5,1,6,974,97411,2,3,2,2,1
202300014334,17,11,2023,18:20,5,2,7,87,87114,2,4,2,1,2
202300014335,19,11,2023,12:17,1,2,6,87,87085,2,4,2,2,2
202300014335,19,11,2023,12:17,1,2,6,87,87085,2,4,1,1,2
202300014336,6,7,2023,22:00,5,1,2,974,97411,2,2,1,1,1
202300014337,10,8,2023,11:20,1,1,7,87,87085,1,4,1,1,1
202300014338,16,3,2023,07:50,1,1,3,94,94028,2,3,1,2,1
202300014338,16,3,2023,07:50,1,1,3,94,94028,2,3,3,1,1
202300014339,2,6,2023,19:00,1,1,2,76,76046,1,3,2,1,1
202300014339,2,6,2023,19:00,1,1,2,76,76046,1,3,2,1,1
202300014340,6,7,2023,07:45,1,1,2,974,97411,2,4,1,1,1
202300014341,11,8,2023,01:38,3,1,2,86,86066,2,4,2,2,1
202300014342,18,11,2023,16:19,1,1,3,87,87085,2,4,2,1,1
202300014343,30,5,2023,19:20,1,7,2,2A,2A362,2,2,3,1,1
202300014344,17,3,2023,07:11,1,1,6,94,94022,2,4,2,1,1
202300014344,17,3,2023,07:11,1,1,6,94,94022,2,4,2,1,1
202300014345,2,7,2023,00:50,4,1,6,974,97411,1,4,2,1,1
202300014346,19,11,2023,12:15,1,2,1,87,87114,2,3,2,2,2
202300014347,2,6,2023,14:05,1,3,3,12,12128,1,3,2,1,2
202300014347,2,6,2023,14:05,1,3,3,12,12128,1,3,2,1,2
202300014348,17,3,2023,08:40,1,1,6,94,94068,2,4,2,1,1
202300014349,11,8,2023,09:20,1,1,6,78,78372,2,4,2,1,1
202300014349,11,8,2023,09:20,1,1,6,78,78372,2,4,2,1,1
202300014350,17,11,2023,12:08,1,2,3,87,87085,2,4,2,1,2
202300014351,5,7,2023,22:10,5,1,3,974,97407,2,4,1,1,1
202300014351,5,7,2023,22:10,5,1,3,974,97407,2,4,2,1,1
202300014352,2,6,2023,23:30,4,1,3,47,47280,2,4,2,1,1
202300014353,6,7,2023,04:10,3,8,6,973,97302,1,2,3,1,1
202300014354,17,3,2023,08:00,1,1,3,94,94070,2,2,4,1,1
202300014354,17,3,2023,08:00,1,1,3,94,94070,2,2,2,1,1
202300014355,2,6,2023,18:20,1,1,6,25,25299,1,3,2,1,1
202300014356,10,8,2023,19:34,1,1,3,77,77487,1,3,2,1,1
202300014356,10,8,2023,19:34,1,1,3,77,77487,1,3,2,1,1
202300014357,18,11,2023,19:13,5,1,2,84,84007,2,4,2,1,1
202300014357,18,11,2023,19:13,5,1,2,84,84007,2,4,2,1,1
202300014358,17,3,2023,16:18,1,1,6,93,93073,2,3,2,2,1
202300014358,17,3,2023,16:18,1,1,6,93,93073,2,3,2,1,1
202300014359,6,7,2023,10:35,1,1,6,69,69386,2,4,1,1,1
202300014359,6,7,2023,10:35,1,1,6,69,69386,2,4,1,1,1
202300014360,2,6,2023,19:00,1,1,3,44,44188,1,3,2,1,1
202300014360,2,6,2023,19:00,1,1,3,44,44188,1,3,2,1,1
202300014361,18,11,2023,18:09,2,1,6,30,30351,2,3,2,1,1
202300014361,18,11,2023,18:09,2,1,6,30,30351,2,3,2,1,1
202300014362,6,7,2023,08:40,1,1,6,972,97209,1,3,-1,3,1
202300014363,11,8,2023,14:45,1,1,3,77,77243,2,4,1,1,1
202300014363,11,8,2023,14:45,1,1,3,77,77243,2,4,2,1,1
202300014364,25,5,2023,15:45,1,1,6,29,29106,1,3,2,3,1
202300014365,17,3,2023,11:15,1,1,6,93,93070,2,4,2,1,1
202300014366,6,7,2023,19:45,1,1,6,69,69389,2,4,2,3,1
202300014366,6,7,2023,19:45,1,1,6,69,69389,2,4,2,3,1
202300014367,2,11,2023,19:50,5,3,6,80,80001,2,4,1,2,2
202300014367,2,11,2023,19:50,5,3,6,80,80001,2,4,2,2,2
202300014368,10,8,2023,17:30,1,1,6,76,76351,2,4,2,1,1
202300014368,10,8,2023,17:30,1,1,6,76,76351,2,4,1,1,1
202300014369,17,3,2023,09:30,1,1,2,93,93066,2,3,3,1,1
202300014370,3,6,2023,11:45,1,1,6,38,38559,1,3,2,1,1
202300014370,3,6,2023,11:45,1,1,6,38,38559,1,3,2,1,1
202300014371,11,8,2023,10:00,1,1,6,71,71270,2,3,2,1,1
202300014372,17,3,2023,09:20,1,1,3,93,93077,2,4,1,1,1
202300014373,9,8,2023,14:25,1,1,7,71,71270,2,4,2,2,1
202300014374,20,11,2023,12:50,1,8,6,76,76575,2,7,2,1,2
202300014375,2,6,2023,17:45,1,1,3,01,01323,1,4,2,1,1
202300014376,6,7,2023,12:25,1,1,6,2B,2B120,2,3,3,1,1
202300014377,17,3,2023,18:35,1,2,1,93,93032,2,4,2,1,2
202300014378,11,8,2023,17:30,1,1,3,69,69266,2,4,1,1,1
202300014378,11,8,2023,17:30,1,1,3,69,69266,2,4,1,1,1
202300014379,2,6,2023,14:45,1,1,7,01,01130,2,4,2,1,1
202300014380,19,11,2023,19:15,5,1,3,76,76540,2,7,2,2,2
202300014380,19,11,2023,19:15,5,1,3,76,76540,2,7,2,1,2
202300014381,5,7,2023,16:50,1,1,3,971,97101,1,3,2,1,1
202300014381,5,7,2023,16:50,1,1,3,971,97101,1,3,2,1,1
202300014382,17,3,2023,21:45,5,1,6,93,93029,2,4,2,1,2
202300014383,11,8,2023,00:45,3,1,6,69,69275,2,4,1,1,1
202300014383,11,8,2023,00:45,3,1,6,69,69275,2,4,2,2,1
202300014384,6,7,2023,08:00,1,1,6,2A,2A004,2,4,1,1,1
202300014385,17,3,2023,22:15,5,2,3,93,93008,2,3,3,1,2
202300014386,19,11,2023,07:10,5,1,2,76,76351,2,4,2,1,1
202300014387,5,7,2023,12:00,1,1,6,95,95427,2,4,1,1,1
202300014388,3,6,2023,01:40,3,1,3,58,58223,1,3,2,1,1
202300014389,11,8,2023,03:00,5,1,1,69,69199,2,4,2,2,1
202300014390,16,3,2023,18:00,1,1,6,92,92050,2,3,1,1,1
202300014391,6,7,2023,11:30,1,1,6,95,95510,1,2,1,2,1
202300014392,17,3,2023,15:45,1,1,7,92,92049,2,3,2,1,1
202300014393,10,8,2023,14:58,1,1,3,68,68224,2,4,2,1,1
202300014394,20,11,2023,08:48,1,1,4,74,74281,1,3,1,1,1
202300014395,17,3,2023,15:55,1,1,2,92,92040,2,3,2,1,1
202300014396,3,6,2023,07:40,1,1,7,14,14371,1,3,2,2,1
202300014397,7,8,2023,19:42,1,1,1,68,68066,2,4,2,1,1
202300014398,16,3,2023,12:08,1,1,6,92,92036,2,4,2,1,1
202300014399,19,11,2023,16:04,1,1,3,72,72181,2,4,1,1,1
202300014400,5,7,2023,19:10,1,1,2,87,87050,2,4,2,1,1
202300014401,11,8,2023,13:30,1,1,2,67,67482,2,4,3,1,1
202300014402,1,6,2023,16:40,1,1,1,14,14456,1,3,2,2,1
202300014402,1,6,2023,16:40,1,1,1,14,14456,1,3,4,1,1
202300014403,6,7,2023,17:10,1,1,2,85,85191,2,3,2,1,1
202300014404,15,3,2023,21:10,5,1,3,92,92025,2,3,1,1,1
202300014404,15,3,2023,21:10,5,1,3,92,92025,2,3,2,1,1
202300014405,20,11,2023,09:35,2,5,3,69,69271,2,4,2,1,1
202300014406,11,8,2023,14:55,1,1,3,67,67180,2,4,2,1,1
202300014407,17,3,2023,23:25,5,2,7,92,92024,2,3,1,1,2
202300014407,17,3,2023,23:25,5,2,7,92,92024,2,3,1,1,2
202300014408,9,8,2023,08:40,1,1,3,64,64445,2,4,2,1,1
202300014409,6,7,2023,22:30,5,8,5,83,83137,2,4,2,1,1
202300014410,2,6,2023,17:10,1,1,3,50,50074,1,3,2,4,1
202300014410,2,6,2023,17:10,1,1,3,50,50074,1,3,2,1,1
202300014411,17,3,2023,10:25,1,1,1,92,92012,2,3,-1,2,1
202300014412,20,11,2023,10:15,1,1,3,64,64445,2,4,2,1,1
202300014412,20,11,2023,10:15,1,1,3,64,64445,2,4,2,1,1
202300014413,11,8,2023,15:15,1,1,2,64,64102,2,4,2,1,1
202300014414,17,3,2023,19:40,5,3,3,92,92002,2,3,-1,1,2
202300014414,17,3,2023,19:40,5,3,3,92,92002,2,3,-1,1,2
202300014415,1,7,2023,02:38,3,1,6,83,83098,1,4,2,1,1
202300014416,2,6,2023,19:00,1,1,7,90,90065,1,3,2,2,1
202300014417,19,11,2023,14:55,1,7,7,64,64269,2,3,2,1,8
202300014418,17,3,2023,12:45,1,1,1,24,24463,1,4,2,1,1
202300014419,31,7,2023,22:33,5,1,4,63,63014,2,7,3,1,1
202300014419,31,7,2023,22:33,5,1,4,63,63014,2,7,2,1,1
202300014420,1,6,2023,07:40,1,1,6,60,60044,2,3,2,1,1
202300014421,3,6,2023,23:25,5,1,7,83,83069,2,4,2,1,1
202300014422,18,11,2023,18:15,3,1,2,64,64125,2,3,2,2,1
202300014423,22,2,2023,19:00,3,2,3,95,95313,1,1,3,1,2
202300014424,11,8,2023,08:35,1,1,6,63,63113,2,4,2,1,1
202300014424,11,8,2023,08:35,1,1,6,63,63113,2,4,2,1,1
202300014425,11,8,2023,09:10,1,1,3,60,60057,2,6,-1,1,1
202300014426,20,11,2023,12:25,1,2,3,64,64024,2,4,2,1,2
202300014427,16,3,2023,07:40,2,1,3,37,37188,1,3,1,1,1
202300014428,3,6,2023,07:14,1,1,3,45,45195,2,3,-1,1,1
202300014428,3,6,2023,07:14,1,1,3,45,45195,2,3,-1,1,1
202300014429,4,7,2023,16:10,1,1,1,78,78361,1,3,2,1,1
202300014430,9,3,2023,11:44,1,1,7,86,86153,2,3,2,4,1
202300014431,11,8,2023,08:12,1,1,6,59,59350,2,4,1,1,1
202300014431,11,8,2023,08:12,1,1,6,59,59350,2,4,1,1,1
202300014432,18,3,2023,10:00,1,1,6,38,38199,1,3,2,1,1
202300014433,20,11,2023,09:20,1,1,4,62,62895,1,3,3,1,2
202300014434,10,8,2023,08:40,1,1,5,56,56121,2,4,1,1,1
202300014435,18,3,2023,09:55,1,7,6,95,95487,2,3,2,1,1
202300014436,15,5,2023,14:00,1,1,3,73,73255,1,4,2,2,1
202300014436,15,5,2023,14:00,1,1,3,73,73255,1,4,2,1,1
202300014437,16,11,2023,11:50,1,2,3,62,62427,2,4,2,1,2
202300014438,10,8,2023,11:15,1,1,1,54,54578,2,4,2,2,1
202300014439,18,3,2023,10:30,1,1,6,68,68143,2,3,2,1,1
202300014440,10,8,2023,08:40,1,1,6,54,54184,2,4,2,1,1
202300014441,6,7,2023,18:15,1,1,3,77,77479,1,4,2,1,1
202300014441,6,7,2023,18:15,1,1,3,77,77479,1,4,2,1,1
202300014442,20,11,2023,08:00,1,3,1,62,62193,2,4,1,1,2
202300014443,2,6,2023,21:40,1,1,6,10,10268,1,4,1,2,1
202300014444,14,3,2023,14:30,1,1,7,26,26353,1,1,3,1,1
202300014445,11,8,2023,03:40,5,1,6,50,50129,2,4,2,2,1
202300014446,18,3,2023,00:12,3,2,6,62,62579,1,3,2,1,2
202300014447,20,11,2023,08:00,1,1,3,61,61001,2,3,2,1,1
202300014447,20,11,2023,08:00,1,1,3,61,61001,2,3,2,1,1
202300014448,2,6,2023,17:20,1,1,6,07,07089,1,4,2,3,1
202300014449,10,8,2023,12:45,1,1,3,49,49099,1,4,2,1,1
202300014450,6,7,2023,09:45,1,1,3,76,76540,2,4,2,1,1
202300014451,18,3,2023,15:14,1,1,7,51,51386,1,3,2,2,1
202300014452,10,8,2023,15:35,1,1,7,49,49353,2,4,2,1,1
202300014453,15,1,2023,00:50,3,2,6,78,78291,1,3,2,1,2
202300014454,2,6,2023,18:20,1,1,6,30,30276,1,3,3,1,1
202300014455,18,3,2023,19:45,3,1,6,79,79277,1,3,2,1,2
202300014456,10,8,2023,13:39,1,1,7,49,49007,2,4,2,1,1
202300014457,6,7,2023,12:05,1,1,2,74,74012,2,4,2,2,1
202300014458,17,3,2023,11:00,1,7,6,65,65258,2,3,2,1,1
202300014459,11,8,2023,21:40,2,2,7,37,37050,1,7,3,1,2
202300014460,19,11,2023,22:39,5,2,5,59,59512,1,7,1,1,2
202300014461,3,6,2023,02:45,3,1,6,08,08468,1,3,2,1,1
202300014462,18,3,2023,15:45,1,1,6,69,69214,1,3,2,2,1
202300014463,1,6,2023,14:10,1,1,6,973,97309,2,3,2,1,1
202300014464,21,11,2023,01:10,5,1,6,59,59350,2,4,1,1,1
202300014464,21,11,2023,01:10,5,1,6,59,59350,2,4,2,1,1
202300014465,11,8,2023,22:15,5,1,3,37,37261,2,4,1,4,1
202300014465,11,8,2023,22:15,5,1,3,37,37261,2,4,2,1,1
202300014466,5,7,2023,17:55,1,1,3,74,74012,2,4,2,1,1
202300014467,11,8,2023,13:45,1,1,3,37,37261,2,4,2,1,1
202300014468,17,3,2023,21:00,3,1,6,49,49248,1,4,2,1,1
202300014469,3,6,2023,04:50,3,1,6,01,01049,1,1,3,1,1
202300014470,6,7,2023,14:10,1,1,1,69,69259,2,4,1,1,1
202300014471,17,11,2023,15:15,1,8,4,59,59509,2,3,2,1,2
202300014472,11,8,2023,18:30,1,1,2,33,33063,2,4,3,1,1
202300014473,11,8,2023,12:15,1,1,3,33,33529,1,2,2,1,1
202300014474,17,3,2023,16:46,1,2,6,49,49183,2,3,2,2,2
202300014475,2,6,2023,19:15,1,1,3,68,68278,2,3,2,1,1
202300014476,5,7,2023,12:15,1,1,6,69,69259,2,4,2,1,1
202300014477,18,11,2023,04:55,4,2,3,59,59122,2,3,2,1,2
202300014477,18,11,2023,04:55,4,2,3,59,59122,2,3,2,1,2
202300014478,11,8,2023,19:30,1,1,3,31,31555,2,4,1,1,1
202300014478,11,8,2023,19:30,1,1,3,31,31555,2,4,1,1,1
202300014479,17,3,2023,16:22,1,2,6,44,44142,1,3,2,1,2
202300014479,17,3,2023,16:22,1,2,6,44,44142,1,3,2,1,2
202300014480,20,11,2023,05:50,5,1,7,51,51454,2,4,2,1,1
202300014481,6,7,2023,08:30,1,1,6,67,67447,2,7,2,1,1
202300014482,3,6,2023,11:40,1,1,6,37,37185,2,3,-1,1,1
202300014482,3,6,2023,11:40,1,1,6,37,37185,2,3,-1,1,1
202300014483,10,8,2023,00:30,5,1,6,31,31555,2,4,1,1,1
202300014484,18,3,2023,10:30,1,1,6,38,38261,2,3,2,1,1
202300014485,20,11,2023,17:29,2,8,6,51,51230,2,4,2,1,1
202300014486,2,6,2023,21:35,1,1,6,77,77420,1,3,2,1,1
202300014487,11,8,2023,11:00,1,1,1,13,13054,2,4,2,1,1
202300014488,5,7,2023,17:30,1,1,1,67,67180,1,3,3,1,1
202300014489,18,3,2023,12:30,1,1,1,15,15202,1,3,2,2,2
202300014490,18,11,2023,18:15,1,2,6,50,50129,2,6,2,1,2
202300014491,2,6,2023,02:20,3,1,7,95,95212,1,3,2,1,1
202300014492,4,7,2023,17:00,1,1,6,66,66136,2,4,1,1,1
202300014492,4,7,2023,17:00,1,1,6,66,66136,2,4,2,1,1
202300014493,11,8,2023,19:47,1,1,3,13,13216,2,4,3,1,1
202300014494,20,11,2023,17:25,1,2,2,49,49007,1,3,1,1,2
202300014495,16,3,2023,14:00,1,1,3,01,01263,2,3,2,2,1
202300014495,16,3,2023,14:00,1,1,3,01,01263,2,3,2,1,1
202300014496,22,12,2023,18:28,5,1,7,56,56083,2,4,2,2,1
202300014497,2,6,2023,13:15,1,1,2,91,91338,2,4,2,2,1
202300014498,11,8,2023,19:45,1,1,6,13,13208,2,4,2,1,1
202300014499,20,11,2023,17:00,1,1,3,49,49015,2,4,2,1,1
202300014500,6,7,2023,11:01,1,1,6,63,63075,2,7,2,1,1
202300014500,6,7,2023,11:01,1,1,6,63,63075,2,7,2,1,1
202300014501,18,3,2023,04:45,3,1,2,26,26165,2,2,2,1,1
202300014502,26,12,2023,14:30,1,8,6,54,54575,1,3,2,2,2
202300014503,8,6,2023,15:20,1,1,6,62,62193,2,4,2,1,1
202300014504,20,11,2023,15:44,1,1,7,49,49353,2,4,2,1,1