id_accident,jour,mois,annee,heure_minute,luminosite,meteo,type_collision,departement,commune,agglomeration,categorie_route,regime_circulation,profil_route,etat_surface
202300014504,20,11,2023,15:44,1,1,7,49,49353,2,4,2,1,1
202300014505,29,5,2023,09:55,1,1,2,34,34154,1,3,2,1,1
202300014505,29,5,2023,09:55,1,1,2,34,34154,1,3,2,1,1
202300014506,20,2,2023,17:24,1,1,3,06,06079,2,4,2,1,1
202300014507,5,7,2023,11:15,1,1,2,54,54395,2,4,1,1,1
202300014508,2,6,2023,16:50,1,1,1,34,34057,1,7,2,1,1
202300014509,21,12,2023,16:00,1,8,3,49,49007,2,4,3,1,1
202300014510,20,11,2023,13:30,1,1,3,49,49007,2,4,2,1,2
202300014510,20,11,2023,13:30,1,1,3,49,49007,2,4,2,1,2
202300014511,5,7,2023,17:45,1,1,6,54,54280,2,4,2,1,1
202300014512,21,12,2023,16:45,1,1,7,44,44109,2,4,2,1,1
202300014513,18,11,2023,23:35,3,2,6,45,45338,1,4,2,1,2
202300014514,2,6,2023,20:50,2,1,3,06,06157,2,4,1,1,1
202300014514,2,6,2023,20:50,2,1,3,06,06157,2,4,2,1,1
202300014515,17,3,2023,19:05,5,2,1,45,45059,2,3,2,1,2
202300014516,19,11,2023,01:07,3,2,6,45,45068,2,4,2,1,2
202300014517,17,3,2023,22:45,3,5,7,18,18073,1,4,2,2,2
202300014518,26,12,2023,21:18,5,1,3,37,37233,2,4,2,1,1
202300014519,20,11,2023,17:20,2,1,3,41,41269,2,4,-1,1,1
202300014520,18,3,2023,08:30,1,1,3,10,10351,1,3,2,1,1
202300014521,23,12,2023,05:35,3,1,1,34,34032,1,3,2,1,1
202300014522,18,3,2023,04:15,3,1,7,10,10106,1,3,2,1,1
202300014523,17,11,2023,14:07,1,1,6,41,41018,2,3,2,1,1
202300014524,5,7,2023,13:30,1,1,6,52,52448,2,4,-1,1,1
202300014525,3,6,2023,09:05,1,1,3,13,13100,1,3,2,1,1
202300014526,22,12,2023,19:30,3,1,7,34,34032,2,4,2,1,1
202300014527,18,3,2023,14:30,1,1,3,07,07296,1,3,2,1,1
202300014527,18,3,2023,14:30,1,1,3,07,07296,1,3,2,1,1
202300014528,16,6,2023,20:50,1,1,3,49,49099,1,4,2,1,1
202300014528,16,6,2023,20:50,1,1,3,49,49099,1,4,2,1,1
202300014529,20,11,2023,13:46,1,1,5,40,40281,1,3,2,1,1
202300014530,3,6,2023,05:30,2,1,6,25,25198,2,3,2,2,1
202300014531,20,11,2023,14:00,1,1,6,38,38185,2,7,1,1,1
202300014532,28,12,2023,07:00,5,1,3,29,29019,2,4,2,1,1
202300014532,28,12,2023,07:00,5,1,3,29,29019,2,4,2,1,1
202300014533,3,6,2023,09:30,1,1,3,71,71275,2,3,2,1,1
202300014534,17,3,2023,21:38,3,1,6,17,17366,1,3,2,1,1
202300014535,5,7,2023,19:00,1,1,3,49,49007,2,4,2,1,1
202300014536,20,11,2023,07:35,1,1,6,37,37261,2,4,2,1,1
202300014537,17,3,2023,21:00,5,1,6,87,87105,2,4,2,1,1
202300014538,2,6,2023,19:54,1,1,1,21,21390,2,7,3,1,1
202300014539,5,7,2023,12:30,1,1,3,49,49007,2,4,3,1,1
202300014539,5,7,2023,12:30,1,1,3,49,49007,2,4,1,1,1
202300014540,27,12,2023,00:35,5,1,6,15,15014,2,4,2,2,1
202300014541,2,6,2023,09:20,1,1,3,68,68063,1,3,3,1,1
202300014542,20,11,2023,17:30,3,2,4,35,35238,1,2,3,4,2
202300014543,17,3,2023,16:30,1,2,3,37,37204,1,3,2,1,2
202300014543,17,3,2023,16:30,1,2,3,37,37204,1,3,2,1,2
202300014544,6,7,2023,08:00,1,1,3,47,47001,2,3,2,1,1
202300014544,6,7,2023,08:00,1,1,3,47,47001,2,3,2,1,1
202300014545,3,6,2023,12:50,1,1,7,54,54318,2,4,4,1,1
202300014546,26,12,2023,15:50,2,1,3,13,13054,2,4,2,1,1
202300014546,26,12,2023,15:50,2,1,3,13,13054,2,4,2,1,1
202300014547,20,11,2023,16:05,1,8,3,35,35238,2,4,3,1,1
202300014547,20,11,2023,16:05,1,8,3,35,35238,2,4,2,1,1
202300014548,14,3,2023,12:05,1,1,3,88,88516,2,4,2,1,1
202300014548,14,3,2023,12:05,1,1,3,88,88516,2,4,2,1,1
202300014549,6,7,2023,18:50,1,1,1,45,45234,2,4,2,1,1
202300014550,3,6,2023,10:10,1,1,7,01,01249,1,3,2,1,1
202300014550,3,6,2023,10:10,1,1,7,01,01249,1,3,2,1,1
202300014551,20,11,2023,23:40,3,2,1,33,33063,2,1,1,1,2
202300014552,25,12,2023,16:05,2,7,6,13,13210,2,4,1,2,1
202300014553,6,7,2023,13:12,1,1,6,45,45004,2,3,2,1,1
202300014554,17,3,2023,08:35,1,1,1,987,98745,2,2,2,1,1
202300014555,20,11,2023,17:42,5,2,3,32,32013,2,4,2,1,2
202300014556,22,12,2023,18:35,5,1,3,11,11262,2,4,2,1,1
202300014557,16,3,2023,18:40,5,1,2,987,98745,2,2,2,1,1
202300014558,5,7,2023,19:00,1,1,2,43,43041,2,3,2,2,1
202300014559,3,6,2023,11:30,1,1,1,14,14680,1,3,2,1,1
202300014560,17,3,2023,23:15,3,1,6,67,67506,1,1,3,1,1
202300014561,20,11,2023,16:35,1,8,6,31,31555,2,4,2,1,2
202300014562,25,12,2023,16:26,1,1,3,10,10387,2,4,2,1,1
202300014562,25,12,2023,16:26,1,1,3,10,10387,2,4,2,1,1
202300014563,2,6,2023,15:00,1,1,3,56,56152,2,3,2,2,1
202300014563,2,6,2023,15:00,1,1,3,56,56152,2,3,1,2,1
202300014564,18,3,2023,10:00,1,1,6,13,13058,1,3,2,2,1
202300014565,6,7,2023,11:20,1,1,2,37,37261,2,4,1,1,1
202300014566,20,11,2023,09:56,1,1,3,27,27229,2,4,2,1,1
202300014567,2,6,2023,07:45,1,1,7,22,22081,2,4,2,1,1
202300014568,26,12,2023,05:55,5,1,6,07,07102,1,3,2,1,1
202300014569,3,7,2023,11:30,1,1,6,35,35288,2,3,2,1,1
202300014570,17,3,2023,22:10,3,1,2,11,11262,1,1,-1,1,1
202300014571,2,6,2023,08:20,1,1,6,35,35194,1,3,2,1,1
202300014571,2,6,2023,08:20,1,1,6,35,35194,1,3,2,2,1
202300014572,20,11,2023,15:47,1,1,4,17,17291,1,2,3,1,1
202300014573,30,6,2023,00:30,3,1,2,35,35241,1,3,3,1,1
202300014574,18,3,2023,14:50,1,1,6,13,13021,1,3,3,2,1
202300014575,22,12,2023,02:20,3,1,6,06,06069,2,4,3,1,1
202300014576,1,6,2023,19:40,1,1,2,69,69199,1,7,3,1,1
202300014577,16,11,2023,17:27,2,2,2,16,16102,2,3,2,1,2
202300014578,5,7,2023,19:40,1,1,3,34,34172,2,4,2,1,1
202300014579,26,12,2023,12:20,1,1,6,04,04070,2,4,-1,1,9
202300014580,18,3,2023,12:45,1,2,3,78,78470,1,3,2,1,2
202300014580,18,3,2023,12:45,1,2,3,78,78470,1,3,2,1,2
202300014581,19,11,2023,18:40,3,1,1,13,13071,2,4,2,1,1
202300014582,26,12,2023,12:15,1,1,2,75,75118,2,4,1,1,1
202300014583,20,11,2023,14:45,1,1,2,13,13213,2,4,2,1,1
202300014584,17,3,2023,14:30,1,1,3,38,38003,1,3,2,1,1
202300014584,17,3,2023,14:30,1,1,3,38,38003,1,3,2,3,1
202300014585,29,4,2023,09:15,1,8,2,38,38336,1,1,1,1,2
202300014586,17,3,2023,19:40,3,1,6,61,61433,1,3,2,3,1
202300014587,20,11,2023,08:45,1,1,6,13,13208,2,4,-1,1,1
202300014588,25,12,2023,17:00,1,1,6,75,75115,2,4,1,1,1
202300014589,9,5,2023,05:29,4,1,6,69,69266,1,7,3,1,1
202300014590,19,11,2023,09:40,1,1,7,10,10387,2,4,1,1,2
202300014591,1,7,2023,10:15,1,3,1,34,34032,2,4,2,1,2
202300014591,1,7,2023,10:15,1,3,1,34,34032,2,4,2,1,2
202300014592,18,3,2023,05:20,3,1,6,60,60103,1,2,3,1,2
202300014593,2,6,2023,07:27,1,1,7,33,33063,1,1,1,2,1
202300014594,18,11,2023,17:26,5,3,6,10,10387,2,4,1,1,2
202300014595,25,12,2023,13:30,1,1,2,75,75120,2,4,1,1,1
202300014596,17,3,2023,20:05,5,2,6,80,80561,2,3,2,2,2
202300014597,6,7,2023,09:05,1,1,3,33,33063,2,4,2,1,1
202300014597,6,7,2023,09:05,1,1,3,33,33063,2,4,2,1,1
202300014598,20,11,2023,08:00,1,1,7,06,06069,2,3,2,1,9
202300014599,31,5,2023,07:55,1,1,4,33,33013,1,2,3,1,1
202300014600,6,7,2023,10:15,1,1,7,32,32013,2,4,2,1,1
202300014601,18,3,2023,11:30,1,1,1,59,59524,1,7,2,1,1
202300014601,18,3,2023,11:30,1,1,1,59,59524,1,7,2,1,1
202300014602,26,12,2023,01:20,5,1,2,75,75119,2,4,1,1,1
202300014602,26,12,2023,01:20,5,1,2,75,75119,2,4,1,1,1
202300014603,6,7,2023,10:16,1,1,3,29,29232,1,3,3,1,1
202300014604,20,11,2023,09:55,1,1,3,05,05061,2,2,2,1,1
202300014604,20,11,2023,09:55,1,1,3,05,05061,2,2,2,1,1
202300014605,14,3,2023,16:57,1,1,6,13,13207,1,4,-1,1,1
202300014606,26,12,2023,19:55,5,2,6,75,75115,2,4,1,1,2
202300014606,26,12,2023,19:55,5,2,6,75,75115,2,4,1,1,2
202300014607,20,11,2023,12:10,1,1,1,03,03185,2,4,1,1,1
202300014608,5,7,2023,07:12,1,1,3,29,29039,2,4,2,3,1
202300014609,2,6,2023,17:57,1,1,3,94,94038,1,1,-1,1,1
202300014610,16,3,2023,08:01,1,1,5,13,13215,1,1,-1,1,1
202300014611,20,11,2023,19:50,5,1,2,75,75118,2,4,1,1,1
202300014612,26,12,2023,18:10,5,2,6,75,75114,2,4,1,1,2
202300014612,26,12,2023,18:10,5,2,6,75,75114,2,4,2,1,2
202300014613,13,3,2023,07:25,2,1,2,59,59586,1,1,-1,1,2
202300014614,2,6,2023,15:40,1,1,3,94,94021,1,1,3,1,1
202300014615,6,7,2023,03:55,5,1,3,29,29019,2,4,-1,1,1
202300014615,6,7,2023,03:55,5,1,3,29,29019,2,4,1,1,1
202300014616,20,11,2023,19:00,5,2,3,75,75118,2,4,1,1,2
202300014617,26,12,2023,15:35,1,1,3,75,75113,2,4,2,1,1
202300014618,17,3,2023,18:00,1,2,2,94,94037,1,1,3,1,2
202300014619,20,11,2023,18:35,5,1,2,75,75119,2,4,1,1,1
202300014620,2,6,2023,08:57,1,1,4,91,91216,1,1,-1,1,1
202300014621,6,7,2023,00:35,5,1,6,27,27229,2,4,2,2,1
202300014622,17,3,2023,14:40,1,1,3,77,77251,1,2,3,1,1
202300014623,19,11,2023,18:30,5,1,2,75,75116,2,4,1,1,1
202300014624,26,12,2023,20:10,5,2,6,75,75112,2,4,2,1,2
202300014624,26,12,2023,20:10,5,2,6,75,75112,2,4,1,1,2
202300014625,17,3,2023,13:45,1,1,3,91,91471,1,2,1,2,1
202300014626,6,7,2023,15:25,1,7,3,17,17415,2,4,1,1,1
202300014627,19,11,2023,01:15,3,8,5,75,75120,2,1,1,2,2
202300014628,16,3,2023,18:40,3,1,3,78,78466,1,1,1,1,1
202300014629,6,7,2023,09:00,1,1,2,17,17306,2,4,2,2,1
202300014630,1,6,2023,08:10,1,1,5,92,92050,1,1,1,3,1
202300014631,26,12,2023,01:20,5,1,5,75,75111,2,4,1,1,1
202300014631,26,12,2023,01:20,5,1,5,75,75111,2,4,1,1,1
202300014632,20,11,2023,17:45,5,2,2,75,75105,2,4,1,1,2
202300014632,20,11,2023,17:45,5,2,2,75,75105,2,4,1,1,2
202300014633,16,3,2023,18:50,2,1,5,93,93048,1,1,3,1,1
202300014634,7,7,2023,00:30,3,1,7,17,17200,1,3,2,1,1
202300014635,2,6,2023,17:00,1,1,3,93,93005,1,1,3,1,1
202300014636,26,12,2023,13:50,1,1,6,75,75104,2,4,2,1,1
202300014637,6,7,2023,07:30,1,1,6,17,17300,2,4,1,1,1
202300014638,20,11,2023,08:00,1,1,6,75,75120,2,4,1,1,1
202300014638,20,11,2023,08:00,1,1,6,75,75120,2,4,2,1,1
202300014639,16,3,2023,18:15,1,1,3,95,95241,1,2,3,1,1
202300014640,2,6,2023,06:45,1,1,2,93,93005,1,1,3,2,1
202300014641,26,12,2023,19:45,5,2,6,94,94021,2,3,3,1,2
202300014642,16,3,2023,17:00,1,1,2,95,95572,1,2,3,1,1
202300014643,20,11,2023,18:30,5,1,2,75,75118,2,4,1,1,1
202300014643,20,11,2023,18:30,5,1,2,75,75118,2,4,1,1,1
202300014644,1,6,2023,14:45,1,1,2,93,93066,1,1,3,1,1
202300014645,16,3,2023,07:00,1,1,2,95,95306,1,1,3,1,1
202300014646,25,12,2023,22:38,5,1,3,94,94011,2,3,1,1,1
202300014647,19,11,2023,21:55,5,1,3,75,75114,2,4,3,1,1
202300014647,19,11,2023,21:55,5,1,3,75,75114,2,4,2,1,1
202300014648,15,3,2023,17:20,1,1,3,93,93006,1,1,1,2,1
202300014649,1,6,2023,08:25,1,1,2,95,95488,1,1,3,1,1
202300014650,26,12,2023,18:35,5,2,6,94,94034,2,4,2,1,2
202300014651,19,11,2023,09:45,1,1,6,75,75112,2,4,2,1,2
202300014652,17,3,2023,22:40,4,2,7,94,94042,1,1,2,1,2
202300014653,1,6,2023,08:45,1,1,2,93,93063,1,1,3,1,1
202300014654,20,11,2023,14:57,1,2,6,75,75110,2,4,1,2,2
202300014654,20,11,2023,14:57,1,2,6,75,75110,2,4,1,1,2
202300014655,26,12,2023,15:55,1,1,3,94,94018,2,4,1,1,1
202300014655,26,12,2023,15:55,1,1,3,94,94018,2,4,1,1,1
202300014656,1,6,2023,08:45,1,1,3,93,93010,1,1,3,1,1
202300014657,17,3,2023,21:55,5,2,6,94,94058,1,1,1,1,2
202300014658,20,11,2023,07:40,2,1,2,75,75116,2,4,2,1,1
202300014658,20,11,2023,07:40,2,1,2,75,75116,2,4,-1,1,1
202300014659,1,6,2023,08:40,1,1,3,92,92036,1,1,3,1,1
202300014660,26,12,2023,13:20,1,1,2,93,93078,2,3,3,1,1
202300014660,26,12,2023,13:20,1,1,2,93,93078,2,3,3,1,1
202300014661,20,11,2023,10:45,1,1,7,75,75103,2,4,2,1,1
202300014661,20,11,2023,10:45,1,1,7,75,75103,2,4,1,1,1
202300014662,17,3,2023,12:30,1,1,6,77,77146,1,1,1,1,1
202300014663,1,6,2023,04:20,3,1,6,93,93078,1,1,3,1,1
202300014664,26,12,2023,02:32,3,1,6,93,93053,2,4,2,1,1
202300014665,20,11,2023,08:15,1,1,7,75,75104,2,4,1,1,2
202300014665,20,11,2023,08:15,1,1,7,75,75104,2,4,1,1,1
202300014666,16,3,2023,17:50,1,1,2,91,91286,2,3,3,1,1
202300014667,31,5,2023,17:30,1,1,3,92,92078,1,1,3,1,1
202300014668,20,11,2023,09:20,1,1,6,94,94076,2,4,1,1,1
202300014668,20,11,2023,09:20,1,1,6,94,94076,2,4,2,1,1
202300014669,26,12,2023,17:45,5,2,6,93,93001,2,3,1,1,2
202300014669,26,12,2023,17:45,5,2,6,93,93001,2,3,2,1,2
202300014670,20,11,2023,07:40,2,8,6,94,94011,2,3,2,1,1
202300014671,14,3,2023,11:20,1,1,1,972,97209,1,2,2,1,1
202300014672,26,12,2023,19:15,2,2,2,92,92064,2,3,1,1,2
202300014673,13,1,2023,03:00,5,1,6,42,42218,2,4,2,1,1
202300014674,20,11,2023,10:01,1,1,3,94,94022,2,3,1,1,1
202300014674,20,11,2023,10:01,1,1,3,94,94022,2,3,1,1,1
202300014675,16,3,2023,14:52,1,1,6,974,97416,2,4,2,1,1
202300014675,16,3,2023,14:52,1,1,6,974,97416,2,4,-1,1,1
202300014676,20,11,2023,11:30,1,1,3,93,93066,2,4,2,1,1
202300014677,22,12,2023,20:40,5,8,3,92,92009,2,3,2,1,1
202300014677,22,12,2023,20:40,5,8,3,92,92009,2,3,2,1,1
202300014678,20,11,2023,07:45,1,1,3,93,93066,2,4,2,1,1
202300014679,16,3,2023,09:20,1,1,5,974,97416,1,2,1,2,1
202300014680,27,12,2023,19:30,5,9,3,76,76476,2,4,2,1,2
202300014680,27,12,2023,19:30,5,9,3,76,76476,2,4,2,1,2
202300014681,2,6,2023,17:45,1,1,2,77,77258,1,1,-1,1,1
202300014682,16,3,2023,10:30,1,1,3,974,97407,2,4,2,1,1
202300014683,20,11,2023,18:50,5,1,6,93,93055,2,3,3,1,2
202300014683,20,11,2023,18:50,5,1,6,93,93055,2,3,1,1,2
202300014684,16,3,2023,13:30,1,1,3,973,97302,2,3,2,1,1
202300014685,25,12,2023,19:10,3,2,6,57,57028,1,3,3,1,2
202300014686,20,11,2023,16:45,2,2,6,93,93046,2,4,2,1,2
202300014686,20,11,2023,16:45,2,2,6,93,93046,2,4,2,1,2
202300014687,16,3,2023,08:35,1,1,2,973,97302,2,3,2,1,1
202300014688,20,11,2023,21:30,5,1,1,93,93031,2,3,2,1,2
202300014688,20,11,2023,21:30,5,1,1,93,93031,2,3,2,1,2
202300014689,2,6,2023,12:45,1,1,2,94,94073,1,1,3,1,1
202300014690,5,11,2023,18:35,3,1,2,11,11059,1,3,2,1,1
202300014691,16,3,2023,07:30,1,1,3,973,97302,2,3,2,1,1
202300014692,25,8,2023,03:00,3,1,6,11,11410,2,3,2,1,1
202300014693,2,6,2023,00:50,3,1,6,77,77337,1,2,-1,1,1
202300014694,20,11,2023,20:29,5,2,1,93,93031,2,3,2,1,2
202300014695,16,3,2023,16:20,1,1,6,69,69388,2,4,1,1,1
202300014696,18,9,2023,00:29,3,1,6,06,06143,2,5,2,2,1
202300014697,20,11,2023,12:40,1,1,2,93,93079,2,3,3,1,1
202300014698,31,5,2023,15:19,1,1,6,987,98735,2,4,3,1,1
202300014699,26,12,2023,09:40,1,1,6,85,85223,1,1,1,2,2
202300014700,16,3,2023,07:55,1,1,3,69,69383,2,4,1,1,1
202300014701,1,6,2023,09:20,1,1,7,974,97416,1,2,1,2,1
202300014702,20,11,2023,18:45,3,2,6,93,93008,2,4,1,1,2
202300014703,17,9,2023,14:35,1,1,1,88,88196,1,3,2,2,1
202300014704,13,3,2023,19:20,5,2,6,69,69389,2,4,2,1,2
202300014705,1,6,2023,13:30,1,1,1,974,97407,2,4,2,1,1
202300014706,20,11,2023,02:00,5,1,3,93,93007,2,3,2,1,1
202300014706,20,11,2023,02:00,5,1,3,93,93007,2,3,2,1,1
202300014707,16,3,2023,08:30,1,1,3,2B,2B120,1,2,3,1,1
202300014708,17,9,2023,10:50,1,1,3,57,57443,2,2,3,1,1
202300014709,27,12,2023,10:20,1,1,5,41,41167,1,3,2,1,1
202300014710,11,11,2023,19:45,5,1,7,92,92049,2,4,2,1,2
202300014711,1,6,2023,15:20,1,1,2,69,69383,2,4,1,1,1
202300014712,9,3,2023,17:45,1,2,7,91,91514,1,3,2,2,3
202300014713,1,6,2023,17:30,2,1,2,972,97209,1,3,1,1,1
202300014714,20,11,2023,11:30,1,1,3,92,92049,2,3,2,1,1
202300014714,20,11,2023,11:30,1,1,3,92,92049,2,3,1,1,1
202300014715,23,12,2023,18:20,3,2,6,26,26216,1,3,2,2,2
202300014716,18,9,2023,08:10,1,3,5,07,07015,1,3,2,1,3
202300014717,15,3,2023,21:38,5,1,7,91,91223,2,4,2,1,1
202300014718,15,3,2023,17:55,1,1,6,83,83137,2,4,2,1,1
202300014719,1,6,2023,17:41,1,1,3,69,69034,2,7,2,1,1
202300014720,20,11,2023,09:25,1,1,3,75,75115,2,4,2,1,1
202300014720,20,11,2023,09:25,1,1,3,75,75115,2,4,2,1,1
202300014721,17,9,2023,10:35,1,1,6,65,65059,2,4,1,1,1
202300014721,17,9,2023,10:35,1,1,6,65,65059,2,4,2,1,1
202300014722,26,12,2023,16:40,1,1,3,41,41010,2,4,2,1,1
202300014723,1,6,2023,10:10,1,1,3,69,69385,2,4,2,2,1
202300014723,1,6,2023,10:10,1,1,3,69,69385,2,4,2,2,1
202300014724,20,11,2023,18:50,3,2,6,92,92025,2,1,1,1,2
202300014724,20,11,2023,18:50,3,2,6,92,92025,2,1,1,1,2
202300014725,16,9,2023,23:50,3,1,6,09,09003,1,3,2,2,1
202300014726,18,9,2023,01:45,3,1,7,86,86062,2,4,1,1,1
202300014727,22,12,2023,17:35,3,1,2,67,67435,1,3,2,1,2
202300014727,22,12,2023,17:35,3,1,2,67,67435,1,3,2,1,2
202300014728,18,11,2023,23:45,5,2,6,92,92025,2,3,2,1,2
202300014729,30,5,2023,21:45,3,1,3,971,97101,1,2,2,1,1
202300014730,16,3,2023,13:30,1,1,7,77,77249,1,4,1,1,1
202300014731,14,9,2023,17:00,1,7,7,85,85112,1,3,2,3,1
202300014732,1,6,2023,15:30,1,1,1,95,95277,1,3,2,1,1
202300014733,20,11,2023,10:20,1,1,3,92,92024,2,3,1,1,1
202300014733,20,11,2023,10:20,1,1,3,92,92024,2,3,1,1,1
202300014734,27,12,2023,16:04,1,1,1,71,71263,1,3,2,1,1
202300014735,18,9,2023,09:20,1,1,6,85,85113,2,4,2,2,2
202300014736,15,3,2023,16:50,1,1,4,77,77495,1,3,2,1,1
202300014737,7,11,2023,21:50,5,1,3,92,92036,2,3,2,1,1
202300014737,7,11,2023,21:50,5,1,3,92,92036,2,3,2,1,1
202300014738,16,3,2023,13:35,1,1,3,76,76351,2,3,1,3,1
202300014738,16,3,2023,13:35,1,1,3,76,76351,2,3,2,1,1
202300014739,26,12,2023,15:40,1,1,3,71,71243,1,3,2,2,1
202300014740,30,5,2023,00:30,4,1,1,91,91174,2,3,2,1,1
202300014741,18,11,2023,20:10,3,1,2,63,63345,1,3,2,2,2
202300014742,17,9,2023,21:45,5,3,6,60,60346,2,3,2,1,2
202300014743,15,3,2023,07:45,1,2,3,76,76351,2,4,2,1,2
202300014743,15,3,2023,07:45,1,2,3,76,76351,2,4,2,1,2
202300014744,27,12,2023,19:30,3,1,6,71,71218,1,3,2,2,2
202300014745,1,6,2023,18:05,1,1,2,89,89342,1,3,2,1,1
202300014745,1,6,2023,18:05,1,1,2,89,89342,1,3,2,1,1
202300014746,20,11,2023,17:30,3,2,1,54,54113,1,3,2,1,2
202300014747,18,9,2023,17:00,1,2,1,60,60009,2,4,-1,1,2
202300014747,18,9,2023,17:00,1,2,1,60,60009,2,4,2,1,2
202300014748,16,3,2023,19:55,5,1,3,73,73008,2,3,2,1,1
202300014748,16,3,2023,19:55,5,1,3,73,73008,2,3,1,1,1
202300014749,27,12,2023,12:45,1,1,3,61,61293,1,3,2,2,1
202300014749,27,12,2023,12:45,1,1,3,61,61293,1,3,2,4,1
202300014750,31,5,2023,14:20,1,1,2,87,87085,1,1,1,1,1
202300014751,17,9,2023,00:50,5,1,7,13,13202,1,7,-1,1,1
202300014752,21,11,2023,08:30,2,2,1,95,95205,1,3,2,1,2
202300014752,21,11,2023,08:30,2,2,1,95,95205,1,3,2,1,2
202300014753,16,3,2023,07:45,1,1,3,72,72181,2,4,3,1,1
202300014753,16,3,2023,07:45,1,1,3,72,72181,2,4,2,1,1
202300014754,20,11,2023,16:05,1,1,1,85,85092,2,4,2,1,1
202300014755,16,9,2023,21:40,5,1,2,69,69029,1,7,3,1,1
202300014756,26,5,2023,17:03,1,1,6,87,87085,2,4,3,1,1
202300014757,27,12,2023,12:49,1,1,3,49,49362,2,3,2,4,1
202300014757,27,12,2023,12:49,1,1,3,49,49362,2,3,2,1,1
202300014758,15,3,2023,20:25,5,1,3,72,72181,2,4,2,1,1
202300014758,15,3,2023,20:25,5,1,3,72,72181,2,4,2,1,1
202300014759,15,9,2023,00:40,3,1,6,67,67482,2,7,-1,1,1
202300014760,20,11,2023,16:45,1,1,1,11,11095,1,1,3,1,1
202300014761,29,5,2023,21:06,1,1,6,87,87085,1,4,2,1,1
202300014762,26,12,2023,03:50,3,1,6,86,86211,1,3,2,1,1
202300014763,15,3,2023,19:22,2,1,3,72,72181,2,4,-1,1,1
202300014763,15,3,2023,19:22,2,1,3,72,72181,2,4,-1,1,1
202300014764,12,9,2023,18:40,1,1,6,67,67152,1,7,3,1,1
202300014765,27,5,2023,17:35,1,1,6,87,87085,2,4,2,1,1
202300014766,19,11,2023,15:50,1,1,3,06,06161,2,3,2,1,1
202300014767,27,12,2023,04:15,3,1,7,68,68377,1,4,2,1,1
202300014768,15,3,2023,19:45,5,1,6,71,71040,2,3,2,1,1
202300014769,12,9,2023,14:40,1,1,2,67,67482,1,7,2,1,1
202300014770,26,5,2023,15:56,1,1,2,87,87085,2,4,2,1,1
202300014771,27,12,2023,00:15,3,2,7,29,29277,1,3,2,1,2
202300014772,21,11,2023,12:30,1,1,1,974,97404,2,3,2,1,1
202300014772,21,11,2023,12:30,1,1,1,974,97404,2,3,2,1,1
202300014773,16,3,2023,08:10,1,1,6,69,69264,2,3,2,1,1
202300014773,16,3,2023,08:10,1,1,6,69,69264,2,3,2,1,1
202300014774,2,6,2023,01:00,5,1,7,85,85191,2,4,2,2,1
202300014775,16,3,2023,07:45,1,1,6,67,67482,2,4,1,1,1
202300014776,20,11,2023,18:45,5,2,6,60,60176,2,4,2,1,2
202300014777,27,12,2023,17:10,2,1,1,02,02780,1,2,2,1,1
202300014778,1,6,2023,09:20,1,1,6,83,83090,2,3,2,1,1
202300014779,20,11,2023,12:30,1,3,6,50,50214,1,1,3,2,2
202300014780,14,3,2023,19:00,2,1,2,66,66136,2,4,2,1,1
202300014781,14,3,2023,14:17,1,1,6,66,66136,2,4,3,1,1
202300014782,27,12,2023,10:45,1,1,2,14,14478,2,4,1,1,1
202300014783,17,9,2023,18:15,1,1,4,33,33474,1,1,3,1,1
202300014784,18,11,2023,14:40,1,2,3,62,62207,1,3,2,1,2
202300014784,18,11,2023,14:40,1,2,3,62,62207,1,3,2,1,2
202300014785,27,5,2023,16:15,1,1,2,83,83126,2,3,1,2,1
202300014785,27,5,2023,16:15,1,1,2,83,83126,2,3,1,2,1
202300014786,14,3,2023,11:47,1,1,3,66,66136,2,4,1,1,1
202300014786,14,3,2023,11:47,1,1,3,66,66136,2,4,2,1,1
202300014787,17,9,2023,18:50,1,1,6,94,94003,1,1,1,1,1
202300014788,20,11,2023,22:10,3,2,6,41,41238,1,3,2,1,2
202300014789,27,12,2023,14:00,1,1,1,60,60471,2,4,2,2,1
202300014789,27,12,2023,14:00,1,1,1,60,60471,2,4,2,1,1
202300014790,26,5,2023,10:38,1,7,6,80,80021,2,4,2,1,1
202300014790,26,5,2023,10:38,1,7,6,80,80021,2,4,-1,1,1
202300014791,16,3,2023,00:45,5,1,6,64,64445,2,4,-1,1,1
202300014792,24,12,2023,11:00,1,7,3,64,64059,1,3,2,1,1
202300014793,30,5,2023,08:20,1,1,3,80,80489,2,4,2,1,1
202300014793,30,5,2023,08:20,1,1,3,80,80489,2,4,2,1,1
202300014794,17,9,2023,13:55,1,1,5,94,94034,1,1,3,1,1
202300014795,21,11,2023,13:20,1,2,5,19,19002,1,3,2,3,2
202300014795,21,11,2023,13:20,1,2,5,19,19002,1,3,2,1,2
202300014796,15,3,2023,16:36,1,1,4,63,63113,2,4,2,1,1
202300014796,15,3,2023,16:36,1,1,4,63,63113,2,4,2,1,1
202300014797,16,12,2023,03:15,4,5,6,16,16304,2,3,2,1,1
202300014798,28,5,2023,17:35,1,1,6,80,80001,2,3,3,1,1
202300014799,16,9,2023,17:15,1,1,6,94,94021,1,1,1,1,1