id_accident,jour,mois,annee,heure_minute,luminosite,meteo,type_collision,departement,commune,agglomeration,categorie_route,regime_circulation,profil_route,etat_surface
202300014800,21,11,2023,18:30,3,1,1,32,32414,1,3,2,1,1
202300014801,7,3,2023,10:00,1,2,6,62,62525,1,3,1,1,2
202300014802,1,6,2023,18:30,1,7,6,78,78005,2,4,1,1,1
202300014803,27,12,2023,10:50,1,1,6,04,04187,1,3,2,1,7
202300014804,21,11,2023,19:18,3,2,3,71,71182,1,3,2,4,2
202300014804,21,11,2023,19:18,3,2,3,71,71182,1,3,2,1,2
202300014805,16,3,2023,08:30,1,1,3,61,61006,2,4,2,1,1
202300014805,16,3,2023,08:30,1,1,3,61,61006,2,4,2,1,1
202300014806,16,9,2023,21:00,5,1,2,93,93006,1,1,3,2,1
202300014807,16,9,2023,22:00,5,1,7,93,93008,1,1,3,1,1
202300014808,16,3,2023,16:30,1,1,2,60,60057,2,4,2,1,1
202300014809,25,12,2023,17:40,5,2,3,27,27445,1,3,2,1,2
202300014810,20,11,2023,15:15,1,1,7,63,63350,1,9,2,1,1
202300014811,1,6,2023,18:15,1,1,3,77,77209,1,3,2,1,1
202300014811,1,6,2023,18:15,1,1,3,77,77209,1,3,-1,1,1
202300014812,15,9,2023,10:10,1,1,2,95,95351,1,2,3,1,1
202300014813,26,12,2023,18:33,3,1,7,28,28121,1,3,2,1,1
202300014814,16,3,2023,20:20,5,1,3,59,59350,2,7,2,1,1
202300014814,16,3,2023,20:20,5,1,3,59,59350,2,7,1,1,1
202300014815,20,11,2023,08:35,1,1,3,38,38180,1,4,2,1,1
202300014815,20,11,2023,08:35,1,1,3,38,38180,1,4,2,1,1
202300014816,21,11,2023,16:50,2,2,6,70,70245,1,3,2,1,2
202300014817,16,9,2023,20:30,4,1,3,94,94069,1,1,3,1,1
202300014818,16,3,2023,19:20,2,1,3,59,59009,2,7,2,1,1
202300014818,16,3,2023,19:20,2,1,3,59,59009,2,7,2,1,1
202300014819,1,6,2023,13:45,1,1,2,77,77268,2,3,2,1,1
202300014820,21,11,2023,19:10,5,1,7,06,06023,2,4,4,1,1
202300014821,15,3,2023,12:00,1,1,6,56,56121,2,4,-1,1,1
202300014821,15,3,2023,12:00,1,1,6,56,56121,2,4,-1,1,1
202300014822,1,6,2023,22:55,5,1,6,76,76484,2,7,2,1,1
202300014822,1,6,2023,22:55,5,1,6,76,76484,2,7,2,1,1
202300014823,16,9,2023,16:30,1,1,5,94,94069,1,1,-1,1,1
202300014824,21,11,2023,13:30,1,1,6,06,06023,2,4,4,1,1
202300014825,11,3,2023,10:15,1,4,6,54,54323,2,3,2,1,7
202300014826,31,5,2023,17:15,1,1,6,76,76341,2,4,2,1,1
202300014827,26,12,2023,17:50,3,1,4,63,63224,1,1,3,1,1
202300014828,15,3,2023,17:00,1,8,6,49,49099,2,4,2,1,1
202300014828,15,3,2023,17:00,1,8,6,49,49099,2,4,2,1,1
202300014829,8,11,2023,07:30,2,1,3,05,05040,2,4,2,3,1
202300014829,8,11,2023,07:30,2,1,3,05,05040,2,4,1,1,1
202300014830,1,6,2023,15:55,1,1,1,74,74281,2,4,1,4,1
202300014831,15,3,2023,00:30,3,1,6,49,49007,2,4,2,1,1
202300014832,26,12,2023,16:30,1,1,7,51,51278,1,1,3,1,1
202300014833,21,11,2023,18:00,5,2,6,50,50603,2,3,2,1,2
202300014834,26,5,2023,16:55,1,1,3,25,25462,2,4,2,1,1
202300014835,30,5,2023,07:50,1,1,3,72,72181,2,4,2,1,1
202300014835,30,5,2023,07:50,1,1,3,72,72181,2,4,2,1,1
202300014836,26,12,2023,18:15,3,1,6,28,28367,1,1,3,1,1
202300014837,16,9,2023,15:30,1,1,3,974,97416,2,4,-1,1,1
202300014838,16,3,2023,19:40,2,1,5,42,42184,2,3,3,3,1
202300014839,1,6,2023,08:40,1,1,1,71,71040,2,3,2,1,1
202300014840,20,11,2023,19:15,3,2,6,45,45161,1,3,2,1,2
202300014841,26,12,2023,06:45,1,1,1,988,98825,1,2,2,1,1
202300014842,16,9,2023,13:30,1,1,1,69,69383,2,4,1,1,1
202300014843,16,3,2023,07:23,1,7,3,38,38053,2,3,2,1,1
202300014844,31,5,2023,20:15,1,1,7,71,71105,2,3,2,1,9
202300014844,31,5,2023,20:15,1,1,7,71,71105,2,3,2,1,1
202300014845,21,11,2023,19:20,5,2,6,53,53147,2,4,2,4,2
202300014846,20,11,2023,22:40,3,1,7,30,30062,1,3,2,1,1
202300014847,16,3,2023,23:30,5,1,6,35,35238,2,4,2,1,1
202300014848,16,9,2023,05:30,1,1,6,972,97213,1,3,2,1,1
202300014849,1,6,2023,18:00,1,7,3,71,71153,2,4,2,1,1
202300014849,1,6,2023,18:00,1,7,3,71,71153,2,4,2,1,1
202300014850,25,12,2023,20:30,5,1,1,971,97106,1,2,2,2,1
202300014851,21,11,2023,17:40,5,1,6,30,30185,2,3,2,1,1
202300014852,16,3,2023,12:20,1,1,3,35,35238,2,4,2,1,1
202300014853,1,6,2023,19:30,1,1,6,69,69256,2,4,2,1,1
202300014854,12,9,2023,10:05,1,1,6,972,97209,2,3,2,1,1
202300014855,21,12,2023,08:24,1,1,2,77,77142,2,3,2,1,1
202300014856,14,3,2023,18:14,2,1,3,34,34003,2,4,-1,1,1
202300014857,1,6,2023,16:36,1,7,7,68,68224,2,4,-1,1,-1
202300014858,18,11,2023,23:15,3,1,3,30,30354,1,3,2,1,1
202300014858,18,11,2023,23:15,3,1,3,30,30354,1,3,2,1,1
202300014859,17,9,2023,00:25,5,1,3,69,69385,2,4,1,1,1
202300014860,15,3,2023,16:50,1,7,2,31,31149,1,2,1,1,1
202300014861,28,9,2023,17:00,1,1,6,34,34344,2,4,2,1,1
202300014862,21,11,2023,04:30,3,2,2,42,42156,1,2,3,3,2
202300014863,1,6,2023,08:20,1,1,1,68,68066,2,4,2,1,1
202300014864,16,3,2023,16:25,1,1,2,30,30028,1,3,2,1,1
202300014864,16,3,2023,16:25,1,1,2,30,30028,1,3,2,1,1
202300014865,31,5,2023,19:20,1,1,6,67,67447,2,7,2,1,1
202300014866,16,9,2023,23:00,5,1,1,69,69385,2,4,2,2,1
202300014867,26,12,2023,16:40,1,1,2,13,13022,2,3,2,2,1
202300014867,26,12,2023,16:40,1,1,2,13,13022,2,3,2,1,1
202300014868,15,3,2023,19:48,5,8,6,29,29019,2,4,2,3,1
202300014869,14,11,2023,08:00,1,1,2,13,13104,2,3,1,1,1
202300014870,14,3,2023,08:15,1,1,3,27,27562,1,3,2,1,2
202300014871,15,9,2023,16:45,1,1,3,69,69034,2,4,2,2,1
202300014871,15,9,2023,16:45,1,1,3,69,69034,2,4,2,1,1
202300014872,27,12,2023,16:30,2,1,7,33,33317,1,4,2,2,1
202300014873,15,3,2023,18:40,1,1,2,27,27375,2,4,2,1,1
202300014874,1,6,2023,10:30,1,8,2,64,64545,1,3,-1,1,1
202300014875,16,9,2023,04:30,5,2,6,2B,2B037,1,2,1,1,2
202300014876,20,11,2023,20:15,3,2,3,45,45229,1,3,2,1,2
202300014876,20,11,2023,20:15,3,2,3,45,45229,1,3,2,1,2
202300014877,16,9,2023,07:25,2,1,1,95,95277,2,4,2,1,1
202300014878,14,9,2023,17:15,1,1,6,95,95424,2,4,2,1,1
202300014879,16,3,2023,21:25,5,1,3,25,25056,2,4,2,2,1
202300014879,16,3,2023,21:25,5,1,3,25,25056,2,4,2,1,1
202300014880,20,11,2023,18:00,5,3,6,91,91179,2,3,3,1,2
202300014880,20,11,2023,18:00,5,3,6,91,91179,2,3,-1,-1,2
202300014881,30,9,2023,18:50,2,7,3,85,85151,2,3,-1,1,1
202300014882,1,6,2023,17:30,1,1,5,64,64445,1,4,2,1,1
202300014883,16,9,2023,11:55,1,1,3,83,83126,2,4,2,1,1
202300014883,16,9,2023,11:55,1,1,3,83,83126,2,4,2,1,1
202300014884,16,3,2023,11:00,1,1,5,22,22278,2,4,-1,1,1
202300014884,16,3,2023,11:00,1,1,5,22,22278,2,4,-1,1,1
202300014885,31,5,2023,04:40,5,1,6,64,64445,2,4,2,1,1
202300014886,26,12,2023,23:48,3,1,6,29,29042,2,3,2,2,2
202300014887,16,9,2023,06:15,5,1,6,76,76540,2,7,2,1,1
202300014888,16,3,2023,07:47,1,1,3,17,17300,2,4,-1,1,1
202300014889,27,12,2023,06:30,3,1,7,76,76649,1,3,2,1,2
202300014890,31,5,2023,07:10,1,1,3,61,61001,2,3,2,1,1
202300014890,31,5,2023,07:10,1,1,3,61,61001,2,3,2,1,1
202300014891,15,9,2023,18:50,1,1,1,69,69013,1,3,2,1,1
202300014892,7,3,2023,17:00,1,1,1,13,13210,2,4,2,1,1
202300014893,26,12,2023,08:50,2,1,2,83,83123,1,1,3,2,1
202300014894,31,5,2023,17:25,1,1,6,61,61001,2,4,2,2,1
202300014894,31,5,2023,17:25,1,1,6,61,61001,2,4,1,1,1
202300014895,16,3,2023,11:00,1,1,3,13,13210,2,4,1,2,1
202300014896,16,9,2023,20:09,2,1,3,64,64122,2,4,4,2,1
202300014896,16,9,2023,20:09,2,1,3,64,64122,2,4,-1,2,1
202300014897,28,5,2023,19:50,1,7,6,60,60057,2,4,-1,1,1
202300014898,15,3,2023,11:30,1,1,6,13,13212,2,4,3,2,1
202300014899,16,9,2023,19:00,1,1,7,64,64024,2,4,2,1,1
202300014900,1,6,2023,17:30,1,1,6,59,59392,2,4,4,1,1
202300014901,16,3,2023,08:00,1,1,3,13,13028,2,4,2,2,1
202300014902,26,12,2023,08:40,2,1,2,83,83123,1,1,3,2,1
202300014903,16,9,2023,17:30,1,1,7,64,64102,2,4,2,2,1
202300014904,16,3,2023,07:30,1,1,6,13,13005,2,4,2,1,1
202300014905,1,6,2023,18:00,2,1,6,59,59360,2,7,2,1,1
202300014906,16,9,2023,21:05,5,1,6,61,61001,2,4,2,1,1
202300014907,22,12,2023,17:30,3,1,2,59,59507,1,1,-1,1,1
202300014908,15,3,2023,17:20,1,1,3,13,13005,2,3,2,1,1
202300014909,1,6,2023,13:50,1,1,6,59,59378,2,7,3,1,1
202300014910,15,9,2023,16:50,1,1,2,56,56121,2,4,1,1,1
202300014911,26,12,2023,01:25,3,1,2,91,91037,1,1,1,1,1
202300014912,15,3,2023,11:27,1,1,6,10,10387,2,4,1,1,1
202300014913,31,5,2023,10:25,1,1,3,59,59193,2,7,2,1,1
202300014913,31,5,2023,10:25,1,1,3,59,59193,2,7,2,1,1
202300014914,16,9,2023,15:20,1,1,3,54,54431,2,3,2,1,1
202300014915,16,3,2023,11:15,1,1,6,07,07281,2,4,1,1,1
202300014916,26,12,2023,10:55,1,1,2,94,94018,1,1,3,1,1
202300014917,15,9,2023,17:40,1,1,3,54,54395,2,4,1,1,1
202300014918,1,6,2023,12:10,1,1,4,59,59350,2,4,3,1,1
202300014919,16,3,2023,08:15,1,1,3,07,07316,1,3,2,1,1
202300014920,15,9,2023,19:50,2,1,6,51,51454,2,4,2,1,1
202300014921,16,3,2023,18:40,1,1,7,06,06069,2,4,2,2,1
202300014922,26,10,2023,10:35,1,2,6,74,74225,2,4,1,1,2
202300014923,15,3,2023,10:45,1,1,3,974,97411,2,2,1,1,1
202300014924,16,9,2023,08:25,1,1,1,50,50066,1,3,2,1,1
202300014924,16,9,2023,08:25,1,1,1,50,50066,1,3,2,1,1
202300014925,15,3,2023,06:05,1,1,2,974,97411,2,4,1,1,1
202300014926,17,9,2023,01:35,5,1,6,49,49007,2,3,3,1,1
202300014927,1,6,2023,07:55,1,1,2,59,59350,2,4,2,1,1
202300014928,17,10,2023,15:27,1,1,6,74,74161,2,4,2,1,1
202300014928,17,10,2023,15:27,1,1,6,74,74161,2,4,2,1,1
202300014929,14,3,2023,13:00,1,1,1,973,97302,2,4,-1,1,1
202300014929,14,3,2023,13:00,1,1,1,973,97302,2,4,2,1,1
202300014930,10,3,2023,16:55,1,1,3,973,97302,2,4,2,1,1
202300014931,16,9,2023,03:57,3,1,6,42,42127,2,3,2,1,1
202300014931,16,9,2023,03:57,3,1,6,42,42127,2,3,2,1,1
202300014932,15,3,2023,21:30,5,1,6,69,69388,2,4,2,1,1
202300014932,15,3,2023,21:30,5,1,6,69,69388,2,4,2,1,1
202300014933,13,10,2023,16:10,1,1,1,74,74010,1,4,2,2,1
202300014934,16,9,2023,12:30,1,8,3,38,38421,2,4,2,1,1
202300014934,16,9,2023,12:30,1,8,3,38,38421,2,4,-1,1,1
202300014934,16,9,2023,12:30,1,8,3,38,38421,2,4,-1,1,1
202300014935,15,3,2023,20:10,5,1,6,69,69387,2,4,1,1,1
202300014935,15,3,2023,20:10,5,1,6,69,69387,2,4,1,1,1
202300014936,5,10,2023,20:05,5,1,3,74,74150,1,3,3,1,1
202300014936,5,10,2023,20:05,5,1,3,74,74150,1,3,2,1,1
202300014937,15,3,2023,19:45,5,1,6,69,69386,2,4,2,1,1
202300014938,16,9,2023,11:40,1,2,4,35,35051,1,2,3,1,2
202300014939,15,3,2023,17:30,2,1,1,972,97213,2,1,2,1,1
202300014940,15,9,2023,08:40,1,1,6,35,35238,2,4,2,1,1
202300014941,16,9,2023,12:50,1,1,3,33,33075,2,4,2,1,1
202300014942,15,3,2023,15:30,1,1,3,972,97213,2,3,2,1,1
202300014942,15,3,2023,15:30,1,1,3,972,97213,2,3,2,2,1
202300014943,18,2,2023,03:20,5,-1,2,71,71270,2,3,3,1,1
202300014944,11,3,2023,16:30,1,1,7,972,97209,2,4,2,1,1
202300014945,15,9,2023,15:50,1,1,6,29,29254,2,4,2,2,1
202300014945,15,9,2023,15:50,1,1,6,29,29254,2,4,2,2,1
202300014946,14,3,2023,20:10,5,1,2,972,97209,2,4,2,1,1
202300014947,9,9,2023,05:40,3,1,3,55,55505,2,3,2,1,1
202300014948,20,6,2023,09:35,1,1,6,29,29254,2,4,-1,1,1
202300014949,15,3,2023,21:50,5,1,6,69,69384,2,4,2,1,1
202300014949,15,3,2023,21:50,5,1,6,69,69384,2,4,1,1,1
202300014950,16,9,2023,10:10,1,1,6,27,27375,2,4,-1,1,1
202300014951,14,3,2023,18:05,1,1,6,69,69081,2,4,2,1,1
202300014952,16,9,2023,12:15,1,1,6,27,27229,2,4,-1,1,1
202300014953,27,5,2023,15:45,1,1,1,60,60616,2,3,2,1,1
202300014954,15,3,2023,05:30,2,1,7,971,97113,1,4,1,1,1
202300014955,13,7,2023,20:54,1,1,2,60,60195,2,3,2,1,1
202300014955,13,7,2023,20:54,1,1,2,60,60195,2,3,2,1,1
202300014956,16,9,2023,18:55,1,1,7,17,17200,2,4,1,1,1
202300014957,15,3,2023,15:10,1,1,3,95,95277,2,4,3,1,1
202300014958,16,9,2023,06:18,5,2,7,17,17300,2,4,2,1,2
202300014959,25,9,2023,08:10,2,7,6,82,82175,1,3,2,2,1
202300014959,25,9,2023,08:10,2,7,6,82,82175,1,3,2,1,1
202300014960,15,3,2023,08:00,1,7,6,95,95219,2,3,3,1,1
202300014961,16,9,2023,21:00,5,1,7,14,14220,2,4,2,2,1
202300014962,8,9,2023,12:06,1,1,6,82,82096,2,3,2,1,1
202300014963,15,9,2023,17:30,1,1,3,13,13103,1,3,-1,1,1
202300014963,15,9,2023,17:30,1,1,3,13,13103,1,3,-1,1,1
202300014964,15,3,2023,18:15,1,1,2,91,91347,2,3,2,1,1
202300014965,8,9,2023,16:38,1,1,6,82,82127,1,3,2,2,1
202300014966,15,3,2023,14:18,1,1,2,91,91103,2,9,2,1,1
202300014967,16,9,2023,06:45,5,1,3,13,13208,2,7,1,1,1
202300014967,16,9,2023,06:45,5,1,3,13,13208,2,7,2,1,1
202300014967,16,9,2023,06:45,5,1,3,13,13208,2,7,2,1,1
202300014968,25,9,2023,16:25,1,1,3,82,82117,2,3,1,1,1
202300014969,15,9,2023,06:39,2,1,2,13,13207,2,4,2,1,1
202300014970,15,3,2023,13:50,1,1,3,91,91477,2,4,1,1,1
202300014970,15,3,2023,13:50,1,1,3,91,91477,2,4,-1,1,1
202300014971,15,9,2023,08:15,1,9,6,13,13001,2,4,2,1,1
202300014972,15,3,2023,05:45,5,1,6,91,91161,2,4,2,1,1
202300014973,24,9,2023,10:25,1,1,3,13,13111,1,3,2,1,1
202300014974,15,3,2023,16:00,1,1,3,91,91434,2,4,2,1,1
202300014974,15,3,2023,16:00,1,1,3,91,91434,2,4,2,1,1
202300014975,16,9,2023,05:15,5,1,3,11,11069,2,4,2,1,1
202300014975,16,9,2023,05:15,5,1,3,11,11069,2,4,1,1,1
202300014976,13,3,2023,18:10,1,1,6,91,91228,2,4,2,1,1
202300014977,15,3,2023,08:10,1,1,6,87,87085,2,4,2,1,1
202300014978,16,9,2023,21:20,5,1,3,10,10387,2,4,2,1,1
202300014979,11,3,2023,05:57,5,3,6,87,87085,2,4,2,2,2
202300014979,11,3,2023,05:57,5,3,6,87,87085,2,4,3,1,2
202300014980,23,12,2023,23:10,5,1,7,988,98818,2,4,2,1,1
202300014980,23,12,2023,23:10,5,1,7,988,98818,2,4,2,-1,1
202300014981,16,9,2023,21:20,5,1,2,10,10387,2,4,3,1,1
202300014982,15,3,2023,13:30,1,1,6,83,83069,2,4,2,2,1
202300014983,16,9,2023,16:25,1,1,6,08,08105,2,3,2,1,1
202300014984,25,12,2023,00:30,3,1,6,972,97213,1,3,2,1,1
202300014985,14,3,2023,20:45,3,1,3,78,78551,1,3,2,1,1
202300014985,14,3,2023,20:45,3,1,3,78,78551,1,3,2,1,1
202300014986,15,9,2023,19:45,2,1,3,07,07281,2,4,2,1,1
202300014987,15,3,2023,10:15,1,1,3,78,78029,2,4,-1,2,1
202300014987,15,3,2023,10:15,1,1,3,78,78029,2,4,1,2,1
202300014988,15,9,2023,17:15,1,1,1,06,06069,2,4,2,1,1
202300014989,16,9,2023,02:45,3,1,6,03,03185,2,4,2,1,1
202300014990,25,12,2023,01:50,5,1,2,972,97209,2,4,1,1,1
202300014991,14,3,2023,17:30,1,1,3,76,76351,2,4,2,2,1
202300014991,14,3,2023,17:30,1,1,3,76,76351,2,4,1,1,1
202300014992,15,9,2023,21:15,5,1,2,75,75116,2,4,1,1,1
202300014993,15,9,2023,16:30,1,1,7,75,75117,2,4,-1,1,1
202300014994,15,3,2023,22:55,5,1,6,72,72181,1,3,1,2,1
202300014994,15,3,2023,22:55,5,1,6,72,72181,1,3,3,1,1
202300014995,14,3,2023,18:15,1,1,6,72,72181,2,4,1,1,1
202300014996,15,9,2023,12:05,1,1,3,75,75120,2,4,1,1,1
202300014997,24,12,2023,17:50,5,8,3,972,97209,2,4,2,1,2
202300014997,24,12,2023,17:50,5,8,3,972,97209,2,4,1,1,2
202300014998,16,9,2023,13:25,1,1,3,75,75106,2,4,2,1,1
202300014998,16,9,2023,13:25,1,1,3,75,75106,2,4,-1,1,1
202300014999,15,3,2023,20:40,5,1,6,69,69256,2,4,2,1,1
202300015000,16,9,2023,02:40,5,1,2,75,75106,2,4,1,1,1
202300015000,16,9,2023,02:40,5,1,2,75,75106,2,4,2,1,1
202300015001,15,3,2023,11:00,1,1,1,69,69266,2,4,2,1,1
202300015001,15,3,2023,11:00,1,1,1,69,69266,2,4,2,1,1
202300015002,25,12,2023,13:25,1,1,6,78,78005,2,4,2,1,1
202300015003,16,9,2023,11:15,1,1,1,75,75119,2,4,1,1,1
202300015003,16,9,2023,11:15,1,1,1,75,75119,2,4,1,1,1
202300015004,14,3,2023,07:56,2,1,3,66,66136,2,4,1,1,1
202300015004,14,3,2023,07:56,2,1,3,66,66136,2,4,2,1,1
202300015005,24,12,2023,16:00,1,1,6,78,78172,2,3,1,1,1
202300015006,16,9,2023,14:15,1,1,3,75,75118,2,4,2,1,1
202300015007,14,3,2023,07:37,2,1,3,66,66136,2,4,2,1,1
202300015007,14,3,2023,07:37,2,1,3,66,66136,2,4,3,1,1
202300015008,25,12,2023,08:30,1,1,6,64,64445,2,3,2,1,1
202300015009,16,9,2023,12:15,1,1,6,75,75117,2,4,1,1,1
202300015009,16,9,2023,12:15,1,1,6,75,75117,2,4,1,1,1
202300015010,15,3,2023,08:05,1,1,3,64,64545,2,3,2,1,1
202300015011,12,12,2023,17:55,5,2,6,59,59599,2,4,2,1,2
202300015012,15,3,2023,08:40,1,1,1,64,64445,2,4,2,1,1
202300015013,15,9,2023,11:15,1,1,6,75,75117,2,4,1,1,1
202300015013,15,9,2023,11:15,1,1,6,75,75117,2,4,2,1,1
202300015014,25,12,2023,14:00,1,1,6,59,59378,2,4,1,1,1
202300015014,25,12,2023,14:00,1,1,6,59,59378,2,4,1,1,1
202300015015,15,3,2023,07:45,1,1,1,64,64024,2,4,2,1,1
202300015016,16,9,2023,17:00,1,1,3,75,75116,2,4,2,1,1
202300015017,25,12,2023,09:35,1,2,3,45,45234,2,4,2,1,2
202300015017,25,12,2023,09:35,1,2,3,45,45234,2,4,3,1,2
202300015018,15,9,2023,09:25,1,1,3,75,75116,2,4,2,1,1
202300015019,14,3,2023,22:25,5,1,3,64,64102,2,4,1,1,1
202300015019,14,3,2023,22:25,5,1,3,64,64102,2,4,2,1,1
202300015020,25,12,2023,17:40,5,1,6,38,38185,2,4,2,1,1
202300015021,12,9,2023,21:15,5,1,6,75,75116,2,4,2,1,1
202300015021,12,9,2023,21:15,5,1,6,75,75116,2,4,1,1,1
202300015022,15,3,2023,08:45,1,1,3,62,62548,1,3,2,1,1
202300015022,15,3,2023,08:45,1,1,3,62,62548,1,3,2,1,1
202300015023,25,12,2023,09:42,1,9,6,37,37233,2,4,2,1,2
202300015024,14,3,2023,20:40,5,1,6,59,59183,2,4,2,1,1
202300015025,16,9,2023,16:30,1,1,6,75,75115,2,4,2,1,1
202300015025,16,9,2023,16:30,1,1,6,75,75115,2,4,2,1,1
202300015026,9,3,2023,09:45,1,1,3,59,59008,2,3,2,1,1
202300015027,25,12,2023,19:00,3,5,2,33,33529,1,3,3,1,1
202300015028,16,9,2023,22:02,5,1,3,75,75114,2,4,2,1,1
202300015029,10,3,2023,15:15,1,2,6,59,59178,2,3,2,1,2
202300015030,16,9,2023,14:45,1,1,3,75,75114,2,4,2,2,1
202300015031,25,12,2023,06:59,2,1,3,31,31555,2,4,-1,1,1
202300015032,14,3,2023,18:30,1,1,6,50,50129,1,3,-1,1,2
202300015033,16,9,2023,14:30,1,1,7,75,75114,2,4,1,1,1
202300015034,25,12,2023,11:52,1,1,3,25,25204,1,3,2,1,1
202300015034,25,12,2023,11:52,1,1,3,25,25204,1,3,2,1,1
202300015035,15,3,2023,08:00,1,1,3,47,47001,2,4,3,1,2
202300015035,15,3,2023,08:00,1,1,3,47,47001,2,4,3,1,2
202300015036,16,9,2023,18:30,1,1,3,75,75113,2,4,2,1,1
202300015036,16,9,2023,18:30,1,1,3,75,75113,2,4,2,1,1
202300015037,15,3,2023,14:40,1,1,6,37,37261,2,4,3,2,1
202300015038,16,9,2023,02:30,5,1,6,75,75107,2,4,1,1,1
202300015039,25,12,2023,14:10,1,1,2,25,25056,2,4,3,1,1
202300015039,25,12,2023,14:10,1,1,2,25,25056,2,4,2,2,1
202300015040,16,9,2023,20:20,5,1,6,75,75111,2,4,1,2,1
202300015040,16,9,2023,20:20,5,1,6,75,75111,2,4,1,2,1
202300015041,25,12,2023,21:53,3,1,2,17,17300,2,2,3,1,1
202300015042,15,3,2023,20:00,5,1,3,35,35238,2,4,1,1,1
202300015042,15,3,2023,20:00,5,1,3,35,35238,2,4,2,1,1
202300015043,25,12,2023,23:00,3,1,2,13,13117,2,3,2,1,1
202300015044,16,9,2023,12:10,1,1,6,75,75110,2,4,-1,2,1
202300015044,16,9,2023,12:10,1,1,6,75,75110,2,4,-1,2,1
202300015045,15,3,2023,18:15,1,1,3,35,35238,2,4,-1,1,1
202300015045,15,3,2023,18:15,1,1,3,35,35238,2,4,2,1,1
202300015046,15,9,2023,09:45,1,1,3,75,75110,2,4,2,1,1
202300015046,15,9,2023,09:45,1,1,3,75,75110,2,4,2,1,1
202300015047,25,12,2023,10:50,1,1,3,13,13208,2,4,2,1,1
202300015047,25,12,2023,10:50,1,1,3,13,13208,2,4,2,1,1
202300015048,15,9,2023,13:19,1,1,6,75,75108,2,4,2,1,1
202300015048,15,9,2023,13:19,1,1,6,75,75108,2,4,2,1,1
202300015049,25,12,2023,11:35,1,1,4,13,13001,1,2,1,4,1
202300015050,25,12,2023,04:00,5,1,6,06,06088,2,4,3,1,1
202300015051,16,9,2023,23:00,3,1,2,75,75104,2,4,1,1,1
202300015051,16,9,2023,23:00,3,1,2,75,75104,2,4,1,1,1
202300015052,25,12,2023,20:05,3,1,6,06,06069,1,3,3,1,1
202300015053,16,9,2023,21:55,5,1,7,75,75103,2,4,2,1,1
202300015053,16,9,2023,21:55,5,1,7,75,75103,2,4,1,1,1
202300015054,25,12,2023,13:45,1,1,3,75,75118,2,4,-1,1,1
202300015054,25,12,2023,13:45,1,1,3,75,75118,2,4,2,1,1
202300015055,16,9,2023,20:25,5,1,6,75,75104,2,4,2,1,1
202300015055,16,9,2023,20:25,5,1,6,75,75104,2,4,1,1,1
202300015056,25,12,2023,01:45,5,1,7,75,75117,2,4,1,1,1
202300015057,25,12,2023,17:10,5,1,6,94,94017,2,3,2,1,1
202300015058,16,9,2023,16:30,1,1,3,94,94003,2,4,2,2,1
202300015059,25,12,2023,18:00,2,2,1,93,93078,2,4,2,1,2
202300015059,25,12,2023,18:00,2,2,1,93,93078,2,4,2,1,2
202300015060,16,9,2023,11:25,1,1,2,94,94028,2,3,1,1,1
202300015061,25,12,2023,02:35,5,1,1,93,93014,2,3,2,1,1
202300015062,16,9,2023,18:10,1,1,1,93,93066,2,3,3,1,1
202300015062,16,9,2023,18:10,1,1,1,93,93066,2,3,2,1,1
202300015063,25,12,2023,01:00,5,1,6,93,93005,2,4,1,1,1
202300015064,15,9,2023,17:00,1,1,3,93,93066,2,4,2,1,1
202300015065,25,12,2023,12:05,1,2,6,92,92048,2,3,2,2,2
202300015066,16,9,2023,19:30,1,1,3,93,93046,2,3,2,1,1
202300015066,16,9,2023,19:30,1,1,3,93,93046,2,3,2,1,1
202300015067,24,12,2023,23:17,5,1,3,92,92024,2,3,2,1,1
202300015067,24,12,2023,23:17,5,1,3,92,92024,2,3,1,1,1
202300015068,26,12,2023,02:05,3,1,7,22,22356,1,4,2,1,1
202300015069,16,9,2023,14:50,1,1,3,93,93031,2,3,1,1,1
202300015069,16,9,2023,14:50,1,1,3,93,93031,2,3,2,1,1
202300015070,24,12,2023,19:10,3,1,6,36,36023,1,3,2,1,1
202300015071,16,9,2023,13:45,1,1,3,93,93014,2,3,3,2,1
202300015072,24,12,2023,10:00,1,1,6,42,42069,1,3,2,2,1
202300015073,16,9,2023,12:35,1,1,6,93,93047,2,4,2,1,1
202300015073,16,9,2023,12:35,1,1,6,93,93047,2,4,2,1,1
202300015074,3,12,2023,05:50,3,1,4,83,83054,1,1,1,1,1
202300015075,16,9,2023,00:48,5,1,3,93,93007,2,3,2,1,1
202300015075,16,9,2023,00:48,5,1,3,93,93007,2,3,2,1,1
202300015076,25,12,2023,02:50,3,9,3,974,97422,2,3,2,1,1
202300015077,25,12,2023,00:20,3,1,6,974,97422,2,4,2,1,1
202300015078,16,9,2023,00:30,5,1,3,93,93007,2,4,2,1,1
202300015078,16,9,2023,00:30,5,1,3,93,93007,2,4,1,1,1
202300015079,24,12,2023,19:15,3,1,3,972,97217,1,3,2,2,1
202300015080,15,9,2023,20:40,3,1,6,93,93005,2,4,2,1,1
202300015081,25,12,2023,16:00,1,1,7,41,41046,1,1,1,1,1
202300015082,16,9,2023,19:00,1,1,7,92,92078,2,3,3,1,1