id_accident,jour,mois,annee,heure_minute,luminosite,meteo,type_collision,departement,commune,agglomeration,categorie_route,regime_circulation,profil_route,etat_surface
202300015083,25,12,2023,18:00,3,1,7,971,97132,2,3,2,1,1
202300015084,16,9,2023,07:31,1,1,6,92,92072,2,3,2,1,1
202300015085,23,12,2023,16:40,2,2,6,95,95652,2,3,2,1,2
202300015086,16,9,2023,11:55,1,1,3,92,92050,2,3,3,1,1
202300015086,16,9,2023,11:55,1,1,3,92,92050,2,3,2,1,1
202300015087,24,12,2023,20:00,3,1,5,80,80082,1,3,2,1,1
202300015088,17,9,2023,12:20,1,1,7,2B,2B067,2,3,2,2,1
202300015089,17,9,2023,19:40,2,1,6,01,01333,1,3,2,1,1
202300015090,16,9,2023,21:00,3,1,7,973,97362,1,9,2,1,9
202300015091,7,10,2023,12:20,1,1,3,61,61438,1,3,2,2,1
202300015091,7,10,2023,12:20,1,1,3,61,61438,1,3,2,1,1
202300015092,15,9,2023,19:48,2,1,1,22,22121,1,3,2,1,1
202300015093,22,12,2023,11:30,1,1,3,61,61389,2,3,2,2,1
202300015093,22,12,2023,11:30,1,1,3,61,61389,2,3,2,2,1
202300015094,16,9,2023,09:45,1,1,7,43,43040,1,3,2,1,1
202300015095,26,12,2023,11:30,1,1,6,12,12120,2,3,2,1,1
202300015096,24,12,2023,15:30,1,1,7,34,34013,2,4,2,1,1
202300015097,17,9,2023,10:15,1,1,7,17,17244,1,4,2,1,1
202300015098,25,12,2023,17:20,3,1,1,68,68155,1,3,2,1,1
202300015098,25,12,2023,17:20,3,1,1,68,68155,1,3,2,1,1
202300015099,16,9,2023,18:20,1,1,1,31,31003,1,7,2,1,1
202300015100,25,12,2023,17:30,5,1,6,25,25157,1,2,2,1,1
202300015101,25,12,2023,22:30,3,1,6,25,25336,1,3,2,2,1
202300015102,16,9,2023,17:30,1,8,1,30,30081,1,3,2,1,2
202300015103,22,12,2023,16:40,1,1,7,38,38389,1,3,2,1,2
202300015104,10,9,2023,09:40,1,1,3,83,83073,2,3,2,1,1
202300015105,26,12,2023,08:15,2,1,1,26,26289,1,3,2,1,1
202300015106,16,9,2023,01:20,4,1,3,91,91617,1,2,2,1,1
202300015107,21,12,2023,15:00,1,1,3,06,06103,2,7,2,1,1
202300015108,16,9,2023,20:00,2,1,1,19,19002,1,3,2,2,1
202300015108,16,9,2023,20:00,2,1,1,19,19002,1,3,2,1,1
202300015109,20,12,2023,18:15,3,2,3,14,14578,1,3,1,1,2
202300015109,20,12,2023,18:15,3,2,3,14,14578,1,3,2,1,2
202300015110,16,9,2023,21:40,3,1,6,56,56066,1,3,2,1,1
202300015111,23,12,2023,16:02,1,7,2,14,14369,1,3,2,1,1
202300015112,16,9,2023,10:45,1,1,1,56,56179,1,3,2,1,2
202300015113,25,12,2023,18:30,5,1,1,60,60508,2,3,2,1,2
202300015113,25,12,2023,18:30,5,1,1,60,60508,2,3,2,1,2
202300015114,17,9,2023,16:05,1,2,6,76,76367,1,7,2,1,2
202300015115,26,12,2023,13:10,1,1,3,64,64391,1,3,2,3,1
202300015116,17,9,2023,17:20,1,1,7,65,65054,1,3,2,2,1
202300015117,26,12,2023,07:45,1,9,2,73,73074,1,3,2,1,7
202300015118,16,9,2023,18:35,2,1,6,89,89370,2,3,2,1,1
202300015119,17,12,2023,10:30,1,1,3,16,16028,2,3,2,1,1
202300015119,17,12,2023,10:30,1,1,3,16,16028,2,3,2,1,1
202300015120,17,9,2023,16:10,1,1,6,61,61181,2,6,-1,1,1
202300015121,25,12,2023,22:40,5,8,7,23,23086,1,3,2,1,1
202300015122,16,9,2023,19:20,1,1,6,61,61474,1,3,2,1,1
202300015123,25,12,2023,15:53,1,1,7,87,87040,2,3,2,2,1
202300015124,15,9,2023,09:50,1,1,6,47,47168,2,3,3,4,1
202300015125,24,12,2023,07:15,2,1,7,30,30075,1,3,2,1,1
202300015126,17,9,2023,11:55,1,3,3,34,34096,1,3,2,2,2
202300015127,24,12,2023,13:50,1,1,6,64,64233,1,1,3,2,1
202300015128,16,9,2023,22:00,5,1,7,68,68258,1,4,2,1,1
202300015128,16,9,2023,22:00,5,1,7,68,68258,1,4,2,1,1
202300015129,25,12,2023,22:00,3,1,6,988,98833,1,3,2,2,1
202300015130,16,9,2023,07:15,2,2,6,22,22199,1,3,2,2,2
202300015131,16,9,2023,19:31,1,1,7,39,39088,1,3,2,1,1
202300015132,23,12,2023,11:45,1,1,5,974,97415,1,2,-1,1,1
202300015133,17,9,2023,19:20,2,1,6,25,25175,1,3,2,1,1
202300015134,24,12,2023,17:10,1,1,3,974,97420,2,4,1,1,1
202300015135,16,9,2023,23:50,3,1,6,44,44022,2,3,2,1,1
202300015136,25,12,2023,01:45,5,1,2,971,97119,1,2,2,3,1
202300015137,17,9,2023,06:40,3,2,6,29,29162,1,2,3,2,2
202300015138,25,12,2023,13:30,1,1,7,978,97801,2,4,2,1,1
202300015139,16,9,2023,07:25,2,1,1,38,38511,1,3,2,2,1
202300015140,25,12,2023,06:00,2,1,1,971,97107,1,2,2,1,1
202300015141,17,9,2023,10:59,1,1,6,38,38229,2,4,2,1,1
202300015142,24,12,2023,23:45,3,1,6,971,97124,2,4,2,2,1
202300015143,17,9,2023,14:25,1,1,3,02,02748,1,3,2,2,1
202300015144,22,12,2023,18:00,5,1,6,21,21515,2,6,-1,1,1
202300015145,17,9,2023,10:30,1,1,6,03,03044,1,3,2,2,1
202300015146,24,12,2023,15:45,1,1,2,2B,2B148,1,2,3,2,1
202300015147,16,9,2023,11:30,1,2,7,03,03136,1,3,2,2,2
202300015148,26,12,2023,09:00,1,7,3,66,66164,2,4,-1,1,1
202300015149,17,9,2023,04:15,3,1,6,50,50290,1,3,2,2,1
202300015150,25,12,2023,18:00,3,1,2,66,66065,1,3,2,1,1
202300015151,17,9,2023,08:43,1,1,3,60,60431,1,3,2,1,1
202300015152,23,12,2023,17:15,1,1,6,66,66037,2,4,2,1,1
202300015153,14,9,2023,17:40,2,1,6,36,36248,2,3,2,1,1
202300015154,14,12,2023,10:40,1,1,1,30,30042,1,3,2,4,1
202300015154,14,12,2023,10:40,1,1,1,30,30042,1,3,-1,1,1
202300015155,17,9,2023,08:00,2,1,6,16,16106,1,3,2,1,1
202300015156,24,12,2023,17:30,3,1,3,38,38374,1,3,2,1,2
202300015157,24,12,2023,11:15,1,1,3,32,32307,2,3,2,1,1
202300015158,16,9,2023,13:30,1,1,1,16,16158,1,9,2,2,9
202300015159,26,12,2023,10:55,1,1,6,29,29022,2,3,1,1,2
202300015159,26,12,2023,10:55,1,1,6,29,29022,2,3,2,1,1
202300015160,17,9,2023,07:20,2,8,6,24,24410,1,3,2,1,1
202300015161,26,12,2023,19:30,3,2,3,60,60542,1,3,2,1,2
202300015161,26,12,2023,19:30,3,2,3,60,60542,1,3,2,1,2
202300015162,16,9,2023,17:30,1,1,2,28,28405,1,2,3,1,1
202300015163,16,9,2023,02:15,3,1,6,87,87174,1,3,2,2,1
202300015164,26,12,2023,13:56,1,8,1,60,60009,2,3,3,1,1
202300015164,26,12,2023,13:56,1,8,1,60,60009,2,3,2,1,1
202300015165,16,9,2023,16:30,1,2,1,08,08015,1,3,2,1,2
202300015166,16,9,2023,15:00,1,1,6,08,08071,1,3,2,1,1
202300015167,26,12,2023,09:10,1,1,3,80,80306,1,3,2,2,1
202300015167,26,12,2023,09:10,1,1,3,80,80306,1,3,-1,-1,1
202300015168,16,9,2023,13:00,1,1,6,31,31424,1,3,2,1,1
202300015169,24,12,2023,21:15,3,1,2,13,13106,1,1,-1,3,1
202300015170,16,9,2023,09:50,1,1,6,978,97801,1,2,2,2,1
202300015171,21,12,2023,16:35,1,2,2,67,67152,1,7,1,1,2
202300015172,17,9,2023,20:40,3,1,2,21,21347,1,1,1,1,1
202300015173,16,9,2023,22:45,3,1,2,13,13032,1,3,2,2,1
202300015174,25,12,2023,16:38,1,1,6,33,33281,1,1,3,1,1
202300015175,16,9,2023,16:30,1,1,2,34,34146,1,1,3,1,1
202300015176,25,12,2023,16:30,1,1,6,91,91286,1,1,2,1,1
202300015177,16,9,2023,12:50,1,1,3,33,33199,2,3,2,1,1
202300015177,16,9,2023,12:50,1,1,3,33,33199,2,3,2,1,1
202300015178,25,12,2023,16:10,1,1,3,93,93005,1,1,3,1,2
202300015179,17,9,2023,07:00,2,1,1,45,45062,1,3,2,1,1
202300015180,15,9,2023,19:44,1,1,6,45,45082,2,4,2,3,1
202300015181,25,12,2023,18:30,3,2,5,77,77517,1,1,1,2,2
202300015182,17,9,2023,12:50,1,1,3,13,13048,2,3,2,1,1
202300015183,25,8,2023,12:22,1,1,7,19,19289,1,3,-1,2,9
202300015184,16,9,2023,23:00,3,1,6,71,71360,2,3,2,2,1
202300015184,16,9,2023,23:00,3,1,6,71,71360,2,3,2,2,1
202300015185,24,12,2023,09:50,1,1,6,974,97409,2,4,-1,1,1
202300015186,15,9,2023,14:10,1,1,6,68,68040,2,3,2,1,1
202300015187,25,12,2023,05:10,2,2,3,974,97407,2,4,-1,2,2
202300015187,25,12,2023,05:10,2,2,3,974,97407,2,4,-1,2,2
202300015188,17,9,2023,16:30,1,1,2,73,73054,1,3,2,1,1
202300015189,16,9,2023,17:35,1,1,7,38,38554,1,3,2,1,1
202300015190,17,9,2023,09:30,1,1,2,01,01403,1,3,2,1,1
202300015191,24,12,2023,14:36,1,1,3,973,97302,2,3,2,1,1
202300015192,15,9,2023,12:10,1,1,6,69,69220,2,3,2,2,1
202300015192,15,9,2023,12:10,1,1,6,69,69220,2,3,4,1,1
202300015193,24,12,2023,12:43,1,2,3,973,97302,2,4,-1,1,2
202300015194,16,9,2023,21:00,3,1,2,33,33003,1,4,2,1,1
202300015195,16,9,2023,17:25,1,1,6,14,14228,1,4,2,1,1
202300015196,23,12,2023,18:10,3,2,3,973,97302,1,3,2,1,2
202300015197,16,9,2023,18:30,1,2,6,22,22168,2,3,2,1,2
202300015198,15,9,2023,18:15,1,1,7,22,22306,1,3,2,2,1
202300015199,23,12,2023,12:00,1,1,6,972,97209,2,4,1,1,1
202300015199,23,12,2023,12:00,1,1,6,972,97209,2,4,1,1,1
202300015200,16,9,2023,23:58,3,1,7,60,60079,1,2,3,1,1
202300015201,22,12,2023,16:05,1,1,1,972,97209,2,2,2,2,1
202300015202,17,9,2023,16:35,1,1,3,80,80774,1,3,2,1,1
202300015202,17,9,2023,16:35,1,1,3,80,80774,1,3,2,1,1
202300015203,24,12,2023,13:20,1,1,1,69,69384,2,4,2,1,1
202300015203,24,12,2023,13:20,1,1,1,69,69384,2,4,2,1,1
202300015204,17,9,2023,02:30,3,1,2,62,62684,2,4,2,1,1
202300015205,24,12,2023,19:40,5,1,3,91,91286,2,3,1,1,1
202300015206,16,9,2023,17:10,1,1,2,91,91659,1,1,3,2,1
202300015207,22,12,2023,22:18,5,1,3,78,78172,2,4,2,1,1
202300015207,22,12,2023,22:18,5,1,3,78,78172,2,4,2,1,1
202300015208,16,9,2023,03:52,3,1,3,91,91174,1,2,1,2,1
202300015209,23,12,2023,09:30,1,1,6,69,69091,2,7,2,2,2
202300015210,16,9,2023,18:25,1,1,2,92,92050,1,1,1,1,1
202300015211,16,9,2023,06:45,1,1,6,92,92048,1,2,-1,1,1
202300015212,24,12,2023,18:08,5,1,3,64,64102,2,4,2,1,1
202300015213,15,9,2023,16:10,1,1,2,93,93066,1,1,3,1,1
202300015214,24,12,2023,03:10,5,1,6,63,63113,2,7,1,2,1
202300015215,15,9,2023,07:50,1,1,3,77,77373,1,2,1,1,1
202300015216,24,12,2023,20:25,5,2,3,62,62193,2,3,3,1,2
202300015216,24,12,2023,20:25,5,2,3,62,62193,2,3,2,1,2
202300015217,10,6,2023,16:45,1,1,7,75,75119,2,4,3,1,1
202300015218,24,12,2023,06:15,5,1,6,56,56121,2,4,2,1,1
202300015218,24,12,2023,06:15,5,1,6,56,56121,2,4,2,1,1
202300015219,10,6,2023,14:00,1,1,2,75,75118,2,4,2,1,1
202300015220,24,12,2023,04:37,3,1,6,45,45302,2,3,3,1,1
202300015221,10,6,2023,11:01,1,7,6,75,75118,2,4,1,1,1
202300015221,10,6,2023,11:01,1,7,6,75,75118,2,4,1,1,1
202300015222,24,12,2023,11:20,1,1,6,43,43002,2,6,-1,1,1
202300015223,10,6,2023,10:55,1,1,6,75,75115,2,4,2,1,1
202300015223,10,6,2023,10:55,1,1,6,75,75115,2,4,1,1,1
202300015224,10,6,2023,07:20,1,1,7,75,75115,2,4,4,1,8
202300015224,10,6,2023,07:20,1,1,7,75,75115,2,4,1,1,1
202300015225,10,6,2023,10:50,1,1,6,75,75120,2,4,1,1,1
202300015225,10,6,2023,10:50,1,1,6,75,75120,2,4,2,1,1
202300015226,10,6,2023,12:00,1,1,2,75,75120,2,4,1,1,1
202300015226,10,6,2023,12:00,1,1,2,75,75120,2,4,-1,1,1
202300015227,10,6,2023,02:10,5,1,6,75,75111,2,4,1,1,1
202300015227,10,6,2023,02:10,5,1,6,75,75111,2,4,1,1,1
202300015228,24,12,2023,15:10,1,1,2,38,38423,2,4,1,1,1
202300015228,24,12,2023,15:10,1,1,2,38,38423,2,4,2,3,1
202300015229,10,6,2023,14:35,1,1,3,75,75110,2,4,1,1,1
202300015229,10,6,2023,14:35,1,1,3,75,75110,2,4,2,1,1
202300015230,10,6,2023,12:00,1,1,6,75,75110,2,4,1,1,1
202300015231,24,12,2023,06:10,5,2,7,29,29232,2,3,-1,1,2
202300015232,10,6,2023,11:00,1,1,2,75,75116,2,4,1,1,1
202300015233,10,6,2023,06:15,1,1,6,75,75104,2,4,1,1,1
202300015233,10,6,2023,06:15,1,1,6,75,75104,2,4,1,1,1
202300015234,3,2,2023,22:41,5,1,3,38,38185,2,4,1,1,1
202300015234,3,2,2023,22:41,5,1,3,38,38185,2,4,-1,1,1
202300015235,3,2,2023,14:30,1,1,6,38,38421,2,7,1,1,1
202300015235,3,2,2023,14:30,1,1,6,38,38421,2,7,3,1,1
202300015235,3,2,2023,14:30,1,1,6,38,38421,2,7,2,1,1
202300015235,3,2,2023,14:30,1,1,6,38,38421,2,7,2,1,1
202300015236,3,2,2023,08:00,2,1,3,35,35238,2,4,2,1,1
202300015236,3,2,2023,08:00,2,1,3,35,35238,2,4,2,1,1
202300015237,3,2,2023,07:30,2,1,7,34,34108,1,3,2,1,1
202300015238,3,2,2023,18:45,5,1,6,33,33069,2,4,2,1,1
202300015239,3,2,2023,09:45,1,1,6,33,33522,2,4,2,1,1
202300015240,3,2,2023,07:40,1,8,6,25,25056,2,4,3,1,1
202300015240,3,2,2023,07:40,1,8,6,25,25056,2,4,3,2,1
202300015241,2,2,2023,13:15,1,1,6,25,25056,2,4,1,2,1
202300015241,2,2,2023,13:15,1,1,6,25,25056,2,4,1,3,1
202300015242,3,2,2023,12:13,1,1,3,17,17380,1,3,1,1,1
202300015243,3,2,2023,14:25,1,1,4,17,17028,1,2,1,1,1
202300015244,3,2,2023,13:40,1,1,3,13,13205,2,4,1,1,1
202300015244,3,2,2023,13:40,1,1,3,13,13205,2,4,-1,1,1
202300015245,2,2,2023,20:50,5,1,3,13,13206,2,4,1,2,1
202300015245,2,2,2023,20:50,5,1,3,13,13206,2,4,1,2,1
202300015246,3,2,2023,05:40,3,1,6,11,11069,2,3,2,1,1
202300015247,3,2,2023,13:51,1,8,3,10,10325,2,3,1,1,1
202300015247,3,2,2023,13:51,1,8,3,10,10325,2,3,1,1,1
202300015248,3,2,2023,08:45,1,1,3,10,10060,2,4,2,1,1
202300015248,3,2,2023,08:45,1,1,3,10,10060,2,4,2,2,1
202300015249,2,2,2023,15:00,1,1,7,06,06159,1,7,2,2,1
202300015250,2,2,2023,12:05,1,1,3,75,75117,2,4,1,1,1
202300015250,2,2,2023,12:05,1,1,3,75,75117,2,4,1,1,1
202300015251,2,2,2023,09:00,1,1,3,75,75117,2,4,1,1,1
202300015252,2,2,2023,06:45,2,1,4,75,75112,2,4,1,1,1
202300015253,31,1,2023,10:55,1,1,2,75,75112,2,4,1,1,1
202300015253,31,1,2023,10:55,1,1,2,75,75112,2,4,1,1,1
202300015254,3,2,2023,06:15,5,1,2,75,75110,2,4,2,1,1
202300015254,3,2,2023,06:15,5,1,2,75,75110,2,4,1,1,1
202300015255,3,2,2023,15:15,1,1,6,75,75120,2,4,1,1,1
202300015255,3,2,2023,15:15,1,1,6,75,75120,2,4,2,2,1
202300015256,3,2,2023,22:08,5,1,6,75,75119,2,4,2,1,1
202300015256,3,2,2023,22:08,5,1,6,75,75119,2,4,2,1,1
202300015257,3,2,2023,16:50,1,1,6,75,75118,2,4,1,1,1
202300015257,3,2,2023,16:50,1,1,6,75,75118,2,4,1,1,1
202300015258,3,2,2023,10:08,1,1,3,75,75117,2,4,2,1,1
202300015258,3,2,2023,10:08,1,1,3,75,75117,2,4,-1,1,1
202300015259,2,2,2023,16:30,1,1,3,75,75114,2,4,1,1,1
202300015259,2,2,2023,16:30,1,1,3,75,75114,2,4,2,1,1
202300015260,3,2,2023,16:02,1,1,3,75,75113,2,4,2,2,1
202300015260,3,2,2023,16:02,1,1,3,75,75113,2,4,2,1,1
202300015261,2,2,2023,22:00,5,1,6,75,75113,2,4,2,1,1
202300015261,2,2,2023,22:00,5,1,6,75,75113,2,4,3,1,1
202300015262,3,2,2023,16:48,1,1,3,75,75111,2,4,1,1,1
202300015263,2,2,2023,14:00,1,1,3,75,75118,2,4,2,1,1
202300015263,2,2,2023,14:00,1,1,3,75,75118,2,4,1,1,1
202300015264,3,2,2023,18:50,5,1,6,75,75104,2,4,2,1,1
202300015264,3,2,2023,18:50,5,1,6,75,75104,2,4,1,1,1
202300015265,3,2,2023,18:20,5,1,2,75,75102,2,4,2,1,1
202300015265,3,2,2023,18:20,5,1,2,75,75102,2,4,-1,1,1
202300015266,3,2,2023,05:30,5,1,3,75,75104,2,4,2,1,1
202300015266,3,2,2023,05:30,5,1,3,75,75104,2,4,1,1,1
202300015267,2,2,2023,22:50,5,1,7,75,75101,2,4,1,1,1
202300015267,2,2,2023,22:50,5,1,7,75,75101,2,4,1,1,1
202300015268,3,2,2023,19:15,5,1,6,94,94081,2,4,2,1,1
202300015269,2,2,2023,16:45,1,1,3,94,94068,2,4,1,1,1
202300015270,2,2,2023,18:50,5,1,3,94,94037,2,3,2,1,1
202300015270,2,2,2023,18:50,5,1,3,94,94037,2,3,1,1,1
202300015271,3,2,2023,01:15,5,1,3,94,94017,2,3,3,2,1
202300015271,3,2,2023,01:15,5,1,3,94,94017,2,3,2,2,1
202300015272,21,1,2023,14:25,1,1,6,94,94017,2,3,3,1,1
202300015272,21,1,2023,14:25,1,1,6,94,94017,2,3,1,1,1
202300015273,3,2,2023,10:15,1,2,6,94,94071,2,3,2,1,2
202300015273,3,2,2023,10:15,1,2,6,94,94071,2,3,2,1,2
202300015274,3,2,2023,01:45,5,2,3,93,93010,2,3,3,1,2
202300015274,3,2,2023,01:45,5,2,3,93,93010,2,3,3,1,2
202300015275,3,2,2023,15:20,1,1,3,93,93005,2,4,2,1,1
202300015275,3,2,2023,15:20,1,1,3,93,93005,2,4,2,1,1
202300015276,3,2,2023,20:00,5,1,2,92,92050,2,3,1,1,1
202300015276,3,2,2023,20:00,5,1,2,92,92050,2,3,2,1,1
202300015277,3,2,2023,18:00,5,1,1,92,92050,2,4,2,1,1
202300015278,3,2,2023,04:36,5,8,6,92,92049,2,3,1,1,1
202300015279,3,2,2023,21:05,5,1,3,92,92040,2,3,2,1,1
202300015279,3,2,2023,21:05,5,1,3,92,92040,2,3,2,1,1
202300015280,3,2,2023,12:27,1,1,2,92,92036,2,4,2,1,1
202300015281,3,2,2023,09:14,1,1,6,92,92036,2,3,2,1,1
202300015282,3,2,2023,08:45,1,2,7,92,92024,2,4,1,1,2
202300015283,3,2,2023,07:45,2,2,2,92,92023,2,3,1,1,2
202300015284,3,2,2023,19:42,5,1,6,92,92012,2,3,2,1,1
202300015284,3,2,2023,19:42,5,1,6,92,92012,2,3,3,1,1
202300015285,3,2,2023,20:00,3,1,1,35,35033,1,3,2,1,1
202300015286,4,2,2023,05:45,3,1,6,44,44202,1,3,2,1,1
202300015287,2,2,2023,16:50,1,1,6,83,83072,2,3,3,1,1
202300015288,3,2,2023,19:30,5,1,6,01,01416,1,3,2,1,1
202300015288,3,2,2023,19:30,5,1,6,01,01416,1,3,3,2,1
202300015289,20,1,2023,11:05,1,1,3,42,42338,1,3,2,1,2
202300015289,20,1,2023,11:05,1,1,3,42,42338,1,3,2,1,2
202300015290,3,2,2023,09:20,1,1,6,31,31035,2,3,2,1,1
202300015291,4,2,2023,13:30,1,1,3,31,31435,2,3,2,1,1
202300015291,4,2,2023,13:30,1,1,3,31,31435,2,3,2,1,1
202300015292,3,2,2023,14:10,1,7,3,31,31567,1,3,2,1,1
202300015292,3,2,2023,14:10,1,7,3,31,31567,1,3,2,1,1
202300015293,3,2,2023,18:00,2,1,5,42,42284,1,2,2,1,1
202300015294,3,2,2023,16:40,1,8,3,58,58086,2,3,2,1,1
202300015295,4,2,2023,13:45,1,1,7,79,79329,1,3,2,2,1
202300015296,4,2,2023,18:00,2,1,7,65,65017,1,3,2,2,7
202300015297,4,2,2023,16:20,1,8,6,71,71376,1,3,2,2,2
202300015298,4,2,2023,10:20,1,1,6,63,63430,2,3,2,1,1
202300015299,2,2,2023,16:20,1,1,3,63,63050,2,3,1,1,1
202300015299,2,2,2023,16:20,1,1,3,63,63050,2,3,2,1,1
202300015300,1,2,2023,07:45,2,1,1,86,86076,1,3,2,2,2
202300015301,4,2,2023,02:15,3,1,6,39,39531,1,3,2,2,1
202300015302,3,2,2023,20:10,3,1,1,25,25445,1,2,2,1,1
202300015303,4,2,2023,02:50,3,1,6,35,35184,1,3,2,4,1
202300015303,4,2,2023,02:50,3,1,6,35,35184,1,3,2,1,1
202300015304,3,2,2023,19:25,3,1,3,03,03138,1,3,2,2,1
202300015305,31,1,2023,07:00,2,6,1,26,26305,1,3,2,1,1
202300015306,3,2,2023,19:00,5,1,3,14,14534,2,3,2,1,1
202300015306,3,2,2023,19:00,5,1,3,14,14534,2,3,2,1,1
202300015307,3,2,2023,13:10,1,7,1,05,05029,1,3,2,1,1
202300015308,19,1,2023,17:35,1,2,4,09,09070,1,2,2,1,3
202300015309,4,2,2023,00:50,3,1,6,60,60626,1,3,2,1,1
202300015310,31,1,2023,08:30,2,1,6,16,16292,1,3,2,1,2
202300015311,3,2,2023,12:23,1,1,7,85,85206,1,3,2,1,1
202300015312,31,1,2023,17:15,1,1,6,85,85047,2,4,2,1,1
202300015313,3,2,2023,23:20,3,1,3,30,30147,1,3,2,1,1
202300015314,3,2,2023,18:15,3,2,6,08,08338,1,3,2,1,2
202300015315,3,2,2023,20:35,3,1,1,30,30347,1,3,2,1,1
202300015316,2,2,2023,11:50,1,7,3,13,13050,1,3,2,1,1
202300015317,3,2,2023,21:10,3,1,2,60,60299,1,1,3,1,1
202300015318,4,2,2023,17:55,1,1,2,53,53201,1,1,3,1,1
202300015319,4,2,2023,03:30,3,1,4,21,21347,1,1,3,1,1
202300015320,3,2,2023,12:40,1,1,5,95,95604,1,3,2,1,1
202300015321,4,2,2023,15:25,1,8,5,988,98804,1,3,2,1,1
202300015321,4,2,2023,15:25,1,8,5,988,98804,1,3,2,-1,1
202300015322,4,2,2023,06:35,1,1,6,971,97112,2,2,2,1,2
202300015323,3,2,2023,19:20,3,1,6,971,97121,1,2,2,2,1
202300015324,2,2,2023,12:30,1,1,7,971,97124,2,3,2,2,1
202300015325,4,2,2023,10:45,1,1,6,18,18207,2,3,2,1,1
202300015326,4,2,2023,18:40,3,6,6,66,66017,1,3,2,1,1
202300015327,4,2,2023,15:40,1,1,3,21,21390,2,4,2,1,1
202300015327,4,2,2023,15:40,1,1,3,21,21390,2,4,2,1,1
202300015328,3,2,2023,18:55,5,1,1,68,68028,2,4,2,1,1
202300015329,3,2,2023,20:45,3,1,3,73,73317,1,3,2,2,1
202300015330,3,2,2023,20:40,3,1,1,31,31263,1,3,2,1,1
202300015331,4,2,2023,17:00,1,1,3,19,19038,1,3,2,3,1
202300015332,4,2,2023,10:12,1,1,6,35,35257,2,4,2,2,2
202300015333,4,2,2023,11:20,1,1,2,27,27070,1,3,2,1,1
202300015334,3,2,2023,03:41,3,1,2,13,13071,1,1,1,1,1
202300015335,3,2,2023,19:11,5,1,4,83,83137,1,1,1,1,1
202300015336,3,2,2023,14:20,1,1,4,69,69259,1,7,3,1,1
202300015337,3,2,2023,18:00,3,1,7,91,91471,1,2,3,2,2
202300015338,3,2,2023,14:12,1,1,7,91,91659,1,1,1,1,1
202300015339,3,2,2023,02:20,3,1,2,91,91161,1,1,1,1,1
202300015340,3,2,2023,18:30,3,1,3,95,95018,1,1,3,1,1
202300015341,3,2,2023,17:10,2,1,6,95,95582,1,1,3,1,1
202300015342,2,2,2023,19:45,3,1,4,93,93078,1,1,3,1,1
202300015343,1,2,2023,07:50,1,1,2,95,95572,1,1,3,2,1
202300015344,2,2,2023,10:10,1,1,6,76,76351,2,4,2,1,1
202300015345,2,2,2023,13:00,1,1,3,974,97416,1,4,2,1,1
202300015346,1,2,2023,16:10,1,1,2,974,97416,2,2,1,2,1
202300015347,3,2,2023,00:30,4,1,6,69,69387,2,4,2,1,1
202300015347,3,2,2023,00:30,4,1,6,69,69387,2,4,2,1,1
202300015348,2,2,2023,17:50,1,1,6,69,69387,2,4,2,1,1
202300015349,2,2,2023,09:55,1,1,3,69,69383,2,4,1,1,1
202300015349,2,2,2023,09:55,1,1,3,69,69383,2,4,1,1,1
202300015350,1,2,2023,09:45,1,1,6,69,69388,2,4,1,1,1
202300015350,1,2,2023,09:45,1,1,6,69,69388,2,4,1,1,1
202300015351,1,2,2023,12:45,1,1,3,972,97209,2,2,1,1,1
202300015352,2,2,2023,11:50,1,1,6,69,69389,2,4,2,1,1
202300015352,2,2,2023,11:50,1,1,6,69,69389,2,4,2,1,1
202300015353,2,2,2023,08:45,1,1,3,69,69382,2,4,1,1,1
202300015353,2,2,2023,08:45,1,1,3,69,69382,2,4,1,1,1
202300015354,1,2,2023,21:15,5,1,3,69,69389,2,4,2,2,1
202300015355,1,2,2023,08:35,1,1,3,69,69381,2,4,1,1,1
202300015355,1,2,2023,08:35,1,1,3,69,69381,2,4,2,1,1
202300015356,2,2,2023,13:05,1,1,3,2B,2B120,1,2,3,1,1
202300015357,2,2,2023,08:50,1,1,6,95,95277,2,3,2,1,1
202300015357,2,2,2023,08:50,1,1,6,95,95277,2,3,3,1,1
202300015358,2,2,2023,11:15,1,1,3,91,91339,2,2,1,1,1
202300015358,2,2,2023,11:15,1,1,3,91,91339,2,2,2,1,1
202300015359,2,2,2023,20:49,5,1,3,91,91691,2,4,2,2,1
202300015360,31,1,2023,12:05,1,1,4,91,91174,2,4,2,1,1
202300015361,2,2,2023,07:49,2,1,6,87,87050,1,3,2,1,1
202300015362,1,2,2023,14:41,1,1,6,87,87085,2,4,2,1,1
202300015363,31,1,2023,19:31,5,3,3,87,87085,2,4,2,1,2
202300015363,31,1,2023,19:31,5,3,3,87,87085,2,4,2,1,2
202300015364,1,2,2023,17:45,2,1,6,83,83129,2,6,-1,1,1
202300015365,2,2,2023,07:10,5,1,1,77,77251,1,3,2,1,1
202300015365,2,2,2023,07:10,5,1,1,77,77251,1,3,2,1,1
202300015366,2,2,2023,08:05,2,1,6,77,77186,1,3,2,1,1
202300015366,2,2,2023,08:05,2,1,6,77,77186,1,3,2,1,1
202300015367,2,2,2023,18:20,5,1,4,76,76322,2,7,2,1,1
202300015367,2,2,2023,18:20,5,1,4,76,76322,2,7,2,1,1
202300015368,25,1,2023,12:25,1,1,7,76,76319,1,2,3,1,1
202300015369,2,2,2023,17:00,1,1,6,74,74012,2,3,2,1,1