id_accident,jour,mois,annee,heure_minute,luminosite,meteo,type_collision,departement,commune,agglomeration,categorie_route,regime_circulation,profil_route,etat_surface
202300015370,2,2,2023,17:45,5,1,3,73,73008,2,3,2,1,1
202300015370,2,2,2023,17:45,5,1,3,73,73008,2,3,2,2,1
202300015371,1,2,2023,15:38,1,1,6,72,72181,2,4,1,1,1
202300015372,1,2,2023,02:40,5,1,7,71,71270,2,4,2,1,2
202300015372,1,2,2023,02:40,5,1,7,71,71270,2,4,-1,1,2
202300015373,2,2,2023,20:50,5,1,4,69,69266,2,4,2,1,1
202300015374,2,2,2023,21:30,5,1,6,69,69259,2,4,1,1,1
202300015375,1,2,2023,18:50,5,1,3,67,67447,2,7,2,1,1
202300015376,31,1,2023,16:36,1,1,4,66,66136,2,4,1,1,1
202300015376,31,1,2023,16:36,1,1,4,66,66136,2,4,2,1,1
202300015377,2,2,2023,21:11,5,1,3,64,64348,2,4,2,1,1
202300015378,2,2,2023,09:25,1,7,4,64,64445,1,4,2,1,1
202300015379,2,2,2023,08:30,1,1,2,64,64024,2,4,2,1,1
202300015380,1,2,2023,09:00,1,1,7,64,64102,2,4,2,1,1
202300015381,1,2,2023,07:50,2,1,5,64,64140,2,3,2,1,1
202300015382,2,2,2023,08:20,1,1,6,60,60057,2,4,2,1,1
202300015383,2,2,2023,12:00,1,1,3,59,59599,2,7,2,1,1
202300015383,2,2,2023,12:00,1,1,3,59,59599,2,7,2,1,1
202300015384,2,2,2023,20:20,5,1,3,59,59350,2,4,2,1,1
202300015385,31,1,2023,08:30,1,1,2,59,59009,2,7,3,1,1
202300015386,24,1,2023,11:00,1,1,6,59,59183,2,4,2,1,1
202300015387,2,2,2023,11:44,1,8,2,54,54174,1,3,2,1,1
202300015387,2,2,2023,11:44,1,8,2,54,54174,1,3,2,1,1
202300015388,3,2,2023,00:05,5,1,7,51,51454,2,4,2,1,2
202300015389,30,1,2023,15:25,1,1,3,50,50129,2,4,2,1,1
202300015389,30,1,2023,15:25,1,1,3,50,50129,2,4,2,1,1
202300015390,1,2,2023,08:54,1,1,3,49,49007,2,4,1,1,1
202300015390,1,2,2023,08:54,1,1,3,49,49007,2,4,1,1,1
202300015391,2,2,2023,12:48,1,1,6,45,45208,2,4,1,1,1
202300015392,2,2,2023,21:20,5,1,3,44,44190,2,4,2,1,1
202300015392,2,2,2023,21:20,5,1,3,44,44190,2,4,2,1,1
202300015393,2,2,2023,22:20,5,1,6,42,42044,2,7,2,1,1
202300015394,1,2,2023,17:30,1,1,6,38,38563,2,4,2,2,1
202300015395,2,2,2023,11:20,1,1,6,38,38185,2,4,3,1,1
202300015395,2,2,2023,11:20,1,1,6,38,38185,2,4,1,1,1
202300015396,2,2,2023,16:30,1,1,2,35,35278,1,4,2,1,1
202300015397,2,2,2023,08:40,1,1,6,35,35238,2,4,2,1,1
202300015397,2,2,2023,08:40,1,1,6,35,35238,2,4,2,1,1
202300015398,2,2,2023,12:10,1,1,2,34,34172,2,7,3,1,1
202300015399,19,10,2023,08:30,1,2,6,06,06032,2,9,2,2,2
202300015400,1,2,2023,18:30,5,1,3,33,33281,2,4,2,1,1
202300015400,1,2,2023,18:30,5,1,3,33,33281,2,4,2,1,1
202300015401,2,2,2023,17:25,1,1,6,33,33529,1,2,2,1,1
202300015402,18,10,2023,16:30,1,1,1,64,64362,1,3,2,2,1
202300015403,1,2,2023,21:05,5,1,1,33,33529,2,4,2,1,1
202300015404,19,10,2023,07:10,5,8,6,18,18197,2,4,1,1,2
202300015405,1,2,2023,15:40,1,1,3,33,33529,2,3,3,1,1
202300015406,2,2,2023,17:35,1,1,6,32,32013,2,3,2,1,1
202300015407,18,10,2023,15:40,1,2,5,36,36018,2,3,2,2,2
202300015407,18,10,2023,15:40,1,2,5,36,36018,2,3,2,2,2
202300015408,2,2,2023,16:10,1,1,6,31,31555,2,4,1,1,1
202300015409,2,2,2023,11:55,1,1,6,29,29232,2,6,-1,1,1
202300015410,18,10,2023,07:50,3,2,2,40,40001,2,4,2,2,2
202300015411,2,2,2023,17:20,1,1,3,28,28404,2,3,2,2,1
202300015412,17,10,2023,20:50,3,1,7,40,40163,1,3,2,1,1
202300015413,2,2,2023,12:05,1,8,3,25,25056,2,4,2,2,1
202300015413,2,2,2023,12:05,1,8,3,25,25056,2,4,1,2,1
202300015414,1,2,2023,17:24,1,1,2,22,22278,1,2,3,1,1
202300015415,18,10,2023,17:00,1,2,3,24,24520,1,3,2,3,2
202300015416,2,2,2023,07:30,2,1,3,21,21355,2,4,3,1,1
202300015416,2,2,2023,07:30,2,1,3,21,21355,2,4,2,1,1
202300015417,1,2,2023,06:50,3,1,7,19,19031,2,3,2,2,2
202300015417,1,2,2023,06:50,3,1,7,19,19031,2,3,2,1,1
202300015418,13,9,2023,16:20,1,1,7,85,85234,2,4,2,1,1
202300015419,2,2,2023,22:05,5,1,1,17,17300,2,4,2,1,1
202300015419,2,2,2023,22:05,5,1,1,17,17300,2,4,2,1,1
202300015420,18,10,2023,14:45,1,3,1,87,87154,2,3,2,2,2
202300015421,2,2,2023,20:15,5,1,6,14,14271,2,3,2,1,1
202300015422,19,10,2023,08:57,1,1,6,37,37143,2,3,2,1,1
202300015423,2,2,2023,19:10,3,1,3,13,13117,1,3,2,1,1
202300015424,18,10,2023,07:40,5,2,6,24,24226,2,3,2,1,2
202300015425,1,2,2023,16:30,1,1,3,13,13054,2,4,2,1,1
202300015425,1,2,2023,16:30,1,1,3,13,13054,2,4,2,1,1
202300015426,2,2,2023,08:45,1,1,3,13,13206,2,4,1,2,1
202300015427,5,10,2023,08:00,1,1,3,24,24189,1,3,2,2,1
202300015428,2,1,2023,09:15,1,1,1,13,13207,2,4,2,1,1
202300015429,2,2,2023,21:15,5,1,3,06,06088,2,4,1,1,1
202300015430,18,10,2023,16:45,1,2,1,91,91649,1,3,2,1,2
202300015431,2,2,2023,08:15,1,1,2,06,06069,2,3,2,1,1
202300015432,19,10,2023,17:20,1,2,5,06,06030,1,1,1,2,2
202300015433,2,2,2023,09:45,1,1,3,06,06123,2,4,1,1,1
202300015433,2,2,2023,09:45,1,1,3,06,06123,2,4,2,1,1
202300015434,18,10,2023,16:38,1,8,3,13,13032,1,3,2,1,1
202300015435,31,1,2023,16:15,1,1,3,03,03101,2,3,2,1,1
202300015435,31,1,2023,16:15,1,1,3,03,03101,2,3,2,1,1
202300015436,2,2,2023,17:20,1,1,6,92,92073,2,4,2,1,1
202300015437,19,10,2023,12:45,1,2,1,68,68118,2,3,3,1,2
202300015438,31,1,2023,13:00,1,1,5,75,75114,2,4,1,1,1
202300015438,31,1,2023,13:00,1,1,5,75,75114,2,4,1,1,1
202300015439,15,10,2023,13:55,1,1,2,13,13076,1,1,3,1,1
202300015440,1,2,2023,12:40,1,1,2,75,75120,2,4,1,1,1
202300015441,19,10,2023,07:15,2,1,3,60,60482,1,3,2,1,2
202300015442,2,2,2023,12:00,1,1,3,75,75119,2,4,1,1,1
202300015442,2,2,2023,12:00,1,1,3,75,75119,2,4,2,1,1
202300015443,17,10,2023,07:50,1,1,3,973,97305,1,2,-1,1,1
202300015444,19,10,2023,08:20,2,2,1,77,77082,1,3,2,1,2
202300015445,18,10,2023,11:15,1,1,1,2B,2B298,1,3,2,1,2
202300015446,14,9,2023,16:35,1,1,6,06,06142,2,3,2,2,1
202300015447,19,10,2023,18:08,3,2,6,25,25350,1,3,2,2,2
202300015448,19,10,2023,07:30,2,2,6,68,68298,2,3,2,1,2
202300015448,19,10,2023,07:30,2,2,6,68,68298,2,3,2,1,2
202300015449,19,10,2023,15:45,1,2,6,68,68189,2,3,2,1,2
202300015450,18,10,2023,16:30,1,1,3,57,57206,1,2,4,1,1
202300015451,18,10,2023,19:55,5,2,7,38,38071,2,4,2,1,2
202300015452,18,10,2023,23:55,4,3,7,38,38486,1,7,2,2,2
202300015453,18,10,2023,17:45,1,2,6,60,60157,2,4,2,1,2
202300015453,18,10,2023,17:45,1,2,6,60,60157,2,4,1,1,8
202300015454,16,10,2023,14:27,1,1,2,57,57672,1,1,3,1,1
202300015455,18,10,2023,08:55,1,3,7,33,33249,1,2,3,1,2
202300015456,18,10,2023,06:13,5,2,4,33,33397,1,1,3,1,2
202300015457,18,10,2023,07:42,3,8,2,91,91434,1,1,2,1,1
202300015458,18,10,2023,09:00,1,1,5,94,94003,1,1,-1,2,1
202300015459,17,10,2023,19:35,3,1,3,78,78640,1,2,2,1,1
202300015460,17,10,2023,08:30,1,1,3,78,78571,1,1,1,1,1
202300015461,17,10,2023,08:30,2,1,7,78,78646,1,2,-1,1,1
202300015462,18,10,2023,14:30,1,3,2,93,93006,1,1,1,1,2
202300015463,18,10,2023,14:00,1,2,2,94,94033,1,1,3,1,2
202300015464,18,10,2023,11:15,1,1,2,94,94073,1,1,1,1,1
202300015465,18,10,2023,08:20,1,1,2,94,94028,1,1,1,1,1
202300015466,18,10,2023,07:40,2,1,5,77,77083,1,1,1,1,2
202300015467,14,8,2023,12:45,1,1,7,973,97302,2,4,2,1,1
202300015468,5,5,2023,09:06,1,2,5,41,41212,2,4,1,1,2
202300015469,13,4,2023,16:00,1,1,1,13,13103,1,3,2,1,1
202300015470,22,7,2023,23:20,3,1,6,13,13056,1,4,2,1,1
202300015471,18,8,2023,16:50,1,1,6,13,13026,2,4,2,1,1
202300015472,9,6,2023,18:25,1,1,6,92,92078,2,4,-1,1,1
202300015473,16,10,2023,17:40,1,1,3,976,97611,2,2,-1,2,1
202300015474,17,10,2023,17:50,1,1,6,974,97411,2,4,2,2,1
202300015475,17,10,2023,07:40,1,1,1,973,97302,2,4,2,1,1
202300015476,11,10,2023,07:10,1,1,3,973,97302,2,4,1,1,1
202300015476,11,10,2023,07:10,1,1,3,973,97302,2,4,2,1,1
202300015477,17,10,2023,09:20,1,1,2,972,97213,1,1,3,1,1
202300015478,11,10,2023,13:40,1,1,3,972,97209,2,4,2,2,1
202300015479,16,10,2023,14:40,1,1,3,972,97209,2,2,-1,2,1
202300015480,17,10,2023,07:20,1,1,3,971,97101,2,3,2,1,1
202300015480,17,10,2023,07:20,1,1,3,971,97101,2,3,2,1,1
202300015481,16,10,2023,06:05,1,1,4,971,97101,2,3,2,1,1
202300015482,17,10,2023,09:00,1,1,2,95,95277,1,3,1,1,1
202300015483,16,10,2023,19:20,2,1,6,95,95427,2,3,2,1,1
202300015484,17,10,2023,13:46,1,1,6,95,95018,2,4,1,1,1
202300015485,17,10,2023,11:30,1,1,2,91,91027,2,3,3,4,1
202300015486,17,10,2023,08:45,1,1,6,91,91589,2,4,-1,1,1
202300015487,17,10,2023,04:40,5,1,4,91,91326,2,3,3,1,1
202300015488,12,9,2023,18:20,2,2,4,91,91174,2,3,2,2,2
202300015488,12,9,2023,18:20,2,2,4,91,91174,2,3,2,2,2
202300015489,17,10,2023,12:30,1,1,3,87,87085,2,3,4,1,1
202300015489,17,10,2023,12:30,1,1,3,87,87085,2,3,2,1,1
202300015490,8,10,2023,19:56,2,1,7,87,87065,1,3,2,1,1
202300015491,16,10,2023,16:17,1,1,1,86,86194,2,4,2,1,1
202300015492,16,10,2023,16:35,1,1,3,84,84087,2,4,2,1,1
202300015492,16,10,2023,16:35,1,1,3,84,84087,2,4,2,1,1
202300015493,22,9,2023,11:05,1,1,6,30,30351,2,4,1,1,1
202300015493,22,9,2023,11:05,1,1,6,30,30351,2,4,1,1,1
202300015494,16,10,2023,15:15,1,1,3,84,84007,2,4,1,1,1
202300015494,16,10,2023,15:15,1,1,3,84,84007,2,4,2,1,1
202300015495,16,10,2023,16:27,1,1,6,82,82121,2,4,2,1,1
202300015496,17,10,2023,16:20,1,1,6,81,81004,2,4,2,1,1
202300015497,13,10,2023,18:37,2,1,1,80,80021,2,4,3,1,1
202300015498,17,10,2023,13:40,1,1,2,77,77111,2,3,-1,1,1
202300015499,17,10,2023,11:20,1,1,3,77,77209,1,3,-1,1,1
202300015499,17,10,2023,11:20,1,1,3,77,77209,1,3,-1,1,1
202300015500,17,10,2023,07:00,5,1,6,77,77243,2,3,1,3,1
202300015501,17,10,2023,11:10,1,1,1,76,76640,2,4,2,1,1
202300015501,17,10,2023,11:10,1,1,1,76,76640,2,4,2,1,1
202300015502,10,10,2023,11:00,1,1,6,76,76540,2,7,1,1,1
202300015502,10,10,2023,11:00,1,1,6,76,76540,2,7,2,1,1
202300015503,20,8,2023,21:30,2,1,3,76,76231,2,7,2,1,1
202300015503,20,8,2023,21:30,2,1,3,76,76231,2,7,2,1,1
202300015504,10,10,2023,15:45,1,1,7,76,76552,2,4,2,2,1
202300015505,16,10,2023,16:15,1,1,3,76,76351,2,4,2,1,1
202300015505,16,10,2023,16:15,1,1,3,76,76351,2,4,2,1,1
202300015506,13,10,2023,19:10,5,1,2,72,72181,2,4,2,1,1
202300015507,16,10,2023,17:00,1,1,7,72,72003,1,3,2,1,1
202300015508,17,10,2023,22:00,5,1,1,71,71076,2,4,2,2,1
202300015509,17,10,2023,17:45,1,1,3,71,71475,2,4,-1,1,1
202300015510,17,10,2023,20:35,5,1,6,69,69264,2,3,2,1,1
202300015510,17,10,2023,20:35,5,1,6,69,69264,2,3,1,1,1
202300015511,16,10,2023,20:55,3,1,6,69,69259,2,7,3,1,1
202300015512,16,10,2023,12:50,1,1,3,69,69290,2,7,2,1,1
202300015512,16,10,2023,12:50,1,1,3,69,69290,2,7,1,1,1
202300015513,12,10,2023,08:40,1,7,6,68,68376,2,4,2,1,1
202300015514,16,10,2023,16:42,1,1,2,67,67482,2,4,2,1,1
202300015515,16,10,2023,08:40,1,1,3,66,66136,2,4,1,1,1
202300015515,16,10,2023,08:40,1,1,3,66,66136,2,4,2,1,1
202300015516,17,10,2023,18:27,1,1,3,65,65440,2,3,2,1,1
202300015516,17,10,2023,18:27,1,1,3,65,65440,2,3,2,1,1
202300015517,17,10,2023,09:30,1,1,6,64,64445,2,4,2,1,1
202300015518,16,10,2023,13:40,1,1,3,64,64335,2,4,1,1,1
202300015518,16,10,2023,13:40,1,1,3,64,64335,2,4,2,1,1
202300015519,9,10,2023,18:30,1,1,3,64,64445,2,4,2,1,1
202300015520,17,10,2023,11:00,1,1,3,64,64102,2,4,1,1,1
202300015521,16,10,2023,19:10,1,1,7,64,64102,2,4,3,1,1
202300015522,16,10,2023,18:30,1,1,4,64,64102,2,3,3,3,1
202300015522,16,10,2023,18:30,1,1,4,64,64102,2,3,1,1,1
202300015523,16,10,2023,17:28,1,1,3,64,64024,2,4,2,1,1
202300015523,16,10,2023,17:28,1,1,3,64,64024,2,4,2,1,1
202300015524,23,9,2023,19:00,1,1,3,62,62624,2,4,3,1,1
202300015525,8,10,2023,07:20,1,1,6,62,62498,2,4,-1,1,1
202300015525,8,10,2023,07:20,1,1,6,62,62498,2,4,2,1,1
202300015526,17,10,2023,08:00,1,1,6,62,62041,2,4,2,1,1
202300015527,17,10,2023,02:15,5,1,3,59,59512,2,4,3,1,1
202300015527,17,10,2023,02:15,5,1,3,59,59512,2,4,2,1,1
202300015528,10,10,2023,20:15,5,1,6,59,59183,2,3,3,1,1
202300015529,11,10,2023,08:30,1,1,6,59,59244,2,3,2,1,1
202300015530,16,10,2023,17:00,1,1,2,56,56083,2,3,2,1,1
202300015531,6,10,2023,15:55,1,1,7,55,55545,2,4,2,1,1
202300015532,16,10,2023,20:00,5,1,5,51,51454,2,4,2,1,1
202300015533,15,10,2023,23:40,5,1,7,49,49007,2,4,1,1,1
202300015534,17,10,2023,11:07,1,1,6,45,45208,2,4,1,1,1
202300015535,17,10,2023,21:55,5,1,3,37,37261,2,4,1,1,1
202300015535,17,10,2023,21:55,5,1,3,37,37261,2,4,1,1,1
202300015536,17,10,2023,17:36,1,1,3,37,37122,1,7,2,1,1
202300015537,17,10,2023,19:25,5,1,3,35,35238,2,4,2,1,1
202300015537,17,10,2023,19:25,5,1,3,35,35238,2,4,2,1,1
202300015538,17,10,2023,13:30,1,1,6,35,35051,1,2,3,1,1
202300015539,17,10,2023,09:10,1,1,4,35,35238,1,2,3,1,1
202300015540,17,10,2023,17:45,1,2,3,34,34172,2,4,3,1,2
202300015541,16,10,2023,12:25,1,1,2,33,33063,2,4,1,1,1
202300015542,17,10,2023,13:20,1,1,6,33,33529,2,4,2,1,1
202300015543,16,10,2023,17:15,1,1,3,32,32013,2,2,2,1,1
202300015544,17,10,2023,16:20,1,1,2,31,31149,1,2,3,1,1
202300015545,16,10,2023,17:52,1,1,5,29,29051,1,3,2,1,1
202300015546,16,10,2023,17:25,1,1,3,28,28404,2,4,2,1,1
202300015547,17,10,2023,10:25,1,1,3,27,27554,2,4,2,1,1
202300015548,17,10,2023,16:25,1,1,1,26,26198,1,4,2,1,1
202300015549,12,10,2023,15:55,1,1,2,22,22113,2,3,3,1,1
202300015550,15,10,2023,22:40,5,1,3,19,19031,2,4,2,1,1
202300015550,15,10,2023,22:40,5,1,3,19,19031,2,4,2,1,1
202300015551,17,10,2023,23:04,3,1,6,17,17028,1,3,1,2,1
202300015552,10,10,2023,09:40,1,1,1,15,15014,2,2,3,1,1
202300015552,10,10,2023,09:40,1,1,1,15,15014,2,2,-1,1,1
202300015553,17,10,2023,17:00,1,1,1,13,13207,2,4,2,2,1
202300015554,17,10,2023,08:00,5,1,3,10,10387,2,4,2,3,1
202300015554,17,10,2023,08:00,5,1,3,10,10387,2,4,2,2,1
202300015555,17,10,2023,13:40,1,1,6,09,09225,2,4,1,1,1
202300015556,17,10,2023,07:50,2,1,6,09,09225,2,4,2,2,1
202300015557,11,10,2023,12:05,1,1,6,09,09225,2,4,-1,1,1
202300015558,17,10,2023,14:40,1,2,7,06,06069,2,3,2,1,2
202300015559,17,10,2023,18:30,2,2,2,05,05061,2,2,2,2,2
202300015559,17,10,2023,18:30,2,2,2,05,05061,2,2,2,2,2
202300015560,17,10,2023,12:30,1,2,3,04,04112,2,4,2,1,2
202300015561,17,10,2023,17:03,1,8,6,03,03185,2,4,2,1,1
202300015562,17,10,2023,16:10,1,1,4,75,75120,2,4,1,1,1
202300015563,17,10,2023,08:40,1,1,4,75,75112,2,4,1,1,1
202300015564,15,10,2023,18:15,5,1,4,75,75120,2,4,1,1,1
202300015565,17,10,2023,19:50,2,1,3,75,75106,2,4,1,1,1
202300015565,17,10,2023,19:50,2,1,3,75,75106,2,4,2,1,1
202300015566,17,10,2023,15:25,1,1,6,75,75105,2,4,2,1,1
202300015566,17,10,2023,15:25,1,1,6,75,75105,2,4,1,1,1
202300015567,17,10,2023,14:45,1,1,2,75,75105,2,4,1,1,1
202300015567,17,10,2023,14:45,1,1,2,75,75105,2,4,3,1,1
202300015568,17,10,2023,15:45,1,1,6,75,75120,2,4,1,1,1
202300015568,17,10,2023,15:45,1,1,6,75,75120,2,4,2,1,1
202300015569,17,10,2023,22:05,5,1,3,75,75117,2,4,1,1,1
202300015569,17,10,2023,22:05,5,1,3,75,75117,2,4,1,1,1
202300015570,16,10,2023,17:00,1,1,3,75,75116,2,4,1,1,1
202300015571,17,10,2023,12:20,1,1,3,75,75115,2,4,1,1,1
202300015571,17,10,2023,12:20,1,1,3,75,75115,2,4,2,1,1
202300015572,17,10,2023,19:30,5,1,5,75,75113,2,4,2,1,1
202300015572,17,10,2023,19:30,5,1,5,75,75113,2,4,2,1,1
202300015573,17,10,2023,22:40,5,1,3,75,75112,2,4,1,1,1
202300015574,17,10,2023,19:00,5,1,3,75,75112,2,4,2,1,1
202300015574,17,10,2023,19:00,5,1,3,75,75112,2,4,1,1,1
202300015575,17,10,2023,16:15,1,1,3,75,75111,2,4,1,1,1
202300015575,17,10,2023,16:15,1,1,3,75,75111,2,4,1,2,1
202300015576,17,10,2023,17:40,1,1,6,75,75110,2,4,2,1,1
202300015577,17,10,2023,01:20,5,1,5,75,75112,2,4,1,1,1
202300015577,17,10,2023,01:20,5,1,5,75,75112,2,4,2,1,1
202300015578,17,10,2023,21:05,5,1,3,75,75108,2,4,2,1,1
202300015579,17,10,2023,07:40,2,1,3,75,75117,2,4,1,1,1
202300015579,17,10,2023,07:40,2,1,3,75,75117,2,4,1,1,1
202300015580,17,10,2023,18:45,2,1,6,75,75103,2,4,2,1,1
202300015581,17,10,2023,17:20,1,1,7,75,75101,2,4,1,1,1
202300015581,17,10,2023,17:20,1,1,7,75,75101,2,4,1,1,1
202300015582,15,10,2023,13:10,1,1,6,94,94081,2,4,1,1,1
202300015582,15,10,2023,13:10,1,1,6,94,94081,2,4,2,1,1
202300015583,17,10,2023,21:56,5,1,3,94,94080,2,3,2,1,1
202300015583,17,10,2023,21:56,5,1,3,94,94080,2,3,1,1,1
202300015584,14,10,2023,12:32,1,1,2,94,94042,2,3,1,1,1
202300015585,17,10,2023,13:15,1,1,3,94,94076,2,3,2,1,1
202300015586,17,10,2023,19:00,2,1,3,94,94041,2,3,1,1,1
202300015587,17,10,2023,07:45,3,1,3,94,94017,2,3,3,1,1
202300015587,17,10,2023,07:45,3,1,3,94,94017,2,3,3,1,1
202300015588,16,10,2023,17:00,1,1,6,94,94047,2,3,2,1,1
202300015589,17,10,2023,20:46,5,1,3,93,93031,2,3,2,1,1
202300015589,17,10,2023,20:46,5,1,3,93,93031,2,3,3,1,1
202300015590,17,10,2023,17:15,1,1,3,93,93005,2,4,2,1,1
202300015591,16,10,2023,17:20,1,1,6,93,93001,2,3,2,1,1
202300015591,16,10,2023,17:20,1,1,6,93,93001,2,3,2,1,1
202300015592,17,10,2023,02:40,5,1,6,92,92020,2,3,2,1,1
202300015593,17,10,2023,18:45,2,1,1,92,92012,2,3,1,1,1
202300015594,17,10,2023,09:21,1,1,6,92,92007,2,3,2,1,1
202300015595,17,10,2023,12:30,1,1,2,92,92004,2,3,2,1,1
202300015596,18,10,2023,11:16,1,1,7,974,97412,1,9,2,2,1
202300015597,17,10,2023,22:00,3,1,6,83,83085,1,3,2,1,1
202300015598,17,10,2023,18:15,1,1,7,79,79122,2,3,2,1,1
202300015599,17,10,2023,16:30,1,1,3,85,85065,1,3,2,1,1
202300015599,17,10,2023,16:30,1,1,3,85,85065,1,3,2,1,1
202300015600,17,10,2023,17:45,1,1,2,37,37233,1,1,3,1,1
202300015601,16,10,2023,10:26,1,1,3,30,30135,1,3,2,1,1
202300015602,16,10,2023,09:30,1,7,6,57,57097,2,4,2,1,1
202300015603,18,10,2023,12:45,1,1,6,2B,2B101,2,3,2,1,1
202300015604,16,10,2023,18:40,1,1,7,65,65062,2,4,2,1,1
202300015605,17,10,2023,15:30,1,1,7,46,46177,1,3,2,2,1
202300015606,18,10,2023,14:50,1,2,5,44,44056,1,3,2,1,2
202300015607,17,10,2023,23:10,3,1,6,03,03016,1,3,2,1,1
202300015608,14,10,2023,12:40,1,1,6,15,15141,1,3,2,2,2
202300015609,18,10,2023,17:25,1,8,1,15,15028,1,3,2,1,2
202300015610,17,10,2023,07:10,2,1,3,26,26330,1,3,2,2,1
202300015610,17,10,2023,07:10,2,1,3,26,26330,1,3,2,1,1
202300015611,17,10,2023,17:30,1,1,6,58,58256,2,3,2,1,1
202300015612,16,10,2023,18:50,1,1,2,06,06079,2,3,3,1,1
202300015613,16,10,2023,07:55,2,1,3,73,73268,1,2,3,1,1
202300015614,17,10,2023,21:40,3,1,1,13,13080,1,3,2,1,1
202300015615,17,10,2023,02:50,3,1,6,51,51097,1,1,1,1,1
202300015616,18,10,2023,08:30,1,8,6,28,28199,1,1,3,1,1
202300015617,16,10,2023,14:45,1,1,2,13,13087,1,1,1,1,1
202300015618,26,4,2023,18:15,1,1,3,93,93027,2,4,2,1,1
202300015618,26,4,2023,18:15,1,1,3,93,93027,2,4,2,1,1
202300015619,17,10,2023,12:15,1,1,1,976,97615,2,2,2,1,1
202300015620,26,4,2023,18:30,1,1,4,93,93010,2,3,3,1,1
202300015621,26,4,2023,08:15,1,1,3,93,93001,2,4,2,1,1
202300015621,26,4,2023,08:15,1,1,3,93,93001,2,4,1,1,1
202300015622,22,4,2023,14:45,1,1,2,92,92036,2,3,2,1,1
202300015623,26,4,2023,20:20,2,1,6,92,92024,2,4,1,1,1
202300015624,27,4,2023,15:00,1,1,7,2B,2B121,1,3,2,2,1
202300015625,21,4,2023,07:50,1,1,1,24,24299,2,4,2,1,1
202300015625,21,4,2023,07:50,1,1,1,24,24299,2,4,2,1,1
202300015626,26,4,2023,23:00,3,1,6,52,52088,1,3,2,1,1
202300015627,21,4,2023,16:00,1,1,1,06,06161,2,3,2,1,1
202300015627,21,4,2023,16:00,1,1,1,06,06161,2,3,2,1,1
202300015628,27,4,2023,17:15,1,3,2,76,76135,1,1,1,1,2
202300015629,25,4,2023,08:00,1,1,3,972,97225,2,3,1,1,1
202300015630,27,4,2023,06:50,1,1,6,28,28100,2,3,2,1,1
202300015631,27,3,2023,20:35,3,1,1,68,68300,1,3,2,1,1
202300015632,25,4,2023,22:15,3,1,7,83,83048,2,4,2,2,1
202300015633,26,4,2023,10:25,1,1,6,67,67283,1,3,2,1,1
202300015634,27,4,2023,09:25,1,1,3,974,97414,2,4,1,1,1
202300015635,25,4,2023,13:30,1,1,6,62,62261,2,3,2,1,1
202300015635,25,4,2023,13:30,1,1,6,62,62261,2,3,2,1,1
202300015636,23,4,2023,16:15,1,3,6,34,34079,1,1,3,1,3
202300015637,27,4,2023,10:15,1,1,3,38,38204,1,3,2,3,1
202300015638,23,4,2023,02:58,3,1,6,37,37031,1,1,3,1,1
202300015639,25,4,2023,23:00,3,1,6,77,77512,2,3,2,2,1
202300015640,26,4,2023,14:50,1,1,6,66,66028,2,4,2,3,1
202300015641,26,4,2023,12:15,1,1,5,95,95527,2,4,2,1,1
202300015642,25,4,2023,10:10,1,1,3,76,76307,1,3,2,2,1
202300015642,25,4,2023,10:10,1,1,3,76,76307,1,3,2,2,1
202300015643,25,4,2023,07:30,2,2,1,2A,2A017,1,3,2,2,2
202300015644,26,4,2023,12:40,1,1,7,2B,2B049,1,3,2,2,1
202300015645,26,4,2023,02:53,3,1,6,65,65258,2,3,2,2,1
202300015646,18,4,2023,16:45,1,1,3,65,65121,1,3,2,1,1
202300015647,25,4,2023,15:50,1,8,6,11,11401,1,3,2,2,9
202300015648,27,4,2023,08:20,1,1,1,71,71175,1,3,2,1,1
202300015649,26,4,2023,18:00,1,1,6,61,61116,1,3,2,2,1
202300015650,26,4,2023,14:00,1,8,5,61,61484,1,3,2,1,1
202300015651,3,4,2023,09:36,1,1,7,49,49205,1,4,2,1,1
202300015652,27,4,2023,06:15,2,5,3,49,49138,1,3,2,1,1
202300015653,15,4,2023,06:00,3,2,6,42,42097,1,7,2,2,2
202300015654,26,4,2023,09:00,1,2,1,47,47051,1,3,2,1,2
202300015655,11,4,2023,20:00,1,1,6,34,34079,2,3,1,1,1
202300015656,26,4,2023,15:15,1,8,7,34,34334,1,3,2,1,1
202300015657,7,4,2023,23:00,3,1,5,35,35023,1,2,3,1,1
202300015658,26,3,2023,18:15,1,6,7,29,29177,1,3,2,4,1
202300015659,25,4,2023,13:35,1,2,3,31,31118,1,3,2,1,2
202300015660,25,4,2023,20:00,2,1,3,38,38099,2,3,2,1,1
202300015661,26,4,2023,08:57,1,1,1,02,02095,1,3,2,2,1
202300015662,26,4,2023,17:00,1,1,4,02,02173,2,3,2,1,1
202300015662,26,4,2023,17:00,1,1,4,02,02173,2,3,2,1,1
202300015663,26,4,2023,12:00,1,1,1,26,26330,1,3,2,3,1
202300015664,26,4,2023,18:40,1,1,1,58,58072,1,3,2,1,1
202300015665,26,4,2023,18:20,1,1,3,72,72152,1,3,2,1,1
202300015666,25,4,2023,18:20,1,1,7,06,06059,1,7,3,2,1