id_accident,jour,mois,annee,heure_minute,luminosite,meteo,type_collision,departement,commune,agglomeration,categorie_route,regime_circulation,profil_route,etat_surface
202300015667,26,4,2023,15:20,1,1,3,50,50345,2,3,2,1,1
202300015667,26,4,2023,15:20,1,1,3,50,50345,2,3,-1,1,1
202300015668,25,4,2023,17:50,1,1,6,50,50402,1,3,2,1,1
202300015669,26,4,2023,19:00,1,1,7,90,90049,2,3,2,1,1
202300015670,26,4,2023,21:45,3,1,6,10,10144,1,3,2,1,1
202300015671,27,4,2023,13:20,1,1,6,36,36018,2,4,1,2,1
202300015672,21,4,2023,17:50,1,1,6,16,16383,2,4,2,1,1
202300015673,26,4,2023,11:00,1,1,7,04,04135,1,3,2,1,1
202300015674,26,4,2023,08:17,1,1,6,85,85234,1,4,2,1,1
202300015675,27,4,2023,08:00,1,2,1,85,85025,1,3,-1,1,2
202300015676,26,4,2023,10:00,1,1,3,27,27049,2,4,2,1,1
202300015676,26,4,2023,10:00,1,1,3,27,27049,2,4,2,1,1
202300015677,25,4,2023,09:55,1,8,1,17,17385,1,3,2,1,1
202300015678,25,4,2023,21:50,3,8,1,17,17065,2,3,2,1,2
202300015678,25,4,2023,21:50,3,8,1,17,17065,2,3,2,1,2
202300015679,17,4,2023,14:15,1,1,3,30,30245,1,3,2,1,1
202300015679,17,4,2023,14:15,1,1,3,30,30245,1,3,2,1,1
202300015680,26,4,2023,15:15,1,1,3,88,88285,1,3,2,1,1
202300015680,26,4,2023,15:15,1,1,3,88,88285,1,3,2,1,1
202300015680,26,4,2023,15:15,1,1,3,88,88285,1,3,2,1,1
202300015681,26,4,2023,15:18,1,1,6,974,97410,2,2,2,1,1
202300015682,25,4,2023,17:10,1,1,3,31,31028,2,3,1,1,1
202300015682,25,4,2023,17:10,1,1,3,31,31028,2,3,1,1,1
202300015683,27,4,2023,10:30,1,1,6,77,77295,1,1,2,1,1
202300015684,25,4,2023,21:40,2,2,5,34,34333,1,3,2,1,2
202300015685,26,4,2023,18:23,1,1,6,06,06018,1,3,3,1,1
202300015686,26,4,2023,17:40,1,1,3,42,42279,2,3,2,1,1
202300015686,26,4,2023,17:40,1,1,3,42,42279,2,3,2,1,1
202300015687,26,4,2023,21:35,3,1,3,78,78466,2,3,2,2,1
202300015688,16,4,2023,10:00,1,1,4,38,38382,1,1,3,1,1
202300015689,27,4,2023,11:05,1,1,4,45,45093,1,1,3,1,1
202300015690,25,4,2023,18:35,1,1,3,38,38348,1,1,1,1,1
202300015691,25,4,2023,11:50,1,1,3,987,98725,2,2,2,1,1
202300015691,25,4,2023,11:50,1,1,3,987,98725,2,2,2,4,1
202300015692,25,4,2023,02:00,5,1,1,987,98733,2,2,2,1,1
202300015693,27,4,2023,10:00,1,1,7,988,98811,1,3,2,2,1
202300015694,27,4,2023,12:45,1,1,3,976,97607,1,2,2,3,1
202300015695,23,4,2023,20:45,5,1,3,971,97125,1,2,2,1,1
202300015696,23,4,2023,06:20,2,1,1,971,97115,2,3,2,2,1
202300015697,22,4,2023,07:30,2,1,6,978,97801,2,2,1,1,1
202300015698,25,4,2023,18:00,1,1,3,28,28160,1,3,2,1,1
202300015698,25,4,2023,18:00,1,1,3,28,28160,1,3,2,1,1
202300015699,25,4,2023,13:00,1,1,6,45,45229,1,3,2,1,1
202300015700,25,4,2023,13:05,1,1,7,66,66210,1,3,2,1,2
202300015701,26,4,2023,11:35,1,1,1,34,34213,1,3,2,1,1
202300015702,27,4,2023,18:24,1,1,1,34,34272,1,3,2,1,1
202300015703,26,4,2023,18:00,1,1,3,84,84132,1,3,2,1,1
202300015703,26,4,2023,18:00,1,1,3,84,84132,1,3,1,1,1
202300015704,27,4,2023,12:10,1,1,3,83,83108,1,3,2,1,1
202300015705,27,4,2023,12:00,1,1,6,73,73232,1,3,2,1,1
202300015706,24,4,2023,18:30,1,1,3,07,07138,1,2,2,2,1
202300015707,24,4,2023,17:25,1,1,3,69,69040,2,7,2,1,1
202300015707,24,4,2023,17:25,1,1,3,69,69040,2,7,2,1,1
202300015708,24,4,2023,12:30,1,1,1,33,33326,1,3,2,2,1
202300015709,27,4,2023,14:13,1,5,1,29,29022,2,3,2,2,8
202300015710,26,4,2023,17:30,1,1,5,22,22081,2,3,2,1,1
202300015710,26,4,2023,17:30,1,1,5,22,22081,2,3,2,1,1
202300015711,27,4,2023,11:45,1,1,6,76,76057,2,4,2,1,1
202300015712,4,4,2023,19:50,2,1,3,59,59586,1,3,-1,1,1
202300015712,4,4,2023,19:50,2,1,3,59,59586,1,3,2,1,1
202300015713,24,4,2023,16:55,1,1,3,83,83137,1,1,3,1,1
202300015714,26,4,2023,18:10,1,1,2,91,91689,1,1,1,1,1
202300015715,26,4,2023,16:25,1,1,3,91,91434,1,1,1,3,1
202300015716,26,4,2023,08:03,1,1,2,91,91687,1,1,1,1,1
202300015717,25,4,2023,16:50,1,2,3,974,97411,2,2,1,1,2
202300015718,25,4,2023,16:50,1,1,6,974,97411,2,2,1,3,2
202300015719,25,4,2023,16:25,1,2,6,974,97411,2,2,1,2,2
202300015720,25,4,2023,17:30,1,1,5,973,97302,2,3,2,1,1
202300015721,25,4,2023,15:30,1,2,1,973,97302,2,4,2,1,2
202300015721,25,4,2023,15:30,1,2,1,973,97302,2,4,2,1,2
202300015722,25,4,2023,08:58,1,1,6,69,69387,2,4,1,1,1
202300015722,25,4,2023,08:58,1,1,6,69,69387,2,4,1,1,1
202300015723,25,4,2023,11:45,1,1,3,972,97209,2,4,2,2,1
202300015724,25,4,2023,23:20,5,1,3,69,69382,2,4,1,1,1
202300015724,25,4,2023,23:20,5,1,3,69,69382,2,4,1,1,1
202300015725,25,4,2023,17:55,1,1,6,69,69388,2,4,1,1,1
202300015726,25,4,2023,12:25,1,1,3,69,69034,2,4,2,1,1
202300015726,25,4,2023,12:25,1,1,3,69,69034,2,4,1,1,1
202300015727,25,4,2023,19:10,5,1,3,971,97101,2,3,-1,1,1
202300015728,25,4,2023,08:10,1,1,6,2A,2A004,2,4,2,2,1
202300015729,25,4,2023,20:20,1,1,3,95,95280,2,4,1,1,1
202300015729,25,4,2023,20:20,1,1,3,95,95280,2,4,1,4,1
202300015730,25,4,2023,09:00,1,2,2,95,95277,2,3,3,2,2
202300015731,25,4,2023,09:10,1,1,3,91,91027,2,4,2,1,1
202300015731,25,4,2023,09:10,1,1,3,91,91027,2,4,1,1,1
202300015732,21,4,2023,21:38,5,1,3,87,87085,2,4,3,2,1
202300015733,20,3,2023,12:50,1,1,3,84,84007,2,4,2,1,1
202300015734,25,4,2023,05:00,5,1,7,83,83069,2,4,2,1,1
202300015735,25,4,2023,19:40,1,8,3,78,78372,2,2,3,2,1
202300015736,25,4,2023,09:07,1,1,5,76,76157,1,1,3,2,1
202300015737,25,4,2023,09:35,1,1,3,76,76540,2,4,2,2,1
202300015737,25,4,2023,09:35,1,1,3,76,76540,2,4,2,2,1
202300015738,24,4,2023,16:25,1,1,2,72,72181,2,4,1,1,1
202300015739,24,4,2023,16:15,1,1,2,69,69256,2,4,2,1,1
202300015739,24,4,2023,16:15,1,1,2,69,69256,2,4,2,1,1
202300015740,26,4,2023,00:20,5,1,2,69,69259,2,4,2,2,1
202300015740,26,4,2023,00:20,5,1,2,69,69259,2,4,2,1,1
202300015741,25,4,2023,22:12,5,1,3,69,69259,2,7,2,1,1
202300015741,25,4,2023,22:12,5,1,3,69,69259,2,7,2,1,1
202300015742,25,4,2023,18:00,1,1,3,64,64445,2,4,-1,1,1
202300015742,25,4,2023,18:00,1,1,3,64,64445,2,4,2,1,1
202300015743,25,4,2023,09:55,1,2,6,64,64445,2,4,2,1,2
202300015744,24,4,2023,10:20,1,1,2,64,64335,1,3,2,1,1
202300015744,24,4,2023,10:20,1,1,2,64,64335,1,3,-1,1,1
202300015745,23,4,2023,00:10,4,1,3,62,62642,2,3,2,1,1
202300015745,23,4,2023,00:10,4,1,3,62,62642,2,3,2,1,1
202300015746,24,4,2023,23:25,5,2,6,59,59426,2,4,2,1,2
202300015747,24,4,2023,17:25,1,8,1,59,59588,1,3,2,1,2
202300015748,25,4,2023,11:45,1,1,6,58,58194,2,4,2,1,1
202300015749,24,4,2023,07:45,1,1,6,56,56036,1,2,1,2,1
202300015750,24,4,2023,23:30,5,1,3,54,54395,2,4,2,1,1
202300015750,24,4,2023,23:30,5,1,3,54,54395,2,4,1,1,1
202300015751,26,4,2023,00:04,3,1,3,54,54149,1,3,2,1,1
202300015751,26,4,2023,00:04,3,1,3,54,54149,1,3,2,1,1
202300015752,24,4,2023,17:05,1,1,3,45,45308,2,3,2,1,1
202300015753,25,4,2023,14:07,1,1,3,34,34172,2,7,1,1,1
202300015753,25,4,2023,14:07,1,1,3,34,34172,2,7,1,1,1
202300015754,22,4,2023,20:20,1,1,3,33,33529,2,3,2,1,1
202300015755,25,4,2023,17:50,1,1,7,31,31483,1,3,2,1,1
202300015755,25,4,2023,17:50,1,1,7,31,31483,1,3,2,3,1
202300015756,25,4,2023,17:50,1,1,2,29,29039,1,3,2,1,1
202300015757,24,4,2023,08:50,1,1,3,29,29019,2,4,2,1,1
202300015757,24,4,2023,08:50,1,1,3,29,29019,2,4,1,1,1
202300015758,24,4,2023,08:20,1,1,1,26,26058,1,3,2,1,1
202300015759,21,4,2023,14:45,1,1,2,17,17415,2,4,3,2,1
202300015759,21,4,2023,14:45,1,1,2,17,17415,2,4,3,2,1
202300015760,21,4,2023,17:10,1,1,6,14,14366,2,6,-1,1,1
202300015761,25,4,2023,18:30,1,1,2,13,13214,2,4,2,3,1
202300015762,25,4,2023,16:10,1,1,3,13,13206,2,4,1,1,1
202300015762,25,4,2023,16:10,1,1,3,13,13206,2,4,2,1,1
202300015763,25,4,2023,12:30,1,1,2,13,13205,2,4,2,1,1
202300015764,25,4,2023,17:00,1,1,3,13,13004,2,4,2,1,1
202300015764,25,4,2023,17:00,1,1,3,13,13004,2,4,2,1,1
202300015765,25,4,2023,21:35,5,1,1,10,10387,2,4,3,1,1
202300015766,25,4,2023,19:30,1,1,6,06,06069,2,9,2,1,1
202300015767,14,4,2023,21:20,5,1,3,05,05061,2,4,3,1,1
202300015768,25,4,2023,17:15,1,1,6,01,01289,2,3,2,1,1
202300015768,25,4,2023,17:15,1,1,6,01,01289,2,3,2,1,1
202300015769,31,1,2023,16:30,1,1,2,74,74298,2,3,2,1,1
202300015770,31,1,2023,09:29,1,1,3,74,74281,2,4,2,2,1
202300015771,30,1,2023,18:30,3,1,1,74,74027,1,3,2,3,2
202300015772,30,1,2023,08:15,1,1,6,74,74012,2,4,2,1,1
202300015773,29,1,2023,21:35,5,1,3,74,74012,2,4,-1,1,1
202300015773,29,1,2023,21:35,5,1,3,74,74012,2,4,-1,2,1
202300015773,29,1,2023,21:35,5,1,3,74,74012,2,4,-1,1,1
202300015774,29,1,2023,17:45,3,1,1,74,74238,1,3,2,2,1
202300015774,29,1,2023,17:45,3,1,1,74,74238,1,3,2,2,1
202300015775,28,1,2023,19:30,3,1,3,74,74010,1,4,2,2,1
202300015775,28,1,2023,19:30,3,1,3,74,74010,1,4,2,2,1
202300015776,28,1,2023,00:30,5,1,7,74,74298,2,3,2,1,1
202300015777,15,1,2023,10:20,1,2,6,74,74083,2,4,1,1,2
202300015778,24,4,2023,16:50,1,1,3,75,75112,2,4,-1,1,1
202300015779,25,4,2023,17:14,1,1,3,75,75120,2,4,3,1,1
202300015779,25,4,2023,17:14,1,1,3,75,75120,2,4,1,1,1
202300015780,25,4,2023,16:04,1,8,6,75,75118,2,4,3,1,3
202300015780,25,4,2023,16:04,1,8,6,75,75118,2,4,1,1,3
202300015781,25,4,2023,14:22,1,1,2,75,75116,2,4,2,1,1
202300015782,24,4,2023,09:35,1,1,1,75,75114,2,4,2,1,1
202300015782,24,4,2023,09:35,1,1,1,75,75114,2,4,2,1,1
202300015783,25,4,2023,18:40,1,1,3,75,75112,2,4,1,1,1
202300015783,25,4,2023,18:40,1,1,3,75,75112,2,4,1,1,1
202300015784,25,4,2023,18:15,1,1,6,75,75120,2,4,3,1,1
202300015784,25,4,2023,18:15,1,1,6,75,75120,2,4,1,1,1
202300015785,25,4,2023,08:20,1,8,6,75,75112,2,4,1,1,1
202300015786,25,4,2023,15:20,1,1,3,75,75110,2,4,2,2,1
202300015787,25,4,2023,00:20,5,2,3,75,75110,2,4,2,1,2
202300015787,25,4,2023,00:20,5,2,3,75,75110,2,4,2,1,2
202300015788,24,4,2023,13:07,1,1,3,75,75107,2,4,2,1,1
202300015788,24,4,2023,13:07,1,1,3,75,75107,2,4,2,1,1
202300015789,25,4,2023,09:23,1,1,6,75,75101,2,4,2,1,1
202300015789,25,4,2023,09:23,1,1,6,75,75101,2,4,-1,1,1
202300015790,24,4,2023,22:30,5,2,6,75,75104,2,4,2,1,2
202300015791,24,4,2023,05:25,5,1,7,75,75101,2,4,2,1,1
202300015791,24,4,2023,05:25,5,1,7,75,75101,2,4,1,1,1
202300015792,25,4,2023,13:05,1,1,2,94,94078,2,3,2,1,1
202300015792,25,4,2023,13:05,1,1,2,94,94078,2,3,1,1,1
202300015793,24,4,2023,19:20,1,1,1,94,94041,2,3,1,1,1
202300015794,25,4,2023,07:15,1,2,4,94,94073,2,3,3,1,2
202300015795,25,4,2023,16:48,1,8,1,94,94059,2,4,2,1,1
202300015795,25,4,2023,16:48,1,8,1,94,94059,2,4,2,1,1
202300015796,24,4,2023,21:10,5,3,3,94,94017,2,3,2,1,2
202300015797,24,4,2023,20:20,2,2,2,94,94017,2,4,1,1,2
202300015797,24,4,2023,20:20,2,2,2,94,94017,2,4,2,1,2
202300015798,25,4,2023,13:10,1,8,3,93,93073,2,4,2,1,1
202300015798,25,4,2023,13:10,1,8,3,93,93073,2,4,2,1,1
202300015799,25,4,2023,20:25,2,1,2,93,93064,2,3,3,1,1
202300015800,24,4,2023,09:00,1,1,2,93,93010,2,3,3,1,1
202300015800,24,4,2023,09:00,1,1,2,93,93010,2,3,3,2,1
202300015801,25,4,2023,20:00,1,1,6,93,93048,2,4,1,1,1
202300015802,15,6,2023,16:04,1,1,2,15,15014,2,4,-1,1,1
202300015803,25,4,2023,08:00,1,2,3,93,93010,2,4,2,1,2
202300015803,25,4,2023,08:00,1,2,3,93,93010,2,4,1,1,2
202300015804,6,7,2023,19:10,1,1,3,14,14118,2,4,2,1,1
202300015804,6,7,2023,19:10,1,1,3,14,14118,2,4,2,2,1
202300015805,24,4,2023,23:50,5,2,6,93,93008,2,4,1,1,2
202300015806,25,4,2023,21:10,5,1,3,93,93007,2,3,2,1,1
202300015806,25,4,2023,21:10,5,1,3,93,93007,2,3,1,1,1
202300015807,5,7,2023,18:15,1,1,3,14,14167,2,3,1,1,1
202300015807,5,7,2023,18:15,1,1,3,14,14167,2,3,2,1,1
202300015808,25,4,2023,13:15,1,1,3,93,93001,2,3,2,1,1
202300015809,6,7,2023,12:40,1,1,5,14,14101,1,2,1,1,1
202300015810,25,4,2023,18:20,1,1,6,92,92040,2,3,2,1,1
202300015810,25,4,2023,18:20,1,1,6,92,92040,2,3,2,1,1
202300015811,25,4,2023,16:40,1,1,2,92,92012,2,3,-1,1,1
202300015812,4,7,2023,08:45,1,1,6,13,13077,2,2,2,1,1
202300015812,4,7,2023,08:45,1,1,6,13,13077,2,2,1,1,1
202300015813,25,4,2023,19:40,1,1,2,13,13117,1,1,1,1,1
202300015814,6,7,2023,19:05,1,1,6,13,13213,2,4,2,1,1
202300015814,6,7,2023,19:05,1,1,6,13,13213,2,4,-1,1,1
202300015815,24,4,2023,08:00,1,1,4,13,13071,1,1,1,1,1
202300015816,6,7,2023,13:00,1,1,2,13,13214,2,4,2,1,1
202300015817,6,7,2023,01:30,5,1,6,13,13209,2,4,2,1,1
202300015818,6,7,2023,10:30,1,1,6,13,13028,2,4,2,1,1
202300015819,5,7,2023,13:33,1,8,3,10,10387,2,4,2,1,1
202300015819,5,7,2023,13:33,1,8,3,10,10387,2,4,2,1,1
202300015820,6,7,2023,16:40,1,1,6,06,06069,2,4,2,1,1
202300015821,5,7,2023,17:10,1,1,3,06,06069,2,4,2,1,1
202300015821,5,7,2023,17:10,1,1,3,06,06069,2,4,2,1,1
202300015822,6,7,2023,07:00,1,1,3,02,02738,2,4,1,1,1
202300015822,6,7,2023,07:00,1,1,3,02,02738,2,4,1,1,1
202300015823,6,7,2023,14:40,1,1,6,75,75113,2,4,-1,1,1
202300015824,6,7,2023,16:00,1,1,3,75,75118,2,4,2,1,1
202300015824,6,7,2023,16:00,1,1,3,75,75118,2,4,1,1,1
202300015825,8,8,2023,11:00,1,1,1,13,13210,2,4,3,1,1
202300015825,8,8,2023,11:00,1,1,1,13,13210,2,4,2,1,1
202300015826,6,7,2023,13:40,1,1,1,75,75101,2,4,2,1,1
202300015826,6,7,2023,13:40,1,1,1,75,75101,2,4,1,1,1
202300015827,10,8,2023,14:00,1,1,2,13,13204,2,4,2,1,1
202300015828,5,7,2023,19:15,1,1,2,75,75118,2,4,3,1,1
202300015829,7,8,2023,09:45,1,1,6,07,07019,2,4,2,2,1
202300015830,3,7,2023,23:06,5,1,6,75,75108,2,4,2,2,1
202300015830,3,7,2023,23:06,5,1,6,75,75108,2,4,2,1,1
202300015831,6,7,2023,17:00,1,1,3,75,75120,2,4,3,3,1
202300015831,6,7,2023,17:00,1,1,3,75,75120,2,4,1,1,1
202300015832,8,8,2023,19:50,1,1,6,06,06004,2,4,2,1,1
202300015833,6,7,2023,00:15,5,1,6,75,75120,2,4,1,1,1
202300015833,6,7,2023,00:15,5,1,6,75,75120,2,4,-1,1,1
202300015834,11,8,2023,14:30,1,1,2,75,75114,2,4,1,1,1
202300015835,6,7,2023,20:00,1,1,3,75,75117,2,4,2,1,1
202300015835,6,7,2023,20:00,1,1,3,75,75117,2,4,2,1,1
202300015836,11,8,2023,15:20,1,1,3,75,75119,2,4,2,2,1
202300015836,11,8,2023,15:20,1,1,3,75,75119,2,4,-1,1,1
202300015837,6,7,2023,20:30,2,1,3,75,75117,2,4,1,1,1
202300015837,6,7,2023,20:30,2,1,3,75,75117,2,4,-1,1,1
202300015838,6,7,2023,17:55,1,1,6,75,75117,2,4,-1,1,1
202300015838,6,7,2023,17:55,1,1,6,75,75117,2,4,1,1,1
202300015839,11,8,2023,14:30,1,1,6,75,75119,2,4,-1,1,1
202300015839,11,8,2023,14:30,1,1,6,75,75119,2,4,2,1,1
202300015840,6,7,2023,12:00,1,1,3,75,75117,2,4,-1,1,1
202300015840,6,7,2023,12:00,1,1,3,75,75117,2,4,-1,1,1
202300015841,6,7,2023,11:00,1,1,6,75,75117,2,4,-1,1,1
202300015841,6,7,2023,11:00,1,1,6,75,75117,2,4,1,1,1
202300015842,11,8,2023,09:50,1,1,3,75,75119,2,4,-1,1,1
202300015842,11,8,2023,09:50,1,1,3,75,75119,2,4,1,2,1
202300015843,5,7,2023,19:45,1,1,3,75,75117,2,4,1,1,1
202300015844,11,8,2023,22:25,5,2,3,75,75116,2,4,-1,1,2
202300015844,11,8,2023,22:25,5,2,3,75,75116,2,4,1,1,2
202300015845,6,7,2023,16:25,1,1,3,75,75116,2,4,2,1,1
202300015845,6,7,2023,16:25,1,1,3,75,75116,2,4,1,1,1
202300015846,11,8,2023,15:24,1,1,3,75,75116,2,4,2,2,1
202300015847,6,7,2023,10:05,1,1,3,75,75115,2,4,-1,1,1
202300015847,6,7,2023,10:05,1,1,3,75,75115,2,4,-1,1,1
202300015848,10,8,2023,19:10,1,1,2,75,75116,2,4,2,1,1
202300015848,10,8,2023,19:10,1,1,2,75,75116,2,4,1,1,1
202300015849,5,7,2023,02:45,5,1,2,75,75114,2,4,3,1,2
202300015849,5,7,2023,02:45,5,1,2,75,75114,2,4,1,1,2
202300015850,11,8,2023,19:50,1,2,3,75,75113,2,4,2,1,2
202300015850,11,8,2023,19:50,1,2,3,75,75113,2,4,2,1,2
202300015851,6,7,2023,12:00,1,1,3,75,75113,2,4,4,2,1
202300015851,6,7,2023,12:00,1,1,3,75,75113,2,4,-1,1,1
202300015852,10,8,2023,05:45,1,1,1,94,94041,2,3,1,1,1
202300015852,10,8,2023,05:45,1,1,1,94,94041,2,3,2,1,1
202300015853,20,11,2023,08:05,1,1,3,83,83107,1,3,2,1,1
202300015853,20,11,2023,08:05,1,1,3,83,83107,1,3,2,1,1
202300015854,5,7,2023,07:30,1,1,3,75,75113,2,4,2,1,1
202300015854,5,7,2023,07:30,1,1,3,75,75113,2,4,2,1,1
202300015855,21,11,2023,10:10,1,1,3,42,42285,1,3,2,2,2
202300015855,21,11,2023,10:10,1,1,3,42,42285,1,3,2,1,2
202300015856,11,8,2023,08:00,1,1,2,94,94078,2,2,2,1,1
202300015857,6,7,2023,17:10,1,1,2,75,75112,2,4,2,1,1
202300015857,6,7,2023,17:10,1,1,2,75,75112,2,4,-1,1,1
202300015858,21,11,2023,04:25,3,1,6,07,07040,1,3,2,2,2
202300015859,6,7,2023,02:40,5,1,2,75,75112,2,4,1,1,1
202300015860,21,11,2023,10:30,1,2,6,64,64422,2,4,2,3,2
202300015861,10,8,2023,21:41,3,1,3,94,94078,2,2,2,1,1
202300015862,5,7,2023,12:23,1,8,2,75,75108,2,4,1,1,1
202300015862,5,7,2023,12:23,1,8,2,75,75108,2,4,3,2,1
202300015863,20,11,2023,15:00,1,1,6,85,85092,2,4,2,1,1
202300015864,5,7,2023,21:00,1,1,3,75,75107,2,4,1,1,1
202300015865,5,7,2023,13:37,1,1,3,75,75107,2,4,2,1,1
202300015865,5,7,2023,13:37,1,1,3,75,75107,2,4,2,1,1
202300015866,20,11,2023,18:45,3,2,1,22,22339,1,2,3,4,2
202300015866,20,11,2023,18:45,3,2,1,22,22339,1,2,2,1,2
202300015867,11,8,2023,00:05,4,1,3,94,94028,2,3,1,1,1
202300015868,6,7,2023,06:24,1,1,3,75,75103,2,4,2,1,1
202300015868,6,7,2023,06:24,1,1,3,75,75103,2,4,2,1,1
202300015869,19,11,2023,19:00,3,2,6,35,35309,1,3,2,1,2
202300015870,5,7,2023,20:00,1,1,7,75,75103,2,4,1,1,1
202300015870,5,7,2023,20:00,1,1,7,75,75103,2,4,1,1,1
202300015871,4,7,2023,07:40,2,1,6,94,94081,2,6,-1,1,1
202300015872,20,11,2023,16:20,2,2,1,60,60339,2,3,2,1,2
202300015872,20,11,2023,16:20,2,2,1,60,60339,2,3,2,1,2
202300015873,18,11,2023,17:10,2,2,6,62,62281,1,1,3,2,2
202300015874,11,8,2023,18:30,1,2,1,94,94018,2,3,2,1,2
202300015874,11,8,2023,18:30,1,2,1,94,94018,2,3,2,1,2
202300015875,6,7,2023,17:00,1,1,3,94,94078,2,2,2,1,1
202300015875,6,7,2023,17:00,1,1,3,94,94078,2,2,-1,1,1
202300015876,20,11,2023,16:00,1,8,3,59,59586,2,3,2,1,2
202300015877,5,7,2023,17:12,1,1,3,94,94042,2,4,1,1,1
202300015877,5,7,2023,17:12,1,1,3,94,94042,2,4,2,1,1
202300015878,11,8,2023,19:25,2,2,6,94,94028,2,3,1,2,2
202300015879,29,6,2023,08:00,1,1,3,94,94058,2,3,3,1,1
202300015879,29,6,2023,08:00,1,1,3,94,94058,2,3,1,1,1
202300015880,11,8,2023,14:50,1,1,6,93,93055,2,3,2,1,1
202300015881,20,11,2023,10:00,1,1,2,13,13106,1,1,1,1,1
202300015882,4,7,2023,16:25,1,2,2,94,94042,2,3,2,1,2
202300015883,11,8,2023,19:00,1,2,3,92,92046,2,3,2,1,2
202300015884,6,7,2023,18:30,1,1,1,94,94028,2,3,2,1,1
202300015885,11,8,2023,15:25,1,3,3,35,35046,1,3,2,1,2
202300015885,11,8,2023,15:25,1,3,3,35,35046,1,3,2,1,2
202300015886,12,8,2023,17:00,1,1,7,2B,2B121,1,3,2,1,1
202300015887,5,7,2023,15:30,1,1,5,94,94028,1,3,1,1,1
202300015888,20,11,2023,18:00,3,2,3,91,91161,1,1,1,1,2
202300015889,12,8,2023,13:30,1,1,6,2A,2A065,2,4,2,1,1
202300015890,5,7,2023,12:30,1,1,2,94,94017,2,4,2,2,1
202300015891,12,8,2023,20:50,2,1,7,91,91340,1,3,3,1,1
202300015892,20,11,2023,02:14,5,1,3,94,94034,1,1,-1,1,1
202300015893,5,7,2023,14:05,1,1,3,94,94002,2,4,2,1,1
202300015894,11,8,2023,21:33,5,2,6,95,95487,2,3,2,1,2
202300015895,6,7,2023,18:10,1,1,6,93,93055,2,3,2,1,1
202300015896,20,11,2023,00:57,4,1,3,92,92019,1,2,-1,1,1
202300015897,11,8,2023,21:45,3,1,7,21,21676,1,1,3,1,1
202300015898,6,7,2023,05:00,2,1,6,93,93053,2,4,1,1,1
202300015899,12,8,2023,14:15,1,1,6,22,22228,1,2,3,1,1
202300015900,20,11,2023,20:00,3,2,6,92,92036,1,1,1,2,2
202300015901,28,6,2023,10:10,1,1,6,92,92046,2,3,2,1,1
202300015901,28,6,2023,10:10,1,1,6,92,92046,2,3,2,1,1
202300015902,16,11,2023,20:10,3,2,3,95,95018,1,1,3,1,2
202300015903,29,7,2023,17:35,1,1,6,974,97413,1,2,3,1,1
202300015904,3,7,2023,21:40,2,1,2,92,92063,2,4,2,1,1
202300015904,3,7,2023,21:40,2,1,2,92,92063,2,4,2,1,1
202300015905,12,8,2023,15:00,1,1,7,38,38456,1,3,2,2,1
202300015906,20,11,2023,17:55,3,2,7,94,94022,1,1,3,1,2
202300015907,12,8,2023,18:15,1,1,6,62,62214,2,3,2,1,1
202300015908,6,7,2023,09:05,1,1,6,92,92026,2,3,2,1,1
202300015909,12,8,2023,11:40,1,1,7,59,59135,2,3,2,1,1
202300015909,12,8,2023,11:40,1,1,7,59,59135,2,3,2,1,1
202300015910,6,7,2023,12:30,1,1,3,92,92025,2,1,1,1,1
202300015911,20,11,2023,07:50,1,1,4,77,77258,1,1,1,1,1
202300015912,12,8,2023,15:00,1,1,3,76,76302,2,4,2,1,1
202300015913,5,7,2023,00:01,5,2,3,92,92025,2,3,2,1,2
202300015913,5,7,2023,00:01,5,2,3,92,92025,2,3,1,1,2
202300015914,6,7,2023,03:20,5,1,3,92,92012,2,3,3,1,1
202300015914,6,7,2023,03:20,5,1,3,92,92012,2,3,2,1,1
202300015915,18,11,2023,22:10,3,2,4,94,94073,1,1,3,1,2
202300015916,12,8,2023,08:00,1,1,3,80,80190,1,3,3,2,1
202300015917,6,7,2023,16:25,1,1,3,92,92007,2,3,2,1,1
202300015918,12,8,2023,12:39,1,1,1,82,82151,1,3,2,1,1
202300015919,11,8,2023,19:20,1,1,6,33,33490,2,4,2,1,1
202300015920,5,7,2023,10:40,1,1,3,92,92036,2,3,2,1,1
202300015921,18,11,2023,10:50,1,1,6,974,97416,2,4,2,1,1
202300015922,12,8,2023,13:20,1,1,6,63,63091,1,3,2,1,1
202300015923,26,6,2023,15:21,1,1,3,91,91235,1,3,2,1,1
202300015924,3,8,2023,18:30,1,2,2,49,49378,1,3,2,1,2
202300015925,11,8,2023,16:00,1,1,7,46,46311,1,3,2,2,9
202300015926,29,6,2023,00:20,5,1,1,91,91086,2,4,2,1,1
202300015927,19,11,2023,14:15,1,1,3,973,97302,2,4,2,1,1
202300015928,3,7,2023,22:30,3,1,3,17,17278,1,3,2,1,1
202300015928,3,7,2023,22:30,3,1,3,17,17278,1,3,2,1,1
202300015929,10,8,2023,16:00,1,1,3,86,86286,1,3,2,1,1
202300015929,10,8,2023,16:00,1,1,3,86,86286,1,3,2,1,1
202300015930,7,7,2023,08:50,1,1,2,44,44014,1,3,2,1,1
202300015931,19,11,2023,12:10,1,1,3,973,97302,2,4,1,1,1
202300015931,19,11,2023,12:10,1,1,3,973,97302,2,4,1,1,1
202300015932,7,7,2023,08:00,1,7,6,974,97422,2,9,2,2,1