id_accident,jour,mois,annee,heure_minute,luminosite,meteo,type_collision,departement,commune,agglomeration,categorie_route,regime_circulation,profil_route,etat_surface
202300015933,11,8,2023,11:05,1,1,5,38,38384,2,3,2,1,1
202300015933,11,8,2023,11:05,1,1,5,38,38384,2,3,2,1,1
202300015934,5,7,2023,09:25,1,1,6,62,62057,2,3,2,1,1
202300015934,5,7,2023,09:25,1,1,6,62,62057,2,3,2,1,1
202300015935,11,8,2023,17:55,1,1,7,15,15061,1,3,2,4,1
202300015936,18,11,2023,22:34,5,1,3,973,97302,2,4,1,1,1
202300015937,7,7,2023,06:09,2,1,3,68,68238,1,4,2,1,1
202300015938,12,8,2023,12:00,1,1,7,26,26292,1,3,2,2,1
202300015939,12,8,2023,19:00,1,1,6,14,14726,1,3,2,1,1
202300015940,7,7,2023,06:30,2,1,6,71,71003,1,3,2,2,1
202300015941,19,11,2023,23:09,5,1,3,69,69388,2,4,1,1,1
202300015941,19,11,2023,23:09,5,1,3,69,69388,2,4,2,1,1
202300015942,10,8,2023,18:30,1,1,3,14,14047,2,3,2,1,1
202300015942,10,8,2023,18:30,1,1,3,14,14047,2,3,2,1,1
202300015943,7,7,2023,08:25,1,1,3,62,62061,1,3,2,1,1
202300015943,7,7,2023,08:25,1,1,3,62,62061,1,3,2,1,1
202300015943,7,7,2023,08:25,1,1,3,62,62061,1,3,2,1,1
202300015944,11,8,2023,09:55,1,1,1,73,73259,1,3,2,2,1
202300015945,7,7,2023,12:15,1,1,3,66,66021,2,4,2,1,1
202300015946,19,11,2023,19:30,5,1,6,69,69387,2,4,1,1,1
202300015946,19,11,2023,19:30,5,1,6,69,69387,2,4,2,1,1
202300015947,10,8,2023,15:30,1,1,7,40,40031,1,3,2,1,1
202300015948,7,7,2023,16:30,1,1,2,31,31588,2,7,2,1,1
202300015949,11,8,2023,15:45,1,1,2,40,40261,1,3,2,1,1
202300015950,24,6,2023,14:45,1,1,7,56,56117,2,4,2,2,1
202300015951,18,11,2023,20:30,3,1,2,972,97213,2,1,2,1,1
202300015952,7,7,2023,13:35,1,1,7,67,67513,1,3,2,2,1
202300015953,19,11,2023,22:35,5,1,7,69,69382,2,4,2,1,1
202300015953,19,11,2023,22:35,5,1,7,69,69382,2,4,1,1,1
202300015954,12,8,2023,04:20,3,1,1,24,24064,1,3,2,1,1
202300015955,7,7,2023,16:34,1,1,7,76,76655,1,3,2,2,1
202300015955,7,7,2023,16:34,1,1,7,76,76655,1,3,2,2,1
202300015956,12,8,2023,16:25,1,1,3,04,04166,1,3,2,2,1
202300015957,6,7,2023,23:30,3,1,3,79,79007,1,3,2,2,1
202300015958,12,8,2023,16:52,1,1,7,85,85234,2,4,1,2,1
202300015959,7,7,2023,08:15,1,1,5,2A,2A269,1,2,2,4,1
202300015960,19,11,2023,01:00,5,8,4,69,69034,1,4,1,1,2
202300015961,12,8,2023,09:00,1,2,1,85,85252,1,3,2,1,2
202300015962,6,7,2023,12:15,1,1,3,69,69168,2,7,2,1,1
202300015962,6,7,2023,12:15,1,1,3,69,69168,2,7,2,1,1
202300015963,7,7,2023,06:15,1,1,3,71,71318,1,3,2,1,1
202300015964,19,11,2023,12:41,1,1,3,69,69389,2,4,1,1,1
202300015964,19,11,2023,12:41,1,1,3,69,69389,2,4,1,1,1
202300015965,11,8,2023,18:30,1,3,3,28,28156,1,3,2,1,2
202300015965,11,8,2023,18:30,1,3,3,28,28156,1,3,2,1,2
202300015966,7,7,2023,09:00,1,1,6,71,71370,1,3,2,1,1
202300015966,7,7,2023,09:00,1,1,6,71,71370,1,3,2,1,1
202300015967,19,11,2023,16:35,1,1,3,2A,2A004,2,4,3,1,1
202300015967,19,11,2023,16:35,1,1,3,2A,2A004,2,4,3,1,1
202300015968,31,7,2023,09:40,1,8,3,28,28202,1,3,2,1,1
202300015968,31,7,2023,09:40,1,8,3,28,28202,1,3,2,1,1
202300015969,6,7,2023,19:00,1,1,3,71,71014,2,4,1,1,1
202300015970,31,5,2023,15:10,1,1,7,54,54395,1,7,2,1,1
202300015971,25,7,2023,17:15,1,1,1,37,37099,1,3,2,1,1
202300015972,19,11,2023,20:28,5,1,3,95,95218,2,2,3,1,1
202300015973,29,6,2023,14:50,1,1,1,89,89053,1,3,2,1,1
202300015974,12,8,2023,06:00,1,1,6,30,30339,1,3,2,2,1
202300015975,1,6,2023,13:15,1,1,3,51,51454,2,4,2,1,1
202300015975,1,6,2023,13:15,1,1,3,51,51454,2,4,1,1,1
202300015976,18,11,2023,17:18,5,2,6,91,91549,2,3,2,1,2
202300015977,31,5,2023,19:40,2,1,7,51,51454,2,4,2,1,1
202300015978,7,7,2023,10:30,1,1,5,39,39526,1,3,2,1,1
202300015979,12,8,2023,15:28,1,1,1,30,30193,1,3,2,2,1
202300015980,6,7,2023,21:46,1,1,7,44,44087,1,4,-1,1,1
202300015981,11,8,2023,21:45,2,1,7,30,30061,1,4,2,1,1
202300015982,31,5,2023,15:30,1,1,4,51,51454,2,4,1,1,1
202300015983,6,7,2023,23:15,3,1,6,44,44213,1,3,2,1,1
202300015984,19,11,2023,04:40,3,2,1,78,78624,1,3,3,1,2
202300015985,12,8,2023,03:50,3,1,6,48,48129,1,3,2,1,1
202300015986,1,6,2023,14:55,1,1,5,47,47001,2,4,2,2,1
202300015986,1,6,2023,14:55,1,1,5,47,47001,2,4,2,1,1
202300015987,6,7,2023,11:20,1,1,4,35,35299,1,3,2,2,1
202300015988,19,11,2023,06:35,2,1,6,76,76540,1,7,1,1,2
202300015989,12,8,2023,16:10,1,1,7,08,08272,1,4,2,2,1
202300015990,5,7,2023,14:11,1,1,6,29,29205,2,4,2,1,1
202300015991,1,6,2023,07:25,1,1,3,45,45234,2,4,3,1,1
202300015992,11,8,2023,00:15,3,1,6,973,97307,1,2,3,1,1
202300015993,19,11,2023,19:10,5,8,6,73,73222,2,3,2,2,1
202300015994,1,6,2023,20:30,1,1,6,42,42187,2,4,2,1,1
202300015995,4,7,2023,14:25,1,1,1,29,29282,1,3,2,3,1
202300015996,12,8,2023,11:40,1,1,5,80,80107,1,1,3,1,1
202300015997,5,7,2023,10:20,1,1,7,31,31100,1,4,2,4,9
202300015998,31,5,2023,16:40,1,1,1,42,42187,2,4,2,1,1
202300015998,31,5,2023,16:40,1,1,1,42,42187,2,4,2,1,1
202300015999,6,7,2023,22:05,5,1,6,13,13017,2,3,2,1,1
202300016000,14,11,2023,17:45,5,3,5,73,73087,2,3,2,1,2
202300016001,12,8,2023,10:45,1,1,3,973,97309,2,3,2,1,1
202300016002,1,6,2023,16:10,1,1,3,41,41018,2,9,1,1,1
202300016003,7,7,2023,20:30,1,1,6,02,02815,1,3,2,1,1
202300016004,12,8,2023,13:55,1,1,1,82,82007,1,4,2,3,1
202300016005,19,11,2023,16:35,1,1,3,69,69266,2,4,1,1,1
202300016005,19,11,2023,16:35,1,1,3,69,69266,2,4,1,1,1
202300016006,1,6,2023,18:25,1,1,3,38,38421,2,7,2,1,1
202300016006,1,6,2023,18:25,1,1,3,38,38421,2,7,2,1,1
202300016007,11,8,2023,20:30,2,2,6,45,45317,1,1,3,1,2
202300016008,7,7,2023,11:15,1,7,1,02,02468,2,4,1,1,1
202300016008,7,7,2023,11:15,1,7,1,02,02468,2,4,2,4,1
202300016009,19,11,2023,21:10,5,1,2,64,64102,2,3,3,1,1
202300016010,7,7,2023,06:45,1,1,6,03,03276,1,3,2,2,9
202300016011,11,8,2023,17:45,1,1,2,11,11262,1,1,3,1,1
202300016012,1,6,2023,05:25,3,1,6,38,38179,2,7,2,1,1
202300016012,1,6,2023,05:25,3,1,6,38,38179,2,7,2,1,1
202300016013,11,8,2023,15:40,1,1,6,33,33005,2,4,1,1,1
202300016014,9,11,2023,07:30,1,2,6,62,62464,2,3,2,1,2
202300016014,9,11,2023,07:30,1,2,6,62,62464,2,3,3,1,2
202300016015,5,7,2023,14:20,1,1,2,03,03193,1,3,2,1,1
202300016015,5,7,2023,14:20,1,1,2,03,03193,1,3,-1,1,1
202300016016,1,6,2023,08:00,1,1,2,37,37122,2,4,2,1,1
202300016017,11,8,2023,02:15,5,1,1,976,97615,2,3,2,1,1
202300016017,11,8,2023,02:15,5,1,1,976,97615,2,3,3,1,1
202300016018,7,7,2023,19:55,1,1,6,70,70115,1,3,2,1,1
202300016019,10,5,2023,17:04,1,1,6,36,36159,2,4,2,1,1
202300016020,12,8,2023,20:35,5,1,1,974,97415,2,2,2,1,1
202300016021,11,8,2023,14:10,1,1,6,971,97111,1,2,2,4,1
202300016022,6,7,2023,11:38,1,1,2,72,72328,1,3,2,1,1
202300016023,1,6,2023,09:30,1,7,3,35,35238,2,4,2,1,1
202300016023,1,6,2023,09:30,1,7,3,35,35238,2,4,2,2,1
202300016024,6,7,2023,07:30,1,1,7,06,06016,1,3,2,1,1
202300016025,11,8,2023,13:00,1,1,3,84,84078,2,4,2,1,1
202300016026,19,11,2023,06:00,5,2,5,60,60057,2,4,1,2,2
202300016026,19,11,2023,06:00,5,2,5,60,60057,2,4,2,1,2
202300016027,1,6,2023,08:50,1,1,3,35,35238,2,4,2,1,1
202300016027,1,6,2023,08:50,1,1,3,35,35238,2,4,2,1,1
202300016028,11,8,2023,23:00,5,1,3,67,67065,2,7,2,1,1
202300016029,7,7,2023,10:30,1,1,3,14,14371,2,3,2,1,1
202300016029,7,7,2023,10:30,1,1,3,14,14371,2,3,2,1,1
202300016030,12,8,2023,05:25,2,1,7,67,67529,2,3,2,1,2
202300016031,1,6,2023,07:30,1,1,3,35,35051,2,4,1,1,1
202300016032,19,11,2023,11:40,1,2,2,59,59350,2,7,1,1,2
202300016033,6,7,2023,09:50,1,1,3,05,05124,1,2,2,1,1
202300016033,6,7,2023,09:50,1,1,3,05,05124,1,2,2,1,1
202300016034,11,8,2023,22:00,3,1,4,81,81131,1,1,3,1,1
202300016035,30,5,2023,16:33,1,1,1,34,34032,2,4,-1,1,1
202300016035,30,5,2023,16:33,1,1,1,34,34032,2,4,1,1,1
202300016036,7,7,2023,02:00,3,1,7,05,05004,1,3,2,2,1
202300016037,19,11,2023,16:00,1,1,3,56,56121,2,4,2,1,1
202300016037,19,11,2023,16:00,1,1,3,56,56121,2,4,1,1,1
202300016038,11,8,2023,20:45,1,1,2,17,17086,1,3,2,2,1
202300016038,11,8,2023,20:45,1,1,2,17,17086,1,3,2,1,1
202300016039,1,6,2023,20:50,1,1,3,33,33192,2,4,2,1,1
202300016039,1,6,2023,20:50,1,1,3,33,33192,2,4,2,1,1
202300016040,5,7,2023,11:50,1,1,3,83,83007,2,3,2,2,1
202300016041,30,7,2023,16:54,1,1,6,33,33324,2,4,2,1,1
202300016042,18,11,2023,17:10,5,2,6,54,54099,2,3,2,3,2
202300016042,18,11,2023,17:10,5,2,6,54,54099,2,3,2,1,2
202300016043,6,7,2023,07:35,1,2,2,09,09296,1,2,2,1,2
202300016043,6,7,2023,07:35,1,2,2,09,09296,1,2,2,1,2
202300016044,12,8,2023,02:15,3,1,6,33,33056,1,4,2,1,1
202300016044,12,8,2023,02:15,3,1,6,33,33056,1,4,2,1,1
202300016045,1,6,2023,12:40,1,1,2,33,33013,2,4,2,1,1
202300016045,1,6,2023,12:40,1,1,2,33,33013,2,4,2,1,1
202300016046,19,11,2023,15:20,1,1,6,41,41018,2,4,2,2,1
202300016047,6,7,2023,17:10,1,1,3,73,73128,2,4,2,2,1
202300016047,6,7,2023,17:10,1,1,3,73,73128,2,4,2,4,1
202300016048,12,8,2023,17:40,1,1,3,85,85098,1,3,2,1,1
202300016048,12,8,2023,17:40,1,1,3,85,85098,1,3,2,1,1
202300016049,31,5,2023,15:25,1,1,3,33,33039,2,4,1,1,1
202300016049,31,5,2023,15:25,1,1,3,33,33039,2,4,2,1,1
202300016050,12,8,2023,13:35,1,1,3,22,22081,1,3,2,1,1
202300016050,12,8,2023,13:35,1,1,3,22,22081,1,3,2,1,1
202300016051,19,11,2023,19:00,5,1,3,36,36044,2,4,2,1,1
202300016052,7,7,2023,09:20,1,1,3,16,16016,1,3,2,1,1
202300016052,7,7,2023,09:20,1,1,3,16,16016,1,3,2,1,1
202300016053,31,5,2023,16:20,1,1,3,31,31555,2,4,2,1,1
202300016054,19,11,2023,17:52,3,1,6,31,31555,2,4,2,1,1
202300016055,11,8,2023,22:45,4,1,1,22,22214,2,3,2,1,1
202300016056,7,7,2023,00:25,3,1,6,16,16312,1,3,2,1,1
202300016057,31,5,2023,10:20,1,1,6,31,31483,2,4,-1,1,1
202300016058,7,7,2023,09:55,1,1,6,53,53097,2,4,2,1,1
202300016059,18,11,2023,16:25,1,8,3,29,29051,2,4,2,2,2
202300016059,18,11,2023,16:25,1,8,3,29,29051,2,4,2,2,2
202300016060,31,5,2023,17:40,1,1,1,29,29019,2,4,-1,2,1
202300016061,12,8,2023,11:20,1,1,4,76,76753,1,7,2,2,1
202300016061,12,8,2023,11:20,1,1,4,76,76753,1,7,2,2,1
202300016062,3,7,2023,17:25,1,1,3,85,85047,2,4,2,-1,1
202300016062,3,7,2023,17:25,1,1,3,85,85047,2,4,2,1,1
202300016063,1,6,2023,15:40,1,1,1,28,28404,2,4,2,1,1
202300016064,19,11,2023,22:00,5,1,6,28,28404,2,4,3,1,1
202300016065,1,7,2023,23:20,3,1,2,27,27383,1,3,2,1,1
202300016066,11,8,2023,13:15,1,1,3,13,13214,1,1,1,1,1
202300016067,19,11,2023,22:42,3,1,6,26,26004,1,2,1,1,1
202300016068,2,7,2023,19:20,1,1,7,28,28191,1,4,-1,1,9
202300016069,11,8,2023,16:16,1,1,2,13,13081,1,1,1,1,1
202300016070,19,11,2023,17:05,3,8,7,25,25056,2,2,3,2,1
202300016071,1,6,2023,11:50,1,1,6,27,27681,2,4,2,1,1
202300016072,9,8,2023,02:30,3,1,2,83,83090,1,1,3,1,1
202300016073,6,7,2023,07:55,1,1,1,37,37156,2,4,2,1,1
202300016074,19,11,2023,18:50,5,1,6,22,22113,2,3,2,2,1
202300016075,1,6,2023,20:14,1,1,6,70,70285,1,3,2,2,1
202300016076,11,8,2023,15:45,1,1,2,69,69297,1,1,3,1,1
202300016077,6,7,2023,10:40,1,7,3,37,37241,2,3,2,1,1
202300016077,6,7,2023,10:40,1,7,3,37,37241,2,3,2,1,1
202300016078,18,11,2023,17:00,1,1,3,13,13103,1,3,2,1,1
202300016079,7,7,2023,17:20,1,1,6,48,48063,1,3,2,1,1
202300016080,11,8,2023,13:30,1,1,2,42,42218,1,2,3,1,1
202300016081,19,11,2023,17:48,5,1,1,13,13202,2,4,-1,1,1
202300016082,7,7,2023,16:07,1,1,7,48,48107,1,3,2,1,1
202300016083,31,5,2023,07:50,1,7,4,70,70285,1,2,1,1,1
202300016083,31,5,2023,07:50,1,7,4,70,70285,1,2,3,2,1
202300016084,9,8,2023,12:35,1,1,4,33,33122,1,1,3,1,1
202300016085,19,11,2023,15:45,1,1,6,13,13203,2,4,1,1,1
202300016086,7,7,2023,00:30,3,1,1,08,08349,2,3,2,1,1
202300016087,1,6,2023,09:00,1,7,4,25,25056,2,2,1,1,1
202300016088,11,8,2023,15:50,1,1,2,91,91377,1,1,3,1,1
202300016089,7,7,2023,02:15,3,1,1,13,13044,1,3,2,1,1
202300016090,18,11,2023,15:30,1,1,7,12,12013,1,4,2,1,1
202300016091,1,6,2023,08:56,1,1,3,25,25056,2,4,2,1,1
202300016092,19,4,2023,09:00,1,1,2,69,69081,2,7,2,1,1
202300016092,19,4,2023,09:00,1,1,2,69,69081,2,7,2,1,1
202300016093,19,11,2023,19:00,4,1,6,11,11069,2,4,1,1,1
202300016094,11,8,2023,16:15,1,8,4,91,91434,1,1,1,2,1
202300016095,1,6,2023,07:40,1,1,2,25,25056,2,3,1,1,1
202300016096,11,8,2023,21:55,3,2,4,94,94073,1,1,1,1,2
202300016097,19,11,2023,11:27,1,1,1,11,11069,1,3,2,2,1
202300016098,31,5,2023,18:18,1,1,1,18,18033,1,2,2,1,1
202300016099,6,7,2023,10:10,1,1,3,37,37173,1,3,2,1,1
202300016099,6,7,2023,10:10,1,1,3,37,37173,1,3,-1,1,1
202300016100,11,8,2023,09:20,1,1,3,94,94046,1,1,3,1,1
202300016101,7,7,2023,09:50,1,1,1,73,73304,1,3,2,2,1
202300016102,12,5,2023,19:55,1,1,1,13,13056,1,4,2,1,1
202300016103,19,11,2023,18:25,5,1,3,75,75118,2,4,-1,1,1
202300016104,10,8,2023,16:45,1,1,6,2A,2A004,2,4,2,1,1
202300016105,6,7,2023,08:00,1,1,6,971,97119,1,2,2,2,1
202300016106,24,5,2023,15:50,1,1,3,13,13056,2,4,2,1,1
202300016107,10,8,2023,13:00,1,1,6,47,47001,2,6,-1,1,1
202300016108,14,11,2023,17:45,1,1,7,75,75120,2,4,1,1,2
202300016109,7,7,2023,16:40,1,1,3,33,33214,1,3,2,1,1
202300016109,7,7,2023,16:40,1,1,3,33,33214,1,3,2,1,1
202300016110,22,3,2023,15:56,1,1,6,75,75115,2,4,-1,1,1
202300016111,1,6,2023,08:50,1,1,6,13,13214,2,4,2,1,1
202300016112,19,11,2023,02:05,4,2,2,75,75120,2,4,1,1,2
202300016113,10,8,2023,15:50,1,1,2,976,97611,2,2,-1,1,1
202300016114,6,7,2023,12:28,1,1,3,41,41220,2,4,2,1,1
202300016114,6,7,2023,12:28,1,1,3,41,41220,2,4,2,-1,-1
202300016115,31,5,2023,10:30,1,1,5,11,11262,1,3,1,1,1
202300016116,6,7,2023,11:45,1,1,6,37,37003,2,4,1,1,1
202300016117,18,11,2023,16:00,5,2,2,75,75116,2,4,1,1,2
202300016118,10,8,2023,19:40,5,1,2,974,97416,1,2,2,2,1
202300016119,1,6,2023,03:06,5,1,6,06,06088,2,7,2,1,1
202300016120,7,7,2023,11:50,1,1,3,2A,2A247,1,2,2,1,1
202300016120,7,7,2023,11:50,1,1,3,2A,2A247,1,2,-1,-1,-1
202300016121,17,11,2023,11:40,1,1,2,75,75116,2,4,1,1,1
202300016122,10,8,2023,05:25,5,1,1,69,69387,2,4,2,1,1
202300016122,10,8,2023,05:25,5,1,1,69,69387,2,4,1,1,1
202300016123,27,5,2023,17:10,1,1,6,02,02722,2,6,-1,1,1
202300016124,17,5,2023,16:45,1,1,6,02,02722,2,4,2,2,1
202300016125,17,11,2023,09:10,1,1,3,75,75118,2,4,1,1,1
202300016126,10,8,2023,08:30,1,1,3,69,69388,2,4,2,1,1
202300016127,6,7,2023,19:30,1,1,5,30,30258,2,3,2,1,1
202300016127,6,7,2023,19:30,1,1,5,30,30258,2,3,2,1,1
202300016128,6,7,2023,19:25,1,1,6,83,83127,2,3,2,1,1
202300016129,31,5,2023,18:50,1,1,6,02,02408,2,4,1,1,1
202300016129,31,5,2023,18:50,1,1,6,02,02408,2,4,1,2,1
202300016130,10,8,2023,17:50,1,1,3,69,69149,2,4,2,2,1
202300016130,10,8,2023,17:50,1,1,3,69,69149,2,4,1,2,1
202300016131,18,11,2023,18:10,5,1,6,75,75106,2,4,2,1,2
202300016131,18,11,2023,18:10,5,1,6,75,75106,2,4,1,1,2
202300016132,1,6,2023,19:00,1,1,2,75,75117,2,4,1,1,1
202300016133,19,11,2023,11:40,1,1,6,75,75119,2,4,-1,1,1
202300016134,10,8,2023,11:26,1,1,2,971,97101,1,2,1,1,1
202300016135,7,7,2023,08:24,1,1,5,83,83001,1,3,2,1,1
202300016136,5,7,2023,18:00,1,1,7,06,06091,1,3,2,2,1
202300016137,1,6,2023,08:55,1,1,6,75,75105,2,4,-1,1,1
202300016137,1,6,2023,08:55,1,1,6,75,75105,2,4,1,2,1
202300016138,9,8,2023,14:30,1,1,3,91,91514,2,3,1,1,1
202300016138,9,8,2023,14:30,1,1,3,91,91514,2,3,1,2,1
202300016139,19,11,2023,09:20,1,1,5,75,75119,2,4,4,1,1
202300016140,1,6,2023,18:20,1,1,2,75,75118,2,4,2,1,1
202300016141,6,7,2023,08:25,1,1,3,13,13086,2,3,2,1,1
202300016141,6,7,2023,08:25,1,1,3,13,13086,2,3,1,1,1
202300016142,6,7,2023,19:03,1,1,6,13,13022,2,4,1,2,1
202300016143,19,11,2023,13:25,1,1,1,75,75112,2,4,1,1,1
202300016143,19,11,2023,13:25,1,1,1,75,75112,2,4,2,1,1
202300016144,9,8,2023,16:55,1,1,5,87,87048,1,4,2,1,1
202300016144,9,8,2023,16:55,1,1,5,87,87048,1,4,2,1,1
202300016145,31,5,2023,23:10,5,1,3,75,75118,2,4,1,1,1
202300016145,31,5,2023,23:10,5,1,3,75,75118,2,4,1,1,1
202300016146,6,7,2023,07:25,1,1,1,89,89337,1,3,2,1,1
202300016147,19,11,2023,06:20,5,2,6,94,94046,2,3,2,1,2
202300016148,9,8,2023,23:23,5,1,7,87,87085,2,4,2,1,1
202300016149,1,6,2023,08:30,1,1,3,75,75116,2,4,-1,1,1
202300016149,1,6,2023,08:30,1,1,3,75,75116,2,4,2,1,1
202300016150,7,7,2023,09:00,1,7,3,54,54343,1,3,2,1,1
202300016150,7,7,2023,09:00,1,7,3,54,54343,1,3,2,1,1
202300016151,19,11,2023,19:15,5,1,3,94,94022,2,3,1,1,1
202300016152,9,8,2023,14:38,1,1,2,87,87085,2,4,2,1,1
202300016152,9,8,2023,14:38,1,1,2,87,87085,2,4,1,1,1
202300016153,7,7,2023,15:30,1,1,7,03,03139,1,3,2,2,9
202300016154,1,6,2023,17:45,1,1,3,75,75115,2,4,1,1,1
202300016154,1,6,2023,17:45,1,1,3,75,75115,2,4,-1,1,1
202300016155,9,8,2023,07:55,1,1,2,86,86158,2,4,-1,1,1
202300016156,7,7,2023,17:00,1,1,1,63,63226,1,3,2,1,1
202300016157,31,5,2023,17:40,1,1,6,75,75114,2,4,1,1,1
202300016157,31,5,2023,17:40,1,1,6,75,75114,2,4,1,1,1
202300016158,10,8,2023,08:30,1,1,3,78,78498,1,3,1,1,1
202300016159,18,11,2023,20:20,5,2,3,94,94079,2,3,2,1,2
202300016159,18,11,2023,20:20,5,2,3,94,94079,2,3,2,1,2
202300016160,7,7,2023,16:20,1,1,7,73,73290,1,3,2,2,1
202300016161,31,5,2023,14:00,1,1,6,75,75114,2,4,2,1,1
202300016161,31,5,2023,14:00,1,1,6,75,75114,2,4,1,1,1
202300016162,6,7,2023,19:25,1,1,7,09,09241,1,3,2,2,1
202300016163,10,8,2023,06:00,3,1,6,76,76486,1,7,2,2,1
202300016164,19,11,2023,17:35,5,1,2,94,94018,2,3,2,1,1
202300016165,1,6,2023,20:25,1,1,6,75,75113,2,4,2,1,1
202300016166,12,6,2023,12:45,1,1,7,17,17119,1,3,2,1,1
202300016166,12,6,2023,12:45,1,1,7,17,17119,1,3,2,1,1
202300016167,19,11,2023,10:00,1,7,6,93,93071,2,4,2,2,2
202300016168,1,6,2023,19:40,1,1,3,75,75112,2,4,2,1,1
202300016169,6,7,2023,19:45,1,1,3,85,85208,1,3,2,2,1
202300016170,1,6,2023,18:30,1,1,2,75,75112,2,4,1,1,1
202300016171,19,11,2023,17:42,5,2,2,93,93066,2,3,3,1,2
202300016172,9,8,2023,17:54,1,1,7,76,76351,2,4,1,1,1
202300016172,9,8,2023,17:54,1,1,7,76,76351,2,4,2,1,1
202300016172,9,8,2023,17:54,1,1,7,76,76351,2,4,1,1,1
202300016172,9,8,2023,17:54,1,1,7,76,76351,2,4,-1,1,1
202300016173,1,6,2023,09:10,1,1,6,75,75110,2,4,1,1,1
202300016173,1,6,2023,09:10,1,1,6,75,75110,2,4,1,1,1
202300016174,1,7,2023,14:45,1,1,5,22,22067,2,3,2,1,1
202300016174,1,7,2023,14:45,1,1,5,22,22067,2,3,2,1,1
202300016175,19,11,2023,05:45,5,1,3,93,93066,2,4,3,1,1
202300016175,19,11,2023,05:45,5,1,3,93,93066,2,4,2,1,1
202300016176,31,5,2023,18:00,1,1,6,75,75109,2,4,1,1,1
202300016176,31,5,2023,18:00,1,1,6,75,75109,2,4,1,1,1
202300016177,7,7,2023,05:15,2,1,1,80,80204,1,1,-1,1,1
202300016178,8,8,2023,12:00,1,1,3,76,76351,2,4,2,1,1
202300016178,8,8,2023,12:00,1,1,3,76,76351,2,4,2,1,1
202300016179,9,8,2023,12:50,1,1,6,72,72181,2,4,-1,1,1
202300016180,19,11,2023,00:40,5,2,2,93,93055,2,3,1,1,2
202300016180,19,11,2023,00:40,5,2,2,93,93055,2,3,2,1,2
202300016181,6,7,2023,18:50,1,1,2,13,13117,1,1,1,1,1
202300016182,31,5,2023,20:40,2,1,3,75,75102,2,4,1,1,1
202300016182,31,5,2023,20:40,2,1,3,75,75102,2,4,1,2,1
202300016183,10,8,2023,20:15,1,1,7,67,67482,2,4,2,1,1
202300016184,5,7,2023,19:40,1,1,2,13,13071,1,1,1,1,1
202300016185,19,11,2023,12:30,1,1,6,93,93032,2,3,1,1,1
202300016185,19,11,2023,12:30,1,1,6,93,93032,2,3,2,1,1
202300016186,31,5,2023,20:05,1,1,3,75,75104,2,4,1,1,1
202300016186,31,5,2023,20:05,1,1,3,75,75104,2,4,1,1,1
202300016187,5,7,2023,18:45,1,1,2,13,13071,1,1,1,2,1
202300016188,10,8,2023,16:00,1,1,5,67,67267,2,7,2,1,1
202300016189,31,5,2023,16:25,1,1,6,75,75101,2,4,-1,1,1
202300016189,31,5,2023,16:25,1,1,6,75,75101,2,4,2,1,1
202300016190,4,7,2023,01:25,3,1,6,67,67482,1,7,3,1,1
202300016191,10,8,2023,16:24,1,1,2,67,67482,1,7,2,1,1
202300016192,1,6,2023,20:13,1,2,6,94,94074,2,4,2,1,2
202300016193,6,7,2023,18:07,1,1,2,33,33063,1,1,3,2,1
202300016194,9,8,2023,17:40,1,1,3,67,67482,2,4,3,1,1
202300016195,1,6,2023,16:45,1,1,-1,94,94058,2,4,1,1,1
202300016196,19,11,2023,20:42,5,9,3,92,92046,2,3,2,1,2
202300016196,19,11,2023,20:42,5,9,3,92,92046,2,3,2,1,2
202300016197,6,7,2023,18:33,1,1,4,94,94034,1,1,3,1,1
202300016198,10,8,2023,11:30,1,1,3,64,64483,2,4,-1,1,1
202300016198,10,8,2023,11:30,1,1,3,64,64483,2,4,2,1,1
202300016199,6,7,2023,18:40,1,1,3,91,91174,1,2,3,1,1
202300016200,31,5,2023,15:50,1,1,3,94,94011,2,3,2,1,1
202300016200,31,5,2023,15:50,1,1,3,94,94011,2,3,2,1,1
202300016201,19,11,2023,15:20,1,1,3,92,92051,2,4,2,1,1
202300016202,10,8,2023,18:55,1,1,1,64,64125,1,4,2,1,1
202300016203,30,5,2023,19:40,1,1,3,94,94079,2,4,1,2,1
202300016204,6,7,2023,13:05,1,1,5,94,94038,1,1,3,1,1
202300016205,19,11,2023,14:30,1,1,3,92,92004,2,3,1,1,1
202300016205,19,11,2023,14:30,1,1,3,92,92004,2,3,2,1,1
202300016206,10,8,2023,14:40,1,1,3,59,59431,1,3,2,1,1
202300016206,10,8,2023,14:40,1,1,3,59,59431,1,3,2,1,1
202300016207,31,5,2023,16:20,1,1,3,94,94017,2,4,1,1,1
202300016208,6,7,2023,10:04,1,1,2,94,94034,1,1,3,1,1
202300016209,19,11,2023,15:35,1,1,7,17,17389,1,3,2,1,1
202300016210,10,8,2023,17:30,1,1,6,54,54575,2,3,2,1,1
202300016211,5,7,2023,20:09,1,1,2,91,91645,1,2,3,1,1
202300016212,1,6,2023,17:40,1,1,3,93,93066,2,4,1,1,1
202300016212,1,6,2023,17:40,1,1,3,93,93066,2,4,2,1,1
202300016213,19,11,2023,15:50,1,1,3,35,35085,2,4,-1,1,1
202300016213,19,11,2023,15:50,1,1,3,35,35085,2,4,2,2,1
202300016214,10,8,2023,16:30,1,1,2,51,51454,2,4,2,1,1
202300016215,1,6,2023,06:45,1,1,3,93,93053,2,3,2,1,1
202300016215,1,6,2023,06:45,1,1,3,93,93053,2,3,1,1,1
202300016216,10,8,2023,10:00,1,1,6,51,51454,2,4,3,1,1