id_accident,jour,mois,annee,heure_minute,luminosite,meteo,type_collision,departement,commune,agglomeration,categorie_route,regime_circulation,profil_route,etat_surface
202300016216,10,8,2023,10:00,1,1,6,51,51454,2,4,1,1,-1
202300016216,10,8,2023,10:00,1,1,6,51,51454,2,4,2,1,1
202300016217,6,7,2023,07:55,1,1,5,92,92072,1,2,-1,3,1
202300016218,1,6,2023,03:50,5,1,6,93,93053,2,3,3,1,1
202300016219,9,8,2023,11:30,1,1,6,42,42071,2,3,2,1,1
202300016220,6,7,2023,10:35,1,1,2,95,95277,1,1,3,1,1
202300016221,10,8,2023,17:40,1,1,3,37,37261,2,4,1,1,1
202300016221,10,8,2023,17:40,1,1,3,37,37261,2,4,1,1,1
202300016222,1,6,2023,18:50,1,1,3,93,93050,2,3,3,1,1
202300016222,1,6,2023,18:50,1,1,3,93,93050,2,3,2,1,1
202300016223,5,7,2023,16:20,1,1,3,93,93008,1,1,3,1,1
202300016224,9,8,2023,13:45,1,1,3,34,34301,2,4,2,2,1
202300016225,15,3,2023,11:00,1,1,3,35,35238,2,4,3,1,1
202300016225,15,3,2023,11:00,1,1,3,35,35238,2,4,3,1,1
202300016226,1,6,2023,16:55,1,1,3,93,93049,2,4,2,1,1
202300016226,1,6,2023,16:55,1,1,3,93,93049,2,4,2,1,1
202300016227,4,7,2023,23:15,3,3,2,93,93007,1,1,3,1,3
202300016228,4,8,2023,16:55,1,1,6,34,34301,2,4,1,2,1
202300016229,15,3,2023,09:45,1,1,3,35,35238,1,2,1,1,1
202300016230,19,11,2023,18:45,3,2,1,03,03286,1,3,2,1,2
202300016231,4,7,2023,09:30,1,1,5,93,93066,1,1,3,1,1
202300016232,31,5,2023,18:50,1,1,5,93,93032,2,3,2,1,1
202300016232,31,5,2023,18:50,1,1,5,93,93032,2,3,2,1,1
202300016233,11,8,2023,01:23,5,1,6,34,34172,2,4,2,1,1
202300016234,15,3,2023,19:05,1,1,6,33,33063,2,4,2,1,1
202300016235,19,11,2023,15:30,1,8,7,56,56122,1,4,2,4,1
202300016236,6,7,2023,17:40,1,1,3,94,94028,1,1,-1,1,1
202300016237,1,6,2023,08:30,1,1,6,93,93008,2,4,1,3,1
202300016238,9,8,2023,16:00,1,1,6,34,34172,2,4,2,1,1
202300016239,19,11,2023,16:50,2,1,6,71,71132,1,2,3,1,1
202300016240,15,3,2023,12:10,1,1,3,33,33063,2,4,1,1,1
202300016240,15,3,2023,12:10,1,1,3,33,33063,2,4,1,1,1
202300016241,6,7,2023,11:15,1,1,3,93,93051,1,1,1,1,1
202300016242,31,5,2023,20:10,1,1,6,93,93007,2,4,2,1,1
202300016243,9,8,2023,13:00,1,1,7,29,29019,2,4,3,1,1
202300016244,19,11,2023,18:55,3,1,6,89,89460,1,3,3,2,1
202300016245,5,7,2023,04:00,3,1,2,94,94069,1,1,1,1,1
202300016246,14,3,2023,15:30,1,1,2,33,33200,2,4,3,1,1
202300016246,14,3,2023,15:30,1,1,2,33,33200,2,4,2,1,1
202300016247,31,5,2023,18:08,1,1,7,92,92064,2,4,1,2,1
202300016248,10,8,2023,14:00,1,1,3,27,27375,2,4,-1,1,1
202300016249,5,7,2023,20:05,1,1,6,95,95063,2,4,2,1,1
202300016250,19,11,2023,22:30,3,2,1,63,63233,2,3,2,2,2
202300016251,14,3,2023,08:50,1,1,6,33,33522,2,4,3,1,2
202300016252,1,6,2023,08:45,1,7,3,92,92051,2,4,2,1,1
202300016253,19,11,2023,10:30,1,1,6,61,61443,1,3,2,2,1
202300016254,9,8,2023,17:45,1,1,2,25,25462,2,4,2,1,1
202300016254,9,8,2023,17:45,1,1,2,25,25462,2,4,1,1,1
202300016255,5,7,2023,13:40,1,1,3,976,97611,2,4,2,2,1
202300016256,15,3,2023,20:15,5,1,2,33,33529,2,3,2,1,1
202300016257,1,6,2023,15:00,1,1,2,92,92050,1,3,2,1,1
202300016258,5,7,2023,22:50,5,1,6,974,97411,2,2,3,1,1
202300016259,20,11,2023,16:30,1,2,1,55,55008,1,3,2,2,2
202300016260,10,8,2023,11:25,1,1,6,25,25056,2,4,3,1,1
202300016260,10,8,2023,11:25,1,1,6,25,25056,2,4,2,1,1
202300016261,3,7,2023,10:00,1,1,6,974,97411,1,2,1,1,1
202300016262,15,3,2023,15:15,1,1,3,33,33529,2,4,2,1,1
202300016262,15,3,2023,15:15,1,1,3,33,33529,2,4,1,1,1
202300016263,1,6,2023,07:30,1,1,2,92,92050,2,4,2,1,1
202300016264,15,11,2023,12:30,1,1,3,12,12171,1,3,2,1,1
202300016265,9,8,2023,11:55,1,1,2,17,17415,1,2,3,1,1
202300016266,14,3,2023,18:10,1,9,6,31,31555,2,4,2,1,2
202300016267,5,7,2023,19:30,3,2,1,973,97302,2,4,2,1,2
202300016268,19,11,2023,21:30,3,1,6,46,46320,2,3,2,1,1
202300016269,31,5,2023,21:05,1,1,3,92,92040,2,3,1,1,1
202300016270,5,7,2023,15:37,1,1,6,973,97302,2,4,2,1,1
202300016271,10,8,2023,03:25,3,1,2,13,13103,1,3,2,1,1
202300016272,19,11,2023,18:30,3,1,1,47,47052,1,3,2,2,1
202300016273,5,7,2023,07:45,1,1,6,973,97302,2,3,2,1,1
202300016274,31,5,2023,20:11,1,1,1,92,92040,2,3,2,1,1
202300016274,31,5,2023,20:11,1,1,1,92,92040,2,3,2,1,1
202300016275,10,8,2023,14:15,1,1,3,13,13214,2,3,2,1,1
202300016275,10,8,2023,14:15,1,1,3,13,13214,2,3,3,1,1
202300016276,5,7,2023,07:00,1,1,2,973,97302,2,3,2,1,1
202300016277,17,11,2023,19:30,5,1,1,34,34284,2,3,2,2,1
202300016278,28,5,2023,18:35,1,1,6,92,92036,2,3,1,1,1
202300016279,13,3,2023,10:15,1,1,2,27,27684,2,4,2,1,1
202300016280,5,7,2023,02:40,3,2,7,973,97309,2,3,2,1,2
202300016281,20,11,2023,08:50,1,1,6,44,44036,1,3,2,1,2
202300016282,9,8,2023,17:00,1,1,3,13,13004,1,3,2,1,1
202300016283,1,6,2023,10:00,1,1,3,92,92026,2,3,2,1,1
202300016284,11,11,2023,21:30,3,3,6,29,29150,1,3,2,1,2
202300016285,5,7,2023,15:30,1,1,3,69,69388,2,4,2,1,1
202300016285,5,7,2023,15:30,1,1,3,69,69388,2,4,2,1,1
202300016286,10,8,2023,09:30,1,1,2,11,11069,2,4,1,2,1
202300016287,31,5,2023,17:30,1,1,6,92,92025,2,4,1,1,1
202300016287,31,5,2023,17:30,1,1,6,92,92025,2,4,1,1,1
202300016288,5,7,2023,04:30,5,1,7,69,69386,2,4,1,1,1
202300016289,20,11,2023,16:35,1,1,6,26,26167,2,4,2,1,1
202300016290,8,8,2023,08:05,1,1,2,75,75119,2,4,3,1,1
202300016291,15,3,2023,07:05,1,1,3,26,26198,2,4,2,1,1
202300016291,15,3,2023,07:05,1,1,3,26,26198,2,4,2,2,1
202300016292,5,7,2023,07:15,1,1,7,972,97209,1,1,-1,2,1
202300016293,1,6,2023,08:06,1,7,6,92,92023,2,3,1,1,1
202300016294,18,11,2023,10:00,1,1,6,06,06112,2,3,2,1,1
202300016295,1,6,2023,16:00,1,1,7,92,92019,2,3,1,1,1
202300016296,10,8,2023,17:10,1,1,2,75,75120,2,4,2,1,1
202300016296,10,8,2023,17:10,1,1,2,75,75120,2,4,2,1,1
202300016297,5,7,2023,08:30,1,1,3,2B,2B353,1,3,2,2,1
202300016298,14,3,2023,10:50,1,1,2,26,26198,2,4,2,1,1
202300016298,14,3,2023,10:50,1,1,2,26,26198,2,4,2,1,1
202300016299,18,11,2023,12:50,1,3,6,14,14614,1,3,2,1,3
202300016300,10,8,2023,16:00,1,1,3,75,75117,2,4,4,1,1
202300016301,1,6,2023,14:40,1,1,2,92,92071,2,3,2,1,1
202300016302,5,7,2023,10:58,1,1,1,971,97101,1,3,-1,1,1
202300016303,15,3,2023,19:15,2,1,7,17,17300,2,4,-1,1,1
202300016304,19,11,2023,14:00,1,1,7,40,40164,1,3,2,1,1
202300016305,5,7,2023,07:53,1,1,6,971,97120,2,3,2,1,1
202300016306,31,5,2023,20:28,1,1,6,92,92036,2,3,-1,1,1
202300016307,15,3,2023,19:05,5,1,6,13,13210,2,4,2,1,1
202300016308,9,8,2023,22:25,5,1,3,75,75117,2,4,3,1,1
202300016308,9,8,2023,22:25,5,1,3,75,75117,2,4,1,1,1
202300016309,17,11,2023,15:00,1,1,7,04,04088,1,4,2,2,1
202300016310,1,6,2023,13:40,1,1,6,39,39461,1,3,2,1,1
202300016311,3,7,2023,03:40,5,1,6,971,97107,2,2,2,1,1
202300016311,3,7,2023,03:40,5,1,6,971,97107,2,2,2,1,1
202300016312,10,8,2023,18:40,1,1,3,75,75115,2,4,-1,1,1
202300016312,10,8,2023,18:40,1,1,3,75,75115,2,4,2,1,1
202300016313,15,3,2023,07:15,1,1,6,13,13207,2,4,1,1,1
202300016313,15,3,2023,07:15,1,1,6,13,13207,2,4,2,1,1
202300016314,17,11,2023,17:55,3,2,2,85,85008,1,3,3,2,2
202300016315,5,7,2023,23:50,5,1,3,95,95268,2,3,3,1,1
202300016316,9,8,2023,16:16,1,1,6,75,75114,2,4,1,1,1
202300016316,9,8,2023,16:16,1,1,6,75,75114,2,4,1,1,1
202300016317,12,3,2023,10:15,1,1,6,12,12202,2,4,2,2,1
202300016317,12,3,2023,10:15,1,1,6,12,12202,2,4,2,2,1
202300016318,4,7,2023,20:10,2,3,6,95,95680,2,3,2,1,2
202300016319,10,8,2023,14:35,1,1,6,75,75108,2,4,2,2,1
202300016319,10,8,2023,14:35,1,1,6,75,75108,2,4,2,1,1
202300016320,19,11,2023,19:15,5,2,6,52,52455,2,3,2,2,2
202300016321,31,5,2023,08:45,1,7,3,51,51141,2,4,2,1,1
202300016321,31,5,2023,08:45,1,7,3,51,51141,2,4,2,1,1
202300016322,14,3,2023,12:05,1,2,7,11,11069,2,4,-1,1,2
202300016323,2,6,2023,00:15,3,1,7,01,01378,1,3,2,1,1
202300016324,19,11,2023,19:20,5,1,6,08,08185,2,3,2,1,1
202300016325,5,7,2023,16:20,1,1,3,95,95427,2,3,-1,1,1
202300016325,5,7,2023,16:20,1,1,3,95,95427,2,3,2,1,1
202300016326,10,8,2023,18:05,1,1,2,75,75104,2,4,1,1,1
202300016326,10,8,2023,18:05,1,1,2,75,75104,2,4,1,1,1
202300016327,25,5,2023,23:40,4,1,1,84,84088,1,3,2,1,1
202300016328,14,3,2023,16:23,1,2,2,10,10333,2,3,2,1,2
202300016329,10,8,2023,16:00,1,1,6,94,94041,2,4,1,1,1
202300016330,1,6,2023,15:30,1,1,7,05,05027,1,3,2,2,1
202300016331,19,11,2023,22:48,3,1,3,49,49228,1,3,2,1,1
202300016331,19,11,2023,22:48,3,1,3,49,49228,1,3,2,1,1
202300016332,1,7,2023,10:20,1,1,3,85,85194,2,4,1,1,1
202300016332,1,7,2023,10:20,1,1,3,85,85194,2,4,2,1,1
202300016333,14,3,2023,13:15,1,3,6,10,10387,2,4,2,1,2
202300016334,10,8,2023,14:15,1,1,1,94,94073,1,6,-1,1,1
202300016335,1,6,2023,10:30,1,1,3,972,97222,2,3,2,1,1
202300016336,20,11,2023,10:50,1,2,6,76,76489,1,2,3,2,2
202300016337,4,7,2023,18:01,1,1,5,78,78643,1,3,1,1,1
202300016338,9,8,2023,21:15,1,1,4,94,94065,2,3,3,1,1
202300016339,14,3,2023,13:29,1,2,3,10,10387,2,4,-1,1,2
202300016339,14,3,2023,13:29,1,2,3,10,10387,2,4,-1,1,2
202300016340,17,11,2023,15:55,1,1,3,34,34113,1,1,3,1,1
202300016341,1,6,2023,17:50,1,1,3,01,01322,1,3,2,3,1
202300016341,1,6,2023,17:50,1,1,3,01,01322,1,3,2,2,1
202300016342,10,8,2023,06:15,2,1,1,94,94022,2,4,2,1,1
202300016343,5,7,2023,12:35,1,1,6,77,77284,2,3,3,1,1
202300016344,15,3,2023,22:59,5,1,3,75,75113,2,4,1,1,1
202300016345,1,6,2023,08:19,1,1,3,01,01143,2,3,2,1,1
202300016346,5,7,2023,10:50,1,1,2,77,77284,2,4,-1,1,1
202300016347,10,8,2023,08:15,1,1,5,93,93066,2,3,3,1,1
202300016348,19,11,2023,17:22,1,1,3,971,97103,2,2,2,1,1
202300016349,4,7,2023,21:40,3,3,7,76,76305,1,3,3,2,3
202300016350,10,8,2023,15:10,1,1,3,93,93055,2,4,2,1,1
202300016351,15,3,2023,11:38,1,1,3,75,75118,2,4,2,2,1
202300016351,15,3,2023,11:38,1,1,3,75,75118,2,4,1,1,1
202300016352,30,5,2023,15:35,1,1,1,67,67485,1,3,2,1,1
202300016352,30,5,2023,15:35,1,1,1,67,67485,1,3,2,1,1
202300016353,20,11,2023,16:30,2,3,1,95,95604,1,3,2,1,2
202300016354,27,6,2023,19:30,1,1,7,68,68224,2,4,2,1,1
202300016355,30,5,2023,17:20,1,1,3,67,67293,1,3,2,1,1
202300016356,10,8,2023,13:15,1,1,2,93,93055,2,3,2,1,1
202300016356,10,8,2023,13:15,1,1,2,93,93055,2,3,2,1,1
202300016357,9,6,2023,20:27,1,1,6,68,68066,2,4,-1,1,1
202300016358,15,3,2023,20:25,3,1,1,75,75106,2,4,1,1,1
202300016358,15,3,2023,20:25,3,1,1,75,75106,2,4,1,1,1
202300016359,8,11,2023,09:50,1,1,2,60,60138,1,1,-1,1,1
202300016360,10,8,2023,00:25,3,1,7,93,93008,2,4,2,1,1
202300016361,2,6,2023,08:05,1,1,3,01,01354,2,4,1,1,1
202300016362,4,7,2023,20:09,1,1,3,67,67482,2,4,3,1,1
202300016363,15,3,2023,12:15,1,1,7,75,75114,2,4,1,1,1
202300016364,10,8,2023,17:15,1,1,6,93,93045,2,3,2,1,1
202300016364,10,8,2023,17:15,1,1,6,93,93045,2,3,2,1,1
202300016365,19,11,2023,10:03,1,1,3,77,77069,1,3,2,1,1
202300016366,2,6,2023,08:17,1,1,3,06,06140,2,3,2,1,1
202300016367,4,7,2023,07:58,1,1,6,67,67462,2,4,2,1,1
202300016368,15,3,2023,09:40,1,1,3,75,75113,2,4,2,2,1
202300016368,15,3,2023,09:40,1,1,3,75,75113,2,4,1,1,1
202300016369,23,5,2023,23:45,3,1,6,59,59307,1,3,2,1,1
202300016370,19,11,2023,08:00,1,1,7,988,98819,1,3,2,1,1
202300016371,5,7,2023,16:25,1,2,6,63,63113,2,4,-1,1,2
202300016371,5,7,2023,16:25,1,2,6,63,63113,2,4,2,1,2
202300016372,9,8,2023,03:10,5,1,6,93,93010,2,3,3,1,1
202300016373,28,5,2023,17:45,1,1,1,85,85017,1,4,2,1,1
202300016374,16,3,2023,16:20,1,1,2,75,75112,2,4,2,2,1
202300016375,18,11,2023,21:20,3,2,7,986,98613,2,9,2,1,1
202300016376,10,8,2023,19:10,1,1,3,93,93001,2,4,2,1,1
202300016377,1,6,2023,07:34,1,1,6,34,34036,1,1,3,1,1
202300016378,5,7,2023,13:30,1,1,2,63,63113,2,4,1,1,1
202300016378,5,7,2023,13:30,1,1,2,63,63113,2,4,1,1,1
202300016379,19,11,2023,10:18,1,1,2,83,83035,1,3,2,1,1
202300016380,16,3,2023,06:31,2,1,3,75,75110,2,4,1,1,1
202300016380,16,3,2023,06:31,2,1,3,75,75110,2,4,1,1,1
202300016381,10,8,2023,21:00,1,1,3,92,92049,2,3,4,1,1
202300016381,10,8,2023,21:00,1,1,3,92,92049,2,3,4,1,1
202300016382,5,7,2023,16:00,1,1,3,59,59512,2,4,3,1,1
202300016383,1,6,2023,16:50,1,1,3,57,57334,2,3,2,2,1
202300016384,10,8,2023,17:30,1,1,1,92,92022,2,3,2,1,1
202300016385,16,3,2023,06:20,2,1,6,75,75110,2,4,1,1,1
202300016385,16,3,2023,06:20,2,1,6,75,75110,2,4,2,1,1
202300016386,5,7,2023,00:28,5,1,3,56,56121,2,4,2,1,1
202300016387,2,6,2023,13:35,1,1,1,51,51350,1,3,2,1,1
202300016388,4,7,2023,21:31,1,2,6,49,49007,1,3,3,1,2
202300016389,10,8,2023,10:00,1,1,2,92,92072,2,3,2,1,1
202300016390,16,3,2023,09:30,1,1,3,75,75108,2,4,2,1,1
202300016390,16,3,2023,09:30,1,1,3,75,75108,2,4,2,2,1
202300016391,1,5,2023,15:00,1,1,3,56,56116,1,3,2,1,1
202300016391,1,5,2023,15:00,1,1,3,56,56116,1,3,2,1,1
202300016392,20,11,2023,06:30,5,8,1,73,73181,1,2,2,2,2
202300016393,10,8,2023,22:00,3,1,1,50,50066,1,3,2,2,1
202300016394,16,3,2023,12:00,1,1,6,75,75107,2,4,2,1,1
202300016395,1,6,2023,18:15,1,1,3,76,76540,2,7,1,1,1
202300016396,5,7,2023,13:50,1,1,4,45,45302,2,3,2,1,1
202300016397,11,8,2023,10:30,1,1,6,95,95313,2,3,1,1,1
202300016398,19,11,2023,20:24,3,2,7,73,73227,1,3,2,2,2
202300016399,2,6,2023,15:00,1,1,7,79,79196,1,4,2,1,1
202300016400,16,3,2023,10:00,1,1,3,94,94078,2,3,3,1,1
202300016401,11,8,2023,15:30,1,2,7,95,95487,2,3,3,1,2
202300016402,4,7,2023,14:30,1,1,6,44,44162,2,4,1,1,1
202300016403,2,6,2023,08:45,1,1,6,2A,2A092,2,2,3,1,1
202300016404,15,3,2023,18:34,1,1,6,94,94068,2,4,3,1,1
202300016405,18,11,2023,00:10,4,2,1,01,01297,2,3,2,2,2
202300016406,6,8,2023,07:05,2,1,3,40,40304,2,4,-1,1,1
202300016406,6,8,2023,07:05,2,1,3,40,40304,2,4,1,2,1
202300016407,2,6,2023,11:00,1,1,7,65,65095,1,3,2,2,1
202300016408,16,3,2023,06:00,5,1,2,94,94068,2,4,2,1,1
202300016408,16,3,2023,06:00,5,1,2,94,94068,2,4,2,1,1
202300016409,19,11,2023,17:15,4,1,2,79,79088,1,2,-1,1,1
202300016410,10,8,2023,15:20,1,1,1,23,23068,1,3,2,1,1
202300016411,1,6,2023,21:15,2,1,1,81,81288,1,3,2,1,1
202300016412,10,8,2023,22:45,3,9,7,35,35193,1,4,2,2,1
202300016413,15,3,2023,17:09,1,1,3,94,94068,2,4,2,1,1
202300016414,20,11,2023,07:33,2,1,1,17,17121,1,3,2,1,1
202300016415,10,8,2023,10:45,1,1,7,57,57179,1,3,2,1,1
202300016416,2,6,2023,09:00,1,1,5,11,11293,1,3,3,1,1
202300016417,5,7,2023,20:05,1,1,1,41,41018,2,4,2,1,1
202300016417,5,7,2023,20:05,1,1,1,41,41018,2,4,2,1,1
202300016418,20,11,2023,09:10,1,1,2,49,49023,2,4,2,2,1
202300016419,10,8,2023,14:35,1,1,7,51,51245,1,3,2,2,9
202300016420,16,3,2023,08:45,1,1,3,94,94046,2,3,2,1,1
202300016421,2,6,2023,08:40,1,1,2,71,71187,1,2,2,1,1
202300016422,9,8,2023,18:00,1,7,6,56,56066,2,4,2,1,1
202300016422,9,8,2023,18:00,1,7,6,56,56066,2,4,2,2,1
202300016423,4,7,2023,18:30,1,8,3,41,41018,2,4,2,1,2
202300016423,4,7,2023,18:30,1,8,3,41,41018,2,4,2,1,2
202300016424,10,8,2023,17:16,1,1,1,56,56165,1,3,2,1,1
202300016425,16,3,2023,19:45,5,1,3,94,94003,2,3,1,2,1
202300016425,16,3,2023,19:45,5,1,3,94,94003,2,3,2,2,1
202300016426,5,7,2023,09:20,1,1,6,35,35238,2,4,2,1,1
202300016427,2,6,2023,16:00,1,7,3,61,61116,1,3,2,1,1
202300016428,18,11,2023,18:13,3,1,2,13,13005,1,1,1,2,1
202300016429,4,7,2023,14:30,1,1,6,34,34003,1,3,-1,1,1
202300016430,16,3,2023,11:45,1,1,6,94,94073,2,3,2,1,1
202300016430,16,3,2023,11:45,1,1,6,94,94073,2,3,1,1,1
202300016431,29,5,2023,12:20,1,1,7,61,61230,1,3,2,1,9
202300016432,19,11,2023,09:40,1,1,7,13,13106,1,1,-1,1,1
202300016433,1,6,2023,12:40,1,1,7,34,34142,1,3,2,2,1
202300016434,5,7,2023,20:00,1,1,3,33,33063,2,4,1,1,1
202300016434,5,7,2023,20:00,1,1,3,33,33063,2,4,1,1,1
202300016435,9,3,2023,22:30,5,2,6,94,94028,2,4,2,1,2
202300016436,11,8,2023,10:50,1,1,6,65,65388,2,3,1,1,1
202300016436,11,8,2023,10:50,1,1,6,65,65388,2,3,2,1,1
202300016437,1,6,2023,09:50,1,1,3,34,34317,1,3,2,2,1
202300016438,15,3,2023,12:50,1,1,6,94,94028,2,4,2,1,1
202300016439,5,7,2023,02:40,3,1,1,33,33063,2,4,3,1,9
202300016440,17,11,2023,17:02,2,1,2,13,13071,1,1,-1,1,2
202300016441,31,5,2023,14:45,1,1,6,68,68338,1,3,2,1,1
202300016442,5,8,2023,18:55,1,1,1,65,65050,2,3,2,2,1
202300016443,4,7,2023,20:02,1,1,6,33,33119,2,4,-1,1,1
202300016444,17,11,2023,02:11,3,1,7,13,13211,1,1,1,1,1
202300016445,16,3,2023,09:00,1,1,3,94,94017,2,3,1,1,1
202300016445,16,3,2023,09:00,1,1,3,94,94017,2,3,3,1,1
202300016446,9,8,2023,13:15,1,1,2,65,65460,1,3,2,1,1
202300016447,26,5,2023,13:46,1,7,2,68,68237,1,3,2,2,1
202300016448,16,3,2023,11:00,1,1,1,95,95527,2,4,2,1,1
202300016449,10,8,2023,22:20,4,1,1,11,11262,1,3,2,1,1
202300016450,18,11,2023,08:30,1,1,2,69,69385,1,7,3,1,1
202300016451,25,5,2023,16:41,1,1,7,39,39436,1,3,2,2,1
202300016452,11,8,2023,17:10,1,1,7,55,55286,1,3,2,1,1
202300016453,16,3,2023,09:25,1,1,6,93,93064,2,4,1,2,1
202300016454,2,6,2023,11:20,1,1,6,25,25228,2,3,2,1,1
202300016455,8,10,2023,01:25,3,1,3,69,69297,1,1,3,1,1
202300016456,11,8,2023,17:00,1,1,3,55,55348,2,3,3,2,1
202300016457,19,11,2023,10:32,1,1,6,91,91103,1,2,1,1,2
202300016458,1,6,2023,04:50,2,5,1,25,25488,1,2,2,1,1
202300016459,16,3,2023,11:00,1,1,2,93,93053,2,3,1,1,1
202300016459,16,3,2023,11:00,1,1,2,93,93053,2,3,2,1,1
202300016460,10,8,2023,18:25,1,1,6,12,12185,1,3,2,1,1
202300016461,18,11,2023,21:50,3,1,2,91,91617,1,2,2,1,2
202300016462,10,8,2023,17:20,1,1,7,47,47049,1,3,2,1,1
202300016463,1,6,2023,18:07,1,1,1,44,44100,2,3,2,1,1
202300016464,16,3,2023,07:55,1,1,6,93,93051,2,4,2,1,1
202300016464,16,3,2023,07:55,1,1,6,93,93051,2,4,2,1,1
202300016465,11,8,2023,16:40,1,1,1,39,39170,1,3,2,1,1
202300016466,30,5,2023,14:10,1,1,1,44,44106,2,4,2,1,1
202300016467,16,3,2023,19:50,5,1,6,93,93050,2,4,2,1,1
202300016467,16,3,2023,19:50,5,1,6,93,93050,2,4,2,1,1
202300016468,19,11,2023,18:05,2,1,2,78,78238,1,1,-1,1,1
202300016469,6,8,2023,12:35,1,1,6,44,44182,2,4,3,1,1
202300016470,1,6,2023,18:15,1,1,6,35,35142,2,3,2,1,1
202300016471,2,6,2023,12:00,1,1,6,29,29113,2,4,2,1,1
202300016472,11,8,2023,08:28,1,5,1,29,29076,1,3,2,1,2
202300016473,16,3,2023,15:25,1,1,2,93,93029,2,4,1,1,1
202300016474,19,11,2023,14:10,1,1,2,92,92064,1,1,1,1,1
202300016475,15,3,2023,23:50,5,1,6,92,92046,2,3,2,1,1
202300016476,2,6,2023,13:43,1,1,1,38,38150,1,7,2,2,1
202300016477,10,8,2023,23:56,5,1,1,31,31334,1,3,2,1,1
202300016478,19,11,2023,06:32,3,1,2,92,92064,1,1,-1,1,1
202300016479,21,5,2023,12:57,1,1,6,03,03312,1,3,2,1,1
202300016480,10,8,2023,18:55,1,1,7,02,02319,1,3,3,1,1
202300016481,16,3,2023,21:45,5,1,6,92,92020,2,3,-1,1,1
202300016481,16,3,2023,21:45,5,1,6,92,92020,2,3,2,1,1
202300016482,19,11,2023,04:50,3,1,6,92,92036,1,2,1,2,2
202300016483,2,6,2023,08:15,1,1,2,26,26198,1,3,2,1,1
202300016484,18,11,2023,23:50,5,1,6,92,92072,1,2,-1,1,2
202300016485,19,11,2023,12:00,1,1,6,93,93064,1,1,3,1,1
202300016486,16,3,2023,13:55,1,1,3,92,92020,2,3,2,2,1
202300016486,16,3,2023,13:55,1,1,3,92,92020,2,3,2,1,1
202300016487,1,6,2023,12:30,1,1,6,26,26108,2,4,1,1,1
202300016488,19,11,2023,10:00,1,1,6,95,95572,1,2,1,2,2
202300016489,10,8,2023,16:50,1,1,6,15,15119,1,3,2,3,1
202300016490,2,6,2023,14:10,1,1,1,26,26144,1,3,2,2,1
202300016491,16,3,2023,09:05,1,1,7,92,92020,2,3,2,1,1
202300016491,16,3,2023,09:05,1,1,7,92,92020,2,3,2,2,1
202300016492,19,11,2023,09:00,1,1,6,95,95212,1,2,1,1,2
202300016493,11,8,2023,06:50,2,1,6,26,26093,1,3,3,1,1
202300016494,19,11,2023,09:45,1,1,6,95,95527,1,1,3,1,2
202300016495,2,6,2023,10:00,1,1,3,60,60167,2,2,2,1,1
202300016495,2,6,2023,10:00,1,1,3,60,60167,2,2,2,1,1
202300016496,19,11,2023,05:25,3,2,2,93,93027,1,1,3,1,2
202300016497,11,8,2023,01:00,3,1,1,58,58003,2,3,2,1,1
202300016498,2,6,2023,16:20,1,1,4,60,60577,1,3,2,1,1
202300016498,2,6,2023,16:20,1,1,4,60,60577,1,3,2,1,1
202300016499,19,11,2023,02:30,3,8,6,93,93053,1,1,1,2,2
202300016500,11,8,2023,13:20,1,1,6,06,06072,1,7,3,1,1
202300016501,15,3,2023,10:20,1,1,3,92,92036,2,3,2,1,1
202300016501,15,3,2023,10:20,1,1,3,92,92036,2,3,2,1,1
202300016502,19,11,2023,03:20,3,8,6,93,93066,1,1,3,1,2
202300016503,30,5,2023,19:00,1,1,1,45,45166,1,3,2,1,1
202300016504,10,8,2023,23:15,3,1,2,14,14287,1,3,2,1,1
202300016505,16,3,2023,17:50,1,1,6,92,92026,2,4,-1,2,1
202300016505,16,3,2023,17:50,1,1,6,92,92026,2,4,-1,2,1
202300016506,19,11,2023,02:20,3,1,6,95,95252,1,1,3,1,2
202300016507,1,6,2023,23:20,3,1,6,18,18067,1,3,2,1,1
202300016508,10,8,2023,18:30,1,1,7,64,64154,1,3,2,2,1
202300016509,1,6,2023,15:00,1,1,7,18,18197,2,4,2,2,1
202300016510,11,8,2023,18:50,1,1,7,36,36141,1,3,2,2,1
202300016511,16,3,2023,17:40,1,1,3,92,92007,2,3,3,1,1
202300016511,16,3,2023,17:40,1,1,3,92,92007,2,3,1,2,1
202300016512,18,11,2023,22:50,3,8,4,93,93078,1,1,3,1,2
202300016513,1,6,2023,19:30,1,1,3,27,27295,1,4,2,1,1
202300016513,1,6,2023,19:30,1,1,3,27,27295,1,4,2,1,1
202300016514,10,8,2023,16:39,1,1,6,16,16066,2,3,2,1,1
202300016515,16,3,2023,11:49,1,1,6,92,92007,2,4,2,4,1
202300016516,19,11,2023,19:30,3,1,2,77,77294,1,1,-1,1,1
202300016517,19,11,2023,15:55,1,1,6,77,77384,1,1,-1,1,1
202300016518,1,6,2023,08:15,1,1,4,17,17008,1,3,2,1,1
202300016519,10,8,2023,11:00,1,1,6,07,07261,1,3,2,1,1
202300016520,8,3,2023,10:25,1,1,1,84,84142,2,4,2,1,1
202300016520,8,3,2023,10:25,1,1,1,84,84142,2,4,2,3,1
202300016521,19,11,2023,15:50,1,1,7,77,77237,1,1,3,1,1
202300016522,1,6,2023,10:28,1,1,6,30,30305,2,4,1,1,1
202300016523,19,11,2023,06:00,3,8,6,94,94044,1,2,3,1,2