id_accident,jour,mois,annee,heure_minute,luminosite,meteo,type_collision,departement,commune,agglomeration,categorie_route,regime_circulation,profil_route,etat_surface
202300016524,4,8,2023,08:50,1,1,2,04,04230,1,3,2,2,1
202300016524,4,8,2023,08:50,1,1,2,04,04230,1,3,2,1,1
202300016525,16,3,2023,17:44,1,1,3,18,18257,1,3,2,1,1
202300016526,2,6,2023,17:17,1,1,1,52,52027,1,3,2,1,1
202300016527,19,11,2023,00:35,3,1,3,93,93051,1,1,1,2,2
202300016528,31,7,2023,09:00,1,1,3,85,85234,1,3,2,1,1
202300016528,31,7,2023,09:00,1,1,3,85,85234,1,3,2,1,1
202300016529,2,6,2023,09:30,1,1,7,08,08352,2,4,2,1,1
202300016530,18,11,2023,23:15,3,2,6,94,94033,1,1,3,1,2
202300016531,1,6,2023,14:45,1,1,7,49,49209,1,3,2,1,1
202300016532,18,9,2023,17:05,1,1,6,74,74012,2,4,2,1,2
202300016533,17,3,2023,16:30,1,1,1,59,59260,1,3,2,1,1
202300016534,31,5,2023,15:30,1,1,5,33,33284,1,1,3,1,1
202300016535,26,7,2023,17:30,1,1,6,62,62108,2,3,2,1,1
202300016536,16,11,2023,13:18,1,3,6,92,92025,2,3,2,1,2
202300016537,17,3,2023,07:45,1,1,3,83,83019,1,3,1,1,1
202300016537,17,3,2023,07:45,1,1,3,83,83019,1,3,2,1,1
202300016538,2,6,2023,03:45,3,1,5,11,11145,1,1,3,1,1
202300016539,16,3,2023,17:50,1,1,3,30,30117,1,3,1,1,1
202300016540,18,7,2023,20:00,1,1,1,13,13005,1,3,2,1,1
202300016541,1,6,2023,15:40,1,1,6,77,77078,1,3,2,1,9
202300016542,13,11,2023,01:30,5,8,6,62,62099,2,4,2,1,2
202300016543,17,3,2023,08:00,1,1,7,89,89086,1,3,2,1,1
202300016544,2,6,2023,15:50,1,1,2,2A,2A215,2,2,2,1,1
202300016545,18,11,2023,13:10,1,1,3,974,97416,1,2,1,1,1
202300016546,12,3,2023,09:03,1,1,1,89,89025,2,4,2,1,1
202300016547,1,6,2023,16:00,1,1,6,83,83108,1,3,2,1,1
202300016548,17,3,2023,10:30,1,1,6,61,61214,2,4,1,1,1
202300016549,1,6,2023,14:20,1,1,7,06,06017,1,3,2,1,1
202300016550,18,11,2023,06:30,1,1,1,972,97213,1,2,2,1,1
202300016551,29,5,2023,13:30,1,1,2,05,05052,2,2,2,1,1
202300016552,16,3,2023,09:30,1,1,3,61,61210,1,3,2,1,1
202300016552,16,3,2023,09:30,1,1,3,61,61210,1,3,2,1,1
202300016553,2,6,2023,10:35,1,1,1,05,05038,1,3,2,2,1
202300016554,16,3,2023,13:40,1,1,7,34,34237,1,4,-1,1,1
202300016555,1,6,2023,13:20,1,1,7,13,13074,2,3,1,1,8
202300016556,18,11,2023,14:00,1,1,1,972,97209,1,2,2,2,1
202300016557,16,3,2023,13:50,1,1,3,68,68004,2,4,2,2,1
202300016558,18,11,2023,17:18,2,1,6,69,69382,2,4,2,1,1
202300016559,1,6,2023,15:17,1,1,6,71,71082,2,3,3,1,1
202300016560,18,11,2023,09:30,1,1,6,69,69149,2,4,1,2,1
202300016561,16,3,2023,16:40,1,1,3,25,25411,2,3,2,1,1
202300016562,18,11,2023,17:40,3,1,7,2B,2B120,1,3,2,2,1
202300016563,2,6,2023,16:50,1,1,3,71,71235,2,4,2,2,1
202300016563,2,6,2023,16:50,1,1,3,71,71235,2,4,-1,2,1
202300016564,18,11,2023,10:50,1,2,6,91,91345,2,4,1,1,2
202300016565,16,11,2023,18:05,5,1,6,85,85194,2,4,2,1,1
202300016566,1,6,2023,01:00,3,1,2,67,67551,1,7,3,4,1
202300016567,17,11,2023,18:15,5,1,6,83,83137,2,4,1,1,1
202300016568,16,3,2023,19:15,1,1,1,29,29061,2,4,2,4,8
202300016569,2,6,2023,14:55,1,1,1,03,03070,1,3,2,1,1
202300016570,18,11,2023,19:00,4,2,6,78,78133,2,3,1,1,2
202300016571,26,5,2023,19:13,1,1,7,69,69116,2,7,2,2,1
202300016572,17,11,2023,18:35,5,2,6,77,77379,2,3,2,1,1
202300016573,16,3,2023,19:30,3,1,6,38,38082,2,3,2,1,1
202300016574,17,5,2023,14:00,1,1,6,09,09160,2,3,-1,1,1
202300016575,18,11,2023,20:40,5,2,7,77,77390,2,3,2,1,2
202300016575,18,11,2023,20:40,5,2,7,77,77390,2,3,2,1,2
202300016576,1,6,2023,23:10,3,2,7,17,17064,2,3,2,1,2
202300016577,11,3,2023,10:30,1,1,6,02,02706,1,3,2,1,1
202300016578,1,6,2023,07:30,1,1,3,33,33165,2,4,2,2,1
202300016579,18,11,2023,19:15,3,3,3,77,77307,1,3,2,1,2
202300016580,17,3,2023,02:25,3,1,6,66,66082,1,3,2,1,2
202300016581,2,6,2023,18:15,1,1,1,50,50041,1,3,2,2,1
202300016582,17,3,2023,07:10,1,1,6,06,06032,2,7,2,2,1
202300016583,18,11,2023,21:20,5,1,3,69,69266,2,4,2,1,1
202300016583,18,11,2023,21:20,5,1,3,69,69266,2,4,1,1,1
202300016584,1,6,2023,20:25,1,1,1,22,22327,1,3,2,1,1
202300016585,16,3,2023,18:15,2,1,2,60,60021,1,3,2,1,1
202300016586,18,11,2023,09:40,1,1,1,69,69256,2,4,2,1,1
202300016587,16,3,2023,14:45,1,1,2,73,73300,1,3,3,1,1
202300016588,18,11,2023,12:30,1,1,3,69,69290,2,4,2,1,1
202300016588,18,11,2023,12:30,1,1,3,69,69290,2,4,2,1,1
202300016589,9,3,2023,16:20,1,1,6,24,24117,2,3,2,1,1
202300016590,2,6,2023,13:45,1,1,5,80,80278,1,3,2,1,1
202300016590,2,6,2023,13:45,1,1,5,80,80278,1,3,2,-1,-1
202300016591,17,11,2023,11:55,1,1,6,60,60057,2,9,1,1,1
202300016592,16,3,2023,19:42,3,1,7,23,23013,1,3,2,1,1
202300016593,15,3,2023,17:00,1,7,6,87,87071,2,3,2,1,1
202300016594,17,11,2023,11:20,1,1,3,59,59360,2,4,2,1,1
202300016595,16,3,2023,13:20,1,1,6,46,46083,1,6,-1,1,1
202300016596,1,6,2023,12:13,1,1,3,62,62014,2,3,2,1,1
202300016596,1,6,2023,12:13,1,1,3,62,62014,2,3,2,1,1
202300016597,16,3,2023,17:00,1,1,1,38,38530,2,3,2,2,1
202300016598,18,11,2023,14:35,1,3,4,56,56036,1,2,3,1,2
202300016599,16,3,2023,21:30,3,1,7,68,68300,1,1,3,1,1
202300016600,26,5,2023,09:30,1,1,5,59,59350,1,1,1,2,1
202300016601,18,11,2023,22:00,5,3,6,54,54395,2,4,1,1,2
202300016602,16,3,2023,12:30,1,1,6,31,31259,1,3,2,1,1
202300016603,23,12,2023,18:00,3,3,2,29,29232,1,2,3,1,2
202300016604,1,6,2023,08:05,1,1,2,91,91687,1,1,1,1,1
202300016605,17,3,2023,12:40,1,1,2,89,89415,1,1,3,1,1
202300016606,18,11,2023,19:00,5,3,3,54,54328,2,4,2,1,2
202300016607,1,6,2023,07:45,1,1,2,94,94038,1,1,1,1,1
202300016608,23,12,2023,21:10,3,2,2,18,18279,1,3,2,1,2
202300016609,16,3,2023,16:05,1,1,1,13,13065,1,3,2,2,1
202300016610,1,6,2023,15:50,1,1,4,92,92072,1,2,3,2,1
202300016611,17,11,2023,17:10,1,1,6,54,54547,1,3,2,1,1
202300016612,1,6,2023,12:08,1,1,3,78,78571,1,1,-1,1,1
202300016613,13,2,2023,16:00,1,1,2,45,45146,1,1,3,1,1
202300016614,24,12,2023,17:40,5,1,6,14,14118,2,4,2,1,1
202300016615,16,3,2023,17:00,1,1,2,974,97415,2,2,2,2,1
202300016616,1,6,2023,07:35,1,1,3,92,92025,1,1,-1,1,1
202300016617,17,3,2023,09:00,1,1,6,77,77382,2,4,2,1,1
202300016618,31,5,2023,20:15,1,1,5,95,95582,1,1,3,1,1
202300016619,17,11,2023,16:40,1,1,1,54,54357,2,4,2,1,1
202300016620,17,3,2023,12:40,1,1,3,2A,2A215,1,4,2,2,1
202300016621,31,5,2023,22:40,3,1,6,93,93007,1,1,3,1,1
202300016622,14,3,2023,04:45,3,1,6,66,66165,1,2,2,4,1
202300016623,24,12,2023,16:30,1,1,1,13,13201,2,4,2,1,1
202300016623,24,12,2023,16:30,1,1,1,13,13201,2,4,2,1,1
202300016624,30,5,2023,12:30,1,1,2,93,93007,1,1,3,1,1
202300016625,17,3,2023,08:15,1,1,6,66,66044,1,3,2,1,1
202300016626,18,11,2023,12:15,1,2,1,54,54116,1,3,2,1,2
202300016627,30,5,2023,08:00,1,1,5,93,93027,1,1,3,1,1
202300016628,16,3,2023,19:30,5,1,1,83,83115,2,3,2,1,1
202300016628,16,3,2023,19:30,5,1,1,83,83115,2,3,2,1,1
202300016629,1,6,2023,18:50,1,1,3,94,94017,1,1,1,1,1
202300016630,24,12,2023,13:50,1,1,3,13,13202,2,4,-1,1,1
202300016630,24,12,2023,13:50,1,1,3,13,13202,2,4,1,1,1
202300016631,18,11,2023,14:00,1,2,3,54,54580,2,4,2,1,2
202300016631,18,11,2023,14:00,1,2,3,54,54580,2,4,2,1,2
202300016632,17,3,2023,07:50,1,7,2,83,83107,1,3,2,2,1
202300016633,17,11,2023,16:20,1,1,2,49,49328,1,3,2,1,1
202300016634,1,6,2023,17:05,1,1,4,77,77175,1,2,-1,1,1
202300016635,17,3,2023,07:50,1,1,1,38,38158,2,7,2,2,1
202300016636,24,12,2023,12:10,1,1,1,13,13201,2,4,2,1,1
202300016637,18,11,2023,12:15,1,1,6,49,49099,2,4,3,1,1
202300016638,1,6,2023,16:40,1,1,2,94,94022,1,1,3,1,1
202300016639,16,3,2023,11:00,1,1,3,01,01276,1,3,1,1,1
202300016640,31,5,2023,16:30,1,1,2,75,75112,1,1,3,1,1
202300016641,24,12,2023,03:07,5,1,1,13,13206,2,4,1,1,1
202300016641,24,12,2023,03:07,5,1,1,13,13206,2,4,1,1,1
202300016641,24,12,2023,03:07,5,1,1,13,13206,2,4,1,1,1
202300016642,18,11,2023,12:40,1,1,1,49,49015,2,4,3,1,2
202300016642,18,11,2023,12:40,1,1,1,49,49015,2,4,1,1,2
202300016642,18,11,2023,12:40,1,1,1,49,49015,2,4,1,1,2
202300016643,16,3,2023,13:15,1,1,4,01,01213,1,3,2,1,1
202300016644,18,11,2023,14:15,1,1,7,43,43041,2,9,-1,2,1
202300016645,31,5,2023,11:10,1,1,3,77,77373,1,2,-1,1,1
202300016646,24,12,2023,13:20,1,1,6,06,06029,2,4,1,1,1
202300016647,18,11,2023,22:20,3,1,6,35,35051,1,3,3,4,2
202300016648,16,3,2023,09:30,1,1,3,69,69273,1,4,2,1,1
202300016649,25,12,2023,00:30,3,1,6,06,06123,2,4,2,1,1
202300016650,31,5,2023,17:15,1,1,6,974,97416,1,4,2,1,1
202300016651,18,11,2023,18:10,2,1,6,33,33192,2,4,2,1,1
202300016652,16,3,2023,13:20,1,1,1,33,33233,1,3,2,1,1
202300016653,31,5,2023,12:50,1,1,3,974,97416,2,4,2,1,1
202300016653,31,5,2023,12:50,1,1,3,974,97416,2,4,1,1,1
202300016654,24,12,2023,10:40,1,1,3,75,75114,2,4,1,1,1
202300016655,18,11,2023,07:18,5,1,6,33,33063,2,4,2,1,1
202300016656,13,3,2023,08:15,1,2,1,44,44026,1,4,2,2,2
202300016657,18,11,2023,22:30,5,1,7,31,31555,2,4,2,1,1
202300016658,31,5,2023,21:00,5,2,3,973,97302,2,3,2,1,2
202300016659,16,9,2023,03:15,5,2,3,988,98818,2,4,1,1,2
202300016659,16,9,2023,03:15,5,2,3,988,98818,2,4,1,1,2
202300016660,23,12,2023,18:30,5,1,3,75,75117,2,4,1,1,1
202300016661,17,3,2023,15:00,1,1,3,59,59523,1,4,1,1,1
202300016662,15,9,2023,19:10,3,1,3,974,97411,2,4,2,4,1
202300016663,30,5,2023,20:30,3,1,1,973,97302,2,4,2,1,1
202300016664,17,11,2023,22:59,5,2,6,29,29019,2,4,2,1,2
202300016665,24,12,2023,15:13,1,1,3,75,75119,2,4,2,4,1
202300016666,12,3,2023,04:30,5,1,6,59,59212,2,3,2,1,1
202300016667,15,9,2023,18:45,2,1,3,974,97411,2,4,1,2,1
202300016667,15,9,2023,18:45,2,1,3,974,97411,2,4,2,1,1
202300016668,30,5,2023,21:10,4,1,3,69,69387,2,4,2,1,1
202300016668,30,5,2023,21:10,4,1,3,69,69387,2,4,2,1,1
202300016669,18,11,2023,03:55,5,2,6,25,25056,2,4,2,2,2
202300016670,24,12,2023,11:30,1,1,3,75,75118,2,4,1,1,1
202300016670,24,12,2023,11:30,1,1,3,75,75118,2,4,1,1,1
202300016671,17,3,2023,07:30,1,1,3,59,59416,2,3,2,1,1
202300016671,17,3,2023,07:30,1,1,3,59,59416,2,3,2,1,1
202300016672,15,9,2023,14:40,1,1,6,974,97411,2,4,3,2,1
202300016672,15,9,2023,14:40,1,1,6,974,97411,2,4,3,2,1
202300016673,31,5,2023,10:00,1,1,5,972,97209,1,1,1,2,1
202300016674,22,12,2023,14:30,1,2,7,75,75108,2,4,1,1,2
202300016675,14,3,2023,05:00,3,1,2,13,13214,1,1,-1,1,1
202300016676,18,11,2023,18:30,4,2,6,22,22215,2,4,2,1,2
202300016676,18,11,2023,18:30,4,2,6,22,22215,2,4,2,1,2
202300016676,18,11,2023,18:30,4,2,6,22,22215,2,4,2,1,2
202300016677,31,5,2023,21:55,5,2,6,69,69382,2,4,1,1,2
202300016678,15,9,2023,22:00,1,1,3,973,97309,2,4,2,1,1
202300016679,24,12,2023,09:30,1,1,6,75,75107,2,4,1,1,1
202300016679,24,12,2023,09:30,1,1,6,75,75107,2,4,2,1,1
202300016680,15,3,2023,15:00,1,1,2,83,83144,1,1,1,1,1
202300016681,24,12,2023,05:40,5,1,6,94,94078,2,2,2,1,1
202300016682,17,11,2023,17:00,1,1,4,16,16102,2,3,2,1,1
202300016683,15,9,2023,19:40,1,7,3,973,97309,2,4,2,4,1
202300016683,15,9,2023,19:40,1,7,3,973,97309,2,4,2,1,1
202300016684,30,5,2023,17:45,1,1,5,69,69152,2,4,2,2,1
202300016685,15,3,2023,23:05,5,1,2,69,69276,1,7,3,1,1
202300016686,31,5,2023,08:23,1,1,3,2B,2B033,1,2,3,1,1
202300016687,18,11,2023,14:00,1,3,6,14,14333,2,4,1,1,2
202300016688,23,12,2023,21:20,5,1,1,93,93046,2,4,2,1,1
202300016688,23,12,2023,21:20,5,1,1,93,93046,2,4,2,1,1
202300016688,23,12,2023,21:20,5,1,1,93,93046,2,4,2,1,1
202300016689,15,9,2023,19:30,2,1,3,69,69383,2,4,1,1,1
202300016689,15,9,2023,19:30,2,1,3,69,69383,2,4,1,1,1
202300016690,16,3,2023,09:10,1,1,4,91,91363,1,2,1,1,1
202300016691,31,5,2023,06:35,1,1,7,971,97105,2,4,4,1,1
202300016691,31,5,2023,06:35,1,1,7,971,97105,2,4,4,2,1
202300016692,15,9,2023,16:37,1,1,6,69,69388,2,4,1,1,1
202300016693,18,11,2023,19:20,5,1,1,13,13215,2,4,2,2,1
202300016694,24,12,2023,09:15,1,1,3,93,93005,2,3,2,1,1
202300016694,24,12,2023,09:15,1,1,3,93,93005,2,3,2,1,1
202300016695,31,5,2023,14:02,1,2,3,2A,2A004,2,4,3,1,2
202300016696,16,3,2023,08:00,1,1,4,91,91471,1,2,1,2,1
202300016697,15,9,2023,08:25,1,1,3,69,69387,2,4,2,1,1
202300016697,15,9,2023,08:25,1,1,3,69,69387,2,4,2,1,1
202300016698,24,12,2023,14:09,1,1,7,92,92009,2,4,2,1,1
202300016698,24,12,2023,14:09,1,1,7,92,92009,2,4,2,1,1
202300016699,15,3,2023,13:45,1,1,2,93,93005,1,1,3,1,1
202300016700,31,5,2023,08:50,1,1,2,2A,2A228,2,2,1,1,1
202300016701,25,12,2023,04:00,3,1,7,41,41268,1,3,-1,1,1
202300016702,15,9,2023,02:45,5,1,1,69,69387,2,4,2,1,1
202300016703,14,3,2023,19:50,3,1,2,95,95500,1,1,3,2,1
202300016704,31,5,2023,18:45,1,1,6,95,95197,2,4,2,1,1
202300016705,15,9,2023,18:00,1,1,2,69,69389,2,4,2,1,1
202300016706,16,3,2023,15:30,1,1,2,94,94033,1,1,-1,1,1
202300016707,24,12,2023,09:00,1,2,1,01,01033,1,3,2,1,2
202300016708,31,5,2023,08:10,1,1,3,91,91377,2,3,2,1,1
202300016708,31,5,2023,08:10,1,1,3,91,91377,2,3,3,1,1
202300016709,15,3,2023,04:25,3,1,6,77,77373,1,2,1,2,1
202300016710,15,9,2023,16:15,1,1,6,69,69384,2,4,2,1,1
202300016711,31,5,2023,07:53,1,1,6,91,91645,2,4,2,1,1
202300016712,23,12,2023,17:45,3,1,4,31,31541,2,7,2,1,1
202300016713,15,9,2023,16:00,1,1,6,2B,2B033,2,6,-1,1,1
202300016714,14,3,2023,17:32,1,1,1,75,75108,2,4,2,1,1
202300016714,14,3,2023,17:32,1,1,1,75,75108,2,4,1,1,1
202300016715,31,5,2023,13:53,1,7,3,86,86194,2,3,2,1,1
202300016715,31,5,2023,13:53,1,7,3,86,86194,2,3,-1,1,1
202300016716,23,12,2023,03:44,3,2,7,80,80635,1,3,2,1,2
202300016717,15,9,2023,11:04,1,1,6,2B,2B033,2,4,2,1,1
202300016718,14,3,2023,15:00,1,2,6,75,75117,2,4,1,1,2
202300016718,14,3,2023,15:00,1,2,6,75,75117,2,4,2,1,2
202300016719,31,5,2023,20:30,2,1,2,85,85191,2,4,2,1,1
202300016720,24,12,2023,23:10,3,1,2,71,71202,1,3,2,1,1
202300016721,15,9,2023,15:20,1,1,2,2A,2A004,1,2,1,1,1
202300016722,15,3,2023,18:30,2,1,3,75,75106,2,4,2,1,1
202300016722,15,3,2023,18:30,2,1,3,75,75106,2,4,2,1,1
202300016723,31,5,2023,11:40,1,1,3,83,83137,2,4,2,1,1
202300016723,31,5,2023,11:40,1,1,3,83,83137,2,4,2,1,1
202300016724,14,9,2023,19:20,1,1,6,95,95680,2,4,-1,1,1
202300016725,25,12,2023,13:00,1,1,1,39,39096,1,3,2,1,1
202300016726,31,5,2023,13:20,1,2,1,83,83034,1,3,2,2,2
202300016727,15,3,2023,09:30,1,1,3,75,75120,2,4,1,1,1
202300016727,15,3,2023,09:30,1,1,3,75,75120,2,4,1,1,1
202300016728,15,9,2023,15:15,1,1,3,95,95585,2,3,2,1,1
202300016729,25,12,2023,11:00,1,2,6,29,29061,2,3,3,1,2
202300016730,15,3,2023,09:15,1,1,6,75,75110,2,4,1,1,1
202300016730,15,3,2023,09:15,1,1,6,75,75110,2,4,1,1,1
202300016731,31,5,2023,17:42,1,2,6,81,81004,2,6,-1,1,2
202300016732,15,9,2023,22:55,3,1,2,95,95127,1,2,3,1,1
202300016733,15,3,2023,17:00,1,1,2,94,94081,2,3,3,1,1
202300016734,24,12,2023,20:06,5,1,6,01,01265,2,4,2,2,2
202300016735,15,9,2023,11:00,1,1,3,91,91687,2,3,2,1,1
202300016736,31,5,2023,12:20,1,1,3,78,78551,2,2,1,1,1
202300016736,31,5,2023,12:20,1,1,3,78,78551,2,2,1,1,1
202300016737,15,3,2023,18:20,1,1,6,94,94080,2,3,1,1,1
202300016737,15,3,2023,18:20,1,1,6,94,94080,2,3,2,1,1
202300016738,14,9,2023,23:40,5,1,6,87,87085,2,4,2,1,1
202300016739,24,12,2023,15:50,1,1,3,30,30026,1,3,2,1,1
202300016739,24,12,2023,15:50,1,1,3,30,30026,1,3,2,1,1
202300016740,31,5,2023,12:20,1,1,3,78,78029,1,4,2,1,1
202300016740,31,5,2023,12:20,1,1,3,78,78029,1,4,2,1,1
202300016741,15,3,2023,18:35,1,1,2,94,94074,2,3,3,2,1
202300016742,14,9,2023,09:46,1,1,3,87,87065,1,3,2,1,1
202300016742,14,9,2023,09:46,1,1,3,87,87065,1,3,2,1,1
202300016743,24,12,2023,19:00,3,1,1,51,51569,1,1,3,1,1
202300016744,15,3,2023,08:55,1,1,6,94,94074,2,3,2,1,1
202300016744,15,3,2023,08:55,1,1,6,94,94074,2,3,2,1,1
202300016745,14,9,2023,17:20,1,1,3,86,86194,2,4,3,1,1
202300016746,31,5,2023,19:30,1,1,2,77,77374,1,3,2,1,1
202300016747,25,12,2023,02:50,5,1,6,987,98725,2,2,3,2,2
202300016748,14,3,2023,19:40,5,8,3,94,94068,2,3,2,1,1
202300016748,14,3,2023,19:40,5,8,3,94,94068,2,3,1,1,1
202300016749,2,7,2023,18:40,1,1,3,84,84087,2,4,2,1,1
202300016750,15,9,2023,08:50,1,7,6,83,83137,2,4,4,2,1
202300016751,15,3,2023,10:50,1,1,2,94,94058,2,4,1,1,1
202300016752,31,5,2023,08:10,1,1,6,77,77464,2,4,3,3,1
202300016753,14,9,2023,10:25,1,1,1,83,83126,2,4,2,2,1
202300016754,15,3,2023,20:20,5,1,3,94,94069,2,3,2,1,1
202300016755,25,12,2023,00:05,3,1,1,971,97107,1,2,2,1,1
202300016756,16,9,2023,01:00,5,1,1,78,78350,1,2,3,2,1
202300016757,15,3,2023,11:40,1,1,2,93,93073,1,4,2,1,1
202300016758,15,9,2023,09:14,1,1,3,77,77445,2,3,2,1,1
202300016758,15,9,2023,09:14,1,1,3,77,77445,2,3,2,1,1
202300016759,25,12,2023,16:30,2,1,6,42,42012,2,4,2,4,1
202300016760,15,3,2023,19:55,5,1,2,93,93066,2,3,2,1,1
202300016760,15,3,2023,19:55,5,1,2,93,93066,2,3,1,1,1
202300016761,15,9,2023,11:30,1,1,6,77,77243,2,4,2,1,1
202300016762,15,3,2023,18:20,1,1,4,93,93055,2,4,2,1,1
202300016763,25,12,2023,19:30,5,2,1,60,60575,2,3,4,1,2
202300016764,15,9,2023,09:00,1,1,1,76,76114,2,6,-1,1,1
202300016765,14,3,2023,10:50,1,2,4,93,93050,2,3,2,1,2
202300016765,14,3,2023,10:50,1,2,4,93,93050,2,3,3,1,2
202300016766,15,9,2023,08:55,1,1,1,76,76476,2,3,1,1,1
202300016767,25,12,2023,03:30,3,2,1,60,60088,1,3,2,4,2
202300016768,15,3,2023,21:00,5,1,3,93,93071,2,3,2,1,1
202300016768,15,3,2023,21:00,5,1,3,93,93071,2,3,2,1,1
202300016769,14,9,2023,16:04,1,1,3,72,72181,2,4,2,1,1
202300016770,14,3,2023,15:40,1,1,3,93,93031,2,3,2,1,1
202300016771,14,9,2023,07:44,1,1,2,72,72181,2,4,2,2,1
202300016772,15,3,2023,15:25,1,1,3,93,93008,2,3,3,1,1
202300016773,24,12,2023,06:16,3,1,2,13,13085,1,1,3,2,1
202300016774,14,9,2023,14:10,1,1,6,71,71270,2,4,2,1,1
202300016775,15,3,2023,20:06,5,1,6,93,93007,2,4,1,1,1
202300016776,15,9,2023,13:50,1,1,1,71,71076,2,4,2,1,1
202300016777,15,3,2023,08:00,1,1,3,92,92050,2,3,2,1,1
202300016778,23,12,2023,23:20,3,1,6,13,13211,1,1,3,2,1
202300016779,15,3,2023,18:10,1,1,6,92,92044,2,4,1,1,1
202300016780,15,9,2023,11:40,1,1,3,71,71076,2,3,2,1,1
202300016780,15,9,2023,11:40,1,1,3,71,71076,2,3,2,1,1
202300016781,24,12,2023,12:35,1,1,7,83,83129,1,1,1,1,1
202300016782,15,3,2023,09:05,1,1,3,92,92024,2,3,1,1,1
202300016783,15,9,2023,17:30,1,1,3,69,69256,2,4,2,1,1
202300016783,15,9,2023,17:30,1,1,3,69,69256,2,4,2,1,1
202300016784,24,12,2023,03:05,3,1,6,33,33162,1,1,3,1,2
202300016785,15,3,2023,18:09,1,1,4,92,92014,2,3,2,1,1
202300016786,15,9,2023,07:40,2,1,3,69,69029,2,4,1,1,1
202300016786,15,9,2023,07:40,2,1,3,69,69029,2,4,2,1,1
202300016787,15,3,2023,12:15,1,1,3,92,92004,2,3,-1,1,1
202300016788,14,9,2023,21:50,3,1,1,69,69259,2,4,2,1,1
202300016789,15,3,2023,11:20,1,1,6,92,92004,2,4,2,1,1
202300016790,14,9,2023,18:10,1,1,6,69,69259,2,4,2,1,1
202300016791,24,12,2023,18:00,5,1,4,94,94034,1,1,3,1,1
202300016792,14,3,2023,09:30,1,1,6,92,92004,2,4,1,1,2
202300016793,24,12,2023,07:49,3,1,6,78,78322,1,2,1,2,1
202300016794,14,9,2023,16:45,1,1,3,67,67482,2,4,-1,1,1
202300016794,14,9,2023,16:45,1,1,3,67,67482,2,4,-1,1,1
202300016795,14,3,2023,18:10,1,1,3,92,92004,2,3,1,1,1
202300016796,13,9,2023,14:00,1,1,6,66,66136,2,4,2,1,1
202300016797,13,3,2023,19:20,5,3,6,09,09261,2,3,2,1,2
202300016798,23,12,2023,23:30,3,1,6,78,78126,1,2,1,2,1
202300016799,15,9,2023,21:50,5,2,3,64,64445,2,4,2,1,2
202300016800,16,3,2023,17:05,1,1,6,974,97412,1,4,2,1,1
202300016801,15,3,2023,13:00,1,1,3,83,83070,2,3,1,1,1
202300016802,15,9,2023,16:35,1,2,2,64,64348,2,4,2,1,2
202300016802,15,9,2023,16:35,1,2,2,64,64348,2,4,2,1,2
202300016803,10,3,2023,18:00,1,2,6,62,62285,2,3,-1,1,2
202300016804,24,12,2023,18:09,3,1,6,95,95306,1,1,3,1,1
202300016805,15,9,2023,08:55,1,1,3,64,64445,2,3,1,1,1
202300016806,15,3,2023,20:00,3,1,6,62,62117,1,3,2,1,1
202300016807,16,3,2023,07:00,1,1,6,77,77051,2,3,2,1,1
202300016808,15,9,2023,09:00,1,1,3,63,63113,2,4,2,2,1
202300016808,15,9,2023,09:00,1,1,3,63,63113,2,4,2,2,1
202300016809,24,12,2023,16:30,2,1,5,93,93053,1,1,3,1,1
202300016810,16,3,2023,09:30,1,1,1,81,81277,1,3,2,2,1
202300016810,16,3,2023,09:30,1,1,1,81,81277,1,3,2,1,1
202300016811,15,9,2023,08:30,1,1,3,63,63014,1,3,2,2,1
202300016811,15,9,2023,08:30,1,1,3,63,63014,1,3,4,1,1
202300016812,15,3,2023,15:35,1,1,3,71,71230,2,4,1,1,1
202300016812,15,3,2023,15:35,1,1,3,71,71230,2,4,2,1,1
202300016813,16,9,2023,00:20,3,1,3,62,62510,1,3,3,1,1
202300016814,15,3,2023,18:55,1,1,7,12,12198,1,3,2,1,1
202300016815,23,12,2023,13:15,1,1,3,976,97611,2,2,2,1,1
202300016816,15,9,2023,11:40,1,7,3,61,61001,2,3,2,1,1
202300016817,16,3,2023,12:58,1,1,3,34,34332,2,3,2,1,1
202300016817,16,3,2023,12:58,1,1,3,34,34332,2,3,2,1,1
202300016818,16,9,2023,20:35,5,1,1,59,59271,2,4,-1,1,1
202300016819,16,3,2023,18:45,2,1,3,34,34335,1,3,2,1,1
202300016820,23,12,2023,16:18,1,1,6,974,97416,2,4,-1,1,1
202300016821,14,9,2023,16:50,1,1,3,56,56121,2,4,2,1,1
202300016821,14,9,2023,16:50,1,1,3,56,56121,2,4,2,1,1
202300016822,16,3,2023,12:05,1,1,3,68,68179,2,3,2,1,1
202300016823,14,9,2023,08:31,1,1,6,56,56162,2,3,3,1,1
202300016824,14,3,2023,08:55,1,7,6,22,22158,1,2,2,2,2
202300016825,23,12,2023,12:50,1,1,3,974,97416,1,4,2,1,1
202300016826,14,9,2023,13:00,1,1,1,54,54265,2,4,2,1,1
202300016827,13,3,2023,17:25,1,2,1,22,22132,1,3,2,2,2
202300016828,14,9,2023,14:15,1,1,2,50,50129,2,3,2,1,1
202300016828,14,9,2023,14:15,1,1,2,50,50129,2,3,2,1,1
202300016829,16,3,2023,09:15,1,1,6,25,25328,2,2,2,1,1