id_accident,jour,mois,annee,heure_minute,luminosite,meteo,type_collision,departement,commune,agglomeration,categorie_route,regime_circulation,profil_route,etat_surface
202300016830,11,9,2023,19:30,1,1,3,50,50129,2,4,2,1,1
202300016830,11,9,2023,19:30,1,1,3,50,50129,2,4,2,1,1
202300016831,21,12,2023,12:45,1,1,3,973,97302,2,4,2,1,1
202300016831,21,12,2023,12:45,1,1,3,973,97302,2,4,1,1,1
202300016832,12,3,2023,04:35,3,1,6,29,29100,2,4,2,1,2
202300016833,15,9,2023,11:01,1,1,3,49,49007,2,4,2,1,1
202300016833,15,9,2023,11:01,1,1,3,49,49007,2,4,2,1,1
202300016834,14,9,2023,23:15,3,1,2,49,49007,2,4,1,1,1
202300016835,14,3,2023,18:00,1,2,1,31,31468,2,3,2,1,3
202300016835,14,3,2023,18:00,1,2,1,31,31468,2,3,2,4,3
202300016836,14,9,2023,08:50,1,1,3,49,49007,2,4,1,1,1
202300016836,14,9,2023,08:50,1,1,3,49,49007,2,4,2,1,1
202300016837,15,3,2023,18:20,1,1,3,31,31493,1,3,2,1,1
202300016837,15,3,2023,18:20,1,1,3,31,31493,1,3,2,1,1
202300016838,21,12,2023,08:20,1,3,3,973,97302,2,4,2,1,2
202300016838,21,12,2023,08:20,1,3,3,973,97302,2,4,2,1,2
202300016839,15,9,2023,19:21,1,1,3,47,47001,2,4,-1,1,1
202300016840,16,3,2023,08:00,1,1,6,02,02814,1,3,2,1,1
202300016841,15,9,2023,08:55,1,1,3,44,44109,2,4,2,2,1
202300016842,16,3,2023,16:35,1,1,6,14,14305,1,4,-1,1,1
202300016843,16,3,2023,11:15,1,1,2,05,05046,2,4,2,2,1
202300016844,15,9,2023,10:55,1,1,4,43,43157,2,4,2,2,1
202300016845,23,12,2023,19:05,2,1,1,69,69383,2,4,2,1,1
202300016845,23,12,2023,19:05,2,1,1,69,69383,2,4,2,1,1
202300016846,15,3,2023,15:35,1,1,5,36,36200,1,3,2,1,1
202300016846,15,3,2023,15:35,1,1,5,36,36200,1,3,2,1,1
202300016847,16,9,2023,00:30,5,1,5,37,37261,2,4,1,1,1
202300016847,16,9,2023,00:30,5,1,5,37,37261,2,4,1,1,1
202300016848,15,3,2023,17:45,1,7,3,40,40228,1,3,2,3,1
202300016848,15,3,2023,17:45,1,7,3,40,40228,1,3,-1,-1,-1
202300016849,15,9,2023,15:20,1,1,2,37,37261,2,4,2,1,1
202300016850,16,3,2023,17:20,1,1,1,30,30059,1,3,2,1,1
202300016851,23,12,2023,11:45,1,8,6,69,69388,2,4,1,1,2
202300016851,23,12,2023,11:45,1,8,6,69,69388,2,4,2,1,2
202300016852,15,9,2023,18:15,1,1,3,35,35238,2,4,2,1,1
202300016852,15,9,2023,18:15,1,1,3,35,35238,2,4,3,1,1
202300016853,16,3,2023,07:50,1,1,1,88,88158,2,4,2,1,1
202300016853,16,3,2023,07:50,1,1,1,88,88158,2,4,2,1,1
202300016854,15,9,2023,19:10,2,1,7,35,35150,1,3,2,1,1
202300016854,15,9,2023,19:10,2,1,7,35,35150,1,3,2,1,1
202300016855,16,3,2023,09:55,1,1,6,24,24167,2,3,2,1,1
202300016856,23,12,2023,10:50,1,2,6,69,69386,2,4,3,1,2
202300016857,15,9,2023,12:53,1,1,3,34,34172,2,4,1,1,1
202300016857,15,9,2023,12:53,1,1,3,34,34172,2,4,2,1,1
202300016858,15,3,2023,10:40,1,1,2,69,69244,2,4,1,1,1
202300016858,15,3,2023,10:40,1,1,2,69,69244,2,4,2,1,1
202300016859,15,3,2023,17:00,1,1,1,06,06018,1,3,2,2,1
202300016860,15,9,2023,19:10,1,1,2,33,33522,2,4,2,1,1
202300016860,15,9,2023,19:10,1,1,2,33,33522,2,4,2,1,1
202300016861,23,12,2023,06:00,1,1,1,972,97213,2,3,2,1,1
202300016862,16,3,2023,05:10,3,1,7,89,89208,1,1,3,1,1
202300016863,15,9,2023,02:15,3,1,6,33,33281,2,4,2,1,1
202300016864,16,3,2023,11:30,1,1,3,58,58303,2,3,4,1,1
202300016865,15,9,2023,11:20,1,1,3,31,31555,2,4,1,1,1
202300016866,23,12,2023,07:55,1,1,2,972,97209,1,3,2,4,1
202300016867,14,9,2023,19:30,2,1,1,31,31555,2,4,2,1,1
202300016868,16,3,2023,22:45,3,3,6,988,98820,1,4,2,1,2
202300016869,14,9,2023,15:15,1,7,6,31,31555,2,4,1,1,1
202300016870,16,3,2023,10:30,1,1,3,13,13088,1,3,2,1,1
202300016870,16,3,2023,10:30,1,1,3,13,13088,1,3,2,1,1
202300016871,15,9,2023,19:20,1,1,3,28,28218,2,4,2,1,1
202300016872,23,12,2023,11:45,1,1,1,69,69202,2,4,2,2,2
202300016873,15,9,2023,18:05,1,7,6,27,27681,2,9,2,1,1
202300016874,16,3,2023,08:15,1,1,3,78,78062,2,3,1,1,1
202300016875,15,3,2023,17:00,1,1,2,66,66210,2,3,-1,1,1
202300016876,15,9,2023,08:20,1,1,2,27,27234,2,2,3,1,1
202300016877,23,12,2023,10:40,1,1,3,971,97101,2,4,2,1,1
202300016878,16,3,2023,08:15,1,1,7,57,57481,2,4,2,1,1
202300016879,15,9,2023,13:15,1,1,6,25,25388,2,3,2,1,1
202300016879,15,9,2023,13:15,1,1,6,25,25388,2,3,1,1,-1
202300016880,25,2,2023,05:30,3,1,1,69,69227,1,3,2,3,1
202300016881,15,9,2023,17:30,1,1,4,22,22360,1,2,3,1,1
202300016882,16,3,2023,17:00,1,1,1,69,69171,2,4,2,2,1
202300016883,23,12,2023,10:35,1,1,2,2A,2A004,2,6,-1,1,1
202300016884,15,3,2023,20:00,3,1,2,85,85118,1,3,2,1,1
202300016885,15,9,2023,09:39,1,1,4,22,22360,1,3,3,1,1
202300016886,22,12,2023,14:49,1,1,3,2A,2A004,2,3,2,1,1
202300016887,15,3,2023,14:10,1,1,3,22,22176,2,4,1,1,1
202300016887,15,3,2023,14:10,1,1,3,22,22176,2,4,1,1,1
202300016888,15,9,2023,07:10,5,1,2,17,17300,2,4,2,1,1
202300016889,15,3,2023,14:00,1,1,6,35,35315,2,6,-1,1,1
202300016890,16,3,2023,14:10,1,1,6,60,60139,2,3,2,1,1
202300016891,6,9,2023,09:40,1,1,6,17,17449,2,3,2,1,1
202300016892,15,3,2023,14:29,1,1,7,13,13005,1,1,1,1,1
202300016893,23,12,2023,12:10,1,2,4,91,91114,2,3,3,1,2
202300016894,15,9,2023,07:12,2,1,3,15,15014,2,4,2,1,1
202300016894,15,9,2023,07:12,2,1,3,15,15014,2,4,2,2,1
202300016895,15,3,2023,17:17,1,1,2,33,33143,1,1,3,1,1
202300016896,8,3,2023,16:28,1,1,2,59,59557,1,1,-1,1,2
202300016897,15,9,2023,19:30,1,1,2,14,14536,2,3,-1,2,1
202300016897,15,9,2023,19:30,1,1,2,14,14536,2,3,1,2,1
202300016898,2,3,2023,07:30,2,1,6,59,59260,1,1,-1,1,1
202300016899,23,12,2023,21:15,5,1,2,84,84007,2,3,2,1,1
202300016899,23,12,2023,21:15,5,1,2,84,84007,2,3,3,1,1
202300016900,12,9,2023,19:00,2,1,1,13,13214,2,3,1,1,1
202300016901,15,3,2023,09:49,1,1,3,78,78640,1,2,1,1,1
202300016902,14,9,2023,21:15,5,1,3,13,13028,2,3,2,1,1
202300016903,14,3,2023,14:00,1,2,3,92,92036,1,1,-1,1,2
202300016904,22,12,2023,16:00,1,7,6,83,83069,2,4,2,1,1
202300016905,13,3,2023,18:15,1,1,2,92,92036,1,1,-1,1,1
202300016906,22,12,2023,16:45,2,2,2,77,77350,1,2,3,2,2
202300016907,15,9,2023,18:50,1,1,4,13,13004,1,2,3,1,1
202300016908,11,3,2023,16:08,1,1,5,95,95488,1,1,3,2,1
202300016909,14,3,2023,09:00,1,8,2,93,93008,1,1,1,2,2
202300016910,23,12,2023,18:10,5,8,6,76,76231,2,7,2,1,1
202300016911,15,9,2023,12:00,1,1,1,13,13001,1,4,2,1,1
202300016912,14,3,2023,06:40,2,2,3,93,93066,1,1,3,1,2
202300016913,15,9,2023,03:35,5,1,6,11,11069,2,3,2,1,1
202300016914,12,3,2023,13:05,1,1,2,92,92036,1,1,3,1,1
202300016915,14,9,2023,17:25,1,1,6,11,11069,2,3,2,1,1
202300016916,23,12,2023,16:30,1,1,2,74,74305,2,3,2,1,1
202300016917,14,9,2023,04:50,5,1,3,11,11069,2,6,-1,1,1
202300016918,15,3,2023,20:00,3,1,3,94,94069,1,1,3,1,1
202300016919,16,9,2023,01:00,5,1,6,10,10387,2,4,1,1,1
202300016920,23,12,2023,20:03,5,1,3,72,72181,2,4,3,1,1
202300016921,14,3,2023,16:55,1,1,6,972,97209,2,4,1,1,1
202300016922,15,9,2023,09:24,1,1,3,10,10387,2,4,2,1,1
202300016922,15,9,2023,09:24,1,1,3,10,10387,2,4,1,1,1
202300016923,22,12,2023,12:15,1,2,2,71,71153,2,4,2,1,2
202300016924,14,9,2023,07:48,1,1,3,10,10387,2,4,2,1,1
202300016924,14,9,2023,07:48,1,1,3,10,10387,2,4,2,1,1
202300016925,22,12,2023,19:05,3,2,2,71,71540,2,3,2,1,2
202300016925,22,12,2023,19:05,3,2,2,71,71540,2,3,2,1,2
202300016926,14,9,2023,17:00,1,1,6,06,06029,2,4,1,1,1
202300016927,13,9,2023,17:00,1,1,3,06,06029,2,4,2,1,1
202300016927,13,9,2023,17:00,1,1,3,06,06029,2,4,3,1,1
202300016928,15,9,2023,11:05,1,1,6,06,06155,2,4,1,1,1
202300016929,22,12,2023,13:30,1,2,5,71,71153,2,3,2,1,2
202300016929,22,12,2023,13:30,1,2,5,71,71153,2,3,3,4,2
202300016930,15,9,2023,07:59,2,1,6,05,05061,2,3,2,2,1
202300016931,22,12,2023,19:05,5,2,6,71,71076,2,4,2,1,2
202300016932,15,9,2023,12:00,1,1,3,75,75116,2,4,1,1,1
202300016933,15,9,2023,11:45,1,1,3,75,75112,2,4,1,1,1
202300016934,23,12,2023,05:10,3,2,2,69,69282,2,4,1,1,2
202300016934,23,12,2023,05:10,3,2,2,69,69282,2,4,2,1,2
202300016935,15,9,2023,08:20,1,1,5,75,75116,2,4,-1,1,1
202300016936,23,12,2023,12:10,1,1,3,69,69264,2,3,2,1,1
202300016936,23,12,2023,12:10,1,1,3,69,69264,2,3,2,1,1
202300016937,15,9,2023,08:30,1,1,6,75,75116,2,4,2,1,1
202300016937,15,9,2023,08:30,1,1,6,75,75116,2,4,2,1,1
202300016938,23,12,2023,06:15,3,8,6,69,69199,2,7,2,1,2
202300016939,23,12,2023,19:00,5,1,6,67,67482,2,4,3,1,1
202300016940,15,9,2023,17:15,1,1,6,75,75119,2,4,2,1,1
202300016941,15,9,2023,13:15,1,1,6,75,75117,2,4,2,1,1
202300016942,22,12,2023,17:00,1,3,1,64,64249,2,3,2,3,2
202300016942,22,12,2023,17:00,1,3,1,64,64249,2,3,2,1,2
202300016943,22,12,2023,20:40,3,1,7,63,63245,1,3,2,1,1
202300016944,15,9,2023,09:50,1,1,3,75,75117,2,4,2,1,1
202300016945,23,12,2023,09:30,1,1,3,63,63032,2,3,2,4,1
202300016945,23,12,2023,09:30,1,1,3,63,63032,2,3,1,1,1
202300016946,15,9,2023,18:20,1,1,6,75,75115,2,4,1,1,1
202300016946,15,9,2023,18:20,1,1,6,75,75115,2,4,-1,1,1
202300016947,15,9,2023,12:03,1,1,7,75,75115,2,4,1,4,1
202300016948,23,12,2023,14:45,1,1,6,62,62193,2,4,3,1,1
202300016948,23,12,2023,14:45,1,1,6,62,62193,2,4,2,1,1
202300016949,15,9,2023,16:45,1,1,6,75,75114,2,4,3,1,1
202300016949,15,9,2023,16:45,1,1,6,75,75114,2,4,1,1,1
202300016950,22,12,2023,13:45,1,1,3,62,62244,2,3,1,1,1
202300016950,22,12,2023,13:45,1,1,3,62,62244,2,3,2,1,1
202300016951,14,12,2023,08:00,5,9,3,61,61006,2,3,2,1,2
202300016951,14,12,2023,08:00,5,9,3,61,61006,2,3,2,1,2
202300016952,14,9,2023,11:55,1,1,6,75,75107,2,4,2,1,1
202300016952,14,9,2023,11:55,1,1,6,75,75107,2,4,2,1,1
202300016953,15,9,2023,00:24,5,1,1,75,75111,2,4,2,1,1
202300016953,15,9,2023,00:24,5,1,1,75,75111,2,4,2,1,1
202300016954,19,12,2023,17:30,5,2,6,59,59017,2,4,1,1,2
202300016955,24,12,2023,01:00,5,8,6,54,54578,2,4,-1,1,2
202300016956,15,9,2023,01:50,5,1,6,75,75109,2,4,1,1,1
202300016956,15,9,2023,01:50,5,1,6,75,75109,2,4,1,1,1
202300016957,23,12,2023,19:30,5,2,2,54,54498,2,4,2,1,2
202300016958,14,9,2023,20:38,5,1,3,75,75108,2,4,3,1,1
202300016958,14,9,2023,20:38,5,1,3,75,75108,2,4,2,2,1
202300016959,23,12,2023,06:34,5,2,6,54,54395,2,4,-1,2,2
202300016960,15,9,2023,12:10,1,1,6,75,75107,2,4,2,1,1
202300016960,15,9,2023,12:10,1,1,6,75,75107,2,4,1,1,1
202300016961,23,12,2023,10:50,1,1,1,54,54382,2,4,2,2,1
202300016962,23,12,2023,05:00,5,1,6,51,51454,2,4,2,1,1
202300016963,15,9,2023,11:50,1,1,6,75,75101,2,4,1,1,1
202300016963,15,9,2023,11:50,1,1,6,75,75101,2,4,2,1,1
202300016964,23,12,2023,12:15,1,1,6,47,47001,2,4,2,1,2
202300016965,15,9,2023,18:47,1,1,3,94,94042,2,3,2,1,1
202300016965,15,9,2023,18:47,1,1,3,94,94042,2,3,2,1,1
202300016966,23,12,2023,14:30,1,2,1,45,45234,2,4,1,1,2
202300016966,23,12,2023,14:30,1,2,1,45,45234,2,4,2,1,2
202300016967,22,12,2023,15:45,1,1,3,42,42275,2,7,1,1,1
202300016967,22,12,2023,15:45,1,1,3,42,42275,2,7,2,1,1
202300016968,15,9,2023,20:10,5,1,3,94,94021,1,3,1,1,1
202300016969,14,12,2023,10:00,1,8,3,42,42270,2,4,2,1,2
202300016969,14,12,2023,10:00,1,8,3,42,42270,2,4,-1,2,2
202300016970,14,9,2023,23:10,5,1,6,94,94073,2,4,2,1,1
202300016971,23,12,2023,09:10,1,1,1,38,38185,1,1,1,2,2
202300016972,15,9,2023,19:39,2,1,2,94,94079,2,4,-1,1,1
202300016973,23,12,2023,11:15,1,1,6,35,35281,2,4,2,2,1
202300016974,14,9,2023,12:15,1,1,3,94,94017,2,4,2,1,1
202300016975,22,12,2023,16:35,1,1,3,34,34172,2,4,2,2,1
202300016976,14,9,2023,08:17,1,1,1,93,93070,2,4,1,4,1
202300016977,23,12,2023,17:45,5,1,2,24,24382,2,4,2,1,1
202300016978,15,9,2023,08:45,1,1,6,93,93053,2,3,2,1,1
202300016978,15,9,2023,08:45,1,1,6,93,93053,2,3,1,1,1
202300016979,23,12,2023,16:15,2,2,2,31,31555,2,4,1,1,2
202300016980,13,9,2023,11:20,1,1,6,93,93053,2,3,2,1,1
202300016980,13,9,2023,11:20,1,1,6,93,93053,2,3,1,1,1
202300016981,23,12,2023,19:15,5,1,3,29,29019,2,4,1,1,1
202300016981,23,12,2023,19:15,5,1,3,29,29019,2,4,2,2,1
202300016982,15,9,2023,09:25,1,1,3,93,93046,2,4,1,1,1
202300016982,15,9,2023,09:25,1,1,3,93,93046,2,4,2,1,1
202300016983,23,12,2023,06:20,5,2,3,27,27701,2,4,2,2,2
202300016983,23,12,2023,06:20,5,2,3,27,27701,2,4,2,2,2
202300016984,15,9,2023,12:45,1,1,6,93,93010,2,4,1,1,1
202300016985,23,12,2023,13:55,1,1,6,27,27229,2,4,1,1,1
202300016986,15,9,2023,17:30,1,1,6,92,92076,2,4,1,1,1
202300016987,23,12,2023,05:05,3,1,2,22,22278,1,2,3,1,1
202300016988,23,12,2023,05:00,5,1,1,13,13208,2,9,1,1,1
202300016988,23,12,2023,05:00,5,1,1,13,13208,2,9,1,1,1
202300016989,15,9,2023,17:20,1,1,3,92,92076,2,3,2,1,1
202300016989,15,9,2023,17:20,1,1,3,92,92076,2,3,-1,1,1
202300016990,23,12,2023,09:39,1,1,2,13,13215,2,4,2,1,1
202300016991,15,9,2023,16:10,1,1,6,92,92050,2,4,1,1,1
202300016992,23,12,2023,09:15,1,1,1,13,13047,1,3,2,1,1
202300016993,15,9,2023,11:55,1,1,6,92,92050,2,4,2,1,1
202300016993,15,9,2023,11:55,1,1,6,92,92050,2,4,2,1,1
202300016994,22,12,2023,23:00,5,1,6,13,13047,2,4,2,1,1
202300016995,18,12,2023,11:25,1,1,6,11,11262,2,4,2,1,1
202300016995,18,12,2023,11:25,1,1,6,11,11262,2,4,2,1,1
202300016996,15,9,2023,15:36,1,1,3,92,92020,2,3,2,1,1
202300016996,15,9,2023,15:36,1,1,3,92,92020,2,3,2,1,1
202300016997,23,12,2023,17:50,5,1,6,10,10387,2,4,-1,1,2
202300016998,23,12,2023,05:40,5,1,6,06,06088,2,7,3,1,1
202300016999,15,9,2023,12:35,1,1,2,92,92044,2,4,1,1,1
202300016999,15,9,2023,12:35,1,1,2,92,92044,2,4,1,1,1
202300017000,22,12,2023,17:33,5,2,1,01,01053,2,3,2,1,2
202300017000,22,12,2023,17:33,5,2,1,01,01053,2,3,2,1,2
202300017001,14,9,2023,15:30,1,1,3,92,92036,2,4,2,1,1
202300017001,14,9,2023,15:30,1,1,3,92,92036,2,4,2,1,1
202300017002,22,12,2023,09:15,1,2,3,75,75118,2,4,1,1,2
202300017003,23,12,2023,19:00,5,1,3,75,75120,2,4,1,1,1
202300017003,23,12,2023,19:00,5,1,3,75,75120,2,4,1,1,1
202300017004,15,9,2023,01:12,3,1,1,92,92019,1,3,3,2,1
202300017005,23,12,2023,19:45,5,1,3,75,75119,2,4,3,2,1
202300017006,23,12,2023,03:30,5,1,1,75,75119,2,4,1,1,1
202300017006,23,12,2023,03:30,5,1,1,75,75119,2,4,1,1,1
202300017007,15,9,2023,09:35,1,1,2,92,92014,2,3,1,1,1
202300017007,15,9,2023,09:35,1,1,2,92,92014,2,3,2,1,1
202300017008,22,12,2023,15:41,1,1,6,75,75119,2,4,2,1,1
202300017009,14,9,2023,22:15,5,1,7,92,92002,2,3,1,1,1
202300017010,23,12,2023,15:23,1,1,3,75,75116,2,4,2,1,1
202300017010,23,12,2023,15:23,1,1,3,75,75116,2,4,3,1,1
202300017011,16,9,2023,14:15,1,1,1,12,12301,1,3,2,1,1
202300017012,23,12,2023,13:15,1,1,3,75,75116,2,4,1,1,1
202300017012,23,12,2023,13:15,1,1,3,75,75116,2,4,1,1,1
202300017013,22,12,2023,12:15,1,2,6,75,75116,2,4,-1,1,2
202300017013,22,12,2023,12:15,1,2,6,75,75116,2,4,2,1,2
202300017014,15,9,2023,20:00,3,1,7,26,26107,1,4,2,1,1
202300017015,23,12,2023,12:40,1,1,6,75,75115,2,4,1,1,1
202300017015,23,12,2023,12:40,1,1,6,75,75115,2,4,1,1,1
202300017016,15,9,2023,13:40,1,1,6,88,88492,1,3,3,2,1
202300017017,22,12,2023,11:00,1,2,3,75,75115,2,4,2,1,2
202300017018,15,9,2023,13:35,1,1,6,22,22206,1,2,3,1,1
202300017019,22,12,2023,08:03,2,2,6,75,75107,2,4,1,1,2
202300017019,22,12,2023,08:03,2,2,6,75,75107,2,4,1,1,2
202300017020,15,9,2023,17:45,1,1,7,76,76265,1,1,3,1,1
202300017021,23,12,2023,11:37,1,1,3,75,75114,2,4,2,1,1
202300017021,23,12,2023,11:37,1,1,3,75,75114,2,4,3,1,1
202300017022,22,12,2023,16:55,5,2,6,75,75110,2,4,2,1,2
202300017022,22,12,2023,16:55,5,2,6,75,75110,2,4,1,1,2
202300017023,16,9,2023,12:50,1,1,3,06,06140,2,4,2,1,1
202300017024,23,12,2023,12:35,1,8,3,94,94074,2,3,2,1,1
202300017025,16,9,2023,01:00,3,1,7,42,42307,1,7,2,1,1
202300017026,22,12,2023,23:40,5,2,3,94,94068,2,3,2,1,2
202300017026,22,12,2023,23:40,5,2,3,94,94068,2,3,-1,1,2
202300017027,23,12,2023,07:00,2,8,6,94,94011,2,3,1,1,1
202300017028,16,9,2023,02:38,3,8,1,34,34270,1,3,2,2,2
202300017029,23,12,2023,12:20,1,1,3,93,93073,2,3,2,1,1
202300017029,23,12,2023,12:20,1,1,3,93,93073,2,3,3,1,1
202300017030,15,9,2023,23:30,3,1,6,62,62896,2,4,2,1,1
202300017030,15,9,2023,23:30,3,1,6,62,62896,2,4,2,1,1
202300017031,23,12,2023,20:00,5,1,6,93,93066,2,3,3,1,1
202300017032,18,12,2023,17:49,5,1,3,93,93051,2,3,3,1,1
202300017033,15,9,2023,12:15,1,1,3,62,62064,2,4,2,1,1
202300017034,23,12,2023,21:15,5,1,3,93,93077,2,3,2,1,1
202300017034,23,12,2023,21:15,5,1,3,93,93077,2,3,1,1,1
202300017035,23,12,2023,07:15,5,2,3,93,93032,2,3,3,1,2
202300017035,23,12,2023,07:15,5,2,3,93,93032,2,3,1,1,3
202300017036,15,9,2023,00:20,3,1,7,19,19238,1,3,2,1,1
202300017037,23,12,2023,12:25,1,2,3,93,93047,2,4,2,1,2
202300017037,23,12,2023,12:25,1,2,3,93,93047,2,4,2,1,2
202300017038,16,9,2023,08:00,1,1,1,19,19182,1,3,2,1,1
202300017039,22,12,2023,18:20,5,2,3,93,93047,2,3,2,1,2
202300017039,22,12,2023,18:20,5,2,3,93,93047,2,3,2,1,2
202300017039,22,12,2023,18:20,5,2,3,93,93047,2,3,1,1,2
202300017040,15,9,2023,17:15,1,1,6,56,56206,1,3,3,1,1
202300017041,15,9,2023,23:15,3,1,7,76,76587,1,3,2,1,1
202300017042,23,12,2023,17:40,3,1,3,93,93005,2,4,2,1,1
202300017042,23,12,2023,17:40,3,1,3,93,93005,2,4,2,1,1
202300017043,23,12,2023,00:00,5,1,3,93,93005,2,4,1,1,2
202300017043,23,12,2023,00:00,5,1,3,93,93005,2,4,2,1,2
202300017044,16,9,2023,13:10,1,8,3,89,89441,1,3,2,1,1
202300017044,16,9,2023,13:10,1,8,3,89,89441,1,3,2,1,-1
202300017045,23,12,2023,20:11,5,2,2,92,92073,2,3,1,1,2
202300017046,23,12,2023,15:40,1,1,2,92,92063,2,3,2,2,1
202300017047,16,9,2023,20:30,3,1,6,61,61435,1,3,2,1,1
202300017048,23,12,2023,01:40,5,2,2,92,92019,2,3,2,1,2
202300017048,23,12,2023,01:40,5,2,2,92,92019,2,3,3,2,2
202300017049,13,9,2023,12:45,1,1,1,49,49200,1,9,2,1,1
202300017050,23,12,2023,16:03,1,2,2,49,49244,2,3,1,1,2
202300017051,23,12,2023,13:30,1,1,1,49,49063,2,3,2,1,1
202300017051,23,12,2023,13:30,1,1,1,49,49063,2,3,2,2,1
202300017052,14,9,2023,14:55,1,1,1,47,47004,1,3,2,1,1
202300017053,23,12,2023,04:10,5,8,6,31,31044,2,4,3,1,2
202300017054,16,9,2023,10:45,1,1,3,86,86248,1,3,2,1,1
202300017054,16,9,2023,10:45,1,1,3,86,86248,1,3,2,1,1
202300017055,23,12,2023,12:20,1,2,5,12,12033,1,3,2,2,2
202300017056,24,12,2023,07:15,3,1,2,60,60658,1,2,2,1,1
202300017057,16,9,2023,06:02,3,1,4,34,34130,1,3,2,1,2
202300017058,22,12,2023,20:40,3,1,6,34,34016,1,1,3,1,1
202300017059,16,9,2023,08:00,1,7,1,68,68192,1,4,2,1,1
202300017060,23,12,2023,19:45,5,8,3,56,56030,2,3,2,1,2
202300017060,23,12,2023,19:45,5,8,3,56,56030,2,3,2,1,2
202300017061,15,9,2023,21:25,3,8,6,22,22254,2,3,2,1,1
202300017062,22,12,2023,23:00,3,1,1,79,79293,1,3,2,1,1
202300017063,15,9,2023,17:30,1,1,7,22,22251,1,3,3,1,1
202300017064,23,12,2023,19:35,3,2,1,33,33421,1,3,2,1,2
202300017065,16,9,2023,01:30,4,1,6,39,39354,1,3,2,1,1
202300017066,24,12,2023,11:40,1,1,6,71,71351,2,3,1,1,1
202300017066,24,12,2023,11:40,1,1,6,71,71351,2,3,1,1,1
202300017067,24,12,2023,15:30,1,1,7,71,71338,1,3,2,2,1
202300017068,15,9,2023,20:50,3,1,1,44,44015,1,2,2,1,1
202300017069,24,12,2023,17:00,2,1,3,89,89469,1,3,2,1,1
202300017069,24,12,2023,17:00,2,1,3,89,89469,1,3,2,1,1
202300017070,23,12,2023,15:30,1,1,7,63,63050,2,3,1,1,1
202300017070,23,12,2023,15:30,1,1,7,63,63050,2,3,2,1,1
202300017071,15,9,2023,15:00,1,1,1,35,35078,1,3,2,1,1
202300017072,24,12,2023,02:45,3,8,6,46,46240,1,3,2,1,2
202300017073,16,9,2023,10:05,1,1,6,02,02364,1,4,2,2,1
202300017074,15,9,2023,19:30,1,1,3,01,01303,2,4,1,1,1
202300017074,15,9,2023,19:30,1,1,3,01,01303,2,4,1,2,1
202300017075,23,12,2023,20:05,3,2,5,25,25578,1,3,2,1,2
202300017075,23,12,2023,20:05,3,2,5,25,25578,1,3,2,1,2
202300017076,16,9,2023,00:05,3,1,7,54,54105,1,3,2,1,1
202300017077,24,12,2023,19:00,3,2,1,29,29162,1,2,3,2,2
202300017078,24,12,2023,04:50,4,2,6,15,15029,2,3,2,1,2
202300017079,15,9,2023,14:30,1,1,3,18,18159,1,3,2,1,1
202300017079,15,9,2023,14:30,1,1,3,18,18159,1,3,2,1,1
202300017080,23,12,2023,19:00,5,5,3,14,14303,1,3,2,1,2
202300017080,23,12,2023,19:00,5,5,3,14,14303,1,3,2,1,2
202300017081,16,9,2023,13:10,1,1,6,43,43164,1,3,2,2,1
202300017082,23,12,2023,13:00,1,2,7,14,14336,2,4,2,1,2
202300017082,23,12,2023,13:00,1,2,7,14,14336,2,4,2,1,2
202300017083,13,9,2023,14:20,1,1,6,85,85047,2,3,2,1,1
202300017084,23,12,2023,11:25,1,2,1,64,64147,1,3,2,1,2
202300017085,15,9,2023,11:00,1,1,3,85,85020,1,3,2,1,1
202300017085,15,9,2023,11:00,1,1,3,85,85020,1,3,2,1,1
202300017086,15,9,2023,23:30,3,1,6,27,27056,1,3,2,1,1
202300017087,23,12,2023,17:50,2,9,6,07,07037,1,3,2,2,7
202300017088,24,12,2023,06:30,3,1,7,68,68082,1,1,3,1,1
202300017089,11,9,2023,17:15,1,1,5,37,37109,1,3,2,1,1
202300017090,24,12,2023,05:00,3,1,6,66,66038,1,4,2,3,1
202300017091,15,9,2023,20:55,5,1,7,987,98752,1,2,2,1,1
202300017092,24,12,2023,13:45,1,1,2,06,06027,1,1,1,1,1
202300017093,15,9,2023,22:55,3,1,2,10,10381,1,1,3,1,1
202300017094,23,12,2023,17:30,3,2,4,51,51588,1,1,1,1,2
202300017095,22,12,2023,15:20,1,1,1,38,38052,2,3,2,1,1
202300017096,16,9,2023,03:12,3,9,6,35,35032,1,3,2,1,1
202300017097,16,9,2023,11:40,1,3,6,04,04112,1,1,3,1,2
202300017098,23,12,2023,15:40,1,1,4,45,45008,1,1,1,1,1
202300017099,22,12,2023,11:05,1,1,7,11,11370,1,1,3,1,1
202300017100,23,12,2023,21:45,5,2,1,987,98750,2,2,2,1,2
202300017101,24,12,2023,10:20,1,2,3,973,97313,1,3,2,2,2
202300017102,23,12,2023,14:50,1,1,6,971,97125,1,9,-1,1,1
202300017103,23,12,2023,10:50,1,1,3,971,97125,2,4,2,2,1
202300017104,24,12,2023,13:45,1,3,6,971,97117,1,3,2,1,2
202300017105,23,12,2023,12:50,1,2,6,45,45253,1,3,2,1,2