id_accident,jour,mois,annee,heure_minute,luminosite,meteo,type_collision,departement,commune,agglomeration,categorie_route,regime_circulation,profil_route,etat_surface
202300017106,23,12,2023,20:00,3,1,2,78,78366,1,2,3,1,1
202300017107,15,9,2023,17:40,1,1,3,07,07010,1,3,2,4,1
202300017108,23,12,2023,22:25,5,1,6,66,66103,2,4,2,3,1
202300017108,23,12,2023,22:25,5,1,6,66,66103,2,4,2,1,1
202300017109,15,9,2023,17:26,1,1,7,38,38170,1,1,3,1,1
202300017110,17,9,2023,03:00,3,1,6,988,98819,1,4,2,1,1
202300017111,23,12,2023,16:08,1,8,6,38,38507,2,3,-1,1,1
202300017112,24,12,2023,14:45,1,1,1,26,26235,1,2,2,1,1
202300017113,15,9,2023,17:00,1,1,3,37,37185,2,3,2,1,1
202300017113,15,9,2023,17:00,1,1,3,37,37185,2,3,2,1,1
202300017114,23,12,2023,16:09,1,2,3,81,81219,1,4,2,1,2
202300017114,23,12,2023,16:09,1,2,3,81,81219,1,4,2,2,2
202300017115,15,9,2023,16:40,1,7,6,91,91017,2,3,2,1,1
202300017116,24,12,2023,08:00,1,2,1,33,33056,1,4,2,1,2
202300017117,16,9,2023,15:55,1,1,6,11,11292,1,3,2,1,1
202300017118,24,12,2023,18:15,3,1,1,49,49021,1,3,2,1,1
202300017118,24,12,2023,18:15,3,1,1,49,49021,1,3,-1,-1,-1
202300017119,13,9,2023,17:45,1,1,1,83,83016,2,3,2,1,1
202300017120,23,12,2023,22:45,5,1,6,80,80236,2,3,2,1,1
202300017121,15,9,2023,19:50,3,1,2,83,83068,1,3,2,2,1
202300017122,24,12,2023,08:40,1,9,6,59,59096,2,3,2,1,2
202300017123,23,12,2023,01:00,3,1,3,42,42225,1,1,3,1,1
202300017124,16,9,2023,12:20,1,1,3,83,83138,1,3,1,1,1
202300017125,23,12,2023,18:50,5,1,3,92,92002,2,1,1,1,1
202300017126,23,12,2023,07:00,3,1,2,94,94003,1,1,1,1,1
202300017127,15,9,2023,23:15,5,1,6,68,68322,2,3,2,1,1
202300017128,15,9,2023,18:15,1,1,7,68,68283,1,3,2,2,1
202300017129,23,12,2023,12:55,1,1,4,92,92064,1,1,1,1,2
202300017130,23,12,2023,15:20,1,1,3,93,93053,1,1,3,1,1
202300017131,16,9,2023,10:00,1,7,5,57,57222,1,3,3,2,1
202300017132,23,12,2023,03:55,3,1,2,93,93078,1,1,3,1,1
202300017133,22,12,2023,22:40,3,1,6,94,94022,1,1,1,1,1
202300017134,16,9,2023,12:10,1,1,4,38,38072,2,3,2,1,1
202300017135,9,10,2023,15:50,1,1,3,77,77079,2,3,4,1,1
202300017136,22,9,2023,16:00,1,1,2,19,19037,1,3,2,1,2
202300017137,16,9,2023,12:25,1,1,1,69,69072,2,4,2,1,1
202300017138,22,12,2023,20:15,5,1,6,988,98818,2,4,1,1,1
202300017138,22,12,2023,20:15,5,1,6,988,98818,2,4,1,1,1
202300017139,9,9,2023,15:00,1,1,2,65,65481,1,3,2,2,1
202300017140,22,12,2023,23:40,5,1,6,974,97409,2,4,2,1,1
202300017141,15,9,2023,16:05,1,1,3,85,85176,2,4,2,1,1
202300017142,21,12,2023,21:30,5,1,3,973,97302,1,3,2,1,1
202300017142,21,12,2023,21:30,5,1,3,973,97302,1,3,2,1,1
202300017143,16,9,2023,19:00,1,1,6,02,02676,2,3,2,1,1
202300017144,21,12,2023,21:00,5,1,1,973,97302,2,3,2,1,1
202300017144,21,12,2023,21:00,5,1,1,973,97302,2,3,2,1,1
202300017145,15,9,2023,18:50,1,1,3,80,80212,2,4,1,1,1
202300017145,15,9,2023,18:50,1,1,3,80,80212,2,4,1,2,1
202300017146,21,12,2023,16:35,1,1,3,973,97302,2,3,2,1,1
202300017146,21,12,2023,16:35,1,1,3,973,97302,2,3,2,1,1
202300017147,16,9,2023,04:00,3,1,6,62,62589,1,3,2,3,1
202300017148,21,12,2023,21:20,3,1,5,972,97207,1,2,2,1,1
202300017149,15,9,2023,19:40,2,7,3,59,59377,2,4,2,1,1
202300017149,15,9,2023,19:40,2,7,3,59,59377,2,4,2,-1,-1
202300017150,21,12,2023,17:50,2,1,3,972,97213,1,1,-1,1,1
202300017151,15,9,2023,06:15,4,1,6,13,13210,1,1,-1,1,1
202300017152,22,12,2023,08:00,1,1,2,972,97209,2,3,3,2,1
202300017153,14,9,2023,08:35,1,1,4,13,13211,1,1,1,1,1
202300017154,13,9,2023,16:40,1,1,2,83,83137,1,1,1,1,1
202300017155,22,12,2023,05:15,3,1,3,972,97209,1,2,2,1,1
202300017156,15,9,2023,18:47,1,1,2,33,33192,1,1,3,1,1
202300017157,15,9,2023,17:10,1,1,4,33,33366,1,1,3,1,1
202300017158,15,9,2023,11:50,1,1,4,33,33192,1,1,3,1,1
202300017159,2,2,2023,19:15,5,1,3,75,75117,2,4,2,1,1
202300017160,2,2,2023,18:20,5,1,6,75,75113,2,4,1,1,1
202300017161,2,2,2023,12:45,1,1,7,75,75105,2,4,2,2,1
202300017162,2,2,2023,08:45,1,1,6,75,75110,2,4,2,2,1
202300017162,2,2,2023,08:45,1,1,6,75,75110,2,4,2,1,1
202300017163,2,2,2023,09:00,1,1,3,75,75110,2,4,1,1,1
202300017163,2,2,2023,09:00,1,1,3,75,75110,2,4,2,1,1
202300017164,2,2,2023,01:10,5,1,7,75,75110,2,4,1,1,1
202300017164,2,2,2023,01:10,5,1,7,75,75110,2,4,1,1,1
202300017165,2,2,2023,09:08,1,1,6,75,75108,2,4,1,1,1
202300017165,2,2,2023,09:08,1,1,6,75,75108,2,4,1,1,1
202300017166,2,2,2023,07:45,2,1,6,94,94078,2,3,3,1,1
202300017167,2,2,2023,20:40,5,1,3,94,94043,2,3,2,1,1
202300017167,2,2,2023,20:40,5,1,3,94,94043,2,3,1,1,1
202300017168,2,2,2023,12:00,1,1,2,94,94065,2,2,1,2,1
202300017169,1,2,2023,18:00,2,1,6,94,94060,2,4,2,1,1
202300017170,2,2,2023,19:45,3,1,3,94,94044,1,2,1,1,1
202300017171,2,2,2023,06:15,3,1,2,77,77291,2,4,2,1,1
202300017172,2,2,2023,19:45,5,1,3,93,93064,2,4,2,1,1
202300017173,2,2,2023,07:45,5,1,3,93,93062,2,3,1,1,1
202300017173,2,2,2023,07:45,5,1,3,93,93062,2,3,2,1,1
202300017174,2,2,2023,07:25,2,1,3,93,93062,2,4,2,2,1
202300017174,2,2,2023,07:25,2,1,3,93,93062,2,4,2,1,1
202300017175,1,2,2023,06:43,5,1,5,93,93053,2,3,2,1,1
202300017176,2,2,2023,20:20,5,1,6,93,93048,2,3,2,1,1
202300017177,2,2,2023,18:30,5,1,3,93,93048,2,3,2,2,1
202300017177,2,2,2023,18:30,5,1,3,93,93048,2,3,2,2,1
202300017178,2,2,2023,16:00,1,1,2,93,93008,2,3,3,4,1
202300017179,2,2,2023,15:16,1,1,3,92,92075,2,4,1,1,1
202300017180,2,2,2023,14:07,1,1,3,92,92050,2,3,1,1,1
202300017180,2,2,2023,14:07,1,1,3,92,92050,2,3,1,1,1
202300017181,2,2,2023,09:00,1,1,7,92,92049,2,3,2,1,1
202300017181,2,2,2023,09:00,1,1,7,92,92049,2,3,2,1,1
202300017182,1,2,2023,21:50,5,1,3,92,92020,2,3,2,1,1
202300017183,1,2,2023,09:05,1,1,6,92,92020,2,3,2,2,1
202300017184,1,2,2023,22:45,5,1,3,92,92040,2,3,2,2,1
202300017185,1,2,2023,13:55,1,1,3,92,92036,2,3,2,1,1
202300017185,1,2,2023,13:55,1,1,3,92,92036,2,3,2,1,1
202300017186,1,2,2023,13:45,1,8,3,92,92025,2,3,2,1,1
202300017186,1,2,2023,13:45,1,8,3,92,92025,2,3,3,1,1
202300017187,2,2,2023,18:20,5,1,3,92,92024,2,3,2,1,1
202300017188,1,2,2023,22:17,5,1,7,92,92023,2,3,1,2,1
202300017189,2,2,2023,13:35,1,1,2,92,92002,2,4,1,1,1
202300017190,31,1,2023,13:45,1,8,6,62,62177,2,3,2,1,2
202300017191,2,2,2023,14:40,1,1,7,83,83003,1,3,2,2,1
202300017192,31,1,2023,11:30,1,1,6,68,68112,2,4,2,1,1
202300017193,3,2,2023,06:00,1,1,7,988,98810,1,5,2,1,9
202300017194,28,1,2023,15:00,1,8,6,68,68300,2,3,2,1,1
202300017195,2,2,2023,11:15,1,1,3,83,83048,1,3,2,1,1
202300017196,2,2,2023,12:20,1,1,1,974,97414,2,4,2,1,1
202300017196,2,2,2023,12:20,1,1,1,974,97414,2,4,3,1,1
202300017197,2,2,2023,12:15,1,1,3,06,06064,2,9,2,1,1
202300017198,18,1,2023,20:30,3,4,2,61,61181,1,1,3,3,2
202300017199,15,1,2023,04:55,3,9,7,79,79301,1,3,2,1,2
202300017200,3,2,2023,18:30,5,1,6,82,82037,2,3,2,1,1
202300017201,3,2,2023,12:40,1,1,6,71,71330,1,3,2,1,1
202300017202,26,1,2023,10:50,1,1,4,61,61140,1,3,2,2,1
202300017203,2,2,2023,19:15,3,1,3,61,61508,1,3,2,2,1
202300017203,2,2,2023,19:15,3,1,3,61,61508,1,3,2,1,1
202300017204,3,2,2023,12:25,1,1,1,42,42246,1,3,2,1,1
202300017205,2,2,2023,13:50,1,1,7,41,41151,1,4,2,1,1
202300017206,16,1,2023,14:45,1,1,3,29,29045,1,3,2,3,1
202300017206,16,1,2023,14:45,1,1,3,29,29045,1,3,2,4,1
202300017207,2,2,2023,08:30,1,1,2,34,34150,1,3,2,2,1
202300017208,1,2,2023,17:40,3,1,2,25,25510,1,3,2,1,1
202300017208,1,2,2023,17:40,3,1,2,25,25510,1,3,2,1,1
202300017209,1,2,2023,16:30,1,1,7,29,29260,1,3,2,1,1
202300017210,2,2,2023,13:40,1,1,6,31,31390,2,4,2,1,1
202300017211,2,2,2023,22:00,3,1,7,26,26305,1,3,2,1,1
202300017212,3,2,2023,13:20,1,8,6,14,14270,1,3,2,1,1
202300017213,3,2,2023,00:10,3,1,6,60,60188,2,4,2,1,1
202300017214,20,1,2023,08:25,2,1,6,60,60616,2,4,1,1,1
202300017215,3,2,2023,01:30,3,1,6,18,18211,1,4,2,1,1
202300017216,1,2,2023,12:45,1,2,6,43,43200,2,4,1,2,2
202300017217,3,2,2023,04:15,3,9,7,24,24364,1,3,2,2,1
202300017218,3,2,2023,16:30,1,1,6,24,24356,2,3,2,1,1
202300017219,29,1,2023,01:30,3,1,6,87,87103,1,3,2,2,2
202300017220,2,2,2023,07:20,2,1,5,30,30004,1,2,2,1,1
202300017220,2,2,2023,07:20,2,1,5,30,30004,1,2,2,1,1
202300017221,3,2,2023,19:45,3,6,1,30,30012,1,3,2,1,1
202300017222,3,2,2023,16:00,1,8,6,88,88516,2,4,2,2,1
202300017222,3,2,2023,16:00,1,8,6,88,88516,2,4,2,1,1
202300017223,3,2,2023,06:58,5,9,3,24,24194,2,3,2,1,1
202300017223,3,2,2023,06:58,5,9,3,24,24194,2,3,2,1,1
202300017224,30,1,2023,08:41,1,1,7,10,10419,1,1,3,1,1
202300017225,30,1,2023,12:15,1,1,4,10,10003,1,1,3,4,1
202300017226,2,2,2023,07:15,1,1,6,987,98735,1,2,2,1,1
202300017227,3,2,2023,08:00,2,1,6,53,53147,2,4,2,1,1
202300017228,31,1,2023,18:15,1,1,6,987,98733,2,2,2,1,1
202300017229,1,2,2023,05:15,3,1,2,988,98802,1,2,2,1,1
202300017229,1,2,2023,05:15,3,1,2,988,98802,1,2,2,1,1
202300017230,3,2,2023,01:45,3,1,7,977,97701,1,3,2,1,1
202300017231,26,1,2023,20:50,5,2,6,33,33085,2,3,2,1,2
202300017232,2,2,2023,20:18,5,1,6,28,28279,2,3,2,1,1
202300017233,3,2,2023,17:25,1,1,5,2B,2B355,1,3,2,2,1
202300017234,2,2,2023,16:20,1,1,6,13,13081,2,4,2,1,1
202300017235,2,2,2023,16:50,1,6,3,13,13027,2,4,2,2,1
202300017236,2,2,2023,21:30,5,1,7,67,67348,2,3,2,2,1
202300017237,3,2,2023,04:40,3,1,6,46,46102,2,3,2,2,1
202300017238,3,2,2023,08:00,1,1,5,31,31248,2,3,2,1,1
202300017239,17,1,2023,21:30,3,4,1,40,40283,1,3,2,1,7
202300017240,3,2,2023,18:30,5,2,3,14,14258,2,3,2,1,2
202300017241,2,2,2023,10:30,1,8,3,35,35191,1,3,2,2,1
202300017242,2,2,2023,07:35,2,1,6,13,13071,1,1,1,2,1
202300017243,1,2,2023,16:36,1,1,6,83,83027,1,1,1,1,1
202300017244,30,1,2023,16:55,1,1,3,59,59343,1,1,-1,1,1
202300017245,2,2,2023,18:30,3,1,4,91,91468,1,1,1,1,1
202300017246,2,2,2023,17:40,5,1,4,94,94043,1,1,1,1,1
202300017247,1,2,2023,16:53,1,1,2,92,92050,1,1,1,1,1
202300017248,2,2,2023,18:05,3,1,3,93,93064,1,1,3,1,1
202300017249,2,2,2023,02:20,3,1,6,974,97416,1,4,2,1,1
202300017250,1,2,2023,18:40,1,1,3,974,97416,2,4,4,1,1
202300017251,1,2,2023,09:15,1,1,2,974,97409,1,2,2,1,1
202300017252,1,2,2023,19:40,5,1,3,974,97407,2,4,-1,1,1
202300017253,1,2,2023,17:55,1,1,3,973,97302,2,3,2,1,1
202300017253,1,2,2023,17:55,1,1,3,973,97302,2,3,2,3,1
202300017254,1,2,2023,16:15,1,1,3,973,97302,2,3,2,1,1
202300017254,1,2,2023,16:15,1,1,3,973,97302,2,3,2,1,1
202300017255,1,2,2023,18:30,2,1,2,69,69383,2,4,2,1,1
202300017256,1,2,2023,06:45,3,1,3,69,69383,2,4,1,1,1
202300017256,1,2,2023,06:45,3,1,3,69,69383,2,4,1,1,1
202300017257,1,2,2023,01:35,5,1,4,69,69382,2,4,1,1,1
202300017258,1,2,2023,15:20,1,8,3,2A,2A004,1,4,2,1,1
202300017259,1,2,2023,08:15,1,9,3,91,91103,1,4,1,1,9
202300017260,30,1,2023,13:20,1,1,6,91,91692,2,4,2,1,1
202300017261,1,2,2023,23:20,5,1,6,91,91326,2,4,1,1,1
202300017262,1,2,2023,08:10,1,8,3,91,91326,2,4,-1,1,1
202300017262,1,2,2023,08:10,1,8,3,91,91326,2,4,-1,1,1
202300017263,1,2,2023,16:20,1,1,3,91,91223,2,4,2,1,1
202300017264,1,2,2023,15:30,1,1,5,83,83137,1,3,2,2,1
202300017265,1,2,2023,12:40,1,1,6,83,83137,2,4,2,1,1
202300017266,30,1,2023,14:05,1,1,6,77,77053,2,4,1,1,2
202300017267,1,2,2023,14:50,1,1,2,76,76540,2,4,2,2,1
202300017268,1,2,2023,14:25,1,1,6,76,76322,2,4,2,1,1
202300017268,1,2,2023,14:25,1,1,6,76,76322,2,4,2,1,1
202300017269,30,1,2023,18:05,5,8,6,76,76540,2,4,2,1,1
202300017269,30,1,2023,18:05,5,8,6,76,76540,2,4,2,1,1
202300017270,1,2,2023,18:55,2,1,3,74,74010,2,4,2,1,1
202300017270,1,2,2023,18:55,2,1,3,74,74010,2,4,2,1,1
202300017271,1,2,2023,07:55,2,1,6,72,72181,2,4,2,1,1
202300017272,1,2,2023,20:10,5,1,7,71,71076,2,4,2,1,1
202300017273,1,2,2023,12:35,1,1,3,69,69259,2,4,2,2,1
202300017273,1,2,2023,12:35,1,1,3,69,69259,2,4,2,1,1
202300017274,31,1,2023,07:30,2,8,6,67,67482,2,4,2,1,2
202300017275,31,1,2023,19:05,5,1,2,64,64102,2,4,2,2,1
202300017276,31,1,2023,18:15,2,1,7,64,64102,2,4,1,1,1
202300017277,1,2,2023,09:00,1,1,4,60,60057,2,4,2,1,1
202300017278,1,2,2023,13:50,1,1,6,59,59599,2,4,2,1,1
202300017279,1,2,2023,18:40,5,2,3,59,59512,2,7,2,2,2
202300017279,1,2,2023,18:40,5,2,3,59,59512,2,7,2,3,2
202300017280,30,1,2023,17:00,1,1,3,59,59343,2,7,2,1,1
202300017280,30,1,2023,17:00,1,1,3,59,59343,2,7,2,1,1
202300017281,31,1,2023,20:30,5,1,2,56,56121,2,4,2,1,1
202300017282,31,1,2023,18:31,5,1,6,54,54395,2,4,2,1,2
202300017283,31,1,2023,17:12,5,2,6,54,54395,2,4,2,2,2
202300017283,31,1,2023,17:12,5,2,6,54,54395,2,4,2,1,2
202300017284,31,1,2023,17:15,1,8,2,52,52125,1,3,3,1,1
202300017285,31,1,2023,12:30,1,1,6,51,51454,2,4,1,1,9
202300017286,31,1,2023,11:14,1,8,3,51,51506,2,4,2,1,2
202300017287,31,1,2023,14:10,1,1,5,49,49246,2,1,3,1,1
202300017288,30,1,2023,08:40,1,2,2,49,49015,2,3,3,1,2
202300017289,1,2,2023,13:29,1,1,6,45,45234,2,4,2,1,1
202300017290,1,2,2023,20:21,5,1,3,44,44109,2,4,1,1,1
202300017291,31,1,2023,16:00,1,1,3,37,37261,2,4,2,1,1
202300017292,1,2,2023,19:20,5,1,6,35,35238,2,4,1,2,1
202300017293,1,2,2023,15:50,1,1,3,35,35238,2,4,-1,-1,-1
202300017293,1,2,2023,15:50,1,1,3,35,35238,2,4,2,1,1
202300017294,27,1,2023,08:00,1,1,3,33,33281,2,4,2,1,9
202300017294,27,1,2023,08:00,1,1,3,33,33281,2,4,2,1,9
202300017295,1,2,2023,12:15,1,1,3,31,31555,2,4,1,1,1
202300017296,1,2,2023,08:30,1,1,3,31,31555,2,7,2,1,1
202300017297,31,1,2023,14:15,1,1,2,29,29019,2,4,1,1,1
202300017297,31,1,2023,14:15,1,1,2,29,29019,2,4,-1,2,1
202300017298,1,2,2023,11:40,1,1,4,28,28134,2,2,2,2,1
202300017299,31,1,2023,11:15,1,1,3,27,27681,2,4,-1,1,1
202300017299,31,1,2023,11:15,1,1,3,27,27681,2,4,-1,1,1
202300017300,1,2,2023,17:14,1,1,4,27,27528,1,3,1,1,1
202300017301,9,1,2023,08:02,2,1,6,18,18050,1,3,2,2,2
202300017302,1,2,2023,21:20,5,1,6,16,16102,2,4,2,1,1
202300017302,1,2,2023,21:20,5,1,6,16,16102,2,4,2,1,1
202300017303,31,1,2023,18:30,5,8,6,15,15014,2,3,3,1,1
202300017304,29,1,2023,11:30,1,1,3,13,13098,1,3,-1,1,1
202300017305,1,2,2023,07:55,1,8,6,13,13005,2,4,2,2,1
202300017306,1,2,2023,14:55,1,1,6,06,06069,1,3,2,1,1
202300017307,1,2,2023,12:40,1,1,2,06,06069,2,4,2,1,1
202300017308,31,1,2023,14:25,1,1,3,75,75119,2,4,1,1,1
202300017309,31,1,2023,23:01,5,1,6,75,75118,2,4,1,1,1
202300017310,31,1,2023,08:40,1,1,6,75,75119,2,4,2,1,1
202300017310,31,1,2023,08:40,1,1,6,75,75119,2,4,1,1,1
202300017311,1,2,2023,05:40,5,1,1,75,75119,2,4,1,1,1
202300017311,1,2,2023,05:40,5,1,1,75,75119,2,4,3,1,1
202300017312,1,2,2023,07:40,2,1,6,75,75117,2,4,2,1,1
202300017312,1,2,2023,07:40,2,1,6,75,75117,2,4,2,1,1
202300017313,1,2,2023,15:00,1,1,3,75,75116,2,4,1,1,1
202300017314,1,2,2023,16:20,1,1,3,75,75110,2,4,2,1,1
202300017314,1,2,2023,16:20,1,1,3,75,75110,2,4,1,1,1
202300017315,31,1,2023,23:00,5,1,3,75,75110,2,4,3,1,1
202300017315,31,1,2023,23:00,5,1,3,75,75110,2,4,2,1,1
202300017316,31,1,2023,23:28,5,1,3,75,75109,2,4,1,1,1
202300017316,31,1,2023,23:28,5,1,3,75,75109,2,4,1,1,1
202300017317,1,2,2023,09:14,1,1,6,94,94081,2,4,1,1,1
202300017317,1,2,2023,09:14,1,1,6,94,94081,2,4,1,2,1
202300017318,30,1,2023,19:00,2,2,6,94,94028,2,4,2,1,2
202300017318,30,1,2023,19:00,2,2,6,94,94028,2,4,3,1,2
202300017319,30,1,2023,18:50,5,1,1,94,94011,2,3,3,1,1
202300017320,1,2,2023,14:15,1,1,4,94,94022,2,3,3,1,1
202300017321,1,2,2023,09:00,1,1,3,94,94017,2,3,2,1,1
202300017321,1,2,2023,09:00,1,1,3,94,94017,2,3,2,2,1
202300017322,1,2,2023,18:00,5,1,1,94,94004,2,3,2,1,1
202300017323,1,2,2023,16:15,1,1,2,94,94071,2,3,1,1,1
202300017324,1,2,2023,15:00,1,1,3,93,93066,2,4,1,1,1
202300017324,1,2,2023,15:00,1,1,3,93,93066,2,4,2,1,1
202300017325,1,2,2023,14:25,1,1,6,93,93066,2,3,2,1,1
202300017325,1,2,2023,14:25,1,1,6,93,93066,2,3,1,1,1
202300017326,1,2,2023,08:25,1,1,5,93,93062,2,4,2,2,1
202300017326,1,2,2023,08:25,1,1,5,93,93062,2,4,2,2,1
202300017327,1,2,2023,08:30,1,1,3,93,93049,2,4,2,1,2
202300017327,1,2,2023,08:30,1,1,3,93,93049,2,4,2,1,2
202300017328,1,2,2023,09:00,1,1,2,93,93057,2,3,3,1,1
202300017329,1,2,2023,18:25,1,1,6,93,93008,2,4,1,1,1
202300017330,1,2,2023,10:55,1,1,6,93,93008,2,3,3,1,1
202300017331,1,2,2023,14:20,1,1,3,93,93007,2,4,2,1,1
202300017331,1,2,2023,14:20,1,1,3,93,93007,2,4,1,1,1
202300017332,1,2,2023,12:36,1,1,1,93,93007,2,3,2,1,1
202300017333,1,2,2023,07:40,1,1,3,92,92077,2,3,-1,1,1
202300017334,1,2,2023,12:30,1,1,1,92,92050,2,3,2,1,1
202300017335,2,2,2023,23:00,5,1,6,92,92007,2,3,2,1,1
202300017335,2,2,2023,23:00,5,1,6,92,92007,2,3,2,1,1
202300017336,1,2,2023,09:17,1,9,1,91,91340,1,4,2,1,1
202300017337,30,1,2023,10:05,1,1,6,83,83072,2,3,2,2,1
202300017338,2,2,2023,11:50,1,1,1,45,45293,1,3,2,1,1
202300017339,1,2,2023,13:45,1,1,6,83,83148,2,4,2,1,1
202300017340,31,1,2023,21:10,3,1,2,26,26330,1,3,2,1,1
202300017341,2,2,2023,15:33,1,1,2,48,48128,1,1,3,2,1
202300017342,1,2,2023,07:20,5,1,3,38,38113,1,3,2,1,1
202300017342,1,2,2023,07:20,5,1,3,38,38113,1,3,2,2,1
202300017343,31,1,2023,21:35,3,1,1,11,11255,1,3,1,1,1
202300017344,26,1,2023,10:35,1,4,6,11,11254,1,3,-1,1,2
202300017345,5,1,2023,10:45,1,7,6,34,34245,2,3,2,1,1
202300017346,2,2,2023,07:38,2,1,1,25,25467,2,3,2,1,1
202300017346,2,2,2023,07:38,2,1,1,25,25467,2,3,2,4,1
202300017347,1,2,2023,18:20,5,1,2,31,31561,2,7,3,1,1
202300017348,1,2,2023,19:30,3,1,3,38,38062,1,1,2,1,1
202300017348,1,2,2023,19:30,3,1,3,38,38062,1,1,-1,1,1
202300017349,1,2,2023,14:00,1,1,3,58,58297,2,3,2,1,1
202300017350,29,1,2023,15:29,1,1,7,90,90034,1,4,2,1,1
202300017351,1,2,2023,19:10,3,1,4,60,60616,1,3,2,1,1
202300017352,2,2,2023,12:58,1,1,3,18,18124,1,3,3,2,9
202300017353,2,2,2023,08:00,2,1,5,18,18057,1,3,2,1,1
202300017354,30,1,2023,19:35,3,1,7,30,30003,1,3,3,1,1
202300017355,1,2,2023,14:20,1,1,6,06,06018,1,3,2,1,1
202300017356,17,10,2023,17:30,2,7,2,972,97224,1,3,2,2,1
202300017357,16,10,2023,14:50,1,1,4,91,91100,2,3,2,1,1
202300017358,18,10,2023,00:43,3,1,1,2B,2B109,1,3,2,1,1
202300017359,18,10,2023,12:30,1,1,2,84,84092,2,4,3,1,1
202300017360,18,10,2023,11:30,1,1,2,13,13092,1,3,2,1,1
202300017361,18,10,2023,12:35,1,1,2,13,13119,2,3,2,1,1
202300017362,18,10,2023,15:45,1,1,1,52,52269,1,4,2,2,1
202300017363,17,10,2023,10:10,1,1,6,03,03200,2,3,2,2,1
202300017364,17,10,2023,17:36,1,1,6,38,38158,2,4,2,1,1
202300017365,15,10,2023,16:00,1,1,7,07,07268,1,3,2,1,1
202300017366,18,10,2023,07:25,3,1,7,69,69106,1,3,2,1,1
202300017367,18,10,2023,10:15,1,2,1,86,86173,2,3,2,1,2
202300017368,18,10,2023,11:30,1,2,3,14,14341,2,4,2,1,2
202300017369,10,10,2023,12:20,1,1,6,29,29124,2,4,2,1,1
202300017370,18,10,2023,13:20,1,2,7,35,35106,1,3,2,2,2
202300017371,17,10,2023,07:40,2,1,6,80,80685,2,4,2,1,1
202300017371,17,10,2023,07:40,2,1,6,80,80685,2,4,2,1,1
202300017372,16,10,2023,11:06,1,1,4,13,13202,2,7,1,2,1
202300017373,17,10,2023,16:00,1,1,3,83,83137,2,1,1,1,1
202300017374,17,10,2023,08:50,1,1,2,91,91340,1,2,1,1,1
202300017375,17,10,2023,07:53,2,1,2,91,91161,1,1,1,1,1
202300017376,16,10,2023,20:05,3,1,5,91,91161,1,1,3,1,1
202300017377,17,10,2023,17:45,1,1,7,93,93066,1,1,3,1,1
202300017378,17,10,2023,09:00,1,1,4,93,93064,1,1,3,1,1
202300017379,16,10,2023,14:20,1,1,4,93,93078,1,1,3,1,1
202300017380,17,10,2023,08:30,1,1,2,94,94069,1,1,-1,1,1
202300017381,19,7,2023,17:40,1,1,2,73,73008,2,3,1,1,1
202300017381,19,7,2023,17:40,1,1,2,73,73008,2,3,2,1,1
202300017382,31,5,2023,07:50,1,1,1,73,73008,2,4,2,1,1
202300017382,31,5,2023,07:50,1,1,1,73,73008,2,4,2,1,1
202300017382,31,5,2023,07:50,1,1,1,73,73008,2,4,2,1,1
202300017383,22,5,2023,18:45,1,1,5,74,74024,2,3,2,2,1
202300017384,14,5,2023,08:30,1,2,6,74,74143,1,2,2,1,2
202300017385,6,6,2023,22:15,5,1,7,74,74143,1,2,2,1,1
202300017386,5,6,2023,10:55,1,1,2,74,74201,1,3,2,1,1
202300017387,23,7,2023,14:20,1,1,2,74,74275,2,3,2,1,1
202300017388,21,7,2023,16:00,1,1,1,74,74168,1,3,2,1,1
202300017388,21,7,2023,16:00,1,1,1,74,74168,1,3,-1,2,1
202300017389,21,7,2023,15:45,1,1,5,74,74154,1,3,2,1,1
202300017390,21,7,2023,08:30,1,1,7,74,74032,1,3,2,1,1
202300017391,14,7,2023,16:25,1,1,2,74,74267,2,3,2,1,1
202300017392,3,7,2023,12:00,1,1,6,74,74243,1,1,1,2,1
202300017393,2,7,2023,12:10,1,1,3,74,74104,2,3,2,1,1
202300017394,1,8,2023,17:05,1,8,6,74,74065,2,3,2,3,2
202300017395,26,5,2023,08:00,1,1,5,29,29260,1,3,2,1,1
202300017396,14,10,2023,12:20,1,1,3,974,97411,2,2,2,1,1
202300017396,14,10,2023,12:20,1,1,3,974,97411,2,2,2,1,1
202300017397,4,10,2023,07:25,1,1,6,973,97302,2,4,2,1,1
202300017398,16,10,2023,08:20,1,1,3,973,97302,2,4,2,1,1
202300017399,15,10,2023,21:55,5,1,2,973,97302,1,2,3,1,1
202300017400,10,10,2023,16:30,1,1,3,973,97302,2,4,2,1,1
202300017401,16,10,2023,04:30,5,1,6,69,69387,2,4,2,1,1
202300017401,16,10,2023,04:30,5,1,6,69,69387,2,4,2,1,1
202300017402,15,10,2023,03:05,5,1,6,972,97213,1,1,2,1,1
202300017403,16,10,2023,14:10,1,1,6,972,97229,1,4,2,1,1
202300017404,16,10,2023,09:10,1,1,6,972,97209,2,4,-1,2,9
202300017405,10,10,2023,17:08,1,1,6,69,69034,2,4,2,1,1
202300017405,10,10,2023,17:08,1,1,6,69,69034,2,4,2,1,1
202300017406,16,10,2023,12:10,1,1,3,2B,2B037,1,4,-1,1,1
202300017406,16,10,2023,12:10,1,1,3,2B,2B037,1,4,-1,1,1
202300017407,15,10,2023,04:20,2,2,1,971,97101,1,4,2,2,2
202300017408,14,10,2023,10:05,1,1,2,971,97101,2,3,2,1,1