id_accident,jour,mois,annee,heure_minute,luminosite,meteo,type_collision,departement,commune,agglomeration,categorie_route,regime_circulation,profil_route,etat_surface
202300017409,13,10,2023,16:35,1,1,6,971,97101,1,6,-1,1,1
202300017410,14,10,2023,11:36,1,2,7,87,87085,2,4,2,1,2
202300017411,16,10,2023,08:21,1,1,6,87,87085,2,4,3,2,1
202300017412,16,10,2023,12:37,1,1,2,84,84031,2,3,2,1,1
202300017412,16,10,2023,12:37,1,1,2,84,84031,2,3,2,1,1
202300017413,13,10,2023,00:05,3,1,6,83,83118,1,3,3,1,1
202300017414,16,10,2023,21:40,3,1,6,78,78517,1,2,3,1,1
202300017415,11,10,2023,19:35,2,1,6,78,78299,2,4,-1,1,1
202300017416,16,10,2023,14:58,1,1,3,78,78498,2,3,2,1,1
202300017416,16,10,2023,14:58,1,1,3,78,78498,2,3,2,1,1
202300017417,16,10,2023,18:25,5,1,6,77,77096,2,3,4,1,1
202300017418,16,10,2023,10:15,1,1,3,77,77464,2,3,2,1,1
202300017418,16,10,2023,10:15,1,1,3,77,77464,2,3,1,2,1
202300017419,14,10,2023,02:25,5,1,6,76,76351,2,4,2,1,1
202300017419,14,10,2023,02:25,5,1,6,76,76351,2,4,2,1,1
202300017420,9,10,2023,18:30,1,1,6,76,76351,2,4,2,1,1
202300017421,6,10,2023,21:20,5,1,3,76,76351,2,4,2,2,1
202300017421,6,10,2023,21:20,5,1,3,76,76351,2,4,2,1,1
202300017422,6,10,2023,19:30,5,1,6,76,76351,2,4,1,1,1
202300017423,16,10,2023,14:50,1,8,5,74,74010,2,3,3,1,1
202300017424,16,10,2023,19:05,5,1,4,73,73008,2,3,3,1,1
202300017425,15,10,2023,19:55,2,1,6,72,72181,2,4,1,3,1
202300017426,15,10,2023,13:50,1,1,3,72,72181,2,4,1,1,1
202300017427,16,10,2023,14:55,1,1,3,71,71118,1,4,2,2,1
202300017427,16,10,2023,14:55,1,1,3,71,71118,1,4,1,2,1
202300017428,16,10,2023,15:45,1,1,6,69,69256,2,4,2,1,1
202300017428,16,10,2023,15:45,1,1,6,69,69256,2,4,2,1,1
202300017429,16,10,2023,13:35,1,1,3,64,64445,2,3,-1,1,1
202300017429,16,10,2023,13:35,1,1,3,64,64445,2,3,2,1,1
202300017430,16,10,2023,07:25,2,8,3,64,64445,2,4,2,1,2
202300017431,10,10,2023,20:01,5,1,1,64,64024,2,4,2,2,1
202300017432,16,10,2023,12:12,1,1,3,63,63113,2,4,2,1,1
202300017432,16,10,2023,12:12,1,1,3,63,63113,2,4,2,1,1
202300017433,16,10,2023,10:15,1,1,2,63,63113,2,7,1,1,1
202300017433,16,10,2023,10:15,1,1,2,63,63113,2,7,3,1,1
202300017434,14,10,2023,01:00,5,1,6,62,62178,2,4,2,1,1
202300017435,15,10,2023,16:20,1,1,3,62,62178,2,4,2,1,1
202300017435,15,10,2023,16:20,1,1,3,62,62178,2,4,2,1,1
202300017436,7,10,2023,16:40,1,1,3,62,62643,2,3,-1,1,1
202300017436,7,10,2023,16:40,1,1,3,62,62643,2,3,2,1,1
202300017437,16,10,2023,22:30,5,1,6,59,59155,2,3,2,1,1
202300017438,15,10,2023,11:30,1,1,6,59,59178,2,4,1,1,1
202300017439,13,10,2023,18:40,2,1,1,59,59375,1,3,2,1,1
202300017440,13,10,2023,09:10,1,7,6,52,52448,2,4,2,1,1
202300017441,14,10,2023,12:08,1,1,6,51,51454,2,4,1,1,1
202300017442,16,10,2023,17:30,1,1,6,51,51506,2,4,2,1,1
202300017443,16,10,2023,15:25,1,1,6,49,49007,2,4,2,1,1
202300017444,16,10,2023,13:45,1,1,3,49,49007,2,4,3,1,1
202300017445,14,10,2023,00:25,3,1,6,47,47323,1,3,2,2,1
202300017446,16,10,2023,21:00,5,1,6,46,46042,2,4,1,2,1
202300017447,16,10,2023,12:41,1,1,3,45,45286,1,4,2,2,1
202300017447,16,10,2023,12:41,1,1,3,45,45286,1,4,1,2,1
202300017448,6,10,2023,08:50,1,1,3,45,45234,2,4,1,1,1
202300017448,6,10,2023,08:50,1,1,3,45,45234,2,4,2,1,1
202300017449,16,10,2023,15:25,1,1,3,43,43251,2,6,-1,1,1
202300017450,15,10,2023,20:11,5,1,2,43,43046,2,3,2,1,1
202300017451,16,10,2023,08:10,1,1,2,35,35238,1,2,3,1,1
202300017452,16,10,2023,12:45,1,1,3,31,31149,2,4,-1,1,1
202300017453,15,10,2023,14:45,1,1,2,31,31555,2,7,2,1,1
202300017454,15,10,2023,11:25,1,1,6,31,31555,2,4,2,1,1
202300017455,16,10,2023,09:45,1,1,2,29,29232,2,3,1,1,1
202300017456,16,10,2023,16:15,1,7,6,28,28404,2,4,2,1,1
202300017457,15,10,2023,21:00,5,1,1,27,27229,2,4,-1,2,1
202300017458,16,10,2023,09:55,1,1,2,25,25204,2,3,2,1,1
202300017458,16,10,2023,09:55,1,1,2,25,25204,2,3,2,1,1
202300017459,13,10,2023,17:05,1,1,3,19,19031,2,4,2,1,1
202300017460,13,10,2023,16:00,1,1,6,19,19031,2,4,2,1,1
202300017461,16,10,2023,09:48,1,1,6,13,13071,2,3,2,2,1
202300017462,2,9,2023,18:05,1,1,6,13,13077,2,4,2,1,1
202300017462,2,9,2023,18:05,1,1,6,13,13077,2,4,2,1,1
202300017462,2,9,2023,18:05,1,1,6,13,13077,2,4,2,1,1
202300017463,16,10,2023,18:30,2,1,5,13,13213,2,4,1,1,1
202300017463,16,10,2023,18:30,2,1,5,13,13213,2,4,2,1,1
202300017464,16,10,2023,15:30,1,1,6,13,13206,2,4,1,1,1
202300017464,16,10,2023,15:30,1,1,6,13,13206,2,4,2,1,1
202300017465,16,10,2023,07:00,2,1,3,13,13212,2,4,2,1,1
202300017466,15,10,2023,18:30,1,1,3,13,13204,2,4,1,1,1
202300017466,15,10,2023,18:30,1,1,3,13,13204,2,4,3,1,1
202300017467,16,10,2023,12:13,1,1,3,12,12145,2,3,1,1,1
202300017467,16,10,2023,12:13,1,1,3,12,12145,2,3,2,1,1
202300017468,16,10,2023,19:53,5,1,3,75,75115,2,4,1,1,1
202300017469,15,10,2023,03:00,5,1,6,75,75112,2,4,2,1,1
202300017470,16,10,2023,10:00,1,1,6,75,75111,2,4,1,1,1
202300017470,16,10,2023,10:00,1,1,6,75,75111,2,4,1,2,1
202300017471,16,10,2023,10:20,1,1,3,75,75111,2,4,2,1,1
202300017471,16,10,2023,10:20,1,1,3,75,75111,2,4,1,1,1
202300017472,16,10,2023,14:10,1,1,6,75,75108,2,4,1,2,1
202300017473,16,10,2023,12:55,1,1,6,75,75115,2,4,3,1,1
202300017473,16,10,2023,12:55,1,1,6,75,75115,2,4,1,1,1
202300017474,16,10,2023,08:39,1,8,3,75,75107,2,4,1,1,1
202300017474,16,10,2023,08:39,1,8,3,75,75107,2,4,2,1,1
202300017475,16,10,2023,17:05,1,1,6,75,75103,2,4,2,1,1
202300017476,16,10,2023,17:35,1,1,3,94,94078,2,2,1,1,1
202300017477,15,10,2023,15:30,1,1,3,94,94015,2,3,2,2,1
202300017477,15,10,2023,15:30,1,1,3,94,94015,2,3,1,1,1
202300017478,16,10,2023,14:25,1,1,3,94,94046,2,3,2,1,1
202300017479,16,10,2023,20:45,5,1,6,94,94016,2,4,-1,1,1
202300017480,16,10,2023,08:30,1,1,3,94,94041,2,3,-1,1,1
202300017481,9,10,2023,19:00,2,1,2,94,94073,2,3,-1,1,1
202300017482,14,10,2023,23:35,5,1,3,94,94011,2,3,2,1,1
202300017482,14,10,2023,23:35,5,1,3,94,94011,2,3,2,1,1
202300017483,16,10,2023,17:30,1,1,3,94,94069,2,3,-1,1,1
202300017484,16,10,2023,12:40,1,1,6,93,93073,2,4,2,1,1
202300017484,16,10,2023,12:40,1,1,6,93,93073,2,4,2,1,1
202300017485,16,10,2023,21:00,5,1,6,93,93066,2,4,1,1,1
202300017486,16,10,2023,11:55,1,1,2,93,93062,2,3,2,1,1
202300017487,15,10,2023,16:30,1,1,3,93,93063,2,3,2,1,1
202300017487,15,10,2023,16:30,1,1,3,93,93063,2,3,3,1,1
202300017488,16,10,2023,16:20,1,1,3,93,93029,2,3,2,1,1
202300017488,16,10,2023,16:20,1,1,3,93,93029,2,3,1,1,1
202300017489,16,10,2023,05:00,5,1,3,93,93013,2,4,2,1,1
202300017489,16,10,2023,05:00,5,1,3,93,93013,2,4,-1,1,1
202300017490,15,10,2023,06:40,2,1,3,93,93047,2,4,2,1,1
202300017490,15,10,2023,06:40,2,1,3,93,93047,2,4,2,1,1
202300017491,16,10,2023,19:47,2,1,6,93,93001,2,3,1,1,1
202300017491,16,10,2023,19:47,2,1,6,93,93001,2,3,2,1,1
202300017492,1,9,2023,23:10,5,1,3,92,92078,2,4,1,1,1
202300017493,16,10,2023,16:45,1,1,6,92,92073,2,4,1,2,1
202300017493,16,10,2023,16:45,1,1,6,92,92073,2,4,1,1,1
202300017494,16,10,2023,10:10,1,8,6,92,92024,2,4,1,1,1
202300017495,16,10,2023,16:49,2,1,1,92,92012,2,4,2,1,1
202300017496,16,10,2023,16:35,1,1,6,92,92012,2,3,1,1,1
202300017497,16,10,2023,10:00,1,1,6,92,92012,2,4,1,1,1
202300017498,15,10,2023,11:53,1,1,3,92,92009,2,3,1,1,1
202300017498,15,10,2023,11:53,1,1,3,92,92009,2,3,1,1,1
202300017499,16,10,2023,18:20,1,1,6,35,35175,2,3,2,1,1
202300017500,17,10,2023,01:15,3,1,6,50,50167,1,3,2,1,1
202300017501,14,9,2023,16:30,1,1,6,12,12300,2,6,-1,1,1
202300017502,5,7,2023,14:05,1,1,4,972,97232,2,4,-1,-1,-1
202300017502,5,7,2023,14:05,1,1,4,972,97232,2,4,2,4,1
202300017503,17,10,2023,12:30,1,1,1,22,22180,1,2,2,1,1
202300017504,17,10,2023,15:30,1,1,7,30,30209,1,3,2,1,2
202300017505,16,10,2023,19:15,3,1,3,62,62885,1,4,2,1,1
202300017506,15,10,2023,01:00,3,1,6,77,77406,2,3,2,1,1
202300017507,16,10,2023,01:36,3,1,6,61,61349,1,1,3,1,1
202300017508,17,10,2023,10:45,1,8,6,83,83067,1,3,2,1,1
202300017509,16,10,2023,23:21,3,1,3,62,62599,1,2,2,2,1
202300017509,16,10,2023,23:21,3,1,3,62,62599,1,2,3,1,1
202300017510,17,10,2023,03:50,3,1,7,56,56101,1,2,3,1,1
202300017511,14,10,2023,21:25,5,1,2,82,82013,2,4,2,2,1
202300017512,16,10,2023,21:15,3,1,6,33,33424,1,3,3,1,1
202300017513,16,10,2023,19:30,3,1,1,11,11106,2,3,2,1,1
202300017513,16,10,2023,19:30,3,1,1,11,11106,2,3,2,1,1
202300017514,16,10,2023,17:00,1,1,5,71,71428,1,3,2,1,1
202300017514,16,10,2023,17:00,1,1,5,71,71428,1,3,-1,1,1
202300017515,16,10,2023,14:21,1,1,6,61,61476,1,3,2,3,1
202300017516,16,10,2023,05:05,3,1,6,61,61370,1,3,2,2,1
202300017517,16,10,2023,17:00,1,1,7,47,47186,1,3,2,1,1
202300017518,16,10,2023,18:20,1,1,7,68,68138,2,3,2,1,1
202300017519,16,10,2023,13:45,1,1,3,25,25405,1,3,2,1,1
202300017520,16,10,2023,18:00,1,1,6,03,03031,1,3,2,2,1
202300017521,17,10,2023,10:50,1,1,3,26,26113,1,3,2,1,1
202300017521,17,10,2023,10:50,1,1,3,26,26113,1,3,2,1,1
202300017522,20,4,2023,19:40,1,1,2,13,13106,1,1,1,2,1
202300017523,17,10,2023,07:40,2,1,3,72,72042,1,3,2,1,1
202300017524,20,4,2023,09:15,1,1,4,69,69199,1,1,3,2,1
202300017525,17,10,2023,18:00,1,1,3,06,06079,2,3,3,1,1
202300017526,24,4,2023,09:15,1,1,2,69,69290,1,1,3,1,1
202300017527,18,3,2023,03:00,3,1,7,42,42207,1,1,3,1,1
202300017528,14,10,2023,16:30,1,1,7,64,64504,2,6,-1,1,9
202300017529,17,10,2023,07:40,2,5,6,73,73162,1,3,2,1,1
202300017529,17,10,2023,07:40,2,5,6,73,73162,1,3,2,1,1
202300017530,25,4,2023,16:35,1,1,4,33,33122,1,1,3,1,1
202300017531,17,10,2023,14:36,1,1,1,10,10373,1,2,2,1,1
202300017532,22,4,2023,01:19,3,1,2,59,59462,1,1,3,1,1
202300017533,16,10,2023,16:25,1,1,2,27,27137,1,3,2,1,1
202300017534,25,4,2023,17:00,1,1,3,78,78455,1,1,1,1,1
202300017535,24,4,2023,01:20,5,1,2,92,92050,1,1,1,2,1
202300017536,25,4,2023,19:00,1,1,7,93,93008,1,1,3,1,1
202300017537,25,4,2023,14:40,1,1,6,95,95042,1,2,3,1,1
202300017538,16,10,2023,17:50,1,1,1,987,98734,2,2,2,1,1
202300017539,25,4,2023,07:55,1,1,5,93,93066,1,1,3,1,1
202300017540,16,10,2023,11:31,1,1,2,19,19085,1,1,3,2,1
202300017541,25,4,2023,07:05,1,1,2,93,93066,1,1,3,1,1
202300017542,17,10,2023,07:50,1,1,2,26,26057,1,1,1,1,1
202300017543,14,10,2023,18:10,1,1,1,78,78043,1,4,2,1,1
202300017544,24,4,2023,18:40,1,1,5,93,93005,1,1,3,1,1
202300017545,17,10,2023,08:55,1,1,6,77,77508,2,4,2,1,1
202300017546,24,4,2023,10:40,1,1,2,93,93001,1,1,3,1,1
202300017547,17,10,2023,10:00,1,1,2,67,67223,1,1,3,2,1
202300017548,24,4,2023,21:00,3,2,7,94,94042,1,1,3,1,2
202300017549,24,4,2023,07:50,1,1,6,976,97611,2,4,2,1,1
202300017550,24,4,2023,14:15,1,1,6,94,94043,2,3,1,1,1
202300017551,15,10,2023,12:50,1,1,3,987,98725,2,2,2,4,1
202300017552,24,4,2023,20:55,3,2,7,974,97411,2,2,3,1,2
202300017553,16,10,2023,15:40,1,1,3,987,98719,2,4,2,1,1
202300017554,24,4,2023,08:00,1,1,3,974,97411,2,2,1,2,1
202300017554,24,4,2023,08:00,1,1,3,974,97411,2,2,-1,2,1
202300017555,16,10,2023,08:52,1,1,1,77,77107,1,2,2,1,1
202300017556,24,4,2023,17:20,1,2,3,973,97302,2,3,2,1,2
202300017556,24,4,2023,17:20,1,2,3,973,97302,2,3,2,1,2
202300017557,24,4,2023,14:25,1,2,2,973,97302,1,2,2,1,2
202300017558,15,10,2023,21:15,3,1,3,77,77354,1,3,2,1,1
202300017558,15,10,2023,21:15,3,1,3,77,77354,1,3,2,1,1
202300017559,24,4,2023,12:50,1,2,3,973,97302,2,3,2,1,2
202300017559,24,4,2023,12:50,1,2,3,973,97302,2,3,2,1,2
202300017560,17,10,2023,08:10,1,1,3,91,91338,1,3,2,1,1
202300017560,17,10,2023,08:10,1,1,3,91,91338,1,3,-1,-1,-1
202300017561,24,4,2023,09:30,1,1,6,973,97302,2,4,2,1,1
202300017561,24,4,2023,09:30,1,1,6,973,97302,2,4,1,1,1
202300017562,16,10,2023,17:45,1,1,7,11,11426,1,3,2,1,1
202300017563,24,4,2023,20:10,2,1,6,69,69387,2,4,1,1,1
202300017563,24,4,2023,20:10,2,1,6,69,69387,2,4,1,1,9
202300017564,24,4,2023,15:50,1,1,3,69,69386,2,4,2,1,1
202300017564,24,4,2023,15:50,1,1,3,69,69386,2,4,1,1,1
202300017565,24,4,2023,08:00,1,1,6,69,69387,2,4,1,1,1
202300017565,24,4,2023,08:00,1,1,6,69,69387,2,4,1,1,1
202300017566,16,10,2023,17:45,1,8,1,13,13027,1,3,-1,1,1
202300017567,23,4,2023,21:00,5,1,7,972,97209,1,4,2,1,1
202300017568,24,4,2023,07:15,1,1,6,971,97120,2,3,1,1,1
202300017569,22,4,2023,22:20,5,1,7,971,97120,1,4,1,1,1
202300017570,24,4,2023,15:40,1,1,1,91,91421,2,4,2,1,1
202300017571,24,4,2023,22:40,5,2,6,91,91687,2,1,1,2,2
202300017571,24,4,2023,22:40,5,2,6,91,91687,2,1,1,1,2
202300017572,24,4,2023,12:55,1,1,3,91,91479,2,4,2,1,1
202300017572,24,4,2023,12:55,1,1,3,91,91479,2,4,2,1,1
202300017573,24,4,2023,09:37,1,1,3,91,91479,2,4,2,2,1
202300017573,24,4,2023,09:37,1,1,3,91,91479,2,4,2,1,1
202300017574,23,4,2023,16:50,1,1,6,87,87085,2,4,2,1,1
202300017575,24,4,2023,08:00,1,1,6,83,83137,2,4,2,1,1
202300017576,23,4,2023,13:50,1,2,3,76,76351,2,4,1,1,2
202300017576,23,4,2023,13:50,1,2,3,76,76351,2,4,1,1,2
202300017577,24,4,2023,20:33,1,1,6,69,69290,2,7,2,1,1
202300017577,24,4,2023,20:33,1,1,6,69,69290,2,7,2,1,1
202300017578,23,4,2023,10:40,1,1,3,67,67482,2,4,2,1,1
202300017578,23,4,2023,10:40,1,1,3,67,67482,2,4,1,1,1
202300017579,24,4,2023,08:27,1,1,3,64,64445,2,4,-1,1,1
202300017579,24,4,2023,08:27,1,1,3,64,64445,2,4,2,1,1
202300017580,24,4,2023,07:45,1,1,3,64,64445,2,4,2,1,1
202300017580,24,4,2023,07:45,1,1,3,64,64445,2,4,2,1,1
202300017581,23,4,2023,18:54,1,1,2,64,64102,2,4,2,1,1
202300017581,23,4,2023,18:54,1,1,2,64,64102,2,4,2,1,1
202300017582,21,4,2023,17:55,1,1,3,63,63113,2,7,2,2,1
202300017582,21,4,2023,17:55,1,1,3,63,63113,2,7,2,1,1
202300017583,21,4,2023,14:24,1,1,4,63,63113,2,4,2,1,1
202300017584,24,4,2023,19:00,1,1,6,59,59271,2,4,2,1,2
202300017584,24,4,2023,19:00,1,1,6,59,59271,2,4,2,1,2
202300017585,20,4,2023,19:50,1,1,1,58,58194,2,4,2,1,1
202300017585,20,4,2023,19:50,1,1,1,58,58194,2,4,2,1,1
202300017586,20,4,2023,18:04,1,1,6,58,58194,1,4,2,1,1
202300017587,22,4,2023,04:30,3,2,7,56,56121,2,4,2,1,2
202300017588,24,3,2023,12:55,1,3,7,51,51454,2,4,2,1,2
202300017589,21,4,2023,19:30,1,1,2,49,49099,2,4,2,1,1
202300017589,21,4,2023,19:30,1,1,2,49,49099,2,4,2,1,1
202300017590,20,4,2023,23:04,4,1,2,49,49007,2,3,3,1,1
202300017591,24,4,2023,18:00,1,1,3,44,44109,2,4,2,1,1
202300017592,21,4,2023,03:55,3,1,2,44,44055,1,3,3,1,1
202300017593,24,4,2023,10:36,1,8,3,38,38421,2,4,2,1,2
202300017593,24,4,2023,10:36,1,8,3,38,38421,2,4,2,1,2
202300017594,24,4,2023,14:20,1,1,7,37,37261,2,4,1,1,1
202300017595,24,4,2023,14:00,1,1,7,29,29232,1,3,4,1,1
202300017596,20,4,2023,08:30,2,1,3,22,22113,1,3,2,1,1
202300017597,23,4,2023,05:35,5,1,6,19,19031,2,4,2,1,2
202300017598,22,4,2023,09:37,1,1,6,19,19031,2,4,1,1,1
202300017599,24,4,2023,23:00,5,1,1,13,13207,2,4,-1,2,1
202300017600,24,4,2023,18:40,1,1,3,13,13210,2,4,2,1,1
202300017601,24,4,2023,14:30,1,1,2,06,06069,2,4,2,1,1
202300017602,23,4,2023,21:00,5,2,5,06,06027,2,7,2,1,2
202300017603,24,4,2023,01:30,5,1,7,06,06155,2,3,2,1,2
202300017604,20,4,2023,16:55,1,1,2,04,04070,2,3,1,1,1
202300017604,20,4,2023,16:55,1,1,2,04,04070,2,3,2,1,-1
202300017605,23,4,2023,06:40,2,1,2,75,75115,2,4,1,1,1
202300017606,24,4,2023,02:10,5,1,6,75,75106,2,4,1,1,1
202300017606,24,4,2023,02:10,5,1,6,75,75106,2,4,-1,1,1
202300017607,24,4,2023,21:00,5,2,3,75,75120,2,4,2,1,2
202300017607,24,4,2023,21:00,5,2,3,75,75120,2,4,2,1,2
202300017608,24,4,2023,14:35,1,1,3,75,75120,2,4,-1,1,1
202300017608,24,4,2023,14:35,1,1,3,75,75120,2,4,1,2,1
202300017609,24,4,2023,14:15,1,1,7,75,75119,2,4,-1,1,1
202300017609,24,4,2023,14:15,1,1,7,75,75119,2,4,4,1,1
202300017610,24,4,2023,14:40,1,1,3,75,75116,2,4,-1,2,1
202300017611,24,4,2023,09:20,1,1,2,75,75115,2,4,1,1,1
202300017611,24,4,2023,09:20,1,1,2,75,75115,2,4,1,1,1
202300017612,23,4,2023,15:10,1,8,6,75,75115,2,4,1,1,2
202300017613,24,4,2023,14:50,1,8,3,75,75111,2,4,1,1,1
202300017613,24,4,2023,14:50,1,8,3,75,75111,2,4,1,1,1
202300017614,24,4,2023,18:05,1,1,3,75,75110,2,4,1,1,2
202300017614,24,4,2023,18:05,1,1,3,75,75110,2,4,1,2,2
202300017615,24,4,2023,09:20,1,8,6,75,75110,2,4,1,1,1
202300017616,24,4,2023,09:55,1,1,2,75,75108,2,4,2,2,1
202300017616,24,4,2023,09:55,1,1,2,75,75108,2,4,-1,1,1
202300017617,24,4,2023,10:05,1,8,2,94,94074,2,2,3,1,2
202300017617,24,4,2023,10:05,1,8,2,94,94074,2,2,2,1,2
202300017618,23,4,2023,22:10,5,2,3,94,94068,2,4,2,1,2
202300017618,23,4,2023,22:10,5,2,3,94,94068,2,4,2,2,2
202300017619,24,4,2023,14:30,1,1,3,94,94076,2,3,2,1,1
202300017620,24,4,2023,09:40,1,1,2,93,93074,1,3,2,1,1
202300017620,24,4,2023,09:40,1,1,2,93,93074,1,3,2,1,1
202300017621,19,4,2023,21:00,5,1,6,92,92073,2,3,3,2,1
202300017622,23,4,2023,22:10,5,2,6,92,92033,2,4,2,4,2
202300017622,23,4,2023,22:10,5,2,6,92,92033,2,4,2,4,2
202300017622,23,4,2023,22:10,5,2,6,92,92033,2,4,2,4,2
202300017623,24,4,2023,11:13,1,1,6,92,92051,2,4,2,1,1
202300017624,24,4,2023,02:23,5,1,3,92,92050,2,4,3,1,1
202300017624,24,4,2023,02:23,5,1,3,92,92050,2,4,1,1,1
202300017625,24,4,2023,18:30,1,2,3,92,92023,2,4,2,1,2
202300017626,24,4,2023,17:20,1,2,3,92,92002,2,4,1,1,2
202300017627,20,4,2023,10:00,1,1,7,974,97415,2,3,2,2,1
202300017628,22,4,2023,14:20,1,1,3,67,67372,2,3,2,1,1
202300017629,23,4,2023,10:30,1,1,6,71,71320,1,3,2,1,1
202300017630,24,4,2023,12:58,1,1,2,84,84043,2,4,2,1,1
202300017631,25,4,2023,09:40,1,8,1,22,22048,1,3,2,2,2
202300017632,24,4,2023,21:56,3,2,3,60,60398,1,3,2,1,2
202300017633,25,4,2023,19:00,1,1,6,76,76320,1,3,2,1,1
202300017633,25,4,2023,19:00,1,1,6,76,76320,1,3,2,1,1
202300017634,15,4,2023,14:35,1,1,6,83,83148,2,3,2,1,1
202300017634,15,4,2023,14:35,1,1,6,83,83148,2,3,2,1,1
202300017635,24,4,2023,15:45,1,1,6,22,22341,1,2,3,1,1
202300017636,25,4,2023,12:30,1,1,3,76,76571,1,3,2,1,1
202300017636,25,4,2023,12:30,1,1,3,76,76571,1,3,2,1,1
202300017637,25,4,2023,07:15,2,5,1,79,79179,1,3,2,1,1
202300017638,24,4,2023,19:03,1,1,1,12,12195,1,3,2,1,1
202300017638,24,4,2023,19:03,1,1,1,12,12195,1,3,2,1,1
202300017639,8,4,2023,09:30,1,1,6,12,12208,2,3,2,1,1
202300017640,24,4,2023,18:50,1,1,6,39,39191,1,3,2,1,1
202300017641,24,4,2023,23:15,3,1,6,29,29069,1,4,2,1,1
202300017642,23,4,2023,16:20,1,2,3,38,38261,2,4,2,1,2
202300017642,23,4,2023,16:20,1,2,3,38,38261,2,4,2,2,2
202300017643,21,4,2023,15:45,1,1,3,72,72156,1,3,2,1,1
202300017644,24,4,2023,15:00,1,1,7,06,06074,1,7,2,2,1
202300017645,24,4,2023,09:53,1,1,6,50,50181,1,3,2,2,1
202300017646,24,4,2023,11:54,1,1,3,53,53128,2,3,2,1,1
202300017646,24,4,2023,11:54,1,1,3,53,53128,2,3,2,1,1
202300017647,24,4,2023,17:11,1,1,6,04,04209,2,3,2,1,1
202300017648,24,4,2023,17:10,1,1,1,28,28164,1,2,2,1,1
202300017649,24,4,2023,13:30,1,2,3,973,97307,2,4,1,1,2
202300017649,24,4,2023,13:30,1,2,3,973,97307,2,4,1,1,2
202300017650,24,4,2023,18:45,1,1,3,66,66012,2,4,2,1,1
202300017651,25,4,2023,09:06,1,1,2,69,69019,2,3,2,1,1
202300017651,25,4,2023,09:06,1,1,2,69,69019,2,3,2,2,1
202300017652,24,4,2023,08:20,1,1,2,45,45317,1,1,3,1,2
202300017653,24,4,2023,19:14,3,1,1,973,97305,1,2,2,1,1
202300017654,24,4,2023,14:40,1,1,3,13,13040,2,4,2,1,1
202300017655,23,4,2023,12:40,1,1,1,41,41220,1,3,2,1,1
202300017656,25,4,2023,20:15,2,6,6,2B,2B134,2,3,2,1,2
202300017657,25,4,2023,08:45,1,1,3,34,34058,1,7,2,1,1
202300017658,25,4,2023,17:00,1,1,1,42,42299,1,3,2,1,1
202300017659,24,4,2023,17:40,1,1,6,31,31304,1,3,2,1,1
202300017660,25,4,2023,09:28,1,3,3,40,40202,2,3,4,1,2
202300017661,24,4,2023,18:30,1,2,6,22,22093,2,4,2,1,2
202300017662,24,4,2023,22:30,3,1,6,76,76563,1,4,2,1,1
202300017663,24,4,2023,01:20,4,1,6,91,91661,1,1,1,1,2
202300017664,24,4,2023,01:20,3,1,2,95,95572,1,2,1,1,2
202300017665,22,4,2023,19:10,1,1,6,72,72095,2,4,-1,2,1
202300017666,21,4,2023,14:35,1,1,6,976,97611,2,4,2,1,1
202300017667,21,4,2023,03:56,3,1,1,49,49007,1,3,1,1,1
202300017668,21,4,2023,15:50,1,1,6,27,27229,2,4,2,1,1
202300017669,20,4,2023,23:45,4,1,6,63,63032,2,4,2,2,1
202300017670,20,4,2023,13:00,1,1,2,75,75112,2,4,1,1,1
202300017671,20,4,2023,13:00,1,1,6,75,75120,2,4,-1,1,1
202300017671,20,4,2023,13:00,1,1,6,75,75120,2,4,-1,1,1
202300017672,20,4,2023,17:55,1,1,5,93,93046,2,3,3,1,1
202300017672,20,4,2023,17:55,1,1,5,93,93046,2,3,3,1,1
202300017673,22,4,2023,10:35,1,1,7,976,97611,2,2,2,1,9
202300017674,23,4,2023,19:05,5,1,6,974,97416,2,3,2,1,1
202300017675,23,4,2023,13:50,1,1,3,974,97411,2,4,2,2,1
202300017676,23,4,2023,19:10,5,1,6,974,97407,2,4,1,1,1
202300017677,23,4,2023,13:49,1,1,4,972,97213,1,1,1,1,1
202300017678,23,4,2023,19:20,5,1,3,972,97209,2,2,2,1,1
202300017678,23,4,2023,19:20,5,1,3,972,97209,2,2,2,1,1
202300017679,23,4,2023,19:50,5,1,6,971,97105,2,2,1,1,1
202300017680,23,4,2023,12:20,1,1,2,2A,2A004,2,4,2,2,1
202300017681,22,4,2023,18:30,1,1,3,83,83009,2,4,2,3,1
202300017681,22,4,2023,18:30,1,1,3,83,83009,2,4,2,1,1
202300017682,23,4,2023,01:10,5,2,2,81,81065,2,4,1,1,2
202300017683,23,4,2023,19:00,1,1,6,78,78401,2,4,-1,2,1
202300017684,4,7,2023,18:55,1,1,3,33,33063,2,4,2,1,1
202300017684,4,7,2023,18:55,1,1,3,33,33063,2,4,2,1,1
202300017685,5,7,2023,10:30,1,1,6,32,32013,2,4,1,2,1
202300017686,5,7,2023,21:10,1,1,7,29,29232,2,3,3,1,1
202300017687,5,7,2023,13:45,1,1,2,29,29019,2,4,-1,1,1
202300017688,19,4,2023,05:45,2,1,3,74,74010,2,4,2,1,1