id_accident,jour,mois,annee,heure_minute,luminosite,meteo,type_collision,departement,commune,agglomeration,categorie_route,regime_circulation,profil_route,etat_surface
202300017688,19,4,2023,05:45,2,1,3,74,74010,2,4,2,1,1
202300017689,23,4,2023,04:50,5,2,3,69,69276,2,7,2,1,2
202300017690,3,6,2023,22:30,5,1,6,19,19031,2,4,2,1,1
202300017691,23,4,2023,00:45,4,1,3,60,60175,2,3,-1,1,1
202300017692,23,4,2023,14:40,1,1,3,59,59009,2,7,1,1,1
202300017693,4,7,2023,23:48,3,2,7,18,18033,1,3,2,2,2
202300017694,23,4,2023,06:00,2,1,3,54,54184,2,4,3,1,1
202300017694,23,4,2023,06:00,2,1,3,54,54184,2,4,2,1,1
202300017695,23,4,2023,21:32,5,2,6,54,54254,2,4,2,1,2
202300017696,23,4,2023,15:07,1,1,3,51,51172,2,4,2,1,2
202300017696,23,4,2023,15:07,1,1,3,51,51172,2,4,2,1,2
202300017697,5,7,2023,23:25,3,1,4,17,17415,1,2,2,1,1
202300017698,23,4,2023,06:35,2,3,2,35,35238,1,2,3,1,2
202300017699,17,6,2023,11:20,1,1,4,15,15014,2,4,2,1,1
202300017700,23,4,2023,12:00,1,1,5,29,29232,1,3,2,2,1
202300017700,23,4,2023,12:00,1,1,5,29,29232,1,3,2,1,1
202300017701,16,6,2023,10:20,1,1,4,15,15014,2,4,2,1,1
202300017702,23,4,2023,22:57,5,1,3,29,29039,1,3,2,1,1
202300017702,23,4,2023,22:57,5,1,3,29,29039,1,3,2,1,1
202300017703,4,7,2023,09:45,1,1,6,14,14220,2,3,3,1,1
202300017703,4,7,2023,09:45,1,1,6,14,14220,2,3,3,1,1
202300017704,23,4,2023,20:40,5,2,6,25,25056,2,3,1,2,2
202300017704,23,4,2023,20:40,5,2,6,25,25056,2,3,2,4,2
202300017705,5,7,2023,22:00,5,1,3,13,13211,2,4,2,2,1
202300017705,5,7,2023,22:00,5,1,3,13,13211,2,4,2,1,1
202300017706,23,4,2023,21:17,5,1,6,13,13211,2,4,2,1,1
202300017707,4,7,2023,15:11,1,1,6,06,06027,2,7,2,1,1
202300017708,23,4,2023,05:45,2,1,2,13,13206,2,4,1,2,1
202300017709,23,4,2023,10:10,1,1,6,13,13206,2,4,2,1,1
202300017710,5,7,2023,17:20,1,1,3,75,75120,2,4,1,1,1
202300017711,23,4,2023,00:50,5,1,1,13,13211,2,4,1,1,1
202300017711,23,4,2023,00:50,5,1,1,13,13211,2,4,2,2,1
202300017712,23,4,2023,00:10,5,1,2,13,13208,2,4,2,1,1
202300017713,3,7,2023,09:50,1,1,5,75,75117,2,4,1,1,1
202300017714,22,4,2023,19:45,2,1,7,09,09122,1,3,2,2,2
202300017715,23,4,2023,16:30,1,3,7,07,07186,1,4,2,2,2
202300017716,5,7,2023,08:50,1,1,5,75,75120,2,4,-1,1,1
202300017717,22,4,2023,17:00,1,1,3,988,98818,2,4,3,2,1
202300017717,22,4,2023,17:00,1,1,3,988,98818,2,4,2,1,1
202300017718,22,4,2023,05:40,3,1,6,974,97416,1,2,2,1,1
202300017719,5,7,2023,21:10,1,1,6,75,75119,2,4,2,1,1
202300017720,22,4,2023,07:50,1,1,3,974,97416,2,4,2,1,1
202300017720,22,4,2023,07:50,1,1,3,974,97416,2,4,1,1,1
202300017721,21,4,2023,09:00,1,1,6,974,97407,2,2,2,1,1
202300017722,22,4,2023,17:55,1,3,7,973,97302,1,4,2,1,4
202300017723,5,7,2023,09:30,1,1,3,75,75119,2,4,1,1,1
202300017724,21,4,2023,11:00,1,1,2,972,97209,2,4,1,1,1
202300017725,22,4,2023,09:30,1,1,6,971,97113,1,3,-1,1,1
202300017726,5,7,2023,15:30,1,1,6,75,75116,2,4,2,1,1
202300017726,5,7,2023,15:30,1,1,6,75,75116,2,4,1,1,1
202300017727,22,4,2023,02:10,5,1,3,2A,2A004,1,2,1,2,1
202300017728,22,4,2023,21:05,3,1,6,83,83129,2,4,2,2,1
202300017729,22,4,2023,12:30,1,1,7,79,79329,1,3,2,1,1
202300017730,5,7,2023,15:30,1,1,6,75,75115,2,4,1,1,1
202300017730,5,7,2023,15:30,1,1,6,75,75115,2,4,1,1,1
202300017731,22,4,2023,19:30,1,1,3,77,77186,2,3,2,2,1
202300017731,22,4,2023,19:30,1,1,3,77,77186,2,3,-1,1,1
202300017732,5,7,2023,06:55,1,1,3,75,75115,2,4,1,1,1
202300017732,5,7,2023,06:55,1,1,3,75,75115,2,4,3,1,1
202300017733,11,4,2023,17:25,1,1,6,77,77333,2,3,2,1,1
202300017734,21,4,2023,16:10,1,1,3,71,71270,1,3,-1,1,1
202300017734,21,4,2023,16:10,1,1,3,71,71270,1,3,2,1,1
202300017735,5,7,2023,11:15,1,1,3,75,75114,2,4,2,1,1
202300017735,5,7,2023,11:15,1,1,3,75,75114,2,4,2,1,1
202300017736,5,7,2023,19:50,1,1,3,75,75111,2,4,1,1,1
202300017736,5,7,2023,19:50,1,1,3,75,75111,2,4,2,2,1
202300017737,23,4,2023,01:15,5,3,4,69,69266,2,4,2,1,2
202300017737,23,4,2023,01:15,5,3,4,69,69266,2,4,1,1,2
202300017738,5,7,2023,20:15,1,1,3,75,75101,2,4,1,1,1
202300017738,5,7,2023,20:15,1,1,3,75,75101,2,4,4,1,1
202300017739,11,8,2023,08:20,1,1,3,28,28313,1,3,2,1,1
202300017739,11,8,2023,08:20,1,1,3,28,28313,1,3,2,1,1
202300017740,4,7,2023,23:18,5,2,3,75,75101,2,4,2,1,2
202300017740,4,7,2023,23:18,5,2,3,75,75101,2,4,1,1,2
202300017741,22,4,2023,17:55,1,1,3,69,69290,2,4,2,1,1
202300017741,22,4,2023,17:55,1,1,3,69,69290,2,4,2,2,1
202300017742,5,7,2023,18:20,1,1,6,94,94080,2,4,1,1,1
202300017743,7,8,2023,18:35,1,1,6,17,17486,1,4,2,1,1
202300017744,11,8,2023,11:05,1,1,6,48,48080,2,2,2,1,1
202300017745,4,7,2023,20:50,2,3,3,94,94043,2,3,-1,1,2
202300017746,21,4,2023,23:23,5,6,1,69,69259,2,4,2,2,1
202300017746,21,4,2023,23:23,5,6,1,69,69259,2,4,2,1,1
202300017747,10,8,2023,16:00,1,1,6,95,95394,2,3,2,2,1
202300017748,5,7,2023,17:10,1,1,6,94,94041,2,3,2,1,1
202300017749,11,8,2023,01:10,5,1,6,69,69244,2,7,2,1,1
202300017749,11,8,2023,01:10,5,1,6,69,69244,2,7,2,1,1
202300017750,22,4,2023,01:05,5,1,6,64,64445,2,4,1,1,1
202300017751,5,7,2023,15:00,1,1,2,94,94065,1,2,1,1,1
202300017752,11,8,2023,02:45,5,1,7,06,06018,2,4,2,1,1
202300017753,23,4,2023,02:58,5,1,6,64,64102,2,4,-1,1,1
202300017754,3,7,2023,13:30,1,1,2,94,94028,2,3,1,1,1
202300017755,10,8,2023,17:20,1,1,2,30,30189,1,1,3,1,1
202300017756,23,4,2023,02:04,3,1,6,64,64024,2,4,2,1,1
202300017757,16,7,2023,08:30,1,1,2,987,98722,1,2,2,1,1
202300017758,4,7,2023,10:20,1,1,3,94,94019,2,3,2,1,1
202300017759,22,4,2023,22:35,5,1,2,64,64102,2,3,2,1,1
202300017760,3,7,2023,09:10,1,1,2,94,94017,2,4,1,1,1
202300017761,11,8,2023,08:30,1,1,3,974,97415,2,2,2,1,1
202300017761,11,8,2023,08:30,1,1,3,974,97415,2,2,2,4,1
202300017762,22,4,2023,18:15,1,1,3,64,64024,2,6,-1,1,1
202300017763,5,7,2023,14:55,1,1,3,93,93078,2,4,1,1,1
202300017763,5,7,2023,14:55,1,1,3,93,93078,2,4,2,1,1
202300017764,22,4,2023,13:00,1,2,6,60,60057,2,4,3,1,2
202300017765,10,8,2023,22:20,3,1,1,66,66101,1,3,2,1,1
202300017766,21,4,2023,18:45,1,1,7,57,57751,1,5,-1,1,1
202300017767,5,7,2023,20:00,1,1,3,93,93066,2,3,2,2,1
202300017768,11,8,2023,16:30,1,1,1,34,34146,1,3,2,1,1
202300017769,5,7,2023,18:10,1,1,5,93,93066,2,3,3,1,1
202300017770,21,4,2023,10:00,1,1,1,57,57537,2,4,2,2,1
202300017770,21,4,2023,10:00,1,1,1,57,57537,2,4,2,1,1
202300017771,10,8,2023,15:45,1,1,1,13,13082,2,3,2,2,1
202300017772,11,8,2023,06:00,2,1,6,71,71491,1,3,2,1,1
202300017773,5,7,2023,09:05,1,1,3,93,93066,2,3,2,1,1
202300017774,10,8,2023,20:05,2,1,7,52,52447,2,3,2,1,9
202300017775,21,4,2023,17:30,1,1,4,56,56098,1,2,3,2,1
202300017776,5,7,2023,09:50,1,1,3,93,93055,2,3,2,1,1
202300017776,5,7,2023,09:50,1,1,3,93,93055,2,3,1,1,1
202300017777,11,8,2023,15:42,1,1,6,10,10084,1,3,2,2,1
202300017778,29,7,2023,10:15,1,2,7,68,68298,2,3,2,2,2
202300017779,4,7,2023,23:45,5,3,3,93,93050,2,3,3,1,2
202300017779,4,7,2023,23:45,5,3,3,93,93050,2,3,2,1,2
202300017780,21,4,2023,11:55,1,1,1,51,51454,2,4,2,1,1
202300017780,21,4,2023,11:55,1,1,1,51,51454,2,4,1,1,1
202300017781,10,8,2023,17:50,1,8,1,73,73227,1,3,2,2,2
202300017782,5,7,2023,19:45,1,1,3,93,93027,2,4,2,1,1
202300017782,5,7,2023,19:45,1,1,3,93,93027,2,4,1,1,1
202300017783,21,4,2023,19:18,2,1,1,43,43157,2,4,2,2,1
202300017784,5,7,2023,12:30,1,1,3,92,92073,2,4,4,1,1
202300017784,5,7,2023,12:30,1,1,3,92,92073,2,4,1,1,1
202300017785,8,8,2023,11:45,1,1,3,73,73054,1,3,2,2,1
202300017785,8,8,2023,11:45,1,1,3,73,73054,1,3,2,2,1
202300017786,22,4,2023,20:30,5,8,7,37,37261,2,4,2,1,1
202300017787,5,7,2023,09:10,1,1,6,92,92062,2,4,2,1,1
202300017788,9,8,2023,12:00,1,1,5,38,38276,2,3,2,1,1
202300017789,21,4,2023,15:50,1,1,6,31,31555,2,4,1,1,1
202300017790,9,8,2023,09:20,1,1,6,26,26271,2,4,2,1,1
202300017791,5,7,2023,19:35,1,1,6,92,92049,2,3,1,1,1
202300017792,10,8,2023,15:00,1,1,3,49,49021,1,3,2,1,1
202300017793,5,7,2023,11:50,1,1,3,92,92020,2,3,-1,1,1
202300017794,21,4,2023,18:12,1,1,1,31,31555,2,4,1,1,1
202300017795,4,7,2023,17:46,1,1,1,92,92036,2,3,2,1,1
202300017796,10,8,2023,14:10,1,1,3,61,61382,1,4,2,1,1
202300017796,10,8,2023,14:10,1,1,3,61,61382,1,4,2,1,1
202300017797,22,4,2023,09:20,1,1,3,30,30007,2,3,1,1,1
202300017797,22,4,2023,09:20,1,1,3,30,30007,2,3,1,1,1
202300017798,4,7,2023,06:25,1,1,3,92,92025,2,3,2,1,1
202300017798,4,7,2023,06:25,1,1,3,92,92025,2,3,2,1,1
202300017799,7,8,2023,18:10,1,1,3,56,56151,1,3,2,2,1
202300017799,7,8,2023,18:10,1,1,3,56,56151,1,3,2,3,1
202300017800,5,7,2023,15:30,1,1,3,92,92035,2,3,1,1,1
202300017800,5,7,2023,15:30,1,1,3,92,92035,2,3,1,1,1
202300017801,9,8,2023,15:00,1,7,3,29,29247,2,4,1,2,1
202300017802,5,7,2023,16:34,1,1,6,92,92026,2,4,2,1,1
202300017802,5,7,2023,16:34,1,1,6,92,92026,2,4,2,1,1
202300017803,9,8,2023,16:20,1,1,3,59,59053,2,3,2,2,1
202300017804,5,7,2023,01:38,5,1,4,92,92024,2,3,1,1,1
202300017805,9,8,2023,15:52,1,1,3,13,13215,1,1,-1,1,1
202300017806,5,7,2023,11:30,1,1,3,92,92012,2,4,1,1,1
202300017807,4,7,2023,23:50,5,2,3,92,92012,2,3,1,1,2
202300017807,4,7,2023,23:50,5,2,3,92,92012,2,3,1,1,2
202300017808,9,8,2023,10:10,1,1,4,33,33122,1,1,3,1,1
202300017809,4,7,2023,19:40,1,1,3,92,92004,2,3,-1,1,1
202300017810,10,8,2023,19:55,1,1,2,95,95527,1,2,3,1,1
202300017811,6,7,2023,08:45,1,1,6,44,44124,1,3,2,1,1
202300017812,10,8,2023,17:50,1,1,4,94,94079,1,1,-1,1,1
202300017813,6,7,2023,08:35,1,1,1,22,22049,1,3,2,2,1
202300017814,2,7,2023,16:50,1,1,6,36,36077,1,3,2,1,1
202300017815,10,8,2023,11:30,1,1,3,94,94017,1,1,3,1,1
202300017816,28,5,2023,14:00,1,1,3,50,50165,2,3,2,1,1
202300017817,5,7,2023,06:20,3,1,6,974,97414,2,2,2,1,1
202300017818,4,2,2023,17:40,2,1,2,05,05054,2,2,2,1,1
202300017819,5,7,2023,17:30,1,1,1,62,62571,2,3,2,1,1
202300017819,5,7,2023,17:30,1,1,1,62,62571,2,3,2,1,1
202300017820,13,3,2023,17:43,1,1,3,69,69132,1,3,4,2,1
202300017820,13,3,2023,17:43,1,1,3,69,69132,1,3,2,2,1
202300017821,2,7,2023,08:31,1,1,7,56,56174,1,4,2,2,1
202300017822,6,7,2023,02:45,3,1,6,31,31150,1,7,2,1,1
202300017823,23,5,2023,16:40,1,3,2,19,19031,2,4,2,1,2
202300017824,5,7,2023,17:00,1,2,2,63,63413,1,1,2,1,2
202300017824,5,7,2023,17:00,1,2,2,63,63413,1,1,1,1,2
202300017825,10,6,2023,09:15,1,1,3,92,92023,2,4,1,1,1
202300017825,10,6,2023,09:15,1,1,3,92,92023,2,4,1,2,1
202300017826,6,7,2023,20:00,1,1,7,76,76618,2,4,2,1,1
202300017827,9,6,2023,12:15,1,1,4,69,69266,1,7,3,1,1
202300017828,5,7,2023,20:05,1,1,1,61,61079,1,3,2,1,1
202300017829,9,8,2023,10:55,1,1,3,974,97416,1,4,2,2,1
202300017830,5,7,2023,10:30,1,1,3,61,61146,2,3,2,3,1
202300017830,5,7,2023,10:30,1,1,3,61,61146,2,3,2,1,1
202300017831,9,8,2023,12:50,1,1,5,974,97411,2,2,1,1,1
202300017831,9,8,2023,12:50,1,1,5,974,97411,2,2,1,1,1
202300017832,6,7,2023,18:10,1,7,6,12,12021,1,4,2,1,1
202300017833,6,7,2023,09:50,1,7,6,39,39365,2,3,2,1,1
202300017834,9,8,2023,12:00,1,1,1,974,97411,2,4,-1,1,1
202300017834,9,8,2023,12:00,1,1,1,974,97411,2,4,2,1,1
202300017835,8,8,2023,18:40,5,1,3,974,97411,2,3,-1,1,1
202300017836,6,7,2023,16:35,1,1,3,44,44036,2,4,2,1,1
202300017837,9,8,2023,13:45,1,1,3,69,69386,2,4,1,1,1
202300017838,5,7,2023,23:15,3,1,6,29,29016,1,4,2,1,1
202300017839,4,7,2023,17:30,1,2,3,29,29160,1,4,2,1,2
202300017840,8,8,2023,17:00,1,1,4,972,97209,1,3,1,1,1
202300017841,4,7,2023,19:45,1,1,2,02,02820,1,3,2,1,1
202300017842,9,8,2023,09:10,1,1,3,971,97101,1,2,-1,1,1
202300017843,6,7,2023,09:00,1,1,2,85,85302,1,1,1,1,1
202300017844,9,8,2023,11:37,1,1,3,2A,2A004,2,4,3,1,1
202300017845,4,7,2023,09:00,1,1,6,06,06136,2,3,2,1,1
202300017846,5,7,2023,17:00,1,1,3,45,45329,2,4,2,1,1
202300017847,8,8,2023,16:20,1,1,3,95,95539,1,3,1,1,1
202300017848,5,7,2023,20:00,1,1,-1,18,18015,2,3,2,1,1
202300017849,3,8,2023,02:50,5,1,6,83,83137,2,3,2,1,1
202300017850,5,7,2023,15:25,1,1,3,10,10401,1,3,2,1,1
202300017851,5,7,2023,15:55,1,1,3,07,07269,2,3,2,1,1
202300017852,5,7,2023,19:25,1,1,7,07,07296,2,3,2,1,1
202300017853,9,8,2023,20:10,1,1,6,76,76231,2,7,2,1,1
202300017853,9,8,2023,20:10,1,1,6,76,76231,2,7,2,1,1
202300017854,6,7,2023,17:00,1,1,3,40,40222,1,3,2,1,1
202300017854,6,7,2023,17:00,1,1,3,40,40222,1,3,-1,-1,-1
202300017855,9,8,2023,09:30,1,1,7,74,74012,2,3,-1,1,1
202300017856,6,7,2023,15:20,1,1,1,13,13050,1,3,3,1,1
202300017856,6,7,2023,15:20,1,1,1,13,13050,1,3,2,1,1
202300017857,6,7,2023,13:00,1,1,1,13,13050,1,3,2,1,1
202300017858,9,8,2023,10:40,1,1,3,71,71486,2,4,2,1,1
202300017858,9,8,2023,10:40,1,1,3,71,71486,2,4,2,1,1
202300017859,8,8,2023,16:10,1,1,7,71,71270,2,3,2,1,1
202300017860,5,7,2023,18:30,5,1,1,987,98738,2,2,2,1,1
202300017861,9,8,2023,17:15,1,1,3,69,69199,1,7,1,1,1
202300017861,9,8,2023,17:15,1,1,3,69,69199,1,7,1,1,1
202300017862,5,7,2023,16:30,1,1,3,82,82125,1,1,1,1,1
202300017863,9,8,2023,09:00,1,1,1,64,64122,2,4,2,1,1
202300017864,4,7,2023,18:40,1,1,4,67,67506,1,1,3,1,2
202300017865,6,7,2023,13:35,1,1,6,976,97604,2,4,1,2,1
202300017866,8,8,2023,13:18,1,1,2,56,56121,2,4,3,2,1
202300017867,6,7,2023,01:00,3,1,6,11,11145,1,3,-1,1,1
202300017868,8,8,2023,08:20,1,1,6,56,56121,2,4,2,1,1
202300017869,30,5,2023,16:55,1,1,3,69,69064,1,3,2,2,1
202300017869,30,5,2023,16:55,1,1,3,69,69064,1,3,2,1,1
202300017870,6,7,2023,10:50,1,1,6,2A,2A247,1,3,2,2,1
202300017871,6,7,2023,13:40,1,1,6,30,30214,1,3,2,1,1
202300017872,6,7,2023,09:50,1,1,6,34,34344,2,4,2,1,1
202300017873,7,8,2023,17:15,1,1,4,56,56098,2,4,2,1,1
202300017873,7,8,2023,17:15,1,1,4,56,56098,2,4,2,1,1
202300017874,6,7,2023,18:45,1,1,3,83,83068,1,3,2,1,1
202300017875,8,8,2023,19:30,1,1,3,54,54395,1,4,-1,1,1
202300017875,8,8,2023,19:30,1,1,3,54,54395,1,4,2,1,1
202300017876,4,7,2023,22:00,5,1,3,13,13086,2,3,2,1,1
202300017877,8,8,2023,16:00,1,7,5,47,47323,1,2,2,1,1
202300017878,9,8,2023,20:51,2,1,7,37,37122,1,7,3,1,1
202300017879,6,7,2023,11:35,1,1,3,13,13022,1,4,1,1,1
202300017880,6,7,2023,13:15,1,1,3,08,08328,2,4,2,2,1
202300017881,5,7,2023,19:05,1,1,3,67,67300,2,4,2,1,1
202300017882,9,8,2023,13:13,1,1,4,37,37233,2,4,2,1,1
202300017883,9,8,2023,06:40,1,1,7,37,37261,2,4,2,1,1
202300017884,5,7,2023,19:16,1,1,3,03,03102,2,3,2,1,1
202300017884,5,7,2023,19:16,1,1,3,03,03102,2,3,2,1,1
202300017885,5,7,2023,18:15,1,1,7,38,38223,2,4,2,1,1
202300017886,8,8,2023,08:20,1,1,1,35,35051,1,3,2,1,1
202300017887,5,7,2023,17:30,1,1,3,38,38348,2,4,2,2,1
202300017888,9,8,2023,23:00,5,1,2,33,33063,2,4,2,1,1
202300017889,6,7,2023,14:30,1,1,4,69,69159,1,3,2,1,1
202300017890,9,8,2023,01:35,5,1,7,31,31555,1,1,1,1,1
202300017891,5,7,2023,08:30,1,1,3,69,69219,1,3,2,2,1
202300017892,15,6,2023,17:45,1,1,2,27,27701,2,4,-1,1,1
202300017893,6,7,2023,03:00,3,1,6,81,81162,1,2,2,2,1
202300017894,6,7,2023,13:15,1,1,6,31,31075,1,3,2,1,1
202300017895,4,8,2023,10:05,1,1,3,26,26058,2,4,-1,1,1
202300017895,4,8,2023,10:05,1,1,3,26,26058,2,4,1,1,1
202300017896,18,11,2023,19:10,3,1,7,11,11069,2,4,2,1,1
202300017897,9,8,2023,12:25,1,1,1,24,24197,1,3,3,1,1
202300017897,9,8,2023,12:25,1,1,1,24,24197,1,3,2,1,1
202300017898,2,7,2023,21:20,5,1,1,86,86100,2,4,-1,1,1
202300017898,2,7,2023,21:20,5,1,1,86,86100,2,4,-1,1,1
202300017899,9,8,2023,09:40,1,1,3,13,13208,2,4,2,1,1
202300017900,12,2,2023,05:30,3,1,4,59,59419,2,3,2,1,1
202300017901,18,11,2023,09:24,1,1,2,11,11069,2,4,2,1,1
202300017902,9,8,2023,05:10,3,1,2,13,13063,1,3,2,1,1
202300017903,5,7,2023,17:15,1,1,2,13,13117,1,1,-1,1,1
202300017904,18,11,2023,14:30,1,1,6,06,06088,2,4,1,1,1
202300017905,9,8,2023,08:30,1,1,3,13,13001,2,4,1,1,1
202300017906,5,7,2023,00:40,3,1,2,13,13056,1,1,1,1,1
202300017907,6,8,2023,06:20,2,1,7,06,06004,2,3,1,1,1
202300017908,18,11,2023,12:50,1,1,2,06,06069,2,4,1,1,1
202300017909,4,8,2023,09:50,1,1,1,02,02168,1,3,3,2,1
202300017910,5,7,2023,18:43,1,1,3,33,33039,1,1,3,1,1
202300017911,5,7,2023,10:10,1,1,7,33,33448,1,1,1,2,1
202300017912,8,8,2023,12:45,1,1,2,75,75116,2,4,1,1,1
202300017913,17,11,2023,23:36,5,1,1,03,03185,2,3,2,1,1
202300017913,17,11,2023,23:36,5,1,1,03,03185,2,3,2,2,1
202300017914,4,7,2023,18:20,1,1,3,33,33550,1,1,3,1,1
202300017915,9,8,2023,17:20,1,1,6,75,75106,2,4,2,1,1
202300017915,9,8,2023,17:20,1,1,6,75,75106,2,4,-1,1,1
202300017916,9,8,2023,17:50,1,1,6,75,75105,2,4,-1,1,1
202300017916,9,8,2023,17:50,1,1,6,75,75105,2,4,1,1,1
202300017917,5,7,2023,01:31,4,1,4,94,94003,1,1,1,1,8
202300017918,18,11,2023,05:55,5,2,6,75,75119,2,4,1,1,2
202300017919,5,7,2023,01:20,3,2,2,94,94003,1,1,1,1,8
202300017920,8,8,2023,11:25,1,1,3,75,75107,2,4,2,1,1
202300017920,8,8,2023,11:25,1,1,3,75,75107,2,4,2,1,1
202300017921,17,11,2023,02:48,5,1,6,75,75112,2,4,2,1,2
202300017922,9,8,2023,19:30,1,1,7,75,75119,2,4,2,1,1
202300017922,9,8,2023,19:30,1,1,7,75,75119,2,4,2,1,1
202300017923,5,7,2023,01:31,3,2,7,94,94003,1,1,1,2,2
202300017924,9,8,2023,13:40,1,1,3,75,75115,2,4,1,1,1
202300017924,9,8,2023,13:40,1,1,3,75,75115,2,4,2,1,1
202300017925,18,11,2023,10:40,1,2,3,75,75105,2,4,2,1,2
202300017926,5,7,2023,17:05,1,1,4,92,92025,1,1,3,1,1
202300017927,8,8,2023,14:05,1,1,6,75,75115,2,4,2,1,1
202300017928,5,7,2023,18:00,1,1,2,92,92036,1,2,-1,1,1
202300017929,9,8,2023,00:09,5,1,6,75,75112,2,4,2,1,1
202300017929,9,8,2023,00:09,5,1,6,75,75112,2,4,2,1,1
202300017930,17,11,2023,23:20,5,1,2,75,75117,2,4,2,1,1
202300017930,17,11,2023,23:20,5,1,2,75,75117,2,4,2,1,1
202300017931,5,7,2023,04:25,3,1,2,78,78402,1,1,-1,1,1
202300017932,8,8,2023,13:15,1,1,2,75,75112,2,4,1,1,1
202300017932,8,8,2023,13:15,1,1,2,75,75112,2,4,1,1,1
202300017933,4,7,2023,17:15,1,1,6,92,92025,1,1,1,2,1
202300017934,9,8,2023,15:31,1,1,7,75,75108,2,4,2,2,1
202300017934,9,8,2023,15:31,1,1,7,75,75108,2,4,2,1,1
202300017935,4,7,2023,08:00,1,1,2,78,78640,1,1,-1,1,1
202300017936,9,8,2023,02:36,5,1,2,75,75101,2,4,1,1,1
202300017936,9,8,2023,02:36,5,1,2,75,75101,2,4,1,1,1
202300017937,18,11,2023,18:55,5,2,3,75,75114,2,4,2,1,2
202300017938,3,7,2023,19:30,1,1,5,92,92048,1,2,3,2,1
202300017939,9,8,2023,07:05,1,1,3,94,94021,2,5,2,1,1
202300017939,9,8,2023,07:05,1,1,3,94,94021,2,5,3,1,1
202300017940,5,7,2023,10:00,1,1,2,93,93005,1,1,3,1,1
202300017941,17,11,2023,23:00,5,1,6,75,75110,2,4,1,1,1
202300017941,17,11,2023,23:00,5,1,6,75,75110,2,4,1,2,1
202300017942,9,8,2023,18:02,1,1,1,93,93001,2,3,2,1,1
202300017942,9,8,2023,18:02,1,1,1,93,93001,2,3,1,1,1
202300017943,4,7,2023,16:45,1,1,6,95,95585,2,4,2,1,1
202300017944,17,11,2023,14:50,1,2,7,75,75102,2,4,2,1,2
202300017944,17,11,2023,14:50,1,2,7,75,75102,2,4,1,1,2
202300017945,3,8,2023,20:45,1,3,2,92,92078,2,3,2,3,2
202300017946,7,8,2023,19:50,1,1,2,92,92046,2,3,2,2,1
202300017946,7,8,2023,19:50,1,1,2,92,92046,2,3,1,1,1
202300017947,13,3,2023,14:40,1,1,3,14,14225,2,4,-1,1,1
202300017947,13,3,2023,14:40,1,1,3,14,14225,2,4,-1,1,1
202300017948,18,11,2023,00:25,3,2,2,94,94068,2,3,2,2,2
202300017949,8,8,2023,18:35,1,1,1,92,92050,2,3,1,1,1
202300017949,8,8,2023,18:35,1,1,1,92,92050,2,3,2,2,1
202300017950,19,4,2023,12:40,1,1,3,13,13039,1,4,2,1,1
202300017950,19,4,2023,12:40,1,1,3,13,13039,1,4,2,1,1
202300017951,18,11,2023,02:22,5,2,6,94,94003,2,4,3,2,2
202300017952,9,8,2023,17:59,1,1,2,54,54345,1,3,2,1,1
202300017953,31,3,2023,12:15,1,1,2,974,97422,2,3,2,1,1
202300017954,7,8,2023,19:20,1,1,2,91,91648,1,3,3,1,1
202300017955,3,7,2023,21:55,5,1,4,973,97302,2,4,-1,1,1
202300017956,4,8,2023,09:30,1,1,6,31,31113,2,4,2,1,1
202300017957,18,11,2023,00:40,5,1,3,94,94003,2,3,2,1,1
202300017957,18,11,2023,00:40,5,1,3,94,94003,2,3,1,2,1
202300017958,4,7,2023,13:40,1,1,3,69,69383,2,4,1,1,1
202300017959,9,8,2023,08:40,1,1,3,10,10412,1,3,3,1,1
202300017960,18,11,2023,00:45,5,2,6,94,94002,2,3,2,1,2
202300017961,9,8,2023,10:35,1,1,7,05,05085,1,2,2,2,1
202300017962,4,7,2023,09:40,1,1,2,69,69387,2,4,2,1,1
202300017962,4,7,2023,09:40,1,1,2,69,69387,2,4,1,1,1
202300017963,31,5,2023,22:15,4,1,3,76,76575,1,7,3,1,1
202300017964,9,8,2023,17:45,1,1,1,76,76167,1,3,2,1,1
202300017964,9,8,2023,17:45,1,1,1,76,76167,1,3,2,1,1
202300017965,18,11,2023,16:00,1,3,1,93,93071,2,3,2,1,2
202300017966,4,7,2023,05:15,5,2,2,972,97213,1,1,2,1,2
202300017967,31,5,2023,22:30,5,1,6,71,71076,2,4,3,1,1
202300017968,3,7,2023,13:55,1,2,4,972,97213,1,1,-1,1,2
202300017969,18,11,2023,13:20,1,2,3,93,93064,2,3,1,1,2
202300017970,31,5,2023,22:40,4,2,6,69,69282,1,7,2,1,2
202300017971,9,8,2023,20:10,1,1,5,01,01109,1,3,2,2,1
202300017972,4,7,2023,13:50,1,1,2,972,97209,2,2,3,2,1
202300017973,30,5,2023,21:20,5,1,3,69,69259,2,4,2,1,1
202300017974,18,11,2023,08:20,2,3,1,93,93064,2,3,2,2,2
202300017975,10,8,2023,02:37,3,2,1,22,22025,1,3,2,1,2
202300017976,31,5,2023,15:20,1,1,6,64,64269,2,4,2,1,1
202300017977,18,11,2023,16:30,2,3,6,93,93032,2,4,2,1,2
202300017978,9,8,2023,09:05,1,1,1,42,42199,1,4,2,1,1
202300017979,4,7,2023,20:20,1,1,3,69,69382,2,4,1,1,1
202300017979,4,7,2023,20:20,1,1,3,69,69382,2,4,2,1,1
202300017980,30,5,2023,07:55,1,1,2,64,64024,2,4,2,1,1
202300017981,9,8,2023,21:10,5,1,3,58,58086,2,4,2,1,1
202300017982,31,5,2023,21:27,2,1,6,62,62771,2,4,3,1,1
202300017983,4,7,2023,18:10,1,1,3,69,69152,2,4,2,1,1