id_accident,jour,mois,annee,heure_minute,luminosite,meteo,type_collision,departement,commune,agglomeration,categorie_route,regime_circulation,profil_route,etat_surface
202300017984,10,8,2023,10:25,1,1,3,30,30096,1,3,3,1,1
202300017984,10,8,2023,10:25,1,1,3,30,30096,1,3,2,1,1
202300017985,31,5,2023,06:10,1,1,6,62,62548,2,4,4,1,1
202300017986,17,11,2023,12:00,1,2,3,93,93032,2,4,2,1,2
202300017986,17,11,2023,12:00,1,2,3,93,93032,2,4,2,1,2
202300017987,9,8,2023,07:50,1,1,6,22,22020,1,3,2,1,1
202300017988,4,7,2023,18:20,1,1,3,69,69389,2,4,2,1,1
202300017989,7,8,2023,14:45,1,1,3,56,56024,1,3,2,1,1
202300017989,7,8,2023,14:45,1,1,3,56,56024,1,3,2,1,1
202300017990,31,5,2023,11:50,1,1,2,61,61001,2,4,2,1,1
202300017990,31,5,2023,11:50,1,1,2,61,61001,2,4,2,1,1
202300017991,23,6,2023,19:00,3,2,6,971,97101,2,4,2,2,2
202300017992,18,11,2023,07:10,5,2,4,93,93029,2,4,2,1,2
202300017993,31,5,2023,14:28,1,1,2,60,60057,1,4,-1,1,1
202300017994,3,7,2023,14:33,1,1,3,971,97101,1,3,2,1,1
202300017995,8,8,2023,14:11,1,1,3,56,56154,1,3,2,1,1
202300017995,8,8,2023,14:11,1,1,3,56,56154,1,3,2,2,1
202300017996,18,11,2023,20:30,5,2,7,92,92076,2,3,-1,1,2
202300017997,10,8,2023,00:00,3,1,6,2A,2A269,1,2,2,1,1
202300017998,31,5,2023,10:40,1,1,6,54,54431,2,3,2,1,1
202300017998,31,5,2023,10:40,1,1,6,54,54431,2,3,2,1,1
202300017999,4,7,2023,20:15,1,1,3,2A,2A004,2,4,1,1,1
202300018000,18,11,2023,07:35,2,2,6,93,93070,2,4,2,1,2
202300018001,10,8,2023,18:40,1,1,6,80,80324,2,4,2,1,1
202300018002,4,7,2023,11:45,1,1,3,2A,2A004,2,3,2,2,1
202300018003,30,5,2023,17:38,1,1,2,54,54184,2,4,3,1,1
202300018004,9,8,2023,17:45,1,1,4,65,65127,1,3,2,2,1
202300018005,4,7,2023,17:20,1,1,3,91,91477,2,3,2,1,1
202300018006,31,5,2023,20:56,2,1,6,54,54254,2,4,1,1,1
202300018007,18,11,2023,22:20,3,1,5,2A,2A272,1,2,2,2,1
202300018008,10,8,2023,07:00,1,1,6,33,33540,1,4,2,1,1
202300018009,4,7,2023,09:10,1,1,3,91,91201,2,3,2,2,1
202300018010,18,11,2023,10:10,1,1,6,2A,2A065,2,3,2,1,1
202300018011,31,5,2023,07:45,1,1,3,45,45302,2,4,2,1,1
202300018012,9,8,2023,20:30,2,1,6,33,33506,2,3,2,2,1
202300018013,3,7,2023,19:00,1,1,6,91,91286,2,4,2,3,1
202300018014,9,8,2023,23:30,3,1,2,33,33404,1,3,2,2,1
202300018015,18,11,2023,13:50,1,1,3,17,17420,1,3,2,1,1
202300018015,18,11,2023,13:50,1,1,3,17,17420,1,3,2,1,1
202300018016,31,5,2023,09:55,1,1,4,44,44109,2,4,2,1,1
202300018016,31,5,2023,09:55,1,1,4,44,44109,2,4,1,1,1
202300018017,4,7,2023,14:20,1,2,4,91,91326,2,3,1,2,2
202300018017,4,7,2023,14:20,1,2,4,91,91326,2,3,2,1,2
202300018018,6,8,2023,19:50,1,1,3,33,33236,1,3,2,1,1
202300018018,6,8,2023,19:50,1,1,3,33,33236,1,3,2,1,1
202300018019,4,7,2023,12:10,1,1,1,91,91223,2,4,2,1,1
202300018020,30,5,2023,09:00,1,1,6,44,44109,2,4,1,1,1
202300018020,30,5,2023,09:00,1,1,6,44,44109,2,4,3,1,1
202300018021,17,11,2023,09:00,1,1,3,06,06161,1,3,4,2,1
202300018021,17,11,2023,09:00,1,1,3,06,06161,1,3,2,2,1
202300018022,6,8,2023,19:45,1,1,6,32,32007,1,3,2,1,1
202300018023,23,6,2023,11:12,1,1,7,87,87085,2,4,2,1,1
202300018024,18,11,2023,17:05,2,1,6,05,05093,1,3,2,2,1
202300018025,9,8,2023,11:30,1,1,6,71,71419,2,3,2,1,1
202300018025,9,8,2023,11:30,1,1,6,71,71419,2,3,-1,1,1
202300018026,26,5,2023,23:00,5,1,2,42,42218,2,4,2,1,1
202300018026,26,5,2023,23:00,5,1,2,42,42218,2,4,2,1,1
202300018027,3,7,2023,16:33,1,1,1,87,87050,1,2,2,1,1
202300018028,17,11,2023,19:30,2,1,3,972,97222,1,2,2,1,1
202300018028,17,11,2023,19:30,2,1,3,972,97222,1,2,-1,-1,-1
202300018029,9,8,2023,15:40,1,1,3,63,63262,2,4,2,1,1
202300018029,9,8,2023,15:40,1,1,3,63,63262,2,4,2,1,1
202300018030,30,5,2023,15:50,1,1,6,38,38185,2,4,2,1,1
202300018031,1,6,2023,16:50,1,1,6,83,83129,2,3,2,1,1
202300018031,1,6,2023,16:50,1,1,6,83,83129,2,3,2,1,1
202300018032,19,11,2023,07:10,3,8,6,42,42284,1,2,2,2,1
202300018033,9,8,2023,09:45,1,1,7,68,68090,2,6,-1,1,1
202300018034,27,5,2023,19:00,1,1,6,34,34003,1,3,3,1,1
202300018035,9,8,2023,23:40,3,1,6,39,39495,1,4,2,2,1
202300018036,4,7,2023,17:40,1,1,3,83,83034,2,3,1,1,1
202300018037,19,11,2023,15:35,1,1,2,36,36239,1,1,3,2,1
202300018038,31,5,2023,12:55,1,1,3,33,33119,2,4,2,1,1
202300018038,31,5,2023,12:55,1,1,3,33,33119,2,4,1,1,1
202300018039,9,8,2023,12:43,1,1,3,29,29150,2,4,2,1,1
202300018040,19,11,2023,10:30,1,2,6,87,87202,2,3,2,2,2
202300018041,3,6,2023,16:45,1,1,6,78,78350,2,4,2,1,1
202300018041,3,6,2023,16:45,1,1,6,78,78350,2,4,1,1,1
202300018042,9,8,2023,10:45,1,1,3,29,29020,1,4,2,1,1
202300018042,9,8,2023,10:45,1,1,3,29,29020,1,4,2,2,1
202300018043,31,5,2023,10:20,1,1,3,29,29232,2,4,2,1,1
202300018043,31,5,2023,10:20,1,1,3,29,29232,2,4,-1,1,1
202300018044,4,7,2023,13:09,1,1,3,78,78498,2,4,-1,1,1
202300018045,30,5,2023,19:55,1,1,6,28,28218,2,4,2,1,1
202300018046,9,8,2023,18:30,1,1,4,29,29197,2,3,2,2,1
202300018047,19,11,2023,00:01,4,2,1,77,77182,2,3,2,1,2
202300018048,31,5,2023,18:40,1,1,6,22,22278,1,2,3,1,1
202300018049,9,8,2023,11:28,1,1,7,15,15119,1,3,3,2,1
202300018050,18,11,2023,18:07,3,2,3,56,56177,1,3,2,1,2
202300018050,18,11,2023,18:07,3,2,3,56,56177,1,3,2,3,2
202300018051,31,5,2023,18:30,1,2,1,13,13215,2,4,2,2,2
202300018052,4,7,2023,17:55,1,1,3,77,77495,2,4,2,1,1
202300018053,8,8,2023,16:30,1,1,3,01,01093,1,3,2,4,1
202300018054,4,7,2023,20:20,1,1,1,77,77284,2,4,1,1,1
202300018055,9,8,2023,18:30,1,7,6,26,26125,1,3,2,1,1
202300018056,30,5,2023,11:46,1,1,3,11,11069,1,3,2,1,1
202300018057,19,11,2023,18:10,3,2,4,76,76597,1,3,2,1,2
202300018058,18,11,2023,21:00,3,2,7,79,79172,1,4,2,1,2
202300018059,9,8,2023,17:45,1,1,2,66,66193,1,2,2,2,1
202300018060,30,5,2023,11:00,1,1,2,11,11069,2,4,-1,1,1
202300018061,3,7,2023,11:35,1,1,6,76,76351,2,4,2,2,1
202300018061,3,7,2023,11:35,1,1,6,76,76351,2,4,2,2,1
202300018062,29,7,2023,23:35,3,1,7,05,05011,1,3,2,1,2
202300018063,28,5,2023,18:00,1,1,1,06,06083,2,4,2,1,1
202300018064,9,8,2023,17:00,1,1,6,10,10287,1,3,2,1,1
202300018065,15,11,2023,11:00,1,1,3,82,82135,1,3,2,1,1
202300018065,15,11,2023,11:00,1,1,3,82,82135,1,3,2,1,1
202300018066,4,7,2023,23:09,5,1,3,74,74305,2,4,2,1,1
202300018066,4,7,2023,23:09,5,1,3,74,74305,2,4,2,1,1
202300018067,10,8,2023,02:45,3,1,7,07,07191,1,4,2,1,1
202300018068,30,5,2023,19:00,1,1,1,06,06069,2,3,2,2,1
202300018069,4,7,2023,14:00,1,1,3,74,74012,2,4,2,1,1
202300018070,18,11,2023,11:10,1,1,1,65,65183,2,4,2,2,1
202300018071,10,8,2023,18:15,1,7,7,53,53269,1,3,2,1,1
202300018072,31,5,2023,11:47,1,1,6,06,06029,2,4,2,1,1
202300018073,26,6,2023,14:00,1,1,6,73,73065,2,3,3,1,1
202300018074,9,8,2023,19:30,1,1,6,53,53084,1,3,2,1,1
202300018075,18,11,2023,23:00,5,1,2,11,11116,1,3,2,1,1
202300018076,9,8,2023,10:14,1,1,6,04,04209,2,4,2,1,1
202300018077,23,6,2023,07:50,1,1,3,70,70550,2,4,2,1,1
202300018077,23,6,2023,07:50,1,1,3,70,70550,2,4,2,1,1
202300018078,31,5,2023,17:36,1,1,4,75,75106,2,4,1,1,1
202300018078,31,5,2023,17:36,1,1,4,75,75106,2,4,2,1,1
202300018079,18,11,2023,15:20,1,2,1,89,89482,1,3,2,1,2
202300018080,10,8,2023,09:12,1,1,7,04,04140,1,3,2,1,9
202300018081,19,11,2023,03:20,3,2,6,89,89344,2,3,2,2,2
202300018082,6,8,2023,06:20,2,1,6,04,04219,1,3,2,1,1
202300018083,4,7,2023,13:33,1,1,3,69,69259,2,4,3,1,1
202300018083,4,7,2023,13:33,1,1,3,69,69259,2,4,2,1,1
202300018084,31,5,2023,01:40,5,1,3,75,75106,2,4,1,1,1
202300018084,31,5,2023,01:40,5,1,3,75,75106,2,4,1,1,1
202300018085,6,8,2023,16:00,1,1,2,85,85172,2,3,2,1,1
202300018086,19,11,2023,01:55,3,1,6,63,63178,1,3,2,2,1
202300018087,4,7,2023,10:30,1,1,3,69,69199,2,4,2,1,1
202300018087,4,7,2023,10:30,1,1,3,69,69199,2,4,2,1,1
202300018088,30,5,2023,20:50,1,1,1,75,75105,2,4,-1,1,1
202300018088,30,5,2023,20:50,1,1,1,75,75105,2,4,-1,2,1
202300018089,10,8,2023,12:00,1,1,6,37,37046,1,3,2,1,1
202300018090,4,7,2023,07:50,1,1,6,67,67482,2,4,2,1,1
202300018091,10,8,2023,10:45,1,1,2,68,68375,2,4,2,1,1
202300018092,10,8,2023,10:18,1,1,6,77,77099,1,1,3,1,1
202300018093,3,7,2023,20:30,2,1,6,67,67482,2,4,2,1,1
202300018094,30,5,2023,20:00,1,1,2,75,75119,2,4,2,2,1
202300018094,30,5,2023,20:00,1,1,2,75,75119,2,4,-1,1,1
202300018095,18,11,2023,17:37,2,1,1,86,86039,1,4,2,1,1
202300018096,9,8,2023,23:45,3,1,6,13,13091,1,3,2,1,1
202300018097,23,6,2023,17:40,1,1,6,67,67462,2,6,-1,1,1
202300018098,19,11,2023,14:00,1,1,6,29,29272,1,4,2,2,1
202300018099,31,5,2023,11:10,1,1,3,75,75117,2,4,2,1,1
202300018099,31,5,2023,11:10,1,1,3,75,75117,2,4,1,1,1
202300018100,9,8,2023,14:44,1,1,4,40,40295,1,1,3,1,1
202300018101,4,7,2023,19:45,1,1,2,64,64445,2,4,2,1,1
202300018102,19,11,2023,13:20,1,1,6,02,02543,2,3,2,2,1
202300018103,31,5,2023,16:30,1,1,3,75,75116,2,4,2,1,1
202300018103,31,5,2023,16:30,1,1,3,75,75116,2,4,2,1,1
202300018104,9,8,2023,18:25,1,1,6,01,01373,1,1,1,1,1
202300018105,4,7,2023,14:00,1,1,3,64,64445,1,4,1,1,1
202300018106,18,11,2023,01:45,5,1,6,84,84070,2,4,2,1,1
202300018107,8,8,2023,15:10,1,1,2,06,06152,1,3,1,1,1
202300018108,2,7,2023,21:55,1,1,7,64,64024,2,3,3,1,1
202300018109,31,5,2023,10:48,1,1,3,75,75115,2,4,2,1,1
202300018109,31,5,2023,10:48,1,1,3,75,75115,2,4,2,1,1
202300018110,10,8,2023,06:30,2,1,7,27,27390,1,2,3,1,1
202300018111,3,7,2023,02:55,5,1,2,64,64102,2,4,2,1,1
202300018112,19,11,2023,18:28,3,1,3,66,66085,2,3,2,2,1
202300018112,19,11,2023,18:28,3,1,3,66,66085,2,3,2,2,1
202300018113,31,5,2023,08:10,1,1,6,75,75115,2,4,1,1,1
202300018113,31,5,2023,08:10,1,1,6,75,75115,2,4,1,1,1
202300018114,10,8,2023,18:35,1,1,2,27,27188,1,1,3,2,1
202300018115,19,11,2023,10:30,1,1,6,54,54533,2,4,1,2,1
202300018115,19,11,2023,10:30,1,1,6,54,54533,2,4,1,2,1
202300018116,31,5,2023,11:40,1,1,6,75,75114,2,4,1,1,1
202300018116,31,5,2023,11:40,1,1,6,75,75114,2,4,1,2,1
202300018117,4,7,2023,10:19,1,1,3,63,63014,2,7,3,1,1
202300018117,4,7,2023,10:19,1,1,3,63,63014,2,7,2,1,1
202300018118,10,8,2023,07:50,1,1,2,78,78009,1,1,3,1,1
202300018119,17,11,2023,14:30,1,1,6,72,72367,2,3,-1,1,1
202300018120,30,5,2023,14:40,1,1,6,75,75114,2,4,3,1,1
202300018121,5,8,2023,15:45,1,1,6,66,66008,2,3,-1,1,1
202300018122,4,7,2023,08:30,1,1,3,59,59350,2,7,1,1,1
202300018123,18,11,2023,11:35,1,1,1,06,06059,1,7,2,2,1
202300018124,9,8,2023,20:00,1,1,3,34,34189,2,3,1,1,1
202300018125,2,7,2023,02:10,5,1,6,59,59345,2,3,2,1,1
202300018126,31,5,2023,22:10,5,1,6,75,75113,2,4,2,1,1
202300018126,31,5,2023,22:10,5,1,6,75,75113,2,4,1,1,1
202300018127,5,8,2023,23:52,5,1,1,13,13041,2,4,2,1,1
202300018128,4,7,2023,08:40,1,1,2,58,58194,2,4,2,1,1
202300018129,19,11,2023,00:05,5,1,1,06,06038,2,3,2,1,1
202300018130,31,5,2023,00:20,5,1,1,75,75113,2,4,2,1,1
202300018130,31,5,2023,00:20,5,1,1,75,75113,2,4,2,1,1
202300018131,9,8,2023,17:30,1,1,7,68,68344,1,3,2,2,1
202300018132,19,11,2023,16:45,2,2,7,50,50417,1,3,2,1,2
202300018133,3,7,2023,10:00,1,1,6,57,57672,1,3,2,1,1
202300018134,30,5,2023,09:15,1,1,3,75,75113,2,4,1,1,1
202300018134,30,5,2023,09:15,1,1,3,75,75113,2,4,1,1,1
202300018135,9,8,2023,10:56,1,1,1,88,88261,2,4,2,1,1
202300018136,4,7,2023,08:30,1,1,3,51,51454,2,4,2,1,1
202300018136,4,7,2023,08:30,1,1,3,51,51454,2,4,2,1,1
202300018137,31,5,2023,11:40,1,1,6,75,75112,2,4,-1,1,1
202300018138,19,11,2023,12:37,1,1,3,10,10254,1,3,2,1,1
202300018138,19,11,2023,12:37,1,1,3,10,10254,1,3,2,1,1
202300018139,9,8,2023,16:10,1,1,6,73,73132,1,3,2,2,1
202300018140,29,5,2023,01:15,5,1,7,51,51454,2,4,-1,1,1
202300018141,5,8,2023,14:15,1,1,3,69,69143,2,7,2,1,1
202300018141,5,8,2023,14:15,1,1,3,69,69143,2,7,2,1,1
202300018142,31,5,2023,10:07,1,1,3,75,75112,2,4,2,1,1
202300018142,31,5,2023,10:07,1,1,3,75,75112,2,4,2,1,1
202300018143,19,11,2023,11:00,1,1,2,21,21003,1,7,2,1,2
202300018144,3,7,2023,19:45,1,1,1,50,50129,1,3,2,1,1
202300018145,10,8,2023,17:30,1,1,3,69,69116,1,7,3,1,1
202300018146,19,11,2023,10:30,1,1,6,40,40007,1,3,2,1,1
202300018147,31,5,2023,08:40,1,1,2,75,75112,2,4,2,1,1
202300018147,31,5,2023,08:40,1,1,2,75,75112,2,4,1,1,1
202300018148,2,7,2023,18:10,1,1,3,50,50129,2,4,2,1,1
202300018148,2,7,2023,18:10,1,1,3,50,50129,2,4,2,1,1
202300018149,18,11,2023,10:45,1,1,7,40,40131,1,3,2,1,1
202300018150,9,8,2023,15:25,1,1,3,49,49298,2,4,2,1,1
202300018150,9,8,2023,15:25,1,1,3,49,49298,2,4,2,1,1
202300018151,3,7,2023,18:49,1,1,6,49,49007,2,4,1,1,1
202300018152,31,5,2023,18:32,1,1,6,75,75111,2,4,2,1,1
202300018152,31,5,2023,18:32,1,1,6,75,75111,2,4,1,1,1
202300018153,16,11,2023,17:46,2,1,1,17,17326,1,3,2,2,2
202300018154,4,7,2023,05:04,3,1,6,47,47323,1,3,2,1,1
202300018155,9,8,2023,22:15,5,1,3,44,44026,2,7,2,1,1
202300018155,9,8,2023,22:15,5,1,3,44,44026,2,7,3,1,1
202300018156,31,5,2023,17:30,1,1,3,75,75111,2,4,2,1,1
202300018156,31,5,2023,17:30,1,1,3,75,75111,2,4,1,1,1
202300018157,4,7,2023,02:45,3,1,6,46,46042,2,3,1,-1,-1
202300018157,4,7,2023,02:45,3,1,6,46,46042,2,3,2,2,1
202300018158,10,8,2023,02:45,3,1,6,14,14066,2,3,2,1,1
202300018159,18,11,2023,14:51,1,8,1,37,37098,1,3,2,1,1
202300018159,18,11,2023,14:51,1,8,1,37,37098,1,3,2,2,1
202300018160,4,7,2023,18:25,1,1,3,44,44184,2,4,2,1,1
202300018160,4,7,2023,18:25,1,1,3,44,44184,2,4,2,1,1
202300018161,9,8,2023,13:20,1,1,1,22,22277,1,3,2,1,1
202300018162,28,5,2023,19:20,1,1,6,75,75108,2,4,1,1,1
202300018162,28,5,2023,19:20,1,1,6,75,75108,2,4,2,1,1
202300018163,9,8,2023,22:00,2,1,1,22,22186,2,3,1,2,1
202300018164,3,7,2023,16:00,1,1,2,42,42044,2,7,1,1,1
202300018164,3,7,2023,16:00,1,1,2,42,42044,2,7,1,4,1
202300018165,10,8,2023,17:00,1,1,6,76,76684,1,3,2,2,1
202300018166,2,7,2023,14:45,1,1,7,41,41018,1,9,-1,1,6
202300018167,31,5,2023,18:40,1,1,2,75,75114,2,4,-1,1,1
202300018167,31,5,2023,18:40,1,1,2,75,75114,2,4,1,1,1
202300018168,19,11,2023,19:05,3,1,6,13,13091,2,4,2,1,1
202300018169,3,7,2023,10:20,1,8,6,37,37214,2,4,1,1,2
202300018170,31,5,2023,10:10,1,1,6,75,75114,2,4,1,1,1
202300018171,9,8,2023,12:10,1,1,6,33,33063,1,1,1,4,8
202300018172,19,11,2023,06:45,4,1,3,13,13037,2,3,2,1,1
202300018173,4,7,2023,20:04,1,1,2,35,35051,2,4,2,1,2
202300018174,31,5,2023,15:50,1,1,3,75,75104,2,4,2,1,1
202300018174,31,5,2023,15:50,1,1,3,75,75104,2,4,1,2,1
202300018175,18,11,2023,13:35,1,1,7,06,06088,1,1,3,1,1
202300018176,4,7,2023,17:05,1,2,2,35,35238,1,2,3,1,2
202300018177,8,8,2023,12:10,1,1,2,33,33096,1,1,3,1,1
202300018178,31,5,2023,09:40,1,7,3,94,94081,2,3,2,1,1
202300018178,31,5,2023,09:40,1,7,3,94,94081,2,3,2,1,1
202300018179,29,6,2023,12:07,1,2,3,35,35150,2,6,-1,1,2
202300018180,18,11,2023,05:28,3,1,2,34,34135,1,1,3,1,1
202300018181,8,8,2023,09:40,1,1,4,33,33122,1,1,3,1,1
202300018182,31,5,2023,16:30,1,1,3,94,94078,2,2,2,1,1
202300018183,4,7,2023,22:31,5,1,2,33,33039,2,4,3,1,1
202300018184,31,5,2023,14:30,1,1,6,94,94078,2,4,1,1,1
202300018185,8,8,2023,23:55,4,1,3,91,91689,1,1,1,1,1
202300018186,17,11,2023,19:15,3,1,2,13,13051,1,1,1,1,1
202300018187,3,7,2023,13:00,1,1,2,30,30189,2,2,3,1,1
202300018188,30,5,2023,17:42,1,1,6,94,94078,2,4,2,1,1
202300018189,9,8,2023,01:15,5,1,6,92,92050,1,1,1,1,1
202300018190,18,11,2023,17:10,3,2,6,45,45094,1,1,3,1,2
202300018191,9,8,2023,14:30,1,1,6,95,95527,1,1,3,1,1
202300018192,31,5,2023,09:00,1,1,6,94,94015,2,4,2,1,1
202300018193,3,7,2023,07:20,1,1,6,29,29019,2,4,-1,2,1
202300018193,3,7,2023,07:20,1,1,6,29,29019,2,4,-1,1,1
202300018194,25,10,2023,13:53,1,3,6,77,77168,1,1,1,1,2
202300018195,9,8,2023,06:30,2,1,3,93,93066,1,1,1,1,1
202300018196,30,5,2023,23:30,5,1,3,94,94041,2,3,1,1,1
202300018196,30,5,2023,23:30,5,1,3,94,94041,2,3,1,1,1
202300018197,4,7,2023,15:20,1,1,3,26,26362,2,4,2,2,1
202300018198,18,11,2023,23:20,3,2,2,95,95002,1,3,3,1,2
202300018199,18,11,2023,01:10,3,2,6,95,95141,1,3,2,1,2
202300018200,28,5,2023,17:00,1,1,6,83,83100,1,3,2,1,1
202300018201,30,5,2023,18:25,1,1,3,94,94041,2,3,2,1,1
202300018202,4,7,2023,09:35,1,1,3,25,25056,2,4,3,2,1
202300018202,4,7,2023,09:35,1,1,3,25,25056,2,4,2,2,1
202300018203,18,11,2023,19:50,3,2,6,78,78366,1,3,-1,1,2
202300018204,30,5,2023,02:37,5,1,3,94,94041,2,3,2,1,1
202300018204,30,5,2023,02:37,5,1,3,94,94041,2,3,1,1,1
202300018205,3,7,2023,15:18,1,1,7,15,15012,2,4,2,1,1
202300018206,19,11,2023,10:35,1,1,3,84,84068,1,3,2,1,2
202300018207,26,5,2023,17:45,1,1,5,83,83069,2,3,2,1,1
202300018208,29,5,2023,09:10,1,1,6,94,94033,2,3,1,1,1
202300018208,29,5,2023,09:10,1,1,6,94,94033,2,3,2,1,1
202300018209,4,7,2023,19:45,1,2,2,14,14079,2,3,2,2,2
202300018209,4,7,2023,19:45,1,2,2,14,14079,2,3,1,3,2
202300018210,8,8,2023,12:15,1,1,6,85,85191,2,3,1,1,1
202300018211,31,5,2023,14:00,1,1,2,94,94028,2,4,1,1,1
202300018212,4,7,2023,08:40,1,1,6,13,13106,2,4,2,1,1
202300018213,8,8,2023,22:15,5,1,6,69,69264,2,3,2,1,1
202300018213,8,8,2023,22:15,5,1,6,69,69264,2,3,1,1,1
202300018214,19,11,2023,12:30,1,1,3,83,83077,1,3,2,1,1
202300018215,31,5,2023,15:40,1,1,6,94,94017,2,3,1,2,1
202300018215,31,5,2023,15:40,1,1,6,94,94017,2,3,2,1,1
202300018216,4,7,2023,06:00,1,1,1,13,13117,2,3,3,1,1
202300018217,31,5,2023,17:15,1,1,6,94,94017,2,3,2,1,1
202300018218,8,8,2023,19:05,1,1,3,92,92025,2,4,2,1,1
202300018218,8,8,2023,19:05,1,1,3,92,92025,2,4,2,1,1
202300018219,4,7,2023,20:25,2,1,3,13,13001,2,4,2,2,1
202300018219,4,7,2023,20:25,2,1,3,13,13001,2,4,2,2,1
202300018220,31,5,2023,09:00,1,1,6,94,94071,2,3,3,1,1
202300018221,21,5,2023,21:00,1,7,6,74,74281,1,4,2,1,1
202300018222,4,7,2023,19:36,1,2,3,10,10325,2,4,1,1,2
202300018222,4,7,2023,19:36,1,2,3,10,10325,2,4,1,1,2
202300018223,31,5,2023,06:25,1,1,3,94,94075,2,2,3,1,1
202300018224,8,8,2023,13:25,1,1,2,974,97405,1,2,3,2,1
202300018225,3,7,2023,17:45,1,1,3,10,10081,2,4,2,1,1
202300018225,3,7,2023,17:45,1,1,3,10,10081,2,4,2,1,1
202300018226,7,8,2023,15:55,1,1,7,974,97416,1,4,2,3,1
202300018227,31,5,2023,14:00,1,1,4,93,93078,2,4,2,1,1
202300018228,18,11,2023,16:45,2,1,3,42,42147,2,3,2,2,1
202300018229,24,6,2023,12:00,1,1,3,07,07186,2,3,2,1,1
202300018229,24,6,2023,12:00,1,1,3,07,07186,2,3,2,1,1
202300018230,7,8,2023,16:40,1,1,5,974,97416,1,2,3,1,1
202300018231,31,5,2023,00:10,5,1,3,93,93073,2,4,2,1,1
202300018231,31,5,2023,00:10,5,1,3,93,93073,2,4,2,1,1
202300018232,6,8,2023,00:05,5,1,7,973,97302,2,4,2,1,1
202300018233,4,7,2023,13:10,1,1,3,06,06004,2,3,2,1,1
202300018233,4,7,2023,13:10,1,1,3,06,06004,2,3,2,2,1
202300018234,17,11,2023,18:40,5,2,3,38,38474,2,7,2,1,2
202300018235,31,5,2023,14:45,1,1,2,93,93064,2,3,2,1,1
202300018236,8,8,2023,14:05,1,1,2,69,69388,2,4,2,1,1
202300018237,3,7,2023,21:35,1,1,6,03,03101,1,3,-1,2,1
202300018238,31,5,2023,16:49,1,1,3,93,93051,2,4,2,1,1
202300018239,18,11,2023,23:45,3,1,1,69,69255,2,3,2,2,1
202300018240,8,8,2023,12:45,1,1,6,69,69383,2,4,1,1,1
202300018241,4,7,2023,16:50,1,1,2,75,75120,2,4,1,1,1
202300018242,31,5,2023,09:15,1,1,3,93,93048,2,3,2,1,1
202300018242,31,5,2023,09:15,1,1,3,93,93048,2,3,2,1,1
202300018243,19,11,2023,11:15,1,1,7,81,81182,1,4,2,2,2
202300018244,7,8,2023,09:10,1,1,3,972,97209,2,3,2,2,1
202300018245,18,11,2023,13:30,1,1,7,65,65059,2,3,2,2,1
202300018246,6,8,2023,22:00,5,1,7,69,69381,2,4,2,1,1
202300018247,31,5,2023,13:30,1,1,3,93,93046,2,4,2,1,1
202300018248,19,11,2023,00:20,3,1,6,09,09210,1,2,3,1,1
202300018249,8,8,2023,16:50,1,1,3,971,97113,1,2,-1,1,1
202300018250,19,11,2023,21:10,3,5,6,87,87167,1,3,2,1,2
202300018251,28,5,2023,14:28,1,1,6,93,93031,2,3,2,1,1
202300018251,28,5,2023,14:28,1,1,6,93,93031,2,3,1,1,1
202300018252,8,8,2023,12:10,1,1,6,2A,2A004,2,3,2,1,1
202300018253,19,11,2023,04:40,3,1,6,16,16236,1,3,2,1,1
202300018254,31,5,2023,08:15,1,1,4,93,93014,2,3,3,2,1
202300018255,31,5,2023,19:55,1,1,6,93,93010,2,3,2,1,1
202300018256,4,8,2023,09:10,1,2,2,87,87085,2,4,3,2,2
202300018257,19,11,2023,17:15,1,1,6,22,22162,1,4,2,1,1
202300018257,19,11,2023,17:15,1,1,6,22,22162,1,4,2,2,2
202300018258,19,11,2023,14:15,1,8,6,76,76743,2,3,2,1,1
202300018259,30,5,2023,19:40,1,1,3,93,93007,2,3,2,2,1
202300018259,30,5,2023,19:40,1,1,3,93,93007,2,3,2,1,1
202300018260,7,8,2023,09:59,1,1,1,86,86194,2,4,2,2,1
202300018260,7,8,2023,09:59,1,1,1,86,86194,2,4,3,2,1
202300018261,5,8,2023,09:10,1,1,2,84,84007,1,3,2,1,1
202300018262,31,5,2023,15:00,1,1,6,92,92051,2,4,-1,1,1
202300018263,31,5,2023,10:20,1,1,6,92,92051,2,4,2,1,1
202300018264,7,8,2023,19:40,1,1,7,83,83129,2,3,3,1,1
202300018265,17,11,2023,19:11,5,1,2,83,83144,1,1,3,1,1
202300018266,30,5,2023,21:21,1,1,7,92,92020,2,4,1,1,1
202300018266,30,5,2023,21:21,1,1,7,92,92020,2,4,2,1,1
202300018267,18,11,2023,00:55,3,1,6,33,33075,1,1,3,1,1
202300018268,4,8,2023,17:45,1,1,3,80,80021,2,4,2,1,1
202300018268,4,8,2023,17:45,1,1,3,80,80021,2,4,2,1,1
202300018269,31,5,2023,16:20,1,1,1,92,92026,2,3,3,1,1
202300018270,18,11,2023,18:10,3,2,6,91,91347,1,2,3,1,2
202300018271,18,11,2023,12:20,1,2,7,91,91228,1,2,1,2,2
202300018272,31,5,2023,07:50,1,1,6,92,92032,2,3,3,1,1
202300018273,31,5,2023,19:35,1,1,3,92,92012,2,3,1,1,1
202300018274,18,11,2023,14:28,1,3,2,92,92002,1,1,3,1,2
202300018275,7,8,2023,19:55,1,1,3,78,78238,1,3,-1,1,1
202300018276,18,11,2023,09:04,1,3,7,91,91659,1,1,3,2,3