id_accident,jour,mois,annee,heure_minute,luminosite,meteo,type_collision,departement,commune,agglomeration,categorie_route,regime_circulation,profil_route,etat_surface
202300018277,6,8,2023,00:25,3,3,6,77,77514,1,3,1,1,2
202300018278,31,5,2023,20:30,1,1,3,92,92012,1,4,2,1,1
202300018278,31,5,2023,20:30,1,1,3,92,92012,1,4,1,1,1
202300018279,7,8,2023,11:00,1,1,3,76,76351,2,3,2,4,1
202300018279,7,8,2023,11:00,1,1,3,76,76351,2,3,2,1,1
202300018280,18,11,2023,03:45,3,2,5,91,91661,1,1,3,2,2
202300018281,31,5,2023,09:25,1,1,2,92,92012,2,3,1,1,1
202300018282,30,5,2023,22:45,2,1,7,92,92004,2,4,-1,1,1
202300018283,8,8,2023,09:45,1,1,6,72,72181,2,4,2,1,1
202300018284,17,11,2023,15:20,1,1,2,91,91521,1,1,3,1,1
202300018285,30,5,2023,16:44,1,1,6,92,92004,2,4,-1,1,1
202300018286,8,8,2023,12:55,1,1,3,69,69275,2,4,2,1,1
202300018286,8,8,2023,12:55,1,1,3,69,69275,2,4,2,2,1
202300018287,17,11,2023,20:20,3,3,2,78,78291,1,1,1,1,2
202300018288,8,8,2023,18:52,1,1,6,64,64102,1,4,1,1,1
202300018289,8,8,2023,03:54,5,1,7,64,64102,2,4,2,1,1
202300018290,1,6,2023,16:00,1,1,2,83,83136,1,3,2,1,1
202300018290,1,6,2023,16:00,1,1,2,83,83136,1,3,2,1,1
202300018291,18,11,2023,01:49,3,1,2,78,78206,1,1,1,1,1
202300018292,7,8,2023,13:25,1,1,1,64,64102,2,3,2,1,1
202300018293,18,11,2023,16:25,1,2,6,95,95582,1,1,3,4,2
202300018294,28,5,2023,17:47,1,7,3,57,57664,1,3,2,1,1
202300018295,18,11,2023,10:00,1,2,7,92,92050,1,1,1,1,2
202300018296,7,8,2023,10:50,2,1,2,64,64102,2,3,3,1,1
202300018297,31,5,2023,10:15,1,1,6,974,97422,2,9,2,2,1
202300018298,7,8,2023,17:00,1,1,6,63,63014,1,3,3,1,1
202300018299,18,11,2023,05:40,3,2,2,93,93007,1,1,3,1,2
202300018300,31,5,2023,15:40,1,1,3,85,85109,2,4,2,1,1
202300018301,8,8,2023,10:15,1,1,3,59,59343,2,7,2,1,1
202300018302,18,11,2023,00:30,5,1,3,93,93048,1,1,3,1,1
202300018303,7,8,2023,16:20,1,1,2,59,59350,2,4,2,1,1
202300018304,29,5,2023,13:30,1,1,7,51,51621,1,3,2,2,1
202300018305,17,11,2023,10:00,1,1,2,95,95500,1,1,3,1,2
202300018306,1,6,2023,19:45,1,1,6,62,62268,2,4,1,1,1
202300018307,8,8,2023,01:23,3,1,3,56,56107,2,3,3,3,1
202300018307,8,8,2023,01:23,3,1,3,56,56107,2,3,2,1,1
202300018308,30,5,2023,14:30,1,1,6,19,19010,1,3,3,2,1
202300018309,18,11,2023,11:20,1,1,4,94,94017,1,1,1,1,1
202300018310,31,5,2023,14:15,1,1,3,76,76744,2,3,2,1,1
202300018310,31,5,2023,14:15,1,1,3,76,76744,2,3,2,1,1
202300018311,14,11,2023,16:45,1,1,3,974,97416,2,3,2,1,1
202300018312,31,5,2023,16:05,1,1,1,69,69103,2,3,2,1,1
202300018313,17,11,2023,06:50,1,2,7,974,97416,1,3,2,2,2
202300018314,1,6,2023,18:45,1,1,7,63,63469,1,3,2,2,1
202300018315,17,11,2023,21:10,5,1,3,974,97407,2,4,1,1,1
202300018316,1,6,2023,15:55,1,1,7,63,63097,1,3,2,2,1
202300018317,13,3,2023,19:55,5,3,6,67,67482,2,4,2,1,2
202300018317,13,3,2023,19:55,5,3,6,67,67482,2,4,2,1,2
202300018318,16,11,2023,22:10,5,1,3,973,97302,2,4,2,1,1
202300018318,16,11,2023,22:10,5,1,3,973,97302,2,4,1,1,1
202300018319,31,5,2023,14:10,1,1,1,42,42234,1,7,2,3,1
202300018320,1,6,2023,20:50,2,1,6,46,46028,2,3,2,1,2
202300018321,29,5,2023,11:50,1,1,7,41,41242,2,4,2,1,1
202300018322,17,11,2023,01:40,5,1,2,69,69386,2,4,2,1,1
202300018323,14,3,2023,20:20,5,1,3,973,97302,2,4,2,1,1
202300018323,14,3,2023,20:20,5,1,3,973,97302,2,4,1,1,1
202300018324,31,5,2023,19:30,1,1,7,39,39475,2,3,2,1,1
202300018325,17,11,2023,07:15,2,2,3,69,69034,2,4,2,1,2
202300018326,14,3,2023,12:31,1,1,3,973,97302,2,3,2,1,1
202300018326,14,3,2023,12:31,1,1,3,973,97302,2,3,2,1,1
202300018327,14,3,2023,17:50,1,1,6,69,69386,2,4,1,1,1
202300018328,17,11,2023,07:30,1,1,3,971,97113,1,2,2,1,1
202300018329,3,5,2023,18:20,1,1,3,35,35069,2,3,2,1,1
202300018329,3,5,2023,18:20,1,1,3,35,35069,2,3,2,2,1
202300018330,10,3,2023,13:30,1,1,6,972,97209,2,4,1,1,1
202300018331,31,5,2023,16:20,1,1,6,02,02339,1,3,2,1,1
202300018332,17,11,2023,19:05,5,2,3,95,95585,2,4,1,1,2
202300018333,14,3,2023,15:20,1,2,3,95,95598,2,3,1,1,2
202300018333,14,3,2023,15:20,1,2,3,95,95598,2,3,2,1,2
202300018334,31,5,2023,12:10,1,1,1,66,66149,2,4,-1,1,1
202300018335,17,11,2023,18:40,5,1,6,95,95280,2,4,2,1,1
202300018336,6,3,2023,13:50,1,1,6,95,95306,2,4,2,1,1
202300018337,31,5,2023,18:20,1,1,1,66,66214,2,4,2,1,1
202300018338,14,3,2023,17:35,1,1,3,95,95063,2,3,2,1,1
202300018339,17,11,2023,10:50,1,1,3,91,91345,2,4,2,1,1
202300018339,17,11,2023,10:50,1,1,3,91,91345,2,4,2,1,1
202300018340,31,5,2023,17:10,1,1,3,06,06079,2,3,2,1,1
202300018341,14,3,2023,16:50,1,2,3,91,91027,2,3,2,1,2
202300018341,14,3,2023,16:50,1,2,3,91,91027,2,3,2,1,2
202300018342,16,11,2023,08:57,1,3,6,91,91174,2,4,-1,1,2
202300018343,1,6,2023,15:20,1,1,3,60,60156,2,4,2,1,1
202300018344,11,3,2023,12:47,1,2,1,87,87085,2,4,2,2,2
202300018344,11,3,2023,12:47,1,2,1,87,87085,2,4,2,1,2
202300018345,17,11,2023,11:05,1,1,1,91,91223,2,3,2,1,2
202300018346,10,3,2023,18:43,1,2,3,87,87085,2,3,2,1,2
202300018347,1,6,2023,16:20,1,1,2,73,73246,1,3,2,2,1
202300018348,16,11,2023,09:19,1,3,3,87,87085,2,4,2,1,2
202300018348,16,11,2023,09:19,1,3,3,87,87085,2,4,2,1,2
202300018349,31,5,2023,12:30,1,7,3,16,16312,1,3,2,1,1
202300018349,31,5,2023,12:30,1,7,3,16,16312,1,3,2,1,1
202300018350,16,11,2023,07:50,2,2,3,87,87085,2,4,2,1,2
202300018351,14,3,2023,06:05,5,1,3,76,76351,2,4,2,1,2
202300018351,14,3,2023,06:05,5,1,3,76,76351,2,4,3,1,2
202300018352,10,3,2023,23:30,5,1,6,76,76351,2,4,2,1,1
202300018353,18,11,2023,01:40,3,2,6,78,78440,2,4,2,1,2
202300018354,31,5,2023,13:45,1,1,3,87,87203,1,3,2,1,1
202300018354,31,5,2023,13:45,1,1,3,87,87203,1,3,-1,1,-1
202300018355,14,3,2023,17:30,1,1,6,76,76217,2,4,-1,1,1
202300018356,31,5,2023,09:50,1,1,2,987,98734,1,2,2,1,1
202300018356,31,5,2023,09:50,1,1,2,987,98734,1,2,2,1,1
202300018357,14,3,2023,18:40,2,1,3,69,69266,2,7,2,1,1
202300018357,14,3,2023,18:40,2,1,3,69,69266,2,7,1,1,1
202300018358,17,11,2023,17:20,2,1,6,77,77284,2,4,2,1,1
202300018359,22,5,2023,17:45,1,1,2,68,68297,1,1,3,1,1
202300018360,14,3,2023,08:25,1,3,2,64,64445,2,4,2,2,2
202300018361,17,11,2023,10:45,1,1,6,77,77333,2,3,2,1,1
202300018362,1,6,2023,15:30,1,1,2,72,72080,1,1,1,1,1
202300018363,13,3,2023,16:40,1,8,6,64,64445,2,4,1,1,1
202300018363,13,3,2023,16:40,1,8,6,64,64445,2,4,2,1,1
202300018364,17,11,2023,07:55,2,3,3,76,76681,2,7,2,1,2
202300018365,12,3,2023,04:50,4,2,6,63,63113,2,7,3,1,2
202300018366,1,6,2023,07:40,1,1,4,57,57468,1,2,3,1,1
202300018367,16,11,2023,16:30,1,2,2,76,76351,2,4,2,2,2
202300018367,16,11,2023,16:30,1,2,2,76,76351,2,4,2,2,2
202300018368,11,3,2023,21:58,5,2,2,63,63113,2,7,3,1,2
202300018368,11,3,2023,21:58,5,2,2,63,63113,2,7,2,1,2
202300018369,1,6,2023,15:25,1,1,6,45,45317,1,1,3,1,1
202300018370,13,11,2023,16:33,1,2,6,73,73008,2,3,3,1,2
202300018371,14,3,2023,01:45,3,3,6,61,61169,1,3,2,1,2
202300018372,31,5,2023,14:45,1,1,2,971,97125,2,4,2,1,1
202300018373,17,11,2023,13:40,1,1,6,72,72181,2,3,1,1,1
202300018374,14,3,2023,22:15,3,1,6,59,59043,1,4,2,1,1
202300018375,31,5,2023,17:00,1,1,1,28,28015,1,3,2,1,1
202300018376,16,11,2023,13:30,1,2,2,72,72181,2,4,-1,1,2
202300018377,12,3,2023,15:15,1,1,3,57,57143,2,4,-1,1,1
202300018377,12,3,2023,15:15,1,1,3,57,57143,2,4,2,1,1
202300018378,1,6,2023,07:50,1,1,6,77,77510,2,3,2,1,1
202300018379,17,11,2023,10:35,1,7,3,71,71076,2,4,3,1,2
202300018379,17,11,2023,10:35,1,7,3,71,71076,2,4,2,1,1
202300018380,1,6,2023,08:30,1,1,6,84,84141,2,4,2,1,1
202300018381,17,11,2023,08:25,1,1,6,69,69256,2,4,2,1,1
202300018382,11,3,2023,11:40,1,1,3,52,52121,2,4,2,1,1
202300018382,11,3,2023,11:40,1,1,3,52,52121,2,4,2,1,1
202300018383,1,6,2023,18:18,1,1,1,89,89206,1,3,2,2,1
202300018384,17,11,2023,18:45,5,1,3,67,67482,2,4,2,1,2
202300018385,10,3,2023,17:45,1,1,6,52,52121,2,4,1,1,1
202300018386,1,6,2023,18:20,1,1,6,21,21292,1,3,2,1,1
202300018387,14,3,2023,19:55,5,1,7,51,51454,2,4,2,1,1
202300018388,17,11,2023,15:07,1,3,3,67,67482,2,4,2,1,2
202300018388,17,11,2023,15:07,1,3,3,67,67482,2,4,2,1,2
202300018389,6,5,2023,09:50,1,1,3,67,67028,2,4,-1,1,1
202300018389,6,5,2023,09:50,1,1,3,67,67028,2,4,2,1,1
202300018390,14,3,2023,14:35,1,1,2,51,51454,2,4,2,1,1
202300018390,14,3,2023,14:35,1,1,2,51,51454,2,4,1,3,1
202300018391,17,11,2023,13:50,1,8,6,67,67447,2,4,2,1,2
202300018391,17,11,2023,13:50,1,8,6,67,67447,2,4,2,1,2
202300018392,31,5,2023,08:15,1,1,3,63,63284,2,3,2,1,1
202300018393,1,6,2023,06:53,2,1,1,01,01301,1,4,2,2,1
202300018394,14,3,2023,16:34,1,2,3,47,47031,2,4,2,1,2
202300018394,14,3,2023,16:34,1,2,3,47,47031,2,4,2,1,2
202300018395,17,11,2023,07:45,1,3,3,67,67482,2,4,2,1,2
202300018395,17,11,2023,07:45,1,3,3,67,67482,2,4,2,1,2
202300018396,1,6,2023,12:38,1,1,1,69,69269,1,3,2,2,1
202300018397,14,3,2023,08:05,2,2,3,47,47031,1,3,2,1,2
202300018397,14,3,2023,08:05,2,2,3,47,47031,1,3,2,1,2
202300018398,16,11,2023,13:40,1,3,3,67,67482,2,4,1,1,2
202300018398,16,11,2023,13:40,1,3,3,67,67482,2,4,2,1,2
202300018399,31,5,2023,07:15,1,1,2,33,33494,1,3,-1,1,1
202300018400,13,3,2023,09:28,1,1,3,45,45208,2,4,2,1,1
202300018400,13,3,2023,09:28,1,1,3,45,45208,2,4,1,2,1
202300018401,16,11,2023,17:45,5,2,3,67,67462,2,3,3,1,2
202300018402,1,6,2023,07:50,1,1,1,85,85214,1,3,2,1,1
202300018403,13,3,2023,08:00,1,1,3,40,40192,2,3,2,1,1
202300018403,13,3,2023,08:00,1,1,3,40,40192,2,3,4,1,1
202300018404,17,11,2023,18:45,5,1,1,64,64129,2,4,2,1,1
202300018404,17,11,2023,18:45,5,1,1,64,64129,2,4,2,1,1
202300018405,14,3,2023,00:05,3,3,6,38,38158,1,2,3,1,3
202300018406,23,5,2023,09:10,1,1,3,85,85178,2,3,2,2,1
202300018406,23,5,2023,09:10,1,1,3,85,85178,2,3,2,-1,1
202300018407,17,11,2023,13:44,1,1,6,64,64129,2,4,2,1,1
202300018408,14,3,2023,14:05,1,1,6,37,37214,2,4,2,1,1
202300018409,1,6,2023,21:11,2,7,6,27,27275,1,3,2,1,1
202300018410,13,3,2023,15:30,1,2,6,37,37122,2,4,2,1,2
202300018410,13,3,2023,15:30,1,2,6,37,37122,2,4,1,1,2
202300018411,17,11,2023,12:25,1,1,4,64,64445,1,3,2,4,1
202300018412,1,6,2023,16:50,1,1,6,60,60612,2,4,2,1,1
202300018413,14,3,2023,17:42,1,1,6,35,35281,2,4,3,1,1
202300018414,17,11,2023,08:15,1,1,2,64,64445,1,3,2,1,1
202300018415,6,5,2023,07:50,1,1,3,67,67482,1,7,3,1,1
202300018416,14,3,2023,17:30,1,1,3,35,35238,2,4,2,1,1
202300018416,14,3,2023,17:30,1,1,3,35,35238,2,4,2,1,1
202300018417,14,11,2023,19:23,5,2,6,64,64125,2,6,-1,1,2
202300018418,31,5,2023,10:20,1,1,3,33,33096,1,1,3,1,1
202300018419,14,3,2023,14:20,1,1,4,35,35238,2,4,2,1,1
202300018420,18,11,2023,01:10,5,1,3,64,64024,2,3,-1,1,1
202300018421,31,5,2023,15:18,1,1,2,94,94016,1,1,1,2,1
202300018422,14,3,2023,09:20,1,1,3,35,35238,2,4,1,1,1
202300018422,14,3,2023,09:20,1,1,3,35,35238,2,4,1,1,1
202300018423,16,11,2023,15:28,1,6,2,63,63245,1,3,2,1,1
202300018424,14,3,2023,12:40,1,3,6,33,33063,2,4,2,2,2
202300018425,17,11,2023,07:30,2,2,3,62,62041,2,4,2,1,2
202300018425,17,11,2023,07:30,2,2,3,62,62041,2,4,2,1,2
202300018426,31,5,2023,13:15,1,1,5,91,91228,1,1,3,1,1
202300018427,14,3,2023,08:40,1,2,3,33,33039,2,4,2,2,2
202300018427,14,3,2023,08:40,1,2,3,33,33039,2,4,-1,1,2
202300018428,14,11,2023,15:10,1,2,3,61,61006,2,3,2,1,2
202300018429,31,5,2023,13:00,1,1,2,91,91549,1,2,3,1,1
202300018430,14,3,2023,07:45,2,1,3,32,32013,2,3,2,1,1
202300018430,14,3,2023,07:45,2,1,3,32,32013,2,3,2,1,1
202300018431,17,11,2023,09:50,1,1,6,60,60057,2,4,2,1,1
202300018432,31,5,2023,08:00,1,1,4,91,91617,1,2,1,1,1
202300018433,11,10,2023,07:30,2,1,2,60,60057,2,4,1,1,1
202300018434,31,5,2023,08:50,1,1,3,94,94003,1,1,3,1,1
202300018435,17,11,2023,21:55,3,9,6,59,59495,1,3,2,1,2
202300018436,13,3,2023,17:55,1,1,3,22,22187,2,3,2,1,2
202300018436,13,3,2023,17:55,1,1,3,22,22187,2,3,2,1,2
202300018437,13,3,2023,16:53,1,2,2,22,22278,2,3,1,1,2
202300018438,17,11,2023,09:25,1,7,1,59,59360,2,4,3,1,2
202300018438,17,11,2023,09:25,1,7,1,59,59360,2,4,3,1,2
202300018439,31,5,2023,09:15,1,1,2,78,78158,1,1,-1,1,1
202300018440,16,11,2023,00:52,3,2,6,57,57306,1,3,2,2,2
202300018441,27,2,2023,23:00,5,1,6,16,16358,2,3,2,1,1
202300018442,30,5,2023,09:56,1,1,4,92,92062,1,2,1,1,1
202300018443,16,11,2023,11:25,1,1,3,54,54304,2,4,2,1,1
202300018444,8,3,2023,21:10,5,1,3,14,14366,2,4,-1,1,1
202300018445,2,2,2023,23:15,3,1,6,73,73162,1,3,2,1,1
202300018445,2,2,2023,23:15,3,1,6,73,73162,1,3,2,1,1
202300018446,13,3,2023,17:15,1,1,6,13,13103,2,4,2,1,1
202300018447,27,5,2023,18:05,1,1,6,34,34032,2,4,-1,1,1
202300018448,17,11,2023,22:10,3,2,6,54,54149,1,2,3,1,2
202300018449,14,3,2023,16:10,1,1,3,13,13209,2,4,-1,1,1
202300018450,30,5,2023,08:10,1,1,3,976,97611,1,3,2,2,1
202300018451,17,11,2023,10:45,1,2,2,54,54451,2,3,2,1,2
202300018452,13,3,2023,16:30,1,1,1,13,13002,2,3,2,1,1
202300018453,30,5,2023,17:30,1,1,2,974,97416,1,2,2,2,2
202300018454,16,11,2023,08:25,2,3,6,50,50129,2,4,2,1,2
202300018455,29,5,2023,17:20,2,1,6,974,97411,2,4,2,3,1
202300018456,14,3,2023,13:30,1,1,3,13,13063,2,4,2,1,1
202300018457,15,11,2023,12:30,1,1,3,50,50129,2,3,3,1,1
202300018457,15,11,2023,12:30,1,1,3,50,50129,2,3,2,1,1
202300018458,30,5,2023,19:40,1,1,3,69,69388,2,4,2,1,1
202300018459,13,3,2023,20:50,5,3,3,11,11069,2,4,1,1,2
202300018459,13,3,2023,20:50,5,3,3,11,11069,2,4,1,1,2
202300018460,30,5,2023,08:20,1,1,6,69,69388,2,4,2,1,1
202300018461,15,11,2023,17:50,2,1,6,49,49099,2,4,3,2,2
202300018462,14,3,2023,17:48,1,8,3,75,75105,2,4,1,1,1
202300018462,14,3,2023,17:48,1,8,3,75,75105,2,4,2,1,1
202300018463,29,5,2023,11:50,1,1,2,971,97101,2,2,1,1,1
202300018464,17,11,2023,08:48,1,1,6,49,49007,2,4,3,1,1
202300018464,17,11,2023,08:48,1,1,6,49,49007,2,4,2,1,1
202300018465,30,5,2023,16:25,1,1,6,91,91345,2,4,2,1,1
202300018466,14,3,2023,10:30,1,2,6,75,75118,2,4,3,3,2
202300018466,14,3,2023,10:30,1,2,6,75,75118,2,4,2,1,2
202300018467,16,11,2023,19:16,5,2,3,45,45232,2,4,3,1,2
202300018467,16,11,2023,19:16,5,2,3,45,45232,2,4,3,2,2
202300018468,30,5,2023,09:30,1,1,7,91,91377,2,3,-1,1,1
202300018469,17,11,2023,19:10,5,1,7,43,43041,2,3,2,1,2
202300018470,14,3,2023,07:50,1,1,2,75,75117,2,4,2,1,1
202300018470,14,3,2023,07:50,1,1,2,75,75117,2,4,1,1,1
202300018471,30,5,2023,15:07,1,1,6,86,86066,2,4,2,1,1
202300018472,21,12,2023,19:50,3,1,1,972,97209,1,1,1,4,1
202300018473,14,3,2023,08:25,1,1,3,75,75117,2,4,2,1,2
202300018474,30,5,2023,08:00,1,1,3,83,83069,2,3,2,1,1
202300018474,30,5,2023,08:00,1,1,3,83,83069,2,3,2,1,1
202300018475,21,12,2023,07:45,2,2,6,69,69389,2,7,2,1,2
202300018475,21,12,2023,07:45,2,2,6,69,69389,2,7,1,1,2
202300018476,17,11,2023,05:00,3,2,1,42,42184,2,3,2,1,2
202300018476,17,11,2023,05:00,3,2,1,42,42184,2,3,2,1,2
202300018477,14,3,2023,12:15,1,1,3,75,75116,2,4,2,1,1
202300018477,14,3,2023,12:15,1,1,3,75,75116,2,4,1,1,1
202300018478,21,12,2023,09:15,2,1,6,2B,2B033,1,4,2,1,1
202300018478,21,12,2023,09:15,2,1,6,2B,2B033,1,4,2,1,1
202300018479,14,11,2023,17:40,5,2,6,42,42316,2,7,2,1,2
202300018480,14,3,2023,16:50,1,1,6,75,75113,2,4,2,1,2
202300018480,14,3,2023,16:50,1,1,6,75,75113,2,4,-1,1,2
202300018481,22,12,2023,15:10,1,1,3,971,97101,1,2,3,1,1
202300018482,14,11,2023,08:49,1,2,6,38,38053,2,3,2,3,2
202300018483,30,5,2023,10:00,1,1,3,77,77058,2,4,2,1,1
202300018484,22,12,2023,10:50,1,1,2,971,97101,1,4,2,1,1
202300018485,14,3,2023,09:40,1,2,3,75,75112,2,4,1,1,2
202300018485,14,3,2023,09:40,1,2,3,75,75112,2,4,1,1,2
202300018486,23,12,2023,00:10,5,1,7,2A,2A004,2,4,-1,2,1
202300018487,17,11,2023,22:48,5,1,3,37,37261,2,4,2,1,1
202300018487,17,11,2023,22:48,5,1,3,37,37261,2,4,2,1,1
202300018488,30,5,2023,09:00,1,1,3,76,76540,2,4,-1,1,1
202300018488,30,5,2023,09:00,1,1,3,76,76540,2,4,2,1,1
202300018489,14,3,2023,18:50,5,2,7,75,75110,2,4,2,1,2
202300018489,14,3,2023,18:50,5,2,7,75,75110,2,4,1,1,2
202300018490,29,5,2023,18:10,1,1,6,76,76351,2,4,3,1,1
202300018491,21,12,2023,16:35,1,1,3,91,91691,2,3,2,1,1
202300018492,14,3,2023,09:50,1,3,1,75,75110,2,4,1,1,2
202300018493,16,11,2023,13:30,1,2,3,37,37214,2,4,2,2,2
202300018493,16,11,2023,13:30,1,2,3,37,37214,2,4,2,1,2
202300018494,27,5,2023,09:16,1,1,3,76,76351,2,4,2,1,1
202300018495,21,12,2023,08:10,2,1,3,91,91114,2,3,1,1,2
202300018496,14,3,2023,08:50,1,1,6,75,75108,2,4,2,1,1
202300018497,13,3,2023,12:10,1,1,6,75,75108,2,4,2,1,1
202300018497,13,3,2023,12:10,1,1,6,75,75108,2,4,1,1,1
202300018498,17,11,2023,10:40,1,1,3,35,35238,2,4,3,1,1
202300018498,17,11,2023,10:40,1,1,3,35,35238,2,4,3,2,1
202300018499,22,12,2023,15:50,1,2,6,91,91326,2,4,1,1,2
202300018500,27,5,2023,03:24,5,1,6,76,76351,2,4,3,1,1
202300018500,27,5,2023,03:24,5,1,6,76,76351,2,4,2,1,1
202300018501,26,5,2023,16:50,1,1,7,76,76351,1,4,2,1,1
202300018502,13,3,2023,19:00,2,2,3,75,75104,2,4,1,1,2
202300018502,13,3,2023,19:00,2,2,3,75,75104,2,4,1,1,2
202300018503,16,11,2023,23:00,5,1,3,35,35238,2,2,2,1,1
202300018503,16,11,2023,23:00,5,1,3,35,35238,2,2,2,1,1
202300018504,22,12,2023,21:05,3,2,3,89,89287,1,3,1,3,2
202300018504,22,12,2023,21:05,3,2,3,89,89287,1,3,2,4,2
202300018505,30,5,2023,19:55,1,1,6,73,73008,2,4,2,1,1
202300018506,14,3,2023,08:30,1,2,2,94,94046,2,3,1,1,2
202300018507,16,11,2023,18:40,5,1,6,35,35238,2,4,2,1,1
202300018507,16,11,2023,18:40,5,1,6,35,35238,2,4,3,1,1
202300018508,21,12,2023,20:10,3,2,2,89,89024,1,2,1,2,2
202300018509,26,5,2023,19:05,1,1,3,68,68066,2,3,2,1,1
202300018510,30,5,2023,17:00,1,1,6,67,67482,2,4,2,1,1
202300018511,14,3,2023,18:00,1,1,6,94,94065,2,4,2,1,1
202300018511,14,3,2023,18:00,1,1,6,94,94065,2,4,2,1,1
202300018512,21,12,2023,05:00,5,2,6,87,87114,2,3,2,1,2
202300018512,21,12,2023,05:00,5,2,6,87,87114,2,3,2,1,2
202300018513,16,11,2023,18:05,5,1,3,35,35238,2,4,2,1,1
202300018514,29,5,2023,17:00,1,1,2,67,67482,2,4,2,1,1
202300018515,20,12,2023,16:28,1,1,7,87,87085,2,2,3,1,1
202300018516,14,3,2023,12:30,1,2,2,94,94021,2,3,3,1,2
202300018516,14,3,2023,12:30,1,2,2,94,94021,2,3,2,1,2
202300018517,16,11,2023,18:00,4,1,2,35,35051,2,4,2,2,1
202300018518,22,12,2023,19:25,1,2,6,86,86066,2,4,2,1,2
202300018519,30,5,2023,20:05,1,1,3,64,64129,2,3,2,1,1
202300018519,30,5,2023,20:05,1,1,3,64,64129,2,3,-1,2,1
202300018520,21,12,2023,18:05,5,1,6,85,85191,2,4,-1,1,1
202300018521,30,5,2023,07:55,1,1,3,64,64445,2,4,-1,1,1
202300018521,30,5,2023,07:55,1,1,3,64,64445,2,4,2,1,1
202300018522,15,11,2023,17:30,2,1,3,34,34301,2,3,2,1,1
202300018523,14,3,2023,12:20,1,1,3,93,93078,2,3,2,2,1
202300018523,14,3,2023,12:20,1,1,3,93,93078,2,3,3,2,1
202300018524,15,9,2023,09:35,1,1,4,33,33281,1,1,3,1,1
202300018525,29,5,2023,15:55,1,1,7,64,64102,2,4,2,1,1
202300018526,17,11,2023,22:10,5,1,7,34,34172,2,4,1,1,9
202300018527,22,12,2023,21:50,3,1,6,84,84007,2,4,2,1,1
202300018528,14,3,2023,08:00,1,2,3,77,77291,1,9,1,1,2
202300018529,30,5,2023,03:25,5,1,6,59,59090,2,4,2,1,1
202300018530,15,9,2023,21:45,3,1,3,91,91161,1,1,3,1,1
202300018531,17,11,2023,16:30,1,1,6,33,33063,2,4,2,1,1
202300018531,17,11,2023,16:30,1,1,6,33,33063,2,4,2,1,1
202300018532,22,12,2023,14:00,1,1,3,83,83137,2,3,1,2,1
202300018532,22,12,2023,14:00,1,1,3,83,83137,2,3,2,2,1
202300018533,14,3,2023,16:50,1,2,5,93,93070,2,3,2,1,2
202300018534,30,5,2023,16:45,1,1,3,59,59343,2,4,2,1,1
202300018535,28,5,2023,15:35,1,1,6,59,59156,1,5,2,1,1
202300018536,17,11,2023,13:45,1,1,6,31,31555,2,4,2,1,1
202300018537,15,9,2023,17:50,1,1,3,91,91617,1,2,3,1,1
202300018538,13,3,2023,19:00,1,1,6,93,93031,2,3,2,1,1
202300018539,28,5,2023,20:00,1,1,6,57,57508,2,4,2,1,1
202300018540,21,12,2023,22:00,5,1,3,83,83137,2,4,1,1,1
202300018540,21,12,2023,22:00,5,1,3,83,83137,2,4,1,1,1
202300018541,17,11,2023,06:30,5,2,1,25,25056,2,3,2,2,2
202300018542,26,5,2023,10:55,1,1,6,57,57672,2,4,3,1,1
202300018543,14,3,2023,13:30,1,8,3,93,93013,2,3,3,1,1
202300018543,14,3,2023,13:30,1,8,3,93,93013,2,3,3,1,1
202300018544,15,9,2023,15:30,1,1,3,91,91345,1,1,3,2,1
202300018545,21,12,2023,12:00,1,1,3,83,83137,2,4,2,1,1
202300018546,28,5,2023,08:25,1,1,6,56,56107,2,4,2,1,1
202300018547,17,11,2023,18:22,5,1,1,24,24037,2,4,-1,1,1
202300018548,14,3,2023,07:00,1,1,6,93,93013,2,3,2,2,1
202300018548,14,3,2023,07:00,1,1,6,93,93013,2,3,2,2,1
202300018549,26,5,2023,23:11,5,1,2,56,56121,2,4,2,1,1
202300018550,14,9,2023,19:10,1,1,2,92,92036,1,1,1,1,1
202300018551,14,3,2023,16:00,1,1,6,93,93007,2,3,2,1,2
202300018552,20,12,2023,19:10,3,2,1,80,80724,1,3,2,1,2
202300018553,13,11,2023,17:00,2,2,5,24,24037,2,4,1,1,2
202300018553,13,11,2023,17:00,2,2,5,24,24037,2,4,1,1,2
202300018554,29,5,2023,18:35,1,1,3,51,51108,2,4,2,1,1
202300018554,29,5,2023,18:35,1,1,3,51,51108,2,4,1,1,1
202300018555,14,9,2023,18:30,1,1,2,92,92019,1,2,1,1,1
202300018556,14,3,2023,13:04,1,1,3,93,93001,2,4,2,1,1
202300018557,14,3,2023,13:15,1,1,3,92,92046,2,3,2,1,1
202300018558,14,9,2023,08:15,1,1,3,78,78490,1,2,1,1,1
202300018559,28,5,2023,10:47,1,1,3,51,51108,2,4,2,1,1
202300018559,28,5,2023,10:47,1,1,3,51,51108,2,4,1,1,1
202300018560,13,11,2023,21:00,5,2,1,24,24037,2,3,2,1,2
202300018560,13,11,2023,21:00,5,2,1,24,24037,2,3,2,1,2
202300018561,12,3,2023,18:50,5,1,6,92,92064,2,3,1,1,1