id_accident,jour,mois,annee,heure_minute,luminosite,meteo,type_collision,departement,commune,agglomeration,categorie_route,regime_circulation,profil_route,etat_surface
202300018561,12,3,2023,18:50,5,1,6,92,92064,2,3,1,1,1
202300018562,29,5,2023,02:27,3,1,6,49,49267,2,4,2,1,1
202300018563,14,3,2023,08:20,1,1,6,92,92048,2,4,2,1,1
202300018564,16,11,2023,18:00,5,8,1,22,22187,2,4,2,1,2
202300018565,30,5,2023,08:55,1,1,7,43,43157,1,2,2,2,1
202300018566,22,12,2023,07:50,5,2,6,78,78502,2,2,3,2,2
202300018567,15,9,2023,20:30,3,1,6,77,77438,1,1,3,4,1
202300018568,14,3,2023,17:46,1,1,6,92,92019,2,3,1,2,1
202300018569,17,11,2023,18:25,1,2,6,16,16166,2,4,2,1,2
202300018570,30,5,2023,12:40,1,1,3,38,38151,2,7,1,1,1
202300018570,30,5,2023,12:40,1,1,3,38,38151,2,7,1,1,1
202300018571,22,12,2023,05:45,3,2,2,77,77438,2,3,2,1,2
202300018572,15,9,2023,17:30,1,1,2,94,94028,1,1,3,1,1
202300018573,13,3,2023,12:55,1,1,3,92,92004,2,3,2,1,1
202300018574,30,5,2023,08:40,1,1,6,37,37122,1,7,-1,1,1
202300018575,17,11,2023,13:52,1,1,6,16,16015,2,4,2,1,1
202300018576,14,3,2023,12:10,1,2,6,11,11424,2,3,2,1,2
202300018577,22,12,2023,15:26,1,1,3,77,77284,2,4,3,1,2
202300018578,15,9,2023,16:00,1,1,7,77,77053,1,2,-1,1,1
202300018579,30,5,2023,09:10,1,1,3,37,37261,2,4,2,1,1
202300018579,30,5,2023,09:10,1,1,3,37,37261,2,4,2,1,1
202300018580,16,11,2023,08:03,1,3,7,14,14327,2,3,2,1,2
202300018581,22,12,2023,06:45,5,2,1,77,77058,2,4,2,1,2
202300018582,15,3,2023,08:35,1,1,5,06,06149,1,9,1,1,1
202300018583,30,5,2023,19:20,1,1,2,35,35238,2,4,3,1,1
202300018583,30,5,2023,19:20,1,1,2,35,35238,2,4,2,1,1
202300018584,17,11,2023,15:50,1,1,6,13,13201,2,4,1,4,1
202300018584,17,11,2023,15:50,1,1,6,13,13201,2,4,2,1,1
202300018585,22,12,2023,07:00,5,2,3,77,77237,2,3,2,1,2
202300018586,9,4,2023,21:40,3,1,6,14,14120,1,3,2,1,1
202300018587,30,5,2023,16:50,1,1,6,35,35238,2,4,3,1,1
202300018588,14,3,2023,15:10,1,1,3,41,41031,1,4,2,1,1
202300018589,30,5,2023,15:05,1,1,6,35,35238,2,4,2,1,1
202300018590,22,12,2023,08:45,2,2,6,76,76322,2,7,2,2,2
202300018591,16,11,2023,21:10,5,1,1,13,13215,2,4,2,1,1
202300018592,14,9,2023,12:20,1,3,2,988,98818,2,1,3,1,2
202300018593,30,5,2023,12:50,1,1,6,35,35238,2,4,2,1,1
202300018594,15,3,2023,16:10,1,1,1,31,31389,2,7,-1,1,1
202300018594,15,3,2023,16:10,1,1,1,31,31389,2,7,2,1,1
202300018595,21,12,2023,12:35,1,1,6,76,76270,2,3,2,1,2
202300018596,30,5,2023,18:53,1,1,6,34,34108,2,3,2,1,1
202300018597,10,10,2023,16:33,1,1,3,13,13203,2,4,1,1,1
202300018597,10,10,2023,16:33,1,1,3,13,13203,2,4,1,1,1
202300018598,14,3,2023,12:41,1,1,6,23,23193,2,6,-1,1,1
202300018599,14,9,2023,09:25,1,1,3,974,97411,2,4,2,1,1
202300018600,21,12,2023,01:05,5,2,1,76,76351,2,4,2,1,2
202300018601,30,5,2023,12:15,1,1,2,34,34172,2,4,2,1,1
202300018602,9,3,2023,23:00,3,2,6,84,84027,1,3,2,1,2
202300018603,15,11,2023,18:15,5,1,3,13,13028,2,4,2,2,1
202300018603,15,11,2023,18:15,5,1,3,13,13028,2,4,2,2,1
202300018604,30,5,2023,23:00,5,1,1,31,31555,2,4,2,1,1
202300018605,20,12,2023,13:55,1,1,3,76,76351,2,4,2,1,1
202300018605,20,12,2023,13:55,1,1,3,76,76351,2,4,2,1,1
202300018606,12,9,2023,08:05,1,1,6,974,97411,2,2,1,1,1
202300018606,12,9,2023,08:05,1,1,6,974,97411,2,2,1,1,1
202300018607,14,3,2023,04:45,3,3,3,77,77247,1,3,2,1,2
202300018608,17,11,2023,15:16,1,1,6,11,11069,2,4,1,2,1
202300018609,30,5,2023,16:45,1,1,3,31,31555,2,7,2,1,1
202300018610,22,12,2023,07:45,4,2,6,74,74012,2,4,1,1,2
202300018611,30,5,2023,07:20,1,1,6,27,27681,2,4,2,1,1
202300018612,12,3,2023,09:55,1,1,3,61,61214,2,4,-1,2,2
202300018612,12,3,2023,09:55,1,1,3,61,61214,2,4,2,1,2
202300018613,14,9,2023,07:50,1,1,3,973,97302,2,4,2,1,1
202300018614,17,11,2023,04:25,3,2,3,10,10060,2,3,2,2,2
202300018615,16,11,2023,15:20,1,1,6,73,73065,2,4,2,1,1
202300018616,29,5,2023,14:25,1,1,2,27,27229,2,4,3,1,1
202300018617,14,3,2023,18:20,2,1,1,49,49218,1,3,2,2,3
202300018618,17,11,2023,09:20,1,2,3,75,75115,2,4,1,1,2
202300018619,14,9,2023,22:30,5,1,3,69,69259,2,4,2,1,1
202300018619,14,9,2023,22:30,5,1,3,69,69259,2,4,2,1,1
202300018620,30,5,2023,17:35,1,1,2,22,22360,2,3,2,1,1
202300018621,22,12,2023,19:55,5,8,6,72,72181,2,3,3,1,1
202300018622,14,3,2023,08:40,1,3,5,39,39171,1,3,2,1,2
202300018622,14,3,2023,08:40,1,3,5,39,39171,1,3,2,1,2
202300018623,16,11,2023,21:05,5,2,2,75,75117,2,4,-1,1,2
202300018624,30,5,2023,14:25,1,1,3,16,16166,2,4,2,1,1
202300018625,14,9,2023,18:20,1,1,3,69,69387,2,4,1,1,1
202300018625,14,9,2023,18:20,1,1,3,69,69387,2,4,2,1,1
202300018626,14,3,2023,17:30,1,1,6,26,26357,1,4,2,2,1
202300018627,30,5,2023,13:30,1,1,6,14,14118,2,4,1,1,1
202300018628,22,12,2023,18:15,5,1,3,72,72181,2,4,2,1,1
202300018629,16,11,2023,10:30,1,2,6,75,75112,2,4,1,1,2
202300018629,16,11,2023,10:30,1,2,6,75,75112,2,4,2,1,2
202300018630,14,3,2023,14:25,1,2,6,58,58067,1,3,2,1,2
202300018631,14,9,2023,09:52,1,1,3,972,97213,1,9,2,1,1
202300018632,30,5,2023,17:00,1,8,6,13,13005,2,4,2,1,1
202300018633,22,12,2023,11:34,1,8,2,72,72181,2,3,3,1,2
202300018634,15,3,2023,15:05,1,1,6,83,83025,1,3,2,1,1
202300018635,17,11,2023,11:00,1,1,6,75,75106,2,4,-1,1,2
202300018635,17,11,2023,11:00,1,1,6,75,75106,2,4,1,1,2
202300018636,15,5,2023,22:30,3,1,6,11,11262,2,4,-1,1,1
202300018637,14,9,2023,08:27,1,1,6,69,69385,2,4,2,1,1
202300018637,14,9,2023,08:27,1,1,6,69,69385,2,4,2,3,1
202300018638,30,5,2023,10:55,1,1,3,09,09122,2,4,2,2,1
202300018639,17,11,2023,19:45,5,1,3,75,75119,2,4,2,1,1
202300018640,15,3,2023,16:10,1,1,1,36,36033,1,3,2,1,1
202300018640,15,3,2023,16:10,1,1,1,36,36033,1,3,2,1,1
202300018641,21,12,2023,18:35,5,2,4,72,72181,1,3,3,1,2
202300018642,14,3,2023,18:20,2,1,1,04,04084,1,3,2,1,1
202300018643,30,5,2023,14:00,1,1,7,07,07316,1,5,-1,1,1
202300018644,14,9,2023,16:05,1,1,4,2B,2B033,2,2,2,2,1
202300018645,17,11,2023,15:30,1,1,3,75,75118,2,4,2,1,2
202300018645,17,11,2023,15:30,1,1,3,75,75118,2,4,2,1,2
202300018646,12,3,2023,23:40,3,2,7,17,17483,1,3,2,1,2
202300018646,12,3,2023,23:40,3,2,7,17,17483,1,3,2,1,2
202300018647,20,12,2023,14:35,1,1,1,71,71497,1,3,2,1,1
202300018648,30,5,2023,23:50,5,8,6,06,06088,2,4,1,1,2
202300018649,30,5,2023,22:50,5,1,6,06,06004,2,3,1,1,1
202300018650,17,11,2023,12:00,1,2,6,75,75116,2,4,2,1,2
202300018651,14,9,2023,14:40,1,1,3,2B,2B033,2,4,1,1,1
202300018651,14,9,2023,14:40,1,1,3,2B,2B033,2,4,2,1,1
202300018652,22,12,2023,17:45,2,2,3,69,69282,2,4,2,1,2
202300018652,22,12,2023,17:45,2,2,3,69,69282,2,4,2,1,2
202300018653,14,9,2023,07:30,1,1,2,2B,2B033,2,2,2,1,1
202300018654,15,3,2023,12:45,1,1,6,52,52028,1,3,2,1,1
202300018654,15,3,2023,12:45,1,1,6,52,52028,1,3,2,1,1
202300018655,22,12,2023,09:30,1,9,3,67,67482,2,4,2,1,1
202300018655,22,12,2023,09:30,1,9,3,67,67482,2,4,1,1,9
202300018656,30,5,2023,08:20,1,1,6,03,03310,2,4,2,1,1
202300018656,30,5,2023,08:20,1,1,6,03,03310,2,4,1,2,1
202300018657,14,3,2023,04:50,5,1,6,987,98734,2,2,2,1,1
202300018658,14,9,2023,20:11,5,8,2,2A,2A004,2,2,1,4,1
202300018659,6,3,2023,19:15,3,8,3,53,53216,1,2,2,1,1
202300018660,22,12,2023,07:10,2,8,3,67,67482,2,4,2,2,1
202300018661,14,9,2023,21:15,5,1,6,95,95680,2,6,-1,1,1
202300018662,14,3,2023,16:45,1,1,6,69,69080,2,4,2,1,1
202300018662,14,3,2023,16:45,1,1,6,69,69080,2,4,2,1,1
202300018663,22,12,2023,12:43,1,6,6,66,66136,2,4,1,1,1
202300018664,14,9,2023,09:00,1,1,3,91,91201,2,3,2,2,1
202300018664,14,9,2023,09:00,1,1,3,91,91201,2,3,2,1,1
202300018665,14,3,2023,11:50,1,1,2,988,98824,1,3,2,4,9
202300018666,20,12,2023,16:10,1,1,6,66,66136,2,6,-1,1,1
202300018667,14,3,2023,10:55,1,1,2,78,78321,1,3,3,3,1
202300018668,14,9,2023,20:26,5,1,3,91,91589,2,4,2,1,1
202300018668,14,9,2023,20:26,5,1,3,91,91589,2,4,2,1,1
202300018669,21,12,2023,11:20,1,1,6,66,66136,2,4,2,1,1
202300018670,14,9,2023,07:55,1,1,6,91,91326,2,3,1,1,1
202300018670,14,9,2023,07:55,1,1,6,91,91326,2,3,2,1,1
202300018671,14,3,2023,17:00,1,8,3,78,78320,1,3,2,1,2
202300018672,22,12,2023,18:55,5,2,2,64,64024,2,4,2,1,2
202300018673,13,9,2023,11:06,1,1,6,87,87085,2,6,-1,1,1
202300018674,15,3,2023,11:20,1,1,3,83,83068,2,3,2,1,1
202300018674,15,3,2023,11:20,1,1,3,83,83068,2,3,2,1,1
202300018675,14,9,2023,03:50,4,1,6,85,85194,2,4,2,2,1
202300018676,15,3,2023,03:00,3,1,7,04,04086,1,3,3,1,1
202300018677,22,12,2023,16:40,1,8,2,64,64102,2,4,1,1,2
202300018678,13,9,2023,15:30,1,1,3,84,84007,2,4,2,1,1
202300018678,13,9,2023,15:30,1,1,3,84,84007,2,4,-1,1,1
202300018679,11,1,2023,18:45,3,1,2,26,26377,1,3,2,1,1
202300018680,21,12,2023,19:39,3,8,7,63,63300,1,3,2,1,1
202300018681,15,3,2023,17:55,1,1,7,64,64230,1,3,2,1,1
202300018682,22,12,2023,19:40,3,1,1,62,62617,1,3,2,1,1
202300018683,7,9,2023,08:00,1,1,2,80,80131,1,3,-1,1,1
202300018683,7,9,2023,08:00,1,1,2,80,80131,1,3,-1,1,1
202300018684,12,3,2023,20:35,3,3,6,60,60526,1,3,2,1,2
202300018685,15,3,2023,09:40,1,1,2,80,80803,1,3,3,1,1
202300018686,13,9,2023,15:25,1,1,6,76,76212,2,7,2,2,1
202300018686,13,9,2023,15:25,1,1,6,76,76212,2,7,2,2,1
202300018687,19,12,2023,17:15,5,2,6,62,62178,2,4,2,2,2
202300018688,14,3,2023,16:45,1,1,7,59,59471,1,3,2,1,1
202300018689,14,9,2023,08:25,1,1,6,69,69259,2,4,2,1,1
202300018690,19,12,2023,13:00,1,2,6,62,62108,2,4,2,1,2
202300018691,14,3,2023,17:35,1,1,2,13,13214,1,1,1,1,1
202300018692,13,9,2023,09:35,1,1,3,69,69290,2,7,2,1,2
202300018692,13,9,2023,09:35,1,1,3,69,69290,2,7,2,1,2
202300018693,14,3,2023,03:10,3,1,7,13,13117,1,1,-1,1,2
202300018694,15,11,2023,11:20,1,8,6,59,59350,2,4,3,1,1
202300018695,13,3,2023,17:00,1,1,2,13,13215,1,1,-1,1,1
202300018696,13,9,2023,23:04,5,1,3,67,67218,2,4,2,1,1
202300018696,13,9,2023,23:04,5,1,3,67,67218,2,4,2,1,1
202300018697,15,11,2023,13:20,1,1,6,59,59122,2,4,1,1,1
202300018698,14,9,2023,17:05,1,1,3,65,65440,2,3,2,1,1
202300018698,14,9,2023,17:05,1,1,3,65,65440,2,3,2,1,1
202300018699,9,3,2023,07:32,1,1,5,13,13005,1,1,-1,1,1
202300018700,14,3,2023,09:00,1,1,3,83,83137,1,1,3,1,1
202300018701,14,9,2023,07:40,1,1,3,64,64024,2,3,2,1,1
202300018701,14,9,2023,07:40,1,1,3,64,64024,2,3,2,1,1
202300018702,22,12,2023,18:15,4,2,3,54,54174,1,3,2,2,2
202300018702,22,12,2023,18:15,4,2,3,54,54174,1,3,2,1,2
202300018703,17,2,2023,02:15,3,1,6,69,69256,1,2,3,1,1
202300018704,13,9,2023,17:10,1,1,3,64,64102,2,3,2,4,1
202300018704,13,9,2023,17:10,1,1,3,64,64102,2,3,1,2,1
202300018705,22,12,2023,19:35,5,2,6,54,54395,2,4,-1,1,2
202300018706,2,3,2023,21:10,3,1,2,69,69290,1,1,3,1,1
202300018707,14,9,2023,18:00,1,1,3,63,63113,2,4,2,1,1
202300018708,13,3,2023,22:45,3,1,2,57,57666,1,1,3,1,1
202300018709,13,9,2023,16:05,1,7,6,62,62193,2,4,2,1,1
202300018710,13,3,2023,08:30,1,1,4,33,33063,1,1,3,2,1
202300018711,22,12,2023,08:09,2,2,3,51,51454,2,4,2,1,2
202300018712,14,9,2023,18:40,1,1,3,59,59386,2,4,2,1,1
202300018712,14,9,2023,18:40,1,1,3,59,59386,2,4,2,1,1
202300018713,14,3,2023,09:15,1,1,7,91,91687,1,1,1,1,1
202300018714,22,12,2023,02:58,5,1,6,51,51454,2,4,1,1,2
202300018715,14,3,2023,08:00,1,1,2,91,91521,1,1,3,1,2
202300018716,14,9,2023,15:10,1,1,6,59,59527,2,6,-1,1,1
202300018717,13,3,2023,20:50,3,1,5,77,77251,1,1,-1,1,1
202300018718,13,9,2023,14:00,1,1,1,59,59457,2,7,2,1,1
202300018718,13,9,2023,14:00,1,1,1,59,59457,2,7,2,1,1
202300018719,9,3,2023,09:40,1,1,6,93,93027,1,1,1,1,1
202300018720,21,12,2023,21:20,3,1,6,51,51058,2,4,2,1,2
202300018721,13,9,2023,09:00,1,1,2,56,56121,2,4,2,1,1
202300018722,13,3,2023,12:15,1,1,2,93,93007,1,1,3,1,1
202300018723,12,3,2023,14:15,1,1,2,95,95252,1,1,3,1,1
202300018724,14,9,2023,11:20,1,1,3,54,54265,2,4,1,2,1
202300018724,14,9,2023,11:20,1,1,3,54,54265,2,4,2,2,1
202300018725,12,3,2023,06:55,2,1,7,92,92036,1,1,3,2,2
202300018726,22,12,2023,06:40,5,1,3,51,51108,2,3,2,1,1
202300018726,22,12,2023,06:40,5,1,3,51,51108,2,3,2,1,1
202300018727,10,3,2023,20:15,3,2,2,93,93064,1,1,3,1,2
202300018728,13,9,2023,16:10,1,1,7,54,54395,2,4,1,1,1
202300018728,13,9,2023,16:10,1,1,7,54,54395,2,4,1,1,1
202300018729,10,3,2023,09:15,1,2,2,93,93048,1,1,3,1,2
202300018730,22,12,2023,07:00,5,1,3,49,49007,2,4,2,1,1
202300018731,13,9,2023,10:50,1,1,6,54,54395,2,4,1,1,1
202300018732,9,3,2023,09:30,1,1,4,93,93027,1,1,3,1,1
202300018733,14,3,2023,23:30,3,1,2,94,94018,1,1,-1,1,1
202300018734,22,12,2023,18:10,5,2,6,47,47001,2,3,2,1,2
202300018735,14,9,2023,16:30,1,1,1,54,54580,2,4,2,2,1
202300018735,14,9,2023,16:30,1,1,1,54,54580,2,4,2,1,1
202300018736,14,3,2023,11:00,1,1,2,77,77251,1,2,1,1,1
202300018737,22,12,2023,17:30,5,1,2,43,43157,2,3,4,1,1
202300018738,14,3,2023,08:15,1,2,2,77,77373,1,2,1,1,2
202300018739,14,9,2023,13:15,1,1,4,51,51172,2,4,1,1,1
202300018739,14,9,2023,13:15,1,1,4,51,51172,2,4,2,1,1
202300018740,13,3,2023,18:00,1,1,4,94,94022,1,1,3,1,1
202300018741,13,3,2023,13:55,1,8,7,973,97302,2,3,2,1,1
202300018742,14,9,2023,09:00,1,1,6,51,51454,2,4,2,1,1
202300018743,12,3,2023,17:00,1,1,3,971,97101,2,3,2,1,1
202300018744,14,9,2023,08:28,1,1,6,51,51454,2,4,2,1,1
202300018745,12,3,2023,12:27,1,1,1,971,97113,1,3,2,2,1
202300018746,22,12,2023,07:15,2,1,2,41,41018,2,4,-1,1,1
202300018747,14,9,2023,08:35,1,1,6,51,51454,2,4,1,1,1
202300018747,14,9,2023,08:35,1,1,6,51,51454,2,4,2,2,1
202300018748,13,3,2023,12:50,1,1,4,2A,2A004,2,4,1,1,1
202300018749,22,12,2023,09:30,1,2,6,38,38421,2,7,1,1,2
202300018749,22,12,2023,09:30,1,2,6,38,38421,2,7,1,1,2
202300018750,14,9,2023,19:00,1,1,3,50,50218,2,4,-1,1,1
202300018750,14,9,2023,19:00,1,1,3,50,50218,2,4,1,1,1
202300018751,8,3,2023,07:43,2,2,1,80,80021,2,4,3,1,2
202300018752,14,9,2023,07:45,1,1,3,47,47001,2,4,1,1,1
202300018752,14,9,2023,07:45,1,1,3,47,47001,2,4,1,1,1
202300018753,13,3,2023,22:15,5,2,2,77,77111,2,4,1,1,2
202300018754,14,9,2023,22:20,3,1,6,43,43157,1,2,1,1,1
202300018755,22,12,2023,13:15,1,2,3,37,37261,2,4,2,2,2
202300018755,22,12,2023,13:15,1,2,3,37,37261,2,4,2,1,2
202300018756,13,3,2023,12:20,1,2,3,77,77014,2,3,2,3,2
202300018756,13,3,2023,12:20,1,2,3,77,77014,2,3,2,1,2
202300018757,5,3,2023,01:45,5,1,7,76,76351,2,4,2,1,1
202300018758,13,9,2023,07:30,2,2,6,42,42218,2,4,2,4,2
202300018758,13,9,2023,07:30,2,2,6,42,42218,2,4,1,4,2
202300018759,22,12,2023,12:25,1,2,1,37,37261,2,4,2,1,2
202300018760,12,3,2023,19:15,5,3,6,72,72181,2,4,2,1,2
202300018761,12,9,2023,13:45,1,1,2,41,41018,2,4,3,2,1
202300018761,12,9,2023,13:45,1,1,2,41,41018,2,4,1,1,1
202300018762,5,3,2023,05:30,5,1,6,69,69264,2,3,2,1,1
202300018763,20,12,2023,14:00,1,1,3,34,34032,2,4,-1,1,1
202300018763,20,12,2023,14:00,1,1,3,34,34032,2,4,-1,1,1
202300018764,14,9,2023,19:25,2,1,6,37,37261,2,4,2,1,1
202300018765,13,3,2023,09:30,1,1,2,69,69091,2,4,2,1,1
202300018765,13,3,2023,09:30,1,1,2,69,69091,2,4,2,1,1
202300018766,20,12,2023,17:55,5,1,3,30,30189,2,4,2,1,1
202300018767,14,9,2023,10:20,1,1,3,37,37122,2,4,2,2,1
202300018767,14,9,2023,10:20,1,1,3,37,37122,2,4,2,2,1
202300018768,10,3,2023,08:07,1,1,3,66,66136,1,4,2,1,1
202300018769,12,3,2023,11:37,1,1,6,63,63014,2,7,2,1,1
202300018770,15,9,2023,01:50,5,1,6,35,35238,2,4,2,2,1
202300018771,14,9,2023,09:45,1,1,6,34,34172,2,4,2,2,1
202300018772,11,3,2023,19:40,5,2,3,63,63113,2,4,2,1,2
202300018772,11,3,2023,19:40,5,2,3,63,63113,2,4,3,1,2
202300018773,22,12,2023,15:25,1,2,1,29,29232,2,4,-1,1,2
202300018773,22,12,2023,15:25,1,2,1,29,29232,2,4,2,2,2
202300018774,13,9,2023,20:30,4,1,6,33,33063,2,4,2,1,1
202300018774,13,9,2023,20:30,4,1,6,33,33063,2,4,2,1,1
202300018775,11,3,2023,18:57,5,2,2,63,63113,2,4,1,1,2
202300018775,11,3,2023,18:57,5,2,2,63,63113,2,4,1,1,2
202300018776,14,9,2023,16:35,1,1,6,31,31555,2,4,-1,1,1
202300018777,10,3,2023,18:50,2,2,3,63,63113,2,4,1,1,2
202300018777,10,3,2023,18:50,2,2,3,63,63113,2,4,1,1,2
202300018778,13,3,2023,17:55,1,1,2,61,61001,2,3,2,1,1
202300018779,14,9,2023,21:25,5,1,6,30,30243,1,3,2,4,1
202300018780,22,12,2023,14:40,1,1,3,29,29019,2,4,1,1,1
202300018780,22,12,2023,14:40,1,1,3,29,29019,2,4,2,1,1
202300018781,13,3,2023,19:55,5,1,3,59,59350,2,7,2,1,1
202300018781,13,3,2023,19:55,5,1,3,59,59350,2,7,2,1,1
202300018782,14,9,2023,17:45,1,1,7,29,29039,1,3,4,1,1
202300018783,11,3,2023,04:15,3,8,7,57,57631,1,3,2,1,7
202300018784,13,9,2023,09:50,1,1,6,29,29039,2,4,1,2,1
202300018785,11,3,2023,20:15,5,2,3,50,50129,2,4,2,1,2
202300018785,11,3,2023,20:15,5,2,3,50,50129,2,4,2,1,2
202300018786,14,9,2023,19:00,1,1,3,28,28134,2,3,2,2,1
202300018787,10,3,2023,17:00,1,1,3,50,50129,2,4,2,1,1
202300018788,14,9,2023,19:50,1,1,3,25,25056,2,4,2,3,1
202300018789,10,3,2023,12:10,1,1,3,50,50129,2,4,1,1,1
202300018789,10,3,2023,12:10,1,1,3,50,50129,2,4,1,1,1
202300018790,14,3,2023,23:12,5,1,2,42,42187,2,4,2,1,2
202300018790,14,3,2023,23:12,5,1,2,42,42187,2,4,2,1,2
202300018791,13,9,2023,17:40,1,1,4,17,17415,1,3,2,1,1
202300018792,13,9,2023,18:25,1,1,7,17,17306,2,9,-1,1,1
202300018793,13,3,2023,09:30,1,1,5,35,35238,1,2,3,1,1
202300018794,13,3,2023,09:10,1,1,7,35,35238,2,2,3,1,1
202300018795,22,12,2023,01:20,4,2,7,22,22113,2,4,-1,2,2
202300018796,13,9,2023,15:30,1,1,5,15,15014,1,2,2,1,2
202300018797,9,3,2023,08:45,1,1,5,34,34032,1,3,2,1,1
202300018798,18,12,2023,08:55,1,1,6,18,18033,2,4,2,1,1
202300018799,13,3,2023,07:46,5,1,6,31,31555,2,4,2,1,1
202300018800,13,9,2023,14:40,1,2,3,15,15014,2,2,2,1,2
202300018800,13,9,2023,14:40,1,2,3,15,15014,2,2,2,1,2
202300018801,13,3,2023,06:00,3,1,7,31,31555,1,4,2,1,1
202300018802,9,9,2023,20:30,1,1,6,14,14338,2,3,1,1,1
202300018803,12,3,2023,19:55,5,1,1,22,22106,2,4,2,1,2
202300018804,13,9,2023,16:45,1,1,3,14,14327,2,4,-1,1,1
202300018805,19,12,2023,10:15,2,1,4,14,14118,2,4,-1,1,1
202300018806,13,3,2023,19:38,5,2,3,14,14118,2,4,3,1,2
202300018806,13,3,2023,19:38,5,2,3,14,14118,2,4,2,1,2
202300018807,14,9,2023,06:45,1,1,3,13,13117,2,4,2,1,1
202300018808,13,3,2023,00:20,5,2,3,14,14118,2,4,2,2,2
202300018808,13,3,2023,00:20,5,2,3,14,14118,2,4,2,2,2
202300018809,14,9,2023,16:45,1,1,2,13,13213,2,4,-1,1,1
202300018810,19,12,2023,17:55,3,2,3,14,14118,2,2,1,1,2
202300018810,19,12,2023,17:55,3,2,3,14,14118,2,2,2,1,2
202300018811,17,2,2023,23:50,5,1,2,13,13056,2,3,3,1,1
202300018811,17,2,2023,23:50,5,1,2,13,13056,2,3,2,1,1
202300018811,17,2,2023,23:50,5,1,2,13,13056,2,3,2,1,1
202300018812,13,3,2023,09:10,1,1,6,13,13210,2,4,2,1,1
202300018813,14,9,2023,07:30,1,1,3,13,13209,2,4,4,1,1
202300018813,14,9,2023,07:30,1,1,3,13,13209,2,4,-1,1,1
202300018814,13,3,2023,08:30,1,1,6,13,13005,2,4,2,1,1
202300018814,13,3,2023,08:30,1,1,6,13,13005,2,4,2,1,1
202300018815,7,8,2023,20:50,1,1,3,14,14437,2,3,2,1,1
202300018816,13,9,2023,18:00,1,7,2,13,13204,2,7,3,1,1
202300018817,13,3,2023,10:55,1,1,6,09,09225,2,3,-1,1,1
202300018818,22,12,2023,08:45,1,1,6,13,13213,2,4,2,1,1
202300018819,14,9,2023,05:50,3,1,3,13,13001,1,3,2,1,1
202300018820,5,3,2023,16:00,1,1,4,06,06069,2,4,2,1,1
202300018821,8,9,2023,11:20,1,1,7,12,12176,1,3,2,1,1
202300018822,13,3,2023,09:30,1,1,2,06,06029,2,4,2,1,1
202300018823,22,12,2023,12:10,1,1,3,13,13028,2,4,2,1,1
202300018824,6,3,2023,18:01,1,1,6,02,02691,2,4,1,2,1
202300018825,13,9,2023,10:40,1,1,3,10,10081,2,4,2,1,1
202300018825,13,9,2023,10:40,1,1,3,10,10081,2,4,2,1,1
202300018826,13,3,2023,17:05,1,6,6,01,01053,2,3,2,1,1
202300018827,22,12,2023,12:50,1,6,1,13,13070,2,4,2,1,1
202300018828,14,9,2023,07:55,1,1,6,09,09225,2,4,2,1,1
202300018828,14,9,2023,07:55,1,1,6,09,09225,2,4,2,2,1
202300018829,13,3,2023,19:05,2,1,3,75,75118,2,4,1,1,1
202300018829,13,3,2023,19:05,2,1,3,75,75118,2,4,1,1,1
202300018830,28,8,2023,00:50,5,1,6,06,06069,1,3,2,2,2
202300018831,13,3,2023,17:20,1,1,2,75,75120,2,4,-1,1,1
202300018832,8,9,2023,22:25,3,1,6,04,04070,1,4,2,1,1
202300018833,20,12,2023,14:00,1,1,3,11,11262,2,4,-1,1,1
202300018833,20,12,2023,14:00,1,1,3,11,11262,2,4,-1,1,1
202300018834,13,3,2023,04:50,5,2,7,75,75120,2,4,1,2,2
202300018834,13,3,2023,04:50,5,2,7,75,75120,2,4,3,1,2
202300018835,14,9,2023,17:30,1,1,6,01,01283,2,3,2,1,1
202300018836,13,3,2023,19:40,5,1,3,75,75120,2,4,2,1,2
202300018836,13,3,2023,19:40,5,1,3,75,75120,2,4,1,1,2
202300018837,14,9,2023,15:40,1,1,2,75,75116,2,4,1,1,1
202300018838,13,3,2023,11:00,1,1,3,75,75120,2,4,2,1,1
202300018838,13,3,2023,11:00,1,1,3,75,75120,2,4,1,1,1
202300018839,21,12,2023,08:30,1,6,3,11,11262,2,4,1,1,1
202300018839,21,12,2023,08:30,1,6,3,11,11262,2,4,1,1,1
202300018840,13,3,2023,09:25,1,2,6,75,75120,2,4,-1,1,2
202300018841,13,9,2023,22:00,5,1,2,75,75117,2,4,1,1,1
202300018842,12,3,2023,22:20,5,2,6,75,75120,2,4,1,2,2
202300018843,14,9,2023,06:41,5,1,7,75,75108,2,4,1,1,1
202300018843,14,9,2023,06:41,5,1,7,75,75108,2,4,1,1,1
202300018844,13,3,2023,16:30,1,1,2,75,75119,2,4,1,1,1
202300018844,13,3,2023,16:30,1,1,2,75,75119,2,4,1,1,1
202300018845,16,6,2023,08:16,1,7,2,75,75114,2,4,2,1,1
202300018846,22,12,2023,12:54,1,1,1,10,10387,2,4,2,1,1
202300018847,13,3,2023,20:10,5,2,7,75,75117,2,4,1,1,2
202300018847,13,3,2023,20:10,5,2,7,75,75117,2,4,1,1,2
202300018848,21,12,2023,19:00,5,2,2,75,75112,2,4,1,1,2
202300018849,14,9,2023,19:10,1,1,3,75,75105,2,4,2,2,1