id_accident,jour,mois,annee,heure_minute,luminosite,meteo,type_collision,departement,commune,agglomeration,categorie_route,regime_circulation,profil_route,etat_surface
202300018849,14,9,2023,19:10,1,1,3,75,75105,2,4,2,1,1
202300018850,13,3,2023,06:40,2,8,2,75,75116,2,4,1,1,1
202300018850,13,3,2023,06:40,2,8,2,75,75116,2,4,2,1,1
202300018851,13,3,2023,16:40,1,8,6,75,75115,2,4,1,1,1
202300018851,13,3,2023,16:40,1,8,6,75,75115,2,4,1,1,1
202300018852,13,9,2023,08:40,1,1,3,75,75105,2,4,2,2,1
202300018852,13,9,2023,08:40,1,1,3,75,75105,2,4,2,2,1
202300018853,22,12,2023,16:55,5,1,6,75,75105,2,4,2,1,1
202300018853,22,12,2023,16:55,5,1,6,75,75105,2,4,2,1,1
202300018854,13,3,2023,18:00,2,1,5,75,75112,2,4,3,2,1
202300018855,14,9,2023,18:00,1,1,3,75,75119,2,4,2,1,1
202300018855,14,9,2023,18:00,1,1,3,75,75119,2,4,1,1,1
202300018856,22,12,2023,10:20,1,2,3,75,75119,2,4,1,2,2
202300018857,14,9,2023,22:25,5,1,3,75,75117,2,4,-1,1,1
202300018857,14,9,2023,22:25,5,1,3,75,75117,2,4,1,1,1
202300018858,13,3,2023,08:15,1,2,3,75,75112,2,4,1,1,2
202300018858,13,3,2023,08:15,1,2,3,75,75112,2,4,2,1,2
202300018859,22,12,2023,20:40,3,2,1,75,75117,2,4,1,1,2
202300018859,22,12,2023,20:40,3,2,1,75,75117,2,4,1,1,2
202300018860,22,12,2023,13:10,1,2,6,75,75115,2,4,1,1,2
202300018860,22,12,2023,13:10,1,2,6,75,75115,2,4,2,1,2
202300018861,12,3,2023,14:30,1,1,6,75,75101,2,4,2,1,1
202300018861,12,3,2023,14:30,1,1,6,75,75101,2,4,1,1,1
202300018862,14,9,2023,09:20,1,1,2,75,75107,2,4,1,1,1
202300018862,14,9,2023,09:20,1,1,2,75,75107,2,4,-1,1,1
202300018863,21,12,2023,17:46,5,1,7,75,75114,2,4,1,1,2
202300018863,21,12,2023,17:46,5,1,7,75,75114,2,4,4,1,2
202300018864,13,3,2023,08:40,1,2,6,94,94043,2,3,1,1,2
202300018864,13,3,2023,08:40,1,2,6,94,94043,2,3,3,2,2
202300018865,14,9,2023,06:10,2,1,1,75,75107,2,4,1,2,1
202300018866,20,12,2023,22:00,5,1,3,75,75113,2,4,2,1,1
202300018867,13,3,2023,15:35,1,2,3,94,94060,2,3,2,1,2
202300018868,14,9,2023,12:45,1,1,3,75,75105,2,4,2,4,1
202300018869,22,12,2023,10:40,1,8,6,75,75111,2,4,2,1,1
202300018869,22,12,2023,10:40,1,8,6,75,75111,2,4,2,1,1
202300018870,13,3,2023,20:43,5,3,6,94,94075,2,3,2,1,2
202300018870,13,3,2023,20:43,5,3,6,94,94075,2,3,2,1,2
202300018871,13,9,2023,16:09,1,1,3,75,75113,2,4,2,1,1
202300018871,13,9,2023,16:09,1,1,3,75,75113,2,4,2,1,1
202300018872,22,12,2023,19:00,5,1,3,75,75110,2,4,1,1,2
202300018872,22,12,2023,19:00,5,1,3,75,75110,2,4,2,1,2
202300018873,13,3,2023,16:10,1,1,3,93,93070,2,3,1,1,1
202300018873,13,3,2023,16:10,1,1,3,93,93070,2,3,2,1,1
202300018874,13,3,2023,09:30,1,2,3,93,93070,2,4,1,1,2
202300018875,14,9,2023,14:30,1,1,6,75,75111,2,4,2,1,1
202300018875,14,9,2023,14:30,1,1,6,75,75111,2,4,2,1,1
202300018876,22,12,2023,09:50,1,2,3,75,75108,2,4,-1,1,2
202300018877,14,9,2023,17:55,1,1,6,75,75114,2,4,2,1,1
202300018877,14,9,2023,17:55,1,1,6,75,75114,2,4,1,1,1
202300018878,12,3,2023,21:40,5,2,3,93,93055,2,4,1,1,2
202300018878,12,3,2023,21:40,5,2,3,93,93055,2,4,2,1,2
202300018879,22,12,2023,13:50,1,2,7,75,75103,2,4,1,1,2
202300018879,22,12,2023,13:50,1,2,7,75,75103,2,4,1,1,2
202300018880,13,3,2023,06:50,2,2,6,93,93046,2,3,3,1,2
202300018881,31,8,2023,13:35,1,1,3,94,94058,2,3,2,1,1
202300018881,31,8,2023,13:35,1,1,3,94,94058,2,3,1,1,1
202300018882,22,12,2023,01:35,5,1,3,75,75103,2,4,1,1,1
202300018882,22,12,2023,01:35,5,1,3,75,75103,2,4,2,1,1
202300018883,13,3,2023,08:35,1,2,6,93,93001,2,3,2,1,2
202300018884,13,9,2023,20:00,1,1,1,94,94046,2,4,-1,1,1
202300018884,13,9,2023,20:00,1,1,1,94,94046,2,4,2,1,1
202300018885,13,3,2023,14:00,1,1,2,92,92073,2,3,1,1,1
202300018886,21,12,2023,23:45,5,1,3,75,75104,2,4,1,1,1
202300018886,21,12,2023,23:45,5,1,3,75,75104,2,4,2,1,1
202300018887,14,9,2023,08:35,1,1,7,94,94033,2,4,1,1,1
202300018887,14,9,2023,08:35,1,1,7,94,94033,2,4,1,2,1
202300018888,21,12,2023,11:00,1,2,3,75,75104,2,4,2,1,2
202300018888,21,12,2023,11:00,1,2,3,75,75104,2,4,2,1,2
202300018889,13,3,2023,20:00,5,2,3,92,92063,2,3,2,1,2
202300018889,13,3,2023,20:00,5,2,3,92,92063,2,3,2,1,2
202300018890,21,12,2023,07:30,3,8,6,94,94076,2,4,-1,1,2
202300018890,21,12,2023,07:30,3,8,6,94,94076,2,4,2,1,2
202300018891,13,9,2023,19:35,2,1,3,94,94028,2,4,2,1,1
202300018892,21,12,2023,17:55,5,2,6,94,94068,2,3,1,1,2
202300018893,21,12,2023,12:15,1,8,6,94,94041,2,3,2,1,2
202300018893,21,12,2023,12:15,1,8,6,94,94041,2,3,-1,1,2
202300018894,12,3,2023,21:45,5,2,3,92,92025,2,1,2,1,2
202300018894,12,3,2023,21:45,5,2,3,92,92025,2,1,1,1,2
202300018895,22,12,2023,22:50,5,2,6,94,94073,2,4,2,1,2
202300018895,22,12,2023,22:50,5,2,6,94,94073,2,4,2,2,2
202300018896,22,12,2023,19:20,5,1,6,94,94011,2,3,2,1,1
202300018896,22,12,2023,19:20,5,1,6,94,94011,2,3,2,1,1
202300018897,14,9,2023,19:00,1,1,2,94,94017,2,3,2,2,1
202300018898,22,12,2023,15:00,1,8,2,93,93066,2,3,3,1,2
202300018899,13,3,2023,15:00,1,1,2,92,92012,2,3,1,1,1
202300018900,22,12,2023,15:00,1,2,3,93,93046,2,4,1,1,2
202300018900,22,12,2023,15:00,1,2,3,93,93046,2,4,2,1,2
202300018901,22,12,2023,17:20,5,1,3,92,92046,2,3,3,1,1
202300018901,22,12,2023,17:20,5,1,3,92,92046,2,3,3,1,1
202300018902,22,12,2023,07:48,5,2,3,92,92051,2,4,2,1,2
202300018902,22,12,2023,07:48,5,2,3,92,92051,2,4,1,1,2
202300018903,22,12,2023,08:35,2,2,6,92,92050,2,4,1,1,2
202300018904,22,12,2023,01:23,5,1,7,92,92040,2,4,3,1,2
202300018905,14,9,2023,19:10,1,1,3,93,93051,2,3,3,1,1
202300018905,14,9,2023,19:10,1,1,3,93,93051,2,3,1,1,1
202300018906,21,12,2023,17:15,2,1,6,92,92025,2,3,1,2,1
202300018907,23,12,2023,00:45,3,1,2,60,60338,1,3,2,1,1
202300018908,14,9,2023,16:10,1,7,5,93,93048,2,4,2,1,1
202300018908,14,9,2023,16:10,1,7,5,93,93048,2,4,2,1,1
202300018909,20,12,2023,12:40,1,1,3,974,97415,2,2,2,1,1
202300018910,14,9,2023,00:20,5,1,7,93,93053,2,3,3,1,1
202300018911,22,12,2023,20:45,3,1,7,80,80498,1,3,2,2,1
202300018912,13,9,2023,17:30,1,1,2,93,93001,2,4,1,1,1
202300018913,23,12,2023,17:45,3,2,1,76,76235,1,3,2,2,2
202300018914,22,12,2023,17:25,2,2,6,81,81218,1,3,2,2,2
202300018915,13,9,2023,11:50,1,1,6,92,92046,2,3,2,1,1
202300018916,22,12,2023,11:18,1,1,1,28,28334,1,3,2,1,1
202300018917,14,9,2023,17:26,1,1,1,92,92062,2,4,1,1,1
202300018918,20,12,2023,14:45,1,2,1,974,97422,2,4,2,2,2
202300018919,22,12,2023,15:45,1,1,3,974,97412,1,2,2,1,1
202300018919,22,12,2023,15:45,1,1,3,974,97412,1,2,2,1,1
202300018920,14,9,2023,08:44,1,1,3,92,92051,2,4,2,1,1
202300018921,22,12,2023,17:30,3,1,6,62,62228,1,3,2,1,1
202300018922,22,12,2023,00:20,3,3,2,21,21282,1,1,3,1,2
202300018923,22,12,2023,19:05,3,1,2,35,35206,1,2,3,1,1
202300018924,14,9,2023,13:55,1,1,2,92,92026,2,3,2,1,1
202300018925,19,12,2023,04:35,4,2,2,25,25228,1,1,1,1,2
202300018926,22,12,2023,18:00,3,2,3,58,58295,1,3,2,1,2
202300018927,14,9,2023,11:20,1,1,7,92,92012,2,4,2,1,1
202300018928,20,12,2023,20:20,3,2,6,58,58012,1,3,2,1,2
202300018929,14,9,2023,09:30,1,1,6,92,92004,2,4,-1,1,1
202300018930,14,9,2023,11:10,1,1,7,92,92002,2,3,3,1,1
202300018931,14,9,2023,08:20,1,5,7,41,41032,1,3,2,2,1
202300018931,14,9,2023,08:20,1,5,7,41,41032,1,3,2,1,1
202300018932,14,9,2023,17:10,1,1,7,43,43071,1,3,2,2,1
202300018933,19,12,2023,17:04,3,8,5,68,68156,1,3,1,1,1
202300018934,15,9,2023,15:30,1,1,6,974,97405,2,3,2,2,1
202300018935,14,9,2023,20:56,4,1,3,27,27368,2,3,2,1,1
202300018935,14,9,2023,20:56,4,1,3,27,27368,2,3,2,1,1
202300018936,22,12,2023,16:00,2,2,7,51,51333,2,3,2,1,2
202300018937,14,9,2023,16:48,1,1,3,28,28006,1,3,2,1,1
202300018937,14,9,2023,16:48,1,1,3,28,28006,1,3,1,1,1
202300018938,13,9,2023,18:45,1,1,3,68,68156,1,3,3,1,1
202300018938,13,9,2023,18:45,1,1,3,68,68156,1,3,2,1,1
202300018939,15,9,2023,13:00,1,1,1,83,83019,1,3,-1,1,1
202300018940,22,12,2023,20:45,3,6,7,59,59149,1,3,2,4,2
202300018941,10,7,2023,12:20,1,1,2,62,62785,1,3,2,1,1
202300018941,10,7,2023,12:20,1,1,2,62,62785,1,3,-1,1,1
202300018942,2,9,2023,01:30,3,1,6,57,57267,1,3,2,2,1
202300018943,22,12,2023,15:55,1,1,6,19,19116,2,3,2,1,2
202300018944,21,12,2023,21:25,3,2,7,67,67486,1,3,2,1,2
202300018945,14,9,2023,23:32,3,1,6,56,56165,1,3,2,1,1
202300018946,15,9,2023,15:55,1,1,2,56,56243,1,4,2,1,1
202300018947,23,12,2023,02:30,3,1,3,79,79079,1,2,3,1,1
202300018948,15,9,2023,09:10,1,1,2,80,80767,2,3,2,1,1
202300018949,22,12,2023,21:25,5,1,3,80,80680,2,3,2,1,1
202300018949,22,12,2023,21:25,5,1,3,80,80680,2,3,2,1,1
202300018950,13,9,2023,18:00,1,7,1,81,81056,1,3,2,2,1
202300018951,23,12,2023,07:45,5,1,6,65,65460,2,3,2,1,1
202300018952,23,12,2023,07:24,3,1,7,63,63273,2,4,2,2,1
202300018953,14,9,2023,14:35,1,1,6,32,32234,1,4,2,1,1
202300018954,20,12,2023,18:40,4,8,6,49,49018,2,4,2,1,2
202300018954,20,12,2023,18:40,4,8,6,49,49018,2,4,2,-1,-1
202300018955,13,9,2023,13:40,1,2,6,71,71428,1,3,2,2,2
202300018956,21,12,2023,17:55,4,2,6,12,12133,2,3,2,1,2
202300018956,21,12,2023,17:55,4,2,6,12,12133,2,3,2,1,2
202300018957,15,9,2023,11:25,1,1,1,29,29150,1,3,2,1,1
202300018958,15,9,2023,01:30,3,1,6,29,29193,1,3,2,1,1
202300018959,20,1,2023,15:00,1,1,6,987,98738,1,2,2,2,1
202300018960,22,12,2023,13:15,1,8,1,46,46114,1,3,2,3,1
202300018961,15,9,2023,00:15,3,1,6,70,70539,1,3,2,1,1
202300018962,22,12,2023,20:20,3,2,7,86,86125,1,3,2,1,2
202300018963,14,9,2023,23:20,3,1,6,58,58010,1,3,2,2,1
202300018964,1,2,2023,13:30,1,1,7,51,51027,1,1,3,1,1
202300018965,23,12,2023,00:33,3,2,6,25,25190,1,3,2,1,2
202300018966,14,9,2023,22:40,5,1,6,58,58151,2,3,2,1,1
202300018967,23,12,2023,01:50,3,2,6,25,25233,1,3,3,2,2
202300018968,2,2,2023,00:20,3,1,5,11,11145,1,1,1,1,1
202300018969,14,9,2023,19:45,1,1,6,50,50077,2,3,2,2,1
202300018970,23,12,2023,05:48,3,1,1,44,44165,1,3,2,1,1
202300018971,15,9,2023,19:15,1,1,3,50,50543,1,3,2,3,1
202300018971,15,9,2023,19:15,1,1,3,50,50543,1,3,2,3,1
202300018972,18,1,2023,18:30,3,2,4,91,91249,1,1,3,1,2
202300018973,23,12,2023,04:45,3,2,6,35,35297,1,3,2,1,2
202300018974,1,2,2023,21:20,3,1,6,95,95641,1,3,2,1,1
202300018975,13,9,2023,06:45,3,8,2,09,09173,1,3,2,2,2
202300018976,22,12,2023,15:30,1,2,3,29,29026,2,4,2,1,2
202300018977,2,2,2023,16:40,1,8,1,95,95199,2,3,2,1,1
202300018978,10,9,2023,15:29,1,1,3,09,09189,1,2,2,1,1
202300018979,20,1,2023,16:50,1,1,6,34,34023,1,3,3,1,1
202300018980,22,12,2023,13:20,1,1,1,13,13045,1,3,2,1,1
202300018981,1,2,2023,09:45,1,1,3,26,26179,1,1,3,1,1
202300018982,15,9,2023,18:00,1,7,1,60,60692,1,3,2,1,1
202300018982,15,9,2023,18:00,1,7,1,60,60692,1,3,2,1,1
202300018983,1,2,2023,09:00,1,1,6,26,26071,2,3,2,1,1
202300018984,23,12,2023,17:45,3,8,3,02,02328,1,3,2,1,2
202300018985,15,9,2023,07:40,1,1,1,60,60245,1,3,2,1,9
202300018986,1,2,2023,10:15,1,1,1,69,69110,1,3,2,1,2
202300018987,11,6,2023,10:35,1,1,7,43,43137,1,2,3,2,1
202300018988,22,12,2023,14:25,1,1,3,06,06032,2,7,2,2,1
202300018988,22,12,2023,14:25,1,1,3,06,06032,2,7,3,2,1
202300018989,13,9,2023,14:40,1,2,1,43,43268,1,3,2,2,2
202300018990,1,2,2023,07:45,2,8,2,22,22077,2,4,2,1,1
202300018990,1,2,2023,07:45,2,8,2,22,22077,2,4,4,1,1
202300018991,14,9,2023,10:35,1,1,3,43,43244,1,3,2,1,1
202300018991,14,9,2023,10:35,1,1,3,43,43244,1,3,2,3,1
202300018992,2,2,2023,12:30,1,1,5,27,27249,1,3,2,1,1
202300018992,2,2,2023,12:30,1,1,5,27,27249,1,3,-1,1,1
202300018993,15,9,2023,06:35,2,1,5,43,43084,1,2,2,1,1
202300018994,22,12,2023,18:50,2,1,1,45,45134,1,3,2,1,1
202300018995,2,2,2023,09:40,1,1,7,60,60581,1,3,2,2,1
202300018996,15,9,2023,07:40,1,1,7,53,53209,1,4,2,1,1
202300018997,30,1,2023,00:30,3,1,6,59,59350,1,2,-1,1,2
202300018998,1,2,2023,07:30,2,1,2,91,91553,1,2,-1,1,1
202300018999,23,12,2023,10:50,1,1,1,07,07292,1,3,2,2,1
202300019000,31,1,2023,17:19,2,1,6,78,78640,1,1,-1,1,1
202300019001,14,9,2023,11:15,1,1,6,46,46145,1,1,3,2,1
202300019002,31,1,2023,06:20,5,8,2,92,92050,1,1,-1,1,1
202300019003,15,9,2023,07:20,1,1,1,31,31057,2,4,2,2,1
202300019004,22,12,2023,20:15,3,1,3,53,53135,1,3,2,1,1
202300019005,31,1,2023,08:50,1,2,2,95,95500,1,1,3,1,2
202300019006,15,9,2023,13:15,1,1,4,14,14221,1,1,1,1,1
202300019007,30,1,2023,08:35,1,1,4,95,95252,1,1,3,2,1
202300019008,15,9,2023,18:30,1,1,6,76,76391,1,1,3,4,1
202300019009,22,12,2023,10:54,1,2,6,40,40110,2,3,-1,-1,2
202300019009,22,12,2023,10:54,1,2,6,40,40110,2,3,2,1,2
202300019010,30,1,2023,13:30,1,2,2,93,93078,1,1,3,1,2
202300019011,15,9,2023,08:18,1,1,2,974,97418,1,2,3,1,1
202300019012,1,2,2023,18:45,3,1,2,75,75112,1,1,-1,1,1
202300019013,15,9,2023,10:00,1,1,2,21,21540,1,7,1,1,1
202300019014,23,12,2023,19:05,3,2,7,24,24354,1,3,2,1,2
202300019015,1,2,2023,08:40,1,1,4,94,94028,1,1,3,1,1
202300019016,15,9,2023,15:15,1,1,3,2B,2B093,1,2,2,1,1
202300019017,1,2,2023,07:40,2,1,2,75,75112,1,1,1,2,1
202300019018,23,12,2023,11:50,1,1,1,04,04158,1,4,2,1,1
202300019019,15,9,2023,15:45,1,1,3,66,66175,1,3,2,1,1
202300019020,31,1,2023,16:50,1,1,6,37,37261,2,4,2,1,1
202300019020,31,1,2023,16:50,1,1,6,37,37261,2,4,2,1,1
202300019021,22,12,2023,20:30,3,1,6,85,85101,1,3,2,2,1
202300019022,26,1,2023,19:15,5,1,6,59,59183,2,4,1,1,1
202300019023,13,9,2023,13:30,1,1,3,11,11188,1,3,2,1,1
202300019023,13,9,2023,13:30,1,1,3,11,11188,1,3,2,1,1
202300019024,8,12,2023,08:40,1,1,6,27,27065,2,4,2,1,2
202300019025,29,1,2023,15:10,1,1,2,988,98818,2,4,3,1,1
202300019025,29,1,2023,15:10,1,1,2,988,98818,2,4,1,2,1
202300019026,11,9,2023,08:30,1,1,3,83,83119,2,4,2,1,1
202300019026,11,9,2023,08:30,1,1,3,83,83119,2,4,2,2,1
202300019027,22,12,2023,10:45,1,1,3,28,28391,1,3,2,1,1
202300019028,31,1,2023,18:00,1,1,6,976,97611,1,2,2,1,1
202300019029,14,9,2023,20:30,3,1,1,83,83108,1,3,2,1,2
202300019030,31,1,2023,08:15,1,1,2,974,97411,1,2,3,1,1
202300019031,22,12,2023,17:40,3,3,7,08,08302,1,3,2,1,2
202300019032,15,9,2023,13:25,1,1,1,05,05007,1,3,2,1,1
202300019033,31,1,2023,17:35,1,1,2,973,97302,2,3,2,1,1
202300019034,14,9,2023,11:50,1,1,7,04,04193,1,3,2,2,1
202300019035,9,12,2023,10:31,5,3,6,67,67256,1,7,1,1,2
202300019036,31,1,2023,12:40,1,1,3,973,97302,2,3,2,1,1
202300019036,31,1,2023,12:40,1,1,3,973,97302,2,3,2,1,1
202300019037,15,9,2023,09:05,1,1,1,25,25276,2,4,2,2,1
202300019038,31,1,2023,17:30,5,1,6,69,69387,2,4,1,1,1
202300019038,31,1,2023,17:30,5,1,6,69,69387,2,4,1,1,1
202300019039,14,9,2023,14:30,1,1,2,03,03102,2,3,2,1,1
202300019039,14,9,2023,14:30,1,1,2,03,03102,2,3,2,1,1
202300019040,31,1,2023,11:45,1,1,3,69,69388,2,4,1,1,1
202300019040,31,1,2023,11:45,1,1,3,69,69388,2,4,2,1,1
202300019041,15,9,2023,10:00,1,5,6,73,73290,1,3,2,2,9
202300019042,30,1,2023,18:05,3,1,3,2B,2B037,1,2,3,1,1
202300019043,15,9,2023,14:50,1,1,6,73,73176,1,3,2,3,1
202300019043,15,9,2023,14:50,1,1,6,73,73176,1,3,2,2,1
202300019044,31,1,2023,21:40,5,1,3,2A,2A004,2,4,2,2,8
202300019045,31,1,2023,13:40,1,1,1,2A,2A004,2,4,2,2,1
202300019046,12,9,2023,10:30,1,1,3,26,26064,1,4,2,1,1
202300019046,12,9,2023,10:30,1,1,3,26,26064,1,4,-1,1,1
202300019047,31,1,2023,01:35,5,1,6,95,95306,2,4,2,1,1
202300019047,31,1,2023,01:35,5,1,6,95,95306,2,4,2,1,1
202300019048,23,12,2023,00:26,4,2,5,78,78043,1,3,3,2,2
202300019049,14,9,2023,15:30,1,1,3,69,69067,1,3,2,1,1
202300019050,31,1,2023,18:00,5,1,2,91,91027,2,3,2,1,1
202300019051,14,9,2023,07:15,2,1,6,09,09309,1,3,2,1,1
202300019052,30,1,2023,07:35,5,1,6,91,91174,1,4,2,1,1
202300019053,15,9,2023,18:00,1,1,3,85,85198,2,3,2,2,1
202300019053,15,9,2023,18:00,1,1,3,85,85198,2,3,2,1,1
202300019054,31,1,2023,00:38,3,5,7,91,91433,2,3,2,1,2
202300019055,22,12,2023,20:10,5,2,4,78,78455,1,3,3,1,2
202300019056,31,1,2023,09:54,1,2,3,87,87050,1,4,2,1,2
202300019056,31,1,2023,09:54,1,2,3,87,87050,1,4,2,1,2
202300019057,15,9,2023,07:50,1,1,3,44,44122,1,3,2,1,1
202300019057,15,9,2023,07:50,1,1,3,44,44122,1,3,2,1,1
202300019058,29,1,2023,14:19,1,1,7,87,87065,2,3,2,1,1
202300019058,29,1,2023,14:19,1,1,7,87,87065,2,3,1,2,1
202300019059,14,9,2023,11:00,1,1,7,50,50034,2,3,2,2,1
202300019059,14,9,2023,11:00,1,1,7,50,50034,2,3,2,2,1
202300019060,27,1,2023,07:25,2,1,6,84,84007,2,5,2,1,1
202300019061,13,9,2023,17:20,1,1,3,27,27161,1,3,-1,1,1
202300019062,31,1,2023,13:15,1,1,3,83,83062,1,4,2,1,1
202300019062,31,1,2023,13:15,1,1,3,83,83062,1,4,2,1,1
202300019063,23,12,2023,01:45,3,2,2,63,63265,1,1,3,1,2
202300019064,14,9,2023,10:50,1,1,3,60,60500,2,2,2,1,1
202300019065,28,1,2023,08:00,1,1,3,83,83126,2,4,2,1,1
202300019066,10,9,2023,09:00,1,1,2,13,13212,1,1,-1,1,1
202300019067,31,1,2023,09:00,1,7,2,83,83123,2,3,1,1,1
202300019068,8,9,2023,15:25,1,1,4,67,67447,1,7,3,1,1
202300019069,26,1,2023,12:24,1,1,7,83,83129,2,3,-1,1,1
202300019069,26,1,2023,12:24,1,1,7,83,83129,2,3,2,1,1
202300019070,14,9,2023,19:20,1,1,3,33,33249,1,1,3,2,1
202300019071,23,12,2023,00:00,3,1,6,06,06088,1,1,3,1,1
202300019072,13,9,2023,09:50,1,1,6,59,59346,1,2,3,1,1
202300019073,30,1,2023,18:30,5,1,6,77,77058,2,4,2,1,2
202300019074,13,9,2023,07:05,1,1,7,59,59143,1,1,-1,1,1
202300019075,14,12,2023,18:10,5,8,1,971,97116,2,2,2,1,1
202300019076,31,1,2023,12:00,1,1,5,77,77186,1,3,2,1,2
202300019077,11,9,2023,10:50,1,1,2,59,59348,1,1,-1,1,1
202300019078,30,1,2023,19:30,5,1,6,76,76351,2,4,2,1,1
202300019078,30,1,2023,19:30,5,1,6,76,76351,2,4,2,1,1
202300019079,31,1,2023,14:30,1,1,7,71,71153,2,4,1,2,2
202300019080,14,9,2023,17:00,1,1,5,91,91659,1,1,1,1,1
202300019081,23,12,2023,15:45,1,1,1,45,45324,2,3,2,1,1
202300019082,13,9,2023,21:41,3,1,6,78,78090,1,1,3,1,1
202300019083,31,1,2023,18:20,2,1,4,69,69271,2,4,2,1,1
202300019083,31,1,2023,18:20,2,1,4,69,69271,2,4,2,1,1
202300019084,31,1,2023,17:05,1,1,6,69,69259,1,4,2,1,1
202300019085,13,9,2023,17:45,1,1,5,78,78640,1,1,1,1,1
202300019086,21,12,2023,13:10,1,2,6,77,77257,2,3,2,2,2
202300019087,30,1,2023,17:47,5,1,3,68,68066,2,4,2,1,2
202300019088,14,9,2023,16:50,1,1,4,92,92036,1,1,3,1,1
202300019089,31,1,2023,17:00,1,1,3,64,64483,1,3,2,1,1
202300019090,14,9,2023,16:50,5,1,5,93,93008,1,1,3,1,1
202300019091,31,1,2023,18:50,5,1,3,64,64445,2,4,2,1,1
202300019091,31,1,2023,18:50,5,1,3,64,64445,2,4,2,1,1
202300019092,23,12,2023,14:00,1,1,3,2B,2B307,2,2,2,1,1
202300019092,23,12,2023,14:00,1,1,3,2B,2B307,2,2,2,-1,-1
202300019093,14,9,2023,09:00,1,1,5,93,93066,1,1,3,1,1
202300019094,31,1,2023,12:05,1,1,2,64,64445,2,4,2,1,1
202300019095,30,1,2023,05:35,5,1,6,64,64102,2,4,2,1,1
202300019096,14,9,2023,07:50,1,1,3,93,93005,1,1,-1,1,1
202300019097,14,9,2023,21:02,3,1,6,77,77146,1,2,1,1,1
202300019098,30,1,2023,12:14,1,1,3,64,64102,2,4,2,2,1
202300019099,22,12,2023,21:45,3,1,2,34,34321,1,2,2,3,1
202300019100,14,9,2023,01:40,5,1,2,94,94058,1,1,1,1,1
202300019101,30,1,2023,10:50,1,4,3,63,63070,2,7,2,3,5
202300019101,30,1,2023,10:50,1,4,3,63,63070,2,7,2,1,5
202300019102,30,1,2023,16:45,1,1,3,62,62427,2,4,2,1,1
202300019102,30,1,2023,16:45,1,1,3,62,62427,2,4,2,1,1
202300019103,11,7,2023,14:15,1,1,3,13,13077,1,2,2,1,1
202300019103,11,7,2023,14:15,1,1,3,13,13077,1,2,2,1,1
202300019103,11,7,2023,14:15,1,1,3,13,13077,1,2,2,1,1
202300019104,23,12,2023,06:30,5,1,1,84,84089,2,3,2,1,1
202300019105,30,1,2023,14:10,1,1,6,62,62215,2,4,-1,1,1
202300019106,18,6,2023,14:30,1,1,3,93,93007,2,3,2,1,1
202300019107,21,1,2023,06:35,5,2,1,62,62119,2,4,2,2,2
202300019108,23,12,2023,00:30,4,1,7,13,13014,1,3,2,1,1
202300019109,31,1,2023,01:35,5,1,6,60,60414,2,4,2,1,1
202300019110,12,9,2023,07:15,1,1,3,974,97416,1,2,-1,1,1
202300019110,12,9,2023,07:15,1,1,3,974,97416,1,2,-1,1,1
202300019111,13,9,2023,16:00,1,1,7,973,97302,1,2,1,1,1
202300019112,31,1,2023,07:55,1,1,2,59,59360,2,7,2,1,1
202300019113,13,9,2023,11:50,1,1,3,972,97209,1,1,-1,1,1
202300019114,23,12,2023,17:05,2,1,1,71,71238,1,3,2,2,2
202300019114,23,12,2023,17:05,2,1,1,71,71238,1,3,2,4,2
202300019115,30,1,2023,21:30,5,1,3,59,59220,2,4,-1,1,1
202300019115,30,1,2023,21:30,5,1,3,59,59220,2,4,-1,1,1
202300019116,22,12,2023,09:30,1,3,7,55,55262,1,3,2,1,2
202300019117,13,9,2023,11:00,1,1,3,2A,2A004,2,4,2,4,1
202300019117,13,9,2023,11:00,1,1,3,2A,2A004,2,4,1,2,1
202300019118,30,1,2023,17:00,1,1,3,59,59509,2,3,2,1,1
202300019118,30,1,2023,17:00,1,1,3,59,59509,2,3,2,1,1
202300019119,26,1,2023,17:10,5,2,6,51,51230,2,4,2,1,2
202300019120,13,9,2023,14:05,1,1,3,91,91027,2,4,2,1,1
202300019121,23,12,2023,18:29,5,2,6,57,57683,2,4,1,1,2
202300019122,31,1,2023,08:50,1,1,3,49,49007,2,4,3,1,1
202300019123,13,9,2023,08:20,1,1,3,91,91286,2,3,2,1,1
202300019123,13,9,2023,08:20,1,1,3,91,91286,2,3,1,1,1
202300019124,30,1,2023,17:58,2,1,7,49,49267,2,4,2,1,1
202300019125,21,12,2023,18:25,5,2,6,63,63042,2,7,2,4,2
202300019126,10,9,2023,02:40,5,1,6,86,86194,2,3,3,1,1
202300019127,29,1,2023,20:00,5,1,3,49,49007,2,4,2,1,1
202300019127,29,1,2023,20:00,5,1,3,49,49007,2,4,2,1,1
202300019128,19,12,2023,10:50,1,1,6,38,38562,2,6,-1,1,1
202300019129,28,1,2023,03:50,5,1,6,49,49015,2,4,2,1,1
202300019130,23,12,2023,14:10,1,1,6,26,26381,1,3,2,1,1
202300019131,31,1,2023,12:30,1,1,3,47,47201,2,3,2,1,1
202300019131,31,1,2023,12:30,1,1,3,47,47201,2,3,2,1,1