id_accident,jour,mois,annee,heure_minute,luminosite,meteo,type_collision,departement,commune,agglomeration,categorie_route,regime_circulation,profil_route,etat_surface
202300019132,13,9,2023,19:34,1,1,3,79,79191,2,4,3,1,1
202300019133,30,1,2023,13:50,1,2,6,42,42218,2,4,2,1,2
202300019134,23,12,2023,06:00,3,1,6,07,07279,1,3,2,1,1
202300019135,31,1,2023,15:40,1,2,3,35,35150,1,3,2,1,2
202300019135,31,1,2023,15:40,1,2,3,35,35150,1,3,2,2,2
202300019136,19,12,2023,16:50,1,8,6,69,69242,2,4,2,1,1
202300019137,31,1,2023,11:00,1,1,1,29,29232,2,4,-1,1,1
202300019138,31,1,2023,07:25,3,8,2,28,28404,1,3,3,1,7
202300019139,22,12,2023,16:05,1,2,5,69,69121,1,3,2,1,2
202300019140,30,1,2023,17:10,1,1,6,27,27229,2,4,2,1,1
202300019141,22,12,2023,21:35,5,2,3,33,33019,2,4,2,1,2
202300019141,22,12,2023,21:35,5,2,3,33,33019,2,4,2,1,2
202300019142,30,1,2023,08:10,2,1,6,27,27229,2,4,-1,1,1
202300019143,31,1,2023,08:30,1,1,1,25,25056,2,4,-1,1,2
202300019144,13,11,2023,16:05,1,1,5,44,44122,1,3,2,1,1
202300019144,13,11,2023,16:05,1,1,5,44,44122,1,3,2,1,1
202300019145,31,1,2023,17:30,1,1,3,18,18033,2,4,2,1,1
202300019145,31,1,2023,17:30,1,1,3,18,18033,2,4,2,1,1
202300019146,22,12,2023,13:35,1,1,6,56,56178,2,4,2,2,1
202300019147,31,1,2023,16:20,1,1,6,18,18033,2,4,2,3,1
202300019147,31,1,2023,16:20,1,1,6,18,18033,2,4,-1,1,1
202300019148,31,1,2023,19:20,3,1,7,17,17415,2,3,-1,3,1
202300019149,11,1,2023,08:20,1,1,3,13,13056,2,3,2,2,1
202300019150,22,12,2023,13:05,1,6,2,13,13071,1,1,1,1,1
202300019151,7,1,2023,19:30,3,1,4,13,13077,1,2,3,1,1
202300019152,22,12,2023,07:00,5,1,3,13,13212,1,1,3,1,1
202300019153,31,1,2023,16:00,1,1,3,13,13214,2,4,3,1,1
202300019153,31,1,2023,16:00,1,1,3,13,13214,2,4,2,1,1
202300019154,21,12,2023,22:15,3,1,3,13,13001,1,1,-1,1,1
202300019155,31,1,2023,15:00,1,1,6,13,13203,2,4,2,1,1
202300019155,31,1,2023,15:00,1,1,6,13,13203,2,4,1,1,1
202300019156,31,1,2023,09:30,1,1,6,13,13213,2,4,2,1,1
202300019156,31,1,2023,09:30,1,1,6,13,13213,2,4,2,1,1
202300019157,22,12,2023,01:05,3,2,7,69,69259,1,3,3,1,2
202300019158,31,1,2023,07:40,1,1,1,13,13002,2,4,2,1,1
202300019159,30,1,2023,17:00,1,7,6,13,13005,2,4,2,1,1
202300019160,21,12,2023,21:15,3,2,2,69,69081,1,7,3,2,2
202300019161,31,1,2023,13:58,1,1,5,10,10060,1,3,2,1,1
202300019162,20,12,2023,12:15,1,1,2,42,42225,1,1,3,1,1
202300019163,31,1,2023,13:39,1,1,2,10,10387,2,4,2,1,1
202300019164,31,1,2023,12:28,1,1,4,10,10387,2,4,2,1,1
202300019165,30,1,2023,18:20,5,1,1,10,10387,2,4,2,1,2
202300019165,30,1,2023,18:20,5,1,1,10,10387,2,4,2,1,2
202300019166,22,12,2023,12:35,1,2,4,33,33249,1,2,3,1,2
202300019167,29,1,2023,19:00,2,1,3,02,02408,1,3,1,1,1
202300019167,29,1,2023,19:00,2,1,3,02,02408,1,3,2,1,1
202300019168,22,12,2023,07:35,3,2,2,33,33554,1,2,3,1,2
202300019169,31,1,2023,14:40,1,1,6,75,75105,2,4,1,1,1
202300019169,31,1,2023,14:40,1,1,6,75,75105,2,4,-1,1,1
202300019170,31,1,2023,13:50,1,1,6,75,75106,2,4,2,1,1
202300019170,31,1,2023,13:50,1,1,6,75,75106,2,4,2,1,1
202300019171,31,1,2023,15:10,1,1,6,75,75119,2,4,1,2,1
202300019171,31,1,2023,15:10,1,1,6,75,75119,2,4,2,1,1
202300019172,31,1,2023,18:50,5,1,3,75,75116,2,4,2,1,1
202300019172,31,1,2023,18:50,5,1,3,75,75116,2,4,2,1,1
202300019173,22,12,2023,20:20,3,2,4,91,91689,1,1,1,1,2
202300019174,30,1,2023,10:15,1,2,6,75,75114,2,4,2,1,2
202300019174,30,1,2023,10:15,1,2,6,75,75114,2,4,1,1,2
202300019175,22,12,2023,16:30,1,8,4,91,91689,1,1,3,2,2
202300019176,30,1,2023,08:00,1,2,6,75,75114,2,4,2,1,2
202300019176,30,1,2023,08:00,1,2,6,75,75114,2,4,1,1,2
202300019177,22,12,2023,12:38,1,2,2,92,92036,1,1,1,1,2
202300019178,31,1,2023,15:40,1,1,2,75,75113,2,4,1,1,1
202300019178,31,1,2023,15:40,1,1,2,75,75113,2,4,2,1,1
202300019179,21,12,2023,22:50,3,2,6,78,78423,1,1,3,1,2
202300019180,31,1,2023,01:05,5,1,3,75,75113,2,4,2,4,1
202300019180,31,1,2023,01:05,5,1,3,75,75113,2,4,2,1,1
202300019181,21,12,2023,17:45,1,2,7,78,78423,1,1,-1,1,2
202300019182,31,1,2023,17:55,2,1,3,75,75111,2,4,2,1,1
202300019183,30,1,2023,23:08,5,1,6,75,75108,2,4,2,1,1
202300019183,30,1,2023,23:08,5,1,6,75,75108,2,4,1,1,1
202300019184,29,1,2023,19:35,5,1,3,75,75107,2,4,2,1,1
202300019184,29,1,2023,19:35,5,1,3,75,75107,2,4,2,1,1
202300019185,21,12,2023,15:50,1,2,4,92,92025,1,1,1,1,2
202300019186,30,1,2023,19:55,5,1,6,75,75103,2,4,1,1,1
202300019186,30,1,2023,19:55,5,1,6,75,75103,2,4,1,1,1
202300019187,21,12,2023,08:50,1,2,3,78,78126,1,1,1,1,2
202300019188,31,1,2023,08:55,1,8,3,94,94033,2,3,2,2,1
202300019188,31,1,2023,08:55,1,8,3,94,94033,2,3,1,2,1
202300019189,31,1,2023,19:05,5,1,3,94,94054,2,3,2,1,1
202300019189,31,1,2023,19:05,5,1,3,94,94054,2,3,2,1,1
202300019190,31,1,2023,09:32,1,1,2,94,94077,2,3,2,1,1
202300019191,31,1,2023,14:30,1,1,6,93,93072,2,4,2,1,1
202300019191,31,1,2023,14:30,1,1,6,93,93072,2,4,2,1,1
202300019192,31,1,2023,13:55,1,1,3,93,93053,2,3,2,2,1
202300019192,31,1,2023,13:55,1,1,3,93,93053,2,3,1,1,1
202300019193,31,1,2023,13:05,1,8,6,93,93050,2,4,2,1,1
202300019194,31,1,2023,17:45,2,1,3,93,93048,2,3,1,1,1
202300019194,31,1,2023,17:45,2,1,3,93,93048,2,3,2,1,1
202300019195,31,1,2023,07:10,5,1,3,93,93048,2,3,2,1,2
202300019196,31,1,2023,10:10,1,1,2,93,93031,2,3,2,1,1
202300019196,31,1,2023,10:10,1,1,2,93,93031,2,3,2,1,1
202300019197,31,1,2023,14:05,1,1,6,92,92063,2,4,1,1,1
202300019198,30,1,2023,16:15,1,8,3,92,92077,2,4,1,1,1
202300019199,31,1,2023,19:36,5,1,1,92,92040,2,3,2,1,1
202300019200,31,1,2023,07:30,5,1,6,92,92023,2,3,2,1,1
202300019200,31,1,2023,07:30,5,1,6,92,92023,2,3,2,1,1
202300019201,31,1,2023,17:30,2,1,6,06,06031,1,3,3,1,1
202300019202,1,2,2023,15:50,1,1,6,31,31454,1,3,2,2,1
202300019203,31,1,2023,14:45,1,1,7,41,41245,1,1,-1,1,1
202300019204,1,2,2023,14:30,1,1,6,85,85109,2,4,-1,1,1
202300019205,1,2,2023,08:45,1,1,3,91,91553,2,3,3,1,1
202300019206,31,1,2023,17:00,1,1,1,51,51234,2,3,2,1,1
202300019207,31,1,2023,13:30,1,1,3,56,56204,2,3,2,1,1
202300019207,31,1,2023,13:30,1,1,3,56,56204,2,3,2,1,1
202300019208,31,1,2023,13:15,1,8,6,67,67434,2,4,1,2,1
202300019209,31,1,2023,17:45,1,1,3,76,76717,2,7,2,1,1
202300019209,31,1,2023,17:45,1,1,3,76,76717,2,7,2,1,1
202300019210,30,1,2023,10:05,1,1,6,2B,2B049,1,3,2,2,1
202300019211,31,1,2023,20:50,3,1,6,32,32457,1,3,2,2,1
202300019212,18,1,2023,16:15,1,1,6,61,61345,1,3,2,1,2
202300019213,1,2,2023,17:50,5,1,6,55,55291,2,4,2,1,1
202300019214,1,2,2023,12:28,1,1,6,49,49112,1,3,2,1,1
202300019215,1,1,2023,03:36,3,1,6,12,12288,1,3,2,2,2
202300019216,31,1,2023,18:40,3,1,3,47,47173,1,3,2,2,1
202300019216,31,1,2023,18:40,3,1,3,47,47173,1,3,2,1,1
202300019217,27,1,2023,16:40,1,1,6,44,44134,1,3,2,1,1
202300019218,31,1,2023,15:40,1,1,3,38,38240,1,3,2,1,1
202300019218,31,1,2023,15:40,1,1,3,38,38240,1,3,2,1,1
202300019219,1,2,2023,08:10,2,1,5,50,50598,1,3,2,2,1
202300019219,1,2,2023,08:10,2,1,5,50,50598,1,3,2,2,1
202300019220,1,2,2023,12:40,1,1,1,09,09189,1,2,2,2,1
202300019221,16,1,2023,18:15,3,3,3,40,40126,1,3,2,1,2
202300019222,1,2,2023,08:50,1,1,7,04,04231,1,3,2,1,1
202300019223,18,1,2023,09:45,1,4,3,27,27498,2,3,2,1,5
202300019224,1,2,2023,06:45,3,8,2,63,63311,1,1,3,2,1
202300019225,1,2,2023,08:40,1,1,6,06,06104,1,1,3,2,1
202300019226,30,1,2023,18:10,4,1,6,06,06088,1,1,3,1,1
202300019227,18,1,2023,07:20,5,9,1,49,49307,1,3,2,1,7
202300019228,31,1,2023,23:45,3,1,2,30,30333,1,1,3,2,1
202300019229,1,2,2023,01:10,3,1,4,69,69013,1,1,3,1,1
202300019230,31,1,2023,12:00,1,1,2,32,32091,1,3,2,1,1
202300019231,1,2,2023,10:30,1,1,6,24,24223,2,3,2,1,1
202300019232,21,1,2023,01:30,3,1,6,22,22210,1,3,2,2,2
202300019233,16,1,2023,19:00,3,8,7,27,27213,1,4,2,1,2
202300019234,1,2,2023,16:50,1,1,6,60,60612,2,3,2,1,1
202300019235,31,1,2023,11:05,1,1,7,59,59406,1,3,2,1,1
202300019236,1,2,2023,13:00,1,1,3,59,59011,2,7,2,1,1
202300019237,20,1,2023,04:50,5,1,2,69,69389,1,7,3,1,1
202300019238,30,1,2023,05:50,3,2,3,93,93064,1,1,3,3,2
202300019239,29,1,2023,22:45,3,1,6,95,95392,1,2,3,1,1
202300019240,31,1,2023,18:20,5,1,3,77,77294,1,1,-1,1,1
202300019241,31,1,2023,14:50,1,1,6,77,77181,1,1,1,1,1
202300019242,31,1,2023,12:00,1,2,5,94,94033,1,1,1,1,2
202300019243,29,1,2023,04:00,5,9,6,62,62019,2,3,1,2,9
202300019244,29,1,2023,19:43,5,1,6,10,10387,2,4,1,1,1
202300019244,29,1,2023,19:43,5,1,6,10,10387,2,4,1,1,1
202300019245,30,1,2023,11:20,1,1,2,973,97302,2,3,1,1,1
202300019246,30,1,2023,15:20,1,1,2,69,69386,2,4,1,1,1
202300019247,30,1,2023,09:45,1,1,2,69,69383,2,4,1,1,1
202300019247,30,1,2023,09:45,1,1,2,69,69383,2,4,1,1,1
202300019248,30,1,2023,07:00,1,1,2,972,97213,2,2,1,1,1
202300019249,30,1,2023,19:15,5,1,3,69,69384,2,4,2,1,1
202300019249,30,1,2023,19:15,5,1,3,69,69384,2,4,2,1,1
202300019250,29,1,2023,21:35,3,1,6,971,97101,2,3,2,1,1
202300019251,30,1,2023,16:10,1,1,2,971,97105,2,3,2,1,1
202300019252,30,1,2023,08:00,5,8,6,95,95288,2,3,3,1,1
202300019253,28,1,2023,10:25,1,1,3,91,91174,2,3,2,1,1
202300019254,28,1,2023,14:15,1,1,6,80,80021,2,4,2,1,1
202300019255,25,1,2023,07:05,5,1,2,80,80021,2,4,1,1,1
202300019256,30,1,2023,07:07,3,2,1,77,77358,1,2,2,1,2
202300019257,30,1,2023,16:40,1,1,6,76,76103,2,7,2,1,1
202300019257,30,1,2023,16:40,1,1,6,76,76103,2,7,2,1,1
202300019258,30,1,2023,21:00,5,1,6,69,69259,2,4,2,1,1
202300019259,28,1,2023,04:10,5,1,6,67,67218,2,4,2,1,1
202300019260,27,1,2023,14:00,1,1,2,67,67482,2,4,2,1,1
202300019261,27,1,2023,09:30,1,1,6,67,67482,2,4,2,1,1
202300019262,26,1,2023,20:50,5,1,3,67,67482,2,4,2,1,1
202300019262,26,1,2023,20:50,5,1,3,67,67482,2,4,2,1,1
202300019263,27,1,2023,20:03,5,1,3,66,66136,2,4,2,1,1
202300019263,27,1,2023,20:03,5,1,3,66,66136,2,4,2,1,1
202300019264,28,1,2023,17:14,1,1,3,64,64102,2,3,1,1,1
202300019265,28,1,2023,15:39,1,1,4,63,63113,2,7,3,1,1
202300019266,26,1,2023,07:40,5,2,3,59,59350,2,4,1,1,2
202300019267,30,1,2023,07:15,5,2,3,59,59350,2,4,3,1,2
202300019268,30,1,2023,20:45,5,1,6,59,59043,1,3,2,1,1
202300019269,27,1,2023,20:45,3,1,6,57,57221,1,3,2,1,1
202300019270,30,1,2023,06:45,5,2,3,54,54526,2,4,1,1,2
202300019270,30,1,2023,06:45,5,2,3,54,54526,2,4,2,1,2
202300019271,27,1,2023,18:50,5,1,6,54,54329,2,4,2,1,1
202300019272,30,1,2023,05:30,5,1,6,54,54580,2,3,2,1,1
202300019273,30,1,2023,08:38,1,1,6,47,47001,2,4,2,1,1
202300019274,30,1,2023,09:05,1,1,6,43,43157,2,4,3,1,1
202300019275,26,1,2023,12:25,1,1,6,39,39300,2,3,2,1,1
202300019276,30,1,2023,10:50,1,1,7,38,38563,2,4,2,2,1
202300019277,30,1,2023,18:40,5,1,6,38,38185,2,7,1,1,1
202300019278,16,10,2023,15:20,1,1,1,88,88077,2,3,2,1,1
202300019279,17,10,2023,08:13,1,1,2,03,03040,1,3,2,2,1
202300019279,17,10,2023,08:13,1,1,2,03,03040,1,3,2,4,1
202300019280,15,10,2023,20:25,3,1,5,73,73150,1,2,2,2,1
202300019281,14,10,2023,12:50,1,1,3,33,33366,2,3,2,1,1
202300019282,17,10,2023,08:35,1,1,3,60,60057,2,4,2,1,1
202300019283,16,10,2023,19:59,5,1,6,59,59126,2,3,2,1,1
202300019284,15,10,2023,17:23,1,1,3,13,13214,1,1,1,1,1
202300019285,16,10,2023,05:45,3,1,2,33,33039,1,1,3,1,1
202300019286,16,10,2023,07:08,3,1,6,91,91136,1,1,1,1,1
202300019287,16,10,2023,14:15,1,1,4,92,92036,1,1,1,1,1
202300019288,15,10,2023,21:15,3,1,5,78,78073,1,2,1,1,1
202300019289,16,10,2023,18:40,2,1,6,93,93007,1,1,3,1,1
202300019290,16,10,2023,09:50,1,1,3,94,94018,1,1,3,1,1
202300019291,16,10,2023,09:10,1,1,4,94,94022,1,1,3,1,1
202300019292,15,10,2023,00:05,3,1,4,94,94069,1,1,1,1,1
202300019293,2,7,2023,14:15,1,1,3,73,73270,1,3,2,2,1
202300019293,2,7,2023,14:15,1,1,3,73,73270,1,3,2,2,1
202300019294,9,7,2023,15:45,1,1,7,73,73023,1,3,2,1,1
202300019295,11,6,2023,17:45,1,3,6,73,73322,1,3,2,2,2
202300019296,4,6,2023,04:10,2,1,3,13,13097,1,2,1,1,1
202300019297,14,10,2023,23:45,5,1,6,973,97302,2,4,2,1,1
202300019297,14,10,2023,23:45,5,1,6,973,97302,2,4,1,1,1
202300019298,15,10,2023,21:36,5,1,3,69,69388,2,4,2,1,1
202300019299,15,10,2023,19:15,5,1,6,69,69387,2,4,2,1,1
202300019300,13,10,2023,22:20,5,1,2,972,97213,1,2,1,1,1
202300019301,14,10,2023,07:20,1,1,3,972,97213,1,2,3,1,1
202300019302,13,10,2023,22:40,5,1,2,972,97213,1,2,1,1,1
202300019303,15,10,2023,06:50,5,1,6,69,69382,2,4,1,1,1
202300019304,15,10,2023,18:23,5,1,3,971,97101,1,3,2,1,1
202300019304,15,10,2023,18:23,5,1,3,971,97101,1,3,2,4,1
202300019305,9,10,2023,11:35,1,1,2,971,97113,2,2,1,1,1
202300019306,15,10,2023,19:05,2,1,3,2A,2A004,2,4,2,2,1
202300019306,15,10,2023,19:05,2,1,3,2A,2A004,2,4,2,2,1
202300019307,15,10,2023,07:40,5,1,6,91,91692,2,4,2,1,1
202300019308,15,10,2023,22:50,5,1,7,91,91114,2,3,1,1,1
202300019309,15,10,2023,14:20,1,1,7,91,91097,2,4,-1,1,1
202300019310,14,10,2023,21:55,5,1,2,86,86194,2,3,1,2,1
202300019311,14,10,2023,14:40,1,1,3,86,86194,2,4,2,1,1
202300019312,15,10,2023,14:30,1,1,3,69,69266,2,4,2,4,1
202300019313,15,10,2023,17:50,1,1,3,67,67482,2,4,2,1,1
202300019313,15,10,2023,17:50,1,1,3,67,67482,2,4,3,1,1
202300019314,14,10,2023,13:15,1,2,2,67,67365,2,7,2,1,2
202300019315,19,8,2023,19:14,1,7,7,63,63063,1,7,1,1,1
202300019316,15,10,2023,20:20,5,1,6,62,62498,2,4,2,1,1
202300019317,15,10,2023,15:30,1,1,1,62,62193,2,4,2,1,1
202300019318,15,10,2023,12:05,1,1,2,49,49007,2,4,3,1,1
202300019319,15,10,2023,09:00,1,1,6,49,49007,2,4,2,1,1
202300019319,15,10,2023,09:00,1,1,6,49,49007,2,4,2,1,1
202300019320,15,10,2023,12:40,1,1,3,45,45302,1,3,2,1,1
202300019320,15,10,2023,12:40,1,1,3,45,45302,1,3,2,1,1
202300019321,28,8,2023,19:20,1,1,6,42,42218,2,4,4,3,1
202300019321,28,8,2023,19:20,1,1,6,42,42218,2,4,2,1,1
202300019322,15,10,2023,22:10,3,1,4,38,38151,1,1,1,1,1
202300019323,15,10,2023,06:30,5,1,3,37,37261,2,4,2,1,1
202300019323,15,10,2023,06:30,5,1,3,37,37261,2,4,3,1,1
202300019324,15,10,2023,02:30,5,1,1,34,34172,2,4,2,1,1
202300019325,15,10,2023,16:40,1,1,3,33,33069,2,4,2,1,1
202300019325,15,10,2023,16:40,1,1,3,33,33069,2,4,2,1,1
202300019326,15,10,2023,06:10,4,1,6,33,33318,2,4,2,1,1
202300019326,15,10,2023,06:10,4,1,6,33,33318,2,4,2,1,1
202300019327,15,10,2023,00:35,5,1,3,33,33063,2,4,2,1,1
202300019327,15,10,2023,00:35,5,1,3,33,33063,2,4,3,1,1
202300019328,15,10,2023,18:55,1,1,2,32,32013,2,2,2,1,1
202300019329,15,10,2023,14:50,1,1,3,13,13203,2,4,1,1,1
202300019330,15,10,2023,07:00,1,1,3,13,13203,2,4,2,2,1
202300019330,15,10,2023,07:00,1,1,3,13,13203,2,4,2,2,1
202300019331,15,10,2023,06:44,5,1,1,13,13213,2,4,2,1,1
202300019332,14,10,2023,16:50,1,1,2,13,13028,2,4,-1,1,1
202300019333,15,10,2023,05:40,5,1,3,06,06104,2,3,2,1,1
202300019334,15,10,2023,11:45,1,1,3,04,04070,2,2,2,2,1
202300019335,15,10,2023,06:30,5,1,2,75,75117,2,4,1,1,1
202300019335,15,10,2023,06:30,5,1,2,75,75117,2,4,1,2,1
202300019336,15,10,2023,01:40,5,1,2,75,75120,2,4,1,1,1
202300019336,15,10,2023,01:40,5,1,2,75,75120,2,4,1,1,1
202300019337,15,10,2023,14:30,1,1,3,75,75119,2,4,2,1,1
202300019337,15,10,2023,14:30,1,1,3,75,75119,2,4,1,1,1
202300019338,15,10,2023,14:45,1,1,7,75,75118,2,4,-1,1,1
202300019338,15,10,2023,14:45,1,1,7,75,75118,2,4,2,1,1
202300019339,15,10,2023,20:05,3,1,6,75,75116,2,4,2,1,1
202300019340,15,10,2023,01:05,5,1,2,75,75116,2,4,1,1,1
202300019341,15,10,2023,01:40,5,1,6,75,75112,2,4,2,1,1
202300019341,15,10,2023,01:40,5,1,6,75,75112,2,4,1,1,1
202300019342,15,10,2023,20:40,5,1,3,75,75107,2,4,1,1,1
202300019342,15,10,2023,20:40,5,1,3,75,75107,2,4,-1,1,1
202300019343,14,10,2023,23:33,5,1,3,94,94068,2,3,-1,1,1
202300019343,14,10,2023,23:33,5,1,3,94,94068,2,3,1,1,1
202300019344,15,10,2023,19:05,5,1,6,94,94076,2,4,2,1,1
202300019345,15,10,2023,14:00,1,1,3,94,94022,2,3,3,1,1
202300019345,15,10,2023,14:00,1,1,3,94,94022,2,3,1,1,1
202300019346,15,10,2023,09:55,1,1,3,94,94054,2,4,2,1,1
202300019347,15,10,2023,14:40,1,1,3,93,93072,2,3,2,1,1
202300019348,14,10,2023,17:20,1,1,3,93,93051,2,4,1,1,1
202300019348,14,10,2023,17:20,1,1,3,93,93051,2,4,1,1,1
202300019349,15,10,2023,14:09,1,1,6,93,93029,2,3,2,1,1
202300019349,15,10,2023,14:09,1,1,6,93,93029,2,3,1,1,1
202300019350,15,10,2023,18:30,5,1,3,93,93066,2,4,2,1,1
202300019351,15,10,2023,20:40,5,1,6,93,93010,2,4,2,1,1
202300019352,15,10,2023,09:15,1,1,7,93,93008,2,3,3,1,1
202300019353,15,10,2023,00:45,5,1,7,93,93007,2,4,2,1,1
202300019353,15,10,2023,00:45,5,1,7,93,93007,2,4,2,1,1
202300019354,15,10,2023,20:17,5,1,7,92,92072,2,3,-1,1,1
202300019355,15,10,2023,12:35,1,1,3,92,92063,2,3,1,1,1
202300019356,14,10,2023,21:38,5,1,6,92,92023,2,4,2,2,1
202300019356,14,10,2023,21:38,5,1,6,92,92023,2,4,2,1,1
202300019357,15,10,2023,19:10,2,1,7,92,92019,2,4,2,1,1
202300019358,15,10,2023,22:00,3,1,7,80,80498,1,3,2,1,1
202300019359,16,10,2023,13:00,1,1,1,87,87002,1,3,2,2,1
202300019360,15,10,2023,19:25,3,1,3,36,36013,1,3,2,1,1
202300019360,15,10,2023,19:25,3,1,3,36,36013,1,3,2,1,1
202300019361,15,10,2023,19:45,2,1,1,41,41167,2,3,2,1,1
202300019361,15,10,2023,19:45,2,1,1,41,41167,2,3,2,-1,-1
202300019362,16,10,2023,07:25,2,1,2,28,28018,1,1,3,2,1
202300019363,13,10,2023,05:40,3,1,2,83,83132,1,1,3,1,1
202300019364,15,10,2023,19:10,5,8,3,62,62571,2,3,2,1,1
202300019364,15,10,2023,19:10,5,8,3,62,62571,2,3,2,1,1
202300019365,16,10,2023,16:45,1,1,1,59,59082,1,3,2,1,1
202300019366,15,10,2023,12:35,1,1,3,44,44138,1,3,2,2,1
202300019366,15,10,2023,12:35,1,1,3,44,44138,1,3,2,1,1
202300019367,15,10,2023,06:10,2,1,3,83,83130,1,3,2,2,1
202300019367,15,10,2023,06:10,2,1,3,83,83130,1,3,2,1,1
202300019368,15,10,2023,12:35,1,1,3,32,32066,1,3,2,1,1
202300019368,15,10,2023,12:35,1,1,3,32,32066,1,3,2,1,1
202300019369,15,10,2023,16:15,1,8,1,63,63223,1,3,2,2,1
202300019370,6,10,2023,15:30,1,1,3,12,12210,1,3,2,1,1
202300019371,15,10,2023,16:00,1,1,1,68,68264,1,3,2,3,1
202300019371,15,10,2023,16:00,1,1,1,68,68264,1,3,-1,3,1
202300019372,15,10,2023,15:00,1,1,6,39,39470,1,3,2,2,1
202300019373,13,10,2023,14:30,1,1,1,25,25586,1,3,2,4,1
202300019374,15,10,2023,18:20,2,1,7,25,25328,1,2,2,2,1
202300019375,12,10,2023,11:17,1,1,2,31,31528,1,3,2,2,1
202300019376,15,10,2023,16:15,1,1,7,15,15223,2,3,2,2,1
202300019377,15,10,2023,18:50,2,8,3,01,01254,2,3,2,1,1
202300019378,16,10,2023,11:00,1,1,1,58,58243,1,3,2,2,1
202300019379,16,10,2023,08:30,1,7,6,54,54152,2,3,2,1,1
202300019380,14,10,2023,14:00,1,1,6,06,06073,1,9,2,2,1
202300019381,14,10,2023,14:10,1,1,6,06,06073,2,7,2,2,1
202300019382,16,10,2023,00:37,3,1,6,50,50604,1,3,2,1,1
202300019383,14,10,2023,15:20,1,1,3,50,50487,1,3,2,1,1
202300019384,15,10,2023,14:50,1,1,7,83,83046,1,3,2,1,1
202300019385,16,10,2023,16:50,1,1,1,07,07167,1,3,2,2,1
202300019386,15,10,2023,20:30,3,1,6,40,40333,1,3,2,1,1
202300019387,13,10,2023,21:00,3,2,2,85,85084,1,3,2,3,2
202300019388,16,10,2023,09:25,1,1,7,27,27425,2,4,2,2,1
202300019389,14,10,2023,19:40,3,1,2,37,37104,1,3,3,1,1
202300019390,15,10,2023,11:20,1,1,1,30,30083,2,2,2,1,1
202300019390,15,10,2023,11:20,1,1,1,30,30083,2,2,-1,1,-1
202300019391,15,10,2023,16:20,1,1,7,30,30182,1,3,2,1,1
202300019392,13,10,2023,14:55,1,1,6,88,88116,1,3,2,1,1
202300019393,14,10,2023,18:25,1,1,3,78,78455,2,4,2,2,1
202300019393,14,10,2023,18:25,1,1,3,78,78455,2,4,2,1,1
202300019394,14,10,2023,15:30,1,1,6,53,53108,1,1,3,1,1
202300019395,16,10,2023,14:45,1,8,1,06,06085,1,1,3,1,1
202300019396,12,10,2023,07:50,1,1,4,68,68084,2,4,2,1,1
202300019397,13,10,2023,14:00,1,1,1,986,98613,2,2,2,1,1
202300019398,16,10,2023,08:30,1,1,1,976,97607,1,2,2,1,1
202300019399,15,10,2023,18:20,2,1,3,973,97305,1,2,2,1,1
202300019399,15,10,2023,18:20,2,1,3,973,97305,1,2,1,1,1
202300019400,15,10,2023,15:45,1,1,1,13,13087,2,3,2,2,1
202300019401,3,10,2023,19:00,2,1,3,41,41130,1,3,2,1,1
202300019401,3,10,2023,19:00,2,1,3,41,41130,1,3,2,1,1
202300019402,15,10,2023,10:00,1,1,6,83,83068,2,3,-1,1,1
202300019403,12,10,2023,02:00,3,1,6,13,13066,1,3,2,1,1
202300019404,1,10,2023,21:10,3,1,7,25,25520,1,3,2,2,1
202300019405,15,10,2023,17:00,1,1,3,67,67112,1,3,2,1,1
202300019405,15,10,2023,17:00,1,1,3,67,67112,1,3,2,1,1
202300019406,13,10,2023,17:25,1,1,3,67,67540,1,3,2,1,1
202300019406,13,10,2023,17:25,1,1,3,67,67540,1,3,2,1,1
202300019407,15,10,2023,07:47,1,1,6,57,57645,1,3,3,1,1
202300019408,13,10,2023,05:45,5,1,6,57,57433,2,3,2,1,1
202300019409,15,10,2023,15:00,1,1,7,74,74154,1,4,2,1,1
202300019410,15,10,2023,16:20,1,1,6,44,44201,1,4,2,1,1
202300019411,15,10,2023,22:47,3,1,6,38,38135,1,3,2,1,2
202300019412,14,10,2023,10:30,1,1,7,32,32312,1,3,2,1,1
202300019413,15,10,2023,09:45,1,1,1,79,79319,1,3,2,1,1
202300019414,15,10,2023,19:20,2,1,1,22,22168,2,3,1,2,1
202300019414,15,10,2023,19:20,2,1,1,22,22168,2,3,2,1,1
202300019415,12,10,2023,05:45,3,3,3,27,27489,1,3,2,3,2
202300019415,12,10,2023,05:45,3,3,3,27,27489,1,3,2,1,2
202300019416,15,10,2023,19:20,5,1,2,69,69266,1,7,3,3,1
202300019417,13,10,2023,08:45,1,1,5,69,69091,1,1,3,1,1
202300019418,15,10,2023,04:34,3,1,2,91,91228,1,1,3,1,1
202300019419,15,10,2023,19:40,3,1,6,93,93007,1,1,3,1,1
202300019420,15,10,2023,15:30,1,1,5,93,93066,1,1,3,1,1
202300019421,14,10,2023,20:00,3,2,4,92,92036,1,1,3,1,2
202300019422,15,10,2023,20:30,3,1,3,94,94004,1,2,3,1,1