id_accident,jour,mois,annee,heure_minute,luminosite,meteo,type_collision,departement,commune,agglomeration,categorie_route,regime_circulation,profil_route,etat_surface
202300019423,15,10,2023,05:45,3,1,2,77,77373,1,2,3,1,2
202300019424,22,4,2023,15:50,1,2,6,29,29232,1,3,3,1,2
202300019425,12,10,2023,01:30,4,1,6,57,57463,2,4,2,1,1
202300019426,18,7,2023,20:35,1,1,7,62,62160,2,4,2,1,1
202300019427,22,4,2023,19:00,1,1,5,27,27681,2,4,2,1,1
202300019427,22,4,2023,19:00,1,1,5,27,27681,2,4,2,1,1
202300019428,22,5,2023,19:30,1,1,3,62,62160,2,3,3,2,1
202300019429,22,4,2023,20:35,3,2,6,25,25056,2,2,3,1,2
202300019430,16,5,2023,19:20,1,1,3,62,62758,2,4,2,1,1
202300019430,16,5,2023,19:20,1,1,3,62,62758,2,4,1,1,1
202300019431,22,4,2023,14:13,1,1,3,13,13205,2,4,1,1,1
202300019431,22,4,2023,14:13,1,1,3,13,13205,2,4,1,1,1
202300019432,14,10,2023,09:10,1,1,6,976,97611,2,4,1,1,1
202300019433,22,4,2023,19:45,1,1,2,05,05023,2,4,2,1,1
202300019434,21,4,2023,13:00,1,1,3,03,03190,2,4,1,4,1
202300019434,21,4,2023,13:00,1,1,3,03,03190,2,4,2,1,1
202300019435,14,10,2023,15:50,1,1,3,974,97416,1,4,2,1,1
202300019436,23,4,2023,15:40,1,2,6,75,75120,2,4,-1,1,2
202300019437,14,10,2023,14:30,1,1,6,973,97302,2,4,1,1,1
202300019438,23,4,2023,02:59,5,1,6,75,75105,2,4,2,1,1
202300019438,23,4,2023,02:59,5,1,6,75,75105,2,4,1,1,1
202300019439,14,10,2023,12:00,1,1,3,973,97302,2,4,2,1,1
202300019440,23,4,2023,22:30,5,1,3,75,75117,2,4,2,1,2
202300019440,23,4,2023,22:30,5,1,3,75,75117,2,4,-1,1,2
202300019441,14,10,2023,00:00,4,1,3,973,97302,2,3,2,1,1
202300019442,23,4,2023,01:50,5,1,6,75,75117,2,4,2,1,1
202300019442,23,4,2023,01:50,5,1,6,75,75117,2,4,1,1,1
202300019443,14,10,2023,17:15,1,1,3,69,69386,2,4,2,1,1
202300019443,14,10,2023,17:15,1,1,3,69,69386,2,4,1,1,1
202300019444,19,4,2023,11:40,1,1,3,75,75116,2,4,2,1,1
202300019444,19,4,2023,11:40,1,1,3,75,75116,2,4,-1,1,1
202300019445,23,4,2023,22:00,5,2,2,75,75115,2,4,2,1,2
202300019445,23,4,2023,22:00,5,2,2,75,75115,2,4,2,1,2
202300019446,14,10,2023,18:00,1,1,2,69,69034,2,7,1,1,1
202300019446,14,10,2023,18:00,1,1,2,69,69034,2,7,2,1,1
202300019447,23,4,2023,18:40,1,2,3,75,75115,2,4,-1,1,2
202300019447,23,4,2023,18:40,1,2,3,75,75115,2,4,-1,1,2
202300019448,13,10,2023,15:10,1,1,3,69,69202,2,7,2,1,1
202300019448,13,10,2023,15:10,1,1,3,69,69202,2,7,2,1,1
202300019449,22,4,2023,12:40,1,1,5,75,75113,2,4,1,1,2
202300019449,22,4,2023,12:40,1,1,5,75,75113,2,4,1,2,2
202300019450,14,10,2023,11:00,1,1,2,86,86194,2,4,-1,1,1
202300019451,23,4,2023,10:25,1,2,2,75,75112,2,4,1,1,2
202300019452,14,10,2023,19:35,5,1,7,84,84031,2,3,2,1,1
202300019453,23,4,2023,00:00,4,1,6,75,75112,2,4,2,1,1
202300019454,13,10,2023,23:13,5,1,4,83,83137,2,4,1,1,1
202300019455,23,4,2023,20:55,3,2,1,75,75111,2,4,2,1,2
202300019455,23,4,2023,20:55,3,2,1,75,75111,2,4,1,1,2
202300019456,23,4,2023,18:45,1,2,6,75,75101,2,4,1,1,2
202300019456,23,4,2023,18:45,1,2,6,75,75101,2,4,1,1,2
202300019457,14,10,2023,19:45,2,1,3,82,82121,2,4,2,1,1
202300019457,14,10,2023,19:45,2,1,3,82,82121,2,4,3,1,1
202300019458,23,4,2023,15:20,1,2,6,75,75104,2,4,2,1,2
202300019458,23,4,2023,15:20,1,2,6,75,75104,2,4,1,1,2
202300019459,13,10,2023,16:05,1,1,3,77,77333,2,3,2,1,1
202300019460,23,4,2023,13:29,1,2,5,75,75102,2,4,1,1,2
202300019460,23,4,2023,13:29,1,2,5,75,75102,2,4,2,1,2
202300019461,14,10,2023,19:15,5,1,6,71,71270,2,4,2,1,1
202300019462,22,4,2023,22:30,5,1,3,94,94081,2,4,2,1,1
202300019462,22,4,2023,22:30,5,1,3,94,94081,2,4,1,1,1
202300019463,14,10,2023,21:10,5,1,1,69,69266,2,4,1,2,1
202300019463,14,10,2023,21:10,5,1,1,69,69266,2,4,2,2,1
202300019464,23,4,2023,15:25,1,8,2,94,94028,2,4,1,1,2
202300019465,14,10,2023,19:20,5,1,1,69,69290,2,4,1,1,1
202300019466,14,10,2023,12:40,1,1,6,69,69259,2,4,2,1,1
202300019467,14,10,2023,06:00,3,8,7,69,69271,1,4,1,1,2
202300019468,23,4,2023,13:05,1,2,6,92,92049,2,3,1,1,2
202300019468,23,4,2023,13:05,1,2,6,92,92049,2,3,2,1,2
202300019469,23,4,2023,03:15,5,1,6,92,92044,2,4,3,1,1
202300019470,23,4,2023,18:26,1,2,6,92,92026,2,3,1,1,2
202300019471,23,4,2023,15:10,1,1,6,92,92014,2,3,1,2,1
202300019472,13,10,2023,09:45,1,1,7,68,68376,2,4,2,1,1
202300019473,23,4,2023,12:29,1,1,5,974,97415,1,3,2,2,1
202300019474,14,10,2023,01:40,3,1,1,67,67458,1,3,3,1,1
202300019475,22,4,2023,20:45,3,1,7,974,97415,1,2,3,1,1
202300019476,14,10,2023,10:20,1,8,6,64,64483,2,4,1,1,2
202300019477,14,10,2023,16:20,1,1,2,64,64445,2,4,2,1,1
202300019478,24,4,2023,07:00,1,1,5,976,97610,1,2,2,1,1
202300019479,14,10,2023,12:41,1,1,3,63,63113,2,4,2,1,1
202300019480,14,10,2023,03:20,5,1,1,63,63113,2,4,2,2,1
202300019481,23,4,2023,17:30,1,2,5,24,24462,1,3,2,1,2
202300019482,15,10,2023,00:20,5,8,1,62,62178,2,4,2,2,1
202300019483,10,10,2023,08:55,1,1,3,59,59172,2,3,2,1,1
202300019484,20,4,2023,13:15,1,1,3,40,40065,2,4,2,1,1
202300019484,20,4,2023,13:15,1,1,3,40,40065,2,4,-1,-1,-1
202300019485,13,10,2023,22:20,5,1,1,59,59033,2,3,1,1,1
202300019485,13,10,2023,22:20,5,1,1,59,59033,2,3,1,1,1
202300019486,14,10,2023,19:40,5,1,3,59,59378,2,4,2,1,1
202300019486,14,10,2023,19:40,5,1,3,59,59378,2,4,2,1,1
202300019487,24,4,2023,10:35,1,8,1,67,67073,1,3,2,1,2
202300019488,13,10,2023,22:30,5,1,3,59,59247,2,4,2,1,1
202300019489,23,4,2023,16:50,1,1,1,972,97206,1,3,2,1,1
202300019490,10,10,2023,17:00,1,1,3,54,54528,2,3,1,1,1
202300019490,10,10,2023,17:00,1,1,3,54,54528,2,3,1,1,1
202300019491,23,4,2023,17:00,1,1,6,64,64382,1,3,2,1,1
202300019492,23,4,2023,08:00,1,5,6,21,21223,1,7,2,1,2
202300019493,13,10,2023,16:50,1,1,1,51,51454,2,4,2,1,1
202300019493,13,10,2023,16:50,1,1,1,51,51454,2,4,2,1,1
202300019494,23,4,2023,15:10,1,3,6,62,62021,1,3,2,1,2
202300019495,23,4,2023,15:59,1,3,7,57,57554,1,3,2,3,2
202300019496,21,4,2023,17:00,1,1,6,80,80488,2,3,2,3,1
202300019497,14,10,2023,10:20,1,1,3,50,50129,2,3,3,1,1
202300019498,22,4,2023,11:50,1,2,7,32,32190,1,3,2,2,2
202300019499,15,10,2023,00:01,5,1,4,49,49007,2,4,2,1,1
202300019500,22,4,2023,16:40,1,2,1,32,32384,1,3,2,1,2
202300019501,13,10,2023,14:00,1,1,3,49,49007,2,4,2,1,1
202300019501,13,10,2023,14:00,1,1,3,49,49007,2,4,2,1,1
202300019502,24,4,2023,16:17,1,1,6,63,63195,2,4,2,1,1
202300019503,13,10,2023,12:00,1,1,6,48,48095,2,4,-1,3,9
202300019504,23,4,2023,15:21,1,1,3,63,63178,2,4,2,1,1
202300019504,23,4,2023,15:21,1,1,3,63,63178,2,4,2,1,1
202300019505,14,10,2023,03:14,5,1,1,38,38185,2,4,2,1,1
202300019506,24,4,2023,02:00,3,2,7,68,68139,1,3,2,1,2
202300019507,23,4,2023,17:50,1,1,1,22,22101,1,3,2,2,1
202300019508,14,10,2023,22:40,5,1,3,34,34172,2,4,2,1,1
202300019508,14,10,2023,22:40,5,1,3,34,34172,2,4,2,1,1
202300019509,24,4,2023,15:54,1,1,3,44,44212,1,3,2,1,1
202300019509,24,4,2023,15:54,1,1,3,44,44212,1,3,2,1,1
202300019510,14,10,2023,23:25,5,1,3,33,33063,2,4,2,1,1
202300019510,14,10,2023,23:25,5,1,3,33,33063,2,4,2,1,1
202300019511,23,4,2023,12:55,1,2,3,35,35302,1,3,2,1,2
202300019511,23,4,2023,12:55,1,2,3,35,35302,1,3,2,2,2
202300019512,13,4,2023,08:20,1,8,3,15,15169,2,3,2,2,2
202300019512,13,4,2023,08:20,1,8,3,15,15169,2,3,2,1,1
202300019513,24,4,2023,14:07,1,1,5,70,70245,1,2,2,1,1
202300019513,24,4,2023,14:07,1,1,5,70,70245,1,2,2,1,1
202300019513,24,4,2023,14:07,1,1,5,70,70245,1,2,2,1,1
202300019514,19,4,2023,15:30,1,7,3,70,70129,2,3,2,1,1
202300019514,19,4,2023,15:30,1,7,3,70,70129,2,3,2,1,1
202300019515,22,4,2023,12:40,1,1,6,26,26112,1,3,2,1,1
202300019516,24,4,2023,02:40,3,2,6,66,66167,2,2,2,2,2
202300019517,24,4,2023,02:50,5,1,7,64,64542,1,2,2,1,1
202300019518,23,4,2023,19:30,1,2,6,10,10426,1,3,2,1,2
202300019519,23,4,2023,18:20,1,3,1,88,88486,2,3,2,1,2
202300019520,4,7,2023,09:25,1,1,3,75,75113,2,4,1,1,1
202300019521,16,6,2023,12:40,1,1,3,75,75106,2,4,1,1,1
202300019521,16,6,2023,12:40,1,1,3,75,75106,2,4,1,1,1
202300019522,23,4,2023,22:20,5,1,6,06,06152,1,3,1,2,2
202300019523,4,7,2023,09:00,1,1,6,75,75119,2,4,2,1,1
202300019523,4,7,2023,09:00,1,1,6,75,75119,2,4,1,1,1
202300019524,22,4,2023,22:20,3,1,2,49,49167,1,1,3,1,1
202300019525,23,4,2023,13:25,1,1,1,34,34340,1,1,-1,1,1
202300019526,3,7,2023,20:00,1,1,5,75,75119,2,4,2,2,1
202300019526,3,7,2023,20:00,1,1,5,75,75119,2,4,1,2,1
202300019527,24,4,2023,08:00,1,1,1,17,17142,1,3,2,1,1
202300019528,4,7,2023,21:30,5,3,6,75,75117,2,4,2,1,2
202300019528,4,7,2023,21:30,5,3,6,75,75117,2,4,2,1,2
202300019529,24,4,2023,09:00,1,1,3,38,38067,1,3,2,1,1
202300019529,24,4,2023,09:00,1,1,3,38,38067,1,3,2,1,2
202300019530,4,7,2023,17:20,1,1,3,75,75117,2,4,2,1,1
202300019530,4,7,2023,17:20,1,1,3,75,75117,2,4,1,1,1
202300019531,24,4,2023,06:45,1,1,1,974,97403,1,3,2,2,1
202300019532,4,7,2023,08:50,1,1,2,75,75117,2,4,1,1,1
202300019532,4,7,2023,08:50,1,1,2,75,75117,2,4,1,1,1
202300019533,24,4,2023,13:20,1,1,3,77,77231,2,3,2,2,1
202300019534,4,7,2023,19:50,1,2,3,75,75116,2,4,3,1,2
202300019534,4,7,2023,19:50,1,2,3,75,75116,2,4,1,1,2
202300019535,24,4,2023,08:00,1,1,5,83,83065,1,3,2,2,1
202300019536,4,7,2023,09:20,1,1,1,75,75116,2,4,2,1,1
202300019536,4,7,2023,09:20,1,1,1,75,75116,2,4,2,1,1
202300019537,23,4,2023,19:30,1,2,1,13,13035,1,3,2,1,2
202300019538,4,7,2023,08:00,1,1,3,75,75116,2,4,2,1,1
202300019538,4,7,2023,08:00,1,1,3,75,75116,2,4,1,1,1
202300019539,24,4,2023,15:00,1,1,3,68,68154,2,3,2,1,1
202300019540,21,4,2023,02:20,3,1,7,67,67368,1,3,2,2,1
202300019541,4,7,2023,08:25,1,1,2,75,75116,2,4,2,1,1
202300019541,4,7,2023,08:25,1,1,2,75,75116,2,4,2,1,1
202300019542,3,7,2023,19:43,1,1,6,75,75115,2,4,-1,1,1
202300019542,3,7,2023,19:43,1,1,6,75,75115,2,4,2,1,1
202300019543,24,4,2023,13:25,1,1,5,33,33433,1,3,2,1,1
202300019544,4,7,2023,16:20,1,1,6,75,75114,2,9,1,1,1
202300019545,3,7,2023,16:15,1,1,6,75,75114,2,4,-1,1,1
202300019545,3,7,2023,16:15,1,1,6,75,75114,2,4,1,1,1
202300019546,21,4,2023,14:25,1,1,1,33,33436,1,3,2,1,1
202300019547,3,7,2023,12:15,1,1,6,75,75114,2,4,2,1,1
202300019547,3,7,2023,12:15,1,1,6,75,75114,2,4,-1,1,1
202300019548,23,4,2023,15:40,1,1,6,02,02186,2,4,2,2,1
202300019549,4,7,2023,09:20,1,1,3,75,75113,2,4,3,1,1
202300019550,23,4,2023,17:42,1,1,5,13,13033,1,1,1,1,1
202300019551,4,7,2023,12:40,1,1,3,75,75112,2,4,1,1,1
202300019552,18,4,2023,20:00,1,1,2,69,69256,2,2,1,3,1
202300019553,4,7,2023,09:23,1,7,1,75,75112,2,4,2,1,1
202300019554,4,7,2023,11:30,1,1,6,75,75110,2,4,2,1,1
202300019554,4,7,2023,11:30,1,1,6,75,75110,2,4,2,1,1
202300019555,23,4,2023,17:39,1,1,4,94,94034,1,1,1,1,1
202300019556,15,6,2023,14:20,1,1,1,94,94074,2,3,3,2,1
202300019556,15,6,2023,14:20,1,1,1,94,94074,2,3,2,1,1
202300019557,23,4,2023,16:45,1,1,2,91,91377,1,1,1,1,1
202300019558,3,7,2023,10:15,1,1,3,94,94043,2,3,3,1,1
202300019559,22,4,2023,11:50,1,2,6,91,91617,1,1,3,1,2
202300019560,2,7,2023,07:45,1,8,5,94,94002,2,4,2,1,1
202300019561,23,4,2023,11:10,1,1,7,91,91136,1,1,1,2,2
202300019562,23,4,2023,16:15,1,8,6,93,93027,1,1,1,2,2
202300019563,4,7,2023,16:00,1,2,3,93,93073,2,4,2,1,2
202300019563,4,7,2023,16:00,1,2,3,93,93073,2,4,2,1,2
202300019564,23,4,2023,11:00,1,8,2,93,93027,1,1,3,2,2
202300019565,3,7,2023,22:00,5,1,3,93,93078,2,3,3,1,1
202300019565,3,7,2023,22:00,5,1,3,93,93078,2,3,2,1,1
202300019566,23,4,2023,11:40,1,8,6,95,95582,1,1,1,2,2
202300019567,23,4,2023,12:25,1,8,6,93,93064,1,1,3,1,2
202300019568,4,7,2023,18:07,1,1,3,93,93070,2,3,2,1,1
202300019568,4,7,2023,18:07,1,1,3,93,93070,2,3,2,1,1
202300019569,15,6,2023,13:30,1,1,6,93,93066,2,4,2,1,1
202300019570,22,4,2023,23:17,3,1,5,95,95154,1,1,-1,1,1
202300019571,22,4,2023,07:30,1,3,6,93,93053,1,1,3,1,2
202300019572,4,7,2023,17:45,1,1,6,93,93048,2,4,1,2,1
202300019573,12,2,2023,20:10,5,1,6,69,69386,2,4,2,1,1
202300019574,3,7,2023,11:50,1,1,3,93,93030,2,3,2,1,1
202300019574,3,7,2023,11:50,1,1,3,93,93030,2,3,1,1,1
202300019575,21,4,2023,15:15,1,1,6,976,97611,2,4,2,1,1
202300019576,21,4,2023,14:15,1,1,6,976,97611,2,3,2,1,1
202300019577,4,7,2023,20:34,1,3,1,93,93005,2,3,2,1,2
202300019578,22,4,2023,02:15,3,1,3,974,97416,1,2,2,1,1
202300019579,4,7,2023,07:35,1,1,7,92,92073,2,3,2,1,1
202300019579,4,7,2023,07:35,1,1,7,92,92073,2,3,2,2,1
202300019580,21,4,2023,14:50,1,1,6,69,69383,2,4,1,1,1
202300019581,4,7,2023,16:15,1,1,3,92,92064,2,3,3,2,1
202300019582,3,7,2023,17:20,1,1,3,92,92049,2,3,2,1,1
202300019583,21,4,2023,02:00,5,1,3,69,69386,2,4,1,1,1
202300019583,21,4,2023,02:00,5,1,3,69,69386,2,4,1,1,1
202300019584,20,4,2023,23:30,5,1,6,2A,2A004,2,3,2,1,1
202300019585,4,7,2023,18:45,1,2,2,92,92048,2,3,1,1,2
202300019586,4,7,2023,15:40,1,2,3,92,92040,2,3,-1,2,2
202300019587,21,4,2023,14:30,1,1,6,91,91589,2,3,-1,1,1
202300019588,1,7,2023,20:15,1,1,3,92,92004,2,4,-1,1,1
202300019589,20,4,2023,13:43,1,1,7,86,86066,2,3,1,4,1
202300019590,5,7,2023,12:30,1,1,3,974,97415,2,3,2,2,1
202300019591,20,4,2023,09:15,1,1,6,83,83129,2,3,1,1,1
202300019592,4,7,2023,19:00,1,1,1,49,49244,1,3,2,1,2
202300019593,22,4,2023,00:40,5,1,7,79,79259,2,4,2,1,1
202300019594,2,7,2023,07:02,2,1,1,24,24462,1,3,2,2,1
202300019595,20,4,2023,19:05,1,1,2,79,79329,2,3,2,1,1
202300019595,20,4,2023,19:05,1,1,2,79,79329,2,3,2,1,1
202300019596,21,4,2023,14:20,1,1,1,78,78498,2,3,2,1,1
202300019596,21,4,2023,14:20,1,1,1,78,78498,2,3,2,1,1
202300019597,5,7,2023,01:15,3,1,6,52,52206,1,3,2,1,1
202300019598,21,4,2023,05:40,5,1,2,78,78672,2,3,2,4,1
202300019599,3,4,2023,16:15,1,1,3,76,76540,2,7,1,1,1
202300019600,4,7,2023,20:00,1,1,3,16,16204,1,3,2,1,1
202300019600,4,7,2023,20:00,1,1,3,16,16204,1,3,2,1,1
202300019601,21,4,2023,07:55,1,1,3,76,76681,2,4,2,1,1
202300019601,21,4,2023,07:55,1,1,3,76,76681,2,4,2,1,1
202300019602,5,7,2023,18:05,1,1,2,21,21665,1,1,1,1,1
202300019603,21,4,2023,08:55,1,1,6,76,76341,1,3,1,1,1
202300019603,21,4,2023,08:55,1,1,6,76,76341,1,3,1,1,1
202300019604,16,6,2023,20:00,1,7,3,69,69285,2,4,2,1,1
202300019604,16,6,2023,20:00,1,7,3,69,69285,2,4,2,1,1
202300019605,20,4,2023,02:10,5,1,3,76,76351,2,4,2,1,1
202300019605,20,4,2023,02:10,5,1,3,76,76351,2,4,2,1,1
202300019606,4,7,2023,14:37,1,1,4,21,21244,1,1,3,1,1
202300019607,20,4,2023,11:25,1,1,2,72,72181,2,4,-1,1,1
202300019607,20,4,2023,11:25,1,1,2,72,72181,2,4,-1,1,1
202300019608,4,7,2023,14:15,1,2,6,22,22193,1,2,3,1,2
202300019609,5,7,2023,06:40,1,1,2,22,22206,1,2,3,1,2
202300019610,19,4,2023,08:48,1,1,3,72,72181,2,4,2,1,1
202300019610,19,4,2023,08:48,1,1,3,72,72181,2,4,2,1,1
202300019611,19,4,2023,15:00,1,1,6,71,71270,2,4,2,1,1
202300019612,4,7,2023,07:20,1,1,3,26,26010,1,4,-1,1,1
202300019612,4,7,2023,07:20,1,1,3,26,26010,1,4,2,1,1
202300019613,21,4,2023,19:50,1,1,3,69,69286,2,4,2,1,1
202300019614,4,7,2023,17:15,1,1,3,30,30202,1,2,2,1,1
202300019615,21,4,2023,12:15,1,1,7,69,69264,2,3,2,1,1
202300019616,3,7,2023,18:00,1,1,7,19,19108,1,3,2,2,9
202300019617,21,4,2023,14:00,1,1,1,69,69276,2,7,2,1,1
202300019618,5,7,2023,15:30,1,1,6,56,56173,1,3,3,1,1
202300019619,2,7,2023,20:50,1,1,6,2A,2A085,1,2,2,2,1
202300019620,21,4,2023,09:05,1,8,3,69,69029,2,7,2,1,2
202300019620,21,4,2023,09:05,1,8,3,69,69029,2,7,2,1,2
202300019620,21,4,2023,09:05,1,8,3,69,69029,2,7,1,1,2
202300019621,21,4,2023,20:21,1,1,3,68,68066,2,4,2,1,1
202300019622,4,7,2023,14:45,1,1,1,80,80371,1,3,1,1,1
202300019623,5,7,2023,12:45,1,1,7,81,81101,1,2,3,1,1
202300019624,14,4,2023,22:29,5,1,6,67,67462,2,4,2,1,1
202300019624,14,4,2023,22:29,5,1,6,67,67462,2,4,1,1,1
202300019625,21,4,2023,21:05,3,1,6,64,64373,1,3,2,2,1
202300019626,4,7,2023,17:00,1,1,3,32,32410,2,3,2,1,1
202300019626,4,7,2023,17:00,1,1,3,32,32410,2,3,2,1,1
202300019627,21,4,2023,11:20,1,1,6,64,64348,1,4,2,1,1
202300019628,5,7,2023,04:00,3,1,6,71,71134,1,2,2,1,1
202300019629,4,7,2023,18:44,1,3,7,89,89390,1,4,-1,1,2
202300019630,20,4,2023,16:10,1,1,3,64,64445,2,4,1,1,1
202300019630,20,4,2023,16:10,1,1,3,64,64445,2,4,1,2,1
202300019631,21,4,2023,09:00,1,1,1,60,60057,2,4,1,1,1
202300019632,4,7,2023,17:15,1,1,1,46,46273,1,4,2,2,1
202300019633,21,4,2023,17:30,1,2,6,59,59295,2,4,2,2,2
202300019634,8,6,2023,08:45,1,1,1,44,44057,1,3,2,1,1
202300019635,21,4,2023,15:00,1,1,3,56,56098,2,4,2,1,1
202300019636,2,7,2023,05:00,3,1,7,38,38555,1,3,2,1,1
202300019637,21,4,2023,10:58,1,1,6,56,56121,2,4,1,1,1
202300019637,21,4,2023,10:58,1,1,6,56,56121,2,4,1,1,1
202300019638,4,7,2023,15:00,1,1,6,15,15187,2,3,3,1,1
202300019639,20,4,2023,19:30,1,1,3,56,56121,2,4,2,1,1
202300019639,20,4,2023,19:30,1,1,3,56,56121,2,4,2,3,1
202300019640,5,7,2023,09:50,1,1,3,26,26101,1,3,2,2,1
202300019641,13,4,2023,18:40,1,2,2,49,49328,2,4,2,1,2
202300019642,5,7,2023,20:00,1,1,7,54,54533,2,4,2,1,1
202300019643,2,7,2023,12:40,1,1,7,06,06073,1,7,2,2,1
202300019644,20,4,2023,23:18,3,1,3,49,49007,1,3,3,1,1
202300019645,22,6,2023,06:00,2,2,3,64,64191,2,3,2,-1,2
202300019645,22,6,2023,06:00,2,2,3,64,64191,2,3,2,1,2
202300019646,20,4,2023,19:00,1,1,1,37,37261,2,4,2,1,1
202300019647,5,7,2023,14:30,1,1,7,53,53224,1,3,2,2,1
202300019648,20,4,2023,16:55,1,1,6,37,37122,2,4,2,1,1
202300019649,5,6,2023,17:30,1,1,3,53,53267,1,3,2,2,1
202300019649,5,6,2023,17:30,1,1,3,53,53267,1,3,2,2,1
202300019650,21,4,2023,08:30,1,1,2,35,35238,2,4,2,1,1
202300019651,4,7,2023,17:10,1,1,2,24,24038,1,3,2,2,1
202300019652,21,4,2023,10:58,1,1,7,33,33529,2,3,-1,1,1
202300019653,3,7,2023,16:05,1,1,3,24,24224,1,2,2,1,1
202300019654,21,4,2023,09:35,1,1,6,33,33009,2,3,2,1,1
202300019655,4,7,2023,09:20,1,1,6,87,87054,1,3,2,1,1
202300019656,21,4,2023,19:10,1,1,3,29,29039,2,4,2,1,1
202300019656,21,4,2023,19:10,1,1,3,29,29039,2,4,2,2,1
202300019657,5,7,2023,16:25,1,1,1,87,87028,1,2,2,1,1
202300019658,20,4,2023,18:15,1,1,2,29,29019,2,4,2,2,1
202300019659,3,7,2023,08:57,1,1,3,10,10216,1,1,3,1,2
202300019660,3,7,2023,22:20,5,1,7,78,78455,2,4,1,1,1
202300019661,21,4,2023,10:10,1,1,6,27,27229,2,4,-1,2,1
202300019662,4,7,2023,16:35,1,1,3,06,06018,1,3,2,1,1
202300019663,21,4,2023,16:00,1,1,3,26,26198,2,4,2,1,1
202300019664,4,7,2023,20:30,1,2,7,91,91179,1,3,1,1,2
202300019665,21,4,2023,13:30,1,1,3,22,22187,2,4,2,1,1
202300019665,21,4,2023,13:30,1,1,3,22,22187,2,4,2,1,1
202300019666,4,7,2023,18:15,2,1,6,974,97418,1,4,2,2,1
202300019667,21,4,2023,10:58,1,1,2,18,18033,2,4,2,1,1
202300019668,4,7,2023,06:55,1,1,7,78,78615,2,4,2,1,8
202300019669,21,4,2023,19:40,2,1,1,13,13001,2,3,2,1,1
202300019669,21,4,2023,19:40,2,1,1,13,13001,2,3,2,1,1
202300019670,4,7,2023,16:30,1,1,3,2B,2B093,1,2,2,1,1
202300019671,21,4,2023,18:15,1,1,2,11,11069,1,3,2,1,1
202300019672,27,6,2023,23:41,3,1,6,2B,2B168,1,3,2,2,1
202300019673,21,4,2023,22:10,3,1,1,10,10325,2,4,2,1,1
202300019674,4,7,2023,23:30,3,1,2,2B,2B148,1,2,3,1,1
202300019675,21,4,2023,19:19,1,1,1,10,10387,2,4,2,1,1
202300019675,21,4,2023,19:19,1,1,1,10,10387,2,4,2,1,1
202300019676,4,7,2023,19:16,1,1,3,84,84129,2,6,-1,1,1
202300019677,4,7,2023,18:20,1,1,6,83,83065,1,3,2,1,9
202300019678,5,7,2023,19:30,1,1,7,58,58051,1,4,-1,1,1
202300019679,21,4,2023,19:30,1,1,5,07,07316,2,3,2,1,1
202300019680,15,6,2023,18:20,1,1,7,68,68069,2,3,2,1,1
202300019680,15,6,2023,18:20,1,1,7,68,68069,2,3,2,1,1
202300019681,17,4,2023,11:00,1,1,6,06,06155,2,3,2,1,1
202300019682,21,4,2023,20:00,2,1,2,75,75117,2,4,1,1,1
202300019683,5,7,2023,08:30,1,7,1,55,55366,1,3,2,1,1
202300019683,5,7,2023,08:30,1,7,1,55,55366,1,3,2,1,1
202300019684,4,7,2023,22:10,3,1,7,79,79049,1,3,2,1,1
202300019685,4,7,2023,14:50,1,1,6,17,17161,2,6,-1,1,1
202300019686,21,4,2023,02:45,5,1,2,75,75116,2,4,1,1,1
202300019687,20,4,2023,19:25,1,1,4,75,75112,2,4,1,1,1
202300019688,4,7,2023,19:40,1,3,4,17,17360,1,3,2,1,2
202300019689,5,7,2023,10:30,1,1,2,33,33366,1,3,2,1,1
202300019690,20,4,2023,18:55,1,1,3,75,75119,2,4,1,1,1
202300019691,25,6,2023,17:15,1,1,7,33,33439,1,3,2,1,1
202300019692,20,4,2023,17:30,1,1,2,75,75112,2,4,1,1,1
202300019693,12,6,2023,14:30,1,1,1,44,44110,1,4,2,1,1
202300019694,22,4,2023,06:18,3,2,6,75,75120,2,4,2,1,2
202300019694,22,4,2023,06:18,3,2,6,75,75120,2,4,2,1,2
202300019695,30,6,2023,15:55,1,1,3,44,44204,2,7,2,1,1
202300019696,22,4,2023,09:50,1,2,3,75,75119,2,4,1,1,2
202300019696,22,4,2023,09:50,1,2,3,75,75119,2,4,2,1,2
202300019697,4,7,2023,17:55,1,2,3,22,22389,2,3,2,1,2
202300019697,4,7,2023,17:55,1,2,3,22,22389,2,3,2,1,2
202300019698,22,4,2023,10:15,1,2,6,75,75119,2,4,-1,1,2
202300019698,22,4,2023,10:15,1,2,6,75,75119,2,4,1,1,2
202300019699,4,7,2023,17:30,1,1,2,13,13106,1,1,1,1,1
202300019700,22,4,2023,06:10,5,2,2,75,75118,2,4,1,2,2
202300019701,1,6,2023,06:23,2,1,2,69,69199,1,7,3,1,1
202300019702,21,4,2023,12:30,1,1,3,75,75117,2,4,1,1,1
202300019703,28,6,2023,17:55,1,1,3,42,42207,1,1,3,2,1
202300019704,22,4,2023,14:50,1,8,3,75,75108,2,4,1,1,1
202300019704,22,4,2023,14:50,1,8,3,75,75108,2,4,1,1,1
202300019705,29,6,2023,16:15,1,1,3,54,54357,1,1,3,1,1
202300019706,21,4,2023,23:10,5,1,6,75,75108,2,4,2,1,1
202300019707,4,7,2023,08:30,1,1,3,67,67152,1,7,3,3,1
202300019708,22,4,2023,17:55,1,1,1,75,75107,2,4,1,1,1
202300019708,22,4,2023,17:55,1,1,1,75,75107,2,4,1,1,1