id_accident,jour,mois,annee,heure_minute,luminosite,meteo,type_collision,departement,commune,agglomeration,categorie_route,regime_circulation,profil_route,etat_surface
202300019709,4,7,2023,17:30,1,1,6,94,94003,1,1,1,1,1
202300019710,22,4,2023,03:05,5,1,3,75,75107,2,4,2,1,1
202300019711,4,7,2023,09:30,1,1,2,91,91589,1,1,1,1,1
202300019712,21,4,2023,23:15,5,1,2,75,75102,2,4,1,1,1
202300019713,3,7,2023,23:10,5,1,6,94,94043,1,1,1,1,1
202300019714,2,7,2023,23:30,3,1,2,91,91340,1,2,-1,1,1
202300019715,22,4,2023,00:04,5,1,4,94,94028,2,3,3,2,1
202300019716,4,7,2023,06:30,1,1,6,78,78291,1,1,-1,1,1
202300019717,22,4,2023,10:30,1,3,6,93,93005,2,3,2,1,2
202300019718,3,7,2023,17:20,1,1,3,78,78043,1,1,-1,1,1
202300019719,22,4,2023,04:05,4,1,6,93,93053,2,3,2,2,1
202300019720,22,4,2023,15:20,1,1,3,93,93048,2,4,1,1,1
202300019721,14,6,2023,20:00,1,1,4,92,92064,1,1,1,1,1
202300019722,21,4,2023,13:05,1,1,6,93,93027,2,3,3,1,1
202300019723,22,4,2023,15:10,1,1,6,93,93010,2,4,2,1,1
202300019724,22,4,2023,01:40,5,1,6,93,93005,2,3,1,1,1
202300019724,22,4,2023,01:40,5,1,6,93,93005,2,3,2,1,1
202300019725,14,6,2023,08:50,1,1,2,78,78233,1,1,-1,1,1
202300019726,22,4,2023,14:40,1,1,6,92,92062,2,3,1,1,1
202300019727,4,7,2023,19:50,1,1,6,93,93005,1,1,3,2,1
202300019728,4,7,2023,17:15,1,1,2,93,93066,1,1,3,1,1
202300019729,21,4,2023,18:05,1,1,6,92,92002,2,4,1,1,1
202300019730,22,4,2023,10:20,1,2,3,60,60374,1,3,2,1,2
202300019730,22,4,2023,10:20,1,2,3,60,60374,1,3,2,1,2
202300019731,22,4,2023,09:20,1,1,1,35,35167,1,3,2,1,1
202300019732,4,7,2023,10:15,1,1,4,95,95500,1,1,3,1,1
202300019733,22,4,2023,18:35,1,1,6,14,14656,2,3,2,1,1
202300019734,3,7,2023,18:00,1,1,3,95,95572,1,2,3,1,1
202300019735,23,4,2023,12:30,1,1,6,2A,2A272,1,2,2,1,1
202300019736,22,4,2023,06:30,2,3,6,71,71348,1,3,2,1,2
202300019737,3,7,2023,17:00,1,1,2,95,95572,1,1,3,1,1
202300019738,23,4,2023,06:30,2,1,7,28,28403,1,1,3,1,1
202300019739,3,7,2023,09:00,1,1,3,95,95256,1,2,3,1,1
202300019740,16,4,2023,15:45,1,1,3,972,97231,1,3,2,1,1
202300019740,16,4,2023,15:45,1,1,3,972,97231,1,3,2,-1,-1
202300019741,3,7,2023,09:00,1,1,2,95,95018,1,1,3,1,1
202300019742,23,4,2023,00:40,3,1,1,83,83004,1,3,2,2,1
202300019743,23,4,2023,09:30,1,1,2,23,23247,1,2,3,1,1
202300019744,3,7,2023,01:00,3,1,6,93,93013,1,1,3,1,1
202300019745,19,4,2023,13:30,1,1,6,41,41114,1,1,1,1,1
202300019746,2,7,2023,18:30,1,1,2,95,95678,1,2,3,4,1
202300019747,22,4,2023,23:10,5,1,6,971,97109,1,2,3,2,1
202300019748,23,4,2023,03:10,3,1,2,79,79313,1,3,2,2,1
202300019749,4,7,2023,16:45,1,1,4,94,94028,1,1,1,2,1
202300019750,21,4,2023,19:46,1,1,2,37,37027,1,1,3,1,1
202300019751,3,7,2023,08:15,1,1,3,75,75112,1,1,3,1,1
202300019752,23,4,2023,01:59,3,1,3,61,61214,2,4,1,2,1
202300019752,23,4,2023,01:59,3,1,3,61,61214,2,4,3,3,1
202300019753,18,2,2023,01:30,3,1,6,39,39176,1,3,2,2,1
202300019754,22,4,2023,16:00,1,1,6,44,44131,2,4,-1,1,1
202300019755,23,4,2023,10:15,1,1,6,03,03138,2,3,3,2,1
202300019756,28,3,2023,16:10,1,1,3,88,88310,2,4,2,1,1
202300019756,28,3,2023,16:10,1,1,3,88,88310,2,4,2,2,1
202300019757,19,4,2023,14:05,1,1,1,01,01263,2,3,2,1,1
202300019758,3,7,2023,16:25,1,1,6,86,86194,2,3,-1,1,1
202300019758,3,7,2023,16:25,1,1,6,86,86194,2,3,2,1,1
202300019759,22,4,2023,23:00,3,1,7,58,58003,1,3,2,1,2
202300019760,3,7,2023,20:45,2,7,6,84,84087,2,4,2,1,1
202300019761,23,4,2023,13:10,1,1,1,66,66146,1,2,2,1,1
202300019762,22,4,2023,22:40,3,1,6,06,06079,2,4,2,1,1
202300019763,22,4,2023,19:10,1,1,7,14,14231,1,3,2,1,1
202300019764,3,7,2023,22:40,5,1,3,13,13005,2,4,2,1,1
202300019764,3,7,2023,22:40,5,1,3,13,13005,2,4,2,1,1
202300019765,23,4,2023,15:50,1,1,6,83,83020,1,3,2,1,1
202300019766,3,7,2023,08:00,1,1,3,75,75119,2,4,1,1,1
202300019766,3,7,2023,08:00,1,1,3,75,75119,2,4,-1,1,1
202300019767,22,4,2023,23:40,3,1,6,60,60518,1,3,2,1,1
202300019768,23,4,2023,12:20,1,2,7,10,10439,1,3,2,3,2
202300019769,23,4,2023,14:50,1,6,6,49,49138,1,1,3,1,2
202300019770,3,7,2023,16:20,1,1,3,988,98818,2,4,2,1,1
202300019771,22,4,2023,18:10,1,3,6,03,03220,1,1,1,1,2
202300019772,23,4,2023,13:50,1,2,6,42,42173,1,1,3,1,2
202300019773,3,7,2023,14:45,1,1,1,974,97416,2,4,2,1,1
202300019773,3,7,2023,14:45,1,1,1,974,97416,2,4,2,3,1
202300019774,22,4,2023,20:00,5,2,6,973,97311,2,4,2,1,2
202300019775,30,6,2023,08:45,1,1,4,974,97411,2,2,1,1,1
202300019776,23,4,2023,07:20,1,1,3,973,97305,1,2,2,1,1
202300019776,23,4,2023,07:20,1,1,3,973,97305,1,2,1,1,1
202300019777,23,4,2023,17:00,1,1,7,45,45096,1,3,2,1,1
202300019778,3,7,2023,08:45,1,1,6,973,97302,2,3,2,3,1
202300019778,3,7,2023,08:45,1,1,6,973,97302,2,3,2,1,1
202300019779,23,4,2023,15:00,1,2,7,91,91634,2,3,2,1,2
202300019780,23,4,2023,12:00,1,1,6,2A,2A041,1,2,-1,4,1
202300019781,3,7,2023,18:00,1,1,3,69,69387,2,4,1,1,1
202300019781,3,7,2023,18:00,1,1,3,69,69387,2,4,1,1,1
202300019782,22,4,2023,18:12,1,1,1,30,30211,1,3,2,1,1
202300019783,3,7,2023,12:30,1,1,3,69,69383,2,4,2,1,1
202300019783,3,7,2023,12:30,1,1,3,69,69383,2,4,2,1,1
202300019784,22,4,2023,02:10,3,1,1,30,30211,2,3,2,1,1
202300019785,4,8,2023,18:51,1,1,7,56,56121,2,4,2,1,1
202300019786,3,7,2023,05:00,2,2,2,972,97213,1,1,2,1,2
202300019787,2,7,2023,04:18,4,1,6,972,97209,1,2,2,3,1
202300019788,8,8,2023,19:15,1,1,1,54,54025,1,7,2,1,1
202300019789,2,7,2023,03:40,5,1,6,2B,2B037,1,2,2,1,1
202300019789,2,7,2023,03:40,5,1,6,2B,2B037,1,2,3,1,1
202300019790,8,8,2023,18:20,1,1,2,50,50218,2,4,2,1,1
202300019791,2,7,2023,18:50,5,1,6,971,97101,1,3,-1,2,1
202300019792,7,8,2023,20:45,1,1,3,49,49007,2,4,2,1,1
202300019792,7,8,2023,20:45,1,1,3,49,49007,2,4,2,1,1
202300019793,3,7,2023,13:15,1,1,3,91,91216,2,3,3,1,1
202300019794,7,8,2023,12:45,1,1,3,49,49007,2,1,3,1,1
202300019795,7,8,2023,09:25,1,1,3,49,49007,2,4,3,1,1
202300019795,7,8,2023,09:25,1,1,3,49,49007,2,4,1,1,1
202300019796,2,7,2023,22:10,5,1,3,87,87085,2,4,2,1,1
202300019797,1,7,2023,12:00,1,2,7,87,87085,2,4,2,2,2
202300019798,8,8,2023,18:00,1,1,3,43,43157,2,4,2,2,1
202300019798,8,8,2023,18:00,1,1,3,43,43157,2,4,2,2,1
202300019799,3,8,2023,17:40,1,1,6,42,42186,2,4,2,1,1
202300019800,3,7,2023,18:10,1,1,2,85,85191,2,4,1,1,1
202300019801,3,7,2023,20:50,2,1,3,83,83137,2,4,2,1,1
202300019802,7,8,2023,16:15,1,1,6,41,41018,2,4,2,1,1
202300019803,8,8,2023,16:15,1,1,3,35,35238,2,6,-1,2,1
202300019804,3,7,2023,20:40,2,1,3,76,76575,2,7,2,1,1
202300019804,3,7,2023,20:40,2,1,3,76,76575,2,7,2,1,1
202300019805,8,8,2023,13:45,1,1,3,35,35238,2,4,3,1,1
202300019806,3,7,2023,19:25,1,1,6,76,76157,2,7,2,1,1
202300019806,3,7,2023,19:25,1,1,6,76,76157,2,7,2,1,1
202300019807,2,7,2023,19:17,1,1,7,76,76305,1,3,1,1,9
202300019808,7,8,2023,17:30,1,1,3,35,35238,2,4,2,1,1
202300019808,7,8,2023,17:30,1,1,3,35,35238,2,4,1,1,1
202300019809,1,7,2023,12:50,1,7,1,76,76259,2,3,2,2,1
202300019810,8,8,2023,17:30,1,1,1,33,33529,2,4,2,1,1
202300019811,2,7,2023,18:35,1,1,3,72,72181,1,3,2,1,1
202300019812,8,8,2023,07:30,2,1,6,31,31555,2,4,2,1,1
202300019813,27,6,2023,08:50,1,1,3,68,68297,2,4,2,1,1
202300019814,7,8,2023,17:15,1,1,6,31,31555,2,7,2,2,1
202300019815,8,8,2023,22:04,5,1,7,28,28085,2,4,1,4,1
202300019816,3,7,2023,22:20,5,1,1,67,67482,2,4,2,1,1
202300019816,3,7,2023,22:20,5,1,1,67,67482,2,4,2,1,1
202300019817,8,8,2023,16:20,1,1,2,27,27229,2,4,1,1,1
202300019818,8,8,2023,11:55,1,7,6,26,26058,2,4,3,1,1
202300019819,30,6,2023,16:23,1,1,6,66,66136,2,4,2,1,1
202300019820,3,7,2023,10:10,1,1,2,64,64545,1,3,-1,1,1
202300019821,8,8,2023,11:00,1,1,3,13,13213,2,4,2,1,1
202300019821,8,8,2023,11:00,1,1,3,13,13213,2,4,2,1,1
202300019822,3,7,2023,15:58,1,1,3,63,63113,2,7,3,1,1
202300019823,7,8,2023,09:30,1,1,3,10,10297,2,3,2,2,1
202300019824,8,8,2023,15:45,1,1,6,06,06069,2,5,1,1,1
202300019825,3,7,2023,07:20,1,1,3,63,63032,2,4,2,2,1
202300019825,3,7,2023,07:20,1,1,3,63,63032,2,4,2,1,1
202300019826,8,8,2023,07:00,1,7,2,06,06123,2,4,2,2,1
202300019827,3,7,2023,22:06,5,1,7,57,57463,2,4,1,1,1
202300019828,4,8,2023,23:30,5,1,6,06,06155,2,3,1,1,1
202300019829,1,7,2023,22:15,5,1,3,56,56121,2,4,2,1,1
202300019829,1,7,2023,22:15,5,1,3,56,56121,2,4,2,1,1
202300019830,25,7,2023,14:27,1,1,3,05,05061,2,3,2,2,1
202300019830,25,7,2023,14:27,1,1,3,05,05061,2,3,1,2,1
202300019831,2,7,2023,10:40,1,1,6,56,56121,2,4,2,1,1
202300019831,2,7,2023,10:40,1,1,6,56,56121,2,4,2,1,1
202300019832,8,8,2023,18:35,1,1,3,75,75120,2,4,1,1,1
202300019833,2,7,2023,08:40,1,1,6,54,54395,2,4,2,1,1
202300019833,2,7,2023,08:40,1,1,6,54,54395,2,4,1,1,1
202300019834,2,7,2023,13:40,1,1,3,54,54329,2,4,2,1,1
202300019834,2,7,2023,13:40,1,1,3,54,54329,2,4,1,1,1
202300019835,6,8,2023,20:00,1,1,4,75,75114,2,4,1,1,1
202300019836,8,8,2023,18:05,1,1,1,75,75105,2,4,2,1,1
202300019837,1,7,2023,02:30,4,1,6,54,54329,2,4,2,1,1
202300019837,1,7,2023,02:30,4,1,6,54,54329,2,4,2,1,1
202300019838,8,8,2023,11:40,1,1,3,75,75120,2,4,3,2,1
202300019839,8,8,2023,00:25,5,1,3,75,75120,2,4,2,1,1
202300019839,8,8,2023,00:25,5,1,3,75,75120,2,4,2,2,1
202300019840,3,7,2023,16:45,1,1,3,51,51454,2,4,2,1,1
202300019840,3,7,2023,16:45,1,1,3,51,51454,2,4,2,1,1
202300019841,3,7,2023,08:45,1,1,6,51,51454,2,4,-1,1,1
202300019842,8,8,2023,21:00,2,1,6,75,75118,2,4,2,1,1
202300019842,8,8,2023,21:00,2,1,6,75,75118,2,4,2,1,1
202300019843,30,6,2023,19:19,1,1,7,49,49267,2,4,1,1,1
202300019844,8,8,2023,08:25,1,1,3,75,75117,2,4,2,1,1
202300019844,8,8,2023,08:25,1,1,3,75,75117,2,4,2,1,1
202300019845,1,7,2023,02:46,4,1,3,49,49267,2,4,2,1,1
202300019846,8,8,2023,10:30,1,1,2,75,75116,2,4,2,2,1
202300019846,8,8,2023,10:30,1,1,2,75,75116,2,4,2,1,1
202300019847,2,7,2023,20:34,1,1,2,49,49007,2,4,2,1,1
202300019847,2,7,2023,20:34,1,1,2,49,49007,2,4,2,1,1
202300019848,2,7,2023,23:15,3,1,6,44,44162,2,4,2,1,1
202300019849,8,8,2023,21:30,4,1,3,75,75113,2,4,1,1,1
202300019849,8,8,2023,21:30,4,1,3,75,75113,2,4,1,1,1
202300019850,3,7,2023,15:40,1,1,2,37,37122,1,7,3,1,1
202300019851,2,7,2023,10:39,1,1,1,37,37261,2,4,2,1,1
202300019852,8,8,2023,17:00,1,1,3,75,75101,2,4,2,1,1
202300019852,8,8,2023,17:00,1,1,3,75,75101,2,4,1,1,1
202300019853,3,7,2023,15:25,1,1,2,35,35051,1,2,3,1,1
202300019854,8,8,2023,14:06,1,1,1,94,94044,2,3,2,1,1
202300019855,3,7,2023,11:35,1,1,3,35,35238,2,4,2,2,1
202300019855,3,7,2023,11:35,1,1,3,35,35238,2,4,2,2,1
202300019856,8,8,2023,19:20,1,1,3,94,94068,2,4,2,1,1
202300019857,8,8,2023,01:25,5,1,6,94,94041,2,3,1,1,1
202300019858,2,7,2023,18:09,1,1,3,34,34172,2,4,1,1,1
202300019858,2,7,2023,18:09,1,1,3,34,34172,2,4,3,1,1
202300019859,8,8,2023,20:30,1,1,3,94,94076,2,3,2,1,1
202300019859,8,8,2023,20:30,1,1,3,94,94076,2,3,2,1,1
202300019860,4,7,2023,00:30,5,1,3,31,31555,2,7,2,1,1
202300019860,4,7,2023,00:30,5,1,3,31,31555,2,7,3,1,1
202300019861,21,7,2023,01:30,5,1,6,94,94028,2,3,2,1,1
202300019862,7,8,2023,18:00,1,1,6,94,94011,2,2,3,1,1
202300019863,2,7,2023,13:45,1,1,3,29,29019,2,4,-1,1,1
202300019863,2,7,2023,13:45,1,1,3,29,29019,2,4,-1,1,1
202300019864,8,8,2023,17:10,1,1,1,94,94002,2,4,1,1,1
202300019865,8,8,2023,12:20,1,1,6,93,93073,2,4,2,1,1
202300019866,3,7,2023,14:20,1,1,3,28,28134,2,4,2,1,1
202300019867,8,8,2023,02:00,3,1,6,93,93073,1,9,3,1,1
202300019867,8,8,2023,02:00,3,1,6,93,93073,1,9,2,1,1
202300019868,8,8,2023,01:15,5,1,6,93,93071,2,4,1,1,1
202300019869,5,8,2023,15:15,1,1,3,93,93070,2,3,2,1,1
202300019870,4,7,2023,00:00,3,1,6,25,25056,1,2,3,1,1
202300019871,8,8,2023,22:40,5,1,5,93,93066,2,3,3,1,1
202300019872,3,7,2023,13:50,1,8,3,25,25056,2,4,2,2,1
202300019873,8,8,2023,20:20,1,1,3,93,93064,2,3,2,1,1
202300019874,3,7,2023,07:50,1,1,3,22,22278,2,4,2,1,1
202300019874,3,7,2023,07:50,1,1,3,22,22278,2,4,2,1,1
202300019875,8,8,2023,08:00,1,1,3,93,93048,2,4,1,2,1
202300019876,29,6,2023,17:00,1,1,4,30,30032,1,3,2,1,1
202300019877,8,8,2023,09:45,1,1,3,93,93050,2,3,2,1,1
202300019878,3,7,2023,13:56,1,1,3,01,01053,2,4,2,2,1
202300019878,3,7,2023,13:56,1,1,3,01,01053,2,4,1,2,1
202300019879,7,8,2023,23:30,5,1,3,92,92051,2,2,3,1,1
202300019880,3,7,2023,08:45,1,1,2,75,75117,2,4,1,1,1
202300019881,8,8,2023,18:10,1,1,1,92,92050,2,3,-1,1,1
202300019882,2,7,2023,13:20,1,1,2,75,75116,2,4,1,1,1
202300019883,8,8,2023,18:26,1,1,2,92,92040,2,3,2,1,1
202300019883,8,8,2023,18:26,1,1,2,92,92040,2,3,2,1,1
202300019884,5,8,2023,20:45,1,1,3,92,92036,2,3,3,1,1
202300019885,3,7,2023,13:30,1,1,6,75,75114,2,4,2,2,1
202300019885,3,7,2023,13:30,1,1,6,75,75114,2,4,2,2,1
202300019886,8,8,2023,15:05,1,1,2,92,92024,2,3,1,1,1
202300019887,2,7,2023,08:19,1,1,1,75,75118,2,4,1,1,1
202300019887,2,7,2023,08:19,1,1,1,75,75118,2,4,1,1,1
202300019888,8,8,2023,02:22,5,1,3,92,92024,2,3,1,1,1
202300019888,8,8,2023,02:22,5,1,3,92,92024,2,3,1,1,1
202300019889,7,8,2023,12:10,1,1,2,92,92004,1,3,-1,1,1
202300019890,1,7,2023,02:30,5,2,3,75,75119,2,4,2,1,2
202300019891,30,5,2023,17:20,1,1,3,75,75107,2,4,1,1,1
202300019891,30,5,2023,17:20,1,1,3,75,75107,2,4,1,1,1
202300019892,3,7,2023,16:20,1,1,3,75,75116,2,4,-1,1,1
202300019892,3,7,2023,16:20,1,1,3,75,75116,2,4,2,1,1
202300019893,9,8,2023,04:11,3,1,6,95,95313,1,1,3,1,1
202300019894,3,7,2023,11:00,1,1,6,75,75114,2,4,-1,1,1
202300019894,3,7,2023,11:00,1,1,6,75,75114,2,4,1,1,1
202300019895,30,5,2023,14:55,1,1,3,75,75115,2,4,1,1,1
202300019895,30,5,2023,14:55,1,1,3,75,75115,2,4,1,1,1
202300019896,7,8,2023,12:01,1,1,7,2A,2A100,1,3,2,1,1
202300019897,3,7,2023,08:10,1,1,6,75,75114,2,4,-1,1,1
202300019897,3,7,2023,08:10,1,1,6,75,75114,2,4,2,2,1
202300019898,8,8,2023,06:40,1,1,7,2A,2A048,1,3,3,2,1
202300019899,30,5,2023,13:12,1,1,6,75,75106,2,4,1,1,1
202300019899,30,5,2023,13:12,1,1,6,75,75106,2,4,1,1,1
202300019900,15,6,2023,10:14,1,1,6,75,75112,2,4,1,2,1
202300019901,29,5,2023,22:40,5,1,3,75,75120,2,4,2,1,1
202300019902,8,8,2023,23:30,3,3,6,62,62613,1,3,2,1,2
202300019903,3,7,2023,14:00,1,1,3,75,75111,2,4,2,1,1
202300019903,3,7,2023,14:00,1,1,3,75,75111,2,4,2,1,1
202300019904,30,5,2023,10:10,1,1,3,75,75119,2,4,2,2,1
202300019904,30,5,2023,10:10,1,1,3,75,75119,2,4,-1,1,1
202300019905,2,7,2023,10:10,1,1,2,75,75111,2,4,1,1,1
202300019905,2,7,2023,10:10,1,1,2,75,75111,2,4,1,1,1
202300019906,5,8,2023,09:45,1,1,1,38,38019,2,2,2,2,1
202300019907,3,7,2023,15:15,1,1,3,94,94034,2,3,-1,1,1
202300019907,3,7,2023,15:15,1,1,3,94,94034,2,3,-1,2,1
202300019908,30,5,2023,09:45,1,1,3,75,75119,2,4,-1,1,1
202300019908,30,5,2023,09:45,1,1,3,75,75119,2,4,2,2,1
202300019909,3,7,2023,15:40,1,1,3,94,94021,2,3,1,1,1
202300019910,9,8,2023,05:30,3,1,4,28,28110,1,1,3,1,1
202300019911,30,5,2023,09:00,1,1,3,75,75119,2,4,-1,1,1
202300019911,30,5,2023,09:00,1,1,3,75,75119,2,4,2,1,1
202300019912,3,7,2023,18:55,1,1,3,94,94073,2,3,1,1,1
202300019912,3,7,2023,18:55,1,1,3,94,94073,2,3,1,1,1
202300019913,4,7,2023,18:00,1,1,6,68,68145,2,3,2,1,1
202300019914,29,5,2023,23:15,5,1,3,75,75119,2,4,1,1,1
202300019914,29,5,2023,23:15,5,1,3,75,75119,2,4,1,1,1
202300019915,2,7,2023,21:40,1,1,1,93,93073,2,3,2,1,1
202300019915,2,7,2023,21:40,1,1,1,93,93073,2,3,2,1,1
202300019916,9,8,2023,09:30,1,1,6,972,97201,2,2,2,2,1
202300019917,30,5,2023,16:40,1,1,6,75,75117,2,4,-1,1,1
202300019917,30,5,2023,16:40,1,1,6,75,75117,2,4,2,1,1
202300019918,10,6,2023,14:30,1,1,6,93,93001,2,4,2,1,1
202300019919,4,8,2023,13:30,1,1,1,11,11203,2,3,2,1,1
202300019920,3,7,2023,11:15,1,1,3,92,92025,2,3,2,1,1
202300019921,30,5,2023,08:50,1,1,3,75,75108,2,4,2,1,1
202300019921,30,5,2023,08:50,1,1,3,75,75108,2,4,-1,1,1
202300019922,3,7,2023,08:39,1,1,7,92,92014,2,3,1,1,1
202300019923,8,8,2023,18:10,1,1,7,68,68300,1,3,2,1,1
202300019924,30,5,2023,14:20,1,1,3,75,75115,2,4,-1,1,1
202300019924,30,5,2023,14:20,1,1,3,75,75115,2,4,1,1,1
202300019925,2,7,2023,12:15,1,1,6,35,35013,1,3,2,3,1
202300019926,22,7,2023,05:00,1,1,3,62,62866,2,3,2,1,1
202300019926,22,7,2023,05:00,1,1,3,62,62866,2,3,1,1,1
202300019927,30,5,2023,13:00,1,1,6,75,75115,2,4,-1,1,1
202300019927,30,5,2023,13:00,1,1,6,75,75115,2,4,2,1,1
202300019928,3,7,2023,08:20,1,1,1,81,81064,1,3,2,1,1
202300019929,30,5,2023,09:45,1,1,6,75,75115,2,4,2,1,1
202300019929,30,5,2023,09:45,1,1,6,75,75115,2,4,2,1,1
202300019930,4,7,2023,12:00,1,1,1,2A,2A272,1,3,2,1,1
202300019931,9,8,2023,17:15,1,1,3,60,60358,1,3,2,1,1
202300019932,4,7,2023,04:42,2,1,6,67,67222,2,3,2,1,1
202300019932,4,7,2023,04:42,2,1,6,67,67222,2,3,2,1,1
202300019933,4,8,2023,11:00,1,1,7,62,62770,1,4,2,1,3
202300019934,29,5,2023,01:20,5,1,2,75,75115,2,4,2,1,1
202300019934,29,5,2023,01:20,5,1,2,75,75115,2,4,1,1,1
202300019935,4,7,2023,17:15,1,1,2,87,87154,2,2,3,3,1
202300019936,6,8,2023,17:50,1,1,2,56,56168,1,3,3,1,1
202300019937,30,5,2023,09:20,1,1,6,75,75114,2,4,-1,1,1
202300019937,30,5,2023,09:20,1,1,6,75,75114,2,4,1,2,1
202300019938,4,7,2023,16:02,1,3,6,21,21599,1,1,3,2,2
202300019939,29,5,2023,17:00,1,1,6,75,75114,2,4,2,1,1
202300019939,29,5,2023,17:00,1,1,6,75,75114,2,4,1,1,1
202300019940,9,8,2023,11:08,1,1,3,76,76014,2,3,2,1,1
202300019940,9,8,2023,11:08,1,1,3,76,76014,2,3,2,1,1
202300019941,8,8,2023,16:15,1,1,2,76,76508,2,4,2,1,1
202300019942,30,5,2023,19:40,1,1,3,75,75111,2,4,2,1,1
202300019942,30,5,2023,19:40,1,1,3,75,75111,2,4,-1,1,1
202300019943,16,11,2023,22:20,5,3,3,75,75116,2,4,1,1,2
202300019943,16,11,2023,22:20,5,3,3,75,75116,2,4,1,1,2
202300019944,8,8,2023,11:45,1,1,6,79,79008,1,2,2,1,1
202300019945,30,5,2023,10:10,1,1,7,75,75110,2,4,-1,1,1
202300019945,30,5,2023,10:10,1,1,7,75,75110,2,4,2,1,1
202300019946,17,11,2023,14:20,1,1,6,75,75115,2,4,2,1,1
202300019947,8,8,2023,17:10,1,1,5,79,79109,2,4,2,1,1
202300019948,17,11,2023,09:30,1,2,6,75,75115,2,4,1,1,2
202300019948,17,11,2023,09:30,1,2,6,75,75115,2,4,1,1,2
202300019949,30,5,2023,16:50,1,1,2,75,75116,2,4,2,1,1
202300019949,30,5,2023,16:50,1,1,2,75,75116,2,4,2,1,1
202300019950,9,8,2023,14:15,1,1,6,2B,2B207,1,3,2,1,1
202300019951,30,5,2023,09:40,1,1,6,75,75107,2,4,2,1,1
202300019952,9,8,2023,12:30,1,1,3,2B,2B319,1,2,2,1,1
202300019953,16,11,2023,11:50,1,3,3,75,75115,2,4,2,1,2
202300019953,16,11,2023,11:50,1,3,3,75,75115,2,4,2,1,2
202300019954,2,6,2023,15:45,1,1,6,94,94037,2,4,1,1,1
202300019954,2,6,2023,15:45,1,1,6,94,94037,2,4,2,1,1
202300019955,8,8,2023,18:45,1,1,3,65,65123,1,3,2,2,1
202300019956,17,11,2023,12:56,1,3,6,75,75115,2,4,2,1,2
202300019956,17,11,2023,12:56,1,3,6,75,75115,2,4,1,1,2
202300019957,9,8,2023,09:45,1,1,6,65,65029,1,3,2,1,1
202300019958,30,5,2023,20:30,2,1,2,94,94073,2,4,2,1,1
202300019959,17,11,2023,01:45,5,2,3,75,75107,2,4,3,1,2
202300019959,17,11,2023,01:45,5,2,3,75,75107,2,4,3,1,2
202300019960,9,8,2023,13:00,1,1,1,32,32296,2,3,2,1,1
202300019961,29,5,2023,22:30,5,1,3,94,94019,2,3,2,1,1
202300019962,8,8,2023,09:55,1,8,6,76,76255,2,3,2,2,1
202300019963,17,11,2023,16:20,1,8,3,75,75113,2,4,2,2,2
202300019963,17,11,2023,16:20,1,8,3,75,75113,2,4,2,1,2
202300019964,30,5,2023,17:20,1,1,2,94,94017,2,3,2,2,1
202300019965,9,8,2023,17:53,1,1,5,12,12103,1,3,2,1,1
202300019966,17,11,2023,18:10,3,8,3,75,75111,2,4,1,1,2
202300019967,30,5,2023,19:00,1,1,3,94,94071,2,3,2,1,1
202300019967,30,5,2023,19:00,1,1,3,94,94071,2,3,2,1,1
202300019968,9,8,2023,13:35,1,7,3,46,46215,1,3,2,2,1
202300019969,29,5,2023,22:40,5,1,6,93,93072,2,4,1,1,1
202300019969,29,5,2023,22:40,5,1,6,93,93072,2,4,2,1,1
202300019970,17,11,2023,15:38,1,1,3,75,75110,2,4,1,1,1
202300019970,17,11,2023,15:38,1,1,3,75,75110,2,4,1,1,1
202300019971,9,8,2023,12:20,1,1,2,46,46334,1,3,2,1,1
202300019972,30,5,2023,17:40,1,1,1,93,93031,2,3,2,1,1
202300019973,17,11,2023,18:50,5,1,6,75,75108,2,4,1,2,1
202300019973,17,11,2023,18:50,5,1,6,75,75108,2,4,-1,1,1
202300019974,19,7,2023,15:45,1,1,1,46,46257,1,3,2,1,1
202300019974,19,7,2023,15:45,1,1,1,46,46257,1,3,2,-1,1
202300019975,30,5,2023,09:15,1,1,2,93,93053,2,3,3,1,1
202300019975,30,5,2023,09:15,1,1,2,93,93053,2,3,3,1,1
202300019976,9,8,2023,00:45,3,1,6,22,22152,1,3,2,1,1
202300019977,17,11,2023,11:30,1,8,2,75,75117,2,4,1,1,2
202300019977,17,11,2023,11:30,1,8,2,75,75117,2,4,1,1,2
202300019978,30,5,2023,11:35,1,1,6,93,93051,2,4,2,1,1
202300019979,17,11,2023,17:50,2,1,2,75,75114,2,4,2,1,1
202300019980,7,8,2023,11:50,1,1,3,35,35010,1,3,2,4,1
202300019980,7,8,2023,11:50,1,1,3,35,35010,1,3,2,3,1
202300019981,30,5,2023,12:20,1,1,3,93,93027,2,3,1,1,1
202300019981,30,5,2023,12:20,1,1,3,93,93027,2,3,2,1,1
202300019982,17,11,2023,12:55,1,3,7,75,75107,2,4,2,1,2
202300019982,17,11,2023,12:55,1,3,7,75,75107,2,4,2,1,2
202300019983,9,8,2023,14:15,1,1,3,15,15028,1,3,2,1,1
202300019984,30,5,2023,08:00,1,1,2,92,92073,2,3,1,1,1
202300019985,17,11,2023,18:25,5,1,6,75,75104,2,4,1,1,1
202300019985,17,11,2023,18:25,5,1,6,75,75104,2,4,1,1,1
202300019986,9,8,2023,03:55,5,1,3,01,01303,2,3,2,1,1
202300019986,9,8,2023,03:55,5,1,3,01,01303,2,3,2,1,1
202300019987,29,5,2023,18:41,1,1,3,92,92072,2,4,1,1,1
202300019987,29,5,2023,18:41,1,1,3,92,92072,2,4,4,1,1
202300019988,17,11,2023,13:40,1,1,2,75,75104,2,4,2,1,2