id_accident,jour,mois,annee,heure_minute,luminosite,meteo,type_collision,departement,commune,agglomeration,categorie_route,regime_circulation,profil_route,etat_surface
202300019988,17,11,2023,13:40,1,1,2,75,75104,2,4,1,1,2
202300019989,29,5,2023,14:15,1,1,6,92,92022,2,4,3,2,1
202300019990,17,11,2023,09:40,1,1,3,75,75102,2,4,1,1,2
202300019991,8,8,2023,18:55,1,1,5,01,01246,2,3,2,1,1
202300019992,9,8,2023,16:30,1,1,1,66,66095,1,2,2,1,1
202300019993,30,5,2023,10:00,1,1,5,92,92040,2,3,2,1,1
202300019994,17,11,2023,08:20,1,8,3,75,75104,2,4,2,1,2
202300019994,17,11,2023,08:20,1,8,3,75,75104,2,4,1,1,2
202300019995,26,5,2023,20:15,1,1,1,92,92036,2,4,2,1,1
202300019996,9,8,2023,14:28,1,1,1,50,50410,1,2,2,1,1
202300019997,17,11,2023,14:40,1,1,2,94,94058,2,3,2,1,2
202300019997,17,11,2023,14:40,1,1,2,94,94058,2,3,1,1,2
202300019998,29,7,2023,20:00,1,8,6,09,09120,1,3,2,2,1
202300019999,30,5,2023,19:08,1,1,1,92,92035,2,3,2,1,1
202300020000,8,8,2023,20:15,1,1,2,07,07201,1,3,3,1,1
202300020001,17,11,2023,10:20,1,2,3,94,94076,2,3,1,2,2
202300020001,17,11,2023,10:20,1,2,3,94,94076,2,3,1,2,2
202300020002,30,5,2023,18:00,1,1,6,92,92026,2,3,-1,1,1
202300020003,28,7,2023,11:40,1,1,3,40,40273,2,3,2,1,1
202300020004,28,7,2023,16:00,1,3,7,37,37132,2,3,2,1,2
202300020005,16,11,2023,13:20,1,3,6,94,94076,2,3,2,1,3
202300020005,16,11,2023,13:20,1,3,6,94,94076,2,3,2,1,3
202300020006,27,5,2023,20:45,1,1,3,92,92025,2,3,3,1,1
202300020006,27,5,2023,20:45,1,1,3,92,92025,2,3,2,1,1
202300020007,17,11,2023,21:20,5,2,6,94,94037,2,3,2,1,2
202300020008,8,8,2023,17:45,1,1,3,30,30061,1,3,2,1,1
202300020008,8,8,2023,17:45,1,1,3,30,30061,1,3,2,1,1
202300020009,8,8,2023,16:00,1,1,6,48,48146,1,3,2,2,1
202300020010,29,5,2023,00:15,5,1,2,92,92024,2,3,1,1,1
202300020010,29,5,2023,00:15,5,1,2,92,92024,2,3,2,1,1
202300020011,8,8,2023,18:20,1,1,7,48,48027,1,3,2,2,1
202300020012,16,11,2023,23:15,5,2,3,94,94041,2,3,2,1,2
202300020012,16,11,2023,23:15,5,2,3,94,94041,2,3,1,1,2
202300020013,9,8,2023,19:10,1,1,7,53,53262,1,1,3,1,1
202300020014,30,5,2023,08:15,1,1,2,92,92012,2,3,3,1,1
202300020015,16,11,2023,06:40,5,3,1,94,94081,2,3,2,1,2
202300020015,16,11,2023,06:40,5,3,1,94,94081,2,3,2,2,2
202300020016,6,8,2023,16:04,1,1,2,89,89341,1,1,3,1,1
202300020017,18,5,2023,21:00,1,1,3,92,92004,2,3,-1,1,1
202300020018,17,11,2023,10:25,1,2,3,94,94073,1,6,-1,1,2
202300020019,17,11,2023,14:25,1,1,3,94,94028,2,3,-1,1,1
202300020019,17,11,2023,14:25,1,1,3,94,94028,2,3,1,1,1
202300020020,8,8,2023,17:27,1,1,2,13,13001,1,1,1,1,1
202300020021,30,5,2023,13:15,1,1,6,92,92002,2,3,2,1,1
202300020021,30,5,2023,13:15,1,1,6,92,92002,2,3,2,1,1
202300020022,9,8,2023,14:34,1,1,2,45,45053,1,3,2,1,1
202300020023,17,11,2023,18:40,5,2,3,94,94068,2,4,2,1,2
202300020024,31,5,2023,14:45,1,1,3,60,60406,2,3,2,1,1
202300020024,31,5,2023,14:45,1,1,3,60,60406,2,3,2,1,1
202300020025,9,8,2023,10:50,1,1,2,11,11262,1,1,1,1,1
202300020026,15,11,2023,20:18,5,1,1,94,94055,2,3,-1,2,1
202300020026,15,11,2023,20:18,5,1,1,94,94055,2,3,-1,2,1
202300020027,8,8,2023,16:20,1,1,5,971,97110,1,3,2,2,1
202300020028,31,5,2023,09:40,1,1,3,12,12140,1,3,2,1,1
202300020028,31,5,2023,09:40,1,1,3,12,12140,1,3,2,1,1
202300020029,17,11,2023,09:20,1,1,3,93,93070,2,4,1,1,2
202300020029,17,11,2023,09:20,1,1,3,93,93070,2,4,2,1,2
202300020030,8,8,2023,21:50,5,1,3,77,77354,1,3,2,1,1
202300020030,8,8,2023,21:50,5,1,3,77,77354,1,3,2,1,1
202300020031,31,5,2023,07:25,1,1,1,84,84088,1,3,2,1,1
202300020032,17,11,2023,14:40,1,1,5,93,93062,2,4,2,2,1
202300020032,17,11,2023,14:40,1,1,5,93,93062,2,4,2,1,1
202300020033,8,8,2023,18:40,1,1,2,95,95351,1,3,3,1,1
202300020034,30,5,2023,18:35,1,1,3,95,95452,2,3,2,1,1
202300020035,7,8,2023,06:20,1,1,2,2B,2B168,2,2,2,2,1
202300020036,17,11,2023,09:25,1,2,1,93,93051,2,3,1,2,2
202300020036,17,11,2023,09:25,1,2,1,93,93051,2,3,3,1,2
202300020037,29,5,2023,11:50,1,1,7,51,51204,2,4,2,1,1
202300020037,29,5,2023,11:50,1,1,7,51,51204,2,4,2,1,1
202300020038,7,8,2023,12:00,1,1,3,83,83042,1,3,2,1,1
202300020039,17,11,2023,14:25,1,1,6,93,93050,2,3,2,1,2
202300020040,31,5,2023,08:40,1,1,2,56,56165,1,2,3,1,1
202300020041,8,8,2023,17:40,1,1,1,83,83068,2,3,2,1,1
202300020042,17,11,2023,03:30,5,2,6,93,93050,2,3,3,1,2
202300020043,16,11,2023,06:35,5,3,1,93,93045,2,3,2,1,2
202300020043,16,11,2023,06:35,5,3,1,93,93045,2,3,1,1,2
202300020044,8,8,2023,16:15,1,1,1,73,73034,1,3,2,1,1
202300020045,17,11,2023,18:43,5,1,6,93,93031,2,4,2,1,2
202300020046,30,5,2023,17:20,1,1,2,77,77066,1,2,2,1,1
202300020046,30,5,2023,17:20,1,1,2,77,77066,1,2,2,1,1
202300020047,17,11,2023,14:30,1,8,1,93,93046,1,3,2,1,2
202300020048,31,5,2023,07:45,1,1,1,76,76100,1,3,-1,1,1
202300020048,31,5,2023,07:45,1,1,1,76,76100,1,3,2,1,1
202300020049,9,8,2023,08:50,1,1,7,65,65335,1,3,2,1,1
202300020049,9,8,2023,08:50,1,1,7,65,65335,1,3,2,1,1
202300020050,8,8,2023,20:00,1,1,6,19,19098,1,3,2,2,1
202300020051,16,11,2023,15:10,1,3,6,93,93057,2,3,2,1,2
202300020051,16,11,2023,15:10,1,3,6,93,93057,2,3,1,1,2
202300020052,31,5,2023,12:32,1,1,1,79,79031,1,3,2,1,1
202300020053,8,8,2023,17:18,1,1,6,40,40244,1,3,2,1,1
202300020054,17,11,2023,13:25,1,1,1,93,93008,2,3,2,1,2
202300020055,24,5,2023,12:35,1,1,2,2B,2B123,1,2,2,1,1
202300020056,9,8,2023,12:15,1,1,3,33,33554,2,3,2,4,1
202300020057,17,11,2023,13:00,1,1,3,93,93007,2,3,2,1,2
202300020058,30,5,2023,16:50,1,7,1,80,80288,1,3,2,1,1
202300020059,8,8,2023,16:10,1,1,6,56,56176,1,3,2,4,1
202300020060,17,11,2023,17:05,2,2,3,93,93005,2,4,1,1,2
202300020061,30,5,2023,17:30,1,1,3,32,32227,1,3,2,1,1
202300020062,8,8,2023,11:40,1,1,6,35,35326,2,3,2,1,1
202300020063,17,11,2023,08:10,1,1,1,92,92063,2,4,2,1,1
202300020063,17,11,2023,08:10,1,1,1,92,92063,2,4,2,1,1
202300020064,31,5,2023,13:00,1,1,2,63,63178,2,9,2,1,1
202300020065,8,8,2023,23:25,3,1,5,60,60079,1,2,3,1,1
202300020066,17,11,2023,07:49,1,8,6,92,92063,2,3,-1,1,2
202300020066,17,11,2023,07:49,1,8,6,92,92063,2,3,1,1,2
202300020067,30,5,2023,10:50,1,1,6,61,61500,1,3,2,2,1
202300020068,11,7,2023,23:35,3,1,7,59,59323,2,3,2,1,1
202300020069,17,11,2023,20:35,5,1,3,92,92050,2,4,2,2,2
202300020070,31,5,2023,08:15,1,1,3,49,49140,1,3,2,1,1
202300020070,31,5,2023,08:15,1,1,3,49,49140,1,3,2,1,1
202300020071,17,11,2023,08:55,1,1,6,92,92020,2,3,2,1,2
202300020072,7,8,2023,10:35,1,1,4,33,33122,1,1,3,1,1
202300020073,31,5,2023,15:20,1,1,1,49,49215,1,3,2,1,1
202300020073,31,5,2023,15:20,1,1,1,49,49215,1,3,2,1,1
202300020074,8,8,2023,00:31,3,1,2,91,91661,1,1,1,2,1
202300020075,11,11,2023,18:15,5,1,3,92,92035,2,3,1,1,1
202300020075,11,11,2023,18:15,5,1,3,92,92035,2,3,3,1,1
202300020076,30,5,2023,12:40,1,1,3,29,29189,1,4,2,2,1
202300020076,30,5,2023,12:40,1,1,3,29,29189,1,4,2,1,1
202300020077,7,8,2023,22:37,3,1,3,77,77251,1,1,-1,1,1
202300020078,17,11,2023,11:20,1,2,3,92,92025,2,4,1,1,2
202300020078,17,11,2023,11:20,1,2,3,92,92025,2,4,2,1,2
202300020079,28,5,2023,23:15,3,1,3,86,86032,1,3,2,2,1
202300020080,8,8,2023,19:50,1,1,5,93,93064,1,1,3,1,1
202300020081,17,11,2023,13:30,1,1,3,92,92004,2,3,2,1,1
202300020082,8,8,2023,18:10,1,1,6,95,95582,1,1,3,1,1
202300020083,17,11,2023,18:21,5,8,1,92,92002,2,4,2,1,1
202300020084,30,5,2023,10:50,1,1,1,29,29015,1,3,2,1,1
202300020085,2,8,2023,19:30,1,1,3,33,33362,1,4,2,1,1
202300020086,5,8,2023,12:15,1,1,6,06,06069,2,4,2,1,1
202300020087,17,11,2023,23:10,3,1,6,41,41266,1,4,2,1,1
202300020088,27,5,2023,18:35,1,2,1,31,31123,2,3,2,3,2
202300020089,4,8,2023,11:24,1,1,6,27,27229,2,4,1,1,1
202300020090,30,5,2023,13:45,1,7,1,03,03278,1,3,2,1,1
202300020091,3,8,2023,11:00,1,1,6,07,07019,2,4,2,2,1
202300020092,30,5,2023,07:30,1,1,3,03,03254,1,3,2,1,1
202300020092,30,5,2023,07:30,1,1,3,03,03254,1,3,2,1,1
202300020093,2,8,2023,16:50,1,1,6,95,95218,2,4,-1,1,1
202300020094,18,11,2023,15:15,1,8,2,86,86114,1,3,2,1,1
202300020094,18,11,2023,15:15,1,8,2,86,86114,1,3,2,1,1
202300020095,29,5,2023,15:34,1,1,1,03,03156,1,3,2,1,1
202300020096,27,5,2023,07:55,1,1,3,987,98715,1,4,-1,2,1
202300020097,17,11,2023,10:30,1,2,3,22,22034,1,3,1,1,2
202300020098,7,8,2023,15:00,1,1,6,974,97416,2,4,1,1,1
202300020098,7,8,2023,15:00,1,1,6,974,97416,2,4,1,1,1
202300020099,31,5,2023,08:20,1,1,1,01,01163,1,3,2,1,1
202300020099,31,5,2023,08:20,1,1,1,01,01163,1,3,2,2,1
202300020100,17,11,2023,20:40,3,1,1,38,38030,1,3,2,1,1
202300020101,7,8,2023,12:20,1,1,6,974,97409,2,4,3,1,1
202300020102,18,11,2023,07:00,1,1,6,26,26010,1,3,2,1,1
202300020103,6,8,2023,06:00,1,2,3,972,97213,1,1,1,1,2
202300020104,31,5,2023,16:50,1,1,5,01,01335,2,3,-1,1,1
202300020104,31,5,2023,16:50,1,1,5,01,01335,2,3,-1,1,1
202300020105,18,11,2023,11:55,1,1,1,21,21339,1,3,2,2,2
202300020106,7,8,2023,14:00,1,8,2,972,97209,2,1,1,-1,-1
202300020106,7,8,2023,14:00,1,8,2,972,97209,2,1,1,1,1
202300020107,29,5,2023,03:00,5,1,7,01,01001,2,3,2,1,1
202300020107,29,5,2023,03:00,5,1,7,01,01001,2,3,2,1,1
202300020108,18,11,2023,06:05,3,2,1,44,44131,1,3,2,1,2
202300020109,6,8,2023,11:23,1,1,6,971,97101,1,3,3,1,1
202300020110,31,5,2023,05:44,1,1,7,58,58215,1,3,2,1,1
202300020111,12,10,2023,19:15,5,1,3,2B,2B251,1,2,2,1,9
202300020112,31,5,2023,13:40,1,1,7,58,58177,1,3,2,2,1
202300020113,6,8,2023,23:24,5,1,6,95,95019,2,4,2,1,1
202300020113,6,8,2023,23:24,5,1,6,95,95019,2,4,2,2,1
202300020114,29,5,2023,09:45,1,1,3,58,58277,1,3,2,1,1
202300020115,17,11,2023,21:30,5,1,3,2B,2B166,1,3,2,2,1
202300020116,30,5,2023,21:30,2,1,7,58,58121,1,4,2,1,1
202300020117,18,11,2023,11:50,1,1,3,82,82089,1,3,2,1,1
202300020117,18,11,2023,11:50,1,1,3,82,82089,1,3,2,1,1
202300020118,30,5,2023,09:45,1,7,6,66,66071,1,3,2,2,1
202300020119,17,11,2023,17:57,2,1,6,82,82047,1,3,2,1,9
202300020120,30,5,2023,15:04,1,1,7,05,05011,1,3,2,1,1
202300020121,5,8,2023,22:50,5,1,3,87,87085,2,4,1,2,1
202300020121,5,8,2023,22:50,5,1,3,87,87085,2,4,2,2,1
202300020122,18,11,2023,18:00,3,3,1,55,55492,1,3,2,1,2
202300020123,28,5,2023,17:40,1,1,1,50,50166,1,4,2,2,1
202300020124,6,8,2023,21:00,1,1,6,85,85194,2,3,1,1,1
202300020124,6,8,2023,21:00,1,1,6,85,85194,2,3,1,1,1
202300020125,17,11,2023,12:50,1,2,3,55,55046,1,3,2,1,2
202300020126,3,8,2023,12:00,1,1,1,83,83123,2,4,2,2,1
202300020127,30,5,2023,13:43,1,1,6,18,18126,2,3,2,1,1
202300020127,30,5,2023,13:43,1,1,6,18,18126,2,3,2,1,1
202300020128,17,11,2023,05:26,4,1,1,49,49214,2,4,2,2,1
202300020129,4,8,2023,17:35,1,1,3,80,80021,2,4,2,1,1
202300020129,4,8,2023,17:35,1,1,3,80,80021,2,4,2,1,1
202300020130,6,8,2023,19:05,1,1,3,80,80489,1,2,3,1,1
202300020131,30,5,2023,11:40,1,1,5,53,53104,2,3,-1,1,1
202300020132,17,11,2023,21:20,3,1,6,34,34028,1,3,2,1,9
202300020133,30,5,2023,23:50,3,1,6,24,24146,1,2,2,1,1
202300020134,7,8,2023,13:30,1,1,3,77,77450,1,2,1,1,1
202300020135,17,11,2023,10:40,1,1,6,44,44150,2,4,2,1,1
202300020136,31,5,2023,14:45,1,2,6,04,04162,1,3,2,2,2
202300020137,4,8,2023,14:45,1,1,3,76,76351,2,3,2,2,1
202300020138,30,5,2023,08:00,1,1,1,85,85154,1,4,2,2,1
202300020139,11,11,2023,10:30,1,1,7,29,29214,2,4,2,1,1
202300020140,5,8,2023,14:24,1,8,6,71,71059,2,4,2,1,1
202300020141,30,5,2023,16:10,1,1,1,85,85014,1,4,2,2,1
202300020142,7,8,2023,17:40,1,1,6,69,69266,2,4,2,1,1
202300020143,13,11,2023,18:00,3,2,2,02,02250,1,3,1,1,2
202300020143,13,11,2023,18:00,3,2,2,02,02250,1,3,2,1,2
202300020144,28,5,2023,23:20,3,1,6,17,17344,1,3,2,1,1
202300020145,7,8,2023,19:30,1,1,3,69,69029,2,4,2,1,1
202300020145,7,8,2023,19:30,1,1,3,69,69029,2,4,2,1,1
202300020146,17,11,2023,18:00,5,2,3,02,02173,2,4,2,1,2
202300020146,17,11,2023,18:00,5,2,3,02,02173,2,4,2,1,2
202300020147,31,5,2023,16:40,1,7,3,08,08498,2,3,2,2,1
202300020148,18,11,2023,07:55,1,8,7,70,70232,1,3,2,1,2
202300020149,4,8,2023,13:59,1,1,3,66,66136,2,4,-1,1,1
202300020149,4,8,2023,13:59,1,1,3,66,66136,2,4,2,1,1
202300020150,30,5,2023,17:40,1,1,3,973,97307,2,2,2,1,1
202300020150,30,5,2023,17:40,1,1,3,973,97307,2,2,2,1,1
202300020151,7,8,2023,19:00,1,1,3,64,64260,2,4,2,1,1
202300020152,17,11,2023,16:55,2,1,6,66,66167,2,2,2,2,1
202300020153,7,8,2023,12:24,1,1,1,64,64483,2,3,2,2,1
202300020154,30,5,2023,18:00,1,1,3,24,24585,1,3,2,1,1
202300020154,30,5,2023,18:00,1,1,3,24,24585,1,3,2,1,1
202300020155,31,5,2023,07:45,1,1,3,76,76684,1,3,2,1,1
202300020156,18,11,2023,13:05,1,2,3,50,50589,1,2,2,2,2
202300020156,18,11,2023,13:05,1,2,3,50,50589,1,2,2,1,2
202300020157,7,8,2023,16:15,1,1,3,64,64335,2,4,2,1,1
202300020157,7,8,2023,16:15,1,1,3,64,64335,2,4,1,1,1
202300020158,3,5,2023,19:45,2,1,2,67,67389,1,7,1,1,1
202300020159,7,8,2023,17:35,1,1,3,64,64122,2,4,2,1,1
202300020160,17,11,2023,18:15,5,1,3,64,64386,2,3,2,1,1
202300020160,17,11,2023,18:15,5,1,3,64,64386,2,3,2,1,1
202300020161,31,5,2023,03:15,3,1,6,63,63300,1,1,3,1,1
202300020162,7,8,2023,21:27,5,1,2,63,63113,2,4,1,2,1
202300020162,7,8,2023,21:27,5,1,2,63,63113,2,4,1,1,1
202300020163,31,5,2023,07:40,1,1,2,13,13051,1,3,2,1,1
202300020164,17,11,2023,07:10,2,1,1,73,73105,1,3,2,1,2
202300020165,7,8,2023,22:25,5,1,6,59,59009,2,7,1,1,1
202300020165,7,8,2023,22:25,5,1,6,59,59009,2,7,1,1,1
202300020166,30,5,2023,10:15,1,1,6,78,78466,1,3,3,1,1
202300020166,30,5,2023,10:15,1,1,6,78,78466,1,3,2,1,1
202300020167,17,11,2023,17:55,3,2,1,18,18141,2,3,2,1,2
202300020168,7,8,2023,14:20,1,1,3,59,59350,2,4,1,1,1
202300020168,7,8,2023,14:20,1,1,3,59,59350,2,4,2,1,1
202300020169,30,5,2023,18:05,1,1,1,38,38384,1,3,2,1,1
202300020170,18,11,2023,13:25,1,1,7,18,18229,1,3,2,2,1
202300020171,6,8,2023,10:20,1,2,6,54,54304,2,4,-1,1,2
202300020172,2,8,2023,18:05,1,1,2,40,40192,2,3,2,1,1
202300020173,29,5,2023,22:30,3,1,2,11,11262,1,1,3,1,1
202300020174,18,11,2023,12:25,1,1,1,21,21420,2,3,-1,2,2
202300020175,7,8,2023,20:00,1,1,2,37,37261,2,4,2,1,1
202300020176,31,5,2023,05:30,2,1,6,971,97116,2,2,2,1,1
202300020177,7,8,2023,07:42,1,1,3,37,37261,2,4,1,1,1
202300020178,14,11,2023,14:45,1,1,2,40,40286,1,3,2,1,1
202300020178,14,11,2023,14:45,1,1,2,40,40286,1,3,-1,-1,-1
202300020179,29,5,2023,20:18,1,1,1,13,13040,1,3,2,1,1
202300020179,29,5,2023,20:18,1,1,1,13,13040,1,3,2,1,1
202300020180,18,11,2023,11:30,1,2,1,85,85160,1,3,2,1,2
202300020181,31,5,2023,14:20,1,1,6,77,77453,1,3,2,1,1
202300020182,6,8,2023,01:12,3,1,6,14,14333,1,3,2,1,1
202300020182,6,8,2023,01:12,3,1,6,14,14333,1,3,2,1,1
202300020183,31,5,2023,06:55,1,1,2,78,78531,1,1,3,3,1
202300020184,17,11,2023,15:00,1,1,3,28,28028,1,3,2,1,1
202300020184,17,11,2023,15:00,1,1,3,28,28028,1,3,2,1,1
202300020185,7,8,2023,13:45,1,1,3,13,13206,2,4,1,2,1
202300020185,7,8,2023,13:45,1,1,3,13,13206,2,4,2,1,1
202300020186,30,5,2023,01:00,3,3,6,34,34296,1,3,2,1,2
202300020187,7,8,2023,18:30,1,1,1,06,06069,2,3,2,2,1
202300020188,17,11,2023,11:30,1,1,2,37,37273,1,3,2,1,1
202300020188,17,11,2023,11:30,1,1,2,37,37273,1,3,2,1,1
202300020189,26,5,2023,18:30,1,1,1,84,84054,1,3,2,1,1
202300020190,18,11,2023,11:15,1,1,1,30,30075,1,3,2,1,1
202300020191,5,8,2023,16:25,1,1,3,06,06004,2,4,3,2,1
202300020191,5,8,2023,16:25,1,1,3,06,06004,2,4,4,1,1
202300020192,30,5,2023,23:05,3,3,6,84,84081,2,4,2,1,2
202300020193,16,11,2023,22:30,3,2,7,88,88328,1,3,2,1,2
202300020194,6,8,2023,17:00,1,1,2,75,75118,2,4,1,1,1
202300020194,6,8,2023,17:00,1,1,2,75,75118,2,4,1,1,1
202300020195,24,5,2023,18:50,1,1,1,13,13015,2,3,2,1,1
202300020195,24,5,2023,18:50,1,1,1,13,13015,2,3,2,1,1
202300020196,7,8,2023,08:48,1,1,3,75,75120,2,4,-1,1,1
202300020196,7,8,2023,08:48,1,1,3,75,75120,2,4,1,2,1
202300020197,30,5,2023,07:40,1,1,3,71,71372,2,3,2,1,1
202300020197,30,5,2023,07:40,1,1,3,71,71372,2,3,2,1,1
202300020198,31,5,2023,07:15,1,1,6,67,67001,2,7,2,1,1
202300020199,7,8,2023,14:15,1,1,3,75,75119,2,4,3,2,1
202300020200,18,11,2023,05:25,3,1,6,40,40306,1,1,3,1,1
202300020201,29,5,2023,10:54,1,7,6,57,57123,2,4,2,1,1
202300020202,7,8,2023,19:55,1,1,3,75,75117,2,4,-1,1,1
202300020202,7,8,2023,19:55,1,1,3,75,75117,2,4,2,1,1
202300020203,18,11,2023,15:30,1,1,6,988,98817,2,3,2,1,1
202300020204,31,5,2023,08:20,1,1,3,03,03316,2,2,2,1,1
202300020204,31,5,2023,08:20,1,1,3,03,03316,2,2,2,1,1
202300020205,7,8,2023,06:40,2,1,3,75,75115,2,4,2,1,1
202300020205,7,8,2023,06:40,2,1,3,75,75115,2,4,1,1,1
202300020206,7,11,2023,07:15,1,1,3,971,97128,1,4,2,3,1
202300020207,6,8,2023,16:50,1,1,3,75,75114,2,4,1,1,1
202300020207,6,8,2023,16:50,1,1,3,75,75114,2,4,1,1,1
202300020208,30,5,2023,20:20,1,1,2,63,63099,1,7,2,2,1
202300020208,30,5,2023,20:20,1,1,2,63,63099,1,7,2,2,1
202300020209,11,11,2023,18:20,3,2,3,77,77477,1,3,2,1,2
202300020210,27,5,2023,11:45,1,1,7,26,26023,1,3,2,2,6
202300020211,7,8,2023,19:47,1,1,3,75,75112,2,4,2,1,1
202300020211,7,8,2023,19:47,1,1,3,75,75112,2,4,-1,1,1
202300020212,17,11,2023,15:00,1,1,4,91,91226,1,3,3,1,1
202300020213,6,8,2023,21:00,2,1,3,75,75112,2,4,3,1,1
202300020213,6,8,2023,21:00,2,1,3,75,75112,2,4,3,1,1
202300020214,31,5,2023,18:00,1,1,5,07,07097,2,3,2,1,1
202300020215,31,5,2023,15:45,1,1,6,69,69094,2,3,2,1,1
202300020216,18,11,2023,13:35,1,1,7,66,66014,1,3,2,2,1
202300020217,7,8,2023,18:45,1,1,1,75,75107,2,4,1,1,1
202300020217,7,8,2023,18:45,1,1,1,75,75107,2,4,-1,1,1
202300020218,30,5,2023,15:40,1,1,1,81,81219,1,2,2,2,1
202300020219,6,8,2023,21:20,5,1,3,75,75101,2,4,2,1,1
202300020219,6,8,2023,21:20,5,1,3,75,75101,2,4,2,1,1
202300020220,17,11,2023,17:00,2,1,6,21,21390,2,4,2,1,2
202300020221,31,5,2023,05:15,2,1,2,85,85302,1,3,2,3,1
202300020222,31,5,2023,03:45,3,1,6,72,72154,1,3,2,1,1
202300020223,31,5,2023,07:20,1,1,6,61,61182,1,2,2,2,1
202300020224,18,11,2023,16:00,1,1,3,63,63284,2,3,1,1,1
202300020225,4,8,2023,10:42,1,1,3,94,94033,2,4,1,1,1
202300020225,4,8,2023,10:42,1,1,3,94,94033,2,4,2,1,1
202300020226,6,8,2023,16:50,1,8,2,93,93066,2,3,3,1,1
202300020227,15,11,2023,08:10,1,1,3,69,69045,1,3,2,1,2
202300020227,15,11,2023,08:10,1,1,3,69,69045,1,3,2,1,2
202300020228,30,5,2023,16:50,1,7,2,35,35240,2,3,2,1,1
202300020229,7,8,2023,17:25,1,1,6,93,93077,2,3,2,1,1
202300020229,7,8,2023,17:25,1,1,6,93,93077,2,3,2,1,1
202300020230,18,11,2023,00:30,3,2,1,79,79189,1,3,2,2,2
202300020231,30,5,2023,17:00,1,1,1,27,27242,2,5,1,1,1
202300020232,6,8,2023,13:40,1,1,6,93,93029,2,4,2,1,1
202300020233,18,11,2023,01:10,3,1,6,33,33049,1,4,2,1,1
202300020234,30,5,2023,13:20,1,1,1,62,62746,2,4,2,1,1
202300020235,17,11,2023,02:15,4,2,7,29,29046,2,3,1,1,2
202300020236,7,8,2023,09:30,1,1,3,93,93027,2,3,2,1,1
202300020236,7,8,2023,09:30,1,1,3,93,93027,2,3,2,1,1
202300020237,31,5,2023,09:15,1,1,6,59,59481,2,3,2,1,1
202300020238,17,11,2023,07:56,2,8,6,22,22050,2,3,2,1,2
202300020239,7,8,2023,22:15,5,1,3,93,93005,2,3,1,1,1
202300020239,7,8,2023,22:15,5,1,3,93,93005,2,3,2,1,1
202300020240,30,5,2023,15:20,1,1,3,83,83123,1,1,3,1,1
202300020241,15,11,2023,18:35,5,1,1,22,22093,2,4,2,2,1
202300020242,7,8,2023,08:40,1,1,6,92,92063,2,4,3,1,1
202300020242,7,8,2023,08:40,1,1,6,92,92063,2,4,-1,1,1
202300020243,30,5,2023,09:25,1,1,6,33,33281,1,1,3,1,1
202300020244,7,8,2023,19:30,1,1,3,92,92050,2,3,2,1,1
202300020244,7,8,2023,19:30,1,1,3,92,92050,2,3,2,1,1
202300020245,30,5,2023,18:08,1,1,5,94,94003,1,1,3,1,1
202300020246,17,11,2023,15:12,1,8,2,33,33162,1,1,3,1,2
202300020247,7,8,2023,12:50,1,1,2,92,92004,2,3,2,1,1
202300020248,30,5,2023,10:50,1,1,2,94,94003,1,1,1,2,1
202300020249,17,11,2023,07:15,5,2,2,33,33550,1,1,3,1,2
202300020250,3,1,2023,23:45,5,1,3,92,92004,2,3,-1,1,1
202300020250,3,1,2023,23:45,5,1,3,92,92004,2,3,2,1,1
202300020251,30,5,2023,10:36,1,7,2,91,91174,1,2,1,1,1
202300020252,30,5,2023,09:15,1,1,7,91,91161,1,1,1,1,1
202300020253,5,8,2023,20:24,1,2,6,92,92004,2,3,2,1,2
202300020254,16,11,2023,09:08,1,2,4,33,33063,1,1,3,2,2
202300020255,17,11,2023,16:27,1,1,7,91,91553,1,2,1,1,1
202300020256,29,5,2023,16:00,1,1,4,92,92064,1,1,1,1,1
202300020257,8,8,2023,12:50,1,1,1,63,63302,1,3,2,1,1
202300020258,17,11,2023,09:25,1,2,2,94,94021,1,1,1,1,2
202300020259,29,5,2023,10:40,1,1,3,78,78291,1,1,-1,3,1
202300020260,8,8,2023,08:45,1,1,2,71,71576,1,1,3,1,1
202300020261,29,5,2023,17:30,1,1,4,92,92036,1,1,3,1,1
202300020262,17,11,2023,10:15,1,2,4,94,94034,1,1,1,1,2
202300020263,6,8,2023,20:10,1,1,2,57,57111,1,1,3,2,2
202300020264,29,5,2023,08:45,1,1,2,93,93064,1,1,3,1,1
202300020265,17,11,2023,18:00,3,1,5,78,78402,1,1,-1,1,1
202300020266,30,5,2023,15:45,1,1,4,94,94028,1,1,-1,1,1
202300020267,5,8,2023,13:20,1,8,2,35,35121,1,1,3,1,1
202300020268,5,8,2023,17:50,1,1,6,29,29302,1,2,3,2,1
202300020269,30,5,2023,08:35,1,1,3,77,77249,1,2,-1,1,1
202300020270,17,11,2023,18:00,3,1,3,78,78238,1,1,1,1,1
202300020271,8,8,2023,07:30,2,1,3,06,06118,1,3,2,1,1
202300020272,29,5,2023,14:20,1,1,2,94,94017,1,1,3,1,1
202300020273,16,11,2023,08:29,1,3,5,78,78029,1,1,1,1,2
202300020274,19,3,2023,13:50,1,2,2,43,43089,2,3,2,1,2
202300020275,6,8,2023,23:00,3,1,4,63,63352,1,1,1,1,1
202300020276,17,11,2023,21:30,4,1,3,95,95277,1,1,3,1,1
202300020277,17,3,2023,14:00,1,1,2,43,43157,2,4,2,2,1