id_accident,jour,mois,annee,heure_minute,luminosite,meteo,type_collision,departement,commune,agglomeration,categorie_route,regime_circulation,profil_route,etat_surface
202300020278,6,8,2023,07:40,1,1,6,22,22175,1,3,2,1,1
202300020279,27,2,2023,16:30,1,1,4,14,14191,2,3,2,1,1
202300020280,17,11,2023,11:20,1,8,6,93,93078,1,1,3,1,2
202300020281,7,8,2023,10:40,1,7,6,41,41149,2,3,2,1,1
202300020281,7,8,2023,10:40,1,7,6,41,41149,2,3,2,1,1
202300020282,29,5,2023,20:40,1,1,3,69,69387,2,4,1,1,1
202300020282,29,5,2023,20:40,1,1,3,69,69387,2,4,1,1,1
202300020283,16,11,2023,23:45,4,3,3,93,93053,1,1,3,1,2
202300020284,25,5,2023,14:40,1,1,6,972,97213,1,1,2,1,1
202300020285,7,8,2023,13:00,1,1,3,56,56130,1,4,2,1,1
202300020285,7,8,2023,13:00,1,1,3,56,56130,1,4,2,1,1
202300020286,16,11,2023,22:30,3,2,2,93,93064,1,1,1,1,2
202300020287,17,11,2023,17:35,2,1,6,77,77146,1,1,3,1,1
202300020288,17,11,2023,07:30,4,2,2,94,94015,1,1,1,1,2
202300020289,29,5,2023,06:05,1,1,7,91,91421,1,3,2,1,1
202300020290,17,11,2023,03:30,4,2,2,77,77495,1,2,3,1,2
202300020291,29,5,2023,19:30,1,1,6,69,69275,2,4,2,1,1
202300020291,29,5,2023,19:30,1,1,6,69,69275,2,4,2,1,1
202300020292,27,5,2023,19:20,1,1,3,38,38421,2,7,2,1,1
202300020292,27,5,2023,19:20,1,1,3,38,38421,2,7,2,1,1
202300020293,28,5,2023,19:40,1,1,3,67,67482,2,4,3,1,1
202300020293,28,5,2023,19:40,1,1,3,67,67482,2,4,3,1,1
202300020294,29,5,2023,08:40,1,1,2,64,64445,2,4,2,1,1
202300020295,13,3,2023,11:00,1,2,2,92,92007,2,4,2,1,2
202300020296,10,7,2023,15:15,1,1,3,13,13210,2,4,-1,1,1
202300020297,29,5,2023,23:05,5,1,3,59,59350,2,7,2,1,1
202300020297,29,5,2023,23:05,5,1,3,59,59350,2,7,2,1,1
202300020298,14,3,2023,15:50,1,1,6,41,41194,1,4,2,1,1
202300020299,15,6,2023,14:30,1,1,6,93,93077,2,4,2,1,1
202300020300,13,3,2023,22:09,3,2,6,69,69289,1,4,2,1,2
202300020301,16,11,2023,12:10,1,1,3,976,97611,1,2,2,1,1
202300020302,29,5,2023,19:07,1,1,5,35,35278,1,3,3,1,1
202300020303,12,3,2023,08:30,1,1,1,972,97222,2,3,2,1,1
202300020304,15,11,2023,16:05,1,1,1,974,97416,1,2,2,2,1
202300020304,15,11,2023,16:05,1,1,1,974,97416,1,2,2,3,1
202300020305,12,3,2023,20:59,5,1,6,11,11421,2,3,2,1,1
202300020306,29,5,2023,18:45,1,1,6,35,35238,2,4,1,1,1
202300020307,13,3,2023,09:30,1,1,6,83,83100,1,3,2,1,1
202300020308,16,11,2023,08:20,1,1,3,973,97302,2,3,2,1,1
202300020309,29,5,2023,19:45,1,2,6,34,34108,2,4,2,1,2
202300020310,3,3,2023,18:30,2,1,3,84,84062,1,3,2,1,1
202300020310,3,3,2023,18:30,2,1,3,84,84062,1,3,2,1,1
202300020311,29,5,2023,23:30,5,1,6,33,33063,2,4,1,1,1
202300020312,14,11,2023,22:20,5,2,7,972,97209,1,3,3,2,2
202300020313,14,3,2023,02:45,3,1,6,65,65265,1,3,2,1,1
202300020314,12,3,2023,23:30,3,1,6,63,63404,1,1,3,1,2
202300020315,16,11,2023,11:35,1,1,2,2B,2B037,1,2,3,1,1
202300020315,16,11,2023,11:35,1,1,2,2B,2B037,1,2,2,1,1
202300020316,29,5,2023,22:00,5,1,3,33,33529,2,4,2,1,1
202300020316,29,5,2023,22:00,5,1,3,33,33529,2,4,1,1,1
202300020317,16,11,2023,13:34,1,1,3,971,97101,1,4,2,3,1
202300020318,10,3,2023,11:35,1,6,3,83,83140,1,3,2,1,1
202300020319,29,5,2023,13:52,1,1,6,25,25462,2,4,2,1,1
202300020320,16,11,2023,08:57,1,1,6,971,97113,1,3,2,1,1
202300020321,14,3,2023,09:40,1,1,3,56,56184,1,3,2,1,1
202300020322,15,11,2023,15:30,1,1,1,971,97101,2,3,2,1,1
202300020323,29,5,2023,12:40,1,1,3,13,13210,2,4,1,1,1
202300020323,29,5,2023,12:40,1,1,3,13,13210,2,4,1,1,1
202300020324,13,3,2023,19:45,3,3,1,76,76093,1,3,-1,1,2
202300020325,15,11,2023,08:20,1,1,3,971,97113,1,2,2,1,1
202300020325,15,11,2023,08:20,1,1,3,971,97113,1,2,2,1,1
202300020326,29,5,2023,20:05,1,1,3,10,10387,2,4,2,1,1
202300020326,29,5,2023,20:05,1,1,3,10,10387,2,4,2,1,1
202300020327,16,11,2023,11:20,1,3,3,95,95582,2,3,2,1,2
202300020327,16,11,2023,11:20,1,3,3,95,95582,2,3,2,2,2
202300020328,29,5,2023,17:05,1,1,3,10,10343,2,4,-1,1,1
202300020328,29,5,2023,17:05,1,1,3,10,10343,2,4,-1,1,1
202300020329,14,3,2023,06:36,2,3,3,80,80080,1,3,2,1,2
202300020329,14,3,2023,06:36,2,3,3,80,80080,1,3,2,1,2
202300020330,16,11,2023,17:15,5,2,6,95,95598,2,3,2,1,2
202300020330,16,11,2023,17:15,5,2,6,95,95598,2,3,2,1,2
202300020331,13,3,2023,05:20,3,2,7,81,81276,1,3,2,1,2
202300020332,29,5,2023,22:18,5,1,3,06,06088,2,4,2,2,1
202300020332,29,5,2023,22:18,5,1,3,06,06088,2,4,2,1,1
202300020333,13,11,2023,07:30,3,3,6,95,95127,2,4,1,1,2
202300020334,29,5,2023,03:29,5,1,7,06,06088,2,4,1,1,1
202300020335,16,11,2023,16:50,1,2,6,91,91103,2,4,2,1,2
202300020336,26,2,2023,03:30,3,1,6,32,32020,2,3,2,1,1
202300020337,12,3,2023,15:50,1,1,6,32,32305,1,3,2,1,1
202300020338,29,5,2023,18:05,1,1,4,75,75120,2,4,1,1,1
202300020339,16,11,2023,18:50,5,2,3,91,91114,2,4,2,1,2
202300020339,16,11,2023,18:50,5,2,3,91,91114,2,4,2,1,2
202300020340,28,5,2023,22:35,5,1,3,75,75116,2,4,1,1,1
202300020341,13,3,2023,07:45,1,1,3,71,71543,2,3,2,2,1
202300020341,13,3,2023,07:45,1,1,3,71,71543,2,3,-1,1,1
202300020342,16,11,2023,07:30,5,3,3,91,91687,2,3,1,1,2
202300020343,28,5,2023,07:41,1,1,2,75,75119,2,4,1,1,1
202300020344,16,11,2023,07:40,4,3,6,91,91027,2,3,-1,1,2
202300020345,12,3,2023,15:00,1,1,3,63,63393,2,3,2,1,1
202300020345,12,3,2023,15:00,1,1,3,63,63393,2,3,2,1,1
202300020346,16,11,2023,18:05,5,2,6,91,91223,2,3,2,1,2
202300020347,29,5,2023,12:00,1,1,7,75,75116,2,4,2,2,1
202300020347,29,5,2023,12:00,1,1,7,75,75116,2,4,1,1,1
202300020348,14,3,2023,09:00,1,3,6,12,12198,1,3,2,2,2
202300020349,29,5,2023,08:15,1,1,6,75,75115,2,4,2,1,1
202300020349,29,5,2023,08:15,1,1,6,75,75115,2,4,1,1,1
202300020350,16,11,2023,01:22,5,1,3,87,87085,2,4,2,1,1
202300020350,16,11,2023,01:22,5,1,3,87,87085,2,4,2,1,1
202300020351,14,3,2023,12:45,1,3,1,47,47315,1,3,2,1,2
202300020352,29,5,2023,20:55,1,1,6,75,75113,2,4,2,2,1
202300020353,15,11,2023,18:06,1,1,1,87,87113,1,3,2,1,2
202300020354,13,3,2023,09:00,1,1,3,47,47138,1,3,2,2,1
202300020355,29,5,2023,16:55,1,1,3,75,75112,2,4,2,1,1
202300020356,13,3,2023,09:15,1,1,6,39,39367,1,4,2,1,1
202300020357,15,11,2023,16:30,1,1,6,85,85194,2,4,1,1,1
202300020358,29,5,2023,11:50,1,1,1,75,75110,2,4,3,1,1
202300020358,29,5,2023,11:50,1,1,1,75,75110,2,4,2,1,1
202300020359,15,11,2023,17:45,1,1,3,84,84007,2,4,2,1,1
202300020360,13,3,2023,17:30,1,1,3,44,44091,1,3,2,1,1
202300020360,13,3,2023,17:30,1,1,3,44,44091,1,3,2,1,1
202300020361,28,5,2023,22:00,2,1,3,75,75110,2,4,2,2,1
202300020362,15,11,2023,08:05,1,1,3,84,84007,2,4,1,1,1
202300020363,11,3,2023,12:54,1,2,1,29,29081,2,4,2,3,2
202300020364,28,5,2023,16:56,1,1,3,75,75108,2,4,2,1,1
202300020364,28,5,2023,16:56,1,1,3,75,75108,2,4,2,1,1
202300020365,14,3,2023,18:50,2,1,6,29,29171,2,3,2,1,1
202300020366,15,11,2023,14:25,1,9,3,83,83137,2,4,-1,1,1
202300020366,15,11,2023,14:25,1,9,3,83,83137,2,4,2,1,1
202300020367,28,5,2023,19:50,1,1,6,94,94074,2,4,1,1,1
202300020368,28,5,2023,19:00,2,1,6,93,93055,2,3,1,1,1
202300020368,28,5,2023,19:00,2,1,6,93,93055,2,3,2,1,1
202300020369,16,11,2023,12:05,1,2,3,81,81163,2,3,2,1,2
202300020369,16,11,2023,12:05,1,2,3,81,81163,2,3,2,1,2
202300020370,14,3,2023,14:15,1,2,3,38,38517,2,3,2,1,2
202300020371,14,11,2023,13:40,1,3,6,80,80021,2,4,2,1,2
202300020372,28,5,2023,23:05,5,1,2,93,93051,2,4,2,1,1
202300020373,13,3,2023,19:25,3,2,6,72,72377,1,3,2,2,2
202300020374,29,5,2023,02:30,5,1,3,93,93046,2,3,3,1,1
202300020374,29,5,2023,02:30,5,1,3,93,93046,2,3,3,1,1
202300020375,15,11,2023,10:49,1,1,3,78,78586,2,4,2,1,1
202300020375,15,11,2023,10:49,1,1,3,78,78586,2,4,2,1,1
202300020376,14,3,2023,07:30,1,2,3,72,72071,2,3,2,1,2
202300020377,29,5,2023,18:20,1,1,3,93,93047,2,4,2,1,1
202300020377,29,5,2023,18:20,1,1,3,93,93047,2,4,1,1,1
202300020378,29,5,2023,15:00,1,1,1,93,93047,2,4,2,1,1
202300020378,29,5,2023,15:00,1,1,1,93,93047,2,4,2,1,1
202300020379,16,11,2023,15:35,1,2,6,77,77284,2,4,3,1,2
202300020379,16,11,2023,15:35,1,2,6,77,77284,2,4,1,1,2
202300020380,12,3,2023,17:50,1,1,3,06,06113,1,3,2,2,1
202300020381,29,5,2023,15:21,1,1,3,93,93008,2,4,2,1,1
202300020382,29,5,2023,16:24,1,1,6,92,92063,2,6,-1,1,1
202300020383,12,3,2023,14:15,1,1,6,14,14032,1,3,2,1,1
202300020384,16,11,2023,13:35,1,2,3,77,77058,2,4,2,1,2
202300020384,16,11,2023,13:35,1,2,3,77,77058,2,4,2,1,2
202300020385,29,5,2023,16:37,1,1,6,92,92050,2,3,-1,2,1
202300020386,13,3,2023,20:30,3,1,7,05,05010,1,3,2,2,1
202300020387,29,5,2023,12:40,1,1,6,92,92048,2,3,-1,1,1
202300020388,13,3,2023,09:05,1,1,7,05,05170,1,6,-1,1,1
202300020389,16,11,2023,08:40,1,2,3,77,77243,2,3,2,1,2
202300020389,16,11,2023,08:40,1,2,3,77,77243,2,3,2,1,2
202300020390,30,5,2023,08:15,1,1,3,76,76342,1,4,2,2,1
202300020391,12,3,2023,18:40,2,2,7,16,16334,1,3,-1,1,2
202300020392,16,11,2023,23:20,5,2,6,76,76540,2,4,1,1,2
202300020393,14,3,2023,10:00,1,3,6,40,40132,1,3,2,4,2
202300020394,30,5,2023,09:30,1,1,3,39,39097,2,3,2,1,1
202300020394,30,5,2023,09:30,1,1,3,39,39097,2,3,-1,1,1
202300020395,16,11,2023,19:15,5,8,3,76,76681,2,7,2,1,2
202300020395,16,11,2023,19:15,5,8,3,76,76681,2,7,2,1,2
202300020396,30,5,2023,07:59,1,7,6,80,80016,2,4,1,1,1
202300020396,30,5,2023,07:59,1,7,6,80,80016,2,4,2,1,1
202300020397,13,3,2023,08:45,1,1,3,23,23173,1,3,2,2,2
202300020398,29,5,2023,18:45,1,1,3,54,54307,2,4,2,2,1
202300020399,16,11,2023,09:45,1,2,1,74,74118,2,4,2,1,2
202300020399,16,11,2023,09:45,1,2,1,74,74118,2,4,2,1,2
202300020400,29,5,2023,06:40,2,1,6,86,86034,1,3,2,1,1
202300020401,12,3,2023,01:20,3,2,6,01,01024,1,1,1,1,2
202300020402,29,5,2023,02:30,3,1,6,2A,2A348,1,3,2,2,1
202300020403,15,11,2023,07:55,1,1,6,72,72181,2,4,1,1,1
202300020404,27,5,2023,14:35,1,1,6,52,52300,2,3,2,1,1
202300020405,14,3,2023,11:00,1,1,1,37,37131,1,3,2,1,1
202300020406,16,11,2023,14:10,1,8,3,71,71081,2,4,2,1,2
202300020407,28,5,2023,11:21,1,1,1,22,22048,1,3,2,1,1
202300020408,13,3,2023,08:20,1,1,6,01,01213,1,1,3,1,1
202300020409,16,11,2023,17:55,5,8,3,69,69266,2,4,2,1,1
202300020410,28,5,2023,22:30,4,1,6,41,41194,2,4,1,1,1
202300020411,7,2,2023,08:20,2,1,6,06,06085,2,3,2,1,1
202300020412,16,11,2023,12:15,1,1,6,69,69264,2,4,1,1,1
202300020413,30,5,2023,13:05,1,1,6,28,28425,1,1,3,3,1
202300020414,13,3,2023,19:00,3,2,4,49,49308,1,1,1,1,2
202300020415,30,5,2023,15:45,1,1,7,23,23193,1,4,2,2,1
202300020416,16,11,2023,02:55,3,1,6,69,69290,1,7,2,1,1
202300020417,30,5,2023,13:05,1,1,7,67,67163,1,3,1,1,1
202300020418,13,3,2023,05:00,3,1,6,988,98832,1,4,2,1,1
202300020419,15,11,2023,12:05,1,1,5,69,69029,1,7,2,2,1
202300020420,30,5,2023,08:10,1,1,4,35,35208,1,2,3,1,1
202300020421,13,3,2023,21:30,3,1,3,973,97311,1,3,2,1,1
202300020422,16,11,2023,17:20,5,3,3,67,67482,2,4,2,2,2
202300020422,16,11,2023,17:20,5,3,3,67,67482,2,4,1,1,2
202300020423,28,5,2023,05:30,3,1,2,974,97404,1,2,3,1,1
202300020424,30,5,2023,07:45,1,1,2,84,84134,1,3,2,1,1
202300020425,14,11,2023,18:15,5,2,2,67,67482,2,4,2,1,2
202300020425,14,11,2023,18:15,5,2,2,67,67482,2,4,2,1,2
202300020425,14,11,2023,18:15,5,2,2,67,67482,2,4,2,1,2
202300020426,13,2,2023,15:25,1,1,7,973,97311,1,3,2,1,1
202300020427,30,5,2023,15:50,1,7,2,51,51028,1,3,2,1,1
202300020428,15,11,2023,19:20,3,1,3,66,66136,1,3,3,1,1
202300020429,12,3,2023,20:55,5,1,3,971,97116,2,2,2,1,1
202300020430,16,11,2023,19:50,3,2,6,64,64260,2,4,1,1,2
202300020431,28,5,2023,10:10,1,7,2,56,56168,1,9,2,1,1
202300020432,29,5,2023,17:45,1,1,7,76,76719,1,3,2,2,9
202300020433,15,11,2023,09:15,1,1,2,64,64445,2,4,1,1,2
202300020434,13,3,2023,18:20,2,1,3,971,97129,1,2,2,1,1
202300020435,16,11,2023,21:30,3,1,7,64,64122,2,6,-1,1,1
202300020436,30,5,2023,09:30,1,1,1,79,79170,1,2,2,1,1
202300020437,13,3,2023,15:45,1,3,1,45,45173,2,3,2,1,2
202300020438,16,11,2023,14:07,1,6,2,63,63300,1,3,3,1,1
202300020439,27,5,2023,17:30,1,1,6,65,65394,1,4,2,2,1
202300020440,11,3,2023,21:15,3,2,6,77,77005,1,3,2,1,2
202300020441,15,11,2023,07:30,2,8,3,62,62842,2,4,2,1,1
202300020442,27,5,2023,10:00,1,1,7,65,65343,1,3,2,2,1
202300020443,13,3,2023,19:35,5,2,6,78,78089,2,4,1,2,2
202300020444,12,11,2023,16:40,2,2,6,62,62498,2,3,2,1,2
202300020445,14,3,2023,08:25,1,1,2,2A,2A247,1,3,2,2,1
202300020446,30,5,2023,17:15,1,1,5,32,32395,1,2,2,1,1
202300020447,11,3,2023,12:10,1,1,7,30,30085,1,3,2,2,1
202300020448,15,11,2023,18:25,5,2,2,56,56121,2,4,2,1,2
202300020449,12,3,2023,16:15,1,1,6,06,06147,2,7,2,1,1
202300020450,30,5,2023,17:48,1,1,6,71,71364,1,3,2,1,1
202300020450,30,5,2023,17:48,1,1,6,71,71364,1,3,2,1,1
202300020451,15,11,2023,10:45,1,8,2,54,54526,2,4,2,1,1
202300020451,15,11,2023,10:45,1,8,2,54,54526,2,4,2,1,1
202300020452,13,3,2023,14:00,1,1,4,10,10338,1,3,2,1,1
202300020453,14,11,2023,19:15,3,3,1,54,54373,1,2,3,1,2
202300020454,12,3,2023,16:00,1,1,7,73,73153,1,3,3,1,1
202300020455,16,11,2023,21:20,5,2,2,54,54270,2,3,2,4,2
202300020456,13,3,2023,15:12,1,1,6,73,73030,1,3,-1,2,1
202300020456,13,3,2023,15:12,1,1,6,73,73030,1,3,2,2,1
202300020457,16,11,2023,17:52,3,2,6,51,51454,2,4,2,1,2
202300020458,13,3,2023,16:49,1,6,6,38,38407,1,3,2,3,1
202300020459,14,3,2023,08:45,1,9,7,26,26064,1,3,1,1,2
202300020460,15,11,2023,09:55,1,2,2,50,50218,2,4,2,1,2
202300020460,15,11,2023,09:55,1,2,2,50,50218,2,4,2,1,2
202300020461,13,3,2023,12:20,1,1,6,07,07324,2,3,2,1,1
202300020461,13,3,2023,12:20,1,1,6,07,07324,2,3,1,1,1
202300020462,15,11,2023,22:15,5,1,6,49,49007,2,4,2,1,1
202300020463,15,11,2023,10:20,1,1,2,49,49007,2,4,3,1,1
202300020464,12,3,2023,00:05,3,2,2,01,01213,1,3,2,1,2
202300020465,11,3,2023,09:20,1,2,6,69,69227,1,3,2,2,2
202300020466,16,11,2023,19:20,5,8,3,45,45208,2,4,1,1,2
202300020467,13,3,2023,11:00,1,1,1,64,64407,2,3,2,2,1
202300020468,16,11,2023,23:00,5,1,6,44,44109,2,4,2,2,1
202300020469,13,9,2023,08:00,1,1,3,79,79191,2,3,2,1,1
202300020470,16,11,2023,10:25,1,2,3,44,44109,2,4,2,1,2
202300020471,13,3,2023,16:40,1,1,2,62,62318,2,3,2,1,1
202300020472,13,9,2023,10:05,1,1,3,77,77284,2,4,-1,1,1
202300020473,13,3,2023,15:35,1,1,3,62,62318,2,4,2,1,1
202300020474,5,9,2023,10:15,1,1,6,74,74012,2,4,1,1,1
202300020475,13,3,2023,09:15,1,1,2,13,13071,1,1,-1,1,1
202300020476,16,11,2023,12:10,1,2,7,43,43157,2,4,3,2,2
202300020477,11,3,2023,20:50,3,1,6,33,33080,1,1,3,1,2
202300020478,9,9,2023,18:50,1,1,3,73,73065,2,4,2,2,1
202300020479,12,9,2023,14:00,1,1,6,42,42218,2,4,1,1,1
202300020480,11,3,2023,13:05,1,3,5,33,33039,1,1,3,1,4
202300020481,13,9,2023,09:53,1,2,6,69,69286,2,4,2,1,2
202300020481,13,9,2023,09:53,1,2,6,69,69286,2,4,2,1,2
202300020482,12,9,2023,08:35,1,8,3,69,69029,2,4,1,1,1
202300020482,12,9,2023,08:35,1,8,3,69,69029,2,4,2,1,1
202300020483,10,3,2023,17:25,1,2,4,33,33063,1,1,3,2,2
202300020484,16,11,2023,16:30,2,1,6,38,38185,2,7,2,2,2
202300020485,13,3,2023,09:45,1,2,2,91,91064,1,2,2,1,2
202300020486,13,9,2023,21:35,5,1,3,65,65440,2,3,2,1,1
202300020486,13,9,2023,21:35,5,1,3,65,65440,2,3,2,1,1
202300020487,16,11,2023,13:13,1,1,6,38,38053,2,4,3,1,1
202300020488,13,3,2023,17:55,2,1,4,92,92036,1,1,3,1,1
202300020489,13,9,2023,15:18,1,1,6,65,65286,2,4,4,1,1
202300020490,13,3,2023,07:50,2,1,2,78,78321,1,2,-1,1,1
202300020491,13,3,2023,00:30,3,3,6,95,95582,1,1,1,1,2
202300020492,13,9,2023,16:10,1,1,3,64,64445,2,3,1,1,1
202300020492,13,9,2023,16:10,1,1,3,64,64445,2,3,1,1,1
202300020493,16,11,2023,08:45,1,2,2,37,37122,2,7,3,1,2
202300020494,11,3,2023,23:50,3,2,6,95,95527,1,1,3,1,2
202300020495,13,9,2023,08:00,1,2,6,64,64102,2,4,3,1,2
202300020496,11,3,2023,15:50,1,1,2,95,95306,1,1,3,1,1
202300020497,16,11,2023,09:55,1,2,6,37,37261,2,4,2,1,2
202300020497,16,11,2023,09:55,1,2,6,37,37261,2,4,1,1,2
202300020498,11,3,2023,01:55,3,1,2,95,95527,1,1,3,1,1
202300020499,16,11,2023,08:30,1,2,2,37,37261,2,4,2,1,2
202300020500,13,9,2023,16:40,1,2,2,63,63070,1,3,3,2,2
202300020501,10,3,2023,18:15,1,1,4,93,93005,1,1,3,1,1
202300020502,13,9,2023,07:20,1,1,6,59,59090,1,4,2,1,1
202300020503,9,3,2023,16:45,1,1,2,93,93013,1,1,3,1,1
202300020504,16,11,2023,07:55,4,2,6,35,35150,1,3,2,1,2
202300020505,9,3,2023,13:00,1,8,3,93,93027,1,1,3,1,2
202300020506,11,9,2023,06:00,2,1,6,57,57221,2,6,-1,1,1
202300020507,10,11,2023,12:00,1,8,1,35,35115,2,4,2,1,2
202300020507,10,11,2023,12:00,1,8,1,35,35115,2,4,1,1,2
202300020508,9,3,2023,08:20,1,1,6,95,95351,1,2,3,1,1
202300020509,13,9,2023,07:35,2,1,3,56,56083,2,3,2,1,1
202300020509,13,9,2023,07:35,2,1,3,56,56083,2,3,2,2,1
202300020510,9,3,2023,04:35,3,3,6,93,93027,1,1,1,1,2
202300020511,12,9,2023,18:55,1,7,3,56,56121,2,4,2,1,1
202300020512,9,3,2023,06:20,5,1,6,95,95572,1,2,3,1,1
202300020513,8,3,2023,11:45,1,2,2,93,93005,1,1,3,1,2
202300020514,16,11,2023,19:50,5,1,2,34,34172,2,7,2,1,1
202300020515,12,9,2023,16:35,1,1,2,56,56121,2,4,2,1,1
202300020516,9,3,2023,05:10,3,1,6,95,95042,1,2,3,1,1
202300020517,12,9,2023,08:00,1,1,6,56,56098,2,3,2,1,1
202300020518,8,3,2023,14:20,1,3,4,93,93064,1,1,2,1,2
202300020519,12,9,2023,13:00,1,1,2,54,54395,2,4,2,2,1
202300020520,16,11,2023,13:50,1,8,2,34,34172,2,4,2,1,2
202300020521,8,3,2023,10:30,1,2,6,92,92036,1,1,1,1,2
202300020522,8,3,2023,04:45,3,3,3,95,95582,1,1,3,2,2
202300020523,12,9,2023,09:00,1,1,4,54,54184,2,7,2,2,1
202300020524,12,3,2023,23:30,3,2,7,94,94073,1,1,-1,1,2
202300020525,16,11,2023,08:15,1,2,3,34,34172,2,7,-1,1,2
202300020525,16,11,2023,08:15,1,2,3,34,34172,2,7,2,1,2
202300020526,12,9,2023,07:43,1,1,3,51,51454,2,4,2,1,1
202300020526,12,9,2023,07:43,1,1,3,51,51454,2,4,2,1,1
202300020527,9,3,2023,17:30,1,2,2,94,94017,1,1,-1,1,2
202300020528,16,11,2023,17:50,5,2,6,33,33281,2,4,2,1,2
202300020529,11,9,2023,20:00,5,1,3,51,51454,2,4,2,1,1
202300020529,11,9,2023,20:00,5,1,3,51,51454,2,4,2,2,1
202300020530,8,3,2023,15:30,1,3,6,77,77175,1,2,-1,2,2
202300020531,12,3,2023,01:10,3,1,6,13,13005,2,3,2,1,1
202300020532,12,9,2023,17:45,1,1,2,49,49246,1,1,3,1,2
202300020533,12,3,2023,13:45,1,2,7,974,97411,2,2,3,2,2
202300020534,12,9,2023,10:45,1,2,7,49,49007,2,4,2,1,2
202300020535,11,3,2023,07:00,1,1,6,974,97411,2,4,-1,2,1
202300020536,16,11,2023,14:27,1,2,3,33,33318,2,4,2,1,2
202300020536,16,11,2023,14:27,1,2,3,33,33318,2,4,2,1,2
202300020537,5,9,2023,16:20,1,1,1,46,46042,1,3,3,2,1
202300020538,30,1,2023,07:50,5,1,3,37,37233,2,4,2,1,1
202300020539,12,3,2023,20:45,5,1,3,69,69383,2,4,1,1,1
202300020539,12,3,2023,20:45,5,1,3,69,69383,2,4,2,1,1
202300020540,29,1,2023,20:40,5,1,3,34,34172,2,4,2,1,1
202300020541,13,9,2023,17:43,1,1,3,45,45147,2,4,2,1,1
202300020541,13,9,2023,17:43,1,1,3,45,45147,2,4,2,1,1
202300020542,6,3,2023,18:45,5,8,6,95,95555,2,3,2,1,1
202300020543,25,1,2023,15:24,1,1,6,34,34003,2,4,1,1,1
202300020544,12,9,2023,17:15,1,2,7,43,43041,2,3,2,1,2
202300020545,12,3,2023,16:25,1,1,6,91,91687,2,4,-1,1,1
202300020545,12,3,2023,16:25,1,1,6,91,91687,2,4,2,1,1
202300020546,30,1,2023,07:50,1,1,3,33,33318,2,4,2,1,1
202300020546,30,1,2023,07:50,1,1,3,33,33318,2,4,2,1,1
202300020547,13,9,2023,07:29,1,2,3,38,38516,2,7,2,2,2
202300020547,13,9,2023,07:29,1,2,3,38,38516,2,7,2,1,2
202300020548,12,3,2023,10:23,1,1,1,83,83069,2,4,2,1,1
202300020548,12,3,2023,10:23,1,1,1,83,83069,2,4,2,4,1
202300020549,16,11,2023,12:45,1,1,4,33,33119,2,4,1,2,1
202300020550,13,9,2023,16:10,1,1,6,37,37214,2,4,2,1,1
202300020551,12,3,2023,20:30,3,3,1,78,78418,2,3,2,1,2
202300020552,30,1,2023,08:00,2,1,3,33,33063,2,4,1,1,1
202300020552,30,1,2023,08:00,2,1,3,33,33063,2,4,1,1,1
202300020553,12,9,2023,17:10,1,1,3,37,37122,2,4,2,1,1
202300020554,12,3,2023,16:40,1,1,2,64,64189,1,4,2,1,1
202300020555,30,1,2023,07:40,2,1,3,31,31555,2,7,2,1,1
202300020555,30,1,2023,07:40,2,1,3,31,31555,2,7,2,1,1
202300020556,13,9,2023,20:24,2,1,3,35,35238,2,4,2,1,1
202300020557,12,3,2023,01:40,5,9,7,59,59352,1,7,2,1,2
202300020558,30,1,2023,09:00,1,1,1,30,30028,2,4,2,1,1
202300020559,16,11,2023,12:07,1,6,6,33,33162,2,4,2,1,2
202300020560,12,3,2023,05:01,5,2,6,45,45004,2,4,1,2,2
202300020561,30,1,2023,17:10,1,8,3,28,28085,2,4,1,2,1
202300020562,12,3,2023,21:30,5,2,6,44,44109,2,4,1,2,2
202300020563,13,9,2023,09:20,1,1,4,35,35238,2,4,3,1,1
202300020564,23,1,2023,10:15,1,1,6,21,21231,2,4,3,1,1
202300020564,23,1,2023,10:15,1,1,6,21,21231,2,4,3,1,1
202300020565,11,3,2023,17:11,1,8,3,37,37261,2,4,2,1,1
202300020566,30,1,2023,08:00,2,9,2,13,13213,2,4,2,1,7
202300020567,13,9,2023,22:15,5,1,3,33,33063,2,4,2,1,1
202300020567,13,9,2023,22:15,5,1,3,33,33063,2,4,2,2,1
202300020568,30,1,2023,08:55,1,7,6,09,09207,2,3,2,1,1
202300020569,12,3,2023,11:00,1,2,3,33,33119,2,4,2,1,2
202300020569,12,3,2023,11:00,1,2,3,33,33119,2,4,2,1,2
202300020570,13,9,2023,20:55,5,1,6,31,31555,2,4,1,1,1
202300020571,12,3,2023,07:30,2,2,6,33,33522,2,4,1,1,2
202300020572,30,1,2023,13:45,1,1,3,06,06069,2,3,2,2,1
202300020572,30,1,2023,13:45,1,1,3,06,06069,2,3,2,3,1
202300020573,13,9,2023,18:35,1,1,3,29,29232,2,4,3,2,1
202300020573,13,9,2023,18:35,1,1,3,29,29232,2,4,3,2,1
202300020574,12,3,2023,04:40,5,2,3,31,31555,2,7,2,1,2
202300020575,30,1,2023,07:25,2,1,6,06,06029,2,3,2,1,1
202300020576,13,9,2023,16:30,1,1,6,29,29019,2,4,2,1,1