id_accident,jour,mois,annee,heure_minute,luminosite,meteo,type_collision,departement,commune,agglomeration,categorie_route,regime_circulation,profil_route,etat_surface
202300020576,13,9,2023,16:30,1,1,6,29,29019,2,4,2,1,1
202300020577,12,3,2023,12:45,1,2,6,29,29051,1,3,2,2,2
202300020578,29,1,2023,20:25,5,3,3,974,97409,2,4,2,1,2
202300020579,8,9,2023,15:45,1,1,6,17,17028,2,4,1,1,1
202300020580,12,3,2023,23:55,5,1,3,25,25056,2,4,2,3,1
202300020580,12,3,2023,23:55,5,1,3,25,25056,2,4,2,1,1
202300020581,28,1,2023,17:00,1,1,6,974,97409,2,3,2,1,1
202300020581,28,1,2023,17:00,1,1,6,974,97409,2,3,2,1,1
202300020582,14,11,2023,10:50,1,2,1,29,29232,2,3,2,2,2
202300020583,28,1,2023,13:40,1,2,6,973,97302,2,4,1,1,2
202300020584,12,3,2023,14:20,1,1,2,25,25056,2,4,3,2,1
202300020584,12,3,2023,14:20,1,1,2,25,25056,2,4,3,1,1
202300020585,11,9,2023,05:20,2,1,6,15,15014,2,2,2,1,1
202300020586,12,3,2023,15:25,1,1,3,13,13054,2,4,2,1,1
202300020586,12,3,2023,15:25,1,1,3,13,13054,2,4,2,1,1
202300020587,29,1,2023,18:40,5,1,4,69,69387,2,4,2,1,1
202300020588,13,9,2023,15:40,1,1,1,13,13005,1,3,2,1,1
202300020589,12,3,2023,00:15,5,1,3,13,13054,2,4,2,1,1
202300020589,12,3,2023,00:15,5,1,3,13,13054,2,4,2,1,1
202300020590,29,1,2023,18:30,5,1,1,69,69386,2,4,1,1,1
202300020590,29,1,2023,18:30,5,1,1,69,69386,2,4,2,1,1
202300020591,12,9,2023,17:55,1,1,7,10,10362,1,3,2,1,1
202300020592,29,1,2023,17:25,1,1,3,972,97213,1,1,2,1,1
202300020593,12,3,2023,02:30,3,1,3,13,13103,1,3,2,1,1
202300020594,29,1,2023,18:30,5,2,3,972,97209,2,4,2,2,2
202300020594,29,1,2023,18:30,5,2,3,972,97209,2,4,2,1,2
202300020595,12,3,2023,17:00,1,1,1,13,13203,2,4,2,1,1
202300020596,12,9,2023,21:30,5,1,1,10,10321,2,3,2,1,1
202300020596,12,9,2023,21:30,5,1,1,10,10321,2,3,1,1,1
202300020597,12,3,2023,15:20,1,1,3,13,13205,2,4,2,1,1
202300020598,12,3,2023,02:44,5,1,1,13,13212,2,4,2,1,1
202300020599,29,1,2023,21:20,5,1,3,69,69389,2,4,2,1,1
202300020599,29,1,2023,21:20,5,1,3,69,69389,2,4,2,1,1
202300020600,12,9,2023,08:35,1,1,6,10,10265,2,4,1,1,1
202300020601,12,3,2023,10:15,1,1,3,06,06069,2,4,2,1,1
202300020601,12,3,2023,10:15,1,1,3,06,06069,2,4,2,2,1
202300020602,11,3,2023,17:20,1,1,6,06,06069,2,3,2,2,1
202300020603,16,11,2023,20:15,5,2,3,25,25056,2,4,2,1,2
202300020604,10,3,2023,15:25,1,8,6,05,05061,2,6,-1,1,1
202300020605,29,1,2023,05:05,5,1,6,69,69202,2,4,2,2,1
202300020606,15,2,2023,12:40,1,1,6,04,04070,2,4,1,1,1
202300020606,15,2,2023,12:40,1,1,6,04,04070,2,4,1,1,1
202300020607,13,9,2023,11:00,1,1,2,06,06083,2,4,2,1,1
202300020608,12,3,2023,18:20,2,1,6,01,01283,2,3,2,3,1
202300020609,29,1,2023,07:00,1,1,6,971,97101,1,3,2,2,1
202300020610,10,3,2023,22:10,5,1,3,75,75116,2,4,1,1,1
202300020611,12,3,2023,01:15,5,2,3,75,75120,2,4,1,1,2
202300020611,12,3,2023,01:15,5,2,3,75,75120,2,4,1,1,2
202300020612,9,9,2023,11:40,1,1,2,05,05061,2,4,2,1,1
202300020613,12,3,2023,02:45,5,2,5,75,75108,2,4,2,1,2
202300020613,12,3,2023,02:45,5,2,5,75,75108,2,4,2,1,2
202300020614,28,1,2023,16:00,1,1,1,971,97113,1,2,2,1,1
202300020615,11,3,2023,15:00,1,1,3,75,75115,2,4,1,1,1
202300020615,11,3,2023,15:00,1,1,3,75,75115,2,4,1,1,1
202300020616,13,9,2023,13:05,1,1,7,04,04070,1,3,-1,1,1
202300020617,12,3,2023,19:05,5,1,6,75,75112,2,4,1,1,1
202300020618,28,1,2023,18:45,5,1,3,95,95572,2,4,2,1,1
202300020619,12,3,2023,12:10,1,1,2,75,75112,2,4,2,1,2
202300020620,12,9,2023,17:10,1,2,5,75,75117,2,4,1,1,2
202300020621,12,3,2023,03:00,5,2,7,75,75107,2,4,2,1,2
202300020621,12,3,2023,03:00,5,2,7,75,75107,2,4,-1,1,2
202300020622,29,1,2023,14:35,1,1,5,91,91286,2,3,2,1,1
202300020622,29,1,2023,14:35,1,1,5,91,91286,2,3,2,1,1
202300020622,29,1,2023,14:35,1,1,5,91,91286,2,3,3,1,1
202300020623,12,9,2023,17:30,1,2,4,75,75112,2,4,1,1,2
202300020624,12,3,2023,22:40,5,2,2,94,94074,2,2,3,1,2
202300020625,29,1,2023,08:20,1,1,2,91,91479,2,3,2,1,1
202300020626,12,9,2023,17:00,1,2,3,75,75116,2,4,1,1,2
202300020627,12,3,2023,19:10,1,1,1,94,94077,2,4,1,1,1
202300020628,29,1,2023,18:10,3,1,1,91,91223,2,4,3,3,2
202300020629,6,9,2023,09:55,1,1,4,75,75120,2,4,1,1,1
202300020630,29,1,2023,21:20,5,1,3,69,69266,2,4,2,1,1
202300020631,11,3,2023,22:20,5,2,3,94,94018,2,1,2,2,2
202300020631,11,3,2023,22:20,5,2,3,94,94018,2,1,3,1,2
202300020632,13,9,2023,21:15,5,1,3,75,75120,2,4,1,1,1
202300020632,13,9,2023,21:15,5,1,3,75,75120,2,4,2,1,1
202300020633,12,3,2023,18:54,2,1,6,93,93066,2,4,1,1,1
202300020633,12,3,2023,18:54,2,1,6,93,93066,2,4,2,1,1
202300020634,29,1,2023,20:35,5,1,3,69,69264,2,3,2,1,1
202300020634,29,1,2023,20:35,5,1,3,69,69264,2,3,2,2,1
202300020635,12,9,2023,07:40,1,1,6,75,75120,2,4,2,1,1
202300020635,12,9,2023,07:40,1,1,6,75,75120,2,4,1,1,1
202300020636,28,1,2023,17:20,1,1,3,62,62617,2,4,2,1,1
202300020637,12,3,2023,16:15,1,1,4,93,93077,2,3,1,1,1
202300020638,12,9,2023,02:30,5,1,1,75,75120,2,4,-1,1,1
202300020638,12,9,2023,02:30,5,1,1,75,75120,2,4,2,1,1
202300020639,29,1,2023,09:45,1,1,3,60,60057,2,4,2,1,1
202300020639,29,1,2023,09:45,1,1,3,60,60057,2,4,2,1,1
202300020640,13,9,2023,10:10,1,1,3,75,75113,2,4,1,1,1
202300020640,13,9,2023,10:10,1,1,3,75,75113,2,4,1,2,1
202300020641,12,3,2023,21:08,5,2,7,93,93008,2,3,1,1,2
202300020641,12,3,2023,21:08,5,2,7,93,93008,2,3,3,1,2
202300020642,29,1,2023,15:15,1,1,5,59,59350,2,4,2,1,1
202300020642,29,1,2023,15:15,1,1,5,59,59350,2,4,3,1,1
202300020643,11,3,2023,11:00,1,1,6,92,92047,2,3,2,2,1
202300020644,13,9,2023,13:25,1,8,3,75,75110,2,4,1,1,1
202300020644,13,9,2023,13:25,1,8,3,75,75110,2,4,-1,1,1
202300020645,29,1,2023,10:40,1,1,6,59,59560,2,4,2,1,1
202300020645,29,1,2023,10:40,1,1,6,59,59560,2,4,2,1,1
202300020646,12,3,2023,16:45,1,1,3,92,92026,2,3,3,1,1
202300020647,13,9,2023,08:40,1,1,1,75,75103,2,4,1,1,1
202300020647,13,9,2023,08:40,1,1,1,75,75103,2,4,1,1,1
202300020648,29,1,2023,02:00,5,1,6,59,59122,2,3,1,1,1
202300020649,13,9,2023,07:50,2,8,6,94,94038,2,3,2,1,1
202300020650,22,12,2023,15:25,1,8,2,93,93053,1,1,1,1,2
202300020651,28,1,2023,07:30,5,2,3,50,50502,2,3,2,2,2
202300020652,11,3,2023,09:51,1,1,3,92,92026,2,3,2,1,1
202300020652,11,3,2023,09:51,1,1,3,92,92026,2,3,3,1,1
202300020653,13,9,2023,14:50,1,8,3,94,94033,2,3,2,2,1
202300020654,29,1,2023,21:18,5,1,3,49,49007,2,4,2,1,1
202300020654,29,1,2023,21:18,5,1,3,49,49007,2,4,2,1,1
202300020655,12,3,2023,22:21,5,2,7,92,92023,2,4,2,1,2
202300020656,12,9,2023,20:00,2,8,3,94,94028,2,3,1,1,2
202300020656,12,9,2023,20:00,2,8,3,94,94028,2,3,1,1,2
202300020657,29,1,2023,19:20,5,1,6,47,47001,2,4,2,1,1
202300020657,29,1,2023,19:20,5,1,6,47,47001,2,4,2,1,1
202300020658,12,3,2023,11:10,1,1,3,92,92002,2,3,2,1,1
202300020658,12,3,2023,11:10,1,1,3,92,92002,2,3,2,1,1
202300020659,12,9,2023,07:45,1,1,6,94,94019,2,3,2,1,1
202300020660,29,1,2023,18:55,5,1,6,45,45232,2,4,2,1,1
202300020661,13,9,2023,09:09,1,1,3,94,94071,2,4,2,1,1
202300020661,13,9,2023,09:09,1,1,3,94,94071,2,4,2,1,1
202300020662,12,3,2023,17:00,1,1,4,58,58227,2,3,2,1,1
202300020663,28,1,2023,14:50,1,2,1,42,42218,2,4,2,1,2
202300020663,28,1,2023,14:50,1,2,1,42,42218,2,4,3,1,2
202300020664,22,12,2023,14:00,1,1,5,95,95572,1,2,3,1,1
202300020665,10,3,2023,21:50,3,2,6,89,89411,1,3,2,1,2
202300020666,13,9,2023,18:35,1,1,3,93,93064,2,3,2,1,1
202300020667,22,12,2023,09:10,1,2,7,93,93010,1,1,-1,1,2
202300020668,12,3,2023,18:00,1,1,7,34,34175,1,3,2,1,1
202300020669,29,1,2023,04:35,3,1,7,41,41018,2,4,1,4,1
202300020670,13,9,2023,08:40,1,1,6,93,93066,2,4,2,1,1
202300020671,1,8,2023,16:25,1,2,6,41,41067,2,3,2,1,2
202300020672,11,3,2023,23:30,3,1,6,39,39452,2,3,2,1,1
202300020672,11,3,2023,23:30,3,1,6,39,39452,2,3,2,1,1
202300020673,29,1,2023,00:15,5,8,3,37,37214,2,4,2,1,1
202300020673,29,1,2023,00:15,5,8,3,37,37214,2,4,2,1,1
202300020674,13,9,2023,20:30,5,1,6,93,93013,2,3,3,1,1
202300020674,13,9,2023,20:30,5,1,6,93,93013,2,3,2,1,1
202300020675,12,3,2023,12:15,1,2,7,44,44038,1,4,2,1,2
202300020676,29,1,2023,06:50,3,1,6,35,35238,1,2,3,1,1
202300020677,12,3,2023,09:15,1,1,7,29,29008,1,3,2,1,2
202300020678,12,9,2023,19:00,1,2,6,93,93014,2,3,3,1,2
202300020678,12,9,2023,19:00,1,2,6,93,93014,2,3,2,1,2
202300020679,17,12,2023,09:50,1,1,6,974,97416,2,3,2,1,1
202300020680,27,1,2023,13:59,1,1,3,35,35115,2,3,2,1,1
202300020680,27,1,2023,13:59,1,1,3,35,35115,2,3,2,1,1
202300020681,13,9,2023,19:04,1,1,3,92,92050,2,4,2,1,1
202300020682,10,3,2023,12:00,1,6,3,06,06085,2,4,2,2,1
202300020682,10,3,2023,12:00,1,6,3,06,06085,2,4,2,2,1
202300020683,13,9,2023,17:33,1,1,6,92,92050,2,3,2,1,1
202300020684,29,1,2023,19:00,5,1,1,31,31555,1,4,2,1,1
202300020685,12,3,2023,03:35,5,1,7,83,83081,2,3,2,1,1
202300020686,29,1,2023,12:50,1,1,6,22,22360,1,3,3,1,1
202300020687,14,8,2023,15:30,1,1,3,92,92050,2,3,3,1,1
202300020688,21,12,2023,17:20,1,1,5,974,97411,2,2,2,2,1
202300020689,29,1,2023,11:50,1,1,6,17,17306,2,4,-1,1,1
202300020690,13,9,2023,12:30,1,1,3,92,92040,2,3,1,2,1
202300020691,12,3,2023,22:20,3,1,3,81,81131,1,3,2,1,1
202300020691,12,3,2023,22:20,3,1,3,81,81131,1,3,2,1,1
202300020692,21,12,2023,14:20,1,1,2,974,97411,2,4,1,1,1
202300020693,13,9,2023,17:55,1,1,6,92,92025,2,3,1,1,1
202300020693,13,9,2023,17:55,1,1,6,92,92025,2,3,1,1,1
202300020694,28,1,2023,13:50,1,1,6,15,15014,2,4,2,1,1
202300020695,13,3,2023,07:45,2,1,2,33,33042,1,3,2,1,2
202300020696,13,9,2023,09:20,1,8,2,92,92024,2,3,3,1,1
202300020697,29,1,2023,18:00,5,1,6,13,13211,2,4,1,1,1
202300020698,11,3,2023,19:45,3,1,1,62,62235,1,3,2,1,1
202300020699,12,9,2023,20:50,1,1,2,92,92004,2,3,1,1,1
202300020699,12,9,2023,20:50,1,1,2,92,92004,2,3,2,1,1
202300020700,21,12,2023,16:30,1,1,3,974,97407,2,4,1,1,1
202300020700,21,12,2023,16:30,1,1,3,974,97407,2,4,2,1,1
202300020701,10,3,2023,08:47,1,1,4,13,13001,1,1,1,1,1
202300020702,29,1,2023,11:50,1,1,3,13,13203,2,4,-1,1,1
202300020702,29,1,2023,11:50,1,1,3,13,13203,2,4,-1,1,1
202300020703,13,9,2023,09:50,1,1,6,92,92004,2,3,-1,1,1
202300020704,10,3,2023,07:45,1,1,6,13,13071,1,1,1,1,1
202300020705,29,1,2023,15:40,1,1,3,75,75108,2,4,2,1,1
202300020705,29,1,2023,15:40,1,1,3,75,75108,2,4,2,1,1
202300020706,20,12,2023,22:40,5,1,6,974,97407,2,4,1,1,1
202300020707,13,9,2023,11:25,1,1,3,76,76281,1,3,2,1,1
202300020707,13,9,2023,11:25,1,1,3,76,76281,1,3,2,1,1
202300020708,9,3,2023,17:15,1,1,4,13,13071,1,1,1,1,1
202300020709,29,1,2023,23:10,5,1,2,75,75118,2,4,3,1,1
202300020709,29,1,2023,23:10,5,1,2,75,75118,2,4,1,1,1
202300020710,13,9,2023,17:15,1,1,6,65,65139,2,3,2,1,1
202300020711,21,12,2023,19:10,5,2,6,69,69386,2,4,1,1,2
202300020711,21,12,2023,19:10,5,2,6,69,69386,2,4,3,1,2
202300020712,3,3,2023,17:00,1,1,2,13,13216,1,1,-1,2,1
202300020713,29,1,2023,17:35,5,1,6,75,75117,2,4,3,1,1
202300020713,29,1,2023,17:35,5,1,6,75,75117,2,4,2,1,1
202300020714,11,9,2023,07:10,3,1,3,17,17131,2,4,2,1,1
202300020714,11,9,2023,07:10,3,1,3,17,17131,2,4,2,3,1
202300020715,10,3,2023,17:30,1,1,2,67,67482,1,7,3,1,1
202300020716,29,1,2023,18:45,5,1,2,75,75108,2,4,1,1,1
202300020717,22,7,2023,16:15,1,1,3,84,84069,2,3,2,2,1
202300020718,30,1,2023,09:00,1,8,6,75,75115,2,4,-1,1,2
202300020718,30,1,2023,09:00,1,8,6,75,75115,2,4,2,1,2
202300020719,9,3,2023,11:00,1,1,5,33,33167,1,2,3,2,1
202300020720,21,12,2023,19:40,5,2,6,69,69386,2,4,1,1,2
202300020721,12,9,2023,11:09,1,1,6,83,83148,2,4,1,1,1
202300020722,30,1,2023,09:20,1,2,3,75,75114,2,4,2,1,2
202300020722,30,1,2023,09:20,1,2,3,75,75114,2,4,1,1,2
202300020723,14,9,2023,09:50,1,1,6,19,19250,1,1,1,1,1
202300020724,12,3,2023,09:25,1,1,7,91,91363,1,2,1,1,1
202300020725,21,12,2023,12:30,1,1,6,972,97213,1,3,2,2,1
202300020726,30,1,2023,13:15,1,1,2,75,75113,2,4,2,1,2
202300020726,30,1,2023,13:15,1,1,2,75,75113,2,4,2,1,2
202300020727,13,9,2023,18:55,1,1,7,65,65010,1,3,2,1,1
202300020728,12,3,2023,00:35,3,1,6,91,91570,1,2,1,2,2
202300020729,30,1,2023,21:50,5,1,2,75,75112,2,4,1,1,1
202300020729,30,1,2023,21:50,5,1,2,75,75112,2,4,1,1,1
202300020730,11,3,2023,23:41,3,2,1,91,91235,1,3,2,2,2
202300020731,14,9,2023,14:45,1,1,1,30,30299,1,3,-1,1,1
202300020731,14,9,2023,14:45,1,1,1,30,30299,1,3,2,1,1
202300020732,30,1,2023,19:55,5,1,6,75,75110,2,4,1,1,1
202300020732,30,1,2023,19:55,5,1,6,75,75110,2,4,1,2,1
202300020733,21,12,2023,02:55,5,1,3,69,69385,2,4,2,2,2
202300020733,21,12,2023,02:55,5,1,3,69,69385,2,4,2,2,2
202300020734,5,9,2023,22:45,5,1,6,34,34270,2,4,2,1,1
202300020735,10,3,2023,21:44,3,1,2,94,94021,1,1,2,1,1
202300020736,30,1,2023,18:10,5,1,6,75,75104,2,4,-1,1,1
202300020736,30,1,2023,18:10,5,1,6,75,75104,2,4,2,1,1
202300020737,14,9,2023,09:15,1,5,6,61,61400,1,1,3,1,1
202300020738,9,3,2023,19:05,3,2,4,91,91689,1,1,1,1,2
202300020739,29,1,2023,20:00,5,1,3,75,75112,2,4,2,1,1
202300020739,29,1,2023,20:00,5,1,3,75,75112,2,4,2,1,1
202300020740,30,8,2023,17:39,1,1,3,56,56032,1,3,2,2,1
202300020740,30,8,2023,17:39,1,1,3,56,56032,1,3,2,1,1
202300020741,30,1,2023,19:31,5,1,2,94,94074,2,2,3,1,1
202300020742,12,9,2023,11:15,1,1,7,79,79133,1,3,2,1,1
202300020743,9,3,2023,15:00,1,2,4,91,91689,1,1,1,1,2
202300020744,20,12,2023,18:10,5,1,4,2B,2B033,2,2,2,1,1
202300020745,9,3,2023,12:40,1,1,3,94,94065,1,1,1,1,1
202300020746,30,1,2023,02:33,5,1,3,94,94037,2,4,2,1,1
202300020746,30,1,2023,02:33,5,1,3,94,94037,2,4,2,1,1
202300020747,14,9,2023,11:50,1,7,3,65,65108,1,3,2,1,1
202300020747,14,9,2023,11:50,1,7,3,65,65108,1,3,2,1,1
202300020748,30,1,2023,17:10,1,2,7,94,94073,2,4,2,1,2
202300020748,30,1,2023,17:10,1,2,7,94,94073,2,4,2,2,2
202300020749,11,3,2023,16:28,1,1,2,78,78545,1,1,-1,1,1
202300020750,21,12,2023,08:30,1,1,6,971,97120,2,3,2,1,1
202300020751,8,9,2023,12:15,1,1,3,81,81120,1,2,2,1,1
202300020751,8,9,2023,12:15,1,1,3,81,81120,1,2,2,1,1
202300020752,30,1,2023,17:15,1,1,3,93,93055,2,4,3,1,1
202300020752,30,1,2023,17:15,1,1,3,93,93055,2,4,2,1,1
202300020753,10,3,2023,09:20,1,2,2,78,78158,1,1,1,1,2
202300020754,14,9,2023,16:25,1,1,2,71,71310,1,2,3,1,1
202300020755,10,3,2023,00:49,3,2,3,92,92050,1,1,1,2,2
202300020756,30,1,2023,09:30,1,8,3,93,93048,2,4,1,1,2
202300020756,30,1,2023,09:30,1,8,3,93,93048,2,4,2,1,2
202300020757,6,12,2023,13:11,1,1,1,95,95210,2,4,2,1,1
202300020757,6,12,2023,13:11,1,1,1,95,95210,2,4,2,1,1
202300020758,14,9,2023,20:20,3,1,2,71,71050,1,3,2,1,1
202300020758,14,9,2023,20:20,3,1,2,71,71050,1,3,2,2,1
202300020759,9,3,2023,08:45,1,1,3,92,92050,1,1,-1,1,1
202300020760,30,1,2023,08:20,1,1,4,93,93010,2,3,1,1,2
202300020761,14,9,2023,12:05,1,1,2,89,89100,1,3,2,1,1
202300020762,30,1,2023,19:50,5,1,7,92,92046,2,3,1,1,1
202300020763,8,3,2023,16:30,1,3,3,78,78640,1,2,1,1,2
202300020764,13,9,2023,13:20,1,1,6,63,63430,2,3,2,1,1
202300020765,20,1,2023,19:20,5,1,6,92,92064,2,3,-1,1,1
202300020765,20,1,2023,19:20,5,1,6,92,92064,2,3,1,2,1
202300020766,14,9,2023,15:40,1,1,7,61,61075,1,3,2,2,1
202300020767,21,12,2023,03:25,3,2,6,95,95018,2,4,1,1,2
202300020768,8,3,2023,20:00,5,2,2,93,93066,1,1,3,1,2
202300020769,14,9,2023,10:15,1,1,6,12,12120,2,4,2,1,1
202300020769,14,9,2023,10:15,1,1,6,12,12120,2,4,2,1,1
202300020770,8,3,2023,13:45,1,2,4,93,93063,1,1,3,1,2
202300020771,14,9,2023,14:40,1,1,3,02,02307,1,3,2,1,1
202300020771,14,9,2023,14:40,1,1,3,02,02307,1,3,2,1,1
202300020772,21,12,2023,08:19,5,2,6,87,87050,2,3,2,1,2
202300020772,21,12,2023,08:19,5,2,6,87,87050,2,3,2,1,2
202300020773,29,1,2023,18:25,5,1,2,92,92051,2,4,1,1,1
202300020773,29,1,2023,18:25,5,1,2,92,92051,2,4,2,1,1
202300020774,12,3,2023,15:45,1,1,3,75,75112,1,1,3,1,1
202300020775,14,9,2023,08:02,1,1,1,02,02602,2,3,2,1,1
202300020775,14,9,2023,08:02,1,1,1,02,02602,2,3,2,2,1
202300020776,30,1,2023,20:30,5,1,3,92,92062,2,4,1,1,1
202300020776,30,1,2023,20:30,5,1,3,92,92062,2,4,2,1,1
202300020777,20,12,2023,22:00,5,1,2,87,87085,2,4,2,2,1
202300020777,20,12,2023,22:00,5,1,2,87,87085,2,4,2,1,1
202300020778,12,3,2023,06:20,3,2,6,94,94044,1,2,1,1,2
202300020779,13,9,2023,18:12,1,1,6,01,01294,1,3,2,2,2
202300020780,28,1,2023,03:10,5,1,2,92,92004,2,3,2,1,2
202300020781,2,9,2023,01:30,3,1,7,26,26261,1,3,2,2,1
202300020782,10,3,2023,22:00,3,1,2,77,77146,1,1,1,1,2
202300020783,27,1,2023,23:30,5,1,3,92,92004,2,3,2,1,1
202300020784,13,9,2023,16:40,1,1,7,58,58021,1,3,2,1,1
202300020785,31,1,2023,08:30,1,1,6,95,95052,2,4,1,1,1
202300020786,10,9,2023,15:15,1,1,7,27,27174,1,3,1,2,1
202300020787,28,1,2023,11:45,1,1,6,95,95052,2,4,1,1,1
202300020788,13,9,2023,05:20,3,1,6,88,88334,1,3,2,1,1
202300020789,10,3,2023,20:45,3,8,4,77,77296,1,1,3,1,2
202300020790,30,1,2023,17:50,2,1,7,07,07153,1,2,2,2,1
202300020791,20,12,2023,19:15,5,1,3,87,87085,2,4,3,1,1
202300020791,20,12,2023,19:15,5,1,3,87,87085,2,4,2,2,1
202300020792,10,3,2023,12:30,1,1,6,69,69286,2,7,2,1,1
202300020793,7,9,2023,16:10,1,1,6,78,78356,2,3,2,1,1
202300020793,7,9,2023,16:10,1,1,6,78,78356,2,3,2,1,1
202300020794,31,1,2023,12:20,1,1,5,31,31285,1,3,2,1,1
202300020795,10,3,2023,16:38,1,1,6,38,38151,2,4,2,1,1
202300020796,3,9,2023,10:50,1,1,6,78,78406,2,4,2,2,1
202300020796,3,9,2023,10:50,1,1,6,78,78406,2,4,2,2,1
202300020797,20,12,2023,13:35,1,1,6,87,87085,2,4,1,1,1
202300020797,20,12,2023,13:35,1,1,6,87,87085,2,4,2,1,1
202300020798,31,1,2023,11:00,1,1,6,83,83036,2,4,2,2,1
202300020799,13,9,2023,19:20,1,1,7,31,31031,1,1,3,2,1
202300020800,9,3,2023,17:00,1,1,6,34,34172,2,4,2,1,1
202300020801,30,1,2023,20:57,3,1,2,22,22093,1,2,3,3,1
202300020802,6,9,2023,13:35,1,1,6,35,35353,1,3,2,2,1
202300020803,18,12,2023,15:27,1,1,2,87,87085,2,4,2,1,1
202300020803,18,12,2023,15:27,1,1,2,87,87085,2,4,2,1,1
202300020804,30,1,2023,14:25,1,1,6,59,59553,2,7,2,1,1
202300020805,9,3,2023,21:00,5,3,6,50,50129,2,4,2,1,2
202300020805,9,3,2023,21:00,5,3,6,50,50129,2,4,2,1,2
202300020806,14,9,2023,14:46,1,1,1,973,97309,2,3,2,1,1
202300020807,21,12,2023,09:20,1,1,6,85,85194,2,4,2,1,1
202300020808,27,1,2023,16:45,1,1,3,30,30278,2,3,3,1,1
202300020808,27,1,2023,16:45,1,1,3,30,30278,2,3,2,1,1
202300020809,11,3,2023,20:10,5,1,7,988,98818,2,4,2,1,1
202300020810,31,1,2023,12:30,1,1,7,2B,2B150,1,2,2,2,1
202300020811,14,9,2023,10:57,1,1,1,69,69044,2,7,2,1,1
202300020811,14,9,2023,10:57,1,1,1,69,69044,2,7,2,2,1
202300020812,11,3,2023,17:30,1,1,7,973,97302,2,3,2,1,1
202300020813,19,12,2023,16:50,2,1,1,84,84087,1,3,2,1,1
202300020814,30,1,2023,08:27,1,1,2,65,65235,1,2,3,1,1
202300020815,11,3,2023,01:10,1,1,2,973,97309,2,3,2,1,1
202300020815,11,3,2023,01:10,1,1,2,973,97309,2,3,2,1,1
202300020816,13,9,2023,20:20,3,1,3,06,06088,1,1,3,2,2
202300020817,30,1,2023,21:20,3,1,1,11,11009,1,3,2,1,1
202300020818,21,12,2023,07:50,5,2,6,79,79191,2,4,2,1,2
202300020819,6,3,2023,16:45,1,1,6,69,69149,2,7,2,2,1
202300020820,14,9,2023,13:55,1,1,1,27,27701,1,1,3,1,1
202300020821,28,1,2023,05:35,3,1,6,61,61168,1,3,2,1,2
202300020822,11,3,2023,16:44,1,1,7,971,97113,1,2,-1,1,1
202300020823,12,12,2023,13:05,1,8,6,78,78621,2,4,2,1,2
202300020824,25,1,2023,00:00,3,1,6,02,02420,2,3,2,1,1
202300020825,12,9,2023,09:30,1,1,2,27,27107,1,1,3,1,1
202300020826,27,1,2023,16:30,1,1,6,72,72223,1,3,2,3,1
202300020827,21,12,2023,11:20,1,2,6,77,77284,2,4,-1,1,2
202300020828,11,3,2023,21:50,5,8,1,2A,2A004,2,2,2,2,1
202300020829,14,9,2023,05:40,1,1,3,971,97129,1,2,-1,1,1
202300020830,31,1,2023,11:20,1,1,6,60,60509,2,4,-1,1,1
202300020831,31,1,2023,12:20,1,8,6,87,87109,1,3,2,2,2
202300020832,21,12,2023,20:30,5,1,3,76,76540,2,7,2,1,1
202300020832,21,12,2023,20:30,5,1,3,76,76540,2,7,2,1,1
202300020833,11,3,2023,23:24,5,1,3,91,91223,2,4,2,1,1
202300020833,11,3,2023,23:24,5,1,3,91,91223,2,4,-1,1,1
202300020834,31,1,2023,12:50,1,1,6,37,37156,2,4,1,2,2
202300020835,11,9,2023,23:55,3,2,6,77,77142,1,3,2,2,2
202300020836,21,12,2023,07:50,5,2,3,76,76351,2,4,2,1,2
202300020837,30,1,2023,20:15,3,1,6,30,30062,1,3,2,1,1
202300020838,13,9,2023,09:30,1,1,6,77,77100,2,3,-1,1,1
202300020839,11,3,2023,05:15,5,1,7,88,88413,1,2,1,1,2
202300020840,31,1,2023,18:30,2,1,1,30,30050,1,3,2,1,1
202300020841,11,3,2023,22:35,3,2,6,81,81004,2,4,2,1,2
202300020842,20,12,2023,14:40,1,1,3,76,76351,2,4,2,1,2
202300020843,14,9,2023,18:50,1,1,3,95,95489,1,4,2,1,1
202300020844,31,1,2023,12:35,1,1,3,80,80349,1,1,3,1,1
202300020845,13,9,2023,02:30,3,1,7,2B,2B290,1,3,2,2,1
202300020846,30,1,2023,14:30,1,1,6,66,66213,2,3,-1,1,1
202300020847,21,12,2023,18:00,5,1,2,76,76545,2,3,2,1,1
202300020848,31,1,2023,17:30,1,1,2,31,31220,1,1,3,2,1
202300020849,13,9,2023,14:30,1,1,5,66,66164,1,3,2,1,1
202300020850,20,12,2023,15:05,1,1,6,72,72181,2,4,2,1,1
202300020851,11,3,2023,21:30,5,2,6,78,78403,2,3,2,1,2
202300020852,12,9,2023,04:30,3,2,7,11,11397,1,3,2,1,2
202300020853,31,1,2023,14:03,1,1,2,06,06004,1,1,3,1,1
202300020854,20,12,2023,07:30,5,1,3,72,72181,2,4,-1,1,1
202300020855,11,3,2023,18:50,2,1,3,77,77394,1,3,2,1,1
202300020856,14,9,2023,07:30,2,1,6,84,84147,1,3,2,1,1
202300020856,14,9,2023,07:30,2,1,6,84,84147,1,3,-1,-1,-1
202300020857,30,1,2023,07:55,1,1,4,06,06088,1,1,3,2,1
202300020858,28,8,2023,13:44,1,1,6,13,13007,1,3,2,2,1