id_accident,jour,mois,annee,heure_minute,luminosite,meteo,type_collision,departement,commune,agglomeration,categorie_route,regime_circulation,profil_route,etat_surface
202300020859,11,3,2023,12:54,1,1,6,77,77268,2,6,-1,1,1
202300020860,20,12,2023,07:40,2,2,6,69,69290,2,4,2,1,2
202300020860,20,12,2023,07:40,2,2,6,69,69290,2,4,2,1,2
202300020861,27,1,2023,05:00,4,1,3,34,34172,1,1,3,1,1
202300020862,13,9,2023,17:33,1,1,6,88,88169,1,3,2,2,1
202300020863,11,3,2023,19:00,4,2,6,69,69266,2,4,2,1,2
202300020864,31,1,2023,17:00,1,1,2,69,69077,1,1,3,1,1
202300020865,21,12,2023,13:05,1,1,3,67,67482,2,4,3,1,1
202300020865,21,12,2023,13:05,1,1,3,67,67482,2,4,2,1,1
202300020866,11,3,2023,21:05,5,3,7,64,64483,2,3,1,2,2
202300020867,30,1,2023,07:15,1,2,1,987,98722,1,2,2,1,2
202300020868,11,3,2023,09:45,1,2,7,64,64102,2,4,2,1,2
202300020869,13,9,2023,20:50,3,1,7,38,38190,2,3,2,1,1
202300020870,21,12,2023,17:30,5,1,3,66,66136,2,4,2,1,1
202300020871,29,1,2023,16:20,1,1,1,987,98733,2,2,2,1,1
202300020872,13,9,2023,16:30,1,2,1,38,38158,2,4,2,1,2
202300020873,11,3,2023,05:50,5,2,3,59,59350,2,4,2,1,2
202300020873,11,3,2023,05:50,5,2,3,59,59350,2,4,3,1,2
202300020874,21,12,2023,19:00,5,2,2,64,64445,2,4,1,1,2
202300020875,28,1,2023,01:40,3,1,4,971,97118,1,2,3,2,1
202300020876,13,9,2023,17:15,1,1,3,26,26220,2,3,1,1,1
202300020877,10,3,2023,14:05,1,6,3,58,58194,2,4,1,2,1
202300020877,10,3,2023,14:05,1,6,3,58,58194,2,4,2,1,1
202300020878,25,1,2023,15:15,1,1,2,84,84078,1,2,2,1,1
202300020879,21,12,2023,19:30,5,2,1,64,64335,2,4,2,4,2
202300020880,11,9,2023,13:30,1,1,1,69,69160,1,3,2,2,1
202300020881,30,1,2023,16:10,1,1,7,13,13092,2,3,3,2,1
202300020881,30,1,2023,16:10,1,1,7,13,13092,2,3,2,2,1
202300020882,11,3,2023,02:10,5,8,2,57,57660,2,3,3,1,2
202300020883,21,12,2023,13:20,1,2,3,64,64122,2,4,2,2,2
202300020884,31,1,2023,14:30,1,2,6,55,55351,2,4,1,2,2
202300020885,14,9,2023,07:20,2,1,5,33,33422,1,3,2,1,1
202300020886,30,1,2023,13:00,1,1,1,07,07169,1,3,2,2,1
202300020887,21,12,2023,11:35,1,2,2,64,64102,2,4,1,1,3
202300020888,10,9,2023,13:55,1,1,6,59,59659,2,4,2,4,1
202300020889,28,1,2023,17:00,1,1,7,40,40184,2,3,2,1,1
202300020890,14,9,2023,16:25,1,1,7,59,59320,1,4,2,1,1
202300020891,19,12,2023,23:47,5,2,3,64,64102,2,4,2,2,2
202300020891,19,12,2023,23:47,5,2,3,64,64102,2,4,2,1,2
202300020892,17,1,2023,14:55,1,8,2,72,72084,1,3,2,1,1
202300020893,27,1,2023,17:00,1,1,6,49,49023,1,3,2,1,2
202300020894,10,9,2023,05:50,3,1,3,13,13211,1,1,-1,1,1
202300020895,21,12,2023,15:59,1,1,3,63,63032,2,4,2,1,1
202300020895,21,12,2023,15:59,1,1,3,63,63032,2,4,2,2,1
202300020896,30,1,2023,07:15,2,1,5,27,27008,1,3,2,1,1
202300020897,13,9,2023,22:35,3,1,2,33,33192,1,1,3,1,1
202300020898,13,12,2023,08:15,5,2,6,59,59392,2,3,2,1,2
202300020899,30,1,2023,15:00,1,1,6,60,60446,1,2,3,2,2
202300020900,13,9,2023,08:58,1,1,4,33,33550,1,1,3,1,1
202300020901,30,1,2023,08:00,2,2,7,60,60213,1,3,2,2,2
202300020902,20,12,2023,07:50,2,2,6,59,59368,2,7,2,1,2
202300020902,20,12,2023,07:50,2,2,6,59,59368,2,7,1,1,2
202300020903,30,1,2023,07:00,3,2,1,60,60204,1,3,2,2,2
202300020904,12,9,2023,17:10,1,2,5,33,33013,1,2,3,1,2
202300020905,20,12,2023,16:22,1,2,1,57,57283,2,4,2,1,2
202300020905,20,12,2023,16:22,1,2,1,57,57283,2,4,2,1,2
202300020906,20,1,2023,08:55,1,8,7,60,60491,1,3,2,2,2
202300020907,12,9,2023,06:40,3,1,7,33,33039,1,1,3,2,2
202300020908,29,1,2023,11:45,1,1,3,59,59173,1,7,3,1,1
202300020909,20,12,2023,11:10,1,1,3,56,56162,2,3,2,1,1
202300020910,30,1,2023,17:00,1,1,2,13,13056,1,1,1,1,1
202300020911,13,9,2023,17:00,1,1,2,91,91573,1,2,2,1,1
202300020912,18,12,2023,09:35,1,1,1,55,55545,2,4,2,1,1
202300020913,13,9,2023,13:30,1,1,2,91,91161,1,1,2,1,1
202300020914,30,1,2023,08:39,1,1,2,13,13088,1,1,-1,1,1
202300020915,30,1,2023,21:05,3,1,3,69,69294,1,1,3,1,1
202300020916,23,11,2023,19:30,3,1,1,55,55545,1,3,2,1,1
202300020917,13,9,2023,07:30,2,8,3,91,91286,1,1,3,1,2
202300020918,21,12,2023,13:20,1,2,7,54,54099,2,4,2,1,2
202300020918,21,12,2023,13:20,1,2,7,54,54099,2,4,2,3,2
202300020919,28,1,2023,04:40,3,1,6,59,59203,1,1,-1,1,1
202300020920,13,9,2023,01:30,3,2,6,91,91645,1,2,1,2,2
202300020921,12,1,2023,05:45,3,3,6,59,59143,1,1,-1,1,2
202300020922,13,9,2023,22:55,5,1,6,92,92063,1,1,1,1,2
202300020923,21,12,2023,11:30,1,2,3,51,51454,2,4,1,1,2
202300020923,21,12,2023,11:30,1,2,3,51,51454,2,4,1,1,2
202300020924,13,9,2023,04:45,3,2,7,93,93027,1,1,1,1,2
202300020925,21,12,2023,11:35,1,1,3,49,49007,2,4,2,1,1
202300020926,30,1,2023,18:25,3,1,4,91,91471,1,2,3,2,2
202300020927,12,9,2023,14:40,1,2,2,95,95394,1,2,3,1,2
202300020928,21,12,2023,17:40,5,2,6,45,45234,2,4,3,1,2
202300020929,30,1,2023,09:55,1,1,4,91,91549,1,2,3,1,2
202300020930,13,9,2023,18:44,1,1,2,94,94011,1,2,1,2,1
202300020931,30,1,2023,08:45,1,1,7,91,91687,1,1,3,1,1
202300020932,21,12,2023,08:55,1,1,4,45,45286,2,3,2,1,2
202300020932,21,12,2023,08:55,1,1,4,45,45286,2,3,1,2,1
202300020933,13,9,2023,09:35,1,1,2,94,94022,1,1,3,1,1
202300020934,30,1,2023,18:15,3,1,2,78,78090,1,1,3,1,1
202300020935,28,5,2023,15:15,1,1,7,43,43162,1,3,2,2,1
202300020936,30,1,2023,09:15,1,8,3,92,92047,1,1,-1,1,2
202300020937,21,12,2023,08:34,2,2,3,45,45004,2,4,2,1,2
202300020937,21,12,2023,08:34,2,2,3,45,45004,2,4,2,1,2
202300020938,28,1,2023,10:10,1,8,6,75,75119,2,4,1,1,1
202300020939,27,5,2023,12:25,1,1,2,43,43130,1,3,2,1,1
202300020939,27,5,2023,12:25,1,1,2,43,43130,1,3,2,3,1
202300020940,21,12,2023,15:40,1,8,6,44,44109,2,4,2,2,1
202300020941,29,1,2023,22:35,5,1,3,75,75105,2,4,1,1,1
202300020941,29,1,2023,22:35,5,1,3,75,75105,2,4,1,1,1
202300020942,4,7,2023,02:46,5,1,3,26,26198,2,2,2,1,1
202300020943,21,12,2023,17:55,5,1,6,43,43046,2,4,2,2,1
202300020944,28,1,2023,23:25,5,1,3,75,75120,2,4,1,1,1
202300020945,10,7,2023,10:27,1,1,2,22,22278,2,3,2,1,1
202300020946,29,1,2023,22:40,5,1,3,75,75117,2,4,1,1,1
202300020946,29,1,2023,22:40,5,1,3,75,75117,2,4,2,1,1
202300020947,21,12,2023,13:50,1,1,3,43,43157,2,3,2,1,1
202300020947,21,12,2023,13:50,1,1,3,43,43157,2,3,-1,1,1
202300020948,14,7,2023,05:30,2,1,1,88,88465,2,3,2,1,1
202300020949,29,1,2023,20:35,5,1,3,75,75117,2,4,1,1,1
202300020949,29,1,2023,20:35,5,1,3,75,75117,2,4,1,1,1
202300020950,17,12,2023,14:20,1,1,6,42,42218,1,7,2,2,1
202300020951,12,9,2023,12:35,1,1,6,976,97611,2,4,3,1,1
202300020952,29,1,2023,00:20,5,1,2,75,75112,2,4,1,1,1
202300020953,11,9,2023,08:45,1,1,3,976,97611,2,4,2,1,1
202300020954,29,1,2023,14:15,1,1,3,94,94028,2,3,3,1,1
202300020954,29,1,2023,14:15,1,1,3,94,94028,2,3,3,1,1
202300020954,29,1,2023,14:15,1,1,3,94,94028,2,3,3,1,1
202300020955,11,9,2023,07:30,1,7,3,974,97416,1,3,2,1,1
202300020955,11,9,2023,07:30,1,7,3,974,97416,1,3,2,1,1
202300020956,21,12,2023,16:40,2,2,4,38,38185,1,1,3,1,2
202300020957,11,9,2023,18:10,5,1,3,974,97409,2,4,2,1,1
202300020958,28,1,2023,20:10,5,1,1,94,94077,2,3,2,1,1
202300020959,11,9,2023,15:05,1,1,3,974,97407,2,4,3,1,1
202300020960,28,1,2023,20:20,5,1,6,93,93073,2,4,1,1,1
202300020961,20,12,2023,15:55,1,1,3,37,37261,2,4,4,1,1
202300020962,10,9,2023,21:45,5,1,6,974,97407,2,2,2,1,1
202300020963,29,1,2023,18:54,5,1,1,93,93062,2,4,2,2,1
202300020964,11,9,2023,08:35,1,1,4,973,97302,2,3,2,1,1
202300020965,21,12,2023,19:50,5,1,2,35,35238,2,4,2,1,2
202300020965,21,12,2023,19:50,5,1,2,35,35238,2,4,2,1,2
202300020966,29,1,2023,19:30,1,1,2,93,93057,2,3,3,1,1
202300020967,11,9,2023,09:49,1,1,6,973,97302,2,3,2,1,1
202300020968,29,1,2023,20:35,5,1,7,92,92048,2,3,3,1,1
202300020969,21,12,2023,17:30,5,2,6,35,35238,2,4,2,1,2
202300020970,10,9,2023,21:50,5,1,3,973,97302,2,3,2,1,1
202300020971,21,12,2023,09:20,1,1,4,35,35051,1,2,3,1,1
202300020972,29,1,2023,16:50,2,8,2,60,60275,1,3,2,2,2
202300020972,29,1,2023,16:50,2,8,2,60,60275,1,3,2,2,1
202300020973,12,9,2023,13:38,1,1,3,69,69386,2,4,1,1,1
202300020973,12,9,2023,13:38,1,1,3,69,69386,2,4,1,1,1
202300020974,30,1,2023,07:30,1,2,6,08,08314,2,3,2,1,2
202300020974,30,1,2023,07:30,1,2,6,08,08314,2,3,2,1,2
202300020975,21,12,2023,07:55,2,2,6,35,35238,2,4,1,1,2
202300020975,21,12,2023,07:55,2,2,6,35,35238,2,4,2,1,2
202300020976,12,9,2023,09:15,1,1,1,69,69383,2,4,1,1,1
202300020977,28,1,2023,22:50,3,2,7,40,40004,1,3,2,1,2
202300020978,11,9,2023,11:30,1,1,4,69,69387,1,4,1,1,1
202300020979,30,1,2023,11:40,1,1,6,28,28123,1,1,3,1,1
202300020980,21,12,2023,07:30,3,1,5,35,35238,1,2,3,1,2
202300020981,12,9,2023,12:30,1,1,7,972,97209,2,2,-1,1,1
202300020982,30,1,2023,07:00,3,1,6,01,01427,2,3,2,1,1
202300020982,30,1,2023,07:00,3,1,6,01,01427,2,3,2,1,1
202300020983,21,1,2023,05:15,3,9,6,38,38337,1,3,2,1,7
202300020984,11,9,2023,16:55,1,1,3,972,97209,2,4,2,1,1
202300020985,21,12,2023,22:00,5,1,3,34,34172,2,7,1,1,1
202300020985,21,12,2023,22:00,5,1,3,34,34172,2,7,1,1,1
202300020986,28,1,2023,20:05,3,1,6,59,59499,1,3,2,1,1
202300020987,12,9,2023,07:35,1,1,7,972,97209,2,3,2,1,1
202300020988,20,12,2023,16:42,1,7,6,33,33281,2,4,2,1,1
202300020989,29,1,2023,13:31,1,1,2,12,12084,1,1,3,2,9
202300020990,12,9,2023,16:05,1,1,6,69,69382,2,4,1,1,1
202300020990,12,9,2023,16:05,1,1,6,69,69382,2,4,1,1,1
202300020991,21,12,2023,08:00,2,8,6,33,33009,2,4,2,1,2
202300020992,30,1,2023,07:45,2,2,3,51,51248,2,4,2,1,2
202300020992,30,1,2023,07:45,2,2,3,51,51248,2,4,2,2,2
202300020993,12,9,2023,15:15,1,1,6,69,69382,2,4,1,1,1
202300020993,12,9,2023,15:15,1,1,6,69,69382,2,4,1,1,1
202300020994,29,1,2023,03:00,3,1,6,19,19121,1,3,2,1,1
202300020995,21,12,2023,18:15,5,2,6,31,31555,2,4,2,2,2
202300020996,27,1,2023,21:10,3,1,6,56,56044,1,3,2,1,1
202300020997,12,9,2023,09:00,1,1,3,69,69382,2,4,3,1,1
202300020997,12,9,2023,09:00,1,1,3,69,69382,2,4,1,1,1
202300020998,21,12,2023,12:45,1,1,3,30,30243,2,3,2,2,1
202300020999,18,1,2023,08:55,1,2,6,11,11291,1,3,2,1,2
202300021000,11,9,2023,13:00,1,1,3,69,69389,2,4,2,2,1
202300021000,11,9,2023,13:00,1,1,3,69,69389,2,4,2,1,1
202300021001,21,1,2023,22:40,3,8,2,49,49080,1,3,2,1,7
202300021002,21,12,2023,13:25,1,1,3,29,29019,2,4,-1,2,1
202300021002,21,12,2023,13:25,1,1,3,29,29019,2,4,1,1,1
202300021003,11,9,2023,08:10,1,1,3,69,69149,2,7,2,2,1
202300021004,27,1,2023,06:05,5,8,7,49,49373,2,4,2,2,2
202300021005,20,12,2023,19:10,3,2,5,29,29019,2,3,3,1,2
202300021006,10,9,2023,05:20,3,1,6,69,69034,1,4,1,1,1
202300021006,10,9,2023,05:20,3,1,6,69,69034,1,4,1,1,1
202300021007,29,1,2023,14:20,1,1,1,86,86086,1,3,2,2,1
202300021008,11,9,2023,15:34,1,1,6,971,97101,2,4,2,1,1
202300021009,20,12,2023,07:30,5,1,3,29,29019,2,4,2,2,1
202300021009,20,12,2023,07:30,5,1,3,29,29019,2,4,2,2,1
202300021010,30,1,2023,07:15,5,1,6,44,44041,2,3,2,1,1
202300021011,20,12,2023,08:20,2,8,7,27,27299,2,3,2,1,2
202300021012,11,9,2023,14:30,1,1,2,971,97113,1,2,1,1,1
202300021013,29,1,2023,10:15,1,1,6,29,29015,2,4,2,1,1
202300021014,21,12,2023,07:40,2,1,6,26,26362,2,3,2,1,1
202300021015,11,9,2023,15:10,1,1,3,971,97113,1,2,2,1,1
202300021016,21,12,2023,07:45,2,2,6,25,25056,2,4,2,1,2
202300021016,21,12,2023,07:45,2,2,6,25,25056,2,4,2,1,2
202300021017,18,1,2023,17:45,2,4,7,15,15138,1,3,2,2,5
202300021018,10,9,2023,13:47,1,1,3,971,97101,2,3,2,1,1
202300021018,10,9,2023,13:47,1,1,3,971,97101,2,3,2,1,1
202300021019,21,12,2023,21:40,5,1,6,22,22278,2,4,2,1,1
202300021020,19,1,2023,21:15,3,4,3,15,15157,1,2,2,2,5
202300021021,1,12,2023,18:30,5,2,1,15,15014,2,4,2,1,2
202300021022,28,1,2023,14:06,1,1,6,70,70404,1,3,2,1,1
202300021023,9,9,2023,20:30,5,1,4,971,97101,1,2,1,1,1
202300021024,20,12,2023,11:30,1,1,6,15,15014,1,2,2,1,1
202300021025,24,1,2023,13:40,1,1,1,06,06105,2,3,3,1,1
202300021026,11,9,2023,22:00,5,1,3,2A,2A004,2,2,4,1,1
202300021027,20,12,2023,18:00,5,8,2,14,14167,2,4,1,1,1
202300021028,30,1,2023,13:30,1,1,3,50,50483,2,3,1,1,2
202300021029,29,1,2023,06:00,3,1,7,53,53101,1,2,2,2,1
202300021030,11,9,2023,22:10,3,1,3,95,95585,1,3,2,1,1
202300021031,21,12,2023,17:50,2,1,1,13,13019,1,3,2,1,1
202300021032,28,1,2023,22:50,3,1,7,53,53233,2,3,2,1,1
202300021033,16,12,2023,00:20,5,1,7,13,13209,2,4,2,1,1
202300021034,12,9,2023,13:00,1,3,4,95,95277,1,3,3,2,4
202300021035,20,1,2023,08:00,2,8,3,40,40224,2,3,2,1,2
202300021035,20,1,2023,08:00,2,8,3,40,40224,2,3,2,-1,-1
202300021036,29,8,2023,22:20,1,1,3,95,95210,2,3,2,2,1
202300021037,21,12,2023,20:17,5,1,2,13,13203,2,4,1,1,1
202300021038,29,1,2023,12:15,1,8,3,24,24034,1,4,2,1,1
202300021038,29,1,2023,12:15,1,8,3,24,24034,1,4,2,3,1
202300021039,21,12,2023,13:50,1,1,6,13,13210,1,4,2,1,1
202300021040,30,8,2023,12:20,1,1,2,95,95427,2,3,2,1,1
202300021041,29,1,2023,19:34,3,1,1,973,97307,2,2,2,1,1
202300021041,29,1,2023,19:34,3,1,1,973,97307,2,2,2,1,1
202300021042,20,12,2023,14:55,1,1,1,13,13201,2,4,2,1,1
202300021043,29,1,2023,15:30,1,2,2,987,98738,2,2,2,1,2
202300021043,29,1,2023,15:30,1,2,2,987,98738,2,2,-1,1,2
202300021044,29,1,2023,20:56,3,1,6,53,53267,1,1,3,1,1
202300021045,29,1,2023,19:01,5,1,1,31,31169,2,3,2,1,1
202300021045,29,1,2023,19:01,5,1,1,31,31169,2,3,2,1,1
202300021046,11,9,2023,15:30,1,1,3,91,91657,2,3,2,1,1
202300021046,11,9,2023,15:30,1,1,3,91,91657,2,3,2,1,1
202300021047,17,1,2023,07:55,3,8,6,35,35024,1,3,2,1,2
202300021048,21,12,2023,19:00,3,1,6,13,13005,2,6,-1,1,1
202300021049,11,9,2023,11:50,1,1,6,91,91421,2,3,3,1,1
202300021050,29,1,2023,11:30,1,1,1,987,98714,1,2,2,3,1
202300021051,12,9,2023,08:30,1,1,6,91,91589,2,4,1,2,1
202300021052,20,12,2023,15:45,1,1,4,06,06069,1,3,3,2,1
202300021053,29,1,2023,13:30,1,3,6,988,98808,1,3,2,1,2
202300021054,11,9,2023,09:50,1,1,3,91,91027,2,4,2,2,1
202300021055,29,1,2023,19:50,3,8,6,973,97311,1,3,2,2,2
202300021056,10,9,2023,02:20,4,1,7,91,91027,2,3,2,1,1
202300021057,29,1,2023,17:20,1,1,6,971,97119,1,3,2,1,1
202300021058,20,12,2023,14:40,1,1,3,06,06069,1,3,3,2,1
202300021059,19,1,2023,13:35,1,1,7,971,97118,1,2,3,1,1
202300021060,12,9,2023,07:59,1,1,3,91,91223,1,3,1,1,1
202300021060,12,9,2023,07:59,1,1,3,91,91223,1,3,3,1,1
202300021061,20,12,2023,12:55,1,8,3,75,75117,2,4,1,1,1
202300021062,26,1,2023,17:40,1,1,2,33,33199,2,4,2,1,1
202300021063,10,9,2023,21:23,5,1,3,90,90010,2,3,2,1,1
202300021063,10,9,2023,21:23,5,1,3,90,90010,2,3,-1,1,9
202300021064,30,1,2023,10:18,1,2,6,77,77183,2,6,-1,1,2
202300021065,10,9,2023,20:25,2,1,3,87,87085,2,4,2,1,1
202300021065,10,9,2023,20:25,2,1,3,87,87085,2,4,2,2,1
202300021066,27,1,2023,22:15,3,2,7,78,78558,1,3,2,1,2
202300021067,20,12,2023,13:45,1,1,5,75,75113,2,4,1,1,1
202300021068,8,9,2023,21:39,5,1,7,87,87085,2,4,2,1,1
202300021069,14,1,2023,17:23,1,1,1,11,11076,2,4,2,1,1
202300021069,14,1,2023,17:23,1,1,1,11,11076,2,4,2,1,1
202300021070,7,9,2023,13:22,1,1,6,87,87085,2,4,1,2,1
202300021070,7,9,2023,13:22,1,1,6,87,87085,2,4,2,1,1
202300021071,20,12,2023,23:45,5,1,2,75,75118,2,4,1,1,1
202300021071,20,12,2023,23:45,5,1,2,75,75118,2,4,1,1,1
202300021072,29,1,2023,16:56,1,1,3,06,06092,2,3,2,4,1
202300021073,7,9,2023,07:15,2,1,3,87,87085,2,4,2,1,1
202300021073,7,9,2023,07:15,2,1,3,87,87085,2,4,3,1,1
202300021074,21,12,2023,18:10,5,1,3,75,75117,2,4,2,1,1
202300021074,21,12,2023,18:10,5,1,3,75,75117,2,4,2,1,1
202300021075,12,9,2023,06:32,2,1,3,86,86194,2,3,3,1,2
202300021076,29,1,2023,12:00,1,1,3,13,13085,1,3,2,1,1
202300021076,29,1,2023,12:00,1,1,3,13,13085,1,3,2,1,1
202300021077,11,9,2023,08:20,1,1,2,86,86214,2,3,2,1,1
202300021078,20,12,2023,10:45,1,1,6,75,75117,2,4,1,1,1
202300021078,20,12,2023,10:45,1,1,6,75,75117,2,4,1,1,1
202300021079,29,1,2023,19:46,3,1,6,67,67497,1,3,2,1,1
202300021079,29,1,2023,19:46,3,1,6,67,67497,1,3,2,1,1
202300021080,11,9,2023,08:30,1,1,3,86,86194,2,4,2,1,1
202300021080,11,9,2023,08:30,1,1,3,86,86194,2,4,2,1,1
202300021081,30,1,2023,09:00,1,1,7,26,26129,1,3,2,1,1
202300021081,30,1,2023,09:00,1,1,7,26,26129,1,3,2,1,1
202300021082,21,12,2023,13:10,1,1,3,75,75115,2,4,1,1,2
202300021082,21,12,2023,13:10,1,1,3,75,75115,2,4,1,1,2
202300021083,1,9,2023,17:15,1,1,3,84,84007,2,4,2,1,1
202300021084,30,1,2023,20:00,5,1,1,07,07324,2,3,2,1,1
202300021085,9,9,2023,09:00,1,1,3,83,83129,2,3,2,1,1
202300021085,9,9,2023,09:00,1,1,3,83,83129,2,3,1,1,1
202300021086,28,1,2023,10:50,1,1,3,69,69019,2,3,2,1,1
202300021086,28,1,2023,10:50,1,1,3,69,69019,2,3,2,1,1
202300021087,10,9,2023,19:05,1,1,3,82,82121,2,4,2,1,1
202300021087,10,9,2023,19:05,1,1,3,82,82121,2,4,2,1,1
202300021088,30,1,2023,09:20,1,1,3,81,81099,2,3,2,1,1
202300021089,20,12,2023,20:50,5,1,6,75,75115,2,4,-1,1,1
202300021089,20,12,2023,20:50,5,1,6,75,75115,2,4,1,1,1
202300021090,10,9,2023,20:22,3,1,6,78,78486,2,4,1,1,1
202300021091,30,1,2023,07:45,1,1,6,86,86044,1,3,2,1,1
202300021092,20,12,2023,18:40,5,1,6,75,75114,2,4,1,1,2
202300021093,15,1,2023,20:35,3,2,1,86,86163,1,4,2,1,2
202300021094,20,12,2023,17:00,5,1,7,75,75114,2,4,3,1,1
202300021095,28,1,2023,17:20,2,1,6,33,33449,2,4,2,1,1
202300021096,17,1,2023,18:30,5,1,3,72,72154,2,4,2,1,1
202300021097,29,1,2023,17:30,1,1,6,27,27332,2,9,2,1,1
202300021098,19,12,2023,23:15,5,2,2,75,75114,2,4,2,1,2
202300021098,19,12,2023,23:15,5,2,2,75,75114,2,4,2,1,2
202300021099,29,1,2023,20:10,3,1,6,60,60241,1,3,2,1,1
202300021100,29,1,2023,01:07,3,1,2,13,13215,1,1,1,1,1
202300021101,21,12,2023,01:40,5,2,6,75,75113,2,4,1,1,2
202300021101,21,12,2023,01:40,5,2,6,75,75113,2,4,1,1,2
202300021102,27,1,2023,08:10,5,1,2,13,13210,1,7,4,1,1
202300021103,28,7,2023,06:55,1,1,1,78,78402,1,3,2,1,1
202300021104,20,12,2023,19:40,5,1,6,75,75113,2,4,-1,1,1
202300021105,20,12,2023,13:05,1,1,6,75,75112,2,4,2,1,1
202300021106,6,9,2023,18:15,1,1,3,78,78208,2,4,2,1,1
202300021106,6,9,2023,18:15,1,1,3,78,78208,2,4,2,1,1
202300021107,29,1,2023,18:40,3,1,2,91,91064,1,2,1,1,1
202300021108,21,12,2023,19:00,5,8,2,75,75111,2,4,1,1,2
202300021108,21,12,2023,19:00,5,8,2,75,75111,2,4,1,1,2
202300021109,21,12,2023,15:15,1,2,2,75,75108,2,4,1,1,2
202300021109,21,12,2023,15:15,1,2,2,75,75108,2,4,1,1,2
202300021110,20,12,2023,19:30,5,1,6,75,75107,2,4,1,1,1
202300021111,21,12,2023,21:05,5,1,7,75,75102,2,4,2,1,2
202300021111,21,12,2023,21:05,5,1,7,75,75102,2,4,1,1,2
202300021112,21,12,2023,01:51,5,2,6,75,75103,2,4,2,1,2
202300021113,21,12,2023,16:15,1,2,3,94,94078,2,2,3,1,2
202300021113,21,12,2023,16:15,1,2,3,94,94078,2,2,-1,1,2
202300021114,21,12,2023,16:45,3,2,2,94,94073,1,3,1,2,2
202300021115,21,12,2023,14:10,1,2,3,94,94073,2,9,-1,1,2
202300021115,21,12,2023,14:10,1,2,3,94,94073,2,9,-1,1,2
202300021116,21,12,2023,12:15,1,1,6,94,94021,2,3,1,1,1
202300021117,20,12,2023,09:30,1,1,3,94,94011,2,9,-1,1,1
202300021118,18,12,2023,22:32,5,1,6,94,94028,2,4,2,1,1
202300021119,21,12,2023,17:05,5,2,6,93,93039,2,3,2,2,2
202300021120,21,12,2023,10:44,1,2,3,93,93066,2,3,2,1,2
202300021120,21,12,2023,10:44,1,2,3,93,93066,2,3,3,1,2
202300021121,19,12,2023,21:30,5,2,2,93,93051,2,4,-1,1,2
202300021121,19,12,2023,21:30,5,2,2,93,93051,2,4,2,1,2
202300021122,21,12,2023,13:21,1,2,6,93,93074,2,3,2,1,2
202300021122,21,12,2023,13:21,1,2,6,93,93074,2,3,1,1,2
202300021123,21,12,2023,17:20,5,2,6,93,93006,2,4,1,1,2
202300021123,21,12,2023,17:20,5,2,6,93,93006,2,4,1,1,2
202300021124,20,12,2023,07:35,5,8,5,93,93006,2,3,2,1,1
202300021125,21,12,2023,08:22,2,8,3,93,93032,2,3,2,1,2
202300021125,21,12,2023,08:22,2,8,3,93,93032,2,3,3,1,2
202300021126,21,12,2023,13:00,1,2,6,93,93031,2,4,2,1,2
202300021127,21,12,2023,09:00,1,2,6,93,93007,2,3,2,1,2
202300021128,20,12,2023,19:00,5,2,3,93,93001,2,3,2,1,2
202300021128,20,12,2023,19:00,5,2,3,93,93001,2,3,3,1,2
202300021129,21,12,2023,19:45,5,1,6,92,92078,2,4,1,1,1
202300021130,21,12,2023,16:35,1,1,3,92,92064,2,4,1,1,2
202300021131,21,12,2023,02:50,5,2,3,92,92051,2,3,3,1,2
202300021131,21,12,2023,02:50,5,2,3,92,92051,2,3,2,1,2
202300021132,20,12,2023,19:10,5,2,3,92,92044,2,4,2,1,2
202300021133,20,12,2023,08:55,1,1,6,92,92044,2,4,1,1,1
202300021134,20,12,2023,08:55,1,1,6,92,92044,2,4,1,1,1
202300021135,19,12,2023,07:55,5,2,6,92,92024,2,3,2,1,2
202300021136,21,12,2023,18:30,5,2,3,92,92023,2,3,3,1,2
202300021136,21,12,2023,18:30,5,2,3,92,92023,2,3,3,1,2
202300021137,21,12,2023,17:00,5,2,6,92,92023,2,4,1,1,2
202300021138,21,12,2023,15:30,1,2,7,92,92012,2,4,2,1,2
202300021139,21,12,2023,23:55,5,2,7,24,24011,2,2,2,1,2
202300021140,20,12,2023,21:50,3,2,3,51,51316,1,3,2,1,2
202300021140,20,12,2023,21:50,3,2,3,51,51316,1,3,2,1,2
202300021141,20,12,2023,19:50,3,2,2,76,76057,1,1,3,1,2
202300021142,10,12,2023,17:00,5,1,3,95,95313,2,4,2,1,2
202300021143,22,12,2023,07:49,5,2,6,95,95058,1,3,2,1,2
202300021144,20,12,2023,18:10,3,1,3,18,18146,1,3,2,1,1
202300021145,21,12,2023,15:37,1,3,1,18,18070,1,3,2,1,2
202300021146,22,12,2023,10:15,1,3,3,57,57060,1,3,2,1,2
202300021146,22,12,2023,10:15,1,3,3,57,57060,1,3,4,1,2
202300021147,21,12,2023,20:40,3,2,1,68,68009,1,3,2,1,2
202300021148,21,12,2023,17:19,3,2,2,51,51217,1,3,2,1,2
202300021149,17,12,2023,19:20,3,1,7,972,97217,2,4,2,1,1
202300021150,22,12,2023,19:30,3,2,6,52,52074,1,1,3,1,2