id_accident,jour,mois,annee,heure_minute,luminosite,meteo,type_collision,departement,commune,agglomeration,categorie_route,regime_circulation,profil_route,etat_surface
202300021151,18,12,2023,08:30,3,1,6,29,29265,1,2,3,3,1
202300021152,22,12,2023,03:30,5,1,6,62,62376,1,3,2,1,1
202300021153,22,12,2023,16:50,3,2,2,37,37213,1,1,3,1,2
202300021154,22,12,2023,16:22,1,1,3,56,56254,1,3,2,1,1
202300021155,21,12,2023,09:15,1,2,1,79,79135,1,4,2,1,2
202300021156,17,12,2023,23:31,3,5,1,61,61406,1,3,2,1,1
202300021157,21,12,2023,14:05,1,2,3,47,47209,2,4,2,2,2
202300021157,21,12,2023,14:05,1,2,3,47,47209,2,4,2,2,2
202300021158,22,12,2023,01:10,5,2,6,41,41280,2,3,2,1,2
202300021159,21,12,2023,17:30,5,8,3,39,39526,2,4,2,1,2
202300021159,21,12,2023,17:30,5,8,3,39,39526,2,4,2,1,2
202300021160,21,12,2023,23:25,3,2,7,25,25328,1,3,2,1,2
202300021161,21,12,2023,17:20,3,2,6,29,29266,1,3,2,2,2
202300021162,22,12,2023,17:55,3,2,6,38,38284,1,3,2,2,2
202300021163,21,12,2023,17:35,3,1,5,05,05084,1,2,2,2,1
202300021163,21,12,2023,17:35,3,1,5,05,05084,1,2,2,1,1
202300021164,21,12,2023,17:15,5,2,6,50,50215,2,3,2,1,2
202300021165,22,12,2023,11:00,1,2,3,60,60509,2,4,2,1,2
202300021165,22,12,2023,11:00,1,2,3,60,60509,2,4,2,1,2
202300021166,22,12,2023,09:50,1,3,6,64,64527,2,3,2,2,2
202300021167,21,12,2023,10:20,1,2,1,16,16222,1,3,2,2,2
202300021168,22,12,2023,12:10,1,2,7,24,24330,1,3,2,1,2
202300021169,22,12,2023,01:40,3,1,6,85,85295,1,3,2,1,1
202300021170,18,12,2023,20:00,3,1,6,06,06152,1,3,3,2,1
202300021171,22,12,2023,14:15,1,1,7,68,68135,1,1,1,2,2
202300021172,21,12,2023,20:54,3,2,2,45,45146,1,1,3,1,2
202300021173,22,12,2023,17:10,1,8,1,11,11144,1,3,-1,1,1
202300021174,23,12,2023,00:30,5,1,1,988,98821,1,2,2,1,1
202300021175,22,12,2023,15:05,1,1,6,974,97418,1,3,3,2,1
202300021176,20,12,2023,19:15,5,1,3,971,97108,1,2,2,1,1
202300021176,20,12,2023,19:15,5,1,3,971,97108,1,2,2,1,1
202300021177,22,12,2023,14:50,1,8,3,77,77264,1,3,2,1,-1
202300021177,22,12,2023,14:50,1,8,3,77,77264,1,3,2,1,2
202300021178,20,12,2023,20:00,5,2,3,77,77466,2,3,2,2,2
202300021179,22,12,2023,15:05,1,1,2,34,34081,1,3,2,2,1
202300021180,21,12,2023,19:50,5,2,2,21,21038,1,3,2,1,2
202300021181,22,12,2023,01:32,3,1,1,63,63284,1,7,2,1,1
202300021182,21,12,2023,22:10,3,3,6,38,38565,1,3,2,2,2
202300021183,21,12,2023,18:45,3,2,1,69,69077,1,3,2,1,2
202300021183,21,12,2023,18:45,3,2,1,69,69077,1,3,2,1,2
202300021184,22,12,2023,11:35,1,2,6,17,17237,1,4,2,1,2
202300021185,8,12,2023,08:45,2,2,1,22,22136,2,4,2,3,2
202300021186,20,12,2023,08:00,3,1,6,35,35124,1,3,2,1,1
202300021187,20,12,2023,17:30,5,2,1,27,27684,2,4,2,1,2
202300021188,22,12,2023,11:40,1,2,1,60,60139,2,4,1,1,2
202300021189,21,12,2023,17:40,3,1,2,60,60222,1,3,2,2,1
202300021190,22,12,2023,08:55,1,2,3,60,60157,2,3,1,1,2
202300021191,22,12,2023,08:35,1,2,6,02,02684,2,3,2,2,2
202300021191,22,12,2023,08:35,1,2,6,02,02684,2,3,2,1,2
202300021192,21,12,2023,16:14,1,1,2,13,13117,1,1,1,1,1
202300021193,21,12,2023,14:30,1,1,7,83,83137,1,1,1,1,1
202300021194,21,12,2023,18:53,3,2,4,33,33550,1,1,3,1,2
202300021195,21,12,2023,09:50,1,2,2,33,33039,1,1,3,1,2
202300021196,21,12,2023,21:06,3,1,3,91,91534,1,2,3,1,2
202300021197,21,12,2023,15:32,1,2,3,94,94034,1,1,3,1,3
202300021198,21,12,2023,01:09,3,2,6,91,91661,1,1,1,1,2
202300021199,21,12,2023,08:45,1,8,6,92,92064,1,1,1,1,2
202300021200,21,12,2023,08:30,1,2,7,78,78126,1,1,1,1,2
202300021201,20,12,2023,08:48,5,1,4,92,92062,1,2,1,1,1
202300021202,21,12,2023,19:30,3,1,2,95,95252,1,1,3,2,2
202300021203,21,12,2023,08:50,1,1,3,95,95018,1,1,3,1,2
202300021204,14,10,2023,15:05,1,1,2,29,29019,2,4,3,1,1
202300021205,15,10,2023,00:15,3,1,7,28,28404,2,2,2,1,1
202300021206,13,10,2023,15:55,1,1,3,27,27681,2,3,2,1,1
202300021206,13,10,2023,15:55,1,1,3,27,27681,2,3,-1,1,1
202300021207,9,10,2023,16:45,1,1,3,25,25031,2,3,2,1,1
202300021207,9,10,2023,16:45,1,1,3,25,25031,2,3,2,1,1
202300021208,13,10,2023,18:50,1,1,7,23,23096,2,4,-1,2,1
202300021209,14,10,2023,14:25,1,1,2,22,22215,1,3,2,1,1
202300021210,14,10,2023,10:00,1,1,1,22,22278,2,4,2,1,1
202300021211,14,10,2023,02:25,5,1,3,13,13203,2,4,3,1,1
202300021212,14,10,2023,17:35,1,1,6,11,11069,2,4,2,1,1
202300021213,14,10,2023,04:05,3,1,3,07,07281,1,3,2,2,1
202300021214,14,10,2023,10:25,1,1,2,05,05061,2,2,2,1,1
202300021214,14,10,2023,10:25,1,1,2,05,05061,2,2,2,1,1
202300021215,14,10,2023,13:25,1,2,6,03,03321,1,3,2,1,2
202300021216,14,10,2023,12:20,1,1,2,75,75120,2,4,1,1,1
202300021217,13,10,2023,20:40,5,1,4,75,75119,2,4,1,1,1
202300021218,13,10,2023,19:10,2,1,4,75,75119,2,4,1,1,1
202300021219,13,10,2023,11:30,1,1,4,75,75116,2,4,1,1,1
202300021220,13,10,2023,15:55,1,1,1,75,75106,2,4,1,1,1
202300021220,13,10,2023,15:55,1,1,1,75,75106,2,4,2,1,1
202300021221,14,10,2023,16:00,1,1,3,75,75120,2,4,1,1,1
202300021221,14,10,2023,16:00,1,1,3,75,75120,2,4,1,1,1
202300021222,14,10,2023,02:23,5,2,3,75,75120,2,4,1,1,2
202300021223,14,10,2023,14:00,1,1,2,75,75119,2,4,2,1,1
202300021224,13,10,2023,22:15,5,1,6,75,75118,2,4,1,1,1
202300021224,13,10,2023,22:15,5,1,6,75,75118,2,4,-1,1,1
202300021225,14,10,2023,22:15,5,1,3,75,75116,2,4,2,1,1
202300021225,14,10,2023,22:15,5,1,3,75,75116,2,4,2,1,1
202300021226,14,10,2023,02:34,5,2,1,75,75116,2,4,2,1,2
202300021226,14,10,2023,02:34,5,2,1,75,75116,2,4,2,1,2
202300021227,14,10,2023,18:47,3,2,6,75,75114,2,4,1,1,2
202300021227,14,10,2023,18:47,3,2,6,75,75114,2,4,1,1,2
202300021228,14,10,2023,20:35,3,1,3,75,75112,2,4,1,1,1
202300021228,14,10,2023,20:35,3,1,3,75,75112,2,4,2,1,1
202300021229,9,10,2023,22:00,5,1,4,75,75112,2,4,2,1,1
202300021229,9,10,2023,22:00,5,1,4,75,75112,2,4,-1,1,1
202300021230,14,10,2023,11:50,1,1,3,75,75108,2,4,2,1,1
202300021231,14,10,2023,00:45,5,1,6,75,75108,2,4,3,1,1
202300021231,14,10,2023,00:45,5,1,6,75,75108,2,4,2,1,1
202300021232,14,10,2023,21:40,5,8,6,94,94033,2,3,2,2,1
202300021233,14,10,2023,15:32,1,2,3,94,94054,2,3,3,1,2
202300021233,14,10,2023,15:32,1,2,3,94,94054,2,3,2,1,2
202300021234,14,10,2023,15:05,1,1,7,94,94017,2,3,2,4,1
202300021235,14,10,2023,09:15,1,1,6,93,93039,2,4,2,1,1
202300021236,14,10,2023,14:40,1,1,6,93,93048,2,4,2,1,1
202300021237,13,10,2023,23:15,5,1,6,93,93029,2,3,2,1,1
202300021237,13,10,2023,23:15,5,1,6,93,93029,2,3,2,1,-1
202300021238,14,10,2023,20:30,5,1,3,93,93005,2,4,2,1,1
202300021238,14,10,2023,20:30,5,1,3,93,93005,2,4,1,1,1
202300021239,14,10,2023,20:10,5,2,1,92,92063,2,3,3,1,2
202300021239,14,10,2023,20:10,5,2,1,92,92063,2,3,1,1,2
202300021240,14,10,2023,14:00,1,2,2,92,92071,2,3,1,1,2
202300021241,14,10,2023,07:30,1,1,2,95,95445,1,1,1,3,1
202300021242,14,10,2023,09:35,1,7,5,80,80136,1,3,2,4,1
202300021243,15,10,2023,00:15,3,1,6,87,87178,1,3,2,1,1
202300021244,13,10,2023,09:08,1,7,2,46,46197,1,3,2,1,1
202300021245,14,10,2023,17:20,1,1,1,58,58102,1,3,2,1,1
202300021246,12,10,2023,10:00,1,1,6,89,89122,2,3,2,2,1
202300021246,12,10,2023,10:00,1,1,6,89,89122,2,3,2,-1,-1
202300021247,14,10,2023,13:45,1,7,2,59,59229,1,3,-1,1,1
202300021248,14,10,2023,19:00,1,1,6,19,19176,1,3,2,1,1
202300021249,15,10,2023,00:00,3,1,6,71,71484,1,3,2,1,1
202300021250,14,10,2023,20:20,3,1,6,71,71015,1,3,2,2,1
202300021251,13,10,2023,23:35,3,1,6,89,89086,2,3,2,1,1
202300021252,15,10,2023,10:35,1,1,7,63,63188,1,3,2,2,1
202300021253,15,10,2023,01:10,3,1,2,61,61507,1,3,2,1,1
202300021253,15,10,2023,01:10,3,1,2,61,61507,1,3,2,2,1
202300021254,15,10,2023,16:30,1,1,5,55,55013,1,5,2,2,1
202300021255,15,10,2023,09:30,1,1,1,55,55222,1,3,2,1,1
202300021256,15,10,2023,00:00,3,1,6,55,55232,1,3,2,1,1
202300021257,14,10,2023,06:15,3,1,7,49,49125,1,3,2,1,1
202300021258,13,10,2023,00:00,3,1,2,47,47248,1,3,2,2,1
202300021259,8,10,2023,14:50,1,1,6,22,22294,1,3,2,2,1
202300021260,14,10,2023,10:45,1,1,3,29,29160,2,4,2,1,1
202300021261,14,10,2023,18:00,1,1,3,02,02810,1,2,2,1,1
202300021261,14,10,2023,18:00,1,1,3,02,02810,1,2,2,1,1
202300021262,14,10,2023,20:00,3,1,6,02,02140,2,3,2,1,1
202300021263,14,10,2023,16:30,1,1,7,03,03319,2,3,2,1,1
202300021264,15,10,2023,07:30,2,1,6,26,26113,1,3,2,1,1
202300021265,11,10,2023,09:25,1,1,3,72,72208,1,3,2,3,1
202300021266,15,10,2023,10:00,1,1,6,14,14542,2,3,2,1,1
202300021266,15,10,2023,10:00,1,1,6,14,14542,2,3,-1,1,1
202300021267,14,10,2023,20:30,5,1,3,64,64448,2,3,2,1,1
202300021267,14,10,2023,20:30,5,1,3,64,64448,2,3,2,1,1
202300021268,15,10,2023,15:55,1,1,6,43,43218,1,3,2,1,1
202300021269,14,10,2023,01:40,3,6,7,10,10355,1,3,2,1,1
202300021270,15,10,2023,16:15,1,1,6,24,24301,1,3,2,2,1
202300021270,15,10,2023,16:15,1,1,6,24,24301,1,3,2,2,1
202300021271,15,10,2023,11:00,1,1,1,37,37205,2,3,2,2,1
202300021272,15,10,2023,14:30,1,1,2,24,24084,1,3,2,1,1
202300021273,11,10,2023,18:20,1,7,1,67,67309,2,7,2,1,1
202300021274,14,10,2023,12:09,1,1,3,35,35210,1,3,1,1,1
202300021275,14,10,2023,13:50,1,1,3,69,69244,2,7,2,1,1
202300021275,14,10,2023,13:50,1,1,3,69,69244,2,7,2,2,1
202300021276,14,10,2023,20:45,5,1,5,06,06088,1,1,3,1,1
202300021277,15,10,2023,16:45,1,1,6,34,34270,1,1,1,1,1
202300021278,14,10,2023,05:32,3,1,5,11,11322,1,1,3,1,1
202300021279,15,10,2023,11:30,1,1,6,988,98803,1,2,2,2,1
202300021280,14,10,2023,10:45,1,1,2,44,44020,1,3,3,1,1
202300021281,15,10,2023,14:45,1,1,7,30,30130,2,3,2,2,1
202300021282,14,10,2023,15:50,1,1,3,83,83068,1,3,2,2,1
202300021282,14,10,2023,15:50,1,1,3,83,83068,1,3,2,1,1
202300021283,14,10,2023,18:00,1,1,6,04,04152,2,3,2,2,1
202300021284,15,10,2023,07:00,4,8,6,89,89085,2,3,3,1,2
202300021285,15,10,2023,04:00,3,1,6,42,42094,2,3,2,1,1
202300021286,14,10,2023,13:00,1,1,3,69,69242,2,3,2,1,1
202300021286,14,10,2023,13:00,1,1,3,69,69242,2,3,2,1,1
202300021287,15,10,2023,09:00,1,1,1,69,69020,1,3,1,1,1
202300021287,15,10,2023,09:00,1,1,1,69,69020,1,3,2,4,1
202300021288,11,10,2023,12:42,1,1,2,31,31324,2,6,-1,1,1
202300021289,15,10,2023,03:45,3,1,3,49,49023,1,3,2,1,1
202300021289,15,10,2023,03:45,3,1,3,49,49023,1,3,2,1,1
202300021290,13,10,2023,07:40,1,1,2,13,13117,1,1,3,1,1
202300021291,13,10,2023,08:00,1,1,3,83,83137,1,1,3,1,1
202300021292,14,10,2023,10:45,1,1,4,91,91161,1,1,3,1,1
202300021293,14,10,2023,12:10,1,1,3,91,91216,1,1,1,1,1
202300021294,13,10,2023,19:45,3,1,3,91,91174,1,2,3,1,1
202300021295,14,10,2023,08:40,1,1,4,92,92047,1,1,-1,3,1
202300021296,14,10,2023,02:40,4,6,7,92,92048,1,2,3,1,2
202300021297,13,10,2023,21:30,3,1,2,78,78646,1,2,-1,1,1
202300021298,14,10,2023,17:00,1,1,3,95,95582,1,1,3,1,1
202300021299,14,10,2023,16:52,1,1,4,93,93008,1,1,3,1,1
202300021300,14,10,2023,05:30,5,1,6,93,93066,1,1,3,1,1
202300021301,14,10,2023,03:20,3,2,2,95,95682,1,2,3,1,2
202300021302,13,10,2023,23:30,3,6,7,95,95212,1,1,-1,1,1
202300021303,13,10,2023,08:20,1,1,3,95,95488,1,1,3,1,1
202300021304,14,10,2023,18:00,1,1,6,77,77083,1,1,3,1,1
202300021305,14,10,2023,16:00,1,1,5,94,94079,1,1,1,1,1
202300021306,14,10,2023,05:55,3,1,2,93,93051,1,1,3,1,2
202300021307,14,10,2023,05:10,3,2,6,94,94015,1,1,1,1,2
202300021308,13,10,2023,08:55,1,1,3,94,94004,1,2,2,1,1
202300021309,13,10,2023,07:30,2,1,5,94,94022,1,1,3,1,1
202300021310,12,10,2023,16:10,1,1,1,974,97416,1,2,2,1,1
202300021311,13,10,2023,12:20,1,2,3,974,97411,2,4,2,2,2
202300021312,11,10,2023,12:40,1,1,2,974,97411,2,2,1,1,1
202300021313,13,10,2023,08:49,1,1,3,973,97302,2,3,2,1,1
202300021314,12,10,2023,20:45,5,1,1,973,97302,2,3,2,1,1
202300021314,12,10,2023,20:45,5,1,1,973,97302,2,3,2,1,1
202300021315,13,10,2023,12:05,1,1,6,69,69386,2,4,2,1,1
202300021316,13,10,2023,12:05,1,1,2,69,69388,2,4,2,1,1
202300021317,13,10,2023,06:50,1,2,4,972,97213,2,4,2,1,2
202300021318,13,10,2023,10:50,1,1,6,69,69389,2,4,2,1,1
202300021319,13,10,2023,08:10,1,1,3,69,69152,2,4,2,1,1
202300021319,13,10,2023,08:10,1,1,3,69,69152,2,4,2,2,1
202300021320,13,10,2023,10:45,1,1,7,971,97101,1,2,3,1,1
202300021321,13,10,2023,18:40,2,1,6,95,95572,2,4,2,1,1
202300021322,13,10,2023,20:26,5,1,3,91,91570,2,4,2,1,1
202300021323,13,10,2023,17:30,1,1,3,91,91425,2,4,2,1,1
202300021324,13,10,2023,07:30,5,8,3,91,91692,2,3,2,1,1
202300021324,13,10,2023,07:30,5,8,3,91,91692,2,3,2,1,1
202300021325,10,10,2023,08:15,1,1,6,89,89387,2,4,2,1,1
202300021326,10,10,2023,12:26,1,1,5,87,87085,2,4,2,1,1
202300021326,10,10,2023,12:26,1,1,5,87,87085,2,4,2,1,1
202300021327,14,10,2023,01:01,5,1,1,86,86194,2,3,2,1,1
202300021327,14,10,2023,01:01,5,1,1,86,86194,2,3,2,1,1
202300021328,13,10,2023,17:03,1,1,4,86,86194,1,3,2,1,1
202300021329,13,10,2023,11:07,1,1,2,84,84035,2,4,2,1,1
202300021330,13,10,2023,14:50,1,1,6,84,84031,2,4,2,1,1
202300021331,12,10,2023,13:46,1,1,7,84,84007,2,4,2,1,1
202300021332,13,10,2023,14:20,1,1,6,78,78502,2,2,3,2,1
202300021333,13,10,2023,14:30,1,1,3,78,78172,2,4,2,1,1
202300021333,13,10,2023,14:30,1,1,3,78,78172,2,4,-1,1,2
202300021334,13,10,2023,22:45,5,1,3,77,77407,2,3,2,2,1
202300021334,13,10,2023,22:45,5,1,3,77,77407,2,3,2,1,1
202300021335,11,10,2023,10:40,1,1,6,77,77269,1,3,2,1,1
202300021336,9,10,2023,06:40,5,1,6,77,77445,2,3,2,1,1
202300021337,13,10,2023,13:25,1,1,2,77,77186,1,3,2,1,1
202300021337,13,10,2023,13:25,1,1,2,77,77186,1,3,2,1,1
202300021338,13,10,2023,13:30,1,1,3,76,76451,2,4,2,1,1
202300021338,13,10,2023,13:30,1,1,3,76,76451,2,4,2,1,1
202300021339,13,10,2023,19:07,1,6,6,72,72181,2,4,3,1,1
202300021340,4,7,2023,11:40,1,1,3,63,63278,1,3,2,1,1
202300021340,4,7,2023,11:40,1,1,3,63,63278,1,3,2,1,1
202300021341,13,10,2023,11:30,1,1,3,72,72181,2,4,2,1,1
202300021342,11,10,2023,21:30,5,1,3,72,72181,2,4,-1,1,1
202300021343,4,7,2023,15:50,1,1,5,01,01157,1,3,2,1,1
202300021343,4,7,2023,15:50,1,1,5,01,01157,1,3,2,1,1
202300021344,13,10,2023,20:15,5,1,2,71,71306,2,4,2,1,1
202300021345,3,7,2023,14:50,1,1,7,64,64410,2,3,1,1,1
202300021346,12,10,2023,09:00,1,1,3,71,71270,2,4,1,1,1
202300021347,4,7,2023,15:45,1,7,1,01,01419,1,4,2,1,1
202300021347,4,7,2023,15:45,1,7,1,01,01419,1,4,2,1,1
202300021348,13,10,2023,17:20,1,1,6,69,69264,2,3,2,1,1
202300021349,13,10,2023,19:00,1,1,2,69,69029,2,4,2,1,1
202300021350,4,7,2023,09:00,1,1,4,34,34123,1,2,1,1,1
202300021351,13,10,2023,17:10,1,6,3,69,69290,2,4,1,1,1
202300021351,13,10,2023,17:10,1,6,3,69,69290,2,4,2,1,1
202300021352,2,7,2023,16:30,1,1,6,38,38208,1,3,2,1,8
202300021353,13,10,2023,11:00,1,1,3,69,69290,2,4,2,1,1
202300021353,13,10,2023,11:00,1,1,3,69,69290,2,4,2,1,1
202300021354,3,7,2023,23:45,5,1,3,30,30202,2,4,2,1,1
202300021354,3,7,2023,23:45,5,1,3,30,30202,2,4,2,1,1
202300021355,12,10,2023,11:45,1,1,6,69,69259,2,7,2,1,1
202300021356,2,7,2023,00:20,3,1,6,50,50624,1,3,2,3,1
202300021357,13,10,2023,23:22,5,1,3,68,68224,2,4,2,1,1
202300021357,13,10,2023,23:22,5,1,3,68,68224,2,4,1,1,1
202300021358,4,7,2023,02:56,3,1,7,83,83140,1,3,2,2,1
202300021359,13,10,2023,17:30,1,1,1,67,67482,2,7,2,2,1
202300021360,4,7,2023,04:18,2,1,7,77,77530,1,3,2,2,9
202300021361,3,7,2023,17:00,1,1,1,76,76602,1,3,2,3,1
202300021362,13,10,2023,06:25,5,1,1,67,67447,2,7,2,1,1
202300021362,13,10,2023,06:25,5,1,1,67,67447,2,7,2,1,1
202300021363,3,7,2023,19:10,1,1,3,2A,2A271,2,2,2,1,1
202300021363,3,7,2023,19:10,1,1,3,2A,2A271,2,2,2,-1,-1
202300021364,11,10,2023,16:45,1,1,3,66,66136,2,4,2,1,1
202300021365,3,7,2023,19:15,1,1,7,2B,2B046,1,3,2,1,1
202300021366,13,10,2023,01:31,5,1,6,65,65440,2,4,1,1,1
202300021367,4,7,2023,16:00,1,1,1,63,63321,1,3,2,2,1
202300021368,12,10,2023,16:45,1,1,6,64,64189,2,4,2,1,1
202300021369,13,10,2023,19:20,5,1,7,64,64041,2,3,2,1,1
202300021370,4,7,2023,12:25,1,1,3,63,63178,2,4,2,2,1
202300021371,2,7,2023,14:45,1,1,7,46,46265,1,3,2,2,1
202300021372,13,10,2023,12:18,1,1,2,64,64445,2,4,2,1,1
202300021373,4,7,2023,08:45,1,1,1,41,41159,2,3,-1,-1,-1
202300021373,4,7,2023,08:45,1,1,1,41,41159,2,3,2,1,1
202300021374,13,10,2023,16:40,1,1,3,64,64102,2,3,3,2,1
202300021375,10,10,2023,14:45,1,1,3,64,64102,2,3,2,1,1
202300021376,18,6,2023,17:45,1,1,3,86,86053,1,3,2,1,1
202300021376,18,6,2023,17:45,1,1,3,86,86053,1,3,2,1,1
202300021377,18,6,2023,06:59,2,1,7,86,86244,1,3,2,1,1
202300021378,2,7,2023,15:20,1,1,6,68,68182,1,3,2,1,1
202300021379,13,10,2023,23:37,5,1,3,63,63075,2,4,2,1,1
202300021379,13,10,2023,23:37,5,1,3,63,63075,2,4,2,2,1
202300021380,13,10,2023,18:15,1,1,6,61,61001,2,3,2,1,1
202300021381,4,7,2023,08:40,1,2,6,22,22046,1,3,2,1,2
202300021382,26,6,2023,07:15,1,1,1,25,25321,1,3,2,2,1
202300021382,26,6,2023,07:15,1,1,1,25,25321,1,3,2,3,-1
202300021383,12,10,2023,18:10,1,1,3,60,60325,1,4,3,1,1
202300021384,13,10,2023,07:40,2,1,6,57,57672,1,4,3,1,1
202300021385,3,7,2023,12:50,1,1,3,35,35263,1,4,2,2,1
202300021386,13,10,2023,11:15,1,1,6,54,54395,2,4,1,1,1
202300021386,13,10,2023,11:15,1,1,6,54,54395,2,4,2,1,1
202300021387,13,10,2023,06:30,5,2,6,54,54580,2,4,2,2,2
202300021388,1,7,2023,12:24,1,1,1,29,29167,1,3,2,1,1
202300021389,2,7,2023,10:00,1,1,6,38,38480,1,3,2,1,2
202300021390,10,10,2023,08:30,1,1,3,51,51108,2,4,2,1,1
202300021390,10,10,2023,08:30,1,1,3,51,51108,2,4,2,2,1
202300021391,13,10,2023,09:51,1,1,1,50,50218,2,4,2,1,1
202300021392,2,7,2023,19:00,1,1,1,02,02569,1,3,2,1,1
202300021393,4,7,2023,09:30,1,1,6,02,02173,2,4,2,1,1
202300021394,12,10,2023,12:25,1,1,3,49,49007,2,4,2,1,1
202300021394,12,10,2023,12:25,1,1,3,49,49007,2,4,2,1,1
202300021395,3,7,2023,21:55,2,1,7,03,03203,1,4,2,2,1
202300021396,13,10,2023,18:10,1,8,6,45,45234,2,4,2,3,1
202300021397,22,6,2023,18:26,1,1,3,72,72172,1,3,2,1,1
202300021398,13,10,2023,23:22,5,6,3,45,45208,2,4,2,1,1
202300021398,13,10,2023,23:22,5,6,3,45,45208,2,4,2,1,1
202300021399,4,7,2023,13:20,1,1,3,06,06059,1,7,2,2,1
202300021400,9,10,2023,11:20,1,1,6,42,42207,2,4,2,1,1
202300021401,3,7,2023,17:45,1,1,2,83,83032,2,3,2,1,1
202300021402,13,10,2023,09:55,1,1,3,41,41269,2,4,-1,1,1
202300021403,21,6,2023,11:10,1,1,2,45,45269,1,3,2,1,1
202300021403,21,6,2023,11:10,1,1,2,45,45269,1,3,2,1,1
202300021404,12,10,2023,22:40,3,1,2,41,41212,1,3,3,1,1
202300021405,2,7,2023,15:00,1,1,3,18,18197,2,3,2,1,1
202300021406,13,10,2023,18:15,1,1,3,37,37261,2,4,2,1,1
202300021407,10,10,2023,12:55,1,1,6,37,37195,1,7,3,3,1
202300021408,30,6,2023,11:10,1,1,3,36,36022,1,3,2,1,1
202300021408,30,6,2023,11:10,1,1,3,36,36022,1,3,2,1,1
202300021409,14,10,2023,23:30,3,1,6,35,35278,2,6,-1,1,1
202300021410,30,6,2023,17:15,1,1,3,85,85039,1,3,2,1,1
202300021411,3,7,2023,11:45,1,1,3,27,27243,1,3,2,2,1
202300021412,13,10,2023,17:00,1,1,5,35,35238,2,4,3,1,1
202300021412,13,10,2023,17:00,1,1,5,35,35238,2,4,3,1,1
202300021413,13,10,2023,22:50,5,1,3,34,34172,2,4,2,1,1
202300021414,3,7,2023,19:35,1,1,3,17,17482,1,3,2,1,1
202300021414,3,7,2023,19:35,1,1,3,17,17482,1,3,2,1,1
202300021415,13,10,2023,18:48,2,1,4,33,33162,2,4,2,1,1
202300021416,3,7,2023,18:30,1,1,1,17,17093,1,3,2,1,1
202300021417,13,10,2023,10:48,1,1,3,33,33318,2,4,2,1,1
202300021417,13,10,2023,10:48,1,1,3,33,33318,2,4,3,1,1
202300021418,4,7,2023,12:15,1,1,1,37,37172,1,3,2,1,1
202300021419,12,10,2023,18:25,1,1,2,33,33119,2,4,3,1,1
202300021419,12,10,2023,18:25,1,1,2,33,33119,2,4,3,1,1
202300021420,4,7,2023,08:40,1,1,1,30,30133,2,4,2,1,1
202300021420,4,7,2023,08:40,1,1,1,30,30133,2,4,-1,1,1
202300021421,22,4,2023,16:18,1,1,1,13,13007,1,3,2,2,1
202300021422,13,10,2023,15:10,1,1,1,33,33529,1,3,2,1,1
202300021423,22,4,2023,11:15,1,1,6,13,13097,2,6,2,1,1
202300021424,3,7,2023,15:30,1,1,6,88,88030,1,3,2,1,1
202300021425,21,4,2023,23:45,3,1,7,67,67125,1,3,2,1,1
202300021426,3,7,2023,14:55,1,1,3,49,49092,1,4,2,1,1
202300021427,8,10,2023,20:40,5,1,6,30,30189,2,4,1,1,1
202300021427,8,10,2023,20:40,5,1,6,30,30189,2,4,1,1,1
202300021428,22,4,2023,16:35,1,1,7,67,67335,1,4,2,2,1
202300021429,4,7,2023,09:05,1,1,6,974,97415,1,3,2,1,1
202300021430,13,10,2023,12:45,1,1,3,29,29232,2,4,-1,1,1
202300021431,30,6,2023,13:40,1,1,2,24,24207,1,4,2,1,1
202300021432,22,4,2023,01:30,3,1,6,57,57631,1,2,3,2,1
202300021433,13,10,2023,15:15,1,1,6,29,29019,2,4,-1,1,2
202300021434,2,7,2023,23:44,3,1,6,21,21423,1,1,3,1,1
202300021435,4,7,2023,05:15,2,1,6,971,97103,1,2,3,2,2
202300021436,23,4,2023,15:40,1,1,3,73,73123,1,3,2,2,1
202300021437,12,10,2023,09:15,1,2,3,27,27229,2,4,1,1,2
202300021437,12,10,2023,09:15,1,2,3,27,27229,2,4,1,1,2
202300021438,2,7,2023,04:30,5,1,3,987,98733,1,2,2,1,1
202300021439,1,7,2023,22:45,5,3,6,971,97106,2,2,2,2,2
202300021440,13,10,2023,11:00,1,7,6,21,21166,2,4,3,1,1
202300021440,13,10,2023,11:00,1,7,6,21,21166,2,4,1,1,1
202300021441,4,7,2023,09:45,1,1,7,2B,2B239,1,3,2,1,1
202300021442,22,4,2023,13:10,1,2,6,09,09306,2,2,2,1,2
202300021443,12,10,2023,16:40,1,1,6,21,21231,2,9,2,1,1
202300021444,3,7,2023,19:20,1,1,1,84,84054,1,4,2,1,1
202300021445,13,10,2023,20:43,5,2,7,17,17306,2,3,2,1,2
202300021446,22,4,2023,18:20,1,1,3,47,47094,1,3,2,1,2
202300021447,12,6,2023,16:50,1,1,3,13,13081,1,3,2,1,1
202300021448,22,4,2023,16:00,1,1,6,35,35072,1,3,2,2,1
202300021448,22,4,2023,16:00,1,1,6,35,35072,1,3,2,4,1