id_accident,jour,mois,annee,heure_minute,luminosite,meteo,type_collision,departement,commune,agglomeration,categorie_route,regime_circulation,profil_route,etat_surface
202300021449,13,10,2023,10:44,1,1,3,15,15014,2,3,3,1,1
202300021450,3,7,2023,17:40,1,1,3,57,57039,2,4,2,1,1
202300021451,13,10,2023,10:44,1,1,3,15,15012,2,3,2,1,1
202300021452,22,4,2023,23:50,3,2,3,62,62318,2,3,2,1,2
202300021452,22,4,2023,23:50,3,2,3,62,62318,2,3,2,1,2
202300021453,4,7,2023,17:35,5,1,1,73,73006,1,2,2,1,1
202300021454,11,10,2023,11:50,1,1,7,15,15014,2,4,2,1,1
202300021455,22,4,2023,19:30,1,1,3,62,62235,2,3,2,1,1
202300021456,4,7,2023,12:30,1,1,3,42,42005,2,3,2,1,1
202300021456,4,7,2023,12:30,1,1,3,42,42005,2,3,-1,1,1
202300021457,4,7,2023,12:00,1,1,1,38,38247,2,3,2,1,1
202300021457,4,7,2023,12:00,1,1,1,38,38247,2,3,2,1,1
202300021458,21,4,2023,23:30,3,1,5,13,13071,1,1,1,3,1
202300021459,22,4,2023,22:10,5,1,6,33,33249,1,2,3,1,1
202300021460,4,7,2023,17:31,1,1,3,38,38317,1,2,2,1,1
202300021461,13,10,2023,16:30,1,1,2,13,13203,2,4,2,1,1
202300021462,22,4,2023,18:15,1,1,7,91,91086,1,2,1,2,1
202300021463,3,7,2023,17:50,1,1,6,69,69220,1,3,2,1,1
202300021464,27,6,2023,17:00,1,1,3,33,33243,2,3,1,1,1
202300021465,22,4,2023,09:00,1,2,6,91,91553,1,2,1,1,2
202300021466,21,4,2023,21:17,3,1,7,94,94021,1,1,-1,1,1
202300021467,2,7,2023,20:50,1,1,6,14,14384,2,4,2,1,1
202300021468,4,7,2023,17:30,1,1,6,76,76401,1,3,2,2,1
202300021469,21,4,2023,19:00,1,1,4,91,91521,1,1,-1,1,1
202300021470,3,7,2023,16:25,1,1,3,60,60157,2,4,2,2,1
202300021470,3,7,2023,16:25,1,1,3,60,60157,2,4,2,1,1
202300021471,22,4,2023,15:00,1,1,2,95,95212,1,1,3,1,1
202300021472,22,4,2023,11:00,1,2,2,93,93066,1,1,2,1,3
202300021473,3,7,2023,17:17,1,1,2,13,13212,1,1,1,1,1
202300021474,22,4,2023,07:00,1,2,6,95,95256,1,1,1,2,2
202300021475,2,7,2023,23:10,3,1,2,13,13001,1,1,1,1,1
202300021476,21,4,2023,21:00,3,1,6,93,93005,1,1,3,1,1
202300021477,1,7,2023,03:31,3,1,6,59,59544,1,1,-1,1,2
202300021478,7,1,2023,16:56,1,1,7,36,36044,2,4,2,1,1
202300021479,30,6,2023,17:05,1,1,6,59,59383,1,1,-1,1,1
202300021480,20,4,2023,08:25,1,1,7,974,97416,1,4,2,2,1
202300021481,30,6,2023,05:40,2,1,7,62,62771,1,1,1,1,1
202300021482,3,7,2023,16:30,1,1,2,91,91553,1,2,-1,2,1
202300021483,20,4,2023,18:50,4,2,3,974,97411,2,4,3,2,2
202300021483,20,4,2023,18:50,4,2,3,974,97411,2,4,-1,1,2
202300021484,21,4,2023,10:30,3,1,6,973,97309,2,4,2,1,2
202300021485,29,6,2023,20:20,2,1,2,95,95277,1,1,3,1,1
202300021486,2,7,2023,05:00,3,1,1,95,95580,1,1,3,1,1
202300021487,20,4,2023,17:20,1,1,7,973,97302,1,3,2,1,1
202300021487,20,4,2023,17:20,1,1,7,973,97302,1,3,2,1,1
202300021488,1,7,2023,19:30,1,1,3,93,93066,1,1,3,1,1
202300021489,20,4,2023,16:30,1,1,3,69,69389,1,7,1,2,1
202300021489,20,4,2023,16:30,1,1,3,69,69389,1,7,1,1,1
202300021490,3,7,2023,11:50,1,1,5,94,94065,1,2,3,1,1
202300021491,19,4,2023,10:15,1,1,1,69,69382,2,4,2,1,1
202300021491,19,4,2023,10:15,1,1,1,69,69382,2,4,2,1,1
202300021492,3,7,2023,02:40,3,1,3,94,94018,1,1,3,1,1
202300021493,1,7,2023,02:00,3,2,2,94,94028,1,1,1,1,2
202300021494,19,4,2023,09:25,1,1,6,69,69384,2,4,1,1,1
202300021494,19,4,2023,09:25,1,1,6,69,69384,2,4,1,1,1
202300021495,20,4,2023,20:05,1,1,7,2B,2B033,2,4,-1,2,1
202300021496,5,3,2023,14:55,1,1,2,14,14252,1,2,3,1,1
202300021497,1,1,2023,09:50,1,1,1,972,97232,1,2,2,2,1
202300021498,19,4,2023,14:45,1,1,3,971,97113,2,2,2,1,1
202300021499,29,4,2023,17:35,1,1,7,43,43268,2,4,2,1,1
202300021500,21,4,2023,00:30,5,1,6,95,95280,2,4,2,2,1
202300021500,21,4,2023,00:30,5,1,6,95,95280,2,4,2,2,1
202300021501,28,4,2023,09:45,1,1,5,43,43111,1,2,2,1,1
202300021502,20,4,2023,06:30,2,1,3,91,91477,1,1,-1,1,1
202300021502,20,4,2023,06:30,2,1,3,91,91477,1,1,2,1,1
202300021503,27,4,2023,15:05,1,1,6,43,43051,2,4,2,4,1
202300021504,19,4,2023,16:25,1,1,7,91,91201,2,6,-1,1,1
202300021505,14,4,2023,16:15,1,1,3,43,43137,1,3,2,2,1
202300021506,9,4,2023,04:45,5,1,6,43,43020,2,3,2,2,1
202300021507,19,4,2023,16:45,1,1,6,91,91027,2,3,2,1,1
202300021508,2,7,2023,06:35,2,2,1,976,97611,2,3,2,2,6
202300021509,19,4,2023,16:27,1,1,1,91,91223,2,4,2,1,1
202300021510,2,7,2023,12:50,1,1,3,974,97411,2,2,1,1,1
202300021511,18,4,2023,16:35,1,1,6,90,90010,2,6,-1,1,1
202300021512,2,7,2023,10:30,1,1,6,974,97411,2,4,2,1,1
202300021513,19,4,2023,17:07,1,1,2,87,87050,2,3,2,1,1
202300021513,19,4,2023,17:07,1,1,2,87,87050,2,3,2,1,1
202300021514,1,7,2023,22:05,5,1,3,973,97302,2,3,2,1,1
202300021515,19,4,2023,11:00,1,1,6,86,86194,2,4,1,2,1
202300021516,28,1,2023,15:39,1,1,6,86,86066,2,3,2,1,1
202300021517,2,7,2023,06:45,1,1,3,69,69388,2,4,1,1,2
202300021517,2,7,2023,06:45,1,1,3,69,69388,2,4,1,1,2
202300021518,20,4,2023,01:30,4,1,6,84,84007,2,3,3,2,1
202300021519,2,7,2023,20:20,3,1,6,972,97213,1,1,3,1,1
202300021520,2,7,2023,15:45,1,1,6,972,97209,1,4,2,4,1
202300021521,20,4,2023,13:13,1,1,6,78,78586,2,3,2,1,1
202300021521,20,4,2023,13:13,1,1,6,78,78586,2,3,2,2,1
202300021522,2,7,2023,14:50,1,1,7,972,97209,1,9,2,1,1
202300021523,20,4,2023,15:20,1,1,6,78,78551,2,4,2,1,1
202300021524,1,7,2023,19:00,5,1,6,971,97113,1,4,2,2,1
202300021525,1,7,2023,17:20,1,1,3,2A,2A004,2,4,1,1,1
202300021526,20,4,2023,18:00,1,1,3,78,78440,2,3,-1,1,1
202300021526,20,4,2023,18:00,1,1,3,78,78440,2,3,2,1,1
202300021527,2,7,2023,22:24,3,1,6,95,95510,1,2,1,1,1
202300021528,20,4,2023,16:00,1,1,3,78,78440,2,3,1,1,1
202300021529,19,4,2023,11:33,1,1,3,78,78609,1,3,4,2,1
202300021529,19,4,2023,11:33,1,1,3,78,78609,1,3,2,1,1
202300021530,1,7,2023,10:29,1,3,1,91,91689,2,4,2,1,2
202300021531,20,4,2023,07:10,1,1,3,78,78005,1,3,2,1,1
202300021531,20,4,2023,07:10,1,1,3,78,78005,1,3,2,1,1
202300021532,19,4,2023,11:35,1,1,6,77,77373,2,4,2,1,1
202300021533,1,7,2023,19:00,1,1,4,91,91421,2,3,3,1,1
202300021534,19,4,2023,16:00,1,1,3,77,77390,2,4,2,1,1
202300021535,2,7,2023,16:40,1,1,1,77,77132,1,3,2,1,1
202300021536,20,4,2023,12:52,1,1,3,77,77307,2,4,2,2,1
202300021537,2,7,2023,09:30,1,1,6,77,77058,2,4,-1,1,1
202300021538,20,4,2023,14:21,1,8,6,69,69266,2,4,2,1,1
202300021538,20,4,2023,14:21,1,8,6,69,69266,2,4,2,1,1
202300021539,1,7,2023,17:50,1,1,7,77,77124,2,3,2,1,1
202300021539,1,7,2023,17:50,1,1,7,77,77124,2,3,2,1,1
202300021540,20,4,2023,18:25,1,1,6,69,69029,2,4,1,1,1
202300021541,2,7,2023,23:10,5,1,3,73,73008,2,3,2,2,1
202300021541,2,7,2023,23:10,5,1,3,73,73008,2,3,2,2,1
202300021542,2,7,2023,23:20,5,1,1,69,69275,2,4,2,1,1
202300021543,20,4,2023,17:25,1,1,3,69,69259,2,4,2,1,1
202300021543,20,4,2023,17:25,1,1,3,69,69259,2,4,2,2,1
202300021544,2,7,2023,10:45,1,2,3,69,69286,2,4,2,2,2
202300021545,2,7,2023,17:45,1,1,6,64,64122,2,4,2,2,1
202300021546,20,4,2023,08:50,1,1,5,69,69290,2,4,2,1,1
202300021547,1,7,2023,18:20,1,8,7,64,64122,2,4,1,1,1
202300021548,2,7,2023,09:50,1,8,2,63,63070,2,3,-1,1,1
202300021549,20,4,2023,13:40,1,1,6,65,65286,2,4,2,1,1
202300021550,30,6,2023,15:38,1,1,6,62,62051,2,3,2,1,1
202300021551,30,6,2023,22:57,5,1,1,51,51230,2,4,1,1,1
202300021552,19,4,2023,13:50,1,1,2,64,64102,2,4,2,1,1
202300021553,2,7,2023,11:05,1,1,3,38,38053,2,4,2,1,1
202300021553,2,7,2023,11:05,1,1,3,38,38053,2,4,2,1,1
202300021554,18,4,2023,22:10,2,1,3,63,63113,2,4,1,2,1
202300021554,18,4,2023,22:10,2,1,3,63,63113,2,4,2,2,1
202300021555,2,7,2023,12:00,1,1,3,37,37261,2,4,2,1,1
202300021555,2,7,2023,12:00,1,1,3,37,37261,2,4,2,1,1
202300021556,20,4,2023,22:15,5,9,3,61,61001,2,4,1,1,1
202300021556,20,4,2023,22:15,5,9,3,61,61001,2,4,1,1,1
202300021557,1,7,2023,15:50,1,1,2,35,35278,1,2,3,1,1
202300021558,20,4,2023,19:15,1,8,3,57,57480,2,4,2,1,1
202300021558,20,4,2023,19:15,1,8,3,57,57480,2,4,2,1,1
202300021559,1,7,2023,08:35,1,2,3,35,35115,2,4,2,3,2
202300021559,1,7,2023,08:35,1,2,3,35,35115,2,4,1,4,2
202300021560,20,4,2023,17:30,1,1,3,56,56260,2,4,2,1,1
202300021560,20,4,2023,17:30,1,1,3,56,56260,2,4,2,1,1
202300021561,1,7,2023,18:00,1,1,6,34,34003,2,4,2,1,1
202300021562,20,4,2023,18:20,2,1,1,54,54382,2,4,2,1,1
202300021563,2,7,2023,01:25,3,2,1,33,33249,2,4,2,1,2
202300021563,2,7,2023,01:25,3,2,1,33,33249,2,4,1,1,2
202300021564,20,4,2023,19:20,1,1,1,49,49099,2,4,2,1,1
202300021565,2,7,2023,12:12,1,1,6,19,19275,2,3,2,1,1
202300021566,30,6,2023,16:00,1,1,3,15,15014,2,2,2,1,1
202300021566,30,6,2023,16:00,1,1,3,15,15014,2,2,2,2,1
202300021567,20,4,2023,23:47,3,1,2,47,47031,1,4,2,1,1
202300021568,2,7,2023,07:10,1,1,6,14,14118,2,9,1,1,1
202300021569,20,4,2023,02:25,4,1,6,45,45147,2,4,1,1,1
202300021570,30,6,2023,12:35,1,1,3,12,12145,2,4,2,2,1
202300021571,19,4,2023,17:30,1,1,3,39,39198,2,4,2,1,1
202300021572,27,6,2023,11:20,1,1,6,12,12089,2,4,2,2,1
202300021573,16,4,2023,22:25,5,1,3,34,34032,2,4,1,1,1
202300021573,16,4,2023,22:25,5,1,3,34,34032,2,4,2,1,1
202300021574,2,7,2023,09:30,1,1,6,06,06088,2,4,1,2,1
202300021575,19,4,2023,11:45,1,1,3,33,33318,2,4,2,1,1
202300021575,19,4,2023,11:45,1,1,3,33,33318,2,4,2,1,1
202300021576,1,7,2023,04:25,5,1,2,75,75117,2,4,1,1,1
202300021577,19,4,2023,13:27,1,1,2,32,32013,2,2,2,1,1
202300021578,2,7,2023,08:28,1,1,1,75,75105,2,4,2,1,1
202300021578,2,7,2023,08:28,1,1,1,75,75105,2,4,1,1,1
202300021579,19,4,2023,07:25,1,1,7,32,32013,2,4,2,1,1
202300021580,20,4,2023,21:00,1,1,6,29,29232,2,4,1,1,1
202300021581,2,7,2023,17:50,1,1,2,75,75119,2,4,1,1,1
202300021581,2,7,2023,17:50,1,1,2,75,75119,2,4,2,1,1
202300021582,2,7,2023,12:30,1,1,3,75,75119,2,4,2,1,1
202300021582,2,7,2023,12:30,1,1,3,75,75119,2,4,2,1,1
202300021583,20,4,2023,08:35,1,1,4,29,29232,1,3,3,1,1
202300021584,20,4,2023,21:40,5,1,6,29,29039,2,4,2,1,1
202300021585,2,7,2023,03:50,5,1,2,75,75119,2,4,1,1,1
202300021585,2,7,2023,03:50,5,1,2,75,75119,2,4,1,1,1
202300021586,20,4,2023,15:10,1,1,4,29,29019,2,4,2,1,1
202300021587,1,7,2023,17:25,1,1,3,75,75117,2,4,2,1,1
202300021587,1,7,2023,17:25,1,1,3,75,75117,2,4,2,1,1
202300021588,20,4,2023,19:40,2,1,3,28,28134,2,9,2,1,1
202300021589,2,7,2023,17:00,1,1,2,75,75116,2,4,2,1,1
202300021589,2,7,2023,17:00,1,1,2,75,75116,2,4,1,1,1
202300021590,2,7,2023,07:40,1,1,3,75,75116,2,4,2,1,1
202300021590,2,7,2023,07:40,1,1,3,75,75116,2,4,1,1,1
202300021591,20,4,2023,09:55,1,1,6,25,25056,2,4,1,1,1
202300021591,20,4,2023,09:55,1,1,6,25,25056,2,4,2,1,1
202300021592,2,7,2023,00:30,4,1,6,75,75116,2,4,-1,1,1
202300021593,6,4,2023,19:15,1,1,2,22,22113,2,4,2,2,1
202300021594,27,6,2023,19:30,1,1,7,75,75114,2,4,2,1,1
202300021594,27,6,2023,19:30,1,1,7,75,75114,2,4,2,1,1
202300021595,8,4,2023,18:35,1,1,2,19,19031,2,4,2,2,1
202300021596,2,7,2023,13:40,1,1,3,75,75114,2,4,1,1,1
202300021596,2,7,2023,13:40,1,1,3,75,75114,2,4,1,1,1
202300021597,19,4,2023,17:45,1,7,2,17,17415,2,3,3,1,1
202300021598,2,7,2023,16:45,1,1,2,75,75112,2,4,1,1,1
202300021598,2,7,2023,16:45,1,1,2,75,75112,2,4,2,2,1
202300021599,20,4,2023,23:30,3,1,3,16,16015,2,4,4,1,1
202300021600,2,7,2023,05:35,2,1,3,75,75112,2,4,1,1,1
202300021600,2,7,2023,05:35,2,1,3,75,75112,2,4,1,1,1
202300021601,2,7,2023,13:20,1,1,6,75,75109,2,4,1,1,1
202300021601,2,7,2023,13:20,1,1,6,75,75109,2,4,1,1,1
202300021602,19,4,2023,17:30,1,1,3,15,15014,2,4,2,1,1
202300021602,19,4,2023,17:30,1,1,3,15,15014,2,4,2,1,1
202300021602,19,4,2023,17:30,1,1,3,15,15014,2,4,2,1,1
202300021603,20,4,2023,15:01,1,1,6,13,13054,2,4,2,1,1
202300021604,2,7,2023,06:30,1,1,2,75,75109,2,4,-1,1,2
202300021604,2,7,2023,06:30,1,1,2,75,75109,2,4,1,1,2
202300021605,20,4,2023,17:30,1,2,6,07,07186,2,6,-1,1,2
202300021606,1,7,2023,22:30,5,1,2,75,75109,2,4,1,1,1
202300021606,1,7,2023,22:30,5,1,2,75,75109,2,4,1,2,1
202300021607,1,7,2023,20:00,1,1,6,75,75108,2,4,2,4,1
202300021608,18,4,2023,18:00,1,1,3,06,06123,2,4,1,1,1
202300021608,18,4,2023,18:00,1,1,3,06,06123,2,4,2,1,1
202300021609,2,7,2023,20:12,1,1,3,75,75103,2,4,2,1,1
202300021609,2,7,2023,20:12,1,1,3,75,75103,2,4,1,1,1
202300021610,1,7,2023,21:25,1,1,3,75,75101,2,4,2,1,1
202300021610,1,7,2023,21:25,1,1,3,75,75101,2,4,-1,1,1
202300021611,19,4,2023,18:40,1,1,3,03,03310,2,4,2,1,1
202300021612,2,7,2023,05:15,5,1,2,94,94073,2,3,-1,1,1
202300021613,20,4,2023,15:20,1,1,5,75,75119,2,4,1,1,1
202300021614,1,7,2023,16:15,1,1,6,94,94075,2,3,2,1,1
202300021615,1,7,2023,22:15,5,1,3,93,93078,2,3,3,1,1
202300021616,20,4,2023,14:30,1,1,2,75,75119,2,4,1,1,1
202300021616,20,4,2023,14:30,1,1,2,75,75119,2,4,1,1,1
202300021617,2,7,2023,13:35,1,1,6,93,93027,2,3,2,1,1
202300021618,20,4,2023,03:55,5,1,6,75,75109,2,4,2,1,1
202300021618,20,4,2023,03:55,5,1,6,75,75109,2,4,1,4,1
202300021619,2,7,2023,12:20,1,1,7,92,92012,2,3,1,2,1
202300021620,2,7,2023,08:15,1,1,7,17,17094,2,4,2,2,1
202300021621,21,4,2023,10:32,1,8,7,75,75120,2,4,3,1,1
202300021622,3,7,2023,12:15,1,1,3,69,69298,1,3,2,1,1
202300021623,2,7,2023,06:15,2,2,6,40,40296,1,3,2,1,2
202300021624,21,4,2023,19:30,1,1,4,75,75116,2,4,2,1,1
202300021625,20,4,2023,13:00,1,1,3,75,75116,2,4,2,1,1
202300021625,20,4,2023,13:00,1,1,3,75,75116,2,4,1,1,1
202300021626,2,7,2023,16:10,1,1,4,17,17131,1,3,2,1,1
202300021627,1,7,2023,15:00,1,1,7,41,41045,1,3,2,1,1
202300021628,21,4,2023,18:50,1,1,3,75,75114,2,4,2,1,1
202300021629,3,7,2023,10:20,1,1,7,05,05027,1,3,2,1,1
202300021630,1,7,2023,03:00,3,1,6,62,62338,2,3,2,1,1
202300021631,20,4,2023,17:40,1,1,6,75,75105,2,4,2,1,1
202300021631,20,4,2023,17:40,1,1,6,75,75105,2,4,2,1,1
202300021632,3,7,2023,11:05,1,1,3,06,06109,1,7,2,1,1
202300021633,21,4,2023,17:20,1,1,6,75,75111,2,4,2,2,1
202300021634,2,7,2023,11:55,1,1,3,22,22369,2,4,1,1,1
202300021635,21,4,2023,14:00,1,1,7,75,75110,2,4,1,1,1
202300021636,3,7,2023,00:05,3,1,2,61,61341,1,1,3,1,1
202300021637,21,4,2023,18:30,1,1,2,75,75107,2,4,2,1,1
202300021637,21,4,2023,18:30,1,1,2,75,75107,2,4,2,1,1
202300021638,2,7,2023,08:50,1,8,1,51,51109,1,3,2,1,1
202300021638,2,7,2023,08:50,1,8,1,51,51109,1,3,2,1,1
202300021639,30,6,2023,09:45,1,1,3,19,19278,1,3,2,2,1
202300021639,30,6,2023,09:45,1,1,3,19,19278,1,3,2,1,1
202300021640,21,4,2023,19:15,1,1,2,75,75104,2,4,2,1,1
202300021640,21,4,2023,19:15,1,1,2,75,75104,2,4,1,1,1
202300021641,1,7,2023,17:40,1,1,3,56,56002,1,3,2,1,1
202300021641,1,7,2023,17:40,1,1,3,56,56002,1,3,2,1,1
202300021642,19,4,2023,22:30,5,1,3,94,94081,2,3,3,1,1
202300021643,4,6,2023,10:50,1,1,7,79,79123,1,3,2,1,1
202300021644,21,4,2023,01:30,5,1,6,94,94046,2,4,1,1,1
202300021645,2,7,2023,04:40,3,2,1,81,81120,1,2,2,1,2
202300021646,2,7,2023,23:00,3,1,6,71,71340,2,4,2,1,1
202300021647,19,4,2023,20:45,2,1,2,94,94046,2,3,1,1,1
202300021648,3,7,2023,16:45,1,1,7,71,71085,1,4,-1,2,1
202300021649,21,4,2023,22:10,5,1,2,93,93072,2,3,2,1,1
202300021649,21,4,2023,22:10,5,1,2,93,93072,2,3,1,1,1
202300021650,3,7,2023,14:00,1,1,2,63,63223,1,3,2,2,1
202300021651,21,4,2023,09:00,1,1,3,93,93071,2,4,2,2,1
202300021651,21,4,2023,09:00,1,1,3,93,93071,2,4,1,1,1
202300021652,1,7,2023,18:46,1,1,3,63,63121,2,3,2,2,1
202300021652,1,7,2023,18:46,1,1,3,63,63121,2,3,2,1,1
202300021653,21,4,2023,22:00,5,1,6,93,93066,2,4,1,1,1
202300021654,2,7,2023,19:00,1,1,3,49,49218,1,4,2,2,1
202300021655,2,7,2023,12:20,1,1,2,42,42026,2,3,2,1,1
202300021656,2,7,2023,12:30,1,1,6,46,46047,1,3,2,2,1
202300021657,21,4,2023,17:55,1,1,3,93,93046,2,4,2,1,1
202300021657,21,4,2023,17:55,1,1,3,93,93046,2,4,2,1,1
202300021658,3,7,2023,12:30,1,1,2,39,39201,1,3,2,3,1
202300021659,3,7,2023,11:15,1,1,6,44,44212,2,4,2,1,1
202300021660,21,4,2023,20:40,2,1,3,93,93001,2,3,2,1,1
202300021661,3,7,2023,15:00,1,1,7,44,44043,2,4,2,1,1
202300021662,1,7,2023,01:30,3,2,7,35,35340,1,4,2,1,2
202300021663,21,4,2023,18:00,1,1,3,92,92073,2,3,2,1,1
202300021663,21,4,2023,18:00,1,1,3,92,92073,2,3,2,1,1
202300021664,2,7,2023,02:10,3,1,2,34,34154,1,3,3,4,1
202300021665,21,4,2023,19:10,1,1,2,92,92076,2,3,1,1,1
202300021666,29,6,2023,15:41,1,1,1,31,31160,1,3,2,1,1
202300021667,20,4,2023,17:00,1,1,6,92,92051,2,4,-1,1,1
202300021668,3,7,2023,03:15,3,1,6,31,31587,1,3,2,1,1
202300021669,21,4,2023,10:30,1,1,6,92,92036,2,3,2,1,1
202300021670,2,7,2023,00:00,3,2,6,38,38140,2,3,1,1,2
202300021671,21,4,2023,17:20,1,1,4,92,92026,2,4,-1,1,1
202300021671,21,4,2023,17:20,1,1,4,92,92026,2,4,1,1,1
202300021672,7,6,2023,18:50,1,1,1,01,01392,1,3,2,2,1
202300021673,21,4,2023,18:55,1,1,7,92,92024,2,3,1,1,1
202300021673,21,4,2023,18:55,1,1,7,92,92024,2,3,1,1,1
202300021674,3,7,2023,12:00,1,1,6,70,70117,2,4,2,2,1
202300021675,1,7,2023,20:55,1,1,7,58,58103,2,4,2,1,1
202300021676,21,4,2023,18:00,1,1,3,92,92024,2,3,1,1,1
202300021676,21,4,2023,18:00,1,1,3,92,92024,2,3,1,1,1
202300021677,2,7,2023,00:05,5,1,6,06,06035,2,3,2,1,1
202300021678,19,4,2023,18:24,1,1,6,92,92009,2,4,1,1,1
202300021679,2,7,2023,20:10,1,1,1,17,17482,1,3,2,1,1
202300021680,20,4,2023,18:05,1,1,6,08,08179,1,3,2,1,1
202300021681,3,7,2023,11:34,1,8,6,87,87187,2,4,2,1,1
202300021682,22,4,2023,00:13,5,1,6,69,69279,2,4,2,1,1
202300021682,22,4,2023,00:13,5,1,6,69,69279,2,4,2,4,1
202300021683,29,6,2023,19:35,1,3,2,42,42108,1,1,3,1,2
202300021684,22,4,2023,00:15,3,1,6,972,97207,2,2,2,2,1
202300021685,2,7,2023,18:50,1,1,2,67,67223,1,1,1,2,1
202300021686,19,4,2023,14:30,1,1,7,84,84039,2,4,2,1,1
202300021687,2,7,2023,16:10,1,1,7,38,38052,2,3,2,1,1
202300021688,22,4,2023,16:00,1,1,3,85,85109,1,3,2,2,1
202300021689,1,7,2023,16:59,1,2,1,73,73296,2,4,2,1,2
202300021689,1,7,2023,16:59,1,2,1,73,73296,2,4,2,1,2
202300021690,21,4,2023,17:45,1,1,3,85,85109,2,3,2,1,1
202300021691,29,6,2023,16:50,1,1,6,28,28029,1,1,3,2,1
202300021692,22,6,2023,20:30,3,8,6,987,98724,1,9,2,1,1
202300021693,21,4,2023,17:10,1,1,6,61,61464,1,1,3,2,1
202300021694,2,7,2023,21:45,5,8,6,987,98748,2,2,2,1,2
202300021695,2,7,2023,18:30,3,1,1,988,98817,1,3,2,1,1
202300021696,22,4,2023,14:50,1,1,3,51,51237,1,2,2,1,1
202300021696,22,4,2023,14:50,1,1,3,51,51237,1,2,2,1,1
202300021697,3,7,2023,08:29,1,1,1,972,97224,2,3,2,1,2
202300021698,21,4,2023,15:15,1,1,1,56,56036,2,4,2,1,1
202300021699,1,7,2023,18:00,1,1,6,2B,2B134,2,3,3,2,1
202300021700,3,7,2023,12:15,1,1,6,2B,2B084,2,3,2,1,1
202300021701,21,4,2023,19:08,1,1,1,76,76529,2,4,2,2,1
202300021702,2,7,2023,07:10,1,1,6,34,34006,1,3,2,2,1
202300021703,22,4,2023,10:43,1,1,3,2B,2B150,1,2,2,2,1
202300021704,2,7,2023,19:30,1,1,5,83,83101,1,3,2,2,1
202300021705,21,4,2023,21:00,3,1,6,71,71559,1,3,2,1,1
202300021706,2,7,2023,09:22,1,1,7,06,06141,1,3,2,2,1
202300021707,22,4,2023,08:10,1,1,3,71,71016,1,3,2,2,1
202300021707,22,4,2023,08:10,1,1,3,71,71016,1,3,-1,1,1
202300021708,3,7,2023,13:00,1,1,1,05,05073,1,3,2,4,1
202300021709,2,7,2023,11:05,1,1,6,04,04096,2,4,-1,1,1
202300021710,21,4,2023,18:40,1,1,5,42,42228,1,3,2,2,1
202300021710,21,4,2023,18:40,1,1,5,42,42228,1,3,2,2,1
202300021711,20,4,2023,08:20,1,7,1,35,35204,1,3,2,1,1
202300021712,2,7,2023,21:00,2,1,2,38,38425,1,4,2,1,1
202300021713,21,4,2023,17:00,1,1,6,29,29044,1,4,2,1,1
202300021714,21,4,2023,19:00,1,1,6,29,29235,2,4,2,1,1
202300021715,21,4,2023,18:15,1,1,2,58,58134,2,3,2,2,1
202300021716,22,4,2023,16:35,1,1,1,72,72168,1,3,2,2,1
202300021716,22,4,2023,16:35,1,1,1,72,72168,1,3,2,1,2
202300021717,22,4,2023,16:55,1,1,6,06,06103,2,4,2,1,1
202300021717,22,4,2023,16:55,1,1,6,06,06103,2,4,2,2,1
202300021718,22,4,2023,13:20,1,1,2,83,83122,1,3,2,1,1
202300021718,22,4,2023,13:20,1,1,2,83,83122,1,3,2,1,1
202300021719,15,4,2023,16:45,1,1,7,64,64279,1,3,2,1,1
202300021720,22,4,2023,10:15,1,1,3,07,07181,2,4,2,1,1
202300021720,22,4,2023,10:15,1,1,3,07,07181,2,4,2,1,1
202300021721,21,4,2023,15:21,1,1,6,53,53271,2,6,-1,1,1
202300021722,21,4,2023,17:20,1,1,3,53,53008,1,3,2,2,1
202300021723,21,4,2023,02:15,3,1,6,53,53062,2,4,2,1,1
202300021724,21,4,2023,23:15,3,1,2,85,85146,1,3,2,1,1
202300021725,22,4,2023,14:20,1,1,1,30,30116,1,2,2,2,1
202300021726,21,4,2023,16:40,1,8,2,08,08263,1,1,1,2,1
202300021727,22,4,2023,04:45,3,1,7,973,97307,1,2,2,1,1
202300021728,20,4,2023,17:50,1,1,2,31,31216,1,1,3,1,1
202300021729,28,3,2023,08:30,1,1,6,06,06085,2,3,2,1,1
202300021730,19,4,2023,18:18,1,1,7,44,44028,1,1,3,1,1
202300021731,20,4,2023,19:30,1,1,6,67,67460,1,1,3,1,1
202300021732,21,4,2023,20:24,1,1,6,06,06088,1,1,3,2,1
202300021733,22,4,2023,10:15,1,2,6,40,40312,1,1,3,4,2
202300021734,8,8,2023,13:50,1,1,3,76,76650,1,3,2,2,1
202300021734,8,8,2023,13:50,1,1,3,76,76650,1,3,2,1,1
202300021735,22,4,2023,07:00,2,1,2,83,83116,1,1,3,1,1
202300021736,7,8,2023,23:30,3,1,1,2B,2B126,1,2,2,1,1
202300021737,21,4,2023,07:25,1,1,3,987,98712,2,2,2,1,1
202300021737,21,4,2023,07:25,1,1,3,987,98712,2,2,2,1,1
202300021738,20,4,2023,13:40,1,1,6,34,34202,2,4,2,1,1
202300021739,8,8,2023,12:45,1,1,1,2B,2B050,2,3,2,2,1
202300021740,21,4,2023,21:15,2,3,2,973,97305,1,2,2,1,2
202300021741,8,8,2023,19:00,1,1,7,65,65362,2,9,-1,1,9
202300021742,20,4,2023,09:40,1,1,3,84,84019,2,3,2,1,1
202300021742,20,4,2023,09:40,1,1,3,84,84019,2,3,2,1,1
202300021743,27,7,2023,11:50,1,1,3,69,69018,1,3,2,1,1
202300021744,22,4,2023,15:40,1,1,1,83,83146,1,3,2,1,1
202300021745,9,3,2023,19:15,3,2,1,69,69084,1,4,2,4,2