id_accident,jour,mois,annee,heure_minute,luminosite,meteo,type_collision,departement,commune,agglomeration,categorie_route,regime_circulation,profil_route,etat_surface
202300021746,21,4,2023,14:05,1,1,6,26,26072,1,1,1,1,1
202300021747,5,8,2023,19:50,1,1,6,32,32256,1,2,2,1,1
202300021748,21,4,2023,18:35,1,1,7,71,71235,1,4,2,1,1
202300021748,21,4,2023,18:35,1,1,7,71,71235,1,4,2,2,1
202300021749,7,8,2023,18:20,1,1,6,63,63209,2,3,2,2,1
202300021749,7,8,2023,18:20,1,1,6,63,63209,2,3,2,1,1
202300021750,8,8,2023,16:11,1,1,3,63,63261,1,3,2,3,1
202300021750,8,8,2023,16:11,1,1,3,63,63261,1,3,2,1,1
202300021751,21,4,2023,21:45,3,1,3,38,38562,1,2,2,1,1
202300021752,21,4,2023,18:05,1,1,6,07,07323,2,3,2,1,1
202300021753,8,8,2023,15:30,1,1,7,55,55286,1,3,-1,2,1
202300021754,22,4,2023,00:19,4,1,6,16,16304,1,3,2,1,1
202300021755,7,8,2023,15:43,1,1,3,12,12215,1,3,2,1,1
202300021755,7,8,2023,15:43,1,1,3,12,12215,1,3,2,1,1
202300021756,21,4,2023,23:00,3,2,6,33,33321,1,2,3,1,2
202300021757,1,3,2023,11:40,1,1,6,44,44210,2,4,2,1,1
202300021758,6,8,2023,17:00,1,1,7,44,44015,1,3,2,1,1
202300021759,8,8,2023,12:30,1,1,6,29,29182,1,3,2,2,1
202300021760,21,4,2023,23:50,3,1,1,61,61382,1,2,2,1,1
202300021761,7,8,2023,16:10,1,1,6,38,38453,1,3,2,1,1
202300021762,8,8,2023,10:05,1,1,6,03,03082,2,3,2,2,1
202300021763,21,4,2023,17:00,1,1,3,50,50139,1,3,2,2,1
202300021763,21,4,2023,17:00,1,1,3,50,50139,1,3,2,2,1
202300021764,21,4,2023,18:15,1,1,1,76,76321,2,3,2,1,1
202300021765,8,8,2023,12:55,1,1,5,15,15101,1,2,2,2,1
202300021766,21,4,2023,15:07,1,1,7,76,76684,1,3,2,2,1
202300021767,5,8,2023,00:01,4,1,3,58,58242,2,3,-1,1,1
202300021768,22,4,2023,09:20,1,3,3,60,60282,2,3,2,1,2
202300021768,22,4,2023,09:20,1,3,3,60,60282,2,3,2,1,2
202300021769,8,8,2023,15:35,1,1,3,72,72090,2,3,2,1,1
202300021770,22,4,2023,16:30,1,1,3,59,59581,1,3,2,1,1
202300021770,22,4,2023,16:30,1,1,3,59,59581,1,3,2,1,1
202300021771,7,8,2023,16:16,1,1,3,64,64405,2,3,4,1,1
202300021772,8,8,2023,10:28,1,1,7,43,43203,2,4,2,2,1
202300021773,20,2,2023,12:15,1,1,5,13,13106,1,1,1,1,1
202300021774,7,8,2023,20:20,1,1,6,43,43015,1,4,-1,1,9
202300021775,20,4,2023,08:35,1,1,2,83,83137,1,1,1,1,1
202300021776,29,7,2023,17:11,1,1,1,43,43156,1,4,2,3,2
202300021777,21,4,2023,15:30,1,1,2,91,91689,1,1,1,2,1
202300021778,21,4,2023,18:15,1,1,7,92,92072,1,2,1,2,1
202300021779,7,8,2023,20:03,2,7,3,85,85073,1,4,2,1,1
202300021779,7,8,2023,20:03,2,7,3,85,85073,1,4,2,1,1
202300021780,8,8,2023,08:20,1,1,6,37,37254,1,3,2,1,1
202300021781,21,4,2023,12:49,1,1,2,78,78118,1,1,1,1,9
202300021782,7,8,2023,15:05,1,1,3,30,30123,2,4,2,1,1
202300021782,7,8,2023,15:05,1,1,3,30,30123,2,4,1,2,1
202300021783,20,4,2023,08:29,1,1,2,92,92047,1,1,-1,1,1
202300021784,21,4,2023,17:00,1,1,2,95,95018,2,1,3,1,1
202300021785,7,8,2023,21:37,4,1,4,42,42130,1,1,3,1,1
202300021786,20,4,2023,22:25,3,1,3,77,77121,1,1,-1,1,1
202300021787,29,7,2023,09:00,1,1,5,973,97309,2,3,2,1,1
202300021788,21,7,2023,15:50,1,1,5,68,68278,1,1,3,1,1
202300021789,18,4,2023,12:50,1,1,4,75,75117,2,4,1,1,1
202300021790,8,8,2023,13:45,1,1,1,38,38253,1,3,2,2,1
202300021791,7,8,2023,04:55,3,5,6,72,72363,1,1,3,2,1
202300021792,18,4,2023,09:50,1,1,5,75,75116,2,4,1,1,1
202300021793,17,4,2023,09:10,1,1,2,75,75116,2,4,1,1,1
202300021793,17,4,2023,09:10,1,1,2,75,75116,2,4,1,1,1
202300021794,20,4,2023,15:45,1,1,6,75,75119,2,4,2,2,1
202300021794,20,4,2023,15:45,1,1,6,75,75119,2,4,1,1,1
202300021795,7,8,2023,18:30,1,7,5,06,06149,1,1,3,2,1
202300021796,20,4,2023,22:15,5,1,5,75,75117,2,4,1,1,1
202300021796,20,4,2023,22:15,5,1,5,75,75117,2,4,1,1,1
202300021797,8,8,2023,13:55,1,1,1,988,98817,1,1,2,1,1
202300021798,19,4,2023,21:10,5,1,3,75,75116,2,4,2,1,1
202300021799,6,8,2023,18:00,3,1,7,988,98833,1,3,2,1,1
202300021800,19,4,2023,18:40,1,1,3,75,75116,2,4,2,1,1
202300021800,19,4,2023,18:40,1,1,3,75,75116,2,4,2,1,1
202300021801,8,8,2023,16:20,1,1,7,974,97403,2,3,2,2,1
202300021802,3,8,2023,22:00,5,6,7,66,66138,2,4,2,2,1
202300021803,20,4,2023,17:40,1,1,6,75,75115,2,4,3,1,1
202300021803,20,4,2023,17:40,1,1,6,75,75115,2,4,2,1,1
202300021804,8,8,2023,14:25,1,1,3,66,66065,2,3,2,1,1
202300021804,8,8,2023,14:25,1,1,3,66,66065,2,3,2,2,1
202300021805,20,4,2023,16:20,1,1,7,75,75115,2,4,1,2,1
202300021805,20,4,2023,16:20,1,1,7,75,75115,2,4,1,2,1
202300021806,4,8,2023,06:00,1,1,7,04,04039,1,3,2,1,1
202300021807,6,8,2023,16:30,1,1,7,04,04226,1,3,2,2,1
202300021808,20,4,2023,07:00,2,1,3,75,75115,2,4,1,1,1
202300021808,20,4,2023,07:00,2,1,3,75,75115,2,4,1,1,1
202300021809,7,8,2023,14:45,1,1,2,21,21038,2,4,2,1,1
202300021810,20,4,2023,08:49,1,1,1,75,75112,2,4,1,1,1
202300021811,7,8,2023,11:20,1,1,3,88,88173,1,2,3,2,1
202300021812,20,4,2023,18:57,1,1,2,75,75111,2,4,1,1,1
202300021812,20,4,2023,18:57,1,1,2,75,75111,2,4,2,1,1
202300021813,7,8,2023,23:40,5,1,6,07,07156,1,2,2,1,1
202300021814,20,4,2023,12:10,1,1,3,75,75120,2,4,2,2,1
202300021814,20,4,2023,12:10,1,1,3,75,75120,2,4,1,1,1
202300021815,7,8,2023,20:30,1,1,6,29,29042,1,3,2,2,1
202300021816,7,8,2023,13:15,1,1,1,27,27242,1,3,2,1,1
202300021817,20,4,2023,09:55,1,1,3,75,75111,2,4,2,1,1
202300021817,20,4,2023,09:55,1,1,3,75,75111,2,4,1,1,1
202300021818,20,7,2023,16:45,1,1,3,60,60341,2,2,2,1,1
202300021819,20,4,2023,16:50,1,1,6,75,75110,2,4,2,1,1
202300021819,20,4,2023,16:50,1,1,6,75,75110,2,4,1,1,1
202300021820,7,8,2023,11:15,1,1,3,13,13215,1,1,1,1,1
202300021821,6,8,2023,22:25,3,1,6,33,33122,1,1,3,1,1
202300021822,19,4,2023,04:00,5,1,3,75,75109,2,4,1,1,1
202300021822,19,4,2023,04:00,5,1,3,75,75109,2,4,-1,1,1
202300021823,4,8,2023,07:10,2,1,2,59,59350,1,7,1,1,1
202300021824,20,4,2023,21:01,5,1,1,94,94044,2,3,2,1,1
202300021825,6,8,2023,10:23,1,1,6,78,78640,1,1,-1,1,2
202300021826,6,8,2023,05:44,2,1,7,92,92025,1,1,-1,1,2
202300021827,7,8,2023,01:35,3,1,6,95,95256,1,2,3,1,1
202300021828,19,4,2023,16:45,1,1,6,94,94068,2,3,2,1,1
202300021828,19,4,2023,16:45,1,1,6,94,94068,2,3,1,1,1
202300021829,20,4,2023,11:10,1,1,6,94,94046,2,3,1,1,1
202300021830,25,4,2023,12:30,1,1,1,13,13056,2,4,2,2,1
202300021831,4,2,2023,17:00,1,1,6,93,93029,2,3,2,1,2
202300021831,4,2,2023,17:00,1,1,6,93,93029,2,3,2,1,2
202300021832,3,8,2023,19:00,5,1,6,988,98818,2,4,1,-1,1
202300021832,3,8,2023,19:00,5,1,6,988,98818,2,4,1,2,1
202300021833,3,8,2023,14:39,1,1,3,988,98818,2,4,1,2,1
202300021833,3,8,2023,14:39,1,1,3,988,98818,2,4,1,1,1
202300021834,6,8,2023,01:00,3,1,1,974,97416,1,4,2,1,1
202300021835,3,8,2023,15:40,1,1,2,974,97416,1,4,2,1,1
202300021836,5,8,2023,21:35,5,1,3,974,97411,2,3,2,2,1
202300021836,5,8,2023,21:35,5,1,3,974,97411,2,3,2,2,1
202300021837,5,8,2023,19:10,5,1,3,974,97411,2,4,2,1,1
202300021837,5,8,2023,19:10,5,1,3,974,97411,2,4,2,1,1
202300021838,4,8,2023,01:30,5,1,6,974,97411,2,2,2,1,1
202300021839,3,8,2023,15:50,1,1,3,974,97411,2,2,1,1,1
202300021839,3,8,2023,15:50,1,1,3,974,97411,2,2,1,1,1
202300021840,3,8,2023,10:00,1,1,3,974,97411,2,4,1,1,1
202300021840,3,8,2023,10:00,1,1,3,974,97411,2,4,1,1,1
202300021841,4,8,2023,15:15,1,1,3,974,97407,2,4,2,1,1
202300021841,4,8,2023,15:15,1,1,3,974,97407,2,4,2,1,1
202300021842,4,8,2023,08:10,1,7,6,974,97407,2,4,1,1,1
202300021842,4,8,2023,08:10,1,7,6,974,97407,2,4,2,1,1
202300021843,5,8,2023,16:10,1,1,3,973,97302,2,3,2,1,1
202300021844,5,8,2023,13:50,1,1,3,973,97302,2,4,1,1,1
202300021844,5,8,2023,13:50,1,1,3,973,97302,2,4,2,1,1
202300021845,6,7,2023,09:25,1,1,2,973,97302,2,3,2,1,1
202300021846,20,7,2023,08:00,1,1,3,973,97302,2,4,1,1,1
202300021846,20,7,2023,08:00,1,1,3,973,97302,2,4,2,1,1
202300021847,3,8,2023,18:00,1,1,3,973,97302,2,4,2,1,1
202300021848,3,8,2023,06:20,2,1,6,973,97302,2,3,2,1,1
202300021849,3,8,2023,00:20,5,1,7,973,97302,2,4,1,2,1
202300021850,6,8,2023,17:50,1,1,2,69,69386,2,4,2,1,1
202300021850,6,8,2023,17:50,1,1,2,69,69386,2,4,1,1,1
202300021851,5,8,2023,07:00,2,1,6,69,69387,2,4,1,1,1
202300021852,4,8,2023,14:56,1,1,6,69,69383,2,4,1,1,1
202300021852,4,8,2023,14:56,1,1,6,69,69383,2,4,1,1,1
202300021853,4,8,2023,10:30,1,2,1,69,69386,2,4,1,1,2
202300021853,4,8,2023,10:30,1,2,1,69,69386,2,4,1,1,2
202300021854,3,8,2023,13:00,1,1,6,69,69386,2,4,1,1,1
202300021855,4,8,2023,03:55,5,1,6,972,97209,2,2,1,1,1
202300021856,2,8,2023,13:40,1,1,6,69,69389,1,7,3,1,1
202300021857,3,8,2023,00:22,3,1,1,2B,2B033,1,3,2,2,1
202300021858,3,8,2023,23:02,5,1,2,2B,2B120,1,2,3,1,1
202300021859,5,8,2023,02:30,5,1,3,971,97101,1,2,3,1,1
202300021860,4,8,2023,11:30,1,1,2,971,97101,1,2,-1,1,1
202300021861,3,8,2023,16:00,1,1,6,971,97101,2,3,1,1,1
202300021862,3,8,2023,08:00,1,1,3,971,97105,2,3,2,1,1
202300021863,3,8,2023,17:15,1,1,2,2A,2A004,1,3,3,1,1
202300021864,11,7,2023,10:15,1,1,1,95,95268,2,3,2,1,1
202300021865,5,8,2023,10:15,1,1,3,91,91326,2,4,2,1,1
202300021865,5,8,2023,10:15,1,1,3,91,91326,2,4,2,1,1
202300021866,4,8,2023,14:30,1,1,6,91,91687,2,4,1,1,1
202300021866,4,8,2023,14:30,1,1,6,91,91687,2,4,2,1,1
202300021867,28,7,2023,15:00,1,1,6,91,91228,2,3,2,1,1
202300021868,5,8,2023,04:45,3,2,7,91,91223,2,4,2,2,2
202300021869,4,8,2023,18:42,1,1,4,89,89387,2,3,2,1,1
202300021870,6,8,2023,19:42,1,1,1,88,88383,2,4,3,1,1
202300021871,1,8,2023,10:00,1,1,3,87,87050,1,2,2,1,1
202300021871,1,8,2023,10:00,1,1,3,87,87050,1,2,2,1,1
202300021872,1,8,2023,09:20,1,2,1,87,87085,1,3,2,2,2
202300021873,2,8,2023,00:05,4,1,6,87,87050,2,4,2,1,1
202300021874,1,8,2023,06:12,4,2,6,87,87114,2,1,3,1,2
202300021875,6,8,2023,12:20,1,1,2,85,85191,1,4,2,1,1
202300021876,5,8,2023,19:00,1,1,1,83,83137,2,3,2,2,1
202300021876,5,8,2023,19:00,1,1,1,83,83137,2,3,2,2,1
202300021877,3,8,2023,11:30,1,1,2,83,83069,2,3,2,1,1
202300021878,6,7,2023,18:15,1,1,3,82,82121,2,4,2,1,1
202300021878,6,7,2023,18:15,1,1,3,82,82121,2,4,2,1,1
202300021879,1,8,2023,12:50,1,1,3,80,80489,2,4,3,1,1
202300021880,6,8,2023,15:45,1,8,3,78,78440,2,4,2,1,1
202300021881,6,8,2023,08:50,1,1,6,77,77449,1,4,1,1,1
202300021882,5,8,2023,13:00,1,8,1,77,77372,2,4,2,1,1
202300021883,4,8,2023,19:00,1,2,2,77,77237,2,3,2,1,2
202300021884,4,8,2023,11:10,1,1,6,77,77108,2,3,1,1,1
202300021885,2,8,2023,01:30,5,3,7,77,77058,2,4,2,1,2
202300021886,6,8,2023,14:53,1,1,3,77,77333,2,4,2,1,1
202300021886,6,8,2023,14:53,1,1,3,77,77333,2,4,2,1,1
202300021887,4,8,2023,17:30,1,1,3,77,77156,1,4,2,1,1
202300021887,4,8,2023,17:30,1,1,3,77,77156,1,4,2,1,1
202300021888,5,8,2023,10:50,1,1,6,76,76451,2,4,2,1,1
202300021888,5,8,2023,10:50,1,1,6,76,76451,2,4,2,1,1
202300021889,4,8,2023,09:40,1,1,3,76,76217,2,4,-1,1,1
202300021890,3,8,2023,09:40,1,2,7,76,76026,1,2,1,1,2
202300021891,5,8,2023,01:35,5,1,3,76,76476,2,4,2,1,1
202300021892,4,8,2023,08:15,1,1,6,76,76114,2,3,1,1,1
202300021893,4,8,2023,08:20,1,1,3,74,74010,2,3,2,2,1
202300021894,4,8,2023,23:10,5,1,4,72,72181,2,4,2,1,1
202300021895,3,8,2023,14:30,1,2,2,72,72181,2,4,2,1,2
202300021896,3,8,2023,11:55,1,2,3,72,72181,2,4,1,1,2
202300021897,2,8,2023,19:20,1,1,1,72,72181,2,4,2,1,1
202300021898,3,8,2023,10:50,1,1,3,69,69092,2,4,2,2,1
202300021898,3,8,2023,10:50,1,1,3,69,69092,2,4,2,2,1
202300021899,2,8,2023,13:50,1,1,3,69,69264,2,4,2,2,1
202300021899,2,8,2023,13:50,1,1,3,69,69264,2,4,1,1,1
202300021900,6,8,2023,19:15,1,1,3,69,69199,1,7,1,1,1
202300021900,6,8,2023,19:15,1,1,3,69,69199,1,7,2,1,1
202300021901,6,8,2023,10:10,1,8,2,69,69029,2,7,2,1,1
202300021902,4,8,2023,11:15,1,1,3,69,69259,2,7,2,1,1
202300021903,3,8,2023,13:40,1,1,2,69,69029,2,4,2,1,1
202300021904,3,8,2023,10:00,1,2,6,67,67482,2,4,2,1,2
202300021905,2,8,2023,12:32,1,1,2,66,66136,2,3,3,1,1
202300021906,1,8,2023,17:20,1,1,6,66,66136,2,4,2,1,1
202300021907,5,8,2023,20:00,1,3,3,64,64260,2,3,-1,1,2
202300021907,5,8,2023,20:00,1,3,3,64,64260,2,3,-1,1,2
202300021908,5,8,2023,16:40,1,1,6,64,64189,2,3,2,1,1
202300021909,28,7,2023,19:08,1,1,6,64,64445,2,4,2,1,1
202300021910,5,8,2023,01:35,5,1,7,64,64132,2,4,1,1,1
202300021911,4,8,2023,15:20,1,1,6,64,64445,2,4,2,1,1
202300021912,4,8,2023,18:25,1,1,7,64,64125,2,3,2,2,1
202300021913,3,8,2023,17:36,1,1,6,64,64102,1,3,3,1,1
202300021914,3,8,2023,05:16,5,8,7,64,64102,2,3,2,1,2
202300021915,5,8,2023,12:45,1,1,3,63,63300,1,3,2,1,1
202300021915,5,8,2023,12:45,1,1,3,63,63300,1,3,2,1,1
202300021916,4,8,2023,16:23,1,1,6,63,63300,2,4,2,1,1
202300021917,30,5,2023,18:30,2,1,3,42,42293,1,3,2,1,1
202300021918,30,5,2023,07:25,1,1,6,42,42019,2,3,2,1,1
202300021919,6,8,2023,18:00,1,1,3,63,63063,1,7,2,1,1
202300021919,6,8,2023,18:00,1,1,3,63,63063,1,7,-1,2,1
202300021920,30,5,2023,12:00,1,1,3,46,46219,1,3,2,1,1
202300021921,6,8,2023,23:00,5,1,3,62,62193,2,4,2,1,1
202300021922,2,8,2023,16:50,1,3,6,62,62774,1,3,2,1,2
202300021923,29,5,2023,17:30,1,1,1,41,41097,1,3,2,1,1
202300021924,27,5,2023,04:05,3,1,7,86,86286,1,3,2,1,1
202300021924,27,5,2023,04:05,3,1,7,86,86286,1,3,2,1,1
202300021925,31,7,2023,15:10,1,2,3,62,62178,2,4,2,2,2
202300021925,31,7,2023,15:10,1,2,3,62,62178,2,4,2,2,2
202300021926,2,8,2023,15:50,1,1,3,62,62048,1,3,2,1,1
202300021926,2,8,2023,15:50,1,1,3,62,62048,1,3,2,1,1
202300021927,28,5,2023,08:10,1,1,3,68,68062,1,3,2,3,1
202300021927,28,5,2023,08:10,1,1,3,68,68062,1,3,2,3,1
202300021928,28,5,2023,18:45,1,1,6,31,31167,2,3,2,2,2
202300021929,6,8,2023,19:05,1,1,3,61,61001,2,4,1,1,1
202300021929,6,8,2023,19:05,1,1,3,61,61001,2,4,2,2,1
202300021930,30,5,2023,14:20,1,1,2,02,02215,1,3,2,1,1
202300021931,29,5,2023,17:15,1,7,6,70,70171,2,3,2,1,1
202300021932,2,8,2023,09:05,1,2,3,60,60057,2,4,2,1,2
202300021933,27,5,2023,15:10,1,1,1,26,26165,2,2,2,2,1
202300021934,4,8,2023,14:30,1,1,1,59,59646,2,7,-1,1,1
202300021935,29,5,2023,14:00,1,1,7,54,54383,1,3,2,1,1
202300021936,4,8,2023,13:03,1,1,6,59,59512,2,4,2,1,1
202300021937,29,5,2023,18:40,1,1,3,14,14229,2,4,1,2,1
202300021937,29,5,2023,18:40,1,1,3,14,14229,2,4,2,1,1
202300021938,3,8,2023,16:54,1,1,3,59,59350,2,4,1,1,1
202300021938,3,8,2023,16:54,1,1,3,59,59350,2,4,1,1,1
202300021939,4,8,2023,14:14,1,8,6,57,57630,2,3,2,2,1
202300021940,30,5,2023,16:00,1,1,4,05,05164,1,2,2,2,1
202300021941,11,3,2023,10:20,1,8,2,56,56121,2,4,3,1,2
202300021941,11,3,2023,10:20,1,8,2,56,56121,2,4,3,1,2
202300021942,5,8,2023,08:15,1,2,3,56,56260,2,4,1,3,2
202300021943,29,5,2023,16:15,1,1,7,64,64036,1,3,2,1,1
202300021944,10,3,2023,17:00,1,2,3,56,56098,2,3,2,1,2
202300021945,6,8,2023,09:43,1,2,7,54,54528,1,3,2,2,2
202300021946,11,3,2023,11:30,1,1,6,51,51454,2,4,1,1,1
202300021947,30,5,2023,09:55,1,1,3,64,64495,2,3,2,1,1
202300021948,3,8,2023,16:15,1,1,2,54,54498,2,4,2,1,1
202300021949,29,5,2023,21:39,3,1,6,18,18043,1,3,2,1,1
202300021950,11,3,2023,03:40,5,4,6,50,50502,2,4,2,1,2
202300021951,2,8,2023,12:30,1,2,2,54,54395,2,4,1,2,2
202300021952,11,3,2023,11:55,1,2,7,49,49007,2,4,3,1,2
202300021953,27,5,2023,09:49,1,1,3,43,43218,1,3,2,3,1
202300021953,27,5,2023,09:49,1,1,3,43,43218,1,3,-1,1,1
202300021954,4,8,2023,02:20,5,2,6,54,54261,2,4,2,2,2
202300021955,11,3,2023,06:43,5,2,3,49,49007,2,4,3,1,2
202300021955,11,3,2023,06:43,5,2,3,49,49007,2,4,1,1,2
202300021956,30,5,2023,09:55,1,1,2,16,16286,1,3,2,1,1
202300021957,2,8,2023,12:20,1,2,3,54,54323,2,4,2,1,2
202300021957,2,8,2023,12:20,1,2,3,54,54323,2,4,2,1,2
202300021958,11,3,2023,18:40,1,1,6,45,45302,2,4,2,1,1
202300021959,6,8,2023,10:05,1,2,7,51,51454,2,4,2,1,2
202300021960,29,5,2023,22:45,5,1,1,07,07007,2,3,2,1,2
202300021960,29,5,2023,22:45,5,1,1,07,07007,2,3,2,1,2
202300021961,4,8,2023,08:30,1,1,6,51,51454,2,4,-1,1,1
202300021961,4,8,2023,08:30,1,1,6,51,51454,2,4,-1,1,1
202300021962,10,3,2023,17:28,1,2,3,45,45208,2,3,2,1,2
202300021962,10,3,2023,17:28,1,2,3,45,45208,2,3,2,1,2
202300021963,2,8,2023,16:25,1,1,4,50,50066,1,3,2,1,2
202300021964,30,5,2023,10:30,1,1,3,40,40209,2,3,2,1,1
202300021964,30,5,2023,10:30,1,1,3,40,40209,2,3,-1,-1,-1
202300021965,11,3,2023,11:15,1,1,3,37,37261,2,4,2,1,2
202300021966,15,11,2023,07:30,2,2,6,19,19031,2,4,2,1,2
202300021966,15,11,2023,07:30,2,2,6,19,19031,2,4,2,1,2
202300021967,6,8,2023,14:25,1,1,1,49,49328,2,4,2,1,1
202300021968,29,5,2023,11:09,1,1,1,17,17485,2,3,2,1,1
202300021968,29,5,2023,11:09,1,1,1,17,17485,2,3,2,1,1
202300021969,8,3,2023,12:20,1,2,3,37,37261,2,4,1,1,2
202300021969,8,3,2023,12:20,1,2,3,37,37261,2,4,1,1,2
202300021970,4,8,2023,10:45,1,1,3,49,49328,2,4,2,4,1
202300021971,16,11,2023,19:44,4,1,3,17,17200,2,3,3,1,1
202300021971,16,11,2023,19:44,4,1,3,17,17200,2,3,2,1,1
202300021972,28,5,2023,17:10,1,1,3,30,30003,1,3,1,1,1
202300021973,11,3,2023,11:30,1,2,3,32,32013,2,3,2,1,2
202300021974,3,8,2023,15:25,1,2,1,49,49328,2,3,2,1,2
202300021975,29,5,2023,16:50,1,1,6,88,88075,2,3,2,1,1
202300021976,10,11,2023,18:05,5,2,2,14,14118,2,4,2,3,2
202300021977,15,7,2023,00:50,5,1,6,49,49328,2,4,2,1,1
202300021978,11,3,2023,14:50,1,2,3,31,31555,2,7,-1,1,2
202300021978,11,3,2023,14:50,1,2,3,31,31555,2,7,2,1,2
202300021979,6,8,2023,00:44,5,1,6,49,49007,2,4,3,1,1
202300021980,30,5,2023,12:25,1,1,3,971,97103,2,2,2,1,1
202300021981,16,11,2023,19:00,5,1,3,13,13071,2,3,3,3,1
202300021982,11,3,2023,15:00,1,1,2,26,26362,1,2,3,1,1
202300021983,3,8,2023,16:20,1,1,3,49,49007,2,4,3,1,1
202300021984,11,3,2023,23:40,5,1,7,25,25056,2,3,2,4,1
202300021984,11,3,2023,23:40,5,1,7,25,25056,2,3,3,1,1
202300021985,16,11,2023,12:30,1,2,1,13,13019,2,6,2,1,2
202300021986,16,11,2023,12:10,1,8,7,13,13019,1,3,2,1,1
202300021987,9,4,2023,10:20,1,1,3,13,13087,1,1,3,1,1
202300021988,10,3,2023,17:50,1,1,6,22,22278,2,3,2,1,2
202300021989,5,8,2023,06:57,1,1,5,47,47001,2,3,2,1,1
202300021990,16,11,2023,07:20,2,1,1,13,13103,1,3,2,2,1
202300021991,4,8,2023,09:05,1,1,3,47,47001,2,4,2,1,1
202300021992,11,3,2023,18:25,1,8,3,14,14333,2,3,2,1,1
202300021992,11,3,2023,18:25,1,8,3,14,14333,2,3,2,1,1
202300021993,16,11,2023,22:30,5,1,3,13,13208,2,4,2,1,1
202300021994,28,5,2023,12:20,1,1,3,77,77141,1,3,2,3,1
202300021995,3,8,2023,15:30,1,1,1,47,47001,2,3,2,1,1
202300021995,3,8,2023,15:30,1,1,1,47,47001,2,3,2,1,1
202300021996,11,3,2023,18:30,5,1,2,13,13211,2,4,-1,1,1
202300021997,27,5,2023,07:30,1,1,6,95,95212,1,3,2,1,1
202300021998,5,8,2023,13:05,1,1,2,45,45232,2,4,3,1,1
202300021999,11,3,2023,12:00,1,1,1,13,13206,2,4,2,3,1
202300022000,4,8,2023,12:30,1,1,3,45,45234,2,4,2,1,1
202300022001,25,5,2023,21:15,2,1,3,95,95351,2,4,2,2,1
202300022001,25,5,2023,21:15,2,1,3,95,95351,2,4,2,1,1
202300022002,16,11,2023,18:30,5,1,5,13,13208,2,4,2,1,1
202300022003,11,3,2023,21:25,5,1,6,06,06027,2,7,3,1,1
202300022004,3,8,2023,17:55,1,1,6,45,45208,1,4,-1,1,6
202300022005,29,5,2023,16:40,1,1,7,78,78305,1,4,2,2,1
202300022006,5,8,2023,15:00,1,1,6,42,42218,2,4,1,1,1
202300022007,16,11,2023,12:40,1,1,2,13,13203,2,4,2,1,1
202300022007,16,11,2023,12:40,1,1,2,13,13203,2,4,2,1,1
202300022008,10,3,2023,16:15,1,1,3,05,05023,2,4,2,1,1
202300022008,10,3,2023,16:15,1,1,3,05,05023,2,4,-1,1,1
202300022009,5,8,2023,05:45,2,1,7,38,38421,2,2,3,1,1
202300022009,5,8,2023,05:45,2,1,7,38,38421,2,2,2,1,1
202300022010,10,3,2023,22:30,5,1,6,974,97411,2,4,2,2,1
202300022011,28,5,2023,19:42,1,1,7,66,66017,1,3,3,1,1
202300022012,15,11,2023,12:05,1,1,1,13,13213,2,4,1,1,1
202300022013,3,8,2023,21:40,5,2,3,37,37261,2,4,2,1,2
202300022013,3,8,2023,21:40,5,2,3,37,37261,2,4,2,2,2
202300022014,10,3,2023,18:00,2,1,2,972,97213,1,2,1,1,1
202300022015,14,11,2023,19:50,5,1,3,13,13206,2,4,2,1,1
202300022016,3,8,2023,16:40,1,1,7,37,37195,2,3,3,1,1
202300022017,9,3,2023,16:00,1,1,2,972,97213,1,3,2,1,1
202300022018,30,5,2023,12:00,1,1,5,83,83059,1,3,2,1,1
202300022018,30,5,2023,12:00,1,1,5,83,83059,1,3,1,2,1
202300022018,30,5,2023,12:00,1,1,5,83,83059,1,3,2,2,1
202300022019,4,8,2023,22:10,5,1,6,35,35238,2,4,3,4,1
202300022020,15,11,2023,16:55,1,8,6,12,12145,2,4,2,1,1
202300022020,15,11,2023,16:55,1,8,6,12,12145,2,4,1,1,1
202300022021,10,3,2023,09:00,2,2,3,95,95277,1,3,3,1,2
202300022022,29,1,2023,18:00,3,1,2,94,94065,1,1,1,2,1
202300022023,30,5,2023,17:30,1,1,1,13,13027,2,5,2,1,1
202300022024,4,8,2023,17:25,1,1,3,35,35238,2,4,3,1,1
202300022024,4,8,2023,17:25,1,1,3,35,35238,2,4,2,1,1
202300022025,28,1,2023,17:50,4,1,3,92,92064,1,1,1,1,1
202300022026,15,11,2023,14:40,1,1,1,10,10357,1,3,2,1,1
202300022027,27,5,2023,22:50,5,1,6,13,13041,2,3,2,1,1
202300022028,4,8,2023,11:30,1,1,3,34,34129,1,3,2,2,1
202300022029,29,1,2023,17:50,3,1,2,95,95252,1,1,3,1,1
202300022030,16,11,2023,11:40,1,1,6,07,07186,1,3,2,2,1
202300022031,6,5,2023,15:30,1,1,6,38,38205,1,4,2,1,1
202300022032,2,8,2023,15:00,1,1,6,34,34172,2,4,3,1,1
202300022033,10,3,2023,06:30,5,2,5,91,91471,2,4,2,1,2
202300022033,10,3,2023,06:30,5,2,5,91,91471,2,4,2,1,2
202300022034,28,1,2023,22:40,3,1,7,93,93051,1,1,3,1,1
202300022035,30,5,2023,05:16,2,1,1,38,38317,1,2,2,1,1
202300022036,16,11,2023,13:40,1,1,3,06,06029,2,4,1,2,1
202300022036,16,11,2023,13:40,1,1,3,06,06029,2,4,2,1,1
202300022037,28,1,2023,11:05,1,1,6,72,72181,2,4,2,1,1