id_accident,jour,mois,annee,heure_minute,luminosite,meteo,type_collision,departement,commune,agglomeration,categorie_route,regime_circulation,profil_route,etat_surface
202300022038,4,8,2023,08:10,1,1,1,34,34003,2,4,2,1,1
202300022039,10,3,2023,19:05,5,2,6,91,91097,2,3,-1,1,2
202300022039,10,3,2023,19:05,5,2,6,91,91097,2,3,2,2,2
202300022040,28,5,2023,20:20,1,1,1,01,01249,1,4,2,1,1
202300022041,27,1,2023,16:15,1,1,3,976,97611,2,2,2,1,1
202300022042,10,3,2023,08:40,1,2,2,91,91479,1,3,1,1,2
202300022043,16,11,2023,14:00,1,7,1,01,01289,2,3,2,3,1
202300022043,16,11,2023,14:00,1,7,1,01,01289,2,3,2,1,1
202300022044,4,8,2023,20:20,1,1,3,33,33069,2,4,2,1,1
202300022044,4,8,2023,20:20,1,1,3,33,33069,2,4,2,1,1
202300022045,28,1,2023,05:25,2,1,6,974,97411,2,2,1,1,1
202300022046,30,5,2023,08:30,1,1,3,69,69094,1,3,2,2,1
202300022046,30,5,2023,08:30,1,1,3,69,69094,1,3,2,2,1
202300022047,10,3,2023,16:40,1,1,3,83,83137,2,4,1,1,1
202300022047,10,3,2023,16:40,1,1,3,83,83137,2,4,2,1,1
202300022048,28,1,2023,19:30,5,2,3,973,97302,2,3,2,1,2
202300022048,28,1,2023,19:30,5,2,3,973,97302,2,3,2,1,2
202300022049,4,8,2023,14:45,1,1,6,33,33063,2,4,1,1,1
202300022050,16,11,2023,19:45,5,2,3,75,75113,2,4,1,1,2
202300022051,28,1,2023,16:25,1,1,6,972,97213,2,3,2,1,1
202300022052,4,8,2023,01:42,3,2,6,33,33039,2,4,2,1,2
202300022053,10,3,2023,09:30,1,1,6,83,83123,2,3,1,1,1
202300022053,10,3,2023,09:30,1,1,6,83,83123,2,3,2,1,1
202300022054,18,5,2023,16:30,1,1,3,33,33240,2,3,2,1,1
202300022054,18,5,2023,16:30,1,1,3,33,33240,2,3,2,1,1
202300022055,27,1,2023,11:30,1,1,2,972,97209,2,2,1,1,1
202300022056,16,11,2023,17:15,2,2,3,75,75116,2,4,1,1,2
202300022057,1,8,2023,20:42,1,1,3,33,33281,2,4,2,1,1
202300022058,5,3,2023,19:30,3,1,7,80,80131,1,3,2,1,1
202300022059,15,11,2023,16:20,1,1,7,75,75119,2,4,1,1,1
202300022060,28,1,2023,19:15,4,1,5,971,97113,1,4,2,2,1
202300022061,9,3,2023,17:00,1,8,6,78,78401,2,6,-1,1,2
202300022062,4,8,2023,17:50,1,1,1,33,33529,2,4,2,1,1
202300022063,30,5,2023,09:00,1,1,3,60,60282,2,3,2,1,1
202300022063,30,5,2023,09:00,1,1,3,60,60282,2,3,2,1,1
202300022064,28,1,2023,08:05,1,1,7,971,97113,1,2,1,1,1
202300022065,16,11,2023,13:15,1,2,6,75,75105,2,4,1,1,2
202300022065,16,11,2023,13:15,1,2,6,75,75105,2,4,2,1,2
202300022066,24,7,2023,17:02,1,1,6,33,33009,2,4,2,1,1
202300022066,24,7,2023,17:02,1,1,6,33,33009,2,4,1,1,1
202300022067,24,1,2023,17:37,1,1,3,84,84035,1,4,-1,1,1
202300022068,29,5,2023,09:05,1,1,6,75,75116,1,1,1,4,1
202300022069,2,8,2023,19:27,1,1,1,33,33009,2,4,2,1,1
202300022070,28,1,2023,11:00,1,1,3,83,83137,2,7,2,1,1
202300022071,16,11,2023,21:20,5,1,2,75,75119,2,4,1,1,2
202300022071,16,11,2023,21:20,5,1,2,75,75119,2,4,1,1,2
202300022072,29,5,2023,05:51,1,1,6,78,78217,1,6,-1,1,1
202300022073,27,1,2023,10:15,1,1,6,83,83062,1,3,-1,1,1
202300022073,27,1,2023,10:15,1,1,6,83,83062,1,3,1,1,1
202300022074,6,8,2023,11:20,1,1,3,32,32013,1,4,2,1,1
202300022075,27,3,2023,06:30,3,2,7,74,74012,2,3,2,1,2
202300022076,9,3,2023,18:48,5,2,3,76,76540,2,4,2,1,2
202300022076,9,3,2023,18:48,5,2,3,76,76540,2,4,2,1,2
202300022076,9,3,2023,18:48,5,2,3,76,76540,2,4,2,1,2
202300022077,16,11,2023,00:20,5,1,3,75,75118,2,4,1,1,1
202300022077,16,11,2023,00:20,5,1,3,75,75118,2,4,2,1,1
202300022078,5,8,2023,07:15,2,1,1,31,31555,2,1,2,1,1
202300022079,10,3,2023,02:20,3,2,6,71,71486,1,3,2,1,2
202300022080,24,3,2023,11:15,1,2,2,74,74012,2,3,2,1,2
202300022081,15,11,2023,12:45,1,1,3,75,75115,2,4,2,1,1
202300022081,15,11,2023,12:45,1,1,3,75,75115,2,4,1,1,1
202300022082,28,1,2023,12:50,1,1,1,77,77243,2,3,2,2,1
202300022082,28,1,2023,12:50,1,1,1,77,77243,2,3,2,2,1
202300022083,9,3,2023,20:35,3,3,5,71,71040,2,2,2,1,2
202300022084,3,8,2023,18:30,1,1,7,31,31555,2,1,1,1,1
202300022085,16,11,2023,15:20,1,2,6,75,75114,2,4,2,1,2
202300022086,23,3,2023,07:35,1,1,3,74,74007,1,3,2,1,1
202300022086,23,3,2023,07:35,1,1,3,74,74007,1,3,2,1,1
202300022087,10,3,2023,14:30,1,1,1,69,69013,2,3,2,1,1
202300022088,4,8,2023,19:59,1,1,1,29,29232,1,4,2,2,1
202300022089,28,1,2023,18:05,1,1,1,77,77070,1,3,2,1,1
202300022089,28,1,2023,18:05,1,1,1,77,77070,1,3,2,1,1
202300022090,16,11,2023,13:00,1,3,3,75,75113,2,4,2,1,2
202300022091,4,8,2023,06:52,2,1,3,29,29232,2,3,-1,1,1
202300022092,7,3,2023,19:36,5,1,3,66,66136,2,4,1,1,1
202300022093,18,3,2023,16:33,1,1,1,74,74133,1,3,2,1,1
202300022094,28,1,2023,18:50,2,1,3,72,72181,2,4,-1,1,1
202300022095,16,11,2023,16:00,1,3,6,75,75111,2,4,-1,1,2
202300022095,16,11,2023,16:00,1,3,6,75,75111,2,4,2,1,2
202300022096,1,3,2023,17:00,1,1,6,74,74258,2,4,2,1,1
202300022097,28,1,2023,23:00,5,1,3,69,69259,2,4,2,1,1
202300022097,28,1,2023,23:00,5,1,3,69,69259,2,4,2,1,1
202300022098,10,3,2023,05:55,5,1,6,64,64102,2,4,2,1,1
202300022098,10,3,2023,05:55,5,1,6,64,64102,2,4,2,1,1
202300022099,3,8,2023,12:10,1,1,5,29,29232,2,4,2,1,1
202300022100,27,1,2023,17:40,5,1,3,62,62570,2,4,2,1,1
202300022100,27,1,2023,17:40,5,1,3,62,62570,2,4,2,1,1
202300022101,16,11,2023,10:17,1,3,6,75,75110,2,4,1,1,2
202300022101,16,11,2023,10:17,1,3,6,75,75110,2,4,1,1,2
202300022102,10,3,2023,08:25,1,1,1,63,63113,2,4,1,1,2
202300022103,27,2,2023,10:08,1,8,3,74,74281,1,4,-1,1,1
202300022103,27,2,2023,10:08,1,8,3,74,74281,1,4,-1,1,1
202300022104,6,8,2023,12:56,1,1,3,29,29039,1,3,2,1,1
202300022104,6,8,2023,12:56,1,1,3,29,29039,1,3,2,1,1
202300022105,3,3,2023,22:05,3,1,6,62,62764,1,3,1,2,1
202300022106,28,1,2023,05:55,5,1,2,60,60057,2,4,2,2,1
202300022106,28,1,2023,05:55,5,1,2,60,60057,2,4,2,2,1
202300022107,16,11,2023,12:45,1,3,6,75,75108,2,4,2,1,2
202300022108,22,2,2023,22:15,3,2,6,74,74243,1,1,1,2,2
202300022109,6,8,2023,11:29,1,1,7,29,29039,1,4,2,2,1
202300022110,9,3,2023,18:15,1,2,3,59,59350,2,4,3,1,2
202300022111,28,1,2023,05:40,5,1,3,54,54395,2,4,1,1,1
202300022111,28,1,2023,05:40,5,1,3,54,54395,2,4,2,1,1
202300022112,16,11,2023,12:30,1,3,7,75,75108,2,4,2,1,2
202300022112,16,11,2023,12:30,1,3,7,75,75108,2,4,1,1,2
202300022113,9,2,2023,07:05,2,1,3,74,74310,1,3,2,1,1
202300022114,9,3,2023,11:00,1,2,3,57,57221,2,3,2,1,2
202300022115,28,1,2023,17:40,2,1,3,51,51454,2,4,1,1,1
202300022116,2,8,2023,16:40,1,8,2,29,29039,1,3,2,1,1
202300022117,16,11,2023,20:45,5,1,1,75,75107,2,4,2,1,2
202300022118,28,1,2023,00:54,5,1,6,45,45147,2,4,2,1,1
202300022118,28,1,2023,00:54,5,1,6,45,45147,2,4,2,1,1
202300022119,23,1,2023,13:10,1,1,5,73,73011,1,3,2,1,1
202300022120,15,11,2023,19:30,5,1,7,75,75103,2,4,1,1,1
202300022120,15,11,2023,19:30,5,1,7,75,75103,2,4,2,1,1
202300022121,10,3,2023,18:20,2,2,3,56,56121,2,4,2,1,2
202300022121,10,3,2023,18:20,2,2,3,56,56121,2,4,2,1,2
202300022122,4,8,2023,16:00,1,1,1,29,29019,2,4,2,1,1
202300022122,4,8,2023,16:00,1,1,1,29,29019,2,4,2,1,1
202300022123,28,1,2023,13:15,1,1,3,44,44109,2,4,2,1,1
202300022123,28,1,2023,13:15,1,1,3,44,44109,2,4,1,1,1
202300022124,28,5,2023,02:00,5,1,1,46,46042,2,4,2,1,1
202300022125,9,3,2023,16:45,1,1,6,55,55545,2,4,2,1,1
202300022126,28,1,2023,17:55,2,8,3,37,37261,2,4,2,1,1
202300022126,28,1,2023,17:55,2,8,3,37,37261,2,4,2,1,1
202300022127,28,5,2023,00:15,5,1,6,75,75117,2,4,1,1,1
202300022128,15,11,2023,12:30,1,1,3,94,94081,2,4,-1,1,1
202300022128,15,11,2023,12:30,1,1,3,94,94081,2,4,2,1,1
202300022129,28,1,2023,11:45,1,1,6,34,34172,2,4,2,2,1
202300022130,10,3,2023,06:30,2,1,6,54,54357,2,4,2,1,1
202300022131,15,11,2023,16:45,2,1,6,94,94046,2,3,2,1,1
202300022132,28,5,2023,18:00,3,1,2,974,97411,1,2,1,1,1
202300022133,9,3,2023,12:00,1,2,6,54,54395,2,4,1,1,2
202300022133,9,3,2023,12:00,1,2,6,54,54395,2,4,1,1,2
202300022134,28,1,2023,08:20,4,1,5,33,33063,2,4,2,1,1
202300022134,28,1,2023,08:20,4,1,5,33,33063,2,4,1,1,1
202300022135,28,5,2023,05:05,5,1,6,974,97411,2,2,2,1,1
202300022136,10,3,2023,15:33,1,1,7,54,54323,1,2,3,1,1
202300022137,28,1,2023,06:15,3,1,6,33,33529,1,2,2,1,1
202300022138,16,11,2023,18:30,5,3,3,94,94041,2,3,1,2,2
202300022138,16,11,2023,18:30,5,3,3,94,94041,2,3,1,2,2
202300022139,9,3,2023,19:45,5,2,6,50,50502,2,4,1,1,2
202300022140,28,1,2023,18:16,5,1,3,31,31555,2,4,3,1,1
202300022141,28,5,2023,05:50,2,1,2,974,97407,2,2,-1,1,1
202300022142,16,11,2023,08:00,2,3,6,94,94038,2,3,3,1,2
202300022143,28,1,2023,05:00,5,1,3,31,31555,1,1,3,1,1
202300022144,9,3,2023,10:10,1,1,7,50,50129,2,4,3,1,1
202300022145,27,5,2023,13:05,1,1,3,973,97302,2,3,2,1,1
202300022146,28,1,2023,02:20,5,1,2,31,31555,2,1,1,1,1
202300022147,15,11,2023,08:40,1,1,3,94,94033,2,3,1,1,1
202300022147,15,11,2023,08:40,1,1,3,94,94033,2,3,1,1,1
202300022148,10,3,2023,22:30,5,2,2,49,49007,2,4,2,1,2
202300022148,10,3,2023,22:30,5,2,2,49,49007,2,4,3,1,2
202300022149,28,1,2023,16:45,1,1,3,27,27229,2,4,2,1,1
202300022150,9,3,2023,17:47,1,2,7,49,49015,2,4,2,1,2
202300022151,28,5,2023,15:50,1,1,3,69,69386,2,4,1,1,1
202300022151,28,5,2023,15:50,1,1,3,69,69386,2,4,1,1,1
202300022152,16,11,2023,17:26,5,2,3,94,94022,2,1,4,1,2
202300022152,16,11,2023,17:26,5,2,3,94,94022,2,1,1,1,2
202300022153,27,1,2023,18:55,5,1,3,25,25056,2,4,-1,2,1
202300022153,27,1,2023,18:55,5,1,3,25,25056,2,4,1,2,1
202300022154,10,3,2023,20:30,5,2,3,45,45302,2,3,2,1,2
202300022155,27,1,2023,17:10,1,1,1,22,22106,2,3,2,1,1
202300022155,27,1,2023,17:10,1,1,1,22,22106,2,3,2,1,1
202300022156,10,3,2023,16:35,1,8,7,42,42170,1,3,2,1,1
202300022156,10,3,2023,16:35,1,8,7,42,42170,1,3,3,1,1
202300022157,28,5,2023,01:10,5,1,3,69,69387,2,4,1,1,1
202300022157,28,5,2023,01:10,5,1,3,69,69387,2,4,1,1,1
202300022158,14,11,2023,19:30,5,2,3,94,94042,2,3,2,1,2
202300022158,14,11,2023,19:30,5,2,3,94,94042,2,3,1,2,2
202300022159,18,1,2023,16:25,1,2,6,14,14118,2,4,2,1,2
202300022160,10,3,2023,19:58,5,2,6,41,41269,2,4,-1,1,2
202300022161,28,1,2023,20:30,3,1,7,13,13209,2,3,2,2,1
202300022162,15,11,2023,09:10,1,1,3,94,94017,2,3,2,1,1
202300022163,28,1,2023,02:15,5,1,1,13,13209,2,4,2,1,1
202300022164,9,3,2023,20:30,5,2,6,41,41018,2,4,-1,1,2
202300022165,28,5,2023,19:05,1,1,3,69,69081,2,4,2,1,1
202300022165,28,5,2023,19:05,1,1,3,69,69081,2,4,2,2,1
202300022166,27,1,2023,17:45,5,1,6,13,13205,2,4,2,1,1
202300022167,16,11,2023,14:15,1,2,6,93,93066,2,4,2,1,2
202300022168,10,3,2023,18:05,2,2,6,38,38053,2,4,2,1,2
202300022169,28,1,2023,12:40,1,8,6,11,11069,2,3,1,2,1
202300022170,16,11,2023,08:35,2,2,6,93,93062,2,3,1,1,2
202300022171,27,5,2023,13:20,1,1,1,971,97101,1,3,-1,1,1
202300022172,27,1,2023,20:15,5,1,7,07,07316,2,3,2,1,1
202300022173,10,3,2023,14:30,1,1,2,37,37122,2,4,2,1,1
202300022174,28,1,2023,21:00,5,1,1,02,02059,2,4,2,1,1
202300022175,16,11,2023,07:33,2,2,3,93,93055,2,3,2,1,2
202300022175,16,11,2023,07:33,2,2,3,93,93055,2,3,3,1,2
202300022176,28,5,2023,15:30,1,1,3,2A,2A004,2,2,-1,2,1
202300022176,28,5,2023,15:30,1,1,3,2A,2A004,2,2,2,1,1
202300022177,10,3,2023,07:45,1,2,3,37,37261,2,4,1,1,2
202300022177,10,3,2023,07:45,1,2,3,37,37261,2,4,1,1,2
202300022178,26,1,2023,22:30,5,1,2,92,92062,2,3,1,1,1
202300022178,26,1,2023,22:30,5,1,2,92,92062,2,3,1,1,1
202300022179,16,11,2023,18:10,5,2,6,93,93053,2,3,3,1,2
202300022180,27,1,2023,07:50,2,1,2,75,75120,2,4,1,1,1
202300022181,28,5,2023,06:04,2,1,6,95,95488,2,4,2,1,1
202300022181,28,5,2023,06:04,2,1,6,95,95488,2,4,2,1,1
202300022182,9,3,2023,18:45,1,1,3,34,34108,2,4,2,1,1
202300022182,9,3,2023,18:45,1,1,3,34,34108,2,4,-1,1,1
202300022183,16,11,2023,08:30,2,3,6,93,93050,2,4,1,1,2
202300022184,26,1,2023,17:30,5,2,3,75,75117,2,4,1,1,2
202300022185,28,5,2023,02:20,5,1,2,83,83137,2,3,2,1,1
202300022186,25,1,2023,18:50,2,1,2,75,75116,2,4,1,1,1
202300022187,16,11,2023,20:40,5,2,3,93,93048,2,3,2,1,2
202300022188,10,3,2023,20:00,5,1,2,34,34172,2,4,2,2,1
202300022189,28,1,2023,02:00,5,1,2,75,75120,2,4,1,1,1
202300022190,27,5,2023,20:25,1,1,3,83,83069,2,3,2,1,1
202300022191,16,11,2023,16:23,1,3,3,93,93029,2,4,1,1,2
202300022191,16,11,2023,16:23,1,3,3,93,93029,2,4,2,1,2
202300022192,10,3,2023,07:00,1,8,1,34,34172,2,4,1,1,2
202300022192,10,3,2023,07:00,1,8,1,34,34172,2,4,2,1,2
202300022193,28,1,2023,16:55,1,1,6,75,75115,2,4,1,1,1
202300022193,28,1,2023,16:55,1,1,6,75,75115,2,4,2,1,1
202300022194,28,5,2023,22:27,3,1,1,83,83050,2,4,-1,2,1
202300022195,16,11,2023,21:40,5,1,7,92,92046,2,3,2,1,1
202300022196,27,5,2023,16:25,1,1,3,77,77014,2,3,2,2,1
202300022197,9,3,2023,16:50,1,1,3,34,34172,2,4,1,1,1
202300022198,28,1,2023,09:00,1,8,6,75,75114,2,4,3,1,1
202300022199,16,11,2023,09:15,1,2,7,92,92075,2,3,3,2,2
202300022200,28,1,2023,01:05,5,1,3,75,75111,2,4,2,1,1
202300022200,28,1,2023,01:05,5,1,3,75,75111,2,4,2,1,1
202300022201,9,3,2023,12:00,1,1,3,34,34172,2,4,2,1,1
202300022202,28,5,2023,19:05,1,1,3,74,74012,2,4,2,1,1
202300022203,15,11,2023,19:10,5,1,3,92,92062,2,3,3,1,1
202300022204,28,1,2023,01:20,5,1,3,75,75109,2,4,1,1,1
202300022204,28,1,2023,01:20,5,1,3,75,75109,2,4,1,1,1
202300022205,10,3,2023,09:13,1,6,3,33,33069,2,4,1,1,1
202300022205,10,3,2023,09:13,1,6,3,33,33069,2,4,2,1,1
202300022206,28,5,2023,22:35,5,1,3,72,72181,2,4,2,1,1
202300022207,28,1,2023,01:00,5,1,6,75,75101,2,4,3,4,1
202300022208,16,11,2023,01:20,5,1,1,92,92020,2,3,2,2,1
202300022209,28,1,2023,01:00,5,8,7,94,94068,2,4,2,1,2
202300022210,10,3,2023,08:10,1,1,3,31,31555,2,1,2,1,1
202300022211,28,5,2023,12:50,1,7,3,72,72181,2,4,1,1,1
202300022211,28,5,2023,12:50,1,7,3,72,72181,2,4,-1,1,1
202300022212,28,1,2023,14:40,1,1,3,94,94038,2,3,2,1,1
202300022212,28,1,2023,14:40,1,1,3,94,94038,2,3,1,1,1
202300022213,16,11,2023,14:29,1,2,3,92,92040,2,3,-1,1,2
202300022213,16,11,2023,14:29,1,2,3,92,92040,2,3,1,1,2
202300022214,10,3,2023,18:40,5,2,5,28,28134,2,2,2,1,2
202300022215,28,5,2023,20:00,1,1,6,69,69259,2,4,2,1,1
202300022216,10,3,2023,13:33,1,2,3,27,27229,2,4,2,1,2
202300022217,15,11,2023,11:20,1,1,3,92,92012,2,4,2,1,1
202300022218,27,1,2023,23:55,5,8,7,94,94041,2,3,3,1,2
202300022219,28,5,2023,19:05,1,1,2,67,67482,2,4,2,1,1
202300022220,14,11,2023,16:30,2,1,7,63,63026,1,3,2,1,2
202300022221,9,3,2023,14:20,1,1,3,24,24138,1,3,1,3,1
202300022222,28,1,2023,20:05,5,1,3,93,93005,2,4,2,1,1
202300022222,28,1,2023,20:05,5,1,3,93,93005,2,4,-1,1,1
202300022223,10,3,2023,08:30,1,2,7,15,15014,2,4,-1,1,2
202300022224,16,11,2023,20:30,3,2,6,95,95313,1,1,1,1,2
202300022225,28,1,2023,09:55,1,1,3,93,93064,2,3,1,1,1
202300022226,28,5,2023,08:25,1,1,3,64,64284,2,3,-1,1,1
202300022226,28,5,2023,08:25,1,1,3,64,64284,2,3,-1,1,1
202300022227,10,3,2023,10:05,1,1,6,13,13214,2,4,2,1,1
202300022228,28,1,2023,10:58,1,1,6,93,93077,2,9,3,1,1
202300022229,12,11,2023,15:39,1,2,3,95,95445,1,2,3,1,2
202300022230,28,5,2023,20:14,1,1,7,61,61001,2,4,1,1,1
202300022231,10,3,2023,07:50,1,2,3,10,10387,2,4,1,1,2
202300022231,10,3,2023,07:50,1,2,3,10,10387,2,4,2,3,2
202300022232,28,1,2023,15:15,1,1,2,93,93046,2,3,2,1,1
202300022233,16,11,2023,19:09,5,2,6,95,95487,2,3,2,1,2
202300022234,28,1,2023,13:30,1,1,3,92,92051,2,2,3,1,1
202300022235,11,3,2023,20:05,5,1,2,75,75113,2,4,1,1,1
202300022236,28,5,2023,01:15,5,1,3,59,59527,2,4,2,2,1
202300022237,28,1,2023,00:45,5,1,7,92,92026,2,3,1,2,1
202300022238,10,3,2023,11:45,1,1,3,75,75117,2,4,1,1,1
202300022239,17,11,2023,08:40,1,1,5,06,06161,2,3,2,1,1
202300022240,28,5,2023,18:00,1,1,6,57,57463,2,4,-1,1,1
202300022241,28,1,2023,16:25,1,1,2,92,92025,2,4,1,1,1
202300022241,28,1,2023,16:25,1,1,2,92,92025,2,4,2,1,1
202300022242,14,11,2023,15:00,1,1,6,31,31282,2,7,2,1,1
202300022243,10,3,2023,09:45,1,2,5,75,75120,2,4,1,1,2
202300022244,28,1,2023,08:50,1,8,3,92,92060,2,3,2,2,1
202300022244,28,1,2023,08:50,1,8,3,92,92060,2,3,2,2,1
202300022245,28,5,2023,10:19,1,1,6,49,49007,2,4,2,1,1
202300022245,28,5,2023,10:19,1,1,6,49,49007,2,4,2,1,1
202300022246,17,11,2023,13:55,1,1,1,84,84037,1,3,2,1,1
202300022247,10,3,2023,09:15,1,2,2,75,75113,2,4,1,2,2
202300022248,28,1,2023,11:30,1,8,2,92,92012,2,4,2,1,1
202300022249,28,5,2023,03:00,3,1,6,45,45286,2,4,3,1,1
202300022250,10,3,2023,06:30,2,2,6,75,75120,2,4,1,2,2
202300022251,27,1,2023,23:14,5,2,3,92,92002,2,3,3,1,2
202300022252,27,1,2023,15:45,1,1,6,91,91235,2,4,2,1,1
202300022253,8,3,2023,14:00,1,2,2,75,75112,2,4,1,1,2
202300022254,28,5,2023,13:30,1,1,3,35,35238,2,4,2,2,1
202300022254,28,5,2023,13:30,1,1,3,35,35238,2,4,2,2,1
202300022255,28,1,2023,12:00,1,1,3,972,97203,1,2,2,1,1
202300022256,11,3,2023,04:35,5,1,6,75,75106,2,4,1,1,1
202300022256,11,3,2023,04:35,5,1,6,75,75106,2,4,1,1,1
202300022257,28,5,2023,16:50,1,1,7,34,34301,2,4,1,4,1
202300022258,11,3,2023,00:10,5,1,3,75,75116,2,4,2,1,1
202300022258,11,3,2023,00:10,5,1,3,75,75116,2,4,2,1,1
202300022259,28,5,2023,19:10,1,1,2,25,25056,2,4,3,2,1
202300022260,22,1,2023,18:15,3,1,5,11,11067,1,3,2,1,1
202300022261,11,3,2023,19:40,5,2,7,75,75120,2,4,1,1,2
202300022261,11,3,2023,19:40,5,2,7,75,75120,2,4,2,2,2
202300022262,29,1,2023,19:00,5,1,6,84,84056,1,3,2,1,1
202300022263,16,11,2023,17:00,3,6,6,21,21561,1,3,2,1,2
202300022264,29,1,2023,04:45,3,1,6,63,63388,1,3,2,2,1
202300022265,11,3,2023,18:55,2,8,3,75,75111,2,4,2,1,1
202300022265,11,3,2023,18:55,2,8,3,75,75111,2,4,1,1,1
202300022266,16,11,2023,11:35,1,3,3,76,76244,1,1,2,2,3
202300022267,28,5,2023,07:20,1,1,3,25,25056,2,4,2,1,1
202300022267,28,5,2023,07:20,1,1,3,25,25056,2,4,3,2,1
202300022268,11,3,2023,09:55,1,1,6,75,75110,2,4,1,1,1
202300022268,11,3,2023,09:55,1,1,6,75,75110,2,4,1,1,1
202300022269,28,1,2023,23:00,3,1,6,60,60358,2,4,2,1,1
202300022270,28,1,2023,16:10,1,1,6,21,21520,1,4,2,2,5
202300022271,27,5,2023,11:40,1,1,6,25,25056,2,4,3,2,1
202300022272,16,11,2023,17:30,3,3,4,25,25097,1,1,3,1,2
202300022273,11,3,2023,01:52,5,1,3,75,75108,2,4,1,1,1
202300022273,11,3,2023,01:52,5,1,3,75,75108,2,4,1,1,1
202300022274,29,1,2023,06:15,3,9,7,51,51056,1,3,2,2,7
202300022275,16,11,2023,22:00,3,3,6,25,25614,1,1,3,1,2
202300022276,28,1,2023,05:10,3,1,1,56,56131,1,3,2,2,1
202300022277,27,5,2023,20:35,1,1,3,22,22113,2,3,-1,1,1
202300022277,27,5,2023,20:35,1,1,3,22,22113,2,3,-1,1,1
202300022278,11,3,2023,22:25,5,2,3,75,75101,2,4,3,1,2
202300022278,11,3,2023,22:25,5,2,3,75,75101,2,4,1,1,2
202300022279,28,1,2023,14:50,1,1,7,76,76636,1,7,2,1,1
202300022280,11,3,2023,18:35,5,1,7,75,75101,2,4,1,1,1
202300022280,11,3,2023,18:35,5,1,7,75,75101,2,4,1,1,1
202300022281,17,11,2023,07:45,1,1,7,54,54166,1,3,2,1,2
202300022282,26,5,2023,17:30,1,7,6,17,17415,2,4,2,2,1
202300022283,28,1,2023,23:45,3,1,7,49,49029,1,3,2,1,1
202300022284,10,3,2023,23:10,5,1,3,75,75104,2,4,1,1,1
202300022284,10,3,2023,23:10,5,1,3,75,75104,2,4,1,1,1
202300022285,27,1,2023,15:35,1,1,3,29,29212,2,4,2,1,1
202300022286,28,5,2023,06:50,1,1,7,17,17415,2,2,3,1,1
202300022287,17,11,2023,05:50,5,1,1,30,30334,2,3,2,2,1
202300022287,17,11,2023,05:50,5,1,1,30,30334,2,3,2,1,1
202300022288,11,3,2023,23:19,5,1,6,94,94068,2,4,1,1,1
202300022289,28,1,2023,10:20,1,1,3,29,29101,2,4,2,1,1
202300022289,28,1,2023,10:20,1,1,3,29,29101,2,4,2,1,1
202300022290,16,11,2023,17:20,2,2,1,62,62060,1,3,2,1,2
202300022291,17,1,2023,18:10,3,1,7,29,29015,1,3,2,1,2
202300022292,11,3,2023,01:30,5,1,6,94,94077,2,4,2,1,1
202300022293,12,11,2023,20:00,5,2,6,57,57540,2,4,1,1,2
202300022294,11,3,2023,15:29,1,1,3,93,93066,2,3,3,1,1
202300022294,11,3,2023,15:29,1,1,3,93,93066,2,3,2,1,1
202300022295,28,5,2023,18:12,1,1,3,14,14536,2,3,2,2,1
202300022295,28,5,2023,18:12,1,1,3,14,14536,2,3,2,2,1
202300022296,29,1,2023,05:20,4,1,1,31,31524,1,3,2,4,2
202300022296,29,1,2023,05:20,4,1,1,31,31524,1,3,2,1,2
202300022297,16,11,2023,13:30,1,8,3,56,56240,1,3,2,1,2
202300022298,27,1,2023,22:35,3,1,2,06,06132,1,3,2,1,1
202300022299,10,3,2023,10:05,1,8,1,93,93066,2,3,1,1,2
202300022299,10,3,2023,10:05,1,8,1,93,93066,2,3,2,1,2
202300022300,29,5,2023,00:45,3,1,3,13,13071,2,3,2,1,1
202300022300,29,5,2023,00:45,3,1,3,13,13071,2,3,2,2,1
202300022301,29,1,2023,09:45,1,8,6,64,64528,1,3,2,3,2
202300022302,11,3,2023,20:30,5,1,6,93,93048,2,3,2,1,1
202300022303,16,11,2023,18:00,2,1,2,56,56147,1,3,2,2,1
202300022304,28,1,2023,19:30,3,1,6,16,16175,1,3,2,1,1
202300022305,27,5,2023,12:00,1,1,4,13,13103,1,3,-1,1,1
202300022306,9,3,2023,12:30,1,1,3,93,93029,2,4,1,1,1
202300022307,29,1,2023,07:45,2,1,7,85,85008,1,3,3,3,1
202300022308,16,11,2023,15:00,1,2,3,76,76400,2,4,2,1,2
202300022309,11,3,2023,14:00,1,1,6,93,93027,2,3,2,1,1
202300022310,28,5,2023,05:15,2,1,2,13,13209,2,4,2,1,1
202300022311,28,1,2023,23:30,4,1,3,37,37029,2,3,2,1,1
202300022311,28,1,2023,23:30,4,1,3,37,37029,2,3,2,1,1
202300022312,17,11,2023,15:25,1,7,6,76,76377,2,7,2,1,2
202300022312,17,11,2023,15:25,1,7,6,76,76377,2,7,2,1,2
202300022313,11,3,2023,12:45,1,1,2,92,92078,2,6,-1,1,1
202300022314,28,5,2023,20:00,1,1,3,13,13206,2,4,1,2,1
202300022314,28,5,2023,20:00,1,1,3,13,13206,2,4,1,2,1
202300022315,10,3,2023,13:40,1,6,3,92,92019,2,3,2,2,2
202300022315,10,3,2023,13:40,1,6,3,92,92019,2,3,2,2,2
202300022316,27,5,2023,22:45,5,1,6,13,13210,2,4,3,1,1
202300022317,11,3,2023,13:45,1,1,6,92,92002,2,4,2,2,1
202300022318,29,10,2023,09:45,1,3,7,33,33506,2,3,2,1,2