id_accident,jour,mois,annee,heure_minute,luminosite,meteo,type_collision,departement,commune,agglomeration,categorie_route,regime_circulation,profil_route,etat_surface
202300022319,28,1,2023,19:42,5,1,6,971,97103,1,2,2,1,1
202300022320,27,5,2023,13:35,1,1,1,13,13211,2,4,-1,1,1
202300022320,27,5,2023,13:35,1,1,1,13,13211,2,4,1,1,1
202300022321,9,3,2023,19:10,3,2,7,08,08452,1,3,2,1,2
202300022322,16,11,2023,02:35,3,1,6,33,33505,1,3,2,1,2
202300022323,29,1,2023,04:45,3,1,7,17,17465,1,1,3,1,1
202300022324,12,3,2023,10:55,1,1,7,21,21261,1,1,3,2,8
202300022325,29,1,2023,00:15,3,1,6,987,98722,1,3,2,1,2
202300022326,28,5,2023,16:40,1,1,3,11,11069,2,4,1,1,1
202300022327,28,5,2023,23:45,5,1,7,08,08497,2,3,2,1,1
202300022328,11,3,2023,12:05,1,1,3,972,97226,1,3,2,1,1
202300022329,28,1,2023,15:00,1,3,7,988,98808,2,2,2,1,2
202300022330,17,11,2023,10:07,1,1,2,49,49064,1,2,2,1,1
202300022331,29,1,2023,12:00,1,2,1,973,97311,2,4,2,1,2
202300022332,15,11,2023,17:10,1,2,7,49,49183,1,4,2,1,2
202300022333,27,5,2023,19:50,2,1,5,07,07008,1,3,2,2,1
202300022334,12,3,2023,01:45,3,8,6,22,22030,1,3,1,3,2
202300022335,28,1,2023,20:00,3,2,6,971,97115,2,4,2,2,2
202300022336,14,11,2023,07:10,2,2,7,42,42334,1,3,-1,2,2
202300022337,12,3,2023,14:00,1,1,7,79,79175,2,4,1,1,1
202300022337,12,3,2023,14:00,1,1,7,79,79175,2,4,2,1,1
202300022338,28,5,2023,18:35,1,1,5,07,07281,1,3,2,2,1
202300022339,28,1,2023,20:45,3,1,1,13,13025,1,3,2,2,1
202300022340,17,11,2023,17:15,3,3,5,68,68025,1,3,2,1,2
202300022341,12,3,2023,20:00,3,3,7,72,72058,1,3,2,1,2
202300022342,28,5,2023,06:05,2,1,3,06,06029,2,4,1,1,1
202300022342,28,5,2023,06:05,2,1,3,06,06029,2,4,1,1,1
202300022343,25,1,2023,08:35,2,1,3,33,33349,1,3,2,1,1
202300022343,25,1,2023,08:35,2,1,3,33,33349,1,3,2,1,1
202300022344,11,3,2023,13:38,1,1,6,34,34032,1,1,3,1,1
202300022345,26,5,2023,18:20,1,1,6,05,05061,2,6,-1,1,1
202300022346,16,11,2023,07:15,2,1,3,44,44188,1,3,1,1,1
202300022347,25,1,2023,17:30,2,1,3,33,33528,1,3,2,1,1
202300022348,16,1,2023,15:20,1,1,3,30,30174,2,3,2,1,1
202300022349,16,11,2023,13:26,1,1,6,03,03257,1,3,2,1,1
202300022350,27,5,2023,18:25,1,1,2,75,75115,2,4,1,1,1
202300022351,28,1,2023,21:30,3,1,6,37,37089,2,3,2,1,1
202300022352,11,3,2023,17:45,1,1,6,57,57667,1,3,2,2,1
202300022353,16,11,2023,17:40,5,2,6,15,15120,2,3,2,1,2
202300022354,27,5,2023,21:20,1,1,3,75,75112,2,4,1,1,1
202300022355,28,1,2023,01:57,3,1,6,05,05006,1,2,2,2,1
202300022356,11,3,2023,15:00,1,1,3,56,56164,2,4,2,1,1
202300022356,11,3,2023,15:00,1,1,3,56,56164,2,4,2,1,1
202300022357,27,5,2023,20:45,1,1,2,75,75115,2,4,1,1,1
202300022358,16,11,2023,18:00,5,3,3,70,70198,2,3,2,1,2
202300022358,16,11,2023,18:00,5,3,3,70,70198,2,3,2,1,2
202300022359,11,3,2023,15:00,1,2,7,79,79080,1,3,2,1,2
202300022360,29,1,2023,14:30,1,1,6,13,13092,2,4,1,1,1
202300022360,29,1,2023,14:30,1,1,6,13,13092,2,4,2,1,1
202300022361,17,11,2023,02:27,3,1,6,06,06079,1,3,2,1,1
202300022362,27,5,2023,15:55,1,1,4,75,75112,2,4,1,1,1
202300022363,28,1,2023,19:45,3,1,6,71,71360,1,3,2,1,1
202300022364,12,3,2023,12:30,1,1,2,79,79063,1,3,2,1,1
202300022364,12,3,2023,12:30,1,1,2,79,79063,1,3,2,1,1
202300022365,16,11,2023,23:30,5,2,6,16,16030,1,3,2,1,2
202300022366,12,3,2023,09:53,1,8,6,33,33310,1,3,2,1,1
202300022367,27,5,2023,08:55,1,1,3,75,75114,2,4,1,1,1
202300022368,28,1,2023,19:30,3,1,1,67,67101,1,3,2,1,1
202300022369,11,11,2023,10:45,1,1,1,16,16303,1,3,2,2,2
202300022370,28,5,2023,18:45,1,1,2,75,75117,2,4,3,1,1
202300022371,28,1,2023,20:45,3,1,7,22,22162,1,3,2,1,1
202300022372,12,3,2023,16:05,1,1,1,32,32224,1,3,2,1,1
202300022373,28,5,2023,02:50,5,1,7,75,75116,2,4,2,1,1
202300022373,28,5,2023,02:50,5,1,7,75,75116,2,4,-1,1,1
202300022374,28,1,2023,20:08,3,1,3,59,59215,1,3,2,1,1
202300022375,15,11,2023,18:05,3,1,5,53,53141,1,3,2,1,2
202300022375,15,11,2023,18:05,3,1,5,53,53141,1,3,2,1,2
202300022376,10,3,2023,16:30,1,2,3,47,47310,2,3,2,1,2
202300022376,10,3,2023,16:30,1,2,3,47,47310,2,3,2,1,2
202300022377,11,3,2023,16:54,1,1,7,02,02680,1,3,2,1,1
202300022378,16,11,2023,22:50,3,2,1,21,21023,1,3,2,1,2
202300022379,28,1,2023,07:00,3,1,7,78,78206,1,1,-1,1,1
202300022380,11,3,2023,18:10,1,8,6,66,66009,2,3,2,1,1
202300022381,27,1,2023,23:14,4,2,6,92,92072,1,2,1,2,2
202300022382,28,5,2023,21:50,5,1,3,75,75113,2,4,1,2,1
202300022382,28,5,2023,21:50,5,1,3,75,75113,2,4,-1,1,1
202300022383,17,11,2023,08:00,2,1,1,85,85146,2,3,2,2,2
202300022383,17,11,2023,08:00,2,1,1,85,85146,2,3,2,-1,2
202300022384,12,3,2023,04:10,4,2,3,45,45030,2,3,2,1,2
202300022385,27,1,2023,19:10,3,1,4,78,78043,1,1,1,1,1
202300022386,28,5,2023,18:25,1,1,3,75,75112,2,4,3,1,1
202300022386,28,5,2023,18:25,1,1,3,75,75112,2,4,1,1,1
202300022387,12,3,2023,18:15,1,1,3,36,36109,1,3,2,1,1
202300022388,17,11,2023,16:40,1,1,3,95,95394,2,3,2,2,1
202300022389,12,3,2023,15:35,1,2,7,85,85104,1,4,2,1,2
202300022390,28,5,2023,12:20,1,1,3,75,75118,2,4,1,1,1
202300022390,28,5,2023,12:20,1,1,3,75,75118,2,4,1,1,1
202300022391,28,1,2023,14:00,1,1,6,77,77363,1,1,3,2,1
202300022392,16,11,2023,08:59,1,3,2,80,80485,1,1,3,1,2
202300022393,11,3,2023,19:15,5,1,3,973,97309,2,3,-1,1,1
202300022393,11,3,2023,19:15,5,1,3,973,97309,2,3,2,1,1
202300022394,28,5,2023,21:35,2,1,3,75,75108,2,4,2,1,1
202300022395,26,1,2023,01:10,5,1,6,988,98818,2,4,2,1,2
202300022396,17,11,2023,16:00,1,8,2,77,77164,1,1,3,2,2
202300022397,28,5,2023,18:15,1,1,6,94,94078,2,3,2,1,1
202300022398,12,3,2023,05:00,3,1,1,69,69268,1,3,2,1,2
202300022399,27,1,2023,15:42,1,1,1,976,97611,2,2,-1,1,1
202300022400,16,11,2023,12:45,1,1,6,06,06030,2,4,2,4,2
202300022401,28,5,2023,03:00,5,1,6,94,94068,2,3,1,1,1
202300022401,28,5,2023,03:00,5,1,6,94,94068,2,3,2,1,1
202300022402,10,3,2023,22:30,5,4,6,73,73257,2,4,2,2,5
202300022403,27,1,2023,08:35,1,8,7,974,97416,1,3,2,1,1
202300022404,12,3,2023,08:00,1,1,6,973,97311,1,3,2,1,1
202300022405,28,5,2023,17:15,1,1,3,94,94028,2,2,1,1,1
202300022405,28,5,2023,17:15,1,1,3,94,94028,2,2,1,1,1
202300022406,24,1,2023,17:10,1,2,3,974,97416,1,4,2,1,2
202300022407,11,3,2023,20:30,3,2,6,28,28113,1,3,2,1,2
202300022408,11,3,2023,20:05,3,2,1,45,45137,1,3,2,1,2
202300022409,28,5,2023,19:00,1,1,6,93,93078,2,3,3,1,1
202300022409,28,5,2023,19:00,1,1,6,93,93078,2,3,3,1,1
202300022410,27,1,2023,14:15,1,1,3,973,97302,2,3,2,3,1
202300022410,27,1,2023,14:15,1,1,3,973,97302,2,3,2,3,1
202300022411,17,11,2023,15:00,1,1,5,34,34340,1,1,3,1,1
202300022412,6,3,2023,15:13,1,3,7,2A,2A041,2,3,2,4,2
202300022413,17,11,2023,08:30,1,1,2,30,30123,1,1,3,1,1
202300022414,28,5,2023,06:50,1,1,2,93,93072,2,3,3,1,1
202300022415,28,1,2023,20:40,5,1,6,69,69383,2,4,1,1,1
202300022415,28,1,2023,20:40,5,1,6,69,69383,2,4,1,1,1
202300022415,28,1,2023,20:40,5,1,6,69,69383,2,4,1,1,1
202300022416,12,3,2023,18:25,1,1,6,66,66171,2,4,1,2,1
202300022416,12,3,2023,18:25,1,1,6,66,66171,2,4,1,1,1
202300022417,28,5,2023,06:45,2,1,6,93,93066,2,3,2,1,1
202300022418,17,11,2023,13:00,1,1,3,84,84087,1,1,3,1,1
202300022419,27,1,2023,09:45,1,1,4,69,69383,2,4,2,1,1
202300022420,28,5,2023,05:10,2,1,6,93,93062,2,3,2,1,1
202300022421,28,5,2023,11:50,1,1,7,93,93055,2,3,2,1,1
202300022422,12,3,2023,11:50,1,1,5,13,13007,1,3,2,2,1
202300022423,17,11,2023,06:22,3,2,4,78,78003,1,1,3,1,2
202300022424,26,1,2023,19:30,5,1,2,972,97213,1,1,1,1,1
202300022425,28,5,2023,20:45,1,7,6,93,93032,2,4,1,2,1
202300022426,12,3,2023,14:35,1,1,1,13,13041,2,3,2,1,1
202300022426,12,3,2023,14:35,1,1,1,13,13041,2,3,2,1,-1
202300022427,17,11,2023,14:50,1,1,3,34,34123,2,3,2,2,1
202300022428,27,1,2023,04:25,5,1,3,69,69382,2,4,1,1,1
202300022428,27,1,2023,04:25,5,1,3,69,69382,2,4,2,1,1
202300022429,28,5,2023,13:45,1,1,3,93,93007,2,4,2,1,1
202300022430,12,3,2023,13:20,1,1,6,25,25097,1,4,2,4,1
202300022431,16,11,2023,17:30,1,1,1,973,97311,1,9,2,3,1
202300022432,12,3,2023,00:20,5,1,6,88,88352,2,3,2,1,1
202300022433,28,5,2023,15:06,1,1,3,92,92072,2,3,1,1,1
202300022433,28,5,2023,15:06,1,1,3,92,92072,2,3,4,1,1
202300022434,26,1,2023,15:15,1,8,3,95,95268,2,3,2,1,1
202300022435,10,3,2023,11:45,1,2,6,57,57443,2,3,2,1,2
202300022436,12,11,2023,11:40,1,1,6,13,13104,2,3,2,1,1
202300022437,28,5,2023,21:09,2,1,6,92,92062,2,3,3,1,1
202300022438,27,1,2023,18:50,5,1,3,95,95019,2,4,2,1,1
202300022438,27,1,2023,18:50,5,1,3,95,95019,2,4,2,1,1
202300022439,27,5,2023,21:10,4,1,7,92,92050,1,3,1,1,1
202300022440,12,3,2023,16:10,1,1,3,38,38110,1,2,2,1,1
202300022440,12,3,2023,16:10,1,1,3,38,38110,1,2,2,1,1
202300022441,14,11,2023,16:25,1,7,6,95,95351,2,4,2,1,2
202300022442,26,1,2023,19:47,3,2,2,95,95127,1,2,3,1,2
202300022443,28,5,2023,20:45,1,1,3,92,92044,2,4,1,1,1
202300022444,12,3,2023,17:45,1,1,1,07,07159,1,3,2,2,1
202300022445,17,11,2023,08:45,1,1,4,34,34154,1,3,2,1,1
202300022446,27,1,2023,16:45,1,1,6,95,95176,2,3,2,1,1
202300022447,12,3,2023,15:15,1,1,3,01,01142,2,4,1,1,1
202300022448,28,5,2023,15:45,1,1,3,92,92025,2,3,1,1,1
202300022449,17,11,2023,08:30,2,2,6,25,25047,2,3,2,1,2
202300022450,29,5,2023,10:15,1,1,7,2A,2A154,1,3,2,1,9
202300022451,27,1,2023,22:01,5,2,4,91,91201,2,3,2,1,2
202300022452,12,3,2023,12:40,1,2,6,33,33051,2,3,2,1,2
202300022452,12,3,2023,12:40,1,2,6,33,33051,2,3,2,1,2
202300022453,5,3,2023,05:20,4,1,6,22,22210,2,3,2,1,1
202300022454,17,11,2023,10:20,1,1,6,42,42094,2,4,2,1,1
202300022454,17,11,2023,10:20,1,1,6,42,42094,2,4,2,4,1
202300022455,26,1,2023,07:33,5,2,3,87,87085,2,2,4,1,2
202300022455,26,1,2023,07:33,5,2,3,87,87085,2,2,4,1,2
202300022456,28,5,2023,11:27,1,9,4,17,17389,1,3,2,1,1
202300022456,28,5,2023,11:27,1,9,4,17,17389,1,3,2,1,1
202300022457,11,3,2023,11:50,1,1,3,62,62056,2,3,2,4,1
202300022457,11,3,2023,11:50,1,1,3,62,62056,2,3,2,1,1
202300022458,29,5,2023,07:20,1,1,7,71,71227,1,4,2,2,1
202300022459,16,11,2023,17:50,5,1,1,69,69052,2,3,2,1,1
202300022460,17,1,2023,12:15,1,8,3,86,86066,2,4,2,1,1
202300022460,17,1,2023,12:15,1,8,3,86,86066,2,4,2,1,1
202300022461,8,3,2023,08:05,2,2,3,75,75116,2,4,1,1,2
202300022461,8,3,2023,08:05,2,2,3,75,75116,2,4,1,2,2
202300022462,29,5,2023,08:00,1,1,6,81,81317,1,3,-1,2,1
202300022463,25,1,2023,17:15,2,2,3,82,82121,2,4,2,1,2
202300022464,16,11,2023,17:45,3,2,5,69,69159,1,3,2,1,2
202300022465,8,3,2023,09:12,1,1,3,75,75112,2,4,2,1,2
202300022465,8,3,2023,09:12,1,1,3,75,75112,2,4,2,1,2
202300022466,27,5,2023,13:50,1,1,3,68,68175,1,3,2,2,1
202300022467,10,3,2023,16:00,1,8,7,75,75120,2,4,3,1,2
202300022468,14,11,2023,18:30,3,3,3,38,38189,1,3,2,1,2
202300022469,27,1,2023,11:15,1,1,3,77,77243,2,4,2,1,2
202300022470,29,5,2023,15:50,1,1,3,01,01446,1,3,2,1,1
202300022470,29,5,2023,15:50,1,1,3,01,01446,1,3,2,1,1
202300022471,10,3,2023,09:00,1,2,3,75,75119,2,4,2,1,2
202300022471,10,3,2023,09:00,1,2,3,75,75119,2,4,1,1,2
202300022472,27,5,2023,17:16,1,1,7,68,68022,2,4,2,1,1
202300022473,27,1,2023,15:00,1,1,6,76,76540,2,7,2,2,1
202300022474,15,11,2023,13:55,1,1,3,72,72154,2,3,2,1,1
202300022475,26,1,2023,21:00,5,2,6,76,76305,1,3,2,1,2
202300022476,10,3,2023,21:05,5,1,6,75,75117,2,4,1,1,1
202300022477,29,5,2023,06:40,2,1,6,21,21642,1,1,-1,1,1
202300022478,16,11,2023,12:15,1,2,2,14,14047,2,3,2,2,2
202300022479,25,1,2023,16:05,1,1,6,76,76351,2,4,-1,1,1
202300022480,28,5,2023,12:38,1,1,6,67,67202,2,4,2,1,1
202300022481,10,3,2023,16:20,1,8,3,75,75116,2,4,2,1,1
202300022481,10,3,2023,16:20,1,8,3,75,75116,2,4,2,1,1
202300022482,16,11,2023,17:25,1,1,1,35,35012,1,3,2,2,1
202300022483,27,1,2023,18:45,5,2,3,64,64284,2,3,2,1,2
202300022483,27,1,2023,18:45,5,2,3,64,64284,2,3,2,1,2
202300022484,29,5,2023,05:45,1,1,6,62,62344,2,3,2,1,1
202300022485,9,3,2023,11:40,1,1,3,75,75116,2,4,3,1,1
202300022485,9,3,2023,11:40,1,1,3,75,75116,2,4,2,1,1
202300022486,17,11,2023,18:30,3,2,6,60,60500,2,3,2,1,2
202300022487,27,1,2023,14:30,1,8,3,64,64445,2,4,1,1,2
202300022487,27,1,2023,14:30,1,8,3,64,64445,2,4,2,1,2
202300022488,10,3,2023,07:00,2,2,3,75,75113,2,4,1,1,2
202300022488,10,3,2023,07:00,2,2,3,75,75113,2,4,2,1,2
202300022489,28,5,2023,18:05,1,1,3,62,62463,1,3,2,1,1
202300022489,28,5,2023,18:05,1,1,3,62,62463,1,3,2,1,1
202300022490,27,1,2023,13:55,1,1,6,64,64102,2,4,1,1,1
202300022491,17,11,2023,07:24,2,1,3,60,60141,2,4,2,1,2
202300022492,10,3,2023,20:55,5,2,6,75,75111,2,4,2,1,2
202300022493,27,5,2023,15:06,1,7,7,62,62376,1,3,2,1,1
202300022494,27,1,2023,07:50,5,1,6,63,63113,2,4,2,1,1
202300022495,28,5,2023,12:55,1,1,7,83,83057,1,3,3,1,1
202300022496,15,11,2023,15:10,1,1,3,59,59034,2,3,1,1,1
202300022497,10,3,2023,08:20,1,8,3,75,75111,2,4,2,1,2
202300022497,10,3,2023,08:20,1,8,3,75,75111,2,4,2,1,2
202300022498,27,1,2023,07:40,2,2,4,62,62737,2,3,2,1,2
202300022499,10,3,2023,20:09,5,1,6,75,75108,2,4,2,2,1
202300022500,15,10,2023,06:20,5,1,3,13,13213,1,1,1,2,1
202300022501,28,5,2023,22:20,3,1,3,76,76177,1,3,2,1,1
202300022501,28,5,2023,22:20,3,1,3,76,76177,1,3,2,1,1
202300022502,25,1,2023,16:50,1,8,2,62,62193,2,4,2,1,1
202300022503,9,3,2023,19:55,5,2,6,75,75108,2,4,2,1,2
202300022503,9,3,2023,19:55,5,2,6,75,75108,2,4,1,2,2
202300022504,16,11,2023,17:55,3,1,2,83,83126,1,1,3,1,1
202300022505,10,3,2023,10:49,1,1,6,75,75104,2,4,2,1,1
202300022505,10,3,2023,10:49,1,1,6,75,75104,2,4,1,1,1
202300022506,28,5,2023,10:30,1,1,5,2A,2A130,1,2,2,2,1
202300022507,23,1,2023,16:30,1,1,1,62,62276,2,4,-1,1,1
202300022507,23,1,2023,16:30,1,1,1,62,62276,2,4,-1,1,1
202300022508,16,11,2023,14:55,1,3,6,91,91617,1,2,3,1,2
202300022509,8,3,2023,12:50,1,2,3,94,94068,2,4,1,1,2
202300022510,26,1,2023,18:50,3,1,2,56,56098,1,2,3,1,1
202300022511,16,11,2023,08:44,1,3,3,91,91179,1,1,2,1,3
202300022512,10,3,2023,17:15,1,8,6,94,94073,2,3,3,1,2
202300022513,16,11,2023,10:10,1,3,3,94,94076,1,1,-1,1,2
202300022514,27,1,2023,16:50,2,1,3,51,51454,2,4,2,2,2
202300022514,27,1,2023,16:50,2,1,3,51,51454,2,4,2,1,2
202300022515,29,5,2023,20:00,2,1,3,71,71187,1,3,2,1,1
202300022516,10,3,2023,20:20,5,2,6,94,94033,2,3,3,1,2
202300022517,29,5,2023,12:40,1,1,7,71,71137,2,4,2,1,1
202300022518,10,3,2023,10:53,1,6,6,94,94017,2,3,2,2,1
202300022519,16,11,2023,08:00,2,2,3,91,91174,1,2,3,1,2
202300022520,27,1,2023,08:10,2,2,4,49,49267,1,1,3,1,2
202300022521,28,5,2023,09:44,1,1,6,63,63003,1,3,2,1,1
202300022522,9,3,2023,20:50,5,2,6,94,94002,2,3,2,1,2
202300022522,9,3,2023,20:50,5,2,6,94,94002,2,3,2,1,2
202300022523,27,1,2023,08:45,2,2,7,43,43157,2,4,2,1,2
202300022524,15,11,2023,22:05,3,1,3,91,91235,1,2,1,1,1
202300022525,10,3,2023,14:40,2,2,6,77,77291,2,4,2,1,2
202300022526,26,1,2023,08:45,1,2,7,37,37122,2,4,2,1,2
202300022527,29,5,2023,11:55,1,1,3,61,61473,1,3,2,2,1
202300022527,29,5,2023,11:55,1,1,3,61,61473,1,3,2,1,1
202300022528,10,3,2023,15:00,1,8,6,93,93064,2,4,1,1,2
202300022529,27,1,2023,17:15,2,8,3,35,35238,2,4,3,1,2
202300022530,28,5,2023,18:15,1,1,6,55,55496,1,3,2,1,1
202300022531,15,11,2023,08:00,1,1,5,91,91228,1,1,2,1,1
202300022532,10,3,2023,08:45,1,2,3,93,93062,2,4,2,2,2
202300022532,10,3,2023,08:45,1,2,3,93,93062,2,4,2,2,2
202300022533,27,1,2023,05:46,3,2,6,35,35238,1,2,1,1,2
202300022534,29,5,2023,13:30,1,7,7,49,49069,1,3,2,1,1
202300022535,15,11,2023,19:24,3,1,2,78,78291,1,1,1,4,1
202300022536,10,3,2023,07:18,2,2,4,93,93062,2,4,2,1,2
202300022537,27,1,2023,20:07,5,8,3,33,33063,2,4,2,1,1
202300022537,27,1,2023,20:07,5,8,3,33,33063,2,4,2,1,1
202300022538,28,5,2023,12:10,1,1,3,49,49026,1,3,1,1,1
202300022538,28,5,2023,12:10,1,1,3,49,49026,1,3,1,1,1
202300022539,16,11,2023,19:55,3,8,7,93,93078,1,1,3,1,2
202300022540,10,3,2023,19:05,5,2,6,93,93006,2,3,2,1,2
202300022541,26,1,2023,07:40,2,1,3,33,33249,2,4,4,1,1
202300022541,26,1,2023,07:40,2,1,3,33,33249,2,4,1,1,1
202300022542,29,5,2023,12:30,1,8,3,12,12266,1,3,2,1,2
202300022542,29,5,2023,12:30,1,8,3,12,12266,1,3,2,1,2
202300022543,16,11,2023,17:00,1,2,2,93,93066,1,1,3,1,2
202300022544,9,3,2023,23:16,5,2,2,93,93031,2,3,3,1,2
202300022545,25,1,2023,21:10,5,8,6,33,33063,2,4,2,1,2
202300022546,27,5,2023,15:55,1,1,6,42,42224,1,3,2,1,1
202300022547,15,11,2023,17:25,3,1,3,95,95500,1,1,3,1,1
202300022548,10,3,2023,17:00,1,8,3,93,93027,2,3,2,1,2
202300022548,10,3,2023,17:00,1,8,3,93,93027,2,3,3,1,2
202300022549,27,1,2023,19:30,5,1,6,31,31555,2,4,-1,1,1
202300022550,27,5,2023,20:00,1,1,7,46,46076,1,3,2,1,1
202300022551,16,11,2023,13:40,1,2,6,95,95527,1,1,3,1,2
202300022552,10,3,2023,10:50,1,2,6,93,93027,2,3,2,1,2
202300022553,29,5,2023,06:30,2,5,6,47,47310,1,3,2,1,1
202300022554,27,1,2023,19:00,5,4,2,26,26058,2,3,1,1,5
202300022554,27,1,2023,19:00,5,4,2,26,26058,2,3,2,1,2
202300022555,10,3,2023,15:45,1,2,6,92,92078,2,3,1,1,2
202300022556,16,11,2023,08:55,1,3,2,93,93010,1,1,3,1,2
202300022557,29,5,2023,00:10,3,1,7,68,68235,1,3,2,1,1
202300022558,10,3,2023,21:10,5,2,2,92,92046,2,3,2,1,2
202300022559,25,1,2023,07:25,5,1,3,19,19031,2,4,2,2,1
202300022559,25,1,2023,07:25,5,1,3,19,19031,2,4,2,1,1
202300022560,15,11,2023,07:40,2,1,3,93,93066,1,1,3,1,1
202300022561,29,5,2023,16:42,1,1,3,25,25050,1,3,2,1,1
202300022561,29,5,2023,16:42,1,1,3,25,25050,1,3,2,1,1
202300022562,27,1,2023,10:20,1,1,7,17,17300,1,2,3,1,2
202300022563,10,3,2023,14:10,1,1,6,92,92046,2,3,4,1,1
202300022563,10,3,2023,14:10,1,1,6,92,92046,2,3,4,1,1
202300022564,19,7,2023,18:35,1,1,3,13,13209,2,4,1,1,1
202300022565,15,1,2023,07:35,5,2,6,16,16102,2,4,2,1,2
202300022566,10,3,2023,11:50,1,1,2,92,92062,2,3,1,1,1
202300022567,27,6,2023,17:30,1,1,3,13,13004,1,3,2,1,1
202300022568,27,1,2023,16:40,1,1,3,13,13204,2,4,3,1,1
202300022568,27,1,2023,16:40,1,1,3,13,13204,2,4,-1,1,1
202300022569,28,5,2023,13:10,1,1,3,44,44131,1,3,-1,1,1
202300022569,28,5,2023,13:10,1,1,3,44,44131,1,3,-1,1,1
202300022570,10,3,2023,18:04,1,2,7,92,92040,2,3,2,1,2
202300022571,28,5,2023,05:35,2,1,6,35,35027,1,3,2,1,1
202300022572,9,3,2023,17:15,1,2,6,92,92036,2,3,3,1,2
202300022572,9,3,2023,17:15,1,2,6,92,92036,2,3,3,1,2
202300022573,26,1,2023,02:05,5,1,3,13,13205,2,4,2,1,1
202300022574,19,6,2023,17:20,1,1,3,13,13004,2,3,2,1,1
202300022574,19,6,2023,17:20,1,1,3,13,13004,2,3,2,1,1
202300022575,27,5,2023,16:45,1,1,6,29,29044,1,3,2,1,1
202300022576,10,3,2023,17:20,1,2,6,92,92035,2,3,-1,1,2
202300022576,10,3,2023,17:20,1,2,6,92,92035,2,3,1,1,2
202300022577,27,1,2023,01:20,5,1,6,13,13028,2,4,2,4,1
202300022578,15,11,2023,18:20,2,2,2,69,69387,2,4,2,1,2
202300022579,9,3,2023,07:30,1,8,7,92,92035,2,4,1,1,1
202300022580,26,1,2023,12:00,1,1,3,06,06069,2,4,2,1,1
202300022581,29,5,2023,15:55,1,1,1,15,15092,1,3,2,2,1
202300022581,29,5,2023,15:55,1,1,1,15,15092,1,3,2,2,1
202300022582,7,3,2023,09:45,1,1,6,92,92025,2,3,2,1,1
202300022582,7,3,2023,09:45,1,1,6,92,92025,2,3,2,1,1
202300022583,28,5,2023,08:50,1,1,7,72,72058,1,3,3,1,1
202300022584,27,1,2023,11:20,1,1,3,06,06069,2,3,2,2,1
202300022585,15,11,2023,03:25,5,2,3,69,69382,2,4,1,1,2
202300022585,15,11,2023,03:25,5,2,3,69,69382,2,4,2,1,2
202300022586,10,3,2023,19:25,5,1,2,92,92024,2,3,1,1,1
202300022587,27,1,2023,09:40,1,1,2,06,06030,2,3,3,2,1
202300022588,10,3,2023,19:10,5,8,6,92,92060,2,3,-1,1,2
202300022589,15,11,2023,12:50,1,1,4,972,97213,1,1,3,1,1
202300022590,28,5,2023,11:30,1,1,5,83,83044,1,3,2,1,1
202300022591,24,1,2023,11:10,1,1,3,03,03095,2,4,2,1,1
202300022591,24,1,2023,11:10,1,1,3,03,03095,2,4,2,1,1
202300022592,10,3,2023,15:21,1,1,6,972,97227,1,2,2,1,1
202300022593,15,11,2023,00:50,5,1,6,69,69385,2,4,1,1,2
202300022593,15,11,2023,00:50,5,1,6,69,69385,2,4,1,1,2
202300022594,28,5,2023,22:45,4,1,6,45,45279,1,3,2,1,1
202300022595,27,1,2023,17:10,2,1,6,75,75116,2,4,1,1,1
202300022595,27,1,2023,17:10,2,1,6,75,75116,2,4,2,1,1
202300022596,10,3,2023,08:40,1,3,7,57,57622,1,1,1,2,2
202300022597,27,5,2023,23:05,3,1,7,10,10232,1,3,2,1,1
202300022598,11,3,2023,08:30,1,2,6,12,12169,1,2,2,1,4
202300022599,15,11,2023,09:52,1,1,5,2B,2B037,2,3,2,2,1
202300022600,27,1,2023,21:45,5,2,3,75,75120,2,4,2,1,2
202300022600,27,1,2023,21:45,5,2,3,75,75120,2,4,3,1,2
202300022601,28,5,2023,02:00,3,1,6,07,07201,1,3,2,1,1
202300022602,9,3,2023,18:28,3,1,1,67,67407,1,4,2,1,1
202300022602,9,3,2023,18:28,3,1,1,67,67407,1,4,2,1,1
202300022603,15,11,2023,07:45,1,1,3,2A,2A004,2,4,1,1,1
202300022604,10,3,2023,18:35,2,2,6,21,21223,1,7,2,1,2
202300022605,27,5,2023,17:00,1,1,3,21,21135,2,3,2,1,1
202300022605,27,5,2023,17:00,1,1,3,21,21135,2,3,2,1,1
202300022606,27,1,2023,14:20,1,1,3,75,75120,2,4,1,1,1
202300022606,27,1,2023,14:20,1,1,3,75,75120,2,4,2,1,1
202300022607,11,3,2023,17:12,1,2,6,32,32053,1,3,2,2,2
202300022608,29,5,2023,15:50,1,7,7,24,24356,2,3,2,2,1
202300022609,15,11,2023,15:15,1,1,5,95,95219,2,4,2,1,1
202300022609,15,11,2023,15:15,1,1,5,95,95219,2,4,2,1,1
202300022610,10,3,2023,21:05,3,2,6,89,89296,1,3,2,1,2
202300022611,27,1,2023,18:30,2,1,5,75,75117,2,4,1,1,1
202300022611,27,1,2023,18:30,2,1,5,75,75117,2,4,2,1,1
202300022612,28,5,2023,15:35,1,1,1,48,48130,1,3,2,1,1