id_accident,jour,mois,annee,heure_minute,luminosite,meteo,type_collision,departement,commune,agglomeration,categorie_route,regime_circulation,profil_route,etat_surface
202300022613,10,3,2023,17:23,2,3,3,49,49331,1,3,1,1,2
202300022614,15,11,2023,13:45,1,1,6,95,95424,2,4,2,1,1
202300022615,24,1,2023,02:20,5,1,6,75,75116,2,4,2,1,1
202300022615,24,1,2023,02:20,5,1,6,75,75116,2,4,2,1,1
202300022616,10,3,2023,08:20,1,8,1,41,41084,1,3,2,1,2
202300022616,10,3,2023,08:20,1,8,1,41,41084,1,3,2,1,2
202300022617,28,5,2023,13:05,1,1,3,48,48146,1,3,2,4,1
202300022617,28,5,2023,13:05,1,1,3,48,48146,1,3,2,2,1
202300022618,26,1,2023,16:30,1,2,6,75,75116,2,4,-1,1,2
202300022619,10,3,2023,23:15,3,2,7,02,02514,1,2,2,1,2
202300022620,15,11,2023,22:01,5,1,3,91,91122,2,3,2,1,1
202300022620,15,11,2023,22:01,5,1,3,91,91122,2,3,2,1,1
202300022621,11,3,2023,15:25,1,1,6,60,60616,1,3,1,1,2
202300022622,24,5,2023,17:00,1,1,1,987,98752,1,2,2,1,1
202300022623,27,1,2023,18:00,1,1,6,75,75115,2,4,1,1,1
202300022623,27,1,2023,18:00,1,1,6,75,75115,2,4,1,1,1
202300022624,8,3,2023,09:10,1,1,6,16,16393,1,3,2,2,1
202300022625,11,3,2023,01:20,3,1,6,88,88319,2,4,2,1,1
202300022626,15,11,2023,07:50,2,9,3,91,91589,2,3,2,1,1
202300022626,15,11,2023,07:50,2,9,3,91,91589,2,3,2,2,2
202300022627,27,1,2023,16:10,1,1,6,75,75115,2,4,-1,1,1
202300022627,27,1,2023,16:10,1,1,6,75,75115,2,4,-1,1,1
202300022628,27,5,2023,15:00,1,7,3,67,67309,2,7,2,1,1
202300022629,11,3,2023,14:30,1,2,1,31,31228,1,1,2,1,2
202300022630,15,11,2023,06:20,5,1,6,91,91286,2,4,2,1,2
202300022631,27,1,2023,19:45,5,1,2,75,75114,2,4,-1,1,1
202300022631,27,1,2023,19:45,5,1,2,75,75114,2,4,-1,1,1
202300022632,11,3,2023,05:30,3,4,6,68,68278,1,1,3,1,2
202300022633,27,1,2023,17:07,1,1,3,75,75114,2,4,1,1,1
202300022633,27,1,2023,17:07,1,1,3,75,75114,2,4,1,1,1
202300022634,10,3,2023,10:00,1,1,5,987,98745,1,2,-1,1,1
202300022635,29,5,2023,17:50,1,2,1,38,38212,1,3,2,1,8
202300022636,27,1,2023,12:50,1,8,3,75,75114,2,4,2,1,1
202300022637,29,5,2023,12:50,1,1,7,986,98613,1,2,2,1,1
202300022638,11,3,2023,14:50,1,1,2,30,30326,1,1,3,1,1
202300022639,15,11,2023,18:00,5,1,3,83,83137,2,3,2,1,1
202300022639,15,11,2023,18:00,5,1,3,83,83137,2,3,2,1,1
202300022640,26,1,2023,18:50,5,1,6,75,75114,2,4,-1,2,2
202300022641,15,5,2023,03:30,3,3,6,973,97305,1,2,2,1,2
202300022642,11,3,2023,07:30,1,1,6,976,97608,2,3,2,1,1
202300022643,10,11,2023,10:30,1,1,6,83,83141,2,3,3,1,1
202300022644,26,1,2023,16:14,1,1,3,75,75112,2,4,3,1,2
202300022644,26,1,2023,16:14,1,1,3,75,75112,2,4,3,1,2
202300022645,11,3,2023,15:08,1,1,3,974,97417,1,2,2,1,1
202300022646,14,11,2023,13:05,1,1,3,82,82121,2,4,2,2,1
202300022647,29,5,2023,11:00,1,1,1,971,97108,1,3,2,1,1
202300022648,27,1,2023,18:00,5,1,3,75,75101,2,4,2,1,1
202300022648,27,1,2023,18:00,5,1,3,75,75101,2,4,2,1,1
202300022649,15,11,2023,08:55,1,8,2,81,81021,2,2,2,1,1
202300022650,26,2,2023,18:15,5,1,7,67,67303,2,6,-1,2,1
202300022651,27,5,2023,14:28,1,1,7,37,37118,1,3,2,1,1
202300022652,27,1,2023,16:35,1,8,6,75,75103,2,4,2,1,1
202300022652,27,1,2023,16:35,1,8,6,75,75103,2,4,1,1,1
202300022653,11,3,2023,05:30,5,1,6,57,57350,2,3,2,1,2
202300022654,15,11,2023,21:55,5,8,7,81,81065,2,4,2,1,1
202300022654,15,11,2023,21:55,5,8,7,81,81065,2,4,2,1,1
202300022655,27,1,2023,17:55,5,1,6,94,94081,2,4,2,1,1
202300022655,27,1,2023,17:55,5,1,6,94,94081,2,4,3,2,1
202300022656,21,12,2023,02:30,3,2,6,93,93010,1,1,-1,1,2
202300022657,26,5,2023,14:35,1,1,5,91,91200,2,3,2,2,1
202300022657,26,5,2023,14:35,1,1,5,91,91200,2,3,2,1,1
202300022658,15,11,2023,14:15,1,1,1,78,78551,2,4,2,1,1
202300022659,27,1,2023,08:25,2,2,3,94,94078,2,3,3,1,2
202300022659,27,1,2023,08:25,2,2,3,94,94078,2,3,2,1,2
202300022660,26,1,2023,10:45,1,1,6,94,94068,2,3,2,1,1
202300022661,27,5,2023,17:15,1,1,2,66,66145,1,3,2,1,1
202300022662,26,1,2023,17:20,5,2,6,94,94052,2,4,-1,1,2
202300022662,26,1,2023,17:20,5,2,6,94,94052,2,4,-1,1,2
202300022663,15,11,2023,19:02,5,1,3,78,78440,2,3,1,1,2
202300022663,15,11,2023,19:02,5,1,3,78,78440,2,3,1,1,2
202300022664,20,12,2023,12:45,1,1,4,93,93007,1,1,4,1,1
202300022665,27,1,2023,16:00,1,1,2,94,94065,1,2,1,1,1
202300022666,29,5,2023,15:10,1,1,5,30,30330,1,3,2,1,1
202300022667,15,11,2023,10:45,1,1,6,78,78440,2,4,2,1,1
202300022668,26,1,2023,13:23,1,2,6,94,94079,2,3,2,1,2
202300022668,26,1,2023,13:23,1,2,6,94,94079,2,3,1,1,2
202300022669,28,5,2023,22:30,3,1,6,30,30330,1,3,2,1,1
202300022670,15,11,2023,17:40,5,1,6,77,77390,2,3,3,1,1
202300022671,21,12,2023,20:00,3,1,4,94,94018,1,1,3,1,1
202300022672,27,1,2023,17:20,5,1,6,93,93032,2,3,2,2,1
202300022673,29,5,2023,15:00,1,2,6,06,06154,2,3,2,1,2
202300022674,20,12,2023,12:20,1,1,6,974,97411,2,4,1,1,1
202300022675,27,1,2023,18:10,2,1,2,93,93031,2,3,2,1,1
202300022676,28,5,2023,11:40,1,1,3,68,68106,1,3,2,2,1
202300022677,27,1,2023,05:50,5,1,3,93,93010,2,3,3,1,1
202300022677,27,1,2023,05:50,5,1,3,93,93010,2,3,2,1,1
202300022678,29,5,2023,16:15,1,1,1,55,55351,1,3,2,1,1
202300022678,29,5,2023,16:15,1,1,1,55,55351,1,3,2,1,1
202300022679,20,12,2023,08:40,1,2,3,974,97411,2,4,2,1,2
202300022679,20,12,2023,08:40,1,2,3,974,97411,2,4,2,1,2
202300022680,15,11,2023,14:30,1,1,3,76,76322,2,4,2,1,1
202300022680,15,11,2023,14:30,1,1,3,76,76322,2,4,1,1,1
202300022681,26,1,2023,11:45,1,8,6,93,93010,2,4,2,1,1
202300022682,19,12,2023,20:00,5,1,7,973,97302,2,4,2,1,1
202300022683,27,1,2023,14:17,1,1,6,92,92051,2,4,2,1,1
202300022684,28,5,2023,22:50,3,1,1,03,03243,1,3,2,1,1
202300022685,14,11,2023,17:15,3,2,4,71,71076,2,3,2,1,2
202300022686,27,1,2023,08:40,1,1,6,92,92040,2,3,2,4,1
202300022687,19,12,2023,15:15,1,1,3,973,97302,2,3,2,1,1
202300022687,19,12,2023,15:15,1,1,3,973,97302,2,3,2,1,1
202300022688,27,1,2023,17:20,1,1,6,92,92026,2,4,-1,1,1
202300022689,15,11,2023,15:50,1,1,6,67,67482,2,4,2,1,1
202300022689,15,11,2023,15:50,1,1,6,67,67482,2,4,2,1,1
202300022690,29,5,2023,09:50,1,1,3,38,38349,1,4,-1,1,1
202300022690,29,5,2023,09:50,1,1,3,38,38349,1,4,2,1,1
202300022691,19,12,2023,15:40,1,1,6,973,97302,2,3,1,1,1
202300022692,27,1,2023,08:35,2,8,5,92,92012,2,4,2,1,1
202300022693,27,5,2023,17:40,1,1,7,65,65123,1,3,2,2,1
202300022694,13,11,2023,18:20,5,2,6,67,67482,2,4,1,2,2
202300022695,19,12,2023,11:40,1,1,6,973,97302,2,4,1,1,1
202300022696,28,1,2023,12:45,1,1,2,60,60242,2,3,2,1,1
202300022697,29,5,2023,18:40,1,1,7,64,64478,1,3,2,1,1
202300022698,14,11,2023,18:30,1,1,6,66,66136,2,4,2,1,1
202300022699,20,12,2023,16:50,1,1,3,972,97213,1,1,2,1,1
202300022700,28,1,2023,07:00,1,1,1,976,97610,1,2,2,1,1
202300022701,14,11,2023,16:12,1,1,6,66,66136,2,4,2,1,1
202300022702,28,1,2023,02:30,3,1,7,973,97353,2,4,2,1,1
202300022703,28,5,2023,18:30,1,7,1,59,59400,1,4,2,1,1
202300022704,20,12,2023,07:24,1,1,1,972,97213,1,3,2,1,1
202300022705,16,11,2023,00:30,3,1,7,64,64545,1,3,2,3,1
202300022706,26,1,2023,11:25,1,1,3,62,62645,2,3,2,1,1
202300022706,26,1,2023,11:25,1,1,3,62,62645,2,3,2,1,1
202300022707,27,5,2023,17:45,1,1,2,13,13117,1,1,1,1,1
202300022708,15,11,2023,14:40,1,1,6,64,64348,1,4,2,1,1
202300022709,20,12,2023,14:15,1,1,3,69,69384,2,4,2,1,2
202300022710,27,1,2023,18:00,3,1,3,62,62397,2,3,2,1,1
202300022711,13,11,2023,14:30,1,1,3,64,64445,2,4,2,1,1
202300022712,27,5,2023,05:45,2,1,2,13,13056,1,1,1,1,1
202300022713,20,12,2023,12:20,1,1,6,69,69202,2,4,2,2,1
202300022714,28,1,2023,06:00,2,1,1,971,97109,2,2,2,1,1
202300022715,15,11,2023,07:45,1,1,3,64,64122,2,3,1,1,2
202300022716,28,1,2023,16:10,1,1,7,71,71312,1,3,2,4,1
202300022717,19,12,2023,19:20,5,1,1,69,69385,2,4,2,1,1
202300022717,19,12,2023,19:20,5,1,1,69,69385,2,4,2,1,1
202300022718,26,5,2023,19:40,1,1,6,67,67152,1,7,3,1,1
202300022719,15,11,2023,19:55,5,1,3,63,63113,2,9,1,1,1
202300022720,28,5,2023,18:30,1,1,6,94,94038,1,1,3,1,1
202300022721,15,11,2023,21:30,4,1,2,971,97101,2,3,1,1,1
202300022721,15,11,2023,21:30,4,1,2,971,97101,2,3,1,1,1
202300022722,11,9,2023,08:15,1,1,3,77,77335,1,3,-1,2,1
202300022722,11,9,2023,08:15,1,1,3,77,77335,1,3,-1,2,1
202300022723,15,11,2023,07:00,3,1,7,62,62270,1,3,2,2,2
202300022724,17,1,2023,18:58,3,4,6,37,37141,1,1,3,1,5
202300022725,28,5,2023,17:30,1,1,2,77,77296,1,1,1,1,1
202300022726,20,12,2023,12:40,1,1,3,2A,2A004,2,3,-1,1,1
202300022726,20,12,2023,12:40,1,1,3,2A,2A004,2,3,-1,2,1
202300022727,28,5,2023,07:25,1,1,6,92,92064,1,1,3,2,1
202300022728,15,11,2023,10:15,1,1,2,59,59599,2,4,-1,1,1
202300022729,12,9,2023,17:25,1,2,2,77,77438,2,3,2,1,2
202300022729,12,9,2023,17:25,1,2,2,77,77438,2,3,-1,1,2
202300022730,19,12,2023,16:22,1,1,2,87,87085,2,2,3,1,1
202300022731,28,5,2023,09:00,1,1,2,95,95018,1,3,1,1,1
202300022732,15,11,2023,10:15,1,1,6,59,59350,2,7,2,1,1
202300022733,12,9,2023,07:50,2,1,2,77,77333,2,3,2,1,1
202300022734,27,5,2023,22:30,3,1,6,95,95306,1,1,3,1,1
202300022735,19,12,2023,06:50,3,1,6,84,84007,2,4,3,1,1
202300022736,9,9,2023,06:40,2,5,6,76,76351,1,3,3,2,1
202300022737,15,11,2023,10:30,1,1,6,59,59360,2,4,2,1,1
202300022737,15,11,2023,10:30,1,1,6,59,59360,2,4,2,1,1
202300022738,19,12,2023,17:52,4,2,6,80,80021,2,4,1,1,2
202300022739,10,9,2023,03:05,3,1,6,76,76351,2,4,2,1,1
202300022740,16,12,2023,21:10,4,1,6,80,80021,2,4,2,1,1
202300022741,13,11,2023,17:35,5,2,3,51,51454,2,4,1,1,2
202300022742,9,9,2023,09:55,1,1,6,76,76351,2,4,2,1,1
202300022742,9,9,2023,09:55,1,1,6,76,76351,2,4,2,1,1
202300022743,20,12,2023,08:00,5,1,6,78,78440,2,3,1,1,1
202300022744,12,11,2023,02:50,3,2,6,50,50129,2,3,2,1,2
202300022744,12,11,2023,02:50,3,2,6,50,50129,2,3,2,2,2
202300022745,11,9,2023,14:00,1,1,2,74,74298,2,3,1,1,1
202300022746,20,12,2023,01:00,5,8,1,78,78498,2,3,3,1,2
202300022747,14,11,2023,10:55,1,8,3,49,49007,2,4,1,1,2
202300022748,19,12,2023,15:00,1,1,1,77,77296,1,3,2,4,1
202300022749,10,9,2023,14:35,1,1,3,71,71270,2,4,1,1,1
202300022749,10,9,2023,14:35,1,1,3,71,71270,2,4,1,2,1
202300022750,15,11,2023,08:00,2,1,3,47,47001,2,3,1,1,1
202300022751,15,11,2023,08:25,1,1,6,38,38563,2,3,3,1,1
202300022752,10,9,2023,21:15,5,1,3,71,71076,2,4,-1,1,1
202300022752,10,9,2023,21:15,5,1,3,71,71076,2,4,2,1,1
202300022753,20,12,2023,12:50,1,8,4,77,77449,2,3,3,1,1
202300022753,20,12,2023,12:50,1,8,4,77,77449,2,3,2,1,1
202300022754,15,11,2023,17:45,5,1,6,37,37261,2,4,2,1,1
202300022754,15,11,2023,17:45,5,1,6,37,37261,2,4,2,1,1
202300022754,15,11,2023,17:45,5,1,6,37,37261,2,4,2,1,1
202300022755,19,12,2023,20:55,5,2,1,76,76640,2,7,2,1,2
202300022756,13,9,2023,22:50,5,2,3,69,69266,2,4,2,1,2
202300022756,13,9,2023,22:50,5,2,3,69,69266,2,4,1,1,2
202300022757,15,11,2023,10:15,1,1,2,37,37261,2,4,2,1,1
202300022758,11,9,2023,17:35,1,1,6,69,69256,2,4,2,1,1
202300022759,11,9,2023,14:35,1,7,6,69,69282,2,4,2,1,1
202300022760,19,12,2023,15:35,1,2,3,76,76351,2,4,2,1,2
202300022760,19,12,2023,15:35,1,2,3,76,76351,2,4,2,1,2
202300022761,15,11,2023,08:40,1,1,2,37,37122,2,4,2,1,1
202300022762,20,12,2023,21:30,5,1,6,74,74012,2,3,2,1,1
202300022763,11,9,2023,22:20,5,1,6,67,67482,2,4,3,1,1
202300022764,15,11,2023,08:40,1,1,3,37,37233,2,4,2,1,1
202300022764,15,11,2023,08:40,1,1,3,37,37233,2,4,2,1,1
202300022765,19,12,2023,07:55,2,5,3,69,69266,2,4,2,1,1
202300022766,10,9,2023,15:15,1,1,7,67,67218,2,4,2,1,1
202300022767,15,11,2023,20:35,5,1,3,34,34172,2,7,2,1,1
202300022767,15,11,2023,20:35,5,1,3,34,34172,2,7,2,1,1
202300022768,20,12,2023,09:45,1,1,2,66,66136,2,4,1,1,1
202300022769,9,9,2023,15:26,1,1,3,66,66136,2,4,2,1,1
202300022769,9,9,2023,15:26,1,1,3,66,66136,2,4,2,1,1
202300022770,15,11,2023,14:10,1,1,3,33,33318,1,4,2,1,1
202300022771,20,12,2023,13:10,1,1,4,64,64284,2,2,2,1,1
202300022772,15,11,2023,05:30,3,2,2,33,33039,1,4,2,1,2
202300022773,9,9,2023,10:18,1,1,3,66,66136,2,4,1,1,1
202300022774,20,12,2023,16:37,1,1,2,63,63113,2,7,1,1,1
202300022774,20,12,2023,16:37,1,1,2,63,63113,2,7,3,1,1
202300022775,15,11,2023,19:11,5,1,6,27,27681,2,3,2,1,1
202300022776,12,9,2023,16:45,1,8,6,65,65440,2,3,2,1,1
202300022777,1,12,2023,16:00,1,1,3,62,62510,2,3,2,1,1
202300022778,15,11,2023,07:00,5,1,3,27,27229,2,4,2,1,2
202300022778,15,11,2023,07:00,5,1,3,27,27229,2,4,2,1,2
202300022779,12,9,2023,17:30,1,3,3,64,64445,2,3,2,1,2
202300022780,29,11,2023,00:10,5,1,3,62,62193,2,4,2,1,1
202300022780,29,11,2023,00:10,5,1,3,62,62193,2,4,3,1,1
202300022781,14,11,2023,18:17,5,1,6,27,27229,2,4,1,2,1
202300022781,14,11,2023,18:17,5,1,6,27,27229,2,4,2,1,1
202300022782,11,9,2023,15:30,1,1,2,64,64445,2,4,1,1,1
202300022783,14,11,2023,13:28,1,2,2,27,27229,2,4,3,1,2
202300022784,16,12,2023,18:00,3,1,4,62,62764,1,3,3,1,1
202300022785,12,9,2023,21:40,5,3,3,64,64122,2,4,1,1,2
202300022785,12,9,2023,21:40,5,3,3,64,64122,2,4,2,1,2
202300022785,12,9,2023,21:40,5,3,3,64,64122,2,4,-1,2,2
202300022786,12,11,2023,17:40,3,3,3,15,15014,2,2,2,1,2
202300022786,12,11,2023,17:40,3,3,3,15,15014,2,2,2,1,2
202300022787,17,12,2023,15:30,1,1,3,59,59350,2,4,2,1,1
202300022787,17,12,2023,15:30,1,1,3,59,59350,2,4,2,1,1
202300022788,12,9,2023,09:50,1,8,6,64,64122,2,4,2,1,2
202300022789,19,12,2023,12:10,1,2,6,59,59178,2,3,-1,1,2
202300022790,15,11,2023,18:30,3,1,3,13,13117,2,4,2,1,1
202300022790,15,11,2023,18:30,3,1,3,13,13117,2,4,2,1,1
202300022791,11,9,2023,22:15,5,2,3,64,64024,2,4,2,1,2
202300022792,12,12,2023,18:25,5,1,6,56,56260,2,4,2,1,2
202300022793,15,11,2023,16:20,1,1,3,13,13215,2,4,2,1,1
202300022793,15,11,2023,16:20,1,1,3,13,13215,2,4,2,2,1
202300022794,10,9,2023,13:40,1,1,3,64,64024,2,4,2,1,1
202300022795,19,12,2023,09:00,1,1,1,51,51454,2,4,2,1,1
202300022795,19,12,2023,09:00,1,1,1,51,51454,2,4,2,1,1
202300022796,18,12,2023,17:25,5,8,6,51,51506,2,3,3,1,1
202300022797,12,9,2023,19:30,3,2,3,63,63164,1,7,2,1,2
202300022798,14,11,2023,20:25,5,1,3,13,13205,2,4,2,2,1
202300022798,14,11,2023,20:25,5,1,3,13,13205,2,4,2,1,1
202300022799,20,12,2023,08:25,2,1,3,49,49267,2,4,2,1,2
202300022800,7,9,2023,15:55,1,1,3,61,61169,1,3,2,1,1
202300022801,14,11,2023,18:25,5,8,6,10,10387,2,4,2,1,2
202300022801,14,11,2023,18:25,5,8,6,10,10387,2,4,2,1,2
202300022802,19,12,2023,18:30,2,1,6,49,49267,2,4,2,1,2
202300022803,14,11,2023,14:30,1,8,3,10,10343,2,4,2,1,2
202300022803,14,11,2023,14:30,1,8,3,10,10343,2,4,2,1,2
202300022804,11,9,2023,17:40,1,1,3,61,61001,2,4,2,1,1
202300022804,11,9,2023,17:40,1,1,3,61,61001,2,4,2,1,1
202300022805,20,12,2023,11:36,1,1,1,45,45338,2,4,2,1,1
202300022805,20,12,2023,11:36,1,1,1,45,45338,2,4,-1,1,1
202300022806,14,11,2023,07:40,1,1,6,10,10387,2,4,2,1,1
202300022806,14,11,2023,07:40,1,1,6,10,10387,2,4,2,1,1
202300022807,25,5,2023,21:45,5,1,6,59,59112,2,4,2,1,1
202300022807,25,5,2023,21:45,5,1,6,59,59112,2,4,1,1,1
202300022808,20,12,2023,08:55,2,1,6,43,43157,2,3,2,1,2
202300022808,20,12,2023,08:55,2,1,6,43,43157,2,3,2,2,2
202300022809,15,11,2023,17:45,5,1,1,06,06088,2,7,-1,2,1
202300022810,12,9,2023,13:55,1,1,6,59,59508,2,7,2,1,1
202300022811,20,12,2023,16:30,2,1,3,41,41018,2,4,2,1,1
202300022811,20,12,2023,16:30,2,1,3,41,41018,2,4,2,2,1
202300022812,15,11,2023,17:38,2,1,6,75,75116,2,4,2,1,2
202300022813,11,9,2023,13:15,1,1,3,59,59152,1,4,-1,1,1
202300022813,11,9,2023,13:15,1,1,3,59,59152,1,4,-1,1,1
202300022814,20,12,2023,06:40,5,2,3,38,38185,2,7,-1,1,2
202300022814,20,12,2023,06:40,5,2,3,38,38185,2,7,-1,1,2
202300022815,13,11,2023,23:55,5,1,6,75,75120,2,4,1,1,2
202300022815,13,11,2023,23:55,5,1,6,75,75120,2,4,1,1,2
202300022816,20,12,2023,19:00,5,8,6,37,37261,2,4,2,1,1
202300022816,20,12,2023,19:00,5,8,6,37,37261,2,4,2,1,1
202300022817,12,9,2023,20:30,5,1,3,59,59328,2,4,4,1,1
202300022817,12,9,2023,20:30,5,1,3,59,59328,2,4,4,1,1
202300022818,20,12,2023,16:10,1,1,6,37,37261,2,4,2,1,1
202300022819,11,9,2023,18:30,2,8,3,59,59350,2,4,2,1,2
202300022820,15,11,2023,11:50,1,1,2,75,75119,2,4,-1,1,1
202300022820,15,11,2023,11:50,1,1,2,75,75119,2,4,1,1,1
202300022821,16,12,2023,16:53,1,1,3,36,36044,2,4,3,2,1
202300022822,15,11,2023,10:48,1,1,6,75,75118,2,4,1,1,1
202300022822,15,11,2023,10:48,1,1,6,75,75118,2,4,-1,1,1
202300022823,25,6,2023,05:00,5,1,3,59,59360,2,7,2,1,1
202300022823,25,6,2023,05:00,5,1,3,59,59360,2,7,2,1,1
202300022824,20,12,2023,08:55,1,1,2,35,35238,2,4,3,1,1
202300022825,20,12,2023,16:50,1,2,6,31,31557,2,4,-1,1,2
202300022826,9,9,2023,00:40,3,1,6,59,59185,2,3,3,1,1
202300022827,19,12,2023,07:30,3,8,6,31,31069,2,4,3,1,1
202300022828,20,12,2023,17:50,5,1,6,28,28134,2,4,1,1,1
202300022829,7,9,2023,18:30,1,1,6,59,59122,2,4,1,1,1
202300022830,12,9,2023,09:55,1,2,3,58,58194,2,4,2,1,2
202300022830,12,9,2023,09:55,1,2,3,58,58194,2,4,2,1,2
202300022831,20,12,2023,11:10,1,8,1,27,27229,2,4,2,1,2
202300022831,20,12,2023,11:10,1,8,1,27,27229,2,4,2,2,2
202300022832,11,9,2023,12:25,1,1,3,58,58194,2,4,2,1,1
202300022832,11,9,2023,12:25,1,1,3,58,58194,2,4,2,1,1
202300022833,20,12,2023,10:12,1,8,1,27,27229,2,4,2,1,2
202300022833,20,12,2023,10:12,1,8,1,27,27229,2,4,2,1,2
202300022834,8,9,2023,21:29,5,1,3,57,57491,2,4,1,1,1
202300022834,8,9,2023,21:29,5,1,3,57,57491,2,4,2,2,1
202300022835,11,9,2023,16:40,1,1,6,56,56083,2,3,2,1,1
202300022836,15,12,2023,12:30,1,1,3,26,26008,1,3,2,1,1
202300022836,15,12,2023,12:30,1,1,3,26,26008,1,3,2,1,1
202300022837,11,9,2023,19:00,1,1,7,56,56162,1,3,2,2,1
202300022838,10,9,2023,23:54,3,1,3,56,56098,1,2,3,1,1
202300022839,15,12,2023,11:45,1,1,6,24,24322,2,3,2,1,1
202300022840,9,9,2023,19:57,1,1,1,56,56162,2,4,2,1,1
202300022840,9,9,2023,19:57,1,1,1,56,56162,2,4,3,1,1
202300022841,18,12,2023,10:39,1,1,3,21,21278,2,4,1,1,1
202300022841,18,12,2023,10:39,1,1,3,21,21278,2,4,-1,1,1
202300022842,11,9,2023,18:45,1,7,3,54,54578,2,4,2,1,1
202300022842,11,9,2023,18:45,1,7,3,54,54578,2,4,-1,1,1
202300022843,19,12,2023,18:45,5,2,6,14,14118,2,4,2,1,2
202300022844,11,9,2023,19:50,2,1,3,54,54274,2,4,2,2,1
202300022845,19,12,2023,18:10,5,3,6,14,14118,2,3,1,1,2
202300022846,12,9,2023,14:35,1,1,6,54,54270,1,3,2,1,1
202300022847,19,12,2023,17:30,5,3,6,14,14437,2,3,2,1,2
202300022848,7,9,2023,14:00,1,1,5,52,52448,1,2,2,1,1
202300022849,20,12,2023,12:45,1,1,3,13,13210,2,4,2,1,1
202300022850,19,12,2023,20:15,5,1,3,13,13210,2,4,1,1,1
202300022851,12,9,2023,17:30,1,8,2,51,51454,2,4,2,2,2
202300022851,12,9,2023,17:30,1,8,2,51,51454,2,4,2,2,2
202300022852,19,12,2023,11:00,1,1,6,13,13208,2,4,3,1,1
202300022853,12,9,2023,08:47,1,1,3,51,51454,2,4,1,1,1
202300022854,20,12,2023,13:25,1,1,3,13,13001,2,4,2,1,1
202300022855,8,9,2023,18:45,1,1,3,51,51172,2,4,2,1,1
202300022855,8,9,2023,18:45,1,1,3,51,51172,2,4,2,1,1
202300022856,10,9,2023,10:00,1,1,6,51,51454,2,4,1,1,1
202300022856,10,9,2023,10:00,1,1,6,51,51454,2,4,1,1,1
202300022856,10,9,2023,10:00,1,1,6,51,51454,2,4,1,2,1
202300022857,17,12,2023,08:40,1,1,3,07,07186,2,3,1,3,1
202300022857,17,12,2023,08:40,1,1,3,07,07186,2,3,2,3,1
202300022858,20,12,2023,07:30,3,2,1,07,07281,1,3,2,2,2
202300022859,9,9,2023,18:20,1,1,7,50,50129,2,3,2,2,1
202300022859,9,9,2023,18:20,1,1,7,50,50129,2,3,2,1,1
202300022860,31,8,2023,09:26,1,1,6,46,46042,2,3,2,1,1
202300022861,12,9,2023,08:30,1,1,6,45,45234,2,4,1,1,1
202300022862,10,9,2023,22:47,5,1,7,45,45004,2,3,2,1,1
202300022863,19,12,2023,14:15,1,1,3,06,06088,2,7,3,1,1
202300022864,4,9,2023,08:56,1,1,3,45,45004,2,3,2,1,1
202300022865,9,9,2023,20:23,2,1,7,45,45208,2,4,2,1,1
202300022866,11,9,2023,15:25,1,1,3,44,44184,2,4,2,1,1
202300022867,19,12,2023,09:00,1,1,6,06,06088,2,4,2,1,1
202300022867,19,12,2023,09:00,1,1,6,06,06088,2,4,1,1,1
202300022868,11,9,2023,19:10,2,1,5,43,43157,2,3,1,1,1
202300022868,11,9,2023,19:10,2,1,5,43,43157,2,3,1,4,1
202300022869,19,12,2023,20:00,5,1,3,06,06069,2,4,3,1,1
202300022870,10,9,2023,21:10,5,1,3,41,41047,2,3,1,1,1
202300022870,10,9,2023,21:10,5,1,3,41,41047,2,3,4,1,1
202300022871,20,12,2023,13:25,1,1,3,06,06029,2,4,3,1,1
202300022872,12,9,2023,18:35,1,1,3,38,38516,2,3,2,2,1
202300022872,12,9,2023,18:35,1,1,3,38,38516,2,3,2,2,1
202300022873,12,9,2023,14:02,1,1,6,38,38169,2,4,2,1,1
202300022874,20,12,2023,17:50,5,8,6,75,75118,2,4,-1,2,2
202300022874,20,12,2023,17:50,5,8,6,75,75118,2,4,1,1,2
202300022875,11,9,2023,09:45,1,1,6,38,38185,2,4,2,1,1
202300022875,11,9,2023,09:45,1,1,6,38,38185,2,4,2,1,1
202300022876,12,9,2023,08:45,1,1,3,38,38053,2,4,1,1,1
202300022877,12,9,2023,19:10,1,1,2,37,37261,2,4,2,1,1
202300022878,20,12,2023,10:07,1,1,2,75,75105,2,4,1,1,1
202300022879,11,9,2023,14:00,1,1,6,37,37261,2,4,2,1,1
202300022880,11,9,2023,18:30,1,1,6,35,35278,1,3,2,1,1
202300022880,11,9,2023,18:30,1,1,6,35,35278,1,3,2,1,1
202300022881,11,9,2023,14:55,1,1,3,35,35238,2,4,2,1,1
202300022882,18,12,2023,21:50,5,1,3,75,75105,2,4,2,1,1
202300022883,11,9,2023,12:00,1,1,4,35,35278,1,3,2,1,1
202300022884,11,9,2023,17:08,1,1,3,34,34032,2,4,2,1,1
202300022885,20,12,2023,14:10,1,1,3,75,75120,2,4,2,1,1
202300022886,11,9,2023,15:20,1,1,3,34,34003,2,4,1,1,1
202300022887,12,9,2023,17:05,1,3,4,33,33192,2,4,2,1,2
202300022888,12,9,2023,16:40,1,3,6,33,33550,2,4,2,1,2