id_accident,jour,mois,annee,heure_minute,luminosite,meteo,type_collision,departement,commune,agglomeration,categorie_route,regime_circulation,profil_route,etat_surface
202300022889,11,9,2023,17:55,1,1,6,33,33167,2,4,2,1,1
202300022890,11,9,2023,09:45,1,1,4,33,33063,1,4,3,1,1
202300022891,20,12,2023,17:10,5,1,6,75,75119,2,4,1,2,2
202300022891,20,12,2023,17:10,5,1,6,75,75119,2,4,1,2,2
202300022892,12,9,2023,19:55,2,8,7,32,32013,2,4,2,1,3
202300022892,12,9,2023,19:55,2,8,7,32,32013,2,4,2,1,3
202300022893,20,12,2023,16:53,2,2,6,75,75118,2,4,2,2,2
202300022893,20,12,2023,16:53,2,2,6,75,75118,2,4,2,1,2
202300022894,11,9,2023,13:03,1,1,3,31,31555,2,4,2,1,1
202300022894,11,9,2023,13:03,1,1,3,31,31555,2,4,2,1,1
202300022895,7,9,2023,08:03,1,1,3,30,30189,2,4,2,1,1
202300022895,7,9,2023,08:03,1,1,3,30,30189,2,4,1,1,1
202300022896,12,9,2023,20:15,1,1,6,29,29232,1,3,1,2,1
202300022897,20,12,2023,12:15,1,1,2,75,75116,2,4,1,1,1
202300022897,20,12,2023,12:15,1,1,2,75,75116,2,4,1,1,1
202300022898,11,9,2023,14:00,1,1,6,29,29019,2,4,3,2,1
202300022899,7,9,2023,17:00,1,1,6,26,26198,2,4,2,1,1
202300022900,12,9,2023,21:00,5,1,3,25,25388,2,4,-1,2,1
202300022901,12,9,2023,10:20,1,1,3,25,25056,2,4,2,1,1
202300022901,12,9,2023,10:20,1,1,3,25,25056,2,4,2,4,1
202300022902,20,12,2023,13:10,1,1,3,75,75115,2,4,1,1,1
202300022902,20,12,2023,13:10,1,1,3,75,75115,2,4,2,1,1
202300022903,12,9,2023,14:57,1,1,3,22,22187,2,4,2,1,2
202300022903,12,9,2023,14:57,1,1,3,22,22187,2,4,2,1,2
202300022904,12,9,2023,07:40,1,1,6,22,22278,2,4,2,4,1
202300022905,20,12,2023,11:30,1,1,6,75,75115,2,4,1,1,1
202300022905,20,12,2023,11:30,1,1,6,75,75115,2,4,1,1,1
202300022906,8,9,2023,16:25,1,1,6,19,19031,2,4,2,1,1
202300022906,8,9,2023,16:25,1,1,6,19,19031,2,4,2,1,1
202300022907,7,9,2023,09:30,1,1,3,19,19031,2,4,2,1,1
202300022907,7,9,2023,09:30,1,1,3,19,19031,2,4,2,1,1
202300022908,8,9,2023,08:35,1,1,6,18,18033,2,4,2,1,1
202300022908,8,9,2023,08:35,1,1,6,18,18033,2,4,2,1,1
202300022909,20,12,2023,10:50,1,1,6,75,75115,2,4,-1,1,1
202300022909,20,12,2023,10:50,1,1,6,75,75115,2,4,-1,1,1
202300022910,11,9,2023,11:50,1,3,6,17,17333,2,3,2,1,2
202300022911,11,9,2023,23:30,5,1,6,13,13213,2,3,3,1,1
202300022912,11,9,2023,15:00,1,1,1,13,13208,2,4,2,1,1
202300022913,20,12,2023,00:09,5,2,1,75,75115,2,4,2,1,2
202300022913,20,12,2023,00:09,5,2,1,75,75115,2,4,1,1,2
202300022914,11,9,2023,16:00,1,1,5,13,13203,2,4,2,1,1
202300022914,11,9,2023,16:00,1,1,5,13,13203,2,4,2,2,1
202300022915,11,9,2023,06:04,5,1,6,13,13207,2,4,2,1,1
202300022916,20,12,2023,18:50,5,8,6,75,75111,2,4,2,1,1
202300022916,20,12,2023,18:50,5,8,6,75,75111,2,4,2,1,1
202300022917,6,8,2023,19:25,1,1,2,13,13028,1,3,3,2,1
202300022918,20,12,2023,18:00,5,2,3,75,75111,2,4,1,1,2
202300022918,20,12,2023,18:00,5,2,3,75,75111,2,4,2,1,2
202300022919,12,9,2023,08:00,1,1,3,13,13001,1,3,2,1,1
202300022920,20,12,2023,16:20,1,2,6,75,75102,2,4,1,1,2
202300022921,11,9,2023,23:45,5,1,7,10,10343,2,4,1,1,1
202300022922,11,9,2023,22:24,5,1,6,10,10387,2,4,2,1,1
202300022923,20,12,2023,14:35,1,1,6,75,75102,2,4,2,1,1
202300022923,20,12,2023,14:35,1,1,6,75,75102,2,4,-1,1,1
202300022924,11,9,2023,20:08,5,1,7,10,10343,2,9,-1,1,1
202300022925,9,9,2023,17:10,1,1,2,10,10387,2,4,1,1,1
202300022926,15,12,2023,08:00,2,1,3,94,94046,2,4,1,1,1
202300022927,11,9,2023,17:30,1,1,3,09,09225,2,4,1,1,1
202300022927,11,9,2023,17:30,1,1,3,09,09225,2,4,1,1,1
202300022928,20,12,2023,00:42,5,2,2,94,94076,2,3,2,1,2
202300022928,20,12,2023,00:42,5,2,2,94,94076,2,3,2,1,2
202300022929,11,9,2023,13:53,1,1,6,09,09122,2,3,2,1,1
202300022930,19,12,2023,19:15,5,2,6,94,94028,2,3,2,1,2
202300022931,12,9,2023,12:29,1,1,1,06,06088,2,4,2,1,1
202300022931,12,9,2023,12:29,1,1,1,06,06088,2,4,1,1,1
202300022932,20,12,2023,11:15,1,1,3,94,94022,2,3,3,1,1
202300022932,20,12,2023,11:15,1,1,3,94,94022,2,3,2,1,1
202300022933,11,9,2023,09:40,1,1,6,06,06027,2,4,1,1,1
202300022933,11,9,2023,09:40,1,1,6,06,06027,2,4,1,1,1
202300022934,20,12,2023,13:45,1,1,3,94,94018,2,3,2,1,1
202300022934,20,12,2023,13:45,1,1,3,94,94018,2,3,2,1,1
202300022935,12,9,2023,12:00,1,1,6,04,04112,2,4,2,1,1
202300022936,11,9,2023,15:05,1,1,6,03,03190,2,3,1,1,1
202300022936,11,9,2023,15:05,1,1,6,03,03190,2,3,1,1,1
202300022937,20,12,2023,18:20,5,2,2,93,93073,2,4,1,1,2
202300022937,20,12,2023,18:20,5,2,2,93,93073,2,4,1,1,2
202300022938,11,9,2023,08:10,1,1,3,01,01451,1,3,1,1,1
202300022938,11,9,2023,08:10,1,1,3,01,01451,1,3,1,1,1
202300022939,11,9,2023,16:00,1,1,2,75,75112,2,4,1,1,1
202300022940,15,12,2023,23:45,5,1,3,93,93032,2,3,1,1,1
202300022940,15,12,2023,23:45,5,1,3,93,93032,2,3,2,1,1
202300022941,11,9,2023,01:20,5,1,4,75,75120,2,4,-1,1,1
202300022942,20,12,2023,08:10,1,1,3,93,93001,2,3,2,1,1
202300022942,20,12,2023,08:10,1,1,3,93,93001,2,3,1,1,1
202300022943,20,12,2023,11:02,1,1,6,92,92063,2,3,3,1,2
202300022944,12,9,2023,07:55,1,1,3,75,75105,2,4,1,1,1
202300022944,12,9,2023,07:55,1,1,3,75,75105,2,4,3,1,1
202300022945,20,12,2023,08:14,2,1,3,92,92026,2,3,1,1,1
202300022945,20,12,2023,08:14,2,1,3,92,92026,2,3,-1,1,1
202300022946,12,9,2023,18:00,1,2,3,75,75116,2,4,2,1,2
202300022946,12,9,2023,18:00,1,2,3,75,75116,2,4,1,1,2
202300022947,12,9,2023,14:30,1,2,2,75,75115,2,4,1,1,2
202300022947,12,9,2023,14:30,1,2,2,75,75115,2,4,1,1,2
202300022948,19,12,2023,19:27,5,1,3,92,92025,2,4,-1,2,2
202300022948,19,12,2023,19:27,5,1,3,92,92025,2,4,1,2,2
202300022949,12,9,2023,10:00,1,1,3,75,75115,2,4,1,1,1
202300022949,12,9,2023,10:00,1,1,3,75,75115,2,4,1,1,1
202300022950,20,12,2023,16:25,1,8,3,92,92009,2,3,2,1,1
202300022950,20,12,2023,16:25,1,8,3,92,92009,2,3,1,1,1
202300022951,12,9,2023,16:20,1,2,6,75,75114,2,4,2,1,2
202300022951,12,9,2023,16:20,1,2,6,75,75114,2,4,1,1,2
202300022952,20,12,2023,13:54,1,2,3,92,92004,2,3,1,1,2
202300022953,12,9,2023,13:09,1,3,3,75,75114,2,4,2,1,2
202300022953,12,9,2023,13:09,1,3,3,75,75114,2,4,1,1,2
202300022954,18,12,2023,09:00,1,5,3,33,33334,2,3,2,1,1
202300022955,12,9,2023,04:58,5,1,5,75,75114,2,4,1,1,1
202300022955,12,9,2023,04:58,5,1,5,75,75114,2,4,4,1,1
202300022956,20,12,2023,14:40,1,2,3,51,51217,2,4,2,2,2
202300022956,20,12,2023,14:40,1,2,3,51,51217,2,4,2,1,2
202300022957,12,9,2023,18:30,1,8,3,75,75114,2,4,1,1,2
202300022958,21,12,2023,13:50,1,1,1,972,97227,1,2,2,1,1
202300022959,12,9,2023,11:55,1,2,2,75,75113,2,4,2,2,2
202300022959,12,9,2023,11:55,1,2,2,75,75113,2,4,2,2,2
202300022960,12,9,2023,11:50,1,3,1,75,75112,2,4,1,1,2
202300022960,12,9,2023,11:50,1,3,1,75,75112,2,4,2,1,2
202300022961,19,12,2023,18:45,3,2,1,50,50592,2,3,2,1,2
202300022962,11,9,2023,19:00,1,1,1,75,75112,2,4,1,1,1
202300022962,11,9,2023,19:00,1,1,1,75,75112,2,4,2,1,1
202300022963,20,12,2023,19:15,3,2,6,35,35193,1,3,2,2,2
202300022964,12,9,2023,02:58,5,1,3,75,75111,2,4,2,1,1
202300022964,12,9,2023,02:58,5,1,3,75,75111,2,4,1,1,1
202300022965,12,9,2023,18:30,1,2,3,75,75108,2,4,1,1,2
202300022965,12,9,2023,18:30,1,2,3,75,75108,2,4,1,1,2
202300022966,20,12,2023,14:05,1,1,1,51,51422,1,3,2,1,1
202300022966,20,12,2023,14:05,1,1,1,51,51422,1,3,2,2,1
202300022967,12,9,2023,17:00,1,2,3,75,75108,2,4,3,2,2
202300022967,12,9,2023,17:00,1,2,3,75,75108,2,4,1,1,2
202300022968,20,12,2023,17:15,1,1,1,56,56051,1,3,2,2,1
202300022969,12,9,2023,11:30,1,1,6,75,75108,2,4,1,1,1
202300022969,12,9,2023,11:30,1,1,6,75,75108,2,4,1,1,1
202300022970,21,12,2023,13:20,1,2,1,89,89464,1,3,2,1,2
202300022971,11,9,2023,10:38,1,1,6,75,75107,2,4,2,1,1
202300022971,11,9,2023,10:38,1,1,6,75,75107,2,4,1,1,1
202300022972,12,9,2023,18:20,1,8,2,75,75104,2,4,2,1,2
202300022972,12,9,2023,18:20,1,8,2,75,75104,2,4,1,1,2
202300022973,2,9,2023,00:20,5,1,1,94,94058,2,3,2,1,1
202300022973,2,9,2023,00:20,5,1,1,94,94058,2,3,2,1,1
202300022974,21,12,2023,07:35,2,2,3,55,55470,1,3,2,1,2
202300022974,21,12,2023,07:35,2,2,3,55,55470,1,3,2,1,2
202300022975,11,9,2023,17:00,1,1,6,94,94043,2,3,2,1,1
202300022976,19,12,2023,19:10,3,1,3,49,49180,1,3,2,1,2
202300022976,19,12,2023,19:10,3,1,3,49,49180,1,3,2,1,2
202300022977,12,9,2023,14:40,1,2,3,94,94038,2,4,2,1,2
202300022978,21,12,2023,05:50,3,2,6,47,47228,1,2,2,1,2
202300022979,12,9,2023,14:20,1,3,6,94,94028,2,4,2,1,2
202300022980,20,12,2023,16:15,1,1,1,47,47069,1,3,2,1,2
202300022981,12,9,2023,13:10,1,2,3,94,94028,2,4,3,1,2
202300022982,12,9,2023,08:25,1,1,3,94,94017,2,3,1,2,1
202300022983,19,12,2023,17:35,3,8,5,41,41180,1,3,2,1,1
202300022984,20,12,2023,18:20,3,1,6,34,34234,1,3,2,1,1
202300022985,12,9,2023,19:30,1,2,7,93,93070,2,3,2,1,2
202300022986,20,12,2023,23:20,3,2,1,25,25240,1,3,2,1,2
202300022987,10,6,2023,05:45,2,1,6,93,93048,2,4,2,1,1
202300022987,10,6,2023,05:45,2,1,6,93,93048,2,4,2,2,1
202300022988,22,8,2023,19:00,1,1,3,93,93032,2,3,2,1,1
202300022988,22,8,2023,19:00,1,1,3,93,93032,2,3,2,1,1
202300022989,21,12,2023,12:05,1,2,1,25,25122,1,3,2,2,2
202300022990,12,9,2023,09:40,1,1,3,93,93032,2,4,2,1,1
202300022990,12,9,2023,09:40,1,1,3,93,93032,2,4,1,1,1
202300022991,20,12,2023,10:50,1,1,6,29,29024,2,4,2,1,2
202300022992,11,9,2023,19:03,1,1,2,93,93032,2,3,1,1,1
202300022992,11,9,2023,19:03,1,1,2,93,93032,2,3,2,1,1
202300022993,18,12,2023,08:10,1,9,6,38,38039,2,4,2,2,1
202300022994,21,12,2023,08:05,1,1,1,06,06090,2,4,2,2,2
202300022995,9,9,2023,03:05,5,1,3,93,93032,2,3,2,1,1
202300022995,9,9,2023,03:05,5,1,3,93,93032,2,3,2,1,1
202300022996,20,12,2023,13:02,1,8,6,14,14377,1,3,2,1,1
202300022997,12,9,2023,12:50,1,3,6,93,93031,2,4,2,1,2
202300022998,20,12,2023,20:00,3,2,7,64,64411,1,3,2,2,2
202300022999,12,9,2023,17:30,1,2,3,93,93010,2,4,1,1,2
202300023000,20,12,2023,15:45,1,1,6,36,36117,1,3,2,1,1
202300023001,12,9,2023,00:25,5,1,6,92,92072,2,3,1,2,1
202300023002,12,9,2023,19:40,1,8,6,92,92063,2,4,2,1,2
202300023003,22,6,2023,05:10,3,1,5,07,07024,1,3,2,1,1
202300023004,20,12,2023,09:58,1,1,6,21,21644,1,3,2,1,2
202300023005,11,9,2023,18:15,1,1,6,92,92050,2,4,-1,1,1
202300023006,20,12,2023,15:50,1,1,6,85,85172,1,3,2,1,1
202300023007,11,9,2023,11:30,1,1,4,92,92036,2,3,2,1,1
202300023008,20,12,2023,14:50,1,1,7,17,17218,2,4,2,1,1
202300023009,12,9,2023,10:20,1,2,3,92,92025,2,3,-1,1,2
202300023009,12,9,2023,10:20,1,2,3,92,92025,2,3,-1,1,2
202300023010,21,12,2023,15:00,1,1,3,30,30165,1,3,2,2,1
202300023011,21,12,2023,02:40,5,1,6,987,98715,2,2,2,1,1
202300023012,12,9,2023,18:59,1,8,4,92,92024,2,3,2,1,2
202300023013,21,12,2023,18:55,4,1,1,13,13109,1,1,3,2,1
202300023014,12,9,2023,16:15,1,1,3,974,97415,1,2,3,1,1
202300023015,12,9,2023,10:23,1,1,6,47,47169,1,3,2,1,1
202300023016,10,12,2023,08:15,1,1,2,13,13001,1,1,3,1,1
202300023017,13,9,2023,12:45,1,1,1,51,51649,2,4,1,1,1
202300023018,8,12,2023,22:20,5,1,3,49,49129,1,1,3,1,2
202300023018,8,12,2023,22:20,5,1,3,49,49129,1,1,-1,-1,-1
202300023019,12,9,2023,11:45,1,1,7,51,51635,1,4,-1,1,1
202300023020,20,12,2023,15:00,1,1,2,51,51466,1,1,3,1,2
202300023021,12,9,2023,07:39,1,1,3,84,84088,1,4,-1,-1,-1
202300023021,12,9,2023,07:39,1,1,3,84,84088,1,4,2,1,1
202300023022,12,9,2023,09:25,1,1,3,01,01354,2,4,1,1,1
202300023023,20,12,2023,14:45,1,6,5,34,34329,1,1,1,1,1
202300023024,12,9,2023,15:45,1,2,2,22,22044,1,2,3,1,2
202300023025,21,12,2023,16:40,1,7,2,974,97418,1,2,1,1,1
202300023026,12,9,2023,11:55,1,1,7,50,50214,1,6,1,1,1
202300023027,20,12,2023,19:10,5,1,2,971,97125,1,2,2,2,1
202300023027,20,12,2023,19:10,5,1,2,971,97125,1,2,2,1,1
202300023028,21,12,2023,10:20,1,7,2,66,66056,2,3,-1,1,1
202300023029,19,12,2023,05:50,3,1,6,66,66224,2,3,2,1,1
202300023030,12,9,2023,15:29,1,8,7,21,21273,1,3,2,1,1
202300023031,21,12,2023,11:20,1,1,6,06,06157,2,4,1,1,1
202300023031,21,12,2023,11:20,1,1,6,06,06157,2,4,1,2,1
202300023032,6,9,2023,06:47,2,1,6,51,51342,1,3,2,1,1
202300023033,20,12,2023,08:00,2,2,2,38,38336,1,1,3,1,2
202300023034,21,12,2023,00:50,3,2,7,89,89298,1,1,1,1,2
202300023035,8,9,2023,08:50,1,1,2,59,59624,2,3,2,1,1
202300023036,21,12,2023,16:54,2,2,6,58,58124,1,3,2,1,2
202300023037,12,9,2023,16:20,1,1,4,56,56165,1,3,2,2,1
202300023038,31,8,2023,02:15,3,1,6,56,56154,1,3,2,3,1
202300023039,20,12,2023,17:00,5,2,6,54,54215,2,3,2,4,2
202300023039,20,12,2023,17:00,5,2,6,54,54215,2,3,2,1,2
202300023040,12,9,2023,09:15,1,1,4,56,56083,1,2,3,1,1
202300023041,12,9,2023,17:25,1,2,2,56,56147,2,3,2,1,2
202300023041,12,9,2023,17:25,1,2,2,56,56147,2,3,2,1,2
202300023042,21,12,2023,12:50,1,1,3,03,03308,1,3,2,2,1
202300023043,13,9,2023,07:20,1,1,1,74,74275,1,3,2,1,2
202300023044,12,9,2023,19:30,2,1,2,2A,2A362,2,2,2,1,1
202300023045,20,12,2023,20:10,3,1,1,03,03283,1,3,2,1,1
202300023046,13,9,2023,12:30,1,1,7,2B,2B049,1,3,2,1,1
202300023047,11,9,2023,13:05,1,7,6,61,61091,1,4,2,2,1
202300023048,21,12,2023,09:00,1,1,1,73,73179,1,3,2,2,1
202300023048,21,12,2023,09:00,1,1,1,73,73179,1,3,2,1,1
202300023049,9,9,2023,23:50,3,1,6,42,42081,1,4,2,3,1
202300023050,20,12,2023,16:30,2,2,6,01,01185,1,3,2,1,2
202300023051,11,9,2023,06:39,3,1,2,22,22204,1,3,2,1,1
202300023052,19,12,2023,16:07,1,1,3,69,69143,2,7,2,1,1
202300023053,12,9,2023,16:30,1,1,2,25,25349,1,3,3,1,1
202300023054,21,12,2023,20:00,3,2,6,81,81140,1,3,2,1,2
202300023055,5,9,2023,15:55,1,1,7,25,25262,1,3,2,1,1
202300023056,12,9,2023,07:40,2,5,6,29,29150,1,4,2,1,1
202300023057,20,12,2023,13:15,1,1,4,65,65059,2,3,2,1,1
202300023058,2,9,2023,20:45,2,1,3,29,29217,2,3,2,3,1
202300023058,2,9,2023,20:45,2,1,3,29,29217,2,3,2,1,1
202300023059,13,9,2023,14:40,1,1,7,84,84075,1,3,2,2,1
202300023060,9,9,2023,12:30,1,1,2,84,84005,1,3,2,2,1
202300023061,16,12,2023,23:30,4,1,6,62,62589,2,3,2,3,1
202300023062,13,9,2023,17:00,1,2,1,26,26368,1,3,2,1,2
202300023063,12,9,2023,16:15,1,1,1,58,58147,2,4,2,2,1
202300023064,19,12,2023,20:50,3,1,2,13,13211,1,1,1,2,1
202300023065,13,9,2023,08:50,1,7,6,06,06079,2,3,2,1,1
202300023066,17,12,2023,19:39,3,1,2,69,69271,1,2,3,3,1
202300023067,13,9,2023,00:20,3,1,7,50,50569,1,3,2,2,1
202300023067,13,9,2023,00:20,3,1,7,50,50569,1,3,2,2,1
202300023068,11,9,2023,08:30,1,1,6,90,90070,2,3,2,2,1
202300023069,12,9,2023,22:00,3,1,6,83,83005,1,3,2,2,1
202300023070,9,9,2023,12:30,1,1,3,07,07100,1,3,2,2,1
202300023071,20,12,2023,09:55,3,2,4,33,33249,1,1,3,2,2
202300023072,13,9,2023,16:20,1,1,3,24,24408,1,3,2,1,1
202300023073,20,12,2023,09:15,1,1,2,33,33192,1,1,3,1,1
202300023074,10,9,2023,20:00,2,1,5,85,85192,1,3,2,1,1
202300023075,20,12,2023,21:07,3,1,7,91,91064,1,2,1,2,2
202300023076,11,9,2023,13:25,1,1,6,27,27069,1,3,2,1,2
202300023077,12,9,2023,13:40,1,1,7,17,17140,1,3,2,1,1
202300023078,20,12,2023,18:00,3,9,3,94,94034,1,1,3,1,1
202300023079,13,9,2023,17:15,1,1,1,30,30320,1,3,2,2,2
202300023080,12,9,2023,16:17,1,1,3,88,88408,1,3,2,1,1
202300023080,12,9,2023,16:17,1,1,3,88,88408,1,3,2,1,1
202300023081,20,12,2023,10:50,1,2,5,94,94038,1,1,1,1,2
202300023082,13,9,2023,16:30,1,1,7,95,95392,2,4,1,2,1
202300023083,19,12,2023,21:37,3,2,7,91,91340,1,2,2,1,2
202300023084,12,9,2023,13:00,1,1,3,39,39310,1,1,3,1,1
202300023085,13,9,2023,06:15,3,1,6,60,60030,1,1,3,1,2
202300023086,8,9,2023,15:40,1,1,3,59,59370,2,2,2,1,1
202300023087,11,9,2023,14:10,1,1,2,79,79048,1,1,3,1,1
202300023088,20,12,2023,08:20,2,1,7,93,93066,1,1,3,1,1
202300023089,12,9,2023,21:40,3,1,1,37,37036,1,3,2,1,1
202300023090,20,12,2023,17:52,3,2,2,94,94046,1,1,1,1,2
202300023091,13,9,2023,09:15,1,2,5,69,69188,1,3,2,2,2
202300023091,13,9,2023,09:15,1,2,5,69,69188,1,3,2,1,2
202300023092,12,9,2023,19:00,1,3,6,77,77216,1,1,3,2,2
202300023093,20,12,2023,07:45,2,1,6,77,77258,1,1,3,1,1
202300023094,12,9,2023,19:25,2,3,3,77,77216,1,1,3,2,2
202300023095,12,9,2023,12:00,1,1,7,34,34088,1,3,2,1,1
202300023096,12,9,2023,12:35,1,1,1,66,66144,2,4,2,1,1
202300023097,11,8,2023,19:00,1,1,3,10,10387,2,4,-1,1,1
202300023097,11,8,2023,19:00,1,1,3,10,10387,2,4,-1,1,1
202300023098,11,8,2023,19:15,1,1,6,10,10387,2,4,1,1,1
202300023099,28,9,2023,08:10,1,1,6,78,78190,2,3,2,1,1
202300023100,11,10,2023,14:30,1,1,3,35,35055,2,4,2,1,1
202300023100,11,10,2023,14:30,1,1,3,35,35055,2,4,2,1,1
202300023101,19,12,2023,09:45,1,1,7,976,97611,2,2,2,1,1
202300023102,19,12,2023,08:45,1,1,2,974,97416,1,2,1,1,1
202300023103,18,12,2023,17:10,1,1,3,974,97416,1,4,2,1,1
202300023104,19,12,2023,11:35,1,1,6,974,97411,2,4,1,1,1
202300023105,18,12,2023,06:50,1,1,1,974,97407,1,4,2,1,1
202300023106,19,12,2023,21:50,5,1,6,69,69386,2,6,-1,1,1
202300023107,19,12,2023,11:55,1,1,6,69,69383,2,4,2,1,1
202300023107,19,12,2023,11:55,1,1,6,69,69383,2,4,1,1,1
202300023108,19,12,2023,19:10,5,1,3,69,69382,2,4,2,1,1
202300023109,19,12,2023,20:30,5,1,1,2B,2B033,2,3,2,2,1
202300023109,19,12,2023,20:30,5,1,1,2B,2B033,2,3,2,2,1
202300023110,19,12,2023,14:57,1,1,1,2B,2B033,2,4,1,2,1
202300023111,19,12,2023,17:15,1,7,6,971,97101,2,3,2,1,1
202300023112,19,12,2023,06:58,1,1,6,971,97101,2,3,2,1,9
202300023113,18,12,2023,14:00,1,1,3,971,97113,1,2,2,1,1
202300023114,19,12,2023,18:40,5,2,6,95,95555,2,3,2,1,2
202300023115,19,12,2023,17:25,5,1,6,91,91421,2,4,1,1,1
202300023116,19,12,2023,19:10,3,2,2,91,91432,2,3,2,1,2
202300023117,19,12,2023,13:44,1,1,3,87,87085,2,4,2,1,1
202300023117,19,12,2023,13:44,1,1,3,87,87085,2,4,3,2,1
202300023118,15,12,2023,18:00,3,2,6,80,80702,1,4,2,1,2
202300023119,19,12,2023,19:20,5,2,6,80,80001,2,4,-1,1,2
202300023120,19,12,2023,20:45,3,2,3,77,77337,2,4,1,1,2
202300023121,19,12,2023,19:30,3,2,2,77,77058,1,3,-1,1,2
202300023122,19,12,2023,16:19,2,1,6,77,77131,2,3,2,1,1
202300023123,19,12,2023,19:25,5,3,6,76,76108,2,7,2,3,2
202300023124,18,12,2023,19:20,5,1,3,76,76351,2,4,2,1,1
202300023124,18,12,2023,19:20,5,1,3,76,76351,2,4,1,1,1
202300023125,19,12,2023,02:45,3,1,6,76,76341,1,3,3,1,1
202300023126,18,12,2023,11:26,1,1,3,76,76351,2,4,2,1,1
202300023126,18,12,2023,11:26,1,1,3,76,76351,2,4,2,1,1
202300023127,17,12,2023,02:25,5,1,7,76,76351,2,4,1,1,1
202300023128,19,12,2023,18:55,3,1,3,73,73029,1,2,3,1,1
202300023129,2,7,2023,19:22,1,1,3,88,88387,1,3,2,1,1
202300023129,2,7,2023,19:22,1,1,3,88,88387,1,3,2,1,1
202300023130,30,6,2023,17:20,1,1,6,03,03290,1,2,3,1,1
202300023131,2,7,2023,04:35,4,2,6,42,42304,2,3,2,1,2
202300023132,2,7,2023,02:30,3,1,7,31,31451,2,4,2,1,1
202300023133,26,6,2023,19:15,1,1,7,31,31196,1,3,2,1,1
202300023134,13,10,2023,07:30,1,1,3,13,13209,2,4,2,1,1
202300023134,13,10,2023,07:30,1,1,3,13,13209,2,4,2,1,1
202300023135,1,7,2023,11:50,1,1,7,17,17458,1,3,2,1,1
202300023136,12,10,2023,17:00,1,1,6,13,13206,2,4,1,2,1
202300023136,12,10,2023,17:00,1,1,6,13,13206,2,4,2,2,1
202300023137,3,7,2023,09:15,1,1,3,47,47157,2,4,2,1,1
202300023137,3,7,2023,09:15,1,1,3,47,47157,2,4,2,1,1
202300023138,15,5,2023,08:55,1,1,3,33,33056,2,4,2,2,1
202300023138,15,5,2023,08:55,1,1,3,33,33056,2,4,2,1,1
202300023139,2,7,2023,18:45,1,1,6,72,72185,1,3,2,1,1
202300023140,12,10,2023,23:30,5,1,6,11,11069,2,4,2,1,1
202300023141,13,10,2023,10:13,1,1,6,10,10333,2,4,2,1,1
202300023142,10,10,2023,16:00,1,1,2,06,06088,2,4,1,1,1
202300023143,3,7,2023,14:25,1,1,6,14,14047,2,4,1,1,1
202300023144,13,10,2023,08:25,1,1,3,06,06069,2,4,2,1,1
202300023144,13,10,2023,08:25,1,1,3,06,06069,2,4,1,1,1
202300023145,2,7,2023,12:50,1,1,2,13,13081,1,1,-1,1,1
202300023146,13,10,2023,20:25,5,1,3,06,06027,2,4,2,1,1
202300023147,2,7,2023,03:30,3,1,2,13,13213,1,1,1,1,1
202300023148,1,7,2023,06:15,1,1,6,83,83047,1,1,3,1,1
202300023149,11,10,2023,08:25,1,1,3,06,06027,2,7,2,1,1
202300023149,11,10,2023,08:25,1,1,3,06,06027,2,7,2,1,1
202300023150,13,10,2023,18:00,1,1,2,75,75119,2,4,1,1,1
202300023151,1,7,2023,16:45,1,1,2,69,69029,2,4,2,1,1
202300023151,1,7,2023,16:45,1,1,2,69,69029,2,4,2,1,1
202300023152,13,10,2023,12:05,1,1,2,75,75120,2,4,1,1,1
202300023153,2,7,2023,07:49,1,1,2,91,91377,2,3,3,1,1
202300023154,13,10,2023,09:55,1,1,3,75,75112,2,4,2,1,1
202300023154,13,10,2023,09:55,1,1,3,75,75112,2,4,2,1,1
202300023155,2,7,2023,17:40,1,1,3,94,94033,1,1,1,1,1
202300023156,13,10,2023,10:45,1,1,2,75,75106,2,4,2,1,1
202300023156,13,10,2023,10:45,1,1,2,75,75106,2,4,1,1,1
202300023157,2,7,2023,14:30,1,1,5,93,93051,1,1,3,1,1
202300023158,12,10,2023,22:10,5,1,1,75,75120,2,4,-1,1,1
202300023158,12,10,2023,22:10,5,1,1,75,75120,2,4,2,2,1
202300023159,2,7,2023,14:00,1,1,1,94,94046,1,1,-1,1,1
202300023160,13,10,2023,23:20,5,2,3,75,75119,2,4,1,1,2
202300023160,13,10,2023,23:20,5,2,3,75,75119,2,4,3,1,2
202300023161,2,7,2023,12:00,1,1,5,94,94073,1,1,3,1,1
202300023162,12,10,2023,21:05,5,1,6,75,75116,2,4,1,1,1
202300023163,2,7,2023,09:00,1,1,5,93,93051,1,1,1,1,1
202300023164,12,10,2023,22:30,5,1,3,75,75116,2,4,2,1,1
202300023164,12,10,2023,22:30,5,1,3,75,75116,2,4,1,2,1
202300023165,2,7,2023,04:15,3,1,6,94,94022,1,1,1,1,1
202300023166,12,10,2023,19:40,5,1,6,75,75116,2,4,1,1,1
202300023166,12,10,2023,19:40,5,1,6,75,75116,2,4,1,1,1
202300023167,1,7,2023,11:30,1,1,2,94,94017,1,1,1,1,1
202300023168,13,10,2023,09:00,1,1,7,75,75115,2,4,1,2,1
202300023169,28,4,2023,16:45,1,1,7,74,74127,1,3,2,1,1