id_accident,jour,mois,annee,heure_minute,luminosite,meteo,type_collision,departement,commune,agglomeration,categorie_route,regime_circulation,profil_route,etat_surface
202300023170,22,4,2023,17:15,1,1,1,74,74081,2,4,1,1,1
202300023170,22,4,2023,17:15,1,1,1,74,74081,2,4,2,1,1
202300023171,12,10,2023,21:50,5,1,1,75,75115,2,4,-1,1,1
202300023171,12,10,2023,21:50,5,1,1,75,75115,2,4,2,1,1
202300023172,19,4,2023,16:25,1,1,2,74,74278,2,3,1,1,1
202300023173,13,10,2023,09:54,1,1,3,75,75113,2,4,1,2,1
202300023174,18,4,2023,07:30,1,1,3,74,74007,1,3,2,1,1
202300023175,13,10,2023,05:30,5,1,2,75,75111,2,4,1,1,1
202300023175,13,10,2023,05:30,5,1,2,75,75111,2,4,1,2,1
202300023176,13,4,2023,08:39,1,1,1,74,74179,1,3,2,1,1
202300023176,13,4,2023,08:39,1,1,1,74,74179,1,3,2,1,1
202300023177,13,10,2023,17:40,1,1,1,75,75108,2,4,2,1,1
202300023177,13,10,2023,17:40,1,1,1,75,75108,2,4,2,1,1
202300023178,31,3,2023,17:25,1,2,5,74,74010,2,3,2,2,2
202300023179,27,3,2023,17:45,1,1,3,74,74281,2,4,1,1,1
202300023180,13,10,2023,15:00,1,1,3,75,75107,2,4,2,1,1
202300023180,13,10,2023,15:00,1,1,3,75,75107,2,4,1,1,1
202300023181,1,5,2023,03:40,3,1,6,69,69382,1,7,1,1,1
202300023182,15,3,2023,16:25,1,1,3,14,14256,2,3,2,1,1
202300023183,13,10,2023,00:10,5,1,3,75,75102,2,4,-1,1,1
202300023183,13,10,2023,00:10,5,1,3,75,75102,2,4,-1,1,1
202300023184,1,7,2023,19:45,1,1,6,14,14118,2,4,2,1,1
202300023185,12,10,2023,19:10,2,1,1,94,94081,2,4,2,1,1
202300023186,1,7,2023,19:00,3,1,3,974,97416,1,4,2,1,1
202300023187,1,7,2023,06:00,2,1,3,973,97302,2,4,1,1,1
202300023187,1,7,2023,06:00,2,1,3,973,97302,2,4,1,1,1
202300023188,13,10,2023,15:05,1,1,3,94,94076,2,4,-1,1,1
202300023189,1,7,2023,18:45,3,2,7,973,97309,2,3,2,1,2
202300023190,11,10,2023,17:20,1,1,3,94,94037,2,4,-1,2,1
202300023190,11,10,2023,17:20,1,1,3,94,94037,2,4,1,1,1
202300023191,1,7,2023,08:55,1,1,2,972,97209,2,4,1,1,1
202300023192,13,10,2023,20:15,5,1,6,94,94073,2,4,2,1,1
202300023193,30,6,2023,15:50,1,1,6,69,69202,2,6,-1,1,1
202300023194,12,10,2023,13:40,1,2,2,94,94028,2,4,1,1,2
202300023195,1,7,2023,19:37,1,1,2,2A,2A004,1,2,2,1,1
202300023195,1,7,2023,19:37,1,1,2,2A,2A004,1,2,1,1,-1
202300023196,12,10,2023,13:24,1,1,1,94,94028,2,4,2,1,1
202300023196,12,10,2023,13:24,1,1,1,94,94028,2,4,2,1,1
202300023197,1,7,2023,02:15,5,1,2,2A,2A004,2,6,-1,1,1
202300023198,12,10,2023,09:00,1,3,3,94,94011,2,3,1,1,2
202300023198,12,10,2023,09:00,1,3,3,94,94011,2,3,1,1,2
202300023199,1,7,2023,11:10,1,1,3,95,95280,2,4,2,1,1
202300023199,1,7,2023,11:10,1,1,3,95,95280,2,4,2,1,1
202300023200,11,10,2023,21:00,5,1,1,94,94053,2,3,2,1,1
202300023201,13,10,2023,06:30,5,1,3,94,94017,2,4,2,1,1
202300023201,13,10,2023,06:30,5,1,3,94,94017,2,4,2,2,1
202300023202,1,7,2023,11:50,1,1,3,91,91027,2,3,2,3,1
202300023203,13,10,2023,16:20,1,1,6,94,94002,2,4,2,1,1
202300023204,1,7,2023,09:20,1,2,3,91,91027,2,3,2,1,2
202300023204,1,7,2023,09:20,1,2,3,91,91027,2,3,2,1,2
202300023205,30,6,2023,18:20,1,1,6,91,91687,2,4,-1,2,1
202300023205,30,6,2023,18:20,1,1,6,91,91687,2,4,1,1,1
202300023206,13,10,2023,20:00,5,6,1,93,93078,2,3,2,1,1
202300023206,13,10,2023,20:00,5,6,1,93,93078,2,3,2,1,1
202300023207,13,10,2023,06:45,5,1,2,93,93066,2,3,2,1,1
202300023207,13,10,2023,06:45,5,1,2,93,93066,2,3,2,1,1
202300023208,1,7,2023,18:45,1,1,5,83,83061,1,3,2,2,1
202300023209,13,10,2023,13:30,1,1,3,93,93051,2,4,2,1,1
202300023209,13,10,2023,13:30,1,1,3,93,93051,2,4,2,1,1
202300023210,13,10,2023,09:10,1,1,1,93,93051,2,4,1,1,1
202300023211,30,6,2023,23:30,3,1,3,71,71306,2,4,2,2,1
202300023211,30,6,2023,23:30,3,1,3,71,71306,2,4,2,1,1
202300023212,13,10,2023,12:30,1,1,3,93,93048,2,4,1,2,1
202300023213,1,7,2023,14:55,1,1,3,69,69290,2,4,2,1,1
202300023213,1,7,2023,14:55,1,1,3,69,69290,2,4,2,1,1
202300023214,13,10,2023,17:19,1,1,6,93,93079,2,3,2,1,1
202300023215,2,7,2023,00:22,5,2,7,64,64102,2,4,2,1,2
202300023216,1,7,2023,13:55,1,2,3,64,64024,2,4,2,1,2
202300023217,13,10,2023,15:35,1,8,4,93,93047,2,4,2,1,1
202300023218,1,7,2023,18:20,1,1,1,63,63113,2,4,-1,1,1
202300023218,1,7,2023,18:20,1,1,1,63,63113,2,4,-1,1,1
202300023219,13,10,2023,16:55,1,1,6,93,93010,2,4,1,1,1
202300023220,27,6,2023,08:00,1,1,3,59,59368,2,7,2,1,1
202300023220,27,6,2023,08:00,1,1,3,59,59368,2,7,-1,1,1
202300023221,13,10,2023,06:20,5,1,1,93,93008,2,4,2,1,1
202300023222,1,7,2023,09:30,1,2,6,54,54525,1,3,2,1,2
202300023223,1,7,2023,19:30,1,1,7,51,51454,2,4,3,1,1
202300023224,13,10,2023,07:40,3,1,3,93,93005,2,4,1,1,1
202300023224,13,10,2023,07:40,3,1,3,93,93005,2,4,1,1,1
202300023225,1,7,2023,18:00,1,1,3,50,50066,2,3,2,1,1
202300023226,1,7,2023,11:00,1,1,6,49,49007,2,4,3,1,1
202300023227,12,10,2023,22:48,5,1,2,92,92075,2,3,2,1,1
202300023228,1,7,2023,18:55,1,1,3,45,45302,2,6,-1,1,1
202300023229,12,10,2023,18:25,1,1,6,92,92064,2,4,2,1,1
202300023230,1,7,2023,14:55,1,1,3,37,37261,2,4,2,1,1
202300023230,1,7,2023,14:55,1,1,3,37,37261,2,4,1,1,1
202300023231,13,10,2023,11:25,1,1,6,92,92062,2,4,2,1,1
202300023232,1,7,2023,05:50,1,2,7,37,37261,2,4,2,1,2
202300023233,1,7,2023,14:05,1,8,2,35,35238,2,4,2,1,1
202300023234,13,10,2023,12:00,1,1,3,92,92020,2,4,2,1,1
202300023234,13,10,2023,12:00,1,1,3,92,92020,2,4,-1,1,1
202300023235,30,6,2023,23:55,3,2,2,29,29247,1,2,3,1,2
202300023236,13,10,2023,11:20,1,1,3,92,92040,2,3,2,1,1
202300023237,12,10,2023,09:15,1,2,3,92,92012,2,4,3,1,2
202300023238,1,7,2023,19:35,1,1,3,29,29019,2,4,-1,1,1
202300023239,12,10,2023,17:19,1,1,7,92,92007,2,3,2,1,1
202300023240,1,7,2023,19:40,1,1,1,26,26362,2,4,2,1,1
202300023241,13,10,2023,15:45,1,1,3,92,92004,2,4,1,1,1
202300023242,1,7,2023,13:10,1,1,3,22,22360,2,3,3,1,1
202300023242,1,7,2023,13:10,1,1,3,22,22360,2,3,4,1,1
202300023243,1,7,2023,05:10,3,2,7,17,17380,1,3,3,2,2
202300023244,14,10,2023,18:10,1,7,1,49,49063,2,3,2,1,1
202300023244,14,10,2023,18:10,1,7,1,49,49063,2,3,2,1,1
202300023245,1,7,2023,01:30,5,2,6,14,14437,2,3,2,1,2
202300023246,1,7,2023,14:00,1,1,6,13,13117,2,4,2,2,1
202300023247,13,10,2023,15:25,1,1,6,33,33205,1,3,2,1,1
202300023248,27,6,2023,16:45,1,1,3,13,13208,2,4,2,1,1
202300023249,30,6,2023,17:00,1,1,3,13,13201,2,4,1,1,1
202300023249,30,6,2023,17:00,1,1,3,13,13201,2,4,2,1,1
202300023250,13,10,2023,18:00,1,1,6,28,28139,1,1,3,1,1
202300023251,1,7,2023,14:37,1,2,1,10,10387,2,4,-1,1,2
202300023252,14,10,2023,15:05,1,8,7,51,51592,2,4,-1,4,2
202300023253,1,7,2023,19:00,1,1,2,07,07281,1,4,2,1,1
202300023254,1,7,2023,19:45,1,1,3,07,07316,1,3,2,1,1
202300023255,14,10,2023,05:45,2,1,2,974,97412,2,4,2,1,1
202300023256,14,10,2023,13:05,1,1,1,972,97216,1,2,2,2,1
202300023257,30,6,2023,16:30,1,1,4,75,75120,2,4,1,1,1
202300023258,30,6,2023,12:10,1,1,2,75,75117,2,4,1,1,1
202300023259,29,6,2023,10:10,1,1,3,75,75116,2,4,1,2,1
202300023259,29,6,2023,10:10,1,1,3,75,75116,2,4,1,1,1
202300023260,14,10,2023,14:01,1,1,3,68,68300,1,3,1,1,1
202300023260,14,10,2023,14:01,1,1,3,68,68300,1,3,1,1,1
202300023261,1,7,2023,20:00,1,1,6,75,75105,2,4,1,1,1
202300023261,1,7,2023,20:00,1,1,6,75,75105,2,4,2,1,1
202300023262,1,7,2023,18:15,1,1,2,75,75114,2,4,2,1,1
202300023263,13,10,2023,20:10,5,1,1,86,86165,2,3,2,1,1
202300023263,13,10,2023,20:10,5,1,1,86,86165,2,3,1,2,1
202300023264,1,7,2023,14:20,1,1,3,75,75114,2,4,2,1,1
202300023264,1,7,2023,14:20,1,1,3,75,75114,2,4,2,1,1
202300023265,1,7,2023,17:00,1,1,3,75,75113,2,4,2,2,1
202300023265,1,7,2023,17:00,1,1,3,75,75113,2,4,1,1,1
202300023266,13,10,2023,17:30,1,1,3,974,97414,1,3,2,2,1
202300023266,13,10,2023,17:30,1,1,3,974,97414,1,3,2,3,1
202300023267,1,7,2023,12:10,1,1,3,75,75120,2,4,2,1,1
202300023267,1,7,2023,12:10,1,1,3,75,75120,2,4,-1,2,1
202300023268,14,10,2023,00:30,5,1,7,38,38239,2,3,2,1,1
202300023269,30,6,2023,18:30,1,1,6,75,75112,2,4,3,1,1
202300023270,13,10,2023,17:25,1,1,3,38,38239,2,3,2,1,1
202300023271,30,6,2023,17:32,1,7,7,75,75109,2,4,1,2,1
202300023272,1,7,2023,20:15,1,1,3,75,75103,2,4,1,1,1
202300023272,1,7,2023,20:15,1,1,3,75,75103,2,4,2,1,1
202300023273,1,7,2023,15:00,1,1,3,75,75103,2,4,1,1,1
202300023273,1,7,2023,15:00,1,1,3,75,75103,2,4,1,1,1
202300023274,13,10,2023,14:00,1,1,4,38,38239,2,3,2,1,1
202300023275,30,6,2023,18:35,1,1,2,75,75104,2,4,2,1,1
202300023275,30,6,2023,18:35,1,1,2,75,75104,2,4,2,1,1
202300023276,1,7,2023,23:00,2,1,6,94,94068,2,4,1,1,1
202300023277,14,10,2023,11:25,1,1,7,67,67278,1,3,2,2,1
202300023278,1,7,2023,18:15,1,1,3,94,94076,2,3,2,1,1
202300023279,14,10,2023,15:00,1,1,3,2A,2A085,1,2,2,2,1
202300023280,1,7,2023,09:50,1,2,3,94,94028,2,3,2,1,2
202300023280,1,7,2023,09:50,1,2,3,94,94028,2,3,2,1,2
202300023281,14,10,2023,17:40,1,1,6,80,80599,1,3,2,2,1
202300023282,1,7,2023,08:35,2,2,6,94,94071,2,3,3,1,2
202300023283,1,7,2023,19:38,1,1,6,93,93073,2,4,1,1,1
202300023283,1,7,2023,19:38,1,1,6,93,93073,2,4,1,1,1
202300023284,1,7,2023,11:50,1,1,2,93,93050,2,3,2,1,1
202300023285,14,10,2023,17:30,1,1,6,81,81069,1,3,2,1,1
202300023286,1,7,2023,20:45,1,1,6,93,93031,2,4,1,1,1
202300023287,1,7,2023,20:10,2,1,2,93,93001,2,4,2,1,1
202300023288,14,10,2023,19:00,3,1,6,71,71289,1,3,2,1,1
202300023289,1,7,2023,11:00,1,2,2,92,92078,2,3,1,1,2
202300023290,10,10,2023,11:45,1,1,7,55,55551,2,3,2,1,1
202300023291,1,7,2023,13:00,1,1,3,92,92026,2,3,2,1,1
202300023291,1,7,2023,13:00,1,1,3,92,92026,2,3,3,1,1
202300023292,14,10,2023,13:05,1,8,6,12,12090,1,3,2,2,1
202300023293,2,7,2023,02:00,3,1,1,44,44110,1,3,2,1,1
202300023294,2,7,2023,17:35,1,7,3,08,08430,1,3,2,2,1
202300023295,13,10,2023,11:10,1,1,6,42,42149,2,4,2,1,1
202300023295,13,10,2023,11:10,1,1,6,42,42149,2,4,2,1,1
202300023296,2,7,2023,12:04,1,1,3,45,45288,1,3,2,2,1
202300023296,2,7,2023,12:04,1,1,3,45,45288,1,3,2,1,1
202300023297,14,10,2023,10:25,1,1,6,22,22171,1,3,2,2,1
202300023298,2,7,2023,16:12,1,1,3,76,76238,1,3,2,1,1
202300023299,2,7,2023,08:30,1,1,6,68,68238,2,4,2,1,1
202300023300,13,10,2023,19:30,2,1,6,39,39333,2,4,1,1,1
202300023300,13,10,2023,19:30,2,1,6,39,39333,2,4,1,1,1
202300023301,2,7,2023,00:06,3,1,4,22,22327,1,2,3,2,1
202300023302,14,10,2023,16:37,1,1,3,39,39038,1,4,2,1,1
202300023303,14,10,2023,00:30,3,2,7,25,25634,1,2,2,2,2
202300023304,2,7,2023,16:35,1,1,3,85,85064,1,3,2,1,1
202300023304,2,7,2023,16:35,1,1,3,85,85064,1,3,2,1,1
202300023305,2,7,2023,17:00,1,1,6,24,24543,1,1,3,2,1
202300023306,2,7,2023,12:20,1,1,3,56,56189,1,3,2,1,1
202300023307,13,10,2023,20:30,4,3,3,35,35179,2,3,2,1,2
202300023307,13,10,2023,20:30,4,3,3,35,35179,2,3,2,2,2
202300023308,2,7,2023,04:45,3,1,6,56,56063,1,2,3,1,1
202300023309,1,7,2023,22:20,3,1,7,56,56002,1,3,2,1,1
202300023310,13,10,2023,13:04,1,1,3,02,02820,1,3,3,1,1
202300023311,1,7,2023,17:45,1,8,7,67,67463,1,3,2,1,1
202300023312,30,6,2023,12:05,1,1,7,76,76067,1,2,2,1,1
202300023313,14,10,2023,13:45,1,2,6,03,03108,1,3,2,2,2
202300023314,1,7,2023,19:25,1,1,6,80,80008,2,4,2,1,1
202300023315,13,10,2023,18:35,1,1,6,06,06138,2,3,2,1,1
202300023316,2,7,2023,07:40,1,2,3,71,71484,1,3,2,1,2
202300023316,2,7,2023,07:40,1,2,3,71,71484,1,3,2,1,2
202300023317,2,7,2023,06:00,2,2,6,42,42318,1,3,2,3,2
202300023318,13,10,2023,20:00,4,2,1,50,50568,1,3,2,2,2
202300023319,2,7,2023,17:50,1,1,7,47,47220,1,3,2,1,1
202300023320,1,7,2023,18:00,1,1,7,34,34149,1,3,2,1,1
202300023321,13,10,2023,23:35,3,1,6,50,50111,1,3,2,1,2
202300023322,2,7,2023,06:37,2,1,6,44,44102,1,3,2,1,1
202300023323,2,7,2023,06:30,2,1,7,29,29165,1,3,2,1,1
202300023324,13,10,2023,17:40,1,1,3,50,50484,2,3,2,2,1
202300023325,1,7,2023,11:00,1,1,2,31,31490,1,7,2,1,1
202300023326,2,7,2023,07:15,1,1,1,38,38347,1,3,2,1,1
202300023327,30,6,2023,04:40,3,2,6,70,70312,1,3,2,1,2
202300023328,1,7,2023,20:20,1,1,2,14,14174,1,3,2,1,1
202300023328,1,7,2023,20:20,1,1,2,14,14174,1,3,2,1,1
202300023329,14,10,2023,02:27,3,1,4,45,45286,1,3,2,1,1
202300023330,2,7,2023,00:54,3,1,6,18,18143,1,4,2,1,1
202300023331,1,7,2023,18:47,1,8,6,21,21416,1,3,2,2,2
202300023332,13,10,2023,16:30,1,1,7,64,64327,1,3,2,2,1
202300023333,1,7,2023,22:30,2,1,6,85,85288,1,3,2,1,1
202300023334,29,6,2023,13:45,1,1,4,27,27050,1,3,2,1,1
202300023335,29,9,2023,20:00,3,1,6,73,73110,1,3,2,3,1
202300023336,1,7,2023,21:00,2,1,6,27,27502,2,3,2,1,1
202300023337,2,7,2023,06:00,2,1,3,987,98734,2,2,2,1,1
202300023338,2,7,2023,06:00,2,1,6,24,24373,1,3,2,2,2
202300023339,2,7,2023,05:40,2,1,1,37,37096,1,3,2,1,1
202300023340,13,10,2023,04:30,3,1,6,21,21500,1,3,2,1,1
202300023341,1,7,2023,23:15,3,2,4,68,68278,1,1,3,1,2
202300023342,14,10,2023,09:30,1,1,2,85,85135,2,4,2,1,1
202300023343,1,7,2023,12:00,1,1,3,987,98738,1,2,1,1,1
202300023344,2,7,2023,07:00,1,1,7,988,98831,1,2,2,1,1
202300023345,14,10,2023,13:00,1,1,6,37,37206,1,3,2,1,1
202300023346,1,7,2023,22:05,5,2,6,971,97108,1,3,2,1,2
202300023347,14,10,2023,14:05,1,1,6,48,48045,1,2,2,1,1
202300023348,1,7,2023,18:50,5,1,6,971,97131,2,4,2,1,1
202300023349,2,7,2023,08:30,1,1,6,66,66108,1,3,2,2,1
202300023350,13,10,2023,13:20,1,1,2,68,68118,1,1,3,1,1
202300023351,2,7,2023,03:45,3,1,4,34,34154,1,3,1,1,1
202300023351,2,7,2023,03:45,3,1,4,34,34154,1,3,1,1,1
202300023352,1,7,2023,17:50,1,1,1,06,06019,1,3,2,1,1
202300023353,13,10,2023,16:20,1,1,1,68,68278,2,4,2,1,1
202300023354,2,7,2023,17:45,1,1,7,04,04096,1,4,2,2,1
202300023355,2,7,2023,16:15,1,1,3,04,04120,1,3,2,2,1
202300023356,2,7,2023,18:30,1,1,1,25,25465,1,3,2,2,1
202300023357,1,7,2023,21:04,1,1,1,68,68230,1,3,2,1,1
202300023358,1,7,2023,08:25,1,2,6,03,03143,1,3,2,2,2
202300023359,13,10,2023,22:40,3,1,6,77,77407,1,1,3,1,1
202300023360,2,7,2023,01:20,5,2,6,38,38316,2,4,2,1,2
202300023361,14,10,2023,17:15,1,2,7,988,98817,2,3,2,1,2
202300023362,1,7,2023,22:25,3,1,1,38,38279,1,2,2,2,1
202300023363,13,10,2023,17:30,1,1,1,13,13040,1,3,3,1,1
202300023364,1,7,2023,01:30,3,1,3,26,26005,1,3,2,1,1
202300023365,14,10,2023,09:55,1,8,6,28,28007,2,4,1,1,1
202300023366,1,7,2023,09:18,1,1,3,14,14530,1,3,1,4,1
202300023366,1,7,2023,09:18,1,1,3,14,14530,1,3,2,1,1
202300023367,2,7,2023,18:15,1,1,2,27,27602,2,4,2,1,1
202300023367,2,7,2023,18:15,1,1,2,27,27602,2,4,2,1,1
202300023368,13,10,2023,17:17,1,7,1,2B,2B265,1,3,2,2,1
202300023369,1,7,2023,20:10,1,1,3,60,60451,2,4,2,1,1
202300023369,1,7,2023,20:10,1,1,3,60,60451,2,4,2,1,1
202300023370,1,7,2023,06:30,2,1,1,13,13001,1,1,1,1,1
202300023371,12,10,2023,17:10,1,1,1,2B,2B029,1,3,2,1,1
202300023372,30,6,2023,09:00,1,1,7,13,13212,1,1,1,1,1
202300023373,13,10,2023,23:30,5,1,6,2A,2A114,2,3,2,1,1
202300023374,18,6,2023,05:00,3,1,6,13,13005,1,1,3,1,1
202300023375,1,7,2023,10:30,1,1,6,91,91136,1,1,1,2,2
202300023376,1,7,2023,09:33,1,1,4,91,91161,1,1,1,1,2
202300023377,14,10,2023,06:30,3,5,1,34,34145,1,3,2,1,1
202300023377,14,10,2023,06:30,3,5,1,34,34145,1,3,2,1,1
202300023378,1,7,2023,05:06,3,1,6,91,91434,1,1,1,1,2
202300023379,14,10,2023,04:45,3,1,1,84,84132,1,3,2,1,1
202300023380,1,7,2023,16:20,1,1,4,91,91136,1,1,3,1,1
202300023381,1,7,2023,19:20,1,1,6,78,78043,1,1,1,1,1
202300023382,13,10,2023,20:55,5,1,1,70,70310,2,3,2,1,1
202300023382,13,10,2023,20:55,5,1,1,70,70310,2,3,-1,1,1
202300023383,1,7,2023,08:30,1,2,6,95,95277,1,1,3,1,2
202300023384,13,10,2023,18:40,2,1,6,71,71350,1,4,2,2,1
202300023385,30,6,2023,09:00,1,1,4,95,95018,1,1,3,1,1
202300023386,13,10,2023,16:20,1,1,3,67,67237,2,3,2,1,1
202300023386,13,10,2023,16:20,1,1,3,67,67237,2,3,2,1,1
202300023387,30,6,2023,17:40,1,1,2,77,77053,1,2,1,1,1
202300023388,14,10,2023,15:00,1,1,3,38,38064,1,3,2,1,1
202300023389,30,6,2023,09:55,1,1,5,94,94079,1,1,3,1,1
202300023390,29,6,2023,17:10,1,1,6,976,97611,2,4,2,1,1
202300023391,30,6,2023,17:09,1,1,1,95,95018,2,4,2,1,1
202300023392,14,10,2023,06:55,2,1,3,69,69009,2,3,2,1,1
202300023393,29,6,2023,18:30,1,1,6,58,58194,2,4,2,1,1
202300023394,14,10,2023,01:30,3,1,6,81,81112,1,3,2,2,1
202300023395,17,6,2023,22:10,4,1,6,71,71076,2,4,-1,1,1
202300023396,30,6,2023,19:10,3,1,6,974,97411,2,4,2,2,1
202300023397,13,10,2023,19:10,2,1,3,17,17164,1,3,2,1,1
202300023397,13,10,2023,19:10,2,1,3,17,17164,1,3,2,1,1
202300023398,30,6,2023,20:50,3,1,6,974,97407,2,4,2,1,1
202300023399,13,10,2023,18:15,2,1,7,16,16061,1,4,2,1,1
202300023400,1,7,2023,06:40,4,2,7,973,97309,2,4,2,2,2
202300023401,29,5,2023,11:51,1,1,3,973,97302,2,4,1,1,1
202300023401,29,5,2023,11:51,1,1,3,973,97302,2,4,1,1,1
202300023402,12,10,2023,14:30,1,7,1,33,33023,1,3,2,1,1
202300023403,30,6,2023,18:05,1,1,6,69,69383,2,4,1,1,1
202300023404,13,10,2023,19:55,5,1,3,33,33312,2,4,2,1,1
202300023405,7,6,2023,13:54,1,1,6,972,97213,1,4,-1,2,1
202300023406,13,10,2023,22:05,5,1,6,60,60141,2,3,2,1,1
202300023407,29,6,2023,07:50,1,8,1,91,91114,2,4,2,2,1
202300023408,13,10,2023,20:10,3,1,4,69,69297,1,1,3,1,1
202300023409,30,6,2023,07:45,1,1,3,86,86066,1,3,2,1,1
202300023409,30,6,2023,07:45,1,1,3,86,86066,1,3,2,1,1
202300023410,30,6,2023,04:00,5,2,6,83,83137,2,3,2,1,2
202300023411,12,10,2023,20:40,5,1,2,38,38544,2,2,3,1,1
202300023412,29,6,2023,22:45,5,1,1,83,83137,2,4,2,1,1
202300023412,29,6,2023,22:45,5,1,1,83,83137,2,4,2,2,1
202300023413,21,6,2023,13:15,1,1,6,83,83123,2,6,-1,1,1
202300023414,13,10,2023,21:29,3,1,4,33,33013,1,2,3,1,1
202300023415,24,6,2023,17:55,1,1,6,83,83009,2,4,2,1,1
202300023416,13,10,2023,13:45,1,1,2,91,91689,1,1,-1,1,1
202300023417,13,10,2023,02:47,5,1,7,94,94043,1,1,-1,2,1
202300023418,30,6,2023,18:00,1,1,4,69,69282,2,4,2,1,1
202300023419,13,10,2023,16:45,1,1,2,78,78043,1,1,1,2,1
202300023420,30,6,2023,18:30,1,1,3,69,69256,2,4,2,1,1
202300023420,30,6,2023,18:30,1,1,3,69,69256,2,4,2,1,1
202300023421,30,6,2023,06:45,1,3,2,69,69256,2,4,2,1,2
202300023422,13,10,2023,12:15,1,1,2,78,78133,1,1,-1,1,1
202300023423,30,6,2023,15:50,1,2,6,67,67482,2,4,3,1,2
202300023424,12,10,2023,20:10,3,1,2,78,78043,1,1,-1,1,1
202300023425,29,6,2023,16:10,1,1,3,67,67482,2,4,1,1,1
202300023425,29,6,2023,16:10,1,1,3,67,67482,2,4,2,1,1
202300023426,30,6,2023,20:45,2,1,3,64,64102,2,4,3,1,1
202300023426,30,6,2023,20:45,2,1,3,64,64102,2,4,1,1,1
202300023427,13,10,2023,18:30,5,1,5,93,93008,1,1,3,1,1
202300023428,30,5,2023,14:50,1,1,3,62,62523,2,3,2,1,1
202300023428,30,5,2023,14:50,1,1,3,62,62523,2,3,1,1,1
202300023429,29,6,2023,21:20,2,1,1,62,62563,2,4,2,1,1
202300023430,13,10,2023,14:10,1,1,2,93,93027,1,1,3,1,1
202300023431,29,6,2023,11:00,1,1,6,62,62427,2,4,1,1,1
202300023432,13,10,2023,16:37,1,1,2,92,92036,1,2,1,1,1
202300023433,30,6,2023,14:50,1,1,3,59,59279,2,7,2,1,1
202300023434,29,6,2023,15:35,1,1,1,59,59350,2,7,2,1,1
202300023435,12,10,2023,15:10,1,1,5,94,94028,1,1,1,1,1
202300023436,30,6,2023,13:20,1,1,2,56,56121,2,4,1,2,1
202300023437,29,6,2023,21:39,1,1,7,56,56121,2,4,2,1,1
202300023437,29,6,2023,21:39,1,1,7,56,56121,2,4,2,1,1
202300023438,30,6,2023,17:20,1,1,3,54,54274,2,4,-1,1,1
202300023438,30,6,2023,17:20,1,1,3,54,54274,2,4,-1,1,1
202300023439,1,7,2023,15:30,1,1,1,13,13056,2,7,2,1,1
202300023439,1,7,2023,15:30,1,1,1,13,13056,2,7,2,1,1
202300023439,1,7,2023,15:30,1,1,1,13,13056,2,7,2,1,1
202300023440,29,6,2023,17:10,1,1,3,50,50129,2,4,2,1,1
202300023440,29,6,2023,17:10,1,1,3,50,50129,2,4,1,1,1
202300023441,30,6,2023,13:50,1,8,3,49,49007,2,4,3,1,1
202300023441,30,6,2023,13:50,1,8,3,49,49007,2,4,1,1,1
202300023442,26,7,2023,10:58,1,1,6,74,74155,1,3,2,2,1
202300023443,12,10,2023,08:15,1,1,6,976,97611,2,3,2,1,1
202300023444,30,6,2023,01:30,4,1,3,49,49007,2,4,1,1,1
202300023444,30,6,2023,01:30,4,1,3,49,49007,2,4,2,1,1
202300023445,29,6,2023,19:21,1,1,7,49,49007,2,4,2,1,1
202300023446,9,10,2023,12:45,1,1,1,974,97411,2,4,1,2,1
202300023446,9,10,2023,12:45,1,1,1,974,97411,2,4,1,1,1
202300023447,30,6,2023,17:55,1,1,6,45,45285,2,4,1,1,1
202300023448,12,10,2023,15:55,1,1,3,973,97302,2,3,2,1,1
202300023448,12,10,2023,15:55,1,1,3,973,97302,2,3,2,1,1
202300023449,30,6,2023,08:55,1,1,3,45,45234,2,4,2,1,1
202300023450,11,10,2023,23:10,3,1,2,973,97302,2,3,2,1,1
202300023451,11,10,2023,13:40,1,1,6,972,97209,2,4,2,1,1
202300023452,12,10,2023,08:45,1,1,2,69,69382,2,4,2,1,1
202300023453,11,10,2023,17:30,1,1,3,69,69152,2,7,1,1,1
202300023454,10,10,2023,17:34,1,1,3,69,69382,2,4,1,1,1
202300023454,10,10,2023,17:34,1,1,3,69,69382,2,4,2,1,1
202300023455,12,10,2023,18:25,1,1,1,2B,2B037,2,3,2,4,1
202300023456,12,10,2023,14:10,1,1,3,2B,2B033,2,4,2,1,1
202300023456,12,10,2023,14:10,1,1,3,2B,2B033,2,4,2,2,1
202300023457,12,10,2023,08:55,1,1,3,2B,2B037,1,3,2,1,1
202300023457,12,10,2023,08:55,1,1,3,2B,2B037,1,3,2,1,1
202300023458,12,10,2023,07:45,1,1,6,971,97101,2,3,-1,1,1
202300023459,12,10,2023,11:48,1,1,2,2A,2A004,2,4,1,1,1
202300023459,12,10,2023,11:48,1,1,2,2A,2A004,2,4,3,1,1
202300023460,11,10,2023,17:15,1,1,3,95,95218,2,4,2,1,1
202300023461,12,10,2023,15:05,1,1,6,91,91549,2,4,2,1,1
202300023462,12,10,2023,21:20,5,1,6,91,91161,2,3,3,1,1
202300023463,12,10,2023,16:15,1,1,3,91,91691,2,3,2,2,1
202300023464,11,10,2023,17:00,1,1,7,30,30351,2,3,2,1,1
202300023465,11,10,2023,10:45,1,1,3,84,84007,2,4,2,1,1