id_accident,jour,mois,annee,heure_minute,luminosite,meteo,type_collision,departement,commune,agglomeration,categorie_route,regime_circulation,profil_route,etat_surface
202300023465,11,10,2023,10:45,1,1,3,84,84007,2,4,3,1,1
202300023466,12,10,2023,17:00,1,1,6,83,83137,2,4,2,1,1
202300023467,11,10,2023,17:10,1,7,3,83,83144,2,4,-1,1,1
202300023468,11,10,2023,07:55,2,5,3,79,79191,2,4,2,3,1
202300023468,11,10,2023,07:55,2,5,3,79,79191,2,4,2,1,1
202300023469,12,10,2023,07:40,2,1,2,77,77373,1,2,1,1,1
202300023470,11,10,2023,18:00,1,1,3,77,77114,2,3,-1,1,1
202300023471,11,10,2023,11:38,1,1,6,77,77288,2,4,2,1,1
202300023471,11,10,2023,11:38,1,1,6,77,77288,2,4,1,1,1
202300023472,12,10,2023,13:06,1,1,3,77,77058,2,4,-1,1,1
202300023472,12,10,2023,13:06,1,1,3,77,77058,2,4,-1,1,1
202300023473,12,10,2023,07:20,5,1,3,77,77058,2,3,1,1,1
202300023473,12,10,2023,07:20,5,1,3,77,77058,2,3,1,1,1
202300023474,12,10,2023,07:50,1,1,3,72,72181,2,4,2,1,1
202300023475,11,10,2023,13:40,1,1,6,72,72181,2,4,1,1,1
202300023476,12,10,2023,14:45,1,1,5,69,69266,2,4,2,1,1
202300023476,12,10,2023,14:45,1,1,5,69,69266,2,4,1,1,1
202300023476,12,10,2023,14:45,1,1,5,69,69266,2,4,2,1,1
202300023477,10,10,2023,08:00,1,1,3,67,67180,2,4,2,1,1
202300023477,10,10,2023,08:00,1,1,3,67,67180,2,4,2,1,1
202300023478,12,10,2023,09:00,1,1,3,64,64260,2,4,1,1,1
202300023479,12,10,2023,17:25,1,1,3,64,64348,2,4,2,1,1
202300023479,12,10,2023,17:25,1,1,3,64,64348,2,4,2,1,1
202300023480,11,10,2023,09:30,1,7,2,64,64348,2,3,2,2,1
202300023481,12,10,2023,16:45,1,1,7,64,64102,2,4,2,2,1
202300023482,19,4,2023,16:25,1,1,3,94,94041,2,6,-1,1,1
202300023483,11,10,2023,15:45,1,1,3,64,64024,2,4,2,1,1
202300023483,11,10,2023,15:45,1,1,3,64,64024,2,4,1,1,1
202300023484,20,4,2023,14:10,1,1,3,94,94043,2,3,2,1,1
202300023485,11,10,2023,17:00,1,1,3,64,64102,2,3,2,1,1
202300023486,20,4,2023,09:40,1,1,3,94,94033,2,3,2,3,1
202300023487,11,10,2023,15:36,1,1,6,64,64024,2,4,2,2,1
202300023488,24,4,2023,17:40,1,1,6,94,94018,2,3,2,2,1
202300023488,24,4,2023,17:40,1,1,6,94,94018,2,3,2,1,1
202300023489,12,10,2023,14:40,1,2,6,62,62040,2,4,-1,1,2
202300023490,20,4,2023,18:00,1,1,3,94,94041,2,4,2,1,1
202300023491,11,10,2023,16:45,1,1,5,62,62040,2,4,2,1,1
202300023492,20,4,2023,09:30,1,1,3,93,93063,2,4,2,1,1
202300023492,20,4,2023,09:30,1,1,3,93,93063,2,4,2,1,1
202300023493,6,10,2023,18:50,1,1,2,62,62757,1,3,-1,1,1
202300023494,19,4,2023,15:30,1,1,2,93,93001,2,3,2,1,1
202300023495,20,4,2023,18:50,1,1,6,92,92048,2,4,1,2,1
202300023496,12,10,2023,11:15,1,3,6,62,62193,2,4,2,1,2
202300023497,20,4,2023,10:05,1,1,6,92,92025,2,3,2,1,1
202300023498,19,4,2023,19:20,1,1,6,92,92024,2,3,2,1,1
202300023499,12,10,2023,09:30,2,2,3,62,62193,2,4,2,1,2
202300023500,21,4,2023,14:00,1,1,7,50,50541,1,3,-1,2,1
202300023501,12,10,2023,07:00,4,2,3,62,62193,2,4,2,1,2
202300023502,20,4,2023,07:00,2,1,3,71,71242,1,3,2,1,1
202300023502,20,4,2023,07:00,2,1,3,71,71242,1,3,2,1,1
202300023503,9,10,2023,17:20,1,1,3,60,60665,2,4,2,1,1
202300023503,9,10,2023,17:20,1,1,3,60,60665,2,4,2,1,1
202300023504,20,4,2023,16:00,1,1,1,84,84088,2,3,2,1,1
202300023505,11,10,2023,08:30,2,1,3,59,59291,2,4,3,2,1
202300023506,20,4,2023,08:15,1,1,6,22,22105,2,4,-1,1,1
202300023507,12,10,2023,07:55,1,1,3,59,59368,2,4,1,1,1
202300023507,12,10,2023,07:55,1,1,3,59,59368,2,4,1,1,1
202300023508,16,4,2023,21:30,5,1,3,972,97223,2,3,2,2,1
202300023508,16,4,2023,21:30,5,1,3,972,97223,2,3,2,-1,-1
202300023509,12,10,2023,09:00,1,1,3,59,59350,2,4,2,1,2
202300023510,20,4,2023,18:45,2,1,3,52,52307,1,1,3,2,1
202300023511,10,10,2023,12:40,1,1,3,57,57672,2,3,3,1,1
202300023512,10,10,2023,10:30,1,1,6,57,57227,2,4,1,3,1
202300023513,20,4,2023,08:30,1,1,5,38,38239,1,3,1,2,1
202300023514,1,4,2023,15:30,1,1,6,72,72287,2,6,-1,1,1
202300023515,12,10,2023,09:10,1,2,6,56,56121,2,4,2,1,2
202300023516,20,4,2023,17:30,1,2,3,51,51507,2,4,2,1,2
202300023516,20,4,2023,17:30,1,2,3,51,51507,2,4,2,1,2
202300023517,11,10,2023,10:05,1,1,3,56,56098,2,4,2,1,1
202300023518,19,4,2023,19:00,1,1,7,59,59135,1,4,2,2,1
202300023519,11,10,2023,14:30,1,1,6,54,54395,2,4,1,1,1
202300023520,21,4,2023,09:40,1,1,1,76,76271,1,3,2,1,1
202300023521,11,10,2023,12:20,1,1,6,54,54547,2,4,2,1,1
202300023522,11,10,2023,12:37,1,1,3,54,54395,2,4,-1,1,1
202300023523,5,4,2023,12:30,1,1,1,2B,2B049,1,3,2,1,1
202300023524,11,10,2023,09:15,1,1,2,54,54304,2,4,2,1,1
202300023525,18,4,2023,07:30,1,1,3,71,71396,1,3,2,1,1
202300023525,18,4,2023,07:30,1,1,3,71,71396,1,3,2,1,1
202300023526,19,4,2023,18:05,1,1,6,63,63172,1,3,2,2,1
202300023527,11,10,2023,08:15,2,9,2,54,54578,2,4,2,2,1
202300023527,11,10,2023,08:15,2,9,2,54,54578,2,4,2,3,1
202300023528,21,4,2023,06:40,2,1,6,63,63214,2,3,2,2,1
202300023529,20,4,2023,16:00,1,1,6,42,42334,2,4,2,2,1
202300023530,10,10,2023,21:16,5,1,3,54,54395,2,4,2,1,1
202300023530,10,10,2023,21:16,5,1,3,54,54395,2,4,2,2,1
202300023531,21,4,2023,10:35,1,1,6,41,41232,2,3,2,1,1
202300023532,12,10,2023,05:45,5,1,2,54,54575,1,3,2,1,1
202300023532,12,10,2023,05:45,5,1,2,54,54575,1,3,2,1,1
202300023533,20,4,2023,17:42,1,1,5,25,25318,1,2,2,2,1
202300023534,12,10,2023,19:32,3,2,7,54,54099,1,3,2,2,2
202300023535,21,4,2023,17:45,1,1,2,25,25219,2,3,2,1,1
202300023536,12,10,2023,08:50,1,1,6,51,51454,2,4,2,1,1
202300023537,20,4,2023,19:53,1,1,6,29,29089,1,4,2,1,1
202300023538,12,10,2023,08:55,1,1,2,51,51454,2,4,1,1,1
202300023539,21,4,2023,12:30,1,1,2,29,29165,1,3,2,1,1
202300023539,21,4,2023,12:30,1,1,2,29,29165,1,3,2,1,1
202300023540,20,4,2023,17:00,1,1,6,31,31431,1,3,2,4,1
202300023541,10,10,2023,21:45,5,1,3,51,51454,2,4,2,1,1
202300023541,10,10,2023,21:45,5,1,3,51,51454,2,4,2,1,1
202300023542,21,4,2023,17:10,1,1,7,31,31246,1,3,2,1,1
202300023543,13,4,2023,11:09,1,2,6,03,03142,2,3,2,1,2
202300023544,12,10,2023,10:10,1,2,3,50,50129,2,4,2,1,2
202300023544,12,10,2023,10:10,1,2,3,50,50129,2,4,2,1,2
202300023545,11,10,2023,18:47,1,1,2,49,49007,2,4,1,1,1
202300023546,19,4,2023,13:30,1,1,3,72,72289,1,3,1,1,1
202300023547,11,10,2023,06:45,5,1,6,44,44109,2,4,3,2,1
202300023548,20,4,2023,11:35,1,1,7,06,06151,1,7,2,1,1
202300023549,21,4,2023,08:00,1,1,2,60,60238,2,3,2,1,1
202300023549,21,4,2023,08:00,1,1,2,60,60238,2,3,2,1,1
202300023550,6,10,2023,19:30,2,1,3,42,42218,2,4,1,1,1
202300023550,6,10,2023,19:30,2,1,3,42,42218,2,4,1,1,1
202300023551,20,4,2023,13:15,1,1,6,24,24067,1,3,2,1,1
202300023552,20,4,2023,22:55,4,1,7,85,85288,2,4,2,1,1
202300023553,12,10,2023,22:50,5,1,3,38,38151,2,4,2,1,1
202300023554,21,4,2023,14:20,1,1,1,87,87047,1,3,2,2,1
202300023554,21,4,2023,14:20,1,1,1,87,87047,1,3,2,1,1
202300023555,12,10,2023,10:20,1,1,3,38,38185,2,4,4,1,1
202300023556,21,4,2023,06:10,3,9,1,30,30284,1,2,2,1,1
202300023557,20,4,2023,15:10,1,1,6,31,31094,1,1,3,1,1
202300023558,21,4,2023,07:04,2,3,6,73,73079,1,6,-1,1,2
202300023559,20,4,2023,19:30,5,3,2,973,97309,2,3,2,1,2
202300023559,20,4,2023,19:30,5,3,2,973,97309,2,3,1,1,2
202300023560,18,4,2023,16:55,1,1,2,06,06152,1,3,2,1,1
202300023560,18,4,2023,16:55,1,1,2,06,06152,1,3,1,1,1
202300023561,21,4,2023,16:05,1,1,6,42,42256,1,3,2,2,1
202300023561,21,4,2023,16:05,1,1,6,42,42256,1,3,2,4,1
202300023562,19,4,2023,13:50,1,1,2,13,13076,1,1,3,1,1
202300023563,16,4,2023,08:15,1,1,2,976,97608,2,2,2,1,1
202300023564,19,4,2023,21:00,5,1,3,978,97801,2,2,2,1,1
202300023565,21,4,2023,07:25,1,1,5,33,33165,2,3,2,1,1
202300023566,21,4,2023,14:30,1,1,1,78,78478,1,2,2,1,1
202300023567,21,4,2023,10:50,1,8,3,34,34199,2,3,1,2,1
202300023567,21,4,2023,10:50,1,8,3,34,34199,2,3,-1,1,1
202300023568,21,4,2023,15:40,1,1,6,83,83115,2,3,2,2,1
202300023569,20,4,2023,08:13,1,1,7,21,21585,1,3,2,1,1
202300023570,19,4,2023,16:30,1,1,3,68,68036,1,3,2,1,1
202300023571,20,4,2023,11:30,1,7,1,67,67080,1,3,2,1,1
202300023571,20,4,2023,11:30,1,7,1,67,67080,1,3,2,1,1
202300023572,27,3,2023,21:24,5,1,7,69,69287,2,3,2,1,1
202300023573,13,4,2023,07:42,1,1,2,60,60322,1,3,2,1,1
202300023573,13,4,2023,07:42,1,1,2,60,60322,1,3,2,1,1
202300023574,21,4,2023,03:45,5,1,6,62,62128,2,4,2,1,1
202300023575,20,4,2023,13:40,1,1,3,13,13215,1,1,-1,2,1
202300023576,20,4,2023,08:15,1,1,7,13,13005,1,1,1,1,1
202300023577,20,4,2023,19:23,1,1,4,83,83137,1,1,1,1,1
202300023578,19,4,2023,10:05,1,1,6,59,59350,1,1,-1,1,1
202300023579,20,4,2023,14:35,1,1,2,91,91161,1,1,1,1,1
202300023580,20,4,2023,09:45,1,1,1,91,91312,1,3,2,1,1
202300023581,20,4,2023,11:50,1,1,2,78,78545,1,1,-1,1,1
202300023582,20,4,2023,15:45,1,1,3,78,78029,1,1,3,1,1
202300023583,19,4,2023,20:25,1,1,7,92,92050,1,1,1,1,1
202300023584,19,4,2023,02:55,3,1,2,78,78455,1,1,1,1,1
202300023585,20,4,2023,09:30,1,1,3,95,95582,1,1,3,2,1
202300023586,20,4,2023,10:30,1,1,3,93,93027,1,1,3,1,1
202300023587,19,4,2023,17:15,1,1,3,93,93007,1,1,3,1,1
202300023588,19,4,2023,18:05,1,1,4,93,93027,1,1,3,1,1
202300023589,19,4,2023,12:30,1,7,7,93,93007,1,1,3,1,1
202300023590,19,4,2023,08:45,1,1,2,93,93027,1,1,3,1,1
202300023591,20,4,2023,16:20,1,1,3,94,94046,1,1,1,1,1
202300023592,20,4,2023,13:15,1,1,5,94,94028,1,1,1,1,1
202300023593,20,4,2023,08:45,1,1,2,77,77514,1,1,3,1,1
202300023594,19,4,2023,22:15,3,1,4,94,94069,1,1,1,1,1
202300023595,19,4,2023,21:55,3,1,2,77,77384,1,1,-1,1,1
202300023596,19,4,2023,16:40,1,1,4,93,93064,1,1,3,1,1
202300023597,19,4,2023,00:09,3,1,4,94,94073,1,1,-1,1,1
202300023598,19,4,2023,11:10,1,1,6,974,97416,1,2,2,1,1
202300023599,19,4,2023,16:40,1,1,3,974,97411,2,3,2,1,1
202300023600,20,4,2023,00:15,5,1,3,69,69386,2,4,1,1,1
202300023600,20,4,2023,00:15,5,1,3,69,69386,2,4,1,1,1
202300023601,19,4,2023,10:40,1,1,3,69,69387,2,4,2,1,1
202300023602,19,4,2023,14:27,1,1,2,972,97209,1,3,2,1,1
202300023603,19,4,2023,17:50,1,1,6,69,69081,2,4,1,2,1
202300023604,30,3,2023,19:15,1,1,3,69,69034,2,4,2,1,1
202300023605,19,4,2023,08:55,1,1,6,2B,2B033,2,4,2,2,1
202300023606,18,4,2023,21:00,3,1,4,971,97101,1,3,-1,2,1
202300023607,19,4,2023,14:10,1,1,6,2A,2A004,2,3,2,1,1
202300023608,19,4,2023,20:45,2,1,3,91,91657,2,3,2,2,1
202300023608,19,4,2023,20:45,2,1,3,91,91657,2,3,1,1,1
202300023609,13,4,2023,16:45,1,1,6,85,85194,2,4,3,1,1
202300023610,1,4,2023,21:37,5,1,1,84,84007,2,4,3,1,1
202300023611,19,4,2023,19:30,1,1,3,78,78418,2,3,2,1,1
202300023612,19,4,2023,19:25,1,1,6,77,77037,2,4,2,2,1
202300023613,19,4,2023,11:50,1,1,3,76,76231,2,7,1,1,1
202300023613,19,4,2023,11:50,1,1,3,76,76231,2,7,2,2,1
202300023614,19,4,2023,20:30,2,1,6,69,69256,2,6,-1,1,1
202300023615,19,4,2023,17:30,1,1,6,69,69275,2,7,2,1,1
202300023615,19,4,2023,17:30,1,1,6,69,69275,2,7,2,1,1
202300023616,19,4,2023,14:30,1,1,3,69,69259,2,4,2,1,1
202300023617,19,4,2023,11:20,1,1,3,69,69271,1,4,2,1,1
202300023617,19,4,2023,11:20,1,1,3,69,69271,1,4,2,1,1
202300023618,14,4,2023,04:46,3,1,1,67,67218,1,7,2,1,1
202300023619,19,4,2023,20:20,1,1,3,59,59279,2,7,2,1,1
202300023620,19,4,2023,05:27,3,1,3,59,59599,2,7,2,1,1
202300023620,19,4,2023,05:27,3,1,3,59,59599,2,7,2,1,1
202300023621,19,4,2023,08:50,1,1,2,59,59392,2,3,2,1,1
202300023622,14,4,2023,18:15,1,1,6,54,54329,2,3,2,1,1
202300023622,14,4,2023,18:15,1,1,6,54,54329,2,3,1,1,1
202300023623,31,3,2023,18:50,1,1,6,54,54116,1,3,2,1,1
202300023624,19,4,2023,08:23,1,1,3,51,51454,2,4,1,1,1
202300023624,19,4,2023,08:23,1,1,3,51,51454,2,4,2,1,1
202300023625,14,4,2023,12:20,1,1,2,50,50129,2,3,3,1,1
202300023625,14,4,2023,12:20,1,1,2,50,50129,2,3,1,1,1
202300023626,18,4,2023,21:09,2,1,6,49,49246,2,4,2,1,1
202300023627,4,8,2023,07:30,1,1,3,29,29019,2,4,1,1,1
202300023627,4,8,2023,07:30,1,1,3,29,29019,2,4,3,1,1
202300023628,14,4,2023,05:00,3,1,2,40,40281,2,3,2,1,1
202300023628,14,4,2023,05:00,3,1,2,40,40281,2,3,2,1,1
202300023629,3,8,2023,16:20,1,2,2,27,27229,2,4,2,2,2
202300023630,3,8,2023,05:03,3,1,6,26,26313,1,2,3,1,1
202300023631,19,4,2023,09:30,1,1,2,38,38185,1,1,1,1,1
202300023632,6,8,2023,13:40,1,2,3,25,25056,2,4,3,1,2
202300023633,19,4,2023,23:02,5,1,6,37,37261,2,4,1,1,1
202300023634,3,8,2023,09:00,1,1,3,24,24037,2,4,1,3,1
202300023635,2,8,2023,10:10,1,3,3,22,22187,2,3,2,1,2
202300023635,2,8,2023,10:10,1,3,3,22,22187,2,3,-1,1,2
202300023636,5,8,2023,03:40,3,3,7,22,22113,2,4,2,1,2
202300023637,19,4,2023,08:45,1,1,3,37,37208,2,4,2,1,1
202300023638,19,4,2023,16:15,1,1,3,35,35055,2,3,2,1,1
202300023639,6,8,2023,02:15,5,1,3,21,21231,2,4,3,2,1
202300023639,6,8,2023,02:15,5,1,3,21,21231,2,4,2,1,1
202300023640,4,8,2023,16:00,1,2,6,19,19275,2,3,2,2,2
202300023641,19,4,2023,12:20,1,1,6,35,35238,2,4,3,1,1
202300023642,28,7,2023,21:40,5,2,6,18,18033,2,4,2,1,2
202300023643,19,4,2023,10:10,1,1,3,35,35238,2,3,1,1,1
202300023643,19,4,2023,10:10,1,1,3,35,35238,2,3,2,1,1
202300023644,5,8,2023,12:40,1,1,3,17,17299,2,4,2,1,1
202300023644,5,8,2023,12:40,1,1,3,17,17299,2,4,2,2,1
202300023645,5,8,2023,20:15,1,2,6,16,16015,2,4,2,1,2
202300023646,19,4,2023,08:35,1,7,1,35,35238,2,4,1,1,1
202300023646,19,4,2023,08:35,1,7,1,35,35238,2,4,2,1,1
202300023647,4,8,2023,21:20,1,1,6,14,14333,2,4,2,1,1
202300023648,17,4,2023,13:45,1,1,3,34,34032,2,4,1,1,1
202300023648,17,4,2023,13:45,1,1,3,34,34032,2,4,2,1,1
202300023649,3,8,2023,23:00,3,1,2,14,14536,2,3,2,1,1
202300023649,3,8,2023,23:00,3,1,2,14,14536,2,3,1,2,1
202300023650,18,4,2023,22:10,5,1,3,33,33281,2,4,2,2,1
202300023650,18,4,2023,22:10,5,1,3,33,33281,2,4,1,2,1
202300023651,6,8,2023,03:15,5,1,3,13,13204,2,7,2,1,1
202300023651,6,8,2023,03:15,5,1,3,13,13204,2,7,2,2,1
202300023652,4,8,2023,15:05,1,1,3,13,13214,2,4,2,1,1
202300023652,4,8,2023,15:05,1,1,3,13,13214,2,4,2,2,1
202300023653,4,8,2023,15:30,1,6,3,13,13215,2,4,2,1,1
202300023654,4,8,2023,15:00,1,1,6,13,13203,2,4,1,1,1
202300023654,4,8,2023,15:00,1,1,6,13,13203,2,4,2,1,1
202300023655,19,4,2023,11:00,1,1,3,29,29232,2,4,1,1,1
202300023656,4,8,2023,08:50,1,1,6,13,13208,2,4,2,1,1
202300023657,18,4,2023,15:00,1,1,3,29,29232,1,3,2,1,1
202300023658,3,8,2023,03:15,5,1,3,13,13206,2,4,1,1,1
202300023658,3,8,2023,03:15,5,1,3,13,13206,2,4,1,1,1
202300023659,3,8,2023,11:20,1,1,6,13,13208,2,4,2,1,1
202300023659,3,8,2023,11:20,1,1,6,13,13208,2,4,-1,1,1
202300023660,17,4,2023,15:00,1,1,6,19,19031,2,4,2,1,1
202300023661,6,8,2023,21:55,5,1,7,13,13001,1,3,2,2,1
202300023662,4,8,2023,11:00,1,1,1,13,13001,1,3,2,1,1
202300023663,6,8,2023,12:25,1,1,2,12,12083,2,4,2,1,1
202300023664,5,8,2023,16:15,1,1,1,12,12013,1,3,2,1,1
202300023665,5,8,2023,10:10,1,1,2,11,11069,2,4,1,1,1
202300023666,18,4,2023,14:40,1,1,3,14,14304,1,3,2,1,1
202300023666,18,4,2023,14:40,1,1,3,14,14304,1,3,2,1,1
202300023667,3,8,2023,11:00,1,2,7,11,11069,2,3,2,1,2
202300023668,19,4,2023,17:15,1,1,3,13,13209,2,4,2,1,1
202300023668,19,4,2023,17:15,1,1,3,13,13209,2,4,2,1,1
202300023669,5,8,2023,14:08,1,2,3,10,10321,2,4,2,1,2
202300023669,5,8,2023,14:08,1,2,3,10,10321,2,4,2,1,2
202300023670,18,4,2023,23:50,5,1,3,13,13215,2,4,2,1,1
202300023671,5,8,2023,14:45,1,1,7,06,06088,2,7,3,1,1
202300023672,18,4,2023,20:50,5,1,3,11,11069,2,4,2,1,1
202300023673,31,7,2023,20:34,1,1,1,06,06083,2,4,4,1,1
202300023674,18,4,2023,08:28,1,1,6,11,11069,2,4,2,1,1
202300023675,4,8,2023,19:20,1,1,3,06,06069,2,4,2,1,1
202300023676,19,4,2023,20:23,5,1,3,06,06088,2,4,1,1,1
202300023677,4,8,2023,15:30,1,1,3,06,06069,2,4,2,2,1
202300023678,14,4,2023,23:00,5,1,7,06,06027,2,4,2,2,1
202300023679,27,7,2023,08:30,1,1,6,06,06069,1,5,-1,1,1
202300023680,19,4,2023,21:48,5,1,6,75,75118,2,4,1,2,1
202300023681,5,8,2023,19:00,1,1,1,06,06027,2,7,2,1,1
202300023682,18,4,2023,12:31,1,1,3,75,75101,2,4,1,1,1
202300023682,18,4,2023,12:31,1,1,3,75,75101,2,4,1,1,1
202300023683,5,8,2023,17:20,1,1,1,02,02408,2,4,2,1,1
202300023684,5,8,2023,19:00,1,2,7,75,75119,2,4,1,1,2
202300023685,19,4,2023,18:15,1,1,3,75,75106,2,4,1,1,1
202300023685,19,4,2023,18:15,1,1,3,75,75106,2,4,2,1,1
202300023686,5,8,2023,12:50,1,1,3,75,75117,2,4,1,1,1
202300023686,5,8,2023,12:50,1,1,3,75,75117,2,4,1,1,1
202300023687,18,4,2023,12:45,1,1,3,75,75105,2,4,2,1,1
202300023687,18,4,2023,12:45,1,1,3,75,75105,2,4,2,1,1
202300023688,4,8,2023,12:40,1,1,2,75,75112,2,4,1,1,1
202300023689,19,4,2023,18:30,1,1,3,75,75120,2,4,1,1,1
202300023689,19,4,2023,18:30,1,1,3,75,75120,2,4,2,2,1
202300023690,3,8,2023,17:05,1,2,3,75,75117,2,4,1,1,2
202300023691,1,8,2023,17:20,1,1,3,75,75113,2,4,-1,1,1
202300023692,19,4,2023,09:00,1,1,3,75,75120,2,4,1,1,1
202300023692,19,4,2023,09:00,1,1,3,75,75120,2,4,1,1,1
202300023693,4,8,2023,14:28,1,1,6,75,75118,2,4,2,1,1
202300023693,4,8,2023,14:28,1,1,6,75,75118,2,4,1,1,1
202300023694,19,4,2023,11:40,1,1,3,75,75119,2,4,3,1,1
202300023694,19,4,2023,11:40,1,1,3,75,75119,2,4,1,1,1
202300023695,4,8,2023,16:07,1,1,6,75,75115,2,4,-1,1,1
202300023695,4,8,2023,16:07,1,1,6,75,75115,2,4,2,1,1
202300023696,19,4,2023,18:15,1,1,2,75,75118,2,4,1,1,1
202300023696,19,4,2023,18:15,1,1,2,75,75118,2,4,2,1,1
202300023697,3,8,2023,10:25,1,1,6,75,75119,2,4,2,2,2
202300023697,3,8,2023,10:25,1,1,6,75,75119,2,4,2,2,2
202300023698,19,4,2023,17:20,1,1,5,75,75116,2,4,-1,1,1
202300023698,19,4,2023,17:20,1,1,5,75,75116,2,4,2,1,1
202300023699,2,8,2023,16:45,1,1,3,75,75106,2,4,1,1,1
202300023699,2,8,2023,16:45,1,1,3,75,75106,2,4,1,1,1
202300023700,18,4,2023,11:30,1,1,2,75,75116,2,4,1,1,1
202300023701,5,8,2023,13:00,1,2,3,75,75120,2,4,2,1,2
202300023701,5,8,2023,13:00,1,2,3,75,75120,2,4,2,1,2
202300023702,19,4,2023,13:50,1,1,5,75,75115,2,4,2,1,1
202300023702,19,4,2023,13:50,1,1,5,75,75115,2,4,-1,1,1
202300023703,4,8,2023,10:30,1,1,6,75,75120,2,4,-1,1,1
202300023703,4,8,2023,10:30,1,1,6,75,75120,2,4,1,1,1
202300023704,6,8,2023,18:45,1,1,1,75,75119,2,4,-1,1,1
202300023704,6,8,2023,18:45,1,1,1,75,75119,2,4,1,2,1
202300023705,19,4,2023,07:45,1,1,3,75,75113,2,4,2,2,1
202300023706,4,8,2023,21:57,5,1,6,75,75119,2,4,1,1,3
202300023707,19,4,2023,16:45,1,1,3,75,75111,2,4,2,2,1
202300023707,19,4,2023,16:45,1,1,3,75,75111,2,4,1,2,1
202300023708,5,8,2023,03:55,2,1,2,75,75118,2,4,1,1,1
202300023709,19,4,2023,08:40,1,1,3,75,75110,2,4,2,2,1
202300023709,19,4,2023,08:40,1,1,3,75,75110,2,4,-1,1,1
202300023710,3,8,2023,10:30,1,1,3,75,75118,2,4,-1,1,2
202300023710,3,8,2023,10:30,1,1,3,75,75118,2,4,2,1,2
202300023711,18,4,2023,12:22,1,1,1,75,75108,2,4,2,2,1
202300023711,18,4,2023,12:22,1,1,1,75,75108,2,4,1,2,1
202300023712,6,8,2023,18:00,1,1,3,75,75117,2,4,2,1,1
202300023713,4,8,2023,18:55,1,2,6,75,75117,2,4,2,1,2
202300023713,4,8,2023,18:55,1,2,6,75,75117,2,4,2,1,2
202300023714,19,4,2023,17:50,1,1,3,75,75104,2,4,2,1,1
202300023715,3,8,2023,17:00,1,2,3,75,75117,2,4,-1,1,2
202300023715,3,8,2023,17:00,1,2,3,75,75117,2,4,-1,1,2
202300023716,19,4,2023,11:30,1,1,6,94,94016,2,3,2,1,1
202300023716,19,4,2023,11:30,1,1,6,94,94016,2,3,2,1,1
202300023717,18,4,2023,07:50,1,1,6,94,94028,2,4,2,4,1
202300023718,3,8,2023,15:30,1,3,3,75,75116,2,4,2,1,2
202300023718,3,8,2023,15:30,1,3,3,75,75116,2,4,2,1,2
202300023719,19,4,2023,16:32,1,1,1,94,94022,2,3,2,1,1
202300023719,19,4,2023,16:32,1,1,1,94,94022,2,3,2,1,1
202300023719,19,4,2023,16:32,1,1,1,94,94022,2,3,3,1,1
202300023720,3,8,2023,11:00,1,1,3,75,75116,2,4,2,1,1
202300023720,3,8,2023,11:00,1,1,3,75,75116,2,4,1,1,1
202300023721,19,4,2023,11:30,1,1,3,94,94001,2,3,2,1,1
202300023721,19,4,2023,11:30,1,1,3,94,94001,2,3,4,1,1
202300023722,18,4,2023,18:50,2,2,3,93,93070,2,3,2,1,2
202300023723,2,8,2023,12:52,1,1,3,75,75113,2,4,2,1,1
202300023723,2,8,2023,12:52,1,1,3,75,75113,2,4,2,1,1
202300023724,19,4,2023,11:14,1,1,3,93,93066,2,3,3,1,1
202300023725,1,8,2023,23:30,5,2,3,75,75107,2,4,2,1,2
202300023725,1,8,2023,23:30,5,2,3,75,75107,2,4,3,1,2
202300023726,18,4,2023,06:30,5,1,3,93,93031,2,3,2,1,1
202300023726,18,4,2023,06:30,5,1,3,93,93031,2,3,3,1,1
202300023727,4,8,2023,05:50,2,1,3,75,75112,2,4,1,1,1
202300023727,4,8,2023,05:50,2,1,3,75,75112,2,4,2,1,1
202300023728,19,4,2023,13:20,1,1,5,93,93064,2,3,3,1,1
202300023729,3,8,2023,01:05,5,1,3,75,75112,2,4,1,1,1
202300023729,3,8,2023,01:05,5,1,3,75,75112,2,4,-1,1,1
202300023730,19,4,2023,12:35,1,1,6,93,93053,2,4,2,1,1
202300023731,7,4,2023,13:20,1,1,6,93,93048,2,4,1,2,1
202300023732,5,8,2023,15:50,1,8,6,75,75111,2,4,-1,1,1
202300023732,5,8,2023,15:50,1,8,6,75,75111,2,4,1,1,2
202300023733,19,4,2023,10:45,1,1,3,93,93029,2,3,2,1,1
202300023734,19,4,2023,13:00,1,1,7,93,93001,2,3,2,1,1
202300023735,19,4,2023,12:20,1,1,6,92,92078,2,3,1,1,1
202300023736,19,4,2023,10:00,1,1,6,92,92046,2,3,-1,1,1
202300023737,5,8,2023,23:50,5,2,6,75,75109,2,4,1,2,2
202300023737,5,8,2023,23:50,5,2,6,75,75109,2,4,1,2,2
202300023738,19,4,2023,21:10,5,1,2,92,92073,2,3,1,1,1
202300023739,19,4,2023,11:15,1,1,6,92,92051,2,4,2,1,1
202300023740,5,8,2023,20:40,1,1,6,75,75109,2,4,1,1,1
202300023740,5,8,2023,20:40,1,1,6,75,75109,2,4,1,1,1
202300023741,18,4,2023,16:30,1,1,3,92,92051,2,4,1,1,1
202300023741,18,4,2023,16:30,1,1,3,92,92051,2,4,3,1,1
202300023742,5,8,2023,12:40,1,2,6,75,75102,2,4,2,1,2