id_accident,jour,mois,annee,heure_minute,luminosite,meteo,type_collision,departement,commune,agglomeration,categorie_route,regime_circulation,profil_route,etat_surface
202300023742,5,8,2023,12:40,1,2,6,75,75102,2,4,1,1,2
202300023743,18,4,2023,15:00,1,1,3,92,92051,2,3,3,1,1
202300023743,18,4,2023,15:00,1,1,3,92,92051,2,3,2,1,1
202300023744,3,8,2023,13:30,1,2,3,75,75109,2,4,1,1,2
202300023745,19,4,2023,11:55,1,1,3,92,92050,2,4,2,1,1
202300023746,4,8,2023,10:47,1,1,7,75,75108,2,4,2,2,1
202300023746,4,8,2023,10:47,1,1,7,75,75108,2,4,-1,1,1
202300023747,19,4,2023,18:00,1,1,3,92,92040,2,3,1,1,1
202300023747,19,4,2023,18:00,1,1,3,92,92040,2,3,1,1,1
202300023748,4,8,2023,10:14,1,8,3,75,75108,2,4,2,2,1
202300023748,4,8,2023,10:14,1,8,3,75,75108,2,4,2,2,1
202300023749,5,8,2023,12:25,1,2,6,75,75107,2,4,4,1,2
202300023749,5,8,2023,12:25,1,2,6,75,75107,2,4,1,1,2
202300023750,20,3,2023,22:35,5,1,3,92,92044,2,3,2,1,1
202300023751,3,8,2023,12:57,1,8,6,75,75107,2,4,-1,1,1
202300023751,3,8,2023,12:57,1,8,6,75,75107,2,4,1,1,1
202300023752,19,4,2023,04:50,5,1,3,92,92036,2,1,2,1,1
202300023752,19,4,2023,04:50,5,1,3,92,92036,2,1,1,2,1
202300023753,6,8,2023,10:00,1,1,7,75,75102,2,4,1,1,1
202300023753,6,8,2023,10:00,1,1,7,75,75102,2,4,1,1,1
202300023754,19,4,2023,18:40,1,1,6,92,92035,2,3,-1,1,1
202300023755,6,8,2023,03:30,5,2,6,75,75104,2,4,1,1,2
202300023756,19,4,2023,14:35,1,1,6,92,92012,2,4,2,1,1
202300023757,19,4,2023,21:30,5,1,1,92,92007,2,4,3,1,1
202300023758,3,8,2023,15:20,1,2,1,75,75103,2,4,2,1,2
202300023758,3,8,2023,15:20,1,2,1,75,75103,2,4,1,1,2
202300023759,3,8,2023,10:40,1,1,3,75,75103,2,4,1,1,2
202300023759,3,8,2023,10:40,1,1,3,75,75103,2,4,1,1,2
202300023760,5,8,2023,11:50,1,3,2,94,94067,2,3,3,1,2
202300023761,19,4,2023,15:15,1,1,6,54,54462,2,3,1,1,1
202300023761,19,4,2023,15:15,1,1,6,54,54462,2,3,2,1,1
202300023762,5,8,2023,11:45,1,2,6,94,94078,2,2,2,2,2
202300023763,5,8,2023,01:00,5,1,6,94,94078,2,2,2,1,1
202300023763,5,8,2023,01:00,5,1,6,94,94078,2,2,1,1,1
202300023764,20,4,2023,15:59,1,1,2,21,21177,1,1,3,1,1
202300023765,6,8,2023,11:00,1,1,1,94,94073,2,4,1,1,1
202300023765,6,8,2023,11:00,1,1,1,94,94073,2,4,2,1,1
202300023766,20,4,2023,11:30,1,1,2,22,22206,1,2,3,1,1
202300023767,20,4,2023,09:40,1,1,2,14,14027,1,3,2,2,1
202300023768,5,8,2023,18:20,1,2,2,94,94073,2,4,1,1,2
202300023769,23,3,2023,18:50,1,1,2,19,19129,1,1,3,2,1
202300023770,5,8,2023,08:30,1,1,3,94,94021,1,5,1,1,1
202300023771,19,4,2023,19:30,1,1,6,38,38113,1,3,2,2,1
202300023772,18,4,2023,08:10,1,1,6,66,66050,2,3,2,1,1
202300023773,3,8,2023,13:40,1,2,3,94,94034,2,3,2,1,2
202300023773,3,8,2023,13:40,1,2,3,94,94034,2,3,2,1,2
202300023774,19,4,2023,20:40,1,1,2,56,56078,1,2,3,1,1
202300023775,4,8,2023,17:25,1,1,6,94,94028,2,3,-1,1,1
202300023776,20,4,2023,15:20,1,1,3,79,79062,2,4,3,2,1
202300023777,4,8,2023,14:15,1,3,3,94,94018,2,3,2,1,2
202300023777,4,8,2023,14:15,1,3,3,94,94018,2,3,2,1,2
202300023778,19,4,2023,17:45,1,1,1,33,33311,2,3,2,2,1
202300023779,20,4,2023,08:20,1,1,6,34,34284,2,9,1,1,1
202300023780,4,8,2023,23:30,5,1,3,94,94017,2,3,2,1,1
202300023781,6,8,2023,02:38,3,2,6,94,94075,1,2,3,3,2
202300023782,19,4,2023,17:15,1,1,6,38,38144,1,3,2,1,1
202300023783,6,8,2023,11:45,1,1,6,94,94002,2,3,1,2,1
202300023784,19,4,2023,06:02,2,1,3,02,02820,2,4,2,2,1
202300023784,19,4,2023,06:02,2,1,3,02,02820,2,4,2,1,1
202300023785,4,8,2023,17:20,1,1,6,94,94002,2,4,1,1,1
202300023786,19,4,2023,17:35,1,1,1,01,01037,1,3,2,2,1
202300023787,19,4,2023,16:30,1,1,3,06,06007,2,3,2,2,1
202300023787,19,4,2023,16:30,1,1,3,06,06007,2,3,2,2,1
202300023788,4,8,2023,23:50,5,1,2,93,93059,2,3,2,1,1
202300023789,20,4,2023,17:30,1,1,7,14,14231,1,3,2,3,1
202300023790,3,8,2023,03:00,5,2,7,93,93072,2,3,3,1,2
202300023790,3,8,2023,03:00,5,2,7,93,93072,2,3,3,1,2
202300023791,5,8,2023,15:38,1,1,6,93,93066,2,4,3,1,1
202300023792,20,4,2023,09:15,1,1,3,50,50209,1,3,2,1,1
202300023793,4,8,2023,16:40,1,8,2,93,93039,2,4,2,1,2
202300023794,27,5,2023,17:30,1,1,6,95,95682,1,2,1,2,1
202300023795,3,8,2023,16:25,1,3,3,93,93066,2,4,2,1,2
202300023796,28,5,2023,14:30,1,7,4,94,94018,1,1,3,1,1
202300023797,3,8,2023,20:40,2,2,2,93,93049,2,4,2,1,2
202300023798,28,5,2023,11:45,1,1,6,77,77384,1,1,1,1,1
202300023799,28,5,2023,00:50,3,1,6,77,77175,1,2,1,1,1
202300023800,11,3,2023,10:35,1,2,7,03,03056,1,3,2,1,2
202300023801,27,5,2023,18:50,1,1,5,77,77169,1,2,3,1,1
202300023802,4,8,2023,02:00,5,1,3,93,93050,2,3,2,1,1
202300023803,27,5,2023,21:24,1,1,6,49,49007,2,6,-1,1,1
202300023804,11,3,2023,11:10,1,2,1,01,01185,2,4,-1,1,2
202300023804,11,3,2023,11:10,1,2,1,01,01185,2,4,2,1,2
202300023805,8,3,2023,20:00,3,1,6,33,33351,1,3,2,1,1
202300023806,3,8,2023,07:05,2,2,4,93,93031,2,3,3,1,2
202300023807,11,3,2023,02:50,4,2,7,44,44168,2,3,2,1,2
202300023808,27,5,2023,02:00,5,1,1,93,93027,2,3,1,1,1
202300023808,27,5,2023,02:00,5,1,1,93,93027,2,3,2,1,1
202300023809,11,3,2023,15:40,1,1,3,59,59029,1,3,2,1,1
202300023809,11,3,2023,15:40,1,1,3,59,59029,1,3,2,1,1
202300023810,27,5,2023,12:05,1,1,2,92,92012,2,3,2,1,1
202300023811,9,3,2023,05:45,3,1,6,74,74012,2,4,2,2,1
202300023812,27,5,2023,02:20,3,3,3,974,97416,2,4,-1,2,2
202300023813,27,5,2023,15:00,1,2,7,974,97416,2,4,2,2,2
202300023814,9,3,2023,17:05,1,1,6,988,98818,2,4,1,2,1
202300023814,9,3,2023,17:05,1,1,6,988,98818,2,4,1,1,1
202300023815,6,8,2023,01:20,5,2,2,93,93014,2,3,3,2,2
202300023816,8,3,2023,14:15,1,1,6,81,81065,2,4,2,1,1
202300023817,27,5,2023,07:07,1,2,3,974,97416,2,4,2,1,2
202300023817,27,5,2023,07:07,1,2,3,974,97416,2,4,2,2,2
202300023818,2,3,2023,10:40,1,1,6,24,24145,2,3,2,1,1
202300023819,27,5,2023,15:05,1,1,3,973,97302,2,4,2,1,1
202300023819,27,5,2023,15:05,1,1,3,973,97302,2,4,1,1,1
202300023820,3,2,2023,15:24,1,1,6,24,24037,2,4,2,1,1
202300023821,27,5,2023,14:34,1,1,2,973,97302,2,3,1,1,1
202300023821,27,5,2023,14:34,1,1,2,973,97302,2,3,1,1,1
202300023822,9,3,2023,16:00,1,1,5,988,98818,1,4,2,3,1
202300023822,9,3,2023,16:00,1,1,5,988,98818,1,4,2,2,1
202300023823,27,5,2023,13:55,1,1,3,973,97302,2,4,2,1,1
202300023824,9,3,2023,12:15,1,1,3,988,98818,2,4,2,2,1
202300023824,9,3,2023,12:15,1,1,3,988,98818,2,4,2,2,1
202300023825,5,8,2023,19:45,1,2,3,93,93047,2,4,2,1,2
202300023825,5,8,2023,19:45,1,2,3,93,93047,2,4,2,1,2
202300023826,27,5,2023,16:26,1,1,3,973,97302,2,4,2,1,1
202300023826,27,5,2023,16:26,1,1,3,973,97302,2,4,2,1,1
202300023827,8,3,2023,14:10,1,1,3,976,97611,2,4,3,1,1
202300023828,9,3,2023,21:20,5,2,6,974,97411,2,4,2,2,2
202300023829,27,5,2023,11:20,1,1,5,972,97213,1,1,1,2,1
202300023830,9,3,2023,14:45,1,1,1,974,97411,1,4,2,2,1
202300023831,27,5,2023,01:22,5,2,7,972,97213,1,2,1,2,2
202300023832,2,8,2023,13:10,1,1,3,93,93057,2,3,3,1,1
202300023833,27,5,2023,06:20,2,1,6,69,69389,2,4,2,2,1
202300023834,9,3,2023,13:00,1,1,2,974,97409,1,2,1,2,1
202300023835,2,8,2023,10:25,1,1,7,92,92064,2,4,2,1,2
202300023836,26,5,2023,23:45,5,1,3,69,69382,2,4,1,1,1
202300023836,26,5,2023,23:45,5,1,3,69,69382,2,4,1,1,1
202300023837,8,3,2023,08:45,1,1,3,974,97407,2,4,-1,1,1
202300023838,26,5,2023,16:20,1,1,4,971,97101,1,3,2,1,1
202300023839,9,3,2023,15:20,1,1,6,69,69388,2,4,1,1,1
202300023839,9,3,2023,15:20,1,1,6,69,69388,2,4,2,1,1
202300023840,5,8,2023,06:35,1,1,3,92,92035,2,4,1,1,1
202300023840,5,8,2023,06:35,1,1,3,92,92035,2,4,2,1,1
202300023841,27,5,2023,18:30,1,1,6,95,95268,2,3,3,1,1
202300023842,9,3,2023,08:00,1,1,6,69,69387,2,4,2,1,1
202300023842,9,3,2023,08:00,1,1,6,69,69387,2,4,2,1,1
202300023843,5,8,2023,22:12,5,2,3,92,92025,2,3,2,1,2
202300023844,27,5,2023,15:00,1,1,3,95,95268,2,3,3,1,1
202300023845,9,3,2023,08:30,1,1,3,69,69388,2,4,2,1,1
202300023845,9,3,2023,08:30,1,1,3,69,69388,2,4,2,1,1
202300023846,27,5,2023,14:00,1,1,7,91,91161,2,4,2,2,1
202300023847,3,8,2023,16:50,1,2,6,92,92019,2,3,1,2,2
202300023848,9,3,2023,12:00,1,1,3,972,97213,1,5,1,2,1
202300023849,26,5,2023,21:10,2,1,7,91,91027,2,3,1,1,1
202300023850,9,3,2023,19:40,5,1,6,2B,2B037,2,2,1,1,1
202300023851,3,8,2023,14:10,1,1,1,92,92012,2,3,1,1,1
202300023851,3,8,2023,14:10,1,1,1,92,92012,2,3,2,1,1
202300023852,27,5,2023,12:20,1,1,6,85,85194,2,4,1,1,1
202300023853,5,3,2023,20:25,5,1,7,971,97101,2,3,2,1,1
202300023854,3,8,2023,21:35,5,2,3,92,92009,2,3,1,1,2
202300023854,3,8,2023,21:35,5,2,3,92,92009,2,3,1,1,2
202300023855,27,5,2023,14:00,1,1,6,83,83144,2,4,2,1,1
202300023856,9,3,2023,17:15,1,8,6,95,95427,2,3,2,1,1
202300023857,3,8,2023,19:00,1,2,2,92,92004,2,3,2,1,2
202300023858,27,5,2023,14:00,1,1,1,78,78440,2,4,1,1,1
202300023858,27,5,2023,14:00,1,1,1,78,78440,2,4,1,1,1
202300023859,3,8,2023,15:25,1,1,6,92,92002,2,3,1,1,1
202300023860,9,3,2023,10:50,1,1,2,91,91027,2,3,2,1,1
202300023861,3,8,2023,15:45,1,8,6,57,57125,1,3,2,4,2
202300023862,27,5,2023,15:55,1,1,2,78,78172,2,3,2,1,1
202300023862,27,5,2023,15:55,1,1,2,78,78172,2,3,2,1,1
202300023863,1,8,2023,15:30,1,8,2,35,35176,1,3,2,1,1
202300023864,8,3,2023,13:50,1,3,6,91,91228,2,3,2,1,2
202300023865,28,5,2023,00:30,3,1,1,76,76486,1,7,2,1,1
202300023866,5,8,2023,16:30,1,1,1,81,81077,1,3,2,1,1
202300023867,9,3,2023,17:34,1,1,3,83,83137,2,3,1,2,1
202300023867,9,3,2023,17:34,1,1,3,83,83137,2,3,2,1,1
202300023868,28,5,2023,00:10,5,1,3,76,76322,2,7,2,1,1
202300023869,4,8,2023,08:04,1,1,2,25,25527,1,1,3,1,1
202300023870,3,3,2023,09:50,1,1,6,83,83069,1,3,2,1,1
202300023871,24,1,2023,18:00,5,1,3,51,51043,2,3,-1,1,2
202300023872,9,3,2023,08:40,1,8,6,77,77431,2,3,2,1,2
202300023873,26,5,2023,18:05,1,7,3,69,69264,2,3,2,1,1
202300023874,4,8,2023,19:50,1,8,3,06,06149,2,7,2,2,2
202300023875,27,1,2023,09:55,1,1,6,56,56179,2,3,2,1,1
202300023875,27,1,2023,09:55,1,1,6,56,56179,2,3,2,1,1
202300023876,7,8,2023,05:30,3,1,6,16,16090,1,3,2,3,1
202300023877,9,3,2023,09:00,1,1,6,76,76451,2,4,-1,1,1
202300023878,27,5,2023,11:50,1,1,3,69,69290,2,4,2,1,1
202300023879,4,8,2023,23:55,3,1,6,16,16056,2,4,2,1,1
202300023880,16,1,2023,09:50,1,1,1,79,79347,2,3,2,1,2
202300023881,9,3,2023,16:50,1,1,5,74,74118,1,3,2,1,1
202300023882,3,8,2023,12:45,1,1,6,22,22048,1,3,-1,1,2
202300023883,27,5,2023,18:15,1,1,3,67,67482,2,4,2,1,1
202300023883,27,5,2023,18:15,1,1,3,67,67482,2,4,2,1,1
202300023884,27,1,2023,21:40,3,1,6,39,39355,1,3,2,4,1
202300023885,28,1,2023,03:30,5,1,6,25,25157,2,2,2,1,2
202300023886,4,8,2023,03:45,5,2,2,11,11068,1,1,1,2,2
202300023887,8,3,2023,20:50,5,2,6,71,71270,2,3,2,1,2
202300023887,8,3,2023,20:50,5,2,6,71,71270,2,3,2,1,2
202300023888,27,5,2023,16:45,1,1,3,67,67218,2,7,2,1,1
202300023888,27,5,2023,16:45,1,1,3,67,67218,2,7,2,1,1
202300023889,28,1,2023,00:00,5,1,7,70,70171,2,4,2,1,1
202300023890,6,8,2023,06:10,3,1,6,40,40296,1,3,2,1,1
202300023891,28,1,2023,15:20,1,1,6,54,54105,2,3,2,1,1
202300023892,9,3,2023,13:40,1,1,3,69,69271,2,4,2,1,1
202300023892,9,3,2023,13:40,1,1,3,69,69271,2,4,2,1,1
202300023893,3,8,2023,14:45,1,1,3,42,42338,1,3,2,1,1
202300023893,3,8,2023,14:45,1,1,3,42,42338,1,3,2,1,1
202300023894,27,5,2023,10:10,1,1,3,67,67267,2,4,2,1,1
202300023894,27,5,2023,10:10,1,1,3,67,67267,2,4,2,1,1
202300023895,25,1,2023,09:00,1,1,1,05,05140,1,3,2,1,1
202300023896,5,8,2023,14:30,1,1,3,31,31044,2,7,2,1,1
202300023897,9,3,2023,10:40,1,1,6,69,69259,2,4,2,2,1
202300023898,27,5,2023,07:00,2,1,6,67,67043,2,7,1,2,1
202300023898,27,5,2023,07:00,2,1,6,67,67043,2,7,3,1,1
202300023899,28,1,2023,01:30,3,1,6,50,50619,1,3,2,3,1
202300023899,28,1,2023,01:30,3,1,6,50,50619,1,3,2,2,1
202300023900,5,8,2023,06:30,1,1,7,81,81078,1,3,2,1,1
202300023901,7,3,2023,15:40,1,1,2,67,67482,2,7,2,1,1
202300023902,6,8,2023,21:15,5,8,1,68,68175,2,4,2,2,2
202300023903,26,5,2023,18:15,1,1,3,67,67462,2,4,2,1,1
202300023904,27,1,2023,23:55,3,1,6,07,07238,1,3,2,1,1
202300023905,28,1,2023,04:52,3,1,6,85,85108,1,3,2,1,1
202300023906,7,8,2023,17:31,5,1,2,974,97401,2,4,2,2,1
202300023907,7,3,2023,14:21,1,1,3,66,66136,2,4,2,1,1
202300023907,7,3,2023,14:21,1,1,3,66,66136,2,4,2,1,1
202300023908,27,5,2023,11:54,1,1,2,64,64024,2,4,2,1,1
202300023909,26,1,2023,15:45,1,1,6,27,27198,1,4,2,4,2
202300023910,6,8,2023,20:00,5,1,6,972,97203,2,3,2,2,2
202300023911,6,3,2023,18:22,2,1,3,66,66136,2,4,3,1,1
202300023912,28,1,2023,17:00,1,1,7,87,87018,1,3,2,1,2
202300023913,4,8,2023,17:30,1,1,1,83,83085,1,3,2,1,1
202300023914,27,1,2023,20:10,3,1,3,973,97307,1,4,-1,1,1
202300023915,4,8,2023,00:30,3,1,7,83,83085,1,3,2,1,1
202300023915,4,8,2023,00:30,3,1,7,83,83085,1,3,2,1,1
202300023916,9,3,2023,07:00,2,1,3,65,65440,2,3,-1,1,1
202300023916,9,3,2023,07:00,2,1,3,65,65440,2,3,2,1,1
202300023917,27,1,2023,17:45,3,1,6,01,01331,1,1,3,2,1
202300023918,5,8,2023,10:10,1,2,6,62,62618,2,3,2,2,2
202300023919,27,5,2023,10:30,1,1,7,58,58194,2,4,2,2,1
202300023920,9,3,2023,16:55,1,1,3,65,65286,2,3,3,1,1
202300023921,25,1,2023,17:05,2,8,3,69,69244,2,4,1,1,1
202300023921,25,1,2023,17:05,2,8,3,69,69244,2,4,2,3,1
202300023922,1,8,2023,10:40,1,1,3,63,63001,1,3,1,1,1
202300023923,6,8,2023,13:54,1,1,7,12,12216,1,3,2,2,1
202300023924,27,1,2023,23:30,3,1,2,33,33029,1,1,3,1,1
202300023925,27,5,2023,04:40,2,1,1,57,57463,2,7,2,1,1
202300023926,27,1,2023,17:34,2,8,2,38,38431,1,1,3,1,2
202300023927,9,3,2023,21:05,5,1,3,64,64445,2,4,2,1,1
202300023927,9,3,2023,21:05,5,1,3,64,64445,2,4,2,1,2
202300023928,27,5,2023,11:04,1,1,3,56,56260,2,4,1,1,1
202300023929,4,8,2023,16:19,1,1,2,21,21177,1,1,3,1,1
202300023930,27,1,2023,23:30,3,1,1,987,98729,1,3,2,1,1
202300023931,8,3,2023,13:38,1,1,6,64,64445,2,3,2,1,1
202300023932,3,8,2023,17:30,1,1,3,974,97414,2,2,2,1,1
202300023932,3,8,2023,17:30,1,1,3,974,97414,2,2,2,1,1
202300023933,26,5,2023,08:45,1,1,3,56,56098,2,3,2,1,1
202300023933,26,5,2023,08:45,1,1,3,56,56098,2,3,2,1,1
202300023934,8,3,2023,21:30,5,1,7,64,64024,2,4,2,1,1
202300023935,3,8,2023,16:55,1,8,7,85,85215,1,3,2,4,2
202300023936,27,5,2023,13:40,1,1,3,49,49328,2,4,1,1,1
202300023937,7,3,2023,12:55,1,2,6,64,64102,2,4,2,1,2
202300023938,27,1,2023,09:00,1,1,3,987,98747,1,2,2,1,1
202300023938,27,1,2023,09:00,1,1,3,987,98747,1,2,2,1,1
202300023939,3,8,2023,18:30,1,2,7,85,85109,2,4,2,1,2
202300023940,27,5,2023,11:53,1,1,2,49,49353,2,4,2,1,1
202300023941,6,8,2023,02:05,3,1,6,34,34114,1,1,3,1,1
202300023942,28,1,2023,13:30,1,2,6,988,98819,1,4,2,1,2
202300023942,28,1,2023,13:30,1,2,6,988,98819,1,4,2,-1,2
202300023943,8,3,2023,08:30,1,1,3,63,63075,2,4,3,1,2
202300023943,8,3,2023,08:30,1,1,3,63,63075,2,4,2,1,2
202300023944,23,7,2023,20:00,2,3,7,62,62490,1,3,2,1,2
202300023945,28,1,2023,03:50,3,1,1,971,97118,1,3,2,1,1
202300023946,9,3,2023,16:00,1,2,3,60,60057,2,4,2,1,2
202300023947,5,8,2023,18:30,1,1,3,34,34270,2,3,2,1,1
202300023948,26,5,2023,16:35,1,1,1,47,47323,2,3,2,1,1
202300023949,27,1,2023,19:21,3,2,1,78,78548,1,3,2,1,2
202300023950,22,1,2023,12:07,1,1,1,13,13085,1,3,2,2,1
202300023951,27,5,2023,10:05,1,1,2,47,47201,2,4,2,1,1
202300023951,27,5,2023,10:05,1,1,2,47,47201,2,4,2,1,-1
202300023952,8,3,2023,20:10,5,2,3,59,59512,2,4,2,1,2
202300023952,8,3,2023,20:10,5,2,3,59,59512,2,4,3,1,2
202300023953,2,8,2023,08:05,1,1,3,973,97304,2,4,2,1,1
202300023954,27,1,2023,12:00,1,3,7,58,58160,2,3,2,4,2
202300023955,5,8,2023,04:45,3,1,6,83,83116,1,3,2,1,1
202300023956,17,1,2023,08:20,1,1,6,67,67028,2,6,-1,1,1
202300023957,9,3,2023,09:05,1,2,2,59,59350,2,7,2,2,2
202300023958,27,5,2023,15:00,1,1,2,45,45004,1,3,3,1,1
202300023959,6,8,2023,00:20,5,1,1,44,44009,2,7,3,1,1
202300023960,8,3,2023,15:00,1,2,3,59,59350,2,7,2,1,2
202300023961,28,1,2023,03:53,3,1,2,55,55038,1,9,-1,1,1
202300023962,27,1,2023,19:30,3,9,6,57,57634,1,7,3,1,1
202300023963,7,3,2023,15:50,1,1,6,59,59569,2,3,2,1,1
202300023964,4,8,2023,19:45,1,1,6,31,31157,2,4,2,1,1
202300023965,26,5,2023,18:00,1,1,2,45,45068,1,3,2,2,1
202300023966,3,8,2023,15:00,1,1,7,19,19273,1,3,2,1,2
202300023967,28,1,2023,16:10,1,1,1,73,73150,1,2,2,1,1
202300023968,9,3,2023,16:45,1,3,3,59,59431,2,4,2,1,2
202300023969,2,8,2023,22:40,3,1,7,19,19170,1,3,2,2,2
202300023970,26,1,2023,07:30,3,2,2,44,44066,1,3,2,1,2
202300023971,27,5,2023,23:40,5,1,3,44,44198,2,4,2,1,1
202300023972,7,3,2023,18:35,5,1,6,54,54482,2,4,2,1,1
202300023972,7,3,2023,18:35,5,1,6,54,54482,2,4,2,1,1
202300023973,6,8,2023,20:25,2,1,7,56,56051,1,3,2,1,1
202300023974,26,1,2023,13:30,1,1,6,38,38562,1,7,2,1,1
202300023975,1,8,2023,17:00,1,2,7,56,56177,1,3,2,2,2
202300023976,27,5,2023,15:05,1,1,1,38,38053,2,4,-1,1,1
202300023977,8,3,2023,08:15,1,2,6,44,44184,2,4,2,1,2
202300023978,28,1,2023,12:20,1,8,6,33,33321,1,3,2,2,1
202300023979,5,8,2023,18:40,1,1,6,56,56252,1,3,2,1,1
202300023980,28,1,2023,00:20,3,1,7,22,22168,2,3,2,1,1
202300023981,27,5,2023,12:15,1,1,2,37,37261,2,4,2,1,1
202300023982,29,7,2023,20:00,1,1,6,56,56143,2,4,3,1,1
202300023983,21,2,2023,19:44,5,1,3,42,42218,2,4,4,1,1
202300023983,21,2,2023,19:44,5,1,3,42,42218,2,4,4,1,1
202300023984,27,1,2023,18:45,3,1,4,91,91689,1,1,1,1,1
202300023985,27,5,2023,12:15,1,1,7,37,37214,2,4,1,1,1
202300023986,6,8,2023,20:25,2,1,3,59,59307,1,3,2,1,1
202300023986,6,8,2023,20:25,2,1,3,59,59307,1,3,2,1,1
202300023987,27,1,2023,07:05,5,1,2,91,91689,1,1,-1,1,1
202300023988,9,3,2023,19:30,5,1,3,37,37261,2,4,1,1,1
202300023988,9,3,2023,19:30,5,1,3,37,37261,2,4,2,1,1
202300023989,26,5,2023,23:50,5,1,3,34,34172,1,7,3,2,1
202300023990,5,8,2023,22:32,3,3,6,76,76317,1,3,2,2,2
202300023991,27,1,2023,18:00,5,1,4,93,93078,1,1,3,1,1
202300023992,27,5,2023,15:25,1,1,3,31,31555,2,7,1,1,1
202300023993,4,8,2023,12:20,1,1,6,79,79271,1,4,2,1,1
202300023994,9,3,2023,17:50,1,1,3,37,37122,2,4,2,1,1
202300023995,6,8,2023,05:40,2,1,7,79,79217,1,3,2,2,1
202300023996,27,5,2023,15:15,1,1,3,29,29039,2,4,1,1,1
202300023997,9,3,2023,13:00,1,3,6,37,37261,2,4,2,1,2
202300023998,27,1,2023,08:00,2,1,4,95,95682,1,2,3,1,1
202300023999,4,8,2023,23:30,5,1,3,2A,2A271,2,2,2,1,1
202300024000,9,3,2023,08:50,1,1,2,37,37122,2,3,1,1,2
202300024001,27,1,2023,19:30,3,1,2,77,77058,1,1,1,1,1
202300024002,30,7,2023,11:22,3,1,1,2A,2A017,1,3,2,2,1
202300024003,19,5,2023,15:00,1,1,6,19,19275,2,3,1,1,1
202300024004,26,1,2023,15:35,1,1,6,974,97416,1,4,2,2,1
202300024004,26,1,2023,15:35,1,1,6,974,97416,1,4,1,2,1
202300024005,3,8,2023,20:00,2,1,1,2B,2B123,1,2,2,2,1
202300024006,9,3,2023,09:25,1,1,2,37,37261,2,4,2,1,1
202300024007,6,8,2023,10:30,1,1,3,2B,2B074,2,3,2,2,1
202300024008,26,1,2023,17:15,1,1,3,974,97411,2,4,2,4,1
202300024008,26,1,2023,17:15,1,1,3,974,97411,2,4,-1,2,1
202300024009,9,3,2023,19:00,3,1,3,33,33281,2,4,2,1,1
202300024010,6,8,2023,04:20,3,2,6,80,80080,1,3,2,1,2
202300024011,26,1,2023,18:25,1,1,6,974,97411,2,2,1,1,1
202300024012,26,5,2023,14:12,1,1,1,15,15014,2,4,2,1,1
202300024013,4,8,2023,19:10,1,1,7,82,82149,1,3,2,1,1
202300024014,26,1,2023,13:35,1,1,6,974,97411,2,2,1,1,1
202300024015,9,3,2023,18:25,1,2,3,33,33192,2,4,1,2,2
202300024015,9,3,2023,18:25,1,2,3,33,33192,2,4,2,2,2
202300024016,28,5,2023,00:20,5,1,3,13,13054,2,4,-1,1,1
202300024017,4,8,2023,08:10,1,1,3,82,82119,1,3,2,2,1
202300024017,4,8,2023,08:10,1,1,3,82,82119,1,3,2,2,1
202300024018,9,3,2023,16:40,1,1,6,33,33063,2,4,2,1,1
202300024019,25,1,2023,11:20,1,2,5,974,97411,2,6,-1,1,2
202300024020,3,8,2023,16:50,1,1,6,65,65212,2,3,2,1,1
202300024021,27,5,2023,18:40,1,1,3,13,13210,2,4,4,1,1
202300024022,9,3,2023,08:50,1,1,3,33,33063,2,4,2,1,1
202300024023,19,1,2023,14:23,1,1,3,973,97302,2,4,2,1,1
202300024024,6,8,2023,07:45,1,1,1,65,65218,2,3,2,1,1
202300024025,8,3,2023,19:10,2,1,1,30,30007,1,3,2,2,1
202300024026,26,1,2023,04:30,5,1,6,69,69383,2,4,2,1,1
202300024027,27,5,2023,21:05,4,1,6,11,11069,2,4,2,1,1
202300024027,27,5,2023,21:05,4,1,6,11,11069,2,4,2,1,1
202300024028,4,8,2023,13:55,1,3,2,65,65456,1,3,2,1,2
202300024029,4,8,2023,15:15,1,8,7,65,65093,1,3,2,1,2
202300024030,25,1,2023,08:50,1,1,3,69,69387,2,4,2,1,1
202300024030,25,1,2023,08:50,1,1,3,69,69387,2,4,2,1,1
202300024031,7,3,2023,08:00,1,2,2,29,29019,2,4,1,1,2
202300024032,5,8,2023,11:00,1,1,6,32,32005,1,3,2,3,9
202300024033,27,5,2023,10:05,1,7,6,10,10387,2,4,1,1,1
202300024033,27,5,2023,10:05,1,7,6,10,10387,2,4,2,1,1
202300024034,21,1,2023,13:42,1,1,1,972,97213,1,3,2,2,1
202300024035,9,3,2023,07:08,5,2,6,27,27229,2,4,-1,2,2
202300024036,27,5,2023,03:20,5,1,6,08,08105,2,4,2,1,1
202300024037,25,1,2023,19:15,5,1,2,2B,2B033,2,4,3,1,1
202300024038,3,8,2023,13:00,1,1,3,32,32264,1,3,2,1,1
202300024038,3,8,2023,13:00,1,1,3,32,32264,1,3,2,1,1
202300024039,9,3,2023,13:10,1,1,3,25,25056,2,4,2,2,1
202300024039,9,3,2023,13:10,1,1,3,25,25056,2,4,2,1,1
202300024040,4,8,2023,22:10,3,1,6,11,11262,1,3,3,1,1
202300024041,25,1,2023,19:25,5,1,3,971,97101,2,3,2,1,1
202300024041,25,1,2023,19:25,5,1,3,971,97101,2,3,2,1,1
202300024042,27,5,2023,22:05,5,1,3,06,06088,2,4,1,1,1
202300024042,27,5,2023,22:05,5,1,3,06,06088,2,4,1,1,1
202300024043,26,1,2023,22:01,5,2,6,95,95280,2,4,2,1,2
202300024044,8,3,2023,16:56,1,2,2,22,22113,1,3,2,1,1