id_accident,jour,mois,annee,heure_minute,luminosite,meteo,type_collision,departement,commune,agglomeration,categorie_route,regime_circulation,profil_route,etat_surface
202300024045,27,5,2023,15:44,1,1,6,06,06088,2,4,2,1,1
202300024046,2,8,2023,22:32,3,1,5,11,11262,1,3,2,1,1
202300024047,29,7,2023,01:20,3,1,6,11,11090,1,3,2,1,1
202300024048,7,3,2023,12:10,1,1,3,19,19031,2,4,2,1,2
202300024049,27,5,2023,17:10,1,1,1,06,06029,2,4,2,1,1
202300024050,26,1,2023,12:00,1,2,3,91,91549,2,4,2,1,2
202300024050,26,1,2023,12:00,1,2,3,91,91549,2,4,2,1,2
202300024051,9,3,2023,17:15,1,1,2,13,13202,2,4,-1,1,1
202300024052,26,1,2023,16:00,1,1,6,88,88424,2,3,2,1,1
202300024053,6,8,2023,19:00,1,1,3,71,71282,2,3,2,1,1
202300024053,6,8,2023,19:00,1,1,3,71,71282,2,3,2,2,1
202300024054,26,5,2023,22:00,5,1,2,75,75116,2,4,1,1,1
202300024055,21,1,2023,17:42,1,1,6,87,87085,2,4,3,2,1
202300024056,4,8,2023,14:50,1,2,3,89,89414,1,3,3,1,2
202300024056,4,8,2023,14:50,1,2,3,89,89414,1,3,2,1,2
202300024057,8,3,2023,12:50,1,1,3,13,13206,2,4,2,2,1
202300024057,8,3,2023,12:50,1,1,3,13,13206,2,4,1,1,1
202300024058,26,5,2023,18:00,1,1,2,75,75120,2,4,1,1,1
202300024059,9,3,2023,20:50,5,1,2,75,75117,2,4,1,1,2
202300024060,26,1,2023,21:45,5,1,3,83,83062,2,4,2,1,1
202300024060,26,1,2023,21:45,5,1,3,83,83062,2,4,2,1,1
202300024061,6,8,2023,12:00,1,1,3,89,89418,1,3,-1,4,1
202300024061,6,8,2023,12:00,1,1,3,89,89418,1,3,2,1,1
202300024062,9,3,2023,20:45,5,2,6,75,75120,2,4,1,1,2
202300024062,9,3,2023,20:45,5,2,6,75,75120,2,4,1,1,2
202300024063,27,5,2023,16:55,1,1,3,75,75118,2,4,2,1,1
202300024063,27,5,2023,16:55,1,1,3,75,75118,2,4,2,1,1
202300024064,22,1,2023,19:35,5,1,1,83,83061,2,4,2,2,1
202300024065,19,1,2023,14:45,1,1,6,83,83061,1,3,2,2,1
202300024066,26,5,2023,10:24,1,1,6,75,75116,2,4,2,1,1
202300024066,26,5,2023,10:24,1,1,6,75,75116,2,4,-1,1,1
202300024067,9,3,2023,11:40,1,1,3,75,75118,2,4,2,1,1
202300024067,9,3,2023,11:40,1,1,3,75,75118,2,4,2,1,1
202300024068,3,8,2023,21:45,3,3,1,89,89311,2,3,2,2,2
202300024069,8,3,2023,22:47,5,3,3,75,75117,2,4,2,1,2
202300024069,8,3,2023,22:47,5,3,3,75,75117,2,4,1,1,2
202300024070,27,5,2023,21:58,5,1,1,75,75105,2,4,1,1,1
202300024070,27,5,2023,21:58,5,1,1,75,75105,2,4,1,1,1
202300024071,26,1,2023,07:00,5,2,2,78,78440,2,3,3,1,2
202300024072,9,3,2023,10:10,1,1,3,75,75115,2,4,2,1,1
202300024072,9,3,2023,10:10,1,1,3,75,75115,2,4,-1,1,1
202300024073,28,7,2023,08:15,2,2,6,49,49218,2,3,2,2,2
202300024074,27,5,2023,19:00,1,1,1,75,75120,2,4,2,1,1
202300024075,9,3,2023,09:30,1,8,6,75,75115,2,4,2,1,1
202300024076,26,1,2023,12:35,1,8,3,77,77067,1,9,1,1,2
202300024076,26,1,2023,12:35,1,8,3,77,77067,1,9,2,1,2
202300024077,27,5,2023,16:30,1,1,6,75,75120,2,4,2,1,1
202300024078,5,8,2023,01:00,3,1,6,12,12291,1,3,2,1,2
202300024079,25,1,2023,20:30,5,1,6,77,77371,2,3,2,1,1
202300024080,8,3,2023,09:45,1,8,1,75,75114,2,4,2,1,2
202300024080,8,3,2023,09:45,1,8,1,75,75114,2,4,3,1,2
202300024081,26,1,2023,15:00,1,1,3,76,76540,1,1,3,4,1
202300024082,27,5,2023,22:01,5,1,3,75,75118,2,4,2,1,1
202300024083,25,1,2023,19:50,5,1,4,74,74133,2,4,2,1,1
202300024084,1,8,2023,16:40,1,1,3,42,42273,1,4,2,1,1
202300024084,1,8,2023,16:40,1,1,3,42,42273,1,4,2,2,1
202300024085,25,1,2023,08:37,5,1,3,72,72181,2,4,1,1,1
202300024085,25,1,2023,08:37,5,1,3,72,72181,2,4,2,1,1
202300024086,23,1,2023,18:28,3,1,5,71,71445,1,3,2,1,1
202300024087,9,3,2023,09:25,1,1,3,75,75113,2,4,2,1,1
202300024087,9,3,2023,09:25,1,1,3,75,75113,2,4,2,1,1
202300024088,27,5,2023,17:00,1,1,2,75,75112,2,4,2,1,1
202300024089,26,1,2023,07:30,5,1,6,66,66136,2,4,2,1,1
202300024089,26,1,2023,07:30,5,1,6,66,66136,2,4,1,1,1
202300024090,6,8,2023,14:15,1,1,3,42,42011,2,3,2,1,1
202300024090,6,8,2023,14:15,1,1,3,42,42011,2,3,2,1,1
202300024091,25,1,2023,17:10,1,1,3,66,66136,2,4,2,1,1
202300024091,25,1,2023,17:10,1,1,3,66,66136,2,4,2,1,1
202300024092,26,1,2023,23:36,5,8,6,65,65440,2,4,1,1,1
202300024093,26,1,2023,17:55,2,1,3,64,64445,2,4,2,1,1
202300024094,9,3,2023,20:15,5,2,6,75,75112,2,4,2,1,2
202300024094,9,3,2023,20:15,5,2,6,75,75112,2,4,2,1,2
202300024095,26,1,2023,08:39,1,2,6,64,64445,2,1,1,1,2
202300024095,26,1,2023,08:39,1,2,6,64,64445,2,1,2,1,2
202300024096,4,8,2023,16:45,1,1,2,42,42302,1,4,2,2,2
202300024097,26,1,2023,13:20,1,1,6,64,64125,2,4,2,2,1
202300024098,26,1,2023,19:05,5,1,3,61,61001,2,3,2,1,1
202300024099,9,3,2023,00:05,5,2,6,75,75112,2,4,-1,2,2
202300024099,9,3,2023,00:05,5,2,6,75,75112,2,4,2,1,2
202300024100,4,8,2023,21:30,2,1,6,47,47252,2,4,3,1,1
202300024101,26,1,2023,22:32,5,1,3,60,60057,2,4,2,2,2
202300024101,26,1,2023,22:32,5,1,3,60,60057,2,4,2,1,2
202300024102,26,1,2023,14:40,1,1,6,59,59378,2,4,2,1,2
202300024103,25,1,2023,17:25,2,1,7,58,58194,2,4,2,1,1
202300024104,27,5,2023,06:20,1,1,1,75,75108,2,4,3,2,1
202300024104,27,5,2023,06:20,1,1,1,75,75108,2,4,-1,2,1
202300024105,7,8,2023,15:50,1,1,7,41,41256,1,3,2,1,1
202300024106,26,1,2023,15:30,1,1,6,54,54167,1,3,1,1,1
202300024107,9,3,2023,09:15,1,8,3,75,75111,2,4,1,1,2
202300024107,9,3,2023,09:15,1,8,3,75,75111,2,4,1,1,2
202300024108,25,1,2023,12:35,1,1,2,54,54395,2,4,2,1,1
202300024108,25,1,2023,12:35,1,1,2,54,54395,2,4,2,1,2
202300024109,27,5,2023,17:15,1,1,3,94,94043,2,3,3,1,1
202300024110,24,1,2023,17:10,1,8,3,49,49099,2,4,-1,1,1
202300024110,24,1,2023,17:10,1,8,3,49,49099,2,4,2,1,1
202300024111,25,1,2023,07:58,3,1,3,49,49007,2,4,2,1,1
202300024111,25,1,2023,07:58,3,1,3,49,49007,2,4,2,1,1
202300024111,25,1,2023,07:58,3,1,3,49,49007,2,4,1,1,1
202300024112,27,5,2023,14:40,1,1,3,94,94043,2,4,2,1,1
202300024113,3,8,2023,18:25,1,3,3,41,41181,1,3,2,1,2
202300024113,3,8,2023,18:25,1,3,3,41,41181,1,3,2,-1,2
202300024114,26,1,2023,08:20,2,2,6,45,45232,2,4,2,1,2
202300024114,26,1,2023,08:20,2,2,6,45,45232,2,4,2,1,2
202300024115,8,3,2023,21:50,5,2,3,75,75110,2,4,1,1,2
202300024115,8,3,2023,21:50,5,2,3,75,75110,2,4,2,1,2
202300024116,26,1,2023,03:30,5,1,6,37,37261,2,4,2,1,1
202300024116,26,1,2023,03:30,5,1,6,37,37261,2,4,2,4,1
202300024116,26,1,2023,03:30,5,1,6,37,37261,2,4,2,1,1
202300024117,27,5,2023,14:30,1,1,6,94,94041,2,3,1,1,1
202300024117,27,5,2023,14:30,1,1,6,94,94041,2,3,2,1,1
202300024118,6,8,2023,02:25,3,1,7,41,41110,1,3,2,1,1
202300024119,19,1,2023,10:32,1,1,3,35,35288,2,4,2,1,1
202300024119,19,1,2023,10:32,1,1,3,35,35288,2,4,2,1,1
202300024120,26,1,2023,13:50,1,1,6,35,35115,2,4,2,2,1
202300024121,26,1,2023,01:00,5,1,3,33,33063,2,4,1,1,1
202300024121,26,1,2023,01:00,5,1,3,33,33063,2,4,1,1,1
202300024122,4,3,2023,04:30,5,1,3,75,75104,2,4,2,1,1
202300024122,4,3,2023,04:30,5,1,3,75,75104,2,4,2,1,1
202300024123,3,8,2023,11:50,1,1,7,34,34251,1,3,2,2,1
202300024124,24,1,2023,20:10,3,1,2,31,31555,1,1,1,1,1
202300024125,27,5,2023,10:55,1,1,3,93,93078,2,4,1,1,1
202300024125,27,5,2023,10:55,1,1,3,93,93078,2,4,1,1,1
202300024126,25,1,2023,06:15,5,1,2,29,29019,2,4,-1,1,1
202300024127,8,3,2023,12:26,1,2,6,75,75109,2,4,2,1,2
202300024128,2,8,2023,10:50,1,1,1,34,34074,2,4,2,1,1
202300024129,8,2,2023,01:00,5,1,6,93,93010,2,4,2,1,1
202300024130,9,3,2023,09:30,1,8,3,75,75108,2,4,1,1,2
202300024131,26,1,2023,08:48,1,8,1,21,21231,2,4,2,2,1
202300024132,5,8,2023,15:00,1,1,2,68,68082,2,3,2,1,1
202300024132,5,8,2023,15:00,1,1,2,68,68082,2,3,2,1,1
202300024133,14,11,2023,08:40,1,8,3,75,75118,2,4,2,1,2
202300024133,14,11,2023,08:40,1,8,3,75,75118,2,4,-1,1,2
202300024134,8,3,2023,09:10,1,2,7,75,75101,2,4,2,1,2
202300024135,24,1,2023,17:10,1,1,6,19,19031,2,4,2,1,1
202300024136,26,5,2023,17:10,1,1,2,93,93027,2,3,3,1,1
202300024137,2,8,2023,17:20,1,1,3,22,22015,1,3,2,1,1
202300024138,24,1,2023,08:45,1,1,3,19,19031,2,4,2,1,1
202300024139,15,11,2023,03:35,5,1,6,75,75117,2,4,2,1,1
202300024139,15,11,2023,03:35,5,1,6,75,75117,2,4,4,1,1
202300024140,7,3,2023,21:40,5,2,6,75,75101,2,4,2,1,2
202300024140,7,3,2023,21:40,5,2,6,75,75101,2,4,1,1,2
202300024141,26,5,2023,16:30,1,1,6,92,92076,2,4,2,1,1
202300024142,6,8,2023,16:10,1,3,3,39,39202,1,3,2,1,2
202300024142,6,8,2023,16:10,1,3,3,39,39202,1,3,2,1,2
202300024143,26,1,2023,10:00,1,1,4,13,13117,2,4,3,1,1
202300024144,9,3,2023,21:01,5,2,6,94,94041,2,3,1,1,2
202300024144,9,3,2023,21:01,5,2,6,94,94041,2,3,2,2,2
202300024145,15,11,2023,00:40,5,1,3,75,75116,2,4,1,1,1
202300024145,15,11,2023,00:40,5,1,3,75,75116,2,4,1,1,1
202300024146,27,5,2023,11:49,1,1,2,92,92048,2,4,2,2,1
202300024146,27,5,2023,11:49,1,1,2,92,92048,2,4,2,1,1
202300024147,26,1,2023,02:10,5,1,7,13,13103,2,3,3,1,1
202300024147,26,1,2023,02:10,5,1,7,13,13103,2,3,3,1,1
202300024148,8,3,2023,20:20,5,2,1,94,94041,2,3,2,1,2
202300024149,5,8,2023,22:05,3,1,3,39,39019,1,2,-1,1,1
202300024149,5,8,2023,22:05,3,1,3,39,39019,1,2,2,2,1
202300024150,15,11,2023,07:40,1,1,7,75,75115,2,4,2,1,1
202300024150,15,11,2023,07:40,1,1,7,75,75115,2,4,2,1,1
202300024151,26,1,2023,18:20,5,1,6,13,13208,2,4,2,1,1
202300024152,8,3,2023,17:10,1,2,6,94,94041,2,3,1,1,2
202300024153,27,5,2023,16:15,1,1,3,92,92044,2,4,1,1,1
202300024153,27,5,2023,16:15,1,1,3,92,92044,2,4,2,1,1
202300024154,15,11,2023,14:15,1,1,6,75,75114,2,4,1,1,1
202300024155,26,1,2023,12:10,1,1,1,13,13215,2,4,2,1,1
202300024156,9,3,2023,16:45,1,2,3,94,94048,2,4,2,1,2
202300024156,9,3,2023,16:45,1,2,3,94,94048,2,4,2,1,2
202300024157,6,8,2023,16:10,1,2,1,25,25074,1,3,2,1,2
202300024158,27,5,2023,15:49,1,1,6,92,92025,2,4,1,1,1
202300024159,26,1,2023,22:05,5,1,2,13,13004,2,4,2,1,1
202300024160,14,11,2023,20:05,5,8,3,75,75104,2,4,2,1,2
202300024160,14,11,2023,20:05,5,8,3,75,75104,2,4,-1,1,2
202300024161,9,3,2023,13:30,1,1,6,93,93066,2,4,2,1,1
202300024162,5,8,2023,18:05,1,1,7,25,25403,1,3,2,2,-1
202300024162,5,8,2023,18:05,1,1,7,25,25403,1,3,-1,4,1
202300024163,26,5,2023,23:48,5,1,7,92,92007,2,3,3,1,1
202300024163,26,5,2023,23:48,5,1,7,92,92007,2,3,3,2,1
202300024164,25,1,2023,22:45,3,1,2,11,11069,1,3,3,1,1
202300024165,15,11,2023,18:10,5,1,6,75,75109,2,4,2,1,1
202300024166,4,8,2023,05:00,3,1,6,25,25162,1,3,2,1,1
202300024167,9,3,2023,18:30,2,2,6,93,93046,2,3,3,1,2
202300024167,9,3,2023,18:30,2,2,6,93,93046,2,3,2,1,2
202300024168,26,1,2023,07:57,5,9,6,10,10387,2,4,3,1,2
202300024169,28,5,2023,16:00,1,1,2,2A,2A348,2,3,2,1,1
202300024170,15,11,2023,09:25,1,1,3,75,75107,2,4,-1,1,1
202300024170,15,11,2023,09:25,1,1,3,75,75107,2,4,2,1,1
202300024171,4,8,2023,23:00,5,1,2,44,44018,2,7,2,1,1
202300024172,25,1,2023,14:40,1,1,3,10,10387,2,4,2,1,1
202300024172,25,1,2023,14:40,1,1,3,10,10387,2,4,2,1,1
202300024173,9,3,2023,00:20,5,2,2,93,93074,2,3,2,1,2
202300024174,27,5,2023,20:50,2,1,3,01,01045,1,3,2,1,1
202300024174,27,5,2023,20:50,2,1,3,01,01045,1,3,2,1,1
202300024175,25,1,2023,10:54,1,8,6,10,10387,2,4,1,1,1
202300024176,15,11,2023,07:40,1,1,6,75,75104,2,4,1,1,1
202300024176,15,11,2023,07:40,1,1,6,75,75104,2,4,1,1,1
202300024177,9,3,2023,18:05,5,3,6,93,93061,2,4,2,2,2
202300024177,9,3,2023,18:05,5,3,6,93,93061,2,4,2,1,2
202300024178,5,8,2023,11:00,1,2,3,44,44029,1,4,2,1,2
202300024178,5,8,2023,11:00,1,2,3,44,44029,1,4,2,1,2
202300024179,26,1,2023,21:57,5,1,6,06,06088,2,4,1,1,1
202300024180,28,5,2023,17:30,1,1,7,86,86096,2,4,2,1,1
202300024181,4,8,2023,19:12,1,1,6,44,44087,1,3,2,1,1
202300024182,9,3,2023,21:05,5,3,6,93,93027,2,3,2,1,2
202300024182,9,3,2023,21:05,5,3,6,93,93027,2,3,2,1,2
202300024183,26,1,2023,16:15,1,2,3,75,75113,2,4,1,1,2
202300024183,26,1,2023,16:15,1,2,3,75,75113,2,4,1,1,2
202300024184,14,11,2023,22:01,5,2,3,94,94068,2,4,2,1,2
202300024185,5,8,2023,18:30,1,1,1,44,44015,1,4,2,1,1
202300024186,28,5,2023,02:50,3,1,6,85,85223,1,1,1,2,1
202300024187,9,3,2023,08:10,1,1,1,92,92072,2,3,1,1,2
202300024188,24,1,2023,22:30,5,1,3,75,75120,2,4,1,1,1
202300024189,14,11,2023,19:10,5,2,1,94,94015,2,4,2,1,2
202300024190,23,1,2023,12:35,1,1,3,75,75116,2,4,1,1,1
202300024191,8,3,2023,12:30,1,2,2,92,92072,2,3,2,1,2
202300024192,28,5,2023,07:35,1,1,2,02,02776,1,1,3,1,1
202300024193,4,8,2023,19:00,2,1,2,35,35263,1,3,2,2,1
202300024193,4,8,2023,19:00,2,1,2,35,35263,1,3,2,1,1
202300024194,9,3,2023,20:25,5,1,6,92,92064,2,3,2,2,1
202300024194,9,3,2023,20:25,5,1,6,92,92064,2,3,1,1,1
202300024195,5,8,2023,12:15,1,2,7,29,29277,2,4,2,1,2
202300024196,15,11,2023,09:01,1,1,2,94,94016,2,1,1,2,1
202300024196,15,11,2023,09:01,1,1,2,94,94016,2,1,-1,1,1
202300024197,25,1,2023,16:42,1,1,6,75,75112,2,4,2,1,1
202300024198,28,5,2023,10:11,1,1,2,68,68188,1,3,2,2,1
202300024199,5,8,2023,21:15,1,1,7,29,29018,1,4,2,1,1
202300024200,26,1,2023,22:20,5,8,6,75,75119,2,4,2,1,1
202300024200,26,1,2023,22:20,5,8,6,75,75119,2,4,1,1,1
202300024201,27,5,2023,13:30,1,1,6,972,97221,2,3,2,3,1
202300024202,13,11,2023,07:30,2,2,2,94,94041,2,4,2,1,2
202300024203,9,3,2023,17:21,1,2,3,92,92050,2,3,2,1,2
202300024204,7,8,2023,15:00,1,1,6,31,31576,1,3,2,1,1
202300024205,26,1,2023,08:25,1,2,6,75,75119,2,4,1,1,2
202300024205,26,1,2023,08:25,1,2,6,75,75119,2,4,1,1,2
202300024206,15,11,2023,13:20,1,1,3,94,94034,2,3,2,1,1
202300024207,9,3,2023,07:35,1,8,6,92,92050,2,3,2,1,2
202300024208,28,5,2023,11:45,1,1,3,28,28158,1,3,2,1,1
202300024209,26,1,2023,15:15,1,2,6,75,75115,2,4,2,1,2
202300024209,26,1,2023,15:15,1,2,6,75,75115,2,4,1,1,2
202300024210,15,11,2023,10:20,1,1,6,93,93049,2,4,2,2,1
202300024211,26,1,2023,17:05,5,2,6,75,75110,2,4,1,1,2
202300024212,8,3,2023,18:00,1,2,1,92,92036,2,3,2,1,2
202300024212,8,3,2023,18:00,1,2,1,92,92036,2,3,2,1,2
202300024213,26,5,2023,16:45,1,1,3,28,28006,1,3,2,1,1
202300024213,26,5,2023,16:45,1,1,3,28,28006,1,3,2,1,1
202300024214,26,1,2023,20:30,5,2,3,75,75103,2,4,2,1,2
202300024214,26,1,2023,20:30,5,2,3,75,75103,2,4,1,1,2
202300024215,9,3,2023,06:44,5,1,3,92,92012,2,3,2,1,1
202300024215,9,3,2023,06:44,5,1,3,92,92012,2,3,2,1,1
202300024216,28,5,2023,05:30,2,1,6,51,51203,1,3,2,1,1
202300024217,15,11,2023,16:30,1,1,3,93,93046,2,4,2,1,1
202300024217,15,11,2023,16:30,1,1,3,93,93046,2,4,2,1,1
202300024218,26,1,2023,16:40,1,8,3,94,94081,2,4,-1,1,1
202300024218,26,1,2023,16:40,1,8,3,94,94081,2,4,2,2,2
202300024219,10,3,2023,02:05,3,2,7,62,62149,1,3,2,1,2
202300024220,26,1,2023,07:00,5,8,6,94,94074,2,3,2,1,2
202300024221,15,11,2023,14:37,1,1,6,93,93063,2,3,2,1,1
202300024221,15,11,2023,14:37,1,1,6,93,93063,2,3,2,1,1
202300024222,7,3,2023,17:40,2,1,1,972,97223,2,3,2,1,1
202300024222,7,3,2023,17:40,2,1,1,972,97223,2,3,-1,-1,-1
202300024223,26,1,2023,07:30,2,2,6,93,93049,2,3,2,1,2
202300024223,26,1,2023,07:30,2,2,6,93,93049,2,3,2,1,2
202300024224,28,5,2023,14:50,1,1,7,68,68106,1,3,2,2,1
202300024225,10,3,2023,07:10,1,1,6,972,97227,2,4,2,2,1
202300024226,15,11,2023,12:56,1,1,3,93,93031,2,3,3,1,1
202300024227,26,1,2023,15:20,1,2,6,94,94038,2,4,2,1,2
202300024228,8,3,2023,19:45,3,3,3,35,35152,1,1,3,2,2
202300024229,27,5,2023,18:40,1,1,1,71,71456,1,3,2,1,1
202300024230,25,1,2023,14:13,1,1,6,94,94028,2,3,3,1,1
202300024231,15,11,2023,09:00,1,1,3,92,92020,2,3,2,1,1
202300024231,15,11,2023,09:00,1,1,3,92,92020,2,3,2,1,1
202300024232,26,1,2023,13:45,1,2,6,94,94077,2,3,2,1,2
202300024233,27,5,2023,19:35,1,1,7,38,38342,1,3,2,4,1
202300024234,26,1,2023,17:23,2,2,3,93,93073,2,4,2,1,2
202300024234,26,1,2023,17:23,2,2,3,93,93073,2,4,2,1,2
202300024235,14,11,2023,19:47,3,1,3,92,92035,2,3,2,1,1
202300024235,14,11,2023,19:47,3,1,3,92,92035,2,3,3,1,1
202300024236,9,3,2023,12:40,1,1,6,62,62422,2,3,2,1,1
202300024236,9,3,2023,12:40,1,1,6,62,62422,2,3,1,1,1
202300024237,26,1,2023,16:45,1,2,3,93,93078,2,4,2,1,2
202300024238,14,11,2023,10:30,1,2,3,92,92035,2,3,2,1,2
202300024238,14,11,2023,10:30,1,2,3,92,92035,2,3,2,1,2
202300024239,28,5,2023,16:30,1,7,3,22,22175,1,3,2,2,1
202300024239,28,5,2023,16:30,1,7,3,22,22175,1,3,2,1,1
202300024240,26,1,2023,12:45,1,2,3,93,93078,2,3,4,1,2
202300024240,26,1,2023,12:45,1,2,3,93,93078,2,3,2,1,2
202300024241,15,11,2023,19:35,5,1,3,92,92023,2,3,2,1,1
202300024241,15,11,2023,19:35,5,1,3,92,92023,2,3,2,1,1
202300024242,10,3,2023,00:00,3,5,7,30,30117,1,3,2,1,1
202300024243,26,1,2023,17:25,1,2,6,93,93066,2,4,2,1,2
202300024244,26,5,2023,14:20,1,1,3,34,34270,2,7,2,1,1
202300024244,26,5,2023,14:20,1,1,3,34,34270,2,7,2,1,1
202300024245,5,3,2023,16:30,1,1,7,30,30060,2,3,2,1,1
202300024246,15,11,2023,19:10,5,1,6,92,92012,2,3,2,1,1
202300024247,26,1,2023,18:25,3,2,3,93,93048,2,3,1,1,2
202300024247,26,1,2023,18:25,3,2,3,93,93048,2,3,3,1,2
202300024248,9,3,2023,19:20,3,3,3,51,51625,1,3,2,1,2
202300024249,27,5,2023,11:30,1,1,2,83,83087,2,3,2,1,1
202300024250,26,1,2023,07:55,2,1,3,93,93006,2,3,1,1,1
202300024250,26,1,2023,07:55,2,1,3,93,93006,2,3,2,1,1
202300024251,9,3,2023,11:10,1,2,6,19,19055,1,4,2,2,2
202300024252,16,11,2023,11:50,1,2,1,976,97610,1,2,2,1,2
202300024253,10,3,2023,13:40,1,1,6,65,65128,1,3,2,2,1
202300024254,8,5,2023,22:00,3,1,1,83,83096,1,3,2,1,1
202300024255,25,1,2023,21:40,5,1,3,93,93047,2,4,2,1,1
202300024255,25,1,2023,21:40,5,1,3,93,93047,2,4,2,1,1
202300024256,16,11,2023,06:40,3,2,6,08,08339,1,3,2,1,2
202300024257,27,5,2023,15:05,1,1,6,62,62080,2,4,2,1,1
202300024258,9,3,2023,10:30,1,1,1,11,11304,1,3,2,2,2
202300024259,26,1,2023,09:30,1,2,2,93,93010,2,3,3,1,2
202300024260,9,3,2023,16:29,1,2,6,63,63432,2,3,2,2,2
202300024261,26,1,2023,13:40,1,2,3,93,93008,2,3,2,1,2
202300024261,26,1,2023,13:40,1,2,3,93,93008,2,3,3,1,2
202300024262,15,11,2023,18:50,5,2,3,86,86272,1,3,2,1,2
202300024262,15,11,2023,18:50,5,2,3,86,86272,1,3,2,1,2
202300024263,26,5,2023,13:55,1,1,2,51,51409,1,3,2,1,1
202300024263,26,5,2023,13:55,1,1,2,51,51409,1,3,2,1,1
202300024264,10,3,2023,14:45,1,2,1,41,41049,1,3,2,2,2
202300024265,26,1,2023,10:40,1,2,3,93,93001,2,3,3,1,2
202300024266,27,5,2023,17:30,1,1,6,56,56052,2,4,2,1,1
202300024267,27,1,2023,14:50,1,1,6,21,21021,1,1,1,1,1
202300024268,10,3,2023,10:25,1,6,3,34,34130,1,3,2,1,1
202300024268,10,3,2023,10:25,1,6,3,34,34130,1,3,2,1,1
202300024269,15,11,2023,18:00,2,1,5,43,43117,1,2,2,1,1
202300024269,15,11,2023,18:00,2,1,5,43,43117,1,2,2,1,1
202300024270,27,5,2023,04:50,3,1,6,11,11262,1,3,2,1,1
202300024271,26,1,2023,20:10,3,2,2,37,37261,1,1,2,1,2
202300024271,26,1,2023,20:10,3,2,2,37,37261,1,1,3,1,2
202300024272,8,3,2023,15:40,1,2,3,68,68138,2,3,-1,1,2
202300024272,8,3,2023,15:40,1,2,3,68,68138,2,3,-1,1,2
202300024273,26,1,2023,19:30,3,8,1,51,51527,1,3,2,2,2
202300024274,28,5,2023,07:00,1,5,6,63,63283,1,3,2,1,2
202300024275,15,11,2023,18:50,5,1,3,68,68145,2,3,2,1,1
202300024276,26,1,2023,11:15,1,1,6,2B,2B218,1,2,2,1,1
202300024277,9,3,2023,12:30,1,2,6,22,22366,2,3,2,1,2
202300024278,26,1,2023,20:55,5,1,7,2B,2B050,1,3,2,1,1
202300024279,15,11,2023,18:35,3,1,7,974,97404,1,3,2,2,1
202300024280,28,5,2023,10:45,1,1,3,63,63239,2,3,2,1,1
202300024281,10,3,2023,12:30,1,1,1,22,22147,2,3,2,1,1
202300024282,27,5,2023,18:10,1,1,6,61,61309,1,3,2,2,1
202300024283,14,11,2023,06:50,1,1,6,972,97227,1,3,2,1,1
202300024284,27,1,2023,04:40,4,4,7,63,63073,1,3,2,1,7
202300024285,9,3,2023,11:45,1,2,1,35,35068,2,3,2,2,2
202300024286,29,10,2023,13:00,1,1,7,51,51029,2,3,2,1,1
202300024287,28,5,2023,05:50,3,1,7,49,49125,2,4,2,1,1
202300024287,28,5,2023,05:50,3,1,7,49,49125,2,4,1,1,1
202300024288,26,1,2023,18:00,2,1,6,47,47100,2,4,2,1,1
202300024289,15,11,2023,17:20,2,2,6,56,56193,1,3,2,1,2
202300024290,20,1,2023,18:40,3,4,7,34,34028,2,4,2,2,7
202300024291,29,10,2023,12:30,1,1,6,2A,2A017,1,3,2,2,1
202300024292,20,1,2023,08:05,1,8,6,44,44084,2,4,2,1,2
202300024293,9,3,2023,18:20,1,2,5,35,35299,1,3,2,1,2
202300024294,27,5,2023,20:55,2,1,6,12,12182,1,4,2,1,1
202300024295,18,1,2023,22:51,3,1,7,44,44192,1,4,2,1,1
202300024296,27,5,2023,01:55,3,1,6,47,47119,1,3,2,1,1
202300024297,10,3,2023,11:45,1,8,2,58,58079,1,2,2,2,1
202300024298,26,1,2023,10:50,1,1,6,29,29062,1,3,2,2,1
202300024299,10,11,2023,14:40,1,3,1,32,32256,2,2,2,2,8
202300024300,10,3,2023,12:37,1,6,6,58,58122,1,3,2,1,1
202300024301,27,1,2023,05:30,4,5,3,03,03223,2,3,2,1,7
202300024301,27,1,2023,05:30,4,5,3,03,03223,2,3,3,1,7
202300024302,27,5,2023,15:20,1,1,3,41,41296,1,4,2,1,1
202300024302,27,5,2023,15:20,1,1,3,41,41296,1,4,-1,1,9
202300024303,16,11,2023,16:40,1,2,1,89,89276,1,2,2,1,2
202300024304,10,3,2023,12:25,1,1,3,06,06059,1,7,2,2,1
202300024305,13,11,2023,16:00,1,2,6,49,49339,1,4,-1,1,2
202300024306,26,5,2023,11:20,1,1,3,34,34194,2,3,2,1,1
202300024306,26,5,2023,11:20,1,1,3,34,34194,2,3,2,4,1
202300024307,25,1,2023,07:35,3,1,3,01,01258,1,3,2,1,1
202300024307,25,1,2023,07:35,3,1,3,01,01258,1,3,2,1,1
202300024308,8,3,2023,09:45,1,1,1,60,60577,2,4,2,1,1
202300024309,25,1,2023,14:15,1,1,6,58,58250,1,3,2,1,2
202300024310,28,5,2023,16:00,1,1,6,34,34036,2,3,2,1,1
202300024311,15,11,2023,07:50,2,8,3,12,12288,1,3,2,2,2
202300024311,15,11,2023,07:50,2,8,3,12,12288,1,3,2,1,1
202300024312,1,1,2023,07:15,3,1,6,14,14290,2,3,2,2,1
202300024313,7,3,2023,11:40,1,1,2,18,18223,1,3,2,2,1
202300024314,28,5,2023,09:00,1,1,6,39,39478,2,3,2,1,1