id_accident,jour,mois,annee,heure_minute,luminosite,meteo,type_collision,departement,commune,agglomeration,categorie_route,regime_circulation,profil_route,etat_surface
202300024315,27,1,2023,17:00,1,1,1,18,18242,1,3,1,1,1
202300024316,5,3,2023,21:30,3,1,6,16,16082,2,3,2,1,1
202300024317,27,5,2023,13:10,1,1,6,39,39510,1,3,2,2,1
202300024318,15,11,2023,20:00,3,1,1,47,47173,1,3,2,1,1
202300024318,15,11,2023,20:00,3,1,1,47,47173,1,3,2,4,1
202300024319,26,1,2023,16:20,1,1,3,10,10401,2,5,-1,1,1
202300024319,26,1,2023,16:20,1,1,3,10,10401,2,5,2,1,1
202300024320,18,5,2023,08:15,2,1,6,39,39510,1,3,2,2,1
202300024321,16,11,2023,09:45,1,1,7,34,34142,1,3,2,1,2
202300024322,9,3,2023,16:25,1,7,1,21,21479,1,3,2,1,1
202300024323,26,1,2023,17:05,2,8,6,21,21154,2,3,2,1,2
202300024324,27,1,2023,13:15,1,1,7,85,85289,1,3,2,2,1
202300024325,10,11,2023,07:35,2,2,6,35,35069,2,3,2,1,2
202300024326,27,1,2023,12:50,1,2,1,87,87097,1,3,2,1,2
202300024327,9,3,2023,18:50,2,1,1,85,85172,1,3,2,1,2
202300024327,9,3,2023,18:50,2,1,1,85,85172,1,3,2,1,2
202300024328,15,11,2023,22:00,3,2,6,35,35284,1,3,3,1,2
202300024329,26,1,2023,14:07,1,1,6,34,34255,2,4,2,1,1
202300024330,27,5,2023,10:50,1,1,3,38,38257,1,3,2,2,1
202300024331,9,3,2023,23:15,3,8,7,27,27243,1,3,2,2,2
202300024332,17,1,2023,14:45,1,8,7,53,53267,1,1,3,1,2
202300024333,15,11,2023,14:00,1,1,1,35,35243,1,3,2,1,1
202300024334,27,1,2023,07:20,2,1,6,06,06088,1,1,1,1,1
202300024335,28,5,2023,11:47,1,1,3,02,02382,1,3,2,1,1
202300024336,8,3,2023,22:10,3,3,3,28,28098,1,3,2,1,2
202300024336,8,3,2023,22:10,3,3,3,28,28098,1,3,2,1,2
202300024337,19,1,2023,07:10,3,4,6,64,64545,1,1,3,2,2
202300024338,27,5,2023,21:15,2,1,7,72,72150,1,3,2,1,1
202300024339,15,11,2023,19:22,3,1,3,38,38297,1,3,2,1,1
202300024339,15,11,2023,19:22,3,1,3,38,38297,1,3,2,1,1
202300024340,9,3,2023,18:05,1,3,1,37,37083,2,4,2,1,2
202300024340,9,3,2023,18:05,1,3,1,37,37083,2,4,2,1,2
202300024341,27,5,2023,02:45,3,1,6,14,14098,1,3,2,1,1
202300024342,18,1,2023,20:05,3,4,5,64,64038,1,1,3,2,7
202300024343,15,11,2023,15:40,1,8,1,14,14143,1,3,2,2,1
202300024344,27,1,2023,12:10,1,1,2,60,60281,1,1,3,1,1
202300024345,9,3,2023,11:34,1,1,3,13,13044,1,3,2,2,1
202300024346,28,5,2023,16:18,1,1,3,18,18082,1,3,2,2,1
202300024347,26,1,2023,10:30,1,1,7,987,98749,2,4,2,1,1
202300024348,16,11,2023,10:00,1,1,1,07,07288,1,3,2,2,2
202300024349,25,1,2023,07:30,1,3,1,974,97410,1,2,2,2,2
202300024350,16,11,2023,06:40,3,3,7,28,28298,1,3,2,1,2
202300024351,26,5,2023,19:40,1,1,3,10,10268,1,3,2,2,1
202300024352,10,3,2023,07:45,1,6,4,86,86297,1,3,2,2,1
202300024352,10,3,2023,07:45,1,6,4,86,86297,1,3,2,2,1
202300024353,18,1,2023,17:45,1,1,1,978,97801,2,4,2,2,1
202300024354,28,5,2023,15:45,1,1,6,10,10221,1,3,2,2,1
202300024355,15,11,2023,10:30,1,1,2,17,17003,1,3,1,1,1
202300024356,9,3,2023,17:10,1,1,6,38,38343,1,1,1,1,1
202300024357,20,1,2023,10:15,1,4,6,78,78416,1,4,2,3,5
202300024358,14,11,2023,11:30,1,3,7,08,08383,1,3,2,1,2
202300024359,26,1,2023,14:10,1,6,6,66,66065,2,4,2,1,1
202300024360,28,5,2023,04:23,3,1,6,36,36053,1,3,2,1,1
202300024361,10,3,2023,09:30,1,1,1,988,98817,1,3,2,1,1
202300024362,16,11,2023,08:40,1,2,1,13,13008,1,3,2,2,2
202300024363,20,1,2023,08:00,1,1,1,34,34052,1,3,2,1,2
202300024364,17,1,2023,15:15,1,1,7,83,83086,1,3,2,1,1
202300024365,6,3,2023,15:20,1,1,3,971,97118,1,3,2,4,1
202300024366,28,5,2023,00:20,5,1,1,21,21347,1,3,1,1,1
202300024366,28,5,2023,00:20,5,1,1,21,21347,1,3,2,1,1
202300024367,16,11,2023,01:00,3,1,3,11,11322,1,1,-1,1,1
202300024368,27,1,2023,08:50,1,1,6,13,13041,2,4,3,1,1
202300024369,14,11,2023,06:20,2,2,2,38,38343,1,1,3,1,2
202300024370,27,1,2023,07:00,5,1,3,38,38087,2,4,2,1,2
202300024370,27,1,2023,07:00,5,1,3,38,38087,2,4,2,1,2
202300024370,27,1,2023,07:00,5,1,3,38,38087,2,4,2,1,2
202300024371,6,3,2023,13:45,1,1,3,66,66171,2,3,1,1,1
202300024371,6,3,2023,13:45,1,1,3,66,66171,2,3,2,1,1
202300024372,28,5,2023,16:15,1,1,1,24,24528,1,3,2,1,1
202300024373,26,1,2023,17:05,1,2,6,32,32312,1,3,2,2,2
202300024374,3,3,2023,08:25,1,1,6,84,84003,2,3,3,1,1
202300024375,16,11,2023,07:20,3,3,2,27,27697,1,1,1,1,2
202300024376,28,5,2023,14:58,1,1,7,04,04107,1,3,2,1,1
202300024377,26,1,2023,11:20,1,1,2,22,22086,1,3,2,1,1
202300024378,9,3,2023,20:50,5,1,2,83,83099,1,3,1,1,1
202300024379,27,5,2023,18:40,1,1,6,04,04084,1,3,2,1,1
202300024380,27,1,2023,14:00,1,1,6,59,59120,2,3,2,1,1
202300024380,27,1,2023,14:00,1,1,6,59,59120,2,3,2,1,1
202300024381,15,11,2023,20:10,3,1,5,84,84129,1,1,3,2,1
202300024382,27,5,2023,18:56,1,1,1,85,85101,1,4,2,1,1
202300024383,27,1,2023,07:20,3,1,1,59,59366,1,3,2,1,1
202300024384,15,11,2023,18:35,5,1,1,971,97117,1,4,-1,2,1
202300024385,9,3,2023,17:18,1,1,2,38,38474,1,7,2,2,1
202300024386,26,1,2023,08:30,1,1,2,13,13106,1,1,-1,1,1
202300024387,9,3,2023,20:30,3,1,6,26,26038,1,3,2,2,1
202300024388,28,5,2023,12:00,1,1,3,37,37028,1,3,2,1,1
202300024388,28,5,2023,12:00,1,1,3,37,37028,1,3,2,3,1
202300024389,15,11,2023,18:55,3,1,2,84,84067,2,3,2,1,1
202300024390,25,1,2023,07:30,2,1,2,13,13215,1,1,1,1,1
202300024391,10,3,2023,15:20,1,1,1,26,26220,2,3,2,2,1
202300024392,28,5,2023,04:00,3,1,6,37,37231,2,3,2,2,1
202300024393,26,1,2023,17:45,5,2,2,94,94034,1,1,-1,1,2
202300024394,26,5,2023,17:01,1,1,7,88,88075,1,3,2,1,1
202300024395,15,11,2023,11:40,1,1,6,73,73030,2,4,1,1,1
202300024396,8,3,2023,09:50,1,1,3,26,26170,1,3,2,1,1
202300024396,8,3,2023,09:50,1,1,3,26,26170,1,3,-1,1,1
202300024397,26,1,2023,10:15,1,8,4,91,91286,1,1,1,1,2
202300024398,26,5,2023,07:50,1,1,7,44,44026,1,1,3,1,1
202300024399,16,11,2023,15:54,1,1,6,42,42149,2,3,2,1,1
202300024399,16,11,2023,15:54,1,1,6,42,42149,2,3,2,1,1
202300024400,26,1,2023,10:10,1,1,3,91,91340,1,1,1,1,1
202300024401,28,5,2023,11:50,1,1,6,11,11262,1,4,2,1,1
202300024402,9,3,2023,15:09,1,2,3,22,22070,2,4,2,3,2
202300024402,9,3,2023,15:09,1,2,3,22,22070,2,4,2,3,2
202300024403,26,1,2023,12:00,1,2,3,92,92047,1,1,-1,1,2
202300024404,15,11,2023,17:00,1,1,2,19,19146,1,3,2,1,1
202300024405,10,3,2023,19:25,3,1,6,60,60454,1,3,2,2,2
202300024406,28,5,2023,05:45,1,1,3,971,97126,2,4,1,1,1
202300024406,28,5,2023,05:45,1,1,3,971,97126,2,4,2,1,1
202300024407,25,1,2023,04:10,3,1,2,78,78423,1,2,1,1,1
202300024408,26,1,2023,14:20,1,1,6,95,95018,1,1,3,1,1
202300024409,27,5,2023,19:40,1,1,6,45,45212,1,3,2,1,1
202300024410,25,1,2023,20:30,5,1,3,95,95212,1,1,-1,1,1
202300024411,9,3,2023,16:00,1,2,7,59,59497,1,3,2,1,2
202300024411,9,3,2023,16:00,1,2,7,59,59497,1,3,2,1,2
202300024412,26,1,2023,07:15,2,5,6,95,95527,1,1,3,1,1
202300024413,28,5,2023,05:43,2,1,6,77,77272,1,3,2,1,1
202300024414,15,11,2023,10:40,1,2,3,17,17119,1,3,2,1,2
202300024414,15,11,2023,10:40,1,2,3,17,17119,1,3,2,1,2
202300024415,26,1,2023,05:10,3,8,6,95,95582,1,1,3,1,1
202300024416,8,3,2023,10:10,1,2,6,86,86194,2,4,-1,1,2
202300024417,25,1,2023,12:30,1,2,6,95,95572,1,1,1,2,2
202300024418,27,5,2023,04:40,3,1,6,34,34058,2,6,-1,1,1
202300024419,8,3,2023,14:45,1,1,6,24,24037,2,4,1,1,9
202300024420,12,11,2023,07:25,2,2,1,33,33272,1,3,2,2,2
202300024421,25,1,2023,12:00,1,1,6,93,93027,1,1,1,1,1
202300024422,7,3,2023,20:15,5,1,6,72,72181,2,4,3,3,1
202300024423,25,1,2023,07:25,2,8,6,95,95018,1,1,3,2,1
202300024424,27,5,2023,17:30,1,1,3,83,83112,1,3,2,1,1
202300024424,27,5,2023,17:30,1,1,3,83,83112,1,3,2,1,1
202300024425,7,3,2023,17:30,1,1,6,27,27229,2,4,2,1,1
202300024426,4,11,2023,08:50,1,3,2,29,29042,1,3,2,2,2
202300024427,25,1,2023,23:38,3,1,4,94,94022,1,1,-1,1,1
202300024428,27,5,2023,20:40,1,1,7,08,08316,2,3,2,2,1
202300024429,6,3,2023,11:49,1,1,6,77,77053,2,6,-1,1,1
202300024430,25,1,2023,18:00,3,5,3,94,94069,1,1,1,1,2
202300024431,15,11,2023,09:10,1,1,2,69,69091,1,1,3,1,1
202300024432,28,5,2023,02:20,5,1,6,68,68262,2,4,3,1,1
202300024433,8,3,2023,16:20,1,1,3,973,97302,2,3,2,1,1
202300024434,25,1,2023,08:15,5,8,6,62,62826,2,4,2,2,1
202300024434,25,1,2023,08:15,5,8,6,62,62826,2,4,2,2,1
202300024435,8,3,2023,15:20,1,1,6,973,97302,2,3,2,1,1
202300024436,24,1,2023,14:50,1,8,6,33,33119,2,2,3,1,1
202300024436,24,1,2023,14:50,1,8,6,33,33119,2,2,1,1,1
202300024437,27,5,2023,19:15,1,1,1,57,57482,1,3,2,1,1
202300024437,27,5,2023,19:15,1,1,1,57,57482,1,3,2,1,1
202300024438,23,1,2023,15:10,1,1,6,29,29019,2,4,2,1,1
202300024439,8,3,2023,05:30,2,1,3,972,97213,2,3,1,1,1
202300024439,8,3,2023,05:30,2,1,3,972,97213,2,3,2,1,1
202300024440,23,1,2023,04:30,3,8,6,974,97416,2,3,-1,1,1
202300024441,28,5,2023,07:35,1,1,6,73,73316,1,3,2,1,1
202300024441,28,5,2023,07:35,1,1,6,73,73316,1,3,2,2,1
202300024442,8,3,2023,00:40,5,1,3,972,97209,1,3,1,3,1
202300024443,25,1,2023,12:00,1,2,3,974,97411,2,2,2,2,2
202300024443,25,1,2023,12:00,1,2,3,974,97411,2,2,1,2,2
202300024444,13,11,2023,07:30,1,8,5,54,54312,1,1,3,1,2
202300024445,27,5,2023,09:45,1,1,7,38,38236,2,4,2,2,1
202300024445,27,5,2023,09:45,1,1,7,38,38236,2,4,2,1,1
202300024446,8,3,2023,09:55,1,8,6,69,69389,2,4,2,1,2
202300024446,8,3,2023,09:55,1,8,6,69,69389,2,4,2,1,2
202300024447,23,1,2023,11:20,1,2,3,974,97411,2,4,1,1,2
202300024448,27,5,2023,16:40,1,1,6,38,38442,1,3,2,2,1
202300024449,24,1,2023,23:00,3,2,6,974,97407,2,4,3,1,2
202300024450,8,3,2023,19:00,5,1,3,971,97113,2,3,2,1,1
202300024451,27,5,2023,19:10,1,1,7,26,26307,1,4,2,2,1
202300024452,15,11,2023,18:55,3,1,2,33,33075,1,1,3,1,1
202300024453,26,1,2023,00:10,5,1,7,69,69387,2,4,1,1,1
202300024454,8,3,2023,09:10,1,2,3,95,95210,2,4,3,1,2
202300024455,27,5,2023,19:10,1,1,6,07,07133,1,4,1,2,1
202300024456,24,1,2023,07:50,1,1,6,972,97209,2,3,3,1,1
202300024457,24,5,2023,16:00,1,1,6,31,31395,2,6,-1,1,1
202300024458,15,11,2023,14:15,1,1,4,33,33550,1,1,3,1,1
202300024459,21,1,2023,23:10,5,2,3,69,69034,2,4,2,1,2
202300024459,21,1,2023,23:10,5,2,3,69,69034,2,4,2,1,2
202300024460,8,3,2023,10:30,1,2,3,91,91514,2,3,2,1,2
202300024460,8,3,2023,10:30,1,2,3,91,91514,2,3,2,1,2
202300024461,27,5,2023,16:50,1,1,1,33,33238,2,4,4,2,1
202300024462,15,11,2023,09:08,1,1,6,33,33550,1,1,1,1,2
202300024463,25,1,2023,12:40,1,1,6,971,97101,2,4,2,1,9
202300024464,27,5,2023,09:45,1,1,3,49,49138,1,3,2,1,1
202300024465,7,3,2023,23:41,5,1,3,87,87085,2,4,2,1,1
202300024465,7,3,2023,23:41,5,1,3,87,87085,2,4,2,1,1
202300024466,14,11,2023,15:21,1,3,6,59,59447,1,1,-1,1,2
202300024467,27,5,2023,16:10,1,1,5,22,22260,1,3,2,2,1
202300024468,15,11,2023,13:00,1,1,2,94,94076,1,1,-1,1,1
202300024469,24,1,2023,12:03,1,8,4,91,91692,2,4,2,1,1
202300024470,15,11,2023,10:05,1,1,2,91,91521,1,1,3,1,1
202300024471,27,5,2023,15:55,1,1,2,76,76024,1,5,2,1,6
202300024472,18,1,2023,17:50,5,1,6,91,91174,2,3,2,1,1
202300024473,18,1,2023,11:35,1,1,6,91,91228,2,4,2,1,1
202300024474,15,11,2023,08:50,1,1,3,91,91689,1,1,1,2,1
202300024475,28,5,2023,08:05,1,1,6,02,02290,2,3,2,2,1
202300024476,8,3,2023,19:20,5,2,1,77,77449,2,3,2,1,2
202300024476,8,3,2023,19:20,5,2,1,77,77449,2,3,3,1,2
202300024477,17,1,2023,18:10,5,2,6,91,91228,2,3,2,1,2
202300024477,17,1,2023,18:10,5,2,6,91,91228,2,3,2,1,2
202300024478,8,3,2023,20:05,5,3,6,77,77186,2,4,2,3,2
202300024479,28,5,2023,15:20,1,7,3,62,62318,2,4,2,1,1
202300024479,28,5,2023,15:20,1,7,3,62,62318,2,4,2,2,1
202300024480,14,11,2023,19:00,3,1,2,92,92036,1,1,2,1,2
202300024481,17,1,2023,21:13,5,1,2,91,91521,2,4,2,1,1
202300024482,8,3,2023,19:30,5,2,6,76,76540,2,7,2,1,2
202300024482,8,3,2023,19:30,5,2,6,76,76540,2,7,2,1,2
202300024483,13,11,2023,11:25,1,2,6,78,78043,1,1,1,2,2
202300024484,27,5,2023,04:58,3,1,2,13,13211,1,1,3,1,1
202300024485,13,9,2023,16:00,1,1,3,84,84003,2,3,2,1,1
202300024485,13,9,2023,16:00,1,1,3,84,84003,2,3,-1,-1,-1
202300024486,15,11,2023,18:15,5,1,2,77,77372,1,1,3,1,1
202300024487,26,5,2023,17:15,1,1,2,13,13005,1,1,3,1,1
202300024488,8,3,2023,13:30,1,1,3,76,76217,2,3,2,1,2
202300024488,8,3,2023,13:30,1,1,3,76,76217,2,3,2,1,2
202300024489,13,9,2023,02:00,3,1,6,84,84054,1,3,2,1,1
202300024490,28,6,2023,17:05,1,1,2,91,91044,2,3,3,1,1
202300024491,27,5,2023,08:45,1,1,2,38,38184,1,1,3,2,1
202300024492,7,3,2023,11:35,1,1,2,72,72181,2,4,2,1,1
202300024493,12,9,2023,12:05,1,1,1,84,84119,2,4,2,1,1
202300024494,23,5,2023,14:35,1,1,2,69,69389,1,7,3,1,1
202300024495,25,5,2023,02:05,5,1,3,91,91521,2,3,2,1,1
202300024495,25,5,2023,02:05,5,1,3,91,91521,2,3,1,1,1
202300024496,8,3,2023,03:30,5,1,3,69,69259,2,4,2,1,1
202300024497,12,9,2023,19:20,1,1,3,83,83081,1,3,2,1,1
202300024497,12,9,2023,19:20,1,1,3,83,83081,1,3,2,1,1
202300024498,27,5,2023,18:55,1,1,2,94,94034,1,1,1,1,1
202300024499,24,5,2023,14:12,1,1,7,91,91249,1,1,3,1,1
202300024500,8,3,2023,10:00,1,1,3,67,67482,2,4,3,1,1
202300024501,13,9,2023,13:25,1,1,1,52,52276,1,4,2,1,9
202300024502,27,5,2023,19:00,1,1,4,91,91434,1,1,1,2,1
202300024503,8,3,2023,11:25,1,1,3,64,64348,2,4,2,1,1
202300024504,16,8,2023,22:30,3,1,7,74,74063,1,3,2,2,1
202300024505,26,5,2023,19:45,1,1,3,94,94016,1,1,3,2,1
202300024506,8,3,2023,15:40,1,2,3,59,59512,2,4,1,1,2
202300024507,8,3,2023,10:20,1,1,6,54,54395,2,4,1,1,1
202300024507,8,3,2023,10:20,1,1,6,54,54395,2,4,1,1,1
202300024508,27,5,2023,18:22,1,1,2,92,92036,1,1,1,1,1
202300024509,13,9,2023,10:18,1,8,3,54,54229,2,3,2,1,1
202300024509,13,9,2023,10:18,1,8,3,54,54229,2,3,2,1,1
202300024510,18,8,2023,17:08,1,1,1,74,74281,2,4,2,2,1
202300024510,18,8,2023,17:08,1,1,1,74,74281,2,4,2,2,1
202300024511,27,5,2023,08:50,1,1,6,95,95252,1,1,3,1,1
202300024512,7,3,2023,19:30,5,1,6,54,54395,2,4,1,1,1
202300024512,7,3,2023,19:30,5,1,6,54,54395,2,4,3,1,1
202300024513,12,9,2023,16:36,1,1,6,69,69094,1,4,1,1,1
202300024514,26,5,2023,22:19,3,1,6,95,95277,1,1,1,2,1
202300024515,9,9,2023,10:30,1,7,6,69,69067,1,3,2,1,1
202300024516,7,3,2023,12:30,1,1,6,54,54439,2,4,2,1,1
202300024517,26,5,2023,13:05,1,1,2,93,93005,1,1,3,1,1
202300024518,8,3,2023,16:55,1,2,3,51,51454,2,4,2,1,2
202300024518,8,3,2023,16:55,1,2,3,51,51454,2,4,2,1,2
202300024519,4,9,2023,21:53,3,1,6,33,33284,1,3,-1,1,1
202300024520,8,3,2023,08:50,1,2,6,51,51454,2,4,2,1,2
202300024521,13,9,2023,07:00,2,1,6,49,49020,1,3,2,1,1
202300024522,30,8,2023,12:20,1,1,6,74,74099,2,3,2,1,1
202300024523,8,3,2023,07:40,1,2,6,51,51454,2,4,1,1,2
202300024524,27,5,2023,12:25,1,1,4,77,77450,1,2,3,2,1
202300024525,12,9,2023,21:50,5,2,2,60,60462,2,3,2,1,2
202300024526,8,3,2023,05:40,5,2,6,51,51454,2,4,2,1,2
202300024527,6,3,2023,13:50,1,1,6,51,51454,2,4,2,1,1
202300024528,12,9,2023,18:10,1,1,3,13,13071,1,1,1,1,1
202300024529,12,8,2023,13:00,1,1,1,74,74263,2,3,2,1,1
202300024529,12,8,2023,13:00,1,1,1,74,74263,2,3,2,1,1
202300024530,26,5,2023,20:00,1,1,4,77,77294,1,1,-1,1,1
202300024531,7,3,2023,17:30,1,2,3,50,50129,2,4,2,1,2
202300024531,7,3,2023,17:30,1,2,3,50,50129,2,4,2,1,2
202300024532,26,5,2023,14:40,1,1,6,72,72181,2,4,1,1,1
202300024533,25,8,2023,20:00,2,1,6,74,74001,1,3,2,1,1
202300024534,12,9,2023,10:05,1,1,2,13,13070,1,1,1,1,1
202300024535,4,3,2023,19:30,5,1,1,50,50129,2,4,2,1,1
202300024535,4,3,2023,19:30,5,1,1,50,50129,2,4,2,1,1
202300024535,4,3,2023,19:30,5,1,1,50,50129,2,4,3,1,1
202300024536,12,9,2023,11:35,1,1,3,13,13005,1,1,3,2,1
202300024537,23,2,2023,17:15,1,1,3,73,73011,2,4,2,1,1
202300024537,23,2,2023,17:15,1,1,3,73,73011,2,4,2,1,1
202300024538,8,3,2023,16:50,1,2,2,45,45302,2,4,2,1,2
202300024539,20,8,2023,12:15,1,7,1,74,74082,1,3,2,2,1
202300024539,20,8,2023,12:15,1,7,1,74,74082,1,3,2,1,1
202300024540,12,9,2023,07:15,1,1,3,13,13005,1,1,3,1,1
202300024541,26,5,2023,16:25,1,1,3,973,97302,2,3,2,1,1
202300024542,8,3,2023,08:53,1,2,3,45,45004,2,3,2,1,2
202300024543,25,8,2023,16:40,1,1,1,74,74007,1,3,2,1,1
202300024544,11,9,2023,17:00,1,1,2,13,13071,1,1,1,1,1
202300024545,26,5,2023,14:00,1,1,1,69,69386,2,4,1,1,1
202300024545,26,5,2023,14:00,1,1,1,69,69386,2,4,1,1,1
202300024546,8,3,2023,20:30,5,2,6,38,38185,2,4,1,1,2
202300024546,8,3,2023,20:30,5,2,6,38,38185,2,4,1,1,2
202300024547,25,8,2023,16:40,1,1,6,74,74042,2,6,-1,1,1
202300024548,12,9,2023,18:20,1,1,6,83,83137,1,1,3,1,1
202300024549,8,3,2023,15:40,1,8,3,38,38185,2,4,2,1,2
202300024550,9,8,2023,15:38,1,1,7,74,74096,1,3,2,2,1
202300024551,12,9,2023,09:30,1,1,2,83,83137,2,1,-1,1,1
202300024552,26,5,2023,17:30,1,1,5,972,97213,1,3,2,1,1
202300024553,8,3,2023,08:45,1,2,3,37,37261,2,4,2,1,2
202300024553,8,3,2023,08:45,1,2,3,37,37261,2,4,2,1,2
202300024554,2,8,2023,09:30,1,1,7,74,74033,1,4,2,2,1
202300024555,12,9,2023,02:08,4,2,6,33,33122,1,1,3,1,2
202300024556,26,5,2023,12:50,1,1,3,69,69389,2,4,2,2,1
202300024557,8,3,2023,15:25,1,1,6,35,35238,2,4,2,1,1
202300024558,10,9,2023,20:00,1,1,2,62,62274,1,1,1,1,1
202300024559,8,8,2023,07:30,1,1,3,74,74001,1,3,4,2,1
202300024559,8,8,2023,07:30,1,1,3,74,74001,1,3,2,2,1
202300024560,26,5,2023,07:55,1,7,6,69,69385,2,4,2,1,1
202300024561,8,3,2023,13:05,1,2,1,35,35051,2,4,2,1,2
202300024562,17,8,2023,13:22,1,1,6,74,74063,2,4,2,2,1
202300024563,26,5,2023,15:45,1,1,6,971,97105,2,4,2,1,1
202300024564,8,3,2023,19:10,2,1,3,34,34172,2,4,2,2,1
202300024564,8,3,2023,19:10,2,1,3,34,34172,2,4,2,2,1
202300024565,30,7,2023,14:15,1,1,1,74,74250,1,3,2,2,1
202300024566,26,5,2023,15:40,1,1,2,95,95088,1,3,3,1,1
202300024567,8,3,2023,08:30,1,2,6,33,33318,2,4,2,1,2
202300024567,8,3,2023,08:30,1,2,6,33,33318,2,4,2,1,2
202300024568,10,9,2023,05:50,5,1,2,59,59386,1,7,-1,1,1
202300024569,29,7,2023,18:10,1,2,3,74,74299,2,3,2,2,2
202300024570,8,3,2023,20:15,5,1,6,31,31557,2,7,2,1,1
202300024571,12,9,2023,16:50,1,2,7,91,91312,1,3,2,2,2
202300024572,26,7,2023,13:00,1,1,6,74,74010,2,3,3,1,1
202300024573,12,9,2023,14:25,1,2,2,91,91228,1,1,1,1,2
202300024574,20,7,2023,23:30,3,1,1,74,74152,2,3,2,1,1
202300024575,26,5,2023,09:30,1,7,6,91,91114,2,4,2,2,1
202300024576,12,9,2023,08:50,1,1,3,91,91161,1,1,1,1,1
202300024577,8,3,2023,15:20,1,1,3,31,31483,2,3,1,1,1
202300024577,8,3,2023,15:20,1,1,3,31,31483,2,3,2,1,1
202300024578,14,6,2023,16:50,1,1,2,74,74040,1,3,2,1,1
202300024579,26,5,2023,12:45,1,1,3,91,91027,1,2,3,1,1
202300024580,1,7,2023,19:45,2,1,2,13,13003,1,3,2,1,1
202300024581,12,9,2023,18:20,1,2,4,95,95488,1,1,-1,1,2
202300024582,26,5,2023,16:00,1,1,6,91,91223,2,3,2,2,1
202300024582,26,5,2023,16:00,1,1,6,91,91223,2,3,1,1,1
202300024583,11,9,2023,17:20,1,1,3,92,92036,1,1,-1,1,1
202300024584,14,11,2023,08:00,1,1,4,974,97416,1,2,3,2,1
202300024585,25,5,2023,21:50,5,1,2,87,87085,1,4,2,1,1
202300024586,11,9,2023,15:40,1,1,6,95,95572,1,1,-1,1,1
202300024587,14,11,2023,07:00,1,1,6,974,97409,2,4,2,1,1
202300024588,26,5,2023,15:55,1,1,7,86,86194,2,3,2,1,1
202300024589,14,11,2023,06:50,1,1,6,974,97409,2,2,2,1,1
202300024590,12,9,2023,17:20,1,2,5,75,75112,1,1,-1,1,2
202300024591,26,5,2023,13:50,1,1,3,83,83137,2,4,1,1,1
202300024592,14,11,2023,22:30,5,1,6,974,97407,2,4,2,1,2
202300024593,12,9,2023,15:30,1,2,6,94,94044,1,2,1,1,2
202300024594,14,11,2023,18:20,1,2,6,974,97407,2,4,-1,1,2
202300024595,26,5,2023,12:10,1,1,3,83,83137,2,3,1,2,1
202300024595,26,5,2023,12:10,1,1,3,83,83137,2,3,-1,1,1
202300024596,11,9,2023,12:45,1,1,5,75,75112,1,1,3,1,1
202300024597,26,5,2023,19:10,1,1,2,78,78498,2,3,2,1,1
202300024598,11,9,2023,02:30,3,1,3,94,94069,1,1,1,1,1
202300024599,26,5,2023,16:50,1,1,6,76,76540,2,4,1,1,1
202300024599,26,5,2023,16:50,1,1,6,76,76540,2,4,2,1,1
202300024600,10,9,2023,03:45,3,1,3,94,94022,1,1,1,1,1
202300024601,25,5,2023,15:40,1,1,7,76,76351,2,4,2,1,1
202300024601,25,5,2023,15:40,1,1,7,76,76351,2,4,2,1,1
202300024602,14,11,2023,20:10,1,1,3,973,97309,1,3,2,1,1
202300024602,14,11,2023,20:10,1,1,3,973,97309,1,3,2,1,1
202300024603,27,6,2023,01:10,3,1,7,38,38276,2,3,2,1,1
202300024604,18,6,2023,15:00,1,5,2,38,38197,1,1,3,1,1
202300024605,18,6,2023,10:45,1,1,7,38,38287,1,4,2,1,9
202300024606,14,11,2023,14:30,1,1,3,973,97302,2,3,2,1,1
202300024607,9,6,2023,16:15,1,2,3,38,38357,2,4,2,1,2
202300024607,9,6,2023,16:15,1,2,3,38,38357,2,4,2,1,2
202300024608,19,4,2023,15:55,1,1,3,62,62765,2,3,2,1,1
202300024608,19,4,2023,15:55,1,1,3,62,62765,2,3,1,1,1
202300024609,14,11,2023,18:20,5,2,1,69,69388,2,4,2,1,2
202300024609,14,11,2023,18:20,5,2,1,69,69388,2,4,1,1,2
202300024610,12,4,2023,12:57,1,1,3,62,62765,2,4,2,1,1
202300024611,12,7,2023,07:10,1,1,6,74,74242,2,3,3,1,2
202300024612,11,7,2023,08:45,1,1,6,74,74173,2,3,2,2,1
202300024613,9,7,2023,04:50,3,1,7,74,74144,1,3,2,1,1
202300024614,14,11,2023,07:50,1,1,3,972,97213,2,3,2,1,1
202300024615,8,7,2023,12:20,1,1,3,74,74238,1,3,2,1,1
202300024616,12,6,2023,16:00,1,1,3,74,74238,2,3,2,1,1
202300024616,12,6,2023,16:00,1,1,3,74,74238,2,3,2,1,1
202300024617,14,11,2023,21:40,5,2,6,69,69034,2,7,2,2,2
202300024618,5,6,2023,15:30,1,1,6,74,74154,1,3,2,1,1
202300024619,26,3,2023,19:42,1,1,3,14,14209,1,3,2,1,2
202300024619,26,3,2023,19:42,1,1,3,14,14209,1,3,2,1,2
202300024620,14,11,2023,14:45,1,2,6,69,69389,2,4,2,1,3
202300024621,11,7,2023,03:15,3,1,2,69,69295,1,1,3,1,1
202300024622,16,6,2023,04:41,2,1,6,92,92051,1,2,1,1,1