id_accident,jour,mois,annee,heure_minute,luminosite,meteo,type_collision,departement,commune,agglomeration,categorie_route,regime_circulation,profil_route,etat_surface
202300024623,11,9,2023,08:50,1,1,2,75,75118,2,4,1,1,1
202300024624,14,11,2023,18:15,5,1,2,971,97113,2,4,-1,1,1
202300024625,11,9,2023,08:20,1,1,3,75,75120,2,4,1,1,1
202300024626,11,9,2023,19:25,1,1,6,75,75105,2,4,2,1,1
202300024626,11,9,2023,19:25,1,1,6,75,75105,2,4,1,1,1
202300024627,11,9,2023,14:05,1,1,6,75,75119,2,4,1,1,1
202300024627,11,9,2023,14:05,1,1,6,75,75119,2,4,1,1,1
202300024628,14,11,2023,15:35,1,1,4,2A,2A004,1,2,2,1,1
202300024629,19,12,2023,18:00,5,2,7,72,72003,2,3,2,1,2
202300024630,11,9,2023,09:00,1,1,1,75,75119,2,4,2,1,1
202300024631,11,9,2023,13:00,1,1,3,75,75118,2,4,1,1,1
202300024631,11,9,2023,13:00,1,1,3,75,75118,2,4,4,1,1
202300024632,13,11,2023,16:35,1,2,6,95,95680,2,3,2,1,2
202300024633,19,12,2023,18:01,5,3,5,72,72181,1,4,3,1,2
202300024634,11,9,2023,12:00,1,1,2,75,75118,2,4,1,-1,1
202300024634,11,9,2023,12:00,1,1,2,75,75118,2,4,1,1,1
202300024635,16,10,2023,19:00,5,2,6,95,95019,2,3,2,1,2
202300024636,11,9,2023,14:20,1,1,1,75,75117,2,4,1,1,1
202300024637,19,12,2023,13:40,1,1,1,72,72181,2,3,2,1,1
202300024638,14,11,2023,07:19,5,8,1,91,91216,2,3,2,2,8
202300024639,11,9,2023,10:15,1,1,6,75,75116,2,4,2,1,1
202300024639,11,9,2023,10:15,1,1,6,75,75116,2,4,1,1,1
202300024640,19,12,2023,20:25,5,1,2,69,69275,2,4,2,1,1
202300024641,13,11,2023,19:45,4,9,6,91,91027,2,3,2,1,2
202300024642,11,9,2023,17:31,1,1,3,75,75115,2,4,3,1,1
202300024643,10,9,2023,00:10,5,1,6,75,75115,2,4,-1,1,1
202300024644,14,11,2023,14:20,1,2,6,91,91479,2,4,2,1,2
202300024645,14,12,2023,15:30,1,2,6,69,69276,1,3,1,1,2
202300024645,14,12,2023,15:30,1,2,6,69,69276,1,3,1,1,2
202300024646,12,11,2023,09:50,1,2,6,91,91174,2,4,2,1,2
202300024647,18,12,2023,16:45,1,1,6,64,64483,2,4,3,1,1
202300024648,11,9,2023,16:00,1,1,2,75,75113,2,4,3,2,1
202300024648,11,9,2023,16:00,1,1,2,75,75113,2,4,1,1,1
202300024649,11,9,2023,08:15,1,1,7,75,75109,2,4,1,1,1
202300024650,19,12,2023,19:35,5,1,2,64,64335,2,4,2,1,1
202300024651,10,9,2023,23:45,5,1,6,75,75109,2,4,2,1,1
202300024651,10,9,2023,23:45,5,1,6,75,75109,2,4,-1,1,1
202300024652,14,11,2023,09:45,1,2,5,91,91433,1,3,3,1,2
202300024652,14,11,2023,09:45,1,2,5,91,91433,1,3,2,1,2
202300024653,18,12,2023,19:10,5,1,7,64,64102,2,3,3,1,1
202300024654,20,10,2023,12:17,1,1,7,87,87085,2,4,2,1,2
202300024655,11,9,2023,18:41,1,1,3,75,75107,2,4,2,1,1
202300024656,18,12,2023,07:10,5,1,6,62,62041,2,4,3,2,1
202300024657,18,10,2023,05:17,3,1,6,87,87114,1,3,3,1,1
202300024658,11,9,2023,16:50,1,1,3,75,75101,2,4,1,1,1
202300024659,19,12,2023,08:10,3,1,6,59,59599,2,4,2,1,1
202300024660,14,10,2023,04:55,5,1,6,87,87085,2,4,2,1,1
202300024661,11,9,2023,12:35,1,1,2,75,75101,2,4,2,1,1
202300024661,11,9,2023,12:35,1,1,2,75,75101,2,4,1,1,1
202300024662,2,10,2023,12:19,1,1,7,87,87085,2,4,2,1,1
202300024663,19,12,2023,08:40,2,8,3,59,59350,2,7,2,1,1
202300024663,19,12,2023,08:40,2,8,3,59,59350,2,7,1,1,1
202300024664,11,9,2023,16:00,1,1,6,94,94081,2,4,2,1,1
202300024665,13,11,2023,15:27,1,2,3,87,87085,2,4,2,1,2
202300024665,13,11,2023,15:27,1,2,3,87,87085,2,4,3,1,2
202300024666,17,12,2023,07:35,5,1,1,57,57227,2,4,2,2,1
202300024666,17,12,2023,07:35,5,1,1,57,57227,2,4,2,1,1
202300024667,11,9,2023,17:05,1,1,3,94,94041,2,3,1,1,1
202300024667,11,9,2023,17:05,1,1,3,94,94041,2,3,2,1,1
202300024668,13,11,2023,07:59,2,2,4,87,87085,1,1,3,1,2
202300024669,19,12,2023,17:55,5,2,6,56,56083,2,3,2,1,2
202300024670,10,9,2023,05:20,5,1,1,94,94028,2,3,1,1,1
202300024671,13,11,2023,17:13,2,2,6,86,86194,2,3,2,1,2
202300024672,11,9,2023,17:30,1,1,3,93,93072,2,3,2,1,1
202300024672,11,9,2023,17:30,1,1,3,93,93072,2,3,3,1,1
202300024673,18,12,2023,19:44,5,1,3,54,54395,2,4,1,1,1
202300024674,13,11,2023,19:15,2,1,3,84,84007,2,4,-1,2,1
202300024675,18,8,2023,00:15,5,1,2,93,93070,2,3,2,1,1
202300024676,18,12,2023,11:30,1,1,6,54,54578,2,4,2,1,1
202300024676,18,12,2023,11:30,1,1,6,54,54578,2,4,2,1,1
202300024677,12,11,2023,19:00,5,1,2,84,84007,2,4,3,1,1
202300024678,7,9,2023,18:19,1,7,3,93,93053,2,3,3,1,1
202300024678,7,9,2023,18:19,1,7,3,93,93053,2,3,3,1,1
202300024679,11,9,2023,17:45,1,1,6,93,93051,2,4,2,1,1
202300024679,11,9,2023,17:45,1,1,6,93,93051,2,4,2,1,1
202300024680,12,11,2023,10:37,1,1,3,84,84007,2,4,2,1,1
202300024680,12,11,2023,10:37,1,1,3,84,84007,2,4,2,1,1
202300024681,18,12,2023,15:40,1,1,1,54,54575,2,3,2,1,1
202300024681,18,12,2023,15:40,1,1,1,54,54575,2,3,2,1,1
202300024682,11,9,2023,10:30,1,1,3,93,93077,2,4,1,1,1
202300024682,11,9,2023,10:30,1,1,3,93,93077,2,4,2,1,1
202300024683,19,12,2023,02:00,5,1,7,51,51454,2,4,2,1,1
202300024684,14,11,2023,08:20,1,1,6,84,84007,2,3,3,1,1
202300024684,14,11,2023,08:20,1,1,6,84,84007,2,3,2,1,1
202300024685,10,9,2023,02:45,4,1,1,92,92022,2,3,2,1,1
202300024686,17,12,2023,19:10,5,1,6,50,50129,2,4,1,1,1
202300024686,17,12,2023,19:10,5,1,6,50,50129,2,4,2,1,1
202300024687,5,11,2023,01:30,5,1,7,83,83069,2,3,2,1,1
202300024687,5,11,2023,01:30,5,1,7,83,83069,2,3,2,1,1
202300024688,11,9,2023,18:15,1,1,1,92,92050,2,3,2,1,1
202300024688,11,9,2023,18:15,1,1,1,92,92050,2,3,2,1,1
202300024689,19,12,2023,08:00,2,1,3,49,49007,2,4,2,1,1
202300024690,5,9,2023,21:20,5,1,6,92,92036,2,3,2,1,1
202300024690,5,9,2023,21:20,5,1,6,92,92036,2,3,1,1,1
202300024691,18,12,2023,07:15,5,1,3,49,49007,2,4,3,2,1
202300024692,13,11,2023,17:45,5,1,6,83,83069,2,4,2,1,1
202300024693,11,9,2023,19:55,1,1,7,92,92071,2,3,3,1,1
202300024694,11,9,2023,14:10,1,1,6,92,92032,2,3,2,2,1
202300024695,18,12,2023,08:17,2,1,3,49,49007,2,4,3,1,1
202300024696,13,11,2023,17:18,1,1,3,83,83061,2,3,1,1,1
202300024696,13,11,2023,17:18,1,1,3,83,83061,2,3,-1,1,1
202300024697,11,9,2023,13:10,1,1,3,92,92007,2,3,2,1,1
202300024698,18,12,2023,17:45,5,1,3,45,45169,2,4,2,1,1
202300024699,9,11,2023,08:50,1,1,3,80,80021,2,4,2,1,1
202300024699,9,11,2023,08:50,1,1,3,80,80021,2,4,2,1,1
202300024700,10,9,2023,10:46,1,1,3,92,92004,2,3,-1,1,1
202300024700,10,9,2023,10:46,1,1,3,92,92004,2,3,-1,1,1
202300024701,19,12,2023,17:37,5,2,6,37,37122,2,4,2,2,2
202300024702,14,11,2023,16:30,2,2,6,78,78624,2,4,2,2,2
202300024703,12,9,2023,14:00,1,1,3,39,39393,1,3,2,1,1
202300024703,12,9,2023,14:00,1,1,3,39,39393,1,3,2,1,1
202300024704,19,12,2023,18:15,5,1,6,35,35115,2,4,2,1,1
202300024705,14,11,2023,13:30,1,2,6,77,77479,2,4,2,1,2
202300024706,10,9,2023,17:00,1,1,6,74,74010,1,1,1,1,1
202300024707,19,12,2023,08:53,1,7,6,34,34129,2,4,1,1,1
202300024708,13,11,2023,12:13,1,3,1,77,77276,1,1,3,2,2
202300024709,21,8,2023,08:40,1,1,3,17,17152,1,3,2,1,1
202300024709,21,8,2023,08:40,1,1,3,17,17152,1,3,2,1,1
202300024710,19,12,2023,19:35,5,1,1,33,33318,2,4,2,1,1
202300024711,13,11,2023,11:40,1,2,6,76,76351,2,4,2,1,2
202300024711,13,11,2023,11:40,1,2,6,76,76351,2,4,2,1,2
202300024712,11,9,2023,19:15,1,3,1,41,41234,1,3,2,1,2
202300024713,19,12,2023,18:50,5,1,3,33,33318,2,4,2,1,1
202300024714,13,11,2023,09:40,1,2,1,76,76351,2,4,-1,1,2
202300024714,13,11,2023,09:40,1,2,1,76,76351,2,4,2,1,2
202300024715,11,9,2023,21:00,3,1,3,42,42338,1,3,2,1,1
202300024715,11,9,2023,21:00,3,1,3,42,42338,1,3,2,1,1
202300024716,19,12,2023,08:40,1,1,5,33,33281,2,4,2,1,2
202300024716,19,12,2023,08:40,1,1,5,33,33281,2,4,-1,1,2
202300024717,10,11,2023,22:39,5,1,3,76,76351,2,4,2,1,1
202300024717,10,11,2023,22:39,5,1,3,76,76351,2,4,2,1,1
202300024718,11,9,2023,14:55,1,1,4,12,12033,2,3,2,2,1
202300024719,19,12,2023,17:10,5,2,6,29,29039,2,4,-1,1,2
202300024720,9,11,2023,16:30,2,2,5,73,73011,1,2,3,1,2
202300024721,11,9,2023,11:10,1,1,1,01,01209,2,3,2,2,1
202300024722,10,9,2023,22:45,5,1,6,67,67106,2,3,2,1,1
202300024723,13,11,2023,11:35,1,3,1,72,72003,2,4,2,1,2
202300024724,22,6,2023,13:25,1,3,2,34,34270,1,7,2,2,2
202300024725,14,11,2023,18:40,5,2,6,69,69266,2,4,1,1,2
202300024725,14,11,2023,18:40,5,2,6,69,69266,2,4,2,1,2
202300024726,10,9,2023,22:15,3,1,6,76,76361,1,3,2,1,1
202300024727,19,12,2023,08:00,3,8,1,17,17415,1,4,2,4,1
202300024728,11,9,2023,17:30,1,1,2,2B,2B342,1,2,2,1,1
202300024729,14,11,2023,17:50,5,2,3,69,69256,2,7,2,1,2
202300024730,19,12,2023,08:50,1,1,6,15,15014,2,4,2,1,1
202300024731,12,9,2023,15:00,1,1,6,33,33296,1,3,2,1,2
202300024732,14,11,2023,08:30,1,2,6,69,69290,2,4,1,1,2
202300024732,14,11,2023,08:30,1,2,6,69,69290,2,4,1,1,2
202300024733,11,9,2023,17:56,1,1,3,81,81101,1,2,1,1,1
202300024734,13,11,2023,22:30,5,1,6,69,69290,2,4,2,1,1
202300024735,11,9,2023,18:30,1,1,1,71,71370,1,4,2,2,1
202300024736,19,12,2023,04:50,5,1,3,13,13103,2,4,2,1,1
202300024736,19,12,2023,04:50,5,1,3,13,13103,2,4,1,1,1
202300024737,13,11,2023,15:30,1,8,3,69,69290,2,4,2,1,2
202300024738,11,9,2023,10:40,1,1,6,46,46086,1,3,2,1,1
202300024739,20,12,2023,01:05,5,1,1,13,13214,2,4,2,1,1
202300024740,12,9,2023,08:30,2,1,6,44,44116,2,3,2,1,1
202300024741,9,11,2023,17:30,2,2,1,69,69091,2,4,2,1,2
202300024742,19,12,2023,14:30,1,1,1,13,13203,2,4,-1,1,1
202300024742,19,12,2023,14:30,1,1,1,13,13203,2,4,2,1,1
202300024743,13,11,2023,15:50,1,1,6,66,66136,2,4,2,1,1
202300024744,12,9,2023,12:00,1,1,1,29,29158,2,4,2,1,1
202300024744,12,9,2023,12:00,1,1,1,29,29158,2,4,2,1,1
202300024745,14,11,2023,10:00,1,2,6,63,63300,2,4,-1,2,2
202300024746,19,12,2023,12:29,1,1,6,13,13211,2,4,2,1,1
202300024747,10,9,2023,10:30,1,1,3,84,84017,1,3,2,1,1
202300024747,10,9,2023,10:30,1,1,3,84,84017,1,3,-1,-1,-1
202300024748,8,12,2023,19:00,5,2,3,12,12145,2,4,1,2,2
202300024749,13,11,2023,07:40,2,1,3,63,63300,1,3,2,1,2
202300024749,13,11,2023,07:40,2,1,3,63,63300,1,3,2,2,2
202300024750,12,9,2023,13:00,1,1,3,70,70056,2,3,2,1,1
202300024750,12,9,2023,13:00,1,1,3,70,70056,2,3,2,1,1
202300024751,19,12,2023,15:30,1,1,7,10,10387,2,4,1,1,1
202300024752,11,9,2023,18:20,1,7,6,70,70428,2,3,2,2,1
202300024753,14,11,2023,09:00,1,1,1,63,63113,2,4,2,1,1
202300024753,14,11,2023,09:00,1,1,1,63,63113,2,4,2,1,1
202300024754,12,9,2023,14:50,1,1,7,58,58110,1,4,2,1,1
202300024755,9,11,2023,11:00,1,1,7,62,62178,2,3,1,1,1
202300024755,9,11,2023,11:00,1,1,7,62,62178,2,3,1,1,2
202300024756,19,12,2023,16:00,1,1,2,06,06069,2,4,1,2,1
202300024757,9,9,2023,04:00,3,1,6,45,45272,1,3,1,1,1
202300024758,13,11,2023,19:15,5,2,1,58,58194,2,4,1,2,2
202300024759,18,12,2023,12:00,1,1,6,05,05061,2,3,2,1,1
202300024760,11,9,2023,17:00,1,1,3,64,64555,2,3,2,1,1
202300024761,7,11,2023,01:15,4,2,6,58,58194,2,4,2,1,2
202300024761,7,11,2023,01:15,4,2,6,58,58194,2,4,1,2,2
202300024762,12,9,2023,01:30,3,3,6,64,64123,1,3,2,1,2
202300024763,9,6,2023,14:00,1,1,3,73,73007,1,3,2,2,1
202300024763,9,6,2023,14:00,1,1,3,73,73007,1,3,2,2,1
202300024764,19,12,2023,16:30,2,1,6,03,03185,2,4,1,2,1
202300024764,19,12,2023,16:30,2,1,6,03,03185,2,4,2,1,1
202300024765,8,9,2023,15:45,1,1,7,43,43163,1,3,2,1,1
202300024766,14,11,2023,08:36,2,2,6,56,56083,2,4,2,2,2
202300024767,10,9,2023,17:15,1,1,6,21,21500,1,3,2,1,1
202300024768,13,11,2023,18:40,5,8,3,56,56121,2,4,4,1,2
202300024768,13,11,2023,18:40,5,8,3,56,56121,2,4,1,1,2
202300024769,18,12,2023,15:00,1,1,2,02,02738,1,3,1,1,1
202300024770,8,9,2023,09:15,1,7,1,24,24133,1,3,2,2,1
202300024770,8,9,2023,09:15,1,7,1,24,24133,1,3,2,2,1
202300024771,14,11,2023,18:50,5,2,3,54,54395,2,4,1,1,2
202300024772,9,9,2023,15:40,1,1,6,85,85154,1,3,2,1,1
202300024773,13,11,2023,18:20,5,3,6,54,54547,2,4,2,1,2
202300024774,19,12,2023,11:26,1,1,3,75,75108,2,4,2,1,1
202300024774,19,12,2023,11:26,1,1,3,75,75108,2,4,4,1,1
202300024775,11,9,2023,13:30,1,1,6,85,85295,2,3,2,1,1
202300024775,11,9,2023,13:30,1,1,6,85,85295,2,3,1,1,1
202300024776,19,12,2023,19:35,5,2,3,75,75106,2,4,2,1,2
202300024777,13,11,2023,17:45,4,2,3,54,54547,2,4,1,1,2
202300024777,13,11,2023,17:45,4,2,3,54,54547,2,4,3,1,2
202300024778,11,9,2023,23:15,3,1,3,85,85146,1,3,2,1,1
202300024778,11,9,2023,23:15,3,1,3,85,85146,1,3,2,1,1
202300024779,10,9,2023,03:25,3,1,3,27,27267,1,3,2,1,1
202300024780,19,12,2023,11:30,1,1,6,75,75120,2,4,1,1,1
202300024780,19,12,2023,11:30,1,1,6,75,75120,2,4,2,2,1
202300024781,13,11,2023,15:00,1,1,3,54,54395,2,4,1,1,1
202300024781,13,11,2023,15:00,1,1,3,54,54395,2,4,2,1,2
202300024782,12,9,2023,17:20,1,1,3,27,27057,1,3,4,1,1
202300024782,12,9,2023,17:20,1,1,3,27,27057,1,3,2,1,1
202300024783,14,11,2023,18:15,5,1,6,53,53130,2,3,2,4,1
202300024784,19,12,2023,15:21,1,1,2,75,75119,2,4,1,1,1
202300024784,19,12,2023,15:21,1,1,2,75,75119,2,4,2,1,1
202300024785,10,9,2023,14:40,1,1,1,30,30259,2,3,2,1,1
202300024786,14,11,2023,08:00,2,8,3,51,51454,2,4,1,2,2
202300024786,14,11,2023,08:00,2,8,3,51,51454,2,4,1,1,2
202300024787,19,12,2023,20:30,5,2,6,75,75118,2,4,1,1,2
202300024787,19,12,2023,20:30,5,2,6,75,75118,2,4,1,1,2
202300024788,12,9,2023,07:40,1,1,2,88,88304,2,3,2,2,1
202300024789,29,8,2023,15:35,1,1,7,35,35210,1,2,3,1,1
202300024790,14,11,2023,15:15,1,2,1,50,50218,2,4,2,1,2
202300024790,14,11,2023,15:15,1,2,1,50,50218,2,4,4,1,2
202300024791,18,12,2023,22:28,5,1,1,75,75116,2,4,1,1,1
202300024791,18,12,2023,22:28,5,1,1,75,75116,2,4,2,1,1
202300024792,14,11,2023,17:10,1,1,1,49,49328,2,4,2,1,1
202300024793,11,9,2023,19:00,1,1,5,82,82037,1,1,1,1,1
202300024794,19,12,2023,12:35,1,1,5,75,75115,2,4,2,1,1
202300024795,13,11,2023,19:15,5,1,3,49,49007,2,4,3,1,2
202300024796,11,9,2023,12:30,1,1,3,69,69173,1,1,3,1,1
202300024797,14,11,2023,19:00,5,1,6,45,45234,2,6,-1,1,2
202300024798,11,9,2023,22:40,3,3,7,33,33343,1,1,3,1,2
202300024799,19,12,2023,12:05,1,1,3,75,75115,2,4,2,1,1
202300024799,19,12,2023,12:05,1,1,3,75,75115,2,4,2,1,1
202300024800,13,11,2023,17:50,2,3,6,45,45075,2,3,2,2,2
202300024801,11,9,2023,17:40,1,8,7,11,11398,1,3,2,1,1
202300024802,18,12,2023,09:00,1,8,6,75,75114,2,4,2,2,1
202300024802,18,12,2023,09:00,1,8,6,75,75114,2,4,2,1,1
202300024803,9,11,2023,09:30,1,3,6,42,42218,2,4,2,1,2
202300024803,9,11,2023,09:30,1,3,6,42,42218,2,4,1,2,2
202300024804,9,9,2023,12:10,1,1,5,29,29233,1,4,2,1,1
202300024804,9,9,2023,12:10,1,1,5,29,29233,1,4,2,1,1
202300024805,18,12,2023,13:00,1,1,6,75,75113,2,4,1,1,1
202300024805,18,12,2023,13:00,1,1,6,75,75113,2,4,1,1,1
202300024806,31,10,2023,18:30,5,1,3,42,42218,2,4,2,1,1
202300024807,11,9,2023,09:35,1,1,3,77,77183,2,3,2,1,1
202300024808,19,12,2023,00:20,5,1,6,75,75112,2,4,2,1,1
202300024808,19,12,2023,00:20,5,1,6,75,75112,2,4,2,1,1
202300024809,14,11,2023,18:35,3,6,2,41,41018,2,3,3,1,1
202300024810,10,9,2023,06:00,2,1,4,78,78531,1,1,3,3,1
202300024811,14,11,2023,13:15,1,1,1,41,41018,2,4,2,2,2
202300024812,18,12,2023,17:05,5,8,2,94,94046,2,4,2,1,1
202300024813,9,9,2023,05:55,3,1,6,84,84150,1,3,2,1,1
202300024814,19,12,2023,16:00,1,1,6,94,94065,1,4,2,1,1
202300024815,14,11,2023,13:40,1,8,1,41,41018,2,3,2,1,8
202300024816,10,9,2023,21:20,3,1,6,83,83107,1,3,2,1,1
202300024817,12,9,2023,08:05,1,1,3,38,38158,1,7,2,2,1
202300024818,11,11,2023,09:50,1,2,1,41,41295,1,3,2,1,2
202300024819,14,11,2023,18:31,5,3,6,38,38563,1,3,3,4,2
202300024820,11,9,2023,16:30,1,1,3,86,86294,2,3,2,1,1
202300024820,11,9,2023,16:30,1,1,3,86,86294,2,3,2,1,1
202300024821,14,11,2023,10:10,1,2,6,37,37214,2,7,3,2,2
202300024822,19,12,2023,08:50,1,1,3,94,94028,2,4,2,1,1
202300024823,12,9,2023,06:45,5,8,1,33,33056,2,4,2,1,2
202300024824,11,9,2023,20:30,2,1,6,14,14328,2,3,2,1,1
202300024825,19,12,2023,22:26,5,2,6,94,94077,2,4,2,1,2
202300024826,14,11,2023,14:30,1,1,6,35,35238,2,4,1,1,1
202300024826,14,11,2023,14:30,1,1,6,35,35238,2,4,2,1,1
202300024827,11,9,2023,19:50,2,1,7,60,60015,2,3,-1,1,1
202300024828,19,12,2023,19:15,5,3,6,94,94017,2,3,2,1,2
202300024829,14,11,2023,11:20,1,2,6,35,35238,2,4,2,1,2
202300024830,11,9,2023,16:45,1,1,2,80,80393,1,3,2,1,1
202300024830,11,9,2023,16:45,1,1,2,80,80393,1,3,2,1,1
202300024831,19,12,2023,15:25,1,1,6,93,93055,2,3,3,1,1
202300024831,19,12,2023,15:25,1,1,6,93,93055,2,3,1,1,1
202300024832,12,9,2023,13:55,1,1,3,59,59214,1,3,2,1,1
202300024832,12,9,2023,13:55,1,1,3,59,59214,1,3,2,1,1
202300024833,14,11,2023,11:15,1,2,2,35,35051,1,4,2,1,2
202300024834,9,9,2023,20:20,2,1,1,59,59285,2,3,2,1,1
202300024835,19,12,2023,01:30,3,1,7,93,93074,2,3,1,1,1
202300024836,13,11,2023,22:00,3,1,6,35,35055,1,3,2,1,1
202300024837,11,9,2023,13:45,1,1,3,59,59034,2,3,2,1,1
202300024838,19,12,2023,13:00,1,1,3,93,93005,2,4,2,1,1
202300024839,14,11,2023,12:15,1,2,2,35,35115,2,4,2,1,2
202300024840,11,9,2023,13:50,1,1,2,83,83126,1,1,3,1,1
202300024841,19,12,2023,08:45,1,8,6,92,92046,2,3,2,1,1
202300024842,14,11,2023,11:40,1,1,3,34,34172,2,3,2,2,1
202300024843,11,9,2023,15:40,1,1,3,33,33065,1,2,3,2,1
202300024844,13,11,2023,23:30,5,1,7,34,34172,2,4,1,1,1
202300024845,11,9,2023,19:00,1,1,3,94,94003,1,1,1,1,1
202300024846,19,12,2023,19:50,5,2,3,92,92050,2,3,1,1,2
202300024847,14,11,2023,20:05,5,8,3,33,33281,2,4,2,1,2
202300024847,14,11,2023,20:05,5,8,3,33,33281,2,4,2,1,2
202300024848,11,9,2023,18:15,1,1,2,91,91235,1,2,1,1,1
202300024849,19,12,2023,18:25,5,2,6,92,92050,2,3,2,1,2
202300024850,11,9,2023,03:57,3,1,6,92,92019,1,2,1,2,1
202300024851,14,11,2023,19:02,2,2,3,33,33281,2,4,2,1,2
202300024851,14,11,2023,19:02,2,2,3,33,33281,2,4,3,1,2
202300024852,19,12,2023,18:00,5,2,7,92,92044,2,3,1,1,2
202300024853,10,9,2023,21:15,5,1,6,92,92064,2,1,1,2,1
202300024854,18,12,2023,19:40,5,1,2,92,92044,2,3,1,1,1
202300024855,14,11,2023,08:22,1,2,3,33,33063,2,4,2,1,2
202300024855,14,11,2023,08:22,1,2,3,33,33063,2,4,1,1,2
202300024856,10,9,2023,18:35,1,1,7,78,78545,1,1,1,1,1
202300024857,10,9,2023,14:25,1,1,7,92,92026,1,1,1,1,9
202300024858,14,11,2023,10:00,1,1,3,33,33529,2,3,2,1,2
202300024859,19,12,2023,08:45,1,1,3,92,92040,2,3,1,1,1
202300024859,19,12,2023,08:45,1,1,3,92,92040,2,3,2,1,1
202300024860,10,9,2023,11:10,1,7,3,92,92064,1,1,1,1,1
202300024861,19,12,2023,16:50,5,2,2,92,92026,2,3,1,1,2
202300024861,19,12,2023,16:50,5,2,2,92,92026,2,3,2,1,2
202300024862,13,11,2023,22:20,5,1,3,29,29019,2,4,1,2,1
202300024862,13,11,2023,22:20,5,1,3,29,29019,2,4,2,1,1
202300024863,11,9,2023,11:15,1,1,3,93,93005,1,1,1,1,1
202300024864,13,12,2023,20:20,5,1,6,92,92025,2,3,3,1,1
202300024865,13,11,2023,07:40,5,3,3,29,29019,2,4,2,1,2
202300024866,11,9,2023,08:50,1,1,3,95,95252,1,1,-1,1,1
202300024867,19,12,2023,17:55,5,2,6,92,92019,2,3,2,2,2
202300024867,19,12,2023,17:55,5,2,6,92,92019,2,3,1,2,2
202300024868,11,9,2023,05:30,3,1,3,93,93001,1,1,3,1,1
202300024869,4,7,2023,18:45,1,1,1,74,74134,1,3,2,2,1
202300024870,19,12,2023,11:40,1,8,3,92,92012,2,3,1,1,1
202300024870,19,12,2023,11:40,1,8,3,92,92012,2,3,2,1,1
202300024871,30,6,2023,19:20,1,2,6,74,74164,1,3,2,1,2
202300024872,14,11,2023,13:15,1,1,1,26,26198,1,3,2,1,1
202300024873,19,12,2023,09:40,1,8,3,92,92012,2,3,2,1,1
202300024874,28,6,2023,17:54,1,1,7,74,74010,1,4,2,2,1
202300024875,14,11,2023,10:00,1,2,1,25,25462,2,2,2,1,2
202300024876,18,12,2023,16:42,1,1,7,92,92007,2,4,2,1,1
202300024876,18,12,2023,16:42,1,1,7,92,92007,2,4,2,1,1
202300024877,28,6,2023,12:30,1,1,3,74,74264,1,3,2,1,1
202300024877,28,6,2023,12:30,1,1,3,74,74264,1,3,2,1,1
202300024878,14,11,2023,19:20,5,2,1,25,25056,2,3,2,1,2
202300024879,27,6,2023,19:15,1,1,6,74,74042,2,4,2,1,1
202300024879,27,6,2023,19:15,1,1,6,74,74042,2,4,1,1,1
202300024880,18,12,2023,20:50,5,1,3,92,92004,2,4,2,1,1
202300024880,18,12,2023,20:50,5,1,3,92,92004,2,4,1,1,1
202300024881,14,11,2023,11:45,1,2,3,25,25056,2,4,2,1,2
202300024881,14,11,2023,11:45,1,2,3,25,25056,2,4,2,2,2
202300024882,27,6,2023,07:10,1,1,3,74,74042,2,3,2,1,1
202300024883,19,12,2023,16:50,5,1,6,92,92014,2,3,1,1,1
202300024884,19,12,2023,17:15,3,2,6,50,50565,2,3,3,1,2
202300024885,25,6,2023,19:25,1,1,3,74,74140,1,3,2,2,1
202300024885,25,6,2023,19:25,1,1,3,74,74140,1,3,2,2,1
202300024886,13,11,2023,17:46,5,2,3,17,17333,2,4,2,3,2
202300024886,13,11,2023,17:46,5,2,3,17,17333,2,4,2,3,2
202300024887,24,6,2023,19:30,1,1,6,74,74264,2,4,2,1,1
202300024888,9,11,2023,18:25,3,2,3,17,17306,2,4,3,2,2
202300024889,16,12,2023,21:30,5,1,3,68,68112,2,3,-1,1,1
202300024889,16,12,2023,21:30,5,1,3,68,68112,2,3,2,1,1
202300024890,19,6,2023,08:30,1,1,3,74,74234,1,3,2,1,1
202300024890,19,6,2023,08:30,1,1,3,74,74234,1,3,2,1,1
202300024891,19,10,2023,07:12,5,1,6,30,30032,2,3,3,2,1
202300024891,19,10,2023,07:12,5,1,6,30,30032,2,3,2,2,1
202300024892,19,12,2023,17:25,3,2,4,95,95134,1,3,1,1,2
202300024893,18,6,2023,17:05,1,1,6,74,74094,2,4,2,2,1
202300024894,24,6,2023,17:00,1,1,7,74,74212,1,3,2,1,1
202300024895,20,12,2023,16:35,1,2,6,31,31575,1,4,2,1,2
202300024896,14,11,2023,20:00,5,1,1,13,13215,2,4,-1,1,1
202300024896,14,11,2023,20:00,5,1,1,13,13215,2,4,2,1,1
202300024897,17,6,2023,14:30,1,1,7,74,74188,1,3,2,2,1
202300024898,17,6,2023,11:53,1,1,1,74,74136,1,3,2,2,1
202300024899,19,12,2023,15:45,1,1,2,972,97214,1,2,2,1,1
202300024899,19,12,2023,15:45,1,1,2,972,97214,1,2,-1,-1,-1
202300024900,12,6,2023,18:18,1,1,6,74,74094,2,4,1,1,1