id_accident,jour,mois,annee,heure_minute,luminosite,meteo,type_collision,departement,commune,agglomeration,categorie_route,regime_circulation,profil_route,etat_surface
202300024901,14,11,2023,18:15,5,1,6,13,13210,2,4,2,2,1
202300024902,12,6,2023,10:40,1,1,3,74,74147,2,3,2,1,1
202300024903,19,12,2023,15:10,1,1,3,972,97210,1,3,2,2,1
202300024904,7,6,2023,20:30,2,8,3,74,74213,1,3,2,2,1
202300024905,5,6,2023,15:37,1,1,2,74,74043,2,3,2,1,1
202300024906,14,12,2023,16:55,3,2,1,62,62307,1,3,2,4,2
202300024907,4,6,2023,16:50,1,1,2,74,74250,1,1,3,1,1
202300024908,13,12,2023,19:30,5,2,6,62,62261,2,3,2,1,2
202300024909,29,5,2023,18:30,1,1,7,74,74238,1,3,2,1,1
202300024910,29,4,2023,16:12,1,1,6,10,10081,1,3,3,1,1
202300024911,19,12,2023,21:50,3,2,6,85,85153,1,3,2,1,2
202300024912,9,9,2023,07:00,1,1,6,974,97416,1,2,3,1,1
202300024913,9,9,2023,19:35,5,1,5,972,97213,1,1,1,1,1
202300024914,19,12,2023,17:00,5,2,6,67,67194,2,4,2,1,2
202300024914,19,12,2023,17:00,5,2,6,67,67194,2,4,2,1,2
202300024915,9,9,2023,21:30,3,1,6,972,97209,1,2,2,1,1
202300024916,9,9,2023,17:00,1,1,3,972,97209,2,4,2,1,1
202300024917,10,9,2023,09:15,1,1,2,69,69384,2,4,1,1,1
202300024918,10,9,2023,16:50,1,1,6,2B,2B033,2,6,-1,1,1
202300024919,19,12,2023,11:15,1,8,2,71,71240,1,3,2,1,1
202300024920,10,9,2023,09:45,1,1,7,971,97101,1,2,3,1,1
202300024921,10,9,2023,15:30,1,7,7,88,88429,1,3,2,1,1
202300024922,20,12,2023,10:10,1,2,3,42,42128,1,2,2,1,8
202300024923,8,9,2023,09:50,1,1,3,84,84035,1,3,2,1,1
202300024924,19,12,2023,16:25,1,8,7,47,47251,1,3,2,1,1
202300024925,19,12,2023,23:30,3,1,6,34,34281,1,3,2,4,1
202300024926,10,9,2023,02:35,3,1,2,77,77186,1,3,2,1,1
202300024927,9,9,2023,19:50,1,1,3,77,77131,2,4,2,1,1
202300024927,9,9,2023,19:50,1,1,3,77,77131,2,4,2,1,1
202300024928,19,12,2023,14:35,1,1,3,25,25287,1,3,2,1,1
202300024928,19,12,2023,14:35,1,1,3,25,25287,1,3,2,1,1
202300024929,10,9,2023,17:00,1,1,4,69,69266,2,4,1,1,1
202300024929,10,9,2023,17:00,1,1,4,69,69266,2,4,1,1,1
202300024930,19,12,2023,13:55,1,1,1,25,25021,2,3,2,1,1
202300024930,19,12,2023,13:55,1,1,1,25,25021,2,3,2,1,1
202300024931,9,9,2023,18:50,1,1,3,63,63300,2,4,2,1,1
202300024931,9,9,2023,18:50,1,1,3,63,63300,2,4,2,1,1
202300024932,10,9,2023,13:00,1,1,3,63,63032,2,4,2,2,1
202300024933,19,12,2023,15:15,1,1,6,35,35142,2,3,2,2,1
202300024933,19,12,2023,15:15,1,1,6,35,35142,2,3,2,1,1
202300024934,8,9,2023,16:25,1,1,2,61,61006,1,3,2,2,1
202300024934,8,9,2023,16:25,1,1,2,61,61006,1,3,2,1,1
202300024935,20,12,2023,07:45,2,1,1,84,84041,1,3,2,1,2
202300024936,9,9,2023,13:00,1,1,6,61,61397,2,4,2,1,1
202300024937,20,12,2023,17:45,5,2,6,72,72262,2,3,2,1,2
202300024938,9,9,2023,09:00,1,1,3,60,60057,2,4,2,1,1
202300024938,9,9,2023,09:00,1,1,3,60,60057,2,4,2,1,1
202300024939,10,9,2023,18:30,1,1,3,59,59507,2,4,2,1,1
202300024939,10,9,2023,18:30,1,1,3,59,59507,2,4,2,1,1
202300024940,19,12,2023,17:50,3,2,3,14,14468,1,3,2,1,2
202300024941,9,9,2023,17:20,1,1,2,57,57672,2,4,2,1,1
202300024942,9,9,2023,07:05,1,1,6,57,57672,1,3,3,3,1
202300024943,19,12,2023,17:30,3,2,5,14,14610,1,3,2,1,2
202300024944,9,9,2023,17:30,1,1,3,56,56121,2,4,1,2,1
202300024944,9,9,2023,17:30,1,1,3,56,56121,2,4,2,1,1
202300024945,19,12,2023,17:55,3,8,5,64,64495,1,3,2,1,2
202300024945,19,12,2023,17:55,3,8,5,64,64495,1,3,2,1,2
202300024946,4,9,2023,15:00,1,1,3,44,44055,2,4,3,1,1
202300024947,16,12,2023,20:20,5,8,7,28,28052,2,3,-1,1,1
202300024948,5,9,2023,16:45,1,1,3,35,35150,2,3,2,2,1
202300024948,5,9,2023,16:45,1,1,3,35,35150,2,3,2,1,1
202300024949,19,12,2023,11:25,1,1,3,17,17053,1,3,2,1,1
202300024949,19,12,2023,11:25,1,1,3,17,17053,1,3,2,1,1
202300024950,10,9,2023,23:00,5,1,6,33,33281,2,4,3,1,1
202300024950,10,9,2023,23:00,5,1,6,33,33281,2,4,2,1,1
202300024951,19,12,2023,14:35,1,1,7,17,17346,1,3,2,1,1
202300024952,10,9,2023,19:45,1,1,4,33,33281,2,4,2,1,1
202300024953,1,12,2023,15:55,1,8,6,37,37050,2,6,-1,1,1
202300024954,20,12,2023,07:30,5,1,3,44,44207,1,3,2,1,1
202300024954,20,12,2023,07:30,5,1,3,44,44207,1,3,2,1,1
202300024955,18,12,2023,12:30,1,1,2,83,83116,1,1,3,1,1
202300024956,20,12,2023,13:50,1,2,2,29,29005,1,3,2,2,2
202300024957,19,12,2023,19:30,5,2,6,95,95039,2,3,2,1,2
202300024958,19,12,2023,11:20,1,1,6,34,34145,2,4,1,1,1
202300024959,20,12,2023,13:40,1,1,6,73,73179,2,4,2,1,1
202300024959,20,12,2023,13:40,1,1,6,73,73179,2,4,2,1,1
202300024960,20,12,2023,10:55,1,2,5,38,38317,1,2,2,1,2
202300024961,18,12,2023,16:30,1,1,1,35,35240,1,3,2,1,1
202300024962,20,12,2023,11:15,1,1,6,60,60612,2,3,2,1,1
202300024963,19,12,2023,13:40,1,8,6,60,60115,1,3,2,1,2
202300024964,20,12,2023,12:45,1,1,1,59,59626,2,3,2,1,1
202300024965,18,12,2023,19:15,5,1,4,13,13212,1,1,1,2,1
202300024966,18,12,2023,09:55,1,1,2,13,13085,1,1,1,1,1
202300024967,17,12,2023,04:00,3,8,6,42,42218,1,2,3,2,1
202300024968,19,12,2023,19:30,5,1,4,33,33063,1,1,3,1,1
202300024969,19,12,2023,11:10,1,1,4,33,33167,1,2,1,1,1
202300024970,19,12,2023,18:38,3,2,4,94,94021,1,1,1,1,2
202300024971,19,12,2023,17:45,3,2,5,91,91477,1,1,1,1,2
202300024972,19,12,2023,11:35,1,1,6,92,92050,1,1,-1,1,1
202300024973,19,12,2023,08:23,1,1,7,78,78322,1,2,3,1,1
202300024974,19,12,2023,09:00,1,8,3,78,78158,1,1,1,1,1
202300024975,18,12,2023,12:00,1,1,3,92,92064,1,1,3,1,1
202300024976,18,12,2023,07:00,3,1,4,92,92025,1,1,1,1,1
202300024977,19,12,2023,05:20,3,1,4,95,95527,1,1,3,1,1
202300024978,18,12,2023,19:10,3,1,2,93,93066,1,1,1,1,1
202300024979,19,12,2023,10:00,1,1,7,94,94052,1,1,1,1,1
202300024980,18,12,2023,21:00,3,1,2,77,77373,1,2,1,1,1
202300024981,31,7,2023,07:30,1,1,2,86,86019,1,1,3,1,1
202300024982,19,7,2023,21:27,2,1,6,88,88253,2,6,-1,1,1
202300024983,17,7,2023,16:55,1,1,2,88,88075,2,3,2,2,1
202300024984,21,6,2023,13:10,1,1,3,88,88484,1,3,2,1,1
202300024985,18,6,2023,20:10,1,7,1,88,88250,1,3,2,2,1
202300024985,18,6,2023,20:10,1,7,1,88,88250,1,3,3,1,1
202300024986,25,5,2023,15:05,1,1,3,88,88516,1,3,2,2,1
202300024986,25,5,2023,15:05,1,1,3,88,88516,1,3,2,1,1
202300024987,24,8,2023,10:35,1,1,2,09,09225,2,3,2,1,1
202300024988,19,9,2023,07:50,1,1,3,09,09225,2,4,2,1,1
202300024988,19,9,2023,07:50,1,1,3,09,09225,2,4,2,1,1
202300024989,10,9,2023,02:20,5,1,1,09,09225,2,4,2,1,1
202300024990,20,3,2023,09:30,1,1,7,14,14435,1,3,2,1,1
202300024991,17,12,2023,20:35,4,1,3,974,97416,2,4,-1,2,1
202300024992,18,12,2023,08:00,2,8,3,69,69383,2,4,1,1,1
202300024992,18,12,2023,08:00,2,8,3,69,69383,2,4,2,1,1
202300024993,17,12,2023,04:30,5,2,6,972,97209,2,4,-1,1,2
202300024994,18,12,2023,11:45,1,1,3,69,69389,2,4,2,1,1
202300024995,18,12,2023,15:45,1,1,2,2B,2B033,2,4,2,1,1
202300024996,18,12,2023,08:10,1,7,3,2B,2B033,2,4,2,4,1
202300024997,17,12,2023,18:50,3,2,1,971,97113,1,3,2,1,2
202300024998,17,12,2023,18:00,3,2,3,971,97113,1,2,2,1,2
202300024999,17,12,2023,17:45,5,2,6,971,97113,1,3,2,2,2
202300025000,16,12,2023,16:45,1,1,3,971,97113,1,2,2,1,1
202300025001,18,12,2023,11:19,1,1,6,2A,2A004,2,3,2,4,1
202300025002,18,12,2023,17:05,5,1,6,95,95323,2,3,2,1,1
202300025003,18,12,2023,08:01,2,8,6,91,91570,2,4,2,1,1
202300025004,18,12,2023,17:30,5,1,6,91,91161,2,3,2,1,1
202300025004,18,12,2023,17:30,5,1,6,91,91161,2,3,2,1,1
202300025005,16,12,2023,20:00,5,1,3,91,91657,2,4,1,2,1
202300025005,16,12,2023,20:00,5,1,3,91,91657,2,4,1,1,1
202300025006,14,12,2023,19:05,5,2,2,91,91223,2,3,2,2,2
202300025007,18,12,2023,13:04,1,1,7,87,87085,1,4,2,1,1
202300025008,18,12,2023,20:40,5,1,6,84,84080,2,4,2,1,1
202300025009,17,12,2023,02:00,5,1,6,84,84007,2,4,2,1,1
202300025010,16,12,2023,13:50,1,1,7,80,80021,2,4,2,1,1
202300025011,17,12,2023,15:00,1,7,6,78,78650,2,3,2,1,1
202300025011,17,12,2023,15:00,1,7,6,78,78650,2,3,2,1,1
202300025012,18,12,2023,19:24,5,1,1,78,78440,2,3,2,1,1
202300025013,17,12,2023,17:50,5,1,3,76,76351,2,4,2,1,1
202300025013,17,12,2023,17:50,5,1,3,76,76351,2,4,2,1,1
202300025014,18,12,2023,14:50,1,5,6,74,74012,2,3,1,1,1
202300025014,18,12,2023,14:50,1,5,6,74,74012,2,3,1,1,1
202300025015,18,12,2023,12:00,1,1,6,72,72095,2,4,1,1,1
202300025016,18,12,2023,20:15,5,1,6,70,70388,2,3,2,1,1
202300025016,18,12,2023,20:15,5,1,6,70,70388,2,3,2,1,1
202300025017,17,12,2023,11:30,1,1,6,69,69290,2,7,2,1,1
202300025018,18,12,2023,13:00,1,1,3,67,67482,2,4,1,1,1
202300025018,18,12,2023,13:00,1,1,3,67,67482,2,4,1,1,1
202300025019,18,12,2023,06:30,2,1,3,67,67218,2,7,1,1,1
202300025019,18,12,2023,06:30,2,1,3,67,67218,2,7,1,1,1
202300025020,18,12,2023,08:40,1,2,3,64,64445,2,4,2,2,2
202300025020,18,12,2023,08:40,1,2,3,64,64445,2,4,2,2,2
202300025021,17,12,2023,23:20,5,1,3,64,64445,2,4,2,1,1
202300025021,17,12,2023,23:20,5,1,3,64,64445,2,4,2,1,1
202300025022,19,12,2023,17:30,4,3,5,62,62570,1,3,2,1,2
202300025023,18,12,2023,23:20,5,1,6,62,62498,2,4,3,1,1
202300025024,18,12,2023,06:45,5,1,3,61,61001,2,4,2,1,1
202300025024,18,12,2023,06:45,5,1,3,61,61001,2,4,2,1,1
202300025025,17,12,2023,13:30,1,1,6,59,59288,2,4,2,2,1
202300025026,18,12,2023,09:00,2,5,3,59,59291,2,4,2,1,1
202300025027,14,12,2023,07:45,1,2,2,59,59009,2,4,2,1,2
202300025028,11,11,2023,08:15,3,3,7,59,59043,2,4,2,1,4
202300025029,17,12,2023,14:45,1,1,6,54,54395,2,4,1,1,1
202300025029,17,12,2023,14:45,1,1,6,54,54395,2,4,1,1,1
202300025030,15,12,2023,19:30,5,1,6,49,49007,2,4,2,1,1
202300025031,18,12,2023,07:30,5,1,6,44,44184,2,4,2,1,1
202300025032,13,12,2023,15:50,1,2,-1,42,42187,2,3,3,1,2
202300025033,18,12,2023,07:35,2,1,3,37,37195,2,4,1,1,2
202300025034,18,12,2023,15:10,1,1,6,35,35278,1,2,3,1,1
202300025035,18,12,2023,05:00,5,1,3,34,34172,2,4,3,1,1
202300025035,18,12,2023,05:00,5,1,3,34,34172,2,4,2,2,1
202300025036,17,12,2023,03:45,5,1,1,34,34172,2,4,2,1,1
202300025036,17,12,2023,03:45,5,1,1,34,34172,2,4,2,1,1
202300025037,15,12,2023,13:55,1,1,1,34,34032,2,4,2,1,1
202300025038,18,12,2023,14:40,1,5,2,33,33063,2,4,2,1,1
202300025039,18,12,2023,10:35,1,1,3,33,33063,2,4,1,1,1
202300025039,18,12,2023,10:35,1,1,3,33,33063,2,4,1,1,1
202300025040,17,12,2023,00:30,5,1,6,33,33063,1,4,2,1,1
202300025041,18,12,2023,12:55,1,8,2,27,27681,2,4,2,4,1
202300025042,13,12,2023,08:20,2,2,3,27,27299,2,4,2,1,2
202300025043,18,12,2023,09:55,1,1,6,25,25056,2,4,-1,1,1
202300025043,18,12,2023,09:55,1,1,6,25,25056,2,4,2,1,1
202300025044,18,12,2023,19:35,5,1,7,17,17333,1,3,1,1,1
202300025044,18,12,2023,19:35,5,1,7,17,17333,1,3,2,1,1
202300025045,18,12,2023,19:55,1,1,3,16,16166,1,4,1,1,1
202300025045,18,12,2023,19:55,1,1,3,16,16166,1,4,-1,1,1
202300025046,18,12,2023,15:25,1,1,1,13,13043,2,4,-1,1,1
202300025047,29,6,2023,19:40,1,1,3,44,44109,2,4,2,1,1
202300025048,30,6,2023,19:40,1,1,3,35,35238,1,4,2,1,1
202300025049,30,6,2023,23:55,5,2,3,33,33063,2,4,2,1,2
202300025049,30,6,2023,23:55,5,2,3,33,33063,2,4,1,1,2
202300025050,28,6,2023,00:20,5,1,3,31,31555,2,1,1,1,1
202300025050,28,6,2023,00:20,5,1,3,31,31555,2,1,1,1,1
202300025051,16,6,2023,18:25,1,1,7,31,31555,2,4,1,1,9
202300025052,29,6,2023,11:25,1,1,2,29,29039,2,4,-1,1,1
202300025052,29,6,2023,11:25,1,1,2,29,29039,2,4,-1,1,1
202300025053,30,6,2023,10:30,1,1,4,29,29019,2,4,-1,2,2
202300025054,28,6,2023,10:30,1,2,3,29,29019,2,4,1,1,2
202300025055,30,6,2023,15:45,1,1,6,27,27528,2,4,-1,1,1
202300025056,30,6,2023,16:40,1,1,3,27,27229,2,4,2,1,1
202300025056,30,6,2023,16:40,1,1,3,27,27229,2,4,2,1,1
202300025057,30,6,2023,08:10,1,8,1,13,13001,1,3,2,1,1
202300025058,30,6,2023,16:35,1,1,6,11,11069,2,4,1,2,1
202300025058,30,6,2023,16:35,1,1,6,11,11069,2,4,1,1,1
202300025059,30,6,2023,12:10,1,1,3,06,06027,2,7,2,1,1
202300025059,30,6,2023,12:10,1,1,3,06,06027,2,7,4,1,1
202300025060,30,6,2023,20:20,1,1,3,75,75112,2,4,1,1,1
202300025061,15,6,2023,22:55,5,1,7,75,75113,2,4,1,1,1
202300025062,30,6,2023,19:35,1,1,6,75,75118,2,4,1,1,1
202300025062,30,6,2023,19:35,1,1,6,75,75118,2,4,2,1,1
202300025063,30,6,2023,19:00,1,1,7,75,75116,2,4,2,1,1
202300025064,30,6,2023,17:15,1,1,3,75,75116,2,4,2,1,1
202300025065,29,6,2023,13:20,1,1,3,75,75116,2,4,2,1,1
202300025066,29,6,2023,19:55,1,1,6,75,75117,2,4,3,1,1
202300025067,23,6,2023,20:45,2,1,6,75,75116,2,4,2,1,1
202300025067,23,6,2023,20:45,2,1,6,75,75116,2,4,2,1,1
202300025068,30,6,2023,15:11,1,1,3,75,75111,2,4,2,1,1
202300025069,30,6,2023,12:15,1,1,3,94,94068,2,3,2,1,1
202300025070,30,6,2023,15:55,1,1,3,94,94059,2,4,2,1,1
202300025071,30,6,2023,22:30,5,1,3,93,93055,2,3,1,1,1
202300025071,30,6,2023,22:30,5,1,3,93,93055,2,3,2,1,1
202300025072,30,6,2023,10:15,1,1,3,93,93051,2,3,3,1,1
202300025072,30,6,2023,10:15,1,1,3,93,93051,2,3,1,1,1
202300025073,30,6,2023,18:00,1,1,6,93,93031,2,4,2,1,1
202300025074,30,6,2023,08:45,1,1,3,93,93029,2,4,1,1,1
202300025074,30,6,2023,08:45,1,1,3,93,93029,2,4,2,1,1
202300025075,30,6,2023,15:05,1,1,3,93,93071,2,4,2,1,1
202300025076,30,6,2023,18:55,1,1,1,92,92078,2,3,2,1,1
202300025077,26,6,2023,18:13,1,1,6,92,92049,2,3,-1,1,1
202300025077,26,6,2023,18:13,1,1,6,92,92049,2,3,2,1,1
202300025078,30,6,2023,14:15,1,1,2,92,92026,2,4,-1,1,1
202300025079,29,6,2023,15:30,1,1,4,92,92012,2,4,2,1,1
202300025080,1,7,2023,13:40,1,1,6,2A,2A026,1,3,2,2,9
202300025081,29,6,2023,19:40,1,1,6,67,67362,1,3,2,2,1
202300025082,1,7,2023,11:10,1,2,7,63,63048,1,3,2,2,2
202300025083,1,7,2023,09:10,1,1,3,67,67548,2,3,1,1,1
202300025084,30,6,2023,08:15,1,1,6,59,59499,2,3,2,1,1
202300025085,1,7,2023,01:29,3,1,6,30,30041,1,3,2,1,1
202300025086,30,6,2023,13:00,1,1,1,21,21485,2,4,2,2,1
202300025086,30,6,2023,13:00,1,1,1,21,21485,2,4,2,1,1
202300025087,30,6,2023,09:30,1,1,1,51,51211,1,3,2,1,1
202300025088,29,6,2023,17:29,1,1,7,79,79103,1,3,-1,1,1
202300025089,30,6,2023,21:20,1,2,7,79,79210,1,3,2,3,2
202300025090,1,6,2023,14:00,1,1,5,2B,2B123,1,2,2,1,1
202300025091,1,7,2023,01:25,4,1,6,71,71263,2,3,2,1,1
202300025092,1,7,2023,16:45,1,3,1,71,71095,2,3,2,2,2
202300025092,1,7,2023,16:45,1,3,1,71,71095,2,3,-1,2,2
202300025093,28,6,2023,05:15,4,1,6,71,71202,2,4,2,2,1
202300025094,30,6,2023,17:50,1,1,3,63,63352,1,3,2,1,1
202300025094,30,6,2023,17:50,1,1,3,63,63352,1,3,2,2,1
202300025095,1,7,2023,00:50,3,2,7,49,49200,1,3,3,1,2
202300025096,1,7,2023,10:30,1,2,6,42,42092,1,7,2,2,2
202300025097,29,6,2023,19:00,1,1,7,41,41235,1,3,2,4,1
202300025098,29,6,2023,12:27,1,1,7,68,68259,1,3,2,2,1
202300025099,1,7,2023,13:15,1,1,1,25,25139,1,3,2,2,1
202300025100,30,6,2023,16:25,1,2,3,44,44111,1,4,2,1,2
202300025100,30,6,2023,16:25,1,2,3,44,44111,1,4,2,1,2
202300025101,30,6,2023,23:20,3,1,6,15,15021,1,3,2,1,1
202300025102,30,6,2023,18:20,1,1,6,05,05176,1,3,2,1,1
202300025103,6,6,2023,19:00,1,2,7,83,83028,2,3,2,1,2
202300025104,29,6,2023,10:40,1,1,1,43,43244,1,3,2,1,1
202300025105,1,7,2023,09:20,1,1,6,43,43230,2,3,2,2,2
202300025106,28,6,2023,18:45,1,1,3,87,87068,1,3,2,1,1
202300025106,28,6,2023,18:45,1,1,3,87,87068,1,3,2,1,1
202300025107,1,7,2023,10:10,1,1,1,30,30210,2,3,2,1,1
202300025107,1,7,2023,10:10,1,1,1,30,30210,2,3,2,1,1
202300025108,30,6,2023,16:40,1,1,7,30,30349,1,3,2,1,1
202300025109,1,7,2023,02:48,5,1,6,63,63164,1,1,3,1,1
202300025110,28,6,2023,09:35,1,1,6,42,42276,1,3,2,1,1
202300025111,29,6,2023,20:05,2,3,2,31,31037,1,1,3,1,2
202300025112,30,6,2023,18:05,1,1,3,13,13086,1,1,1,1,1
202300025113,30,6,2023,14:15,1,1,7,17,17365,1,3,2,3,1
202300025114,28,6,2023,03:30,5,1,3,987,98712,2,2,3,1,1
202300025115,1,7,2023,05:00,2,1,6,988,98814,1,2,2,1,1
202300025116,30,6,2023,18:50,1,1,7,34,34075,1,3,2,1,1
202300025117,27,6,2023,13:00,1,1,1,34,34240,1,3,2,1,1
202300025117,27,6,2023,13:00,1,1,1,34,34240,1,3,2,1,1
202300025118,1,7,2023,13:00,1,1,7,13,13084,1,3,2,2,1
202300025119,1,7,2023,10:30,1,2,6,52,52449,1,3,2,1,2
202300025120,30,6,2023,23:50,3,1,7,88,88242,1,3,2,1,1
202300025121,30,6,2023,07:25,1,1,1,54,54596,1,3,2,1,1
202300025122,30,6,2023,14:45,1,1,3,63,63470,1,3,2,2,1
202300025123,30,6,2023,18:30,1,1,6,69,69062,1,3,2,2,1
202300025124,27,6,2023,19:00,1,1,3,17,17393,1,3,2,1,1
202300025125,28,6,2023,04:50,2,1,1,33,33366,1,3,2,1,1
202300025125,28,6,2023,04:50,2,1,1,33,33366,1,3,2,1,1
202300025126,30,6,2023,20:30,1,2,7,85,85302,1,3,2,2,2
202300025127,1,7,2023,15:50,1,1,1,14,14762,1,3,2,2,1
202300025128,30,6,2023,19:45,1,1,1,60,60135,1,3,2,4,1
202300025129,1,7,2023,05:45,1,1,6,59,59571,2,3,2,1,2
202300025130,30,6,2023,11:15,1,1,2,13,13212,1,1,1,1,1
202300025131,22,6,2023,14:17,1,1,2,13,13071,1,1,1,1,1
202300025132,28,6,2023,13:50,1,1,3,83,83137,1,1,1,1,1
202300025133,30,6,2023,01:30,3,2,6,83,83035,1,1,1,1,2
202300025134,29,6,2023,18:00,1,1,6,83,83062,1,1,3,1,1
202300025135,28,6,2023,16:50,1,1,3,33,33065,1,2,3,2,1
202300025136,29,6,2023,16:55,1,1,3,62,62907,1,1,1,1,1
202300025137,30,6,2023,20:25,1,1,7,94,94038,1,1,3,1,1
202300025138,30,6,2023,16:40,1,1,2,92,92002,1,1,3,1,1
202300025139,30,6,2023,15:30,1,1,3,91,91689,1,1,3,1,1
202300025140,30,6,2023,11:15,1,1,2,91,91161,1,1,1,1,1
202300025141,30,6,2023,17:18,1,1,6,78,78646,1,2,-1,1,1
202300025142,30,6,2023,16:06,1,1,3,92,92050,1,1,1,1,1
202300025143,30,6,2023,12:00,1,1,2,92,92036,1,2,1,1,1
202300025144,30,6,2023,08:30,1,1,3,93,93006,1,1,3,4,1
202300025145,29,6,2023,16:50,1,1,2,988,98818,2,4,2,1,1
202300025146,29,6,2023,06:45,1,1,3,988,98818,2,4,2,-1,1
202300025146,29,6,2023,06:45,1,1,3,988,98818,2,4,2,3,1
202300025147,29,6,2023,12:55,1,1,6,976,97611,2,4,3,1,1
202300025148,29,6,2023,08:20,1,1,5,974,97416,1,2,1,2,1
202300025149,28,6,2023,16:15,1,1,2,974,97416,1,2,2,1,1
202300025150,18,6,2023,20:17,4,1,3,974,97411,2,3,2,2,1
202300025150,18,6,2023,20:17,4,1,3,974,97411,2,3,2,2,1
202300025151,29,6,2023,15:40,1,1,1,973,97302,2,4,2,1,1
202300025151,29,6,2023,15:40,1,1,1,973,97302,2,4,2,1,1
202300025152,29,6,2023,11:45,1,1,3,973,97302,2,3,2,1,1
202300025153,29,6,2023,13:55,1,1,3,69,69387,2,4,1,1,1
202300025153,29,6,2023,13:55,1,1,3,69,69387,2,4,1,1,1
202300025154,29,6,2023,14:00,1,1,3,69,69386,2,4,1,1,1
202300025155,15,6,2023,13:10,1,1,3,69,69386,2,4,1,1,1
202300025155,15,6,2023,13:10,1,1,3,69,69386,2,4,1,1,1
202300025156,25,6,2023,19:20,5,1,7,972,97213,1,9,4,1,1
202300025157,30,6,2023,00:10,5,2,7,69,69385,2,4,1,2,2
202300025158,29,6,2023,15:45,1,1,2,69,69149,2,4,2,2,1
202300025159,20,6,2023,06:50,1,1,7,971,97113,1,4,2,2,2
202300025160,23,6,2023,08:09,1,2,7,971,97113,1,3,2,1,2
202300025161,29,6,2023,13:40,1,1,1,2A,2A004,2,3,2,1,1
202300025162,29,6,2023,14:30,1,1,2,86,86194,2,3,1,1,1
202300025163,29,6,2023,18:35,1,1,6,81,81060,2,4,2,1,1
202300025164,29,6,2023,21:45,2,1,1,78,78650,2,3,2,1,1
202300025164,29,6,2023,21:45,2,1,1,78,78650,2,3,2,1,1
202300025165,24,6,2023,17:00,1,1,2,77,77449,2,4,3,1,1
202300025166,29,6,2023,15:15,1,1,2,77,77442,1,3,-1,1,1
202300025167,28,6,2023,20:30,1,1,3,76,76351,2,4,2,2,1
202300025167,28,6,2023,20:30,1,1,3,76,76351,2,4,2,1,1
202300025168,29,6,2023,22:40,5,1,3,71,71040,2,4,2,1,1
202300025168,29,6,2023,22:40,5,1,3,71,71040,2,4,2,1,1
202300025169,29,6,2023,09:40,1,1,3,69,69264,2,3,2,1,1
202300025169,29,6,2023,09:40,1,1,3,69,69264,2,3,2,1,1
202300025170,29,6,2023,18:10,1,2,4,64,64348,2,4,2,1,2
202300025171,29,6,2023,00:55,5,1,2,64,64445,2,4,-1,1,1
202300025172,28,6,2023,22:12,5,1,3,63,63113,2,4,1,1,1
202300025172,28,6,2023,22:12,5,1,3,63,63113,2,4,1,1,1
202300025173,30,6,2023,00:10,5,1,1,59,59368,2,7,2,2,1
202300025173,30,6,2023,00:10,5,1,1,59,59368,2,7,2,1,1
202300025174,29,6,2023,07:00,1,1,1,59,59360,2,7,3,1,1
202300025175,28,6,2023,07:40,1,1,6,54,54395,2,4,2,1,1
202300025175,28,6,2023,07:40,1,1,6,54,54395,2,4,2,1,1
202300025176,27,6,2023,19:50,1,1,4,51,51454,2,4,2,2,1
202300025177,29,6,2023,17:00,1,1,1,47,47323,2,3,2,1,1
202300025177,29,6,2023,17:00,1,1,1,47,47323,2,3,2,1,1
202300025178,29,6,2023,08:25,1,1,3,45,45234,2,4,2,2,1
202300025178,29,6,2023,08:25,1,1,3,45,45234,2,4,2,1,1
202300025179,25,6,2023,21:30,1,1,2,44,44184,2,4,2,1,1
202300025179,25,6,2023,21:30,1,1,2,44,44184,2,4,2,3,1
202300025180,7,5,2023,19:01,1,1,6,44,44184,2,4,2,1,1
202300025180,7,5,2023,19:01,1,1,6,44,44184,2,4,2,1,1
202300025181,22,6,2023,07:50,1,1,5,44,44184,2,4,2,1,1
202300025182,18,6,2023,09:24,1,1,6,42,42170,1,3,2,1,1
202300025183,29,6,2023,00:48,3,1,2,41,41018,2,4,2,1,1
202300025184,28,6,2023,13:30,1,1,7,41,41295,2,3,1,1,1
202300025185,29,6,2023,15:50,1,1,6,37,37261,2,4,2,1,1
202300025186,28,6,2023,17:15,1,1,2,35,35055,1,3,3,1,1
202300025187,29,6,2023,16:00,1,1,6,34,34172,2,4,1,1,1
202300025188,29,6,2023,10:15,1,1,6,34,34172,2,4,2,1,1
202300025189,29,6,2023,19:00,1,1,1,33,33063,2,4,1,1,1
202300025190,28,6,2023,21:22,2,1,7,31,31483,1,3,2,2,1
202300025191,29,6,2023,19:00,1,1,3,29,29232,2,3,2,1,1
202300025191,29,6,2023,19:00,1,1,3,29,29232,2,3,2,1,1
202300025192,28,6,2023,18:00,1,1,6,29,29232,2,4,2,2,1
202300025193,28,6,2023,11:45,1,1,2,29,29039,2,3,2,1,1
202300025194,28,6,2023,19:30,1,1,6,29,29019,2,4,-1,2,1
202300025195,29,6,2023,10:55,1,1,6,25,25056,2,4,3,1,1
202300025196,14,6,2023,11:45,1,1,6,22,22278,2,4,2,1,1
202300025197,28,6,2023,17:20,1,1,2,17,17306,2,4,3,1,1