id_accident,jour,mois,annee,heure_minute,luminosite,meteo,type_collision,departement,commune,agglomeration,categorie_route,regime_circulation,profil_route,etat_surface
202300025198,29,6,2023,19:41,1,1,3,17,17300,2,4,-1,1,1
202300025198,29,6,2023,19:41,1,1,3,17,17300,2,4,2,1,1
202300025199,29,6,2023,10:45,1,1,3,13,13019,2,3,2,1,1
202300025200,12,10,2023,16:50,1,1,2,37,37233,2,4,3,1,1
202300025201,29,6,2023,03:55,3,1,6,11,11069,1,3,1,2,1
202300025202,9,10,2023,01:15,4,1,6,34,34172,2,4,2,2,1
202300025203,28,6,2023,21:56,5,1,3,10,10387,2,4,1,2,1
202300025203,28,6,2023,21:56,5,1,3,10,10387,2,4,2,1,1
202300025204,10,10,2023,13:00,1,1,6,34,34003,2,3,2,1,1
202300025205,29,6,2023,14:35,1,1,6,08,08105,2,3,1,2,1
202300025206,29,6,2023,14:25,1,1,7,07,07281,1,3,2,2,1
202300025207,12,10,2023,08:15,1,1,3,33,33063,2,4,2,1,1
202300025207,12,10,2023,08:15,1,1,3,33,33063,2,4,2,1,1
202300025208,29,6,2023,13:05,1,1,1,06,06088,2,4,2,2,1
202300025209,29,6,2023,02:10,5,1,6,03,03190,2,4,2,1,1
202300025210,11,10,2023,22:10,3,1,2,33,33162,2,4,2,2,1
202300025211,29,6,2023,18:25,1,1,2,75,75120,2,4,1,1,1
202300025212,29,6,2023,15:10,1,1,3,75,75112,2,4,1,1,1
202300025213,12,10,2023,13:59,1,1,6,31,31555,2,7,3,1,1
202300025214,28,6,2023,07:10,1,1,2,75,75116,2,4,1,1,1
202300025215,12,10,2023,07:45,2,1,3,31,31555,2,4,2,2,1
202300025216,29,6,2023,12:00,1,8,1,75,75120,2,4,2,2,1
202300025217,10,10,2023,08:20,1,1,3,31,31555,2,7,2,1,1
202300025218,29,6,2023,15:15,1,1,6,75,75116,2,4,1,1,1
202300025218,29,6,2023,15:15,1,1,6,75,75116,2,4,1,1,1
202300025219,29,6,2023,14:45,1,1,3,75,75116,2,4,2,1,1
202300025220,8,10,2023,04:25,3,1,6,31,31555,1,1,1,1,1
202300025221,28,6,2023,09:55,1,1,6,75,75115,2,4,1,1,1
202300025222,12,10,2023,11:35,1,1,6,31,31483,2,4,2,1,1
202300025223,29,6,2023,11:45,1,1,6,75,75115,2,4,1,1,1
202300025224,28,6,2023,14:30,1,1,7,75,75114,2,4,2,1,1
202300025225,12,10,2023,10:00,1,2,3,29,29039,2,4,2,1,2
202300025226,29,6,2023,18:50,1,1,6,75,75113,2,4,2,1,1
202300025226,29,6,2023,18:50,1,1,6,75,75113,2,4,1,1,1
202300025227,11,10,2023,17:10,1,1,7,26,26252,2,4,2,1,1
202300025228,28,6,2023,23:00,5,1,1,75,75111,2,4,2,1,1
202300025228,28,6,2023,23:00,5,1,1,75,75111,2,4,2,2,1
202300025229,29,6,2023,20:50,2,1,6,75,75110,2,4,1,1,1
202300025229,29,6,2023,20:50,2,1,6,75,75110,2,4,1,1,1
202300025230,12,10,2023,21:30,5,1,3,25,25056,2,4,2,3,1
202300025230,12,10,2023,21:30,5,1,3,25,25056,2,4,4,1,1
202300025231,29,6,2023,14:40,1,1,6,75,75110,2,4,1,1,1
202300025231,29,6,2023,14:40,1,1,6,75,75110,2,4,1,1,1
202300025232,11,10,2023,15:47,1,1,6,19,19031,2,4,2,1,1
202300025232,11,10,2023,15:47,1,1,6,19,19031,2,4,2,1,1
202300025233,29,6,2023,10:00,1,1,3,75,75110,2,4,2,2,1
202300025233,29,6,2023,10:00,1,1,3,75,75110,2,4,2,1,1
202300025234,29,6,2023,11:10,1,1,3,75,75108,2,4,1,2,1
202300025234,29,6,2023,11:10,1,1,3,75,75108,2,4,1,1,1
202300025235,12,10,2023,16:00,1,1,6,17,17415,2,4,2,2,1
202300025236,29,6,2023,13:23,1,1,6,75,75107,2,4,2,1,1
202300025236,29,6,2023,13:23,1,1,6,75,75107,2,4,2,1,1
202300025237,29,6,2023,10:30,1,1,3,94,94003,2,3,3,1,1
202300025238,27,6,2023,00:50,5,1,6,94,94028,2,4,1,1,1
202300025239,12,10,2023,16:45,1,1,2,17,17291,1,2,3,1,1
202300025240,26,6,2023,20:15,1,1,6,94,94069,2,3,2,1,1
202300025241,29,6,2023,00:10,5,1,2,93,93070,2,3,2,1,1
202300025242,29,6,2023,09:30,1,1,3,93,93048,2,3,2,2,1
202300025243,29,6,2023,05:15,1,1,6,93,93007,2,4,1,1,1
202300025244,12,10,2023,17:15,1,1,6,14,14118,2,4,2,1,1
202300025245,29,6,2023,10:25,1,1,2,92,92075,2,3,2,1,1
202300025246,28,6,2023,17:30,1,1,2,92,92048,2,3,1,1,1
202300025247,12,10,2023,18:45,2,1,3,13,13117,2,3,1,1,1
202300025247,12,10,2023,18:45,2,1,3,13,13117,2,3,1,1,1
202300025248,29,6,2023,13:24,1,1,3,92,92024,2,3,1,1,1
202300025248,29,6,2023,13:24,1,1,3,92,92024,2,3,1,1,1
202300025249,12,10,2023,17:56,2,1,6,13,13106,2,4,2,1,1
202300025250,29,6,2023,10:42,1,1,5,92,92024,2,3,1,1,1
202300025251,28,6,2023,14:32,1,1,3,92,92012,2,3,2,1,1
202300025252,29,6,2023,19:30,1,1,6,92,92014,2,3,1,1,1
202300025253,12,10,2023,23:28,5,1,1,13,13209,2,4,2,1,1
202300025254,28,6,2023,17:40,1,1,3,17,17045,1,3,2,1,1
202300025254,28,6,2023,17:40,1,1,3,17,17045,1,3,2,1,1
202300025255,12,10,2023,22:45,5,1,1,13,13211,2,4,-1,1,1
202300025255,12,10,2023,22:45,5,1,1,13,13211,2,4,2,1,1
202300025256,29,6,2023,10:20,1,1,7,43,43185,1,3,2,1,9
202300025257,30,6,2023,15:30,1,1,1,974,97405,1,4,2,2,1
202300025258,12,10,2023,23:00,5,1,3,13,13212,2,4,2,2,1
202300025258,12,10,2023,23:00,5,1,3,13,13212,2,4,2,2,1
202300025259,24,6,2023,22:00,5,1,6,01,01427,2,6,-1,1,1
202300025260,12,10,2023,18:07,1,1,6,13,13002,2,4,1,1,1
202300025261,25,6,2023,05:10,2,1,3,01,01194,2,4,2,1,1
202300025262,26,6,2023,12:40,1,1,6,14,14027,1,3,2,1,1
202300025263,12,10,2023,00:50,5,1,1,13,13207,2,7,2,1,1
202300025264,12,10,2023,21:00,5,1,6,13,13001,2,4,2,2,1
202300025265,12,10,2023,19:40,3,1,3,13,13001,1,3,3,1,1
202300025265,12,10,2023,19:40,3,1,3,13,13001,1,3,3,1,1
202300025266,12,10,2023,23:15,5,1,3,10,10387,2,4,2,1,1
202300025267,12,10,2023,13:05,1,1,6,09,09207,2,3,2,1,1
202300025268,12,10,2023,11:37,1,1,3,06,06029,2,4,3,1,1
202300025269,12,10,2023,08:50,1,1,4,06,06027,2,4,2,1,1
202300025269,12,10,2023,08:50,1,1,4,06,06027,2,4,2,1,1
202300025270,10,10,2023,14:45,1,1,2,06,06027,2,7,2,1,1
202300025271,8,10,2023,16:45,1,1,2,02,02243,1,2,2,1,1
202300025272,7,10,2023,15:50,1,1,6,02,02722,2,4,1,1,1
202300025273,6,10,2023,18:30,1,7,6,02,02722,2,4,2,1,1
202300025274,5,10,2023,14:05,1,1,6,02,02722,2,4,1,1,1
202300025275,12,10,2023,12:05,1,2,7,75,75118,2,4,-1,1,2
202300025276,11,10,2023,10:30,1,1,2,75,75114,2,4,1,1,1
202300025277,10,10,2023,18:30,1,1,2,75,75119,2,4,1,1,1
202300025278,12,10,2023,18:45,2,8,6,75,75120,2,4,2,3,1
202300025278,12,10,2023,18:45,2,8,6,75,75120,2,4,-1,1,1
202300025279,10,10,2023,17:15,1,1,6,75,75120,2,4,1,1,1
202300025279,10,10,2023,17:15,1,1,6,75,75120,2,4,2,1,1
202300025280,12,10,2023,11:22,1,2,3,75,75116,2,4,1,1,2
202300025280,12,10,2023,11:22,1,2,3,75,75116,2,4,-1,1,2
202300025281,12,10,2023,14:45,1,1,3,75,75113,2,4,2,1,1
202300025281,12,10,2023,14:45,1,1,3,75,75113,2,4,1,1,1
202300025282,12,10,2023,16:10,1,1,6,75,75111,2,4,-1,1,1
202300025282,12,10,2023,16:10,1,1,6,75,75111,2,4,2,1,1
202300025283,11,10,2023,12:55,1,1,3,75,75108,2,4,2,1,1
202300025283,11,10,2023,12:55,1,1,3,75,75108,2,4,1,1,1
202300025284,11,10,2023,23:37,5,1,6,75,75101,2,4,1,1,1
202300025284,11,10,2023,23:37,5,1,6,75,75101,2,4,2,1,1
202300025285,11,10,2023,09:50,1,1,6,75,75102,2,4,2,1,1
202300025286,11,10,2023,14:15,1,1,6,94,94081,2,3,2,1,1
202300025287,11,10,2023,18:00,1,1,3,94,94068,2,4,1,1,1
202300025288,11,10,2023,22:45,3,1,3,94,94068,2,3,2,1,1
202300025288,11,10,2023,22:45,3,1,3,94,94068,2,3,2,1,1
202300025289,12,10,2023,09:40,1,1,1,94,94076,2,4,2,1,1
202300025290,12,10,2023,08:45,1,3,6,94,94076,2,3,2,1,3
202300025290,12,10,2023,08:45,1,3,6,94,94076,2,3,2,1,2
202300025291,12,10,2023,19:30,5,1,6,94,94076,2,4,2,1,1
202300025292,11,10,2023,23:00,5,1,2,94,94011,2,3,-1,1,1
202300025292,11,10,2023,23:00,5,1,2,94,94011,2,3,-1,1,1
202300025293,11,10,2023,08:47,1,1,6,94,94028,2,4,-1,1,1
202300025294,12,10,2023,08:20,1,3,6,93,93078,2,4,2,1,2
202300025294,12,10,2023,08:20,1,3,6,93,93078,2,4,2,1,2
202300025295,12,10,2023,15:32,1,1,3,93,93070,2,3,2,1,1
202300025295,12,10,2023,15:32,1,1,3,93,93070,2,3,2,1,1
202300025296,11,10,2023,09:36,1,1,3,93,93066,2,3,2,1,1
202300025297,12,10,2023,12:10,1,2,3,93,93062,2,4,2,1,2
202300025298,12,10,2023,18:10,2,1,3,93,93055,2,3,2,1,1
202300025298,12,10,2023,18:10,2,1,3,93,93055,2,3,1,1,1
202300025299,11,10,2023,15:25,1,1,3,93,93051,2,3,2,1,1
202300025300,12,10,2023,00:00,5,1,6,93,93049,2,4,1,1,1
202300025300,12,10,2023,00:00,5,1,6,93,93049,2,4,2,1,1
202300025301,12,10,2023,13:00,1,1,3,93,93046,2,4,2,1,1
202300025301,12,10,2023,13:00,1,1,3,93,93046,2,4,1,1,1
202300025302,12,10,2023,11:45,1,1,6,93,93079,2,4,2,1,2
202300025302,12,10,2023,11:45,1,1,6,93,93079,2,4,1,1,2
202300025303,12,10,2023,15:39,1,1,3,93,93029,2,4,2,1,1
202300025303,12,10,2023,15:39,1,1,3,93,93029,2,4,1,1,1
202300025304,12,10,2023,09:00,1,2,4,93,93029,2,4,2,1,2
202300025305,12,10,2023,21:50,5,1,3,93,93027,2,3,2,1,6
202300025305,12,10,2023,21:50,5,1,3,93,93027,2,3,2,1,6
202300025306,12,10,2023,13:35,1,1,3,93,93057,2,3,2,1,1
202300025307,12,10,2023,14:35,1,8,3,93,93001,2,4,1,1,1
202300025307,12,10,2023,14:35,1,8,3,93,93001,2,4,3,1,1
202300025308,12,10,2023,01:08,5,1,3,93,93001,2,3,2,1,1
202300025309,11,10,2023,20:09,5,1,2,92,92072,2,4,2,2,1
202300025310,10,10,2023,18:45,1,1,2,92,92063,2,4,2,1,1
202300025311,12,10,2023,11:50,1,1,2,92,92062,2,3,3,1,2
202300025312,11,10,2023,09:10,1,8,3,92,92050,2,3,1,1,1
202300025312,11,10,2023,09:10,1,8,3,92,92050,2,3,1,1,1
202300025313,12,10,2023,09:07,1,3,3,92,92048,2,4,2,2,2
202300025314,12,10,2023,21:10,5,1,3,92,92026,2,4,1,2,1
202300025315,11,10,2023,12:30,1,1,3,92,92024,2,3,1,1,1
202300025315,11,10,2023,12:30,1,1,3,92,92024,2,3,-1,1,1
202300025316,12,10,2023,08:28,2,2,3,92,92007,2,3,2,1,2
202300025317,13,10,2023,13:26,1,1,2,80,80425,1,3,2,1,1
202300025318,12,10,2023,08:20,1,1,6,01,01105,2,4,1,1,1
202300025318,12,10,2023,08:20,1,1,6,01,01105,2,4,2,1,1
202300025319,11,10,2023,13:00,1,1,5,01,01325,1,3,2,1,1
202300025319,11,10,2023,13:00,1,1,5,01,01325,1,3,2,1,1
202300025320,12,10,2023,23:00,3,1,2,17,17413,1,3,3,1,1
202300025321,13,10,2023,06:00,3,1,1,06,06161,1,3,2,1,1
202300025322,13,10,2023,07:05,2,1,2,71,71270,1,1,3,1,1
202300025323,12,10,2023,15:45,1,1,2,28,28104,1,3,-1,1,1
202300025324,12,10,2023,21:30,3,1,7,17,17264,1,3,2,1,1
202300025325,13,10,2023,06:09,3,1,1,72,72213,1,3,2,1,1
202300025326,13,10,2023,16:50,1,2,7,44,44073,1,2,3,1,2
202300025327,13,10,2023,12:15,1,1,6,30,30060,1,3,1,1,1
202300025328,13,10,2023,15:30,1,2,7,76,76198,1,3,2,1,6
202300025329,11,10,2023,07:45,1,1,2,76,76142,1,3,2,2,1
202300025330,13,10,2023,10:30,1,1,1,76,76330,2,3,2,1,1
202300025331,12,10,2023,22:30,3,1,6,80,80142,1,3,-1,1,2
202300025331,12,10,2023,22:30,3,1,6,80,80142,1,3,-1,1,2
202300025332,13,10,2023,15:15,1,1,7,71,71450,1,3,-1,3,1
202300025333,12,10,2023,13:35,1,1,7,63,63452,1,3,2,1,1
202300025334,12,10,2023,22:38,3,1,3,49,49055,1,3,2,1,1
202300025334,12,10,2023,22:38,3,1,3,49,49055,1,3,2,1,1
202300025335,13,10,2023,07:55,2,1,2,42,42149,2,3,2,1,1
202300025336,13,10,2023,14:45,1,1,3,42,42288,1,3,2,2,1
202300025336,13,10,2023,14:45,1,1,3,42,42288,1,3,2,1,1
202300025337,11,10,2023,09:50,1,1,6,46,46251,2,4,-1,-1,1
202300025337,11,10,2023,09:50,1,1,6,46,46251,2,4,2,1,1
202300025338,12,10,2023,08:25,1,1,1,46,46322,1,3,2,2,1
202300025339,12,10,2023,19:55,3,1,1,68,68347,1,3,2,1,1
202300025340,12,10,2023,12:00,1,1,1,39,39013,2,3,2,1,1
202300025340,12,10,2023,12:00,1,1,1,39,39013,2,3,2,1,1
202300025341,12,10,2023,19:00,2,1,3,25,25545,1,3,2,1,1
202300025341,12,10,2023,19:00,2,1,3,25,25545,1,3,2,1,1
202300025342,11,10,2023,11:15,1,1,6,35,35184,2,4,2,1,1
202300025342,11,10,2023,11:15,1,1,6,35,35184,2,4,2,1,1
202300025343,8,10,2023,17:00,1,1,2,29,29185,2,3,2,1,1
202300025344,13,10,2023,10:45,1,1,1,31,31542,1,3,2,1,1
202300025345,12,10,2023,19:45,3,1,6,31,31592,1,3,2,1,1
202300025346,13,10,2023,18:25,1,1,3,38,38150,2,7,2,1,1
202300025347,12,10,2023,06:38,3,1,5,02,02780,1,2,2,1,1
202300025348,7,10,2023,23:19,3,1,6,26,26099,1,3,2,1,1
202300025349,12,10,2023,14:00,1,1,7,58,58205,1,3,2,2,9
202300025350,12,10,2023,11:50,1,1,7,72,72312,1,3,2,1,1
202300025351,13,10,2023,17:05,1,8,7,72,72031,1,4,2,3,1
202300025352,10,10,2023,16:25,1,1,2,14,14431,1,3,2,1,1
202300025353,11,10,2023,15:50,1,1,3,64,64306,1,3,2,2,1
202300025354,13,10,2023,00:30,3,1,1,64,64353,1,3,2,1,1
202300025355,12,10,2023,10:10,1,1,3,64,64539,1,3,2,1,1
202300025356,13,10,2023,16:00,1,1,7,18,18242,2,4,2,1,9
202300025357,13,10,2023,15:00,1,1,3,10,10401,1,3,2,1,1
202300025357,13,10,2023,15:00,1,1,3,10,10401,1,3,2,1,1
202300025358,11,10,2023,14:20,1,1,6,07,07052,2,4,2,2,1
202300025359,13,10,2023,16:53,1,8,6,53,53147,2,4,2,1,1
202300025360,12,10,2023,21:30,3,1,6,04,04024,1,3,2,1,1
202300025361,13,10,2023,05:15,3,1,7,17,17107,1,3,2,1,1
202300025362,5,10,2023,07:45,2,1,3,37,37151,1,3,2,2,1
202300025363,12,10,2023,20:15,3,1,6,72,72300,1,1,3,1,1
202300025364,12,10,2023,15:15,1,1,3,49,49323,1,3,1,1,1
202300025364,12,10,2023,15:15,1,1,3,49,49323,1,3,2,1,1
202300025365,11,10,2023,17:50,1,1,3,13,13037,1,4,2,1,1
202300025366,9,10,2023,08:30,1,1,1,33,33122,2,4,2,1,1
202300025367,13,10,2023,06:30,3,1,2,68,68278,1,1,3,1,1
202300025368,12,10,2023,14:00,1,1,6,06,06085,1,1,3,2,1
202300025369,13,10,2023,09:50,1,1,2,34,34166,1,1,3,1,1
202300025370,13,10,2023,16:40,1,1,2,13,13114,1,3,2,1,1
202300025371,12,10,2023,06:45,1,1,3,987,98729,2,2,2,1,1
202300025372,13,10,2023,04:50,2,1,6,971,97107,1,2,3,1,2
202300025373,13,10,2023,17:20,1,2,3,29,29233,2,3,2,1,2
202300025374,12,10,2023,15:50,1,2,4,95,95675,1,3,1,1,2
202300025375,12,10,2023,08:25,1,1,6,66,66164,2,3,2,1,1
202300025375,12,10,2023,08:25,1,1,6,66,66164,2,3,2,1,1
202300025376,13,10,2023,11:15,1,1,3,34,34199,2,3,1,1,1
202300025377,13,10,2023,08:35,1,1,1,83,83115,1,3,2,1,1
202300025378,12,10,2023,14:30,1,2,1,57,57460,1,3,2,3,2
202300025378,12,10,2023,14:30,1,2,1,57,57460,1,3,2,2,2
202300025379,9,10,2023,17:30,1,1,1,73,73227,1,3,2,2,1
202300025380,11,10,2023,16:00,1,1,5,38,38022,2,3,2,1,1
202300025381,13,10,2023,06:30,3,1,2,26,26235,2,3,2,1,1
202300025382,12,10,2023,09:30,1,1,3,07,07140,1,3,2,2,1
202300025383,11,10,2023,07:15,3,1,2,31,31395,1,3,2,1,1
202300025384,13,10,2023,07:38,3,1,3,16,16388,1,3,2,1,1
202300025384,13,10,2023,07:38,3,1,3,16,16388,1,3,2,2,1
202300025385,10,10,2023,07:45,2,1,7,44,44026,2,7,2,1,1
202300025386,13,10,2023,13:55,1,8,3,22,22259,1,4,-1,1,1
202300025387,12,10,2023,23:20,3,1,7,22,22002,1,3,2,1,1
202300025388,12,10,2023,15:40,1,1,2,13,13071,1,1,1,1,1
202300025389,12,10,2023,09:45,1,1,5,69,69385,1,7,1,1,1
202300025390,12,10,2023,08:40,1,1,3,33,33318,1,1,3,1,1
202300025391,12,10,2023,08:25,1,1,3,33,33003,1,1,3,1,1
202300025392,11,10,2023,19:25,1,1,6,33,33281,1,1,-1,1,1
202300025393,11,10,2023,11:25,1,1,4,33,33550,1,1,1,1,1
202300025394,10,10,2023,22:15,3,1,2,59,59271,1,1,-1,1,1
202300025395,12,10,2023,11:52,1,1,2,94,94021,1,1,3,1,1
202300025396,12,10,2023,09:30,1,2,2,94,94021,1,1,-1,1,2
202300025397,12,10,2023,08:34,1,3,2,91,91064,1,2,3,1,2
202300025398,10,10,2023,09:47,1,1,4,78,78007,1,1,1,1,1
202300025399,11,10,2023,19:45,1,1,3,93,93048,1,1,3,1,1
202300025400,11,10,2023,20:30,5,1,7,93,93007,1,1,3,1,1
202300025401,12,10,2023,10:00,1,2,2,94,94069,1,1,3,1,2
202300025402,12,10,2023,08:30,1,2,3,94,94033,1,1,3,1,2
202300025403,11,10,2023,17:15,1,1,2,77,77363,1,1,1,1,1
202300025404,11,10,2023,05:30,3,1,5,77,77083,1,1,3,1,1
202300025404,11,10,2023,05:30,3,1,5,77,77083,1,1,4,1,1
202300025405,22,7,2023,16:25,1,1,6,35,35238,2,6,-1,1,1
202300025406,11,10,2023,22:00,5,1,2,974,97411,2,4,2,1,1
202300025407,11,10,2023,11:50,1,1,6,972,97213,2,9,2,1,1
202300025408,11,10,2023,15:30,1,1,3,69,69389,2,4,2,1,1
202300025408,11,10,2023,15:30,1,1,3,69,69389,2,4,2,1,1
202300025409,11,10,2023,22:39,5,1,6,2B,2B120,1,2,3,1,1
202300025410,11,10,2023,09:45,1,1,2,971,97113,1,2,3,1,1
202300025411,11,10,2023,08:05,1,1,3,971,97101,2,4,2,1,1
202300025412,11,10,2023,14:29,1,1,6,91,91432,2,3,-1,1,1
202300025413,7,10,2023,15:46,1,1,3,87,87065,2,1,1,2,1
202300025413,7,10,2023,15:46,1,1,3,87,87065,2,1,4,2,1
202300025414,6,10,2023,14:05,1,1,6,83,83123,2,4,-1,1,1
202300025415,10,10,2023,07:30,1,1,6,83,83069,2,3,-1,1,1
202300025416,11,10,2023,19:20,2,1,1,78,78299,2,3,2,1,1
202300025417,11,10,2023,22:40,5,1,3,77,77284,2,3,1,1,1
202300025418,11,10,2023,13:30,1,1,3,77,77186,1,3,3,2,9
202300025419,8,10,2023,04:30,5,1,7,76,76351,2,4,1,1,1
202300025420,11,7,2023,17:35,1,3,3,74,74281,2,4,2,1,2
202300025421,10,10,2023,12:31,1,1,7,67,67180,2,4,2,1,1
202300025422,11,10,2023,19:20,2,1,2,64,64445,1,3,-1,1,1
202300025423,11,10,2023,22:10,5,1,7,64,64024,2,4,2,3,1
202300025424,10,10,2023,08:59,1,1,2,64,64102,2,4,2,1,1
202300025425,10,10,2023,20:05,5,1,3,63,63245,2,4,2,1,1
202300025425,10,10,2023,20:05,5,1,3,63,63245,2,4,2,1,1
202300025426,11,10,2023,08:39,1,1,6,63,63113,2,4,2,1,1
202300025427,6,10,2023,16:10,1,1,6,62,62215,2,4,2,1,1
202300025427,6,10,2023,16:10,1,1,6,62,62215,2,4,2,1,1
202300025428,11,10,2023,17:15,1,1,2,59,59378,2,7,2,1,1
202300025429,11,10,2023,15:30,1,1,3,58,58194,2,4,2,1,1
202300025429,11,10,2023,15:30,1,1,3,58,58194,2,4,2,1,1
202300025430,10,10,2023,10:45,1,1,3,54,54184,2,4,2,1,1
202300025431,11,10,2023,15:45,1,1,6,53,53130,2,4,2,2,1
202300025432,10,10,2023,20:45,3,1,1,49,49015,1,3,2,1,1
202300025433,12,10,2023,01:15,5,1,6,44,44190,2,6,-1,1,1
202300025434,11,10,2023,18:36,1,1,6,42,42187,2,4,-1,1,1
202300025435,30,9,2023,06:12,5,1,6,35,35241,1,3,3,2,1
202300025436,12,10,2023,01:10,5,1,3,31,31555,2,4,2,1,1
202300025436,12,10,2023,01:10,5,1,3,31,31555,2,4,2,1,1
202300025437,11,10,2023,16:00,1,1,3,31,31069,2,7,2,1,1
202300025438,19,4,2023,19:55,1,1,1,60,60567,2,2,2,1,1
202300025438,19,4,2023,19:55,1,1,1,60,60567,2,2,2,1,1
202300025439,19,4,2023,16:20,1,1,6,16,16028,2,3,2,1,1
202300025440,19,4,2023,20:20,1,1,6,53,53073,2,3,2,1,1
202300025441,20,4,2023,18:24,1,1,7,85,85278,1,4,-1,1,1
202300025442,19,4,2023,16:40,1,1,5,52,52524,1,2,2,1,1
202300025443,20,4,2023,17:20,1,1,5,30,30020,1,3,2,1,1
202300025444,19,4,2023,18:30,1,1,6,01,01087,1,1,1,1,2
202300025445,20,4,2023,11:55,1,1,3,34,34337,2,4,2,1,1
202300025445,20,4,2023,11:55,1,1,3,34,34337,2,4,-1,1,1
202300025446,19,4,2023,14:20,1,1,5,13,13037,1,3,2,1,1
202300025447,19,4,2023,11:15,1,1,2,13,13069,1,1,3,1,1
202300025448,17,4,2023,15:15,1,1,5,33,33214,1,3,2,1,1
202300025449,19,4,2023,12:37,1,1,1,77,77273,1,3,2,1,1
202300025450,20,4,2023,17:35,1,1,4,34,34154,1,3,1,1,1
202300025451,20,4,2023,07:40,1,1,3,83,83112,2,3,2,1,1
202300025452,20,4,2023,17:25,1,1,3,83,83023,1,3,3,1,1
202300025453,20,4,2023,16:45,1,1,7,26,26235,1,3,2,1,1
202300025454,20,4,2023,13:15,1,1,3,44,44172,2,4,2,1,1
202300025455,19,4,2023,15:05,1,1,7,29,29103,2,3,1,1,1
202300025456,19,4,2023,14:50,1,1,3,13,13071,1,1,1,1,1
202300025457,19,4,2023,15:40,1,1,2,13,13071,1,1,-1,1,1
202300025458,19,4,2023,09:15,1,7,2,77,77517,1,1,3,1,1
202300025459,18,4,2023,20:20,1,1,3,59,59512,2,7,2,1,1
202300025459,18,4,2023,20:20,1,1,3,59,59512,2,7,1,1,1
202300025460,18,4,2023,08:25,1,1,6,54,54184,2,4,2,1,1
202300025461,18,4,2023,02:30,3,1,2,59,59196,1,1,-1,1,1
202300025462,17,4,2023,16:30,1,1,6,72,72181,2,4,-1,1,1
202300025463,12,4,2023,11:45,1,1,6,971,97120,2,4,1,1,1
202300025463,12,4,2023,11:45,1,1,6,971,97120,2,4,1,1,1
202300025464,12,4,2023,17:50,1,1,3,76,76540,2,7,2,2,1
202300025464,12,4,2023,17:50,1,1,3,76,76540,2,7,2,2,1
202300025465,12,4,2023,12:30,1,1,6,62,62186,2,3,2,1,1
202300025466,11,4,2023,10:29,1,1,6,76,76351,2,4,1,1,1
202300025466,11,4,2023,10:29,1,1,6,76,76351,2,4,2,1,1
202300025467,18,4,2023,18:00,5,1,2,974,97411,2,3,2,2,1
202300025468,18,4,2023,11:30,1,1,6,974,97411,2,2,2,1,1
202300025468,18,4,2023,11:30,1,1,6,974,97411,2,2,1,1,1
202300025469,18,4,2023,07:10,1,1,3,974,97409,2,4,2,1,1
202300025470,18,4,2023,18:40,1,1,6,69,69387,2,4,2,1,1
202300025471,18,4,2023,15:15,1,1,6,69,69383,2,4,1,1,1
202300025471,18,4,2023,15:15,1,1,6,69,69383,2,4,1,1,1
202300025472,17,4,2023,04:37,5,2,6,972,97213,1,3,2,1,2
202300025473,17,4,2023,21:00,5,1,4,972,97209,1,1,1,2,1
202300025474,17,4,2023,14:20,1,1,2,69,69381,2,4,2,1,1
202300025475,18,4,2023,14:41,1,1,1,971,97113,1,3,2,2,1
202300025476,17,4,2023,17:20,1,1,3,971,97101,1,4,2,1,1
202300025476,17,4,2023,17:20,1,1,3,971,97101,1,4,2,1,1
202300025477,18,4,2023,18:45,1,1,1,91,91161,2,1,2,1,1
202300025477,18,4,2023,18:45,1,1,1,91,91161,2,1,2,1,1
202300025478,17,4,2023,22:50,3,1,3,91,91432,2,3,2,1,1
202300025479,17,4,2023,13:40,1,1,2,83,83123,2,3,3,1,1
202300025480,17,4,2023,17:45,1,1,2,83,83129,2,4,2,2,1
202300025481,17,4,2023,17:30,1,1,3,83,83090,2,1,2,1,1
202300025481,17,4,2023,17:30,1,1,3,83,83090,2,1,1,1,1
202300025482,18,4,2023,21:15,5,1,1,81,81004,2,4,2,1,1
202300025483,18,4,2023,08:00,1,1,3,81,81004,2,3,2,1,1
202300025483,18,4,2023,08:00,1,1,3,81,81004,2,3,2,1,1
202300025484,16,4,2023,15:10,1,1,3,76,76351,2,4,2,1,1
202300025484,16,4,2023,15:10,1,1,3,76,76351,2,4,2,1,1
202300025485,18,4,2023,11:45,1,1,3,71,71076,2,4,2,1,1
202300025486,18,4,2023,08:40,1,1,2,71,71475,1,2,2,1,1
202300025487,6,8,2023,02:00,3,3,6,02,02586,1,3,-1,1,2
202300025488,2,8,2023,22:30,3,2,2,02,02361,1,3,2,1,2
202300025489,18,4,2023,17:10,1,1,4,69,69266,2,4,2,1,1
202300025489,18,4,2023,17:10,1,1,4,69,69266,2,4,2,1,1
202300025490,3,8,2023,08:00,1,2,3,02,02146,2,3,2,1,2
202300025491,18,4,2023,13:08,1,1,3,69,69282,2,4,2,1,1