id_accident,jour,mois,annee,heure_minute,luminosite,meteo,type_collision,departement,commune,agglomeration,categorie_route,regime_circulation,profil_route,etat_surface
202300025491,18,4,2023,13:08,1,1,3,69,69282,2,4,2,1,1
202300025492,5,8,2023,17:15,1,1,5,84,84123,1,3,2,1,1
202300025493,5,8,2023,15:32,1,1,3,84,84089,2,3,1,1,1
202300025494,6,8,2023,06:30,1,1,6,03,03118,2,4,-1,1,-1
202300025494,6,8,2023,06:30,1,1,6,03,03118,2,4,3,1,1
202300025495,1,8,2023,18:50,1,1,7,15,15251,1,3,2,1,9
202300025496,18,4,2023,18:45,1,1,1,69,69259,2,7,2,1,1
202300025496,18,4,2023,18:45,1,1,1,69,69259,2,7,2,1,1
202300025497,3,8,2023,14:40,1,2,7,15,15092,1,3,2,2,2
202300025498,31,7,2023,19:00,1,1,7,15,15162,2,3,3,1,1
202300025499,4,8,2023,11:50,1,3,6,15,15120,1,3,2,2,2
202300025500,17,4,2023,19:45,1,1,3,69,69029,2,4,2,1,1
202300025501,1,8,2023,15:30,1,8,1,01,01015,2,3,2,2,1
202300025501,1,8,2023,15:30,1,8,1,01,01015,2,3,2,2,8
202300025502,1,8,2023,10:50,1,1,6,01,01457,1,3,2,1,1
202300025502,1,8,2023,10:50,1,1,6,01,01457,1,3,2,1,1
202300025503,5,8,2023,15:35,1,1,7,01,01447,2,3,2,1,1
202300025504,5,8,2023,14:00,1,2,2,85,85008,1,1,2,1,2
202300025505,5,8,2023,14:30,1,1,6,70,70532,1,2,-1,3,1
202300025505,5,8,2023,14:30,1,1,6,70,70532,1,2,1,3,1
202300025506,5,8,2023,06:00,3,5,6,70,70372,1,3,2,1,2
202300025507,16,4,2023,15:07,1,1,3,66,66136,2,4,2,1,1
202300025507,16,4,2023,15:07,1,1,3,66,66136,2,4,2,1,1
202300025508,5,8,2023,11:05,1,1,2,26,26369,1,3,2,2,1
202300025509,5,8,2023,13:00,1,1,7,26,26306,1,3,2,2,1
202300025510,6,8,2023,10:05,1,1,2,26,26146,1,3,-1,1,1
202300025511,18,4,2023,22:45,3,1,7,64,64545,1,3,1,1,1
202300025512,5,8,2023,12:00,1,1,1,26,26165,1,2,2,1,1
202300025513,18,4,2023,09:15,1,1,3,64,64483,2,3,2,1,1
202300025514,30,7,2023,06:25,2,1,6,58,58245,1,3,2,1,1
202300025515,30,7,2023,01:15,5,1,6,58,58151,2,3,2,1,1
202300025516,5,8,2023,15:26,1,1,6,66,66161,1,2,2,2,1
202300025517,17,4,2023,08:35,1,1,3,64,64445,2,4,2,1,1
202300025517,17,4,2023,08:35,1,1,3,64,64445,2,4,2,1,1
202300025518,5,8,2023,16:05,1,1,6,54,54097,2,3,2,1,1
202300025519,17,4,2023,17:30,1,1,3,64,64024,2,3,3,1,1
202300025520,5,8,2023,00:05,3,1,3,06,06162,1,3,2,1,1
202300025521,3,8,2023,16:55,1,1,7,06,06136,1,3,2,2,1
202300025522,3,8,2023,09:20,1,2,7,14,14026,2,3,2,1,2
202300025523,18,4,2023,17:40,1,1,3,62,62065,2,4,-1,1,1
202300025523,18,4,2023,17:40,1,1,3,62,62065,2,4,2,1,1
202300025524,4,8,2023,15:00,1,2,5,05,05114,2,3,2,2,2
202300025525,18,4,2023,17:45,1,1,2,60,60057,2,4,2,1,1
202300025526,7,8,2023,17:00,1,1,1,05,05096,2,4,2,2,1
202300025527,18,4,2023,14:15,1,1,2,60,60057,2,4,2,1,1
202300025528,27,7,2023,07:45,1,3,3,50,50471,2,3,2,1,2
202300025528,27,7,2023,07:45,1,3,3,50,50471,2,3,2,1,2
202300025529,18,4,2023,20:23,1,1,3,59,59599,2,4,-1,3,1
202300025529,18,4,2023,20:23,1,1,3,59,59599,2,4,2,2,1
202300025530,18,4,2023,16:00,1,1,6,59,59599,2,4,1,1,1
202300025530,18,4,2023,16:00,1,1,6,59,59599,2,4,2,1,1
202300025531,3,8,2023,20:50,1,1,3,50,50618,1,3,2,1,1
202300025531,3,8,2023,20:50,1,1,3,50,50618,1,3,2,3,1
202300025532,31,7,2023,19:00,1,3,6,50,50639,2,3,2,1,2
202300025533,18,4,2023,11:30,1,1,3,59,59356,2,4,1,1,1
202300025533,18,4,2023,11:30,1,1,3,59,59356,2,4,-1,1,1
202300025534,3,8,2023,12:30,1,2,2,50,50239,1,2,3,1,2
202300025535,7,8,2023,11:30,1,1,1,09,09189,1,2,2,2,1
202300025536,18,4,2023,17:45,1,1,4,51,51454,1,4,3,1,1
202300025537,5,8,2023,19:08,1,3,7,60,60667,1,3,2,2,2
202300025538,4,8,2023,12:10,1,8,7,64,64259,2,3,2,2,8
202300025539,18,4,2023,07:20,1,1,6,51,51454,2,4,2,2,1
202300025540,3,8,2023,20:30,1,1,3,73,73043,2,3,2,2,1
202300025540,3,8,2023,20:30,1,1,3,73,73043,2,3,2,1,1
202300025541,14,4,2023,14:00,1,3,2,50,50129,2,3,2,1,2
202300025542,4,8,2023,06:40,2,1,7,18,18132,2,3,1,1,1
202300025542,4,8,2023,06:40,2,1,7,18,18132,2,3,2,1,1
202300025543,14,4,2023,13:00,1,2,7,50,50129,2,4,2,1,2
202300025544,6,8,2023,15:35,1,1,7,43,43127,2,3,2,2,1
202300025545,5,8,2023,17:35,1,1,1,43,43086,1,3,2,2,1
202300025546,17,4,2023,18:30,1,1,3,49,49007,2,4,2,1,1
202300025546,17,4,2023,18:30,1,1,3,49,49007,2,4,2,1,1
202300025547,7,8,2023,13:35,1,1,7,10,10114,1,3,2,1,1
202300025548,6,8,2023,06:45,1,1,6,10,10193,1,3,2,3,1
202300025549,6,8,2023,16:20,1,1,6,10,10432,1,3,2,2,1
202300025550,6,8,2023,19:40,1,1,6,16,16023,1,3,2,2,1
202300025551,18,4,2023,20:40,2,1,3,45,45234,2,4,1,1,1
202300025551,18,4,2023,20:40,2,1,3,45,45234,2,4,1,2,1
202300025552,5,8,2023,11:45,1,2,7,16,16280,1,3,2,1,2
202300025553,3,8,2023,22:56,3,2,7,16,16120,1,3,2,1,2
202300025554,18,4,2023,16:00,1,8,1,45,45208,2,6,-1,1,1
202300025555,7,8,2023,12:45,1,1,6,07,07301,1,3,2,2,1
202300025556,5,8,2023,08:20,1,1,6,21,21580,2,3,2,1,1
202300025557,18,4,2023,21:45,3,1,1,44,44162,2,4,2,1,1
202300025558,3,8,2023,12:00,1,1,3,40,40310,2,3,2,1,1
202300025559,18,4,2023,09:00,1,1,3,44,44109,2,4,3,1,1
202300025560,5,8,2023,12:20,1,1,1,24,24172,1,3,2,1,1
202300025561,18,4,2023,20:55,5,1,3,37,37261,2,4,2,1,1
202300025561,18,4,2023,20:55,5,1,3,37,37261,2,4,1,1,1
202300025562,18,4,2023,18:30,1,1,3,37,37208,2,4,2,2,1
202300025563,7,8,2023,17:30,1,1,5,24,24156,1,3,2,1,1
202300025564,18,4,2023,18:05,1,1,3,35,35238,2,4,2,1,1
202300025564,18,4,2023,18:05,1,1,3,35,35238,2,4,3,1,1
202300025565,6,8,2023,06:15,2,1,6,04,04113,1,3,2,1,1
202300025566,18,4,2023,13:20,1,1,3,33,33318,2,4,2,1,1
202300025566,18,4,2023,13:20,1,1,3,33,33318,2,4,2,1,1
202300025567,3,8,2023,11:10,1,2,1,85,85127,1,3,2,1,2
202300025568,18,4,2023,14:30,1,1,3,33,33009,2,4,3,1,1
202300025568,18,4,2023,14:30,1,1,3,33,33009,2,4,2,1,1
202300025569,18,4,2023,21:30,5,1,6,31,31555,2,4,1,1,1
202300025570,6,8,2023,12:00,1,1,1,28,28304,1,2,2,1,1
202300025570,6,8,2023,12:00,1,1,1,28,28304,1,2,2,1,1
202300025571,18,4,2023,12:05,1,1,2,31,31555,2,4,1,1,1
202300025572,4,8,2023,13:00,1,3,6,28,28147,1,3,2,1,2
202300025573,18,4,2023,10:10,1,1,3,31,31555,2,4,2,1,1
202300025574,18,4,2023,09:20,1,1,6,31,31483,2,3,-1,1,1
202300025575,3,8,2023,17:50,1,2,3,17,17150,1,3,2,1,2
202300025575,3,8,2023,17:50,1,2,3,17,17150,1,3,2,1,2
202300025576,18,4,2023,07:50,1,1,3,30,30007,2,4,2,1,1
202300025576,18,4,2023,07:50,1,1,3,30,30007,2,4,2,1,1
202300025577,2,8,2023,17:15,1,1,2,17,17410,1,4,2,1,9
202300025578,17,4,2023,20:30,1,1,3,29,29039,2,4,2,2,1
202300025578,17,4,2023,20:30,1,1,3,29,29039,2,4,-1,1,1
202300025579,18,4,2023,19:00,1,1,6,28,28404,2,3,2,1,1
202300025580,5,8,2023,18:00,1,1,6,37,37273,1,4,1,1,1
202300025581,18,4,2023,10:55,1,1,6,28,28085,2,6,-1,1,1
202300025582,3,8,2023,09:45,1,1,6,37,37109,1,4,2,1,1
202300025583,17,4,2023,17:35,1,8,2,25,25056,2,4,2,1,2
202300025584,4,8,2023,15:10,1,1,3,37,37050,2,6,-1,1,1
202300025585,18,4,2023,14:00,1,1,5,22,22278,2,3,3,1,1
202300025586,17,4,2023,00:20,3,1,7,19,19031,1,3,2,1,1
202300025587,5,8,2023,19:00,1,1,2,30,30346,1,3,2,1,1
202300025588,16,4,2023,12:05,1,1,3,19,19031,2,4,2,1,1
202300025588,16,4,2023,12:05,1,1,3,19,19031,2,4,2,1,1
202300025589,4,8,2023,12:30,1,1,1,30,30055,1,3,2,1,1
202300025589,4,8,2023,12:30,1,1,1,30,30055,1,3,2,1,1
202300025590,17,4,2023,19:30,1,1,2,13,13071,1,3,2,4,1
202300025591,6,8,2023,18:50,1,1,7,88,88116,1,3,2,2,2
202300025592,18,4,2023,07:30,1,1,3,13,13203,2,4,2,1,1
202300025592,18,4,2023,07:30,1,1,3,13,13203,2,4,1,1,1
202300025593,18,4,2023,18:10,2,1,3,13,13005,1,4,2,1,1
202300025594,4,8,2023,11:10,1,2,2,88,88302,1,3,2,2,2
202300025594,4,8,2023,11:10,1,2,2,88,88302,1,3,2,2,2
202300025595,18,4,2023,15:00,1,1,3,13,13070,2,4,2,3,1
202300025595,18,4,2023,15:00,1,1,3,13,13070,2,4,2,1,1
202300025596,6,8,2023,02:00,3,1,6,33,33015,1,1,3,1,1
202300025597,18,4,2023,20:00,2,1,7,13,13001,2,4,1,1,1
202300025598,17,4,2023,17:40,1,1,6,11,11069,2,4,1,1,1
202300025599,18,4,2023,23:30,5,1,3,06,06088,2,4,1,1,1
202300025600,7,8,2023,01:45,3,1,3,68,68252,1,3,3,1,1
202300025601,18,4,2023,17:40,1,1,2,75,75118,2,4,1,1,1
202300025602,18,4,2023,17:05,1,1,3,75,75118,2,4,2,1,1
202300025603,5,8,2023,18:45,2,1,3,973,97307,2,4,1,1,1
202300025603,5,8,2023,18:45,2,1,3,973,97307,2,4,2,1,1
202300025604,18,4,2023,08:30,1,1,2,75,75115,2,4,1,1,1
202300025605,17,4,2023,20:40,1,1,3,75,75112,2,4,1,1,1
202300025606,18,4,2023,18:30,2,2,3,75,75115,2,4,1,1,2
202300025606,18,4,2023,18:30,2,2,3,75,75115,2,4,1,1,2
202300025607,5,8,2023,16:45,1,1,2,973,97307,2,4,2,1,1
202300025608,15,4,2023,13:25,1,1,3,75,75116,2,4,2,1,1
202300025609,6,8,2023,17:50,1,1,7,73,73272,1,1,-1,1,1
202300025610,18,4,2023,15:05,1,1,6,75,75112,2,4,2,1,1
202300025610,18,4,2023,15:05,1,1,6,75,75112,2,4,1,1,1
202300025611,4,8,2023,14:45,1,1,7,49,49307,1,1,3,1,1
202300025612,18,4,2023,18:45,1,1,3,75,75111,2,4,2,1,1
202300025612,18,4,2023,18:45,1,1,3,75,75111,2,4,1,1,1
202300025613,7,8,2023,15:00,1,1,3,30,30036,1,2,2,1,1
202300025614,18,4,2023,14:54,1,1,4,75,75110,2,4,2,1,1
202300025614,18,4,2023,14:54,1,1,4,75,75110,2,4,2,2,1
202300025615,18,4,2023,09:15,1,1,3,75,75110,2,4,1,1,1
202300025615,18,4,2023,09:15,1,1,3,75,75110,2,4,1,1,1
202300025616,6,8,2023,01:30,3,1,5,30,30344,1,2,2,1,1
202300025616,6,8,2023,01:30,3,1,5,30,30344,1,2,2,1,1
202300025617,18,4,2023,09:00,1,1,3,75,75110,2,4,2,1,1
202300025617,18,4,2023,09:00,1,1,3,75,75110,2,4,1,1,1
202300025618,18,4,2023,11:40,1,1,5,75,75109,2,4,-1,1,1
202300025618,18,4,2023,11:40,1,1,5,75,75109,2,4,1,1,1
202300025619,3,8,2023,15:52,1,1,2,01,01451,1,1,3,1,1
202300025620,18,4,2023,00:01,5,1,2,75,75107,2,4,2,1,1
202300025620,18,4,2023,00:01,5,1,2,75,75107,2,4,-1,1,1
202300025621,6,8,2023,15:00,1,1,6,68,68300,1,1,1,2,1
202300025622,17,4,2023,15:40,1,1,6,75,75104,2,4,-1,1,1
202300025622,17,4,2023,15:40,1,1,6,75,75104,2,4,1,1,1
202300025623,6,8,2023,07:20,2,1,2,68,68309,1,1,3,1,2
202300025624,17,4,2023,14:40,1,1,3,75,75103,2,4,2,1,1
202300025624,17,4,2023,14:40,1,1,3,75,75103,2,4,1,1,1
202300025625,17,4,2023,22:15,5,1,6,94,94068,2,3,2,1,1
202300025626,4,8,2023,13:15,1,1,6,31,31004,1,1,3,1,1
202300025627,18,4,2023,18:25,1,8,3,94,94058,2,3,1,1,1
202300025628,18,4,2023,12:00,1,1,3,94,94076,2,3,-1,1,1
202300025629,5,8,2023,15:40,1,1,3,987,98715,2,2,2,1,1
202300025629,5,8,2023,15:40,1,1,3,987,98715,2,2,2,1,1
202300025630,18,4,2023,07:50,1,1,3,94,94043,2,3,2,1,1
202300025631,6,8,2023,22:00,4,1,6,64,64021,1,1,1,1,1
202300025632,18,4,2023,01:00,5,1,6,94,94019,2,3,3,1,1
202300025632,18,4,2023,01:00,5,1,6,94,94019,2,3,2,3,1
202300025633,7,8,2023,09:30,1,1,1,13,13007,1,1,3,1,1
202300025634,17,4,2023,14:25,1,1,2,94,94017,2,3,2,1,1
202300025635,17,4,2023,21:25,5,1,3,93,93078,2,3,3,1,1
202300025635,17,4,2023,21:25,5,1,3,93,93078,2,3,2,1,1
202300025636,18,4,2023,20:01,1,1,3,93,93064,2,4,1,1,1
202300025636,18,4,2023,20:01,1,1,3,93,93064,2,4,2,1,1
202300025637,4,8,2023,07:58,1,1,2,38,38486,2,7,1,1,1
202300025638,18,4,2023,11:25,1,1,1,93,93031,2,3,2,1,1
202300025639,17,4,2023,23:00,5,1,1,93,93031,2,3,4,1,1
202300025639,17,4,2023,23:00,5,1,1,93,93031,2,3,2,1,1
202300025640,6,8,2023,14:45,1,1,2,34,34329,1,1,2,1,1
202300025641,18,4,2023,21:45,5,8,2,93,93007,2,4,2,1,2
202300025641,18,4,2023,21:45,5,8,2,93,93007,2,4,1,1,2
202300025642,18,4,2023,16:25,1,1,6,93,93001,2,3,2,1,1
202300025643,18,4,2023,19:15,1,2,3,92,92046,2,3,1,1,2
202300025643,18,4,2023,19:15,1,2,3,92,92046,2,3,2,1,2
202300025644,18,4,2023,08:50,1,1,6,92,92072,2,3,2,2,1
202300025645,18,4,2023,09:10,1,1,2,92,92050,2,3,2,1,1
202300025645,18,4,2023,09:10,1,1,2,92,92050,2,3,2,1,1
202300025646,5,8,2023,15:30,1,1,2,13,13103,1,1,1,1,1
202300025647,18,4,2023,18:40,1,1,6,92,92020,2,4,2,1,1
202300025648,18,4,2023,16:00,1,1,7,92,92040,2,3,2,1,1
202300025649,4,8,2023,18:25,3,1,1,987,98740,1,2,2,1,1
202300025650,16,1,2023,06:00,5,2,6,91,91174,2,3,2,1,2
202300025651,17,4,2023,22:45,5,1,3,92,92040,2,3,1,1,1
202300025651,17,4,2023,22:45,5,1,3,92,92040,2,3,-1,1,1
202300025652,15,1,2023,14:20,1,1,6,91,91521,2,4,2,1,1
202300025653,6,8,2023,13:00,1,1,6,988,98822,1,2,2,1,1
202300025654,18,4,2023,09:25,1,1,3,92,92026,2,3,1,1,1
202300025654,18,4,2023,09:25,1,1,3,92,92026,2,3,3,1,1
202300025655,11,1,2023,16:10,1,1,3,91,91174,2,3,2,1,1
202300025656,4,8,2023,19:20,3,1,6,988,98803,1,2,2,1,2
202300025657,5,8,2023,09:50,1,1,7,974,97403,2,3,2,2,1
202300025658,18,4,2023,18:45,1,1,3,92,92060,2,3,1,1,1
202300025658,18,4,2023,18:45,1,1,3,92,92060,2,3,2,1,1
202300025659,11,1,2023,15:05,1,1,4,91,91521,2,3,2,1,1
202300025660,10,1,2023,08:10,5,1,6,91,91174,2,4,2,2,1
202300025661,18,4,2023,14:30,1,1,7,92,92012,2,4,2,1,1
202300025662,4,8,2023,11:20,1,1,5,973,97303,1,2,2,1,1
202300025663,19,4,2023,05:00,3,1,6,83,83058,1,3,2,2,1
202300025664,4,1,2023,07:50,5,2,6,91,91228,2,4,2,1,2
202300025665,7,8,2023,07:00,1,1,3,973,97304,1,2,2,1,1
202300025665,7,8,2023,07:00,1,1,3,973,97304,1,2,2,1,1
202300025666,18,1,2023,14:13,1,1,1,84,84087,1,3,2,1,1
202300025666,18,1,2023,14:13,1,1,1,84,84087,1,3,2,1,1
202300025667,18,4,2023,18:40,1,1,3,41,41157,1,3,2,1,1
202300025667,18,4,2023,18:40,1,1,3,41,41157,1,3,2,1,1
202300025668,25,1,2023,09:00,2,8,7,76,76231,1,7,2,2,2
202300025669,18,4,2023,17:40,1,1,6,11,11203,2,3,-1,1,1
202300025670,5,8,2023,16:30,1,1,3,971,97118,2,3,2,1,1
202300025671,24,1,2023,07:25,2,1,3,76,76540,2,4,2,1,1
202300025671,24,1,2023,07:25,2,1,3,76,76540,2,4,2,1,1
202300025672,19,4,2023,13:50,1,1,3,84,84091,2,2,2,1,1
202300025672,19,4,2023,13:50,1,1,3,84,84091,2,2,-1,1,1
202300025673,24,1,2023,15:45,1,1,1,76,76351,2,4,2,1,1
202300025673,24,1,2023,15:45,1,1,1,76,76351,2,4,2,1,1
202300025674,19,4,2023,08:30,1,1,6,30,30076,2,3,2,1,1
202300025675,6,8,2023,02:45,3,1,1,971,97114,1,2,2,1,1
202300025676,18,4,2023,17:00,1,1,6,56,56243,2,4,3,1,1
202300025677,24,1,2023,09:00,1,1,3,71,71486,2,4,2,1,1
202300025677,24,1,2023,09:00,1,1,3,71,71486,2,4,2,1,1
202300025678,19,4,2023,16:00,1,1,3,82,82025,1,3,2,1,1
202300025678,19,4,2023,16:00,1,1,3,82,82025,1,3,2,1,1
202300025679,3,8,2023,15:05,1,1,1,972,97228,2,2,2,1,1
202300025680,25,1,2023,08:55,1,8,3,67,67482,2,4,2,1,1
202300025680,25,1,2023,08:55,1,8,3,67,67482,2,4,2,1,1
202300025681,19,4,2023,15:40,1,1,1,63,63139,1,3,2,2,1
202300025682,6,8,2023,08:10,1,1,6,44,44020,1,3,3,1,1
202300025683,18,4,2023,14:40,1,1,3,63,63296,1,3,2,1,1
202300025684,24,1,2023,23:09,5,1,6,67,67482,2,4,1,1,1
202300025685,19,4,2023,09:25,1,1,7,61,61063,1,3,2,2,1
202300025686,2,8,2023,18:00,1,1,1,33,33214,2,4,2,1,1
202300025686,2,8,2023,18:00,1,1,1,33,33214,2,4,2,1,1
202300025687,24,1,2023,17:00,5,1,4,67,67482,2,4,2,1,1
202300025688,19,4,2023,10:10,1,1,4,61,61240,1,3,2,2,1
202300025688,19,4,2023,10:10,1,1,4,61,61240,1,3,2,3,1
202300025689,4,8,2023,08:15,1,9,1,37,37118,1,3,2,1,2
202300025689,4,8,2023,08:15,1,9,1,37,37118,1,3,2,1,2
202300025690,18,4,2023,23:52,3,1,6,49,49125,2,4,2,1,1
202300025691,22,1,2023,00:30,5,4,6,67,67204,1,7,2,1,5
202300025692,4,8,2023,20:40,2,1,6,77,77486,1,3,2,1,1
202300025693,19,4,2023,10:25,1,1,6,12,12107,1,2,2,1,1
202300025694,24,1,2023,18:08,2,1,3,66,66136,2,4,1,1,1
202300025694,24,1,2023,18:08,2,1,3,66,66136,2,4,2,1,1
202300025695,4,8,2023,11:50,1,1,2,95,95348,1,3,3,1,1
202300025696,25,1,2023,08:30,1,1,1,62,62907,1,3,3,1,1
202300025697,13,4,2023,17:33,1,1,5,68,68059,1,3,3,1,1
202300025698,5,8,2023,03:10,3,1,1,91,91661,1,3,2,1,1
202300025699,20,1,2023,16:10,1,1,6,59,59527,2,7,2,1,1
202300025700,7,8,2023,09:55,1,1,7,91,91038,1,4,2,1,1
202300025701,25,1,2023,08:15,1,1,3,59,59350,2,7,2,1,1
202300025702,18,4,2023,22:41,3,1,1,68,68078,1,3,-1,1,1
202300025703,24,1,2023,13:40,1,1,3,55,55545,2,4,2,1,1
202300025704,15,4,2023,20:15,2,1,6,35,35306,1,3,2,1,1
202300025704,15,4,2023,20:15,2,1,6,35,35306,1,3,2,1,1
202300025705,10,4,2023,22:10,3,1,6,29,29281,1,4,2,1,1
202300025706,5,8,2023,09:25,1,1,1,2B,2B193,1,2,2,1,1
202300025707,25,1,2023,10:49,1,1,3,49,49267,2,4,2,1,1
202300025707,25,1,2023,10:49,1,1,3,49,49267,2,4,2,1,1
202300025708,18,4,2023,19:30,1,1,2,29,29031,1,3,2,2,1
202300025709,24,1,2023,18:45,5,1,2,49,49007,2,4,2,2,1
202300025710,7,8,2023,14:45,1,1,2,2B,2B199,1,2,2,1,1
202300025711,24,1,2023,17:20,2,1,2,49,49007,2,4,3,1,1
202300025712,7,8,2023,09:40,1,1,7,2B,2B314,1,9,2,2,9
202300025713,19,4,2023,08:30,1,1,3,31,31160,1,2,2,1,1
202300025714,24,1,2023,04:45,4,1,6,49,49015,2,4,3,1,1
202300025715,6,8,2023,06:00,2,1,7,2B,2B188,1,3,2,2,1
202300025716,19,4,2023,06:20,2,1,6,02,02810,2,3,2,1,1
202300025717,25,1,2023,07:55,2,2,4,45,45284,1,3,3,1,2
202300025718,6,8,2023,10:45,1,1,3,34,34213,1,3,2,1,1
202300025718,6,8,2023,10:45,1,1,3,34,34213,1,3,2,1,1
202300025719,18,4,2023,17:20,1,1,2,01,01050,2,3,2,1,1
202300025719,18,4,2023,17:20,1,1,2,01,01050,2,3,2,1,1
202300025720,24,1,2023,19:15,5,1,3,44,44184,2,4,2,1,1
202300025720,24,1,2023,19:15,5,1,3,44,44184,2,4,2,1,1
202300025721,5,8,2023,19:20,1,1,1,34,34063,1,3,2,1,1
202300025722,25,1,2023,03:50,3,1,6,44,44162,1,4,2,2,1
202300025723,19,4,2023,11:10,1,1,3,70,70292,2,3,2,1,1
202300025723,19,4,2023,11:10,1,1,3,70,70292,2,3,2,1,1
202300025723,19,4,2023,11:10,1,1,3,70,70292,2,3,2,1,1
202300025724,4,8,2023,10:00,1,1,3,34,34145,2,3,2,1,1
202300025724,4,8,2023,10:00,1,1,3,34,34145,2,3,1,1,1
202300025725,25,1,2023,18:10,1,1,2,41,41018,2,4,2,1,1
202300025726,19,4,2023,14:50,1,1,3,05,05045,1,2,2,2,1
202300025727,4,8,2023,02:00,3,1,7,84,84147,1,3,2,1,1
202300025728,25,1,2023,18:45,5,1,3,37,37122,2,4,2,2,1
202300025728,25,1,2023,18:45,5,1,3,37,37122,2,4,2,1,1
202300025729,29,7,2023,16:30,1,1,7,83,83027,1,3,2,2,1
202300025730,18,4,2023,14:20,1,1,1,64,64405,1,3,2,2,1
202300025731,25,1,2023,05:55,5,1,7,37,37261,2,4,2,1,1
202300025731,25,1,2023,05:55,5,1,7,37,37261,2,4,2,1,1
202300025731,25,1,2023,05:55,5,1,7,37,37261,2,4,4,1,1
202300025732,18,4,2023,15:15,1,1,1,18,18165,1,3,2,1,1
202300025733,25,1,2023,13:50,1,1,2,35,35278,1,3,2,1,1
202300025733,25,1,2023,13:50,1,1,2,35,35278,1,3,2,1,1
202300025734,5,8,2023,16:00,1,1,1,83,83127,1,3,2,1,1
202300025735,18,4,2023,12:15,1,1,3,16,16194,1,3,2,1,1
202300025735,18,4,2023,12:15,1,1,3,16,16194,1,3,-1,1,1
202300025736,24,1,2023,08:20,1,1,2,34,34003,2,4,1,1,1
202300025737,18,4,2023,17:30,1,1,3,37,37179,2,3,2,1,1
202300025737,18,4,2023,17:30,1,1,3,37,37179,2,3,2,1,1
202300025738,25,1,2023,13:55,1,1,3,33,33162,2,4,2,1,1
202300025738,25,1,2023,13:55,1,1,3,33,33162,2,4,2,1,1
202300025739,3,8,2023,10:30,1,1,3,83,83115,1,3,2,1,1
202300025740,18,4,2023,17:00,1,1,2,30,30161,1,3,2,1,1
202300025741,25,1,2023,21:50,5,2,1,31,31555,2,4,2,1,2
202300025742,3,8,2023,15:30,1,1,3,83,83068,1,3,2,1,1
202300025742,3,8,2023,15:30,1,1,3,83,83068,1,3,2,1,2
202300025743,23,1,2023,17:30,2,1,2,29,29019,1,3,3,1,1
202300025744,18,4,2023,20:50,2,1,3,88,88488,1,3,2,1,1
202300025744,18,4,2023,20:50,2,1,3,88,88488,1,3,2,4,1
202300025745,25,1,2023,19:10,5,1,6,22,22113,2,3,2,1,1
202300025746,4,8,2023,13:40,1,1,1,83,83107,1,3,2,1,1
202300025747,18,4,2023,17:05,1,1,2,62,62836,1,1,3,3,1
202300025748,24,1,2023,08:25,2,1,2,18,18255,1,2,1,1,1
202300025749,3,8,2023,18:10,1,7,1,06,06157,2,7,2,1,1
202300025750,19,4,2023,06:45,1,2,1,976,97605,2,3,2,2,2
202300025751,5,8,2023,14:55,1,1,6,13,13042,1,3,2,2,1
202300025752,25,1,2023,18:15,5,1,3,14,14220,2,3,1,1,1
202300025752,25,1,2023,18:15,5,1,3,14,14220,2,3,2,1,1
202300025753,19,4,2023,07:40,1,1,2,60,60533,1,1,3,1,1
202300025754,25,1,2023,18:25,5,1,3,14,14137,1,3,3,1,1
202300025754,25,1,2023,18:25,5,1,3,14,14137,1,3,2,1,1
202300025755,17,4,2023,20:15,3,1,6,987,98714,2,2,2,1,1
202300025756,5,8,2023,18:25,1,6,1,13,13097,1,3,2,1,1
202300025757,24,1,2023,21:00,3,1,2,10,10357,1,3,2,1,1
202300025758,7,8,2023,15:00,1,1,1,13,13096,1,3,2,1,1
202300025759,8,3,2023,08:45,1,2,3,29,29232,2,4,2,1,2
202300025759,8,3,2023,08:45,1,2,3,29,29232,2,4,3,1,2
202300025760,24,1,2023,15:25,1,1,3,10,10387,2,4,1,1,1
202300025760,24,1,2023,15:25,1,1,3,10,10387,2,4,1,1,1
202300025761,17,4,2023,12:36,1,2,7,988,98821,2,4,2,1,2
202300025762,1,8,2023,19:10,1,7,6,13,13059,1,3,2,1,1
202300025763,24,1,2023,20:00,5,1,6,06,06088,2,4,1,1,1
202300025764,7,3,2023,21:45,5,3,3,29,29019,2,4,1,1,2
202300025764,7,3,2023,21:45,5,3,3,29,29019,2,4,2,1,2
202300025765,18,4,2023,16:15,1,1,3,66,66164,2,4,1,1,1
202300025766,24,1,2023,19:10,1,3,6,974,97411,1,2,1,1,2
202300025767,6,3,2023,15:40,1,1,3,29,29019,2,4,2,2,1
202300025767,6,3,2023,15:40,1,1,3,29,29019,2,4,2,1,1
202300025768,18,4,2023,17:20,1,1,1,83,83101,1,3,2,2,1
202300025768,18,4,2023,17:20,1,1,1,83,83101,1,3,2,1,1
202300025769,23,1,2023,16:55,1,2,2,974,97411,2,4,2,2,2
202300025770,4,8,2023,18:15,1,1,3,71,71382,1,3,2,1,1
202300025771,24,1,2023,11:20,1,1,6,69,69388,2,4,1,1,1
202300025772,16,3,2023,15:15,1,1,2,83,83138,2,3,2,1,1
202300025773,4,8,2023,23:10,3,3,6,10,10030,1,3,3,2,2
202300025774,24,1,2023,07:43,2,1,1,69,69388,2,4,2,1,1
202300025775,17,4,2023,22:00,3,1,7,13,13035,1,3,2,1,1
202300025776,4,3,2023,16:50,1,1,3,26,26198,2,4,2,1,1
202300025777,6,8,2023,18:15,1,2,6,68,68329,2,3,2,1,2