id_accident,jour,mois,annee,heure_minute,luminosite,meteo,type_collision,departement,commune,agglomeration,categorie_route,regime_circulation,profil_route,etat_surface
202300025778,24,1,2023,09:45,1,8,6,69,69389,2,4,2,2,1
202300025779,19,4,2023,00:30,3,1,7,71,71481,1,4,2,1,1
202300025779,19,4,2023,00:30,3,1,7,71,71481,1,4,2,1,1
202300025780,5,8,2023,16:15,1,1,3,67,67010,1,3,2,3,1
202300025781,24,1,2023,07:35,5,1,6,69,69389,2,4,2,1,1
202300025782,23,5,2023,16:35,1,1,3,73,73008,2,4,2,1,1
202300025782,23,5,2023,16:35,1,1,3,73,73008,2,4,2,1,1
202300025783,8,3,2023,22:41,5,8,3,17,17300,2,4,2,2,1
202300025783,8,3,2023,22:41,5,8,3,17,17300,2,4,2,1,1
202300025784,6,8,2023,06:50,2,2,6,67,67080,1,3,2,1,2
202300025785,18,4,2023,18:30,1,1,2,57,57211,2,4,2,1,1
202300025786,24,1,2023,07:25,5,1,6,69,69034,2,4,1,2,1
202300025787,23,5,2023,17:00,1,1,3,69,69029,2,4,2,1,1
202300025788,23,1,2023,16:00,1,1,6,971,97113,1,2,2,2,1
202300025789,6,8,2023,01:15,3,3,7,55,55324,1,3,2,1,2
202300025790,19,4,2023,16:00,1,1,3,73,73179,2,4,2,1,1
202300025791,15,1,2023,13:00,1,1,7,971,97113,1,2,3,1,1
202300025792,3,5,2023,17:10,1,1,2,69,69091,2,7,2,1,1
202300025793,7,8,2023,15:22,1,1,3,57,57724,1,2,3,4,1
202300025793,7,8,2023,15:22,1,1,3,57,57724,1,2,1,2,1
202300025794,15,1,2023,17:00,1,1,4,971,97113,1,2,3,1,1
202300025795,8,3,2023,13:30,1,2,5,14,14437,1,2,3,1,2
202300025796,18,4,2023,10:10,1,1,3,01,01345,1,3,2,1,1
202300025797,24,5,2023,21:18,2,1,5,66,66136,2,4,2,1,1
202300025797,24,5,2023,21:18,2,1,5,66,66136,2,4,2,1,1
202300025798,24,1,2023,13:20,1,2,3,2A,2A004,2,4,-1,1,2
202300025798,24,1,2023,13:20,1,2,3,2A,2A004,2,4,3,3,2
202300025799,8,3,2023,12:20,1,1,3,13,13117,1,3,1,1,1
202300025800,18,4,2023,17:35,1,1,3,69,69127,1,7,2,2,1
202300025801,4,8,2023,16:20,1,1,5,03,03040,1,3,2,1,1
202300025801,4,8,2023,16:20,1,1,5,03,03040,1,3,2,3,1
202300025802,24,1,2023,09:15,1,1,3,2A,2A004,2,6,1,1,1
202300025803,19,4,2023,08:00,1,1,6,64,64135,1,3,2,1,1
202300025804,8,3,2023,19:00,2,1,2,13,13210,2,4,2,2,1
202300025805,24,5,2023,08:11,1,1,5,66,66136,2,4,2,1,1
202300025805,24,5,2023,08:11,1,1,5,66,66136,2,4,2,1,1
202300025806,24,1,2023,08:23,1,1,6,2A,2A004,2,4,2,2,1
202300025807,4,8,2023,15:40,1,1,1,63,63263,1,3,2,2,1
202300025808,26,5,2023,16:40,1,1,2,64,64348,1,4,2,1,1
202300025809,19,4,2023,15:35,1,1,2,14,14733,1,3,2,1,1
202300025810,7,3,2023,15:55,1,2,3,11,11069,2,4,2,1,2
202300025811,29,7,2023,23:00,3,1,7,42,42132,1,3,2,2,1
202300025812,24,1,2023,07:10,5,1,2,91,91027,2,4,2,1,1
202300025813,26,5,2023,09:40,1,1,3,64,64445,2,4,1,1,1
202300025814,8,3,2023,13:55,1,1,6,06,06088,2,4,-1,2,1
202300025815,6,8,2023,12:30,1,1,7,07,07119,1,3,2,2,1
202300025816,16,4,2023,17:55,1,1,3,27,27447,1,3,2,1,1
202300025816,16,4,2023,17:55,1,1,3,27,27447,1,3,1,1,1
202300025817,4,8,2023,17:20,1,1,6,01,01342,1,3,2,1,1
202300025818,26,5,2023,15:00,1,1,6,59,59279,2,4,2,1,1
202300025819,24,1,2023,07:35,2,1,3,85,85191,2,3,1,1,1
202300025820,9,4,2023,20:30,2,1,7,60,60612,1,2,2,1,1
202300025821,6,8,2023,09:45,1,2,6,01,01185,2,3,2,4,2
202300025822,7,3,2023,21:15,5,2,7,75,75120,2,4,1,3,2
202300025823,26,5,2023,20:40,1,1,3,59,59512,2,7,2,1,1
202300025823,26,5,2023,20:40,1,1,3,59,59512,2,7,2,1,1
202300025824,19,4,2023,12:20,1,1,7,59,59091,1,3,1,1,1
202300025825,7,3,2023,02:52,5,1,6,75,75112,2,4,1,1,1
202300025826,4,5,2023,21:10,5,1,6,59,59360,2,4,1,1,1
202300025827,24,1,2023,08:30,2,3,2,83,83137,2,3,2,1,2
202300025828,6,8,2023,07:00,2,1,6,81,81038,1,1,3,1,1
202300025829,13,4,2023,12:13,1,1,2,13,13213,2,1,1,1,1
202300025830,5,8,2023,22:10,3,1,6,81,81165,1,4,2,2,1
202300025831,25,5,2023,07:50,1,1,6,57,57672,2,4,1,2,1
202300025832,23,1,2023,14:15,1,1,5,83,83090,1,4,2,1,1
202300025833,6,3,2023,18:30,2,1,3,75,75106,2,4,1,1,1
202300025833,6,3,2023,18:30,2,1,3,75,75106,2,4,-1,1,1
202300025834,17,4,2023,17:20,1,1,4,33,33192,1,1,3,1,1
202300025835,4,8,2023,21:30,2,1,3,46,46102,2,3,2,1,1
202300025835,4,8,2023,21:30,2,1,3,46,46102,2,3,2,-1,-1
202300025836,24,1,2023,19:00,5,1,3,81,81004,2,4,1,2,1
202300025836,24,1,2023,19:00,5,1,3,81,81004,2,4,2,2,1
202300025837,26,5,2023,15:15,1,1,3,54,54395,2,4,2,1,1
202300025838,8,3,2023,19:05,5,8,6,75,75120,2,4,2,1,2
202300025838,8,3,2023,19:05,5,8,6,75,75120,2,4,2,1,2
202300025839,22,1,2023,16:45,1,1,6,80,80131,1,6,-1,1,1
202300025840,4,8,2023,20:50,1,1,3,79,79049,2,4,1,4,1
202300025840,4,8,2023,20:50,1,1,3,79,79049,2,4,2,1,1
202300025841,18,4,2023,13:58,1,1,4,94,94034,1,3,3,1,1
202300025842,8,3,2023,17:25,1,3,1,75,75120,2,4,-1,1,2
202300025843,26,5,2023,13:00,1,1,3,54,54547,2,4,2,1,1
202300025843,26,5,2023,13:00,1,1,3,54,54547,2,4,2,1,1
202300025844,24,1,2023,18:20,3,1,2,79,79003,1,3,2,2,1
202300025845,18,4,2023,16:30,1,1,7,95,95277,1,1,-1,1,1
202300025846,24,1,2023,13:14,1,8,6,77,77495,2,4,2,1,1
202300025847,6,8,2023,14:39,1,1,4,17,17064,1,3,2,2,1
202300025847,6,8,2023,14:39,1,1,4,17,17064,1,3,2,1,1
202300025848,26,5,2023,08:50,1,1,6,54,54184,1,7,2,1,1
202300025849,24,1,2023,18:05,5,1,6,77,77058,2,4,-1,1,1
202300025850,26,5,2023,15:00,1,1,7,51,51454,2,4,3,1,1
202300025851,6,8,2023,02:10,5,1,7,17,17225,2,3,2,1,1
202300025851,6,8,2023,02:10,5,1,7,17,17225,2,3,2,1,1
202300025852,24,1,2023,03:10,3,1,6,77,77221,1,3,2,1,1
202300025853,8,3,2023,16:10,1,2,3,75,75120,2,4,2,2,2
202300025853,8,3,2023,16:10,1,2,3,75,75120,2,4,2,2,2
202300025854,22,6,2023,23:38,4,1,6,16,16078,2,3,2,1,1
202300025855,26,5,2023,11:50,1,1,3,51,51454,2,4,1,1,1
202300025856,18,4,2023,11:10,1,1,2,95,95277,1,1,3,1,1
202300025857,24,1,2023,06:30,5,1,3,76,76540,2,4,2,1,1
202300025857,24,1,2023,06:30,5,1,3,76,76540,2,4,2,1,1
202300025858,8,3,2023,14:45,1,2,1,75,75120,2,4,1,2,2
202300025858,8,3,2023,14:45,1,2,1,75,75120,2,4,1,2,2
202300025859,22,1,2023,22:00,5,1,6,76,76351,2,3,2,1,2
202300025860,26,5,2023,08:30,1,1,3,49,49099,2,4,2,1,1
202300025860,26,5,2023,08:30,1,1,3,49,49099,2,4,1,1,1
202300025861,17,4,2023,16:30,1,1,4,93,93005,1,1,3,1,1
202300025862,3,8,2023,23:30,3,3,3,86,86274,1,3,2,1,2
202300025862,3,8,2023,23:30,3,3,3,86,86274,1,3,2,1,2
202300025863,22,1,2023,02:30,5,1,6,76,76552,2,3,2,2,1
202300025863,22,1,2023,02:30,5,1,6,76,76552,2,3,2,2,1
202300025864,25,5,2023,08:49,1,1,2,49,49246,1,1,3,1,1
202300025865,8,3,2023,12:20,1,2,3,75,75118,2,4,1,1,2
202300025865,8,3,2023,12:20,1,2,3,75,75118,2,4,1,1,2
202300025866,3,8,2023,15:35,1,1,6,47,47157,2,3,2,1,1
202300025867,24,1,2023,18:50,5,1,6,74,74118,2,3,2,1,1
202300025868,16,4,2023,19:40,1,1,5,95,95527,1,1,3,1,1
202300025869,27,5,2023,00:50,5,1,3,43,43157,2,4,2,4,1
202300025869,27,5,2023,00:50,5,1,3,43,43157,2,4,2,4,1
202300025870,24,1,2023,12:40,1,1,6,74,74010,2,6,-1,1,1
202300025871,16,4,2023,16:55,1,1,2,93,93005,1,1,3,1,1
202300025872,7,3,2023,23:35,5,2,6,75,75118,2,4,-1,1,2
202300025872,7,3,2023,23:35,5,2,6,75,75118,2,4,2,1,2
202300025873,6,8,2023,12:10,1,1,3,33,33554,2,3,2,2,1
202300025873,6,8,2023,12:10,1,1,3,33,33554,2,3,2,1,1
202300025874,26,5,2023,18:25,1,1,2,38,38158,1,2,1,1,1
202300025875,23,1,2023,16:20,1,1,4,72,72181,1,4,1,1,1
202300025875,23,1,2023,16:20,1,1,4,72,72181,1,4,1,1,1
202300025876,4,8,2023,22:10,5,1,3,33,33056,2,4,2,1,1
202300025876,4,8,2023,22:10,5,1,3,33,33056,2,4,2,1,1
202300025877,26,5,2023,09:05,1,1,3,37,37261,2,4,1,1,1
202300025878,8,3,2023,20:40,5,3,3,75,75117,2,4,3,1,2
202300025878,8,3,2023,20:40,5,3,3,75,75117,2,4,2,1,2
202300025879,18,4,2023,18:30,1,1,5,94,94028,1,1,1,1,1
202300025880,7,8,2023,19:45,1,1,6,33,33284,2,3,2,1,1
202300025881,23,1,2023,13:20,1,1,2,71,71040,2,3,3,1,1
202300025881,23,1,2023,13:20,1,1,2,71,71040,2,3,2,1,1
202300025882,26,5,2023,10:10,1,1,6,35,35238,2,4,3,1,1
202300025883,8,3,2023,19:15,5,2,3,75,75117,2,4,2,1,2
202300025883,8,3,2023,19:15,5,2,3,75,75117,2,4,1,1,2
202300025884,18,4,2023,13:30,1,1,2,77,77495,1,1,-1,1,1
202300025885,27,5,2023,00:15,5,1,6,34,34108,2,4,1,1,1
202300025886,6,8,2023,10:12,1,1,3,85,85163,2,3,2,1,1
202300025886,6,8,2023,10:12,1,1,3,85,85163,2,3,2,1,1
202300025887,24,1,2023,16:15,1,8,6,70,70388,2,4,2,2,1
202300025887,24,1,2023,16:15,1,8,6,70,70388,2,4,2,1,1
202300025888,8,3,2023,11:05,1,1,3,75,75117,2,4,2,1,2
202300025889,6,8,2023,17:45,1,1,6,85,85214,1,3,2,2,1
202300025890,26,5,2023,09:10,1,1,2,34,34301,2,4,1,1,1
202300025891,24,1,2023,14:20,1,1,1,69,69092,1,4,2,1,1
202300025892,23,1,2023,16:30,1,1,6,69,69264,2,4,2,1,1
202300025893,4,8,2023,15:30,1,1,3,85,85016,1,3,2,1,1
202300025894,8,3,2023,09:20,1,2,2,75,75117,2,4,2,1,2
202300025894,8,3,2023,09:20,1,2,2,75,75117,2,4,2,1,2
202300025895,24,5,2023,22:35,5,1,1,34,34172,2,4,2,2,1
202300025896,17,4,2023,06:30,2,1,4,77,77175,1,2,3,1,1
202300025897,23,1,2023,16:40,1,8,6,69,69290,2,4,1,1,1
202300025898,7,8,2023,15:50,1,1,6,85,85300,1,3,2,1,1
202300025899,17,4,2023,14:35,1,1,7,974,97416,2,4,-1,2,1
202300025900,8,3,2023,13:15,1,1,6,75,75116,2,4,2,1,1
202300025900,8,3,2023,13:15,1,1,6,75,75116,2,4,2,1,1
202300025901,26,5,2023,19:10,1,1,2,33,33063,2,4,2,1,1
202300025902,7,8,2023,00:40,3,1,7,44,44159,1,3,2,4,1
202300025903,24,1,2023,08:30,1,8,3,67,67482,2,4,3,1,1
202300025904,17,4,2023,15:10,1,1,3,974,97411,2,3,2,2,1
202300025905,7,3,2023,08:50,1,1,3,75,75116,2,4,2,1,1
202300025905,7,3,2023,08:50,1,1,3,75,75116,2,4,2,1,1
202300025906,26,5,2023,10:10,1,7,3,33,33281,2,4,2,1,1
202300025906,26,5,2023,10:10,1,7,3,33,33281,2,4,2,1,1
202300025907,3,8,2023,17:00,1,1,3,50,50294,2,3,2,1,1
202300025907,3,8,2023,17:00,1,1,3,50,50294,2,3,2,1,1
202300025908,24,1,2023,17:05,1,8,3,64,64545,2,3,2,1,1
202300025908,24,1,2023,17:05,1,8,3,64,64545,2,3,2,1,1
202300025909,6,8,2023,15:40,1,1,3,50,50616,2,3,2,1,1
202300025910,8,3,2023,21:22,5,3,6,75,75115,2,4,1,1,2
202300025910,8,3,2023,21:22,5,3,6,75,75115,2,4,-1,1,2
202300025911,26,5,2023,09:40,1,1,3,33,33069,2,4,2,1,1
202300025911,26,5,2023,09:40,1,1,3,33,33069,2,4,2,1,1
202300025912,17,4,2023,21:50,5,1,3,974,97407,2,4,2,1,1
202300025912,17,4,2023,21:50,5,1,3,974,97407,2,4,2,1,1
202300025913,24,1,2023,17:10,1,8,4,64,64445,2,4,2,1,1
202300025914,8,3,2023,17:50,1,3,6,75,75115,2,4,1,2,2
202300025915,4,8,2023,16:15,1,1,3,14,14658,1,3,2,1,1
202300025915,4,8,2023,16:15,1,1,3,14,14658,1,3,2,1,1
202300025916,25,5,2023,08:40,1,1,3,33,33192,2,4,2,1,1
202300025917,23,1,2023,13:50,1,8,3,64,64102,2,4,2,1,1
202300025918,6,8,2023,06:25,2,1,6,56,56178,2,6,-1,1,1
202300025919,23,1,2023,18:39,2,1,1,63,63113,2,4,2,1,1
202300025920,8,3,2023,15:35,1,3,1,75,75115,2,4,2,1,2
202300025920,8,3,2023,15:35,1,3,1,75,75115,2,4,2,1,2
202300025921,25,5,2023,22:41,5,1,1,31,31555,2,4,1,1,1
202300025922,5,8,2023,19:25,1,1,3,56,56069,2,4,2,2,1
202300025923,21,1,2023,04:15,3,4,6,57,57672,2,3,2,2,5
202300025924,8,3,2023,09:00,1,2,7,75,75115,2,4,1,2,2
202300025925,24,1,2023,10:40,1,1,6,56,56121,2,4,1,1,1
202300025926,5,8,2023,02:20,3,2,1,29,29181,1,4,2,2,2
202300025927,24,1,2023,00:36,3,1,6,56,56121,2,4,3,2,1
202300025928,7,3,2023,16:35,1,1,6,75,75114,2,4,1,1,1
202300025928,7,3,2023,16:35,1,1,6,75,75114,2,4,2,1,1
202300025929,6,8,2023,01:00,3,1,6,22,22176,1,3,2,2,1
202300025930,26,5,2023,19:10,1,1,5,29,29232,2,4,2,1,1
202300025931,8,3,2023,16:30,1,2,3,75,75108,2,4,2,2,2
202300025932,3,8,2023,16:30,1,2,3,35,35178,1,3,2,4,2
202300025933,23,1,2023,19:25,5,1,4,56,56107,1,3,3,4,1
202300025934,26,5,2023,20:55,1,1,6,28,28404,1,4,2,1,1
202300025935,5,8,2023,17:12,1,1,1,35,35334,2,4,2,1,1
202300025936,23,1,2023,15:00,1,1,6,54,54395,2,4,2,1,1
202300025937,8,3,2023,20:05,5,1,3,75,75103,2,4,3,1,2
202300025937,8,3,2023,20:05,5,1,3,75,75103,2,4,2,1,2
202300025938,26,5,2023,21:05,1,1,6,28,28404,2,4,3,1,1
202300025939,14,1,2023,22:00,5,2,6,44,44109,2,4,3,1,2
202300025940,26,5,2023,07:35,1,1,7,27,27681,2,4,3,2,1
202300025941,4,8,2023,10:30,1,1,6,76,76658,2,4,2,1,1
202300025942,22,1,2023,05:20,3,1,7,40,40192,2,3,2,1,1
202300025943,8,3,2023,10:20,1,5,4,75,75102,2,4,2,1,2
202300025943,8,3,2023,10:20,1,5,4,75,75102,2,4,1,1,2
202300025944,3,8,2023,20:20,1,1,7,76,76647,1,3,2,1,1
202300025945,26,5,2023,11:30,1,1,3,27,27299,2,3,-1,1,1
202300025946,13,11,2023,18:00,5,1,3,13,13004,2,4,2,1,1
202300025947,24,1,2023,11:20,1,1,6,37,37261,2,4,1,1,1
202300025947,24,1,2023,11:20,1,1,6,37,37261,2,4,2,1,1
202300025947,24,1,2023,11:20,1,1,6,37,37261,2,4,3,1,1
202300025948,7,3,2023,18:50,5,1,6,75,75104,2,4,1,1,1
202300025948,7,3,2023,18:50,5,1,6,75,75104,2,4,2,1,1
202300025949,24,5,2023,11:30,1,1,2,27,27229,2,4,2,1,1
202300025950,4,8,2023,12:30,1,1,5,02,02309,1,3,2,1,1
202300025951,24,1,2023,16:30,1,1,6,34,34172,2,4,2,1,1
202300025952,14,11,2023,18:40,5,1,1,06,06088,2,4,3,1,1
202300025953,4,8,2023,04:19,3,1,7,59,59267,1,3,2,1,1
202300025954,8,3,2023,14:00,1,2,3,94,94081,2,4,2,1,2
202300025954,8,3,2023,14:00,1,2,3,94,94081,2,4,2,1,2
202300025955,26,5,2023,08:55,1,1,2,25,25056,2,3,2,4,1
202300025955,26,5,2023,08:55,1,1,2,25,25056,2,3,2,4,1
202300025956,24,1,2023,00:10,5,1,3,33,33063,2,4,2,1,1
202300025956,24,1,2023,00:10,5,1,3,33,33063,2,4,2,1,1
202300025957,4,8,2023,18:05,1,1,2,13,13005,1,1,1,1,1
202300025958,13,11,2023,08:25,1,7,3,06,06088,2,7,2,1,1
202300025958,13,11,2023,08:25,1,7,3,06,06088,2,7,2,1,1
202300025958,13,11,2023,08:25,1,7,3,06,06088,2,7,1,1,1
202300025959,26,5,2023,17:20,1,1,7,22,22278,2,4,4,1,1
202300025959,26,5,2023,17:20,1,1,7,22,22278,2,4,2,1,1
202300025960,8,3,2023,18:52,5,2,3,94,94071,2,4,2,1,2
202300025961,4,8,2023,17:25,1,6,2,13,13056,1,1,1,2,1
202300025962,23,1,2023,17:00,2,1,3,33,33550,2,4,2,1,1
202300025962,23,1,2023,17:00,2,1,3,33,33550,2,4,2,1,1
202300025963,13,11,2023,07:45,1,1,6,06,06088,2,4,2,1,1
202300025964,8,3,2023,13:35,1,2,7,94,94075,2,2,2,1,2
202300025964,8,3,2023,13:35,1,2,7,94,94075,2,2,2,1,2
202300025965,26,5,2023,05:50,1,1,3,17,17415,2,4,2,1,1
202300025966,4,8,2023,00:57,3,1,6,13,13005,1,1,1,1,1
202300025967,24,1,2023,15:20,1,1,1,31,31555,2,4,-1,1,1
202300025968,12,11,2023,23:07,5,1,1,06,06088,2,7,2,2,1
202300025969,8,3,2023,09:55,1,2,6,94,94071,2,4,2,1,2
202300025970,3,8,2023,01:06,3,1,2,13,13005,1,1,3,1,1
202300025971,26,5,2023,16:15,1,1,1,17,17299,2,3,2,1,1
202300025972,24,1,2023,09:14,1,1,3,31,31555,1,1,3,1,2
202300025973,4,8,2023,11:10,1,1,2,83,83144,1,1,3,1,1
202300025974,26,5,2023,10:00,1,1,2,15,15014,2,4,2,2,1
202300025975,14,11,2023,17:29,3,1,3,04,04112,1,4,2,1,1
202300025976,24,1,2023,13:15,1,1,2,29,29232,1,3,1,1,1
202300025977,2,8,2023,06:35,1,1,6,13,13028,1,1,1,1,1
202300025978,8,3,2023,12:37,1,1,3,93,93073,1,4,2,1,2
202300025979,26,5,2023,07:20,1,1,2,13,13103,1,3,2,1,1
202300025980,14,11,2023,17:35,5,1,3,75,75114,2,4,-1,1,2
202300025981,6,8,2023,05:45,2,1,6,69,69199,1,1,1,1,1
202300025982,23,1,2023,15:15,1,7,2,29,29019,2,4,-1,1,1
202300025982,23,1,2023,15:15,1,7,2,29,29019,2,4,2,1,1
202300025983,26,5,2023,10:40,1,1,2,13,13214,2,4,2,1,1
202300025984,29,7,2023,22:30,3,1,3,69,69189,1,1,3,1,2
202300025985,7,3,2023,22:30,5,2,3,92,92036,2,3,2,1,2
202300025985,7,3,2023,22:30,5,2,3,92,92036,2,3,2,1,2
202300025986,24,1,2023,18:20,3,1,2,27,27375,2,3,2,1,1
202300025987,13,11,2023,17:35,5,1,5,75,75117,2,4,1,1,2
202300025988,8,3,2023,11:30,1,1,6,92,92073,2,3,2,1,2
202300025989,3,8,2023,19:44,1,1,2,42,42044,1,2,3,1,1
202300025990,25,5,2023,17:22,1,2,2,11,11069,2,3,2,1,2
202300025990,25,5,2023,17:22,1,2,2,11,11069,2,3,2,2,2
202300025991,24,1,2023,16:25,1,8,2,27,27234,1,2,3,1,1
202300025992,13,11,2023,16:10,1,2,6,75,75116,2,4,1,1,2
202300025993,2,8,2023,11:25,1,2,2,67,67218,1,7,3,1,2
202300025994,8,3,2023,16:20,1,2,3,92,92051,2,3,1,1,2
202300025995,24,5,2023,14:45,1,1,2,11,11069,2,4,1,1,1
202300025996,23,1,2023,17:20,1,1,4,22,22187,1,2,3,1,1
202300025997,13,11,2023,13:00,1,2,2,75,75113,2,4,1,1,2
202300025998,5,8,2023,14:05,1,1,3,33,33003,1,1,3,1,1
202300025999,8,3,2023,20:44,5,2,3,92,92050,2,3,1,2,2
202300025999,8,3,2023,20:44,5,2,3,92,92050,2,3,1,1,2
202300026000,17,1,2023,08:02,2,2,3,18,18033,2,4,2,2,2
202300026000,17,1,2023,08:02,2,2,3,18,18033,2,4,2,2,2
202300026001,26,5,2023,09:54,1,7,6,10,10387,2,4,2,1,1
202300026001,26,5,2023,09:54,1,7,6,10,10387,2,4,2,1,1
202300026002,14,11,2023,20:30,3,1,3,75,75105,2,4,2,1,1
202300026002,14,11,2023,20:30,3,1,3,75,75105,2,4,-1,1,1
202300026003,8,3,2023,10:24,1,1,2,92,92035,2,3,2,1,2
202300026003,8,3,2023,10:24,1,1,2,92,92035,2,3,2,1,2
202300026004,24,1,2023,12:30,1,1,3,13,13206,2,4,1,1,1
202300026005,14,11,2023,12:05,1,2,6,75,75119,2,4,1,1,2
202300026006,26,5,2023,07:29,1,1,1,10,10362,2,3,2,1,1
202300026006,26,5,2023,07:29,1,1,1,10,10362,2,3,2,1,1
202300026007,8,3,2023,08:55,1,2,7,92,92024,2,3,2,1,2
202300026008,2,8,2023,12:50,1,2,4,33,33487,1,1,3,3,2
202300026009,24,1,2023,05:10,5,1,3,13,13214,2,4,2,1,1
202300026010,14,11,2023,17:15,5,2,2,75,75116,2,4,2,1,2
202300026010,14,11,2023,17:15,5,2,2,75,75116,2,4,-1,1,2
202300026011,23,5,2023,18:35,1,1,1,07,07102,2,4,-1,1,1
202300026011,23,5,2023,18:35,1,1,1,07,07102,2,4,-1,1,1
202300026012,8,3,2023,07:50,1,2,2,92,92060,2,4,2,1,2
202300026013,2,8,2023,15:05,1,1,2,59,59462,1,1,1,1,1
202300026014,23,1,2023,18:10,5,1,1,13,13005,2,4,2,1,1
202300026015,13,11,2023,08:50,1,1,3,75,75114,2,4,2,1,2
202300026015,13,11,2023,08:50,1,1,3,75,75114,2,4,2,1,2
202300026016,26,5,2023,01:30,5,1,4,75,75120,2,4,1,1,1
202300026017,8,3,2023,18:20,2,3,1,92,92012,2,3,1,1,2
202300026017,8,3,2023,18:20,2,3,1,92,92012,2,3,1,1,2
202300026018,6,8,2023,15:00,1,1,4,91,91689,1,1,3,1,1
202300026019,23,1,2023,07:45,2,1,6,13,13004,2,4,2,1,1
202300026020,26,5,2023,18:48,1,1,6,75,75105,2,4,2,1,1
202300026020,26,5,2023,18:48,1,1,6,75,75105,2,4,-1,1,1
202300026021,7,3,2023,14:30,1,8,6,92,92004,2,3,2,1,1
202300026022,14,11,2023,16:13,1,2,3,75,75113,2,4,-1,1,2
202300026022,14,11,2023,16:13,1,2,3,75,75113,2,4,1,1,2
202300026023,24,1,2023,07:45,1,1,2,07,07281,2,4,1,1,1
202300026023,24,1,2023,07:45,1,1,2,07,07281,2,4,1,1,1
202300026024,6,8,2023,12:00,1,1,4,91,91136,1,1,1,1,1
202300026025,14,11,2023,00:20,5,1,6,75,75107,2,4,1,1,1
202300026026,4,3,2023,05:25,3,1,7,37,37030,1,3,2,1,1
202300026027,26,5,2023,18:05,1,1,6,75,75120,2,4,-1,1,1
202300026027,26,5,2023,18:05,1,1,6,75,75120,2,4,-1,1,1
202300026028,25,1,2023,07:20,5,1,2,75,75120,2,4,1,2,2
202300026029,13,11,2023,20:15,5,1,6,75,75112,2,4,1,1,1
202300026029,13,11,2023,20:15,5,1,6,75,75112,2,4,2,1,1
202300026030,24,1,2023,20:35,5,1,6,75,75112,2,4,1,1,1
202300026031,26,5,2023,19:00,1,1,6,75,75119,2,4,-1,1,1
202300026031,26,5,2023,19:00,1,1,6,75,75119,2,4,1,1,1
202300026032,7,3,2023,11:20,1,1,4,06,06161,1,3,2,1,1
202300026033,5,8,2023,20:50,1,1,5,91,91687,1,1,1,1,1
202300026034,5,8,2023,18:15,1,1,7,91,91521,1,1,3,1,2
202300026035,24,1,2023,08:50,1,1,1,75,75115,2,4,2,1,1
202300026036,14,11,2023,14:15,1,2,3,75,75111,2,4,2,1,2
202300026036,14,11,2023,14:15,1,2,3,75,75111,2,4,2,2,2
202300026037,8,3,2023,17:45,1,1,3,974,97412,2,2,2,1,1
202300026038,4,8,2023,18:45,1,1,4,94,94038,1,1,1,1,1
202300026039,9,3,2023,07:50,2,1,6,63,63358,1,3,2,2,2
202300026040,23,1,2023,21:59,5,1,3,75,75107,2,4,-1,1,1
202300026040,23,1,2023,21:59,5,1,3,75,75107,2,4,1,1,1
202300026041,26,5,2023,08:30,1,1,3,75,75116,2,4,2,1,1
202300026041,26,5,2023,08:30,1,1,3,75,75116,2,4,1,1,1
202300026042,14,11,2023,10:43,1,2,3,75,75111,2,4,2,1,2
202300026042,14,11,2023,10:43,1,2,3,75,75111,2,4,-1,1,2
202300026043,26,5,2023,10:30,1,1,6,75,75114,2,4,1,1,1
202300026044,4,8,2023,12:25,1,1,2,91,91617,1,2,1,-1,-1
202300026044,4,8,2023,12:25,1,1,2,91,91617,1,2,3,1,1
202300026045,8,3,2023,14:40,1,3,6,28,28048,2,2,2,1,3
202300026046,22,1,2023,19:40,5,1,4,75,75118,2,4,1,1,1
202300026047,14,11,2023,10:40,1,2,6,75,75111,2,4,1,1,2
202300026047,14,11,2023,10:40,1,2,6,75,75111,2,4,1,1,2
202300026048,25,5,2023,13:05,1,1,6,75,75114,2,4,1,1,1
202300026048,25,5,2023,13:05,1,1,6,75,75114,2,4,1,1,1
202300026049,24,1,2023,22:20,5,1,6,75,75105,2,4,1,1,1
202300026049,24,1,2023,22:20,5,1,6,75,75105,2,4,1,2,1
202300026050,8,3,2023,13:25,1,2,1,67,67283,1,3,2,2,2
202300026051,4,8,2023,13:50,1,2,4,91,91553,1,2,1,1,2
202300026052,14,11,2023,13:08,1,2,2,75,75107,2,4,2,1,2
202300026053,7,3,2023,07:20,1,2,7,62,62156,1,4,2,1,2
202300026054,26,5,2023,18:45,1,1,3,75,75113,2,4,1,1,1
202300026054,26,5,2023,18:45,1,1,3,75,75113,2,4,-1,1,1
202300026055,4,8,2023,10:25,1,1,2,91,91086,1,2,1,1,1
202300026056,24,1,2023,16:00,1,1,3,75,75116,2,4,2,1,1
202300026056,24,1,2023,16:00,1,1,3,75,75116,2,4,2,1,1
202300026057,4,8,2023,02:23,3,1,6,91,91617,1,2,-1,1,1
202300026058,26,5,2023,17:15,1,1,2,75,75112,2,4,2,1,1
202300026059,13,11,2023,23:15,5,1,3,75,75107,2,4,1,1,1
202300026059,13,11,2023,23:15,5,1,3,75,75107,2,4,1,1,1
202300026060,6,3,2023,08:00,1,1,1,62,62775,2,4,2,2,1
202300026061,3,8,2023,20:00,1,1,3,91,91377,1,1,3,1,1
202300026062,6,8,2023,06:26,1,1,6,78,78117,1,2,-1,1,2
202300026063,25,1,2023,09:10,1,1,3,75,75115,2,4,1,1,1
202300026063,25,1,2023,09:10,1,1,3,75,75115,2,4,2,1,1