id_accident,jour,mois,annee,heure_minute,luminosite,meteo,type_collision,departement,commune,agglomeration,categorie_route,regime_circulation,profil_route,etat_surface
202300026064,26,5,2023,13:25,1,1,2,75,75112,2,4,2,1,1
202300026064,26,5,2023,13:25,1,1,2,75,75112,2,4,-1,1,1
202300026065,4,8,2023,12:55,1,1,2,78,78321,1,2,-1,1,1
202300026066,14,11,2023,23:35,5,1,2,75,75107,2,4,1,1,1
202300026066,14,11,2023,23:35,5,1,2,75,75107,2,4,-1,1,1
202300026067,9,3,2023,09:40,1,1,2,37,37229,1,1,3,1,1
202300026068,25,1,2023,14:07,1,1,5,75,75113,2,4,2,1,1
202300026068,25,1,2023,14:07,1,1,5,75,75113,2,4,2,1,1
202300026069,26,5,2023,17:10,1,1,3,75,75109,2,4,1,1,1
202300026069,26,5,2023,17:10,1,1,3,75,75109,2,4,2,1,1
202300026070,25,1,2023,12:05,1,1,6,75,75113,2,4,-1,2,1
202300026071,14,11,2023,18:50,5,1,3,75,75102,2,4,2,1,2
202300026071,14,11,2023,18:50,5,1,3,75,75102,2,4,2,1,2
202300026072,7,3,2023,17:45,1,2,1,83,83097,1,3,2,1,2
202300026073,3,8,2023,17:30,1,2,5,78,78043,1,1,1,1,2
202300026074,24,1,2023,15:48,1,1,6,75,75113,2,4,-1,1,1
202300026074,24,1,2023,15:48,1,1,6,75,75113,2,4,1,1,1
202300026075,6,8,2023,06:40,1,1,7,93,93066,1,1,-1,1,1
202300026076,8,3,2023,17:00,1,2,2,91,91225,1,3,3,3,2
202300026077,13,11,2023,20:45,5,1,2,94,94073,2,3,1,1,1
202300026078,24,5,2023,23:10,5,1,3,75,75108,2,4,1,1,1
202300026078,24,5,2023,23:10,5,1,3,75,75108,2,4,1,1,1
202300026079,25,1,2023,16:15,2,1,6,75,75112,2,4,2,1,1
202300026079,25,1,2023,16:15,2,1,6,75,75112,2,4,1,1,1
202300026080,7,3,2023,19:00,4,1,1,19,19178,1,3,2,1,1
202300026080,7,3,2023,19:00,4,1,1,19,19178,1,3,2,1,1
202300026081,14,11,2023,08:26,1,2,2,94,94044,2,3,2,1,2
202300026082,26,5,2023,19:30,1,1,6,94,94052,2,3,1,2,1
202300026083,5,8,2023,17:15,1,2,6,95,95154,1,1,3,1,2
202300026084,24,1,2023,13:15,1,1,3,75,75112,2,4,2,1,1
202300026084,24,1,2023,13:15,1,1,3,75,75112,2,4,1,1,1
202300026085,14,11,2023,14:00,1,9,1,94,94052,2,3,2,1,2
202300026086,7,3,2023,22:30,3,3,7,56,56240,1,3,2,2,2
202300026087,4,8,2023,22:00,3,8,6,95,95582,1,1,3,1,2
202300026088,26,5,2023,16:00,1,1,7,94,94076,2,3,2,1,1
202300026088,26,5,2023,16:00,1,1,7,94,94076,2,3,2,1,1
202300026089,24,1,2023,07:05,2,1,6,75,75112,2,4,2,1,1
202300026089,24,1,2023,07:05,2,1,6,75,75112,2,4,2,1,1
202300026090,4,8,2023,17:40,1,2,3,93,93005,1,1,4,1,2
202300026091,13,11,2023,22:00,5,2,2,94,94069,1,1,3,1,2
202300026092,9,3,2023,09:45,1,1,2,2B,2B319,1,2,3,1,1
202300026093,25,1,2023,15:30,1,1,6,75,75110,2,4,1,1,1
202300026094,4,8,2023,09:45,1,1,2,93,93039,1,1,1,1,1
202300026095,6,3,2023,18:41,1,1,7,32,32440,2,3,2,1,1
202300026096,26,5,2023,14:40,1,1,6,94,94038,2,3,3,1,1
202300026097,24,1,2023,22:20,5,1,7,75,75110,2,4,2,1,1
202300026097,24,1,2023,22:20,5,1,7,75,75110,2,4,2,1,1
202300026098,14,11,2023,15:59,1,2,6,93,93050,2,3,3,1,2
202300026098,14,11,2023,15:59,1,2,6,93,93050,2,3,3,1,2
202300026099,2,8,2023,19:00,1,2,3,93,93006,1,1,3,1,2
202300026100,25,5,2023,19:20,1,1,6,94,94028,2,3,3,2,1
202300026101,3,3,2023,17:00,1,1,1,89,89063,1,3,2,1,1
202300026102,25,1,2023,18:08,5,1,1,75,75109,2,4,3,1,1
202300026103,12,2,2023,17:12,1,1,6,61,61153,1,4,2,2,1
202300026104,14,11,2023,06:25,5,1,3,93,93048,2,3,1,1,1
202300026104,14,11,2023,06:25,5,1,3,93,93048,2,3,3,1,1
202300026105,6,8,2023,06:00,2,1,2,93,93051,1,1,3,1,1
202300026106,25,1,2023,12:25,1,8,6,94,94041,2,4,2,1,1
202300026107,26,5,2023,16:44,1,1,2,93,93066,2,4,2,1,1
202300026107,26,5,2023,16:44,1,1,2,93,93066,2,4,2,1,1
202300026108,14,11,2023,17:00,5,8,3,93,93029,2,3,2,1,2
202300026108,14,11,2023,17:00,5,8,3,93,93029,2,3,2,1,2
202300026109,25,1,2023,17:15,2,1,3,94,94080,2,4,1,1,1
202300026109,25,1,2023,17:15,2,1,3,94,94080,2,4,1,1,1
202300026110,25,5,2023,22:00,5,1,1,93,93066,2,4,1,1,1
202300026110,25,5,2023,22:00,5,1,1,93,93066,2,4,2,1,1
202300026111,8,3,2023,16:34,1,1,6,12,12200,2,3,2,1,1
202300026111,8,3,2023,16:34,1,1,6,12,12200,2,3,2,4,1
202300026112,13,11,2023,08:30,1,2,2,93,93027,2,3,2,1,2
202300026113,9,3,2023,15:00,1,1,7,12,12090,1,3,2,1,1
202300026114,25,1,2023,08:35,1,1,3,94,94080,2,3,2,1,1
202300026114,25,1,2023,08:35,1,1,3,94,94080,2,3,2,1,1
202300026115,26,5,2023,17:00,1,1,3,93,93055,2,3,3,1,1
202300026115,26,5,2023,17:00,1,1,3,93,93055,2,3,2,1,1
202300026116,25,1,2023,05:35,5,2,7,94,94052,2,4,1,1,2
202300026117,14,11,2023,18:08,5,2,3,93,93029,2,3,3,1,2
202300026118,9,3,2023,11:20,1,1,2,46,46083,1,3,2,2,1
202300026118,9,3,2023,11:20,1,1,2,46,46083,1,3,2,2,1
202300026119,26,5,2023,10:45,1,1,1,93,93055,2,4,2,1,1
202300026120,14,11,2023,17:00,2,2,6,93,93007,2,4,2,1,2
202300026121,25,1,2023,00:20,5,1,3,94,94041,2,3,1,1,1
202300026121,25,1,2023,00:20,5,1,3,94,94041,2,3,1,1,1
202300026122,7,3,2023,20:40,5,1,6,46,46038,2,4,1,1,1
202300026123,26,5,2023,09:20,1,1,1,93,93006,2,3,2,2,1
202300026123,26,5,2023,09:20,1,1,1,93,93006,2,3,1,1,1
202300026124,24,1,2023,13:50,1,1,6,94,94076,2,3,1,1,1
202300026125,14,11,2023,08:50,1,2,2,93,93005,2,3,3,1,2
202300026126,9,3,2023,12:15,1,1,3,47,47252,1,3,3,1,1
202300026126,9,3,2023,12:15,1,1,3,47,47252,1,3,3,1,1
202300026127,26,5,2023,16:33,1,1,3,93,93079,2,3,2,1,1
202300026128,24,1,2023,18:40,5,1,6,94,94018,2,4,1,1,1
202300026128,24,1,2023,18:40,5,1,6,94,94018,2,4,1,2,1
202300026129,14,11,2023,18:10,5,2,3,93,93001,2,3,2,1,2
202300026130,23,2,2023,16:50,1,2,2,86,86032,1,3,2,1,2
202300026131,25,1,2023,09:12,1,2,3,93,93072,2,4,2,1,2
202300026132,14,11,2023,12:30,1,2,6,92,92078,2,4,2,1,2
202300026133,23,5,2023,01:00,5,1,3,92,92078,2,3,3,1,1
202300026133,23,5,2023,01:00,5,1,3,92,92078,2,3,2,1,1
202300026134,7,3,2023,19:20,5,2,1,35,35062,1,4,2,2,2
202300026135,26,5,2023,13:25,1,1,7,92,92022,1,4,-1,1,9
202300026136,25,1,2023,08:30,1,1,3,93,93077,2,4,2,2,1
202300026136,25,1,2023,08:30,1,1,3,93,93077,2,4,2,2,1
202300026137,14,11,2023,12:25,1,1,1,92,92073,2,3,2,2,2
202300026138,9,3,2023,19:45,3,6,6,29,29196,1,3,2,1,2
202300026139,26,5,2023,15:20,1,1,6,92,92050,2,3,3,1,1
202300026140,14,11,2023,18:30,5,2,6,92,92063,2,6,-1,1,2
202300026141,24,1,2023,22:35,5,1,7,93,93046,2,3,2,1,1
202300026141,24,1,2023,22:35,5,1,7,93,93046,2,3,3,1,1
202300026142,14,11,2023,13:40,1,2,6,92,92020,2,3,2,1,2
202300026143,26,5,2023,14:30,1,1,2,92,92050,2,3,1,1,1
202300026144,8,3,2023,16:54,1,3,6,29,29165,2,4,2,1,2
202300026144,8,3,2023,16:54,1,3,6,29,29165,2,4,2,1,2
202300026145,24,1,2023,20:45,5,1,3,93,93006,2,3,2,1,1
202300026146,24,1,2023,16:50,1,1,6,93,93032,2,4,2,1,1
202300026147,13,11,2023,20:24,5,1,3,92,92036,2,3,3,1,1
202300026147,13,11,2023,20:24,5,1,3,92,92036,2,3,1,1,1
202300026148,13,5,2023,17:30,1,1,3,92,92050,2,3,2,1,1
202300026148,13,5,2023,17:30,1,1,3,92,92050,2,3,2,1,1
202300026149,8,3,2023,21:10,3,1,7,03,03176,1,3,2,2,1
202300026150,25,1,2023,17:00,1,1,6,93,93010,2,3,3,1,1
202300026151,26,5,2023,15:55,1,1,6,92,92049,2,3,2,1,1
202300026152,9,3,2023,10:50,1,1,3,58,58092,1,4,2,1,1
202300026153,13,11,2023,14:30,1,3,3,92,92036,2,3,2,1,2
202300026154,24,1,2023,16:10,1,1,6,93,93057,2,3,2,1,1
202300026154,24,1,2023,16:10,1,1,6,93,93057,2,3,2,1,1
202300026155,26,5,2023,10:13,1,1,2,92,92035,2,3,2,1,1
202300026156,14,11,2023,09:45,1,2,3,92,92007,2,3,2,1,2
202300026157,6,3,2023,22:50,5,1,1,54,54076,2,3,2,1,1
202300026157,6,3,2023,22:50,5,1,1,54,54076,2,3,1,1,1
202300026158,25,1,2023,07:20,5,2,6,93,93001,2,4,2,1,2
202300026159,26,5,2023,12:15,1,1,3,92,92007,2,4,1,1,1
202300026160,14,11,2023,09:45,1,2,6,92,92014,2,3,1,1,2
202300026161,5,3,2023,09:10,1,1,3,06,06079,2,4,2,1,1
202300026162,23,1,2023,12:30,1,1,3,92,92078,2,4,2,1,1
202300026162,23,1,2023,12:30,1,1,3,92,92078,2,4,2,1,1
202300026163,26,5,2023,10:30,1,1,6,92,92002,2,3,2,1,1
202300026164,8,11,2023,11:35,1,8,3,35,35120,2,3,2,1,2
202300026165,7,3,2023,18:55,3,3,1,50,50551,1,3,2,2,2
202300026166,25,1,2023,19:30,5,1,2,92,92026,2,3,2,1,1
202300026166,25,1,2023,19:30,5,1,2,92,92026,2,3,1,1,1
202300026167,23,1,2023,15:05,1,8,6,92,92025,2,3,1,2,1
202300026168,27,5,2023,20:30,1,1,3,39,39097,2,4,-1,1,1
202300026168,27,5,2023,20:30,1,1,3,39,39097,2,4,2,2,1
202300026169,15,11,2023,11:40,1,7,3,86,86007,1,3,2,1,1
202300026169,15,11,2023,11:40,1,7,3,86,86007,1,3,2,1,1
202300026170,25,1,2023,03:20,3,1,6,95,95487,1,3,2,1,1
202300026171,7,3,2023,16:20,2,1,1,45,45193,1,3,2,1,1
202300026172,27,5,2023,08:00,1,1,7,06,06149,1,7,1,1,1
202300026173,23,1,2023,12:10,1,2,6,974,97412,2,4,2,3,2
202300026174,13,11,2023,15:15,1,2,3,33,33191,2,3,2,1,2
202300026174,13,11,2023,15:15,1,2,3,33,33191,2,3,2,1,2
202300026175,26,5,2023,17:15,1,3,3,43,43040,2,3,2,1,2
202300026176,6,3,2023,14:15,1,1,5,64,64256,2,3,2,1,1
202300026177,23,1,2023,19:00,3,3,3,974,97412,2,2,2,1,2
202300026178,26,5,2023,14:50,1,1,7,68,68089,1,3,2,2,1
202300026179,15,11,2023,15:24,1,1,7,17,17133,1,4,2,1,2
202300026180,27,5,2023,12:10,1,1,6,31,31022,2,4,2,3,1
202300026181,7,3,2023,15:45,1,8,1,16,16287,1,3,2,1,2
202300026182,26,1,2023,08:25,2,5,1,77,77304,1,3,2,2,7
202300026183,15,11,2023,17:00,1,1,6,974,97405,2,2,3,2,1
202300026184,25,1,2023,17:45,2,1,6,27,27130,1,1,3,1,1
202300026185,14,11,2023,21:25,3,1,6,83,83004,1,3,2,2,1
202300026186,26,1,2023,10:15,1,1,6,51,51237,2,6,-1,1,2
202300026187,26,5,2023,17:50,1,1,1,67,67367,1,3,2,1,1
202300026188,8,3,2023,15:50,1,1,3,53,53147,2,2,-1,1,2
202300026188,8,3,2023,15:50,1,1,3,53,53147,2,2,2,1,2
202300026189,14,11,2023,20:30,3,1,7,41,41256,1,1,1,1,2
202300026190,26,1,2023,12:30,1,8,5,89,89419,1,3,2,1,2
202300026191,9,3,2023,06:40,2,5,6,04,04084,1,3,2,1,2
202300026192,26,5,2023,21:45,5,1,3,971,97132,2,3,2,2,1
202300026193,14,11,2023,16:10,2,1,3,83,83036,2,3,2,1,1
202300026194,18,1,2023,07:30,2,4,1,63,63003,1,3,2,2,5
202300026195,7,3,2023,17:20,1,1,5,85,85146,1,3,2,1,1
202300026196,10,5,2023,16:45,1,1,3,974,97413,2,3,1,2,1
202300026197,15,11,2023,07:30,2,5,6,48,48156,1,1,3,2,2
202300026198,20,1,2023,16:30,1,1,1,76,76638,1,3,2,1,1
202300026199,24,1,2023,11:35,1,1,1,41,41211,2,3,2,1,1
202300026200,8,3,2023,06:20,3,2,3,27,27493,1,3,2,1,2
202300026200,8,3,2023,06:20,3,2,3,27,27493,1,3,2,1,2
202300026201,22,9,2023,12:05,1,1,3,22,22020,2,4,2,1,1
202300026202,7,5,2023,01:13,3,1,4,34,34194,1,1,3,1,1
202300026203,18,1,2023,20:05,3,2,1,44,44178,1,3,2,1,2
202300026204,9,3,2023,07:10,2,2,6,28,28387,1,3,2,1,2
202300026205,15,11,2023,18:50,3,1,3,30,30060,1,3,2,4,1
202300026205,15,11,2023,18:50,3,1,3,30,30060,1,3,-1,1,1
202300026206,25,1,2023,18:15,5,1,4,35,35297,2,4,2,1,1
202300026207,27,5,2023,16:00,1,1,3,30,30256,1,3,2,1,1
202300026208,22,2,2023,16:15,1,2,6,87,87078,1,3,2,1,2
202300026208,22,2,2023,16:15,1,2,6,87,87078,1,3,2,1,2
202300026209,26,1,2023,15:40,1,8,1,58,58273,1,3,2,2,1
202300026210,22,5,2023,18:05,1,1,6,59,59149,1,3,2,1,1
202300026211,15,11,2023,08:50,1,1,6,57,57556,2,3,2,4,1
202300026211,15,11,2023,08:50,1,1,6,57,57556,2,3,2,1,1
202300026212,19,1,2023,20:30,3,2,6,14,14055,1,3,2,1,2
202300026213,22,5,2023,14:15,1,1,3,56,56036,1,4,2,2,1
202300026213,22,5,2023,14:15,1,1,3,56,56036,1,4,2,1,1
202300026214,23,1,2023,22:15,3,9,1,64,64216,1,3,2,1,7
202300026215,8,3,2023,10:15,1,2,1,78,78620,1,3,2,1,2
202300026216,14,11,2023,14:15,1,2,5,51,51115,2,3,2,1,2
202300026217,21,1,2023,10:30,1,1,6,53,53216,2,4,2,1,1
202300026218,27,5,2023,10:15,1,1,3,56,56260,2,4,2,1,1
202300026218,27,5,2023,10:15,1,1,3,56,56260,2,4,2,1,1
202300026219,22,1,2023,15:20,1,1,1,17,17003,1,3,2,1,1
202300026220,8,3,2023,12:30,1,1,3,987,98715,2,2,2,1,1
202300026220,8,3,2023,12:30,1,1,3,987,98715,2,2,2,3,1
202300026221,27,5,2023,07:50,1,1,6,82,82155,1,3,2,1,1
202300026221,27,5,2023,07:50,1,1,6,82,82155,1,3,2,1,1
202300026222,13,11,2023,16:50,2,2,6,80,80620,2,3,2,1,2
202300026223,9,3,2023,08:00,1,1,6,24,24055,1,4,-1,2,1
202300026224,25,1,2023,18:50,5,1,2,37,37273,1,3,2,1,1
202300026224,25,1,2023,18:50,5,1,2,37,37273,1,3,2,1,1
202300026225,27,5,2023,15:30,1,1,1,11,11209,1,3,2,1,1
202300026226,15,11,2023,07:50,1,5,1,82,82134,1,3,2,1,1
202300026227,20,1,2023,12:30,1,1,1,978,97801,2,2,2,3,1
202300026228,27,5,2023,00:06,3,1,6,46,46228,2,3,2,1,1
202300026228,27,5,2023,00:06,3,1,6,46,46228,2,3,-1,-1,-1
202300026229,15,11,2023,13:45,1,1,6,65,65456,2,3,2,1,2
202300026230,26,1,2023,07:40,3,5,6,42,42279,2,3,2,1,2
202300026231,8,3,2023,11:55,1,2,6,55,55166,1,1,1,2,2
202300026232,26,1,2023,10:05,1,1,3,988,98817,2,3,2,1,1
202300026232,26,1,2023,10:05,1,1,3,988,98817,2,3,2,1,1
202300026233,8,3,2023,13:20,1,1,7,987,98712,2,2,3,1,1
202300026234,27,5,2023,12:14,1,1,1,68,68098,2,3,2,1,1
202300026235,14,11,2023,11:55,1,2,7,49,49331,2,4,2,1,2
202300026236,26,1,2023,13:00,1,1,6,973,97311,2,3,2,1,1
202300026237,9,3,2023,07:10,2,9,3,69,69007,1,3,2,4,2
202300026238,26,5,2023,19:56,1,1,7,39,39101,1,3,2,1,1
202300026239,14,11,2023,15:40,1,2,7,86,86082,2,3,2,1,2
202300026240,23,1,2023,05:15,3,2,5,978,97801,1,3,2,1,2
202300026241,8,3,2023,10:35,1,8,6,69,69235,2,6,-1,1,1
202300026242,15,11,2023,06:10,3,2,2,25,25466,1,3,2,1,2
202300026243,8,3,2023,17:28,1,1,3,974,97401,1,2,2,1,1
202300026244,25,1,2023,13:50,1,1,3,83,83047,2,3,2,1,1
202300026244,25,1,2023,13:50,1,1,3,83,83047,2,3,2,1,1
202300026245,15,11,2023,08:00,1,2,3,35,35095,2,4,2,1,2
202300026246,26,5,2023,10:13,1,1,3,03,03267,1,3,2,1,1
202300026246,26,5,2023,10:13,1,1,3,03,03267,1,3,2,1,1
202300026247,9,3,2023,07:30,2,1,3,33,33085,1,3,2,1,2
202300026248,20,1,2023,12:50,1,1,3,04,04245,2,3,2,1,1
202300026248,20,1,2023,12:50,1,1,3,04,04245,2,3,-1,1,1
202300026249,11,11,2023,14:20,1,1,7,29,29266,2,3,2,1,1
202300026250,26,5,2023,20:45,2,1,1,01,01069,1,4,2,1,1
202300026251,4,3,2023,19:00,3,1,2,77,77196,1,2,3,2,1
202300026252,15,11,2023,12:00,1,1,6,31,31033,2,3,2,1,1
202300026253,26,1,2023,15:00,1,1,1,13,13048,1,3,2,1,1
202300026254,6,3,2023,18:00,1,1,7,34,34344,2,3,1,1,1
202300026255,26,5,2023,18:10,1,1,2,01,01010,1,3,2,2,1
202300026256,24,1,2023,14:00,1,1,3,21,21292,2,4,2,1,1
202300026257,26,5,2023,20:00,1,1,6,58,58295,1,3,2,1,1
202300026258,19,1,2023,18:00,3,1,6,42,42265,1,3,2,1,1
202300026259,8,2,2023,15:40,1,1,3,34,34344,2,4,3,1,1
202300026259,8,2,2023,15:40,1,1,3,34,34344,2,4,3,1,1
202300026260,13,11,2023,04:20,3,2,1,02,02540,1,3,2,3,2
202300026261,27,5,2023,17:00,1,1,7,66,66048,1,3,2,1,1
202300026262,26,1,2023,14:30,1,8,7,64,64139,1,4,2,3,1
202300026263,9,11,2023,18:57,3,2,7,03,03214,1,3,2,1,2
202300026264,26,5,2023,18:15,1,1,7,72,72169,1,3,2,1,1
202300026265,9,3,2023,07:45,1,1,2,83,83112,2,3,2,1,1
202300026265,9,3,2023,07:45,1,1,2,83,83112,2,3,1,1,1
202300026266,25,1,2023,09:15,1,8,7,40,40019,2,3,2,1,1
202300026267,8,3,2023,23:10,3,1,7,83,83064,1,3,2,1,1
202300026268,26,1,2023,08:05,5,2,3,14,14488,2,3,2,1,2
202300026269,15,11,2023,15:40,1,1,5,01,01203,1,3,2,2,1
202300026270,8,3,2023,10:00,1,2,6,71,71297,2,4,2,1,2
202300026271,23,1,2023,10:55,1,1,3,27,27123,1,2,2,1,1
202300026271,23,1,2023,10:55,1,1,3,27,27123,1,2,2,1,1
202300026272,14,11,2023,19:20,5,2,6,26,26165,2,2,2,1,2
202300026273,27,5,2023,05:00,5,1,6,60,60471,2,3,2,1,1
202300026274,26,1,2023,12:10,1,2,7,60,60619,1,2,3,1,2
202300026275,13,11,2023,19:00,3,1,6,72,72056,1,3,2,1,1
202300026276,27,5,2023,11:10,1,1,6,64,64436,2,3,2,1,1
202300026277,4,3,2023,19:15,5,1,2,57,57683,2,3,4,1,1
202300026277,4,3,2023,19:15,5,1,2,57,57683,2,3,2,1,1
202300026278,26,1,2023,08:25,1,2,6,59,59051,2,4,2,1,2
202300026279,26,5,2023,20:25,2,1,7,73,73010,1,3,2,2,1
202300026280,15,11,2023,17:09,2,1,3,06,06138,2,3,2,3,1
202300026281,6,3,2023,12:34,1,1,6,79,79049,2,4,2,2,1
202300026282,26,5,2023,13:35,1,1,7,10,10184,1,3,2,2,1
202300026283,25,1,2023,18:10,3,1,3,94,94038,1,1,1,1,1
202300026284,26,2,2023,11:45,1,1,6,33,33207,2,4,-1,1,1
202300026285,26,5,2023,17:57,1,1,7,10,10345,1,3,2,2,1
202300026286,14,11,2023,19:00,2,1,5,60,60511,1,3,2,1,1
202300026287,8,3,2023,08:20,1,1,2,13,13071,1,1,-1,1,1
202300026288,25,1,2023,14:15,1,1,5,94,94003,1,1,1,1,1
202300026289,15,11,2023,18:05,5,1,1,64,64233,2,3,2,2,1
202300026290,24,5,2023,15:00,1,1,3,10,10232,2,3,2,1,1
202300026291,4,3,2023,04:15,3,1,2,67,67482,1,7,3,1,1
202300026292,25,1,2023,03:50,5,1,6,91,91377,2,3,1,1,1
202300026293,27,5,2023,17:18,1,1,6,36,36018,2,3,2,3,1
202300026294,14,11,2023,10:30,1,1,7,64,64191,1,3,2,1,1
202300026295,6,3,2023,06:30,2,1,7,59,59515,1,1,-1,1,2
202300026296,26,5,2023,20:10,1,1,6,40,40134,2,4,2,1,1
202300026297,24,1,2023,22:35,3,1,2,78,78291,1,1,-1,2,1
202300026298,14,11,2023,07:50,1,1,6,21,21154,2,4,2,2,1
202300026298,14,11,2023,07:50,1,1,6,21,21154,2,4,2,1,1
202300026299,26,5,2023,14:10,1,1,7,30,30133,2,4,2,1,1
202300026300,8,3,2023,19:20,3,2,2,94,94034,1,1,3,1,2
202300026301,8,3,2023,17:35,1,3,7,94,94016,1,1,1,1,2
202300026302,24,1,2023,08:40,1,1,5,78,78090,1,1,3,1,1
202300026303,14,11,2023,16:30,1,1,4,40,40031,1,3,3,1,2
202300026304,8,3,2023,12:50,1,2,2,91,91286,1,1,3,1,2
202300026305,24,1,2023,10:00,1,1,3,92,92047,1,1,1,1,1
202300026306,23,5,2023,20:10,1,1,6,67,67415,1,3,2,1,9
202300026307,13,11,2023,07:45,2,2,3,85,85034,1,3,2,2,2
202300026307,13,11,2023,07:45,2,2,3,85,85034,1,3,2,1,2
202300026308,25,1,2023,13:00,1,2,2,94,94073,1,1,1,1,9
202300026309,26,5,2023,22:10,3,1,2,13,13113,1,1,3,2,1
202300026310,24,1,2023,21:50,3,1,7,94,94073,1,1,-1,1,1
202300026311,8,3,2023,12:45,1,2,4,92,92019,1,2,3,1,2
202300026312,27,10,2023,20:06,3,2,3,27,27565,1,4,2,1,2
202300026312,27,10,2023,20:06,3,2,3,27,27565,1,4,2,1,2
202300026313,27,5,2023,15:20,1,1,2,34,34255,1,3,2,1,1
202300026314,7,3,2023,23:40,3,2,7,94,94017,1,1,3,1,2
202300026315,27,5,2023,00:30,5,1,6,971,97103,2,2,1,1,1
202300026316,15,11,2023,13:20,1,1,1,28,28135,1,3,2,1,1
202300026317,23,1,2023,14:50,1,1,6,75,75112,2,4,3,1,1
202300026317,23,1,2023,14:50,1,1,6,75,75112,2,4,1,1,1
202300026318,6,3,2023,09:00,1,2,3,974,97407,2,4,2,1,2
202300026318,6,3,2023,09:00,1,2,3,974,97407,2,4,1,1,2
202300026319,27,5,2023,04:30,3,1,2,69,69077,1,1,3,1,1
202300026320,14,10,2023,00:05,3,2,7,87,87154,2,4,-1,2,2
202300026321,24,1,2023,19:00,5,1,6,75,75120,2,4,3,1,1
202300026321,24,1,2023,19:00,5,1,6,75,75120,2,4,1,2,1
202300026322,7,3,2023,13:25,1,1,2,973,97302,2,3,2,1,1
202300026323,15,11,2023,10:50,1,1,7,30,30146,1,3,2,1,1
202300026324,27,5,2023,20:20,2,1,3,60,60482,2,3,2,1,1
202300026324,27,5,2023,20:20,2,1,3,60,60482,2,3,2,1,1
202300026325,24,1,2023,19:30,5,1,3,75,75117,2,4,1,1,1
202300026325,24,1,2023,19:30,5,1,3,75,75117,2,4,1,1,1
202300026326,27,5,2023,04:45,3,1,6,95,95213,1,3,2,1,1
202300026327,15,11,2023,20:15,3,5,6,48,48156,1,3,2,2,2
202300026328,6,3,2023,08:20,1,1,3,973,97302,2,3,2,1,1
202300026329,24,1,2023,18:30,5,1,3,75,75117,2,4,1,1,1
202300026329,24,1,2023,18:30,5,1,3,75,75117,2,4,2,1,1
202300026330,15,11,2023,03:50,3,2,6,08,08164,1,4,2,1,2
202300026331,27,5,2023,10:50,1,1,1,91,91041,1,3,2,2,1
202300026332,7,3,2023,07:20,1,1,5,972,97213,1,1,1,2,1
202300026333,24,1,2023,18:25,2,1,6,75,75116,2,4,2,1,1
202300026333,24,1,2023,18:25,2,1,6,75,75116,2,4,1,2,1
202300026334,26,5,2023,15:26,1,1,1,78,78601,1,3,2,1,1
202300026335,13,11,2023,13:00,1,1,1,34,34116,2,4,2,1,1
202300026336,6,3,2023,16:45,1,1,1,971,97113,1,4,2,2,1
202300026337,23,1,2023,15:50,1,1,6,75,75116,2,4,2,2,1
202300026337,23,1,2023,15:50,1,1,6,75,75116,2,4,1,1,1
202300026338,14,11,2023,07:00,2,1,6,69,69027,2,4,2,1,1
202300026339,27,5,2023,20:03,1,1,2,2B,2B042,1,2,3,1,1
202300026340,7,3,2023,08:59,1,1,3,2A,2A004,2,4,2,1,1
202300026340,7,3,2023,08:59,1,1,3,2A,2A004,2,4,2,2,1
202300026341,24,1,2023,18:45,5,1,3,75,75115,2,4,1,1,1
202300026341,24,1,2023,18:45,5,1,3,75,75115,2,4,2,1,1
202300026342,14,11,2023,14:55,1,1,3,971,97116,2,4,1,1,1
202300026343,27,5,2023,01:30,3,1,6,11,11337,1,3,2,1,1
202300026344,7,3,2023,22:36,3,2,6,95,95427,2,3,2,1,2
202300026344,7,3,2023,22:36,3,2,6,95,95427,2,3,2,1,2
202300026345,24,1,2023,10:40,1,8,2,75,75115,2,4,1,1,1
202300026345,24,1,2023,10:40,1,8,2,75,75115,2,4,1,1,1
202300026346,26,5,2023,19:00,1,1,2,68,68117,2,3,2,1,1
202300026347,14,11,2023,16:15,1,1,1,78,78597,1,3,2,1,1
202300026348,7,3,2023,17:45,1,8,6,95,95428,2,3,2,1,1
202300026348,7,3,2023,17:45,1,8,6,95,95428,2,3,2,1,1
202300026349,24,1,2023,07:42,2,1,6,75,75114,2,4,1,1,1
202300026349,24,1,2023,07:42,2,1,6,75,75114,2,4,1,1,1
202300026350,23,5,2023,13:30,1,1,7,67,67368,1,3,2,2,9
202300026351,14,11,2023,20:00,3,1,7,30,30128,1,4,2,1,1
202300026352,24,1,2023,14:20,1,1,3,75,75111,2,4,2,1,1
202300026353,7,3,2023,19:38,5,2,2,91,91552,1,3,3,1,2
202300026354,24,1,2023,19:30,5,1,3,75,75110,2,4,1,1,1
202300026355,17,10,2023,07:00,2,1,6,34,34022,1,2,2,1,1
202300026356,7,3,2023,17:25,1,1,2,91,91514,1,3,2,1,1
202300026357,27,5,2023,10:09,1,1,1,81,81099,1,3,2,1,1
202300026358,24,1,2023,17:25,5,1,6,75,75110,2,4,2,1,1
202300026358,24,1,2023,17:25,5,1,6,75,75110,2,4,1,1,1
202300026359,7,3,2023,20:25,5,2,6,91,91589,2,4,2,1,2
202300026360,26,5,2023,17:20,1,1,7,65,65192,1,3,2,1,9
202300026361,15,11,2023,12:44,1,7,2,83,83104,1,3,2,2,1