id_accident,jour,mois,annee,heure_minute,luminosite,meteo,type_collision,departement,commune,agglomeration,categorie_route,regime_circulation,profil_route,etat_surface
202300026362,24,1,2023,14:10,1,8,7,75,75110,2,4,1,1,1
202300026362,24,1,2023,14:10,1,8,7,75,75110,2,4,1,1,1
202300026363,7,3,2023,16:30,1,1,3,90,90032,2,3,-1,3,1
202300026364,26,5,2023,23:20,3,1,6,17,17483,1,2,3,1,1
202300026365,24,1,2023,09:21,1,1,6,75,75108,2,4,1,1,1
202300026365,24,1,2023,09:21,1,1,6,75,75108,2,4,2,1,1
202300026366,14,11,2023,18:03,5,1,3,13,13015,2,3,2,1,1
202300026366,14,11,2023,18:03,5,1,3,13,13015,2,3,2,1,1
202300026367,27,5,2023,04:40,3,1,6,29,29247,1,3,1,1,1
202300026368,6,3,2023,20:00,3,1,1,83,83050,1,3,2,1,2
202300026369,14,11,2023,22:20,3,2,6,25,25170,1,3,2,2,2
202300026370,27,5,2023,15:05,1,1,2,22,22162,2,3,2,1,1
202300026371,15,11,2023,18:15,4,1,6,38,38087,2,4,2,1,1
202300026372,6,3,2023,17:15,1,1,2,78,78586,2,4,2,1,1
202300026372,6,3,2023,17:15,1,1,2,78,78586,2,4,2,1,1
202300026373,7,11,2023,08:15,1,1,6,38,38565,2,4,2,1,1
202300026374,26,5,2023,14:15,1,1,1,02,02221,1,3,2,2,1
202300026375,14,11,2023,16:15,1,3,6,69,69059,2,3,2,1,2
202300026376,7,3,2023,19:50,5,2,2,76,76497,2,7,2,2,2
202300026376,7,3,2023,19:50,5,2,2,76,76497,2,7,2,1,2
202300026377,26,5,2023,13:00,1,1,4,69,69382,1,7,3,1,1
202300026378,15,11,2023,12:30,1,1,3,81,81099,2,3,2,1,1
202300026379,24,5,2023,09:00,1,1,3,33,33318,1,1,3,1,1
202300026380,6,3,2023,16:00,1,1,3,76,76165,2,7,1,1,1
202300026380,6,3,2023,16:00,1,1,3,76,76165,2,7,1,1,1
202300026381,15,11,2023,08:15,1,1,5,81,81117,1,3,2,1,1
202300026382,7,3,2023,09:35,1,1,3,76,76351,2,4,2,2,2
202300026383,26,5,2023,18:30,1,1,2,94,94034,1,1,3,1,1
202300026384,26,5,2023,12:00,1,1,3,92,92002,1,1,1,1,1
202300026385,7,3,2023,19:24,5,1,6,72,72181,2,4,2,2,1
202300026386,26,5,2023,00:45,3,1,7,91,91570,1,2,1,1,1
202300026387,15,11,2023,12:45,1,3,1,57,57323,1,3,2,1,2
202300026388,4,3,2023,12:47,1,1,3,72,72003,2,4,-1,2,1
202300026388,4,3,2023,12:47,1,1,3,72,72003,2,4,-1,1,1
202300026389,25,5,2023,20:55,1,1,2,78,78124,1,1,1,1,1
202300026390,13,11,2023,17:00,1,1,3,13,13005,1,1,-1,1,1
202300026391,25,5,2023,09:00,5,1,3,92,92062,1,1,1,1,1
202300026392,7,3,2023,14:50,1,1,3,69,69264,2,4,1,1,1
202300026393,5,11,2023,12:25,1,8,2,69,69271,1,7,3,2,2
202300026394,6,3,2023,16:15,1,1,6,69,69264,2,4,2,1,1
202300026395,25,5,2023,11:05,1,1,3,92,92036,1,2,1,1,1
202300026396,9,11,2023,14:10,1,2,7,69,69271,1,7,3,2,8
202300026397,6,3,2023,15:04,1,1,7,66,66136,2,4,3,1,1
202300026398,25,5,2023,19:50,1,1,5,95,95018,1,1,3,1,1
202300026399,14,11,2023,17:21,4,2,5,33,33075,1,1,3,1,2
202300026400,25,5,2023,17:00,1,1,5,93,93027,1,1,3,1,1
202300026401,3,3,2023,13:50,1,1,4,63,63113,2,4,1,1,1
202300026401,3,3,2023,13:50,1,1,4,63,63113,2,4,1,1,1
202300026402,14,11,2023,14:15,1,2,3,94,94034,1,1,3,1,2
202300026403,25,5,2023,17:15,1,1,5,93,93066,1,1,1,1,1
202300026404,6,3,2023,14:40,1,1,1,62,62757,2,3,2,1,1
202300026405,25,5,2023,13:45,1,1,3,92,92036,1,1,3,1,1
202300026406,14,11,2023,11:55,1,1,4,94,94043,1,1,3,1,1
202300026407,6,3,2023,15:00,1,1,3,62,62617,2,3,2,1,1
202300026408,14,11,2023,09:50,1,1,2,91,91645,1,2,2,1,1
202300026409,25,5,2023,08:10,1,1,4,95,95500,1,1,1,1,1
202300026410,7,3,2023,08:10,1,2,2,59,59163,2,7,-1,2,2
202300026411,14,11,2023,08:20,1,1,3,91,91553,1,2,3,2,1
202300026412,7,3,2023,12:10,1,2,6,59,59350,2,4,1,1,2
202300026413,24,5,2023,09:30,1,1,2,92,92036,1,1,1,1,1
202300026414,14,11,2023,08:40,1,1,2,91,91689,1,1,1,1,1
202300026415,6,3,2023,09:45,1,1,2,59,59328,2,7,3,1,1
202300026416,26,5,2023,08:05,1,1,6,94,94018,1,1,1,1,1
202300026417,25,5,2023,21:50,4,1,6,75,75112,1,1,1,1,1
202300026418,14,11,2023,06:33,3,1,3,91,91377,1,1,1,1,1
202300026419,5,3,2023,18:20,1,1,2,56,56121,2,4,1,1,1
202300026420,25,5,2023,16:38,1,1,6,68,68224,2,4,2,1,1
202300026421,14,11,2023,05:35,5,1,6,78,78043,1,1,1,1,1
202300026422,5,3,2023,05:45,3,1,6,56,56036,1,2,3,1,1
202300026423,13,11,2023,15:50,1,8,6,78,78297,1,2,-1,1,2
202300026424,25,5,2023,16:45,1,1,6,62,62413,2,4,2,1,1
202300026424,25,5,2023,16:45,1,1,6,62,62413,2,4,2,1,1
202300026425,7,3,2023,06:59,2,1,3,51,51454,2,4,2,3,1
202300026425,7,3,2023,06:59,2,1,3,51,51454,2,4,2,1,1
202300026426,14,11,2023,12:30,1,2,6,92,92036,1,1,3,1,2
202300026427,14,11,2023,17:10,2,1,7,92,92036,1,1,1,1,2
202300026428,7,3,2023,07:00,5,3,5,50,50129,2,4,2,2,2
202300026429,14,11,2023,08:25,1,1,6,93,93066,1,1,3,1,1
202300026430,5,3,2023,20:40,5,1,3,50,50129,2,4,3,1,1
202300026430,5,3,2023,20:40,5,1,3,50,50129,2,4,3,1,1
202300026431,13,11,2023,23:00,3,1,2,92,92036,1,1,1,2,2
202300026432,25,5,2023,11:35,1,1,1,976,97611,2,2,2,1,1
202300026433,2,3,2023,09:00,1,1,6,49,49328,2,4,2,1,1
202300026433,2,3,2023,09:00,1,1,6,49,49328,2,4,2,1,1
202300026434,14,11,2023,12:20,1,1,4,94,94017,1,1,1,1,1
202300026435,7,3,2023,18:00,1,1,3,44,44109,2,4,2,2,1
202300026435,7,3,2023,18:00,1,1,3,44,44109,2,4,2,2,1
202300026436,24,5,2023,09:10,1,1,4,974,97411,2,4,2,1,1
202300026437,14,11,2023,08:50,1,1,2,94,94022,1,1,3,1,1
202300026438,25,5,2023,08:18,1,1,3,973,97302,2,4,1,1,1
202300026439,20,3,2023,07:36,1,1,5,60,60559,1,2,3,1,1
202300026440,25,5,2023,20:30,1,1,6,69,69388,2,4,2,1,1
202300026441,7,3,2023,14:30,1,8,3,38,38169,2,7,1,1,1
202300026441,7,3,2023,14:30,1,8,3,38,38169,2,7,2,1,1
202300026442,31,8,2023,00:25,5,1,6,62,62160,2,4,2,2,1
202300026442,31,8,2023,00:25,5,1,6,62,62160,2,4,2,2,1
202300026443,6,3,2023,15:15,1,1,7,37,37261,2,4,3,1,1
202300026444,25,5,2023,19:00,1,1,3,69,69383,2,4,1,1,1
202300026445,5,3,2023,03:00,5,1,7,34,34032,2,4,1,1,1
202300026446,21,1,2023,11:00,1,1,6,83,83023,2,6,-1,1,1
202300026447,25,5,2023,17:20,1,1,3,69,69387,2,4,2,1,1
202300026447,25,5,2023,17:20,1,1,3,69,69387,2,4,3,1,1
202300026448,7,3,2023,17:00,1,8,6,33,33063,2,4,1,2,2
202300026449,7,3,2023,14:31,1,2,5,33,33039,1,4,-1,1,2
202300026450,13,11,2023,07:30,1,1,7,974,97411,2,3,2,1,1
202300026450,13,11,2023,07:30,1,1,7,974,97411,2,3,2,2,1
202300026451,25,5,2023,09:10,1,1,3,69,69388,2,4,2,1,1
202300026451,25,5,2023,09:10,1,1,3,69,69388,2,4,2,1,1
202300026452,25,5,2023,13:15,1,1,7,972,97213,1,3,2,1,8
202300026453,13,11,2023,19:58,5,1,3,973,97302,2,4,2,1,1
202300026454,5,3,2023,18:40,1,1,3,33,33249,2,4,-1,1,1
202300026454,5,3,2023,18:40,1,1,3,33,33249,2,4,-1,1,1
202300026455,25,5,2023,15:45,1,1,6,972,97209,2,4,-1,1,1
202300026456,6,3,2023,16:15,1,1,3,29,29019,2,4,-1,1,1
202300026457,13,11,2023,16:12,1,1,2,973,97302,2,4,2,1,1
202300026458,25,5,2023,22:20,1,1,3,69,69381,2,4,1,1,1
202300026459,7,3,2023,13:10,1,1,2,28,28134,2,4,2,2,1
202300026460,25,5,2023,10:30,1,1,2,2B,2B033,2,2,2,1,1
202300026461,13,11,2023,18:15,5,1,3,69,69383,2,4,1,2,1
202300026461,13,11,2023,18:15,5,1,3,69,69383,2,4,2,1,1
202300026462,7,3,2023,17:30,1,2,3,27,27681,2,4,2,1,2
202300026462,7,3,2023,17:30,1,2,3,27,27681,2,4,2,1,2
202300026463,24,5,2023,15:50,1,1,1,971,97101,2,4,2,1,1
202300026463,24,5,2023,15:50,1,1,1,971,97101,2,4,2,2,1
202300026464,10,9,2023,02:50,5,1,6,25,25056,2,4,2,1,1
202300026464,10,9,2023,02:50,5,1,6,25,25056,2,4,3,2,1
202300026465,13,11,2023,07:40,2,2,3,69,69388,2,4,2,1,2
202300026465,13,11,2023,07:40,2,2,3,69,69388,2,4,2,1,2
202300026466,10,9,2023,02:16,4,1,6,14,14715,2,4,2,1,1
202300026467,7,3,2023,14:53,1,1,6,25,25056,2,4,2,1,1
202300026468,13,11,2023,07:54,1,1,3,971,97113,1,4,2,1,1
202300026469,25,2,2023,05:40,3,1,7,30,30032,1,3,2,1,1
202300026470,10,9,2023,14:00,1,1,3,13,13210,2,4,3,1,1
202300026470,10,9,2023,14:00,1,1,3,13,13210,2,4,2,1,1
202300026471,12,11,2023,21:15,5,1,3,971,97101,2,3,3,1,1
202300026472,7,3,2023,17:30,5,1,1,13,13206,2,4,2,1,1
202300026473,10,9,2023,03:20,3,1,7,13,13098,1,3,1,1,1
202300026474,25,5,2023,08:20,1,1,2,91,91434,2,4,2,1,1
202300026475,7,3,2023,22:30,5,2,3,13,13047,2,4,2,1,2
202300026476,25,5,2023,09:24,1,1,6,87,87075,2,4,2,1,1
202300026477,13,11,2023,18:00,5,1,2,2A,2A004,2,2,1,1,1
202300026478,11,9,2023,00:44,5,1,3,06,06088,2,4,2,1,1
202300026478,11,9,2023,00:44,5,1,3,06,06088,2,4,1,1,1
202300026479,25,5,2023,07:50,1,1,3,87,87085,2,4,2,2,1
202300026479,25,5,2023,07:50,1,1,3,87,87085,2,4,2,1,1
202300026480,7,3,2023,19:00,5,1,3,06,06088,2,4,2,2,1
202300026480,7,3,2023,19:00,5,1,3,06,06088,2,4,2,1,1
202300026481,13,11,2023,16:35,1,3,6,95,95277,2,3,2,1,2
202300026482,24,5,2023,13:15,1,1,1,82,82121,2,4,2,1,1
202300026483,10,9,2023,06:27,2,1,3,06,06088,2,4,2,2,1
202300026483,10,9,2023,06:27,2,1,3,06,06088,2,4,2,1,1
202300026484,6,3,2023,20:45,3,1,3,03,03321,1,2,3,1,1
202300026485,12,11,2023,10:57,1,2,3,87,87085,2,3,2,2,2
202300026486,24,5,2023,17:20,1,1,3,81,81065,2,4,-1,2,1
202300026486,24,5,2023,17:20,1,1,3,81,81065,2,4,-1,1,1
202300026487,10,9,2023,09:07,2,1,1,05,05061,2,3,2,2,1
202300026488,1,2,2023,10:00,1,1,6,11,11262,2,4,2,1,1
202300026488,1,2,2023,10:00,1,1,6,11,11262,2,4,2,1,1
202300026489,24,5,2023,18:30,1,1,7,79,79329,2,3,1,1,1
202300026490,4,1,2023,20:55,5,1,6,69,69266,2,4,1,1,1
202300026491,9,9,2023,17:35,1,1,7,04,04070,1,3,-1,1,1
202300026492,25,5,2023,19:15,1,1,3,78,78481,2,3,2,1,1
202300026492,25,5,2023,19:15,1,1,3,78,78481,2,3,-1,1,1
202300026493,9,9,2023,14:18,1,1,6,04,04070,2,9,1,1,1
202300026494,6,3,2023,08:40,1,8,2,973,97302,2,3,2,2,1
202300026495,21,5,2023,11:45,1,1,6,77,77133,2,4,2,2,1
202300026496,11,11,2023,21:15,5,1,7,84,84007,2,2,3,1,1
202300026497,4,3,2023,04:05,5,1,3,973,97302,2,4,3,1,1
202300026498,25,5,2023,18:50,1,1,6,77,77243,2,4,2,1,1
202300026499,10,9,2023,13:15,1,1,4,75,75114,2,4,1,1,1
202300026500,6,3,2023,18:00,1,1,6,69,69388,2,4,1,1,1
202300026501,24,5,2023,18:40,1,1,3,77,77243,2,4,2,2,1
202300026502,6,3,2023,09:40,1,1,6,972,97213,1,3,2,1,1
202300026503,25,5,2023,23:20,3,1,7,77,77070,1,3,2,2,1
202300026504,10,9,2023,01:20,5,1,2,75,75118,2,4,1,1,1
202300026505,10,11,2023,15:45,2,1,3,84,84007,2,4,2,1,1
202300026505,10,11,2023,15:45,2,1,3,84,84007,2,4,2,1,1
202300026506,5,3,2023,23:13,5,2,6,972,97213,1,2,-1,1,2
202300026507,25,5,2023,07:55,1,1,1,76,76707,1,3,2,1,1
202300026508,10,11,2023,14:10,1,1,5,30,30011,1,2,3,2,1
202300026509,10,2,2023,12:00,1,3,4,971,97101,1,2,1,2,2
202300026510,25,5,2023,08:00,2,1,3,76,76114,2,3,1,2,1
202300026510,25,5,2023,08:00,2,1,3,76,76114,2,3,2,1,1
202300026511,9,9,2023,19:10,1,1,5,75,75117,2,4,-1,1,1
202300026512,24,5,2023,13:50,1,1,6,71,71306,1,2,3,1,1
202300026513,6,3,2023,06:35,1,1,3,971,97101,1,4,2,1,1
202300026514,10,11,2023,14:00,1,1,3,84,84007,2,4,2,2,1
202300026515,9,9,2023,13:28,1,1,6,75,75117,2,4,1,1,1
202300026516,19,5,2023,21:30,2,1,3,71,71270,2,4,1,1,1
202300026517,8,11,2023,19:50,5,2,6,80,80021,2,4,2,1,2
202300026518,6,3,2023,04:40,5,1,7,971,97120,2,4,3,1,1
202300026519,24,5,2023,12:20,1,1,6,69,69264,2,3,1,2,1
202300026520,9,9,2023,12:00,1,1,2,75,75105,2,4,1,1,1
202300026520,9,9,2023,12:00,1,1,2,75,75105,2,4,-1,1,1
202300026521,24,5,2023,17:55,1,1,6,69,69259,2,4,2,1,1
202300026522,13,11,2023,23:45,5,1,6,78,78005,2,4,2,1,1
202300026522,13,11,2023,23:45,5,1,6,78,78005,2,4,2,1,1
202300026523,10,9,2023,18:45,1,1,6,75,75118,2,4,-1,1,1
202300026523,10,9,2023,18:45,1,1,6,75,75118,2,4,-1,1,1
202300026524,5,3,2023,21:00,5,1,2,971,97101,1,2,-1,1,1
202300026525,25,5,2023,16:10,1,1,3,67,67482,2,4,3,1,1
202300026525,25,5,2023,16:10,1,1,3,67,67482,2,4,1,1,1
202300026526,4,3,2023,12:35,1,1,6,971,97113,2,4,2,1,1
202300026527,10,9,2023,18:45,1,1,2,75,75117,2,4,2,2,1
202300026527,10,9,2023,18:45,1,1,2,75,75117,2,4,-1,1,1
202300026528,24,5,2023,20:20,1,1,6,67,67482,2,4,2,1,1
202300026528,24,5,2023,20:20,1,1,6,67,67482,2,4,2,1,1
202300026529,9,9,2023,07:25,1,1,3,75,75117,2,4,2,1,1
202300026529,9,9,2023,07:25,1,1,3,75,75117,2,4,-1,1,1
202300026530,24,5,2023,14:10,1,1,3,67,67482,2,4,2,1,1
202300026530,24,5,2023,14:10,1,1,3,67,67482,2,4,2,1,1
202300026531,13,11,2023,18:25,5,2,1,77,77288,1,3,2,2,2
202300026532,13,11,2023,11:30,1,1,6,76,76681,2,4,-1,1,2
202300026533,24,5,2023,17:05,1,1,3,64,64102,2,4,2,1,1
202300026533,24,5,2023,17:05,1,1,3,64,64102,2,4,2,1,1
202300026534,10,9,2023,12:40,1,1,7,75,75114,2,4,2,1,1
202300026534,10,9,2023,12:40,1,1,7,75,75114,2,4,-1,1,1
202300026535,6,3,2023,08:30,2,1,2,91,91687,2,3,2,1,1
202300026536,10,9,2023,15:10,1,1,6,75,75113,2,4,1,1,1
202300026537,11,11,2023,18:45,5,1,2,76,76351,2,3,2,1,2
202300026538,4,3,2023,22:30,3,1,6,91,91228,2,4,2,1,1
202300026539,9,9,2023,09:49,1,1,2,75,75110,2,4,-1,1,1
202300026539,9,9,2023,09:49,1,1,2,75,75110,2,4,3,2,1
202300026540,4,3,2023,19:35,2,8,2,91,91433,1,3,3,1,1
202300026541,24,5,2023,14:30,1,1,1,64,64024,2,4,2,1,1
202300026542,11,11,2023,05:20,5,3,6,76,76351,2,3,2,2,2
202300026543,7,2,2023,11:40,1,1,3,89,89387,2,3,2,1,1
202300026544,10,9,2023,19:10,1,1,7,75,75107,2,4,2,1,1
202300026544,10,9,2023,19:10,1,1,7,75,75107,2,4,2,1,1
202300026545,3,3,2023,15:24,1,1,3,87,87085,2,4,3,2,1
202300026545,3,3,2023,15:24,1,1,3,87,87085,2,4,3,1,1
202300026546,24,5,2023,09:20,1,1,6,64,64024,2,4,2,1,1
202300026547,10,9,2023,11:05,1,1,2,75,75107,2,4,1,1,1
202300026547,10,9,2023,11:05,1,1,2,75,75107,2,4,-1,1,1
202300026548,12,11,2023,18:25,2,2,3,71,71306,2,4,2,1,2
202300026548,12,11,2023,18:25,2,2,3,71,71306,2,4,2,1,2
202300026549,25,5,2023,20:10,1,1,1,59,59360,2,7,2,1,1
202300026550,6,3,2023,22:50,5,1,3,78,78172,2,3,-1,1,1
202300026550,6,3,2023,22:50,5,1,3,78,78172,2,3,-1,1,1
202300026551,9,9,2023,23:40,5,1,1,75,75101,2,4,-1,1,1
202300026551,9,9,2023,23:40,5,1,1,75,75101,2,4,2,1,1
202300026552,24,11,2023,19:50,3,1,2,70,70388,1,3,2,1,1
202300026553,25,5,2023,16:30,1,1,3,59,59609,1,7,3,1,1
202300026554,2,3,2023,15:30,1,1,2,73,73008,2,3,3,1,1
202300026555,13,11,2023,18:50,5,2,3,69,69282,2,6,-1,1,2
202300026556,6,3,2023,09:30,1,1,6,69,69266,2,4,2,1,1
202300026556,6,3,2023,09:30,1,1,6,69,69266,2,4,2,1,1
202300026557,10,9,2023,19:31,1,1,3,94,94054,2,4,2,1,1
202300026558,13,11,2023,17:10,5,8,6,69,69256,2,4,2,1,2
202300026559,6,3,2023,09:40,1,1,1,69,69259,2,4,2,2,1
202300026559,6,3,2023,09:40,1,1,1,69,69259,2,4,2,2,1
202300026560,10,9,2023,14:47,1,1,6,94,94018,2,4,1,1,1
202300026561,11,11,2023,11:15,1,1,6,69,69290,2,7,2,1,1
202300026562,5,3,2023,13:10,1,1,6,69,69029,2,4,2,1,1
202300026562,5,3,2023,13:10,1,1,6,69,69029,2,4,2,1,1
202300026563,9,9,2023,22:10,5,1,3,94,94004,2,3,2,1,1
202300026564,6,3,2023,13:50,1,1,1,64,64445,2,4,2,1,1
202300026564,6,3,2023,13:50,1,1,1,64,64445,2,4,2,2,1
202300026565,13,11,2023,15:45,1,1,3,64,64445,2,4,2,1,1
202300026565,13,11,2023,15:45,1,1,3,64,64445,2,4,2,1,1
202300026566,10,9,2023,12:00,1,1,6,93,93051,2,4,2,1,1
202300026567,6,3,2023,04:00,5,1,6,59,59346,2,7,-1,1,1
202300026568,10,9,2023,17:00,1,1,3,93,93050,2,4,2,1,1
202300026568,10,9,2023,17:00,1,1,3,93,93050,2,4,1,1,1
202300026569,12,11,2023,23:00,5,1,6,64,64024,2,4,2,1,1
202300026569,12,11,2023,23:00,5,1,6,64,64024,2,4,2,1,1
202300026570,9,9,2023,22:30,5,1,7,93,93057,2,4,2,1,1
202300026571,6,3,2023,20:23,5,1,6,56,56260,2,4,2,1,1
202300026571,6,3,2023,20:23,5,1,6,56,56260,2,4,2,1,1
202300026572,10,9,2023,16:15,1,1,2,93,93007,2,4,2,2,1
202300026573,12,11,2023,21:30,5,1,2,64,64024,2,4,2,1,1
202300026574,10,9,2023,16:35,1,1,2,93,93007,2,4,2,1,1
202300026575,12,11,2023,12:20,1,8,2,64,64102,2,4,2,1,2
202300026576,10,9,2023,11:02,1,1,3,92,92064,2,3,-1,2,1
202300026576,10,9,2023,11:02,1,1,3,92,92064,2,3,-1,1,1
202300026577,10,9,2023,09:30,1,1,7,92,92012,2,3,3,1,1
202300026578,10,9,2023,04:40,3,1,6,60,60484,1,4,2,1,9
202300026579,11,9,2023,07:40,2,1,7,50,50590,1,3,2,1,1
202300026580,13,11,2023,09:00,1,1,2,63,63113,2,4,1,1,1
202300026581,11,9,2023,11:58,1,7,6,54,54296,1,3,2,1,1
202300026582,8,9,2023,22:00,5,1,6,62,62053,2,3,2,1,1
202300026583,9,9,2023,14:40,1,1,7,43,43074,1,3,2,1,1
202300026584,13,11,2023,08:10,1,1,3,63,63032,2,4,2,2,1
202300026585,9,9,2023,21:45,5,1,6,35,35318,2,3,2,1,1
202300026586,13,11,2023,19:00,5,1,6,59,59616,2,4,2,1,1
202300026586,13,11,2023,19:00,5,1,6,59,59616,2,4,2,1,1
202300026587,9,9,2023,21:30,3,1,2,35,35265,1,3,3,1,1
202300026588,11,9,2023,09:00,1,1,3,63,63473,1,3,2,1,1
202300026588,11,9,2023,09:00,1,1,3,63,63473,1,3,2,-1,1
202300026588,11,9,2023,09:00,1,1,3,63,63473,1,3,2,1,1
202300026589,13,11,2023,08:05,2,8,6,59,59599,2,4,1,1,2
202300026589,13,11,2023,08:05,2,8,6,59,59599,2,4,1,1,2
202300026590,10,9,2023,17:20,1,1,4,21,21214,1,1,1,2,1
202300026591,13,11,2023,05:45,5,2,3,59,59122,2,4,1,1,2
202300026592,11,9,2023,12:50,1,1,3,974,97410,2,2,2,1,1
202300026593,11,11,2023,11:35,1,1,6,57,57757,2,3,2,1,1
202300026594,11,9,2023,08:10,1,1,1,06,06126,1,7,2,1,1
202300026595,13,11,2023,05:30,5,3,6,57,57463,2,4,2,2,2
202300026596,10,9,2023,17:24,1,1,7,65,65447,2,3,2,1,1
202300026597,13,11,2023,12:40,1,8,2,56,56098,2,3,2,1,2
202300026598,5,9,2023,16:00,1,1,3,23,23077,1,3,2,1,1
202300026599,10,9,2023,10:00,1,1,6,21,21081,1,3,2,1,9
202300026600,10,11,2023,18:25,5,2,6,56,56083,2,3,2,2,2
202300026601,10,6,2023,16:15,1,1,1,30,30047,1,3,2,1,1
202300026602,12,11,2023,03:35,5,2,7,50,50129,2,9,3,1,2
202300026603,10,9,2023,16:50,1,1,3,56,56190,1,3,2,1,1
202300026603,10,9,2023,16:50,1,1,3,56,56190,1,3,2,1,1
202300026604,11,11,2023,15:40,1,1,7,49,49099,2,4,1,1,1
202300026605,10,9,2023,05:45,3,1,5,56,56248,2,4,2,1,1
202300026606,14,8,2023,12:00,1,1,2,74,74104,1,3,2,1,1
202300026606,14,8,2023,12:00,1,1,2,74,74104,1,3,2,1,1
202300026607,11,11,2023,01:41,5,1,3,49,49007,2,3,3,1,1
202300026608,11,9,2023,14:20,1,2,3,76,76636,1,7,2,1,2
202300026609,10,9,2023,16:10,1,1,7,80,80649,1,3,2,1,1
202300026610,10,9,2023,07:58,1,1,6,82,82125,2,3,2,1,1
202300026611,13,11,2023,16:00,1,2,4,45,45302,2,4,3,1,2
202300026612,18,12,2023,19:40,2,1,6,13,13209,2,4,2,2,1
202300026613,13,11,2023,18:50,5,3,6,45,45208,2,4,2,1,2
202300026614,11,9,2023,08:40,1,1,2,71,71061,1,3,2,1,1
202300026614,11,9,2023,08:40,1,1,2,71,71061,1,3,2,1,1
202300026615,18,12,2023,19:00,4,1,7,13,13213,2,4,1,1,1
202300026616,13,11,2023,07:50,2,8,7,43,43157,2,4,1,1,8
202300026617,2,9,2023,17:20,1,1,6,71,71263,2,9,2,1,1
202300026618,18,12,2023,17:50,1,1,6,13,13214,2,4,2,1,1
202300026619,10,9,2023,12:15,1,7,6,63,63319,1,3,2,2,1
202300026620,10,9,2023,01:30,3,1,7,63,63273,2,3,2,1,1
202300026621,13,11,2023,18:25,5,2,2,38,38185,2,7,1,1,2
202300026622,18,12,2023,10:05,1,1,2,13,13202,2,4,3,1,1
202300026623,10,9,2023,12:45,1,1,6,61,61480,1,3,2,1,1
202300026624,18,12,2023,09:40,1,1,1,13,13207,2,4,-1,1,1
202300026625,13,11,2023,17:35,1,3,4,37,37122,1,7,3,1,2
202300026626,18,12,2023,15:50,1,1,3,06,06069,1,3,2,1,1
202300026627,10,9,2023,15:57,1,1,1,55,55363,1,3,3,1,1
202300026628,10,9,2023,20:30,2,1,6,49,49125,2,4,2,1,1
202300026629,13,11,2023,17:40,5,3,3,37,37208,2,4,2,4,2
202300026629,13,11,2023,17:40,5,3,3,37,37208,2,4,2,1,2
202300026630,18,12,2023,09:00,1,7,2,06,06069,1,3,2,1,1
202300026631,13,11,2023,14:10,1,2,6,37,37261,2,4,-1,1,2
202300026632,10,9,2023,17:57,1,1,3,42,42334,1,3,2,1,1
202300026633,18,12,2023,09:50,1,1,6,03,03321,2,3,2,1,1
202300026634,13,11,2023,07:55,2,2,6,37,37261,2,4,-1,1,2
202300026635,10,9,2023,17:30,1,1,1,42,42142,1,3,2,2,1
202300026636,18,12,2023,08:50,2,1,3,75,75113,2,4,1,1,1
202300026637,11,9,2023,07:40,1,1,6,46,46028,1,3,2,1,1
202300026638,13,11,2023,14:00,1,1,3,35,35238,2,4,3,1,1
202300026638,13,11,2023,14:00,1,1,3,35,35238,2,4,1,1,1
202300026639,17,12,2023,18:30,5,1,6,75,75116,2,4,2,1,1
202300026639,17,12,2023,18:30,5,1,6,75,75116,2,4,2,1,1
202300026640,13,11,2023,23:50,5,2,6,33,33063,2,4,2,1,2
202300026641,9,9,2023,16:27,1,1,3,46,46317,1,3,2,1,1
202300026641,9,9,2023,16:27,1,1,3,46,46317,1,3,2,1,1
202300026642,13,11,2023,20:15,5,2,6,33,33063,2,4,2,1,2
202300026643,16,12,2023,20:22,5,1,3,75,75105,2,4,2,1,1
202300026643,16,12,2023,20:22,5,1,3,75,75105,2,4,2,1,1
202300026644,10,9,2023,18:45,1,7,3,47,47320,1,3,2,1,1
202300026644,10,9,2023,18:45,1,7,3,47,47320,1,3,2,1,1
202300026645,13,11,2023,08:46,2,1,6,31,31555,2,4,-1,1,1
202300026646,10,9,2023,17:45,1,1,7,22,22194,1,3,2,1,1
202300026647,18,12,2023,17:17,5,1,6,75,75118,2,4,2,1,1
202300026647,18,12,2023,17:17,5,1,6,75,75118,2,4,2,1,1
202300026648,13,11,2023,08:10,1,1,1,31,31555,2,4,2,1,1
202300026649,18,12,2023,15:40,1,8,6,75,75116,2,4,1,1,1
202300026650,9,9,2023,18:00,1,1,3,22,22062,1,4,2,1,1
202300026651,10,9,2023,21:18,2,1,7,39,39008,1,3,2,1,1
202300026652,13,11,2023,11:20,1,1,3,31,31483,2,3,2,1,1
202300026653,18,12,2023,18:11,5,1,1,75,75113,2,4,3,1,1
202300026653,18,12,2023,18:11,5,1,1,75,75113,2,4,1,1,1
202300026654,9,9,2023,17:25,1,1,6,35,35069,2,6,-1,1,1
202300026655,10,11,2023,07:19,1,1,3,30,30189,1,3,2,2,1
202300026655,10,11,2023,07:19,1,1,3,30,30189,1,3,2,1,1
202300026656,9,9,2023,09:20,1,1,6,35,35227,1,3,2,1,1
202300026657,18,12,2023,08:50,1,2,2,75,75111,2,4,1,1,2
202300026657,18,12,2023,08:50,1,2,2,75,75111,2,4,1,1,2
202300026658,10,9,2023,18:30,1,7,6,29,29020,1,3,2,3,1
202300026659,13,11,2023,21:10,5,1,6,27,27229,2,3,1,1,1