id_accident,jour,mois,annee,heure_minute,luminosite,meteo,type_collision,departement,commune,agglomeration,categorie_route,regime_circulation,profil_route,etat_surface
202300026955,18,12,2023,17:40,2,1,1,34,34153,1,3,2,1,1
202300026956,18,12,2023,06:40,3,1,2,34,34146,1,1,3,1,1
202300026957,18,12,2023,14:20,1,1,3,976,97614,1,4,2,1,1
202300026958,18,12,2023,06:00,2,1,1,976,97617,1,3,2,1,1
202300026959,17,12,2023,23:00,3,1,1,13,13004,1,3,2,1,1
202300026960,17,12,2023,16:30,2,1,3,71,71439,1,2,3,1,1
202300026961,18,12,2023,07:30,2,5,3,71,71342,2,3,2,1,1
202300026961,18,12,2023,07:30,2,5,3,71,71342,2,3,2,1,1
202300026962,18,12,2023,01:30,3,5,6,71,71588,1,3,2,1,1
202300026963,17,12,2023,13:45,1,1,3,71,71176,2,4,2,1,1
202300026963,17,12,2023,13:45,1,1,3,71,71176,2,4,2,1,1
202300026964,18,12,2023,13:35,1,1,6,52,52190,1,3,2,1,1
202300026965,17,12,2023,06:00,3,5,6,01,01062,1,3,2,4,1
202300026966,17,12,2023,11:45,1,1,6,13,13117,1,1,1,1,1
202300026967,16,12,2023,20:50,5,1,6,13,13216,1,1,1,2,1
202300026968,16,12,2023,03:16,3,1,6,13,13203,1,1,1,1,1
202300026969,17,12,2023,13:55,1,1,5,69,69027,1,1,2,1,1
202300026970,17,12,2023,06:54,4,5,4,33,33318,1,1,3,2,1
202300026971,17,12,2023,05:30,4,5,6,33,33192,1,1,3,1,1
202300026972,29,6,2023,12:00,1,1,1,26,26295,1,3,-1,4,1
202300026973,29,6,2023,14:30,1,1,1,56,56075,1,3,2,1,1
202300026974,29,6,2023,18:00,1,1,3,56,56089,1,3,2,2,1
202300026975,30,6,2023,18:20,1,1,7,80,80819,1,3,2,1,1
202300026976,30,6,2023,04:20,3,2,6,71,71436,1,3,2,2,2
202300026976,30,6,2023,04:20,3,2,6,71,71436,1,3,2,1,2
202300026977,30,6,2023,15:00,1,1,7,71,71543,2,4,2,1,1
202300026978,29,6,2023,13:30,1,1,6,12,12215,1,3,2,1,1
202300026979,30,6,2023,15:31,1,1,6,46,46021,1,3,2,1,1
202300026980,27,6,2023,17:30,1,1,7,86,86245,2,3,2,2,1
202300026980,27,6,2023,17:30,1,1,7,86,86245,2,3,2,1,1
202300026981,8,4,2023,11:50,1,1,3,22,22207,1,3,2,1,1
202300026982,30,6,2023,07:30,1,2,1,25,25256,1,3,2,1,2
202300026982,30,6,2023,07:30,1,2,1,25,25256,1,3,-1,-1,2
202300026983,29,6,2023,23:20,4,1,1,44,44081,1,3,-1,1,1
202300026984,29,6,2023,14:01,1,1,3,29,29274,1,3,2,1,1
202300026984,29,6,2023,14:01,1,1,3,29,29274,1,3,2,1,1
202300026985,30,6,2023,11:50,1,8,3,29,29178,1,3,2,1,2
202300026986,29,6,2023,09:10,1,1,3,38,38189,1,4,3,1,1
202300026987,28,6,2023,16:40,1,1,6,84,84089,2,4,2,1,1
202300026988,29,6,2023,17:35,1,1,1,03,03049,1,3,2,2,1
202300026989,17,6,2023,01:32,3,1,7,01,01254,2,3,2,1,1
202300026989,17,6,2023,01:32,3,1,7,01,01254,2,3,2,1,1
202300026990,30,6,2023,08:10,1,1,2,72,72143,1,3,2,1,1
202300026991,20,6,2023,10:00,1,1,2,06,06120,1,7,2,3,1
202300026992,29,6,2023,11:20,1,1,2,09,09064,1,2,3,3,1
202300026993,28,6,2023,14:00,1,7,3,73,73219,1,3,2,1,1
202300026993,28,6,2023,14:00,1,7,3,73,73219,1,3,2,1,1
202300026994,29,6,2023,17:30,1,1,3,36,36052,1,3,2,1,1
202300026995,30,6,2023,06:00,3,2,6,30,30276,1,3,2,1,2
202300026996,28,6,2023,15:40,1,1,7,52,52250,1,4,2,1,1
202300026997,30,6,2023,18:50,1,1,1,13,13051,1,3,2,1,1
202300026998,24,6,2023,17:40,1,1,7,06,06059,2,7,2,1,1
202300026999,28,6,2023,18:20,5,1,3,976,97614,2,3,2,1,1
202300027000,25,6,2023,15:00,1,1,6,2B,2B087,1,2,2,1,1
202300027001,30,6,2023,19:10,1,1,3,2A,2A247,1,3,2,2,1
202300027002,30,6,2023,09:13,1,1,3,83,83133,1,3,2,1,1
202300027003,20,6,2023,16:45,1,1,3,13,13013,1,3,2,3,1
202300027003,20,6,2023,16:45,1,1,3,13,13013,1,3,2,1,1
202300027004,28,6,2023,22:30,3,1,5,38,38019,1,1,1,1,1
202300027005,28,6,2023,15:15,1,7,6,68,68269,2,4,1,1,1
202300027006,30,6,2023,08:55,1,2,1,07,07217,1,3,2,2,2
202300027006,30,6,2023,08:55,1,2,1,07,07217,1,3,2,2,2
202300027007,27,6,2023,15:50,1,1,6,85,85092,2,4,2,1,1
202300027008,30,6,2023,14:05,1,1,6,80,80415,2,3,2,1,1
202300027009,29,6,2023,19:30,1,2,1,59,59419,1,3,2,1,2
202300027010,29,6,2023,17:15,1,1,2,13,13070,1,1,1,1,1
202300027011,29,6,2023,16:45,1,1,3,13,13214,1,1,1,1,1
202300027012,19,4,2023,15:40,1,1,3,69,69276,1,7,1,1,1
202300027013,29,6,2023,04:20,5,1,2,69,69199,1,7,3,2,1
202300027014,11,6,2023,21:40,1,1,2,57,57433,1,1,3,1,1
202300027015,29,6,2023,06:20,2,1,7,33,33192,1,1,3,1,1
202300027016,28,6,2023,15:34,1,1,4,59,59560,1,1,-1,1,1
202300027017,28,6,2023,08:50,1,1,6,59,59560,1,1,-1,1,1
202300027018,29,6,2023,07:25,1,1,3,91,91687,1,1,3,2,1
202300027019,28,6,2023,18:00,1,1,2,92,92025,1,1,3,1,1
202300027020,27,6,2023,21:15,1,1,3,78,78640,1,2,-1,1,1
202300027021,28,6,2023,20:45,1,1,6,95,95028,1,2,3,1,1
202300027022,28,6,2023,20:00,1,1,3,93,93010,1,1,3,1,1
202300027023,29,6,2023,08:30,1,1,5,93,93053,1,1,3,1,1
202300027024,28,6,2023,22:50,3,1,3,93,93006,1,1,3,3,1
202300027025,28,6,2023,10:15,1,1,6,95,95218,1,1,2,1,1
202300027026,28,6,2023,07:40,1,1,2,95,95018,1,1,3,1,1
202300027027,29,6,2023,18:25,1,1,3,77,77121,1,1,3,1,1
202300027028,29,6,2023,15:55,1,1,2,94,94069,1,1,1,1,1
202300027029,29,6,2023,15:30,1,1,3,94,94042,1,1,3,1,1
202300027030,29,6,2023,07:30,1,1,5,94,94017,1,1,1,2,1
202300027031,28,6,2023,18:00,1,1,3,93,93051,1,1,3,1,1
202300027032,28,6,2023,17:50,1,1,1,92,92064,2,3,2,1,1
202300027033,25,6,2023,17:20,1,1,2,974,97411,2,4,1,2,1
202300027034,18,6,2023,11:10,1,1,6,974,97411,2,4,2,1,1
202300027035,15,6,2023,10:30,1,8,3,974,97411,2,2,2,2,1
202300027035,15,6,2023,10:30,1,8,3,974,97411,2,2,3,1,1
202300027036,28,6,2023,20:00,2,1,3,69,69386,2,4,2,1,1
202300027037,28,6,2023,12:00,1,1,6,69,69387,2,4,1,1,1
202300027038,27,6,2023,09:25,1,2,2,972,97213,1,9,2,2,2
202300027039,28,6,2023,08:10,1,1,2,972,97209,2,4,2,1,1
202300027040,28,6,2023,03:08,3,1,3,69,69387,2,4,1,1,1
202300027040,28,6,2023,03:08,3,1,3,69,69387,2,4,2,1,1
202300027041,28,6,2023,09:22,1,1,2,2B,2B033,1,3,2,2,1
202300027042,22,6,2023,05:50,2,2,3,95,95268,2,3,1,2,2
202300027042,22,6,2023,05:50,2,2,3,95,95268,2,3,1,1,2
202300027043,26,6,2023,16:45,1,1,6,95,95476,2,4,2,1,1
202300027044,27,6,2023,20:35,1,1,3,91,91687,2,4,1,1,1
202300027044,27,6,2023,20:35,1,1,3,91,91687,2,4,1,1,1
202300027045,28,6,2023,02:55,4,1,3,87,87050,1,3,2,1,1
202300027045,28,6,2023,02:55,4,1,3,87,87050,1,3,2,1,1
202300027046,26,6,2023,14:04,1,1,4,87,87085,2,3,2,1,1
202300027047,24,5,2023,15:06,1,1,6,84,84031,2,3,1,1,1
202300027047,24,5,2023,15:06,1,1,6,84,84031,2,3,1,1,1
202300027048,28,6,2023,16:40,1,1,6,69,69266,2,4,2,1,1
202300027049,23,6,2023,14:25,1,1,3,68,68297,2,4,2,1,1
202300027049,23,6,2023,14:25,1,1,3,68,68297,2,4,2,1,1
202300027050,28,6,2023,08:30,1,1,3,67,67218,2,4,1,1,1
202300027051,28,6,2023,08:35,1,8,7,67,67482,2,4,2,2,1
202300027052,27,6,2023,10:40,1,1,6,67,67482,2,4,2,1,1
202300027053,28,6,2023,23:16,5,1,3,64,64102,2,3,2,1,1
202300027054,28,6,2023,09:00,1,1,6,63,63113,2,4,2,1,1
202300027055,27,6,2023,15:20,1,1,2,59,59196,1,7,2,1,1
202300027056,28,6,2023,11:30,1,1,3,59,59183,2,3,2,1,1
202300027056,28,6,2023,11:30,1,1,3,59,59183,2,3,2,1,1
202300027057,26,6,2023,13:40,1,1,6,57,57666,2,4,-1,1,1
202300027058,27,6,2023,19:40,1,1,3,57,57336,2,3,2,2,1
202300027059,22,6,2023,18:15,1,1,6,50,50129,2,4,2,1,1
202300027060,27,6,2023,08:25,1,1,2,49,49007,2,4,2,1,1
202300027061,26,6,2023,18:31,1,1,3,49,49353,2,4,2,1,1
202300027061,26,6,2023,18:31,1,1,3,49,49353,2,4,2,1,1
202300027062,7,5,2023,22:50,5,2,1,42,42218,2,4,2,2,2
202300027062,7,5,2023,22:50,5,2,1,42,42218,2,4,2,2,2
202300027063,27,6,2023,07:59,1,1,2,36,36063,2,4,1,1,1
202300027064,28,6,2023,18:30,1,1,3,33,33063,2,4,2,1,1
202300027064,28,6,2023,18:30,1,1,3,33,33063,2,4,1,1,1
202300027065,28,6,2023,18:30,1,1,2,33,33200,2,4,3,1,1
202300027066,28,6,2023,07:45,1,1,3,33,33318,2,4,1,1,1
202300027067,27,6,2023,07:47,1,1,1,33,33281,2,4,2,1,1
202300027067,27,6,2023,07:47,1,1,1,33,33281,2,4,3,1,1
202300027068,15,6,2023,12:55,1,1,6,33,33119,2,4,2,1,1
202300027069,28,6,2023,16:09,1,1,3,33,33529,2,4,2,1,1
202300027070,28,6,2023,14:05,1,1,3,32,32013,1,2,2,1,1
202300027071,28,6,2023,22:30,2,1,6,31,31555,2,4,2,1,1
202300027072,23,6,2023,15:03,1,1,6,30,30189,2,4,2,1,1
202300027073,18,6,2023,02:35,5,1,1,18,18033,2,3,2,3,1
202300027073,18,6,2023,02:35,5,1,1,18,18033,2,3,-1,1,1
202300027074,28,6,2023,01:50,5,1,7,14,14699,2,3,3,1,1
202300027075,28,6,2023,07:30,1,1,2,14,14341,2,4,2,1,1
202300027076,28,6,2023,12:55,1,1,3,13,13214,2,4,3,1,1
202300027077,28,6,2023,04:45,5,1,3,13,13213,2,3,-1,1,1
202300027078,18,6,2023,00:05,4,1,6,08,08409,2,4,2,1,1
202300027079,29,6,2023,01:30,5,1,3,06,06088,2,4,1,1,1
202300027079,29,6,2023,01:30,5,1,3,06,06088,2,4,1,1,1
202300027080,28,6,2023,15:45,1,1,7,06,06029,2,4,2,1,1
202300027081,23,6,2023,16:45,1,1,6,05,05061,1,2,-1,2,1
202300027082,23,6,2023,13:15,1,1,7,05,05061,1,2,2,2,1
202300027083,21,6,2023,12:45,1,1,3,02,02691,2,4,2,1,1
202300027083,21,6,2023,12:45,1,1,3,02,02691,2,4,2,1,1
202300027084,27,6,2023,17:00,1,1,5,75,75116,2,4,1,1,1
202300027085,28,6,2023,17:20,1,1,3,75,75106,2,4,1,1,1
202300027086,28,6,2023,14:00,1,1,3,75,75116,2,4,1,1,1
202300027086,28,6,2023,14:00,1,1,3,75,75116,2,4,1,1,1
202300027087,28,6,2023,15:50,1,1,6,75,75115,2,4,1,1,1
202300027087,28,6,2023,15:50,1,1,6,75,75115,2,4,2,1,1
202300027088,28,6,2023,17:45,1,1,3,75,75111,2,4,1,2,1
202300027088,28,6,2023,17:45,1,1,3,75,75111,2,4,1,1,1
202300027089,28,6,2023,18:00,1,1,6,75,75108,2,4,1,1,1
202300027089,28,6,2023,18:00,1,1,6,75,75108,2,4,2,1,1
202300027090,28,6,2023,19:45,1,1,3,94,94011,2,3,1,1,1
202300027091,26,6,2023,22:20,5,1,3,94,94043,2,3,2,1,1
202300027092,28,6,2023,12:40,1,1,3,94,94034,2,3,2,1,1
202300027092,28,6,2023,12:40,1,1,3,94,94034,2,3,1,1,1
202300027093,27,6,2023,19:30,1,1,3,94,94017,2,3,2,1,1
202300027094,28,6,2023,19:15,1,1,6,93,93071,2,4,2,1,1
202300027094,28,6,2023,19:15,1,1,6,93,93071,2,4,2,1,1
202300027095,28,6,2023,16:00,1,1,5,93,93066,2,4,2,1,1
202300027095,28,6,2023,16:00,1,1,5,93,93066,2,4,2,1,1
202300027096,27,6,2023,18:20,1,1,6,93,93061,2,4,1,1,1
202300027096,27,6,2023,18:20,1,1,6,93,93061,2,4,2,1,1
202300027097,16,6,2023,10:49,1,1,1,93,93063,2,3,2,1,1
202300027097,16,6,2023,10:49,1,1,1,93,93063,2,3,1,2,1
202300027098,28,6,2023,15:00,1,1,3,93,93005,2,3,1,1,1
202300027099,28,6,2023,11:38,1,1,6,92,92046,2,4,2,1,1
202300027100,27,6,2023,12:32,1,1,6,92,92077,2,3,3,1,1
202300027101,15,6,2023,08:20,1,1,3,92,92051,2,4,2,1,1
202300027102,14,6,2023,20:30,1,7,7,92,92051,2,4,2,1,1
202300027103,28,6,2023,03:40,3,1,6,92,92050,2,3,1,2,1
202300027104,28,6,2023,07:24,1,1,3,92,92049,2,3,2,1,1
202300027104,28,6,2023,07:24,1,1,3,92,92049,2,3,2,1,1
202300027105,27,6,2023,22:35,5,1,2,92,92020,2,3,1,1,1
202300027106,28,6,2023,19:30,1,1,3,92,92040,2,3,2,2,1
202300027106,28,6,2023,19:30,1,1,3,92,92040,2,3,-1,1,1
202300027107,28,6,2023,16:50,1,1,2,92,92040,2,4,1,1,1
202300027107,28,6,2023,16:50,1,1,2,92,92040,2,4,1,2,1
202300027108,28,6,2023,07:45,1,1,6,92,92036,2,3,2,1,1
202300027109,23,6,2023,19:44,1,1,6,92,92036,2,3,2,1,1
202300027109,23,6,2023,19:44,1,1,6,92,92036,2,3,3,1,1
202300027110,28,6,2023,16:30,1,1,3,92,92035,2,3,1,1,1
202300027111,28,6,2023,09:20,1,1,3,92,92026,2,3,1,1,1
202300027111,28,6,2023,09:20,1,1,3,92,92026,2,3,3,1,1
202300027112,28,6,2023,20:25,1,1,6,92,92024,2,4,1,1,1
202300027113,28,6,2023,11:10,1,1,2,92,92024,2,3,2,1,1
202300027113,28,6,2023,11:10,1,1,2,92,92024,2,3,2,1,1
202300027114,27,6,2023,19:16,1,1,6,92,92024,2,3,2,1,1
202300027114,27,6,2023,19:16,1,1,6,92,92024,2,3,1,1,1
202300027115,15,6,2023,19:00,1,1,3,92,92004,2,4,-1,1,1
202300027116,27,6,2023,11:45,1,1,3,92,92004,2,3,-1,1,1
202300027116,27,6,2023,11:45,1,1,3,92,92004,2,3,-1,1,1
202300027117,29,6,2023,17:10,1,1,6,60,60531,1,3,2,2,1
202300027118,28,6,2023,15:17,1,1,6,35,35108,1,3,3,3,1
202300027119,28,6,2023,16:15,1,1,1,50,50565,1,3,2,4,1
202300027120,29,6,2023,14:35,1,1,7,83,83072,1,3,3,1,1
202300027121,29,6,2023,15:00,1,1,1,71,71317,1,3,2,1,1
202300027122,5,5,2023,18:05,1,1,2,44,44047,1,2,2,1,1
202300027123,28,6,2023,20:30,2,1,6,12,12084,1,1,3,1,1
202300027124,29,6,2023,17:45,1,1,2,30,30315,1,2,2,1,1
202300027125,28,6,2023,06:27,1,1,3,44,44192,1,3,2,1,1
202300027125,28,6,2023,06:27,1,1,3,44,44192,1,3,2,1,1
202300027126,28,6,2023,14:15,1,1,5,59,59039,1,3,2,1,1
202300027127,29,6,2023,10:55,1,1,2,77,77068,1,3,2,2,1
202300027128,24,6,2023,15:20,1,1,7,2A,2A139,2,3,3,1,1
202300027129,29,6,2023,04:20,4,1,6,80,80086,2,4,2,1,1
202300027130,28,6,2023,01:15,3,1,6,71,71093,1,3,2,1,1
202300027131,24,6,2023,16:25,1,1,3,71,71401,2,3,2,1,1
202300027131,24,6,2023,16:25,1,1,3,71,71401,2,3,2,1,1
202300027132,28,6,2023,22:40,3,1,6,47,47173,1,3,2,1,1
202300027133,29,6,2023,13:40,1,1,3,34,34150,1,3,2,1,1
202300027133,29,6,2023,13:40,1,1,3,34,34150,1,3,2,1,1
202300027134,28,6,2023,17:58,1,1,1,35,35207,1,3,2,1,1
202300027135,27,6,2023,11:00,1,1,1,38,38126,2,7,2,1,1
202300027136,26,6,2023,08:40,1,1,1,38,38431,1,4,2,2,1
202300027137,28,6,2023,23:00,3,1,6,01,01229,1,3,2,1,1
202300027137,28,6,2023,23:00,3,1,6,01,01229,1,3,2,1,1
202300027138,29,6,2023,11:45,1,1,3,60,60588,2,3,2,1,1
202300027138,29,6,2023,11:45,1,1,3,60,60588,2,3,2,1,1
202300027139,29,6,2023,11:15,1,1,3,10,10126,1,3,-1,1,1
202300027139,29,6,2023,11:15,1,1,3,10,10126,1,3,2,1,1
202300027140,28,6,2023,17:45,1,1,5,40,40217,2,3,2,1,1
202300027141,2,6,2023,16:15,1,1,3,40,40217,2,4,2,1,1
202300027141,2,6,2023,16:15,1,1,3,40,40217,2,4,2,1,1
202300027142,28,6,2023,18:30,1,1,6,04,04163,1,3,2,2,1
202300027143,26,6,2023,10:35,1,1,6,31,31424,2,4,2,1,1
202300027144,29,6,2023,00:40,3,1,1,34,34337,1,7,2,4,1
202300027145,28,6,2023,08:00,1,1,3,44,44028,1,1,3,1,1
202300027146,28,6,2023,14:25,1,1,5,57,57693,1,1,1,1,1
202300027147,26,6,2023,19:10,1,1,7,51,51147,1,1,3,1,1
202300027148,29,6,2023,13:00,1,1,2,78,78009,1,1,3,1,1
202300027149,27,6,2023,11:20,1,1,1,987,98733,2,2,2,1,1
202300027150,27,6,2023,19:50,1,1,5,45,45142,1,3,3,1,1
202300027151,28,6,2023,19:08,1,1,7,77,77005,1,3,2,1,1
202300027152,28,6,2023,15:55,1,1,2,91,91661,2,3,2,1,1
202300027153,28,6,2023,18:30,1,1,2,34,34054,1,3,2,2,1
202300027154,29,6,2023,16:20,1,1,1,83,83138,1,3,2,1,1
202300027155,29,6,2023,09:15,1,1,3,21,21292,2,3,2,1,1
202300027155,29,6,2023,09:15,1,1,3,21,21292,2,3,2,1,1
202300027156,29,6,2023,16:33,1,1,6,68,68063,2,4,2,1,1
202300027156,29,6,2023,16:33,1,1,6,68,68063,2,4,2,1,1
202300027157,29,6,2023,12:50,1,1,3,63,63284,1,3,-1,1,1
202300027157,29,6,2023,12:50,1,1,3,63,63284,1,3,2,2,1
202300027158,27,5,2023,00:50,3,1,4,81,81093,1,1,3,1,1
202300027159,29,6,2023,10:00,1,1,3,46,46272,1,3,2,1,1
202300027159,29,6,2023,10:00,1,1,3,46,46272,1,3,2,1,1
202300027160,18,6,2023,08:20,1,1,2,33,33284,2,4,2,1,1
202300027161,27,6,2023,12:00,1,1,7,50,50139,1,3,2,2,1
202300027162,27,6,2023,18:25,1,1,1,22,22076,1,3,2,3,1
202300027163,11,10,2023,14:30,1,1,3,23,23096,2,4,1,4,1
202300027163,11,10,2023,14:30,1,1,3,23,23096,2,4,1,1,1
202300027164,11,10,2023,19:25,1,1,4,17,17291,2,3,2,1,1
202300027165,11,10,2023,19:10,1,1,3,17,17300,2,4,2,1,1
202300027165,11,10,2023,19:10,1,1,3,17,17300,2,4,2,1,1
202300027166,11,10,2023,23:20,5,1,7,13,13211,2,4,2,1,1
202300027167,8,10,2023,23:25,3,1,1,13,13214,2,4,2,1,1
202300027168,11,10,2023,20:00,2,1,5,11,11262,1,3,2,1,1
202300027169,11,10,2023,08:38,1,1,6,75,75115,2,4,1,1,1
202300027170,10,10,2023,18:20,1,1,3,75,75116,2,4,1,1,1
202300027171,10,10,2023,23:35,5,1,3,75,75102,2,4,1,1,1
202300027171,10,10,2023,23:35,5,1,3,75,75102,2,4,2,1,1
202300027172,10,10,2023,11:30,1,1,3,75,75112,2,4,2,1,1
202300027173,11,10,2023,17:40,1,1,3,75,75118,2,4,2,1,1
202300027173,11,10,2023,17:40,1,1,3,75,75118,2,4,1,1,1
202300027174,11,10,2023,10:52,1,1,3,75,75119,2,4,1,1,1
202300027174,11,10,2023,10:52,1,1,3,75,75119,2,4,1,1,1
202300027175,11,10,2023,16:05,1,1,1,75,75117,2,4,-1,1,1
202300027175,11,10,2023,16:05,1,1,1,75,75117,2,4,-1,1,1
202300027176,11,10,2023,20:05,3,1,6,75,75116,2,4,2,1,1
202300027177,11,10,2023,16:30,1,1,3,75,75115,2,4,2,1,1
202300027177,11,10,2023,16:30,1,1,3,75,75115,2,4,1,1,1
202300027178,11,10,2023,14:30,1,1,6,75,75115,2,4,1,1,1
202300027178,11,10,2023,14:30,1,1,6,75,75115,2,4,1,1,1
202300027179,11,10,2023,08:10,1,1,6,75,75115,2,4,-1,1,1
202300027179,11,10,2023,08:10,1,1,6,75,75115,2,4,2,1,1
202300027180,11,10,2023,18:00,1,1,2,75,75112,2,4,2,1,1
202300027180,11,10,2023,18:00,1,1,2,75,75112,2,4,2,1,1
202300027181,11,10,2023,07:23,2,1,6,75,75112,2,4,2,1,1
202300027181,11,10,2023,07:23,2,1,6,75,75112,2,4,2,1,1
202300027182,10,10,2023,13:20,1,1,6,75,75112,2,4,1,1,1
202300027183,11,10,2023,20:00,5,1,6,75,75110,2,4,1,1,1
202300027183,11,10,2023,20:00,5,1,6,75,75110,2,4,1,2,1
202300027184,11,10,2023,16:35,1,1,3,75,75109,2,4,1,1,1
202300027184,11,10,2023,16:35,1,1,3,75,75109,2,4,2,1,1
202300027185,11,10,2023,09:35,1,1,2,75,75109,2,4,-1,1,1
202300027185,11,10,2023,09:35,1,1,2,75,75109,2,4,1,2,1
202300027186,11,10,2023,17:40,1,1,6,75,75108,2,4,2,1,1
202300027186,11,10,2023,17:40,1,1,6,75,75108,2,4,1,1,1
202300027187,11,10,2023,17:27,1,1,6,75,75107,2,4,1,1,1
202300027187,11,10,2023,17:27,1,1,6,75,75107,2,4,-1,1,1
202300027188,10,10,2023,12:30,1,1,6,75,75114,2,4,1,1,1
202300027189,10,10,2023,12:40,1,1,7,75,75107,2,4,2,1,1
202300027189,10,10,2023,12:40,1,1,7,75,75107,2,4,1,1,1
202300027190,11,10,2023,13:45,1,1,7,75,75104,2,4,1,1,1
202300027190,11,10,2023,13:45,1,1,7,75,75104,2,4,1,1,1
202300027191,10,10,2023,18:52,2,1,2,75,75102,2,4,1,2,1
202300027191,10,10,2023,18:52,2,1,2,75,75102,2,4,1,1,1
202300027192,10,10,2023,14:00,1,1,3,75,75103,2,4,2,1,1
202300027192,10,10,2023,14:00,1,1,3,75,75103,2,4,1,1,1
202300027193,10,10,2023,08:23,1,1,6,94,94081,2,4,2,1,1
202300027194,10,10,2023,08:00,2,1,3,94,94043,2,3,2,1,1
202300027194,10,10,2023,08:00,2,1,3,94,94043,2,3,1,2,1
202300027195,11,10,2023,16:10,1,1,2,94,94065,1,3,1,1,1
202300027196,11,10,2023,03:15,5,1,6,94,94065,2,5,2,1,1
202300027197,11,10,2023,11:10,1,1,6,94,94055,2,3,2,1,1
202300027198,11,10,2023,19:28,2,1,3,94,94071,2,4,2,1,1
202300027199,10,10,2023,19:20,5,1,3,93,93032,2,3,1,1,1
202300027199,10,10,2023,19:20,5,1,3,93,93032,2,3,3,1,1
202300027200,11,10,2023,18:45,1,1,3,93,93027,2,3,2,1,1
202300027200,11,10,2023,18:45,1,1,3,93,93027,2,3,1,1,1
202300027201,11,10,2023,17:54,1,1,6,92,92076,2,3,1,1,1
202300027202,11,10,2023,10:35,1,1,6,92,92064,2,4,-1,1,1
202300027203,11,10,2023,15:35,1,1,6,92,92040,2,3,1,1,1
202300027204,11,10,2023,09:05,1,1,3,92,92040,2,3,2,1,1
202300027204,11,10,2023,09:05,1,1,3,92,92040,2,3,3,1,1
202300027205,17,10,2023,18:15,1,1,3,92,92036,2,3,-1,1,1
202300027205,17,10,2023,18:15,1,1,3,92,92036,2,3,2,1,1
202300027206,10,10,2023,09:15,1,1,3,92,92024,2,3,2,1,1
202300027207,11,10,2023,07:40,1,1,3,92,92019,1,3,1,1,1
202300027208,12,10,2023,16:10,1,1,3,63,63425,1,3,2,3,1
202300027208,12,10,2023,16:10,1,1,3,63,63425,1,3,2,1,1
202300027209,12,10,2023,11:50,1,1,6,47,47324,2,6,-1,1,1
202300027210,11,10,2023,19:30,2,1,6,08,08320,1,3,2,2,1
202300027211,11,10,2023,15:10,1,1,3,17,17262,1,3,2,1,1
202300027211,11,10,2023,15:10,1,1,3,17,17262,1,3,2,1,1
202300027212,7,10,2023,18:52,1,1,5,22,22048,1,3,2,1,1
202300027213,8,10,2023,17:43,1,1,3,41,41167,2,3,2,1,1
202300027214,11,10,2023,08:12,1,1,4,83,83086,1,3,2,1,1
202300027215,9,10,2023,15:15,1,1,3,86,86165,1,3,2,1,1
202300027216,11,10,2023,17:30,2,1,3,971,97109,1,2,1,2,1
202300027216,11,10,2023,17:30,2,1,3,971,97109,1,2,4,2,1
202300027217,12,10,2023,18:15,1,1,1,72,72155,1,3,2,1,1
202300027218,11,10,2023,17:15,1,1,3,85,85215,1,3,2,1,1
202300027218,11,10,2023,17:15,1,1,3,85,85215,1,3,2,1,1
202300027219,11,10,2023,17:30,1,7,1,50,50546,1,3,2,1,1
202300027220,11,10,2023,14:30,1,1,7,41,41265,2,3,2,2,9
202300027220,11,10,2023,14:30,1,1,7,41,41265,2,3,2,-1,-1
202300027221,12,10,2023,06:50,2,1,1,34,34270,1,7,2,1,1
202300027222,11,10,2023,20:45,3,1,6,51,51009,2,3,2,1,1
202300027223,12,10,2023,09:46,1,1,6,2B,2B354,1,2,2,4,1
202300027224,12,10,2023,09:25,1,1,6,81,81182,1,3,2,1,1
202300027225,12,10,2023,07:20,3,1,2,49,49170,1,3,2,2,1
202300027226,12,10,2023,17:02,1,1,3,35,35095,2,3,2,1,1
202300027227,12,10,2023,08:00,2,1,3,35,35319,2,4,2,1,1
202300027227,12,10,2023,08:00,2,1,3,35,35319,2,4,2,1,1
202300027228,11,10,2023,18:15,1,1,3,29,29235,2,4,2,1,1
202300027228,11,10,2023,18:15,1,1,3,29,29235,2,4,2,1,1
202300027229,2,10,2023,09:00,1,1,1,31,31255,2,3,2,1,1
202300027230,12,10,2023,10:00,1,1,2,15,15130,1,3,2,1,1
202300027231,8,10,2023,16:15,1,1,6,58,58079,2,3,2,2,1
202300027232,9,10,2023,17:15,1,1,6,66,66107,2,3,2,1,1
202300027233,11,10,2023,18:20,1,1,7,54,54275,1,3,2,2,1
202300027234,10,10,2023,21:30,5,1,1,14,14119,2,4,2,1,1
202300027234,10,10,2023,21:30,5,1,1,14,14119,2,4,2,1,1
202300027235,11,10,2023,15:45,1,1,7,14,14229,2,3,2,1,1
202300027235,11,10,2023,15:45,1,1,7,14,14229,2,3,-1,1,1
202300027236,11,10,2023,21:00,3,1,1,60,60471,1,3,2,1,1
202300027237,11,10,2023,17:00,1,1,2,53,53140,1,2,3,1,1
202300027238,11,10,2023,08:03,2,5,3,85,85127,1,3,2,1,3
202300027239,11,10,2023,18:40,1,1,1,37,37104,1,3,2,1,1
202300027240,11,10,2023,06:20,5,1,3,08,08490,2,3,2,3,1