id_accident,jour,mois,annee,heure_minute,luminosite,meteo,type_collision,departement,commune,agglomeration,categorie_route,regime_circulation,profil_route,etat_surface
202300027240,11,10,2023,06:20,5,1,3,08,08490,2,3,2,3,1
202300027241,12,10,2023,12:45,1,1,1,24,24225,1,3,2,1,1
202300027242,11,10,2023,07:15,1,1,6,987,98738,1,2,3,1,1
202300027243,12,10,2023,06:50,1,1,3,973,97309,2,3,2,1,1
202300027244,12,10,2023,12:50,1,8,6,62,62355,1,1,2,1,1
202300027245,11,10,2023,19:15,5,1,1,34,34134,2,7,2,1,1
202300027245,11,10,2023,19:15,5,1,1,34,34134,2,7,2,1,1
202300027246,11,10,2023,22:45,3,1,1,91,91666,1,3,2,1,1
202300027247,12,10,2023,20:00,3,1,7,30,30330,1,3,2,1,1
202300027248,11,10,2023,10:15,1,1,3,13,13015,2,4,2,1,1
202300027248,11,10,2023,10:15,1,1,3,13,13015,2,4,2,1,1
202300027249,11,10,2023,17:00,1,1,3,68,68111,2,3,2,2,1
202300027250,5,10,2023,16:45,1,1,6,38,38236,1,4,-1,1,2
202300027251,11,10,2023,00:15,3,1,1,69,69032,1,2,2,2,1
202300027252,11,10,2023,10:00,1,1,1,17,17219,2,4,2,1,1
202300027252,11,10,2023,10:00,1,1,1,17,17219,2,4,2,1,1
202300027253,12,10,2023,07:50,2,8,3,14,14630,1,3,-1,1,1
202300027253,12,10,2023,07:50,2,8,3,14,14630,1,3,2,1,1
202300027254,10,10,2023,08:56,2,7,5,56,56242,1,3,2,2,1
202300027255,12,10,2023,10:34,1,1,3,22,22093,2,4,2,1,1
202300027255,12,10,2023,10:34,1,1,3,22,22093,2,4,2,2,1
202300027256,11,10,2023,17:29,1,1,1,35,35031,1,3,2,1,1
202300027257,12,10,2023,07:55,2,2,6,59,59126,2,4,2,1,2
202300027258,11,10,2023,23:35,3,1,7,59,59416,1,3,2,1,9
202300027259,11,10,2023,16:30,1,1,3,59,59034,1,3,2,1,1
202300027260,11,10,2023,19:55,1,1,3,33,33249,1,1,3,1,1
202300027261,11,10,2023,17:05,1,1,3,33,33039,1,1,3,1,1
202300027262,8,10,2023,18:20,1,1,7,59,59359,1,1,1,1,1
202300027263,11,10,2023,19:15,3,1,2,91,91434,1,1,2,1,1
202300027264,11,10,2023,18:35,2,1,4,91,91692,1,2,1,1,1
202300027265,11,10,2023,18:30,2,1,3,92,92002,1,1,1,1,1
202300027266,11,10,2023,17:00,1,1,3,91,91136,1,1,-1,1,1
202300027267,11,10,2023,08:14,1,1,3,91,91589,1,1,3,1,1
202300027268,11,10,2023,10:00,1,1,5,93,93007,1,1,3,1,1
202300027269,11,10,2023,17:30,1,1,2,94,94028,1,1,3,1,1
202300027270,11,10,2023,09:30,1,1,2,94,94022,1,1,3,1,1
202300027271,11,10,2023,09:20,1,1,3,93,93051,1,1,3,1,1
202300027272,11,10,2023,08:10,1,1,3,94,94073,1,1,3,1,1
202300027273,9,6,2023,19:15,1,1,3,32,32013,2,4,2,1,1
202300027273,9,6,2023,19:15,1,1,3,32,32013,2,4,2,1,1
202300027274,30,7,2023,18:05,1,8,5,62,62609,1,1,3,1,1
202300027275,18,6,2023,15:15,1,1,1,13,13048,1,3,2,1,1
202300027276,10,10,2023,13:15,1,1,3,974,97411,2,4,1,1,1
202300027277,10,10,2023,12:30,1,1,3,974,97411,2,4,2,1,1
202300027278,8,10,2023,19:30,5,1,2,974,97411,2,3,2,1,1
202300027278,8,10,2023,19:30,5,1,2,974,97411,2,3,-1,2,1
202300027279,8,10,2023,06:50,1,1,1,974,97411,2,3,2,2,1
202300027280,9,10,2023,17:10,1,1,5,973,97302,2,3,2,1,1
202300027281,10,10,2023,02:50,1,1,6,973,97309,2,4,2,1,9
202300027282,9,10,2023,13:25,1,1,2,973,97302,2,4,2,1,1
202300027283,6,10,2023,19:05,3,1,7,973,97302,2,3,2,1,1
202300027284,6,10,2023,20:00,4,1,3,973,97302,2,3,2,1,1
202300027284,6,10,2023,20:00,4,1,3,973,97302,2,3,2,1,1
202300027285,9,10,2023,07:50,1,1,3,973,97302,2,3,2,1,1
202300027285,9,10,2023,07:50,1,1,3,973,97302,2,3,2,1,1
202300027286,7,10,2023,04:25,5,1,7,973,97302,2,2,-1,1,1
202300027287,9,10,2023,14:15,1,1,3,69,69386,2,4,2,1,1
202300027288,19,9,2023,17:45,1,1,6,972,97213,2,4,1,2,1
202300027289,9,10,2023,13:00,1,1,3,69,69384,2,4,1,1,1
202300027289,9,10,2023,13:00,1,1,3,69,69384,2,4,2,1,1
202300027290,9,10,2023,02:00,5,3,6,971,97101,2,4,1,1,2
202300027291,9,10,2023,08:20,1,1,6,95,95019,2,6,-1,1,1
202300027292,9,10,2023,15:40,1,1,1,95,95428,2,4,2,1,1
202300027292,9,10,2023,15:40,1,1,1,95,95428,2,4,1,2,1
202300027293,10,10,2023,17:30,1,1,6,91,91215,2,3,3,1,1
202300027293,10,10,2023,17:30,1,1,6,91,91215,2,3,2,1,1
202300027294,10,10,2023,08:20,1,1,3,91,91114,2,4,2,1,1
202300027295,10,10,2023,12:15,1,1,3,91,91201,2,3,4,1,1
202300027295,10,10,2023,12:15,1,1,3,91,91201,2,3,4,1,1
202300027296,7,10,2023,09:15,1,1,3,88,88209,2,4,2,1,1
202300027296,7,10,2023,09:15,1,1,3,88,88209,2,4,2,1,1
202300027297,5,10,2023,18:16,1,1,7,87,87085,1,4,2,1,1
202300027298,5,10,2023,10:56,1,1,3,87,87085,2,3,2,1,1
202300027298,5,10,2023,10:56,1,1,3,87,87085,2,3,4,2,1
202300027299,6,10,2023,08:11,1,1,3,87,87085,2,4,2,1,1
202300027300,5,10,2023,17:30,1,1,6,87,87085,1,4,2,1,1
202300027301,6,10,2023,09:20,1,7,2,85,85194,2,4,2,1,1
202300027302,6,10,2023,11:55,1,1,3,85,85194,2,4,2,1,1
202300027303,9,10,2023,15:10,1,1,3,83,83129,2,4,2,1,1
202300027303,9,10,2023,15:10,1,1,3,83,83129,2,4,2,1,1
202300027304,7,10,2023,09:10,1,7,6,83,83129,2,4,1,1,1
202300027304,7,10,2023,09:10,1,7,6,83,83129,2,4,2,1,1
202300027305,7,10,2023,10:55,1,1,3,83,83009,2,3,1,1,1
202300027306,9,10,2023,00:00,3,1,6,81,81065,2,3,2,1,1
202300027307,5,10,2023,21:00,5,1,6,80,80160,2,4,2,1,1
202300027308,5,10,2023,19:40,2,1,1,80,80489,2,4,2,1,1
202300027309,4,10,2023,00:50,5,1,6,80,80021,2,4,2,2,1
202300027310,9,10,2023,20:20,4,1,6,77,77379,1,3,2,2,1
202300027311,10,10,2023,07:19,3,1,3,77,77335,1,2,2,2,1
202300027311,10,10,2023,07:19,3,1,3,77,77335,1,2,3,1,1
202300027312,9,10,2023,09:05,1,1,3,77,77438,2,3,2,1,1
202300027312,9,10,2023,09:05,1,1,3,77,77438,2,3,2,2,1
202300027312,9,10,2023,09:05,1,1,3,77,77438,2,3,2,2,1
202300027313,9,10,2023,18:00,1,1,6,76,76447,2,4,-1,1,1
202300027314,9,10,2023,08:00,1,1,3,76,76351,2,4,1,1,1
202300027314,9,10,2023,08:00,1,1,3,76,76351,2,4,2,1,1
202300027315,8,10,2023,03:20,3,1,1,76,76341,1,3,1,1,1
202300027316,10,10,2023,20:40,3,1,3,73,73029,1,2,1,2,1
202300027316,10,10,2023,20:40,3,1,3,73,73029,1,2,3,1,1
202300027317,8,10,2023,18:30,1,1,7,72,72181,2,4,1,1,1
202300027318,7,10,2023,04:15,3,1,6,72,72181,2,4,-1,1,1
202300027319,8,10,2023,15:15,1,1,2,72,72181,2,4,1,1,1
202300027320,8,10,2023,14:10,1,1,3,72,72181,2,4,1,1,1
202300027321,9,10,2023,09:55,1,1,6,71,71153,2,4,2,2,1
202300027322,10,10,2023,16:45,1,1,3,69,69259,2,4,2,1,1
202300027323,10,10,2023,08:10,1,1,4,69,69290,2,7,2,1,1
202300027324,9,10,2023,20:10,5,1,7,69,69271,2,4,2,1,1
202300027325,9,10,2023,12:45,1,1,4,69,69259,2,4,2,1,1
202300027326,9,10,2023,06:00,5,1,1,69,69276,2,7,2,1,1
202300027327,9,10,2023,22:30,5,1,3,68,68066,2,3,2,1,1
202300027327,9,10,2023,22:30,5,1,3,68,68066,2,3,2,1,1
202300027328,9,10,2023,12:25,1,1,1,67,67218,2,4,2,1,1
202300027329,9,10,2023,12:00,1,1,6,66,66136,2,4,2,1,1
202300027329,9,10,2023,12:00,1,1,6,66,66136,2,4,1,1,1
202300027330,5,10,2023,16:45,1,1,4,66,66136,2,3,3,1,1
202300027331,5,10,2023,17:50,1,1,6,66,66136,2,4,2,1,1
202300027331,5,10,2023,17:50,1,1,6,66,66136,2,4,2,1,1
202300027332,9,10,2023,15:25,1,1,3,64,64545,2,3,4,1,1
202300027332,9,10,2023,15:25,1,1,3,64,64545,2,3,1,1,1
202300027333,9,10,2023,17:25,1,1,6,64,64445,2,4,1,1,1
202300027334,9,10,2023,13:10,1,1,3,64,64445,2,4,2,1,1
202300027334,9,10,2023,13:10,1,1,3,64,64445,2,4,2,1,1
202300027335,10,10,2023,01:25,3,1,6,63,63300,1,3,3,1,1
202300027336,9,10,2023,19:25,5,1,3,59,59205,2,3,2,1,1
202300027337,9,10,2023,10:20,1,1,6,59,59512,2,4,2,1,1
202300027338,9,10,2023,11:55,1,1,3,59,59276,2,3,3,1,1
202300027339,7,10,2023,19:55,5,1,6,59,59276,2,4,2,1,1
202300027340,6,10,2023,17:10,1,1,7,57,57631,2,4,2,2,1
202300027341,9,10,2023,11:40,1,1,3,56,56260,2,4,3,1,1
202300027342,9,10,2023,09:35,1,7,6,56,56121,2,4,2,1,1
202300027343,9,10,2023,18:50,1,1,7,53,53130,2,4,2,1,1
202300027343,9,10,2023,18:50,1,1,7,53,53130,2,4,2,1,1
202300027344,9,10,2023,18:34,1,1,3,45,45234,2,4,2,2,1
202300027345,9,10,2023,11:35,1,1,6,45,45284,2,4,2,1,1
202300027346,8,10,2023,19:05,1,7,6,44,44184,2,4,2,1,1
202300027346,8,10,2023,19:05,1,7,6,44,44184,2,4,2,1,1
202300027347,9,10,2023,18:10,1,1,6,43,43046,2,4,-1,1,1
202300027348,9,10,2023,17:35,1,1,3,38,38523,2,4,1,1,1
202300027348,9,10,2023,17:35,1,1,3,38,38523,2,4,3,3,1
202300027348,9,10,2023,17:35,1,1,3,38,38523,2,4,3,2,1
202300027349,9,10,2023,10:00,1,1,3,38,38151,2,4,2,1,1
202300027350,5,10,2023,17:00,1,1,2,38,38053,1,3,3,1,1
202300027351,6,8,2023,01:50,3,2,6,94,94017,1,1,1,2,2
202300027352,6,8,2023,00:20,3,1,2,94,94069,1,1,-1,1,2
202300027353,4,8,2023,17:20,1,1,2,94,94046,1,1,1,1,1
202300027354,3,8,2023,16:40,1,3,4,94,94033,1,1,3,1,2
202300027355,2,8,2023,08:30,1,3,2,94,94015,1,1,1,1,2
202300027356,1,8,2023,23:56,5,2,2,94,94073,1,1,3,1,2
202300027357,14,3,2023,19:55,3,1,6,974,97409,1,3,-1,1,1
202300027358,10,3,2023,13:15,1,3,6,974,97409,2,2,2,1,2
202300027359,24,1,2023,13:30,1,2,6,974,97409,1,2,2,3,2
202300027360,2,8,2023,09:50,1,8,6,58,58194,2,4,-1,1,1
202300027360,2,8,2023,09:50,1,8,6,58,58194,2,4,2,1,1
202300027361,1,6,2023,18:00,2,1,7,973,97302,2,3,2,1,1
202300027362,2,4,2023,23:45,3,1,7,05,05061,1,3,2,1,1
202300027363,2,8,2023,22:30,5,1,6,974,97411,2,2,1,2,1
202300027364,1,8,2023,18:20,5,1,1,974,97411,2,4,2,2,1
202300027365,2,8,2023,13:25,1,1,2,972,97213,2,4,2,1,1
202300027366,1,8,2023,22:30,5,1,2,972,97213,1,2,-1,2,1
202300027366,1,8,2023,22:30,5,1,2,972,97213,1,2,1,1,1
202300027367,1,8,2023,13:00,1,1,1,971,97107,2,4,2,2,1
202300027368,2,8,2023,19:45,1,1,4,2A,2A004,2,4,3,1,1
202300027369,1,8,2023,15:55,1,1,3,95,95127,2,4,2,1,1
202300027370,2,8,2023,18:20,1,6,3,91,91191,2,3,2,1,2
202300027371,28,7,2023,08:15,1,1,1,78,78158,1,3,3,2,1
202300027372,2,8,2023,14:05,1,1,6,78,78172,2,3,1,1,1
202300027372,2,8,2023,14:05,1,1,6,78,78172,2,3,1,1,1
202300027373,1,8,2023,15:45,1,1,6,77,77296,1,4,-1,1,1
202300027374,2,8,2023,18:45,1,3,3,76,76540,2,4,2,2,2
202300027375,1,8,2023,23:45,4,3,7,76,76341,1,3,3,1,3
202300027376,1,8,2023,21:00,2,2,6,76,76351,2,4,2,1,2
202300027377,2,8,2023,09:15,1,2,6,72,72181,1,3,1,1,2
202300027378,2,8,2023,00:35,5,2,6,72,72181,2,4,3,1,2
202300027379,2,8,2023,14:20,1,1,3,64,64122,2,4,1,1,1
202300027380,31,7,2023,18:40,1,1,6,64,64122,2,4,2,2,1
202300027380,31,7,2023,18:40,1,1,6,64,64122,2,4,2,1,1
202300027381,2,8,2023,18:50,1,1,4,63,63113,2,7,2,1,1
202300027381,2,8,2023,18:50,1,1,4,63,63113,2,7,3,1,1
202300027382,2,8,2023,16:45,1,1,2,63,63113,2,7,-1,1,1
202300027383,11,7,2023,17:30,1,1,7,59,59172,2,3,2,1,1
202300027384,2,8,2023,15:20,1,6,2,56,56098,2,4,2,1,1
202300027385,2,8,2023,14:55,1,1,3,51,51454,2,4,2,1,1
202300027385,2,8,2023,14:55,1,1,3,51,51454,2,4,2,1,1
202300027386,29,7,2023,14:50,1,1,3,49,49328,2,4,2,1,1
202300027386,29,7,2023,14:50,1,1,3,49,49328,2,4,2,2,1
202300027387,1,8,2023,14:55,1,1,6,45,45302,2,4,2,1,1
202300027388,17,4,2023,13:25,1,1,1,69,69383,2,4,2,1,1
202300027388,17,4,2023,13:25,1,1,1,69,69383,2,4,2,1,1
202300027389,2,8,2023,11:15,1,1,2,38,38318,2,3,2,2,1
202300027390,17,4,2023,09:20,1,1,2,972,97209,1,1,2,1,1
202300027391,2,8,2023,18:15,1,8,3,35,35238,2,4,2,1,1
202300027391,2,8,2023,18:15,1,8,3,35,35238,2,4,3,1,1
202300027392,17,4,2023,14:35,1,1,1,2B,2B037,2,4,2,2,1
202300027393,17,4,2023,07:20,1,1,3,971,97101,1,3,2,2,1
202300027393,17,4,2023,07:20,1,1,3,971,97101,1,3,2,2,1
202300027394,2,8,2023,14:30,1,8,3,35,35238,2,4,2,1,1
202300027394,2,8,2023,14:30,1,8,3,35,35238,2,4,3,1,1
202300027395,17,4,2023,01:30,5,1,3,971,97101,1,2,1,1,1
202300027396,2,8,2023,14:50,1,8,4,35,35238,2,4,3,2,1
202300027397,15,4,2023,05:26,2,1,2,971,97101,1,2,1,1,1
202300027398,17,4,2023,08:00,1,1,3,2A,2A004,2,4,3,2,1
202300027398,17,4,2023,08:00,1,1,3,2A,2A004,2,4,1,1,1
202300027399,2,8,2023,10:04,1,1,2,34,34108,2,4,2,1,1
202300027400,17,4,2023,07:20,2,1,2,95,95277,1,3,3,1,1
202300027401,17,4,2023,11:50,1,1,3,95,95018,2,3,2,1,1
202300027402,15,4,2023,22:40,5,1,2,87,87085,2,4,1,1,1
202300027402,15,4,2023,22:40,5,1,2,87,87085,2,4,4,2,1
202300027403,1,8,2023,18:30,1,1,3,34,34003,2,4,1,1,1
202300027403,1,8,2023,18:30,1,1,3,34,34003,2,4,2,1,1
202300027404,15,4,2023,09:09,1,2,7,87,87085,2,4,3,1,2
202300027404,15,4,2023,09:09,1,2,7,87,87085,2,4,1,1,2
202300027405,14,4,2023,13:15,1,1,3,87,87085,2,4,4,2,1
202300027405,14,4,2023,13:15,1,1,3,87,87085,2,4,4,2,1
202300027406,1,8,2023,11:00,1,1,6,33,33032,2,4,2,1,1
202300027407,17,4,2023,19:20,1,1,3,78,78502,2,3,2,1,1
202300027408,2,8,2023,18:15,1,8,6,29,29039,2,3,2,1,2
202300027408,2,8,2023,18:15,1,8,6,29,29039,2,3,2,2,2
202300027409,17,4,2023,16:45,1,1,3,76,76540,2,4,2,1,1
202300027410,15,4,2023,15:00,1,1,6,76,76351,2,4,1,1,1
202300027411,25,2,2023,13:50,1,1,2,73,73065,2,4,2,1,1
202300027411,25,2,2023,13:50,1,1,2,73,73065,2,4,1,1,1
202300027412,17,4,2023,17:50,1,1,3,72,72095,2,4,-1,1,1
202300027412,17,4,2023,17:50,1,1,3,72,72095,2,4,2,1,1
202300027413,17,4,2023,11:15,1,1,2,71,71306,2,4,2,1,1
202300027414,14,4,2023,14:25,1,1,3,67,67482,2,4,2,1,1
202300027414,14,4,2023,14:25,1,1,3,67,67482,2,4,2,1,1
202300027415,16,4,2023,22:22,3,1,6,65,65100,2,3,2,1,1
202300027416,14,4,2023,18:10,1,1,1,64,64445,2,4,2,1,1
202300027416,14,4,2023,18:10,1,1,1,64,64445,2,4,2,1,1
202300027417,16,4,2023,18:30,1,1,3,64,64102,2,4,2,1,1
202300027417,16,4,2023,18:30,1,1,3,64,64102,2,4,1,1,1
202300027418,16,4,2023,14:05,1,1,1,64,64102,2,4,2,1,1
202300027419,14,4,2023,16:30,1,1,3,63,63193,2,4,2,1,1
202300027419,14,4,2023,16:30,1,1,3,63,63193,2,4,2,1,1
202300027420,16,4,2023,03:42,5,1,3,63,63113,2,4,1,1,1
202300027420,16,4,2023,03:42,5,1,3,63,63113,2,4,2,1,1
202300027421,10,4,2023,00:14,3,1,6,59,59350,2,7,-1,1,1
202300027422,17,4,2023,06:40,2,1,3,59,59560,1,4,2,1,1
202300027423,17,4,2023,17:15,1,1,6,54,54395,2,4,1,1,1
202300027423,17,4,2023,17:15,1,1,6,54,54395,2,4,1,1,1
202300027424,17,4,2023,22:05,3,1,2,54,54575,1,3,2,1,1
202300027425,15,4,2023,14:35,1,1,2,50,50129,1,3,-1,2,1
202300027426,17,4,2023,09:20,1,1,3,45,45232,2,4,2,1,1
202300027427,16,4,2023,18:55,1,1,7,45,45208,2,4,2,1,1
202300027428,17,4,2023,19:50,2,2,2,43,43157,2,4,2,1,2
202300027429,17,4,2023,14:40,1,1,2,37,37214,2,4,-1,1,1
202300027429,17,4,2023,14:40,1,1,2,37,37214,2,4,1,1,1
202300027430,17,4,2023,07:00,2,1,3,35,35281,2,3,2,1,1
202300027431,31,7,2023,11:10,1,7,6,12,12202,2,4,2,1,1
202300027432,2,8,2023,20:00,1,1,1,06,06088,2,4,2,2,1
202300027433,17,4,2023,10:35,1,1,3,35,35150,1,2,3,1,1
202300027434,2,8,2023,12:15,1,1,6,03,03190,2,3,2,1,1
202300027435,17,4,2023,23:15,5,1,1,33,33063,2,4,4,1,1
202300027436,2,8,2023,11:15,1,8,6,75,75112,2,4,1,1,1
202300027436,2,8,2023,11:15,1,8,6,75,75112,2,4,1,1,1
202300027437,1,8,2023,09:00,1,1,3,75,75118,2,4,1,1,1
202300027438,17,4,2023,22:15,5,1,3,33,33069,2,4,2,1,1
202300027438,17,4,2023,22:15,5,1,3,33,33069,2,4,2,1,1
202300027439,2,8,2023,14:00,1,1,3,75,75120,2,4,2,2,1
202300027440,17,4,2023,19:00,1,1,3,31,31555,1,4,3,1,1
202300027441,2,8,2023,09:20,1,1,6,75,75119,2,4,3,1,3
202300027441,2,8,2023,09:20,1,1,6,75,75119,2,4,1,1,2
202300027442,17,4,2023,12:40,1,1,3,31,31555,2,4,2,1,1
202300027443,2,8,2023,18:46,1,6,6,75,75107,2,4,1,1,1
202300027443,2,8,2023,18:46,1,6,6,75,75107,2,4,1,1,1
202300027444,16,4,2023,20:12,1,1,3,31,31555,2,7,2,1,1
202300027444,16,4,2023,20:12,1,1,3,31,31555,2,7,2,2,1
202300027445,2,8,2023,16:00,1,1,2,75,75112,2,4,1,1,1
202300027445,2,8,2023,16:00,1,1,2,75,75112,2,4,1,1,1
202300027446,17,4,2023,09:45,1,1,6,30,30007,2,4,2,1,1
202300027447,2,8,2023,15:10,1,1,6,75,75111,2,4,1,1,1
202300027447,2,8,2023,15:10,1,1,6,75,75111,2,4,2,1,1
202300027448,15,4,2023,19:36,1,1,6,29,29019,2,4,-1,1,1
202300027449,13,4,2023,10:45,1,1,2,22,22113,2,4,3,3,2
202300027450,2,8,2023,14:29,1,1,2,75,75111,2,4,1,1,1
202300027450,2,8,2023,14:29,1,1,2,75,75111,2,4,2,1,1
202300027451,9,4,2023,21:50,5,1,3,19,19031,2,4,1,2,1
202300027451,9,4,2023,21:50,5,1,3,19,19031,2,4,2,2,1
202300027452,2,8,2023,17:10,1,1,3,75,75115,2,4,1,1,1
202300027452,2,8,2023,17:10,1,1,3,75,75115,2,4,2,1,1
202300027453,16,4,2023,11:00,1,1,3,13,13117,2,3,-1,2,1
202300027454,2,8,2023,19:15,1,1,7,75,75104,2,4,1,1,1
202300027454,2,8,2023,19:15,1,1,7,75,75104,2,4,1,1,1
202300027455,17,4,2023,08:00,1,1,6,13,13205,2,4,1,1,1
202300027455,17,4,2023,08:00,1,1,6,13,13205,2,4,1,1,1
202300027456,2,8,2023,15:15,1,1,3,75,75102,2,4,2,1,1
202300027456,2,8,2023,15:15,1,1,3,75,75102,2,4,1,1,1
202300027457,17,4,2023,14:40,1,1,2,13,13005,2,3,2,2,1
202300027458,2,8,2023,01:25,5,3,3,75,75109,2,4,1,2,2
202300027458,2,8,2023,01:25,5,3,3,75,75109,2,4,1,2,2
202300027459,17,4,2023,16:52,1,2,6,10,10387,2,4,3,1,2
202300027460,31,7,2023,18:15,1,2,2,94,94068,2,3,2,1,2
202300027460,31,7,2023,18:15,1,2,2,94,94068,2,3,2,1,2
202300027461,27,1,2023,18:50,5,4,3,38,38185,2,7,3,1,2
202300027461,27,1,2023,18:50,5,4,3,38,38185,2,7,2,1,2
202300027462,2,8,2023,03:05,5,3,3,94,94021,2,5,1,1,3
202300027462,2,8,2023,03:05,5,3,3,94,94021,2,5,3,1,3
202300027463,26,1,2023,20:15,5,1,3,38,38185,2,7,1,1,1
202300027464,1,8,2023,21:55,5,2,6,93,93064,2,3,2,1,2
202300027465,24,1,2023,16:10,1,8,7,75,75104,2,4,2,1,1
202300027465,24,1,2023,16:10,1,8,7,75,75104,2,4,2,1,1
202300027466,2,8,2023,05:50,2,2,2,93,93008,2,3,3,1,2
202300027467,24,1,2023,19:15,5,1,1,38,38185,2,4,2,1,1
202300027467,24,1,2023,19:15,5,1,1,38,38185,2,4,1,1,1
202300027468,23,1,2023,18:00,5,1,6,75,75112,2,4,2,1,1
202300027468,23,1,2023,18:00,5,1,6,75,75112,2,4,2,1,1
202300027469,2,8,2023,17:53,1,8,7,92,92072,2,3,-1,1,1
202300027470,24,1,2023,11:00,1,1,6,94,94080,2,4,1,1,1
202300027471,24,1,2023,14:10,1,1,6,38,38421,2,6,-1,1,1
202300027472,2,8,2023,14:30,1,1,6,92,92035,2,3,1,1,1
202300027473,24,1,2023,13:00,1,1,6,94,94034,2,4,1,1,1
202300027474,23,1,2023,01:13,5,4,7,38,38185,2,4,1,1,7
202300027475,24,1,2023,09:00,1,1,3,94,94033,2,4,2,2,1
202300027476,2,8,2023,17:45,1,1,2,92,92002,2,3,1,1,1
202300027477,23,1,2023,19:00,5,1,6,94,94017,2,3,2,4,1
202300027478,24,1,2023,12:53,1,8,6,93,93066,2,3,1,1,1
202300027479,1,8,2023,23:49,5,2,4,92,92002,2,3,2,1,2
202300027480,24,1,2023,08:10,1,8,6,93,93064,2,4,2,1,1
202300027481,16,4,2023,20:50,2,1,2,75,75113,2,4,1,1,1
202300027482,2,8,2023,19:10,1,1,7,65,65441,1,3,2,2,1
202300027483,24,1,2023,15:10,1,1,2,93,93055,2,4,2,1,1
202300027484,3,8,2023,10:00,1,2,6,80,80779,1,1,1,4,2
202300027485,16,4,2023,18:55,1,1,1,75,75117,2,4,1,1,1
202300027486,24,1,2023,16:05,1,1,6,93,93051,2,4,2,1,1
202300027487,3,8,2023,11:45,1,2,6,41,41194,2,4,2,1,2
202300027487,3,8,2023,11:45,1,2,6,41,41194,2,4,2,1,2
202300027488,17,4,2023,10:10,1,1,6,75,75109,2,4,2,1,1
202300027488,17,4,2023,10:10,1,1,6,75,75109,2,4,-1,1,1
202300027489,24,1,2023,13:40,1,1,2,93,93074,2,3,1,1,1
202300027490,2,8,2023,19:45,1,1,3,31,31567,1,3,2,1,1
202300027491,24,1,2023,13:03,1,1,3,92,92064,2,3,2,1,1
202300027492,16,4,2023,23:10,5,1,1,75,75119,2,4,2,1,1
202300027493,24,1,2023,18:30,2,1,6,92,92051,2,4,1,1,1
202300027494,17,4,2023,18:38,1,1,2,75,75116,2,4,2,1,1
202300027495,24,1,2023,11:10,1,1,7,92,92020,2,4,-1,1,1
202300027496,31,7,2023,16:30,1,1,3,64,64288,2,4,2,1,1
202300027497,24,1,2023,07:50,2,1,6,92,92048,2,4,2,1,1
202300027498,17,4,2023,17:30,1,1,6,75,75115,2,4,-1,1,1
202300027498,17,4,2023,17:30,1,1,6,75,75115,2,4,1,1,1
202300027499,1,8,2023,20:40,1,3,7,22,22093,1,2,3,1,2
202300027500,24,1,2023,19:45,5,1,6,92,92040,2,3,2,1,1
202300027500,24,1,2023,19:45,5,1,6,92,92040,2,3,2,1,1
202300027501,3,8,2023,00:15,3,1,3,2A,2A006,1,3,2,2,1
202300027502,24,1,2023,18:07,5,1,6,92,92025,2,4,1,1,1
202300027503,17,4,2023,13:45,1,1,6,75,75115,2,4,-1,1,1
202300027503,17,4,2023,13:45,1,1,6,75,75115,2,4,1,1,1
202300027504,18,1,2023,20:45,5,1,7,92,92012,2,4,2,1,1
202300027505,3,8,2023,08:10,1,1,1,2B,2B346,1,3,-1,1,1
202300027506,16,4,2023,03:55,5,1,6,75,75114,2,4,2,1,1
202300027507,23,1,2023,20:28,5,1,2,92,92004,2,3,2,1,1
202300027508,3,8,2023,10:10,1,2,7,80,80554,1,3,2,2,2
202300027509,2,8,2023,09:45,1,1,6,65,65258,2,4,1,1,1
202300027509,2,8,2023,09:45,1,1,6,65,65258,2,4,1,1,1
202300027510,24,1,2023,15:20,1,3,5,974,97415,1,2,1,1,2
202300027511,14,4,2023,13:50,1,2,6,75,75110,2,4,2,1,2
202300027511,14,4,2023,13:50,1,2,6,75,75110,2,4,1,1,2
202300027512,25,1,2023,07:35,5,1,3,95,95205,2,3,1,2,1
202300027513,25,6,2023,20:50,1,1,3,33,33108,2,3,2,1,1
202300027514,1,8,2023,19:00,1,2,6,61,61474,1,3,2,2,2
202300027515,17,4,2023,11:00,1,1,6,75,75102,2,4,2,1,1
202300027515,17,4,2023,11:00,1,1,6,75,75102,2,4,2,1,1
202300027516,24,1,2023,11:30,1,1,2,71,71047,2,3,2,1,1
202300027517,24,1,2023,14:25,1,1,3,31,31271,1,3,2,1,1
202300027517,24,1,2023,14:25,1,1,3,31,31271,1,3,-1,1,1
202300027518,3,8,2023,18:30,1,1,3,42,42052,2,3,2,1,1
202300027518,3,8,2023,18:30,1,1,3,42,42052,2,3,2,2,1
202300027519,17,4,2023,15:35,1,1,3,94,94078,2,2,2,2,1
202300027520,21,1,2023,10:20,1,1,6,01,01173,2,3,2,1,1
202300027520,21,1,2023,10:20,1,1,6,01,01173,2,3,1,2,1
202300027521,19,7,2023,17:15,1,7,6,42,42177,2,3,2,1,1
202300027521,19,7,2023,17:15,1,7,6,42,42177,2,3,2,1,1
202300027522,31,7,2023,17:30,1,1,7,41,41179,1,3,2,1,1
202300027523,17,4,2023,20:45,2,1,3,94,94052,2,3,2,1,1
202300027524,25,1,2023,13:40,1,1,5,83,83091,1,3,2,1,1
202300027524,25,1,2023,13:40,1,1,5,83,83091,1,3,2,1,1