id_accident,jour,mois,annee,heure_minute,luminosite,meteo,type_collision,departement,commune,agglomeration,categorie_route,regime_circulation,profil_route,etat_surface
202300027525,3,8,2023,07:00,1,1,1,34,34031,1,3,2,1,1
202300027526,16,4,2023,12:20,1,1,3,94,94046,2,3,2,1,1
202300027527,24,1,2023,18:15,5,1,3,84,84038,2,4,2,1,1
202300027527,24,1,2023,18:15,5,1,3,84,84038,2,4,2,1,1
202300027528,26,7,2023,20:10,1,7,1,44,44213,1,3,2,1,1
202300027528,26,7,2023,20:10,1,7,1,44,44213,1,3,2,1,1
202300027529,16,4,2023,14:10,1,1,6,94,94017,2,4,1,1,1
202300027530,12,1,2023,06:29,3,2,6,37,37170,1,1,3,1,2
202300027531,16,4,2023,05:50,3,1,6,93,93073,2,9,1,1,1
202300027532,3,8,2023,14:10,1,2,6,02,02126,1,3,2,1,2
202300027533,25,1,2023,08:50,1,1,3,89,89195,1,3,2,2,1
202300027534,17,4,2023,08:00,1,1,3,93,93049,2,4,1,1,1
202300027535,3,8,2023,12:10,1,3,2,02,02359,1,3,3,3,2
202300027536,25,1,2023,08:40,1,2,6,51,51287,1,3,2,2,2
202300027537,3,8,2023,17:50,1,2,6,54,54072,1,3,2,1,2
202300027538,17,4,2023,09:00,1,8,1,93,93055,2,4,1,2,1
202300027538,17,4,2023,09:00,1,8,1,93,93055,2,4,1,1,1
202300027539,24,1,2023,07:10,5,8,3,59,59669,2,3,2,1,1
202300027539,24,1,2023,07:10,5,8,3,59,59669,2,3,2,1,1
202300027540,1,8,2023,13:45,1,1,2,72,72230,1,3,2,1,1
202300027541,25,1,2023,20:36,3,1,6,74,74312,1,3,2,1,1
202300027542,16,4,2023,21:05,5,1,3,93,93008,2,3,2,1,1
202300027543,3,8,2023,07:00,2,2,6,50,50615,2,4,1,2,2
202300027543,3,8,2023,07:00,2,2,6,50,50615,2,4,1,1,2
202300027544,20,1,2023,16:24,1,1,6,76,76302,2,4,2,1,1
202300027545,2,8,2023,17:30,1,1,1,64,64191,1,4,2,1,1
202300027546,18,1,2023,12:25,1,1,1,79,79002,1,3,2,1,1
202300027547,2,8,2023,18:50,1,6,7,10,10372,1,3,2,2,2
202300027548,24,1,2023,23:30,3,1,7,79,79238,1,3,2,2,1
202300027549,16,4,2023,22:30,5,1,6,93,93001,2,3,2,1,1
202300027550,2,8,2023,17:20,1,2,3,16,16190,2,4,2,1,2
202300027551,21,1,2023,15:45,1,8,2,71,71346,2,3,2,1,2
202300027552,25,7,2023,10:00,1,1,2,16,16106,2,3,2,1,1
202300027553,2,8,2023,13:20,1,1,3,40,40268,1,3,2,1,1
202300027553,2,8,2023,13:20,1,1,3,40,40268,1,3,-1,-1,-1
202300027554,17,4,2023,18:10,1,1,4,92,92063,2,1,1,2,1
202300027554,17,4,2023,18:10,1,1,4,92,92063,2,1,1,1,1
202300027555,24,1,2023,18:50,5,1,1,47,47004,1,3,2,1,1
202300027556,3,8,2023,08:45,1,1,2,17,17218,1,3,2,1,2
202300027557,24,1,2023,18:40,3,1,2,86,86148,1,3,3,1,1
202300027558,16,4,2023,17:45,1,1,6,92,92048,1,6,-1,1,1
202300027559,3,8,2023,16:50,1,1,7,38,38527,2,3,2,2,1
202300027560,24,1,2023,20:50,5,1,6,39,39485,2,3,3,2,1
202300027561,17,4,2023,09:10,1,1,6,92,92036,2,3,2,1,1
202300027561,17,4,2023,09:10,1,1,6,92,92036,2,3,2,1,1
202300027562,24,1,2023,19:35,5,1,6,25,25578,2,3,2,1,1
202300027563,2,8,2023,22:10,3,1,2,69,69077,1,1,3,1,1
202300027564,2,8,2023,19:15,5,1,2,987,98725,2,2,2,1,1
202300027565,16,1,2023,08:40,1,3,4,35,35069,1,3,2,2,2
202300027566,17,4,2023,19:46,1,1,1,92,92026,2,3,2,1,1
202300027566,17,4,2023,19:46,1,1,1,92,92026,2,3,1,1,1
202300027566,17,4,2023,19:46,1,1,1,92,92026,2,3,1,2,1
202300027567,1,8,2023,22:00,5,1,3,973,97312,2,4,2,1,1
202300027568,24,1,2023,17:15,1,1,1,29,29249,1,3,2,2,1
202300027569,17,4,2023,10:10,1,8,6,92,92025,2,4,1,1,1
202300027570,18,1,2023,07:20,2,4,1,29,29245,1,3,2,1,5
202300027571,30,7,2023,20:10,1,1,1,30,30155,2,4,2,3,1
202300027572,24,1,2023,17:20,1,1,3,31,31033,2,3,2,1,1
202300027573,17,4,2023,20:55,2,1,6,92,92012,2,3,2,1,1
202300027574,1,8,2023,12:41,1,1,6,11,11361,1,3,2,3,1
202300027575,24,1,2023,08:10,2,1,2,02,02827,1,2,3,1,1
202300027576,29,7,2023,15:15,1,1,3,34,34154,1,3,2,2,1
202300027576,29,7,2023,15:15,1,1,3,34,34154,1,3,2,1,1
202300027577,25,1,2023,19:40,5,1,1,70,70205,2,3,2,1,1
202300027578,17,4,2023,17:30,1,1,4,92,92012,2,3,1,1,1
202300027579,24,1,2023,11:30,1,1,3,72,72054,1,3,2,1,1
202300027580,2,8,2023,23:53,3,1,1,34,34176,1,3,2,1,1
202300027581,17,4,2023,08:00,1,1,6,92,92004,2,4,-1,1,1
202300027582,20,1,2023,07:45,2,1,7,14,14475,2,4,2,2,7
202300027583,2,8,2023,13:10,1,1,2,68,68372,2,3,2,1,1
202300027584,17,4,2023,20:25,2,1,6,92,92004,2,3,-1,1,1
202300027585,17,1,2023,01:15,3,1,3,14,14143,2,3,2,1,1
202300027585,17,1,2023,01:15,3,1,3,14,14143,2,3,2,1,1
202300027586,29,7,2023,00:55,1,1,7,73,73197,1,9,-1,1,1
202300027587,18,4,2023,09:10,1,1,3,49,49063,2,3,2,1,1
202300027588,3,8,2023,06:25,2,1,7,26,26004,1,4,2,1,1
202300027588,3,8,2023,06:25,2,1,7,26,26004,1,4,2,1,9
202300027589,25,1,2023,18:00,3,9,1,60,60485,1,3,2,1,1
202300027589,25,1,2023,18:00,3,9,1,60,60485,1,3,2,1,1
202300027590,18,4,2023,03:50,4,1,7,41,41067,2,4,2,1,1
202300027591,2,8,2023,17:30,1,1,6,07,07262,1,9,-1,1,9
202300027592,23,1,2023,18:20,5,1,3,16,16028,2,4,2,1,1
202300027593,3,8,2023,03:00,3,1,7,07,07026,1,3,2,1,1
202300027593,3,8,2023,03:00,3,1,7,07,07026,1,3,2,2,1
202300027594,17,4,2023,20:30,2,1,1,76,76235,1,3,2,1,1
202300027595,25,1,2023,13:15,1,1,1,04,04163,1,3,2,1,1
202300027595,25,1,2023,13:15,1,1,1,04,04163,1,3,2,1,1
202300027596,2,8,2023,20:30,2,1,3,07,07145,1,3,2,1,1
202300027596,2,8,2023,20:30,2,1,3,07,07145,1,3,2,1,1
202300027597,18,4,2023,09:00,1,1,6,31,31044,2,3,1,1,1
202300027598,20,7,2023,17:30,1,1,3,72,72025,2,4,2,1,1
202300027599,18,4,2023,15:30,1,1,7,51,51388,1,5,2,1,1
202300027600,2,8,2023,15:00,1,1,7,13,13056,1,1,1,1,1
202300027601,25,1,2023,08:20,2,1,5,17,17210,1,3,2,1,1
202300027601,25,1,2023,08:20,2,1,5,17,17210,1,3,2,1,1
202300027602,17,4,2023,18:15,1,1,6,62,62261,2,4,3,1,1
202300027603,21,1,2023,02:40,3,1,2,74,74150,2,3,2,1,1
202300027604,22,1,2023,14:15,1,1,3,978,97801,2,2,2,2,1
202300027605,16,4,2023,11:30,1,1,6,973,97311,2,4,2,1,1
202300027606,2,8,2023,10:15,1,1,4,91,91434,1,1,1,1,1
202300027607,21,1,2023,14:15,1,9,7,74,74010,2,4,2,2,7
202300027608,2,8,2023,02:53,3,3,6,91,91661,1,1,-1,1,2
202300027609,17,4,2023,18:30,1,1,3,76,76662,2,4,2,1,1
202300027610,25,1,2023,04:43,3,1,3,38,38530,1,1,3,1,1
202300027611,2,8,2023,12:07,1,1,7,92,92064,1,1,1,2,1
202300027612,2,8,2023,01:20,3,3,6,92,92072,1,2,-1,3,3
202300027613,24,1,2023,17:06,1,1,1,77,77437,1,2,2,1,1
202300027614,2,8,2023,11:40,1,2,6,95,95582,1,1,-1,4,2
202300027615,17,4,2023,17:25,1,1,3,33,33484,2,3,2,1,1
202300027615,17,4,2023,17:25,1,1,3,33,33484,2,3,2,1,1
202300027616,25,1,2023,13:35,1,1,1,84,84034,1,4,2,1,1
202300027617,2,8,2023,11:00,1,1,3,92,92036,1,1,-1,1,1
202300027618,25,1,2023,09:38,1,1,6,89,89442,1,1,3,1,1
202300027619,18,4,2023,06:39,2,1,6,71,71162,1,3,2,2,1
202300027620,2,8,2023,10:25,1,2,6,93,93027,1,1,-1,2,2
202300027621,17,4,2023,18:47,2,1,6,71,71267,1,3,2,1,1
202300027622,18,1,2023,07:40,2,4,3,71,71150,2,3,2,1,2
202300027622,18,1,2023,07:40,2,4,3,71,71150,2,3,2,2,2
202300027623,31,7,2023,17:20,1,3,6,95,95572,1,1,1,2,2
202300027624,19,1,2023,05:10,3,4,1,71,71525,1,2,3,2,5
202300027625,4,5,2023,18:30,1,1,3,32,32013,2,4,2,1,1
202300027626,17,4,2023,07:40,1,1,1,47,47093,1,3,2,1,1
202300027627,18,1,2023,18:00,3,1,7,55,55324,1,3,2,2,1
202300027628,26,7,2023,11:15,1,1,6,22,22113,2,4,2,1,1
202300027629,20,1,2023,19:00,5,1,1,17,17452,2,4,2,1,1
202300027630,18,4,2023,20:43,3,1,6,47,47069,2,3,2,1,1
202300027631,1,8,2023,10:15,1,1,6,976,97611,2,2,2,1,1
202300027632,17,4,2023,20:30,2,1,6,39,39470,1,2,2,2,1
202300027633,1,8,2023,11:20,1,1,2,972,97213,2,2,2,1,1
202300027634,24,1,2023,17:50,5,1,6,33,33096,2,4,2,1,1
202300027634,24,1,2023,17:50,5,1,6,33,33096,2,4,2,1,1
202300027635,17,4,2023,10:30,1,1,7,44,44222,1,3,2,2,1
202300027636,24,1,2023,17:25,1,1,3,85,85003,2,3,2,1,1
202300027637,1,8,2023,15:02,1,1,2,971,97101,1,2,1,1,1
202300027638,20,1,2023,08:35,1,9,6,35,35012,1,4,2,2,7
202300027639,16,4,2023,06:00,5,1,6,29,29236,1,6,-1,1,1
202300027640,23,1,2023,18:10,3,1,3,76,76657,1,3,4,2,1
202300027641,1,8,2023,19:00,1,1,2,91,91687,2,4,1,1,1
202300027642,17,4,2023,17:35,1,1,2,29,29220,1,3,2,1,1
202300027643,16,4,2023,09:15,1,1,1,03,03026,2,3,2,2,1
202300027644,1,8,2023,04:55,5,2,3,89,89387,2,4,1,1,2
202300027644,1,8,2023,04:55,5,2,3,89,89387,2,4,3,1,2
202300027645,20,1,2023,17:20,2,2,1,02,02443,1,3,2,3,2
202300027646,18,4,2023,18:26,1,1,2,64,64535,1,3,2,1,1
202300027647,28,7,2023,11:20,1,3,6,89,89346,1,3,2,1,2
202300027648,23,1,2023,18:20,3,1,4,69,69278,1,1,3,1,1
202300027649,24,1,2023,09:16,1,1,2,33,33075,1,1,3,1,1
202300027650,31,7,2023,12:10,1,1,6,83,83144,2,4,2,1,1
202300027651,16,4,2023,17:27,1,1,6,10,10359,2,4,2,1,1
202300027652,15,4,2023,09:00,1,1,6,07,07096,1,3,2,2,1
202300027653,1,8,2023,20:08,1,1,6,81,81004,2,6,-1,1,1
202300027654,24,1,2023,20:25,3,1,3,91,91521,1,1,1,1,1
202300027655,8,4,2023,17:29,1,1,1,53,53185,1,3,2,2,1
202300027656,31,7,2023,23:30,5,2,3,78,78551,2,3,2,2,2
202300027657,24,1,2023,18:40,3,1,3,92,92078,1,1,3,2,1
202300027658,18,4,2023,05:50,3,1,6,04,04145,1,3,2,4,2
202300027659,31,7,2023,18:30,1,3,7,76,76351,2,4,2,1,2
202300027660,23,1,2023,18:20,3,1,4,95,95252,1,1,3,1,1
202300027661,18,4,2023,17:12,1,7,1,85,85147,1,3,2,1,1
202300027661,18,4,2023,17:12,1,7,1,85,85147,1,3,2,1,1
202300027662,23,1,2023,18:30,3,1,3,95,95582,1,1,3,1,1
202300027663,1,8,2023,17:25,1,1,3,69,69266,2,4,1,1,1
202300027663,1,8,2023,17:25,1,1,3,69,69266,2,4,1,1,1
202300027664,15,4,2023,01:00,3,2,7,28,28263,2,3,2,1,2
202300027665,23,1,2023,07:30,2,1,2,95,95582,1,1,3,1,1
202300027666,1,8,2023,16:50,1,1,1,69,69259,2,4,2,1,1
202300027667,18,4,2023,01:35,3,1,6,30,30062,1,3,2,1,1
202300027668,23,1,2023,08:00,1,2,7,94,94052,1,1,1,1,3
202300027669,17,4,2023,03:15,3,1,6,30,30284,1,2,2,1,1
202300027670,23,1,2023,18:00,5,1,6,94,94046,2,3,2,2,1
202300027671,31,7,2023,09:07,1,1,3,66,66136,2,4,1,1,1
202300027671,31,7,2023,09:07,1,1,3,66,66136,2,4,1,1,1
202300027672,17,4,2023,10:00,1,1,2,49,49125,1,3,4,3,1
202300027673,20,1,2023,20:05,5,1,1,33,33281,2,4,2,1,1
202300027673,20,1,2023,20:05,5,1,1,33,33281,2,4,1,1,1
202300027674,1,8,2023,13:05,1,8,6,64,64545,1,3,2,1,1
202300027675,3,1,2023,11:30,1,1,6,55,55029,2,4,2,1,1
202300027676,18,4,2023,09:36,1,2,7,67,67089,1,1,3,2,2
202300027677,23,1,2023,22:10,5,2,3,974,97411,1,2,1,1,2
202300027678,1,8,2023,19:40,1,1,3,64,64445,2,4,1,1,1
202300027678,1,8,2023,19:40,1,1,3,64,64445,2,4,1,1,1
202300027679,18,4,2023,06:35,3,1,2,11,11370,1,1,3,2,1
202300027680,23,1,2023,19:45,5,1,3,973,97302,2,4,1,1,1
202300027680,23,1,2023,19:45,5,1,3,973,97302,2,4,1,1,1
202300027681,1,8,2023,14:25,1,1,2,64,64445,2,4,2,1,1
202300027682,16,4,2023,04:00,3,1,6,30,30169,1,1,3,1,1
202300027683,23,1,2023,17:20,2,1,6,69,69388,2,4,2,2,1
202300027683,23,1,2023,17:20,2,1,6,69,69388,2,4,2,1,1
202300027684,16,4,2023,09:00,1,1,7,974,97422,1,9,2,2,1
202300027685,23,1,2023,10:00,1,1,6,971,97101,1,2,1,1,1
202300027686,1,8,2023,10:26,1,2,1,64,64024,2,4,2,1,2
202300027687,31,3,2023,10:45,1,1,3,971,97128,2,2,4,1,1
202300027687,31,3,2023,10:45,1,1,3,971,97128,2,2,2,1,1
202300027688,23,1,2023,00:01,3,1,6,971,97101,2,4,-1,1,1
202300027689,16,4,2023,13:20,1,1,6,78,78562,1,3,2,1,1
202300027690,23,1,2023,17:00,1,1,6,971,97105,2,3,2,2,1
202300027691,1,8,2023,09:16,1,1,4,59,59350,2,7,3,1,1
202300027692,23,1,2023,11:20,1,1,6,2A,2A004,2,4,3,2,1
202300027692,23,1,2023,11:20,1,1,6,2A,2A004,2,4,1,1,1
202300027693,18,4,2023,16:45,1,1,1,30,30090,2,3,2,1,1
202300027694,20,1,2023,18:45,5,1,7,87,87085,2,4,2,1,1
202300027695,1,8,2023,07:25,1,1,2,59,59350,2,4,2,1,1
202300027696,17,4,2023,17:45,1,1,6,34,34199,2,4,1,1,1
202300027697,18,1,2023,09:00,1,1,3,80,80021,2,3,2,1,1
202300027697,18,1,2023,09:00,1,1,3,80,80021,2,3,2,1,1
202300027698,31,7,2023,20:35,2,3,1,57,57463,2,4,1,1,2
202300027698,31,7,2023,20:35,2,3,1,57,57463,2,4,2,1,2
202300027699,18,4,2023,10:50,1,1,6,34,34154,2,4,1,1,1
202300027700,21,1,2023,15:55,1,1,6,76,76351,2,4,1,1,1
202300027700,21,1,2023,15:55,1,1,6,76,76351,2,4,2,1,1
202300027701,31,7,2023,08:00,1,2,6,56,56121,2,4,2,1,2
202300027702,23,1,2023,19:45,2,1,3,69,69256,2,7,2,1,1
202300027702,23,1,2023,19:45,2,1,3,69,69256,2,7,2,1,1
202300027703,31,7,2023,17:15,1,2,6,54,54395,2,9,-1,1,2
202300027704,17,4,2023,13:50,1,8,7,71,71229,1,3,2,2,1
202300027705,22,1,2023,21:00,5,4,7,67,67447,2,7,2,1,9
202300027705,22,1,2023,21:00,5,4,7,67,67447,2,7,2,1,9
202300027706,31,7,2023,16:55,1,1,6,54,54357,2,4,-1,1,1
202300027707,16,4,2023,11:30,1,1,6,21,21464,2,4,1,1,1
202300027708,22,1,2023,20:30,5,1,6,67,67043,2,7,2,1,1
202300027709,1,8,2023,06:00,2,2,6,51,51454,2,4,2,1,2
202300027710,22,1,2023,01:15,3,1,6,66,66136,2,3,2,1,1
202300027711,30,7,2023,20:05,1,1,6,51,51454,2,4,1,1,1
202300027712,17,4,2023,18:40,1,1,4,67,67137,1,7,1,1,1
202300027713,23,1,2023,16:18,1,1,3,64,64348,2,4,2,1,1
202300027713,23,1,2023,16:18,1,1,3,64,64348,2,4,1,1,1
202300027714,31,7,2023,19:08,1,1,6,48,48095,2,4,2,1,1
202300027715,17,4,2023,14:10,1,1,6,31,31433,2,3,3,1,1
202300027716,23,1,2023,08:02,3,1,1,64,64284,2,4,2,1,1
202300027716,23,1,2023,08:02,3,1,1,64,64284,2,4,2,1,1
202300027717,1,8,2023,17:20,1,1,3,44,44162,2,4,2,1,2
202300027718,17,4,2023,21:45,3,1,6,72,72151,1,3,2,1,1
202300027718,17,4,2023,21:45,3,1,6,72,72151,1,3,2,1,1
202300027719,22,1,2023,16:05,1,1,6,64,64024,2,4,2,1,1
202300027720,1,8,2023,06:55,2,1,6,44,44109,2,4,-1,1,1
202300027721,18,1,2023,07:20,3,1,6,62,62186,1,3,-1,1,1
202300027722,1,8,2023,14:00,1,1,2,38,38423,1,2,1,1,1
202300027723,23,1,2023,17:30,2,1,2,59,59378,2,7,2,2,1
202300027724,17,4,2023,12:05,1,1,3,29,29181,1,4,1,1,1
202300027724,17,4,2023,12:05,1,1,3,29,29181,1,4,1,1,1
202300027725,21,1,2023,14:00,1,1,3,59,59390,2,3,2,1,1
202300027726,31,7,2023,20:10,1,1,3,38,38185,2,4,2,1,1
202300027726,31,7,2023,20:10,1,1,3,38,38185,2,4,2,1,1
202300027727,6,3,2023,11:14,1,1,6,54,54323,2,3,2,1,1
202300027728,15,1,2023,03:07,3,2,1,58,58194,2,3,2,1,2
202300027729,18,4,2023,09:10,1,1,3,60,60047,2,3,2,1,1
202300027729,18,4,2023,09:10,1,1,3,60,60047,2,3,2,1,1
202300027730,28,7,2023,13:50,1,3,1,37,37261,2,4,2,1,2
202300027731,4,1,2023,17:15,2,1,3,58,58194,2,4,1,1,1
202300027731,4,1,2023,17:15,2,1,3,58,58194,2,4,1,1,1
202300027732,4,3,2023,11:00,1,1,3,49,49099,2,4,2,1,1
202300027732,4,3,2023,11:00,1,1,3,49,49099,2,4,2,1,1
202300027733,24,1,2023,02:17,5,1,6,54,54547,1,7,3,2,1
202300027734,1,8,2023,01:45,5,1,3,31,31555,2,7,2,1,1
202300027734,1,8,2023,01:45,5,1,3,31,31555,2,7,-1,1,1
202300027735,17,4,2023,13:10,1,1,7,60,60500,1,2,3,1,1
202300027736,5,3,2023,04:00,5,1,6,46,46042,2,3,2,1,1
202300027737,21,1,2023,09:30,1,1,6,50,50129,2,4,2,1,1
202300027738,9,6,2023,08:55,1,1,3,28,28085,2,4,2,1,1
202300027739,20,1,2023,20:00,5,1,1,44,44184,2,4,2,1,1
202300027739,20,1,2023,20:00,5,1,1,44,44184,2,4,2,1,1
202300027740,6,3,2023,21:35,5,1,3,45,45232,2,4,3,1,1
202300027740,6,3,2023,21:35,5,1,3,45,45232,2,4,3,1,1
202300027741,17,4,2023,18:30,1,1,2,60,60107,1,3,3,1,1
202300027742,1,8,2023,19:05,1,1,3,25,25056,2,4,2,1,1
202300027743,20,1,2023,18:25,5,1,3,44,44184,2,4,2,1,1
202300027743,20,1,2023,18:25,5,1,3,44,44184,2,4,2,1,1
202300027744,6,3,2023,17:02,1,1,6,45,45285,2,4,3,1,1
202300027745,1,8,2023,10:20,1,1,3,17,17415,2,4,2,1,1
202300027746,23,1,2023,18:53,5,1,1,33,33318,2,4,2,1,1
202300027746,23,1,2023,18:53,5,1,1,33,33318,2,4,2,1,1
202300027747,1,8,2023,10:36,1,2,3,15,15014,2,2,2,1,2
202300027748,6,3,2023,08:00,1,1,3,44,44109,2,4,2,1,1
202300027749,17,4,2023,08:34,1,1,2,13,13213,1,1,1,2,1
202300027750,19,1,2023,13:25,1,1,3,27,27701,2,4,2,1,1
202300027751,30,7,2023,01:15,3,1,2,15,15014,1,3,2,1,1
202300027751,30,7,2023,01:15,3,1,2,15,15014,1,3,-1,1,1
202300027752,6,3,2023,14:05,1,1,6,38,38151,2,4,2,1,1
202300027753,23,1,2023,17:40,5,9,6,25,25388,2,3,2,1,1
202300027754,13,4,2023,13:45,1,1,2,13,13026,1,1,1,1,1
202300027755,22,1,2023,15:00,1,1,6,11,11262,2,4,2,1,1
202300027756,6,3,2023,18:30,2,8,6,37,37261,2,4,2,1,1
202300027757,1,8,2023,15:35,1,1,1,14,14225,2,3,-1,1,1
202300027757,1,8,2023,15:35,1,1,1,14,14225,2,3,2,1,1
202300027758,22,1,2023,13:30,1,1,3,11,11069,2,4,2,1,1
202300027758,22,1,2023,13:30,1,1,3,11,11069,2,4,3,1,1
202300027759,1,8,2023,16:50,1,1,2,13,13005,1,3,3,1,1
202300027760,22,1,2023,21:20,3,3,6,974,97409,1,2,1,2,2
202300027761,6,3,2023,16:30,1,1,3,37,37261,2,4,2,1,1
202300027762,14,4,2023,17:40,1,1,4,54,54115,1,1,3,1,1
202300027763,1,8,2023,09:20,1,3,6,12,12089,1,3,2,2,2
202300027764,22,1,2023,00:05,5,9,3,973,97302,2,4,2,1,2
202300027764,22,1,2023,00:05,5,9,3,973,97302,2,4,2,1,2
202300027765,16,4,2023,02:00,4,1,7,59,59343,1,2,-1,1,1
202300027766,31,7,2023,16:50,1,1,6,09,09225,1,2,3,1,1
202300027767,22,1,2023,18:30,5,1,7,972,97213,2,3,2,1,1
202300027768,6,3,2023,07:55,1,1,1,37,37122,2,4,2,1,1
202300027769,17,4,2023,11:29,1,1,7,91,91161,1,1,3,1,1
202300027770,22,1,2023,13:45,1,1,2,69,69385,2,4,2,2,1
202300027771,31,7,2023,21:45,5,1,7,07,07281,2,3,2,2,1
202300027771,31,7,2023,21:45,5,1,7,07,07281,2,3,2,1,1
202300027772,22,1,2023,15:30,1,1,7,971,97113,1,4,-1,1,1
202300027773,27,7,2023,17:15,1,1,2,05,05061,2,2,2,1,1
202300027774,6,3,2023,14:00,1,1,1,35,35051,1,4,2,2,1
202300027775,17,4,2023,00:20,3,1,2,95,95582,1,1,3,1,1
202300027776,2,1,2023,20:48,5,1,6,971,97101,2,4,2,1,1
202300027777,29,6,2023,08:53,1,1,3,05,05061,2,2,2,1,1
202300027778,22,1,2023,20:00,5,1,7,91,91589,2,4,2,1,1
202300027779,6,3,2023,09:45,1,1,1,35,35238,2,4,1,1,1
202300027779,6,3,2023,09:45,1,1,1,35,35238,2,4,2,1,1
202300027780,22,1,2023,21:30,5,1,3,69,69029,2,7,1,1,1
202300027781,31,7,2023,17:17,1,1,2,05,05061,2,4,1,1,1
202300027782,16,4,2023,18:30,1,1,5,93,93064,1,1,3,1,1
202300027783,22,1,2023,05:51,5,1,6,69,69290,2,4,2,1,1
202300027784,6,3,2023,20:10,5,1,3,33,33281,2,4,2,1,1
202300027784,6,3,2023,20:10,5,1,3,33,33281,2,4,2,1,1
202300027785,1,8,2023,14:15,1,1,3,75,75114,2,4,1,1,1
202300027786,15,4,2023,11:15,1,2,6,95,95572,1,2,3,1,2
202300027787,21,1,2023,17:45,5,1,3,64,64445,2,4,1,1,1
202300027787,21,1,2023,17:45,5,1,3,64,64445,2,4,1,1,1
202300027788,1,8,2023,10:05,1,1,3,75,75113,2,4,1,1,1
202300027789,22,1,2023,03:10,5,1,6,64,64102,2,4,2,1,1
202300027790,6,3,2023,09:00,1,1,7,27,27562,2,3,2,1,1
202300027790,6,3,2023,09:00,1,1,7,27,27562,2,3,1,1,1
202300027791,15,4,2023,19:55,2,1,6,95,95488,1,1,3,1,1
202300027792,30,7,2023,20:32,5,1,6,75,75113,2,4,1,1,1
202300027792,30,7,2023,20:32,5,1,6,75,75113,2,4,2,1,1
202300027793,15,4,2023,19:30,1,1,2,93,93013,1,1,3,1,1
202300027794,20,1,2023,14:20,1,7,1,59,59043,1,3,2,1,2
202300027794,20,1,2023,14:20,1,7,1,59,59043,1,3,2,1,2
202300027795,1,8,2023,11:45,1,1,3,75,75105,2,4,1,1,1
202300027795,1,8,2023,11:45,1,1,3,75,75105,2,4,2,1,1
202300027796,24,5,2023,23:05,5,1,3,59,59410,2,4,2,1,1
202300027796,24,5,2023,23:05,5,1,3,59,59410,2,4,2,1,1
202300027797,6,3,2023,15:10,1,1,1,25,25462,2,4,2,1,1
202300027797,6,3,2023,15:10,1,1,1,25,25462,2,4,2,1,1
202300027798,22,1,2023,14:00,1,1,1,44,44162,2,7,2,2,1
202300027799,31,7,2023,13:05,1,2,6,75,75106,2,4,1,1,2
202300027799,31,7,2023,13:05,1,2,6,75,75106,2,4,1,1,2
202300027800,15,4,2023,18:30,1,1,4,93,93005,1,1,3,1,1
202300027801,24,5,2023,18:50,1,7,3,56,56260,2,4,2,1,1
202300027802,22,1,2023,07:40,3,1,7,35,35281,2,2,1,1,1
202300027803,15,4,2023,10:00,1,2,6,93,93053,1,1,1,1,2
202300027804,31,7,2023,15:30,1,2,7,75,75117,2,4,1,1,2
202300027804,31,7,2023,15:30,1,2,7,75,75117,2,4,-1,1,2
202300027805,6,3,2023,12:03,1,1,3,17,17291,2,4,2,1,1
202300027806,22,1,2023,11:45,1,1,3,33,33069,2,4,3,1,1
202300027807,24,5,2023,22:09,5,1,3,56,56098,2,4,2,1,1
202300027807,24,5,2023,22:09,5,1,3,56,56098,2,4,2,1,1
202300027808,15,4,2023,12:40,1,2,6,92,92036,1,1,1,2,2
202300027809,22,1,2023,07:15,3,1,7,31,31555,2,7,1,1,1
202300027810,31,7,2023,08:40,1,8,3,75,75116,2,4,2,2,1
202300027810,31,7,2023,08:40,1,8,3,75,75116,2,4,2,1,1
202300027811,6,3,2023,11:45,1,1,3,13,13205,2,4,1,1,1
202300027811,6,3,2023,11:45,1,1,3,13,13205,2,4,1,1,1
202300027812,25,5,2023,09:25,1,1,7,50,50129,2,4,2,1,1
202300027813,1,8,2023,13:20,1,1,6,75,75110,2,4,2,2,1
202300027814,17,4,2023,08:50,1,1,5,94,94073,1,1,3,1,1
202300027815,22,1,2023,15:50,1,1,5,29,29232,2,4,2,2,1
202300027816,6,3,2023,12:45,1,1,3,13,13212,2,4,3,1,1
202300027817,1,8,2023,14:35,1,1,6,75,75108,2,4,2,1,1
202300027817,1,8,2023,14:35,1,1,6,75,75108,2,4,1,1,1
202300027818,24,5,2023,15:00,1,1,3,49,49007,2,4,2,1,1
202300027818,24,5,2023,15:00,1,1,3,49,49007,2,4,1,2,1
202300027819,15,4,2023,17:30,2,1,3,974,97409,2,4,2,1,1
202300027820,6,3,2023,08:45,1,1,3,13,13207,2,4,2,1,1
202300027820,6,3,2023,08:45,1,1,3,13,13207,2,4,2,1,1
202300027821,1,8,2023,15:00,1,1,3,75,75108,2,4,-1,1,1
202300027821,1,8,2023,15:00,1,1,3,75,75108,2,4,1,1,1
202300027822,21,1,2023,10:05,1,1,1,13,13103,1,3,2,2,1
202300027823,25,5,2023,18:50,1,1,3,47,47001,2,4,2,1,1
202300027824,31,7,2023,20:40,1,2,7,75,75107,2,4,2,1,2
202300027824,31,7,2023,20:40,1,2,7,75,75107,2,4,2,1,2
202300027825,22,1,2023,20:00,5,1,2,13,13203,2,4,1,1,1
202300027826,15,4,2023,16:00,1,1,3,69,69383,2,4,2,1,1
202300027826,15,4,2023,16:00,1,1,3,69,69383,2,4,1,1,1
202300027827,6,3,2023,08:40,1,1,6,13,13215,2,4,2,2,1