id_accident,jour,mois,annee,heure_minute,luminosite,meteo,type_collision,departement,commune,agglomeration,categorie_route,regime_circulation,profil_route,etat_surface
202300027828,22,1,2023,12:40,1,1,3,13,13209,2,4,2,1,1
202300027829,25,5,2023,10:50,1,1,3,47,47001,2,4,2,1,1
202300027829,25,5,2023,10:50,1,1,3,47,47001,2,4,2,1,1
202300027830,16,4,2023,03:10,5,1,6,972,97209,1,4,2,2,1
202300027831,31,7,2023,13:40,1,2,1,94,94068,2,4,2,1,2
202300027831,31,7,2023,13:40,1,2,1,94,94068,2,4,2,1,2
202300027832,5,3,2023,05:30,5,8,3,10,10333,2,3,2,2,1
202300027833,22,1,2023,09:00,1,1,1,13,13208,2,4,2,1,1
202300027834,23,7,2023,21:30,3,1,2,94,94076,2,3,3,1,1
202300027835,24,5,2023,12:15,1,1,1,42,42170,1,4,2,2,1
202300027836,16,4,2023,21:20,5,1,3,69,69382,2,4,1,1,1
202300027837,6,3,2023,18:40,2,1,3,06,06159,1,7,3,2,1
202300027838,22,1,2023,00:45,5,1,6,13,13047,2,4,2,1,1
202300027839,1,8,2023,10:15,1,8,6,92,92051,2,4,1,1,1
202300027840,16,4,2023,08:00,1,1,6,69,69034,2,4,2,1,1
202300027841,25,5,2023,10:00,1,1,6,42,42187,2,4,2,1,1
202300027841,25,5,2023,10:00,1,1,6,42,42187,2,4,2,1,1
202300027842,22,1,2023,03:54,5,1,6,06,06083,2,4,1,1,1
202300027843,27,2,2023,17:55,1,1,3,03,03310,2,3,2,1,1
202300027844,1,8,2023,09:43,1,1,3,92,92020,2,4,1,1,1
202300027844,1,8,2023,09:43,1,1,3,92,92020,2,4,2,1,1
202300027845,25,5,2023,08:45,1,1,6,35,35238,2,4,2,1,1
202300027846,21,1,2023,16:35,1,1,3,06,06083,2,4,2,2,1
202300027847,16,4,2023,11:30,1,1,4,2B,2B033,2,4,2,2,1
202300027848,7,3,2023,14:40,1,1,3,75,75115,2,4,1,1,1
202300027848,7,3,2023,14:40,1,1,3,75,75115,2,4,1,1,1
202300027849,31,7,2023,19:40,1,2,2,92,92049,2,3,-1,1,2
202300027849,31,7,2023,19:40,1,2,2,92,92049,2,3,2,1,2
202300027850,25,5,2023,07:45,1,1,2,35,35238,2,2,3,1,1
202300027851,21,1,2023,15:40,1,1,3,05,05061,2,3,4,2,1
202300027851,21,1,2023,15:40,1,1,3,05,05061,2,3,2,2,1
202300027852,16,4,2023,11:30,1,1,2,2A,2A004,1,2,1,1,1
202300027853,1,8,2023,14:45,1,1,6,92,92035,2,4,2,1,1
202300027854,6,3,2023,08:50,1,1,6,75,75116,2,4,1,1,1
202300027855,25,5,2023,16:50,1,7,6,35,35115,2,4,2,1,1
202300027856,16,1,2023,14:15,1,1,2,05,05061,2,2,-1,2,1
202300027857,15,4,2023,09:25,1,1,6,91,91691,2,4,2,1,1
202300027858,6,3,2023,06:45,1,1,2,75,75119,2,4,3,1,1
202300027859,1,8,2023,18:22,1,1,3,92,92024,2,3,-1,1,1
202300027859,1,8,2023,18:22,1,1,3,92,92024,2,3,-1,1,1
202300027860,25,5,2023,16:44,1,1,6,34,34172,2,4,-1,1,1
202300027861,23,1,2023,09:00,1,1,3,75,75117,2,4,3,1,1
202300027861,23,1,2023,09:00,1,1,3,75,75117,2,4,1,1,1
202300027862,16,4,2023,15:15,1,1,3,91,91027,2,3,2,1,1
202300027862,16,4,2023,15:15,1,1,3,91,91027,2,3,2,1,1
202300027863,25,5,2023,07:20,1,2,3,34,34172,2,4,2,1,2
202300027864,23,1,2023,16:00,1,1,3,75,75108,2,4,1,1,1
202300027864,23,1,2023,16:00,1,1,3,75,75108,2,4,1,1,1
202300027865,7,3,2023,18:05,2,1,3,75,75117,2,4,2,1,1
202300027865,7,3,2023,18:05,2,1,3,75,75117,2,4,2,1,1
202300027866,2,8,2023,09:55,1,3,4,17,17045,1,3,2,1,2
202300027866,2,8,2023,09:55,1,3,4,17,17045,1,3,2,1,2
202300027867,22,1,2023,20:10,5,1,7,75,75104,2,4,1,1,1
202300027867,22,1,2023,20:10,5,1,7,75,75104,2,4,1,1,1
202300027868,7,3,2023,08:00,1,8,2,75,75114,2,4,2,1,1
202300027869,24,5,2023,17:40,1,8,3,30,30007,2,3,2,1,1
202300027869,24,5,2023,17:40,1,8,3,30,30007,2,3,2,2,1
202300027870,23,1,2023,19:00,5,1,6,94,94017,2,4,1,2,1
202300027871,16,4,2023,18:15,1,1,5,91,91228,2,4,2,1,1
202300027872,1,8,2023,15:40,1,1,2,81,81156,1,3,2,2,1
202300027873,7,3,2023,19:20,5,1,6,75,75101,2,4,1,1,2
202300027873,7,3,2023,19:20,5,1,6,75,75101,2,4,1,1,2
202300027874,25,5,2023,21:35,1,1,6,29,29019,2,4,2,1,1
202300027875,23,1,2023,22:35,5,1,3,94,94041,2,4,1,1,1
202300027875,23,1,2023,22:35,5,1,3,94,94041,2,4,2,1,1
202300027876,1,8,2023,14:25,1,1,1,67,67534,2,3,2,1,1
202300027876,1,8,2023,14:25,1,1,1,67,67534,2,3,2,1,1
202300027877,16,4,2023,16:15,1,1,1,83,83144,2,4,2,1,1
202300027878,7,3,2023,07:18,2,1,1,94,94078,2,3,2,1,1
202300027878,7,3,2023,07:18,2,1,1,94,94078,2,3,-1,1,1
202300027879,24,5,2023,17:29,1,1,3,29,29019,2,4,2,1,1
202300027879,24,5,2023,17:29,1,1,3,29,29019,2,4,2,1,1
202300027880,2,8,2023,14:55,1,2,1,22,22243,1,3,2,1,2
202300027881,23,1,2023,12:10,1,1,2,94,94021,2,3,3,1,1
202300027881,23,1,2023,12:10,1,1,2,94,94021,2,3,3,1,1
202300027882,15,4,2023,15:45,1,1,3,83,83069,2,3,1,1,1
202300027882,15,4,2023,15:45,1,1,3,83,83069,2,3,1,1,1
202300027883,25,5,2023,19:50,1,1,6,28,28134,2,4,2,1,1
202300027883,25,5,2023,19:50,1,1,6,28,28134,2,4,2,1,1
202300027884,7,3,2023,00:00,5,1,6,93,93070,2,3,2,1,1
202300027884,7,3,2023,00:00,5,1,6,93,93070,2,3,3,2,1
202300027885,28,7,2023,12:00,1,1,2,42,42253,1,3,2,1,1
202300027885,28,7,2023,12:00,1,1,2,42,42253,1,3,2,1,1
202300027886,22,1,2023,22:59,5,1,3,93,93072,2,4,2,1,1
202300027886,22,1,2023,22:59,5,1,3,93,93072,2,4,2,1,1
202300027887,7,3,2023,18:10,2,1,6,93,93066,2,4,1,1,1
202300027887,7,3,2023,18:10,2,1,6,93,93066,2,4,1,1,1
202300027888,23,1,2023,07:30,5,1,6,93,93072,2,3,2,1,1
202300027888,23,1,2023,07:30,5,1,6,93,93072,2,3,3,1,1
202300027889,12,4,2023,06:05,2,8,6,74,74012,2,4,1,1,1
202300027890,2,8,2023,11:00,1,1,3,56,56205,1,3,2,1,1
202300027891,25,5,2023,07:40,1,1,3,15,15014,2,4,2,1,1
202300027892,23,1,2023,13:15,1,1,3,93,93064,2,3,2,1,1
202300027893,7,3,2023,14:10,1,8,1,93,93048,2,3,2,1,1
202300027893,7,3,2023,14:10,1,8,1,93,93048,2,3,1,1,1
202300027894,25,5,2023,08:45,1,1,6,13,13103,2,4,2,1,1
202300027895,16,4,2023,20:45,5,1,6,69,69264,2,3,2,2,1
202300027895,16,4,2023,20:45,5,1,6,69,69264,2,3,2,1,1
202300027896,1,8,2023,11:15,1,1,3,59,59546,1,3,2,1,1
202300027897,23,1,2023,15:10,1,1,3,93,93055,2,3,3,1,1
202300027898,24,5,2023,16:57,1,1,7,10,10357,1,4,-1,1,1
202300027899,7,3,2023,15:15,1,1,1,93,93045,2,3,2,1,1
202300027899,7,3,2023,15:15,1,1,1,93,93045,2,3,2,1,1
202300027900,16,4,2023,16:30,1,1,3,69,69259,2,4,2,1,1
202300027900,16,4,2023,16:30,1,1,3,69,69259,2,4,2,1,1
202300027901,23,1,2023,19:30,3,1,3,93,93049,2,4,2,1,1
202300027901,23,1,2023,19:30,3,1,3,93,93049,2,4,1,1,1
202300027902,2,8,2023,14:00,1,6,1,76,76075,2,3,2,1,1
202300027902,2,8,2023,14:00,1,6,1,76,76075,2,3,2,1,1
202300027903,16,4,2023,06:00,3,1,6,69,69290,1,7,2,1,1
202300027904,24,5,2023,12:19,1,1,4,10,10387,2,4,2,2,1
202300027905,2,8,2023,01:48,4,8,7,79,79174,2,4,2,2,1
202300027906,23,1,2023,00:15,5,1,6,93,93049,2,4,1,1,1
202300027906,23,1,2023,00:15,5,1,6,93,93049,2,4,2,2,1
202300027907,7,3,2023,12:25,1,1,6,93,93010,2,3,3,1,1
202300027907,7,3,2023,12:25,1,1,6,93,93010,2,3,2,1,1
202300027908,23,1,2023,16:20,1,1,6,92,92022,2,3,3,1,1
202300027909,15,4,2023,19:45,1,1,3,62,62133,2,3,1,1,1
202300027909,15,4,2023,19:45,1,1,3,62,62133,2,3,1,1,1
202300027910,24,5,2023,10:30,1,1,3,10,10333,2,4,2,1,1
202300027910,24,5,2023,10:30,1,1,3,10,10333,2,4,-1,1,1
202300027911,7,3,2023,18:00,1,1,6,92,92050,2,3,2,1,1
202300027912,16,4,2023,18:30,1,1,6,59,59286,2,4,1,1,1
202300027913,23,1,2023,21:10,5,1,3,92,92050,2,3,1,1,1
202300027913,23,1,2023,21:10,5,1,3,92,92050,2,3,1,1,1
202300027914,24,5,2023,10:55,1,1,6,09,09121,2,4,2,1,1
202300027915,7,3,2023,10:36,1,1,6,92,92040,1,3,2,1,1
202300027916,23,1,2023,19:15,5,1,3,92,92049,2,3,3,1,1
202300027916,23,1,2023,19:15,5,1,3,92,92049,2,3,2,1,1
202300027917,16,4,2023,09:35,1,1,2,56,56260,2,4,4,1,1
202300027918,19,5,2023,23:45,5,1,6,08,08409,2,4,2,1,1
202300027918,19,5,2023,23:45,5,1,6,08,08409,2,4,2,1,1
202300027919,5,3,2023,18:45,2,1,2,92,92025,2,4,1,1,1
202300027920,23,1,2023,09:10,1,1,3,92,92026,2,3,1,1,1
202300027921,25,5,2023,18:20,1,1,3,01,01451,2,3,2,1,1
202300027921,25,5,2023,18:20,1,1,3,01,01451,2,3,2,1,1
202300027922,6,3,2023,22:00,5,1,2,92,92024,2,3,1,1,1
202300027923,16,4,2023,12:15,1,1,3,54,54323,2,3,1,4,1
202300027923,16,4,2023,12:15,1,1,3,54,54323,2,3,2,3,1
202300027924,25,5,2023,09:34,1,1,6,75,75117,2,4,2,1,1
202300027924,25,5,2023,09:34,1,1,6,75,75117,2,4,1,1,1
202300027925,7,3,2023,08:04,1,8,6,92,92024,2,3,2,1,2
202300027926,23,1,2023,20:00,5,1,7,92,92012,2,3,2,1,1
202300027926,23,1,2023,20:00,5,1,7,92,92012,2,3,4,1,1
202300027927,24,5,2023,13:05,1,1,3,75,75105,2,4,-1,1,1
202300027927,24,5,2023,13:05,1,1,3,75,75105,2,4,2,1,1
202300027928,7,3,2023,13:35,1,1,6,92,92023,2,3,2,1,1
202300027929,23,1,2023,21:45,3,2,6,2A,2A211,1,3,2,1,2
202300027930,23,5,2023,13:30,1,1,3,75,75105,2,4,1,1,1
202300027930,23,5,2023,13:30,1,1,3,75,75105,2,4,1,1,1
202300027931,7,3,2023,09:00,1,1,2,92,92012,2,3,2,1,1
202300027932,16,4,2023,13:27,1,1,2,49,49267,2,4,2,1,1
202300027932,16,4,2023,13:27,1,1,2,49,49267,2,4,3,1,1
202300027933,23,5,2023,09:27,1,1,3,75,75105,2,4,2,2,1
202300027933,23,5,2023,09:27,1,1,3,75,75105,2,4,-1,1,1
202300027934,7,3,2023,09:10,1,1,3,92,92002,2,3,2,1,1
202300027935,25,5,2023,18:30,1,1,6,75,75120,2,4,2,2,1
202300027935,25,5,2023,18:30,1,1,6,75,75120,2,4,2,1,1
202300027936,24,1,2023,08:30,1,1,1,01,01248,1,3,2,1,1
202300027937,6,3,2023,09:45,1,8,7,47,47133,1,3,2,2,1
202300027938,25,5,2023,09:00,1,1,2,75,75120,2,4,1,1,1
202300027939,15,4,2023,15:10,1,2,3,42,42218,2,4,1,1,2
202300027939,15,4,2023,15:10,1,2,3,42,42218,2,4,1,2,2
202300027940,24,5,2023,22:15,5,1,6,75,75120,2,4,-1,1,1
202300027940,24,5,2023,22:15,5,1,6,75,75120,2,4,2,1,1
202300027941,5,3,2023,09:24,1,1,3,91,91235,2,3,3,1,1
202300027942,20,1,2023,10:40,1,9,3,86,86221,1,4,2,1,1
202300027942,20,1,2023,10:40,1,9,3,86,86221,1,4,2,1,1
202300027943,15,4,2023,21:25,3,1,7,41,41018,1,3,2,-1,-1
202300027944,25,5,2023,22:10,5,1,3,75,75119,2,4,1,2,1
202300027944,25,5,2023,22:10,5,1,3,75,75119,2,4,1,2,1
202300027945,6,3,2023,10:45,1,1,6,972,97214,2,2,2,1,1
202300027946,16,4,2023,10:35,1,1,3,35,35238,2,4,2,1,1
202300027947,21,1,2023,19:00,3,1,1,33,33030,1,3,2,1,1
202300027948,25,5,2023,17:20,1,1,2,75,75120,2,4,1,1,1
202300027949,19,1,2023,13:30,1,3,7,17,17310,1,3,2,1,2
202300027950,15,4,2023,10:55,1,1,6,35,35115,2,4,1,1,1
202300027951,25,5,2023,19:20,1,1,3,75,75118,2,4,3,1,1
202300027952,5,3,2023,18:45,3,1,4,972,97217,1,2,2,3,1
202300027953,23,1,2023,16:50,1,1,7,46,46137,1,3,2,2,2
202300027954,4,3,2023,21:10,5,1,3,35,35125,2,4,2,1,1
202300027955,25,5,2023,08:00,1,1,3,75,75117,2,4,2,1,1
202300027955,25,5,2023,08:00,1,1,3,75,75117,2,4,2,1,1
202300027956,25,5,2023,15:00,1,1,3,75,75116,2,4,2,1,1
202300027957,7,3,2023,23:00,5,1,7,974,97414,2,9,1,2,1
202300027958,7,3,2023,08:30,1,1,6,22,22239,1,3,2,2,1
202300027959,18,1,2023,07:50,2,1,1,86,86261,1,3,2,2,1
202300027959,18,1,2023,07:50,2,1,1,86,86261,1,3,2,1,1
202300027960,25,5,2023,10:05,1,1,3,75,75115,2,4,1,1,1
202300027960,25,5,2023,10:05,1,1,3,75,75115,2,4,1,1,1
202300027961,16,4,2023,11:00,1,1,5,22,22215,1,3,2,1,1
202300027962,7,3,2023,18:30,5,2,6,62,62181,2,3,2,2,2
202300027963,21,1,2023,19:45,5,1,3,67,67302,1,3,2,1,1
202300027964,25,5,2023,22:10,5,1,3,75,75113,2,4,2,1,1
202300027964,25,5,2023,22:10,5,1,3,75,75113,2,4,2,1,1
202300027965,23,1,2023,11:30,1,1,6,38,38342,2,4,-1,2,7
202300027966,3,4,2023,16:40,1,1,6,19,19272,2,4,3,1,1
202300027967,7,3,2023,20:25,3,1,1,51,51282,1,3,2,1,1
202300027968,25,5,2023,19:25,1,1,6,75,75112,2,4,2,1,1
202300027969,19,1,2023,15:20,1,1,1,62,62869,1,3,2,1,1
202300027970,22,1,2023,16:45,1,1,7,56,56229,1,4,2,2,1
202300027971,17,4,2023,00:55,5,1,5,13,13208,2,4,2,1,1
202300027972,6,3,2023,09:20,1,1,3,51,51380,2,3,2,1,1
202300027972,6,3,2023,09:20,1,1,3,51,51380,2,3,2,1,1
202300027973,25,5,2023,18:30,1,1,3,75,75112,2,4,1,3,1
202300027973,25,5,2023,18:30,1,1,3,75,75112,2,4,1,3,1
202300027974,24,1,2023,20:40,5,1,2,74,74225,2,4,2,1,1
202300027975,16,4,2023,17:30,1,1,4,13,13208,2,4,1,1,1
202300027976,25,5,2023,10:37,1,1,3,75,75112,2,4,1,1,1
202300027977,4,3,2023,10:00,1,1,6,56,56020,1,2,3,2,1
202300027978,24,1,2023,07:15,5,8,3,77,77341,1,3,2,1,1
202300027978,24,1,2023,07:15,5,8,3,77,77341,1,3,2,1,1
202300027979,7,3,2023,06:00,3,1,7,79,79008,1,2,2,1,1
202300027980,25,5,2023,11:36,1,1,3,75,75108,2,4,1,1,1
202300027981,15,4,2023,22:25,5,1,3,13,13203,2,3,1,1,1
202300027982,23,1,2023,14:35,1,1,4,65,65007,1,3,2,1,1
202300027983,25,5,2023,09:15,1,1,3,75,75117,2,4,2,1,1
202300027984,17,1,2023,18:40,5,4,6,61,61168,2,3,2,1,2
202300027985,6,3,2023,23:00,3,1,5,79,79298,1,3,2,1,1
202300027986,25,5,2023,08:45,1,1,6,75,75103,2,4,2,1,1
202300027986,25,5,2023,08:45,1,1,6,75,75103,2,4,2,1,1
202300027987,14,4,2023,23:20,5,8,1,13,13063,2,4,2,2,2
202300027988,6,3,2023,20:20,5,1,7,2B,2B050,2,4,2,2,1
202300027989,23,1,2023,17:30,2,1,1,47,47069,1,3,2,1,1
202300027989,23,1,2023,17:30,2,1,1,47,47069,1,3,2,1,1
202300027990,24,5,2023,20:34,2,1,6,75,75104,2,4,2,1,1
202300027990,24,5,2023,20:34,2,1,6,75,75104,2,4,1,1,1
202300027991,16,4,2023,19:55,1,1,6,08,08105,2,6,-1,1,1
202300027992,24,1,2023,13:15,1,1,6,39,39500,2,3,2,1,1
202300027993,22,1,2023,11:05,1,4,7,38,38324,1,3,2,1,2
202300027994,7,3,2023,14:11,1,2,3,82,82087,1,3,2,1,2
202300027994,7,3,2023,14:11,1,2,3,82,82087,1,3,2,1,2
202300027995,25,5,2023,15:15,1,1,3,94,94046,2,4,1,1,1
202300027995,25,5,2023,15:15,1,1,3,94,94046,2,4,2,1,1
202300027996,16,4,2023,14:30,1,1,6,03,03185,2,3,2,1,1
202300027997,23,1,2023,17:20,2,8,6,70,70120,1,3,2,1,1
202300027998,25,5,2023,19:00,1,1,6,94,94065,2,4,2,1,1
202300027999,15,4,2023,18:15,1,1,2,75,75120,2,4,3,1,1
202300028000,16,1,2023,05:50,3,1,7,66,66150,1,3,2,2,1
202300028001,6,3,2023,14:20,1,1,5,33,33314,1,3,2,4,1
202300028002,25,5,2023,14:05,1,1,3,94,94073,2,3,1,1,1
202300028002,25,5,2023,14:05,1,1,3,94,94073,2,3,3,1,1
202300028003,17,1,2023,11:50,1,1,1,06,06059,1,7,2,1,1
202300028004,15,4,2023,17:00,1,1,5,75,75118,2,4,1,1,1
202300028005,25,5,2023,11:50,1,1,2,94,94065,2,3,2,1,1
202300028005,25,5,2023,11:50,1,1,2,94,94065,2,3,3,1,1
202300028006,7,3,2023,13:15,1,1,2,89,89466,1,3,2,1,1
202300028006,7,3,2023,13:15,1,1,2,89,89466,1,3,2,1,1
202300028007,19,1,2023,15:30,1,3,6,50,50273,1,3,2,1,2
202300028007,19,1,2023,15:30,1,3,6,50,50273,1,3,-1,1,2
202300028008,14,4,2023,13:40,1,2,3,75,75112,2,4,1,1,2
202300028009,23,1,2023,17:30,2,8,3,07,07214,1,3,2,2,2
202300028010,25,5,2023,04:05,5,1,6,94,94077,2,4,1,1,1
202300028011,7,3,2023,16:50,1,1,1,61,61168,1,3,2,2,1
202300028012,17,1,2023,07:40,5,1,6,27,27467,2,3,3,1,1
202300028013,25,5,2023,08:00,1,1,6,93,93059,2,3,3,1,1
202300028014,13,4,2023,23:45,5,1,6,75,75120,2,4,2,1,1
202300028014,13,4,2023,23:45,5,1,6,75,75120,2,4,1,1,1
202300028015,2,3,2023,07:50,2,1,3,61,61298,1,3,2,2,1
202300028016,23,1,2023,20:50,3,1,2,31,31395,1,1,3,1,2
202300028017,25,5,2023,12:50,1,1,3,93,93064,2,4,2,1,1
202300028018,24,1,2023,06:10,3,1,6,06,06149,1,1,3,2,1
202300028019,16,4,2023,18:30,1,1,1,75,75120,2,4,2,1,1
202300028019,16,4,2023,18:30,1,1,1,75,75120,2,4,2,1,1
202300028020,25,5,2023,01:25,5,1,3,93,93055,2,3,2,1,1
202300028021,7,3,2023,07:50,1,1,3,12,12068,2,3,2,4,1
202300028021,7,3,2023,07:50,1,1,3,12,12068,2,3,2,1,1
202300028022,18,1,2023,08:39,1,2,5,38,38064,1,1,3,1,2
202300028023,16,4,2023,13:02,1,1,7,75,75119,2,4,3,1,1
202300028024,6,3,2023,18:20,1,1,6,34,34326,1,3,2,3,1
202300028025,25,5,2023,16:55,1,1,6,93,93050,2,3,3,1,1
202300028026,23,1,2023,13:30,1,1,6,29,29233,2,4,1,2,1
202300028027,16,4,2023,02:15,5,1,6,75,75117,2,4,2,2,1
202300028027,16,4,2023,02:15,5,1,6,75,75117,2,4,1,2,1
202300028028,5,3,2023,16:50,1,1,6,39,39404,1,3,2,2,1
202300028029,23,1,2023,21:45,3,1,6,2B,2B355,1,2,2,2,2
202300028030,25,5,2023,08:15,1,1,6,93,93050,2,3,3,1,1
202300028030,25,5,2023,08:15,1,1,6,93,93050,2,3,2,1,1
202300028031,23,1,2023,17:45,5,3,6,05,05052,2,2,2,1,2
202300028032,7,3,2023,07:00,1,1,7,25,25304,2,3,2,1,1
202300028033,16,4,2023,15:15,1,1,6,75,75113,2,4,1,1,1
202300028033,16,4,2023,15:15,1,1,6,75,75113,2,4,1,2,1
202300028034,25,5,2023,09:25,1,1,3,93,93031,2,3,2,1,1
202300028034,25,5,2023,09:25,1,1,3,93,93031,2,3,2,2,1
202300028035,24,1,2023,12:45,1,1,1,71,71275,1,3,2,1,1
202300028036,16,4,2023,13:20,1,1,2,75,75111,2,4,2,1,1
202300028036,16,4,2023,13:20,1,1,2,75,75111,2,4,2,1,1
202300028037,18,1,2023,18:25,5,2,6,67,67300,2,4,2,1,2
202300028038,7,3,2023,22:00,3,1,7,03,03080,1,3,2,1,1
202300028039,24,5,2023,16:30,1,1,4,93,93008,2,3,1,1,1
202300028040,24,1,2023,08:40,1,1,7,67,67438,1,3,2,1,1
202300028041,24,1,2023,10:00,1,1,6,74,74243,2,4,1,2,1
202300028042,25,5,2023,19:05,1,1,6,93,93001,2,4,1,1,1
202300028043,16,4,2023,20:45,4,1,1,94,94041,2,4,1,1,1
202300028043,16,4,2023,20:45,4,1,1,94,94041,2,4,2,1,1
202300028044,18,2,2023,22:00,5,1,7,58,58095,2,4,2,2,1
202300028045,16,1,2023,10:00,1,4,6,73,73211,1,3,2,2,5
202300028046,24,5,2023,23:40,3,1,6,92,92078,2,3,2,1,1
202300028046,24,5,2023,23:40,3,1,6,92,92078,2,3,2,1,1
202300028047,7,3,2023,11:15,1,1,6,06,06151,1,7,2,1,1
202300028048,23,1,2023,08:30,1,8,5,17,17476,1,3,2,1,1
202300028049,15,4,2023,23:20,5,1,1,93,93071,2,3,2,1,1
202300028049,15,4,2023,23:20,5,1,1,93,93071,2,3,2,1,1
202300028050,6,3,2023,18:50,2,8,6,50,50419,1,3,2,1,1
202300028051,21,1,2023,01:45,3,1,6,29,29042,1,4,2,2,2
202300028052,25,5,2023,12:10,1,1,6,92,92064,2,4,1,1,1
202300028053,16,4,2023,14:56,1,1,2,93,93070,2,3,2,1,1
202300028053,16,4,2023,14:56,1,1,2,93,93070,2,3,2,1,1
202300028054,7,3,2023,12:45,1,1,3,85,85084,1,3,2,2,1
202300028054,7,3,2023,12:45,1,1,3,85,85084,1,3,2,1,1
202300028055,24,1,2023,18:00,2,1,1,60,60360,1,3,2,2,1
202300028056,23,1,2023,05:30,3,1,6,94,94034,1,1,-1,1,1
202300028057,25,5,2023,09:30,1,1,3,92,92044,2,4,1,1,1
202300028057,25,5,2023,09:30,1,1,3,92,92044,2,4,1,1,1
202300028058,16,4,2023,11:00,1,1,3,93,93070,2,4,2,1,1
202300028058,16,4,2023,11:00,1,1,3,93,93070,2,4,1,1,1
202300028059,6,3,2023,19:20,3,1,4,27,27100,1,3,2,1,1
202300028060,25,5,2023,09:45,1,1,6,92,92044,2,4,1,1,1
202300028060,25,5,2023,09:45,1,1,6,92,92044,2,4,1,1,1
202300028061,21,1,2023,20:00,5,1,2,93,93006,1,1,1,2,1
202300028062,21,1,2023,13:40,1,8,2,93,93078,1,1,3,1,2
202300028063,7,3,2023,18:00,1,1,1,28,28386,1,3,2,1,1
202300028064,25,5,2023,10:33,1,1,6,92,92040,2,3,2,1,1
202300028064,25,5,2023,10:33,1,1,6,92,92040,2,3,1,1,1
202300028064,25,5,2023,10:33,1,1,6,92,92040,2,3,-1,1,1
202300028065,16,4,2023,15:30,1,1,2,93,93066,2,3,3,1,1
202300028066,25,5,2023,09:40,1,1,6,92,92036,2,4,2,1,1
202300028067,21,2,2023,19:30,3,1,6,19,19176,1,1,3,2,1
202300028068,13,11,2023,15:41,1,2,6,75,75110,2,4,1,1,2
202300028068,13,11,2023,15:41,1,2,6,75,75110,2,4,1,1,2
202300028069,23,1,2023,18:40,3,1,4,94,94074,1,2,3,1,1
202300028070,24,5,2023,18:18,1,1,6,92,92025,2,4,2,1,1
202300028071,24,2,2023,19:20,3,1,6,72,72031,1,1,3,1,1
202300028072,16,4,2023,15:15,1,1,6,93,93064,2,3,2,1,1
202300028073,13,11,2023,17:25,5,2,2,94,94052,2,3,2,2,2
202300028074,25,5,2023,16:30,1,1,3,92,92024,2,3,1,1,1
202300028075,7,3,2023,10:40,1,1,2,06,06004,1,1,1,1,1
202300028076,16,4,2023,17:20,1,1,3,93,93049,2,4,2,1,1
202300028076,16,4,2023,17:20,1,1,3,93,93049,2,4,1,2,1
202300028077,12,11,2023,18:55,5,2,3,94,94073,2,3,-1,1,2
202300028077,12,11,2023,18:55,5,2,3,94,94073,2,3,-1,1,2
202300028078,25,5,2023,13:30,1,1,3,92,92024,2,3,2,1,1
202300028078,25,5,2023,13:30,1,1,3,92,92024,2,3,1,1,1
202300028079,1,3,2023,08:40,1,1,4,06,06088,1,1,2,2,1
202300028080,13,11,2023,12:10,1,2,2,94,94069,2,3,2,2,2
202300028081,16,4,2023,01:00,5,1,7,93,93032,2,3,3,1,1
202300028082,25,5,2023,09:00,1,1,7,92,92024,2,3,1,1,1
202300028083,7,3,2023,23:10,3,2,2,51,51480,1,1,1,3,2
202300028084,16,4,2023,04:15,5,1,3,92,92073,2,3,3,2,2
202300028085,25,5,2023,18:35,1,1,2,92,92004,2,3,-1,1,1
202300028086,13,11,2023,20:45,5,1,3,93,93071,2,3,2,1,1
202300028087,25,5,2023,20:45,1,1,7,80,80095,1,3,2,1,1
202300028088,16,4,2023,11:00,1,1,6,92,92064,2,3,1,1,1
202300028089,13,11,2023,18:45,5,2,2,93,93010,2,3,1,1,2
202300028090,8,3,2023,13:30,1,1,3,988,98827,1,2,2,1,1
202300028090,8,3,2023,13:30,1,1,3,988,98827,1,2,2,-1,1
202300028091,26,5,2023,07:21,1,1,3,51,51647,1,3,2,1,1
202300028091,26,5,2023,07:21,1,1,3,51,51647,1,3,2,1,1
202300028092,13,11,2023,01:23,5,2,3,93,93057,2,3,1,1,2
202300028092,13,11,2023,01:23,5,2,3,93,93057,2,3,3,1,2
202300028093,26,5,2023,13:00,1,1,6,973,97362,2,4,2,1,1
202300028094,7,3,2023,12:00,1,1,7,988,98826,1,3,2,1,1
202300028095,16,4,2023,18:40,3,1,4,974,97415,1,2,3,1,1
202300028096,24,5,2023,12:25,1,1,2,49,49092,1,3,2,1,1
202300028097,13,11,2023,20:35,5,8,3,93,93005,2,4,2,1,2
202300028097,13,11,2023,20:35,5,8,3,93,93005,2,4,1,1,2
202300028098,13,11,2023,08:40,1,2,6,93,93001,2,4,1,1,2
202300028099,26,5,2023,11:00,1,1,1,44,44041,1,3,2,1,1
202300028100,6,3,2023,17:30,1,1,2,66,66164,1,3,3,1,1
202300028101,13,11,2023,09:15,1,2,3,92,92078,2,4,3,1,2
202300028102,25,5,2023,19:30,1,1,1,28,28061,1,3,2,1,1
202300028103,6,3,2023,10:20,1,1,2,83,83066,1,3,2,2,1
202300028104,13,11,2023,19:56,5,2,7,92,92072,2,3,2,1,2
202300028105,13,11,2023,07:35,2,2,6,92,92050,2,4,2,1,2
202300028106,24,5,2023,11:10,1,1,6,63,63399,1,4,2,1,1
202300028107,14,2,2023,09:21,1,1,1,73,73050,1,3,2,1,1