id_accident,jour,mois,annee,heure_minute,luminosite,meteo,type_collision,departement,commune,agglomeration,categorie_route,regime_circulation,profil_route,etat_surface
202300028108,13,11,2023,20:20,5,2,6,92,92040,2,3,2,1,2
202300028108,13,11,2023,20:20,5,2,6,92,92040,2,3,1,1,2
202300028109,24,5,2023,18:55,1,1,1,59,59653,1,7,2,1,1
202300028109,24,5,2023,18:55,1,1,1,59,59653,1,7,2,1,1
202300028110,13,11,2023,08:00,2,2,7,92,92040,2,4,-1,1,2
202300028111,21,5,2023,19:45,3,1,7,974,97413,1,3,2,1,1
202300028112,3,3,2023,07:30,2,1,3,72,72154,2,3,2,1,1
202300028113,13,11,2023,11:05,1,2,6,92,92036,2,4,1,1,2
202300028114,6,3,2023,13:45,1,1,7,27,27287,1,3,2,2,1
202300028115,24,5,2023,14:15,1,1,2,34,34123,1,2,3,1,1
202300028116,13,11,2023,15:40,1,2,1,92,92012,2,3,-1,1,2
202300028117,16,5,2023,20:00,1,1,6,62,62234,1,3,2,1,1
202300028118,25,5,2023,23:55,3,1,7,62,62068,1,3,2,1,1
202300028119,7,3,2023,18:07,1,2,3,13,13202,1,1,1,1,2
202300028120,12,11,2023,21:45,5,2,2,92,92002,2,3,1,1,2
202300028121,24,5,2023,18:20,1,1,3,56,56126,1,3,2,1,1
202300028122,13,11,2023,20:20,5,3,6,62,62447,2,3,2,1,2
202300028122,13,11,2023,20:20,5,3,6,62,62447,2,3,2,1,2
202300028123,6,3,2023,20:25,5,1,5,69,69259,1,7,3,1,1
202300028124,25,5,2023,17:00,1,1,3,56,56164,1,4,2,1,1
202300028124,25,5,2023,17:00,1,1,3,56,56164,1,4,2,1,1
202300028125,13,11,2023,07:30,2,1,1,84,84037,1,3,2,1,1
202300028126,26,5,2023,16:30,1,1,1,65,65031,1,3,2,1,1
202300028127,5,3,2023,05:00,3,2,5,59,59530,1,1,-1,1,2
202300028128,13,11,2023,17:35,3,2,1,01,01075,1,4,2,2,2
202300028129,7,3,2023,09:35,1,1,2,94,94003,1,1,3,1,1
202300028130,13,11,2023,12:13,1,2,6,37,37008,1,1,3,1,2
202300028131,26,5,2023,08:06,1,1,3,71,71484,1,3,2,1,1
202300028131,26,5,2023,08:06,1,1,3,71,71484,1,3,2,1,1
202300028132,13,11,2023,00:00,3,2,6,62,62784,1,3,2,3,2
202300028133,7,3,2023,01:50,4,1,2,92,92050,1,1,1,2,1
202300028134,26,5,2023,13:00,1,7,2,71,71392,2,3,2,1,1
202300028134,26,5,2023,13:00,1,7,2,71,71392,2,3,2,1,1
202300028135,14,11,2023,15:29,1,1,1,34,34077,1,3,2,1,1
202300028136,23,5,2023,15:00,1,1,3,71,71543,2,3,2,1,1
202300028137,6,3,2023,07:10,2,1,4,78,78490,1,2,1,1,1
202300028138,6,3,2023,08:05,1,1,7,92,92063,1,1,1,1,1
202300028139,26,5,2023,18:30,1,1,2,89,89232,1,3,2,4,1
202300028140,13,11,2023,12:15,1,2,4,51,51211,1,3,2,1,2
202300028140,13,11,2023,12:15,1,2,4,51,51211,1,3,2,2,2
202300028141,7,3,2023,17:00,1,1,2,94,94069,1,1,1,1,1
202300028142,3,3,2023,15:30,1,1,6,75,75115,2,4,1,1,1
202300028142,3,3,2023,15:30,1,1,6,75,75115,2,4,1,1,1
202300028143,26,5,2023,11:15,1,1,6,12,12133,2,4,2,4,1
202300028144,14,11,2023,07:20,3,8,5,59,59159,1,3,2,1,2
202300028145,5,3,2023,19:10,5,1,7,75,75105,2,4,2,2,1
202300028145,5,3,2023,19:10,5,1,7,75,75105,2,4,1,1,1
202300028146,24,5,2023,11:30,1,1,6,42,42230,2,4,2,1,1
202300028146,24,5,2023,11:30,1,1,6,42,42230,2,4,2,1,-1
202300028147,14,11,2023,11:50,1,2,7,79,79322,1,3,2,1,2
202300028148,6,3,2023,09:30,1,1,7,75,75120,2,4,1,1,1
202300028148,6,3,2023,09:30,1,1,7,75,75120,2,4,1,1,1
202300028149,25,5,2023,06:35,1,7,3,42,42289,2,3,2,1,1
202300028149,25,5,2023,06:35,1,7,3,42,42289,2,3,1,1,1
202300028150,14,11,2023,07:30,2,5,6,82,82189,2,3,2,1,1
202300028151,6,3,2023,10:08,1,1,3,75,75119,2,4,3,1,1
202300028152,23,5,2023,17:30,1,1,2,46,46185,1,3,2,1,1
202300028153,6,3,2023,08:55,1,1,3,75,75119,2,4,2,1,1
202300028153,6,3,2023,08:55,1,1,3,75,75119,2,4,2,1,1
202300028154,25,5,2023,09:20,1,1,6,34,34219,2,3,2,1,1
202300028155,13,11,2023,17:50,3,1,6,11,11220,1,3,2,1,1
202300028156,6,3,2023,19:20,5,1,2,75,75115,2,4,1,1,1
202300028156,6,3,2023,19:20,5,1,2,75,75115,2,4,1,1,1
202300028157,22,5,2023,18:00,1,1,6,22,22085,1,3,2,1,1
202300028158,14,11,2023,08:00,2,2,7,89,89382,2,3,2,1,2
202300028159,5,3,2023,12:30,1,1,2,75,75115,2,4,1,1,1
202300028159,5,3,2023,12:30,1,1,2,75,75115,2,4,1,1,1
202300028160,20,5,2023,16:35,1,1,3,22,22221,1,3,2,1,1
202300028161,14,11,2023,09:25,1,3,3,86,86148,1,3,2,1,2
202300028161,14,11,2023,09:25,1,3,3,86,86148,1,3,2,1,2
202300028162,6,3,2023,18:00,2,1,3,75,75111,2,4,1,1,1
202300028162,6,3,2023,18:00,2,1,3,75,75111,2,4,1,1,1
202300028163,25,5,2023,16:52,1,1,1,02,02341,1,3,2,2,1
202300028164,13,11,2023,17:25,2,1,6,34,34150,2,3,2,1,1
202300028165,6,3,2023,15:40,1,8,2,75,75111,2,4,1,2,1
202300028165,6,3,2023,15:40,1,8,2,75,75111,2,4,1,1,1
202300028166,26,5,2023,17:20,1,1,1,70,70228,2,4,1,1,1
202300028166,26,5,2023,17:20,1,1,1,70,70228,2,4,1,2,1
202300028167,8,11,2023,07:18,1,1,5,34,34130,1,3,2,1,1
202300028167,8,11,2023,07:18,1,1,5,34,34130,1,3,2,1,1
202300028168,26,5,2023,16:15,1,1,1,66,66167,1,2,2,2,1
202300028169,6,3,2023,09:05,1,1,3,75,75109,2,4,1,1,1
202300028169,6,3,2023,09:05,1,1,3,75,75109,2,4,1,1,1
202300028170,26,5,2023,04:45,3,1,7,66,66053,1,3,2,3,1
202300028171,30,10,2023,13:50,1,2,3,25,25564,1,3,2,2,2
202300028172,26,5,2023,15:00,1,1,2,14,14086,1,3,3,1,1
202300028173,5,3,2023,15:20,1,1,1,75,75104,2,4,-1,1,1
202300028173,5,3,2023,15:20,1,1,1,75,75104,2,4,2,1,1
202300028174,26,5,2023,01:45,3,1,6,14,14143,1,3,2,1,1
202300028175,26,5,2023,13:45,1,1,6,60,60444,1,3,2,1,1
202300028176,6,3,2023,16:05,1,8,6,94,94067,2,3,2,1,1
202300028177,14,11,2023,11:55,1,1,1,38,38347,1,3,2,1,1
202300028178,22,5,2023,13:32,1,1,2,45,45182,1,3,2,1,1
202300028179,6,3,2023,18:15,1,1,3,93,93048,2,3,2,1,1
202300028179,6,3,2023,18:15,1,1,3,93,93048,2,3,1,1,1
202300028180,13,11,2023,15:10,1,3,2,45,45272,1,3,2,1,2
202300028181,6,3,2023,17:20,1,1,6,93,93048,2,3,2,1,1
202300028182,26,5,2023,17:47,1,1,1,64,64152,1,3,2,1,1
202300028182,26,5,2023,17:47,1,1,1,64,64152,1,3,2,1,1
202300028183,12,11,2023,19:15,3,2,3,27,27103,2,3,2,1,2
202300028184,6,3,2023,13:45,1,1,2,93,93014,2,3,2,2,1
202300028185,24,5,2023,18:40,1,1,3,53,53036,1,4,2,1,1
202300028185,24,5,2023,18:40,1,1,3,53,53036,1,4,2,2,1
202300028186,24,5,2023,02:00,3,1,7,53,53141,1,3,1,2,1
202300028187,13,11,2023,20:00,5,2,1,37,37211,2,3,2,1,2
202300028188,6,3,2023,13:50,1,1,4,93,93047,2,4,1,1,1
202300028189,14,11,2023,14:10,1,3,7,68,68375,2,4,2,1,2
202300028190,26,5,2023,12:15,1,1,1,27,27426,1,3,2,1,1
202300028190,26,5,2023,12:15,1,1,1,27,27426,1,3,2,2,1
202300028191,5,3,2023,13:00,1,1,6,93,93001,2,3,2,1,1
202300028192,25,5,2023,18:07,1,1,3,28,28206,1,3,2,1,1
202300028192,25,5,2023,18:07,1,1,3,28,28206,1,3,2,1,1
202300028193,5,3,2023,10:30,1,1,3,92,92050,2,4,1,1,1
202300028194,14,11,2023,15:00,1,1,4,31,31107,1,1,3,1,1
202300028195,26,5,2023,13:30,1,1,3,87,87205,1,3,2,1,1
202300028195,26,5,2023,13:30,1,1,3,87,87205,1,3,-1,1,-1
202300028196,6,3,2023,10:30,1,1,5,33,33162,1,1,3,1,1
202300028197,14,11,2023,15:26,1,1,4,31,31107,1,1,3,1,1
202300028198,24,5,2023,20:05,1,1,1,78,78571,1,3,2,2,1
202300028199,6,3,2023,15:50,1,1,2,92,92060,1,2,3,1,1
202300028200,26,5,2023,19:35,1,1,6,06,06079,1,1,1,1,1
202300028201,13,11,2023,12:20,1,2,3,03,03193,1,1,3,4,2
202300028202,6,3,2023,08:56,1,1,3,94,94003,1,1,1,2,1
202300028203,26,5,2023,07:00,1,1,2,06,06149,1,1,3,2,1
202300028204,12,11,2023,08:55,1,2,6,01,01228,1,1,1,2,2
202300028205,25,5,2023,18:45,1,1,2,51,51571,1,1,3,1,1
202300028206,13,11,2023,18:15,3,8,3,78,78571,1,3,2,2,2
202300028207,6,3,2023,08:35,1,1,4,91,91589,1,1,1,1,1
202300028208,6,3,2023,06:30,3,1,6,91,91521,1,1,3,1,1
202300028209,26,5,2023,16:05,1,1,1,69,69072,2,4,2,1,1
202300028210,13,11,2023,21:14,3,3,5,90,90097,1,1,3,1,2
202300028211,13,11,2023,20:35,5,2,6,68,68118,1,3,2,2,2
202300028212,6,3,2023,18:40,5,1,3,93,93048,1,1,3,1,1
202300028213,25,5,2023,21:40,5,2,1,988,98817,2,3,2,1,2
202300028213,25,5,2023,21:40,5,2,1,988,98817,2,3,2,-1,2
202300028214,6,3,2023,17:00,1,1,2,95,95212,1,1,3,1,1
202300028215,25,5,2023,08:40,1,1,3,972,97228,1,2,2,3,1
202300028216,13,11,2023,18:10,2,1,1,13,13025,1,3,2,1,1
202300028217,5,3,2023,11:05,1,1,6,95,95306,1,1,3,1,1
202300028218,26,5,2023,05:30,2,1,1,18,18207,1,2,2,1,2
202300028219,4,3,2023,21:10,3,1,6,93,93027,1,1,3,1,1
202300028220,26,5,2023,08:30,1,1,6,78,78380,2,3,2,1,1
202300028220,26,5,2023,08:30,1,1,6,78,78380,2,3,2,1,1
202300028221,14,11,2023,13:15,1,2,3,78,78655,1,3,2,1,2
202300028222,5,3,2023,04:50,3,1,2,93,93005,1,1,3,2,1
202300028223,25,5,2023,02:00,3,1,3,83,83107,2,4,2,1,1
202300028224,6,3,2023,09:55,1,1,5,94,94028,1,1,1,1,1
202300028225,13,11,2023,15:05,1,1,3,34,34199,1,3,2,1,1
202300028225,13,11,2023,15:05,1,1,3,34,34199,1,3,2,1,1
202300028226,26,5,2023,16:15,1,1,1,21,21371,1,3,2,1,1
202300028227,10,11,2023,06:50,3,2,6,83,83112,1,3,3,1,2
202300028228,25,5,2023,15:50,1,1,7,67,67188,1,3,2,1,1
202300028229,6,3,2023,08:20,1,1,5,94,94017,1,1,1,1,1
202300028230,26,5,2023,18:54,1,1,6,54,54437,1,3,2,4,1
202300028231,6,3,2023,07:20,5,1,2,94,94052,1,1,-1,1,1
202300028232,25,5,2023,14:00,1,1,3,38,38374,1,3,4,1,1
202300028232,25,5,2023,14:00,1,1,3,38,38374,1,3,2,1,1
202300028233,13,11,2023,18:15,3,3,4,89,89037,1,1,3,2,2
202300028234,6,3,2023,07:00,2,1,4,93,93051,1,1,3,1,1
202300028235,13,5,2023,15:40,1,1,2,38,38035,1,3,2,1,1
202300028235,13,5,2023,15:40,1,1,2,38,38035,1,3,2,1,1
202300028236,13,11,2023,17:45,5,2,6,67,67544,2,3,2,1,2
202300028237,2,3,2023,21:00,5,1,3,973,97302,2,4,2,1,1
202300028238,23,5,2023,17:35,1,1,1,26,26196,1,4,2,1,1
202300028239,12,11,2023,02:00,5,2,6,42,42056,2,3,2,1,2
202300028239,12,11,2023,02:00,5,2,6,42,42056,2,3,2,2,2
202300028240,5,3,2023,05:09,5,1,3,69,69387,2,4,1,1,1
202300028240,5,3,2023,05:09,5,1,3,69,69387,2,4,1,1,1
202300028241,26,5,2023,12:10,1,7,5,07,07042,1,3,2,1,1
202300028242,5,3,2023,11:55,1,1,6,69,69382,2,4,1,1,1
202300028243,14,11,2023,08:50,1,2,3,42,42299,2,4,2,1,2
202300028244,25,5,2023,09:30,1,1,3,86,86123,1,3,2,1,1
202300028244,25,5,2023,09:30,1,1,3,86,86123,1,3,2,1,1
202300028245,14,11,2023,09:00,1,1,6,07,07324,2,3,-1,1,2
202300028246,5,3,2023,13:10,1,1,3,91,91589,2,4,2,1,1
202300028246,5,3,2023,13:10,1,1,3,91,91589,2,4,2,1,1
202300028247,25,5,2023,23:45,3,1,6,33,33366,1,3,2,2,1
202300028248,14,11,2023,11:35,1,1,1,69,69296,1,3,2,1,1
202300028248,14,11,2023,11:35,1,1,1,69,69296,1,3,2,2,1
202300028249,25,5,2023,19:00,1,1,2,33,33080,1,3,2,1,1
202300028250,5,3,2023,19:15,5,1,3,81,81004,2,4,1,1,1
202300028250,5,3,2023,19:15,5,1,3,81,81004,2,4,2,1,1
202300028251,13,11,2023,19:00,3,1,6,69,69249,1,3,2,2,2
202300028252,25,5,2023,09:45,1,1,3,33,33422,2,3,3,1,1
202300028253,30,10,2023,21:40,3,1,6,47,47157,2,4,2,1,2
202300028254,25,5,2023,20:30,2,1,3,22,22178,1,3,1,1,1
202300028254,25,5,2023,20:30,2,1,3,22,22178,1,3,-1,1,1
202300028255,5,3,2023,15:20,1,1,3,69,69282,2,4,2,1,1
202300028256,12,11,2023,18:35,5,1,3,33,33449,1,3,2,1,1
202300028257,26,5,2023,17:45,1,1,2,60,60107,1,3,3,1,1
202300028258,5,3,2023,13:00,1,1,3,69,69266,2,4,2,1,1
202300028258,5,3,2023,13:00,1,1,3,69,69266,2,4,2,1,1
202300028259,10,11,2023,22:14,5,2,3,33,33280,1,3,2,1,2
202300028259,10,11,2023,22:14,5,2,3,33,33280,1,3,2,1,2
202300028260,18,5,2023,04:15,3,1,4,13,13056,1,1,1,1,1
202300028261,5,3,2023,07:25,2,1,3,69,69266,2,4,1,1,1
202300028261,5,3,2023,07:25,2,1,3,69,69266,2,4,1,1,1
202300028262,14,11,2023,08:00,3,2,1,61,61074,1,3,2,2,2
202300028263,25,5,2023,07:50,1,3,4,13,13071,1,1,1,2,2
202300028264,10,11,2023,18:30,5,2,1,14,14047,2,4,2,1,2
202300028265,23,2,2023,13:25,1,1,6,59,59021,2,3,2,1,1
202300028265,23,2,2023,13:25,1,1,6,59,59021,2,3,2,1,1
202300028266,21,5,2023,19:20,1,1,6,67,67447,1,7,3,1,1
202300028267,9,11,2023,09:05,1,1,1,27,27070,1,3,-1,1,2
202300028268,4,3,2023,15:30,1,1,1,44,44109,2,4,3,1,1
202300028269,12,11,2023,21:20,3,1,6,60,60355,1,2,1,2,1
202300028270,25,5,2023,17:45,1,1,3,94,94021,1,1,1,1,1
202300028271,4,3,2023,17:10,1,1,3,42,42218,2,4,2,1,1
202300028272,10,11,2023,16:40,1,1,2,69,69259,1,7,3,1,1
202300028273,25,5,2023,17:27,1,1,2,91,91553,1,2,1,1,1
202300028274,4,3,2023,10:50,1,1,6,34,34172,2,4,2,1,1
202300028275,13,11,2023,07:50,1,2,6,69,69271,1,7,2,4,2
202300028276,13,11,2023,01:20,3,2,6,42,42218,1,1,3,1,2
202300028277,25,5,2023,14:21,1,1,4,78,78007,1,1,-1,3,1
202300028278,5,3,2023,18:30,1,1,3,33,33063,2,4,3,1,1
202300028278,5,3,2023,18:30,1,1,3,33,33063,2,4,1,1,1
202300028279,8,11,2023,15:25,1,1,2,57,57206,1,1,1,2,1
202300028280,5,3,2023,18:15,2,1,1,30,30243,1,3,2,2,1
202300028281,25,5,2023,11:15,1,1,3,92,92047,1,1,-1,1,1
202300028282,13,11,2023,19:55,4,1,6,33,33281,1,1,3,1,1
202300028283,25,5,2023,08:00,1,1,2,78,78362,1,1,1,1,1
202300028284,5,3,2023,09:40,1,1,3,30,30007,2,4,2,1,1
202300028284,5,3,2023,09:40,1,1,3,30,30007,2,4,2,2,1
202300028285,9,9,2023,10:40,1,1,6,06,06088,2,4,1,1,1
202300028286,13,11,2023,18:01,2,2,4,33,33065,1,2,3,2,2
202300028287,25,5,2023,07:05,1,1,2,78,78029,1,1,-1,1,1
202300028288,4,9,2023,08:40,2,7,6,03,03321,2,3,2,1,1
202300028289,9,11,2023,20:15,3,2,7,62,62528,1,1,1,1,2
202300028290,24,2,2023,04:15,5,2,1,13,13211,2,4,1,1,2
202300028291,8,9,2023,18:55,1,1,6,75,75112,2,4,1,1,1
202300028292,25,5,2023,16:30,1,1,5,93,93007,1,1,3,1,1
202300028293,5,3,2023,03:45,5,1,3,13,13211,2,4,2,1,1
202300028294,13,11,2023,16:15,1,1,3,91,91521,1,2,3,1,2
202300028295,7,9,2023,16:05,1,1,3,75,75118,2,4,1,1,1
202300028296,25,5,2023,05:20,5,1,2,93,93066,1,1,1,1,1
202300028297,5,3,2023,14:25,1,1,3,13,13205,2,4,2,1,1
202300028298,13,11,2023,06:50,4,2,5,91,91521,1,2,1,2,2
202300028299,5,3,2023,06:40,1,1,6,13,13204,2,4,3,1,1
202300028300,9,9,2023,16:50,1,1,6,75,75119,2,4,1,1,1
202300028301,24,5,2023,23:40,3,1,2,93,93007,1,1,3,1,1
202300028302,4,3,2023,19:40,2,1,3,13,13047,1,3,2,1,1
202300028303,13,11,2023,08:30,1,2,2,78,78646,1,2,1,1,2
202300028304,24,5,2023,19:10,1,1,4,93,93006,1,1,3,1,1
202300028305,9,9,2023,13:26,1,1,6,75,75119,2,4,2,2,1
202300028305,9,9,2023,13:26,1,1,6,75,75119,2,4,-1,1,1
202300028306,12,11,2023,23:16,3,2,6,92,92025,1,1,1,2,2
202300028307,24,5,2023,18:20,1,1,3,93,93027,1,1,3,1,1
202300028308,9,9,2023,12:30,1,1,6,75,75118,2,4,2,1,1
202300028309,4,3,2023,10:30,1,8,5,95,95527,1,9,1,1,1
202300028310,13,11,2023,16:30,2,2,6,93,93027,1,1,1,1,2
202300028311,24,5,2023,18:00,1,1,2,93,93006,1,1,1,2,1
202300028312,13,11,2023,12:00,1,2,6,95,95018,1,1,1,2,2
202300028313,8,9,2023,23:25,5,1,3,75,75117,2,4,2,2,1
202300028313,8,9,2023,23:25,5,1,3,75,75117,2,4,1,2,1
202300028314,4,3,2023,05:50,5,1,5,75,75117,2,4,1,1,1
202300028315,24,5,2023,14:00,1,1,3,92,92036,1,1,3,1,1
202300028316,13,11,2023,09:25,1,2,3,93,93005,1,1,3,1,2
202300028317,3,3,2023,21:05,2,1,3,75,75112,2,4,1,1,1
202300028318,9,9,2023,13:30,1,1,6,75,75115,2,4,-1,1,1
202300028318,9,9,2023,13:30,1,1,6,75,75115,2,4,1,1,1
202300028319,24,5,2023,11:30,1,1,2,93,93063,1,1,3,1,1
202300028320,13,11,2023,05:00,3,2,6,93,93027,1,1,1,3,2
202300028321,3,3,2023,18:00,5,1,4,75,75118,2,4,1,1,1
202300028322,24,5,2023,12:00,1,1,4,94,94069,1,1,3,1,1
202300028323,8,9,2023,09:30,1,1,2,75,75115,2,4,1,1,1
202300028323,8,9,2023,09:30,1,1,2,75,75115,2,4,1,1,1
202300028324,4,3,2023,11:30,1,1,2,75,75116,2,4,2,1,1
202300028325,12,11,2023,22:41,3,2,3,93,93078,1,1,3,1,2
202300028326,9,9,2023,19:40,2,1,7,75,75110,2,4,-1,1,1
202300028326,9,9,2023,19:40,2,1,7,75,75110,2,4,1,2,1
202300028327,13,11,2023,08:45,1,2,3,77,77249,1,2,2,2,2
202300028328,24,5,2023,09:00,1,1,4,77,77251,1,2,3,1,1
202300028329,5,3,2023,20:00,5,1,3,75,75115,2,4,2,1,1
202300028329,5,3,2023,20:00,5,1,3,75,75115,2,4,2,1,1
202300028330,9,9,2023,00:15,5,1,2,75,75109,2,4,1,1,1
202300028331,9,1,2023,15:50,1,1,6,44,44055,2,4,1,1,1
202300028332,13,11,2023,07:50,1,8,3,77,77083,1,1,1,1,1
202300028333,5,3,2023,01:35,5,1,6,75,75112,2,4,2,1,1
202300028333,5,3,2023,01:35,5,1,6,75,75112,2,4,1,1,1
202300028334,12,11,2023,22:00,3,3,6,94,94073,1,1,1,1,2
202300028335,9,9,2023,01:25,5,1,1,75,75107,2,4,2,1,1
202300028336,24,5,2023,13:15,1,1,3,91,91286,2,4,-1,1,1
202300028336,24,5,2023,13:15,1,1,3,91,91286,2,4,2,1,1
202300028337,12,11,2023,03:50,5,3,4,94,94052,1,1,-1,1,2
202300028338,24,5,2023,09:25,1,1,6,75,75112,2,4,1,1,1
202300028338,24,5,2023,09:25,1,1,6,75,75112,2,4,-1,1,1
202300028339,9,9,2023,16:11,1,1,4,94,94015,2,3,2,1,1
202300028340,24,5,2023,11:08,1,1,6,94,94076,2,3,2,1,1
202300028341,9,9,2023,09:00,1,1,6,94,94041,2,3,3,1,1
202300028342,5,3,2023,09:41,1,1,3,75,75103,2,4,2,1,1
202300028342,5,3,2023,09:41,1,1,3,75,75103,2,4,2,1,1
202300028343,9,4,2023,17:50,1,1,3,14,14040,2,3,2,2,1
202300028343,9,4,2023,17:50,1,1,3,14,14040,2,3,-1,4,1
202300028344,9,9,2023,19:10,1,7,6,94,94028,2,4,-1,1,1
202300028345,20,5,2023,13:30,1,1,6,62,62842,2,4,2,1,1
202300028346,5,3,2023,05:05,5,1,6,75,75104,2,4,1,1,1
202300028346,5,3,2023,05:05,5,1,6,75,75104,2,4,1,1,1
202300028347,10,11,2023,18:45,5,1,6,59,59599,2,4,-1,1,2
202300028348,9,9,2023,17:10,1,1,2,94,94028,2,3,1,1,1
202300028349,24,5,2023,06:00,3,2,3,974,97416,2,4,2,2,2
202300028349,24,5,2023,06:00,3,2,3,974,97416,2,4,2,1,2
202300028350,4,3,2023,03:56,5,1,3,75,75103,2,4,1,1,1
202300028350,4,3,2023,03:56,5,1,3,75,75103,2,4,1,1,1
202300028351,9,9,2023,13:00,1,1,2,94,94077,2,3,-1,1,1
202300028351,9,9,2023,13:00,1,1,2,94,94077,2,3,1,1,1
202300028352,11,11,2023,11:37,1,1,4,988,98818,2,4,2,1,1
202300028353,5,3,2023,04:30,5,1,2,94,94081,2,3,2,1,1
202300028354,24,5,2023,14:00,1,1,3,973,97302,2,3,2,1,1
202300028354,24,5,2023,14:00,1,1,3,973,97302,2,3,2,1,1
202300028355,9,9,2023,19:10,2,7,7,94,94004,2,2,1,1,1
202300028356,16,2,2023,23:15,5,1,2,93,93070,2,4,2,1,1
202300028357,12,11,2023,06:45,1,2,3,974,97416,1,2,3,1,2
202300028358,24,5,2023,14:00,1,1,3,973,97302,2,4,2,1,1
202300028359,9,9,2023,13:50,1,1,3,93,93050,2,3,3,1,1
202300028359,9,9,2023,13:50,1,1,3,93,93050,2,3,2,1,1
202300028360,5,3,2023,19:45,5,1,3,93,93064,2,3,2,1,1
202300028361,9,9,2023,14:30,1,1,6,92,92040,2,3,1,1,1
202300028362,24,5,2023,07:00,1,1,2,972,97213,2,3,1,1,1
202300028363,12,11,2023,18:50,5,1,3,974,97411,2,4,1,1,1
202300028363,12,11,2023,18:50,5,1,3,974,97411,2,4,2,1,1
202300028364,5,3,2023,10:20,1,1,6,93,93064,2,4,1,1,1
202300028365,9,9,2023,01:50,5,1,2,92,92024,2,3,1,1,1
202300028366,24,5,2023,11:50,1,1,2,95,95277,2,3,2,1,1
202300028367,10,11,2023,17:45,1,1,6,974,97407,2,4,1,1,1
202300028368,5,3,2023,11:25,1,1,2,93,93055,2,3,2,2,1
202300028368,5,3,2023,11:25,1,1,2,93,93055,2,3,2,1,1
202300028369,24,5,2023,19:20,1,1,6,91,91692,2,4,2,1,1
202300028370,8,9,2023,17:30,1,1,1,60,60440,2,3,2,4,1
202300028370,8,9,2023,17:30,1,1,1,60,60440,2,3,-1,1,1
202300028371,9,11,2023,19:25,5,1,1,973,97302,2,3,2,1,1
202300028372,23,5,2023,17:50,1,1,6,87,87085,2,4,3,2,1
202300028373,5,3,2023,22:30,5,1,1,93,93006,2,3,1,1,1
202300028373,5,3,2023,22:30,5,1,1,93,93006,2,3,2,1,1
202300028374,9,9,2023,18:50,1,1,1,63,63026,2,3,2,1,1
202300028375,23,5,2023,14:56,1,1,6,87,87085,2,6,-1,1,1
202300028376,12,11,2023,00:30,3,1,6,973,97302,2,3,2,1,1
202300028377,5,3,2023,14:30,1,1,3,93,93030,2,3,2,1,1
202300028377,5,3,2023,14:30,1,1,3,93,93030,2,3,2,1,1
202300028378,9,9,2023,06:00,3,1,4,95,95529,1,1,3,1,1
202300028379,22,5,2023,23:25,4,1,6,87,87085,2,6,-1,1,1
202300028380,4,9,2023,15:30,1,1,6,2A,2A348,1,3,2,1,1
202300028381,5,3,2023,07:30,1,1,2,92,92024,2,3,1,1,1
202300028382,24,5,2023,18:35,1,1,6,85,85191,2,4,2,2,1
202300028383,12,11,2023,06:55,1,1,3,69,69387,2,4,2,1,2
202300028383,12,11,2023,06:55,1,1,3,69,69387,2,4,2,1,2
202300028384,9,9,2023,18:18,1,1,1,38,38536,2,3,1,1,1
202300028385,2,3,2023,15:30,1,1,6,39,39517,1,3,2,1,1
202300028386,22,5,2023,16:15,1,1,3,83,83123,2,4,2,1,1
202300028386,22,5,2023,16:15,1,1,3,83,83123,2,4,2,3,1
202300028387,27,2,2023,07:00,5,1,6,80,80523,2,3,2,1,1
202300028388,12,11,2023,10:10,1,2,6,69,69202,2,4,2,2,2
202300028388,12,11,2023,10:10,1,2,6,69,69202,2,4,2,1,2
202300028389,9,9,2023,16:50,1,1,6,16,16013,1,3,2,2,1
202300028390,9,9,2023,13:45,1,7,7,43,43108,1,3,2,2,1
202300028391,23,5,2023,20:00,1,1,6,78,78621,2,3,2,1,1
202300028391,23,5,2023,20:00,1,1,6,78,78621,2,3,2,2,1
202300028392,11,11,2023,15:45,1,1,2,69,69389,2,4,1,1,1
202300028392,11,11,2023,15:45,1,1,2,69,69389,2,4,2,1,1
202300028393,9,9,2023,11:40,1,1,5,33,33221,1,3,2,1,1
202300028394,11,11,2023,17:50,2,1,6,971,97101,2,3,2,1,1
202300028395,4,3,2023,11:20,1,1,5,21,21214,1,1,3,1,1
202300028396,9,9,2023,15:30,1,1,2,06,06161,2,3,1,1,1
202300028397,24,5,2023,10:30,1,1,2,77,77058,2,4,-1,1,1
202300028398,5,3,2023,20:50,5,2,3,974,97414,2,2,2,2,2
202300028399,12,11,2023,14:05,1,8,1,91,91286,2,4,2,1,2
202300028400,9,9,2023,01:40,3,1,6,81,81273,2,4,2,1,1
202300028401,24,5,2023,09:50,1,1,6,76,76103,1,7,2,1,1
202300028402,4,3,2023,20:25,5,3,5,974,97413,2,2,2,1,2
202300028403,10,9,2023,03:50,3,1,6,28,28173,1,1,3,1,1
202300028404,23,5,2023,18:45,1,1,3,72,72181,2,3,3,1,1
202300028405,8,9,2023,21:15,3,1,7,85,85110,1,3,2,1,1
202300028406,5,3,2023,19:10,3,1,5,46,46225,1,3,2,1,1
202300028407,12,11,2023,17:15,2,1,3,83,83129,2,4,-1,1,1
202300028408,4,3,2023,02:20,3,1,6,47,47218,1,3,2,2,1
202300028409,23,5,2023,18:00,1,1,4,72,72181,2,4,2,1,1
202300028410,8,9,2023,10:40,1,1,1,35,35125,1,3,2,1,1