id_accident,jour,mois,annee,heure_minute,luminosite,meteo,type_collision,departement,commune,agglomeration,categorie_route,regime_circulation,profil_route,etat_surface
202300028411,12,11,2023,23:55,3,8,6,81,81065,1,3,2,2,2
202300028412,4,3,2023,06:35,2,8,6,22,22328,1,3,2,1,1
202300028412,4,3,2023,06:35,2,8,6,22,22328,1,3,2,1,1
202300028413,23,5,2023,06:25,1,1,3,72,72181,2,4,2,1,1
202300028414,4,3,2023,22:55,3,1,7,03,03197,1,3,2,2,1
202300028415,24,5,2023,18:00,1,1,6,69,69275,2,4,2,1,1
202300028416,4,3,2023,19:45,5,1,6,70,70084,2,4,2,1,1
202300028417,9,9,2023,12:14,1,1,2,50,50615,1,2,3,2,1
202300028418,6,3,2023,15:05,1,1,7,06,06059,2,7,2,2,1
202300028419,22,5,2023,05:15,2,1,3,67,67482,2,4,2,1,1
202300028420,8,9,2023,19:00,1,1,3,22,22020,1,4,2,1,1
202300028420,8,9,2023,19:00,1,1,3,22,22020,1,4,2,1,1
202300028421,4,3,2023,20:00,3,1,6,14,14726,1,3,2,1,1
202300028421,4,3,2023,20:00,3,1,6,14,14726,1,3,2,1,1
202300028422,24,5,2023,17:50,1,1,6,64,64348,2,4,2,1,1
202300028423,12,11,2023,21:00,3,2,2,77,77468,2,4,3,1,2
202300028423,12,11,2023,21:00,3,2,2,77,77468,2,4,2,1,2
202300028424,8,9,2023,13:25,1,1,2,83,83131,2,3,2,1,1
202300028425,27,2,2023,16:43,1,1,1,90,90015,1,2,2,1,1
202300028426,23,5,2023,23:30,5,3,6,64,64445,2,4,2,1,2
202300028427,8,9,2023,08:45,1,7,6,62,62438,2,4,2,1,1
202300028428,12,11,2023,14:25,1,2,1,77,77249,1,3,2,1,2
202300028429,5,3,2023,15:25,1,1,1,83,83040,1,3,2,1,1
202300028430,12,11,2023,13:10,1,2,1,77,77449,1,4,1,1,2
202300028431,9,9,2023,17:25,1,1,3,30,30331,1,3,2,2,1
202300028432,5,3,2023,14:30,1,1,1,64,64472,2,4,2,2,1
202300028433,23,5,2023,20:05,1,1,6,59,59368,2,4,1,1,1
202300028434,6,3,2023,08:45,1,1,6,21,21576,1,3,2,2,1
202300028435,12,11,2023,09:10,1,2,6,77,77449,2,4,1,1,2
202300028436,9,9,2023,09:10,1,1,3,19,19156,1,3,2,1,1
202300028437,24,5,2023,12:30,1,1,6,59,59017,2,4,2,1,1
202300028438,6,3,2023,04:30,3,2,6,27,27116,1,3,2,1,2
202300028439,5,9,2023,17:00,1,1,3,56,56240,2,3,2,1,1
202300028440,24,5,2023,18:35,1,1,6,57,57463,2,4,-1,1,1
202300028441,11,11,2023,14:40,1,1,3,77,77333,2,3,1,2,1
202300028441,11,11,2023,14:40,1,1,3,77,77333,2,3,2,2,1
202300028442,4,3,2023,08:21,1,8,7,38,38128,1,2,2,2,1
202300028443,9,9,2023,20:45,5,1,7,74,74208,2,3,2,1,1
202300028444,23,5,2023,20:08,1,1,6,56,56098,1,4,2,1,1
202300028445,6,3,2023,07:12,1,1,7,65,65303,1,3,2,1,1
202300028445,6,3,2023,07:12,1,1,7,65,65303,1,3,2,1,1
202300028446,12,11,2023,19:15,5,2,3,76,76429,2,4,2,1,2
202300028446,12,11,2023,19:15,5,2,3,76,76429,2,4,2,1,2
202300028447,9,9,2023,12:00,1,1,3,74,74232,1,3,2,2,1
202300028447,9,9,2023,12:00,1,1,3,74,74232,1,3,2,2,1
202300028448,3,3,2023,23:15,3,1,7,06,06088,1,1,1,1,8
202300028449,23,5,2023,07:35,1,1,1,54,54549,2,4,2,2,1
202300028450,10,9,2023,04:45,3,1,6,76,76709,1,7,2,1,1
202300028451,4,3,2023,23:30,5,1,7,987,98747,1,2,2,1,1
202300028452,23,5,2023,17:00,1,1,2,50,50129,2,4,2,1,1
202300028453,6,3,2023,14:40,1,1,6,976,97607,2,4,2,2,1
202300028453,6,3,2023,14:40,1,1,6,976,97607,2,4,2,1,1
202300028454,11,11,2023,17:57,5,1,6,69,69264,2,3,2,1,2
202300028454,11,11,2023,17:57,5,1,6,69,69264,2,3,1,1,2
202300028455,9,9,2023,15:45,1,1,1,80,80163,1,1,2,1,1
202300028455,9,9,2023,15:45,1,1,1,80,80163,1,1,3,1,1
202300028456,23,5,2023,14:25,1,1,2,50,50129,1,2,2,1,1
202300028456,23,5,2023,14:25,1,1,2,50,50129,1,2,2,1,1
202300028457,11,11,2023,17:55,5,3,6,64,64445,2,4,3,1,2
202300028458,5,3,2023,20:20,3,1,7,973,97311,1,3,2,1,1
202300028459,23,5,2023,11:30,1,1,1,49,49267,1,3,2,1,1
202300028460,12,11,2023,03:40,3,3,6,63,63113,2,7,1,2,2
202300028461,6,3,2023,00:30,3,1,2,78,78531,1,1,3,1,1
202300028462,23,5,2023,12:35,1,1,6,49,49007,2,4,3,1,1
202300028462,23,5,2023,12:35,1,1,6,49,49007,2,4,2,1,1
202300028463,5,3,2023,19:40,3,1,6,11,11049,1,3,2,1,1
202300028464,9,9,2023,11:50,1,1,1,65,65018,1,3,2,1,1
202300028465,24,5,2023,19:00,1,1,2,37,37261,2,4,1,1,1
202300028466,19,2,2023,10:30,1,1,6,34,34199,2,4,2,1,1
202300028467,11,11,2023,17:00,5,1,5,62,62239,2,3,2,1,1
202300028467,11,11,2023,17:00,5,1,5,62,62239,2,3,3,1,1
202300028468,24,5,2023,19:10,1,1,3,35,35278,2,4,3,1,1
202300028469,8,9,2023,08:25,1,1,3,69,69066,2,3,2,1,1
202300028470,5,1,2023,14:33,1,1,6,34,34057,2,4,2,1,1
202300028471,8,9,2023,14:40,1,1,6,71,71190,2,6,-1,1,1
202300028472,12,11,2023,18:15,5,2,3,61,61001,2,3,2,1,2
202300028472,12,11,2023,18:15,5,2,3,61,61001,2,3,2,1,2
202300028473,24,5,2023,12:30,1,1,4,35,35238,2,4,3,1,1
202300028474,9,9,2023,11:15,1,1,3,71,71305,1,3,2,1,1
202300028474,9,9,2023,11:15,1,1,3,71,71305,1,3,2,2,1
202300028475,12,11,2023,22:10,5,2,2,59,59650,2,4,2,1,2
202300028476,9,9,2023,19:20,2,7,7,63,63047,1,3,2,3,1
202300028477,10,11,2023,17:40,5,3,6,59,59507,2,4,2,1,2
202300028478,24,5,2023,07:50,1,1,3,33,33063,2,4,2,1,1
202300028478,24,5,2023,07:50,1,1,3,33,33063,2,4,2,1,1
202300028479,9,9,2023,18:00,1,1,3,42,42011,2,3,2,1,1
202300028480,11,11,2023,11:45,1,1,2,51,51454,2,4,1,1,1
202300028481,9,9,2023,22:45,3,1,1,68,68205,1,3,2,1,1
202300028481,9,9,2023,22:45,3,1,1,68,68205,1,3,2,1,1
202300028482,10,11,2023,11:15,1,8,6,47,47215,1,3,2,1,1
202300028483,9,9,2023,08:45,1,7,3,25,25074,2,4,2,1,1
202300028484,12,11,2023,11:30,1,1,3,45,45234,2,4,3,1,1
202300028485,9,9,2023,19:00,2,7,6,25,25463,2,3,2,1,1
202300028486,9,9,2023,01:20,3,5,6,35,35025,1,3,2,2,1
202300028487,12,11,2023,15:50,1,1,3,42,42207,2,7,1,2,2
202300028487,12,11,2023,15:50,1,1,3,42,42207,2,7,2,1,2
202300028488,10,9,2023,05:17,3,1,6,31,31104,1,3,3,1,1
202300028489,9,9,2023,23:15,3,1,7,38,38457,1,4,2,2,1
202300028490,11,11,2023,16:03,1,1,2,38,38563,2,4,2,1,1
202300028491,12,11,2023,16:00,1,1,3,35,35238,2,4,3,1,2
202300028492,9,9,2023,23:05,3,1,2,02,02316,1,2,3,1,1
202300028493,9,9,2023,12:50,1,1,7,02,02450,1,4,2,1,6
202300028494,9,9,2023,10:50,1,7,6,02,02248,1,3,2,1,1
202300028495,11,11,2023,17:55,5,1,3,34,34172,2,4,2,1,1
202300028495,11,11,2023,17:55,5,1,3,34,34172,2,4,2,1,1
202300028496,10,9,2023,04:05,5,1,6,15,15037,2,3,2,1,1
202300028497,12,11,2023,02:24,5,3,6,28,28134,2,3,2,2,2
202300028498,8,9,2023,09:35,1,1,3,70,70467,2,4,2,2,1
202300028498,8,9,2023,09:35,1,1,3,70,70467,2,4,2,2,1
202300028499,17,12,2023,19:22,4,5,2,91,91340,1,1,1,1,1
202300028500,8,9,2023,17:10,1,1,7,05,05124,1,3,2,2,1
202300028501,17,12,2023,07:30,3,1,2,91,91377,1,1,3,1,1
202300028502,7,11,2023,17:41,2,1,6,17,17200,2,3,2,1,1
202300028503,17,12,2023,05:45,4,5,3,91,91689,1,1,2,1,1
202300028504,9,9,2023,16:20,1,7,5,60,60438,1,3,2,2,1
202300028505,12,11,2023,01:30,3,2,1,13,13103,2,7,2,1,2
202300028506,16,12,2023,22:35,3,1,7,91,91534,1,2,3,1,1
202300028507,9,9,2023,17:15,1,1,6,45,45154,2,4,1,1,1
202300028508,9,9,2023,16:00,1,1,7,24,24376,2,4,2,2,1
202300028509,12,11,2023,15:20,1,1,3,13,13203,2,4,3,1,1
202300028510,17,12,2023,10:55,1,1,2,95,95018,1,1,3,1,1
202300028511,17,12,2023,01:05,3,1,6,92,92036,1,1,1,1,1
202300028512,9,9,2023,10:30,1,1,1,04,04054,1,2,2,2,1
202300028512,9,9,2023,10:30,1,1,1,04,04054,1,2,-1,-1,1
202300028513,12,11,2023,13:00,1,1,1,13,13215,2,4,2,1,1
202300028514,16,12,2023,05:00,3,1,2,95,95018,1,1,3,1,1
202300028515,9,9,2023,22:00,5,1,3,85,85047,2,4,2,1,1
202300028516,12,11,2023,03:18,5,2,2,13,13208,2,4,2,1,2
202300028517,17,12,2023,03:10,3,1,7,77,77258,1,1,3,1,1
202300028518,9,9,2023,08:20,1,1,1,28,28419,1,2,2,1,1
202300028519,11,11,2023,13:30,1,1,3,13,13213,2,3,-1,1,1
202300028520,16,12,2023,20:00,3,1,4,77,77169,1,2,3,1,1
202300028521,9,9,2023,19:00,1,1,1,30,30233,1,3,2,2,9
202300028522,11,11,2023,18:10,1,2,6,11,11069,2,4,2,1,2
202300028523,16,12,2023,17:37,3,1,3,94,94028,1,1,-1,1,1
202300028524,8,9,2023,10:45,1,1,6,30,30126,1,3,2,2,1
202300028525,12,11,2023,15:15,1,1,6,06,06088,2,4,2,1,1
202300028526,9,9,2023,11:30,1,1,7,08,08433,1,4,2,2,1
202300028527,15,12,2023,22:00,3,1,2,94,94028,1,1,1,1,1
202300028528,12,11,2023,11:50,1,1,2,06,06069,2,4,2,4,1
202300028529,31,7,2023,07:48,1,1,3,13,13211,2,4,2,1,1
202300028530,9,9,2023,17:25,1,1,3,13,13044,1,3,2,1,1
202300028530,9,9,2023,17:25,1,1,3,13,13044,1,3,2,1,1
202300028531,27,7,2023,13:55,1,1,3,13,13210,2,4,2,1,1
202300028532,12,11,2023,01:30,5,2,1,06,06069,2,3,2,1,2
202300028533,6,9,2023,18:15,1,1,3,38,38553,2,4,-1,1,1
202300028533,6,9,2023,18:15,1,1,3,38,38553,2,4,2,1,1
202300028534,21,7,2023,07:51,1,1,3,13,13067,2,3,2,1,1
202300028535,12,11,2023,18:50,5,1,6,06,06004,2,4,2,1,2
202300028536,9,9,2023,08:54,1,1,7,06,06088,1,1,1,1,1
202300028537,12,11,2023,22:05,5,2,6,03,03185,2,4,1,2,2
202300028538,17,7,2023,07:50,1,1,3,13,13209,2,4,2,1,1
202300028538,17,7,2023,07:50,1,1,3,13,13209,2,4,1,1,1
202300028539,12,11,2023,07:10,4,3,7,01,01289,1,3,2,2,2
202300028540,10,9,2023,05:40,3,1,6,33,33002,1,1,3,1,1
202300028541,10,7,2023,09:30,1,1,3,13,13212,2,4,2,1,1
202300028541,10,7,2023,09:30,1,1,3,13,13212,2,4,2,2,1
202300028542,9,9,2023,15:29,1,1,7,17,17438,1,1,1,1,1
202300028543,12,11,2023,12:10,1,2,3,75,75118,2,4,1,1,2
202300028543,12,11,2023,12:10,1,2,3,75,75118,2,4,1,1,2
202300028544,9,9,2023,16:50,1,1,7,51,51205,1,1,3,1,1
202300028545,9,7,2023,05:05,2,1,5,13,13002,2,3,2,2,1
202300028546,12,11,2023,20:15,5,2,3,75,75113,2,4,2,1,2
202300028546,12,11,2023,20:15,5,2,3,75,75113,2,4,1,1,2
202300028547,10,9,2023,02:20,4,1,6,77,77261,2,3,-1,4,1
202300028548,27,6,2023,15:30,1,1,3,13,13212,2,4,2,1,1
202300028549,10,2,2023,23:25,3,1,6,13,13071,1,3,2,1,1
202300028550,12,11,2023,06:15,3,2,6,75,75110,2,4,2,1,2
202300028550,12,11,2023,06:15,3,2,6,75,75110,2,4,1,1,2
202300028551,4,9,2023,12:30,1,1,3,34,34289,1,3,2,1,1
202300028552,11,11,2023,19:20,5,1,3,75,75109,2,4,2,1,1
202300028553,6,7,2023,16:09,1,1,3,13,13209,2,4,2,1,1
202300028554,7,10,2023,03:00,3,1,6,74,74295,1,3,2,1,1
202300028555,9,9,2023,01:40,3,1,6,34,34190,1,3,2,3,1
202300028555,9,9,2023,01:40,3,1,6,34,34190,1,3,2,3,1
202300028556,12,11,2023,18:25,3,3,3,75,75108,2,4,-1,1,2
202300028556,12,11,2023,18:25,3,3,3,75,75108,2,4,-1,1,2
202300028557,13,10,2023,17:50,1,1,3,74,74010,1,3,2,1,1
202300028557,13,10,2023,17:50,1,1,3,74,74010,1,3,2,4,1
202300028558,10,11,2023,00:50,5,1,3,75,75102,2,4,2,1,1
202300028558,10,11,2023,00:50,5,1,3,75,75102,2,4,1,1,1
202300028559,10,10,2023,17:05,1,1,1,74,74220,1,3,2,2,1
202300028560,11,11,2023,20:55,5,2,6,94,94081,2,4,2,1,2
202300028561,9,9,2023,15:50,1,1,5,83,83023,1,3,2,1,1
202300028562,12,11,2023,08:30,1,2,6,94,94044,2,3,2,2,2
202300028563,13,10,2023,07:23,1,1,3,74,74012,2,4,2,1,1
202300028563,13,10,2023,07:23,1,1,3,74,74012,2,4,2,1,1
202300028564,9,9,2023,15:30,1,1,3,06,06101,1,3,2,1,1
202300028564,9,9,2023,15:30,1,1,3,06,06101,1,3,2,1,1
202300028565,12,11,2023,17:55,5,2,1,94,94041,2,3,2,2,2
202300028566,10,10,2023,18:40,2,1,1,74,74141,2,3,2,1,1
202300028567,9,9,2023,12:26,1,1,7,05,05007,1,3,2,2,1
202300028568,12,11,2023,21:10,5,2,6,94,94073,2,3,1,1,2
202300028569,10,10,2023,08:30,1,1,6,74,74264,2,3,3,1,1
202300028570,12,11,2023,19:00,5,2,6,94,94033,2,4,1,1,2
202300028571,21,9,2023,14:50,1,1,6,74,74201,2,3,2,1,1
202300028572,9,9,2023,09:30,1,1,3,05,05101,2,3,2,1,1
202300028573,14,7,2023,02:30,5,1,6,74,74042,2,3,2,2,1
202300028574,9,9,2023,17:50,1,1,3,05,05166,2,3,2,1,1
202300028575,12,11,2023,19:50,5,2,4,94,94070,2,2,2,1,2
202300028576,7,9,2023,01:00,3,1,1,13,13085,1,3,2,2,1
202300028577,12,11,2023,10:35,1,2,3,93,93047,2,4,2,1,2
202300028577,12,11,2023,10:35,1,2,3,93,93047,2,4,2,1,2
202300028578,16,12,2023,21:50,3,1,6,974,97411,1,2,3,1,1
202300028579,10,9,2023,10:50,1,1,6,13,13027,2,3,2,1,1
202300028580,11,11,2023,22:10,5,1,6,93,93005,2,3,2,1,1
202300028581,15,12,2023,08:40,1,1,3,974,97411,2,2,1,1,1
202300028582,12,11,2023,22:00,5,2,7,92,92026,2,3,-1,1,2
202300028582,12,11,2023,22:00,5,2,7,92,92026,2,3,3,1,2
202300028583,16,12,2023,13:42,1,2,3,973,97302,2,3,2,1,2
202300028584,9,9,2023,19:51,2,1,1,71,71411,1,3,2,2,1
202300028585,11,11,2023,18:30,2,8,3,92,92004,2,3,-1,1,1
202300028586,10,9,2023,02:45,3,1,6,54,54258,1,3,2,1,1
202300028587,16,12,2023,11:35,1,1,2,972,97209,2,1,3,2,1
202300028588,12,11,2023,17:55,3,2,6,60,60308,1,3,2,1,2
202300028589,13,11,2023,09:25,1,1,6,09,09268,2,3,2,1,1
202300028590,16,12,2023,08:40,1,1,3,972,97213,1,3,2,1,1
202300028590,16,12,2023,08:40,1,1,3,972,97213,1,3,2,1,1
202300028591,8,9,2023,08:30,1,1,3,03,03315,2,3,2,1,1
202300028591,8,9,2023,08:30,1,1,3,03,03315,2,3,1,1,1
202300028592,11,11,2023,02:45,3,1,3,35,35328,1,3,2,1,1
202300028593,16,12,2023,19:00,5,1,3,69,69034,2,7,2,1,1
202300028593,16,12,2023,19:00,5,1,3,69,69034,2,7,2,1,1
202300028594,8,9,2023,18:45,1,1,3,38,38468,2,2,-1,1,1
202300028595,11,11,2023,14:50,1,1,7,2A,2A348,2,3,2,2,1
202300028596,16,12,2023,12:30,1,1,1,971,97101,2,3,3,1,1
202300028597,30,8,2023,10:30,1,1,3,07,07324,2,3,2,1,1
202300028598,12,11,2023,10:00,1,2,1,51,51066,1,3,2,1,2
202300028599,10,9,2023,06:50,1,1,6,01,01405,1,3,2,1,1
202300028600,16,12,2023,10:00,1,1,2,971,97101,1,3,-1,1,1
202300028601,11,11,2023,09:45,1,7,7,43,43071,1,3,2,2,2
202300028602,9,9,2023,12:55,1,1,7,65,65335,1,3,2,1,1
202300028603,16,12,2023,17:10,5,1,3,95,95427,2,4,-1,1,1
202300028604,10,11,2023,18:47,5,9,3,43,43040,2,3,4,1,2
202300028605,9,9,2023,05:00,3,1,6,40,40182,1,3,2,1,1
202300028606,16,12,2023,17:20,5,1,6,91,91479,2,3,2,1,1
202300028607,13,11,2023,07:00,2,1,1,33,33076,1,3,2,1,2
202300028608,9,9,2023,00:30,3,1,6,40,40202,1,3,2,1,1
202300028609,16,12,2023,10:00,1,1,6,91,91326,2,3,3,1,1
202300028610,11,11,2023,11:40,1,1,6,81,81115,2,3,2,1,1
202300028611,22,11,2023,12:20,1,1,3,84,84035,2,4,2,1,1
202300028612,9,9,2023,16:55,1,1,3,33,33504,1,3,2,1,1
202300028612,9,9,2023,16:55,1,1,3,33,33504,1,3,2,1,1
202300028613,4,11,2023,10:50,1,1,2,26,26353,1,1,-1,1,1
202300028614,15,12,2023,18:02,5,1,6,83,83090,2,3,1,1,1
202300028615,16,12,2023,13:15,1,1,6,83,83061,1,3,-1,2,1
202300028616,8,9,2023,19:20,1,1,1,14,14076,2,3,2,1,1
202300028616,8,9,2023,19:20,1,1,1,14,14076,2,3,2,1,1
202300028617,13,11,2023,13:13,1,1,6,974,97414,2,2,2,1,1
202300028617,13,11,2023,13:13,1,1,6,974,97414,2,2,2,1,1
202300028618,6,9,2023,18:00,1,1,1,29,29156,1,3,2,1,1
202300028619,13,11,2023,12:40,1,2,2,50,50050,1,1,1,1,2
202300028620,15,12,2023,17:33,5,1,3,78,78138,2,4,2,2,1
202300028620,15,12,2023,17:33,5,1,3,78,78138,2,4,2,2,1
202300028621,8,9,2023,19:45,2,1,6,27,27537,2,4,2,1,1
202300028622,13,11,2023,14:20,1,2,2,50,50214,1,1,3,1,2
202300028623,8,9,2023,22:30,5,1,7,60,60628,2,3,2,2,1
202300028624,16,12,2023,08:20,3,5,1,77,77372,1,3,2,1,2
202300028625,9,9,2023,20:30,2,1,6,62,62443,2,3,2,1,1
202300028626,10,11,2023,18:25,3,3,3,71,71443,1,3,2,1,2
202300028626,10,11,2023,18:25,3,3,3,71,71443,1,3,2,1,2
202300028627,16,12,2023,02:45,3,5,6,77,77400,1,3,1,1,2
202300028627,16,12,2023,02:45,3,5,6,77,77400,1,3,-1,1,2
202300028628,11,11,2023,07:15,3,1,6,22,22020,1,3,2,1,1
202300028629,9,9,2023,16:37,1,1,2,62,62894,1,1,1,1,1
202300028630,16,12,2023,12:45,1,1,3,77,77400,1,3,2,3,1
202300028630,16,12,2023,12:45,1,1,3,77,77400,1,3,2,1,1
202300028631,10,9,2023,13:37,1,1,3,59,59080,1,3,2,1,1
202300028631,10,9,2023,13:37,1,1,3,59,59080,1,3,2,1,1
202300028632,8,9,2023,19:07,1,1,2,13,13212,1,1,1,1,1
202300028633,13,11,2023,16:15,1,1,3,62,62858,1,3,2,1,1
202300028633,13,11,2023,16:15,1,1,3,62,62858,1,3,2,1,1
202300028634,16,12,2023,17:55,5,1,6,72,72181,2,4,2,1,1
202300028635,8,9,2023,01:02,3,1,2,13,13081,1,1,-1,1,1
202300028636,13,11,2023,14:23,1,1,6,66,66050,1,4,3,1,1
202300028637,16,12,2023,12:40,1,7,6,72,72181,2,4,2,1,1
202300028637,16,12,2023,12:40,1,7,6,72,72181,2,4,2,1,1
202300028638,8,9,2023,05:40,5,1,6,83,83090,1,1,1,3,1
202300028639,16,12,2023,04:00,5,1,6,72,72181,2,4,2,1,1
202300028640,12,11,2023,19:25,3,3,1,37,37179,1,1,3,2,2
202300028641,16,12,2023,23:45,4,1,6,69,69290,2,7,2,1,1
202300028642,9,9,2023,06:45,2,1,2,33,33550,1,1,3,1,1
202300028643,9,11,2023,11:45,1,2,6,83,83097,2,4,2,1,2
202300028644,16,12,2023,08:55,1,1,6,66,66136,2,4,-1,1,1
202300028645,13,11,2023,11:45,1,2,6,59,59074,2,3,2,1,2
202300028646,16,12,2023,11:00,1,7,6,64,64445,2,4,1,1,1
202300028647,9,9,2023,07:45,2,2,3,94,94038,1,1,3,2,2
202300028648,18,10,2023,08:00,2,2,3,56,56184,2,4,2,1,2
202300028648,18,10,2023,08:00,2,2,3,56,56184,2,4,2,1,2
202300028649,8,9,2023,23:55,3,1,2,94,94021,1,1,1,1,1
202300028650,12,11,2023,01:40,3,2,7,76,76412,2,2,3,1,2
202300028651,16,12,2023,18:48,5,1,3,64,64102,2,4,2,2,1
202300028651,16,12,2023,18:48,5,1,3,64,64102,2,4,2,2,1
202300028652,12,11,2023,19:50,5,3,6,71,71442,2,3,2,1,2
202300028652,12,11,2023,19:50,5,3,6,71,71442,2,3,1,1,2
202300028653,8,9,2023,23:13,5,1,2,91,91161,2,3,3,1,1
202300028654,16,12,2023,04:50,5,1,6,64,64102,2,4,2,1,1
202300028655,10,11,2023,18:24,4,2,6,89,89418,2,4,2,1,2
202300028656,8,9,2023,18:00,1,1,4,91,91161,1,1,3,1,1
202300028657,13,11,2023,14:00,1,1,6,63,63040,2,3,2,1,1
202300028658,16,12,2023,20:54,5,1,3,63,63113,2,4,1,1,1
202300028659,9,9,2023,01:45,3,1,6,95,95678,1,2,3,1,1
202300028660,12,11,2023,15:15,1,2,7,42,42126,1,3,2,2,2
202300028661,13,11,2023,15:55,1,1,6,46,46165,1,3,2,2,2
202300028662,16,12,2023,16:00,1,1,3,63,63113,2,4,1,1,1
202300028662,16,12,2023,16:00,1,1,3,63,63113,2,4,2,1,1
202300028663,11,11,2023,14:30,1,1,6,46,46319,2,3,2,1,1
202300028664,8,9,2023,18:10,1,1,5,95,95607,1,1,-1,1,1
202300028665,16,12,2023,20:30,5,1,3,61,61001,2,3,2,1,1
202300028665,16,12,2023,20:30,5,1,3,61,61001,2,3,2,1,1
202300028666,12,11,2023,13:45,1,2,3,46,46060,1,3,2,3,2
202300028666,12,11,2023,13:45,1,2,3,46,46060,1,3,2,-1,2
202300028667,8,9,2023,13:00,1,1,3,95,95365,1,2,1,1,1
202300028668,13,11,2023,16:30,1,1,3,34,34273,1,3,2,3,1
202300028669,17,12,2023,00:10,5,1,2,59,59650,2,4,3,1,1
202300028670,6,9,2023,16:10,1,1,2,974,97411,2,2,-1,1,1
202300028671,10,11,2023,23:25,3,1,3,29,29100,2,3,2,1,1
202300028671,10,11,2023,23:25,3,1,3,29,29100,2,3,2,1,1
202300028672,15,12,2023,11:15,1,1,6,59,59043,2,3,2,1,1
202300028672,15,12,2023,11:15,1,1,6,59,59043,2,3,2,1,1
202300028673,8,9,2023,19:55,5,1,3,973,97302,2,4,2,1,1
202300028674,12,11,2023,23:40,5,2,6,38,38012,2,3,2,1,2
202300028675,12,12,2023,13:40,1,1,2,59,59043,2,3,2,1,1
202300028675,12,12,2023,13:40,1,1,2,59,59043,2,3,2,2,1
202300028676,8,9,2023,16:40,1,1,6,973,97302,2,4,2,1,1
202300028677,12,11,2023,16:35,2,2,1,01,01426,1,3,2,2,2
202300028678,7,12,2023,09:05,1,2,3,56,56260,2,4,1,1,2
202300028679,8,9,2023,14:10,1,1,6,973,97302,2,4,2,1,1
202300028680,16,12,2023,11:00,1,1,3,56,56162,1,3,2,1,1
202300028680,16,12,2023,11:00,1,1,3,56,56162,1,3,2,1,1
202300028681,8,9,2023,10:41,1,1,3,973,97302,2,3,2,1,1
202300028682,13,11,2023,13:50,1,2,6,58,58303,2,4,2,1,2
202300028683,15,12,2023,10:40,1,1,3,53,53054,1,2,1,1,2
202300028684,8,11,2023,14:05,1,1,1,66,66149,1,2,2,1,1
202300028685,8,9,2023,07:20,1,1,3,973,97302,2,3,2,1,1
202300028685,8,9,2023,07:20,1,1,3,973,97302,2,3,2,1,1
202300028686,27,10,2023,14:40,1,3,3,72,72320,1,3,2,1,2
202300028687,15,12,2023,18:05,5,1,3,50,50129,2,4,2,1,1
202300028687,15,12,2023,18:05,5,1,3,50,50129,2,4,2,1,1
202300028688,6,9,2023,12:50,1,1,3,973,97302,2,3,2,1,1
202300028689,13,11,2023,11:15,1,2,6,60,60584,2,4,2,1,2
202300028689,13,11,2023,11:15,1,2,6,60,60584,2,4,2,1,2
202300028690,16,12,2023,05:05,5,5,3,49,49007,2,4,2,-1,-1
202300028690,16,12,2023,05:05,5,5,3,49,49007,2,4,2,1,1
202300028691,8,9,2023,18:40,1,1,1,69,69388,2,7,1,1,1
202300028692,10,11,2023,16:10,1,1,6,36,36018,2,4,2,2,2
202300028693,8,9,2023,19:10,1,2,3,972,97213,1,9,-1,2,2
202300028694,16,12,2023,19:25,5,1,3,47,47323,2,3,2,1,1
202300028694,16,12,2023,19:25,5,1,3,47,47323,2,3,2,1,1
202300028695,8,9,2023,23:45,5,1,6,69,69382,2,4,1,2,1
202300028696,8,9,2023,15:40,1,1,7,69,69389,2,4,1,1,1
202300028696,8,9,2023,15:40,1,1,7,69,69389,2,4,2,1,1
202300028697,16,12,2023,20:30,5,1,6,34,34172,2,3,3,1,1
202300028698,16,12,2023,11:30,1,1,2,33,33063,2,4,3,1,1
202300028698,16,12,2023,11:30,1,1,2,33,33063,2,4,2,1,1
202300028699,8,9,2023,11:30,1,1,3,69,69384,2,4,1,1,1
202300028699,8,9,2023,11:30,1,1,3,69,69384,2,4,2,1,1
202300028700,16,12,2023,03:00,5,1,6,33,33063,2,4,1,1,1
202300028700,16,12,2023,03:00,5,1,6,33,33063,2,4,1,1,1
202300028701,7,9,2023,08:00,1,1,3,69,69149,2,7,2,1,1
202300028701,7,9,2023,08:00,1,1,3,69,69149,2,7,2,1,1
202300028702,16,12,2023,19:00,5,1,3,33,33529,2,3,2,1,1
202300028703,16,12,2023,20:00,5,1,1,31,31555,2,7,2,1,1
202300028704,16,12,2023,18:55,5,1,6,31,31555,2,4,-1,1,1
202300028705,20,8,2023,01:30,5,1,3,69,69381,2,4,1,1,1
202300028705,20,8,2023,01:30,5,1,3,69,69381,2,4,2,1,1
202300028706,16,12,2023,12:00,1,1,6,31,31555,2,4,2,2,1
202300028707,16,12,2023,13:11,1,1,6,31,31555,2,4,1,1,1
202300028708,8,9,2023,16:46,1,7,1,95,95323,2,4,2,2,1
202300028708,8,9,2023,16:46,1,7,1,95,95323,2,4,2,2,1
202300028709,16,12,2023,14:25,1,1,6,31,31483,2,4,1,2,1
202300028710,8,9,2023,08:15,1,1,1,91,91689,2,4,-1,1,1
202300028711,15,12,2023,18:05,5,1,5,25,25204,2,3,2,1,1