id_accident,jour,mois,annee,heure_minute,luminosite,meteo,type_collision,departement,commune,agglomeration,categorie_route,regime_circulation,profil_route,etat_surface
202300028712,8,9,2023,18:30,2,7,1,91,91286,2,4,2,1,1
202300028712,8,9,2023,18:30,2,7,1,91,91286,2,4,2,1,1
202300028713,16,12,2023,02:45,3,1,2,22,22278,1,2,3,1,1
202300028714,16,12,2023,18:55,5,1,3,17,17300,2,4,1,1,1
202300028714,16,12,2023,18:55,5,1,3,17,17300,2,4,2,1,1
202300028715,8,9,2023,07:00,2,1,3,91,91027,2,3,2,1,1
202300028715,8,9,2023,07:00,2,1,3,91,91027,2,3,2,1,1
202300028716,7,9,2023,08:43,1,1,7,87,87085,2,4,2,1,1
202300028717,16,12,2023,06:10,5,1,1,13,13215,2,4,2,1,1
202300028718,15,12,2023,18:10,5,1,3,13,13204,2,4,2,1,1
202300028718,15,12,2023,18:10,5,1,3,13,13204,2,4,2,1,1
202300028719,15,12,2023,07:00,5,1,3,13,13028,2,4,2,1,1
202300028719,15,12,2023,07:00,5,1,3,13,13028,2,4,2,1,1
202300028720,16,12,2023,02:00,5,1,7,13,13001,2,3,2,1,1
202300028721,6,9,2023,14:20,1,1,3,83,83061,2,3,1,3,1
202300028721,6,9,2023,14:20,1,1,3,83,83061,2,3,2,1,1
202300028722,16,12,2023,09:00,1,1,3,06,06088,2,4,1,1,1
202300028722,16,12,2023,09:00,1,1,3,06,06088,2,4,1,1,1
202300028723,15,12,2023,23:55,5,1,1,06,06027,2,4,2,1,1
202300028723,15,12,2023,23:55,5,1,1,06,06027,2,4,2,2,1
202300028724,15,12,2023,17:25,5,1,6,02,02408,2,3,2,1,1
202300028725,8,9,2023,01:12,5,1,3,77,77285,1,3,2,1,1
202300028725,8,9,2023,01:12,5,1,3,77,77285,1,3,2,1,1
202300028726,16,12,2023,19:58,3,1,2,01,01031,1,3,2,1,1
202300028727,15,12,2023,17:55,5,1,3,01,01053,2,3,2,1,1
202300028727,15,12,2023,17:55,5,1,3,01,01053,2,3,2,1,1
202300028728,8,9,2023,11:10,1,1,3,76,76498,2,4,2,1,1
202300028729,16,12,2023,18:15,5,1,3,75,75118,2,4,2,1,1
202300028729,16,12,2023,18:15,5,1,3,75,75118,2,4,1,1,1
202300028730,7,9,2023,20:35,1,1,3,76,76351,2,4,2,1,1
202300028730,7,9,2023,20:35,1,1,3,76,76351,2,4,2,1,1
202300028731,16,12,2023,11:30,1,1,3,75,75117,2,4,2,1,1
202300028732,7,9,2023,07:50,1,1,2,76,76351,2,4,-1,1,1
202300028733,16,12,2023,17:30,5,1,6,75,75113,2,4,1,1,1
202300028733,16,12,2023,17:30,5,1,6,75,75113,2,4,2,2,1
202300028734,15,12,2023,23:58,5,1,3,75,75108,2,4,-1,1,1
202300028735,6,9,2023,16:36,1,1,3,76,76351,2,4,2,1,1
202300028735,6,9,2023,16:36,1,1,3,76,76351,2,4,2,1,1
202300028736,16,12,2023,18:00,5,1,6,94,94081,2,4,-1,2,1
202300028736,16,12,2023,18:00,5,1,6,94,94081,2,4,-1,2,1
202300028737,16,12,2023,09:45,1,1,6,94,94041,2,4,1,1,1
202300028738,8,9,2023,17:55,1,1,3,72,72003,2,6,-1,1,1
202300028739,15,12,2023,13:10,1,1,3,94,94059,2,3,2,1,1
202300028739,15,12,2023,13:10,1,1,3,94,94059,2,3,2,1,1
202300028740,8,9,2023,09:00,1,1,3,72,72181,2,4,2,1,1
202300028741,16,12,2023,09:30,1,1,3,93,93005,2,3,2,1,1
202300028741,16,12,2023,09:30,1,1,3,93,93005,2,3,1,1,1
202300028742,16,12,2023,21:00,5,8,6,93,93006,2,4,2,2,2
202300028743,8,9,2023,07:56,1,1,3,72,72181,2,4,2,2,1
202300028744,16,12,2023,09:10,1,1,6,93,93029,2,3,2,1,1
202300028744,16,12,2023,09:10,1,1,6,93,93029,2,3,2,1,1
202300028745,8,9,2023,05:27,5,1,6,72,72181,2,3,2,1,1
202300028746,16,12,2023,18:20,2,1,6,93,93007,2,3,2,1,1
202300028746,16,12,2023,18:20,2,1,6,93,93007,2,3,2,1,1
202300028747,8,9,2023,07:55,1,1,1,71,71499,1,4,2,2,1
202300028748,16,12,2023,09:30,1,1,1,92,92048,2,3,-1,1,1
202300028749,7,9,2023,11:40,1,7,3,71,71153,2,4,2,1,1
202300028749,7,9,2023,11:40,1,7,3,71,71153,2,4,1,1,1
202300028750,16,12,2023,13:40,1,7,6,92,92023,2,4,2,2,1
202300028751,16,12,2023,14:15,1,1,3,92,92004,2,4,1,1,1
202300028752,16,12,2023,14:15,1,9,1,39,39344,1,3,2,2,7
202300028753,8,9,2023,21:50,5,1,1,69,69256,2,4,2,1,1
202300028753,8,9,2023,21:50,5,1,1,69,69256,2,4,2,1,1
202300028754,8,9,2023,20:40,5,1,6,69,69256,2,4,2,1,1
202300028755,17,12,2023,04:15,3,1,6,62,62453,1,3,2,2,2
202300028756,7,12,2023,16:45,5,1,6,45,45247,2,4,2,1,1
202300028757,8,9,2023,06:25,2,1,3,69,69282,2,4,2,1,1
202300028758,16,12,2023,03:45,3,8,2,21,21614,1,1,3,1,2
202300028759,8,9,2023,18:00,1,1,6,69,69290,2,4,2,1,1
202300028759,8,9,2023,18:00,1,1,6,69,69290,2,4,1,1,1
202300028760,16,12,2023,18:10,3,5,6,51,51136,1,3,2,1,9
202300028761,17,12,2023,07:57,1,1,1,84,84027,1,3,2,1,1
202300028762,8,9,2023,16:45,1,1,2,69,69259,2,4,2,1,1
202300028763,17,12,2023,09:00,1,1,6,22,22164,1,3,1,1,1
202300028764,15,12,2023,22:20,3,1,6,14,14061,1,3,2,2,6
202300028765,7,9,2023,16:00,1,1,3,69,69259,2,7,2,1,1
202300028765,7,9,2023,16:00,1,1,3,69,69259,2,7,2,1,1
202300028766,8,9,2023,22:48,5,1,6,67,67482,2,4,2,1,1
202300028767,28,11,2023,18:00,3,1,5,91,91665,1,3,1,1,1
202300028768,17,12,2023,03:12,5,2,6,971,97109,1,2,3,2,2
202300028769,7,9,2023,09:32,1,1,2,66,66136,1,3,1,1,1
202300028770,14,12,2023,07:38,2,1,3,62,62849,2,3,2,2,1
202300028770,14,12,2023,07:38,2,1,3,62,62849,2,3,2,2,1
202300028771,8,9,2023,10:15,1,1,3,64,64284,1,2,2,1,1
202300028771,8,9,2023,10:15,1,1,3,64,64284,1,2,2,1,1
202300028772,16,12,2023,13:00,1,7,3,72,72299,1,3,2,2,1
202300028772,16,12,2023,13:00,1,7,3,72,72299,1,3,2,1,1
202300028773,8,9,2023,11:10,1,1,6,64,64024,2,4,2,1,1
202300028774,17,12,2023,06:56,3,5,7,08,08397,1,2,3,1,2
202300028775,6,9,2023,07:34,2,1,1,64,64102,1,4,2,3,1
202300028776,16,12,2023,16:35,1,1,3,56,56205,1,4,2,1,1
202300028776,16,12,2023,16:35,1,1,3,56,56205,1,4,2,1,1
202300028777,22,8,2023,09:55,1,1,3,62,62250,2,3,2,1,1
202300028777,22,8,2023,09:55,1,1,3,62,62250,2,3,2,1,1
202300028778,17,12,2023,12:05,1,1,6,65,65363,2,3,2,2,1
202300028779,17,12,2023,17:15,1,1,2,65,65004,1,3,2,1,1
202300028780,8,9,2023,21:00,2,1,3,59,59599,2,4,2,1,1
202300028781,12,12,2023,08:30,1,1,6,33,33108,2,3,2,1,2
202300028782,8,9,2023,03:50,5,1,7,59,59122,2,4,-1,1,1
202300028783,17,12,2023,12:20,1,1,2,63,63040,2,3,2,1,1
202300028784,7,9,2023,09:35,1,1,3,56,56121,2,4,1,1,1
202300028785,16,12,2023,09:00,1,1,3,42,42013,2,3,2,1,2
202300028786,8,9,2023,07:45,1,1,6,54,54395,2,4,2,1,1
202300028786,8,9,2023,07:45,1,1,6,54,54395,2,4,2,1,1
202300028787,17,12,2023,04:30,3,5,6,47,47203,1,3,2,1,2
202300028788,16,12,2023,15:20,1,1,6,68,68290,1,3,2,1,1
202300028789,7,9,2023,09:00,1,1,6,54,54578,2,4,2,1,1
202300028789,7,9,2023,09:00,1,1,6,54,54578,2,4,1,1,1
202300028790,16,12,2023,12:05,1,7,3,22,22219,1,3,2,2,1
202300028790,16,12,2023,12:05,1,7,3,22,22219,1,3,2,1,1
202300028791,6,9,2023,10:09,1,1,6,54,54373,2,3,2,1,1
202300028792,16,12,2023,18:25,3,1,3,29,29172,1,3,2,2,1
202300028792,16,12,2023,18:25,3,1,3,29,29172,1,3,2,1,1
202300028793,8,9,2023,09:15,1,1,3,51,51454,2,4,3,1,1
202300028794,7,9,2023,20:05,2,1,3,51,51055,2,4,2,1,1
202300028794,7,9,2023,20:05,2,1,3,51,51055,2,4,-1,1,1
202300028795,8,9,2023,08:20,1,1,7,50,50147,2,4,2,1,1
202300028796,17,12,2023,03:00,3,1,6,66,66124,1,4,2,2,9
202300028797,7,9,2023,16:45,1,1,3,50,50129,2,3,2,4,1
202300028797,7,9,2023,16:45,1,1,3,50,50129,2,3,2,1,1
202300028798,16,12,2023,19:20,3,1,7,14,14305,1,3,2,2,2
202300028799,6,9,2023,11:35,1,1,6,49,49099,2,3,3,2,1
202300028799,6,9,2023,11:35,1,1,6,49,49099,2,3,2,1,1
202300028800,8,9,2023,15:51,1,1,6,49,49246,2,3,3,1,1
202300028801,16,12,2023,16:58,2,1,7,14,14542,1,3,2,1,1
202300028801,16,12,2023,16:58,2,1,7,14,14542,1,3,4,1,1
202300028802,7,9,2023,08:51,1,1,3,49,49007,2,4,2,1,1
202300028803,7,9,2023,07:41,1,1,6,49,49007,2,4,2,1,1
202300028804,17,12,2023,11:30,1,1,3,50,50341,2,3,1,1,1
202300028805,8,9,2023,01:20,3,1,2,44,44143,2,4,2,1,1
202300028806,16,12,2023,20:00,5,5,6,18,18099,2,3,2,2,2
202300028807,8,9,2023,09:15,1,7,6,42,42103,2,7,2,1,1
202300028807,8,9,2023,09:15,1,7,6,42,42103,2,7,2,1,1
202300028808,8,9,2023,09:45,1,1,6,42,42218,2,4,-1,1,1
202300028809,16,12,2023,09:40,1,5,3,17,17053,2,3,2,1,2
202300028809,16,12,2023,09:40,1,5,3,17,17053,2,3,2,1,2
202300028810,16,12,2023,21:00,3,1,2,87,87140,1,3,2,1,1
202300028811,8,9,2023,10:20,1,1,4,42,42187,2,3,2,1,1
202300028811,8,9,2023,10:20,1,1,4,42,42187,2,3,3,1,1
202300028812,13,12,2023,13:00,1,1,7,30,30123,1,3,-1,1,1
202300028813,8,9,2023,21:45,5,1,2,42,42044,2,7,1,1,1
202300028814,17,12,2023,16:40,2,5,6,08,08367,2,4,2,1,1
202300028815,15,12,2023,20:15,5,1,5,987,98715,2,2,2,1,1
202300028816,16,12,2023,10:40,1,1,7,67,67033,1,3,1,1,1
202300028817,8,9,2023,18:45,1,1,3,38,38179,2,4,2,1,1
202300028817,8,9,2023,18:45,1,1,3,38,38179,2,4,2,1,1
202300028818,8,9,2023,10:25,1,1,3,37,37261,2,4,1,1,1
202300028819,17,12,2023,16:20,2,7,4,51,51321,1,1,3,3,1
202300028820,8,9,2023,20:00,1,1,6,34,34172,2,4,3,1,1
202300028821,17,12,2023,19:20,4,1,6,31,31254,1,3,2,1,1
202300028822,17,12,2023,17:50,5,1,7,38,38193,1,1,3,1,1
202300028823,8,9,2023,18:50,1,1,3,33,33162,2,4,2,1,1
202300028823,8,9,2023,18:50,1,1,3,33,33162,2,4,1,1,1
202300028824,17,12,2023,16:40,1,1,7,60,60408,1,1,1,1,1
202300028825,8,9,2023,18:20,1,1,6,33,33063,2,4,2,1,1
202300028826,17,12,2023,01:39,3,5,6,77,77185,1,3,1,1,2
202300028827,16,12,2023,17:50,1,1,3,973,97303,1,2,2,1,2
202300028828,8,9,2023,07:59,1,1,1,33,33522,2,4,2,1,1
202300028829,17,12,2023,03:15,3,1,2,971,97126,1,2,2,1,1
202300028830,17,12,2023,00:25,5,5,6,45,45177,2,3,2,1,2
202300028831,8,9,2023,12:10,1,1,3,32,32013,1,4,2,1,1
202300028832,17,12,2023,04:52,3,1,6,66,66014,1,3,2,1,2
202300028833,17,12,2023,11:30,1,7,3,30,30155,2,4,2,1,1
202300028834,16,12,2023,21:45,3,1,6,04,04063,1,3,2,1,1
202300028835,8,9,2023,12:45,1,1,2,30,30007,2,3,2,1,1
202300028836,17,12,2023,18:00,1,1,1,13,13081,2,6,-1,1,1
202300028837,7,9,2023,19:30,1,1,6,29,29019,2,4,2,1,1
202300028838,16,12,2023,18:50,3,1,2,13,13048,2,4,2,2,1
202300028839,16,12,2023,18:32,5,1,3,88,88321,2,4,2,1,1
202300028839,16,12,2023,18:32,5,1,3,88,88321,2,4,2,1,1
202300028840,7,9,2023,17:30,1,1,3,29,29019,2,4,2,1,1
202300028840,7,9,2023,17:30,1,1,3,29,29019,2,4,2,1,1
202300028841,17,12,2023,03:20,5,5,6,55,55122,2,4,2,2,2
202300028842,16,12,2023,17:45,5,1,3,38,38468,1,2,2,1,1
202300028843,8,9,2023,14:18,1,1,2,27,27229,2,3,2,1,1
202300028844,16,12,2023,18:15,3,1,6,38,38277,2,7,2,1,1
202300028844,16,12,2023,18:15,3,1,6,38,38277,2,7,2,1,1
202300028845,8,9,2023,16:21,1,7,3,25,25056,2,4,2,3,-1
202300028845,8,9,2023,16:21,1,7,3,25,25056,2,4,2,2,1
202300028846,17,12,2023,11:30,1,1,6,01,01301,1,3,2,1,1
202300028847,6,9,2023,15:55,1,1,6,19,19031,2,4,2,2,1
202300028848,16,12,2023,20:15,3,5,3,81,81011,1,3,2,1,2
202300028849,17,12,2023,04:00,3,1,1,59,59593,1,3,2,2,1
202300028850,15,12,2023,20:01,3,1,7,13,13106,1,1,-1,1,1
202300028851,2,9,2023,17:58,1,1,4,18,18279,1,3,2,1,1
202300028852,15,12,2023,17:48,3,1,2,13,13210,1,1,1,1,1
202300028853,12,12,2023,17:15,5,1,2,13,13213,1,1,1,1,1
202300028854,12,12,2023,13:40,1,1,5,57,57474,1,1,3,2,1
202300028855,16,12,2023,22:12,3,1,2,33,33075,1,1,3,1,1
202300028856,16,12,2023,18:00,3,1,2,91,91161,1,1,3,1,1
202300028857,15,12,2023,19:10,3,1,2,91,91432,1,1,3,1,1
202300028858,15,12,2023,17:53,4,1,4,91,91689,1,1,1,1,1
202300028859,16,12,2023,17:25,3,1,2,95,95018,1,1,3,1,1
202300028860,15,12,2023,14:55,1,1,4,95,95351,1,2,3,2,1
202300028861,15,12,2023,17:00,2,1,3,92,92078,1,1,1,1,1
202300028862,15,12,2023,13:05,1,1,4,95,95500,1,1,3,1,1
202300028863,16,12,2023,20:00,3,5,2,77,77372,1,1,3,1,1
202300028864,19,8,2023,15:15,1,1,1,76,76540,2,7,2,1,1
202300028864,19,8,2023,15:15,1,1,1,76,76540,2,7,1,1,1
202300028865,15,12,2023,10:00,1,1,6,974,97416,2,4,2,4,1
202300028866,12,12,2023,09:45,1,1,3,974,97416,1,4,2,1,1
202300028867,15,12,2023,09:40,1,1,2,974,97411,2,2,2,1,1
202300028868,15,12,2023,20:18,5,1,7,973,97302,2,3,2,1,1
202300028869,13,12,2023,13:00,1,1,3,973,97302,2,3,2,1,1
202300028869,13,12,2023,13:00,1,1,3,973,97302,2,3,2,1,1
202300028870,15,12,2023,19:50,5,1,6,69,69388,2,4,2,1,1
202300028871,28,6,2023,17:25,1,1,6,60,60612,1,3,3,1,1
202300028872,15,12,2023,19:35,5,1,6,69,69387,2,4,2,1,1
202300028873,28,6,2023,14:00,1,1,2,13,13071,1,1,1,1,1
202300028874,15,12,2023,08:00,1,1,3,971,97120,2,4,1,1,1
202300028874,15,12,2023,08:00,1,1,3,971,97120,2,4,2,1,1
202300028875,14,6,2023,15:10,1,1,2,69,69152,1,7,3,1,1
202300028876,28,6,2023,07:50,1,1,6,92,92012,1,1,-1,1,1
202300028877,15,12,2023,11:49,1,1,3,2A,2A004,2,4,2,2,9
202300028878,27,6,2023,09:38,1,1,2,78,78640,1,1,-1,2,1
202300028879,14,12,2023,12:47,1,1,6,87,87085,2,4,2,1,1
202300028880,27,6,2023,08:50,1,1,2,78,78158,1,1,1,1,1
202300028881,15,12,2023,17:13,2,1,1,86,86194,2,4,2,2,1
202300028881,15,12,2023,17:13,2,1,1,86,86194,2,4,2,2,1
202300028882,27,6,2023,17:00,1,1,3,75,75120,2,4,2,1,1
202300028883,15,12,2023,06:00,5,1,3,84,84035,2,4,-1,1,1
202300028884,27,6,2023,17:30,1,1,2,95,95500,1,1,-1,1,1
202300028885,14,12,2023,18:15,5,1,3,83,83062,2,4,2,1,1
202300028886,27,6,2023,07:00,1,1,2,92,92078,1,1,1,1,1
202300028887,12,12,2023,14:10,1,1,6,83,83118,2,4,1,2,1
202300028887,12,12,2023,14:10,1,1,6,83,83118,2,4,1,1,1
202300028888,26,6,2023,00:55,3,1,2,95,95527,1,1,3,1,1
202300028889,13,12,2023,21:00,5,2,3,80,80001,2,4,2,1,2
202300028890,27,6,2023,19:05,1,1,6,76,76114,2,3,2,2,1
202300028891,24,6,2023,11:45,1,1,6,83,83126,2,4,2,2,1
202300028892,16,6,2023,13:47,1,1,6,68,68224,2,4,1,1,1
202300028893,15,12,2023,10:10,1,1,6,77,77285,2,4,2,1,1
202300028894,15,12,2023,19:35,5,1,6,77,77284,2,3,1,1,1
202300028895,15,12,2023,19:02,5,1,6,77,77464,2,4,2,1,1
202300028896,16,6,2023,07:50,1,1,3,988,98818,2,4,2,2,1
202300028896,16,6,2023,07:50,1,1,3,988,98818,2,4,2,3,1
202300028897,27,6,2023,13:35,1,1,7,973,97302,1,2,1,1,1
202300028898,15,12,2023,23:30,5,5,2,77,77131,2,4,2,1,1
202300028898,15,12,2023,23:30,5,5,2,77,77131,2,4,3,1,1
202300028899,27,6,2023,23:35,5,1,1,69,69387,2,4,1,1,1
202300028899,27,6,2023,23:35,5,1,1,69,69387,2,4,1,1,1
202300028900,27,6,2023,18:15,1,1,6,69,69388,2,4,2,1,1
202300028901,27,6,2023,09:30,1,1,7,69,69149,2,7,2,2,1
202300028902,25,6,2023,23:20,3,1,1,971,97113,1,2,-1,1,1
202300028903,15,12,2023,18:30,5,8,3,76,76429,2,7,2,1,1
202300028904,27,6,2023,13:40,1,1,4,91,91161,2,3,1,1,1
202300028905,27,6,2023,15:40,1,1,3,91,91326,2,3,-1,1,1
202300028906,26,6,2023,07:29,1,1,3,87,87085,2,4,2,2,1
202300028906,26,6,2023,07:29,1,1,3,87,87085,2,4,2,1,1
202300028907,26,6,2023,14:30,1,1,6,83,83069,2,4,2,2,1
202300028908,26,6,2023,09:15,1,1,6,83,83061,2,4,2,1,1
202300028908,26,6,2023,09:15,1,1,6,83,83061,2,4,2,1,1
202300028909,23,6,2023,18:30,1,1,2,80,80021,1,4,3,1,1
202300028910,27,6,2023,10:10,1,1,3,79,79191,1,3,2,1,1
202300028910,27,6,2023,10:10,1,1,3,79,79191,1,3,2,1,1
202300028911,27,6,2023,20:50,2,1,6,76,76575,2,4,2,1,1
202300028911,27,6,2023,20:50,2,1,6,76,76575,2,4,2,1,1
202300028912,24,6,2023,21:36,1,1,3,76,76351,2,4,3,1,1
202300028912,24,6,2023,21:36,1,1,3,76,76351,2,4,3,1,1
202300028913,2,6,2023,08:40,1,1,1,73,73008,2,4,2,1,1
202300028914,26,6,2023,11:30,1,1,2,72,72181,2,4,1,1,1
202300028915,26,6,2023,08:45,1,1,3,72,72181,2,4,1,1,1
202300028916,26,6,2023,18:30,1,1,3,71,71105,2,4,2,2,1
202300028916,26,6,2023,18:30,1,1,3,71,71105,2,4,1,1,1
202300028917,27,6,2023,18:10,1,1,3,69,69259,2,4,2,1,1
202300028918,27,6,2023,22:50,3,1,1,67,67482,2,4,2,1,1
202300028919,27,6,2023,16:35,1,1,2,67,67482,2,4,2,1,1
202300028920,15,6,2023,18:10,1,1,3,67,67482,2,4,2,1,1
202300028921,16,6,2023,17:55,1,1,3,64,64445,2,3,2,1,1
202300028922,26,6,2023,15:57,1,1,6,64,64140,2,4,1,1,1
202300028923,15,6,2023,19:00,1,1,1,59,59508,2,7,3,1,1
202300028923,15,6,2023,19:00,1,1,1,59,59508,2,7,3,1,1
202300028924,27,6,2023,21:00,1,1,6,59,59512,2,4,1,1,1
202300028925,26,6,2023,17:30,1,1,3,57,57463,2,4,2,1,1
202300028926,26,6,2023,15:13,1,1,7,57,57463,2,4,2,1,1
202300028927,27,6,2023,11:00,1,1,3,54,54395,2,4,2,1,1
202300028928,26,6,2023,12:15,1,1,3,54,54395,2,4,2,2,1
202300028929,27,6,2023,11:20,1,1,6,54,54575,1,3,2,1,1
202300028930,27,6,2023,16:45,1,1,3,51,51454,2,4,2,1,1
202300028931,27,6,2023,11:30,1,1,6,51,51573,2,4,1,4,1
202300028932,23,6,2023,07:35,1,1,6,50,50129,2,4,2,1,1
202300028933,27,6,2023,11:48,1,1,6,49,49007,2,4,1,1,1
202300028934,26,6,2023,18:00,1,1,3,49,49015,2,4,2,1,1
202300028935,26,6,2023,06:45,1,1,2,49,49246,2,3,2,1,1
202300028935,26,6,2023,06:45,1,1,2,49,49246,2,3,2,1,1
202300028936,27,6,2023,16:26,1,1,3,47,47001,2,4,1,1,1
202300028937,27,6,2023,16:50,1,1,3,45,45234,2,4,1,2,1
202300028938,27,6,2023,18:00,1,1,2,43,43157,2,4,-1,1,1
202300028939,27,6,2023,16:15,1,1,7,43,43041,2,4,-1,3,1
202300028940,27,6,2023,08:48,1,1,3,43,43157,2,4,-1,1,1
202300028941,27,6,2023,20:55,1,1,3,37,37233,2,4,2,1,1
202300028942,27,6,2023,09:20,1,1,6,34,34172,2,4,3,1,1
202300028942,27,6,2023,09:20,1,1,6,34,34172,2,4,3,1,1
202300028943,25,6,2023,10:40,1,1,6,34,34003,1,3,2,1,1
202300028944,27,6,2023,20:15,1,1,6,25,25056,1,2,3,1,1
202300028945,27,6,2023,20:29,1,1,3,25,25056,2,4,2,2,1
202300028945,27,6,2023,20:29,1,1,3,25,25056,2,4,2,1,-1
202300028946,27,6,2023,15:00,1,1,2,25,25056,2,3,2,1,1
202300028946,27,6,2023,15:00,1,1,2,25,25056,2,3,1,1,1
202300028947,27,6,2023,11:20,1,1,6,25,25056,2,4,1,2,1
202300028948,27,6,2023,08:20,1,1,3,25,25056,2,4,1,2,1
202300028949,26,6,2023,13:15,1,1,6,14,14333,2,4,2,1,1
202300028950,27,6,2023,08:35,1,1,3,13,13117,2,3,1,3,1
202300028950,27,6,2023,08:35,1,1,3,13,13117,2,3,2,1,1
202300028951,27,6,2023,07:40,1,1,2,13,13047,1,2,2,1,1
202300028952,27,6,2023,14:17,1,1,6,06,06088,2,4,1,1,1
202300028952,27,6,2023,14:17,1,1,6,06,06088,2,4,1,1,1
202300028953,26,6,2023,13:20,1,1,3,06,06069,2,3,2,2,1
202300028954,27,6,2023,08:30,1,1,3,06,06029,2,4,2,1,1
202300028955,27,6,2023,10:24,1,1,7,05,05061,2,4,-1,2,1
202300028956,27,6,2023,22:30,5,1,3,01,01053,2,4,2,1,1
202300028957,27,6,2023,08:35,1,1,5,75,75120,2,4,1,2,1
202300028958,26,6,2023,08:20,1,1,2,75,75116,2,4,1,1,1
202300028958,26,6,2023,08:20,1,1,2,75,75116,2,4,1,2,1
202300028959,26,6,2023,10:20,1,1,5,75,75120,2,4,1,1,1
202300028960,26,6,2023,09:50,1,1,2,75,75117,2,4,1,1,1
202300028961,27,6,2023,13:30,1,1,2,75,75112,2,4,1,1,1
202300028962,26,6,2023,18:10,1,1,6,75,75115,2,4,-1,1,1
202300028963,27,6,2023,10:30,1,1,3,75,75105,2,4,1,1,1
202300028963,27,6,2023,10:30,1,1,3,75,75105,2,4,2,1,1
202300028964,27,6,2023,18:50,1,1,2,75,75120,2,4,1,1,1
202300028964,27,6,2023,18:50,1,1,2,75,75120,2,4,1,1,1
202300028965,27,6,2023,18:31,1,1,6,75,75119,2,4,2,1,1
202300028965,27,6,2023,18:31,1,1,6,75,75119,2,4,-1,1,1
202300028966,27,6,2023,15:45,1,1,3,75,75119,2,4,1,1,1
202300028966,27,6,2023,15:45,1,1,3,75,75119,2,4,2,1,1
202300028967,27,6,2023,14:55,1,1,3,75,75118,2,4,2,1,1
202300028967,27,6,2023,14:55,1,1,3,75,75118,2,4,2,1,1
202300028968,22,6,2023,03:00,5,1,7,75,75117,2,4,2,1,1
202300028968,22,6,2023,03:00,5,1,7,75,75117,2,4,1,1,1
202300028969,27,6,2023,18:40,1,1,3,75,75116,2,4,3,1,1
202300028969,27,6,2023,18:40,1,1,3,75,75116,2,4,3,1,1
202300028970,27,6,2023,09:45,1,1,2,75,75116,2,4,2,1,1
202300028971,27,6,2023,17:15,1,1,3,75,75115,2,4,2,1,1
202300028971,27,6,2023,17:15,1,1,3,75,75115,2,4,1,1,1
202300028972,26,6,2023,09:25,1,1,3,75,75114,2,4,2,1,1
202300028973,26,6,2023,08:55,1,1,3,75,75115,2,4,1,1,1
202300028973,26,6,2023,08:55,1,1,3,75,75115,2,4,1,1,1
202300028974,27,6,2023,17:55,1,1,6,75,75113,2,4,1,1,1
202300028975,16,6,2023,18:40,1,1,3,75,75113,2,4,2,1,1
202300028975,16,6,2023,18:40,1,1,3,75,75113,2,4,2,1,1
202300028976,27,6,2023,16:55,1,1,2,75,75112,2,4,2,2,1
202300028977,9,6,2023,22:40,5,1,6,75,75112,2,4,2,1,1
202300028978,27,6,2023,18:00,1,1,2,75,75109,2,4,1,2,1
202300028979,27,6,2023,10:34,1,1,3,75,75108,2,4,2,1,1
202300028980,27,6,2023,09:56,1,1,2,75,75115,2,4,1,1,1
202300028980,27,6,2023,09:56,1,1,2,75,75115,2,4,2,1,1
202300028981,27,6,2023,08:30,1,1,3,75,75103,2,4,2,1,1
202300028981,27,6,2023,08:30,1,1,3,75,75103,2,4,1,1,1
202300028982,27,6,2023,18:45,1,1,6,94,94044,2,4,2,1,1
202300028983,27,6,2023,11:30,1,1,3,94,94058,2,3,3,1,1
202300028984,26,6,2023,09:10,1,1,1,94,94042,2,3,2,1,1
202300028984,26,6,2023,09:10,1,1,1,94,94042,2,3,4,1,1
202300028985,27,6,2023,20:10,1,1,3,94,94081,2,4,2,1,1
202300028986,27,6,2023,19:05,1,1,3,94,94081,2,3,2,1,1
202300028987,25,6,2023,14:51,1,1,3,94,94019,2,3,2,1,1
202300028987,25,6,2023,14:51,1,1,3,94,94019,2,3,2,4,1
202300028988,27,6,2023,11:30,1,1,2,94,94075,2,2,2,1,1
202300028988,27,6,2023,11:30,1,1,2,94,94075,2,2,2,1,1
202300028989,26,6,2023,14:40,1,1,6,93,93078,2,3,2,1,1
202300028990,27,6,2023,11:45,1,1,3,93,93059,2,4,2,1,1
202300028990,27,6,2023,11:45,1,1,3,93,93059,2,4,1,1,1
202300028991,24,6,2023,12:00,1,1,3,93,93064,2,3,2,1,1
202300028992,27,6,2023,18:45,1,1,3,93,93001,2,4,1,1,1
202300028993,26,6,2023,09:10,1,1,3,93,93001,2,3,2,1,1
202300028993,26,6,2023,09:10,1,1,3,93,93001,2,3,2,1,1
202300028994,27,6,2023,20:20,1,1,7,92,92064,2,3,2,2,1
202300028995,26,6,2023,17:00,1,1,3,92,92051,2,4,-1,1,1
202300028996,23,6,2023,12:30,1,1,6,92,92051,2,4,1,1,1
202300028996,23,6,2023,12:30,1,1,6,92,92051,2,4,2,2,2
202300028997,27,6,2023,18:45,1,1,3,92,92040,2,3,2,1,1
202300028997,27,6,2023,18:45,1,1,3,92,92040,2,3,2,1,1
202300028998,27,6,2023,21:20,2,1,7,92,92012,2,4,2,1,1
202300028999,12,6,2023,20:15,1,1,6,92,92004,2,4,-1,1,1