id_accident,jour,mois,annee,heure_minute,luminosite,meteo,type_collision,departement,commune,agglomeration,categorie_route,regime_circulation,profil_route,etat_surface
202300029000,10,6,2023,07:40,1,1,3,92,92004,2,3,-1,1,1
202300029000,10,6,2023,07:40,1,1,3,92,92004,2,3,-1,1,1
202300029001,26,6,2023,18:15,1,1,6,92,92004,2,4,-1,1,1
202300029002,15,6,2023,07:50,1,1,3,92,92004,2,3,-1,1,1
202300029003,28,6,2023,14:55,1,1,5,76,76421,1,3,2,1,1
202300029004,28,6,2023,18:29,1,1,3,80,80569,1,3,2,1,1
202300029004,28,6,2023,18:29,1,1,3,80,80569,1,3,2,1,1
202300029005,27,6,2023,13:20,1,1,2,11,11069,1,1,3,1,1
202300029006,25,6,2023,02:39,3,1,6,33,33392,1,3,2,1,1
202300029007,28,6,2023,17:12,1,1,6,31,31573,1,3,2,1,1
202300029008,28,6,2023,11:40,1,1,3,42,42284,1,3,2,1,1
202300029008,28,6,2023,11:40,1,1,3,42,42284,1,3,2,1,1
202300029009,28,6,2023,00:50,3,1,7,51,51476,1,3,2,1,1
202300029010,28,6,2023,11:14,1,1,1,44,44111,1,4,2,2,1
202300029011,26,6,2023,07:50,1,1,5,62,62269,1,3,2,1,1
202300029012,24,6,2023,09:00,1,7,3,56,56128,1,3,2,2,1
202300029012,24,6,2023,09:00,1,7,3,56,56128,1,3,2,1,1
202300029013,27,6,2023,19:15,1,1,1,79,79005,2,4,2,3,1
202300029014,28,6,2023,07:55,1,1,1,2A,2A130,1,3,2,2,1
202300029015,27,6,2023,21:10,1,1,1,33,33289,2,3,2,1,1
202300029016,26,6,2023,18:30,1,1,3,63,63430,2,3,2,1,1
202300029017,28,6,2023,16:00,1,7,3,49,49330,1,3,2,1,1
202300029017,28,6,2023,16:00,1,7,3,49,49330,1,3,2,1,1
202300029018,28,6,2023,14:45,1,1,3,12,12198,2,3,2,1,1
202300029018,28,6,2023,14:45,1,1,3,12,12198,2,3,2,1,1
202300029019,28,6,2023,13:45,1,1,5,42,42019,2,3,2,1,1
202300029019,28,6,2023,13:45,1,1,5,42,42019,2,3,2,1,1
202300029019,28,6,2023,13:45,1,1,5,42,42019,2,3,2,1,1
202300029020,27,6,2023,18:40,1,1,1,47,47111,1,3,2,1,1
202300029021,28,6,2023,04:40,3,1,6,68,68377,1,4,2,1,1
202300029022,26,6,2023,06:45,1,1,3,25,25321,1,3,2,2,1
202300029022,26,6,2023,06:45,1,1,3,25,25321,1,3,2,4,-1
202300029023,28,6,2023,15:50,1,1,6,02,02201,2,3,2,1,1
202300029024,25,6,2023,16:15,1,1,5,70,70315,1,3,2,1,1
202300029025,27,6,2023,22:12,3,1,6,70,70353,1,3,2,1,1
202300029026,26,6,2023,11:50,1,1,6,06,06120,1,7,2,2,1
202300029027,28,6,2023,16:00,1,1,1,06,06090,1,3,2,2,1
202300029028,27,6,2023,15:15,1,1,7,14,14298,1,4,-1,1,1
202300029029,28,6,2023,11:45,1,1,1,05,05163,1,3,2,1,1
202300029030,26,6,2023,16:45,1,1,4,50,50365,1,3,2,1,1
202300029030,26,6,2023,16:45,1,1,4,50,50365,1,3,2,1,1
202300029031,27,6,2023,19:20,1,1,1,60,60045,2,3,2,1,1
202300029031,27,6,2023,19:20,1,1,1,60,60045,2,3,2,1,1
202300029032,28,6,2023,07:40,1,1,2,18,18129,1,3,2,1,1
202300029033,27,6,2023,08:20,1,1,6,18,18111,1,3,2,2,1
202300029034,27,6,2023,16:40,1,1,3,10,10226,1,3,2,1,1
202300029035,28,6,2023,10:15,1,1,1,40,40217,1,3,2,1,1
202300029035,28,6,2023,10:15,1,1,1,40,40217,1,3,-1,-1,-1
202300029036,24,6,2023,13:15,1,1,1,04,04209,2,3,2,2,1
202300029036,24,6,2023,13:15,1,1,1,04,04209,2,3,2,1,1
202300029037,27,6,2023,16:32,1,1,6,04,04173,1,2,2,2,1
202300029038,27,6,2023,16:18,1,1,1,04,04174,1,2,2,1,1
202300029039,28,6,2023,12:16,1,1,3,85,85234,2,4,2,1,1
202300029040,27,6,2023,17:15,1,1,3,37,37139,1,3,2,1,1
202300029041,27,6,2023,02:00,5,1,3,30,30006,2,4,2,1,1
202300029041,27,6,2023,02:00,5,1,3,30,30006,2,4,2,1,1
202300029042,28,6,2023,07:45,1,1,1,30,30329,1,3,2,2,1
202300029043,27,6,2023,18:15,5,1,3,987,98734,2,2,2,1,1
202300029044,15,6,2023,12:25,1,1,1,38,38553,2,4,2,1,1
202300029045,28,6,2023,11:30,1,1,2,06,06079,1,1,3,1,1
202300029046,28,6,2023,12:30,1,1,2,38,38104,1,1,3,1,1
202300029047,27,6,2023,00:40,5,1,6,973,97304,2,3,2,1,1
202300029048,27,6,2023,22:50,3,2,5,973,97305,1,2,2,1,2
202300029049,28,6,2023,01:42,3,1,6,77,77088,1,3,2,1,1
202300029050,28,6,2023,13:15,1,1,1,77,77127,1,3,2,1,1
202300029051,28,6,2023,10:17,1,1,3,30,30039,2,3,2,1,1
202300029051,28,6,2023,10:17,1,1,3,30,30039,2,3,2,1,1
202300029052,24,6,2023,19:10,1,1,6,34,34213,2,4,2,1,1
202300029053,28,6,2023,10:50,1,1,6,34,34296,2,4,2,1,1
202300029054,28,6,2023,17:30,1,1,1,83,83143,1,3,2,1,1
202300029055,28,6,2023,14:20,1,1,3,89,89198,1,1,-1,1,1
202300029056,27,6,2023,10:10,1,1,7,21,21442,2,3,2,1,1
202300029057,24,6,2023,00:24,3,1,7,67,67067,1,3,2,2,1
202300029058,28,6,2023,14:45,1,1,3,42,42180,1,3,2,1,1
202300029058,28,6,2023,14:45,1,1,3,42,42180,1,3,2,1,1
202300029059,27,6,2023,11:50,1,1,1,38,38072,1,2,2,1,1
202300029060,27,6,2023,16:45,1,1,6,69,69004,1,3,2,1,1
202300029061,23,6,2023,10:40,1,1,7,31,31135,2,4,2,1,1
202300029062,28,6,2023,12:00,1,1,1,40,40123,1,3,2,1,1
202300029063,28,6,2023,11:30,1,1,3,33,33413,1,3,2,1,1
202300029063,28,6,2023,11:30,1,1,3,33,33413,1,3,2,1,6
202300029064,26,6,2023,12:10,1,1,3,33,33056,2,4,2,1,1
202300029065,28,6,2023,16:30,1,1,6,50,50139,1,3,2,2,1
202300029066,27,6,2023,15:24,1,1,7,59,59581,2,3,2,1,1
202300029067,27,6,2023,16:20,1,1,6,13,13071,1,1,1,1,1
202300029068,24,5,2023,09:25,1,1,3,13,13085,2,1,4,1,1
202300029069,21,6,2023,18:25,1,1,4,13,13213,1,1,1,2,1
202300029070,13,6,2023,12:30,1,1,4,13,13071,1,1,1,1,1
202300029071,27,6,2023,18:35,5,1,2,83,83137,1,1,1,1,1
202300029072,26,6,2023,07:08,1,1,3,69,69382,2,7,3,1,1
202300029073,27,6,2023,09:00,1,1,5,69,69276,1,7,3,1,1
202300029074,27,6,2023,17:46,1,1,3,33,33162,1,1,3,1,1
202300029075,9,10,2023,10:20,1,1,3,37,37261,2,4,2,1,1
202300029075,9,10,2023,10:20,1,1,3,37,37261,2,4,2,2,1
202300029076,9,10,2023,08:30,2,1,5,37,37122,1,3,2,1,1
202300029077,26,9,2023,21:15,5,1,7,34,34172,2,4,2,2,1
202300029078,7,10,2023,15:45,1,1,5,34,34003,2,4,2,1,1
202300029079,10,10,2023,17:15,1,1,3,33,33069,2,4,2,1,1
202300029079,10,10,2023,17:15,1,1,3,33,33069,2,4,2,1,1
202300029080,9,10,2023,19:15,1,1,3,33,33200,2,4,1,1,1
202300029080,9,10,2023,19:15,1,1,3,33,33200,2,4,2,1,1
202300029081,9,10,2023,18:00,1,1,3,33,33063,2,4,1,1,1
202300029081,9,10,2023,18:00,1,1,3,33,33063,2,4,2,1,1
202300029082,9,10,2023,09:20,1,1,2,31,31555,1,1,1,1,1
202300029083,9,10,2023,12:10,1,1,3,31,31483,2,3,2,1,1
202300029083,9,10,2023,12:10,1,1,3,31,31483,2,3,1,1,1
202300029084,5,10,2023,16:59,1,1,3,30,30189,2,4,-1,1,1
202300029085,9,9,2023,12:50,1,1,3,30,30189,2,4,1,1,1
202300029085,9,9,2023,12:50,1,1,3,30,30189,2,4,1,1,1
202300029086,9,10,2023,19:50,2,1,3,30,30007,2,3,2,2,1
202300029086,9,10,2023,19:50,2,1,3,30,30007,2,3,2,1,1
202300029087,9,10,2023,14:45,1,1,2,30,30007,2,4,3,1,1
202300029088,9,10,2023,15:20,1,1,6,29,29232,2,4,-1,1,1
202300029088,9,10,2023,15:20,1,1,6,29,29232,2,4,2,1,1
202300029089,9,10,2023,07:36,5,1,3,29,29019,2,4,4,1,1
202300029089,9,10,2023,07:36,5,1,3,29,29019,2,4,2,2,1
202300029090,9,10,2023,13:33,1,1,3,27,27681,2,4,2,1,1
202300029091,9,10,2023,12:40,1,1,3,22,22113,2,4,2,1,1
202300029091,9,10,2023,12:40,1,1,3,22,22113,2,4,2,1,1
202300029092,8,10,2023,08:25,1,1,3,19,19031,2,3,1,1,1
202300029093,9,10,2023,15:30,1,1,6,15,15014,2,3,1,1,1
202300029094,9,10,2023,10:40,1,1,3,15,15014,2,3,3,1,1
202300029095,7,10,2023,23:38,5,1,6,15,15014,2,4,1,1,1
202300029096,8,10,2023,20:40,5,1,7,14,14069,2,3,1,1,1
202300029097,9,10,2023,15:30,1,1,2,14,14118,2,4,1,1,1
202300029098,9,10,2023,09:20,1,1,6,13,13213,2,4,2,1,1
202300029099,5,10,2023,18:00,1,1,1,13,13005,2,4,3,1,1
202300029100,8,10,2023,09:40,1,1,6,12,12202,2,4,2,1,1
202300029101,10,10,2023,07:34,2,1,1,10,10325,2,3,2,1,1
202300029101,10,10,2023,07:34,2,1,1,10,10325,2,3,2,1,1
202300029101,10,10,2023,07:34,2,1,1,10,10325,2,3,2,1,1
202300029102,9,10,2023,08:32,1,1,4,10,10081,2,3,3,1,1
202300029103,6,10,2023,17:28,1,1,3,10,10387,2,4,2,1,1
202300029103,6,10,2023,17:28,1,1,3,10,10387,2,4,1,1,1
202300029104,9,10,2023,18:00,1,1,3,07,07281,2,4,2,1,1
202300029105,23,8,2023,10:27,1,1,6,06,06083,2,4,2,1,1
202300029105,23,8,2023,10:27,1,1,6,06,06083,2,4,1,1,1
202300029106,9,10,2023,15:35,1,1,3,06,06029,2,4,2,2,1
202300029107,9,10,2023,10:45,1,1,6,06,06030,2,4,2,1,1
202300029108,9,10,2023,13:20,1,1,7,04,04070,2,9,2,2,1
202300029109,7,10,2023,20:28,5,1,3,03,03190,2,4,-1,1,1
202300029109,7,10,2023,20:28,5,1,3,03,03190,2,4,1,1,1
202300029110,6,10,2023,20:20,3,1,1,02,02212,1,3,2,1,1
202300029111,10,10,2023,19:15,5,1,4,75,75116,2,4,1,1,1
202300029112,9,10,2023,21:10,5,1,2,75,75113,2,4,1,1,2
202300029112,9,10,2023,21:10,5,1,2,75,75113,2,4,1,1,1
202300029113,10,10,2023,17:40,1,1,6,75,75120,2,4,2,1,1
202300029113,10,10,2023,17:40,1,1,6,75,75120,2,4,2,1,1
202300029114,10,10,2023,10:30,1,1,6,75,75119,2,4,2,1,1
202300029114,10,10,2023,10:30,1,1,6,75,75119,2,4,2,1,1
202300029115,10,10,2023,08:45,1,1,3,75,75116,2,4,1,1,1
202300029115,10,10,2023,08:45,1,1,3,75,75116,2,4,1,1,1
202300029116,10,10,2023,17:20,1,1,7,75,75114,2,4,3,1,1
202300029116,10,10,2023,17:20,1,1,7,75,75114,2,4,2,1,1
202300029117,10,10,2023,11:15,1,1,7,75,75114,2,4,2,1,1
202300029117,10,10,2023,11:15,1,1,7,75,75114,2,4,2,1,1
202300029118,10,10,2023,16:10,1,1,3,75,75113,2,4,1,2,1
202300029119,10,10,2023,11:25,1,1,3,75,75112,2,4,2,1,1
202300029120,10,10,2023,08:10,1,1,3,75,75112,2,4,2,1,1
202300029121,10,10,2023,21:05,5,1,3,75,75111,2,4,1,1,1
202300029122,10,10,2023,19:10,2,1,3,75,75109,2,4,4,1,1
202300029122,10,10,2023,19:10,2,1,3,75,75109,2,4,2,1,1
202300029123,10,10,2023,16:05,1,1,6,75,75108,2,4,2,1,1
202300029124,10,10,2023,09:50,1,1,1,75,75108,2,4,2,1,1
202300029124,10,10,2023,09:50,1,1,1,75,75108,2,4,2,1,1
202300029125,9,10,2023,17:45,1,1,2,75,75107,2,4,1,1,1
202300029125,9,10,2023,17:45,1,1,2,75,75107,2,4,-1,1,1
202300029126,10,10,2023,14:20,1,1,5,75,75104,2,4,2,1,1
202300029126,10,10,2023,14:20,1,1,5,75,75104,2,4,1,1,1
202300029127,10,10,2023,14:30,1,1,6,75,75101,2,4,2,1,1
202300029127,10,10,2023,14:30,1,1,6,75,75101,2,4,1,1,1
202300029128,10,10,2023,13:35,1,1,3,75,75101,2,4,3,1,1
202300029128,10,10,2023,13:35,1,1,3,75,75101,2,4,1,1,1
202300029129,10,10,2023,09:30,1,1,6,75,75103,2,4,2,1,1
202300029129,10,10,2023,09:30,1,1,6,75,75103,2,4,1,1,1
202300029130,9,10,2023,23:00,5,1,3,94,94081,2,3,2,1,1
202300029131,10,10,2023,16:35,1,1,3,94,94078,2,3,3,1,1
202300029131,10,10,2023,16:35,1,1,3,94,94078,2,3,2,1,1
202300029132,10,10,2023,18:20,1,1,2,94,94028,1,2,3,1,1
202300029133,10,10,2023,11:30,1,1,6,94,94068,2,4,2,1,1
202300029134,10,10,2023,08:06,1,1,3,94,94054,2,3,2,1,1
202300029134,10,10,2023,08:06,1,1,3,94,94054,2,3,2,1,1
202300029135,10,10,2023,20:50,5,1,6,94,94018,2,3,3,1,1
202300029135,10,10,2023,20:50,5,1,6,94,94018,2,3,3,2,1
202300029136,10,10,2023,19:35,5,1,6,94,94071,2,4,-1,3,1
202300029136,10,10,2023,19:35,5,1,6,94,94071,2,4,3,1,1
202300029137,10,10,2023,17:40,1,1,6,93,93078,2,4,2,1,1
202300029138,10,10,2023,14:00,1,1,4,93,93073,2,4,3,1,1
202300029139,10,10,2023,00:05,5,1,6,93,93007,2,4,2,1,1
202300029139,10,10,2023,00:05,5,1,6,93,93007,2,4,-1,1,1
202300029140,9,10,2023,21:20,5,1,3,93,93071,2,4,2,1,1
202300029140,9,10,2023,21:20,5,1,3,93,93071,2,4,1,1,1
202300029141,10,10,2023,13:40,1,1,3,93,93051,2,3,2,1,1
202300029141,10,10,2023,13:40,1,1,3,93,93051,2,3,2,1,1
202300029142,10,10,2023,21:30,3,1,3,93,93008,2,3,3,1,1
202300029142,10,10,2023,21:30,3,1,3,93,93008,2,3,1,1,1
202300029143,10,10,2023,18:22,1,1,1,92,92078,1,3,3,1,1
202300029144,9,10,2023,20:30,5,1,7,92,92072,2,3,-1,1,1
202300029145,10,10,2023,16:15,1,1,6,92,92064,2,4,-1,2,1
202300029146,4,10,2023,09:18,1,7,6,92,92063,2,3,2,2,1
202300029147,10,10,2023,13:30,1,1,3,92,92051,2,4,3,1,1
202300029148,10,10,2023,17:58,1,1,6,92,92049,2,4,2,1,1
202300029149,9,10,2023,13:08,1,1,5,92,92036,2,3,2,1,1
202300029149,9,10,2023,13:08,1,1,5,92,92036,2,3,2,1,1
202300029150,10,10,2023,08:00,1,1,2,92,92024,2,3,2,1,1
202300029151,10,10,2023,17:12,1,1,3,92,92019,2,3,1,2,1
202300029151,10,10,2023,17:12,1,1,3,92,92019,2,3,2,1,1
202300029152,10,10,2023,16:33,1,1,2,92,92007,2,4,-1,2,1
202300029153,10,10,2023,11:48,1,1,3,17,17094,2,3,-1,1,1
202300029154,6,10,2023,22:55,3,1,3,36,36097,2,3,2,1,1
202300029155,10,10,2023,13:30,1,7,6,76,76392,2,3,2,4,1
202300029155,10,10,2023,13:30,1,7,6,76,76392,2,3,2,4,1
202300029156,9,10,2023,23:00,3,1,6,21,21614,1,1,3,1,1
202300029157,10,10,2023,08:50,1,1,3,84,84149,2,3,2,1,1
202300029158,8,10,2023,18:30,1,1,6,01,01398,1,4,2,1,1
202300029159,3,10,2023,13:00,1,1,1,71,71336,2,3,2,1,1
202300029160,10,10,2023,23:30,5,1,7,30,30312,2,4,2,1,1
202300029161,11,10,2023,10:20,1,1,6,62,62230,1,3,2,1,1
202300029162,11,10,2023,13:47,1,1,1,19,19094,1,3,2,2,1
202300029162,11,10,2023,13:47,1,1,1,19,19094,1,3,2,1,1
202300029163,10,10,2023,18:00,1,1,1,2B,2B346,2,2,2,1,1
202300029164,11,10,2023,14:55,1,1,6,19,19274,1,1,1,2,1
202300029165,10,8,2023,18:16,1,1,3,82,82010,1,4,2,1,1
202300029165,10,8,2023,18:16,1,1,3,82,82010,1,4,2,1,1
202300029166,11,10,2023,17:00,1,1,6,89,89267,2,3,2,2,1
202300029167,6,10,2023,16:15,1,1,7,63,63122,1,3,2,1,1
202300029168,9,10,2023,16:20,1,1,6,22,22079,1,3,2,1,1
202300029169,11,10,2023,11:50,1,1,1,35,35187,1,4,2,1,1
202300029169,11,10,2023,11:50,1,1,1,35,35187,1,4,2,2,1
202300029170,11,10,2023,12:15,1,1,6,02,02284,1,3,2,1,1
202300029171,11,10,2023,11:30,2,1,3,15,15261,1,3,2,2,1
202300029172,11,10,2023,03:30,3,1,7,54,54295,1,3,2,2,1
202300029173,8,10,2023,16:30,1,7,7,06,06073,1,7,2,3,1
202300029174,10,10,2023,14:50,1,1,7,14,14410,1,3,2,1,1
202300029175,10,9,2023,11:40,1,1,6,14,14739,1,4,2,1,1
202300029176,10,10,2023,07:15,2,1,1,64,64448,1,3,2,1,1
202300029177,10,10,2023,17:45,1,1,7,07,07011,1,3,-1,2,1
202300029178,8,10,2023,16:50,1,1,6,24,24141,1,3,2,2,1
202300029179,10,10,2023,16:24,1,1,6,04,04088,2,3,2,1,1
202300029180,10,10,2023,16:45,1,1,7,85,85213,1,4,2,1,1
202300029180,10,10,2023,16:45,1,1,7,85,85213,1,4,2,1,1
202300029181,10,10,2023,16:53,1,7,1,17,17483,1,4,2,1,1
202300029181,10,10,2023,16:53,1,7,1,17,17483,1,4,2,1,1
202300029182,10,10,2023,17:10,1,1,3,37,37130,1,3,2,1,1
202300029182,10,10,2023,17:10,1,1,3,37,37130,1,3,2,2,1
202300029183,11,10,2023,09:00,1,1,1,31,31120,1,3,2,2,1
202300029184,10,10,2023,08:40,1,1,3,69,69244,2,4,1,2,1
202300029184,10,10,2023,08:40,1,1,3,69,69244,2,4,2,2,1
202300029185,10,10,2023,05:45,1,1,2,987,98715,2,2,2,1,1
202300029186,11,10,2023,08:50,1,1,6,77,77020,1,2,2,1,1
202300029187,10,10,2023,11:00,1,1,3,971,97117,1,3,2,1,1
202300029188,10,10,2023,16:40,1,1,7,45,45242,1,3,2,1,1
202300029189,10,10,2023,03:30,4,1,1,77,77521,2,3,2,1,1
202300029190,11,10,2023,07:10,2,8,7,83,83035,2,3,3,2,1
202300029191,11,10,2023,15:50,1,1,1,83,83065,2,3,3,2,1
202300029192,11,10,2023,08:03,1,1,6,13,13101,2,3,2,1,1
202300029193,10,10,2023,11:00,1,1,6,73,73050,1,3,2,2,1
202300029194,10,10,2023,17:35,1,1,6,73,73249,1,3,2,1,1
202300029195,11,10,2023,10:00,1,1,3,42,42296,1,3,2,1,1
202300029195,11,10,2023,10:00,1,1,3,42,42296,1,3,2,2,1
202300029196,8,10,2023,18:30,2,1,3,38,38276,2,3,2,1,1
202300029197,10,10,2023,07:30,1,1,3,26,26380,1,2,2,1,1
202300029198,10,10,2023,17:10,1,7,6,26,26313,2,3,2,1,1
202300029199,10,10,2023,10:43,1,1,3,17,17400,2,3,2,1,1
202300029199,10,10,2023,10:43,1,1,3,17,17400,2,3,2,1,1
202300029200,10,10,2023,23:10,5,1,1,86,86062,2,3,2,2,1
202300029201,10,10,2023,20:00,3,1,3,49,49332,1,3,2,1,1
202300029202,4,10,2023,17:00,1,1,3,44,44026,1,1,1,1,1
202300029203,8,10,2023,18:30,1,7,3,22,22118,1,3,2,4,1
202300029203,8,10,2023,18:30,1,7,3,22,22118,1,3,-1,1,1
202300029204,10,10,2023,21:15,3,1,6,60,60671,1,3,2,1,1
202300029205,10,10,2023,19:39,3,1,6,59,59558,1,3,3,1,1
202300029206,10,10,2023,16:40,1,1,3,13,13214,1,1,-1,1,1
202300029207,9,10,2023,17:11,1,1,2,13,13212,1,1,1,1,1
202300029208,9,10,2023,13:50,1,1,3,01,01249,1,1,3,1,1
202300029209,7,10,2023,01:30,3,1,6,57,57039,1,1,3,1,1
202300029210,10,10,2023,19:45,5,1,5,94,94065,1,2,3,1,1
202300029211,10,10,2023,18:00,1,1,2,91,91136,1,3,1,2,1
202300029212,10,10,2023,15:20,1,1,2,94,94038,1,1,1,1,1
202300029213,10,10,2023,12:40,1,1,2,91,91689,1,1,3,1,1
202300029214,10,10,2023,10:10,1,1,2,91,91659,1,1,3,2,1
202300029215,10,10,2023,09:05,1,1,3,92,92002,1,1,1,1,1
202300029216,10,10,2023,07:45,2,1,4,94,94038,1,1,3,1,1
202300029217,10,10,2023,09:30,1,1,3,91,91434,1,1,3,4,1
202300029218,10,10,2023,09:30,1,1,7,91,91377,2,3,3,1,1
202300029219,9,10,2023,20:45,3,1,2,91,91434,1,1,3,2,1
202300029220,10,10,2023,18:45,2,1,2,92,92036,1,1,1,1,1
202300029221,10,10,2023,17:58,1,1,2,78,78402,1,1,1,1,1
202300029222,9,10,2023,13:00,1,1,2,78,78672,1,1,3,2,1
202300029223,9,10,2023,07:50,1,1,3,92,92047,1,1,-1,1,1
202300029224,9,10,2023,07:47,1,1,3,92,92060,1,2,1,1,1
202300029225,9,10,2023,03:04,3,1,5,92,92025,1,1,1,1,1
202300029226,10,10,2023,18:30,1,1,5,95,95555,1,3,1,1,1
202300029227,21,9,2023,15:00,1,2,6,95,95018,1,1,3,2,2
202300029228,10,10,2023,08:50,1,1,2,95,95582,1,3,2,1,1
202300029229,10,10,2023,06:50,3,1,3,93,93064,1,1,3,1,1
202300029230,10,10,2023,17:14,1,1,6,77,77373,1,2,1,1,1
202300029231,3,7,2023,22:36,5,1,6,19,19031,2,4,2,1,1
202300029232,7,5,2023,08:25,1,2,6,28,28023,1,3,2,1,2
202300029233,30,5,2023,18:40,1,8,2,13,13215,1,1,1,2,1
202300029234,8,10,2023,03:15,3,1,6,75,75116,2,4,-1,1,1
202300029235,9,10,2023,17:45,1,1,7,75,75115,2,4,-1,1,1
202300029235,9,10,2023,17:45,1,1,7,75,75115,2,4,1,1,1
202300029236,9,10,2023,07:10,2,1,6,75,75114,2,4,1,1,1
202300029236,9,10,2023,07:10,2,1,6,75,75114,2,4,-1,1,1
202300029237,9,10,2023,19:10,2,1,6,75,75111,2,4,-1,1,1
202300029237,9,10,2023,19:10,2,1,6,75,75111,2,4,1,1,1
202300029238,9,10,2023,18:00,1,1,2,75,75110,2,4,-1,1,1
202300029238,9,10,2023,18:00,1,1,2,75,75110,2,4,2,1,1
202300029239,9,10,2023,00:40,5,1,3,75,75110,2,4,1,1,1
202300029240,8,10,2023,22:15,5,1,3,75,75109,2,4,1,1,1
202300029240,8,10,2023,22:15,5,1,3,75,75109,2,4,1,2,1
202300029241,9,10,2023,01:09,3,1,3,75,75107,2,4,3,1,1
202300029242,8,10,2023,18:55,2,1,7,94,94081,2,4,2,2,1
202300029243,9,10,2023,17:05,1,1,7,94,94015,2,3,1,2,1
202300029244,9,10,2023,18:00,1,1,6,94,94076,2,3,-1,1,1
202300029245,9,10,2023,21:40,5,1,3,94,94041,2,3,2,2,1
202300029245,9,10,2023,21:40,5,1,3,94,94041,2,3,1,1,1
202300029246,9,10,2023,19:20,5,1,2,94,94034,2,3,1,1,1
202300029247,9,10,2023,18:00,1,1,3,94,94073,1,5,-1,1,1
202300029248,9,10,2023,19:00,2,1,6,94,94033,2,4,2,1,1
202300029249,9,10,2023,05:52,1,1,6,94,94073,2,3,2,1,1
202300029249,9,10,2023,05:52,1,1,6,94,94073,2,3,2,1,1
202300029250,9,10,2023,12:10,1,1,3,93,93070,2,3,3,1,1
202300029250,9,10,2023,12:10,1,1,3,93,93070,2,3,1,1,1
202300029251,9,10,2023,09:20,1,1,3,93,93048,2,3,2,1,1
202300029251,9,10,2023,09:20,1,1,3,93,93048,2,3,2,1,1
202300029252,9,10,2023,19:45,5,1,6,93,93079,2,3,2,1,1
202300029253,9,10,2023,10:45,1,1,3,93,93031,2,3,2,1,1
202300029253,9,10,2023,10:45,1,1,3,93,93031,2,3,3,1,1
202300029254,9,10,2023,09:30,1,1,3,93,93031,2,3,2,1,1
202300029255,9,10,2023,07:30,2,1,3,93,93031,2,4,2,1,1
202300029255,9,10,2023,07:30,2,1,3,93,93031,2,4,2,1,1
202300029256,8,10,2023,23:20,5,1,3,93,93001,2,3,1,1,1
202300029256,8,10,2023,23:20,5,1,3,93,93001,2,3,2,1,1
202300029257,9,10,2023,21:55,5,1,2,92,92073,2,3,2,2,1
202300029258,8,10,2023,12:45,1,1,7,92,92064,2,4,-1,2,1
202300029259,8,10,2023,04:45,5,1,2,92,92051,2,3,3,1,1
202300029260,8,10,2023,18:35,1,1,6,92,92036,2,4,2,1,1
202300029261,9,10,2023,12:07,1,1,3,92,92025,2,3,-1,1,1
202300029261,9,10,2023,12:07,1,1,3,92,92025,2,3,-1,1,1
202300029262,9,10,2023,18:40,2,1,3,92,92024,1,3,3,1,1
202300029262,9,10,2023,18:40,2,1,3,92,92024,1,3,4,1,1
202300029263,9,10,2023,16:22,1,1,6,92,92019,2,3,1,1,1
202300029264,10,10,2023,15:38,1,1,3,60,60229,1,3,2,1,1
202300029264,10,10,2023,15:38,1,1,3,60,60229,1,3,2,1,1
202300029265,10,10,2023,14:40,1,1,6,24,24550,1,4,2,1,1
202300029266,9,10,2023,18:40,2,7,6,60,60201,1,4,2,1,1
202300029267,9,10,2023,14:53,1,1,6,01,01427,2,4,2,1,1
202300029268,10,10,2023,05:25,3,1,6,68,68253,1,3,2,1,1
202300029269,9,10,2023,19:45,2,1,3,83,83019,1,3,2,2,1
202300029269,9,10,2023,19:45,2,1,3,83,83019,1,3,1,1,1
202300029270,1,8,2023,15:00,1,1,1,2A,2A006,1,3,2,1,1
202300029271,28,7,2023,18:50,1,1,3,82,82079,1,3,2,1,1
202300029271,28,7,2023,18:50,1,1,3,82,82079,1,3,2,1,1
202300029272,30,7,2023,07:15,1,1,2,49,49003,1,3,3,1,1
202300029273,1,8,2023,14:45,1,1,2,12,12069,1,3,2,2,2
202300029274,2,8,2023,16:57,1,1,1,12,12215,1,3,2,2,1
202300029275,2,8,2023,03:00,3,1,7,42,42287,1,4,2,1,1
202300029276,1,8,2023,12:30,1,1,6,34,34187,2,3,2,1,1
202300029277,2,8,2023,08:15,1,1,6,03,03220,1,4,2,1,1
202300029278,2,8,2023,13:30,1,1,1,03,03093,1,3,2,1,1
202300029279,22,1,2023,04:40,3,1,2,77,77514,1,1,3,2,1
202300029280,24,7,2023,02:45,3,1,1,26,26005,1,3,2,1,1
202300029281,21,1,2023,14:20,1,1,3,973,97302,2,3,2,1,1
202300029282,31,7,2023,11:40,1,1,1,06,06108,2,3,-1,1,1
202300029283,21,1,2023,11:34,1,1,3,973,97302,2,3,2,1,2
202300029284,27,7,2023,17:00,1,1,3,45,45329,1,3,2,1,1
202300029284,27,7,2023,17:00,1,1,3,45,45329,1,3,2,1,1
202300029285,19,1,2023,13:40,1,1,7,973,97302,2,3,2,1,1
202300029286,1,8,2023,14:50,1,1,7,43,43165,1,3,2,1,1
202300029287,19,1,2023,12:45,1,1,2,973,97302,1,2,2,1,1
202300029288,2,8,2023,16:25,1,6,6,36,36188,1,4,2,1,1