id_accident,jour,mois,annee,heure_minute,luminosite,meteo,type_collision,departement,commune,agglomeration,categorie_route,regime_circulation,profil_route,etat_surface
202300029289,2,8,2023,01:25,3,1,7,40,40046,2,4,2,1,1
202300029290,18,1,2023,12:30,1,1,3,973,97302,2,3,2,1,1
202300029290,18,1,2023,12:30,1,1,3,973,97302,2,3,2,1,1
202300029291,18,1,2023,08:35,1,1,6,973,97302,2,4,2,1,1
202300029292,1,8,2023,18:15,1,1,1,24,24499,1,3,2,2,1
202300029293,1,8,2023,14:45,1,2,7,27,27044,1,3,2,1,2
202300029294,21,1,2023,14:57,1,1,3,69,69387,2,4,1,1,1
202300029294,21,1,2023,14:57,1,1,3,69,69387,2,4,1,1,1
202300029295,30,7,2023,14:00,1,1,1,973,97309,1,3,2,1,1
202300029296,21,1,2023,15:00,1,1,6,69,69388,2,4,1,1,1
202300029296,21,1,2023,15:00,1,1,6,69,69388,2,4,2,1,1
202300029297,2,8,2023,08:18,1,8,1,39,39030,1,3,2,2,1
202300029298,21,1,2023,06:00,5,4,6,69,69388,2,4,2,1,2
202300029299,30,7,2023,06:20,1,1,6,987,98738,1,4,1,1,1
202300029300,20,1,2023,17:11,2,1,6,69,69383,2,4,1,1,2
202300029300,20,1,2023,17:11,2,1,6,69,69383,2,4,1,1,2
202300029300,20,1,2023,17:11,2,1,6,69,69383,2,4,1,1,2
202300029301,21,1,2023,04:57,5,1,6,972,97213,1,1,2,1,1
202300029302,30,7,2023,06:10,1,1,3,64,64290,1,1,3,1,1
202300029303,21,1,2023,20:30,5,1,2,69,69389,2,7,1,1,1
202300029304,1,8,2023,17:15,1,1,6,38,38173,1,3,2,1,1
202300029305,21,1,2023,10:30,1,8,2,2B,2B033,2,4,2,1,2
202300029306,28,7,2023,12:15,1,1,6,63,63272,1,1,3,1,1
202300029307,1,8,2023,09:55,1,1,6,34,34095,1,1,1,1,1
202300029308,20,1,2023,19:15,4,1,2,971,97113,1,4,-1,2,1
202300029309,1,8,2023,22:20,3,1,1,13,13058,1,3,2,2,1
202300029310,2,8,2023,15:20,1,2,1,24,24486,1,2,2,1,2
202300029311,28,7,2023,15:16,1,1,1,68,68118,2,4,2,1,1
202300029312,21,1,2023,11:32,1,1,6,88,88160,2,3,2,1,1
202300029312,21,1,2023,11:32,1,1,6,88,88160,2,3,2,1,5
202300029313,2,8,2023,14:09,1,1,2,38,38029,1,1,3,2,1
202300029314,2,8,2023,08:24,1,1,2,34,34202,1,3,2,4,1
202300029314,2,8,2023,08:24,1,1,2,34,34202,1,3,2,1,1
202300029315,21,1,2023,06:10,5,1,1,78,78350,2,6,-1,1,1
202300029316,2,8,2023,18:00,3,1,1,988,98811,1,3,2,1,1
202300029317,20,1,2023,21:20,5,1,3,78,78498,2,3,2,2,1
202300029317,20,1,2023,21:20,5,1,3,78,78498,2,3,2,2,1
202300029318,26,7,2023,00:19,3,1,2,44,44020,1,7,2,1,1
202300029319,21,1,2023,20:00,5,1,3,76,76319,2,7,2,1,1
202300029320,2,8,2023,10:12,1,2,3,37,37072,2,3,2,1,2
202300029321,2,8,2023,08:20,1,2,7,91,91405,2,3,2,1,2
202300029322,21,1,2023,17:09,2,1,4,76,76231,1,7,2,1,2
202300029323,22,1,2023,01:40,5,1,3,71,71306,2,4,2,1,1
202300029323,22,1,2023,01:40,5,1,3,71,71306,2,4,2,1,1
202300029324,1,8,2023,17:50,1,1,3,34,34299,2,4,2,1,1
202300029324,1,8,2023,17:50,1,1,3,34,34299,2,4,2,1,1
202300029325,2,8,2023,13:42,1,1,7,05,05118,1,3,2,1,1
202300029326,21,1,2023,09:00,1,2,3,69,69264,2,4,2,1,2
202300029327,20,1,2023,18:05,5,2,6,62,62457,2,4,2,2,2
202300029328,15,5,2023,07:00,1,1,7,13,13073,1,3,2,1,1
202300029328,15,5,2023,07:00,1,1,7,13,13073,1,3,2,1,1
202300029329,21,1,2023,10:15,1,9,3,59,59350,2,4,2,1,7
202300029329,21,1,2023,10:15,1,9,3,59,59350,2,4,1,1,7
202300029330,2,8,2023,10:45,1,1,1,13,13004,1,3,2,1,1
202300029331,21,1,2023,16:30,1,1,3,56,56162,2,3,2,2,1
202300029332,31,7,2023,06:30,1,8,7,67,67160,1,3,2,1,1
202300029333,21,1,2023,11:25,1,7,6,56,56162,2,4,2,1,1
202300029334,1,8,2023,18:45,1,1,3,88,88196,2,3,2,1,1
202300029335,21,1,2023,15:50,1,1,6,51,51454,2,4,1,1,1
202300029336,1,8,2023,14:42,1,8,7,88,88028,1,3,2,1,1
202300029337,21,1,2023,08:20,1,8,6,51,51454,2,4,1,1,2
202300029338,30,7,2023,01:30,4,1,6,63,63263,2,3,2,2,1
202300029339,21,1,2023,01:10,3,8,6,49,49099,1,3,2,1,2
202300029340,1,8,2023,19:57,1,8,6,73,73013,1,3,2,2,1
202300029341,1,8,2023,11:25,1,1,1,38,38148,1,3,2,4,1
202300029342,21,1,2023,13:55,1,1,3,49,49007,2,4,1,1,2
202300029343,21,1,2023,08:00,5,1,6,47,47001,2,4,2,1,1
202300029344,1,8,2023,17:30,1,1,3,07,07071,1,3,2,1,1
202300029344,1,8,2023,17:30,1,1,3,07,07071,1,3,2,1,1
202300029345,20,1,2023,17:00,1,1,6,47,47001,2,4,2,1,1
202300029346,1,8,2023,20:25,1,2,6,50,50041,1,3,2,1,2
202300029347,20,1,2023,16:48,1,1,2,47,47032,2,3,-1,1,1
202300029348,28,7,2023,12:20,1,1,6,14,14047,2,4,1,1,1
202300029349,21,1,2023,15:50,1,1,6,37,37122,2,4,1,1,1
202300029349,21,1,2023,15:50,1,1,6,37,37122,2,4,2,1,1
202300029350,29,7,2023,11:20,1,1,6,22,22210,2,4,-1,1,1
202300029351,20,1,2023,16:14,1,1,3,35,35051,2,4,1,1,6
202300029351,20,1,2023,16:14,1,1,3,35,35051,2,4,2,1,6
202300029352,30,7,2023,02:16,3,1,6,22,22210,1,3,2,1,1
202300029353,21,1,2023,01:10,4,1,6,35,35115,2,4,2,2,1
202300029354,31,7,2023,07:25,1,1,6,83,83090,1,1,1,2,1
202300029355,21,1,2023,06:40,5,5,3,33,33063,2,4,4,1,1
202300029355,21,1,2023,06:40,5,5,3,33,33063,2,4,3,1,1
202300029356,20,1,2023,17:45,1,1,7,29,29051,2,4,2,1,1
202300029357,1,8,2023,16:30,1,1,3,33,33063,1,1,3,2,1
202300029358,21,1,2023,22:20,5,1,1,29,29019,2,4,1,1,1
202300029359,21,1,2023,12:34,1,1,2,29,29019,2,4,3,3,1
202300029360,1,8,2023,16:10,1,1,3,33,33192,1,1,3,1,1
202300029361,21,1,2023,06:55,5,1,3,29,29019,2,4,-1,1,1
202300029361,21,1,2023,06:55,5,1,3,29,29019,2,4,-1,3,1
202300029362,19,7,2023,06:30,2,1,2,33,33281,1,1,1,1,1
202300029363,31,7,2023,22:35,5,3,6,92,92072,1,2,1,2,2
202300029364,16,1,2023,16:26,1,1,3,22,22360,2,4,2,1,2
202300029364,16,1,2023,16:26,1,1,3,22,22360,2,4,2,1,2
202300029365,31,7,2023,03:05,5,1,6,92,92025,1,1,1,1,1
202300029366,20,1,2023,08:30,1,8,1,18,18205,2,4,2,1,2
202300029366,20,1,2023,08:30,1,8,1,18,18205,2,4,2,1,2
202300029367,1,8,2023,18:10,1,8,6,93,93078,1,1,3,1,2
202300029368,1,8,2023,09:40,1,1,6,93,93066,1,1,3,1,1
202300029369,21,1,2023,23:00,5,1,3,13,13201,2,4,2,1,1
202300029369,21,1,2023,23:00,5,1,3,13,13201,2,4,1,1,1
202300029370,21,1,2023,18:50,5,1,7,13,13209,2,4,2,1,1
202300029371,1,8,2023,04:50,3,2,2,95,95572,1,1,3,1,2
202300029372,20,1,2023,14:30,1,1,3,13,13213,2,4,2,2,1
202300029373,20,1,2023,17:00,2,6,6,13,13047,2,4,-1,1,1
202300029374,1,8,2023,02:00,3,3,5,93,93064,1,1,3,1,2
202300029375,17,1,2023,07:30,2,1,2,13,13028,2,3,2,1,1
202300029376,31,7,2023,17:30,1,2,6,95,95582,1,3,3,1,2
202300029377,31,7,2023,13:20,1,2,6,92,92036,1,1,3,1,2
202300029378,21,1,2023,04:50,3,1,7,13,13001,1,4,2,1,1
202300029379,21,1,2023,09:00,1,1,6,06,06069,2,4,2,1,7
202300029380,31,7,2023,09:00,1,1,4,93,93078,1,1,3,1,1
202300029381,22,1,2023,16:55,1,1,2,75,75104,2,4,2,1,1
202300029381,22,1,2023,16:55,1,1,2,75,75104,2,4,2,1,1
202300029382,31,7,2023,04:50,3,1,6,95,95277,1,1,1,1,1
202300029383,21,1,2023,15:40,1,1,1,75,75114,2,4,1,2,1
202300029384,31,7,2023,18:56,1,3,3,94,94073,1,1,1,1,2
202300029385,20,1,2023,23:00,5,2,6,75,75119,2,4,1,1,2
202300029385,20,1,2023,23:00,5,2,6,75,75119,2,4,1,1,2
202300029386,25,4,2023,20:10,1,1,2,74,74010,2,3,3,1,1
202300029387,22,1,2023,15:10,1,1,6,75,75119,2,4,3,1,1
202300029387,22,1,2023,15:10,1,1,6,75,75119,2,4,1,1,1
202300029388,24,4,2023,16:45,1,1,6,74,74010,2,4,3,1,1
202300029389,22,1,2023,09:08,1,1,6,75,75119,2,4,1,2,1
202300029390,30,5,2023,07:28,1,1,1,74,74298,2,4,2,1,1
202300029391,22,1,2023,03:17,5,1,3,75,75112,2,4,2,1,1
202300029391,22,1,2023,03:17,5,1,3,75,75112,2,4,1,1,1
202300029392,5,5,2023,23:15,5,1,6,74,74010,2,4,-1,1,1
202300029392,5,5,2023,23:15,5,1,6,74,74010,2,4,1,1,1
202300029393,22,1,2023,12:30,1,1,1,93,93070,2,4,2,1,1
202300029394,22,1,2023,10:45,1,8,1,93,93051,2,3,3,2,1
202300029395,4,5,2023,18:00,1,1,5,74,74010,1,3,1,2,1
202300029396,22,1,2023,20:00,5,1,2,92,92012,2,3,2,1,1
202300029397,4,5,2023,14:00,1,1,3,74,74010,2,4,2,1,1
202300029397,4,5,2023,14:00,1,1,3,74,74010,2,4,2,1,1
202300029398,21,1,2023,13:50,1,1,3,92,92012,2,4,1,1,1
202300029399,21,1,2023,10:20,1,8,6,09,09261,2,3,1,1,2
202300029400,21,1,2023,15:00,1,1,1,91,91648,1,3,2,1,1
202300029401,18,1,2023,13:30,1,1,6,95,95205,2,4,2,1,1
202300029402,31,7,2023,10:55,1,1,3,974,97416,2,4,-1,1,1
202300029403,31,7,2023,11:30,1,1,2,972,97213,1,3,2,1,1
202300029404,21,1,2023,15:00,1,1,5,22,22206,1,3,2,1,1
202300029405,30,7,2023,00:50,5,1,5,972,97213,1,2,2,1,1
202300029406,21,1,2023,11:20,1,1,1,57,57437,1,3,2,1,7
202300029407,29,7,2023,10:30,1,1,6,972,97209,1,3,2,2,1
202300029408,22,1,2023,05:50,3,1,6,81,81059,1,3,3,3,1
202300029409,30,7,2023,22:00,5,2,6,971,97120,2,3,1,1,2
202300029410,16,1,2023,17:55,1,1,6,972,97221,1,2,3,1,1
202300029411,18,1,2023,13:45,1,1,6,67,67253,1,3,2,2,1
202300029412,28,7,2023,21:00,5,1,3,971,97101,2,3,2,1,1
202300029412,28,7,2023,21:00,5,1,3,971,97101,2,3,-1,1,1
202300029413,22,1,2023,18:30,2,3,6,974,97414,2,4,1,1,2
202300029414,21,1,2023,23:10,3,1,6,62,62307,1,3,2,4,7
202300029415,31,7,2023,14:35,1,1,1,2A,2A004,2,3,2,1,1
202300029416,22,1,2023,20:35,3,1,6,971,97132,1,2,2,3,2
202300029417,20,1,2023,18:40,5,8,6,01,01033,2,3,2,2,2
202300029417,20,1,2023,18:40,5,8,6,01,01033,2,3,2,1,2
202300029418,30,7,2023,00:55,5,1,1,95,95210,2,4,2,1,1
202300029418,30,7,2023,00:55,5,1,1,95,95210,2,4,2,1,1
202300029419,23,1,2023,12:50,1,1,3,84,84099,1,3,2,1,1
202300029419,23,1,2023,12:50,1,1,3,84,84099,1,3,2,1,1
202300029420,30,7,2023,11:30,1,1,6,91,91570,2,4,2,1,1
202300029421,20,1,2023,07:40,2,8,1,26,26295,1,3,2,2,7
202300029422,31,7,2023,22:00,5,2,4,91,91687,2,3,2,2,2
202300029423,18,1,2023,07:33,2,4,3,68,68156,2,3,2,1,2
202300029423,18,1,2023,07:33,2,4,3,68,68156,2,3,2,1,2
202300029424,31,7,2023,13:30,1,8,6,91,91027,2,3,2,1,1
202300029425,31,7,2023,21:25,2,8,7,86,86066,1,3,2,1,1
202300029426,29,7,2023,11:19,1,3,1,86,86066,2,4,2,1,2
202300029427,21,1,2023,16:01,1,1,6,44,44149,1,3,2,1,1
202300029428,31,7,2023,19:50,2,1,6,83,83090,2,7,2,2,1
202300029429,23,1,2023,07:10,3,1,1,50,50601,1,1,3,2,2
202300029430,19,1,2023,17:25,3,2,6,85,85153,1,3,2,1,2
202300029431,21,1,2023,13:40,1,1,7,67,67405,1,3,2,1,1
202300029432,21,1,2023,13:50,1,4,6,63,63178,1,1,3,1,2
202300029433,28,7,2023,20:30,1,1,6,76,76351,2,4,2,1,1
202300029433,28,7,2023,20:30,1,1,6,76,76351,2,4,2,1,1
202300029434,18,1,2023,21:05,3,8,4,36,36026,1,1,3,1,2
202300029435,30,7,2023,15:07,1,1,3,66,66136,2,4,1,1,1
202300029436,21,1,2023,23:35,3,6,6,12,12115,1,1,3,2,2
202300029437,20,1,2023,21:00,5,2,1,69,69100,2,7,2,1,2
202300029438,29,7,2023,20:25,1,1,3,66,66136,2,3,1,1,1
202300029438,29,7,2023,20:25,1,1,3,66,66136,2,3,1,1,1
202300029439,22,1,2023,12:00,1,1,3,31,31157,2,7,-1,1,1
202300029440,31,7,2023,19:55,1,1,3,64,64102,2,4,1,1,1
202300029440,31,7,2023,19:55,1,1,3,64,64102,2,4,2,1,1
202300029441,23,1,2023,14:00,1,4,6,57,57163,1,3,2,2,2
202300029442,31,7,2023,21:49,2,1,6,63,63019,2,4,2,1,1
202300029443,21,1,2023,20:15,3,1,1,51,51007,1,3,2,2,1
202300029444,23,1,2023,08:50,1,8,6,59,59485,1,3,2,4,1
202300029445,10,6,2023,07:45,1,7,1,62,62757,1,3,3,1,1
202300029446,17,1,2023,18:30,3,2,7,19,19138,1,3,2,1,2
202300029447,31,7,2023,18:22,1,2,3,61,61077,1,3,-1,1,2
202300029447,31,7,2023,18:22,1,2,3,61,61077,1,3,1,1,2
202300029448,21,1,2023,16:20,1,7,3,56,56169,1,3,2,1,1
202300029448,21,1,2023,16:20,1,7,3,56,56169,1,3,2,1,1
202300029449,19,1,2023,20:50,3,1,6,56,56078,1,2,3,2,1
202300029450,14,7,2023,11:25,1,1,3,60,60382,2,4,2,1,1
202300029450,14,7,2023,11:25,1,1,3,60,60382,2,4,2,1,1
202300029451,29,7,2023,23:30,3,1,7,56,56162,2,3,2,1,1
202300029452,29,7,2023,14:45,1,1,2,50,50129,2,3,3,1,2
202300029453,22,1,2023,10:12,1,1,3,24,24229,1,3,-1,1,1
202300029453,22,1,2023,10:12,1,1,3,24,24229,1,3,-1,1,1
202300029454,28,7,2023,22:00,5,1,6,50,50129,2,4,2,1,1
202300029455,21,1,2023,12:20,1,7,1,80,80275,1,3,2,2,1
202300029456,31,7,2023,17:50,1,2,5,45,45302,2,4,3,1,2
202300029457,21,1,2023,20:50,3,1,1,80,80575,1,3,2,1,1
202300029458,20,1,2023,07:50,2,5,3,69,69165,2,3,2,1,1
202300029458,20,1,2023,07:50,2,5,3,69,69165,2,3,2,1,1
202300029459,31,7,2023,16:30,1,3,3,35,35238,2,4,2,1,2
202300029459,31,7,2023,16:30,1,3,3,35,35238,2,4,2,2,2
202300029460,22,1,2023,19:30,3,8,6,32,32286,1,2,2,1,1
202300029461,24,7,2023,11:30,1,1,6,33,33249,2,4,3,1,1
202300029461,24,7,2023,11:30,1,1,6,33,33249,2,4,2,1,1
202300029462,20,1,2023,17:53,2,1,7,32,32462,2,3,2,1,9
202300029463,21,1,2023,05:00,3,4,6,32,32334,1,2,3,1,2
202300029464,31,7,2023,22:40,4,1,3,30,30007,2,4,2,1,1
202300029464,31,7,2023,22:40,4,1,3,30,30007,2,4,2,1,1
202300029465,19,1,2023,11:45,1,1,1,71,71263,2,3,2,1,1
202300029466,28,7,2023,06:40,2,1,6,29,29232,2,3,1,2,2
202300029467,22,1,2023,18:35,2,1,6,61,61302,1,3,2,2,1
202300029468,31,7,2023,09:20,1,3,7,29,29232,2,4,3,1,2
202300029469,17,4,2023,06:40,2,1,5,86,86131,1,2,2,1,1
202300029470,22,1,2023,00:00,3,1,6,55,55489,1,3,2,1,1
202300029470,22,1,2023,00:00,3,1,6,55,55489,1,3,2,1,1
202300029471,30,7,2023,08:20,1,2,6,29,29019,2,4,3,1,2
202300029472,23,1,2023,15:00,1,1,7,49,49003,1,3,2,1,1
202300029473,31,7,2023,09:45,1,2,7,28,28404,2,4,2,1,2
202300029474,21,1,2023,18:50,3,1,3,12,12215,1,3,2,1,2
202300029475,17,4,2023,01:30,5,1,6,43,43040,2,3,2,1,1
202300029476,31,7,2023,20:25,2,3,6,27,27681,1,4,2,2,2
202300029477,21,1,2023,14:40,1,1,1,42,42026,1,4,2,1,1
202300029478,31,7,2023,05:10,5,1,6,25,25462,1,2,2,4,1
202300029479,17,4,2023,02:05,5,1,6,05,05161,2,3,2,1,1
202300029480,20,1,2023,07:30,5,4,6,42,42092,2,7,2,1,5
202300029481,30,7,2023,23:10,5,1,6,22,22278,2,4,2,1,1
202300029482,31,7,2023,12:52,1,1,3,22,22278,2,4,1,1,1
202300029482,31,7,2023,12:52,1,1,3,22,22278,2,4,2,1,1
202300029483,5,1,2023,18:00,3,1,1,47,47052,2,3,2,1,1
202300029483,5,1,2023,18:00,3,1,1,47,47052,2,3,2,2,1
202300029484,17,4,2023,19:00,5,1,3,974,97404,2,2,-1,1,1
202300029485,17,7,2023,16:13,1,1,3,15,15012,1,4,2,2,1
202300029485,17,7,2023,16:13,1,1,3,15,15012,1,4,2,2,1
202300029486,21,1,2023,23:00,3,8,6,86,86086,1,3,2,4,1
202300029487,28,7,2023,20:15,1,1,6,30,30032,2,4,2,1,1
202300029488,20,1,2023,18:07,2,1,7,68,68135,2,3,2,1,1
202300029488,20,1,2023,18:07,2,1,7,68,68135,2,3,2,1,1
202300029489,28,7,2023,23:00,3,1,1,13,13056,1,3,2,1,1
202300029490,20,1,2023,15:45,1,1,3,22,22158,1,2,2,1,1
202300029490,20,1,2023,15:45,1,1,3,22,22158,1,2,2,1,1
202300029491,29,7,2023,18:00,1,1,1,13,13026,2,4,2,1,1
202300029492,15,4,2023,19:00,2,1,1,972,97220,1,2,2,1,1
202300029493,22,1,2023,05:30,3,4,6,25,25549,1,4,2,1,5
202300029494,31,7,2023,18:20,1,1,3,06,06069,2,4,2,2,1
202300029495,16,1,2023,12:25,1,1,5,38,38351,1,3,2,2,1
202300029496,31,7,2023,07:25,1,1,6,06,06027,2,4,1,2,1
202300029497,23,1,2023,06:36,5,9,5,85,85084,1,1,3,1,7
202300029498,30,7,2023,18:50,1,1,3,06,06004,2,4,2,1,1
202300029499,16,4,2023,07:40,2,1,6,22,22339,1,2,3,1,1
202300029500,21,1,2023,16:20,1,1,1,58,58121,1,3,2,1,1
202300029501,30,7,2023,11:40,1,1,4,75,75114,2,4,1,1,1
202300029502,22,1,2023,19:15,3,1,6,14,14431,1,3,2,1,1
202300029503,23,1,2023,15:30,1,1,1,50,50087,1,3,2,1,1
202300029504,12,4,2023,17:10,1,1,5,84,84149,1,3,2,1,1
202300029505,31,7,2023,15:00,1,2,6,75,75114,2,4,2,1,2
202300029505,31,7,2023,15:00,1,2,6,75,75114,2,4,-1,1,2
202300029506,22,1,2023,16:30,2,1,2,83,83028,1,3,2,1,1
202300029507,16,1,2023,17:30,1,1,6,18,18175,1,3,2,1,1
202300029508,31,7,2023,13:15,1,2,2,75,75113,2,4,-1,1,2
202300029508,31,7,2023,13:15,1,2,2,75,75113,2,4,2,1,2
202300029509,19,1,2023,06:00,3,1,1,10,10220,1,3,2,1,1
202300029510,16,4,2023,18:25,1,1,3,59,59463,1,3,2,1,1
202300029511,31,7,2023,11:45,1,2,3,75,75113,2,4,1,1,2
202300029512,21,1,2023,11:30,1,4,7,07,07166,1,4,2,1,5
202300029512,21,1,2023,11:30,1,4,7,07,07166,1,4,2,1,5
202300029513,31,7,2023,12:10,1,2,6,75,75109,2,4,1,1,2
202300029514,14,4,2023,18:15,1,2,6,34,34123,1,2,3,1,2
202300029515,31,7,2023,06:23,1,1,3,75,75114,2,4,2,1,1
202300029515,31,7,2023,06:23,1,1,3,75,75114,2,4,1,1,1
202300029516,13,1,2023,22:30,5,1,3,24,24064,2,3,2,1,1
202300029517,31,7,2023,17:00,1,2,1,94,94015,2,4,1,1,2
202300029518,23,1,2023,14:30,1,1,3,24,24224,1,3,2,1,1
202300029518,23,1,2023,14:30,1,1,3,24,24224,1,3,2,1,1
202300029519,16,4,2023,23:10,3,1,6,30,30295,1,3,2,2,1
202300029520,31,7,2023,17:45,1,2,3,94,94046,2,4,1,1,2
202300029521,21,1,2023,08:39,2,7,1,27,27426,1,3,2,1,1
202300029522,16,4,2023,19:30,2,1,7,83,83097,1,3,2,2,1
202300029523,19,1,2023,16:50,2,4,6,17,17347,2,4,2,1,5
202300029524,31,7,2023,17:00,1,2,6,94,94041,2,3,2,1,2
202300029524,31,7,2023,17:00,1,2,6,94,94041,2,3,1,1,2
202300029525,17,4,2023,17:41,1,1,3,76,76443,2,3,2,2,1
202300029525,17,4,2023,17:41,1,1,3,76,76443,2,3,2,2,1
202300029526,31,7,2023,11:00,1,1,6,94,94016,2,3,2,1,1
202300029527,23,1,2023,02:58,3,4,6,48,48146,1,3,2,2,5
202300029528,23,1,2023,09:10,1,1,7,52,52140,1,3,2,4,2
202300029529,30,7,2023,22:00,3,1,3,94,94011,2,4,2,1,1
202300029530,15,4,2023,13:45,1,1,2,79,79066,1,3,2,2,1
202300029531,17,1,2023,17:30,4,3,6,88,88304,2,3,2,1,2
202300029532,22,1,2023,14:45,1,1,7,13,13080,2,3,2,2,1
202300029533,31,7,2023,05:50,2,8,3,94,94073,2,3,1,1,1
202300029533,31,7,2023,05:50,2,8,3,94,94073,2,3,2,1,1
202300029534,29,7,2023,04:10,5,2,6,94,94018,2,3,1,3,2
202300029534,29,7,2023,04:10,5,2,6,94,94018,2,3,1,3,2
202300029535,19,1,2023,07:50,2,8,1,67,67108,1,3,2,1,2
202300029536,17,4,2023,15:15,1,1,3,82,82025,1,3,2,1,1
202300029536,17,4,2023,15:15,1,1,3,82,82025,1,3,2,1,1
202300029537,30,7,2023,18:50,1,1,6,93,93064,2,4,2,1,1
202300029538,21,1,2023,13:13,1,8,6,31,31478,2,3,2,1,1
202300029539,22,1,2023,06:25,3,1,6,49,49308,1,1,1,1,7
202300029540,30,7,2023,18:40,1,1,3,93,93045,2,4,2,2,1
202300029540,30,7,2023,18:40,1,1,3,93,93045,2,4,2,2,1
202300029541,6,4,2023,07:20,2,1,3,71,71205,1,3,2,1,1
202300029541,6,4,2023,07:20,2,1,3,71,71205,1,3,2,1,1
202300029542,21,1,2023,15:45,1,1,2,973,97360,2,4,2,1,1
202300029543,31,7,2023,12:30,1,2,5,92,92051,2,3,-1,1,2
202300029543,31,7,2023,12:30,1,2,5,92,92051,2,3,2,1,2
202300029544,22,1,2023,15:20,1,1,6,62,62440,1,1,3,1,1
202300029545,30,7,2023,14:22,1,1,6,92,92050,2,4,1,1,1
202300029546,16,4,2023,17:30,1,1,1,63,63407,1,3,2,2,1
202300029547,30,7,2023,16:00,1,1,6,92,92025,2,4,1,1,1
202300029548,21,1,2023,17:25,1,1,1,976,97608,2,3,2,1,1
202300029548,21,1,2023,17:25,1,1,1,976,97608,2,3,2,2,1
202300029549,29,7,2023,04:40,5,1,2,92,92024,2,4,1,1,1
202300029549,29,7,2023,04:40,5,1,2,92,92024,2,4,2,1,1
202300029550,15,4,2023,17:30,1,1,1,49,49050,2,3,2,1,1
202300029551,20,1,2023,19:30,5,1,5,973,97311,2,4,2,2,1
202300029552,28,7,2023,21:55,1,1,3,92,92024,2,4,1,1,1
202300029552,28,7,2023,21:55,1,1,3,92,92024,2,4,1,1,1
202300029553,18,1,2023,12:15,1,1,3,973,97311,2,3,2,1,1
202300029554,31,7,2023,18:30,1,2,3,92,92007,2,3,-1,1,2
202300029555,16,4,2023,17:10,1,1,6,46,46208,1,3,2,2,1
202300029556,22,1,2023,09:30,1,1,1,971,97116,1,2,2,1,1
202300029557,16,6,2023,10:20,1,1,3,41,41045,1,3,2,1,1
202300029557,16,6,2023,10:20,1,1,3,41,41045,1,3,2,1,1
202300029558,21,1,2023,18:40,3,1,1,971,97125,1,2,2,1,1
202300029559,16,4,2023,15:50,1,1,7,22,22226,1,3,2,2,1
202300029559,16,4,2023,15:50,1,1,7,22,22226,1,3,2,1,1
202300029560,1,8,2023,08:45,1,1,2,26,26324,1,1,3,1,1
202300029561,20,1,2023,16:50,1,1,7,971,97125,1,4,2,1,1
202300029562,27,4,2023,07:06,1,1,2,52,52189,1,1,3,1,1
202300029563,21,1,2023,16:55,1,1,2,77,77222,2,3,1,-1,-1
202300029563,21,1,2023,16:55,1,1,2,77,77222,2,3,2,1,1
202300029564,16,4,2023,18:45,1,1,5,35,35117,1,3,2,1,1
202300029564,16,4,2023,18:45,1,1,5,35,35117,1,3,2,1,1
202300029565,20,1,2023,06:41,3,2,6,95,95675,1,3,2,1,2
202300029566,1,8,2023,09:50,1,2,2,68,68300,2,4,2,1,2
202300029566,1,8,2023,09:50,1,2,2,68,68300,2,4,2,1,2
202300029567,20,1,2023,19:30,5,1,3,66,66180,2,3,2,1,1
202300029568,16,4,2023,16:53,1,1,6,35,35234,1,3,2,1,1
202300029569,31,7,2023,18:00,1,1,1,42,42049,1,4,2,2,1
202300029570,18,1,2023,07:30,1,1,6,84,84092,2,4,2,1,1
202300029571,16,4,2023,20:50,5,1,6,38,38175,2,4,-1,1,1
202300029572,31,7,2023,15:45,1,2,1,60,60203,1,3,2,1,2
202300029573,17,1,2023,18:00,5,1,6,06,06157,2,4,-1,2,1
202300029574,31,7,2023,13:19,1,1,7,65,65410,1,3,2,2,9
202300029575,22,1,2023,11:30,1,1,2,13,13100,1,3,2,1,1
202300029576,10,4,2023,17:20,1,8,5,01,01294,1,3,2,1,1
202300029576,10,4,2023,17:20,1,8,5,01,01294,1,3,2,1,1
202300029577,1,8,2023,14:20,1,1,1,62,62597,1,3,2,1,2
202300029578,21,1,2023,02:00,3,1,6,68,68016,1,3,2,1,1
202300029579,17,1,2023,14:00,1,1,6,67,67226,2,3,2,2,1
202300029579,17,1,2023,14:00,1,1,6,67,67226,2,3,2,1,1
202300029580,14,4,2023,08:00,1,1,1,01,01098,2,4,2,2,1
202300029581,31,7,2023,14:18,1,8,3,57,57695,1,1,2,1,1
202300029581,31,7,2023,14:18,1,8,3,57,57695,1,1,1,2,1
202300029582,18,1,2023,23:25,3,8,6,55,55288,1,3,2,2,1
202300029583,1,8,2023,17:05,1,1,1,51,51434,1,3,2,1,1
202300029584,30,7,2023,15:00,1,1,2,19,19136,1,3,2,1,1
202300029585,21,1,2023,08:35,2,1,1,73,73050,1,3,2,2,1
202300029586,31,7,2023,11:40,1,1,3,2B,2B207,2,2,2,1,1
202300029587,16,4,2023,18:40,1,1,3,72,72329,1,3,2,1,1
202300029587,16,4,2023,18:40,1,1,3,72,72329,1,3,2,1,1
202300029588,19,1,2023,18:40,3,1,5,38,38374,1,3,2,1,1
202300029589,31,7,2023,15:00,1,1,2,65,65395,1,3,2,1,1
202300029590,19,1,2023,16:55,2,1,1,38,38111,1,7,2,2,1