id_accident,jour,mois,annee,heure_minute,luminosite,meteo,type_collision,departement,commune,agglomeration,categorie_route,regime_circulation,profil_route,etat_surface
202300029591,31,7,2023,08:00,1,1,7,12,12102,1,4,2,2,1
202300029592,16,4,2023,12:10,1,1,1,06,06068,1,3,2,2,1
202300029593,21,1,2023,21:15,5,4,2,69,69163,2,7,2,1,5
202300029594,4,7,2023,17:20,1,1,3,47,47171,1,3,2,1,1
202300029594,4,7,2023,17:20,1,1,3,47,47171,1,3,2,1,1
202300029595,18,1,2023,07:50,3,1,7,19,19061,1,3,2,1,2
202300029596,31,7,2023,12:37,1,1,3,86,86082,1,3,2,1,1
202300029596,31,7,2023,12:37,1,1,3,86,86082,1,3,2,1,1
202300029597,22,1,2023,06:25,3,1,7,86,86026,1,3,2,3,1
202300029598,31,7,2023,18:31,1,2,3,22,22338,1,3,2,1,2
202300029599,9,1,2023,08:49,1,1,6,40,40184,2,4,-1,1,1
202300029600,1,8,2023,06:45,1,1,3,44,44099,1,3,2,1,1
202300029600,1,8,2023,06:45,1,1,3,44,44099,1,3,2,1,1
202300029601,16,4,2023,22:30,3,1,5,73,73128,1,3,2,1,1
202300029602,16,1,2023,16:05,1,3,1,33,33114,1,3,2,1,2
202300029603,10,7,2023,14:20,1,1,6,35,35179,1,2,3,1,1
202300029604,19,1,2023,19:30,5,1,3,33,33005,2,4,2,1,2
202300029604,19,1,2023,19:30,5,1,3,33,33005,2,4,2,1,2
202300029605,27,7,2023,21:00,1,1,2,35,35179,1,3,3,4,2
202300029606,17,1,2023,07:50,2,1,6,44,44026,2,4,2,1,1
202300029607,8,4,2023,15:00,1,1,2,04,04209,2,3,2,1,1
202300029608,30,7,2023,15:50,1,1,1,29,29217,2,3,2,1,1
202300029609,17,4,2023,08:35,1,6,6,30,30133,1,3,3,1,1
202300029610,31,7,2023,12:40,1,2,3,29,29262,1,3,2,1,2
202300029611,13,1,2023,07:55,5,1,3,56,56007,2,4,2,1,1
202300029612,30,7,2023,10:50,1,2,7,29,29211,1,3,2,3,2
202300029613,6,1,2023,19:15,5,2,3,29,29247,1,3,2,1,2
202300029613,6,1,2023,19:15,5,2,3,29,29247,1,3,-1,1,2
202300029614,31,7,2023,13:00,1,1,1,38,38022,1,3,2,1,1
202300029615,14,4,2023,18:00,1,3,1,48,48016,1,2,2,1,3
202300029616,1,8,2023,08:45,1,3,6,54,54175,1,3,2,4,2
202300029617,22,1,2023,12:30,1,1,2,27,27016,2,3,2,1,1
202300029618,1,8,2023,09:00,1,1,6,14,14312,1,3,3,1,1
202300029619,22,1,2023,04:30,3,1,6,60,60682,1,3,2,1,1
202300029620,21,1,2023,18:40,5,1,1,59,59416,2,3,2,1,1
202300029621,17,4,2023,07:45,1,2,7,52,52550,1,3,2,2,2
202300029622,30,7,2023,18:00,1,1,1,16,16030,1,3,2,1,1
202300029622,30,7,2023,18:00,1,1,1,16,16030,1,3,2,1,1
202300029623,21,1,2023,19:10,3,1,2,13,13215,1,1,1,2,1
202300029624,31,7,2023,15:10,1,2,3,53,53083,1,4,-1,1,2
202300029624,31,7,2023,15:10,1,2,3,53,53083,1,4,-1,1,2
202300029625,21,1,2023,06:25,2,1,6,13,13212,1,1,1,1,1
202300029626,16,4,2023,23:01,3,8,6,67,67152,1,7,1,1,1
202300029627,21,1,2023,15:50,1,1,7,83,83144,1,1,3,1,1
202300029628,31,7,2023,20:25,1,1,1,24,24098,1,4,-1,2,1
202300029629,22,1,2023,06:20,3,1,2,69,69294,1,1,3,1,1
202300029630,31,7,2023,16:30,1,1,3,87,87154,1,3,2,4,1
202300029630,31,7,2023,16:30,1,1,3,87,87154,1,3,-1,4,1
202300029631,22,1,2023,00:20,3,1,6,69,69199,1,1,3,1,1
202300029632,27,7,2023,20:15,1,1,1,37,37050,2,3,3,2,1
202300029633,15,4,2023,21:50,3,2,6,01,01204,1,1,3,2,2
202300029634,21,1,2023,21:45,3,1,3,92,92036,1,1,3,2,1
202300029635,31,7,2023,13:45,1,1,6,19,19134,1,6,-1,1,1
202300029636,17,4,2023,07:25,2,8,6,89,89277,1,1,2,1,1
202300029637,21,1,2023,14:50,1,1,6,75,75113,2,4,1,1,1
202300029638,1,8,2023,11:31,1,1,2,13,13029,2,3,1,1,1
202300029639,20,1,2023,18:34,5,1,6,75,75113,2,4,1,2,1
202300029639,20,1,2023,18:34,5,1,6,75,75113,2,4,3,1,1
202300029640,19,1,2023,07:58,1,1,3,75,75119,2,4,2,1,1
202300029641,16,4,2023,10:15,1,2,7,988,98808,1,2,2,1,2
202300029642,21,1,2023,18:30,5,1,6,75,75118,2,4,1,1,1
202300029642,21,1,2023,18:30,5,1,6,75,75118,2,4,2,1,1
202300029643,1,8,2023,15:00,1,2,4,01,01213,1,1,3,1,2
202300029644,20,1,2023,23:45,5,1,6,75,75118,2,4,1,1,1
202300029644,20,1,2023,23:45,5,1,6,75,75118,2,4,1,1,1
202300029645,29,7,2023,17:10,2,1,1,987,98715,2,2,2,2,1
202300029646,21,1,2023,17:20,5,1,6,75,75116,2,4,2,1,1
202300029646,21,1,2023,17:20,5,1,6,75,75116,2,4,1,1,1
202300029647,16,4,2023,18:00,1,1,3,973,97311,2,3,2,1,1
202300029647,16,4,2023,18:00,1,1,3,973,97311,2,3,2,1,1
202300029648,1,8,2023,08:15,1,1,1,07,07053,1,3,2,1,1
202300029649,20,1,2023,20:20,5,1,6,75,75115,2,4,-1,1,1
202300029649,20,1,2023,20:20,5,1,6,75,75115,2,4,1,1,1
202300029650,1,8,2023,11:30,1,1,3,37,37249,1,3,2,1,1
202300029650,1,8,2023,11:30,1,1,3,37,37249,1,3,2,1,1
202300029651,21,1,2023,19:25,5,1,6,75,75115,2,4,2,1,1
202300029652,15,4,2023,15:30,1,1,3,971,97117,1,3,2,1,1
202300029652,15,4,2023,15:30,1,1,3,971,97117,1,3,2,1,1
202300029653,1,8,2023,09:25,1,1,1,14,14514,1,1,1,1,1
202300029654,21,1,2023,19:30,5,1,6,75,75113,2,4,2,1,1
202300029655,16,4,2023,01:10,3,1,6,45,45346,2,4,2,1,1
202300029656,29,7,2023,16:00,1,1,3,976,97608,2,3,2,2,1
202300029657,21,1,2023,11:30,1,1,6,75,75120,2,4,2,1,1
202300029657,21,1,2023,11:30,1,1,6,75,75120,2,4,1,1,1
202300029658,6,4,2023,10:15,1,1,7,91,91494,1,3,3,1,1
202300029659,31,7,2023,14:50,1,1,3,971,97111,1,2,2,4,1
202300029660,21,1,2023,15:40,1,8,6,75,75110,2,4,2,1,1
202300029660,21,1,2023,15:40,1,8,6,75,75110,2,4,2,1,1
202300029661,17,4,2023,10:20,1,1,6,78,78320,2,3,2,1,1
202300029662,14,7,2023,13:50,1,1,3,18,18285,1,3,2,1,1
202300029662,14,7,2023,13:50,1,1,3,18,18285,1,3,2,1,1
202300029663,21,1,2023,01:30,5,1,3,75,75108,2,4,1,1,2
202300029664,16,4,2023,22:20,3,1,6,34,34289,1,3,2,1,1
202300029665,4,6,2023,22:30,3,1,3,78,78262,1,4,2,1,1
202300029666,20,1,2023,18:35,5,1,7,75,75104,2,4,2,1,1
202300029666,20,1,2023,18:35,5,1,7,75,75104,2,4,2,1,1
202300029667,16,4,2023,12:35,1,1,2,83,83107,1,3,2,1,1
202300029668,30,7,2023,11:45,1,1,1,78,78443,1,3,2,2,1
202300029668,30,7,2023,11:45,1,1,1,78,78443,1,3,2,1,1
202300029669,17,4,2023,18:42,1,1,7,83,83023,2,4,2,1,1
202300029670,20,1,2023,06:50,5,1,6,75,75101,2,4,2,1,2
202300029670,20,1,2023,06:50,5,1,6,75,75101,2,4,-1,1,2
202300029671,1,8,2023,17:10,1,1,7,2B,2B095,1,3,2,1,1
202300029672,21,1,2023,14:25,1,7,6,94,94081,2,4,2,1,1
202300029673,31,7,2023,09:39,1,1,3,66,66230,1,2,2,1,1
202300029673,31,7,2023,09:39,1,1,3,66,66230,1,2,3,1,1
202300029674,17,4,2023,12:25,1,1,1,13,13022,1,3,3,2,1
202300029674,17,4,2023,12:25,1,1,1,13,13022,1,3,2,2,1
202300029675,31,7,2023,22:20,5,1,6,83,83119,2,4,2,1,1
202300029676,21,1,2023,18:30,5,1,6,94,94041,2,3,3,1,1
202300029676,21,1,2023,18:30,5,1,6,94,94041,2,3,1,1,1
202300029677,16,4,2023,05:40,3,1,6,88,88321,1,3,2,1,1
202300029678,31,7,2023,17:40,1,1,1,13,13048,2,9,2,1,1
202300029679,16,4,2023,16:00,1,1,1,44,44066,1,4,2,1,1
202300029680,21,1,2023,19:35,5,1,3,94,94028,2,4,2,1,1
202300029681,1,8,2023,02:00,3,3,1,57,57582,1,3,2,2,2
202300029682,21,1,2023,17:00,1,1,6,94,94054,2,6,-1,1,1
202300029683,17,4,2023,12:35,1,1,2,01,01397,2,3,2,1,1
202300029684,21,1,2023,11:10,1,1,3,94,94019,2,3,3,1,1
202300029684,21,1,2023,11:10,1,1,3,94,94019,2,3,3,1,1
202300029685,24,7,2023,16:00,1,1,2,07,07097,1,3,2,1,1
202300029686,6,4,2023,18:30,1,1,6,47,47157,2,3,2,1,1
202300029687,1,8,2023,12:40,1,1,6,01,01224,1,3,2,1,9
202300029688,21,1,2023,12:05,1,1,6,93,93072,2,3,3,1,1
202300029688,21,1,2023,12:05,1,1,6,93,93072,2,3,3,1,1
202300029689,17,4,2023,08:00,1,1,3,33,33243,2,3,2,1,1
202300029689,17,4,2023,08:00,1,1,3,33,33243,2,3,2,1,1
202300029690,21,1,2023,21:00,5,1,2,93,93071,2,3,2,1,1
202300029691,31,7,2023,19:10,1,1,6,81,81225,1,3,2,1,1
202300029691,31,7,2023,19:10,1,1,6,81,81225,1,3,2,1,1
202300029692,15,4,2023,15:43,1,1,7,33,33052,2,3,2,1,1
202300029693,21,1,2023,14:25,1,7,6,93,93070,2,3,2,1,1
202300029694,31,7,2023,19:40,2,1,3,09,09130,1,3,2,2,1
202300029695,21,1,2023,13:30,1,1,1,93,93031,2,3,2,1,1
202300029696,16,4,2023,18:10,1,1,7,61,61216,1,3,2,1,1
202300029697,26,7,2023,16:00,1,1,1,33,33238,1,3,2,2,1
202300029698,16,4,2023,07:30,3,1,6,35,35228,2,4,2,1,1
202300029699,1,8,2023,07:45,1,1,2,50,50099,2,3,2,1,1
202300029700,31,7,2023,11:00,1,1,4,13,13213,1,1,1,1,1
202300029701,16,4,2023,19:00,1,1,2,13,13215,1,1,1,1,1
202300029702,30,7,2023,19:00,1,1,2,54,54312,1,1,3,1,1
202300029703,29,7,2023,18:20,1,1,4,59,59343,1,1,-1,1,1
202300029704,16,4,2023,14:00,1,1,2,13,13202,1,4,1,1,1
202300029705,30,7,2023,04:10,5,1,3,93,93008,1,1,1,2,1
202300029706,29,7,2023,18:00,1,1,4,92,92036,1,1,3,1,1
202300029707,1,4,2023,15:05,1,1,2,42,42183,1,2,3,1,1
202300029708,30,7,2023,03:15,3,1,6,94,94046,1,1,1,1,1
202300029709,16,4,2023,20:07,1,1,2,91,91589,1,1,1,1,1
202300029710,12,5,2023,22:00,3,1,1,88,88114,1,3,2,1,1
202300029711,16,4,2023,18:20,1,1,4,94,94034,2,1,1,1,1
202300029712,16,4,2023,18:12,1,1,4,91,91086,1,2,1,1,1
202300029713,16,4,2023,15:50,1,1,2,94,94034,1,1,1,1,1
202300029714,15,4,2023,20:45,3,1,3,92,92019,1,2,-1,1,1
202300029715,16,4,2023,21:05,5,1,2,94,94017,1,1,1,2,1
202300029716,16,4,2023,00:40,3,1,3,77,77495,1,1,1,1,1
202300029717,14,4,2023,08:30,1,1,5,93,93051,1,1,3,1,1
202300029718,14,4,2023,07:35,1,1,2,94,94017,1,1,3,1,1
202300029719,14,4,2023,17:40,1,1,6,972,97209,2,2,1,1,1
202300029720,15,4,2023,10:00,1,1,2,972,97209,1,3,2,2,1
202300029721,14,4,2023,08:50,1,1,6,972,97209,2,3,2,1,1
202300029722,14,4,2023,22:50,5,1,6,2B,2B033,2,4,-1,2,1
202300029723,22,5,2023,23:45,4,1,5,31,31555,2,1,1,1,1
202300029724,15,4,2023,06:30,2,1,2,971,97101,1,2,1,1,1
202300029725,15,4,2023,05:30,5,8,1,2A,2A004,2,4,2,2,2
202300029726,24,5,2023,19:21,1,1,2,29,29232,1,2,3,3,1
202300029727,14,4,2023,22:37,3,2,6,91,91339,1,3,2,1,2
202300029728,22,5,2023,16:40,1,1,3,14,14118,2,4,1,1,1
202300029729,21,3,2023,19:10,2,1,3,86,86066,2,3,2,1,1
202300029729,21,3,2023,19:10,2,1,3,86,86066,2,3,2,1,1
202300029730,24,5,2023,02:35,3,1,5,13,13019,1,4,2,1,1
202300029731,14,4,2023,16:00,1,1,5,83,83144,1,3,2,2,1
202300029732,11,4,2023,13:45,1,1,6,83,83126,2,4,1,1,1
202300029733,24,5,2023,21:50,5,1,5,13,13214,2,4,2,1,1
202300029733,24,5,2023,21:50,5,1,5,13,13214,2,4,2,1,1
202300029734,15,4,2023,08:52,1,3,3,78,78490,2,3,2,1,2
202300029734,15,4,2023,08:52,1,3,3,78,78490,2,3,2,1,2
202300029735,24,5,2023,15:40,1,1,1,13,13202,2,4,2,1,1
202300029736,14,4,2023,19:45,2,2,6,78,78498,2,4,2,1,2
202300029737,24,5,2023,11:15,1,1,1,13,13209,2,4,4,1,1
202300029738,14,4,2023,21:30,5,1,4,72,72181,2,4,3,1,1
202300029739,14,4,2023,18:25,1,1,4,72,72095,2,4,-1,1,1
202300029739,14,4,2023,18:25,1,1,4,72,72095,2,4,-1,1,1
202300029740,24,5,2023,08:20,1,1,3,13,13005,1,4,-1,1,1
202300029740,24,5,2023,08:20,1,1,3,13,13005,1,4,-1,1,1
202300029741,14,4,2023,19:05,1,1,3,72,72181,2,4,-1,1,1
202300029742,5,4,2023,07:05,1,1,6,11,11262,2,4,2,1,1
202300029743,14,4,2023,13:25,1,2,1,72,72181,1,3,-1,1,2
202300029744,15,4,2023,11:20,1,2,6,71,71486,2,4,2,1,2
202300029745,24,5,2023,11:00,1,1,6,07,07281,2,3,4,2,1
202300029745,24,5,2023,11:00,1,1,6,07,07281,2,3,4,2,1
202300029746,15,4,2023,03:50,5,2,6,69,69264,2,3,1,1,2
202300029746,15,4,2023,03:50,5,2,6,69,69264,2,3,2,1,2
202300029747,24,5,2023,18:15,1,1,3,06,06069,1,3,2,1,1
202300029747,24,5,2023,18:15,1,1,3,06,06069,1,3,2,2,1
202300029748,15,4,2023,15:20,1,1,6,69,69264,2,4,1,1,1
202300029749,5,3,2023,15:00,1,8,4,51,51250,2,2,2,1,2
202300029749,5,3,2023,15:00,1,8,4,51,51250,2,2,2,1,-1
202300029750,24,5,2023,19:10,1,1,2,75,75120,2,4,1,1,1
202300029751,15,4,2023,23:53,5,1,6,64,64102,2,3,2,3,1
202300029752,5,3,2023,16:23,1,1,7,09,09130,1,4,2,2,6
202300029753,24,5,2023,16:42,1,1,3,75,75116,2,4,1,1,1
202300029754,15,4,2023,17:36,1,1,1,62,62250,1,3,2,1,1
202300029755,4,3,2023,19:50,2,1,1,44,44159,1,3,2,1,1
202300029756,23,5,2023,10:20,1,1,7,75,75116,2,4,1,1,1
202300029757,23,5,2023,06:00,2,1,7,75,75114,2,4,1,1,1
202300029758,6,4,2023,15:50,1,1,2,62,62628,2,4,2,1,1
202300029758,6,4,2023,15:50,1,1,2,62,62628,2,4,2,1,1
202300029759,4,3,2023,12:05,1,1,2,13,13070,1,1,3,1,1
202300029760,24,5,2023,10:00,1,1,2,75,75117,2,4,1,1,1
202300029761,15,4,2023,21:15,1,1,3,59,59599,2,7,1,1,1
202300029761,15,4,2023,21:15,1,1,3,59,59599,2,7,1,1,1
202300029762,4,3,2023,10:55,1,1,2,13,13211,1,1,3,1,1
202300029763,24,5,2023,19:45,1,1,6,75,75108,2,4,2,2,1
202300029764,15,4,2023,16:35,1,1,2,54,54197,2,4,1,1,1
202300029765,4,3,2023,08:30,1,1,2,13,13026,1,1,1,1,1
202300029766,24,5,2023,20:10,1,1,6,75,75115,2,4,1,1,1
202300029766,24,5,2023,20:10,1,1,6,75,75115,2,4,-1,1,1
202300029767,19,2,2023,01:35,3,1,2,13,13210,1,1,3,1,1
202300029768,14,4,2023,17:49,1,1,4,54,54184,1,7,2,2,1
202300029769,24,5,2023,07:00,1,1,3,75,75114,2,4,-1,1,1
202300029769,24,5,2023,07:00,1,1,3,75,75114,2,4,1,1,1
202300029770,24,5,2023,19:50,1,1,6,75,75113,2,4,1,1,1
202300029771,5,3,2023,13:30,1,1,5,69,69199,1,7,3,1,1
202300029772,14,4,2023,18:00,1,1,6,51,51454,2,4,1,1,1
202300029772,14,4,2023,18:00,1,1,6,51,51454,2,4,2,1,1
202300029773,4,3,2023,13:10,1,1,3,69,69266,1,7,3,1,1
202300029774,24,5,2023,08:10,1,1,3,75,75112,2,4,-1,1,1
202300029774,24,5,2023,08:10,1,1,3,75,75112,2,4,2,1,1
202300029775,15,4,2023,21:40,3,1,3,51,51431,1,3,2,1,1
202300029775,15,4,2023,21:40,3,1,3,51,51431,1,3,2,2,1
202300029776,12,11,2023,21:00,3,1,7,04,04157,1,3,2,4,1
202300029777,24,5,2023,23:10,5,1,3,75,75111,2,4,1,1,1
202300029778,5,3,2023,03:20,4,1,2,33,33192,1,1,3,1,1
202300029779,15,4,2023,14:30,1,1,3,49,49007,2,4,1,1,1
202300029779,15,4,2023,14:30,1,1,3,49,49007,2,4,1,1,1
202300029780,9,11,2023,09:50,1,8,6,85,85227,1,3,2,1,2
202300029781,5,3,2023,17:00,1,1,7,91,91339,1,2,1,2,1
202300029782,24,5,2023,19:45,1,1,7,75,75110,2,4,2,1,1
202300029783,5,3,2023,08:20,1,1,6,91,91086,1,2,1,1,1
202300029784,15,4,2023,13:20,1,2,2,45,45308,1,4,2,2,2
202300029785,13,11,2023,17:20,1,1,2,27,27243,1,3,2,2,2
202300029786,24,5,2023,09:50,1,1,6,75,75109,2,4,-1,1,1
202300029786,24,5,2023,09:50,1,1,6,75,75109,2,4,2,1,1
202300029787,4,3,2023,22:05,3,1,4,91,91174,1,2,-1,1,1
202300029788,13,11,2023,06:40,5,2,6,27,27622,2,3,2,1,2
202300029789,14,4,2023,17:15,1,1,3,45,45234,2,4,2,1,1
202300029790,23,5,2023,18:40,1,1,3,75,75108,2,4,2,1,1
202300029790,23,5,2023,18:40,1,1,3,75,75108,2,4,1,1,1
202300029791,12,11,2023,19:50,3,2,6,28,28319,1,3,2,1,2
202300029792,4,3,2023,05:40,5,1,6,86,86194,2,3,-1,1,1
202300029792,4,3,2023,05:40,5,1,6,86,86194,2,3,3,1,1
202300029793,3,3,2023,18:26,1,1,6,72,72181,2,4,-1,1,1
202300029793,3,3,2023,18:26,1,1,6,72,72181,2,4,2,1,1
202300029794,13,11,2023,07:50,1,1,7,17,17211,1,3,2,4,2
202300029794,13,11,2023,07:50,1,1,7,17,17211,1,3,2,1,2
202300029795,24,5,2023,17:15,1,1,3,75,75102,2,4,1,1,1
202300029795,24,5,2023,17:15,1,1,3,75,75102,2,4,-1,1,1
202300029796,10,4,2023,15:00,1,1,3,34,34301,2,4,1,1,1
202300029796,10,4,2023,15:00,1,1,3,34,34301,2,4,2,1,1
202300029797,10,11,2023,19:05,3,2,7,17,17113,2,3,2,1,2
202300029798,3,3,2023,12:20,1,1,3,69,69290,1,7,2,1,1
202300029798,3,3,2023,12:20,1,1,3,69,69290,1,7,2,1,1
202300029799,23,5,2023,11:50,1,1,6,94,94052,2,3,1,1,1
202300029800,15,4,2023,12:30,1,1,3,33,33529,2,4,2,1,1
202300029801,12,11,2023,11:55,1,1,6,30,30004,2,3,1,1,1
202300029802,3,3,2023,18:52,1,1,3,64,64024,2,4,2,1,1
202300029803,24,5,2023,15:22,1,1,7,94,94003,2,3,1,1,1
202300029804,14,4,2023,17:20,1,2,3,30,30007,2,4,2,1,2
202300029804,14,4,2023,17:20,1,2,3,30,30007,2,4,2,2,2
202300029805,11,11,2023,18:30,3,2,1,67,67388,1,3,2,1,2
202300029806,3,3,2023,15:50,1,8,6,54,54357,2,4,2,1,1
202300029806,3,3,2023,15:50,1,8,6,54,54357,2,4,2,1,1
202300029807,23,5,2023,13:15,1,1,3,94,94037,2,3,2,1,1
202300029807,23,5,2023,13:15,1,1,3,94,94037,2,3,1,1,1
202300029808,4,3,2023,15:55,1,1,3,973,97302,2,3,2,1,1
202300029809,14,4,2023,18:30,1,2,4,30,30243,2,3,2,1,2
202300029809,14,4,2023,18:30,1,2,4,30,30243,2,3,2,1,2
202300029809,14,4,2023,18:30,1,2,4,30,30243,2,3,2,1,2
202300029810,24,5,2023,16:40,1,1,2,94,94070,2,2,3,1,1
202300029811,3,3,2023,19:50,4,1,3,973,97302,1,2,2,1,1
202300029812,13,11,2023,08:15,2,7,6,31,31351,2,4,2,3,1
202300029813,15,4,2023,19:00,1,2,2,25,25388,2,3,2,1,2
202300029813,15,4,2023,19:00,1,2,2,25,25388,2,3,2,2,2
202300029814,4,3,2023,16:00,1,1,6,69,69388,2,4,2,1,1
202300029815,24,5,2023,16:15,1,1,3,93,93078,2,4,1,1,1
202300029815,24,5,2023,16:15,1,1,3,93,93078,2,4,2,1,1
202300029816,13,11,2023,06:50,3,1,2,82,82085,1,1,3,1,1
202300029817,15,4,2023,19:18,1,1,6,25,25056,1,3,2,2,2
202300029818,3,3,2023,07:00,1,1,2,972,97209,1,3,1,3,1
202300029819,12,11,2023,18:25,3,2,6,44,44026,1,1,1,2,2
202300029820,4,3,2023,00:25,3,1,2,971,97101,2,2,2,1,1
202300029821,23,5,2023,18:50,1,1,3,93,93073,2,3,2,1,1
202300029821,23,5,2023,18:50,1,1,3,93,93073,2,3,2,1,1
202300029822,14,4,2023,19:58,1,1,3,17,17306,2,4,-1,1,1
202300029823,4,3,2023,05:00,5,1,7,91,91114,2,3,-1,2,1
202300029824,15,4,2023,18:55,1,1,3,17,17300,2,4,2,1,1
202300029825,8,11,2023,08:08,1,1,5,06,06085,1,1,2,1,1
202300029826,24,5,2023,11:51,1,1,3,93,93066,2,4,2,1,1
202300029827,2,4,2023,03:20,4,2,6,15,15014,2,4,1,1,2
202300029828,4,3,2023,14:55,1,1,3,71,71306,2,4,2,1,1
202300029829,10,11,2023,08:20,1,1,2,86,86297,1,1,3,1,2
202300029830,4,3,2023,10:15,1,1,3,64,64102,2,4,2,1,1
202300029831,24,5,2023,17:27,1,1,3,93,93051,2,4,1,1,1
202300029831,24,5,2023,17:27,1,1,3,93,93051,2,4,2,1,1
202300029832,15,4,2023,20:15,2,1,2,13,13001,2,4,1,1,1
202300029832,15,4,2023,20:15,2,1,2,13,13001,2,4,2,1,1
202300029833,11,11,2023,08:30,1,1,6,73,73104,1,1,3,2,2
202300029834,3,3,2023,16:30,1,1,3,62,62587,2,1,2,1,1
202300029834,3,3,2023,16:30,1,1,3,62,62587,2,1,1,2,1
202300029835,15,4,2023,13:00,1,2,2,09,09122,2,4,-1,2,2
202300029836,14,5,2023,17:30,1,1,3,93,93048,2,3,3,1,1
202300029836,14,5,2023,17:30,1,1,3,93,93048,2,3,2,1,1
202300029837,13,11,2023,08:45,1,1,7,988,98808,1,3,2,2,1
202300029838,3,3,2023,12:00,1,1,5,62,62270,1,3,2,4,1
202300029839,15,4,2023,09:10,1,1,3,06,06088,2,4,1,1,1
202300029839,15,4,2023,09:10,1,1,3,06,06088,2,4,2,2,1
202300029840,13,11,2023,07:30,5,3,6,29,29005,2,3,2,1,2
202300029841,24,5,2023,15:50,1,1,3,93,93046,2,3,3,1,1
202300029841,24,5,2023,15:50,1,1,3,93,93046,2,3,2,1,1
202300029842,3,3,2023,17:55,2,2,6,60,60057,2,4,2,1,2
202300029843,15,4,2023,06:50,2,1,6,06,06029,2,4,3,1,1
202300029844,9,11,2023,00:45,4,2,1,77,77257,2,3,2,1,2
202300029845,15,4,2023,21:00,5,8,2,06,06027,2,7,3,1,1
202300029846,4,3,2023,18:30,2,1,3,42,42187,2,4,-1,1,1
202300029846,4,3,2023,18:30,2,1,3,42,42187,2,4,2,1,1
202300029847,28,5,2023,17:20,1,1,3,93,93032,2,4,1,1,1
202300029847,28,5,2023,17:20,1,1,3,93,93032,2,4,2,1,1
202300029848,15,4,2023,10:30,1,2,2,75,75113,2,4,1,1,2
202300029849,13,11,2023,18:47,5,1,1,78,78090,1,1,2,1,2
202300029849,13,11,2023,18:47,5,1,1,78,78090,1,1,1,1,1
202300029850,23,5,2023,19:40,1,1,6,93,93032,2,3,2,1,1
202300029851,4,3,2023,19:45,1,1,4,37,37261,2,4,2,1,1
202300029852,13,11,2023,15:00,1,1,1,84,84141,2,4,1,1,1
202300029853,13,4,2023,08:50,1,1,5,75,75118,2,4,1,1,1
202300029854,24,5,2023,17:30,1,1,3,93,93001,2,4,2,1,1
202300029855,11,11,2023,01:20,3,1,6,06,06048,2,3,2,1,1
202300029856,4,3,2023,19:00,2,1,6,37,37122,2,4,-1,1,1
202300029856,4,3,2023,19:00,2,1,6,37,37122,2,4,-1,1,1
202300029857,12,11,2023,14:45,1,3,7,88,88344,1,3,2,1,2
202300029858,15,4,2023,18:05,1,1,2,75,75116,2,4,1,1,1
202300029859,24,5,2023,12:50,1,1,5,93,93001,2,3,2,1,1
202300029860,4,3,2023,23:40,5,1,3,33,33063,2,4,1,2,1
202300029860,4,3,2023,23:40,5,1,3,33,33063,2,4,1,2,1
202300029861,13,11,2023,07:45,2,3,6,57,57206,2,3,2,1,2
202300029862,15,4,2023,14:15,1,1,6,75,75120,2,4,2,1,1
202300029862,15,4,2023,14:15,1,1,6,75,75120,2,4,2,1,1
202300029863,12,11,2023,21:45,3,3,6,57,57160,1,3,2,4,2
202300029864,4,3,2023,18:52,2,1,3,33,33063,2,4,1,1,1
202300029864,4,3,2023,18:52,2,1,3,33,33063,2,4,2,1,1
202300029865,23,5,2023,17:27,1,1,3,93,93001,2,3,2,1,1
202300029866,14,4,2023,03:00,5,1,3,75,75117,2,4,2,1,1
202300029866,14,4,2023,03:00,5,1,3,75,75117,2,4,2,1,1
202300029867,3,3,2023,05:30,5,1,1,33,33119,2,4,2,2,1
202300029868,12,11,2023,15:40,1,2,2,01,01262,1,3,2,1,2
202300029868,12,11,2023,15:40,1,2,2,01,01262,1,3,2,1,2
202300029869,24,5,2023,16:10,1,1,7,92,92064,1,5,2,1,1
202300029870,4,3,2023,16:05,1,1,3,31,31555,2,4,2,1,1
202300029871,10,11,2023,22:34,3,2,6,01,01211,1,3,2,1,2
202300029872,14,4,2023,23:30,5,1,1,75,75116,2,4,2,1,1
202300029872,14,4,2023,23:30,5,1,1,75,75116,2,4,2,1,1
202300029873,24,5,2023,01:30,5,1,6,92,92051,2,4,1,1,1
202300029874,4,3,2023,05:10,3,1,6,29,29232,1,3,3,1,1
202300029875,15,4,2023,16:00,1,1,2,75,75112,2,4,1,2,1
202300029876,4,3,2023,14:33,1,1,2,29,29019,2,4,2,2,1
202300029877,24,5,2023,09:40,1,1,4,92,92040,2,3,1,1,1
202300029877,24,5,2023,09:40,1,1,4,92,92040,2,3,1,1,1
202300029878,6,11,2023,13:44,1,3,3,33,33184,1,3,2,1,2
202300029878,6,11,2023,13:44,1,3,3,33,33184,1,3,2,1,2
202300029879,15,4,2023,19:38,1,1,3,75,75110,2,4,1,1,1
202300029879,15,4,2023,19:38,1,1,3,75,75110,2,4,1,1,1
202300029880,15,4,2023,23:30,5,1,7,75,75107,2,4,2,1,1
202300029881,24,5,2023,12:00,1,1,6,92,92025,2,3,-1,1,1
202300029881,24,5,2023,12:00,1,1,6,92,92025,2,3,-1,1,1
202300029882,4,3,2023,18:15,1,1,3,18,18279,2,4,2,2,1
202300029882,4,3,2023,18:15,1,1,3,18,18279,2,4,2,2,1