id_accident,jour,mois,annee,heure_minute,luminosite,meteo,type_collision,departement,commune,agglomeration,categorie_route,regime_circulation,profil_route,etat_surface
202300029883,12,11,2023,18:35,5,1,1,33,33449,1,3,2,1,2
202300029884,12,4,2023,06:30,2,2,6,75,75101,2,4,1,1,2
202300029884,12,4,2023,06:30,2,2,6,75,75101,2,4,2,1,2
202300029885,23,5,2023,22:40,5,1,6,92,92071,2,4,2,4,1
202300029886,4,3,2023,20:45,3,8,2,18,18033,1,4,2,1,1
202300029887,12,11,2023,18:30,3,2,3,22,22081,2,4,3,1,2
202300029888,14,4,2023,12:50,1,2,6,94,94076,2,9,1,1,2
202300029889,4,3,2023,10:15,1,1,6,13,13075,2,4,3,1,1
202300029890,24,5,2023,12:20,1,1,6,92,92012,2,3,2,1,1
202300029891,13,11,2023,15:45,1,2,6,27,27279,2,3,1,2,2
202300029891,13,11,2023,15:45,1,2,6,27,27279,2,3,2,1,2
202300029892,15,4,2023,09:30,1,2,3,94,94002,2,4,1,1,2
202300029892,15,4,2023,09:30,1,2,3,94,94002,2,4,2,1,2
202300029893,24,5,2023,15:48,1,1,6,92,92004,2,3,-1,1,1
202300029894,3,3,2023,15:15,1,1,2,13,13212,2,4,2,1,1
202300029895,13,11,2023,12:45,1,3,1,59,59174,1,3,2,3,2
202300029896,24,5,2023,15:20,1,1,3,92,92004,2,3,-1,1,1
202300029897,15,4,2023,12:30,1,1,1,93,93073,2,4,1,1,1
202300029897,15,4,2023,12:30,1,1,1,93,93073,2,4,2,1,1
202300029898,4,3,2023,18:38,2,1,3,13,13005,2,3,2,1,1
202300029899,12,11,2023,19:50,3,1,2,13,13055,1,1,3,1,1
202300029900,4,3,2023,23:25,5,1,1,10,10387,2,4,2,1,1
202300029901,14,4,2023,22:16,5,2,1,93,93063,2,3,3,2,2
202300029902,24,5,2023,11:15,1,1,3,92,92004,2,3,-1,1,1
202300029903,10,11,2023,19:00,3,1,4,13,13211,1,1,1,1,1
202300029904,4,3,2023,14:55,1,1,3,10,10387,2,4,2,1,1
202300029904,4,3,2023,14:55,1,1,3,10,10387,2,4,-1,1,9
202300029905,25,5,2023,15:15,1,1,3,76,76281,1,3,2,2,1
202300029906,14,4,2023,22:54,5,1,1,92,92063,2,3,2,2,1
202300029906,14,4,2023,22:54,5,1,1,92,92063,2,3,2,1,1
202300029907,4,3,2023,14:11,1,1,6,10,10387,2,4,2,1,1
202300029907,4,3,2023,14:11,1,1,6,10,10387,2,4,2,1,1
202300029908,6,11,2023,16:40,1,1,3,42,42218,1,2,3,2,1
202300029909,4,3,2023,04:40,5,1,6,09,09225,2,4,-1,3,1
202300029910,15,4,2023,11:15,1,2,1,92,92050,2,3,3,1,2
202300029911,25,5,2023,16:35,1,1,1,80,80151,1,3,-1,1,1
202300029912,2,3,2023,20:30,5,1,6,72,72181,2,4,1,2,1
202300029912,2,3,2023,20:30,5,1,6,72,72181,2,4,1,1,1
202300029913,15,4,2023,12:18,1,8,6,92,92062,2,3,1,1,2
202300029914,27,2,2023,16:20,1,1,6,29,29019,2,4,2,1,1
202300029915,12,11,2023,18:45,3,2,2,33,33448,1,1,3,1,2
202300029916,8,2,2023,10:45,1,1,6,13,13056,2,4,2,1,1
202300029917,15,4,2023,09:29,1,2,1,92,92024,2,3,2,1,2
202300029917,15,4,2023,09:29,1,2,1,92,92024,2,3,1,1,2
202300029918,12,11,2023,18:10,4,2,3,33,33167,1,2,3,2,2
202300029919,23,5,2023,11:30,1,1,6,67,67507,2,4,-1,1,1
202300029920,27,2,2023,19:10,5,2,6,13,13047,2,4,3,1,2
202300029920,27,2,2023,19:10,5,2,6,13,13047,2,4,2,1,2
202300029921,12,11,2023,20:40,3,2,6,91,91549,1,2,1,1,2
202300029922,15,4,2023,05:50,5,2,3,92,92004,2,3,-1,1,2
202300029922,15,4,2023,05:50,5,2,3,92,92004,2,3,-1,1,2
202300029923,25,5,2023,11:10,1,1,6,972,97210,1,2,2,2,1
202300029924,12,11,2023,13:41,1,2,3,91,91617,1,2,1,1,2
202300029925,26,2,2023,23:15,5,1,6,75,75111,2,4,2,1,1
202300029925,26,2,2023,23:15,5,1,6,75,75111,2,4,2,1,1
202300029926,16,4,2023,10:40,1,1,3,33,33453,1,3,2,1,1
202300029926,16,4,2023,10:40,1,1,3,33,33453,1,3,2,2,1
202300029927,1,3,2023,16:58,1,1,1,93,93057,2,4,1,1,1
202300029928,12,11,2023,06:45,3,2,5,91,91235,1,2,1,2,2
202300029929,24,4,2023,17:00,1,1,2,52,52147,1,1,3,1,1
202300029930,26,2,2023,11:23,1,1,6,92,92025,2,4,2,1,1
202300029931,12,11,2023,12:45,1,2,2,78,78466,1,1,1,1,2
202300029932,14,5,2023,18:25,1,2,1,01,01143,1,4,2,2,2
202300029933,15,4,2023,19:50,2,1,3,972,97216,2,2,2,2,1
202300029933,15,4,2023,19:50,2,1,3,972,97216,2,2,1,2,1
202300029934,2,3,2023,11:30,1,1,6,92,92012,2,3,2,1,1
202300029935,12,11,2023,17:00,3,2,6,95,95678,1,2,3,1,2
202300029936,25,5,2023,16:15,1,1,6,25,25067,1,1,1,2,1
202300029937,12,11,2023,16:00,1,3,6,93,93005,1,1,3,1,2
202300029938,4,3,2023,10:15,1,2,4,988,98818,2,4,2,1,2
202300029938,4,3,2023,10:15,1,2,4,988,98818,2,4,2,1,2
202300029939,25,5,2023,01:00,3,1,6,59,59173,1,7,4,4,1
202300029940,14,4,2023,21:20,3,1,7,34,34123,1,2,3,1,2
202300029941,3,3,2023,13:55,1,1,7,974,97411,2,3,-1,2,1
202300029942,12,11,2023,13:50,1,3,2,93,93006,1,1,1,1,2
202300029943,16,4,2023,03:15,3,1,7,38,38113,1,3,2,1,1
202300029944,4,3,2023,00:45,5,1,6,974,97409,2,3,3,1,1
202300029945,12,11,2023,15:50,1,3,6,95,95572,1,1,1,2,2
202300029946,24,5,2023,14:40,1,1,4,72,72058,1,3,2,1,1
202300029946,24,5,2023,14:40,1,1,4,72,72058,1,3,2,1,-1
202300029947,12,11,2023,15:00,1,3,6,93,93078,1,1,3,1,2
202300029948,14,4,2023,21:35,4,1,2,34,34095,1,7,2,1,1
202300029949,3,3,2023,12:10,1,1,2,973,97302,2,4,1,1,1
202300029950,25,5,2023,08:54,1,1,1,85,85109,1,4,2,1,1
202300029950,25,5,2023,08:54,1,1,1,85,85109,1,4,2,-1,1
202300029951,12,11,2023,13:30,1,3,6,95,95252,1,1,1,1,2
202300029952,4,3,2023,01:14,5,1,1,69,69386,2,4,1,1,1
202300029952,4,3,2023,01:14,5,1,1,69,69386,2,4,1,1,1
202300029953,16,4,2023,15:10,1,1,3,56,56173,1,4,2,1,1
202300029954,25,5,2023,13:15,1,1,6,67,67194,2,3,2,1,1
202300029955,12,11,2023,10:40,1,2,6,95,95018,1,1,1,2,2
202300029956,3,3,2023,13:05,1,1,3,972,97209,2,2,2,2,1
202300029957,16,4,2023,08:30,1,1,6,65,65435,1,3,-1,2,9
202300029958,15,4,2023,01:30,5,3,6,11,11206,2,4,2,1,2
202300029959,2,3,2023,17:50,1,1,6,69,69389,2,4,1,1,1
202300029959,2,3,2023,17:50,1,1,6,69,69389,2,4,2,1,1
202300029960,11,11,2023,23:20,3,1,3,93,93013,1,1,3,1,1
202300029961,23,5,2023,09:00,1,1,7,24,24309,1,1,3,2,1
202300029962,3,3,2023,16:30,1,8,6,95,95427,2,3,2,1,1
202300029963,11,11,2023,11:30,1,1,2,92,92036,1,1,3,1,2
202300029964,24,5,2023,19:00,1,1,2,44,44009,1,2,3,1,1
202300029965,15,4,2023,19:20,1,1,7,22,22079,1,5,-1,1,9
202300029966,3,3,2023,20:06,5,1,6,91,91425,2,3,3,1,1
202300029966,3,3,2023,20:06,5,1,6,91,91425,2,3,2,1,1
202300029967,22,5,2023,17:30,1,1,6,51,51266,2,3,2,2,1
202300029968,11,11,2023,17:30,2,2,3,77,77053,1,2,3,1,2
202300029969,3,3,2023,22:05,3,1,7,91,91432,2,3,-1,1,1
202300029970,15,4,2023,18:25,1,1,3,44,44126,1,3,2,1,1
202300029970,15,4,2023,18:25,1,1,3,44,44126,1,3,2,1,1
202300029971,3,3,2023,22:00,5,1,3,91,91286,2,3,2,4,1
202300029972,25,5,2023,08:40,1,1,1,56,56075,1,4,2,1,1
202300029972,25,5,2023,08:40,1,1,1,56,56075,1,4,2,1,1
202300029973,17,7,2023,11:49,1,1,2,13,13053,2,3,2,2,1
202300029973,17,7,2023,11:49,1,1,2,13,13053,2,3,2,1,1
202300029974,16,4,2023,02:49,3,1,6,38,38263,1,3,2,2,2
202300029975,24,5,2023,18:50,1,1,7,79,79063,1,3,2,1,1
202300029976,1,3,2023,14:00,1,1,4,87,87085,2,4,2,2,1
202300029977,16,4,2023,04:30,3,8,6,38,38104,1,3,2,1,2
202300029978,30,7,2023,01:00,5,1,1,13,13096,2,3,2,1,1
202300029979,15,4,2023,22:45,3,8,6,01,01457,1,3,2,1,2
202300029979,15,4,2023,22:45,3,8,6,01,01457,1,3,2,1,2
202300029980,19,6,2023,23:55,5,1,7,71,71270,2,4,1,1,1
202300029981,24,5,2023,08:00,1,1,3,82,82144,1,3,2,1,1
202300029981,24,5,2023,08:00,1,1,3,82,82144,1,3,2,1,1
202300029982,3,3,2023,16:30,1,1,7,77,77132,2,4,2,1,1
202300029983,22,6,2023,11:15,1,1,6,62,62160,2,4,2,1,1
202300029983,22,6,2023,11:15,1,1,6,62,62160,2,4,2,1,1
202300029984,27,3,2023,15:35,1,1,6,72,72191,1,3,2,2,1
202300029984,27,3,2023,15:35,1,1,6,72,72191,1,3,-1,1,1
202300029985,3,3,2023,07:50,1,1,6,76,76351,2,4,-1,1,1
202300029986,15,4,2023,10:15,1,1,3,72,72320,1,3,2,1,1
202300029987,30,5,2023,12:10,1,1,3,91,91228,2,4,2,1,1
202300029988,24,5,2023,21:55,2,1,3,63,63420,1,3,2,1,1
202300029988,24,5,2023,21:55,2,1,3,63,63420,1,3,2,1,1
202300029989,2,3,2023,15:25,1,1,1,76,76351,2,4,2,2,1
202300029990,14,4,2023,15:45,1,1,1,07,07090,2,4,2,1,1
202300029990,14,4,2023,15:45,1,1,1,07,07090,2,4,2,2,1
202300029991,10,11,2023,16:40,1,1,6,976,97611,2,9,-1,2,1
202300029992,25,5,2023,18:40,1,1,3,76,76638,1,3,2,1,1
202300029992,25,5,2023,18:40,1,1,3,76,76638,1,3,-1,3,1
202300029993,15,4,2023,20:45,2,1,3,40,40044,1,3,3,1,1
202300029994,3,3,2023,21:35,3,1,5,71,71105,1,2,3,1,1
202300029994,3,3,2023,21:35,3,1,5,71,71105,1,2,1,3,1
202300029995,11,11,2023,11:55,1,1,6,974,97416,1,2,-1,1,1
202300029996,16,4,2023,06:50,1,1,6,85,85051,1,3,2,1,1
202300029997,25,5,2023,15:58,1,1,7,12,12088,1,3,2,1,1
202300029998,2,3,2023,16:20,1,1,6,71,71076,2,4,2,1,1
202300029999,24,5,2023,18:55,1,1,7,68,68202,2,4,2,2,1
202300030000,9,11,2023,08:00,1,1,3,974,97416,1,2,2,2,1
202300030001,14,4,2023,06:55,2,1,3,27,27102,1,3,2,1,1
202300030001,14,4,2023,06:55,2,1,3,27,27102,1,3,2,1,1
202300030002,22,5,2023,13:55,1,1,7,39,39184,1,3,2,2,1
202300030003,3,3,2023,08:15,1,1,5,69,69266,1,1,3,1,1
202300030004,25,5,2023,01:00,5,1,6,39,39171,1,3,2,1,1
202300030005,15,4,2023,16:35,1,1,7,27,27533,2,3,2,1,1
202300030006,9,4,2023,19:30,1,1,7,17,17439,1,3,2,1,1
202300030007,3,3,2023,20:48,5,1,1,69,69259,2,4,1,1,1
202300030007,3,3,2023,20:48,5,1,1,69,69259,2,4,2,1,1
202300030008,9,11,2023,15:45,1,1,5,974,97411,2,4,2,2,1
202300030008,9,11,2023,15:45,1,1,5,974,97411,2,4,2,2,1
202300030009,25,5,2023,07:45,1,1,3,44,44069,2,4,1,1,1
202300030009,25,5,2023,07:45,1,1,3,44,44069,2,4,2,2,1
202300030010,2,3,2023,17:30,1,1,2,69,69290,2,4,2,2,1
202300030011,16,4,2023,16:25,1,1,3,17,17091,1,3,2,1,1
202300030012,11,11,2023,12:54,1,1,5,973,97309,1,3,2,1,1
202300030013,2,3,2023,18:15,1,1,3,69,69259,2,7,2,1,1
202300030014,25,5,2023,07:35,1,1,3,38,38393,1,3,2,3,1
202300030014,25,5,2023,07:35,1,1,3,38,38393,1,3,2,2,1
202300030015,11,11,2023,03:00,5,1,7,973,97302,1,2,1,1,1
202300030016,15,4,2023,05:56,2,1,7,57,57743,1,2,3,1,1
202300030017,24,5,2023,18:20,1,1,1,50,50013,1,4,2,1,1
202300030018,1,3,2023,18:20,1,1,3,69,69029,2,4,1,1,1
202300030018,1,3,2023,18:20,1,1,3,69,69029,2,4,2,1,1
202300030019,10,11,2023,22:35,5,1,3,973,97302,2,4,2,1,1
202300030019,10,11,2023,22:35,5,1,3,973,97302,2,4,2,1,1
202300030020,15,4,2023,15:05,1,2,6,988,98824,1,3,2,2,2
202300030020,15,4,2023,15:05,1,2,6,988,98824,1,3,2,-1,2
202300030021,24,5,2023,20:15,1,1,6,53,53064,1,3,-1,3,1
202300030022,3,3,2023,12:45,1,8,1,69,69091,2,7,2,1,1
202300030022,3,3,2023,12:45,1,8,1,69,69091,2,7,2,1,1
202300030023,10,11,2023,09:35,1,1,2,973,97302,2,4,2,1,1
202300030024,16,4,2023,05:10,2,2,6,988,98823,2,2,2,1,2
202300030025,24,5,2023,17:50,1,1,1,85,85182,1,3,2,1,1
202300030026,3,3,2023,17:00,1,1,6,59,59350,2,4,2,1,1
202300030027,10,11,2023,07:45,1,1,3,973,97302,2,3,2,1,1
202300030028,24,5,2023,08:20,1,1,1,37,37179,2,4,2,1,1
202300030029,3,3,2023,10:49,1,1,1,59,59368,2,4,2,1,1
202300030030,24,5,2023,16:30,1,1,6,987,98724,1,2,2,1,1
202300030031,15,4,2023,21:45,3,1,1,971,97128,1,2,2,1,1
202300030032,10,11,2023,07:15,1,1,3,973,97302,2,4,2,2,1
202300030033,3,3,2023,19:35,3,1,1,59,59588,2,3,-1,1,1
202300030034,16,4,2023,00:40,5,1,6,971,97106,2,2,2,2,1
202300030035,2,3,2023,16:20,1,1,6,59,59178,2,3,2,1,1
202300030036,9,11,2023,08:20,1,1,3,973,97302,2,3,2,1,1
202300030036,9,11,2023,08:20,1,1,3,973,97302,2,3,2,1,1
202300030037,25,5,2023,16:00,1,1,3,78,78437,1,3,2,1,1
202300030037,25,5,2023,16:00,1,1,3,78,78437,1,3,2,1,1
202300030038,28,2,2023,09:35,1,1,6,57,57306,2,3,2,1,1
202300030039,13,4,2023,11:00,1,1,5,77,77273,1,3,2,1,1
202300030039,13,4,2023,11:00,1,1,5,77,77273,1,3,2,1,1
202300030040,23,5,2023,08:30,1,1,7,03,03290,1,3,2,1,1
202300030041,28,2,2023,08:32,1,1,6,57,57012,2,3,2,1,1
202300030042,8,11,2023,20:21,3,1,3,973,97302,2,4,2,1,1
202300030042,8,11,2023,20:21,3,1,3,973,97302,2,4,2,1,1
202300030043,14,4,2023,18:30,1,1,1,73,73153,1,3,2,1,1
202300030044,16,4,2023,12:15,1,1,1,77,77280,2,4,2,2,1
202300030044,16,4,2023,12:15,1,1,1,77,77280,2,4,-1,1,1
202300030045,2,3,2023,14:30,1,1,2,56,56098,2,3,1,1,1
202300030046,8,11,2023,11:10,1,1,3,973,97302,2,4,2,1,1
202300030047,15,4,2023,14:00,1,1,7,30,30345,2,3,2,1,1
202300030048,3,3,2023,06:50,2,1,3,54,54328,1,7,1,1,1
202300030048,3,3,2023,06:50,2,1,3,54,54328,1,7,-1,1,1
202300030049,11,11,2023,09:57,1,1,2,972,97213,2,3,2,1,1
202300030050,16,3,2023,12:10,1,1,7,64,64496,2,3,2,1,1
202300030050,16,3,2023,12:10,1,1,7,64,64496,2,3,2,1,1
202300030051,2,3,2023,17:40,1,1,1,54,54439,2,4,2,1,1
202300030051,2,3,2023,17:40,1,1,1,54,54439,2,4,2,1,1
202300030052,1,4,2023,00:10,4,1,3,11,11076,2,4,2,1,1
202300030053,31,3,2023,06:57,1,1,6,44,44204,2,4,2,1,1
202300030054,8,11,2023,17:30,2,2,1,972,97213,2,2,2,1,2
202300030054,8,11,2023,17:30,2,2,1,972,97213,2,2,1,1,2
202300030055,2,3,2023,08:00,2,7,6,54,54300,2,4,2,1,1
202300030056,15,4,2023,15:05,1,6,5,84,84019,1,3,2,1,1
202300030057,3,3,2023,08:10,1,1,6,54,54580,2,4,2,2,1
202300030058,8,11,2023,17:15,1,1,3,972,97209,1,1,1,2,1
202300030059,5,4,2023,07:20,1,1,1,27,27022,1,3,2,1,1
202300030060,16,4,2023,02:50,3,1,6,83,83107,1,4,2,1,1
202300030061,3,3,2023,21:10,5,1,1,51,51454,2,4,2,1,1
202300030061,3,3,2023,21:10,5,1,1,51,51454,2,4,1,1,1
202300030062,15,4,2023,21:30,3,1,7,89,89206,1,3,2,1,2
202300030063,11,11,2023,10:58,1,1,2,2B,2B037,2,2,1,1,1
202300030063,11,11,2023,10:58,1,1,2,2B,2B037,2,2,4,1,1
202300030064,25,5,2023,18:30,1,1,3,27,27287,1,3,2,1,1
202300030064,25,5,2023,18:30,1,1,3,27,27287,1,3,2,1,1
202300030065,3,3,2023,17:00,1,1,3,51,51172,2,6,-1,1,1
202300030066,15,4,2023,10:15,1,1,2,67,67217,1,3,3,1,1
202300030067,25,5,2023,04:32,2,1,6,60,60446,1,2,2,1,1
202300030068,11,11,2023,01:02,5,1,1,2B,2B037,2,3,2,2,1
202300030069,3,3,2023,17:30,1,1,6,51,51454,2,4,2,2,1
202300030070,16,4,2023,13:00,1,1,3,69,69106,2,3,2,1,1
202300030070,16,4,2023,13:00,1,1,3,69,69106,2,3,2,1,1
202300030071,3,3,2023,07:34,1,1,3,49,49007,2,4,2,1,1
202300030072,9,11,2023,12:34,1,1,6,2B,2B037,2,3,-1,1,1
202300030073,15,4,2023,23:00,3,1,6,31,31451,2,3,2,2,1
202300030074,24,5,2023,14:00,1,1,4,69,69116,1,1,3,1,1
202300030075,16,4,2023,10:15,1,1,1,31,31151,2,3,2,2,1
202300030076,9,11,2023,10:55,1,1,1,2B,2B033,2,4,2,2,1
202300030077,3,3,2023,08:00,1,1,4,49,49267,1,3,2,1,1
202300030078,1,3,2023,13:23,1,1,7,49,49007,2,4,3,1,1
202300030079,16,4,2023,03:00,1,1,6,86,86018,1,4,-1,1,1
202300030080,24,5,2023,18:21,1,1,5,94,94034,1,1,1,1,1
202300030081,8,11,2023,17:04,1,1,3,2B,2B120,1,2,1,1,1
202300030082,15,4,2023,17:30,1,1,3,85,85035,2,3,2,1,1
202300030083,10,11,2023,16:20,1,1,3,971,97113,1,3,2,1,1
202300030084,24,5,2023,17:20,1,1,3,91,91161,1,1,1,1,1
202300030085,3,3,2023,18:10,1,1,4,44,44114,1,1,3,1,1
202300030086,15,4,2023,19:00,1,1,7,53,53056,1,4,2,1,1
202300030087,9,11,2023,16:57,1,3,6,971,97101,2,4,2,1,2
202300030088,16,4,2023,04:30,5,5,6,76,76557,2,3,2,1,1
202300030089,24,5,2023,13:58,1,1,2,91,91286,1,1,1,1,1
202300030090,3,3,2023,08:30,1,1,5,44,44190,1,4,2,1,1
202300030091,3,11,2023,16:30,1,1,7,971,97101,1,2,1,1,1
202300030092,15,4,2023,15:50,1,1,1,62,62014,2,4,2,1,1
202300030093,24,5,2023,01:35,4,1,2,94,94021,1,1,-1,1,1
202300030094,9,11,2023,06:45,1,1,6,971,97120,1,4,1,1,1
202300030095,2,3,2023,20:20,5,1,1,41,41018,2,4,2,1,1
202300030095,2,3,2023,20:20,5,1,1,41,41018,2,4,2,1,1
202300030096,15,4,2023,14:00,1,1,7,62,62543,1,3,2,2,1
202300030097,8,11,2023,09:19,1,1,6,971,97101,2,3,2,2,1
202300030098,22,5,2023,18:20,1,1,2,92,92036,1,1,-1,1,1
202300030099,26,2,2023,01:24,5,1,3,38,38053,2,4,3,1,1
202300030099,26,2,2023,01:24,5,1,3,38,38053,2,4,2,1,1
202300030100,15,4,2023,19:30,1,1,3,94,94003,1,1,-1,1,1
202300030101,9,11,2023,17:00,4,3,3,2A,2A004,2,4,1,1,2
202300030102,24,5,2023,10:50,1,1,3,93,93053,1,1,3,1,1
202300030103,15,4,2023,11:20,1,1,7,91,91617,1,2,1,1,2
202300030104,9,11,2023,18:30,5,1,3,95,95268,2,3,2,1,2
202300030105,22,5,2023,12:50,1,1,3,93,93066,1,1,3,1,1
202300030106,3,3,2023,09:25,1,1,3,35,35238,2,4,2,1,1
202300030106,3,3,2023,09:25,1,1,3,35,35238,2,4,2,1,1
202300030107,15,4,2023,12:33,1,8,2,91,91687,1,1,1,1,2
202300030108,9,11,2023,18:45,5,2,6,95,95680,2,4,2,1,2
202300030109,15,4,2023,04:36,3,3,2,91,91471,1,2,1,2,2
202300030110,24,5,2023,14:03,1,1,3,94,94052,1,1,1,1,1
202300030111,2,3,2023,17:45,2,1,6,34,34003,2,6,-1,1,1
202300030112,15,4,2023,08:30,1,2,7,92,92072,1,2,-1,2,2
202300030113,11,11,2023,23:40,5,1,3,95,95582,2,3,2,1,1
202300030113,11,11,2023,23:40,5,1,3,95,95582,2,3,1,1,1
202300030114,24,5,2023,13:10,1,1,3,94,94069,1,1,1,1,1
202300030115,3,3,2023,19:15,5,1,3,33,33063,2,4,1,1,1
202300030115,3,3,2023,19:15,5,1,3,33,33063,2,4,-1,1,1
202300030116,14,4,2023,20:35,1,2,6,92,92072,1,2,-1,4,2
202300030117,24,5,2023,10:15,1,1,4,94,94028,1,1,1,1,1
202300030118,3,3,2023,18:40,1,1,2,31,31555,2,4,1,1,1
202300030119,14,4,2023,18:00,1,2,2,92,92036,1,1,3,1,2
202300030120,24,5,2023,04:50,3,1,2,93,93051,1,1,1,2,1
202300030121,7,11,2023,15:50,1,1,4,91,91339,2,3,3,1,1
202300030122,13,4,2023,23:40,3,2,6,92,92036,1,1,3,1,2
202300030123,1,3,2023,22:10,5,1,3,31,31555,2,4,2,1,1
202300030123,1,3,2023,22:10,5,1,3,31,31555,2,4,2,1,1
202300030124,22,5,2023,17:00,1,1,6,59,59599,2,4,2,1,1
202300030125,13,4,2023,07:10,1,1,3,974,97411,2,3,2,2,1
202300030126,9,11,2023,20:30,3,2,1,91,91161,2,3,2,1,2
202300030127,3,3,2023,17:10,1,1,3,27,27229,2,4,1,1,1
202300030128,3,3,2023,08:14,1,1,1,14,14118,1,3,-1,1,1
202300030129,14,4,2023,11:30,1,1,3,974,97407,2,4,1,1,1
202300030130,9,11,2023,18:40,3,2,6,91,91689,1,3,2,1,2
202300030131,23,5,2023,18:40,1,1,6,59,59512,2,7,-1,2,1
202300030132,23,5,2023,13:50,1,1,7,976,97611,2,4,2,1,1
202300030133,8,2,2023,13:25,1,1,5,13,13056,1,2,2,1,1
202300030134,6,4,2023,13:40,1,1,3,974,97407,2,4,2,1,1
202300030135,11,11,2023,12:20,1,1,3,91,91421,1,3,3,1,1
202300030136,23,5,2023,11:00,1,1,6,974,97416,1,2,3,1,1
202300030137,3,3,2023,12:50,1,1,3,13,13205,2,4,2,1,1
202300030137,3,3,2023,12:50,1,1,3,13,13205,2,4,-1,1,1
202300030138,14,4,2023,13:00,1,1,6,972,97209,1,2,2,1,1
202300030138,14,4,2023,13:00,1,1,6,972,97209,1,2,2,1,1
202300030139,11,11,2023,16:55,1,1,6,91,91434,2,4,2,1,1
202300030139,11,11,2023,16:55,1,1,6,91,91434,2,4,2,1,1
202300030140,23,5,2023,15:55,1,1,6,69,69388,2,4,1,1,1
202300030141,3,3,2023,10:55,1,1,6,13,13203,2,4,2,1,1
202300030142,14,4,2023,09:27,1,1,3,2B,2B120,2,4,2,1,1
202300030143,9,11,2023,09:00,1,1,6,91,91027,2,3,2,1,2
202300030143,9,11,2023,09:00,1,1,6,91,91027,2,3,1,1,2
202300030144,23,5,2023,08:50,1,1,3,69,69383,2,4,2,1,1
202300030144,23,5,2023,08:50,1,1,3,69,69383,2,4,1,1,1
202300030145,2,3,2023,20:00,3,1,6,13,13206,2,4,2,1,9
202300030146,13,4,2023,11:15,1,1,6,2B,2B033,2,4,1,2,1
202300030147,7,11,2023,20:59,5,1,2,87,87085,2,2,3,1,1
202300030148,3,3,2023,09:10,1,1,3,13,13001,2,3,2,2,1
202300030149,23,5,2023,15:30,1,1,4,972,97213,1,2,-1,1,1
202300030150,14,4,2023,17:50,1,1,4,2A,2A004,1,2,2,1,1
202300030151,3,3,2023,19:40,5,1,6,09,09122,2,3,2,1,1
202300030152,11,11,2023,09:50,1,1,3,86,86194,2,3,3,1,2
202300030153,2,3,2023,07:00,1,1,6,06,06027,2,4,3,1,1
202300030153,2,3,2023,07:00,1,1,6,06,06027,2,4,1,1,1
202300030154,11,4,2023,15:20,1,8,6,95,95306,2,3,2,1,1
202300030155,22,5,2023,23:48,5,1,3,972,97213,1,3,1,1,2
202300030155,22,5,2023,23:48,5,1,3,972,97213,1,3,2,1,2
202300030155,22,5,2023,23:48,5,1,3,972,97213,1,3,2,1,2
202300030156,11,11,2023,19:20,5,1,1,84,84087,2,2,-1,1,1
202300030156,11,11,2023,19:20,5,1,1,84,84087,2,2,2,1,1
202300030156,11,11,2023,19:20,5,1,1,84,84087,2,2,2,1,1
202300030157,3,3,2023,20:20,5,1,3,75,75120,2,4,1,1,1
202300030158,14,4,2023,22:55,5,1,6,91,91691,2,4,2,1,2
202300030158,14,4,2023,22:55,5,1,6,91,91691,2,4,1,1,2
202300030159,23,5,2023,15:30,1,1,2,972,97209,1,1,1,2,1
202300030160,11,11,2023,12:20,1,1,3,84,84080,2,4,2,1,1
202300030160,11,11,2023,12:20,1,1,3,84,84080,2,4,2,1,1
202300030161,3,3,2023,22:43,5,1,3,75,75114,2,4,2,1,1
202300030161,3,3,2023,22:43,5,1,3,75,75114,2,4,1,1,1
202300030162,12,4,2023,16:15,1,1,3,91,91479,2,4,2,1,1
202300030162,12,4,2023,16:15,1,1,3,91,91479,2,4,2,1,1
202300030163,23,5,2023,10:00,1,1,4,971,97101,1,2,3,3,1
202300030164,3,3,2023,16:35,1,1,6,75,75119,2,4,-1,1,1
202300030164,3,3,2023,16:35,1,1,6,75,75119,2,4,2,1,1
202300030165,14,4,2023,14:20,1,2,3,78,78172,2,3,1,1,2
202300030165,14,4,2023,14:20,1,2,3,78,78172,2,3,2,1,2
202300030166,31,10,2023,17:05,1,1,4,84,84007,1,3,3,1,1
202300030166,31,10,2023,17:05,1,1,4,84,84007,1,3,2,1,1
202300030167,23,5,2023,07:55,1,1,6,971,97101,2,3,1,2,1
202300030167,23,5,2023,07:55,1,1,6,971,97101,2,3,2,2,1
202300030168,4,3,2023,21:40,5,1,3,75,75117,2,4,1,1,1
202300030168,4,3,2023,21:40,5,1,3,75,75117,2,4,1,1,1
202300030169,23,5,2023,16:40,1,1,2,2A,2A004,2,4,2,1,1
202300030170,8,11,2023,08:10,1,1,6,83,83126,2,4,2,1,1
202300030170,8,11,2023,08:10,1,1,6,83,83126,2,4,3,1,1
202300030171,3,3,2023,12:10,1,1,2,75,75116,2,4,-1,1,1
202300030171,3,3,2023,12:10,1,1,2,75,75116,2,4,1,1,1
202300030172,11,11,2023,01:55,5,8,6,82,82042,2,4,2,1,1
202300030172,11,11,2023,01:55,5,8,6,82,82042,2,4,2,1,1
202300030173,4,3,2023,06:00,5,1,6,75,75114,2,4,1,1,1
202300030173,4,3,2023,06:00,5,1,6,75,75114,2,4,2,1,1
202300030174,8,11,2023,21:00,3,2,6,82,82085,2,3,2,1,2
202300030175,4,3,2023,02:15,5,1,3,75,75115,2,4,3,1,1