id_accident,jour,mois,annee,heure_minute,luminosite,meteo,type_collision,departement,commune,agglomeration,categorie_route,regime_circulation,profil_route,etat_surface
202300030175,4,3,2023,02:15,5,1,3,75,75115,2,4,2,1,1
202300030176,23,5,2023,15:30,1,1,2,91,91477,2,4,2,1,1
202300030177,4,3,2023,20:45,5,1,6,75,75112,2,4,1,1,1
202300030177,4,3,2023,20:45,5,1,6,75,75112,2,4,1,1,1
202300030178,9,11,2023,18:30,5,2,2,81,81065,2,4,1,1,2
202300030179,23,5,2023,14:50,1,1,3,91,91114,2,4,2,1,1
202300030179,23,5,2023,14:50,1,1,3,91,91114,2,4,2,1,1
202300030180,4,3,2023,19:00,5,1,3,75,75112,2,4,-1,1,1
202300030180,4,3,2023,19:00,5,1,3,75,75112,2,4,1,1,1
202300030181,23,5,2023,08:25,1,1,7,91,91114,2,4,-1,1,1
202300030182,3,3,2023,22:40,5,1,3,75,75110,2,4,1,1,1
202300030182,3,3,2023,22:40,5,1,3,75,75110,2,4,1,1,1
202300030183,23,5,2023,20:15,1,1,3,91,91589,2,3,2,1,1
202300030184,9,11,2023,18:50,5,1,1,77,77215,2,3,3,2,1
202300030185,4,3,2023,03:00,5,1,2,75,75108,2,4,1,1,1
202300030185,4,3,2023,03:00,5,1,2,75,75108,2,4,1,1,1
202300030186,22,5,2023,15:54,1,1,2,87,87085,2,4,3,2,1
202300030187,10,11,2023,22:00,5,2,6,76,76540,2,4,2,4,2
202300030187,10,11,2023,22:00,5,2,6,76,76540,2,4,1,1,2
202300030188,4,3,2023,19:04,5,1,6,75,75107,2,4,1,1,1
202300030188,4,3,2023,19:04,5,1,6,75,75107,2,4,1,1,1
202300030189,23,5,2023,07:50,1,1,1,83,83137,2,4,2,2,1
202300030189,23,5,2023,07:50,1,1,1,83,83137,2,4,2,1,1
202300030190,4,3,2023,21:30,5,1,3,75,75104,2,4,2,1,1
202300030190,4,3,2023,21:30,5,1,3,75,75104,2,4,2,1,1
202300030191,11,11,2023,18:45,5,1,3,73,73008,2,3,1,1,1
202300030192,23,5,2023,09:50,1,1,6,83,83069,2,4,1,1,1
202300030193,11,11,2023,21:20,5,1,3,72,72181,2,4,2,1,1
202300030194,4,3,2023,13:14,1,1,3,75,75102,2,4,1,1,1
202300030194,4,3,2023,13:14,1,1,3,75,75102,2,4,2,1,1
202300030195,23,5,2023,18:40,1,1,3,81,81004,2,3,2,1,1
202300030195,23,5,2023,18:40,1,1,3,81,81004,2,3,1,1,1
202300030196,5,11,2023,13:20,1,1,6,72,72181,2,4,3,1,1
202300030197,3,3,2023,19:45,5,1,2,75,75101,2,4,1,1,1
202300030197,3,3,2023,19:45,5,1,2,75,75101,2,4,-1,1,1
202300030198,2,3,2023,21:15,3,1,3,75,75102,2,4,1,1,1
202300030198,2,3,2023,21:15,3,1,3,75,75102,2,4,1,1,1
202300030199,11,11,2023,15:55,1,2,3,71,71306,2,4,-1,1,2
202300030199,11,11,2023,15:55,1,2,3,71,71306,2,4,2,1,2
202300030200,4,3,2023,19:15,5,1,6,94,94068,2,4,1,1,1
202300030201,23,5,2023,08:15,1,1,6,77,77464,2,4,2,2,1
202300030202,9,11,2023,11:50,1,3,3,71,71270,2,4,3,1,2
202300030203,4,3,2023,21:00,5,1,3,94,94076,2,3,2,1,1
202300030203,4,3,2023,21:00,5,1,3,94,94076,2,3,1,1,1
202300030204,22,5,2023,13:30,1,1,3,76,76351,2,4,3,2,1
202300030204,22,5,2023,13:30,1,1,3,76,76351,2,4,1,2,1
202300030205,4,3,2023,09:30,1,1,3,94,94021,2,9,1,1,1
202300030205,4,3,2023,09:30,1,1,3,94,94021,2,9,1,1,1
202300030206,8,11,2023,20:15,5,1,3,71,71076,2,4,3,1,1
202300030206,8,11,2023,20:15,5,1,3,71,71076,2,4,3,1,1
202300030207,22,5,2023,15:30,1,1,6,72,72181,2,4,2,1,1
202300030208,3,3,2023,19:30,5,1,3,94,94004,2,3,-1,1,1
202300030208,3,3,2023,19:30,5,1,3,94,94004,2,3,-1,2,1
202300030209,9,11,2023,09:30,1,2,3,69,69092,2,4,2,1,2
202300030209,9,11,2023,09:30,1,2,3,69,69092,2,4,2,2,2
202300030210,17,5,2023,08:45,1,1,3,70,70550,2,4,2,4,1
202300030210,17,5,2023,08:45,1,1,3,70,70550,2,4,2,2,1
202300030211,4,3,2023,17:13,1,1,5,93,93051,2,3,2,1,1
202300030212,4,3,2023,02:25,5,1,6,93,93046,2,3,3,1,1
202300030213,22,5,2023,12:10,1,1,6,69,69259,2,4,2,1,1
202300030213,22,5,2023,12:10,1,1,6,69,69259,2,4,2,1,1
202300030214,11,11,2023,11:04,1,1,3,69,69029,2,4,1,1,1
202300030214,11,11,2023,11:04,1,1,3,69,69029,2,4,2,1,1
202300030215,4,3,2023,13:30,1,1,2,93,93007,2,3,2,1,1
202300030216,22,5,2023,17:15,1,1,6,65,65286,2,6,-1,1,1
202300030217,9,11,2023,13:40,1,2,6,69,69259,2,4,2,1,2
202300030218,4,3,2023,14:50,1,1,6,92,92063,2,4,2,2,1
202300030219,4,3,2023,21:15,5,1,2,92,92044,2,3,1,1,1
202300030220,9,11,2023,12:40,1,2,1,68,68224,2,4,2,1,2
202300030221,22,5,2023,17:00,1,8,3,64,64483,2,3,2,1,1
202300030221,22,5,2023,17:00,1,8,3,64,64483,2,3,2,1,1
202300030222,4,3,2023,06:40,5,1,1,92,92025,2,4,1,1,1
202300030223,9,11,2023,22:25,5,3,1,67,67482,2,4,2,2,2
202300030224,23,5,2023,09:25,1,1,4,64,64445,2,4,2,1,1
202300030225,5,3,2023,17:40,2,1,3,01,01004,2,3,2,1,1
202300030225,5,3,2023,17:40,2,1,3,01,01004,2,3,2,1,1
202300030226,5,3,2023,08:30,1,1,6,18,18233,2,3,2,1,1
202300030227,9,11,2023,16:08,1,8,3,67,67482,2,4,1,1,1
202300030227,9,11,2023,16:08,1,8,3,67,67482,2,4,3,1,1
202300030228,22,5,2023,18:55,1,1,3,59,59512,2,7,2,1,1
202300030229,3,3,2023,13:35,1,1,7,84,84069,1,3,2,2,1
202300030230,28,2,2023,12:50,1,1,3,974,97422,2,2,1,2,1
202300030231,8,11,2023,15:30,1,1,5,66,66136,2,3,1,1,1
202300030231,8,11,2023,15:30,1,1,5,66,66136,2,3,3,1,1
202300030232,4,3,2023,21:25,5,1,3,974,97422,2,3,2,1,2
202300030232,4,3,2023,21:25,5,1,3,974,97422,2,3,2,1,1
202300030233,23,5,2023,17:55,1,1,3,58,58194,2,4,2,1,1
202300030233,23,5,2023,17:55,1,1,3,58,58194,2,4,2,1,1
202300030234,11,11,2023,19:00,5,2,1,64,64445,2,4,2,1,2
202300030234,11,11,2023,19:00,5,2,1,64,64445,2,4,2,1,2
202300030235,23,5,2023,14:28,1,1,3,57,57631,2,4,2,2,1
202300030236,3,3,2023,17:58,1,1,5,22,22246,1,2,3,1,1
202300030237,9,11,2023,20:16,5,1,3,64,64348,2,4,2,1,1
202300030237,9,11,2023,20:16,5,1,3,64,64348,2,4,2,1,1
202300030238,4,3,2023,21:05,3,1,1,26,26216,1,3,2,1,1
202300030239,19,5,2023,07:15,1,1,7,57,57019,1,3,2,1,1
202300030240,9,11,2023,07:37,2,1,4,64,64284,2,2,2,1,2
202300030241,5,3,2023,03:00,4,1,3,42,42032,2,7,-1,3,1
202300030242,22,5,2023,18:25,1,3,6,57,57227,2,4,-1,1,2
202300030242,22,5,2023,18:25,1,3,6,57,57227,2,4,-1,1,2
202300030243,8,11,2023,18:30,3,1,2,64,64230,2,2,-1,1,1
202300030244,5,3,2023,02:25,3,1,6,42,42032,1,4,2,2,1
202300030245,2,3,2023,19:00,3,1,1,30,30135,1,3,2,1,1
202300030246,11,11,2023,21:10,5,3,6,64,64102,2,4,3,1,2
202300030247,22,5,2023,08:00,1,1,3,54,54578,2,4,2,1,1
202300030248,11,11,2023,09:30,1,2,1,64,64102,2,4,2,1,2
202300030249,5,3,2023,14:13,1,1,5,56,56211,1,3,2,1,1
202300030250,23,5,2023,20:55,1,1,3,53,53130,2,4,2,1,1
202300030251,8,11,2023,18:40,5,2,7,64,64024,2,4,2,1,2
202300030252,12,2,2023,13:40,1,1,3,56,56193,1,3,2,1,1
202300030253,23,5,2023,16:44,1,1,6,51,51454,2,4,2,1,1
202300030254,23,5,2023,05:30,5,1,7,51,51454,2,4,4,1,2
202300030255,8,11,2023,17:00,2,2,3,62,62525,2,4,3,1,2
202300030255,8,11,2023,17:00,2,2,3,62,62525,2,4,2,1,2
202300030256,3,3,2023,17:00,1,1,5,78,78565,1,3,2,1,1
202300030256,3,3,2023,17:00,1,1,5,78,78565,1,3,2,1,1
202300030257,16,2,2023,17:50,1,1,6,79,79202,2,3,2,2,1
202300030258,8,11,2023,15:20,1,3,6,62,62765,2,4,2,1,2
202300030259,22,5,2023,17:55,1,1,3,51,51058,2,4,2,1,1
202300030259,22,5,2023,17:55,1,1,3,51,51058,2,4,2,1,1
202300030260,3,3,2023,18:10,1,1,1,61,61140,1,3,2,2,1
202300030261,9,11,2023,10:00,1,1,2,62,62737,2,3,3,2,2
202300030262,5,3,2023,14:55,1,1,7,34,34150,1,3,2,2,1
202300030263,19,5,2023,18:50,1,1,3,50,50129,2,3,2,1,1
202300030264,10,11,2023,16:55,1,1,6,62,62215,2,4,1,1,1
202300030265,4,3,2023,06:45,2,1,2,34,34147,1,3,2,1,1
202300030266,23,5,2023,14:30,1,1,3,49,49328,2,4,2,1,1
202300030267,6,11,2023,02:10,4,3,6,62,62510,1,3,3,1,2
202300030268,24,2,2023,08:45,1,1,5,34,34130,1,3,2,1,2
202300030269,16,11,2023,16:50,2,2,6,62,62160,2,4,2,2,2
202300030270,23,5,2023,13:30,1,1,1,49,49099,2,3,3,2,1
202300030271,2,10,2023,12:15,1,1,6,62,62119,2,4,2,1,1
202300030272,5,3,2023,03:02,4,1,6,68,68290,2,3,2,1,1
202300030272,5,3,2023,03:02,4,1,6,68,68290,2,3,2,1,1
202300030273,23,5,2023,10:45,1,1,4,43,43157,2,4,-1,1,1
202300030274,9,11,2023,17:25,5,3,2,62,62041,2,4,2,1,2
202300030275,17,5,2023,19:20,1,1,2,42,42237,1,2,1,1,1
202300030276,5,3,2023,14:45,1,8,7,35,35078,2,4,1,1,1
202300030277,22,5,2023,11:40,1,1,6,42,42218,2,4,2,2,1
202300030278,5,3,2023,19:00,2,1,7,31,31579,1,3,2,1,1
202300030279,27,10,2023,17:08,1,2,6,61,61006,2,3,3,1,2
202300030280,23,5,2023,18:15,1,1,3,38,38053,2,4,1,1,1
202300030280,23,5,2023,18:15,1,1,3,38,38053,2,4,2,1,1
202300030281,4,3,2023,19:40,3,1,1,02,02656,1,3,2,2,1
202300030282,9,11,2023,18:30,5,1,3,60,60057,2,4,1,2,1
202300030282,9,11,2023,18:30,5,1,3,60,60057,2,4,-1,1,1
202300030283,23,5,2023,19:40,1,1,6,33,33318,2,4,2,1,1
202300030284,4,3,2023,16:15,1,1,3,02,02158,1,3,2,1,1
202300030285,22,5,2023,08:45,1,1,6,33,33281,2,4,1,2,1
202300030286,9,11,2023,14:00,1,1,3,60,60057,2,4,2,1,1
202300030286,9,11,2023,14:00,1,1,3,60,60057,2,4,2,1,1
202300030287,4,3,2023,23:25,3,1,6,15,15045,1,3,2,1,1
202300030288,11,11,2023,05:20,5,2,6,59,59352,2,4,2,2,2
202300030288,11,11,2023,05:20,5,2,6,59,59352,2,4,1,1,2
202300030289,23,5,2023,18:31,1,1,3,31,31555,2,4,2,1,1
202300030290,5,3,2023,15:00,1,1,2,70,70219,1,3,2,1,1
202300030291,22,5,2023,19:55,1,1,1,29,29019,2,4,-1,1,1
202300030292,8,11,2023,18:30,5,3,3,59,59512,2,4,1,1,2
202300030292,8,11,2023,18:30,5,3,3,59,59512,2,4,1,1,2
202300030293,5,3,2023,10:40,1,1,1,06,06079,1,3,2,2,1
202300030294,22,5,2023,17:00,1,1,2,27,27701,1,3,1,1,1
202300030295,9,11,2023,16:00,1,2,6,59,59350,2,7,2,1,2
202300030295,9,11,2023,16:00,1,2,6,59,59350,2,7,2,1,2
202300030296,5,3,2023,06:30,5,1,6,64,64399,1,3,2,1,1
202300030297,9,11,2023,13:45,1,8,6,59,59350,2,7,2,1,1
202300030298,5,3,2023,14:30,1,1,7,36,36058,1,3,2,1,1
202300030299,22,5,2023,22:20,4,1,3,25,25388,2,4,2,1,1
202300030299,22,5,2023,22:20,4,1,3,25,25388,2,4,2,4,1
202300030300,3,3,2023,20:10,2,1,3,85,85102,1,3,2,1,1
202300030301,11,11,2023,09:50,1,1,6,56,56162,2,4,1,1,1
202300030302,20,5,2023,00:15,3,1,1,24,24053,1,2,2,1,1
202300030303,5,3,2023,12:50,1,1,6,30,30184,1,3,2,1,1
202300030304,22,5,2023,13:38,1,3,6,15,15014,2,4,2,1,2
202300030305,9,11,2023,08:20,1,8,3,56,56083,2,3,1,1,2
202300030306,4,3,2023,16:10,1,1,3,987,98738,1,2,2,2,1
202300030306,4,3,2023,16:10,1,1,3,987,98738,1,2,2,1,1
202300030307,8,11,2023,14:20,1,1,6,56,56121,2,4,2,2,1
202300030308,5,3,2023,13:00,1,1,7,06,06152,1,3,1,1,1
202300030309,23,5,2023,15:10,1,1,5,13,13206,2,4,2,1,1
202300030309,23,5,2023,15:10,1,1,5,13,13206,2,4,1,1,1
202300030310,27,2,2023,22:00,3,6,6,66,66195,1,2,3,1,1
202300030311,10,11,2023,19:00,5,3,4,54,54167,2,3,-1,1,2
202300030312,4,3,2023,20:50,3,1,7,58,58238,1,3,2,2,1
202300030313,23,5,2023,12:00,1,1,3,11,11069,2,4,1,1,1
202300030314,8,11,2023,08:30,2,1,6,54,54547,2,4,2,1,1
202300030315,23,5,2023,15:40,1,1,6,06,06088,2,4,2,1,1
202300030316,5,3,2023,03:15,4,1,2,34,34095,1,1,3,1,1
202300030317,11,11,2023,10:35,1,1,1,54,54321,1,3,2,1,1
202300030318,23,5,2023,06:45,1,1,6,06,06027,2,7,2,1,1
202300030319,5,3,2023,07:20,2,1,2,11,11262,1,1,1,1,1
202300030320,23,5,2023,19:30,1,1,6,03,03101,1,2,3,1,1
202300030321,9,11,2023,16:26,2,2,3,54,54254,1,2,1,1,2
202300030321,9,11,2023,16:26,2,2,3,54,54254,1,2,2,1,2
202300030322,5,3,2023,06:45,3,1,3,51,51242,1,1,3,1,1
202300030323,23,5,2023,18:40,1,1,3,02,02408,2,3,2,1,1
202300030323,23,5,2023,18:40,1,1,3,02,02408,2,3,2,1,1
202300030324,25,2,2023,12:30,1,1,1,987,98714,1,2,2,3,1
202300030325,11,11,2023,15:00,1,8,3,51,51454,2,4,1,1,2
202300030325,11,11,2023,15:00,1,8,3,51,51454,2,4,1,1,2
202300030326,4,3,2023,16:13,1,1,2,974,97412,2,2,2,1,1
202300030327,23,5,2023,15:00,1,1,3,75,75120,2,4,2,2,1
202300030327,23,5,2023,15:00,1,1,3,75,75120,2,4,-1,1,1
202300030328,9,11,2023,08:30,1,2,2,51,51573,2,4,2,1,2
202300030329,4,3,2023,14:30,1,1,3,978,97801,2,3,2,4,1
202300030330,23,5,2023,10:15,1,1,2,75,75120,2,4,1,1,1
202300030330,23,5,2023,10:15,1,1,2,75,75120,2,4,1,1,1
202300030331,9,11,2023,07:40,2,2,1,51,51454,2,4,2,1,2
202300030331,9,11,2023,07:40,2,2,1,51,51454,2,4,2,1,2
202300030332,4,3,2023,18:35,2,1,3,91,91038,2,4,2,1,1
202300030333,11,11,2023,02:02,5,1,6,50,50502,2,3,3,1,2
202300030334,23,5,2023,06:40,1,1,2,75,75120,2,4,1,1,1
202300030334,23,5,2023,06:40,1,1,2,75,75120,2,4,1,1,1
202300030335,5,3,2023,12:40,1,1,1,66,66138,2,3,2,1,1
202300030335,5,3,2023,12:40,1,1,1,66,66138,2,3,1,1,1
202300030336,8,11,2023,12:15,1,2,3,50,50129,2,4,1,2,2
202300030337,23,5,2023,06:50,1,2,6,75,75120,2,4,2,1,2
202300030337,23,5,2023,06:50,1,2,6,75,75120,2,4,-1,1,2
202300030338,4,3,2023,18:20,1,1,6,73,73015,2,4,1,1,1
202300030339,9,11,2023,04:10,5,1,2,50,50129,2,3,3,1,2
202300030340,23,5,2023,20:06,1,1,6,75,75117,2,4,2,1,1
202300030340,23,5,2023,20:06,1,1,6,75,75117,2,4,1,1,1
202300030341,4,3,2023,22:00,4,1,1,07,07059,1,3,2,1,1
202300030342,11,11,2023,19:13,5,1,2,49,49353,2,4,2,1,1
202300030342,11,11,2023,19:13,5,1,2,49,49353,2,4,2,1,1
202300030343,5,3,2023,04:50,4,9,6,69,69177,1,3,1,2,1
202300030344,23,5,2023,10:30,1,1,3,75,75117,2,4,2,1,1
202300030344,23,5,2023,10:30,1,1,3,75,75117,2,4,2,1,1
202300030345,5,3,2023,03:40,3,1,6,33,33539,1,2,3,1,1
202300030346,23,5,2023,12:45,1,8,6,75,75116,2,4,1,1,1
202300030346,23,5,2023,12:45,1,8,6,75,75116,2,4,1,1,1
202300030347,11,11,2023,15:50,1,1,1,49,49007,2,4,2,1,1
202300030347,11,11,2023,15:50,1,1,1,49,49007,2,4,1,1,1
202300030347,11,11,2023,15:50,1,1,1,49,49007,2,4,2,1,1
202300030348,26,2,2023,18:15,1,1,6,33,33474,1,4,2,3,1
202300030349,11,11,2023,01:55,4,1,2,49,49007,2,4,2,1,1
202300030350,23,5,2023,19:40,1,1,6,75,75107,2,4,3,1,1
202300030351,5,3,2023,16:15,1,1,6,33,33233,1,4,-1,1,9
202300030352,9,11,2023,04:43,4,2,3,49,49007,2,4,3,1,2
202300030353,14,12,2023,19:40,5,1,2,76,76481,1,3,2,1,2
202300030353,14,12,2023,19:40,5,1,2,76,76481,1,3,2,1,2
202300030354,23,5,2023,09:30,1,1,7,94,94042,2,3,1,2,1
202300030355,4,3,2023,13:10,1,1,1,22,22035,1,3,2,1,1
202300030355,4,3,2023,13:10,1,1,1,22,22035,1,3,2,1,1
202300030356,8,11,2023,18:15,5,2,5,49,49007,2,3,3,1,2
202300030357,14,12,2023,19:30,5,2,6,76,76351,2,4,-1,1,2
202300030358,23,5,2023,17:10,1,1,6,94,94003,2,3,2,2,1
202300030358,23,5,2023,17:10,1,1,6,94,94003,2,3,3,1,1
202300030359,5,3,2023,03:40,5,1,6,62,62443,1,3,3,1,1
202300030360,14,12,2023,17:35,5,2,6,76,76351,2,4,2,1,2
202300030361,8,11,2023,12:15,1,8,2,49,49007,2,4,2,1,1
202300030361,8,11,2023,12:15,1,8,2,49,49007,2,4,2,1,1
202300030362,23,5,2023,20:45,1,1,6,94,94041,2,3,2,2,1
202300030362,23,5,2023,20:45,1,1,6,94,94041,2,3,1,1,1
202300030363,15,12,2023,07:05,3,1,2,73,73011,1,2,3,1,2
202300030364,11,11,2023,05:45,5,1,3,45,45075,2,3,2,2,1
202300030365,3,3,2023,02:45,3,1,7,83,83126,1,1,1,3,1
202300030366,23,5,2023,08:33,1,1,6,94,94065,2,3,2,1,1
202300030367,14,12,2023,18:10,1,1,7,71,71306,2,4,2,1,1
202300030368,9,11,2023,08:25,1,1,6,45,45234,2,4,2,1,1
202300030369,14,12,2023,16:50,1,1,6,71,71306,2,6,-1,1,1
202300030370,23,5,2023,18:01,1,1,3,94,94022,2,4,2,1,1
202300030370,23,5,2023,18:01,1,1,3,94,94022,2,4,2,1,1
202300030371,8,11,2023,15:30,1,1,7,45,45232,2,3,3,1,1
202300030372,11,11,2023,19:20,5,2,3,44,44109,2,4,2,1,2
202300030373,15,12,2023,18:30,5,1,4,69,69282,1,4,2,1,1
202300030373,15,12,2023,18:30,5,1,4,69,69282,1,4,2,1,1
202300030374,22,5,2023,11:45,1,1,3,94,94018,2,3,2,1,1
202300030374,22,5,2023,11:45,1,1,3,94,94018,2,3,1,1,1
202300030375,9,11,2023,20:20,5,2,6,44,44162,2,4,2,1,2
202300030376,15,12,2023,11:35,1,1,2,69,69290,2,4,2,1,1
202300030376,15,12,2023,11:35,1,1,2,69,69290,2,4,2,1,1
202300030377,23,5,2023,13:00,1,1,2,93,93064,2,3,2,1,1
202300030377,23,5,2023,13:00,1,1,2,93,93064,2,3,2,1,1
202300030377,23,5,2023,13:00,1,1,2,93,93064,2,3,2,1,1
202300030378,28,10,2023,19:45,2,1,5,40,40279,1,3,2,1,1
202300030379,15,12,2023,21:39,5,1,3,67,67482,2,4,2,1,1
202300030379,15,12,2023,21:39,5,1,3,67,67482,2,4,2,1,1
202300030380,23,5,2023,09:05,1,8,3,93,93048,2,4,2,2,1
202300030381,9,11,2023,21:25,5,2,2,37,37261,2,4,2,1,2
202300030381,9,11,2023,21:25,5,2,2,37,37261,2,4,2,1,2
202300030382,15,12,2023,07:00,5,1,3,67,67482,2,4,1,1,1
202300030382,15,12,2023,07:00,5,1,3,67,67482,2,4,2,1,1
202300030382,15,12,2023,07:00,5,1,3,67,67482,2,4,1,1,1
202300030383,23,5,2023,12:00,1,1,3,93,93046,2,3,3,1,1
202300030384,9,11,2023,18:00,5,8,3,37,37261,2,4,2,1,2
202300030384,9,11,2023,18:00,5,8,3,37,37261,2,4,2,1,2
202300030385,15,12,2023,14:15,1,8,6,67,67180,2,3,2,2,1
202300030386,23,5,2023,10:40,1,1,1,93,93005,2,4,2,1,1
202300030387,9,11,2023,16:00,1,8,3,37,37261,2,4,3,1,2
202300030387,9,11,2023,16:00,1,8,3,37,37261,2,4,1,1,2
202300030388,15,12,2023,16:30,1,1,6,66,66136,2,4,2,1,1
202300030389,22,5,2023,15:05,1,1,2,92,92072,2,3,2,1,1
202300030390,16,12,2023,01:40,5,1,6,64,64140,2,4,2,1,1
202300030390,16,12,2023,01:40,5,1,6,64,64140,2,4,2,1,1
202300030391,9,11,2023,12:35,1,8,2,37,37208,2,4,3,1,2
202300030391,9,11,2023,12:35,1,8,2,37,37208,2,4,1,2,2
202300030392,22,5,2023,01:20,5,1,3,92,92072,2,3,2,2,1
202300030392,22,5,2023,01:20,5,1,3,92,92072,2,3,2,1,1
202300030393,15,12,2023,19:00,5,2,3,63,63113,2,4,1,1,2
202300030393,15,12,2023,19:00,5,2,3,63,63113,2,4,2,1,2
202300030394,9,11,2023,09:22,1,8,3,37,37122,2,4,2,1,2
202300030394,9,11,2023,09:22,1,8,3,37,37122,2,4,2,1,2
202300030395,23,5,2023,08:55,1,1,1,92,92063,2,3,2,1,1
202300030396,9,11,2023,07:55,1,8,3,37,37195,2,4,2,1,2
202300030396,9,11,2023,07:55,1,8,3,37,37195,2,4,2,1,2
202300030396,9,11,2023,07:55,1,8,3,37,37195,2,4,2,1,2
202300030397,15,12,2023,17:40,3,1,4,62,62842,1,2,1,1,1
202300030398,23,5,2023,18:20,1,1,3,92,92044,2,4,2,1,1
202300030399,9,11,2023,07:35,2,8,3,37,37261,2,4,1,1,2
202300030399,9,11,2023,07:35,2,8,3,37,37261,2,4,3,1,2
202300030399,9,11,2023,07:35,2,8,3,37,37261,2,4,1,1,2
202300030400,12,12,2023,16:00,1,1,6,62,62624,1,4,1,1,1
202300030401,8,11,2023,18:33,3,8,6,37,37122,1,7,2,2,2
202300030402,10,11,2023,01:15,5,1,6,60,60057,2,4,2,1,1
202300030403,8,11,2023,12:38,1,1,6,36,36044,2,4,3,1,1
202300030404,15,12,2023,16:40,1,8,2,59,59152,2,4,2,1,1
202300030405,23,5,2023,08:10,1,1,2,92,92044,2,3,1,1,1
202300030406,9,11,2023,15:00,1,1,4,35,35238,1,2,3,1,1
202300030407,15,12,2023,23:10,5,1,1,59,59299,2,4,-1,2,1
202300030407,15,12,2023,23:10,5,1,1,59,59299,2,4,-1,2,1
202300030408,14,12,2023,15:35,1,1,6,57,57672,2,4,1,1,1
202300030409,23,5,2023,15:25,1,1,7,92,92040,2,4,2,1,1
202300030410,9,11,2023,09:55,1,1,3,35,35238,2,4,3,1,1
202300030410,9,11,2023,09:55,1,1,3,35,35238,2,4,2,1,1
202300030411,14,12,2023,19:10,5,1,6,57,57631,2,4,2,2,1
202300030412,23,5,2023,11:10,1,1,1,92,92025,2,3,2,1,1
202300030413,11,11,2023,06:20,3,1,2,34,34129,1,7,1,1,1
202300030414,14,12,2023,19:46,5,2,6,49,49007,2,4,3,1,2
202300030415,8,11,2023,01:15,5,1,2,33,33063,2,4,2,1,1
202300030416,14,12,2023,08:00,5,1,7,49,49007,2,4,1,1,1
202300030417,10,11,2023,23:16,4,1,1,31,31555,1,1,3,1,2
202300030418,14,12,2023,15:00,1,8,1,49,49015,2,3,2,1,1
202300030419,8,11,2023,08:47,1,1,3,31,31555,2,4,1,1,1
202300030420,9,11,2023,22:00,3,1,6,31,31483,1,3,2,2,1
202300030421,15,12,2023,23:40,5,1,3,47,47001,2,4,1,1,1
202300030421,15,12,2023,23:40,5,1,3,47,47001,2,4,2,1,1
202300030422,22,5,2023,21:46,5,1,7,92,92012,2,4,1,1,1
202300030423,9,11,2023,17:00,1,1,2,31,31483,2,3,2,1,1
202300030424,15,12,2023,09:00,1,8,6,45,45234,2,4,1,3,2
202300030424,15,12,2023,09:00,1,8,6,45,45234,2,4,1,1,2
202300030425,23,5,2023,08:55,1,1,6,92,92009,2,3,-1,1,1
202300030426,9,11,2023,17:22,3,3,7,29,29232,1,3,1,1,2
202300030427,14,12,2023,17:20,5,2,6,37,37261,2,4,2,1,2
202300030428,23,5,2023,15:20,1,1,7,60,60122,1,3,2,1,1
202300030429,9,11,2023,15:24,1,2,6,29,29039,2,4,1,1,2
202300030430,15,12,2023,18:30,3,1,2,35,35238,1,2,1,1,1
202300030431,8,11,2023,07:20,5,2,3,29,29019,2,4,3,1,2
202300030431,8,11,2023,07:20,5,2,3,29,29019,2,4,2,1,2
202300030432,14,12,2023,07:45,5,1,3,35,35238,2,4,2,1,1
202300030432,14,12,2023,07:45,5,1,3,35,35238,2,4,3,1,1
202300030433,18,5,2023,16:50,1,1,7,47,47091,1,3,2,1,1
202300030434,9,11,2023,08:10,1,1,3,28,28134,2,4,2,1,2
202300030434,9,11,2023,08:10,1,1,3,28,28134,2,4,2,1,2
202300030435,15,12,2023,05:02,3,2,3,35,35278,2,2,3,1,2
202300030436,9,11,2023,16:35,1,1,6,27,27701,2,4,2,1,2
202300030437,23,5,2023,13:30,1,1,1,34,34148,1,4,2,1,1
202300030438,13,12,2023,18:20,5,8,3,35,35150,2,2,1,1,2
202300030439,9,11,2023,19:35,5,2,6,26,26362,2,4,3,1,2
202300030440,23,5,2023,16:15,1,1,1,86,86096,1,3,2,3,1
202300030441,14,12,2023,19:10,5,1,3,34,34003,2,4,2,1,1
202300030442,8,11,2023,21:07,3,1,7,26,26058,1,2,3,1,1
202300030443,15,12,2023,07:15,2,2,6,31,31149,2,4,2,3,2
202300030444,11,11,2023,21:35,3,2,6,25,25056,2,2,3,1,2
202300030445,14,12,2023,17:55,5,1,3,31,31555,2,4,2,2,1
202300030446,9,11,2023,19:50,5,2,2,22,22278,2,4,2,1,2
202300030446,9,11,2023,19:50,5,2,2,22,22278,2,4,2,1,2
202300030447,24,5,2023,14:26,1,1,3,11,11148,1,1,1,1,1
202300030448,10,11,2023,16:25,1,2,2,17,17415,2,3,2,1,2
202300030449,15,12,2023,13:30,1,1,1,30,30028,2,2,2,1,1
202300030450,9,11,2023,18:50,3,2,3,17,17415,2,4,1,1,2
202300030450,9,11,2023,18:50,3,2,3,17,17415,2,4,1,1,2
202300030451,14,12,2023,12:12,1,2,3,29,29019,2,4,2,1,2
202300030451,14,12,2023,12:12,1,2,3,29,29019,2,4,-1,1,2
202300030452,24,5,2023,11:10,1,1,3,84,84069,1,3,2,2,1
202300030453,9,11,2023,22:53,5,2,2,17,17300,2,4,2,1,2