id_accident,jour,mois,annee,heure_minute,luminosite,meteo,type_collision,departement,commune,agglomeration,categorie_route,regime_circulation,profil_route,etat_surface
202300030454,14,12,2023,09:00,1,2,1,29,29019,2,4,2,1,2
202300030454,14,12,2023,09:00,1,2,1,29,29019,2,4,2,1,2
202300030455,9,11,2023,13:10,1,2,2,15,15014,2,4,-1,2,2
202300030456,14,12,2023,23:50,5,2,2,28,28220,1,2,1,1,2
202300030457,9,11,2023,09:40,1,1,7,14,14557,1,3,2,1,1
202300030458,15,12,2023,17:50,5,1,6,25,25462,2,4,1,1,1
202300030458,15,12,2023,17:50,5,1,6,25,25462,2,4,1,1,1
202300030459,9,11,2023,18:30,5,3,1,14,14118,2,3,-1,1,2
202300030459,9,11,2023,18:30,5,3,1,14,14118,2,3,2,1,2
202300030460,15,12,2023,12:25,1,8,3,23,23096,1,3,2,1,2
202300030461,12,12,2023,17:45,5,1,6,21,21231,2,4,2,1,1
202300030462,10,11,2023,08:50,1,2,6,13,13117,2,3,1,1,2
202300030462,10,11,2023,08:50,1,2,6,13,13117,2,3,3,2,2
202300030463,14,12,2023,08:10,1,1,3,19,19031,2,4,2,1,2
202300030463,14,12,2023,08:10,1,1,3,19,19031,2,4,2,1,2
202300030464,7,12,2023,19:23,5,3,6,14,14566,2,4,-1,1,2
202300030465,15,12,2023,17:30,3,1,3,14,14437,1,2,1,1,1
202300030466,14,12,2023,07:20,5,1,6,14,14118,2,4,2,1,1
202300030467,27,6,2023,15:30,1,1,2,33,33550,1,1,3,1,1
202300030468,15,12,2023,22:15,5,1,2,13,13206,2,4,1,2,1
202300030468,15,12,2023,22:15,5,1,2,13,13206,2,4,2,1,1
202300030469,27,6,2023,07:35,1,1,3,33,33397,1,1,3,1,1
202300030470,15,12,2023,15:15,1,1,3,13,13205,2,4,2,1,1
202300030470,15,12,2023,15:15,1,1,3,13,13205,2,4,1,1,1
202300030471,27,6,2023,09:00,1,1,6,59,59566,1,1,-1,1,1
202300030472,27,6,2023,15:07,1,1,6,91,91659,1,1,3,1,1
202300030473,15,12,2023,06:50,5,1,2,13,13215,2,4,2,1,1
202300030474,27,6,2023,09:50,1,1,2,91,91689,1,1,-1,1,1
202300030475,1,12,2023,05:00,5,1,1,13,13205,2,4,-1,1,1
202300030475,1,12,2023,05:00,5,1,1,13,13205,2,4,2,1,1
202300030476,27,6,2023,08:25,1,1,3,94,94034,1,1,3,1,1
202300030477,15,12,2023,18:23,3,2,6,11,11069,1,4,2,1,2
202300030478,7,9,2023,17:09,1,1,2,17,17415,2,4,2,2,1
202300030479,27,6,2023,19:00,1,1,5,78,78646,1,2,-1,1,1
202300030480,8,9,2023,15:30,1,7,3,17,17306,2,4,2,1,1
202300030481,27,6,2023,10:17,1,1,3,92,92025,1,1,3,1,1
202300030482,15,12,2023,18:00,5,1,2,75,75113,2,4,1,1,1
202300030483,8,9,2023,19:20,1,1,3,17,17300,2,4,2,1,1
202300030483,8,9,2023,19:20,1,1,3,17,17300,2,4,2,1,1
202300030484,27,6,2023,08:28,1,1,3,92,92036,1,1,1,1,1
202300030485,8,9,2023,14:58,1,1,6,17,17300,2,4,2,1,1
202300030486,24,6,2023,07:15,1,1,6,95,95151,1,2,3,1,1
202300030487,8,9,2023,00:25,5,1,6,15,15014,2,4,2,2,1
202300030488,27,6,2023,07:50,1,1,3,94,94033,1,1,3,1,1
202300030489,15,12,2023,03:57,5,1,3,75,75104,2,4,1,1,2
202300030489,15,12,2023,03:57,5,1,3,75,75104,2,4,1,1,2
202300030490,18,6,2023,17:55,1,1,6,77,77294,1,1,3,1,1
202300030491,9,9,2023,01:10,4,1,6,14,14327,2,4,2,1,1
202300030491,9,9,2023,01:10,4,1,6,14,14327,2,4,2,2,1
202300030492,13,12,2023,13:15,1,2,3,75,75106,2,4,1,1,2
202300030493,17,6,2023,20:05,1,1,2,94,94065,1,2,3,1,1
202300030494,9,9,2023,23:30,3,1,2,13,13071,2,4,-1,2,1
202300030495,17,6,2023,17:15,1,1,2,94,94033,1,1,1,1,2
202300030496,15,12,2023,17:10,5,1,6,75,75115,2,4,2,1,1
202300030497,29,3,2023,08:45,1,8,6,74,74058,2,3,2,2,2
202300030498,9,9,2023,22:30,5,1,3,13,13215,2,7,2,2,1
202300030498,9,9,2023,22:30,5,1,3,13,13215,2,7,2,1,1
202300030499,10,3,2023,08:24,1,8,6,74,74264,2,4,2,1,2
202300030499,10,3,2023,08:24,1,8,6,74,74264,2,4,2,1,2
202300030500,8,9,2023,17:30,1,1,6,13,13208,2,4,2,2,1
202300030501,13,12,2023,09:45,1,1,3,75,75115,2,4,1,1,1
202300030501,13,12,2023,09:45,1,1,3,75,75115,2,4,1,1,1
202300030502,7,2,2023,05:00,3,1,3,74,74154,2,4,2,1,1
202300030502,7,2,2023,05:00,3,1,3,74,74154,2,4,2,1,1
202300030503,8,9,2023,12:00,1,1,3,13,13213,2,4,-1,1,1
202300030504,8,4,2023,05:40,4,1,7,74,74229,1,3,1,3,1
202300030505,15,12,2023,08:55,1,8,2,75,75114,2,4,-1,1,2
202300030505,15,12,2023,08:55,1,8,2,75,75114,2,4,1,1,2
202300030506,8,9,2023,20:50,5,1,4,10,10387,2,4,2,1,1
202300030507,8,4,2023,00:30,3,1,7,74,74256,1,4,2,2,1
202300030508,7,9,2023,12:30,1,7,7,10,10081,2,4,2,1,1
202300030509,13,3,2023,16:30,1,1,7,43,43130,1,3,2,2,1
202300030510,17,6,2023,22:40,5,1,6,57,57463,2,4,1,2,1
202300030511,15,12,2023,12:05,1,1,2,75,75111,2,4,1,1,1
202300030511,15,12,2023,12:05,1,1,2,75,75111,2,4,1,1,1
202300030512,6,9,2023,12:30,1,1,4,06,06104,2,3,2,1,1
202300030513,27,6,2023,00:30,5,1,6,974,97416,2,2,3,1,1
202300030513,27,6,2023,00:30,5,1,6,974,97416,2,2,2,1,1
202300030514,15,12,2023,12:54,1,1,1,75,75103,2,4,2,1,1
202300030515,4,9,2023,14:05,1,1,2,06,06069,2,4,2,2,1
202300030516,22,6,2023,17:00,1,2,3,974,97416,1,3,2,2,2
202300030517,15,12,2023,13:30,1,1,3,75,75108,2,4,1,1,1
202300030518,26,6,2023,12:15,1,1,3,973,97302,2,3,2,1,1
202300030519,8,9,2023,21:10,5,1,3,06,06027,2,7,4,1,1
202300030520,15,12,2023,13:10,1,1,7,75,75108,2,4,-1,2,1
202300030521,16,6,2023,16:25,1,1,3,973,97302,2,4,2,1,1
202300030522,5,9,2023,12:47,1,1,6,03,03185,2,3,2,1,1
202300030523,15,12,2023,15:25,1,1,1,75,75107,2,4,2,1,1
202300030523,15,12,2023,15:25,1,1,1,75,75107,2,4,2,1,1
202300030524,26,6,2023,08:25,1,1,3,973,97302,2,3,2,1,1
202300030524,26,6,2023,08:25,1,1,3,973,97302,2,3,2,1,1
202300030525,15,12,2023,07:51,2,1,1,75,75107,2,4,2,1,1
202300030525,15,12,2023,07:51,2,1,1,75,75107,2,4,2,1,1
202300030526,7,9,2023,16:20,1,1,3,75,75113,2,4,1,1,1
202300030527,25,6,2023,22:46,4,2,1,973,97302,2,3,3,1,2
202300030528,6,9,2023,16:10,1,1,7,75,75118,2,4,1,1,1
202300030529,26,6,2023,11:00,1,1,3,972,97209,2,4,2,2,1
202300030530,15,12,2023,08:40,1,1,2,75,75104,2,4,1,1,1
202300030530,15,12,2023,08:40,1,1,2,75,75104,2,4,1,1,1
202300030531,8,9,2023,06:32,5,1,6,75,75113,2,4,1,1,1
202300030532,26,6,2023,18:15,1,1,3,69,69202,2,4,2,1,1
202300030532,26,6,2023,18:15,1,1,3,69,69202,2,4,2,1,1
202300030533,15,12,2023,08:25,2,8,6,94,94011,2,4,2,1,2
202300030534,8,9,2023,09:22,1,1,3,75,75106,2,4,1,1,1
202300030534,8,9,2023,09:22,1,1,3,75,75106,2,4,2,1,1
202300030535,26,6,2023,15:39,1,1,3,69,69384,2,4,2,1,1
202300030536,15,12,2023,16:30,1,1,6,93,93048,2,3,2,1,1
202300030537,7,9,2023,23:30,5,1,3,75,75106,2,4,2,1,1
202300030537,7,9,2023,23:30,5,1,3,75,75106,2,4,1,1,1
202300030538,15,12,2023,18:50,5,8,1,93,93045,2,3,2,1,1
202300030538,15,12,2023,18:50,5,8,1,93,93045,2,3,1,1,1
202300030539,26,6,2023,13:30,1,1,2,971,97113,1,2,2,2,1
202300030539,26,6,2023,13:30,1,1,2,971,97113,1,2,-1,1,1
202300030540,7,9,2023,12:15,1,1,6,75,75106,2,4,2,2,1
202300030540,7,9,2023,12:15,1,1,6,75,75106,2,4,-1,1,1
202300030541,14,12,2023,17:01,5,2,3,93,93047,2,3,2,1,2
202300030541,14,12,2023,17:01,5,2,3,93,93047,2,3,2,1,2
202300030542,26,6,2023,09:45,1,1,3,95,95476,2,4,-1,1,1
202300030542,26,6,2023,09:45,1,1,3,95,95476,2,4,-1,1,1
202300030543,8,9,2023,17:10,1,1,7,75,75120,2,4,2,2,1
202300030543,8,9,2023,17:10,1,1,7,75,75120,2,4,1,2,1
202300030544,15,12,2023,18:47,5,2,6,93,93008,2,4,1,1,2
202300030544,15,12,2023,18:47,5,2,6,93,93008,2,4,1,1,2
202300030545,25,6,2023,18:25,1,1,4,95,95510,1,2,1,1,1
202300030546,14,12,2023,08:40,1,2,3,93,93007,2,3,1,1,2
202300030546,14,12,2023,08:40,1,2,3,93,93007,2,3,2,1,2
202300030547,8,9,2023,19:09,1,1,6,75,75119,2,4,1,1,1
202300030547,8,9,2023,19:09,1,1,6,75,75119,2,4,1,1,1
202300030548,13,12,2023,17:50,5,1,6,93,93007,2,4,1,1,2
202300030548,13,12,2023,17:50,5,1,6,93,93007,2,4,2,1,2
202300030549,8,9,2023,14:50,1,7,6,75,75118,2,4,2,2,1
202300030550,26,6,2023,07:30,1,1,3,91,91201,2,3,2,1,1
202300030551,14,12,2023,17:35,2,2,3,92,92051,2,4,2,1,2
202300030552,26,6,2023,16:30,1,1,2,91,91687,2,3,3,1,1
202300030553,8,9,2023,02:10,5,1,1,75,75118,2,4,-1,1,1
202300030553,8,9,2023,02:10,5,1,1,75,75118,2,4,2,1,1
202300030554,15,12,2023,08:40,1,8,3,92,92020,2,3,2,1,1
202300030555,21,6,2023,17:34,1,1,6,87,87085,2,4,2,2,1
202300030556,8,9,2023,00:30,5,1,6,75,75117,2,4,2,1,1
202300030557,15,12,2023,15:50,1,1,6,92,92040,2,4,2,2,1
202300030558,14,12,2023,18:25,5,1,6,92,92025,2,3,-1,1,1
202300030559,20,6,2023,13:37,1,1,3,87,87085,2,4,3,1,1
202300030559,20,6,2023,13:37,1,1,3,87,87085,2,4,2,1,1
202300030560,7,9,2023,17:10,1,1,3,75,75116,2,4,2,1,1
202300030561,15,12,2023,18:26,5,1,2,92,92012,2,3,2,1,1
202300030562,19,6,2023,08:47,1,1,6,87,87085,2,4,3,1,1
202300030563,15,12,2023,16:10,1,1,3,92,92012,2,4,2,1,1
202300030564,18,6,2023,22:35,5,1,6,87,87085,2,4,2,2,1
202300030565,8,9,2023,16:45,1,1,3,75,75115,2,4,1,1,1
202300030565,8,9,2023,16:45,1,1,3,75,75115,2,4,2,1,1
202300030566,15,12,2023,11:00,1,1,3,92,92012,2,4,-1,1,1
202300030567,25,6,2023,04:15,5,1,6,85,85194,2,4,-1,2,1
202300030568,15,12,2023,14:53,1,1,7,92,92002,2,4,1,1,1
202300030569,7,9,2023,11:10,1,1,3,75,75114,2,4,-1,1,1
202300030569,7,9,2023,11:10,1,1,3,75,75114,2,4,-1,1,1
202300030570,22,6,2023,15:10,1,3,3,84,84087,1,4,2,1,2
202300030570,22,6,2023,15:10,1,3,3,84,84087,1,4,2,1,2
202300030571,16,12,2023,12:17,1,1,5,63,63345,1,3,2,2,2
202300030572,6,9,2023,22:55,5,1,7,75,75114,2,4,2,1,1
202300030572,6,9,2023,22:55,5,1,7,75,75114,2,4,1,1,1
202300030573,26,6,2023,18:00,1,1,6,83,83137,2,4,2,1,1
202300030574,5,12,2023,08:20,5,2,6,35,35120,2,3,2,2,2
202300030574,5,12,2023,08:20,5,2,6,35,35120,2,3,1,1,2
202300030575,25,6,2023,20:48,1,1,1,83,83123,2,4,2,4,1
202300030576,15,12,2023,22:30,3,1,7,54,54062,1,2,3,1,2
202300030577,8,9,2023,16:45,1,1,3,75,75111,2,4,1,1,1
202300030577,8,9,2023,16:45,1,1,3,75,75111,2,4,1,1,1
202300030578,25,6,2023,20:50,1,1,7,81,81060,1,4,2,2,1
202300030579,15,12,2023,15:10,1,1,1,24,24294,1,3,2,1,1
202300030580,25,6,2023,15:10,1,1,3,78,78551,2,2,3,1,1
202300030581,8,9,2023,20:50,5,1,6,75,75108,2,4,1,2,1
202300030581,8,9,2023,20:50,5,1,6,75,75108,2,4,-1,2,1
202300030582,15,12,2023,16:00,1,1,3,83,83072,2,3,2,1,1
202300030582,15,12,2023,16:00,1,1,3,83,83072,2,3,2,1,1
202300030583,15,12,2023,17:00,5,1,6,06,06044,2,3,2,1,1
202300030584,8,9,2023,11:30,1,1,6,75,75107,2,4,1,1,1
202300030584,8,9,2023,11:30,1,1,6,75,75107,2,4,1,1,1
202300030585,16,12,2023,04:05,3,1,6,28,28211,1,3,2,1,1
202300030586,27,11,2023,19:30,3,1,6,85,85274,2,3,2,1,1
202300030587,7,9,2023,22:35,5,1,2,75,75102,2,4,1,1,1
202300030587,7,9,2023,22:35,5,1,2,75,75102,2,4,-1,1,1
202300030588,8,9,2023,17:39,1,1,7,94,94081,2,4,2,1,1
202300030589,15,12,2023,23:10,3,1,1,63,63244,1,3,2,2,1
202300030590,26,6,2023,18:20,1,1,6,77,77083,2,4,2,4,1
202300030591,7,9,2023,12:30,1,1,2,94,94011,2,4,2,1,1
202300030592,26,6,2023,07:25,1,1,3,76,76108,2,7,2,2,1
202300030593,16,12,2023,13:15,1,1,1,974,97414,1,3,2,2,1
202300030594,25,6,2023,01:20,5,1,6,76,76351,1,4,3,1,1
202300030594,25,6,2023,01:20,5,1,6,76,76351,1,4,2,1,1
202300030595,8,9,2023,08:34,1,1,6,94,94044,2,3,-1,1,1
202300030596,15,12,2023,16:25,1,1,2,59,59250,1,2,3,1,1
202300030597,26,6,2023,07:47,1,1,3,74,74012,2,4,1,1,1
202300030598,25,6,2023,03:40,5,1,6,71,71306,2,4,2,1,1
202300030599,15,12,2023,06:51,3,8,1,35,35024,2,4,2,1,2
202300030600,8,9,2023,19:20,1,1,3,94,94017,2,3,2,1,1
202300030600,8,9,2023,19:20,1,1,3,94,94017,2,3,2,1,1
202300030601,16,12,2023,15:30,1,1,6,51,51193,1,3,2,1,2
202300030602,26,6,2023,15:05,1,1,7,71,71445,2,3,1,1,1
202300030603,16,12,2023,16:00,1,8,7,76,76334,1,3,2,1,1
202300030604,8,9,2023,15:10,1,1,3,94,94002,2,4,2,1,1
202300030605,15,12,2023,09:10,1,1,1,79,79079,1,3,2,2,1
202300030606,26,6,2023,21:30,2,1,3,69,69256,2,4,2,1,1
202300030606,26,6,2023,21:30,2,1,3,69,69256,2,4,2,1,1
202300030607,15,12,2023,23:45,3,1,6,80,80061,1,3,2,1,1
202300030608,8,9,2023,12:40,1,1,3,93,93073,2,4,2,1,1
202300030608,8,9,2023,12:40,1,1,3,93,93073,2,4,2,1,1
202300030609,26,6,2023,21:11,2,1,3,69,69092,2,3,2,1,1
202300030609,26,6,2023,21:11,2,1,3,69,69092,2,3,2,2,1
202300030610,12,12,2023,08:15,1,5,3,69,69293,2,3,2,1,2
202300030610,12,12,2023,08:15,1,5,3,69,69293,2,3,2,1,1
202300030611,16,12,2023,08:50,1,7,6,11,11439,1,3,2,1,1
202300030612,25,6,2023,18:40,1,1,2,67,67482,2,4,3,1,1
202300030613,8,9,2023,15:30,1,1,3,93,93051,2,4,1,1,1
202300030613,8,9,2023,15:30,1,1,3,93,93051,2,4,1,1,1
202300030614,16,12,2023,14:45,1,1,7,71,71120,2,4,2,2,1
202300030615,22,6,2023,09:17,1,1,3,66,66136,2,4,2,1,1
202300030615,22,6,2023,09:17,1,1,3,66,66136,2,4,2,1,1
202300030616,8,9,2023,17:20,1,1,3,93,93048,2,3,2,1,1
202300030617,15,12,2023,17:50,3,1,2,49,49176,1,3,1,1,1
202300030618,15,6,2023,11:06,1,1,3,65,65440,2,2,2,1,1
202300030618,15,6,2023,11:06,1,1,3,65,65440,2,2,1,1,1
202300030619,8,9,2023,14:20,1,7,6,93,93048,2,4,2,2,1
202300030619,8,9,2023,14:20,1,7,6,93,93048,2,4,2,1,1
202300030620,16,12,2023,07:50,2,1,6,42,42229,1,3,2,2,2
202300030621,26,6,2023,06:35,2,1,6,64,64024,2,4,2,1,1
202300030622,15,12,2023,19:30,5,1,3,42,42323,2,3,2,1,1
202300030623,8,9,2023,15:45,1,1,6,93,93053,2,3,3,1,1
202300030623,8,9,2023,15:45,1,1,6,93,93053,2,3,3,1,1
202300030624,26,6,2023,19:20,1,1,6,62,62737,2,3,2,1,1
202300030625,15,12,2023,23:37,3,1,6,47,47290,1,3,2,2,1
202300030626,26,6,2023,01:20,3,1,6,62,62846,1,3,2,1,1
202300030627,8,9,2023,10:30,1,1,6,93,93007,2,4,2,1,1
202300030627,8,9,2023,10:30,1,1,6,93,93007,2,4,2,1,1
202300030628,15,12,2023,18:00,3,8,3,47,47269,1,3,2,1,1
202300030628,15,12,2023,18:00,3,8,3,47,47269,1,3,2,1,1
202300030629,16,12,2023,04:40,3,1,6,86,86177,1,3,2,1,1
202300030630,17,6,2023,14:15,1,1,2,60,60665,1,2,3,1,1
202300030631,8,9,2023,08:00,1,1,3,93,93005,2,3,2,1,1
202300030631,8,9,2023,08:00,1,1,3,93,93005,2,3,2,1,1
202300030632,16,12,2023,13:50,1,1,1,25,25609,1,3,-1,1,1
202300030633,6,9,2023,02:00,5,1,3,92,92078,2,4,2,1,1
202300030634,7,6,2023,12:40,1,1,6,59,59526,2,3,2,1,1
202300030635,26,6,2023,18:45,1,1,6,59,59279,2,7,2,1,1
202300030636,8,9,2023,18:10,1,1,3,92,92046,2,3,3,1,1
202300030637,7,12,2023,09:00,2,2,6,44,44036,2,4,2,1,2
202300030638,23,6,2023,07:55,1,1,3,59,59178,2,3,1,1,1
202300030639,7,9,2023,21:40,5,1,3,92,92046,2,3,1,1,1
202300030639,7,9,2023,21:40,5,1,3,92,92046,2,3,1,1,1
202300030640,25,6,2023,20:27,1,1,1,56,56121,2,4,2,1,1
202300030641,8,9,2023,18:30,1,1,2,92,92064,2,4,2,1,1
202300030641,8,9,2023,18:30,1,1,2,92,92064,2,4,2,1,1
202300030642,15,12,2023,18:25,5,1,3,50,50267,1,3,2,1,1
202300030642,15,12,2023,18:25,5,1,3,50,50267,1,3,2,2,1
202300030643,24,6,2023,18:22,1,1,6,56,56098,2,3,2,1,1
202300030644,8,9,2023,09:42,1,1,3,92,92063,2,4,2,1,1
202300030644,8,9,2023,09:42,1,1,3,92,92063,2,4,2,1,1
202300030645,24,6,2023,12:45,1,7,6,56,56121,2,4,2,2,1
202300030646,15,12,2023,22:30,3,5,3,18,18075,1,3,2,4,1
202300030647,8,9,2023,18:50,1,1,1,92,92051,2,3,2,1,1
202300030648,15,12,2023,21:50,2,1,7,10,10166,2,4,2,1,1
202300030649,24,6,2023,05:17,5,1,6,56,56098,2,4,-1,1,1
202300030650,16,12,2023,09:20,1,7,2,85,85146,1,3,2,1,1
202300030651,7,9,2023,09:00,1,1,3,92,92050,2,4,3,2,1
202300030652,25,6,2023,12:40,1,1,3,56,56107,2,4,2,1,1
202300030652,25,6,2023,12:40,1,1,3,56,56107,2,4,1,1,1
202300030653,15,12,2023,16:00,1,1,3,27,27468,1,3,2,1,1
202300030653,15,12,2023,16:00,1,1,3,27,27468,1,3,2,1,1
202300030654,8,9,2023,06:30,5,1,6,92,92036,2,3,2,1,1
202300030654,8,9,2023,06:30,5,1,6,92,92036,2,3,1,1,1
202300030655,24,6,2023,17:26,1,1,3,54,54329,1,3,2,2,1
202300030655,24,6,2023,17:26,1,1,3,54,54329,1,3,2,1,1
202300030656,16,12,2023,01:51,3,5,7,88,88060,1,4,2,1,2
202300030656,16,12,2023,01:51,3,5,7,88,88060,1,4,2,1,2
202300030657,8,9,2023,11:15,1,1,2,92,92026,2,4,2,1,1
202300030658,26,6,2023,08:45,1,1,2,51,51172,2,4,2,1,1
202300030658,26,6,2023,08:45,1,1,2,51,51172,2,4,-1,2,1
202300030659,15,12,2023,17:00,2,1,1,49,49180,1,3,-1,1,1
202300030660,8,9,2023,10:00,1,1,6,92,92025,2,3,2,1,1
202300030661,25,6,2023,14:15,1,1,6,51,51454,2,4,1,1,1
202300030662,15,12,2023,10:27,1,1,6,01,01229,2,3,2,1,1
202300030662,15,12,2023,10:27,1,1,6,01,01229,2,3,2,1,1
202300030663,7,9,2023,19:55,1,1,3,92,92024,2,3,2,1,1
202300030663,7,9,2023,19:55,1,1,3,92,92024,2,3,1,1,1
202300030664,25,6,2023,07:00,1,1,6,51,51454,2,4,2,1,1
202300030664,25,6,2023,07:00,1,1,6,51,51454,2,4,2,1,1
202300030665,24,11,2023,17:30,3,1,3,06,06085,2,3,2,2,1
202300030665,24,11,2023,17:30,3,1,3,06,06085,2,3,2,1,1
202300030666,8,9,2023,13:45,1,1,6,92,92032,2,3,-1,1,1
202300030667,25,6,2023,18:55,1,1,2,50,50129,2,4,2,1,1
202300030667,25,6,2023,18:55,1,1,2,50,50129,2,4,2,1,1
202300030668,7,9,2023,09:30,1,1,1,18,18032,1,3,2,1,1
202300030669,24,6,2023,20:51,1,1,7,49,49007,2,4,2,1,1
202300030670,15,12,2023,17:15,1,7,1,974,97415,1,3,2,2,1
202300030671,9,9,2023,03:10,3,1,6,69,69277,1,3,1,1,1
202300030672,24,6,2023,01:35,4,1,7,49,49007,2,4,1,1,1
202300030673,26,6,2023,19:10,1,1,1,45,45286,1,4,4,1,1
202300030674,8,9,2023,06:25,2,5,3,62,62706,1,3,2,1,1
202300030675,24,6,2023,15:30,1,1,1,44,44109,2,4,3,1,1
202300030676,9,9,2023,12:15,1,1,1,30,30308,2,4,2,2,1
202300030677,15,12,2023,11:00,1,1,1,971,97119,1,2,2,2,1
202300030678,26,6,2023,16:30,1,1,6,42,42316,2,7,2,1,1
202300030679,9,9,2023,05:55,3,1,6,37,37278,1,1,3,1,1
202300030680,24,6,2023,01:15,3,1,6,41,41018,2,3,1,1,1
202300030681,7,9,2023,13:50,1,1,7,65,65018,1,3,2,3,1
202300030682,16,12,2023,14:15,1,7,6,29,29297,1,4,2,4,2
202300030683,26,6,2023,08:10,1,1,6,37,37214,2,4,2,1,1
202300030684,7,9,2023,07:30,2,7,3,55,55054,1,3,2,2,1
202300030685,26,6,2023,07:45,1,1,1,34,34172,2,4,2,1,1
202300030685,26,6,2023,07:45,1,1,1,34,34172,2,4,2,1,1
202300030686,13,12,2023,14:50,1,1,2,34,34022,1,2,2,1,1
202300030686,13,12,2023,14:50,1,1,2,34,34022,1,2,2,1,1
202300030687,8,9,2023,18:05,2,1,6,34,34119,2,3,2,1,1
202300030688,26,6,2023,18:25,1,1,3,33,33281,2,4,2,1,1
202300030688,26,6,2023,18:25,1,1,3,33,33281,2,4,2,1,1
202300030689,8,9,2023,16:30,1,1,1,39,39068,1,3,2,2,1
202300030690,26,6,2023,18:20,1,1,3,33,33013,2,2,2,1,1
202300030690,26,6,2023,18:20,1,1,3,33,33013,2,2,2,1,1
202300030691,26,6,2023,17:30,1,1,6,33,33063,2,4,1,1,1
202300030692,9,9,2023,02:45,3,1,1,39,39078,1,3,2,1,1
202300030693,9,9,2023,08:25,1,1,7,03,03049,1,3,2,1,1
202300030694,26,6,2023,08:30,1,1,3,33,33550,2,4,2,1,1
202300030694,26,6,2023,08:30,1,1,3,33,33550,2,4,2,1,1
202300030695,16,12,2023,07:55,2,1,2,68,68113,1,3,2,1,1
202300030695,16,12,2023,07:55,2,1,2,68,68113,1,3,2,1,1
202300030696,8,9,2023,17:55,1,1,6,06,06079,2,4,2,2,1
202300030697,25,6,2023,07:50,1,1,7,33,33063,2,4,3,2,1
202300030698,15,6,2023,14:10,1,1,3,33,33063,2,4,2,1,1
202300030698,15,6,2023,14:10,1,1,3,33,33063,2,4,1,1,1
202300030699,8,9,2023,19:50,1,7,6,50,50350,1,3,2,2,1
202300030699,8,9,2023,19:50,1,7,6,50,50350,1,3,2,1,1
202300030700,26,6,2023,14:25,1,1,1,28,28229,1,2,2,1,1
202300030701,16,12,2023,17:30,3,9,6,03,03102,1,3,2,2,2
202300030702,9,9,2023,08:30,1,1,1,50,50628,1,3,2,1,1
202300030703,25,6,2023,20:20,1,1,1,27,27701,1,3,2,1,1
202300030703,25,6,2023,20:20,1,1,1,27,27701,1,3,2,1,1
202300030704,8,9,2023,19:10,1,1,3,10,10323,1,3,1,1,1
202300030705,26,6,2023,13:46,1,1,2,25,25056,2,4,2,1,-1
202300030705,26,6,2023,13:46,1,1,2,25,25056,2,4,3,1,1
202300030706,15,12,2023,16:50,2,1,1,26,26064,2,3,2,1,1
202300030707,8,9,2023,10:15,1,1,2,85,85140,1,3,2,1,1
202300030708,5,9,2023,15:15,1,1,6,85,85108,1,3,3,1,1
202300030709,26,6,2023,10:40,1,1,6,06,06083,2,4,2,4,1
202300030709,26,6,2023,10:40,1,1,6,06,06083,2,4,1,1,1
202300030710,15,12,2023,18:10,3,1,3,69,69171,2,3,2,1,1
202300030710,15,12,2023,18:10,3,1,3,69,69171,2,3,2,1,1
202300030711,9,9,2023,04:30,5,1,6,49,49129,1,1,3,1,1
202300030712,26,6,2023,15:05,1,1,6,06,06029,2,4,3,2,1
202300030713,8,9,2023,17:00,1,1,3,976,97614,2,3,2,1,9
202300030714,15,12,2023,07:38,3,1,6,33,33554,1,4,2,1,2
202300030715,26,6,2023,08:00,1,1,3,04,04112,2,4,2,1,1
202300030715,26,6,2023,08:00,1,1,3,04,04112,2,4,2,1,1
202300030716,8,9,2023,07:20,1,1,7,986,98613,1,4,2,1,1
202300030717,25,6,2023,06:30,1,1,2,75,75117,2,4,1,1,1
202300030717,25,6,2023,06:30,1,1,2,75,75117,2,4,1,1,1
202300030718,8,9,2023,22:15,3,1,7,2B,2B337,1,2,2,1,1
202300030719,8,9,2023,17:10,1,1,3,83,83104,1,3,2,1,1
202300030719,8,9,2023,17:10,1,1,3,83,83104,1,3,2,1,1
202300030720,25,6,2023,20:15,2,1,4,75,75114,2,4,1,1,1
202300030721,1,12,2023,13:00,1,2,3,33,33056,2,4,2,1,2
202300030721,1,12,2023,13:00,1,2,3,33,33056,2,4,2,1,2
202300030722,9,9,2023,07:55,2,1,6,71,71176,2,4,2,1,1
202300030723,13,12,2023,12:50,1,2,6,85,85198,1,3,2,1,2
202300030724,25,6,2023,19:40,1,1,5,75,75105,2,4,2,1,1
202300030724,25,6,2023,19:40,1,1,5,75,75105,2,4,1,1,1
202300030725,9,9,2023,02:00,3,1,6,31,31505,1,3,2,1,1
202300030726,9,9,2023,08:00,2,1,7,33,33266,1,3,3,1,1
202300030727,26,6,2023,19:00,1,1,3,75,75119,2,4,2,1,1
202300030728,16,12,2023,16:54,1,1,3,22,22273,1,3,2,1,1
202300030728,16,12,2023,16:54,1,1,3,22,22273,1,3,2,1,1
202300030729,26,6,2023,18:35,1,1,2,75,75119,2,4,-1,1,1
202300030730,26,6,2023,07:45,1,1,3,75,75118,2,4,1,1,1
202300030731,14,12,2023,09:55,1,1,6,27,27180,2,3,3,1,1
202300030732,26,6,2023,17:45,1,1,6,75,75116,2,4,1,1,1
202300030733,22,8,2023,21:50,4,1,3,59,59438,2,3,2,2,1
202300030734,12,12,2023,19:00,3,1,2,13,13215,1,1,1,1,1