id_accident,jour,mois,annee,heure_minute,luminosite,meteo,type_collision,departement,commune,agglomeration,categorie_route,regime_circulation,profil_route,etat_surface
202300030735,26,6,2023,08:20,1,1,2,75,75116,2,4,2,1,1
202300030735,26,6,2023,08:20,1,1,2,75,75116,2,4,-1,1,1
202300030736,8,9,2023,14:30,1,1,2,13,13215,2,1,1,1,2
202300030737,26,6,2023,07:22,1,1,3,75,75115,2,4,1,1,1
202300030737,26,6,2023,07:22,1,1,3,75,75115,2,4,1,1,1
202300030738,7,9,2023,22:17,3,1,6,13,13071,1,1,1,2,1
202300030739,26,6,2023,19:19,1,1,3,75,75114,2,4,2,1,1
202300030739,26,6,2023,19:19,1,1,3,75,75114,2,4,1,2,1
202300030740,8,9,2023,18:00,1,1,5,33,33487,1,1,3,2,1
202300030741,26,6,2023,09:38,1,1,3,75,75113,2,4,-1,1,1
202300030741,26,6,2023,09:38,1,1,3,75,75113,2,4,-1,1,1
202300030742,8,9,2023,09:30,1,1,4,33,33039,1,1,3,1,1
202300030743,26,6,2023,19:20,1,1,3,75,75112,2,4,2,1,1
202300030744,15,12,2023,20:50,3,1,4,33,33487,1,1,3,1,1
202300030745,26,6,2023,17:30,1,1,3,75,75112,2,4,1,1,1
202300030746,7,9,2023,14:40,1,1,4,59,59386,1,7,-1,1,1
202300030747,26,6,2023,08:10,1,1,3,75,75110,2,4,1,1,1
202300030747,26,6,2023,08:10,1,1,3,75,75110,2,4,1,1,1
202300030748,26,6,2023,19:10,1,1,7,75,75108,2,4,1,2,1
202300030748,26,6,2023,19:10,1,1,7,75,75108,2,4,-1,1,1
202300030749,15,12,2023,17:50,3,1,4,33,33162,1,1,3,1,1
202300030750,25,5,2023,23:50,5,1,1,75,75107,2,4,1,1,1
202300030750,25,5,2023,23:50,5,1,1,75,75107,2,4,2,1,1
202300030751,7,9,2023,16:45,1,1,5,59,59507,1,1,1,1,1
202300030752,25,6,2023,12:40,1,1,6,75,75101,2,4,2,1,1
202300030752,25,6,2023,12:40,1,1,6,75,75101,2,4,1,1,1
202300030753,8,9,2023,08:35,1,1,2,91,91692,1,2,1,1,1
202300030754,26,6,2023,18:15,1,1,6,94,94021,2,3,2,1,1
202300030755,26,6,2023,09:20,1,1,6,94,94081,2,4,1,1,1
202300030756,8,9,2023,08:58,1,1,4,77,77251,1,2,3,1,1
202300030757,15,12,2023,16:45,1,1,4,33,33063,1,1,3,4,1
202300030758,26,6,2023,17:30,1,1,3,94,94074,2,2,1,1,1
202300030759,8,9,2023,17:50,1,1,3,92,92048,1,2,1,1,1
202300030760,26,6,2023,08:25,1,1,6,94,94078,2,4,2,1,1
202300030761,15,12,2023,01:15,5,1,2,33,33090,1,1,3,1,1
202300030762,8,9,2023,11:50,1,1,2,92,92048,1,2,1,1,1
202300030763,26,6,2023,01:46,5,1,1,94,94078,2,2,2,1,1
202300030763,26,6,2023,01:46,5,1,1,94,94078,2,2,2,1,1
202300030764,7,9,2023,23:33,3,1,2,78,78140,1,1,3,4,1
202300030765,26,6,2023,19:00,1,1,3,94,94058,2,3,1,1,1
202300030766,8,9,2023,08:20,1,1,3,93,93066,1,1,3,1,1
202300030767,26,6,2023,13:35,1,1,3,94,94011,2,3,2,1,1
202300030767,26,6,2023,13:35,1,1,3,94,94011,2,3,1,3,1
202300030768,26,6,2023,21:45,2,1,7,93,93073,1,3,3,1,9
202300030769,8,9,2023,08:50,1,1,5,93,93007,1,1,1,1,1
202300030770,15,12,2023,15:40,1,1,5,91,91161,1,1,3,1,1
202300030771,26,6,2023,01:25,5,1,3,93,93070,2,3,2,1,1
202300030771,26,6,2023,01:25,5,1,3,93,93070,2,3,2,1,1
202300030772,8,9,2023,07:15,1,1,2,93,93039,1,1,1,1,1
202300030773,25,6,2023,21:00,1,1,2,93,93053,2,3,2,1,1
202300030773,25,6,2023,21:00,1,1,2,93,93053,2,3,3,1,1
202300030774,8,9,2023,12:30,1,1,2,77,77294,1,1,3,1,1
202300030775,25,6,2023,17:25,1,1,2,93,93053,2,3,2,1,1
202300030775,25,6,2023,17:25,1,1,2,93,93053,2,3,2,1,1
202300030776,15,12,2023,06:25,3,1,5,78,78571,1,1,1,1,2
202300030777,8,9,2023,10:25,1,1,4,77,77373,1,2,3,1,1
202300030778,26,6,2023,19:00,1,1,3,93,93046,2,4,1,1,1
202300030778,26,6,2023,19:00,1,1,3,93,93046,2,4,1,1,1
202300030779,8,9,2023,08:50,1,1,2,93,93051,1,1,-1,1,1
202300030780,15,12,2023,10:30,1,1,2,78,78073,1,1,1,1,1
202300030781,25,6,2023,19:50,1,1,2,93,93032,2,3,3,2,1
202300030781,25,6,2023,19:50,1,1,2,93,93032,2,3,1,2,1
202300030782,26,6,2023,09:00,1,1,7,92,92022,2,3,1,1,1
202300030783,6,9,2023,22:43,3,1,1,34,34301,1,3,2,1,1
202300030784,14,12,2023,22:20,3,2,2,78,78431,1,1,1,1,2
202300030785,26,6,2023,09:25,1,1,3,92,92050,2,4,1,1,1
202300030786,14,6,2023,17:46,1,1,6,54,54263,2,4,-1,2,1
202300030787,26,6,2023,17:00,1,1,6,92,92048,2,4,2,2,1
202300030788,14,12,2023,19:50,5,1,3,92,92064,1,1,1,1,1
202300030789,26,6,2023,19:35,1,1,3,92,92026,2,3,2,1,1
202300030789,26,6,2023,19:35,1,1,3,92,92026,2,3,2,1,1
202300030790,7,9,2023,12:45,1,1,1,974,97411,2,4,2,1,1
202300030791,14,12,2023,08:30,1,1,2,78,78423,1,2,1,1,2
202300030792,5,9,2023,15:40,1,1,2,974,97411,2,2,1,1,1
202300030793,4,9,2023,17:00,1,1,2,974,97409,1,2,1,1,1
202300030794,26,6,2023,06:43,1,1,4,92,92023,2,3,2,1,1
202300030795,24,6,2023,18:25,1,1,6,92,92032,2,3,2,1,1
202300030796,7,9,2023,01:20,5,1,3,973,97302,2,4,1,1,1
202300030796,7,9,2023,01:20,5,1,3,973,97302,2,4,1,1,1
202300030797,14,12,2023,23:15,3,2,6,95,95212,1,2,1,1,2
202300030798,9,6,2023,19:50,1,1,1,92,92004,2,4,1,1,1
202300030799,7,9,2023,20:00,2,1,3,69,69386,2,4,1,1,1
202300030799,7,9,2023,20:00,2,1,3,69,69386,2,4,1,1,1
202300030800,10,6,2023,00:37,5,1,3,92,92004,2,4,-1,1,1
202300030801,14,12,2023,20:00,3,1,2,93,93078,1,1,3,1,1
202300030802,26,6,2023,14:40,1,8,7,65,65175,1,3,2,2,1
202300030803,7,9,2023,16:10,1,1,2,69,69388,2,4,2,1,1
202300030804,24,6,2023,05:05,3,1,7,17,17193,1,3,2,1,1
202300030805,7,9,2023,15:00,1,1,6,69,69383,2,4,3,1,1
202300030805,7,9,2023,15:00,1,1,6,69,69383,2,4,1,1,1
202300030806,26,6,2023,13:40,1,1,6,972,97229,2,2,2,2,1
202300030807,15,12,2023,09:15,1,1,2,94,94046,1,1,1,1,1
202300030808,25,6,2023,17:45,1,1,7,63,63100,1,3,2,2,1
202300030809,7,9,2023,08:35,1,1,3,69,69383,2,4,1,1,1
202300030810,26,6,2023,14:20,1,1,2,52,52258,1,1,3,1,1
202300030811,14,12,2023,21:30,3,1,2,94,94018,1,1,1,1,1
202300030812,7,9,2023,11:00,1,1,2,972,97213,2,2,1,1,1
202300030813,10,10,2023,14:40,1,1,6,54,54261,2,4,1,1,1
202300030814,27,6,2023,08:20,1,1,3,974,97414,2,9,1,1,1
202300030814,27,6,2023,08:20,1,1,3,974,97414,2,9,2,1,1
202300030815,6,9,2023,12:40,1,1,3,972,97213,1,1,2,1,1
202300030816,26,6,2023,15:25,1,1,6,50,50099,1,6,-1,1,1
202300030817,13,12,2023,22:47,5,1,6,974,97411,2,4,3,1,1
202300030818,7,9,2023,16:40,1,1,6,972,97209,2,4,2,2,1
202300030819,27,6,2023,08:29,1,1,2,08,08330,1,1,3,1,1
202300030820,6,9,2023,23:18,3,1,7,69,69202,2,4,1,2,1
202300030821,25,6,2023,16:50,1,1,6,27,27179,1,1,3,1,1
202300030822,13,12,2023,13:20,1,1,3,974,97407,2,4,-1,1,1
202300030823,6,9,2023,11:45,1,1,2,69,69384,2,4,2,1,1
202300030824,26,6,2023,16:00,1,1,6,83,83018,1,3,2,1,1
202300030825,14,12,2023,12:30,1,1,2,973,97302,2,3,2,1,1
202300030826,27,6,2023,08:10,1,1,3,62,62179,1,3,2,2,1
202300030826,27,6,2023,08:10,1,1,3,62,62179,1,3,2,2,1
202300030827,7,9,2023,15:10,1,1,3,971,97101,2,3,2,1,1
202300030828,14,12,2023,06:43,1,1,2,973,97302,2,3,2,1,1
202300030829,27,6,2023,13:42,1,1,1,51,51049,1,3,2,3,1
202300030830,7,9,2023,07:15,1,1,2,971,97101,1,2,3,2,1
202300030831,26,6,2023,19:06,1,1,7,77,77319,1,3,2,1,1
202300030832,18,3,2023,04:52,3,1,6,971,97101,2,2,-1,1,1
202300030833,15,12,2023,19:00,5,2,1,69,69383,2,4,2,1,2
202300030833,15,12,2023,19:00,5,2,1,69,69383,2,4,1,1,2
202300030834,24,6,2023,09:30,1,1,7,76,76070,1,3,2,1,1
202300030834,24,6,2023,09:30,1,1,7,76,76070,1,3,2,4,1
202300030835,6,9,2023,17:30,5,1,7,971,97101,1,3,-1,1,1
202300030836,26,6,2023,16:00,1,1,6,82,82176,1,3,2,1,1
202300030837,14,12,2023,13:37,1,2,6,69,69388,2,4,1,1,2
202300030837,14,12,2023,13:37,1,2,6,69,69388,2,4,1,1,2
202300030838,4,6,2023,10:00,1,1,6,71,71014,2,4,2,1,1
202300030838,4,6,2023,10:00,1,1,6,71,71014,2,4,2,1,1
202300030839,13,12,2023,19:00,3,1,3,972,97209,2,3,3,1,1
202300030840,7,9,2023,01:30,5,1,3,95,95539,2,3,2,1,1
202300030840,7,9,2023,01:30,5,1,3,95,95539,2,3,2,1,1
202300030841,21,6,2023,13:00,1,2,7,63,63430,1,3,3,1,2
202300030842,6,9,2023,12:15,1,1,6,95,95555,2,4,1,1,1
202300030843,27,6,2023,16:30,1,1,7,49,49331,1,3,2,1,1
202300030844,7,9,2023,16:20,1,1,2,91,91666,2,3,3,1,1
202300030845,14,12,2023,08:40,1,2,2,971,97101,1,4,1,2,2
202300030846,15,6,2023,09:30,1,1,3,12,12208,2,3,2,1,1
202300030847,7,9,2023,08:10,1,1,6,91,91286,2,4,2,1,1
202300030848,26,6,2023,21:30,2,1,6,34,34239,1,3,2,1,1
202300030849,24,6,2023,14:00,1,1,3,68,68068,2,3,2,1,1
202300030850,7,9,2023,09:00,1,1,3,91,91432,2,3,2,1,1
202300030851,27,6,2023,15:00,1,1,7,22,22387,1,3,2,2,1
202300030852,25,6,2023,22:50,3,1,6,35,35227,1,3,2,1,1
202300030853,13,12,2023,18:55,3,1,5,971,97113,1,2,3,4,1
202300030854,7,9,2023,10:30,1,1,3,83,83144,2,3,1,1,1
202300030855,26,6,2023,17:00,1,1,3,29,29235,2,4,-1,1,1
202300030855,26,6,2023,17:00,1,1,3,29,29235,2,4,2,2,1
202300030856,13,12,2023,13:10,1,1,6,971,97101,2,3,2,1,1
202300030857,26,6,2023,17:00,1,1,7,15,15238,2,6,-1,2,1
202300030858,7,9,2023,11:58,1,1,3,83,83069,2,3,2,1,1
202300030859,26,6,2023,22:00,3,1,6,26,26167,1,3,2,2,1
202300030860,7,9,2023,19:08,1,1,6,78,78358,2,3,2,2,1
202300030861,25,6,2023,12:00,1,1,7,26,26205,1,3,2,1,1
202300030862,23,6,2023,19:15,2,1,7,72,72191,2,4,1,1,1
202300030863,14,12,2023,20:05,5,1,2,2A,2A004,2,4,2,1,1
202300030864,25,6,2023,12:40,1,1,6,06,06072,1,7,3,1,1
202300030865,18,8,2023,18:47,1,1,2,77,77494,1,3,2,1,1
202300030866,26,6,2023,18:43,1,1,2,14,14123,1,3,2,2,1
202300030867,13,12,2023,18:50,5,2,6,95,95197,2,4,2,1,2
202300030868,7,9,2023,17:30,1,7,1,77,77372,2,3,2,1,1
202300030869,27,6,2023,17:03,1,1,3,50,50029,1,3,2,2,1
202300030869,27,6,2023,17:03,1,1,3,50,50029,1,3,2,1,1
202300030870,7,9,2023,08:10,1,1,3,77,77438,2,3,2,2,1
202300030871,26,6,2023,11:25,1,1,3,83,83121,2,3,2,1,1
202300030871,26,6,2023,11:25,1,1,3,83,83121,2,3,2,1,1
202300030872,14,12,2023,20:35,5,1,3,91,91657,2,3,2,1,2
202300030872,14,12,2023,20:35,5,1,3,91,91657,2,3,-1,1,1
202300030873,24,6,2023,16:00,1,1,3,64,64058,2,3,2,1,1
202300030873,24,6,2023,16:00,1,1,3,64,64058,2,3,2,-1,-1
202300030874,7,9,2023,15:10,1,1,1,76,76476,2,4,2,2,1
202300030874,7,9,2023,15:10,1,1,1,76,76476,2,4,2,2,1
202300030875,14,12,2023,17:35,5,1,7,91,91691,2,3,2,1,2
202300030876,27,6,2023,16:40,1,1,3,24,24190,1,3,2,1,1
202300030877,8,9,2023,00:10,5,1,1,74,74133,2,3,2,1,1
202300030877,8,9,2023,00:10,5,1,1,74,74133,2,3,1,1,1
202300030878,14,12,2023,07:55,2,8,6,91,91201,2,3,2,1,2
202300030878,14,12,2023,07:55,2,8,6,91,91201,2,3,2,1,2
202300030879,25,6,2023,08:10,1,1,2,27,27157,1,3,2,1,1
202300030879,25,6,2023,08:10,1,1,2,27,27157,1,3,2,1,1
202300030880,26,8,2023,19:04,1,1,3,74,74010,2,4,2,1,1
202300030881,23,6,2023,13:25,1,1,1,37,37159,2,4,1,2,1
202300030882,7,9,2023,19:20,1,1,6,73,73222,2,9,1,1,1
202300030883,13,12,2023,16:00,1,2,3,91,91421,2,3,2,1,2
202300030884,25,6,2023,16:30,1,1,1,37,37038,1,3,2,1,1
202300030885,26,6,2023,18:45,1,1,6,52,52178,1,4,2,1,1
202300030886,13,12,2023,19:00,5,2,3,89,89387,2,4,3,1,2
202300030887,3,9,2023,07:25,1,1,5,71,71270,2,4,2,1,1
202300030887,3,9,2023,07:25,1,1,5,71,71270,2,4,2,1,1
202300030887,3,9,2023,07:25,1,1,5,71,71270,2,4,-1,1,1
202300030888,26,6,2023,17:50,1,1,2,19,19146,1,1,3,3,1
202300030889,27,6,2023,05:00,4,1,6,988,98805,1,1,3,1,1
202300030890,5,9,2023,15:25,1,1,1,71,71270,2,3,2,1,1
202300030891,13,12,2023,12:18,1,1,7,87,87085,1,4,2,1,2
202300030892,27,6,2023,13:35,1,1,2,13,13037,1,3,2,1,1
202300030893,7,9,2023,23:59,5,1,7,69,69256,2,4,2,1,1
202300030893,7,9,2023,23:59,5,1,7,69,69256,2,4,2,1,1
202300030894,27,6,2023,11:30,1,1,7,69,69244,2,7,2,2,1
202300030895,14,12,2023,21:50,5,1,3,85,85194,2,3,1,1,2
202300030896,7,9,2023,12:20,1,7,6,69,69266,2,4,1,1,1
202300030897,24,6,2023,18:15,1,1,3,33,33090,2,3,2,1,1
202300030898,6,9,2023,19:19,1,1,6,69,69271,2,4,2,1,1
202300030899,14,12,2023,08:15,2,8,6,85,85191,2,4,2,1,1
202300030900,25,6,2023,02:04,3,1,3,06,06004,1,1,3,2,1
202300030901,7,9,2023,08:25,1,1,3,67,67482,2,4,2,1,1
202300030902,27,6,2023,14:46,1,1,6,44,44069,1,3,2,1,1
202300030903,26,6,2023,13:10,1,1,6,73,73304,2,4,1,2,1
202300030904,14,12,2023,20:30,5,8,3,84,84080,2,4,2,1,1
202300030904,14,12,2023,20:30,5,8,3,84,84080,2,4,2,1,2
202300030905,6,9,2023,15:20,1,1,6,67,67482,2,4,2,1,1
202300030905,6,9,2023,15:20,1,1,6,67,67482,2,4,2,1,1
202300030906,26,6,2023,12:10,1,1,3,988,98803,1,2,2,1,1
202300030906,26,6,2023,12:10,1,1,3,988,98803,1,2,2,-1,1
202300030907,7,9,2023,15:10,1,1,3,64,64445,2,4,2,1,1
202300030908,7,9,2023,12:20,1,1,3,64,64445,1,4,2,2,1
202300030909,27,6,2023,16:50,1,1,7,2B,2B007,1,3,2,1,9
202300030910,7,9,2023,15:40,1,1,3,63,63113,2,4,2,2,1
202300030911,27,6,2023,17:30,1,1,5,30,30010,1,3,2,1,1
202300030912,13,12,2023,11:50,1,1,3,83,83137,2,4,-1,1,1
202300030912,13,12,2023,11:50,1,1,3,83,83137,2,4,-1,1,1
202300030913,1,9,2023,08:00,1,2,6,62,62510,2,3,2,1,2
202300030914,21,6,2023,15:15,1,1,7,30,30258,2,4,2,2,1
202300030915,25,6,2023,19:15,1,1,6,11,11284,2,3,2,1,1
202300030915,25,6,2023,19:15,1,1,6,11,11284,2,3,2,1,1
202300030916,7,9,2023,10:50,1,1,3,61,61001,2,3,2,1,1
202300030916,7,9,2023,10:50,1,1,3,61,61001,2,3,2,1,1
202300030917,14,12,2023,17:15,2,1,1,81,81033,2,4,2,1,2
202300030917,14,12,2023,17:15,2,1,1,81,81033,2,4,2,1,2
202300030918,27,6,2023,17:35,1,1,6,34,34199,1,3,2,1,1
202300030919,7,9,2023,08:50,1,7,6,61,61001,2,3,2,1,1
202300030920,12,12,2023,08:27,2,2,6,80,80001,2,4,2,1,2
202300030921,26,6,2023,19:15,1,1,2,34,34176,1,3,2,1,1
202300030921,26,6,2023,19:15,1,1,2,34,34176,1,3,2,1,1
202300030922,7,9,2023,17:20,1,1,6,59,59599,2,4,2,1,1
202300030923,27,6,2023,07:40,1,1,3,13,13053,1,3,2,1,1
202300030924,13,12,2023,17:58,5,2,6,78,78146,2,3,2,1,2
202300030924,13,12,2023,17:58,5,2,6,78,78146,2,3,1,2,2
202300030925,26,6,2023,18:15,1,1,6,89,89380,1,1,3,1,1
202300030926,7,9,2023,17:30,1,1,3,59,59378,2,4,2,1,1
202300030927,20,6,2023,20:20,1,1,6,55,55184,2,3,2,2,1
202300030927,20,6,2023,20:20,1,1,6,55,55184,2,3,2,2,1
202300030928,7,9,2023,07:48,1,1,6,57,57672,2,4,1,1,1
202300030929,14,12,2023,18:30,5,1,6,77,77390,2,4,2,1,1
202300030930,14,12,2023,07:30,2,2,2,77,77307,2,3,2,2,2
202300030931,25,6,2023,13:15,1,1,3,73,73285,1,3,2,2,1
202300030932,6,9,2023,07:55,1,1,2,57,57666,2,3,2,1,1
202300030932,6,9,2023,07:55,1,1,2,57,57666,2,3,3,1,1
202300030933,6,9,2023,18:34,1,1,7,57,57283,2,4,1,2,1
202300030934,26,6,2023,17:25,1,1,1,73,73006,1,2,2,1,1
202300030935,14,12,2023,12:45,1,1,2,77,77320,2,3,2,1,2
202300030935,14,12,2023,12:45,1,1,2,77,77320,2,3,2,1,2
202300030936,27,6,2023,16:00,1,1,1,69,69024,1,3,2,1,1
202300030937,7,9,2023,08:25,1,1,3,54,54079,2,4,2,1,1
202300030938,27,6,2023,17:45,1,8,3,65,65145,1,3,2,2,1
202300030939,6,9,2023,15:55,1,1,3,54,54395,2,4,2,2,1
202300030939,6,9,2023,15:55,1,1,3,54,54395,2,4,2,2,1
202300030940,4,5,2023,17:33,1,1,6,40,40182,2,4,2,1,1
202300030941,6,9,2023,09:20,1,1,6,54,54395,2,4,1,1,1
202300030941,6,9,2023,09:20,1,1,6,54,54395,2,4,1,1,1
202300030942,27,6,2023,09:00,1,1,6,85,85070,2,4,2,1,1
202300030943,8,12,2023,17:25,5,1,6,77,77131,2,4,2,2,2
202300030943,8,12,2023,17:25,5,1,6,77,77131,2,4,2,2,2
202300030944,23,6,2023,17:45,1,1,2,85,85176,1,3,3,1,1
202300030945,7,9,2023,08:50,1,1,4,54,54382,1,2,3,2,1
202300030946,7,9,2023,09:00,1,7,6,53,53130,2,4,1,2,1
202300030947,14,12,2023,19:20,5,2,6,76,76540,2,7,2,3,2
202300030947,14,12,2023,19:20,5,2,6,76,76540,2,7,2,3,2
202300030948,6,9,2023,23:35,5,1,3,53,53130,2,4,1,1,1
202300030948,6,9,2023,23:35,5,1,3,53,53130,2,4,1,1,1
202300030949,7,9,2023,03:21,3,1,2,51,51242,2,4,2,3,1
202300030950,13,12,2023,19:15,3,2,1,76,76391,1,4,2,1,2
202300030951,7,9,2023,10:48,1,1,3,50,50218,2,3,2,1,1
202300030951,7,9,2023,10:48,1,1,3,50,50218,2,3,2,2,1
202300030952,6,9,2023,17:45,1,1,7,50,50129,2,3,2,1,1
202300030953,14,12,2023,07:57,2,1,3,76,76351,2,4,2,1,1
202300030954,5,9,2023,18:25,1,1,1,50,50129,2,4,2,1,1
202300030954,5,9,2023,18:25,1,1,1,50,50129,2,4,2,1,1
202300030955,6,9,2023,00:50,5,1,6,50,50129,2,3,1,1,1
202300030956,7,9,2023,22:49,5,1,3,49,49007,2,3,3,1,1
202300030956,7,9,2023,22:49,5,1,3,49,49007,2,3,3,1,1
202300030957,13,12,2023,17:30,5,2,3,76,76447,2,3,2,1,2
202300030957,13,12,2023,17:30,5,2,3,76,76447,2,3,2,1,2
202300030958,6,9,2023,09:44,1,1,6,49,49353,2,4,2,1,1
202300030959,6,9,2023,19:04,1,7,3,49,49246,2,3,3,1,1
202300030960,6,9,2023,13:00,1,7,6,49,49007,2,4,3,1,1
202300030961,13,12,2023,12:15,1,2,3,76,76476,1,3,2,1,2
202300030961,13,12,2023,12:15,1,2,3,76,76476,1,3,2,1,2
202300030962,7,9,2023,09:27,1,1,3,47,47001,2,3,-1,1,1
202300030963,7,9,2023,12:20,1,1,2,45,45068,2,4,2,1,1
202300030964,14,12,2023,11:35,1,1,3,72,72181,2,4,2,2,1
202300030965,7,9,2023,16:25,1,1,3,42,42207,2,4,2,1,1
202300030966,13,12,2023,17:10,5,2,6,72,72181,2,4,2,1,2
202300030967,7,9,2023,11:40,1,1,6,42,42207,2,4,2,1,1
202300030968,6,9,2023,13:45,1,1,3,42,42110,2,4,2,2,1
202300030968,6,9,2023,13:45,1,1,3,42,42110,2,4,1,2,1
202300030969,13,12,2023,17:50,5,1,6,72,72181,2,4,2,1,1
202300030970,7,9,2023,09:30,1,1,6,38,38185,2,4,-1,1,1
202300030971,13,12,2023,07:40,2,2,7,71,71040,2,3,2,1,2
202300030972,7,9,2023,16:00,1,1,3,37,37261,2,4,2,1,1
202300030972,7,9,2023,16:00,1,1,3,37,37261,2,4,1,1,1
202300030973,14,12,2023,08:05,1,2,3,70,70550,2,3,2,1,2
202300030973,14,12,2023,08:05,1,2,3,70,70550,2,3,1,1,2
202300030974,7,9,2023,11:05,1,1,3,37,37122,2,4,2,1,1
202300030975,7,9,2023,08:35,1,1,3,37,37261,2,4,2,1,1
202300030976,14,12,2023,14:40,1,2,3,69,69256,2,7,2,1,2
202300030977,6,9,2023,08:40,1,1,3,37,37214,2,4,2,1,1
202300030978,13,12,2023,23:54,3,8,6,69,69013,1,3,2,1,2
202300030979,7,9,2023,16:45,1,1,6,35,35238,2,4,2,1,1
202300030979,7,9,2023,16:45,1,1,6,35,35238,2,4,1,1,1
202300030980,7,9,2023,14:30,1,1,6,35,35238,2,4,3,1,1
202300030981,14,12,2023,21:00,5,1,6,69,69290,2,4,2,1,1
202300030981,14,12,2023,21:00,5,1,6,69,69290,2,4,1,1,1
202300030982,6,9,2023,14:15,1,1,6,34,34301,2,3,1,1,1
202300030983,14,12,2023,12:30,1,2,6,69,69290,2,7,2,1,2
202300030984,7,9,2023,12:10,1,1,3,34,34172,2,4,2,1,1
202300030985,14,12,2023,07:00,1,2,1,69,69290,2,4,-1,1,2
202300030986,8,9,2023,02:00,5,1,1,33,33063,2,4,2,1,1
202300030987,14,12,2023,17:45,3,2,2,64,64483,1,4,2,2,2
202300030988,7,9,2023,18:40,1,1,3,33,33318,2,4,2,1,1
202300030988,7,9,2023,18:40,1,1,3,33,33318,2,4,2,1,1
202300030989,14,12,2023,08:25,2,3,6,64,64483,2,4,2,1,2
202300030990,14,12,2023,11:50,1,1,2,64,64445,2,4,2,1,1
202300030991,6,9,2023,18:10,1,1,3,30,30007,2,3,2,2,1
202300030991,6,9,2023,18:10,1,1,3,30,30007,2,3,2,1,1
202300030992,12,12,2023,16:15,1,2,3,64,64122,2,4,2,1,2
202300030993,7,9,2023,21:26,5,1,7,17,17306,2,4,2,1,1
202300030994,7,9,2023,12:10,1,1,1,14,14715,1,3,2,2,1
202300030995,6,9,2023,18:36,1,1,3,14,14366,2,3,2,1,1
202300030996,3,9,2023,16:45,1,1,3,14,14117,2,3,2,1,1
202300030997,7,9,2023,23:28,5,1,3,13,13201,2,4,1,1,1
202300030997,7,9,2023,23:28,5,1,3,13,13201,2,4,1,1,1
202300030998,6,9,2023,17:45,1,1,3,11,11262,2,4,2,1,1
202300030999,7,9,2023,14:35,1,1,6,11,11069,2,4,1,1,1
202300031000,7,9,2023,09:50,1,1,6,11,11069,1,3,-1,1,1
202300031001,28,9,2023,17:25,1,1,6,85,85109,2,4,-1,2,1
202300031002,9,10,2023,19:30,3,1,6,85,85064,1,3,-1,1,1
202300031003,9,10,2023,17:20,1,1,3,79,79334,1,3,2,1,1
202300031003,9,10,2023,17:20,1,1,3,79,79334,1,3,2,1,1
202300031004,10,10,2023,09:50,1,1,3,69,69063,2,7,2,1,1
202300031005,10,10,2023,08:13,1,1,7,11,11357,1,3,2,2,1
202300031006,9,10,2023,18:15,1,1,6,71,71263,2,3,2,2,1
202300031007,10,10,2023,16:00,1,1,2,63,63372,1,3,2,1,1
202300031007,10,10,2023,16:00,1,1,2,63,63372,1,3,2,1,1
202300031008,9,10,2023,12:10,1,1,6,61,61092,1,3,2,1,1
202300031009,10,10,2023,07:00,2,1,3,42,42027,1,3,2,1,1
202300031010,9,10,2023,17:50,1,1,3,47,47004,1,3,2,1,1
202300031011,7,10,2023,11:00,1,1,2,86,86125,1,3,2,1,1
202300031011,7,10,2023,11:00,1,1,2,86,86125,1,3,2,2,1
202300031012,9,10,2023,20:00,3,1,6,44,44196,1,3,2,2,1
202300031013,9,10,2023,16:50,1,1,2,44,44163,1,3,2,1,1
202300031014,8,10,2023,12:00,1,1,3,29,29075,2,4,1,1,1
202300031014,8,10,2023,12:00,1,1,3,29,29075,2,4,1,2,1
202300031015,10,10,2023,07:30,2,1,6,14,14563,1,3,2,4,1
202300031016,10,10,2023,09:15,1,1,3,07,07155,1,3,2,2,1
202300031016,10,10,2023,09:15,1,1,3,07,07155,1,3,-1,2,1
202300031017,8,10,2023,16:00,1,1,7,21,21644,1,3,2,1,1
202300031017,8,10,2023,16:00,1,1,7,21,21644,1,3,2,1,1
202300031018,9,10,2023,12:45,1,1,1,40,40194,1,3,2,1,1
202300031019,9,10,2023,15:35,1,1,3,27,27466,1,3,2,1,1
202300031019,9,10,2023,15:35,1,1,3,27,27466,1,3,2,1,1
202300031020,10,10,2023,07:00,1,1,3,973,97309,2,3,2,1,1
202300031021,10,10,2023,07:20,5,1,6,51,51432,2,6,-1,1,1
202300031022,8,10,2023,15:00,1,1,1,987,98722,2,2,2,1,1
202300031023,10,10,2023,18:45,3,1,1,988,98817,1,1,2,1,1
202300031024,9,10,2023,16:20,1,1,3,974,97408,2,2,2,2,1
202300031024,9,10,2023,16:20,1,1,3,974,97408,2,2,2,1,1
202300031025,7,10,2023,04:15,3,1,6,971,97117,1,2,2,1,1
202300031026,8,10,2023,19:10,2,1,6,45,45153,1,3,2,1,1
202300031027,9,10,2023,18:45,1,1,6,45,45142,2,4,2,1,1
202300031028,9,10,2023,18:20,1,1,5,77,77511,2,3,2,1,1
202300031028,9,10,2023,18:20,1,1,5,77,77511,2,3,2,1,1
202300031029,10,10,2023,10:40,1,1,7,95,95676,1,4,2,1,1
202300031030,8,10,2023,07:30,2,1,7,91,91047,2,3,2,1,1
202300031031,10,10,2023,07:40,1,1,2,2B,2B042,1,2,1,1,1
202300031032,9,10,2023,18:49,2,1,7,34,34329,1,3,2,2,1