id_accident,jour,mois,annee,heure_minute,luminosite,meteo,type_collision,departement,commune,agglomeration,categorie_route,regime_circulation,profil_route,etat_surface
202300031033,8,10,2023,10:00,1,1,2,13,13022,2,4,-1,2,1
202300031034,10,10,2023,07:30,2,1,3,26,26313,2,3,2,1,1
202300031035,9,10,2023,08:00,1,1,1,07,07348,2,3,2,1,1
202300031036,7,10,2023,01:45,3,1,6,86,86062,2,3,2,1,1
202300031037,9,10,2023,08:46,1,1,3,33,33240,2,4,2,1,1
202300031038,10,10,2023,12:20,1,1,6,60,60341,1,2,3,1,1
202300031039,9,10,2023,13:10,1,1,2,13,13056,1,1,-1,1,1
202300031040,9,10,2023,07:25,2,1,2,13,13088,1,1,-1,1,1
202300031041,8,10,2023,14:10,1,1,5,57,57672,1,1,3,1,1
202300031042,9,10,2023,19:04,1,1,3,33,33063,1,1,2,1,1
202300031043,8,10,2023,19:00,1,1,4,33,33013,1,2,3,2,1
202300031044,9,10,2023,17:35,1,1,7,75,75113,1,1,1,1,1
202300031045,9,10,2023,11:40,1,1,5,94,94021,1,1,3,1,1
202300031046,8,10,2023,22:50,3,1,2,77,77251,1,1,-1,1,1
202300031047,9,10,2023,17:31,1,1,3,92,92036,1,1,1,1,1
202300031048,8,10,2023,19:45,3,1,3,78,78362,1,1,1,1,1
202300031049,8,10,2023,16:35,1,1,4,92,92048,1,2,1,1,1
202300031050,8,10,2023,02:40,4,1,6,78,78297,1,2,1,1,1
202300031051,7,10,2023,15:40,1,1,2,92,92062,1,2,1,1,1
202300031052,9,10,2023,20:00,3,1,2,95,95018,1,1,3,1,1
202300031053,9,10,2023,18:30,1,1,2,95,95582,1,1,3,1,1
202300031054,9,10,2023,17:00,1,1,3,93,93053,1,1,3,1,1
202300031055,9,10,2023,09:00,1,1,3,93,93005,1,1,3,1,1
202300031056,9,10,2023,09:45,1,1,3,92,92036,1,1,3,1,1
202300031057,9,10,2023,07:20,2,1,4,95,95582,2,1,1,2,1
202300031058,9,10,2023,09:40,1,1,6,77,77517,1,1,1,1,1
202300031059,8,10,2023,21:05,5,1,7,974,97416,2,4,2,1,1
202300031059,8,10,2023,21:05,5,1,7,974,97416,2,4,2,2,1
202300031060,8,10,2023,12:25,1,1,1,974,97416,1,4,2,1,1
202300031060,8,10,2023,12:25,1,1,1,974,97416,1,4,2,1,1
202300031061,8,10,2023,06:55,1,1,2,974,97407,1,2,3,3,1
202300031062,9,10,2023,01:35,5,1,3,69,69388,2,4,1,1,1
202300031062,9,10,2023,01:35,5,1,3,69,69388,2,4,1,1,1
202300031063,8,10,2023,18:30,5,1,6,69,69387,2,4,1,1,1
202300031064,8,10,2023,17:55,1,1,3,69,69386,2,4,2,1,1
202300031064,8,10,2023,17:55,1,1,3,69,69386,2,4,1,1,1
202300031065,8,10,2023,10:00,1,1,2,972,97209,1,2,2,4,1
202300031066,7,10,2023,19:30,5,1,6,95,95637,2,4,2,1,1
202300031066,7,10,2023,19:30,5,1,6,95,95637,2,4,2,1,1
202300031067,8,10,2023,18:00,1,1,2,91,91027,2,3,1,1,1
202300031068,7,10,2023,13:35,1,1,3,86,86158,1,4,3,1,1
202300031069,6,10,2023,17:10,1,1,1,86,86066,2,3,2,1,1
202300031070,7,10,2023,18:05,1,1,1,84,84035,2,4,2,1,1
202300031071,6,10,2023,10:10,1,7,3,84,84035,2,4,2,2,1
202300031072,8,10,2023,20:18,5,1,6,83,83137,2,4,-1,2,1
202300031072,8,10,2023,20:18,5,1,6,83,83137,2,4,1,1,1
202300031073,8,10,2023,08:30,1,1,1,81,81004,2,4,2,1,1
202300031074,8,10,2023,16:45,1,1,3,78,78172,2,3,-1,1,1
202300031074,8,10,2023,16:45,1,1,3,78,78172,2,3,1,1,1
202300031075,8,10,2023,14:21,1,6,3,76,76575,2,4,1,1,1
202300031075,8,10,2023,14:21,1,6,3,76,76575,2,4,1,1,1
202300031076,8,10,2023,07:40,2,1,3,76,76178,1,7,2,1,1
202300031077,8,10,2023,09:15,1,1,1,76,76707,1,3,2,1,1
202300031078,8,10,2023,19:46,3,1,3,63,63164,2,7,2,3,1
202300031078,8,10,2023,19:46,3,1,3,63,63164,2,7,2,2,1
202300031079,7,10,2023,16:30,1,1,6,62,62274,2,4,1,1,1
202300031080,8,10,2023,15:15,1,1,2,60,60159,2,3,2,1,1
202300031081,1,10,2023,17:45,1,1,3,57,57631,2,3,2,2,1
202300031082,8,10,2023,18:22,1,1,6,49,49353,2,4,3,1,1
202300031083,8,10,2023,18:15,1,1,7,47,47323,2,4,2,1,1
202300031084,8,10,2023,15:10,1,1,6,45,45234,2,4,2,1,1
202300031085,7,10,2023,05:35,5,1,6,43,43157,2,4,1,1,1
202300031086,7,10,2023,20:25,5,1,2,43,43157,2,4,-1,1,1
202300031087,8,10,2023,00:30,3,1,6,42,42316,1,7,2,1,1
202300031087,8,10,2023,00:30,3,1,6,42,42316,1,7,2,1,1
202300031088,8,10,2023,21:30,5,1,3,38,38053,2,3,3,1,1
202300031088,8,10,2023,21:30,5,1,3,38,38053,2,3,1,1,1
202300031089,7,10,2023,17:25,1,1,3,37,37261,2,4,2,1,1
202300031089,7,10,2023,17:25,1,1,3,37,37261,2,4,2,1,1
202300031090,8,10,2023,19:15,1,1,3,35,35238,2,4,2,2,1
202300031090,8,10,2023,19:15,1,1,3,35,35238,2,4,2,1,1
202300031091,8,10,2023,00:19,5,1,6,33,33063,2,4,3,1,1
202300031092,8,10,2023,06:10,3,1,6,29,29232,2,3,1,1,1
202300031093,8,10,2023,04:10,5,1,6,29,29232,1,3,-1,1,1
202300031094,7,10,2023,17:20,1,7,6,27,27681,2,4,3,1,1
202300031094,7,10,2023,17:20,1,7,6,27,27681,2,4,2,1,1
202300031095,8,10,2023,20:40,5,1,1,25,25056,2,2,3,2,1
202300031096,8,10,2023,10:20,1,1,6,17,17415,2,4,2,1,1
202300031096,8,10,2023,10:20,1,1,6,17,17415,2,4,2,1,1
202300031097,8,10,2023,08:20,1,1,1,16,16102,1,2,2,1,1
202300031098,8,10,2023,04:50,5,1,6,13,13212,2,4,1,1,1
202300031099,2,10,2023,08:30,1,1,6,13,13214,2,4,2,1,1
202300031100,8,10,2023,03:00,5,1,3,13,13203,2,4,1,1,1
202300031101,7,10,2023,20:37,3,1,7,13,13001,1,3,2,1,1
202300031102,8,10,2023,21:45,5,1,6,12,12013,2,4,2,1,1
202300031103,6,10,2023,11:15,1,1,3,10,10333,2,4,2,2,1
202300031103,6,10,2023,11:15,1,1,3,10,10333,2,4,2,1,1
202300031104,7,10,2023,18:00,1,7,6,04,04070,2,4,1,1,1
202300031105,7,10,2023,09:43,1,1,6,01,01053,2,3,3,1,1
202300031105,7,10,2023,09:43,1,1,6,01,01053,2,3,2,1,1
202300031106,8,10,2023,07:20,2,1,5,75,75116,2,4,1,1,1
202300031107,6,10,2023,09:15,1,1,6,75,75116,2,4,1,1,1
202300031108,8,10,2023,16:04,1,1,2,75,75110,2,4,2,1,1
202300031109,8,10,2023,17:30,1,1,3,75,75106,2,4,2,1,1
202300031109,8,10,2023,17:30,1,1,3,75,75106,2,4,1,1,1
202300031110,8,10,2023,17:08,1,1,3,75,75106,2,4,2,1,1
202300031110,8,10,2023,17:08,1,1,3,75,75106,2,4,2,1,1
202300031111,8,10,2023,02:09,5,1,3,75,75119,2,4,1,1,1
202300031111,8,10,2023,02:09,5,1,3,75,75119,2,4,2,1,1
202300031112,8,10,2023,10:50,1,1,2,75,75117,2,4,2,1,1
202300031112,8,10,2023,10:50,1,1,2,75,75117,2,4,1,1,1
202300031113,8,10,2023,00:30,5,1,3,75,75117,2,4,3,1,1
202300031114,8,10,2023,18:30,1,1,6,75,75116,2,4,1,1,1
202300031114,8,10,2023,18:30,1,1,6,75,75116,2,4,1,1,1
202300031115,8,10,2023,07:45,1,1,5,75,75112,2,4,1,1,1
202300031116,8,10,2023,18:25,1,1,3,75,75111,2,4,2,1,1
202300031117,8,10,2023,03:30,3,1,6,75,75110,2,4,1,1,1
202300031117,8,10,2023,03:30,3,1,6,75,75110,2,4,1,1,1
202300031118,8,10,2023,13:15,1,1,6,75,75109,2,4,1,1,1
202300031118,8,10,2023,13:15,1,1,6,75,75109,2,4,1,2,1
202300031119,7,10,2023,22:13,5,1,3,75,75108,2,4,1,1,1
202300031119,7,10,2023,22:13,5,1,3,75,75108,2,4,1,1,1
202300031120,8,10,2023,20:01,5,1,2,75,75107,2,4,1,1,1
202300031120,8,10,2023,20:01,5,1,2,75,75107,2,4,2,1,1
202300031121,8,10,2023,04:30,5,1,6,94,94078,2,2,-1,4,1
202300031122,7,10,2023,23:45,5,1,2,94,94028,2,3,2,1,1
202300031123,8,10,2023,17:33,1,1,6,94,94081,2,3,3,1,1
202300031124,8,10,2023,15:50,1,1,3,94,94055,2,3,3,1,1
202300031124,8,10,2023,15:50,1,1,3,94,94055,2,3,2,1,1
202300031125,8,10,2023,01:15,5,1,2,94,94002,2,3,3,1,1
202300031126,7,10,2023,21:30,5,1,5,93,93072,2,3,2,1,1
202300031127,8,10,2023,02:15,5,1,3,93,93066,2,3,3,1,1
202300031127,8,10,2023,02:15,5,1,3,93,93066,2,3,2,1,1
202300031128,8,10,2023,19:30,5,1,3,92,92078,2,3,1,1,1
202300031128,8,10,2023,19:30,5,1,3,92,92078,2,3,1,1,1
202300031129,8,10,2023,06:05,5,1,3,92,92020,2,3,2,1,1
202300031129,8,10,2023,06:05,5,1,3,92,92020,2,3,2,1,1
202300031130,8,10,2023,19:15,1,1,6,92,92071,2,4,4,1,1
202300031131,7,10,2023,17:00,1,1,6,59,59114,2,3,2,1,1
202300031132,8,10,2023,19:40,1,1,6,35,35333,1,4,2,1,1
202300031133,3,9,2023,14:55,1,1,6,11,11303,1,3,2,1,1
202300031134,6,10,2023,16:25,1,7,1,63,63302,1,3,2,1,1
202300031134,6,10,2023,16:25,1,7,1,63,63302,1,3,2,3,1
202300031135,8,10,2023,13:17,1,7,1,81,81206,1,3,2,1,1
202300031135,8,10,2023,13:17,1,7,1,81,81206,1,3,2,3,1
202300031136,9,10,2023,07:05,3,1,1,34,34148,1,3,2,1,1
202300031137,7,10,2023,15:35,1,1,3,26,26139,1,3,2,1,1
202300031137,7,10,2023,15:35,1,1,3,26,26139,1,3,-1,1,1
202300031138,28,9,2023,16:00,1,1,6,24,24509,1,4,2,2,1
202300031139,7,10,2023,23:10,3,1,6,38,38160,1,3,2,1,1
202300031140,9,10,2023,04:30,5,1,6,95,95313,2,3,2,1,1
202300031141,8,10,2023,23:30,5,1,7,95,95058,2,4,2,1,1
202300031142,7,10,2023,20:30,5,1,2,40,40296,2,3,2,1,1
202300031142,7,10,2023,20:30,5,1,2,40,40296,2,3,-1,-1,-1
202300031143,8,10,2023,20:30,5,1,2,31,31044,2,7,2,1,1
202300031144,7,10,2023,10:55,1,1,2,81,81284,1,2,3,1,1
202300031145,9,10,2023,17:30,1,1,6,974,97404,2,4,2,1,1
202300031146,8,10,2023,11:45,1,1,3,35,35029,1,3,2,1,1
202300031147,8,10,2023,10:40,1,1,1,84,84091,1,4,2,1,1
202300031148,4,10,2023,12:30,1,1,7,28,28380,1,3,2,1,1
202300031149,8,10,2023,23:00,3,1,6,86,86070,2,3,2,1,1
202300031150,8,10,2023,14:15,1,1,6,59,59487,1,7,2,1,1
202300031151,8,10,2023,22:15,3,1,7,60,60260,1,3,2,2,1
202300031152,8,10,2023,11:35,1,1,6,66,66189,2,4,2,1,1
202300031153,5,10,2023,18:45,1,1,2,35,35173,1,3,2,1,1
202300031154,5,10,2023,23:40,3,1,2,35,35173,1,3,3,1,1
202300031155,8,10,2023,22:00,3,1,7,62,62524,1,3,2,2,1
202300031156,8,10,2023,23:30,3,1,7,19,19285,1,3,2,1,1
202300031157,8,10,2023,18:50,1,7,3,56,56127,2,3,2,1,1
202300031157,8,10,2023,18:50,1,7,3,56,56127,2,3,2,1,1
202300031158,3,10,2023,15:20,1,1,1,56,56177,1,3,2,1,1
202300031158,3,10,2023,15:20,1,1,1,56,56177,1,3,2,1,1
202300031159,8,10,2023,20:35,5,1,6,59,59580,2,3,1,1,1
202300031160,6,10,2023,20:15,3,1,3,82,82005,2,3,2,2,1
202300031161,5,10,2023,22:31,5,1,3,33,33226,2,3,2,1,1
202300031161,5,10,2023,22:31,5,1,3,33,33226,2,3,2,1,1
202300031162,7,10,2023,15:00,1,7,3,32,32462,2,4,1,1,1
202300031163,8,10,2023,11:30,1,1,7,11,11306,1,3,2,1,1
202300031164,8,10,2023,16:45,1,1,6,71,71490,1,3,2,1,1
202300031165,7,10,2023,18:40,1,1,1,89,89464,2,3,2,1,1
202300031165,7,10,2023,18:40,1,1,1,89,89464,2,3,-1,-1,-1
202300031166,9,10,2023,14:30,1,1,3,89,89209,1,3,2,1,1
202300031166,9,10,2023,14:30,1,1,3,89,89209,1,3,2,-1,-1
202300031167,8,10,2023,15:45,1,1,6,61,61300,1,3,2,1,1
202300031168,8,10,2023,18:10,1,1,7,61,61258,2,3,2,2,1
202300031169,8,10,2023,15:00,1,1,6,55,55567,1,3,2,1,1
202300031170,8,10,2023,16:00,1,1,7,49,49125,2,4,2,2,1
202300031171,8,10,2023,14:45,1,1,7,42,42241,1,3,2,1,1
202300031172,8,10,2023,05:40,3,1,6,68,68081,1,3,2,1,1
202300031173,7,10,2023,13:45,1,1,7,22,22218,1,4,2,2,1
202300031174,4,9,2023,17:45,1,1,6,39,39547,2,3,2,1,1
202300031175,8,10,2023,15:00,1,1,7,25,25142,1,3,2,2,1
202300031176,6,10,2023,19:30,1,1,7,44,44183,1,3,2,2,1
202300031177,6,10,2023,09:03,1,7,3,44,44186,2,3,2,1,1
202300031178,8,10,2023,06:15,5,1,6,44,44085,1,4,2,1,1
202300031179,8,10,2023,08:10,2,1,6,35,35184,1,3,2,4,1
202300031180,9,10,2023,00:15,3,1,6,34,34154,1,3,1,1,1
202300031181,8,10,2023,17:30,1,1,6,29,29249,1,3,2,2,1
202300031182,6,10,2023,20:20,5,1,3,29,29165,2,4,2,1,1
202300031182,6,10,2023,20:20,5,1,3,29,29165,2,4,2,1,1
202300031183,5,10,2023,20:30,3,1,6,29,29037,1,3,2,1,1
202300031184,9,10,2023,07:30,2,5,1,02,02211,1,3,2,1,1
202300031185,7,10,2023,04:14,3,1,6,01,01452,1,3,2,1,1
202300031186,8,10,2023,16:05,1,1,6,66,66025,1,3,2,1,1
202300031187,8,10,2023,14:35,1,1,3,54,54029,2,3,2,1,1
202300031187,8,10,2023,14:35,1,1,3,54,54029,2,3,2,1,1
202300031188,7,10,2023,19:30,2,1,7,50,50210,1,3,2,2,1
202300031189,21,1,2023,12:30,1,1,3,93,93047,2,3,2,1,1
202300031189,21,1,2023,12:30,1,1,3,93,93047,2,3,1,1,1
202300031190,7,1,2023,17:27,2,2,2,92,92073,2,3,2,1,2
202300031191,21,1,2023,19:57,5,1,3,92,92035,2,3,2,1,1
202300031192,21,1,2023,18:55,5,1,3,92,92025,2,3,3,1,1
202300031192,21,1,2023,18:55,5,1,3,92,92025,2,3,1,1,1
202300031193,21,1,2023,18:10,5,1,7,92,92024,2,3,1,1,1
202300031194,21,1,2023,11:00,1,1,3,92,92024,2,3,2,1,1
202300031194,21,1,2023,11:00,1,1,3,92,92024,2,3,1,1,1
202300031195,21,1,2023,07:00,5,1,6,92,92023,2,3,2,1,1
202300031195,21,1,2023,07:00,5,1,6,92,92023,2,3,2,1,1
202300031196,20,1,2023,22:15,5,4,6,69,69266,1,7,3,1,2
202300031197,19,1,2023,22:15,3,1,7,67,67152,1,7,3,1,2
202300031198,21,1,2023,21:49,4,1,6,91,91161,1,1,1,1,1
202300031199,21,1,2023,14:30,1,1,7,94,94034,1,1,1,2,1
202300031200,21,1,2023,14:10,1,1,4,94,94038,1,1,1,1,1
202300031201,21,1,2023,06:55,3,8,6,91,91553,1,2,1,1,1
202300031202,21,1,2023,04:15,5,9,2,93,93007,1,1,3,1,2
202300031203,17,1,2023,16:15,1,1,3,92,92036,1,1,-1,2,1
202300031204,20,1,2023,16:50,1,1,6,54,54547,2,4,1,1,1
202300031204,20,1,2023,16:50,1,1,6,54,54547,2,4,2,1,1
202300031205,20,1,2023,19:14,5,2,2,10,10387,2,4,2,1,2
202300031205,20,1,2023,19:14,5,2,2,10,10387,2,4,2,1,2
202300031206,20,1,2023,22:50,5,1,7,974,97411,2,4,2,1,1
202300031207,20,1,2023,08:20,1,1,6,974,97411,2,4,2,1,2
202300031207,20,1,2023,08:20,1,1,6,974,97411,2,4,2,2,2
202300031208,19,1,2023,18:10,1,2,7,974,97411,2,2,3,1,2
202300031209,20,1,2023,14:10,1,2,1,973,97302,2,4,2,1,2
202300031210,20,1,2023,09:07,1,3,7,973,97302,2,3,2,1,2
202300031211,20,1,2023,08:40,1,3,6,973,97302,2,4,1,1,2
202300031211,20,1,2023,08:40,1,3,6,973,97302,2,4,1,1,2
202300031212,20,1,2023,19:50,5,2,1,69,69386,2,4,1,1,2
202300031212,20,1,2023,19:50,5,2,1,69,69386,2,4,1,1,2
202300031213,20,1,2023,15:30,1,8,6,69,69383,2,4,1,1,1
202300031214,20,1,2023,17:27,2,1,3,2A,2A004,2,2,2,1,1
202300031215,20,1,2023,08:10,2,8,6,95,95197,2,3,1,1,1
202300031215,20,1,2023,08:10,2,8,6,95,95197,2,3,2,1,1
202300031216,20,1,2023,18:53,3,8,1,91,91064,1,4,2,1,1
202300031217,17,1,2023,08:40,1,1,6,90,90010,2,4,2,1,1
202300031218,18,1,2023,07:23,5,1,6,89,89024,2,3,2,1,2
202300031218,18,1,2023,07:23,5,1,6,89,89024,2,3,2,1,2
202300031219,20,1,2023,07:40,5,1,6,87,87085,2,4,2,1,2
202300031219,20,1,2023,07:40,5,1,6,87,87085,2,4,2,1,2
202300031220,19,1,2023,19:05,5,4,6,87,87085,2,4,1,1,5
202300031221,18,1,2023,13:29,1,1,3,80,80489,2,4,1,1,1
202300031222,20,1,2023,19:15,5,1,2,79,79191,2,4,2,1,1
202300031222,20,1,2023,19:15,5,1,2,79,79191,2,4,2,1,1
202300031223,9,1,2023,18:15,5,2,6,78,78208,2,3,2,2,2
202300031224,20,1,2023,15:30,1,1,6,77,77350,2,4,3,1,1
202300031225,20,1,2023,07:42,5,8,6,74,74281,2,4,2,1,7
202300031226,19,1,2023,17:30,2,1,6,74,74010,2,4,3,1,1
202300031227,19,1,2023,01:00,5,1,6,72,72181,2,4,2,1,1
202300031228,20,1,2023,08:10,1,8,2,71,71540,1,3,1,1,1
202300031228,20,1,2023,08:10,1,8,2,71,71540,1,3,3,1,2
202300031229,20,1,2023,19:20,5,4,6,70,70550,2,2,2,1,2
202300031229,20,1,2023,19:20,5,4,6,70,70550,2,2,2,1,2
202300031229,20,1,2023,19:20,5,4,6,70,70550,2,2,2,1,2
202300031230,21,1,2023,00:35,3,4,1,69,69282,2,4,2,2,5
202300031231,20,1,2023,20:45,5,4,1,69,69282,2,4,2,1,2
202300031231,20,1,2023,20:45,5,4,1,69,69282,2,4,2,1,2
202300031232,20,1,2023,09:55,1,1,6,69,69256,2,6,-1,1,1
202300031233,19,1,2023,14:00,1,2,3,69,69029,2,4,2,1,2
202300031233,19,1,2023,14:00,1,2,3,69,69029,2,4,1,1,2
202300031234,19,1,2023,17:00,2,1,6,67,67482,2,4,1,1,1
202300031234,19,1,2023,17:00,2,1,6,67,67482,2,4,2,1,1
202300031235,18,1,2023,18:25,5,1,6,66,66136,2,4,2,1,1
202300031236,20,1,2023,09:50,1,1,3,64,64284,1,4,2,1,1
202300031236,20,1,2023,09:50,1,1,3,64,64284,1,4,2,1,1
202300031237,19,1,2023,13:30,1,3,7,64,64102,2,3,2,1,2
202300031238,19,1,2023,17:19,1,1,3,63,63113,2,4,2,1,1
202300031239,16,1,2023,17:30,3,2,5,62,62215,1,3,2,1,2
202300031240,20,1,2023,01:37,5,5,3,59,59350,2,4,2,1,2
202300031241,18,1,2023,18:00,1,1,2,59,59346,2,7,2,1,1
202300031242,20,1,2023,16:30,1,2,1,57,57227,2,4,1,2,2
202300031242,20,1,2023,16:30,1,2,1,57,57227,2,4,2,1,2
202300031243,20,1,2023,23:55,5,1,6,56,56260,2,4,2,2,1
202300031244,20,1,2023,19:10,5,1,3,56,56260,2,4,1,1,1
202300031244,20,1,2023,19:10,5,1,3,56,56260,2,4,3,2,1
202300031245,18,1,2023,08:10,2,1,6,52,52448,2,4,2,4,1
202300031246,20,1,2023,17:50,5,1,6,51,51058,2,4,2,1,2
202300031247,19,1,2023,12:45,1,1,3,51,51454,2,4,1,1,1
202300031247,19,1,2023,12:45,1,1,3,51,51454,2,4,2,2,1
202300031248,19,1,2023,17:48,2,2,3,49,49278,2,3,3,1,2
202300031249,19,1,2023,11:45,1,1,6,49,49007,2,4,2,1,2
202300031250,19,1,2023,09:00,1,8,3,49,49007,2,4,2,1,2
202300031250,19,1,2023,09:00,1,8,3,49,49007,2,4,2,1,2
202300031251,19,1,2023,08:49,1,1,4,49,49246,2,4,2,1,7
202300031252,20,1,2023,11:00,1,1,2,45,45208,2,4,1,1,1
202300031253,20,1,2023,08:10,2,8,6,37,37122,2,4,2,1,2
202300031253,20,1,2023,08:10,2,8,6,37,37122,2,4,2,1,2
202300031254,20,1,2023,23:15,5,1,3,35,35238,2,4,1,1,1
202300031255,20,1,2023,17:30,2,1,6,35,35238,2,4,1,1,1
202300031256,20,1,2023,09:20,1,1,3,35,35281,2,4,2,1,7
202300031257,20,1,2023,12:20,1,1,3,34,34172,2,4,2,1,1
202300031258,20,1,2023,11:20,1,8,2,31,31555,2,7,2,1,1
202300031259,19,1,2023,15:35,1,3,3,31,31555,2,1,1,1,2
202300031260,20,1,2023,05:16,3,1,7,29,29232,1,3,3,1,1
202300031261,20,1,2023,12:20,1,1,4,25,25056,2,4,2,1,1
202300031262,20,1,2023,11:00,1,1,6,25,25056,2,4,2,1,1
202300031263,20,1,2023,03:50,3,9,2,19,19031,2,4,2,1,9
202300031264,20,1,2023,15:00,1,1,2,17,17415,2,4,2,1,2
202300031265,20,1,2023,17:20,1,1,3,17,17306,2,4,2,1,1
202300031265,20,1,2023,17:20,1,1,3,17,17306,2,4,2,1,1
202300031266,20,1,2023,11:05,1,1,6,17,17306,2,4,2,1,2
202300031267,20,1,2023,03:13,3,8,7,17,17300,1,2,3,1,7
202300031268,20,1,2023,18:00,3,1,1,13,13102,2,3,1,1,1
202300031268,20,1,2023,18:00,3,1,1,13,13102,2,3,1,1,1
202300031269,20,1,2023,16:40,2,1,1,13,13213,2,4,2,1,1
202300031270,20,1,2023,11:50,1,1,3,13,13201,2,4,1,2,1
202300031270,20,1,2023,11:50,1,1,3,13,13201,2,4,1,2,1
202300031271,20,1,2023,08:00,1,1,3,13,13210,2,4,2,1,1
202300031272,20,1,2023,00:45,5,1,1,13,13214,1,4,2,2,1
202300031273,20,1,2023,20:20,5,1,1,13,13005,2,4,2,3,1
202300031274,20,1,2023,14:06,1,1,6,10,10387,2,4,2,1,1
202300031275,20,1,2023,07:48,5,8,6,10,10387,2,4,1,1,2
202300031276,18,1,2023,12:00,1,1,6,10,10387,2,4,2,1,1
202300031276,18,1,2023,12:00,1,1,6,10,10387,2,4,2,1,1
202300031277,20,1,2023,15:10,1,1,6,06,06029,2,4,2,1,1
202300031278,18,1,2023,19:15,5,1,2,06,06027,2,7,3,1,1
202300031279,20,1,2023,14:30,1,1,5,75,75113,2,4,1,1,1
202300031280,20,1,2023,09:55,2,1,5,75,75116,2,4,1,1,1
202300031281,20,1,2023,08:19,1,1,3,75,75114,2,4,2,1,1
202300031281,20,1,2023,08:19,1,1,3,75,75114,2,4,1,1,1
202300031282,20,1,2023,18:00,5,1,6,75,75119,2,4,3,1,1
202300031282,20,1,2023,18:00,5,1,6,75,75119,2,4,1,1,1
202300031283,20,1,2023,09:10,1,1,7,75,75116,2,4,2,1,1
202300031284,20,1,2023,20:10,5,1,6,75,75113,2,4,1,1,1
202300031284,20,1,2023,20:10,5,1,6,75,75113,2,4,2,1,1
202300031285,20,1,2023,19:17,5,1,3,75,75113,2,4,1,1,1
202300031285,20,1,2023,19:17,5,1,3,75,75113,2,4,1,1,1
202300031286,20,1,2023,19:50,5,1,6,75,75112,2,4,2,1,2
202300031287,20,1,2023,13:10,1,1,1,75,75112,2,4,2,1,1
202300031287,20,1,2023,13:10,1,1,1,75,75112,2,4,2,1,1
202300031288,20,1,2023,16:40,1,8,2,75,75107,2,4,-1,1,2
202300031289,19,1,2023,13:40,1,8,6,75,75103,2,4,1,1,1
202300031289,19,1,2023,13:40,1,8,6,75,75103,2,4,2,1,1
202300031290,20,1,2023,07:16,5,2,1,94,94068,2,3,2,1,2
202300031291,19,1,2023,18:15,5,2,6,94,94068,2,4,2,1,2
202300031292,19,1,2023,12:40,1,1,3,94,94068,2,4,1,1,1
202300031293,19,1,2023,20:30,5,2,3,94,94052,2,3,2,2,2
202300031294,20,1,2023,07:50,5,1,6,94,94038,2,3,2,1,1
202300031294,20,1,2023,07:50,5,1,6,94,94038,2,3,2,1,1
202300031295,18,1,2023,09:54,1,1,6,93,93030,2,4,2,1,1
202300031295,18,1,2023,09:54,1,1,6,93,93030,2,4,2,1,1
202300031296,11,1,2023,00:30,5,2,2,92,92073,2,3,3,1,2
202300031297,19,1,2023,23:20,5,2,6,92,92064,2,3,2,2,2
202300031298,20,1,2023,16:20,1,8,2,92,92051,2,4,-1,1,1
202300031299,20,1,2023,12:20,1,1,3,92,92051,2,3,1,1,1
202300031299,20,1,2023,12:20,1,1,3,92,92051,2,3,1,1,1
202300031300,20,1,2023,21:00,5,2,6,92,92020,2,4,2,1,2
202300031301,19,1,2023,18:40,5,2,3,92,92049,2,3,1,1,2
202300031302,20,1,2023,00:10,5,2,6,92,92035,2,4,1,1,2
202300031303,20,1,2023,19:46,5,1,3,92,92025,2,3,-1,2,1
202300031304,20,1,2023,20:47,5,1,6,92,92012,2,3,3,1,1
202300031305,18,1,2023,14:55,1,1,3,92,92012,2,3,2,1,1
202300031305,18,1,2023,14:55,1,1,3,92,92012,2,3,2,1,1
202300031306,7,1,2023,23:45,3,1,4,83,83062,1,1,3,1,1
202300031307,11,1,2023,16:55,1,1,3,69,69382,1,7,3,1,2
202300031308,20,1,2023,19:15,3,1,5,33,33397,1,1,3,3,1
202300031309,20,1,2023,18:40,3,1,2,33,33249,1,2,1,2,1
202300031310,20,1,2023,06:25,3,2,7,33,33162,1,1,3,1,2
202300031311,18,1,2023,11:50,1,1,3,93,93007,1,1,3,1,1
202300031312,30,7,2023,01:30,5,1,3,75,75110,2,4,1,2,1
202300031313,30,7,2023,15:27,1,1,3,973,97302,2,4,2,1,1
202300031313,30,7,2023,15:27,1,1,3,973,97302,2,4,2,1,1
202300031314,19,1,2023,08:10,2,2,6,22,22278,2,3,2,1,2
202300031315,30,7,2023,03:40,5,1,3,973,97302,2,4,-1,1,1
202300031316,19,1,2023,20:30,5,5,1,27,27229,2,4,2,2,2
202300031317,30,7,2023,00:35,5,1,7,973,97302,2,2,1,1,1
202300031318,18,1,2023,14:00,1,1,6,77,77186,2,3,2,1,1
202300031318,18,1,2023,14:00,1,1,6,77,77186,2,3,2,1,1
202300031319,29,7,2023,18:50,3,1,4,971,97113,1,3,2,1,1
202300031320,29,7,2023,02:45,5,1,6,971,97113,2,2,3,1,1
202300031321,19,1,2023,14:20,1,1,3,976,97611,2,2,2,1,1
202300031322,31,7,2023,01:55,5,1,6,2A,2A004,2,4,1,4,1
202300031323,19,1,2023,18:20,5,1,3,69,69383,2,4,1,1,1
202300031323,19,1,2023,18:20,5,1,3,69,69383,2,4,1,1,1
202300031324,30,7,2023,07:45,1,1,3,95,95500,2,4,1,1,1