id_accident,jour,mois,annee,heure_minute,luminosite,meteo,type_collision,departement,commune,agglomeration,categorie_route,regime_circulation,profil_route,etat_surface
202300031324,30,7,2023,07:45,1,1,3,95,95500,2,4,3,1,1
202300031325,19,1,2023,03:47,4,1,2,69,69387,2,4,1,1,1
202300031326,13,1,2023,07:45,1,2,7,972,97213,1,4,2,1,2
202300031327,30,7,2023,18:00,1,1,3,91,91657,2,4,1,1,1
202300031327,30,7,2023,18:00,1,1,3,91,91657,2,4,1,1,1
202300031328,19,1,2023,07:50,1,1,3,972,97213,2,4,-1,1,1
202300031328,19,1,2023,07:50,1,1,3,972,97213,2,4,1,1,1
202300031329,30,7,2023,16:45,1,1,6,83,83062,2,3,3,1,1
202300031330,19,1,2023,15:19,1,1,3,972,97209,1,3,2,2,1
202300031331,18,1,2023,18:45,2,8,3,69,69382,2,4,2,1,1
202300031331,18,1,2023,18:45,2,8,3,69,69382,2,4,2,1,1
202300031332,30,7,2023,17:21,1,1,1,77,77108,2,3,1,1,1
202300031332,30,7,2023,17:21,1,1,1,77,77108,2,3,2,2,1
202300031333,19,1,2023,11:55,1,1,6,971,97113,1,4,2,1,1
202300031334,30,7,2023,06:00,1,1,3,77,77058,1,4,2,1,1
202300031334,30,7,2023,06:00,1,1,3,77,77058,1,4,2,1,1
202300031335,19,1,2023,08:55,1,1,6,2A,2A004,2,3,2,2,1
202300031336,29,7,2023,17:05,1,1,6,76,76026,1,3,2,2,1
202300031337,19,1,2023,15:20,1,1,6,95,95277,2,4,1,1,1
202300031338,30,7,2023,16:56,1,1,3,64,64024,2,4,2,1,1
202300031339,18,1,2023,11:20,1,1,6,95,95203,2,4,1,1,1
202300031340,18,1,2023,09:06,1,9,7,87,87085,2,3,3,1,2
202300031340,18,1,2023,09:06,1,9,7,87,87085,2,3,2,1,2
202300031341,30,7,2023,02:45,5,8,3,62,62617,2,3,2,1,1
202300031341,30,7,2023,02:45,5,8,3,62,62617,2,3,2,1,1
202300031342,19,1,2023,13:40,1,1,3,83,83137,2,4,2,1,1
202300031343,29,7,2023,21:30,1,1,3,56,56260,2,3,2,1,1
202300031344,16,1,2023,08:25,5,2,6,80,80021,2,4,2,1,2
202300031345,29,7,2023,17:25,1,1,3,49,49328,2,4,1,1,1
202300031346,16,1,2023,07:35,5,3,6,80,80021,2,4,3,1,2
202300031347,30,7,2023,19:40,1,1,6,44,44109,2,4,2,1,1
202300031347,30,7,2023,19:40,1,1,6,44,44109,2,4,1,1,1
202300031348,19,1,2023,15:20,1,1,6,77,77333,2,4,1,1,1
202300031349,18,1,2023,11:20,1,1,2,77,77186,1,3,3,3,1
202300031350,30,7,2023,16:15,1,1,3,37,37261,2,4,2,1,1
202300031350,30,7,2023,16:15,1,1,3,37,37261,2,4,2,1,1
202300031351,18,1,2023,08:15,2,1,6,77,77013,1,3,2,1,2
202300031352,30,7,2023,00:50,5,1,4,31,31555,2,4,1,1,1
202300031353,19,1,2023,18:10,5,1,3,76,76231,2,7,2,1,1
202300031353,19,1,2023,18:10,5,1,3,76,76231,2,7,1,1,1
202300031354,30,7,2023,19:04,1,1,6,17,17306,2,4,3,1,1
202300031355,19,1,2023,06:00,3,2,2,76,76351,1,3,3,2,7
202300031356,25,7,2023,13:15,1,1,3,12,12145,2,4,2,1,1
202300031357,18,1,2023,15:15,1,4,2,76,76351,2,4,2,1,2
202300031357,18,1,2023,15:15,1,4,2,76,76351,2,4,2,1,2
202300031358,30,7,2023,06:30,1,1,1,02,02408,2,3,2,1,2
202300031359,18,1,2023,03:00,5,1,1,76,76351,2,4,2,1,2
202300031360,30,7,2023,01:17,3,1,6,75,75112,2,4,2,1,2
202300031360,30,7,2023,01:17,3,1,6,75,75112,2,4,2,1,1
202300031361,18,1,2023,09:30,1,4,2,76,76707,1,3,2,1,7
202300031362,30,7,2023,14:20,1,1,3,75,75118,2,4,1,1,1
202300031362,30,7,2023,14:20,1,1,3,75,75118,2,4,-1,1,1
202300031363,17,1,2023,08:45,1,2,3,71,71076,2,3,3,1,2
202300031363,17,1,2023,08:45,1,2,3,71,71076,2,3,3,1,2
202300031364,20,1,2023,00:45,5,1,6,69,69275,2,7,2,1,1
202300031364,20,1,2023,00:45,5,1,6,69,69275,2,7,2,2,1
202300031365,30,7,2023,16:00,1,1,2,75,75116,2,4,1,1,1
202300031365,30,7,2023,16:00,1,1,2,75,75116,2,4,-1,1,1
202300031366,19,1,2023,18:20,5,1,6,69,69264,2,4,2,1,1
202300031367,29,7,2023,19:35,1,1,4,75,75112,2,4,2,1,1
202300031368,19,1,2023,14:30,1,1,3,69,69264,2,3,2,1,1
202300031368,19,1,2023,14:30,1,1,3,69,69264,2,3,2,1,1
202300031369,30,7,2023,15:45,1,1,3,75,75103,2,4,1,1,1
202300031369,30,7,2023,15:45,1,1,3,75,75103,2,4,1,1,1
202300031370,19,1,2023,09:30,1,4,1,69,69290,2,4,2,1,5
202300031371,19,1,2023,07:05,5,1,3,68,68066,2,3,3,2,1
202300031372,30,7,2023,18:30,1,1,1,94,94077,2,3,2,2,1
202300031372,30,7,2023,18:30,1,1,1,94,94077,2,3,2,1,1
202300031373,19,1,2023,10:30,1,9,6,66,66136,2,4,2,1,1
202300031373,19,1,2023,10:30,1,9,6,66,66136,2,4,2,1,1
202300031374,29,7,2023,21:50,2,2,6,94,94002,2,4,1,1,2
202300031375,13,1,2023,11:02,1,1,3,63,63063,2,7,2,1,1
202300031376,30,7,2023,18:24,1,1,3,92,92040,2,3,2,1,1
202300031376,30,7,2023,18:24,1,1,3,92,92040,2,3,2,1,1
202300031377,18,1,2023,12:50,1,7,3,62,62523,2,3,1,1,1
202300031377,18,1,2023,12:50,1,7,3,62,62523,2,3,1,1,1
202300031378,30,7,2023,20:30,1,1,3,92,92025,2,3,3,1,1
202300031379,19,1,2023,07:25,3,1,6,61,61466,1,3,3,2,1
202300031380,19,1,2023,08:55,1,1,6,60,60057,2,4,2,1,1
202300031381,28,7,2023,22:35,3,1,1,50,50447,1,3,2,1,1
202300031382,19,1,2023,19:45,5,1,2,59,59508,2,7,1,1,1
202300031383,31,7,2023,16:40,1,1,1,12,12287,2,3,2,1,1
202300031384,20,1,2023,01:00,3,9,6,59,59206,2,3,-1,1,1
202300031385,30,7,2023,09:50,1,1,6,35,35177,1,3,3,1,1
202300031386,31,7,2023,09:50,1,1,6,2A,2A211,1,2,2,1,1
202300031387,19,1,2023,11:51,1,2,3,56,56121,2,4,2,2,2
202300031388,29,7,2023,17:45,1,1,3,2A,2A119,1,3,2,2,1
202300031389,18,1,2023,10:05,1,1,2,56,56098,2,3,2,1,1
202300031390,31,7,2023,16:00,1,1,2,52,52114,1,3,2,1,1
202300031391,18,1,2023,08:00,5,2,6,56,56098,2,4,2,1,2
202300031392,30,7,2023,02:19,3,1,7,18,18259,1,4,2,2,1
202300031393,16,1,2023,17:50,5,3,6,54,54580,2,3,2,1,2
202300031394,28,7,2023,16:20,1,3,3,36,36011,1,3,2,1,2
202300031395,19,1,2023,06:55,3,8,7,54,54028,1,3,2,1,2
202300031396,24,7,2023,00:40,3,2,7,76,76413,2,3,2,1,2
202300031397,19,1,2023,18:12,5,1,3,51,51454,2,4,-1,1,1
202300031397,19,1,2023,18:12,5,1,3,51,51454,2,4,-1,1,1
202300031398,30,7,2023,21:53,3,1,6,38,38239,1,3,2,1,1
202300031399,17,1,2023,08:35,2,2,3,50,50129,2,3,2,1,2
202300031399,17,1,2023,08:35,2,2,3,50,50129,2,3,2,2,2
202300031400,31,7,2023,02:30,3,1,2,44,44103,1,2,3,1,1
202300031401,31,7,2023,10:09,1,1,7,12,12270,1,1,3,2,1
202300031402,18,1,2023,19:20,5,1,2,49,49214,2,3,1,1,2
202300031403,18,1,2023,17:44,5,8,6,49,49007,2,4,2,1,1
202300031404,24,7,2023,13:34,1,1,6,22,22175,1,3,2,1,1
202300031405,30,7,2023,06:20,2,1,1,77,77436,1,3,2,1,1
202300031406,18,1,2023,07:57,5,1,2,49,49015,2,4,2,1,7
202300031406,18,1,2023,07:57,5,1,2,49,49015,2,4,3,1,7
202300031407,18,1,2023,07:10,5,1,7,49,49246,2,4,1,1,7
202300031408,31,7,2023,00:10,3,1,6,61,61301,1,1,3,1,1
202300031409,21,7,2023,22:41,3,1,7,40,40167,1,3,2,1,1
202300031410,19,1,2023,18:52,3,3,1,47,47201,2,2,2,1,2
202300031410,19,1,2023,18:52,3,3,1,47,47201,2,2,2,1,2
202300031411,19,7,2023,12:15,1,1,6,56,56020,1,6,-1,1,1
202300031412,28,7,2023,18:45,1,2,1,67,67305,2,4,2,1,2
202300031413,19,1,2023,07:50,2,8,3,47,47001,2,4,2,1,1
202300031413,19,1,2023,07:50,2,8,3,47,47001,2,4,1,1,1
202300031414,20,7,2023,11:30,1,1,6,67,67500,2,3,2,1,1
202300031415,29,7,2023,17:40,1,1,7,80,80437,1,3,2,1,1
202300031416,29,7,2023,04:00,3,1,6,82,82175,1,3,2,1,1
202300031417,17,1,2023,11:55,1,1,1,37,37214,2,4,2,2,2
202300031418,30,7,2023,18:25,1,1,7,71,71450,1,3,2,2,1
202300031419,17,1,2023,07:55,5,2,6,35,35288,2,4,2,1,2
202300031420,31,7,2023,06:20,2,1,3,71,71170,2,3,2,1,1
202300031420,31,7,2023,06:20,2,1,3,71,71170,2,3,2,2,1
202300031421,19,1,2023,18:45,5,8,6,35,35238,2,4,3,1,2
202300031421,19,1,2023,18:45,5,8,6,35,35238,2,4,3,1,2
202300031422,22,7,2023,12:10,1,1,6,12,12208,2,4,1,2,1
202300031422,22,7,2023,12:10,1,1,6,12,12208,2,4,2,1,1
202300031423,31,7,2023,08:35,1,1,6,12,12031,1,3,2,2,9
202300031424,19,1,2023,16:45,1,1,2,35,35238,1,4,1,2,2
202300031425,31,7,2023,20:15,1,1,6,42,42329,2,3,2,4,1
202300031425,31,7,2023,20:15,1,1,6,42,42329,2,3,2,3,1
202300031426,19,1,2023,17:00,2,3,6,33,33318,2,4,2,1,2
202300031427,30,7,2023,21:00,2,1,6,47,47106,2,3,1,1,1
202300031428,18,1,2023,18:05,2,1,3,29,29019,2,4,-1,1,1
202300031428,18,1,2023,18:05,2,1,3,29,29019,2,4,-1,1,1
202300031429,29,7,2023,19:06,1,1,6,47,47110,2,3,2,1,1
202300031429,29,7,2023,19:06,1,1,6,47,47110,2,3,2,1,1
202300031430,19,1,2023,10:20,1,1,6,26,26198,2,4,2,1,1
202300031431,25,7,2023,16:15,1,1,3,22,22222,1,3,2,1,1
202300031432,19,1,2023,23:25,5,2,6,22,22278,2,3,1,1,2
202300031433,28,7,2023,07:40,1,1,1,39,39286,2,4,1,1,1
202300031434,19,1,2023,09:05,1,8,4,17,17461,2,3,1,1,2
202300031435,30,7,2023,16:00,1,1,1,39,39106,1,3,2,1,1
202300031436,15,7,2023,13:30,1,1,7,25,25180,1,3,2,1,1
202300031437,18,1,2023,17:30,5,4,6,14,14715,2,4,1,1,2
202300031438,28,7,2023,14:45,1,1,2,29,29192,2,3,2,3,1
202300031439,18,1,2023,14:10,1,8,2,14,14715,1,3,-1,1,2
202300031439,18,1,2023,14:10,1,8,2,14,14715,1,3,-1,2,2
202300031440,27,7,2023,18:45,1,2,5,29,29220,1,3,2,1,2
202300031441,19,1,2023,18:55,5,1,3,13,13208,2,4,2,1,1
202300031441,19,1,2023,18:55,5,1,3,13,13208,2,4,2,1,1
202300031442,30,7,2023,15:55,1,1,3,38,38144,1,3,3,2,1
202300031443,19,1,2023,16:00,1,1,6,13,13204,2,4,2,1,1
202300031444,31,7,2023,11:58,1,1,3,38,38130,1,3,2,1,1
202300031445,19,1,2023,07:15,2,1,2,13,13213,2,3,2,1,1
202300031446,30,7,2023,11:46,1,1,6,38,38479,1,3,2,1,1
202300031447,18,1,2023,08:34,1,1,3,13,13208,2,4,2,1,1
202300031448,29,7,2023,13:45,1,3,6,03,03138,1,3,2,2,2
202300031449,28,7,2023,09:30,1,1,2,03,03072,1,3,2,1,1
202300031450,19,1,2023,00:50,5,1,3,13,13206,2,4,1,4,1
202300031450,19,1,2023,00:50,5,1,3,13,13206,2,4,2,1,1
202300031451,30,7,2023,14:40,1,1,7,01,01388,2,3,2,1,1
202300031451,30,7,2023,14:40,1,1,7,01,01388,2,3,2,1,1
202300031452,31,7,2023,20:30,1,1,7,05,05149,1,3,2,1,1
202300031453,18,1,2023,18:40,5,1,6,13,13206,2,4,2,1,1
202300031454,31,7,2023,12:00,1,2,6,50,50417,2,3,2,1,2
202300031454,31,7,2023,12:00,1,2,6,50,50417,2,3,2,1,2
202300031455,18,1,2023,16:20,1,1,3,13,13211,2,4,2,1,1
202300031455,18,1,2023,16:20,1,1,3,13,13211,2,4,1,4,1
202300031456,27,7,2023,19:15,1,1,3,83,83124,1,3,2,1,1
202300031456,27,7,2023,19:15,1,1,3,83,83124,1,3,2,1,1
202300031457,30,7,2023,16:45,1,1,7,83,83046,1,3,2,1,1
202300031458,31,7,2023,17:15,1,3,1,60,60393,2,3,2,1,2
202300031459,30,7,2023,16:36,1,1,1,64,64403,1,3,2,1,1
202300031460,30,7,2023,18:00,1,1,3,64,64461,2,3,2,1,1
202300031460,30,7,2023,18:00,1,1,3,64,64461,2,3,-1,1,1
202300031461,30,7,2023,12:30,1,2,6,64,64015,1,3,2,1,2
202300031462,20,6,2023,13:55,1,1,6,73,73164,1,3,2,2,1
202300031463,30,7,2023,15:40,1,1,1,43,43150,2,2,2,1,1
202300031463,30,7,2023,15:40,1,1,1,43,43150,2,2,-1,1,1
202300031464,30,7,2023,09:30,1,1,6,16,16425,1,3,2,2,1
202300031465,30,7,2023,19:00,1,1,6,53,53228,1,3,2,1,1
202300031466,29,7,2023,11:00,1,1,7,21,21445,1,3,2,2,1
202300031467,21,7,2023,08:10,1,1,1,04,04094,2,3,-1,2,1
202300031468,30,7,2023,12:40,1,1,3,85,85146,2,3,2,1,1
202300031469,30,7,2023,18:20,1,1,7,85,85089,1,4,2,1,1
202300031469,30,7,2023,18:20,1,1,7,85,85089,1,4,2,1,1
202300031470,31,7,2023,11:45,1,2,5,28,28052,1,3,2,1,2
202300031471,29,7,2023,17:45,1,1,7,23,23220,2,3,2,2,1
202300031472,30,7,2023,17:30,1,1,7,87,87187,2,3,2,1,1
202300031472,30,7,2023,17:30,1,1,7,87,87187,2,3,-1,1,-1
202300031473,28,7,2023,03:45,3,3,2,37,37122,1,3,3,1,2
202300031474,30,7,2023,02:05,5,5,1,30,30122,1,3,2,2,2
202300031475,29,7,2023,17:30,1,1,7,48,48144,1,3,2,1,1
202300031476,29,7,2023,21:10,5,1,1,987,98734,2,2,2,1,1
202300031477,29,7,2023,23:20,5,1,6,30,30169,2,4,1,2,1
202300031478,31,7,2023,16:44,1,1,6,01,01266,2,3,-1,1,1
202300031479,30,7,2023,19:50,5,1,5,987,98715,1,2,3,2,1
202300031480,28,7,2023,23:45,3,1,6,33,33072,1,1,1,1,1
202300031481,28,7,2023,14:45,1,1,2,34,34172,1,1,3,1,1
202300031482,31,7,2023,15:10,1,1,5,21,21405,1,1,3,1,1
202300031483,31,7,2023,04:00,5,1,6,73,73304,2,3,2,1,1
202300031484,31,7,2023,13:00,1,1,6,11,11441,1,1,3,1,1
202300031485,31,7,2023,09:50,1,1,4,30,30189,1,1,3,1,1
202300031486,29,7,2023,20:20,3,1,6,988,98831,1,4,2,1,1
202300031487,29,7,2023,22:45,3,1,6,988,98802,1,2,2,2,1
202300031488,29,7,2023,21:40,3,1,1,973,97305,1,2,2,1,1
202300031489,28,7,2023,13:03,1,8,5,45,45063,1,3,2,1,2
202300031489,28,7,2023,13:03,1,8,5,45,45063,1,3,2,1,2
202300031490,30,7,2023,02:00,3,1,6,34,34213,1,3,2,1,1
202300031491,29,7,2023,10:30,1,1,2,34,34209,1,3,2,1,1
202300031492,30,7,2023,12:55,1,1,3,34,34154,1,3,2,1,1
202300031493,27,7,2023,08:15,1,1,3,83,83112,2,3,4,1,1
202300031493,27,7,2023,08:15,1,1,3,83,83112,2,3,2,1,1
202300031494,30,7,2023,09:20,1,1,3,13,13082,1,3,2,1,1
202300031495,30,7,2023,08:30,1,1,3,13,13059,1,3,2,2,1
202300031496,29,7,2023,20:20,1,1,7,13,13048,2,9,2,1,1
202300031497,30,7,2023,13:55,1,1,7,71,71150,2,4,2,1,1
202300031498,31,7,2023,08:35,1,1,3,67,67127,2,3,2,1,1
202300031499,30,7,2023,19:28,2,1,6,54,54090,2,4,2,2,1
202300031499,30,7,2023,19:28,2,1,6,54,54090,2,4,-1,2,1
202300031500,30,7,2023,14:00,1,1,1,63,63092,1,3,-1,2,1
202300031501,29,7,2023,10:15,1,1,6,07,07127,2,4,2,1,1
202300031502,28,7,2023,14:00,1,1,7,85,85222,2,4,3,1,1
202300031503,30,7,2023,07:55,1,1,6,29,29237,2,3,2,1,1
202300031504,30,7,2023,16:53,1,1,3,22,22198,1,4,2,1,1
202300031504,30,7,2023,16:53,1,1,3,22,22198,1,4,2,1,1
202300031505,26,7,2023,14:45,1,1,3,22,22198,1,3,-1,1,1
202300031506,31,7,2023,09:40,1,8,3,22,22186,1,4,3,1,1
202300031506,31,7,2023,09:40,1,8,3,22,22186,1,4,2,1,1
202300031507,29,7,2023,16:20,1,1,1,59,59399,2,3,2,1,1
202300031508,29,7,2023,11:00,1,1,3,13,13071,1,1,1,1,1
202300031509,29,7,2023,03:45,3,1,2,13,13005,1,1,1,1,1
202300031510,5,7,2023,04:35,3,1,6,83,83144,1,1,3,2,1
202300031511,30,7,2023,15:45,1,1,4,33,33550,1,1,3,1,1
202300031512,30,7,2023,01:25,3,1,6,33,33162,1,1,3,2,1
202300031513,30,7,2023,16:10,1,1,3,91,91689,1,1,3,1,1
202300031514,14,4,2023,13:15,1,1,3,76,76681,2,7,2,1,1
202300031514,14,4,2023,13:15,1,1,3,76,76681,2,7,2,1,1
202300031515,30,7,2023,13:23,1,1,4,92,92002,1,1,-1,1,1
202300031516,13,4,2023,19:00,1,1,5,76,76296,1,3,-1,1,1
202300031517,29,7,2023,22:58,3,1,2,91,91689,1,1,1,2,1
202300031518,30,7,2023,01:30,3,1,6,92,92064,1,1,1,1,2
202300031519,14,4,2023,14:40,1,3,2,72,72181,2,4,3,1,2
202300031520,14,4,2023,09:10,1,2,6,72,72181,2,4,-1,1,2
202300031520,14,4,2023,09:10,1,2,6,72,72181,2,4,-1,1,2
202300031521,30,7,2023,06:45,2,1,3,94,94018,1,1,1,1,1
202300031522,13,4,2023,17:50,1,1,6,71,71270,2,4,1,1,1
202300031523,29,7,2023,21:55,3,1,6,77,77495,1,1,3,1,1
202300031524,14,4,2023,21:50,5,2,6,69,69256,2,4,2,1,2
202300031525,25,4,2023,07:55,1,1,1,42,42186,2,7,2,2,1
202300031526,14,4,2023,02:30,5,1,6,69,69264,2,3,2,1,1
202300031527,28,7,2023,11:10,1,1,6,38,38053,2,4,1,1,1
202300031528,27,7,2023,10:45,1,1,6,34,34301,2,4,2,1,1
202300031528,27,7,2023,10:45,1,1,6,34,34301,2,4,-1,1,1
202300031529,13,4,2023,10:32,1,1,6,66,66136,2,4,3,1,1
202300031530,10,3,2023,10:55,1,3,3,974,97409,2,2,2,1,2
202300031531,14,4,2023,10:15,1,3,3,64,64545,1,3,2,1,2
202300031532,29,7,2023,07:50,1,1,5,974,97411,2,2,-1,1,1
202300031533,28,7,2023,16:15,1,1,2,974,97411,2,2,3,1,1
202300031533,28,7,2023,16:15,1,1,2,974,97411,2,2,2,1,1
202300031534,14,4,2023,08:36,1,1,1,60,60057,2,4,1,1,1
202300031535,29,7,2023,17:50,1,1,6,974,97407,2,6,-1,1,1
202300031536,14,4,2023,03:10,4,1,6,59,59648,2,4,3,1,1
202300031537,29,7,2023,11:27,1,1,3,973,97302,2,2,1,1,1
202300031538,29,7,2023,00:10,5,1,1,973,97302,2,3,2,1,1
202300031539,14,4,2023,10:50,1,1,3,59,59317,2,7,2,1,1
202300031540,29,7,2023,01:00,5,1,3,69,69386,2,4,1,1,1
202300031540,29,7,2023,01:00,5,1,3,69,69386,2,4,1,1,1
202300031541,14,4,2023,13:20,1,1,6,57,57447,2,4,2,1,1
202300031542,29,7,2023,04:05,5,9,6,95,95288,2,3,2,1,2
202300031543,13,4,2023,19:00,1,2,2,56,56121,2,4,2,1,2
202300031544,28,7,2023,23:20,5,1,3,91,91216,2,3,-1,2,1
202300031545,13,4,2023,17:55,1,1,3,51,51454,2,4,1,1,2
202300031545,13,4,2023,17:55,1,1,3,51,51454,2,4,-1,1,2
202300031546,29,7,2023,13:46,1,8,7,86,86066,1,3,3,1,2
202300031547,13,4,2023,11:20,1,1,1,50,50129,2,4,1,1,2
202300031547,13,4,2023,11:20,1,1,1,50,50129,2,4,2,1,2
202300031548,16,6,2023,15:10,1,1,6,79,79329,2,4,2,1,1
202300031548,16,6,2023,15:10,1,1,6,79,79329,2,4,2,1,1
202300031549,12,4,2023,18:15,1,1,7,49,49099,2,4,2,1,1
202300031550,28,7,2023,18:50,1,2,6,78,78481,2,3,1,1,2
202300031550,28,7,2023,18:50,1,2,6,78,78481,2,3,1,1,2
202300031551,29,7,2023,13:30,1,2,6,77,77251,1,3,2,1,2
202300031552,14,4,2023,08:50,1,1,3,49,49007,2,4,3,1,2
202300031552,14,4,2023,08:50,1,1,3,49,49007,2,4,3,1,2
202300031553,29,7,2023,23:15,5,2,6,76,76681,2,4,2,1,2
202300031554,29,7,2023,14:31,1,1,3,72,72181,2,4,2,1,1
202300031555,14,4,2023,04:55,5,1,3,49,49007,2,4,2,1,1
202300031555,14,4,2023,04:55,5,1,3,49,49007,2,4,2,1,1
202300031556,11,4,2023,16:50,1,1,6,44,44132,2,4,-1,1,1
202300031557,29,7,2023,22:50,5,1,3,64,64122,2,4,2,2,1
202300031558,14,4,2023,18:50,1,2,6,38,38185,2,7,3,1,2
202300031559,14,4,2023,17:55,1,1,3,38,38151,2,4,2,1,1
202300031559,14,4,2023,17:55,1,1,3,38,38151,2,4,2,1,1
202300031560,29,7,2023,18:15,1,1,3,64,64024,2,4,3,1,1
202300031561,14,4,2023,07:40,1,8,3,38,38185,2,4,2,1,1
202300031561,14,4,2023,07:40,1,8,3,38,38185,2,4,2,1,1
202300031562,29,7,2023,16:45,1,1,7,64,64102,2,4,2,2,1
202300031563,14,4,2023,13:00,1,1,7,37,37261,2,4,3,1,2
202300031564,14,4,2023,12:40,1,2,7,37,37122,1,3,2,1,2
202300031565,29,7,2023,10:40,1,2,6,63,63113,1,7,2,1,2
202300031566,14,4,2023,04:50,3,1,6,36,36202,1,3,2,1,1
202300031567,29,7,2023,20:10,1,1,6,60,60159,2,4,2,1,1
202300031567,29,7,2023,20:10,1,1,6,60,60159,2,4,2,1,1
202300031568,14,4,2023,23:30,5,1,5,35,35238,2,4,1,4,1
202300031568,14,4,2023,23:30,5,1,5,35,35238,2,4,2,2,1
202300031569,14,4,2023,19:40,1,1,6,35,35238,2,4,2,1,1
202300031570,28,7,2023,18:40,1,1,6,59,59041,2,4,2,1,1
202300031571,14,4,2023,15:50,1,1,3,35,35238,2,4,3,1,1
202300031572,29,7,2023,02:15,5,1,6,59,59350,2,4,2,1,1
202300031572,29,7,2023,02:15,5,1,6,59,59350,2,4,1,1,1
202300031573,25,7,2023,17:10,1,1,3,54,54431,2,4,2,1,1
202300031573,25,7,2023,17:10,1,1,3,54,54431,2,4,2,1,1
202300031574,29,7,2023,16:45,1,1,6,54,54257,2,4,2,1,1
202300031575,29,7,2023,07:00,1,1,6,54,54382,2,4,2,2,1
202300031576,14,4,2023,23:00,5,2,6,33,33063,2,4,2,1,2
202300031577,29,7,2023,12:30,1,1,2,37,37233,2,4,2,1,1
202300031578,14,4,2023,11:20,1,3,6,33,33063,2,4,2,1,2
202300031579,29,7,2023,11:00,1,2,7,37,37261,2,4,2,1,2
202300031580,14,4,2023,12:30,1,2,2,31,31483,2,3,2,1,2
202300031581,28,7,2023,12:20,1,2,6,37,37261,2,4,1,2,2
202300031582,29,7,2023,04:55,3,1,6,33,33009,2,3,-1,1,1
202300031583,14,4,2023,18:05,1,1,6,29,29254,1,4,2,1,1
202300031584,29,7,2023,11:35,1,1,3,31,31555,2,7,2,1,1
202300031585,14,4,2023,16:45,1,2,7,28,28134,1,3,2,1,2
202300031586,29,7,2023,18:45,1,8,3,27,27562,2,3,2,1,1
202300031587,29,7,2023,05:30,3,2,7,17,17300,1,2,3,1,2
202300031588,14,4,2023,17:21,1,2,6,27,27681,2,4,3,1,2
202300031589,15,7,2023,16:48,1,1,2,10,10333,2,4,2,1,1
202300031590,4,3,2023,09:50,1,1,6,33,33249,1,2,1,2,1
202300031591,14,4,2023,09:45,1,1,3,27,27681,2,4,1,1,1
202300031592,29,7,2023,04:49,3,1,3,10,10191,1,3,3,1,1
202300031593,4,3,2023,15:33,1,1,7,75,75114,1,1,1,1,1
202300031594,25,7,2023,09:55,1,1,6,06,06123,2,4,2,1,1
202300031594,25,7,2023,09:55,1,1,6,06,06123,2,4,1,2,1
202300031595,15,4,2023,00:01,3,2,5,23,23096,2,4,2,1,2
202300031596,4,3,2023,16:00,1,1,7,91,91235,1,2,1,2,8
202300031597,11,11,2023,18:45,3,1,3,13,13209,2,4,2,1,1
202300031598,8,4,2023,10:30,1,1,6,22,22278,2,4,1,1,1
202300031599,28,7,2023,10:40,1,1,3,06,06123,2,7,3,1,1
202300031600,3,3,2023,23:04,5,1,2,92,92050,1,1,1,1,1
202300031601,11,11,2023,15:00,1,1,2,13,13214,2,4,2,1,1
202300031602,28,7,2023,12:00,1,1,1,04,04070,2,4,2,1,1
202300031603,8,4,2023,18:00,1,1,3,19,19031,2,3,2,1,1
202300031603,8,4,2023,18:00,1,1,3,19,19031,2,3,2,1,1
202300031604,3,3,2023,19:15,3,1,3,92,92036,1,1,1,1,1
202300031605,25,7,2023,11:15,1,1,6,04,04070,2,9,-1,1,1
202300031606,7,4,2023,12:20,1,1,3,19,19031,2,4,1,1,1
202300031606,7,4,2023,12:20,1,1,3,19,19031,2,4,1,1,1
202300031607,9,11,2023,13:45,1,2,5,13,13214,2,9,2,1,2
202300031608,4,3,2023,19:10,3,1,5,95,95277,1,3,3,1,1
202300031609,29,7,2023,20:00,1,1,7,01,01344,2,3,2,1,1
202300031610,13,4,2023,15:00,1,1,6,14,14366,2,4,3,1,1
202300031611,12,11,2023,01:20,5,3,1,13,13001,2,4,1,1,2
202300031612,29,7,2023,10:20,1,1,7,75,75114,2,4,1,1,1
202300031613,3,3,2023,22:20,3,1,2,93,93048,1,1,1,1,1
202300031614,14,4,2023,19:15,1,2,2,13,13201,2,4,2,2,2
202300031614,14,4,2023,19:15,1,2,2,13,13201,2,4,3,1,2
202300031615,14,4,2023,10:50,1,1,1,13,13214,2,4,1,1,1
202300031616,11,11,2023,19:46,3,2,3,11,11069,1,3,1,1,2
202300031616,11,11,2023,19:46,3,2,3,11,11069,1,3,1,1,2
202300031617,4,3,2023,07:30,1,1,2,77,77058,1,1,1,1,1
202300031618,28,7,2023,17:40,1,1,4,75,75112,2,4,1,1,2
202300031619,11,11,2023,17:25,2,2,7,11,11069,2,4,1,1,2
202300031619,11,11,2023,17:25,2,2,7,11,11069,2,4,1,1,2
202300031620,3,3,2023,22:30,3,1,7,77,77517,1,1,1,1,1
202300031621,14,4,2023,10:30,1,1,1,13,13206,2,4,1,2,1
202300031621,14,4,2023,10:30,1,1,1,13,13206,2,4,1,1,1
202300031622,29,7,2023,13:28,1,1,2,75,75106,2,4,1,1,1
202300031622,29,7,2023,13:28,1,1,2,75,75106,2,4,1,1,1
202300031623,10,11,2023,17:00,2,3,1,11,11069,1,3,2,1,2
202300031624,2,3,2023,08:20,1,1,3,976,97611,2,2,2,1,1