id_accident,jour,mois,annee,heure_minute,luminosite,meteo,type_collision,departement,commune,agglomeration,categorie_route,regime_circulation,profil_route,etat_surface
202300031625,13,4,2023,18:09,1,1,6,10,10387,2,4,1,1,1
202300031626,13,4,2023,21:10,5,2,6,09,09122,2,4,1,1,2
202300031627,28,7,2023,19:20,1,8,1,75,75119,2,4,2,1,2
202300031627,28,7,2023,19:20,1,8,1,75,75119,2,4,-1,1,2
202300031628,11,11,2023,11:35,1,2,3,10,10333,2,4,2,1,2
202300031629,15,4,2023,00:55,5,2,6,05,05061,2,2,1,2,2
202300031629,15,4,2023,00:55,5,2,6,05,05061,2,2,2,1,2
202300031630,2,3,2023,09:00,1,1,3,974,97416,2,3,2,1,1
202300031630,2,3,2023,09:00,1,1,3,974,97416,2,3,2,2,1
202300031631,31,3,2023,13:30,1,1,6,04,04112,2,3,2,2,1
202300031632,29,7,2023,19:01,1,2,6,75,75118,2,4,2,2,2
202300031632,29,7,2023,19:01,1,2,6,75,75118,2,4,1,2,2
202300031633,8,11,2023,15:00,1,1,2,10,10325,1,3,2,1,1
202300031634,1,3,2023,14:25,1,1,2,974,97416,1,2,3,1,1
202300031635,11,4,2023,16:45,1,1,3,75,75115,2,4,1,1,1
202300031636,15,5,2023,08:00,1,1,1,13,13078,2,4,2,1,1
202300031636,15,5,2023,08:00,1,1,1,13,13078,2,4,2,1,1
202300031637,9,11,2023,14:25,1,2,7,07,07102,1,3,-1,1,2
202300031638,14,4,2023,08:52,1,1,6,75,75105,2,4,1,1,1
202300031638,14,4,2023,08:52,1,1,6,75,75105,2,4,1,1,1
202300031639,2,3,2023,17:20,1,1,3,974,97411,2,2,1,1,1
202300031640,29,7,2023,08:05,1,1,7,75,75118,2,4,1,2,1
202300031640,29,7,2023,08:05,1,1,7,75,75118,2,4,1,2,1
202300031641,24,5,2023,07:20,1,1,2,59,59653,1,2,4,2,1
202300031642,6,11,2023,20:15,4,1,6,06,06083,2,3,-1,2,1
202300031642,6,11,2023,20:15,4,1,6,06,06083,2,3,2,2,1
202300031643,14,4,2023,12:30,1,1,3,75,75120,2,4,2,2,1
202300031643,14,4,2023,12:30,1,1,3,75,75120,2,4,1,1,1
202300031644,23,5,2023,18:05,1,1,6,48,48032,1,1,3,2,1
202300031645,28,7,2023,17:30,1,1,3,75,75115,2,4,2,1,1
202300031646,1,3,2023,12:07,1,1,6,974,97409,2,4,2,1,1
202300031647,26,4,2023,19:10,2,1,6,06,06029,2,4,2,1,1
202300031648,14,4,2023,17:40,1,2,1,75,75119,2,4,-1,2,2
202300031648,14,4,2023,17:40,1,2,1,75,75119,2,4,-1,1,2
202300031649,23,5,2023,16:35,1,1,2,04,04102,1,3,2,1,1
202300031650,28,7,2023,15:25,1,2,6,75,75115,2,4,2,1,2
202300031650,28,7,2023,15:25,1,2,6,75,75115,2,4,1,1,2
202300031651,2,3,2023,17:25,1,1,6,69,69383,2,4,1,1,1
202300031651,2,3,2023,17:25,1,1,6,69,69383,2,4,1,1,1
202300031652,11,11,2023,10:45,1,1,3,06,06027,2,7,3,1,1
202300031652,11,11,2023,10:45,1,1,3,06,06027,2,7,2,1,1
202300031653,14,4,2023,09:10,1,1,3,75,75118,2,4,1,1,1
202300031653,14,4,2023,09:10,1,1,3,75,75118,2,4,1,1,1
202300031654,24,5,2023,10:15,1,1,3,51,51030,1,3,2,1,1
202300031655,2,3,2023,17:31,1,1,6,972,97213,2,4,1,1,1
202300031656,29,7,2023,09:25,1,1,3,75,75112,2,4,3,1,1
202300031656,29,7,2023,09:25,1,1,3,75,75112,2,4,1,1,1
202300031657,24,5,2023,07:25,2,1,7,19,19261,1,4,2,1,1
202300031658,11,11,2023,01:25,5,1,2,75,75120,2,4,2,2,1
202300031659,14,4,2023,00:10,5,1,3,75,75118,2,4,3,1,1
202300031659,14,4,2023,00:10,5,1,3,75,75118,2,4,2,1,1
202300031660,1,3,2023,09:40,1,1,6,972,97209,2,2,3,1,1
202300031660,1,3,2023,09:40,1,1,6,972,97209,2,2,1,1,1
202300031661,20,5,2023,18:30,1,7,6,56,56166,1,3,2,1,1
202300031662,29,7,2023,14:55,1,1,3,75,75108,2,4,2,1,1
202300031662,29,7,2023,14:55,1,1,3,75,75108,2,4,2,1,1
202300031663,14,4,2023,19:15,2,2,6,75,75117,2,4,-1,1,2
202300031663,14,4,2023,19:15,2,2,6,75,75117,2,4,2,1,2
202300031664,11,11,2023,16:10,1,1,3,75,75117,2,4,1,1,1
202300031664,11,11,2023,16:10,1,1,3,75,75117,2,4,1,1,1
202300031665,2,3,2023,20:25,5,1,3,69,69384,2,4,1,1,1
202300031665,2,3,2023,20:25,5,1,3,69,69384,2,4,2,1,1
202300031666,29,7,2023,12:30,1,1,3,75,75108,2,4,2,1,1
202300031666,29,7,2023,12:30,1,1,3,75,75108,2,4,-1,1,1
202300031667,14,4,2023,14:54,1,3,7,75,75117,2,4,2,1,2
202300031667,14,4,2023,14:54,1,3,7,75,75117,2,4,2,1,2
202300031668,23,5,2023,18:15,1,1,5,59,59436,1,3,2,1,1
202300031668,23,5,2023,18:15,1,1,5,59,59436,1,3,2,1,1
202300031669,11,11,2023,02:20,5,1,3,75,75116,2,4,1,1,1
202300031669,11,11,2023,02:20,5,1,3,75,75116,2,4,1,1,1
202300031670,14,4,2023,19:45,2,2,2,75,75116,2,4,2,1,2
202300031671,29,7,2023,01:20,5,1,6,75,75101,2,4,2,1,2
202300031671,29,7,2023,01:20,5,1,6,75,75101,2,4,1,1,2
202300031672,2,3,2023,16:20,1,1,6,69,69384,2,4,2,2,1
202300031673,11,11,2023,11:00,1,1,6,75,75115,2,4,1,1,1
202300031674,24,5,2023,19:00,1,1,1,76,76549,2,3,2,1,1
202300031675,14,4,2023,02:30,5,1,1,75,75116,2,4,2,1,1
202300031675,14,4,2023,02:30,5,1,1,75,75116,2,4,1,1,1
202300031676,22,2,2023,08:50,1,1,6,91,91228,2,4,2,1,1
202300031677,10,11,2023,23:15,5,9,6,75,75115,2,4,1,1,2
202300031677,10,11,2023,23:15,5,9,6,75,75115,2,4,2,1,2
202300031678,23,5,2023,17:55,1,1,1,79,79204,2,3,2,1,1
202300031678,23,5,2023,17:55,1,1,1,79,79204,2,3,1,4,1
202300031679,14,4,2023,08:46,1,1,3,75,75110,2,4,2,1,1
202300031680,16,2,2023,13:00,1,1,6,91,91174,2,4,2,1,1
202300031681,11,11,2023,19:15,5,1,1,75,75111,2,4,2,1,1
202300031681,11,11,2023,19:15,5,1,1,75,75111,2,4,2,1,1
202300031682,14,4,2023,18:25,1,2,3,75,75109,2,4,1,1,2
202300031682,14,4,2023,18:25,1,2,3,75,75109,2,4,1,1,2
202300031683,16,2,2023,09:00,1,1,6,91,91228,2,4,2,1,1
202300031683,16,2,2023,09:00,1,1,6,91,91228,2,4,2,1,1
202300031684,24,5,2023,11:35,1,1,7,65,65031,1,3,1,1,9
202300031685,11,11,2023,00:50,5,1,3,75,75111,2,4,2,1,2
202300031685,11,11,2023,00:50,5,1,3,75,75111,2,4,2,1,2
202300031686,14,4,2023,14:30,1,2,4,75,75108,2,4,2,1,2
202300031687,2,3,2023,18:00,1,1,2,83,83137,2,4,1,1,1
202300031688,24,5,2023,06:45,1,1,7,71,71310,2,4,2,1,1
202300031689,13,4,2023,19:52,1,1,7,75,75104,2,4,1,1,1
202300031690,11,11,2023,17:25,5,1,6,75,75110,2,4,1,1,1
202300031691,24,5,2023,10:30,1,1,6,89,89370,2,3,2,1,1
202300031692,1,3,2023,17:10,1,1,1,82,82121,1,3,2,1,1
202300031693,14,4,2023,19:59,1,2,3,94,94074,2,3,3,2,2
202300031694,10,11,2023,21:00,2,2,6,75,75104,2,4,2,1,2
202300031694,10,11,2023,21:00,2,2,6,75,75104,2,4,1,1,2
202300031695,14,4,2023,15:30,1,2,6,94,94033,2,4,2,1,2
202300031696,24,5,2023,10:11,1,1,2,41,41159,1,3,2,1,1
202300031697,25,2,2023,02:37,5,1,6,80,80021,2,4,2,1,1
202300031698,11,11,2023,07:08,5,1,6,94,94078,2,2,3,1,1
202300031698,11,11,2023,07:08,5,1,6,94,94078,2,2,3,1,1
202300031699,3,3,2023,02:15,3,1,7,79,79300,1,4,2,1,1
202300031700,23,5,2023,19:52,1,1,7,68,68208,1,3,2,1,6
202300031701,14,4,2023,20:00,1,1,3,94,94011,2,3,2,1,1
202300031702,21,5,2023,20:35,1,1,7,22,22381,1,3,2,1,1
202300031703,1,3,2023,09:20,1,7,6,76,76681,2,4,2,1,1
202300031703,1,3,2023,09:20,1,7,6,76,76681,2,4,2,1,1
202300031704,14,4,2023,07:50,1,1,3,94,94028,2,4,1,1,1
202300031704,14,4,2023,07:50,1,1,3,94,94028,2,4,2,1,1
202300031705,10,11,2023,16:00,1,2,2,94,94002,2,3,2,1,2
202300031706,28,2,2023,21:48,5,1,6,76,76270,2,4,1,2,2
202300031707,20,5,2023,14:55,1,1,3,29,29158,2,3,2,1,1
202300031708,14,4,2023,07:40,1,1,6,94,94074,2,3,3,1,1
202300031708,14,4,2023,07:40,1,1,6,94,94074,2,3,2,1,1
202300031709,11,11,2023,23:00,5,1,3,93,93078,2,3,3,1,1
202300031710,2,3,2023,07:15,2,1,2,72,72181,2,4,2,1,1
202300031711,23,5,2023,13:30,1,1,3,02,02303,2,3,-1,1,1
202300031711,23,5,2023,13:30,1,1,3,02,02303,2,3,-1,1,1
202300031712,13,4,2023,14:00,1,1,4,94,94011,1,3,3,1,1
202300031713,1,3,2023,11:00,1,1,3,72,72181,2,4,2,1,1
202300031714,11,11,2023,09:25,1,8,3,93,93077,2,4,2,1,2
202300031714,11,11,2023,09:25,1,8,3,93,93077,2,4,2,1,2
202300031715,24,5,2023,12:45,1,1,6,03,03254,2,3,2,1,1
202300031716,13,4,2023,11:00,1,1,3,94,94017,2,3,3,1,1
202300031716,13,4,2023,11:00,1,1,3,94,94017,2,3,1,1,1
202300031717,28,2,2023,14:35,1,1,6,70,70261,1,2,2,1,1
202300031718,2,3,2023,23:00,5,1,6,69,69266,2,4,2,1,1
202300031719,14,4,2023,12:40,1,2,3,93,93073,1,4,1,1,2
202300031719,14,4,2023,12:40,1,2,3,93,93073,1,4,2,1,2
202300031720,23,5,2023,17:00,1,1,6,01,01306,2,3,2,1,1
202300031720,23,5,2023,17:00,1,1,6,01,01306,2,3,2,1,1
202300031721,11,11,2023,13:00,1,8,4,93,93001,2,3,3,1,2
202300031721,11,11,2023,13:00,1,8,4,93,93001,2,3,2,1,2
202300031722,2,3,2023,11:15,1,1,6,69,69264,2,3,2,1,1
202300031723,23,5,2023,18:45,1,1,6,01,01426,1,3,2,1,1
202300031724,11,11,2023,13:59,1,8,1,92,92078,2,3,3,1,1
202300031725,13,4,2023,18:30,1,2,5,93,93046,2,4,2,1,2
202300031725,13,4,2023,18:30,1,2,5,93,93046,2,4,2,1,2
202300031726,2,3,2023,03:45,5,1,6,66,66136,2,4,2,1,1
202300031727,19,5,2023,10:45,1,1,6,72,72010,1,3,2,1,1
202300031728,14,4,2023,11:00,1,1,3,93,93070,2,3,2,1,1
202300031729,10,11,2023,19:10,5,2,3,92,92048,2,4,2,1,2
202300031729,10,11,2023,19:10,5,2,3,92,92048,2,4,2,1,2
202300031730,1,3,2023,10:05,1,1,6,66,66136,2,4,3,1,1
202300031731,14,4,2023,07:30,1,1,3,93,93066,2,4,2,1,1
202300031732,11,11,2023,05:30,5,2,6,92,92012,2,3,1,1,2
202300031732,11,11,2023,05:30,5,2,6,92,92012,2,3,-1,1,2
202300031733,24,5,2023,12:10,1,1,5,50,50219,1,3,2,1,1
202300031733,24,5,2023,12:10,1,1,5,50,50219,1,3,2,1,1
202300031734,2,3,2023,15:36,1,1,2,64,64132,2,4,2,1,1
202300031735,14,4,2023,18:45,2,2,6,93,93031,2,3,2,1,2
202300031735,14,4,2023,18:45,2,2,6,93,93031,2,3,3,1,2
202300031736,26,9,2023,08:35,1,1,6,40,40075,1,1,1,1,1
202300031737,24,5,2023,07:40,1,1,7,60,60319,1,6,-1,1,1
202300031738,1,3,2023,09:00,1,1,6,64,64445,2,4,2,1,1
202300031739,14,4,2023,09:10,1,1,6,92,92073,2,3,2,2,1
202300031740,23,5,2023,14:00,1,1,6,73,73019,1,3,2,2,1
202300031741,12,11,2023,06:30,3,2,1,91,91086,1,3,2,1,2
202300031742,14,4,2023,10:50,1,1,3,92,92064,1,4,2,2,1
202300031743,1,3,2023,15:45,1,1,3,64,64122,2,4,1,2,1
202300031743,1,3,2023,15:45,1,1,3,64,64122,2,4,1,1,1
202300031744,12,11,2023,13:45,1,1,7,38,38336,1,2,2,2,2
202300031745,22,5,2023,04:25,3,1,6,36,36018,1,4,-1,1,1
202300031746,12,11,2023,16:30,2,2,6,21,21572,1,1,1,1,3
202300031747,13,4,2023,21:55,5,2,5,92,92063,2,3,2,2,2
202300031748,1,3,2023,09:45,1,1,3,64,64122,2,4,2,1,1
202300031749,23,5,2023,22:45,3,1,6,24,24484,2,3,3,1,1
202300031750,24,5,2023,12:20,1,1,3,85,85234,2,4,-1,1,1
202300031751,2,3,2023,16:10,1,1,3,64,64024,2,4,1,1,1
202300031752,2,10,2023,10:20,1,1,2,71,71550,1,1,3,1,1
202300031753,14,4,2023,16:45,1,3,3,92,92050,2,3,4,2,2
202300031753,14,4,2023,16:45,1,3,3,92,92050,2,3,1,1,2
202300031754,12,11,2023,00:45,3,8,6,974,97422,1,3,2,2,1
202300031755,14,4,2023,16:45,1,2,3,92,92050,2,4,2,1,2
202300031756,24,5,2023,16:50,1,1,3,28,28116,1,3,2,1,1
202300031756,24,5,2023,16:50,1,1,3,28,28116,1,3,2,1,1
202300031757,1,3,2023,13:10,1,1,2,63,63113,2,7,3,1,1
202300031757,1,3,2023,13:10,1,1,2,63,63113,2,7,2,1,1
202300031758,12,11,2023,08:00,1,1,6,972,97222,2,4,2,1,1
202300031759,14,4,2023,12:25,1,1,3,92,92049,2,3,1,1,1
202300031759,14,4,2023,12:25,1,1,3,92,92049,2,3,1,1,1
202300031760,13,4,2023,21:25,5,3,6,92,92025,2,3,4,2,2
202300031761,22,5,2023,17:20,1,1,3,87,87116,1,2,2,1,1
202300031762,2,3,2023,13:30,1,1,3,60,60057,2,4,2,1,1
202300031763,11,11,2023,14:50,1,1,5,972,97205,1,2,2,1,1
202300031764,23,5,2023,20:37,1,1,6,37,37050,2,4,2,1,1
202300031765,1,3,2023,23:00,3,1,6,59,59343,2,7,1,1,1
202300031766,14,4,2023,17:52,1,2,3,92,92024,2,3,1,1,2
202300031766,14,4,2023,17:52,1,2,3,92,92024,2,3,1,1,2
202300031767,11,11,2023,17:55,3,2,3,44,44071,2,3,2,1,2
202300031767,11,11,2023,17:55,3,2,3,44,44071,2,3,2,1,2
202300031768,24,5,2023,12:40,1,1,6,30,30228,1,3,2,1,1
202300031769,14,4,2023,22:55,5,2,7,92,92023,2,4,2,2,2
202300031769,14,4,2023,22:55,5,2,7,92,92023,2,4,2,1,2
202300031770,2,3,2023,09:00,1,1,7,59,59350,2,4,1,1,1
202300031771,24,5,2023,09:15,1,1,1,52,52442,1,2,2,1,1
202300031772,14,4,2023,06:30,2,1,3,92,92012,2,3,2,1,1
202300031772,14,4,2023,06:30,2,1,3,92,92012,2,3,1,1,1
202300031773,1,3,2023,11:30,1,1,1,59,59024,2,3,2,1,1
202300031774,10,11,2023,15:30,1,2,4,95,95633,1,3,3,2,2
202300031775,15,4,2023,06:30,2,2,7,51,51457,1,3,2,1,2
202300031776,23,5,2023,07:48,2,1,2,67,67176,1,3,2,1,1
202300031777,2,3,2023,21:50,3,1,6,59,59043,1,3,2,1,1
202300031778,13,4,2023,06:30,1,1,3,972,97217,2,3,1,1,1
202300031779,12,11,2023,18:50,3,2,3,56,56010,1,3,2,1,2
202300031779,12,11,2023,18:50,3,2,3,56,56010,1,3,2,1,2
202300031780,1,3,2023,11:25,1,1,1,57,57631,2,3,2,2,1
202300031781,21,5,2023,16:58,1,2,1,11,11170,2,4,2,1,2
202300031782,28,3,2023,16:35,1,1,5,83,83004,1,3,2,1,1
202300031783,2,3,2023,05:20,3,1,6,56,56121,1,3,3,1,1
202300031784,14,4,2023,18:10,1,3,3,23,23195,2,3,2,1,2
202300031784,14,4,2023,18:10,1,3,3,23,23195,2,3,2,1,2
202300031785,10,11,2023,12:50,1,6,1,2B,2B043,1,3,2,2,2
202300031786,23,5,2023,20:55,2,1,3,29,29234,1,3,2,1,1
202300031787,1,3,2023,07:40,1,1,3,56,56121,2,4,3,2,1
202300031788,15,4,2023,14:00,1,3,6,52,52014,1,1,3,1,3
202300031789,12,11,2023,06:30,3,1,6,80,80613,1,3,2,1,1
202300031790,12,11,2023,02:30,3,3,6,71,71543,2,3,2,2,2
202300031791,22,5,2023,22:50,4,1,3,37,37110,1,3,2,1,1
202300031791,22,5,2023,22:50,4,1,3,37,37110,1,3,2,1,1
202300031792,1,3,2023,09:12,1,1,1,54,54184,2,7,2,1,1
202300031793,13,4,2023,08:55,1,1,4,22,22389,1,2,3,1,1
202300031794,24,5,2023,11:10,1,1,1,77,77175,1,3,2,1,1
202300031795,14,4,2023,11:05,1,1,7,62,62307,1,3,2,2,1
202300031796,11,11,2023,04:30,3,1,6,63,63165,1,4,2,1,2
202300031797,1,3,2023,17:00,1,1,6,54,54099,2,4,2,1,1
202300031798,15,4,2023,18:05,1,1,6,56,56140,1,3,1,1,1
202300031799,10,11,2023,11:05,1,1,7,49,49155,1,3,3,1,1
202300031800,23,5,2023,22:05,3,1,1,91,91148,1,3,2,1,1
202300031801,15,4,2023,01:20,3,2,6,56,56177,1,3,2,1,2
202300031802,1,3,2023,09:45,1,1,6,51,51454,2,4,2,1,1
202300031803,23,5,2023,17:20,1,1,7,2B,2B168,2,3,2,2,1
202300031804,15,4,2023,00:45,3,1,6,56,56186,2,4,1,2,1
202300031805,4,11,2023,15:00,1,3,1,39,39470,1,2,2,1,2
202300031806,9,3,2023,12:20,1,1,6,47,47001,2,4,1,1,1
202300031807,15,4,2023,12:40,1,1,7,56,56243,2,4,2,1,1
202300031808,23,5,2023,12:00,1,1,2,84,84036,2,3,2,1,1
202300031808,23,5,2023,12:00,1,1,2,84,84036,2,3,2,1,1
202300031809,10,11,2023,07:00,2,2,1,25,25278,1,3,2,1,2
202300031810,15,4,2023,07:15,1,1,7,79,79132,1,3,2,1,1
202300031811,23,5,2023,17:50,1,1,7,68,68262,1,3,2,1,1
202300031812,12,11,2023,09:00,1,1,6,35,35290,1,4,2,1,1
202300031813,2,3,2023,19:45,5,1,1,38,38185,2,7,-1,1,1
202300031813,2,3,2023,19:45,5,1,1,38,38185,2,7,4,1,1
202300031813,2,3,2023,19:45,5,1,1,38,38185,2,7,-1,1,1
202300031814,14,4,2023,21:05,3,1,1,80,80019,1,3,2,1,2
202300031815,14,4,2023,21:50,3,2,6,82,82192,1,3,2,1,2
202300031816,23,5,2023,23:00,3,1,2,88,88183,1,9,-1,1,1
202300031817,12,11,2023,01:20,3,2,6,38,38422,1,4,2,2,2
202300031818,2,3,2023,08:50,1,1,6,38,38185,2,4,2,1,1
202300031818,2,3,2023,08:50,1,1,6,38,38185,2,4,2,1,1
202300031819,14,4,2023,19:50,1,2,6,71,71010,2,3,2,1,2
202300031820,24,5,2023,16:40,1,1,7,55,55414,1,3,3,1,1
202300031821,15,4,2023,07:30,2,2,7,63,63149,1,3,2,1,2
202300031822,12,11,2023,17:50,5,3,5,38,38012,1,3,2,1,2
202300031823,2,3,2023,13:00,1,1,5,35,35150,1,2,2,2,1
202300031824,24,5,2023,18:16,1,1,3,69,69159,2,3,2,1,1
202300031825,11,11,2023,14:40,1,1,1,84,84068,1,3,2,4,1
202300031826,8,4,2023,14:45,1,1,7,63,63443,1,3,2,1,1
202300031826,8,4,2023,14:45,1,1,7,63,63443,1,3,2,1,1
202300031827,23,5,2023,11:40,1,1,3,14,14258,2,6,-1,1,1
202300031828,11,11,2023,16:15,1,1,1,07,07319,2,4,2,2,1
202300031829,2,3,2023,23:25,5,1,3,33,33318,2,1,1,1,1
202300031829,2,3,2023,23:25,5,1,3,33,33318,2,1,1,1,1
202300031830,14,4,2023,17:49,1,1,1,61,61087,1,3,2,1,1
202300031831,10,11,2023,12:33,1,1,6,07,07157,2,3,2,1,1
202300031832,23,5,2023,16:42,1,1,6,56,56178,2,4,2,1,1
202300031833,15,4,2023,15:30,1,1,6,12,12113,1,9,-1,1,9
202300031834,2,3,2023,02:05,5,1,3,33,33063,2,4,2,1,1
202300031834,2,3,2023,02:05,5,1,3,33,33063,2,4,1,1,1
202300031835,23,5,2023,16:05,1,1,6,22,22040,1,3,2,1,1
202300031836,14,4,2023,22:15,3,1,6,02,02489,1,3,2,1,1
202300031836,14,4,2023,22:15,3,1,6,02,02489,1,3,2,1,1
202300031837,12,11,2023,07:05,2,2,1,21,21429,1,3,2,1,2
202300031838,28,2,2023,08:55,1,1,1,33,33162,2,4,2,1,1
202300031839,15,4,2023,02:15,3,1,6,72,72315,1,3,2,1,2
202300031840,8,11,2023,18:35,5,3,6,85,85084,2,3,1,1,2
202300031841,2,3,2023,18:10,1,1,6,28,28404,2,4,2,1,1
202300031842,24,5,2023,00:45,4,1,7,27,27022,2,4,2,1,1
202300031843,12,11,2023,03:30,3,2,7,17,17024,1,3,2,1,2
202300031844,15,4,2023,11:35,1,2,3,64,64065,1,4,2,1,2
202300031844,15,4,2023,11:35,1,2,3,64,64065,1,4,2,2,2
202300031845,2,3,2023,13:00,1,7,1,27,27375,2,4,2,1,1
202300031846,14,4,2023,22:10,3,3,1,24,24577,1,3,2,2,2
202300031847,23,5,2023,20:45,2,7,1,59,59139,2,4,4,1,1
202300031848,14,4,2023,17:30,1,3,6,87,87185,1,3,2,1,2
202300031849,11,11,2023,06:50,2,1,3,37,37251,1,3,2,1,2
202300031849,11,11,2023,06:50,2,1,3,37,37251,1,3,2,1,2
202300031850,22,5,2023,00:40,3,2,6,33,33013,1,2,3,4,2
202300031851,1,3,2023,08:38,1,1,2,27,27229,2,4,2,1,1
202300031852,15,4,2023,10:30,1,8,1,48,48041,1,3,2,2,1
202300031853,11,11,2023,19:00,3,1,1,30,30018,1,3,2,4,1
202300031854,23,5,2023,18:30,1,1,2,94,94034,1,1,-1,1,1
202300031855,9,4,2023,20:05,1,1,6,24,24331,1,3,2,1,1
202300031856,12,11,2023,08:20,1,1,7,30,30224,1,3,2,1,2
202300031857,23,5,2023,20:00,1,1,2,91,91086,1,2,1,1,1
202300031858,2,3,2023,20:35,3,1,2,15,15012,1,3,2,4,1
202300031859,15,4,2023,09:24,1,1,5,84,84007,1,2,2,1,1
202300031859,15,4,2023,09:24,1,1,5,84,84007,1,2,2,1,1
202300031860,23,5,2023,17:10,1,1,5,91,91086,1,2,-1,1,1
202300031861,14,4,2023,12:30,1,1,3,34,34163,1,3,-1,1,1
202300031861,14,4,2023,12:30,1,1,3,34,34163,1,3,2,1,1
202300031862,11,11,2023,20:20,3,2,5,64,64520,1,1,3,1,2
202300031863,15,4,2023,05:25,3,1,6,988,98803,1,2,2,1,1
202300031864,12,11,2023,04:45,3,1,6,973,97311,2,3,2,1,1
202300031865,1,3,2023,12:05,1,1,4,13,13103,1,3,2,1,1
202300031866,8,4,2023,09:30,1,1,7,988,98829,1,3,2,1,1
202300031867,11,11,2023,13:30,1,1,3,33,33199,2,4,1,1,1
202300031868,23,5,2023,17:55,1,1,3,91,91228,1,2,3,1,1
202300031869,20,2,2023,02:50,3,1,7,13,13056,2,4,2,2,1
202300031870,11,2,2023,20:00,5,1,3,971,97128,2,3,2,1,1
202300031870,11,2,2023,20:00,5,1,3,971,97128,2,3,2,1,1
202300031871,12,11,2023,01:30,3,2,2,77,77217,1,3,2,1,2
202300031872,11,4,2023,02:00,5,1,2,971,97125,1,2,2,1,2
202300031873,1,3,2023,12:30,1,1,3,13,13214,2,4,2,1,1
202300031874,23,5,2023,18:00,1,1,5,91,91570,1,2,1,1,1
202300031875,12,11,2023,12:55,1,1,6,2A,2A041,1,2,2,1,1
202300031876,14,4,2023,14:20,1,1,1,972,97228,2,4,2,2,1
202300031877,23,5,2023,19:00,1,1,2,95,95018,1,1,3,1,1
202300031878,11,11,2023,17:00,2,1,1,66,66145,1,3,2,1,1
202300031879,9,4,2023,16:35,1,1,2,95,95199,2,3,2,2,1
202300031880,2,3,2023,08:15,1,1,3,13,13214,2,3,2,1,1
202300031880,2,3,2023,08:15,1,1,3,13,13214,2,3,2,2,1
202300031881,10,11,2023,15:55,1,1,6,34,34327,2,3,1,1,1
202300031881,10,11,2023,15:55,1,1,6,34,34327,2,3,1,1,1
202300031882,23,5,2023,18:15,1,1,3,93,93066,1,1,3,1,1
202300031883,8,4,2023,10:35,1,1,3,78,78128,1,3,2,1,1
202300031883,8,4,2023,10:35,1,1,3,78,78128,1,3,2,1,1
202300031884,1,3,2023,19:00,5,1,6,13,13005,2,4,2,1,1
202300031885,11,11,2023,15:00,1,1,6,83,83047,2,6,-1,1,1
202300031886,14,4,2023,22:00,3,1,2,78,78090,1,3,3,1,2
202300031887,23,5,2023,12:30,1,1,2,95,95488,1,1,3,1,1
202300031888,11,11,2023,15:10,1,1,6,83,83053,2,3,2,1,1
202300031889,14,4,2023,13:35,1,1,3,2B,2B296,1,3,2,2,1
202300031890,23,5,2023,07:50,1,1,3,93,93006,1,1,3,1,1
202300031891,11,11,2023,11:48,1,2,1,68,68351,1,3,2,1,2
202300031892,2,3,2023,08:11,1,1,1,13,13001,2,4,2,1,1
202300031892,2,3,2023,08:11,1,1,1,13,13001,2,4,-1,1,1
202300031893,14,4,2023,15:10,1,1,2,2B,2B042,1,2,3,1,1
202300031894,11,11,2023,11:50,1,1,1,03,03316,2,4,2,1,1
202300031894,11,11,2023,11:50,1,1,1,03,03316,2,4,2,1,1
202300031895,14,4,2023,13:30,1,1,6,04,04171,1,3,2,3,1
202300031896,1,3,2023,16:20,1,1,5,13,13001,1,3,1,1,1
202300031897,23,5,2023,10:05,1,1,4,93,93007,1,1,3,1,1
202300031898,15,4,2023,14:10,1,1,2,68,68063,1,3,3,1,1
202300031899,11,11,2023,10:30,1,2,2,01,01313,1,3,2,1,2
202300031899,11,11,2023,10:30,1,2,2,01,01313,1,3,2,2,2
202300031900,15,4,2023,07:05,3,2,6,01,01064,2,3,2,1,2
202300031901,2,3,2023,17:05,2,1,6,06,06083,2,3,3,1,1
202300031902,23,5,2023,09:20,1,1,2,93,93006,1,1,3,1,1
202300031903,15,4,2023,07:15,2,1,6,69,69036,2,4,2,1,1
202300031904,10,11,2023,07:30,2,8,3,17,17185,1,3,2,1,2
202300031905,14,4,2023,23:00,3,2,6,69,69159,1,3,2,1,2
202300031906,2,3,2023,19:00,2,1,3,01,01053,2,4,1,1,1
202300031906,2,3,2023,19:00,2,1,3,01,01053,2,4,2,1,1
202300031907,23,5,2023,08:30,1,1,5,93,93007,1,1,1,1,1
202300031908,11,11,2023,10:35,1,8,3,29,29057,2,3,2,1,1
202300031908,11,11,2023,10:35,1,8,3,29,29057,2,3,2,1,1
202300031909,15,4,2023,11:40,1,1,1,22,22136,1,4,2,1,1
202300031910,14,4,2023,22:08,5,2,2,60,60360,2,3,2,1,2
202300031911,10,11,2023,12:00,1,3,2,22,22070,2,4,2,2,2
202300031912,3,3,2023,10:30,1,1,4,75,75116,2,4,1,1,1
202300031913,22,5,2023,10:00,1,1,5,93,93013,1,1,3,1,1
202300031914,2,3,2023,20:25,5,1,3,75,75113,2,4,1,1,1
202300031915,15,4,2023,11:00,1,2,3,60,60461,1,3,2,2,2
202300031916,10,11,2023,18:28,3,1,3,35,35191,1,3,2,1,2