id_accident,jour,mois,annee,heure_minute,luminosite,meteo,type_collision,departement,commune,agglomeration,categorie_route,regime_circulation,profil_route,etat_surface
202300031916,10,11,2023,18:28,3,1,3,35,35191,1,3,2,2,2
202300031917,21,5,2023,23:30,3,1,6,93,93005,1,1,3,1,1
202300031918,14,4,2023,12:00,1,1,3,59,59659,2,3,2,1,1
202300031919,11,11,2023,16:45,1,2,6,76,76462,2,3,2,4,2
202300031919,11,11,2023,16:45,1,2,6,76,76462,2,3,2,4,2
202300031920,1,3,2023,08:45,1,1,3,75,75113,2,4,1,1,1
202300031921,23,5,2023,19:00,1,1,2,94,94017,1,1,-1,1,1
202300031922,3,3,2023,17:45,1,1,6,75,75118,2,4,2,1,1
202300031923,12,11,2023,06:20,5,2,6,80,80780,2,3,2,1,2
202300031923,12,11,2023,06:20,5,2,6,80,80780,2,3,2,1,2
202300031924,23,5,2023,15:20,1,1,3,94,94017,1,1,3,1,1
202300031925,12,4,2023,10:25,1,1,5,42,42207,1,1,3,1,1
202300031926,3,3,2023,13:00,1,1,6,75,75118,2,4,1,1,1
202300031926,3,3,2023,13:00,1,1,6,75,75118,2,4,2,1,1
202300031927,10,11,2023,21:04,5,1,4,13,13215,1,1,3,1,1
202300031928,16,3,2023,20:05,5,1,3,43,43157,2,4,1,1,1
202300031928,16,3,2023,20:05,5,1,3,43,43157,2,4,2,1,1
202300031929,14,4,2023,17:45,1,3,4,33,33063,1,1,3,2,2
202300031930,3,3,2023,17:30,1,1,3,75,75116,2,4,2,1,1
202300031930,3,3,2023,17:30,1,1,3,75,75116,2,4,2,1,1
202300031931,13,4,2023,08:25,1,1,6,62,62907,1,1,-1,1,1
202300031932,10,11,2023,12:20,1,1,5,13,13117,1,1,-1,1,1
202300031933,9,4,2023,08:32,1,5,6,59,59459,1,1,-1,1,1
202300031934,11,11,2023,04:35,3,1,6,83,83090,1,1,3,1,1
202300031935,3,3,2023,15:00,1,1,6,75,75116,2,4,1,1,1
202300031935,3,3,2023,15:00,1,1,6,75,75116,2,4,1,1,1
202300031936,16,3,2023,18:45,5,1,3,43,43099,2,3,2,3,1
202300031936,16,3,2023,18:45,5,1,3,43,43099,2,3,2,1,1
202300031937,11,11,2023,19:40,5,2,6,33,33487,1,1,3,4,2
202300031938,14,4,2023,16:55,1,2,4,91,91064,1,2,1,1,2
202300031939,16,3,2023,17:00,1,1,1,43,43132,1,3,2,1,1
202300031940,3,3,2023,11:20,1,1,3,75,75116,2,4,1,2,1
202300031941,14,4,2023,00:40,5,1,6,92,92004,1,2,1,1,2
202300031942,11,3,2023,20:35,5,1,6,43,43041,2,3,2,1,1
202300031943,14,4,2023,09:00,1,1,3,93,93005,1,1,3,1,1
202300031944,11,11,2023,15:00,1,2,4,33,33039,1,1,3,1,2
202300031945,13,4,2023,17:15,1,1,6,92,92036,1,1,3,1,1
202300031946,2,3,2023,19:15,5,1,2,75,75113,2,4,1,1,1
202300031947,11,3,2023,11:40,1,8,5,43,43218,1,2,2,1,2
202300031948,12,4,2023,08:00,1,1,6,92,92036,1,1,3,1,2
202300031949,11,11,2023,04:15,4,2,4,33,33039,1,1,3,1,2
202300031950,10,3,2023,08:55,1,1,6,43,43157,2,4,-1,2,2
202300031951,24,1,2023,18:30,5,1,2,2A,2A004,2,2,1,1,1
202300031952,3,3,2023,16:35,1,1,3,75,75111,2,4,2,1,1
202300031952,3,3,2023,16:35,1,1,3,75,75111,2,4,1,1,1
202300031953,5,3,2023,11:55,1,1,6,43,43157,2,4,1,1,1
202300031954,11,11,2023,03:55,3,1,4,91,91377,1,1,1,1,1
202300031955,13,4,2023,12:22,1,1,3,976,97611,2,4,2,1,1
202300031956,3,3,2023,20:45,5,1,2,75,75110,2,4,1,1,1
202300031956,3,3,2023,20:45,5,1,2,75,75110,2,4,2,1,1
202300031957,2,3,2023,17:10,2,1,6,43,43157,2,4,1,1,1
202300031958,13,4,2023,16:30,1,1,2,974,97411,2,4,1,3,1
202300031959,10,11,2023,23:55,3,2,5,94,94076,1,1,1,1,2
202300031960,22,5,2023,21:25,5,1,6,95,95277,2,3,2,1,1
202300031961,12,4,2023,05:20,5,1,3,69,69152,2,7,1,1,1
202300031961,12,4,2023,05:20,5,1,3,69,69152,2,7,2,1,1
202300031962,3,3,2023,16:20,1,1,3,75,75107,2,4,1,1,1
202300031962,3,3,2023,16:20,1,1,3,75,75107,2,4,1,1,1
202300031963,13,4,2023,14:08,1,1,2,2B,2B033,2,4,2,2,1
202300031964,3,3,2023,14:41,1,1,6,75,75107,2,4,-1,1,1
202300031965,10,11,2023,21:31,3,8,4,91,91161,1,1,1,1,2
202300031966,22,5,2023,17:00,1,1,6,42,42095,2,4,1,1,1
202300031966,22,5,2023,17:00,1,1,6,42,42095,2,4,1,1,1
202300031967,12,4,2023,15:45,1,1,6,2B,2B033,2,2,2,1,1
202300031968,11,11,2023,19:00,3,8,2,92,92036,1,2,1,1,2
202300031969,2,3,2023,22:55,5,1,3,75,75102,2,4,1,1,1
202300031969,2,3,2023,22:55,5,1,3,75,75102,2,4,2,1,1
202300031970,22,5,2023,18:20,1,1,6,75,75115,2,4,1,1,1
202300031970,22,5,2023,18:20,1,1,6,75,75115,2,4,1,1,1
202300031971,12,4,2023,18:30,1,1,1,2A,2A004,2,3,-1,1,1
202300031971,12,4,2023,18:30,1,1,1,2A,2A004,2,3,2,1,1
202300031972,11,11,2023,17:06,2,8,7,92,92050,1,1,1,1,1
202300031972,11,11,2023,17:06,2,8,7,92,92050,1,1,1,1,1
202300031973,20,5,2023,16:35,1,1,6,76,76351,2,4,2,1,1
202300031974,12,4,2023,14:20,1,7,6,83,83129,2,4,-1,1,1
202300031975,2,3,2023,17:50,1,1,5,94,94046,2,3,2,1,1
202300031976,11,11,2023,21:40,3,1,2,93,93064,1,1,3,1,1
202300031977,13,4,2023,14:10,1,6,3,83,83061,2,3,1,1,1
202300031978,12,3,2023,14:50,1,1,3,43,43234,2,3,1,1,1
202300031979,3,3,2023,13:40,1,1,2,94,94003,2,3,1,1,1
202300031980,11,11,2023,18:35,3,1,2,95,95582,1,1,3,1,1
202300031981,12,4,2023,21:35,2,1,3,83,83061,2,4,2,1,1
202300031981,12,4,2023,21:35,2,1,3,83,83061,2,4,2,1,1
202300031982,3,3,2023,13:15,1,1,2,94,94076,2,3,3,1,1
202300031983,22,5,2023,19:40,5,1,1,976,97611,2,4,2,2,1
202300031984,10,11,2023,15:30,1,2,6,77,77288,2,4,2,1,1
202300031985,22,5,2023,06:10,2,1,6,974,97416,1,4,3,1,1
202300031986,14,6,2023,14:30,1,1,1,24,24256,2,3,2,1,1
202300031987,3,3,2023,21:10,5,1,3,94,94033,2,4,1,1,1
202300031988,13,4,2023,08:40,2,1,6,78,78440,2,3,1,1,1
202300031989,10,11,2023,21:00,5,2,6,988,98818,2,4,2,1,2
202300031989,10,11,2023,21:00,5,2,6,988,98818,2,4,2,1,2
202300031990,21,5,2023,22:00,5,1,6,974,97411,1,2,1,1,1
202300031991,25,2,2023,02:15,4,1,5,94,94028,2,3,1,3,1
202300031992,10,11,2023,17:50,2,1,3,974,97411,2,4,2,2,1
202300031992,10,11,2023,17:50,2,1,3,974,97411,2,4,2,2,1
202300031993,22,5,2023,14:45,1,2,4,973,97302,2,3,2,1,2
202300031993,22,5,2023,14:45,1,2,4,973,97302,2,3,2,1,2
202300031994,12,4,2023,20:00,1,1,3,77,77305,2,4,2,1,1
202300031994,12,4,2023,20:00,1,1,3,77,77305,2,4,2,2,1
202300031995,2,3,2023,14:45,1,1,3,94,94028,2,3,1,1,1
202300031996,10,11,2023,07:15,1,1,6,974,97411,2,4,-1,2,1
202300031996,10,11,2023,07:15,1,1,6,974,97411,2,4,-1,2,1
202300031997,22,5,2023,13:20,1,1,1,69,69386,2,4,1,1,1
202300031998,2,3,2023,19:00,2,1,6,94,94079,2,3,2,1,1
202300031999,9,11,2023,20:10,5,1,1,974,97411,2,4,2,1,1
202300032000,13,4,2023,23:42,5,6,7,76,76322,2,4,2,1,1
202300032001,9,11,2023,12:10,1,1,2,974,97411,2,2,2,1,1
202300032002,21,5,2023,09:47,1,1,2,972,97213,1,2,2,1,1
202300032003,2,3,2023,16:00,1,1,3,94,94017,2,3,3,1,1
202300032004,14,4,2023,01:10,5,2,3,69,69266,2,4,1,1,2
202300032004,14,4,2023,01:10,5,2,3,69,69266,2,4,1,1,2
202300032005,8,11,2023,10:45,1,3,3,974,97411,2,4,1,4,2
202300032005,8,11,2023,10:45,1,3,3,974,97411,2,4,1,2,2
202300032006,1,3,2023,18:00,1,1,6,94,94017,2,4,2,1,1
202300032007,14,4,2023,02:15,5,2,6,69,69290,2,4,2,1,2
202300032008,21,5,2023,22:55,5,1,2,972,97209,1,1,1,2,1
202300032009,10,11,2023,15:53,1,1,3,973,97302,1,2,3,1,2
202300032010,13,4,2023,20:50,5,2,6,69,69259,2,4,2,1,2
202300032010,13,4,2023,20:50,5,2,6,69,69259,2,4,2,1,2
202300032011,1,3,2023,09:01,1,1,3,93,93066,2,3,2,1,1
202300032012,10,11,2023,20:30,5,2,2,69,69386,2,4,1,1,2
202300032012,10,11,2023,20:30,5,2,2,69,69386,2,4,2,1,2
202300032013,13,4,2023,11:20,1,1,2,67,67482,2,4,2,1,1
202300032013,13,4,2023,11:20,1,1,2,67,67482,2,4,2,1,1
202300032014,10,11,2023,12:50,2,1,6,69,69386,2,4,1,1,1
202300032015,12,4,2023,17:25,1,1,7,63,63113,2,4,2,1,1
202300032016,21,5,2023,21:15,3,2,5,971,97101,1,3,-1,1,2
202300032017,10,11,2023,08:40,1,3,3,69,69387,2,4,1,1,2
202300032018,12,4,2023,15:40,1,2,6,62,62727,2,3,3,1,2
202300032018,12,4,2023,15:40,1,2,6,62,62727,2,3,3,1,2
202300032019,3,3,2023,15:05,1,1,6,93,93029,2,6,-1,1,1
202300032020,20,5,2023,02:05,3,2,6,971,97101,2,2,1,1,2
202300032021,10,11,2023,21:20,5,2,3,69,69382,2,4,1,1,2
202300032021,10,11,2023,21:20,5,2,3,69,69382,2,4,1,1,2
202300032022,1,3,2023,14:40,1,1,1,93,93027,2,4,2,1,1
202300032022,1,3,2023,14:40,1,1,1,93,93027,2,4,-1,1,1
202300032023,15,5,2023,11:00,1,1,6,971,97105,2,4,1,1,1
202300032024,13,4,2023,19:00,1,1,4,60,60414,1,3,-1,1,2
202300032025,12,4,2023,09:35,1,2,6,56,56121,2,4,3,1,2
202300032025,12,4,2023,09:35,1,2,6,56,56121,2,4,2,1,2
202300032026,10,11,2023,21:25,5,2,3,69,69384,2,4,1,1,2
202300032026,10,11,2023,21:25,5,2,3,69,69384,2,4,1,1,2
202300032027,22,5,2023,08:50,1,1,6,95,95280,2,4,3,1,1
202300032028,3,3,2023,14:00,1,1,3,93,93047,2,4,2,1,1
202300032028,3,3,2023,14:00,1,1,3,93,93047,2,4,2,1,1
202300032029,12,4,2023,18:00,1,1,1,54,54395,2,4,2,1,1
202300032030,10,11,2023,14:36,1,1,2,2B,2B033,2,4,2,2,1
202300032031,12,4,2023,12:20,1,2,3,54,54304,1,4,1,1,2
202300032031,12,4,2023,12:20,1,2,3,54,54304,1,4,2,1,2
202300032032,3,3,2023,18:20,2,1,4,93,93005,2,3,3,1,1
202300032033,22,5,2023,06:45,2,1,1,95,95555,2,3,2,1,1
202300032034,10,11,2023,22:50,5,2,3,95,95268,2,3,2,1,2
202300032034,10,11,2023,22:50,5,2,3,95,95268,2,3,1,1,2
202300032035,13,4,2023,21:23,5,2,1,54,54028,2,3,2,1,2
202300032035,13,4,2023,21:23,5,2,1,54,54028,2,3,2,1,2
202300032036,3,3,2023,19:40,5,1,2,92,92046,2,3,2,2,1
202300032037,21,5,2023,11:56,1,1,7,87,87085,2,4,2,1,1
202300032038,13,4,2023,09:30,1,1,6,51,51454,2,4,4,1,1
202300032038,13,4,2023,09:30,1,1,6,51,51454,2,4,1,1,1
202300032039,10,11,2023,17:40,5,2,6,95,95280,2,4,2,1,2
202300032039,10,11,2023,17:40,5,2,6,95,95280,2,4,2,1,2
202300032040,20,5,2023,15:02,1,1,7,87,87085,2,3,2,1,1
202300032041,3,3,2023,16:35,1,1,3,92,92073,2,3,2,1,1
202300032042,13,4,2023,08:10,1,1,3,51,51454,2,4,2,1,1
202300032042,13,4,2023,08:10,1,1,3,51,51454,2,4,1,1,1
202300032043,9,11,2023,17:35,2,2,6,91,91549,2,4,2,1,2
202300032044,21,5,2023,07:00,2,1,2,86,86157,1,2,-1,1,1
202300032045,10,11,2023,22:30,3,1,1,91,91377,2,3,2,1,2
202300032046,3,3,2023,06:21,5,1,2,92,92072,2,3,2,1,1
202300032047,13,4,2023,19:40,2,8,3,45,45234,2,4,2,1,1
202300032047,13,4,2023,19:40,2,8,3,45,45234,2,4,2,2,1
202300032048,10,11,2023,17:10,2,2,6,91,91345,2,3,1,1,2
202300032049,9,4,2023,04:45,3,1,6,42,42237,1,7,2,1,1
202300032050,9,5,2023,12:49,1,2,3,80,80021,2,4,2,1,2
202300032050,9,5,2023,12:49,1,2,3,80,80021,2,4,2,1,2
202300032051,3,3,2023,17:30,1,1,3,92,92051,2,4,4,1,1
202300032051,3,3,2023,17:30,1,1,3,92,92051,2,4,-1,1,1
202300032052,13,4,2023,13:43,1,1,2,42,42127,2,2,3,1,2
202300032053,9,11,2023,11:04,1,1,3,87,87085,2,2,4,1,1
202300032053,9,11,2023,11:04,1,1,3,87,87085,2,2,4,2,1
202300032054,4,3,2023,07:20,2,1,7,37,37010,1,2,2,1,1
202300032055,9,5,2023,09:00,1,3,3,80,80021,2,3,2,1,2
202300032056,12,4,2023,17:05,1,3,6,41,41295,1,3,2,1,2
202300032057,22,5,2023,14:40,1,1,6,77,77124,2,4,2,2,1
202300032058,28,2,2023,16:25,1,1,1,2A,2A070,2,3,2,1,1
202300032059,9,11,2023,18:38,3,2,6,87,87085,2,1,1,1,2
202300032060,12,4,2023,16:30,1,2,6,38,38053,2,4,1,1,2
202300032061,18,5,2023,16:10,1,1,6,77,77016,2,4,2,1,1
202300032062,13,4,2023,18:20,1,8,3,36,36044,2,4,2,2,2
202300032063,9,11,2023,18:18,5,3,6,87,87065,2,4,2,1,2
202300032064,13,4,2023,15:45,1,1,6,35,35238,2,4,2,1,2
202300032064,13,4,2023,15:45,1,1,6,35,35238,2,4,2,1,2
202300032065,19,5,2023,17:50,1,1,3,76,76351,2,4,2,2,1
202300032065,19,5,2023,17:50,1,1,3,76,76351,2,4,2,1,1
202300032066,8,11,2023,15:27,1,1,6,87,87085,2,4,2,1,1
202300032067,13,4,2023,15:50,1,1,3,34,34172,2,4,2,1,1
202300032068,3,3,2023,16:00,1,1,1,22,22014,1,3,2,3,1
202300032069,12,4,2023,18:45,1,1,3,34,34172,2,4,2,1,1
202300032070,22,5,2023,10:50,1,1,1,76,76217,2,3,2,2,1
202300032071,10,11,2023,12:58,1,1,3,86,86194,2,4,2,1,1
202300032071,10,11,2023,12:58,1,1,3,86,86194,2,4,-1,1,1
202300032072,1,3,2023,16:50,1,1,6,06,06161,2,3,3,2,1
202300032073,13,4,2023,08:33,1,2,3,32,32013,2,4,-1,1,2
202300032073,13,4,2023,08:33,1,2,3,32,32013,2,4,2,1,2
202300032074,8,11,2023,12:20,1,1,6,84,84007,2,4,2,1,1
202300032074,8,11,2023,12:20,1,1,6,84,84007,2,4,2,1,1
202300032075,4,3,2023,15:20,1,1,1,972,97232,1,3,2,2,1
202300032076,21,5,2023,14:50,1,1,4,72,72181,1,3,2,2,1
202300032077,6,11,2023,15:48,1,1,6,84,84007,2,4,2,1,1
202300032078,13,4,2023,20:35,5,3,3,31,31555,2,7,1,1,2
202300032078,13,4,2023,20:35,5,3,3,31,31555,2,7,1,2,2
202300032079,3,3,2023,14:55,1,1,3,974,97414,1,3,2,1,1
202300032080,17,5,2023,19:20,1,1,6,68,68297,2,4,2,1,1
202300032081,3,11,2023,19:16,2,1,1,84,84007,2,4,2,1,1
202300032081,3,11,2023,19:16,2,1,1,84,84007,2,4,1,1,1
202300032082,12,4,2023,12:10,1,1,1,29,29019,1,4,-1,1,1
202300032082,12,4,2023,12:10,1,1,1,29,29019,1,4,2,1,1
202300032083,3,3,2023,19:00,2,1,1,973,97304,1,9,2,1,1
202300032084,8,4,2023,14:43,1,1,2,29,29019,2,4,3,1,1
202300032085,3,3,2023,23:00,3,1,6,56,56129,1,3,2,1,1
202300032086,31,10,2023,18:30,2,1,6,30,30011,2,4,2,1,1
202300032087,22,5,2023,11:30,1,1,6,67,67447,2,4,2,1,1
202300032087,22,5,2023,11:30,1,1,6,67,67447,2,4,1,1,1
202300032088,12,4,2023,20:30,1,1,1,28,28332,2,4,2,2,2
202300032089,3,3,2023,22:10,5,1,1,67,67105,2,4,2,1,1
202300032090,7,11,2023,08:30,1,5,2,84,84007,1,4,2,1,1
202300032090,7,11,2023,08:30,1,5,2,84,84007,1,4,2,1,1
202300032091,3,3,2023,17:15,1,1,7,76,76452,1,3,2,1,1
202300032092,13,4,2023,10:15,1,1,2,25,25056,2,4,2,2,1
202300032092,13,4,2023,10:15,1,1,2,25,25056,2,4,-1,2,1
202300032093,22,5,2023,08:04,1,1,3,60,60175,1,3,1,1,1
202300032094,10,11,2023,16:25,1,3,1,77,77517,1,3,2,2,2
202300032095,4,3,2023,00:30,3,1,6,76,76367,1,7,2,2,1
202300032096,13,4,2023,17:55,1,1,3,22,22360,2,4,2,1,1
202300032097,18,5,2023,14:50,1,1,6,59,59350,2,4,1,1,1
202300032097,18,5,2023,14:50,1,1,6,59,59350,2,4,1,1,1
202300032098,9,11,2023,09:30,1,2,6,77,77039,1,3,2,1,2
202300032099,4,3,2023,17:10,1,7,3,79,79079,1,3,3,1,1
202300032099,4,3,2023,17:10,1,7,3,79,79079,1,3,2,1,1
202300032100,13,4,2023,10:55,1,2,3,15,15014,2,2,2,1,2
202300032101,11,4,2023,15:06,1,2,6,14,14366,2,4,2,1,2
202300032102,3,3,2023,20:05,3,1,3,65,65069,1,3,2,2,1
202300032103,21,5,2023,07:05,2,1,1,59,59009,1,7,1,1,1
202300032104,8,11,2023,12:45,1,2,1,76,76447,2,3,2,1,2
202300032105,13,4,2023,19:15,1,1,2,13,13212,2,4,2,2,1
202300032105,13,4,2023,19:15,1,1,2,13,13212,2,4,2,2,1
202300032106,4,3,2023,19:00,2,1,6,71,71419,2,4,2,2,1
202300032107,10,11,2023,18:10,5,1,6,72,72181,2,4,2,1,1
202300032108,22,5,2023,17:10,1,1,6,57,57463,2,4,2,2,1
202300032109,13,4,2023,10:17,1,1,2,13,13212,2,4,1,1,1
202300032110,4,3,2023,03:30,3,1,6,46,46064,1,3,2,1,1
202300032110,4,3,2023,03:30,3,1,6,46,46064,1,3,2,2,1
202300032111,10,11,2023,07:10,5,1,6,72,72181,2,4,2,1,2
202300032112,21,5,2023,04:25,3,1,6,56,56162,1,4,2,1,1
202300032113,12,4,2023,20:00,5,2,2,13,13206,2,4,1,1,2
202300032114,4,3,2023,17:25,1,1,7,21,21637,1,4,2,1,1
202300032115,10,11,2023,22:25,5,2,6,69,69266,2,4,1,1,2
202300032116,13,4,2023,13:45,1,1,2,13,13004,1,2,2,1,1
202300032117,3,3,2023,20:15,3,1,1,39,39468,1,3,2,1,1
202300032118,21,5,2023,17:52,1,1,7,49,49015,2,4,2,1,1
202300032119,10,11,2023,09:35,1,1,1,67,67218,2,4,2,1,2
202300032119,10,11,2023,09:35,1,1,1,67,67218,2,4,2,1,2
202300032120,26,6,2023,17:40,1,1,6,50,50082,2,3,2,2,1
202300032121,9,11,2023,21:30,5,1,6,64,64445,2,4,2,1,1
202300032122,13,4,2023,07:46,2,2,5,11,11069,1,3,2,2,2
202300032123,3,3,2023,18:50,3,1,1,25,25212,2,4,2,2,1
202300032123,3,3,2023,18:50,3,1,1,25,25212,2,4,2,1,1
202300032124,21,5,2023,06:45,1,1,6,49,49007,2,3,3,2,1
202300032125,10,11,2023,23:10,5,3,3,64,64024,2,4,3,1,2
202300032126,11,4,2023,11:40,1,1,2,09,09122,2,3,2,3,1
202300032126,11,4,2023,11:40,1,1,2,09,09122,2,3,2,3,1
202300032127,3,3,2023,15:25,1,1,2,44,44029,1,3,2,1,1
202300032128,22,5,2023,11:29,1,1,2,47,47001,2,3,2,1,1
202300032128,22,5,2023,11:29,1,1,2,47,47001,2,3,2,1,-1
202300032129,12,4,2023,18:00,1,1,6,06,06004,2,4,2,2,1
202300032130,25,6,2023,17:20,1,1,3,80,80338,1,3,2,1,1
202300032130,25,6,2023,17:20,1,1,3,80,80338,1,3,2,1,1
202300032131,3,3,2023,14:00,1,1,2,35,35327,1,3,2,1,1
202300032132,10,11,2023,19:00,3,3,4,64,64102,2,3,2,1,2
202300032132,10,11,2023,19:00,3,3,4,64,64102,2,3,2,1,2
202300032133,22,5,2023,18:22,1,1,6,45,45284,2,4,2,1,1
202300032134,26,6,2023,14:50,1,1,7,59,59595,1,3,2,2,1
202300032135,9,11,2023,18:29,5,1,1,64,64024,2,4,2,1,1
202300032135,9,11,2023,18:29,5,1,1,64,64024,2,4,3,1,1
202300032136,27,2,2023,17:10,1,1,3,38,38035,1,3,-1,1,1
202300032136,27,2,2023,17:10,1,1,3,38,38035,1,3,2,1,1
202300032137,22,5,2023,08:43,1,1,3,37,37261,2,4,2,1,1
202300032137,22,5,2023,08:43,1,1,3,37,37261,2,4,2,4,1
202300032138,22,5,2023,08:50,1,1,6,37,37261,2,4,1,1,1
202300032139,4,3,2023,07:25,1,1,1,70,70282,1,3,2,1,1
202300032140,19,6,2023,08:30,1,1,1,59,59559,2,3,2,1,1
202300032141,8,11,2023,10:50,1,1,6,63,63300,2,3,-1,1,9
202300032141,8,11,2023,10:50,1,1,6,63,63300,2,3,2,1,1
202300032142,12,4,2023,14:49,1,8,2,75,75114,2,4,1,1,1
202300032143,22,5,2023,16:25,1,1,3,22,22278,2,4,2,1,1
202300032143,22,5,2023,16:25,1,1,3,22,22278,2,4,3,1,1
202300032144,10,2,2023,16:30,1,1,3,72,72292,1,3,2,2,1
202300032144,10,2,2023,16:30,1,1,3,72,72292,1,3,2,1,1
202300032145,26,6,2023,09:40,1,7,3,59,59388,1,4,2,1,1
202300032146,27,10,2023,12:30,1,1,6,62,62498,2,4,2,2,1
202300032146,27,10,2023,12:30,1,1,6,62,62498,2,4,2,2,1
202300032147,22,5,2023,08:40,1,1,7,22,22278,2,4,4,1,1
202300032147,22,5,2023,08:40,1,1,7,22,22278,2,4,4,1,1
202300032148,6,10,2023,18:30,1,1,3,62,62263,2,4,-1,1,1
202300032149,3,3,2023,16:45,1,1,3,72,72386,1,3,3,1,1
202300032149,3,3,2023,16:45,1,1,3,72,72386,1,3,2,1,1
202300032150,22,5,2023,15:30,1,2,2,13,13210,2,4,-1,1,2
202300032151,26,6,2023,09:46,1,1,2,13,13202,1,1,1,1,1
202300032152,22,5,2023,13:00,1,2,6,13,13206,2,4,2,1,2
202300032153,4,3,2023,03:00,3,8,6,14,14357,1,4,2,2,1
202300032154,6,11,2023,08:30,1,1,4,62,62744,1,2,2,1,1
202300032154,6,11,2023,08:30,1,1,4,62,62744,1,2,2,1,9
202300032155,12,6,2023,06:00,2,1,2,69,69236,1,1,3,1,1
202300032156,18,5,2023,18:50,1,1,3,13,13004,2,4,2,1,1
202300032157,3,3,2023,15:40,1,1,1,64,64380,1,3,2,2,1
202300032158,10,11,2023,18:00,5,2,5,59,59009,1,7,2,1,2
202300032159,22,5,2023,07:40,1,1,5,13,13025,1,3,2,1,1
202300032160,25,6,2023,18:25,1,1,5,57,57067,1,1,3,1,1
202300032161,21,5,2023,08:38,1,1,3,10,10387,2,4,2,1,1
202300032162,26,6,2023,02:40,3,1,2,78,78043,1,1,1,1,1
202300032163,4,3,2023,05:15,3,1,6,18,18082,1,3,2,1,1
202300032164,9,11,2023,20:08,5,2,3,56,56121,2,4,3,1,2
202300032164,9,11,2023,20:08,5,2,3,56,56121,2,4,3,1,2
202300032165,3,3,2023,23:00,3,1,6,16,16106,1,3,2,1,1
202300032166,24,5,2023,11:15,1,1,6,06,06069,2,3,2,1,1
202300032167,17,6,2023,20:10,1,1,3,78,78423,1,2,-1,1,1
202300032168,22,5,2023,00:30,5,1,6,06,06069,2,4,2,1,2
202300032169,4,3,2023,06:00,2,1,6,16,16082,1,3,2,2,1
202300032170,10,11,2023,19:45,5,3,4,54,54167,2,3,2,2,2
202300032171,26,6,2023,08:45,1,1,4,77,77083,1,1,1,1,1
202300032172,22,5,2023,08:10,1,1,5,75,75116,2,4,1,1,1
202300032173,26,6,2023,05:25,3,1,6,77,77059,1,1,3,1,1
202300032174,3,3,2023,18:30,1,1,2,53,53141,1,3,2,1,1
202300032174,3,3,2023,18:30,1,1,2,53,53141,1,3,-1,1,1
202300032175,9,11,2023,20:50,5,2,2,54,54395,2,4,1,1,2
202300032176,3,3,2023,22:02,3,1,6,85,85264,1,3,2,2,1
202300032177,22,5,2023,11:55,1,1,2,75,75116,2,4,1,1,1
202300032178,16,6,2023,08:05,1,1,5,94,94033,1,1,3,1,1
202300032179,9,11,2023,13:50,1,1,6,54,54339,2,4,2,1,2
202300032180,4,3,2023,04:20,3,1,7,85,85197,2,4,2,1,1
202300032180,4,3,2023,04:20,3,1,7,85,85197,2,4,2,1,1
202300032181,22,5,2023,15:45,1,1,2,75,75119,2,4,2,2,1
202300032182,4,3,2023,20:30,3,1,1,14,14554,1,3,2,1,1
202300032183,10,11,2023,10:20,1,1,1,49,49007,2,4,2,1,1
202300032184,22,5,2023,06:00,1,1,3,75,75119,2,4,2,1,1
202300032185,4,3,2023,17:35,1,1,1,37,37109,1,3,2,1,1
202300032186,10,11,2023,04:35,4,2,7,49,49007,2,4,1,1,2
202300032187,25,6,2023,20:30,1,7,3,59,59122,2,3,1,1,1
202300032187,25,6,2023,20:30,1,7,3,59,59122,2,3,2,1,1
202300032188,3,3,2023,14:30,1,1,6,48,48185,1,2,2,1,1
202300032189,22,5,2023,09:05,1,1,6,75,75117,2,4,2,1,1
202300032190,9,11,2023,08:21,1,1,3,49,49353,2,4,2,1,2
202300032190,9,11,2023,08:21,1,1,3,49,49353,2,4,2,1,2
202300032191,3,3,2023,20:30,3,1,7,52,52135,1,3,2,1,1
202300032192,4,3,2023,12:35,1,1,6,42,42042,1,3,2,2,1
202300032193,25,6,2023,19:15,2,1,7,69,69387,2,4,2,1,1
202300032193,25,6,2023,19:15,2,1,7,69,69387,2,4,1,1,1
202300032194,10,11,2023,14:00,1,2,3,47,47001,2,4,2,1,2
202300032195,22,5,2023,17:30,1,1,3,75,75115,2,4,1,1,1
202300032195,22,5,2023,17:30,1,1,3,75,75115,2,4,1,1,1
202300032196,3,2,2023,15:45,1,1,3,13,13040,1,3,2,1,1
202300032196,3,2,2023,15:45,1,1,3,13,13040,1,3,2,1,1
202300032197,20,6,2023,06:20,1,1,7,972,97213,2,3,2,1,1
202300032197,20,6,2023,06:20,1,1,7,972,97213,2,3,2,1,1
202300032198,9,11,2023,14:26,1,2,2,45,45068,2,3,2,1,2
202300032199,3,3,2023,18:12,2,1,3,91,91338,1,3,2,1,1
202300032200,25,6,2023,11:45,1,1,3,69,69389,2,4,2,1,1
202300032201,22,5,2023,19:30,1,1,3,75,75108,2,4,1,1,1
202300032201,22,5,2023,19:30,1,1,3,75,75108,2,4,1,2,1
202300032202,10,11,2023,11:40,1,2,6,44,44109,2,4,2,1,2
202300032203,22,5,2023,12:52,1,1,6,75,75108,2,4,2,1,1
202300032203,22,5,2023,12:52,1,1,6,75,75108,2,4,1,1,1
202300032204,3,3,2023,20:40,5,1,1,78,78601,1,3,2,1,1
202300032205,24,6,2023,12:15,1,2,2,971,97101,1,2,3,2,2