id_accident,jour,mois,annee,heure_minute,luminosite,meteo,type_collision,departement,commune,agglomeration,categorie_route,regime_circulation,profil_route,etat_surface
202300032206,22,5,2023,09:00,1,1,6,75,75116,2,4,2,1,1
202300032206,22,5,2023,09:00,1,1,6,75,75116,2,4,1,1,1
202300032207,25,6,2023,11:45,1,1,6,2A,2A004,2,4,2,2,1
202300032208,22,5,2023,18:45,1,1,6,75,75107,2,4,-1,1,1
202300032208,22,5,2023,18:45,1,1,6,75,75107,2,4,1,1,1
202300032209,25,6,2023,13:55,1,1,3,95,95539,1,3,1,1,1
202300032210,22,5,2023,05:50,2,1,6,75,75104,2,4,1,1,1
202300032210,22,5,2023,05:50,2,1,6,75,75104,2,4,1,1,1
202300032211,10,11,2023,07:50,4,3,2,44,44162,2,4,2,1,2
202300032212,4,3,2023,12:05,1,1,3,34,34240,1,6,-1,1,1
202300032213,25,6,2023,17:50,1,1,3,95,95277,2,3,1,1,1
202300032214,22,5,2023,18:30,1,1,6,94,94081,2,4,1,1,1
202300032214,22,5,2023,18:30,1,1,6,94,94081,2,4,2,1,1
202300032215,10,11,2023,07:30,5,3,6,44,44109,2,4,2,1,2
202300032216,4,3,2023,10:00,1,1,6,88,88196,2,3,2,2,1
202300032217,19,6,2023,20:59,1,1,6,91,91377,2,4,2,1,1
202300032217,19,6,2023,20:59,1,1,6,91,91377,2,4,1,1,1
202300032218,14,12,2023,14:00,1,8,3,64,64024,2,4,2,1,1
202300032219,21,5,2023,23:20,5,1,2,94,94078,2,2,3,1,1
202300032220,4,3,2023,16:00,1,1,6,73,73064,1,3,2,1,1
202300032220,4,3,2023,16:00,1,1,6,73,73064,1,3,2,1,1
202300032221,10,11,2023,14:10,1,2,3,43,43251,2,4,1,1,2
202300032221,10,11,2023,14:10,1,2,3,43,43251,2,4,2,1,2
202300032222,25,6,2023,07:10,1,1,6,83,83069,2,4,1,1,1
202300032222,25,6,2023,07:10,1,1,6,83,83069,2,4,1,1,1
202300032223,13,12,2023,06:25,4,1,2,62,62570,1,3,2,1,2
202300032224,4,3,2023,19:50,5,1,1,38,38449,2,3,3,1,1
202300032225,22,5,2023,11:40,1,1,2,94,94077,2,3,2,1,1
202300032225,22,5,2023,11:40,1,1,2,94,94077,2,3,2,1,1
202300032226,7,10,2023,22:30,5,1,3,40,40088,2,3,2,1,1
202300032226,7,10,2023,22:30,5,1,3,40,40088,2,3,2,1,1
202300032227,4,3,2023,08:25,1,1,7,26,26037,1,3,2,1,1
202300032228,22,5,2023,09:00,1,1,6,93,93071,2,4,1,1,1
202300032228,22,5,2023,09:00,1,1,6,93,93071,2,4,2,1,1
202300032229,14,12,2023,16:10,2,2,3,61,61001,2,4,1,2,2
202300032229,14,12,2023,16:10,2,2,3,61,61001,2,4,2,1,2
202300032230,10,11,2023,23:10,5,2,3,38,38185,2,4,2,1,2
202300032231,3,3,2023,20:45,3,1,3,09,09282,1,3,2,1,1
202300032231,3,3,2023,20:45,3,1,3,09,09282,1,3,2,1,1
202300032232,24,6,2023,18:10,1,1,1,71,71153,2,3,2,1,1
202300032232,24,6,2023,18:10,1,1,1,71,71153,2,3,2,2,1
202300032233,3,3,2023,13:30,1,1,6,31,31395,1,3,2,1,1
202300032234,22,5,2023,19:00,1,1,3,93,93066,2,3,2,1,1
202300032234,22,5,2023,19:00,1,1,3,93,93066,2,3,3,1,1
202300032235,10,11,2023,12:00,1,1,2,38,38053,2,3,1,1,1
202300032236,14,12,2023,20:45,5,2,2,59,59360,2,4,1,1,2
202300032237,25,6,2023,19:40,1,1,6,69,69256,2,4,2,1,1
202300032237,25,6,2023,19:40,1,1,6,69,69256,2,4,2,1,1
202300032238,3,3,2023,22:50,5,1,6,56,56167,1,3,2,1,1
202300032239,24,6,2023,17:35,1,1,6,69,69264,2,4,2,1,1
202300032240,3,3,2023,19:55,3,1,6,29,29006,1,3,2,1,1
202300032241,5,11,2023,17:00,1,1,3,34,34301,2,3,1,1,1
202300032241,5,11,2023,17:00,1,1,3,34,34301,2,3,2,1,1
202300032242,13,12,2023,16:00,1,8,1,59,59410,2,4,2,1,2
202300032243,25,6,2023,23:40,5,1,7,65,65440,2,3,1,1,1
202300032243,25,6,2023,23:40,5,1,7,65,65440,2,3,1,1,1
202300032244,22,5,2023,23:43,5,1,5,93,93064,2,3,2,1,1
202300032244,22,5,2023,23:43,5,1,5,93,93064,2,3,2,1,1
202300032245,10,11,2023,21:30,5,1,2,34,34198,2,3,3,1,1
202300032246,3,3,2023,17:25,1,1,3,02,02163,2,3,2,2,1
202300032247,14,12,2023,20:50,5,2,6,59,59317,2,4,2,1,2
202300032248,22,5,2023,00:40,5,1,6,93,93051,2,4,2,1,1
202300032249,25,6,2023,14:10,1,8,1,64,64545,1,3,2,2,1
202300032250,2,3,2023,22:25,3,1,6,59,59559,1,3,2,1,1
202300032251,10,11,2023,13:50,1,1,3,34,34172,2,4,2,1,1
202300032251,10,11,2023,13:50,1,1,3,34,34172,2,4,2,2,1
202300032252,13,12,2023,21:25,3,1,6,57,57757,2,3,1,1,1
202300032253,24,6,2023,18:05,1,1,1,64,64483,1,4,2,1,1
202300032254,22,5,2023,08:30,1,1,6,93,93013,2,3,2,1,1
202300032254,22,5,2023,08:30,1,1,6,93,93013,2,3,1,1,1
202300032255,10,11,2023,14:05,1,1,1,34,34172,2,4,2,1,1
202300032256,3,3,2023,06:45,2,1,3,13,13202,1,1,1,1,1
202300032257,25,6,2023,19:55,1,1,3,59,59183,2,4,2,1,1
202300032258,22,5,2023,01:25,5,1,3,93,93005,2,3,1,1,1
202300032258,22,5,2023,01:25,5,1,3,93,93005,2,3,3,1,1
202300032259,9,11,2023,16:30,1,1,6,34,34172,2,4,2,1,1
202300032260,9,12,2023,11:30,1,2,3,57,57227,2,4,2,1,2
202300032260,9,12,2023,11:30,1,2,3,57,57227,2,4,1,2,2
202300032261,22,5,2023,18:30,1,1,2,92,92073,1,3,3,2,1
202300032262,25,6,2023,17:17,1,1,6,57,57631,2,4,2,1,1
202300032263,2,3,2023,09:05,1,1,4,13,13215,1,1,1,1,1
202300032264,10,11,2023,23:35,3,1,3,33,33550,2,4,2,1,1
202300032264,10,11,2023,23:35,3,1,3,33,33550,2,4,2,1,1
202300032265,14,12,2023,16:05,1,2,6,56,56260,2,4,1,2,2
202300032266,22,5,2023,13:08,1,1,3,92,92050,2,3,-1,1,1
202300032266,22,5,2023,13:08,1,1,3,92,92050,2,3,-1,1,1
202300032267,25,6,2023,02:30,5,1,3,54,54395,2,4,2,1,1
202300032267,25,6,2023,02:30,5,1,3,54,54395,2,4,2,1,1
202300032268,10,11,2023,15:00,1,1,3,33,33063,2,4,2,1,1
202300032268,10,11,2023,15:00,1,1,3,33,33063,2,4,2,1,1
202300032269,21,5,2023,13:45,1,1,6,92,92049,2,3,1,1,1
202300032270,13,12,2023,15:25,1,2,3,56,56121,2,4,2,2,2
202300032270,13,12,2023,15:25,1,2,3,56,56121,2,4,1,1,2
202300032271,27,2,2023,16:55,1,1,4,69,69152,1,7,3,1,1
202300032272,25,6,2023,19:30,1,1,3,47,47001,2,4,2,1,1
202300032273,10,11,2023,15:00,1,8,6,33,33318,2,4,2,1,1
202300032274,20,5,2023,18:30,1,1,7,92,92036,2,4,2,1,1
202300032275,14,12,2023,08:55,1,2,3,54,54357,2,4,2,1,2
202300032276,25,6,2023,16:50,1,1,6,47,47001,2,4,1,1,1
202300032277,3,3,2023,06:40,3,1,6,67,67218,1,7,1,2,1
202300032278,20,5,2023,14:30,1,1,6,92,92036,2,3,1,1,1
202300032278,20,5,2023,14:30,1,1,6,92,92036,2,3,2,1,1
202300032279,25,6,2023,12:20,1,1,3,45,45234,2,4,2,1,1
202300032279,25,6,2023,12:20,1,1,3,45,45234,2,4,2,1,1
202300032280,13,12,2023,18:45,5,2,6,54,54395,2,4,1,2,2
202300032281,3,3,2023,17:25,1,1,2,94,94021,1,1,1,1,1
202300032282,10,11,2023,02:40,5,2,6,31,31555,2,4,1,1,2
202300032283,19,5,2023,20:45,5,1,7,92,92036,2,4,2,1,1
202300032284,25,6,2023,11:36,1,1,6,45,45169,1,6,-1,1,1
202300032285,13,12,2023,13:45,1,2,2,54,54547,2,4,2,1,2
202300032286,10,11,2023,20:20,5,1,3,30,30007,2,4,2,1,1
202300032286,10,11,2023,20:20,5,1,3,30,30007,2,4,2,1,1
202300032287,21,5,2023,22:40,5,1,6,92,92032,2,3,2,1,1
202300032288,6,6,2023,01:00,4,9,6,42,42218,2,4,2,1,9
202300032288,6,6,2023,01:00,4,9,6,42,42218,2,4,-1,1,9
202300032289,3,3,2023,17:50,1,1,4,91,91161,1,1,3,1,1
202300032290,13,12,2023,13:20,1,1,6,54,54395,2,4,1,1,1
202300032291,10,11,2023,17:05,1,2,4,29,29232,1,3,3,2,2
202300032292,2,3,2023,15:15,1,1,7,93,93007,1,1,3,1,1
202300032293,22,5,2023,15:27,1,1,2,92,92004,2,3,-1,1,1
202300032294,25,6,2023,11:45,1,1,6,34,34129,2,4,2,1,1
202300032294,25,6,2023,11:45,1,1,6,34,34129,2,4,2,1,1
202300032295,2,3,2023,13:00,1,1,7,92,92036,1,1,3,1,1
202300032296,13,12,2023,08:55,1,1,3,54,54395,2,4,2,1,1
202300032296,13,12,2023,08:55,1,1,3,54,54395,2,4,1,2,1
202300032297,10,11,2023,13:50,1,2,3,29,29232,2,3,1,2,2
202300032298,23,5,2023,10:00,1,1,3,39,39097,2,4,2,1,1
202300032298,23,5,2023,10:00,1,1,3,39,39097,2,4,2,1,1
202300032299,25,6,2023,10:45,1,1,5,34,34003,1,3,2,1,1
202300032300,2,3,2023,15:00,1,1,4,93,93064,1,1,-1,1,1
202300032301,10,11,2023,08:40,1,1,4,27,27562,2,3,1,1,1
202300032302,14,12,2023,16:40,1,1,4,51,51454,2,4,1,1,1
202300032303,23,5,2023,09:10,1,1,3,14,14162,1,3,2,1,1
202300032303,23,5,2023,09:10,1,1,3,14,14162,1,3,2,3,1
202300032304,25,6,2023,21:40,1,1,3,33,33318,2,4,2,1,1
202300032305,9,11,2023,08:45,1,2,6,27,27229,1,4,2,1,2
202300032306,1,3,2023,18:30,3,1,2,92,92036,1,1,3,1,1
202300032307,13,12,2023,18:38,3,1,6,51,51573,2,4,1,1,2
202300032308,25,6,2023,20:25,1,1,3,31,31555,2,4,3,1,1
202300032309,12,5,2023,22:41,5,1,3,62,62150,2,3,2,1,1
202300032309,12,5,2023,22:41,5,1,3,62,62150,2,3,2,1,1
202300032310,14,12,2023,18:20,5,3,6,49,49099,2,3,3,1,2
202300032311,1,3,2023,11:25,1,1,3,988,98818,2,4,2,1,1
202300032311,1,3,2023,11:25,1,1,3,988,98818,2,4,1,2,1
202300032312,10,11,2023,08:10,1,1,3,22,22187,2,4,2,1,1
202300032313,20,5,2023,18:51,1,2,6,26,26259,1,3,2,2,2
202300032314,24,6,2023,21:15,1,1,3,25,25056,2,4,2,1,1
202300032314,24,6,2023,21:15,1,1,3,25,25056,2,4,3,1,1
202300032315,13,12,2023,10:30,1,1,3,49,49007,2,4,3,1,2
202300032316,1,3,2023,13:10,1,1,2,976,97611,1,2,2,1,1
202300032317,23,5,2023,15:50,1,1,3,95,95480,2,4,2,1,1
202300032318,9,11,2023,14:30,1,1,2,19,19031,2,4,2,1,1
202300032319,14,12,2023,17:11,5,1,3,45,45147,2,4,2,1,1
202300032320,16,5,2023,17:45,1,2,7,83,83086,2,3,2,2,2
202300032321,24,6,2023,12:00,1,1,3,21,21054,2,4,2,2,1
202300032321,24,6,2023,12:00,1,1,3,21,21054,2,4,2,2,1
202300032322,7,11,2023,20:35,5,8,6,18,18279,2,4,2,1,2
202300032323,1,3,2023,09:25,1,1,6,976,97611,2,4,2,2,1
202300032324,10,11,2023,10:30,1,2,7,17,17415,2,4,1,1,2
202300032325,14,12,2023,14:00,1,1,2,45,45308,2,4,1,4,1
202300032326,10,11,2023,10:30,1,1,3,13,13106,2,3,-1,2,2
202300032327,14,12,2023,07:50,5,1,2,45,45285,2,3,3,1,1
202300032328,18,5,2023,22:20,3,2,2,26,26085,1,1,3,1,2
202300032329,10,11,2023,18:30,5,1,1,13,13203,2,4,2,1,1
202300032330,25,6,2023,14:00,1,1,5,13,13054,2,3,-1,1,1
202300032331,1,3,2023,10:45,1,1,3,974,97416,1,4,2,2,1
202300032331,1,3,2023,10:45,1,1,3,974,97416,1,4,2,1,1
202300032332,10,11,2023,13:55,1,1,6,13,13206,2,4,1,1,1
202300032333,22,5,2023,21:05,1,1,1,28,28158,1,3,2,1,1
202300032334,14,12,2023,19:30,5,8,5,44,44184,2,4,4,1,2
202300032334,14,12,2023,19:30,5,8,5,44,44184,2,4,4,1,2
202300032335,10,11,2023,11:50,1,2,6,13,13214,2,4,2,1,2
202300032336,25,6,2023,19:30,1,1,3,13,13001,2,4,1,1,1
202300032336,25,6,2023,19:30,1,1,3,13,13001,2,4,2,1,1
202300032337,21,5,2023,18:30,1,2,1,12,12157,1,2,2,1,2
202300032338,1,3,2023,14:50,1,1,3,69,69386,2,4,1,1,1
202300032338,1,3,2023,14:50,1,1,3,69,69386,2,4,1,1,1
202300032339,14,12,2023,19:10,5,2,2,44,44109,2,4,3,1,2
202300032339,14,12,2023,19:10,5,2,2,44,44109,2,4,-1,1,2
202300032340,10,11,2023,07:00,5,2,6,13,13204,2,4,1,1,2
202300032341,25,6,2023,03:10,5,1,1,06,06123,2,4,2,1,1
202300032342,23,5,2023,16:36,1,1,1,22,22353,1,3,2,1,1
202300032343,14,12,2023,07:45,4,3,6,38,38421,2,4,2,1,2
202300032344,10,11,2023,01:35,5,1,6,13,13216,2,4,2,2,1
202300032345,1,3,2023,09:12,1,1,2,69,69388,2,4,2,1,1
202300032345,1,3,2023,09:12,1,1,2,69,69388,2,4,2,1,1
202300032346,17,6,2023,11:00,1,1,1,75,75117,2,4,1,1,1
202300032346,17,6,2023,11:00,1,1,1,75,75117,2,4,1,2,1
202300032347,22,5,2023,12:50,1,1,6,17,17407,1,2,3,1,1
202300032348,14,12,2023,18:36,5,1,3,35,35238,2,2,3,1,2
202300032349,1,3,2023,15:40,1,1,2,972,97213,1,1,2,1,1
202300032350,15,6,2023,11:15,1,1,4,75,75112,2,4,1,1,1
202300032351,23,5,2023,15:05,1,1,6,01,01033,2,6,-1,1,1
202300032352,14,12,2023,08:20,1,1,3,35,35278,2,4,1,2,1
202300032352,14,12,2023,08:20,1,1,3,35,35278,2,4,2,2,1
202300032353,22,5,2023,15:50,1,1,6,71,71578,1,3,2,1,1
202300032354,10,11,2023,19:00,3,8,4,13,13047,1,2,2,1,2
202300032355,1,3,2023,09:08,1,1,3,972,97213,1,3,2,1,1
202300032356,25,6,2023,08:25,1,1,1,75,75119,2,4,2,1,1
202300032356,25,6,2023,08:25,1,1,1,75,75119,2,4,1,1,1
202300032357,14,12,2023,12:10,1,1,6,33,33063,2,4,2,1,1
202300032358,10,11,2023,15:25,1,1,6,10,10387,2,4,2,1,1
202300032358,10,11,2023,15:25,1,1,6,10,10387,2,4,2,1,1
202300032359,22,5,2023,13:20,1,1,6,77,77423,1,3,2,1,1
202300032360,1,3,2023,15:10,1,1,3,972,97209,2,4,2,4,1
202300032361,25,6,2023,19:30,1,1,3,75,75117,2,4,2,1,1
202300032361,25,6,2023,19:30,1,1,3,75,75117,2,4,2,1,1
202300032362,9,11,2023,18:55,5,2,6,10,10387,2,4,2,1,2
202300032363,22,5,2023,16:15,1,1,6,57,57767,2,4,2,1,1
202300032364,14,12,2023,07:40,3,1,3,33,33318,2,3,2,1,2
202300032364,14,12,2023,07:40,3,1,3,33,33318,2,3,2,1,2
202300032365,1,3,2023,08:30,1,1,7,69,69384,2,4,2,2,1
202300032366,25,6,2023,16:45,1,1,6,75,75116,2,4,1,1,1
202300032366,25,6,2023,16:45,1,1,6,75,75116,2,4,1,1,1
202300032367,21,5,2023,16:15,1,1,1,67,67002,1,3,2,1,1
202300032368,25,6,2023,05:56,1,1,7,75,75116,2,4,1,1,1
202300032368,25,6,2023,05:56,1,1,7,75,75116,2,4,2,1,1
202300032369,9,11,2023,16:15,1,1,3,10,10333,2,4,-1,1,1
202300032369,9,11,2023,16:15,1,1,3,10,10333,2,4,1,1,1
202300032370,1,3,2023,11:50,1,1,6,95,95277,2,4,1,1,1
202300032371,14,12,2023,18:40,3,1,2,32,32013,2,2,2,1,1
202300032372,9,11,2023,15:15,1,1,2,10,10387,2,4,2,1,1
202300032373,1,3,2023,15:19,1,1,6,91,91286,2,3,-1,1,1
202300032374,25,6,2023,13:05,1,1,3,75,75115,2,4,1,1,1
202300032374,25,6,2023,13:05,1,1,3,75,75115,2,4,2,1,1
202300032375,23,5,2023,10:20,1,1,5,2B,2B207,1,2,2,1,1
202300032376,14,12,2023,08:33,5,2,1,29,29019,2,4,1,1,2
202300032376,14,12,2023,08:33,5,2,1,29,29019,2,4,2,1,2
202300032377,25,6,2023,07:45,1,1,7,75,75115,2,4,1,1,1
202300032378,1,3,2023,07:56,2,1,6,87,87085,2,4,3,1,1
202300032379,8,11,2023,17:55,2,1,5,07,07316,2,3,2,1,1
202300032380,22,5,2023,18:23,1,1,5,32,32064,1,3,2,2,1
202300032380,22,5,2023,18:23,1,1,5,32,32064,1,3,-1,1,1
202300032381,12,12,2023,17:40,2,1,3,29,29019,2,4,3,1,2
202300032382,25,6,2023,11:50,1,1,2,75,75112,2,4,2,1,1
202300032382,25,6,2023,11:50,1,1,2,75,75112,2,4,1,2,1
202300032383,28,2,2023,12:14,1,1,3,87,87085,2,4,2,1,1
202300032384,10,11,2023,08:00,1,1,3,06,06069,2,4,2,1,1
202300032385,12,12,2023,12:00,1,8,6,29,29019,2,4,3,3,1
202300032386,25,6,2023,10:54,1,1,6,75,75112,2,4,1,1,1
202300032387,10,11,2023,18:05,5,1,3,06,06004,2,4,2,1,1
202300032387,10,11,2023,18:05,5,1,3,06,06004,2,4,2,1,1
202300032388,20,5,2023,21:00,2,1,6,61,61402,1,3,2,1,9
202300032389,1,3,2023,10:05,1,1,3,83,83090,1,3,-1,1,1
202300032389,1,3,2023,10:05,1,1,3,83,83090,1,3,2,1,1
202300032390,25,6,2023,06:50,1,1,7,75,75112,2,4,2,1,1
202300032390,25,6,2023,06:50,1,1,7,75,75112,2,4,1,1,1
202300032391,14,12,2023,12:22,1,1,3,27,27562,2,4,2,1,1
202300032391,14,12,2023,12:22,1,1,3,27,27562,2,4,2,1,1
202300032392,21,5,2023,13:45,1,1,6,39,39209,2,3,2,2,1
202300032393,26,2,2023,21:40,3,3,7,83,83141,1,3,2,2,2
202300032394,7,11,2023,13:34,1,1,3,05,05061,2,4,2,2,1
202300032395,23,5,2023,18:00,1,1,6,01,01068,1,3,2,2,1
202300032396,1,3,2023,13:30,1,1,6,78,78440,2,3,3,1,1
202300032397,13,12,2023,15:51,1,1,3,27,27681,2,4,2,1,1
202300032398,10,11,2023,21:30,5,1,2,75,75115,2,4,1,1,1
202300032399,25,6,2023,04:22,2,1,4,75,75109,2,4,1,1,1
202300032399,25,6,2023,04:22,2,1,4,75,75109,2,4,1,1,1
202300032400,10,11,2023,13:55,1,2,6,75,75112,2,4,1,1,2
202300032401,22,5,2023,16:15,1,1,3,54,54231,2,3,2,1,1
202300032401,22,5,2023,16:15,1,1,3,54,54231,2,3,2,1,1
202300032402,1,3,2023,10:00,1,1,6,78,78299,2,3,2,1,1
202300032402,1,3,2023,10:00,1,1,6,78,78299,2,3,2,1,1
202300032403,25,6,2023,07:00,1,1,7,75,75108,2,4,2,1,1
202300032403,25,6,2023,07:00,1,1,7,75,75108,2,4,2,1,1
202300032404,13,12,2023,18:16,3,8,6,24,24037,1,3,2,1,2
202300032405,25,6,2023,18:28,1,1,7,75,75107,2,4,2,1,1
202300032406,22,5,2023,18:55,1,1,7,14,14035,1,4,2,2,1
202300032407,9,11,2023,18:00,5,1,4,75,75115,2,4,-1,1,1
202300032408,1,3,2023,07:20,2,1,6,76,76540,2,4,2,1,1
202300032408,1,3,2023,07:20,2,1,6,76,76540,2,4,3,1,1
202300032409,25,6,2023,14:00,1,1,7,75,75107,2,4,1,1,1
202300032409,25,6,2023,14:00,1,1,7,75,75107,2,4,1,1,1
202300032410,13,12,2023,17:30,5,2,3,21,21054,2,4,2,1,2
202300032410,13,12,2023,17:30,5,2,3,21,21054,2,4,2,1,2
202300032411,10,11,2023,19:26,5,1,6,75,75105,2,4,1,2,1
202300032411,10,11,2023,19:26,5,1,6,75,75105,2,4,2,2,1
202300032412,22,5,2023,17:30,1,1,1,21,21629,2,3,2,1,1
202300032412,22,5,2023,17:30,1,1,1,21,21629,2,3,2,1,1
202300032413,28,2,2023,14:25,1,1,1,72,72181,2,4,1,1,1
202300032413,28,2,2023,14:25,1,1,1,72,72181,2,4,-1,1,1
202300032414,24,6,2023,22:55,5,1,2,75,75107,2,4,1,1,1
202300032415,21,5,2023,16:55,1,1,7,24,24082,1,3,2,1,1
202300032416,14,12,2023,23:00,4,6,3,13,13054,2,3,1,1,1
202300032417,28,2,2023,14:38,1,1,6,72,72181,2,4,-1,1,1
202300032418,9,11,2023,23:25,5,1,2,75,75106,2,4,1,1,1
202300032418,9,11,2023,23:25,5,1,2,75,75106,2,4,1,1,1
202300032419,25,6,2023,13:30,1,1,3,75,75102,2,4,1,1,1
202300032419,25,6,2023,13:30,1,1,3,75,75102,2,4,2,1,1
202300032420,22,5,2023,17:00,1,2,7,24,24064,1,3,2,2,2
202300032421,14,12,2023,14:46,1,1,6,13,13117,2,3,2,1,1
202300032422,22,5,2023,12:40,1,1,6,04,04054,1,3,2,1,1
202300032423,10,11,2023,17:35,5,2,6,75,75120,2,4,2,2,2
202300032423,10,11,2023,17:35,5,2,6,75,75120,2,4,2,2,2
202300032424,25,6,2023,12:15,1,1,6,94,94017,2,4,1,1,1
202300032425,1,3,2023,15:20,1,1,3,69,69266,2,4,2,1,1
202300032425,1,3,2023,15:20,1,1,3,69,69266,2,4,2,1,1
202300032426,13,12,2023,18:10,5,1,1,13,13215,2,4,2,2,1
202300032427,19,5,2023,17:00,1,1,2,87,87047,1,3,2,3,1
202300032428,25,6,2023,15:30,1,1,2,94,94002,2,3,1,1,1
202300032429,1,3,2023,18:10,1,1,6,69,69271,2,4,2,1,1
202300032429,1,3,2023,18:10,1,1,6,69,69271,2,4,2,1,1
202300032430,10,11,2023,04:25,5,1,2,75,75120,2,4,3,1,1
202300032430,10,11,2023,04:25,5,1,2,75,75120,2,4,-1,1,1
202300032431,13,12,2023,15:28,1,1,6,13,13215,2,4,2,1,1
202300032432,23,5,2023,12:05,1,1,6,48,48094,1,3,2,1,1
202300032433,25,11,2023,10:30,1,1,6,11,11262,2,4,2,1,1
202300032433,25,11,2023,10:30,1,1,6,11,11262,2,4,2,1,1
202300032434,25,6,2023,11:20,1,1,3,93,93064,2,3,2,1,1
202300032434,25,6,2023,11:20,1,1,3,93,93064,2,3,2,1,1
202300032435,10,11,2023,21:10,5,2,1,75,75118,2,4,1,1,2
202300032435,10,11,2023,21:10,5,2,1,75,75118,2,4,2,1,2
202300032436,1,3,2023,13:30,1,8,3,69,69029,2,7,2,1,1
202300032436,1,3,2023,13:30,1,8,3,69,69029,2,7,2,1,1
202300032437,21,5,2023,14:50,1,1,6,24,24331,1,3,2,1,1
202300032437,21,5,2023,14:50,1,1,6,24,24331,1,3,2,1,1
202300032438,13,12,2023,14:00,1,8,2,10,10412,1,3,-1,1,1
202300032439,25,6,2023,15:30,1,1,3,93,93031,2,3,2,2,1
202300032439,25,6,2023,15:30,1,1,3,93,93031,2,3,2,1,1
202300032440,14,12,2023,16:20,1,1,3,06,06069,1,3,2,1,1
202300032441,25,6,2023,19:15,1,1,6,93,93014,2,4,2,1,1
202300032441,25,6,2023,19:15,1,1,6,93,93014,2,4,3,1,1
202300032442,28,2,2023,10:40,1,1,1,66,66136,2,4,1,1,1
202300032442,28,2,2023,10:40,1,1,1,66,66136,2,4,2,1,1
202300032443,10,11,2023,18:05,5,2,6,75,75118,2,4,1,1,2
202300032443,10,11,2023,18:05,5,2,6,75,75118,2,4,1,1,2
202300032444,13,12,2023,16:00,1,2,6,05,05061,2,2,2,1,2
202300032445,25,6,2023,12:50,1,1,3,93,93007,2,4,1,1,1
202300032445,25,6,2023,12:50,1,1,3,93,93007,2,4,2,1,1
202300032446,6,9,2023,14:00,1,1,3,10,10343,2,4,1,1,1
202300032447,14,12,2023,10:05,1,7,6,04,04112,2,4,2,2,1
202300032448,1,3,2023,14:50,1,1,3,60,60057,2,4,1,1,1
202300032448,1,3,2023,14:50,1,1,3,60,60057,2,4,1,1,1
202300032449,25,6,2023,19:20,1,1,3,92,92075,2,3,1,1,1
202300032449,25,6,2023,19:20,1,1,3,92,92075,2,3,1,1,1
202300032450,7,9,2023,08:00,1,1,7,06,06069,2,3,2,1,1
202300032451,13,12,2023,18:15,3,1,1,04,04112,2,4,2,1,1
202300032452,23,5,2023,07:20,1,1,2,988,98805,1,1,3,1,1
202300032453,1,3,2023,16:35,1,7,3,59,59512,2,7,-1,1,1
202300032454,25,6,2023,15:00,1,1,3,92,92050,2,3,1,1,1
202300032454,25,6,2023,15:00,1,1,3,92,92050,2,3,2,1,1
202300032455,2,9,2023,05:55,5,1,7,06,06155,1,3,2,1,1
202300032455,2,9,2023,05:55,5,1,7,06,06155,1,3,2,2,1
202300032456,23,5,2023,12:46,1,1,2,01,01451,1,1,3,1,1
202300032457,25,6,2023,22:03,5,1,6,92,92049,2,3,2,1,1
202300032458,1,3,2023,10:10,1,1,6,59,59512,2,4,1,1,1
202300032459,14,12,2023,07:15,5,2,5,01,01451,1,3,2,1,2
202300032459,14,12,2023,07:15,5,2,5,01,01451,1,3,2,1,2
202300032460,23,5,2023,16:50,1,1,2,06,06088,1,1,3,1,1
202300032461,25,6,2023,10:30,1,1,3,92,92048,2,4,3,2,1
202300032462,23,7,2023,10:20,1,1,1,04,04112,1,3,2,2,1
202300032463,14,12,2023,13:55,1,1,6,75,75118,2,4,1,1,1
202300032464,26,2,2023,11:00,1,1,3,59,59183,2,4,2,1,1
202300032464,26,2,2023,11:00,1,1,3,59,59183,2,4,2,1,1
202300032465,23,5,2023,06:38,2,1,2,30,30347,1,1,3,1,1
202300032466,26,6,2023,12:45,1,1,1,25,25058,1,2,2,1,1
202300032467,6,9,2023,14:30,1,7,2,02,02691,1,3,3,4,1
202300032468,14,12,2023,08:40,1,2,3,75,75113,2,4,1,1,2
202300032469,27,2,2023,10:50,1,1,6,54,54304,2,4,2,1,1
202300032469,27,2,2023,10:50,1,1,6,54,54304,2,4,2,1,1
202300032470,23,5,2023,10:45,1,1,2,33,33229,2,3,2,1,1
202300032471,13,12,2023,14:40,1,2,2,75,75117,2,4,1,1,2
202300032472,25,6,2023,01:15,3,1,3,71,71446,1,3,2,1,1
202300032472,25,6,2023,01:15,3,1,3,71,71446,1,3,2,3,1
202300032473,22,5,2023,04:00,3,1,3,987,98729,2,2,2,1,1
202300032474,6,9,2023,08:20,1,1,5,75,75119,2,4,1,1,1
202300032475,1,3,2023,20:00,1,1,3,51,51344,2,4,2,1,1
202300032476,25,6,2023,20:50,2,7,6,43,43073,1,3,2,2,8
202300032477,21,5,2023,19:10,3,1,3,971,97129,2,2,2,3,1
202300032478,12,12,2023,16:05,1,1,6,75,75119,2,4,1,1,1
202300032478,12,12,2023,16:05,1,1,6,75,75119,2,4,1,1,1
202300032479,5,9,2023,09:00,1,1,4,75,75116,2,4,1,1,1
202300032480,23,5,2023,11:45,1,1,3,13,13097,1,2,3,3,1
202300032480,23,5,2023,11:45,1,1,3,13,13097,1,2,2,1,1