id_accident,jour,mois,annee,heure_minute,luminosite,meteo,type_collision,departement,commune,agglomeration,categorie_route,regime_circulation,profil_route,etat_surface
202300032481,14,12,2023,16:05,1,8,6,75,75120,2,4,-1,1,2
202300032481,14,12,2023,16:05,1,8,6,75,75120,2,4,2,1,2
202300032482,26,6,2023,12:30,1,1,3,33,33205,1,3,2,1,1
202300032482,26,6,2023,12:30,1,1,3,33,33205,1,3,2,1,1
202300032483,7,9,2023,22:50,5,1,3,75,75118,2,4,-1,1,1
202300032483,7,9,2023,22:50,5,1,3,75,75118,2,4,1,1,1
202300032484,23,5,2023,06:45,2,1,3,21,21688,1,3,3,1,1
202300032485,14,12,2023,08:30,1,8,1,75,75120,2,4,1,1,2
202300032485,14,12,2023,08:30,1,8,1,75,75120,2,4,1,1,2
202300032486,22,5,2023,10:00,1,2,6,03,03008,1,3,2,1,2
202300032487,23,6,2023,12:40,1,1,1,31,31113,2,3,1,1,1
202300032487,23,6,2023,12:40,1,1,1,31,31113,2,3,2,1,1
202300032488,7,9,2023,05:00,5,1,3,75,75118,2,4,1,1,1
202300032488,7,9,2023,05:00,5,1,3,75,75118,2,4,-1,1,1
202300032489,14,12,2023,12:15,1,1,3,75,75119,2,4,2,1,1
202300032489,14,12,2023,12:15,1,1,3,75,75119,2,4,1,1,1
202300032490,25,6,2023,22:05,3,2,7,974,97412,2,3,2,2,2
202300032491,19,5,2023,18:00,1,8,6,38,38556,1,3,2,1,1
202300032492,7,9,2023,17:00,1,1,6,75,75117,2,4,-1,1,1
202300032492,7,9,2023,17:00,1,1,6,75,75117,2,4,1,1,1
202300032493,14,12,2023,00:15,5,2,6,75,75119,2,4,1,1,2
202300032493,14,12,2023,00:15,5,2,6,75,75119,2,4,1,1,2
202300032494,22,5,2023,18:25,1,2,1,07,07156,1,2,2,1,2
202300032495,4,6,2023,18:55,2,1,3,972,97210,1,2,2,1,1
202300032495,4,6,2023,18:55,2,1,3,972,97210,1,2,-1,-1,-1
202300032496,22,5,2023,14:30,1,2,7,81,81104,1,3,2,1,2
202300032497,14,12,2023,15:30,1,8,6,75,75118,2,4,1,1,1
202300032497,14,12,2023,15:30,1,8,6,75,75118,2,4,1,1,1
202300032498,25,6,2023,21:30,1,1,2,62,62614,1,3,2,1,1
202300032498,25,6,2023,21:30,1,1,2,62,62614,1,3,2,1,1
202300032499,7,9,2023,08:55,1,1,3,75,75117,2,4,2,2,1
202300032499,7,9,2023,08:55,1,1,3,75,75117,2,4,-1,1,1
202300032500,26,6,2023,03:55,3,1,6,41,41256,1,1,1,1,1
202300032501,7,9,2023,18:50,1,1,6,75,75116,2,4,-1,1,1
202300032502,22,4,2023,11:32,1,2,4,69,69089,2,7,2,2,2
202300032503,25,6,2023,16:45,1,1,7,974,97413,2,3,2,2,1
202300032504,6,9,2023,22:25,5,1,3,75,75114,2,4,2,1,1
202300032504,6,9,2023,22:25,5,1,3,75,75114,2,4,1,2,1
202300032505,14,12,2023,12:35,1,1,5,75,75117,2,4,2,1,1
202300032505,14,12,2023,12:35,1,1,5,75,75117,2,4,2,1,1
202300032506,20,6,2023,09:45,1,1,5,44,44217,1,2,3,1,1
202300032507,14,12,2023,11:00,1,1,3,75,75116,2,4,2,1,1
202300032508,7,9,2023,08:45,1,1,3,75,75113,2,4,-1,1,1
202300032508,7,9,2023,08:45,1,1,3,75,75113,2,4,1,1,1
202300032509,24,6,2023,16:10,1,1,6,03,03173,1,1,3,2,1
202300032510,24,6,2023,14:00,1,1,6,2B,2B152,1,3,2,1,1
202300032511,1,12,2023,20:20,5,1,3,75,75116,2,4,1,1,1
202300032512,7,9,2023,20:00,2,1,6,75,75111,2,4,-1,1,1
202300032512,7,9,2023,20:00,2,1,6,75,75111,2,4,1,1,1
202300032513,25,6,2023,10:00,1,1,7,32,32083,1,3,2,4,1
202300032514,13,12,2023,18:20,5,2,1,75,75116,2,4,2,1,2
202300032514,13,12,2023,18:20,5,2,1,75,75116,2,4,2,1,2
202300032515,7,9,2023,18:30,1,7,6,75,75111,2,4,1,1,1
202300032516,25,6,2023,13:35,1,1,6,11,11040,1,3,2,1,1
202300032517,7,9,2023,15:30,1,1,6,75,75110,2,4,1,1,1
202300032517,7,9,2023,15:30,1,1,6,75,75110,2,4,2,1,1
202300032518,13,12,2023,13:50,1,2,3,75,75116,2,4,2,1,2
202300032518,13,12,2023,13:50,1,2,3,75,75116,2,4,2,1,2
202300032519,26,6,2023,20:10,1,1,1,71,71173,2,3,2,1,1
202300032519,26,6,2023,20:10,1,1,1,71,71173,2,3,2,1,1
202300032520,7,9,2023,19:05,1,1,6,75,75107,2,4,-1,1,1
202300032520,7,9,2023,19:05,1,1,6,75,75107,2,4,1,1,1
202300032521,14,12,2023,12:45,1,1,3,75,75115,2,4,1,1,1
202300032521,14,12,2023,12:45,1,1,3,75,75115,2,4,1,1,1
202300032522,23,6,2023,15:45,1,1,2,63,63178,2,4,1,1,1
202300032522,23,6,2023,15:45,1,1,2,63,63178,2,4,2,1,1
202300032523,7,9,2023,18:20,1,1,3,94,94044,2,3,2,1,1
202300032523,7,9,2023,18:20,1,1,3,94,94044,2,3,2,2,1
202300032524,14,12,2023,11:10,1,8,3,75,75114,2,4,3,1,1
202300032524,14,12,2023,11:10,1,8,3,75,75114,2,4,3,1,1
202300032525,25,6,2023,20:00,1,1,6,61,61480,1,3,2,3,1
202300032526,26,6,2023,19:48,1,1,6,88,88352,1,4,2,1,9
202300032527,14,12,2023,19:50,5,1,3,75,75110,2,4,-1,1,1
202300032528,7,9,2023,09:55,1,7,1,94,94016,2,3,-1,1,1
202300032528,7,9,2023,09:55,1,7,1,94,94016,2,3,1,2,1
202300032529,25,6,2023,17:10,1,1,7,12,12105,1,3,2,1,1
202300032529,25,6,2023,17:10,1,1,7,12,12105,1,3,2,1,1
202300032530,13,12,2023,16:00,1,2,7,75,75110,2,4,2,1,2
202300032530,13,12,2023,16:00,1,2,7,75,75110,2,4,2,1,2
202300032531,7,9,2023,09:00,1,1,2,94,94076,2,3,2,1,1
202300032532,17,6,2023,09:15,1,1,3,42,42020,1,3,-1,1,1
202300032533,12,12,2023,17:15,5,2,3,94,94081,2,3,2,1,2
202300032534,14,12,2023,07:45,2,1,6,94,94078,2,4,1,1,1
202300032535,7,9,2023,18:25,1,1,3,94,94041,2,3,2,1,1
202300032536,26,6,2023,08:20,1,1,1,86,86076,1,3,2,1,1
202300032537,25,6,2023,18:40,2,1,2,34,34239,2,3,4,1,1
202300032537,25,6,2023,18:40,2,1,2,34,34239,2,3,2,1,1
202300032538,13,12,2023,08:40,2,2,3,94,94068,2,4,1,1,2
202300032538,13,12,2023,08:40,2,2,3,94,94068,2,4,2,1,2
202300032539,7,9,2023,19:15,1,1,3,94,94073,2,9,-1,1,1
202300032540,14,12,2023,18:10,5,1,1,94,94058,2,3,1,1,1
202300032541,25,6,2023,17:30,1,1,1,39,39470,1,3,2,1,1
202300032542,7,9,2023,12:00,1,1,6,94,94055,2,3,2,1,1
202300032542,7,9,2023,12:00,1,1,6,94,94055,2,3,-1,1,1
202300032543,14,12,2023,18:45,5,1,6,94,94046,2,3,2,1,1
202300032543,14,12,2023,18:45,5,1,6,94,94046,2,3,1,1,1
202300032544,26,6,2023,07:30,1,1,3,39,39476,2,3,2,1,1
202300032544,26,6,2023,07:30,1,1,3,39,39476,2,3,2,1,1
202300032545,7,9,2023,19:00,1,1,3,93,93057,2,3,1,1,-1
202300032545,7,9,2023,19:00,1,1,3,93,93057,2,3,2,1,1
202300032546,13,12,2023,19:20,5,2,6,94,94076,2,3,3,1,2
202300032546,13,12,2023,19:20,5,2,6,94,94076,2,3,2,1,2
202300032547,7,9,2023,12:40,1,1,3,93,93008,2,4,2,2,1
202300032548,25,6,2023,13:00,1,1,1,44,44014,1,3,2,1,1
202300032549,13,12,2023,18:00,3,2,4,94,94069,1,3,3,2,2
202300032550,7,9,2023,09:05,1,1,6,92,92075,2,3,2,1,1
202300032551,23,6,2023,16:55,1,1,3,44,44096,1,3,2,1,1
202300032551,23,6,2023,16:55,1,1,3,44,44096,1,3,2,1,1
202300032552,13,12,2023,12:45,1,2,3,94,94017,2,4,1,1,2
202300032553,31,8,2023,19:19,1,1,3,92,92073,2,3,3,1,1
202300032554,24,6,2023,17:12,1,7,3,29,29235,2,4,1,2,1
202300032554,24,6,2023,17:12,1,7,3,29,29235,2,4,2,2,1
202300032555,14,12,2023,18:40,3,1,1,94,94002,2,4,1,1,1
202300032556,23,6,2023,14:25,1,1,1,38,38409,1,3,2,1,1
202300032557,1,9,2023,20:50,5,1,4,92,92073,2,4,2,3,1
202300032557,1,9,2023,20:50,5,1,4,92,92073,2,4,2,3,1
202300032558,14,12,2023,08:45,1,2,6,93,93073,2,4,2,1,2
202300032559,6,9,2023,15:00,1,1,1,92,92063,2,4,2,1,1
202300032560,13,12,2023,08:00,2,1,3,93,93078,2,3,2,1,1
202300032560,13,12,2023,08:00,2,1,3,93,93078,2,3,2,1,1
202300032561,25,6,2023,16:55,1,1,5,38,38304,1,2,2,1,1
202300032562,7,9,2023,09:56,1,7,3,92,92051,2,4,2,1,1
202300032563,24,6,2023,14:30,1,1,1,84,84017,1,3,2,2,1
202300032564,14,12,2023,07:30,3,1,6,93,93050,2,3,2,1,2
202300032564,14,12,2023,07:30,3,1,6,93,93050,2,3,2,1,2
202300032565,7,9,2023,11:11,1,1,7,92,92049,2,3,2,1,8
202300032566,25,6,2023,11:30,1,1,3,01,01348,1,3,2,2,1
202300032566,25,6,2023,11:30,1,1,3,01,01348,1,3,2,1,1
202300032567,5,9,2023,20:30,5,1,3,92,92023,2,3,1,3,1
202300032568,14,12,2023,08:10,5,2,6,93,93046,2,4,1,1,2
202300032568,14,12,2023,08:10,5,2,6,93,93046,2,4,1,1,2
202300032569,25,6,2023,02:20,5,1,6,70,70421,2,4,1,1,1
202300032570,7,9,2023,19:15,1,1,6,92,92012,2,4,1,1,1
202300032571,26,6,2023,12:30,1,1,2,14,14582,1,3,2,1,1
202300032572,13,12,2023,18:00,3,2,6,93,93032,2,4,-1,1,2
202300032572,13,12,2023,18:00,3,2,6,93,93032,2,4,1,1,2
202300032573,6,9,2023,18:00,1,1,2,92,92009,2,4,-1,1,1
202300032574,26,6,2023,10:50,1,1,7,50,50085,1,3,2,1,1
202300032574,26,6,2023,10:50,1,1,7,50,50085,1,3,2,1,1
202300032575,13,12,2023,19:20,5,2,1,93,93014,2,3,2,1,2
202300032575,13,12,2023,19:20,5,2,1,93,93014,2,3,2,1,2
202300032576,25,6,2023,13:05,1,1,6,09,09189,1,2,2,1,1
202300032577,7,9,2023,17:45,1,7,3,49,49063,2,3,2,1,1
202300032577,7,9,2023,17:45,1,7,3,49,49063,2,3,2,2,1
202300032578,23,6,2023,18:30,1,1,7,60,60327,1,3,2,1,1
202300032579,14,12,2023,17:00,5,8,6,93,93008,2,4,2,1,2
202300032580,5,9,2023,21:45,5,1,1,62,62794,2,3,2,2,1
202300032581,25,6,2023,18:35,1,1,2,10,10323,1,3,2,1,1
202300032582,7,9,2023,22:40,5,1,6,52,52331,2,4,2,1,1
202300032583,5,6,2023,09:06,1,1,2,10,10209,2,3,2,1,1
202300032584,14,12,2023,07:45,5,8,6,92,92046,2,4,1,1,2
202300032584,14,12,2023,07:45,5,8,6,92,92046,2,4,1,1,2
202300032585,8,9,2023,08:00,1,1,2,31,31454,2,3,2,1,1
202300032586,8,9,2023,15:58,1,1,2,83,83099,1,1,3,1,1
202300032587,25,6,2023,17:00,1,1,5,07,07261,1,3,2,1,1
202300032588,13,12,2023,14:25,1,1,3,92,92046,2,4,1,1,1
202300032588,13,12,2023,14:25,1,1,3,92,92046,2,4,-1,1,1
202300032589,8,9,2023,16:25,1,1,7,974,97412,1,2,2,1,1
202300032590,25,6,2023,08:50,1,7,3,53,53062,2,2,2,1,1
202300032591,13,12,2023,19:00,5,2,6,92,92050,2,3,3,1,2
202300032591,13,12,2023,19:00,5,2,6,92,92050,2,3,2,1,2
202300032592,25,6,2023,13:18,1,1,2,04,04081,2,4,-1,2,1
202300032592,25,6,2023,13:18,1,1,2,04,04081,2,4,-1,3,1
202300032593,10,8,2023,19:40,3,1,2,974,97416,1,2,2,1,1
202300032594,25,6,2023,14:30,1,1,1,04,04157,1,3,2,1,1
202300032595,13,12,2023,17:09,5,2,3,92,92020,2,3,2,1,2
202300032596,7,9,2023,13:40,1,1,2,41,41093,1,1,3,1,1
202300032597,25,6,2023,17:05,1,1,7,04,04217,1,3,2,1,1
202300032598,14,12,2023,14:10,1,1,2,92,92048,2,3,2,1,1
202300032599,26,6,2023,13:55,1,1,1,87,87133,1,2,2,1,1
202300032600,22,6,2023,08:49,1,2,3,37,37109,1,3,2,1,2
202300032600,22,6,2023,08:49,1,2,3,37,37109,1,3,2,1,2
202300032601,14,12,2023,19:35,5,1,6,92,92026,2,3,1,1,1
202300032601,14,12,2023,19:35,5,1,6,92,92026,2,3,2,2,1
202300032602,31,8,2023,16:30,1,1,2,66,66141,1,3,2,1,1
202300032603,26,6,2023,11:20,1,1,1,30,30152,1,3,2,4,1
202300032604,7,9,2023,08:24,1,1,3,83,83097,1,3,3,1,1
202300032604,7,9,2023,08:24,1,1,3,83,83097,1,3,2,1,1
202300032605,24,6,2023,00:50,3,1,3,08,08488,2,3,2,1,1
202300032605,24,6,2023,00:50,3,1,3,08,08488,2,3,2,1,1
202300032606,15,12,2023,10:00,1,1,1,01,01005,2,3,2,1,1
202300032607,22,6,2023,16:50,1,1,6,88,88306,1,3,2,1,1
202300032608,8,9,2023,08:45,1,1,3,74,74177,1,3,2,2,1
202300032608,8,9,2023,08:45,1,1,3,74,74177,1,3,2,1,1
202300032609,14,12,2023,18:00,3,9,1,43,43117,1,3,2,2,2
202300032610,20,6,2023,10:27,1,1,2,13,13001,1,1,1,1,1
202300032611,7,9,2023,21:10,5,1,1,76,76159,2,3,2,2,1
202300032612,15,12,2023,17:45,5,1,1,06,06161,2,3,3,1,1
202300032613,25,6,2023,22:35,3,1,2,51,51061,1,1,3,1,1
202300032614,7,9,2023,12:45,1,1,6,80,80779,2,4,2,1,1
202300032614,7,9,2023,12:45,1,1,6,80,80779,2,4,1,1,1
202300032615,15,12,2023,17:10,2,1,3,83,83086,1,3,2,1,1
202300032615,15,12,2023,17:10,2,1,3,83,83086,1,3,-1,1,1
202300032616,25,6,2023,17:30,1,1,7,73,73008,1,1,3,1,1
202300032617,8,9,2023,10:50,1,1,1,65,65396,2,3,2,2,1
202300032618,25,6,2023,13:45,1,1,1,987,98729,1,2,2,1,1
202300032619,10,12,2023,18:35,3,1,2,26,26169,1,1,3,1,1
202300032620,7,9,2023,13:20,1,1,1,65,65213,1,3,2,2,1
202300032621,8,9,2023,12:10,1,1,6,81,81101,2,3,2,1,1
202300032622,26,6,2023,19:40,4,1,6,974,97418,2,4,2,1,1
202300032622,26,6,2023,19:40,4,1,6,974,97418,2,4,2,1,1
202300032623,15,12,2023,16:00,2,1,1,84,84062,1,3,2,4,1
202300032624,8,9,2023,10:15,1,1,6,89,89368,1,3,2,1,1
202300032625,25,6,2023,18:10,1,1,3,973,97311,1,3,2,1,1
202300032626,25,8,2023,17:00,2,1,1,12,12208,2,4,2,1,1
202300032627,15,12,2023,00:00,3,8,5,58,58298,1,1,3,2,2
202300032628,26,6,2023,08:30,1,1,6,77,77142,2,3,2,2,1
202300032629,8,9,2023,06:05,3,1,1,47,47315,1,3,2,1,1
202300032630,7,9,2023,00:30,3,1,7,39,39478,1,3,2,1,1
202300032631,14,12,2023,19:45,3,1,1,22,22341,1,3,2,1,2
202300032632,26,6,2023,08:15,1,1,3,2B,2B303,1,2,2,1,1
202300032633,5,9,2023,17:45,2,1,6,25,25578,2,3,2,1,1
202300032634,13,12,2023,16:45,2,1,3,87,87143,1,3,3,3,2
202300032634,13,12,2023,16:45,2,1,3,87,87143,1,3,-1,1,-1
202300032635,26,6,2023,09:30,1,1,2,84,84078,1,2,2,1,1
202300032635,26,6,2023,09:30,1,1,2,84,84078,1,2,2,1,-1
202300032636,15,12,2023,08:45,1,1,6,83,83097,1,3,2,2,1
202300032637,31,8,2023,08:45,1,1,2,35,35069,1,3,2,1,1
202300032637,31,8,2023,08:45,1,1,2,35,35069,1,3,2,1,1
202300032638,5,9,2023,19:45,1,1,6,29,29075,2,4,2,1,1
202300032639,14,12,2023,10:25,1,2,2,56,56200,1,3,2,4,2
202300032640,24,6,2023,14:10,1,1,1,81,81219,1,3,2,2,1
202300032641,2,9,2023,22:35,3,1,7,02,02721,1,3,2,1,1
202300032641,2,9,2023,22:35,3,1,7,02,02721,1,3,2,1,1
202300032641,2,9,2023,22:35,3,1,7,02,02721,1,3,2,1,1
202300032642,24,6,2023,18:00,1,1,7,64,64430,1,3,2,1,1
202300032643,15,12,2023,08:50,1,2,1,56,56153,1,3,2,1,2
202300032643,15,12,2023,08:50,1,2,1,56,56153,1,3,2,1,2
202300032644,24,6,2023,14:46,1,1,3,33,33422,1,3,2,1,1
202300032645,8,9,2023,12:30,1,1,3,03,03307,1,3,2,2,1
202300032645,8,9,2023,12:30,1,1,3,03,03307,1,3,2,1,1
202300032646,15,12,2023,08:30,1,8,6,79,79125,2,4,2,1,1
202300032647,26,6,2023,09:10,1,1,6,44,44052,2,4,2,2,1
202300032648,8,9,2023,00:05,5,1,7,03,03254,2,4,2,1,1
202300032649,17,6,2023,23:10,3,1,6,22,22190,1,3,2,1,1
202300032650,14,12,2023,17:34,5,1,1,2A,2A271,2,6,-1,2,1
202300032651,25,6,2023,20:40,2,7,6,35,35347,2,3,2,1,1
202300032652,7,9,2023,10:23,1,1,3,03,03264,2,3,2,1,1
202300032652,7,9,2023,10:23,1,1,3,03,03264,2,3,2,1,1
202300032653,15,12,2023,07:20,3,1,3,80,80417,1,3,2,1,1
202300032653,15,12,2023,07:20,3,1,3,80,80417,1,3,2,1,1
202300032654,6,9,2023,15:00,1,1,7,03,03019,1,3,2,1,1
202300032655,25,6,2023,18:35,1,1,2,76,76147,1,3,2,1,1
202300032656,23,6,2023,16:50,1,1,2,76,76684,1,3,2,1,1
202300032657,8,9,2023,12:40,1,1,3,26,26337,1,2,2,1,1
202300032658,15,12,2023,09:00,1,1,6,80,80240,2,4,2,1,2
202300032659,22,6,2023,19:00,1,1,6,80,80561,2,3,2,2,1
202300032660,25,6,2023,06:15,1,1,6,13,13202,1,7,1,1,1
202300032661,15,12,2023,18:20,5,1,1,80,80126,2,3,2,2,1
202300032662,25,6,2023,01:20,3,1,6,13,13203,1,1,3,1,1
202300032663,8,9,2023,08:20,1,1,6,14,14742,1,3,2,1,1
202300032664,15,12,2023,17:45,3,1,2,81,81262,1,3,2,1,1
202300032665,18,6,2023,19:40,1,1,3,13,13071,1,1,1,1,1
202300032666,15,12,2023,12:00,1,1,1,71,71121,1,3,2,2,1
202300032667,8,9,2023,19:03,1,1,1,14,14371,1,3,2,1,1
202300032668,25,6,2023,05:56,2,1,2,69,69283,1,1,3,1,1
202300032669,25,6,2023,18:05,1,1,6,33,33448,1,1,3,1,1
202300032670,8,9,2023,16:40,1,1,3,14,14270,1,3,2,1,1
202300032671,11,12,2023,06:40,3,2,6,71,71543,2,3,2,1,2
202300032671,11,12,2023,06:40,3,2,6,71,71543,2,3,2,1,2
202300032672,24,6,2023,20:15,1,1,3,91,91161,1,1,3,1,1
202300032673,14,12,2023,17:50,3,1,4,89,89309,1,3,2,1,2
202300032674,8,9,2023,17:00,1,1,1,50,50550,1,3,2,1,1
202300032674,8,9,2023,17:00,1,1,1,50,50550,1,3,2,1,1
202300032675,23,6,2023,16:25,1,1,5,94,94021,1,1,3,1,1
202300032676,14,12,2023,17:15,3,2,1,89,89344,1,3,2,1,2
202300032677,3,9,2023,15:30,1,7,6,50,50483,2,3,3,1,1
202300032678,25,6,2023,19:50,1,1,2,94,94034,1,2,-1,1,1
202300032679,6,9,2023,17:15,1,7,3,45,45054,1,3,2,1,1
202300032679,6,9,2023,17:15,1,7,3,45,45054,1,3,2,1,1
202300032680,14,12,2023,21:05,3,5,7,61,61029,1,3,2,2,2
202300032681,8,9,2023,10:15,1,1,6,10,10437,1,3,2,1,1
202300032682,25,6,2023,15:00,1,1,3,77,77169,1,2,3,1,1
202300032683,15,12,2023,16:45,1,1,6,49,49003,1,3,2,2,1
202300032684,8,9,2023,08:54,1,1,6,36,36192,2,4,2,1,1
202300032685,25,6,2023,06:30,1,1,2,77,77468,1,1,1,2,1
202300032686,25,6,2023,02:30,3,1,2,77,77141,1,1,-1,1,1
202300032687,7,9,2023,17:00,1,1,6,07,07114,1,3,2,1,1
202300032688,14,12,2023,16:10,1,2,6,49,49182,1,3,2,1,2
202300032689,24,6,2023,16:15,1,1,2,94,94044,1,2,3,1,1
202300032690,8,9,2023,16:35,1,1,7,40,40007,2,4,2,2,1
202300032691,28,3,2023,04:40,5,1,1,42,42044,2,7,2,1,1
202300032691,28,3,2023,04:40,5,1,1,42,42044,2,7,2,4,1
202300032692,25,6,2023,00:45,4,1,6,77,77407,2,3,2,1,1
202300032693,4,9,2023,17:05,1,1,5,27,27288,1,3,2,1,1
202300032693,4,9,2023,17:05,1,1,5,27,27288,1,3,2,4,1
202300032694,24,6,2023,18:20,1,1,6,76,76498,2,4,2,1,1
202300032694,24,6,2023,18:20,1,1,6,76,76498,2,4,2,1,1
202300032695,14,12,2023,19:00,5,2,6,49,49050,2,3,-1,-1,2
202300032695,14,12,2023,19:00,5,2,6,49,49050,2,3,2,1,2
202300032696,7,9,2023,16:40,1,7,1,27,27260,1,3,2,2,1
202300032697,24,6,2023,20:45,1,1,1,72,72181,2,4,1,1,1
202300032697,24,6,2023,20:45,1,1,1,72,72181,2,4,2,1,1
202300032697,24,6,2023,20:45,1,1,1,72,72181,2,4,1,1,1
202300032698,8,12,2023,03:13,5,2,6,47,47283,2,3,2,2,2
202300032698,8,12,2023,03:13,5,2,6,47,47283,2,3,2,1,2
202300032699,8,9,2023,07:50,1,7,1,27,27425,1,3,2,1,1
202300032700,24,6,2023,08:30,1,1,1,973,97302,2,4,2,1,1
202300032701,1,9,2023,13:30,1,1,7,27,27643,1,2,3,2,1
202300032702,24,6,2023,08:04,1,1,3,973,97302,2,4,2,1,1
202300032703,14,12,2023,18:50,5,2,3,39,39206,2,3,2,1,2
202300032703,14,12,2023,18:50,5,2,3,39,39206,2,3,2,1,2
202300032704,24,6,2023,00:25,5,1,7,973,97302,1,2,3,1,1
202300032705,8,9,2023,15:20,1,1,3,87,87106,1,3,2,3,1
202300032705,8,9,2023,15:20,1,1,3,87,87106,1,3,2,3,1
202300032706,25,6,2023,00:30,5,1,2,69,69388,2,4,2,1,1
202300032707,6,9,2023,16:10,1,1,1,08,08222,2,3,2,1,1
202300032708,23,6,2023,22:45,5,1,1,971,97113,1,3,2,1,1
202300032709,14,12,2023,07:36,2,1,3,38,38034,2,3,2,1,1
202300032710,7,9,2023,15:35,1,1,6,88,88245,1,3,2,1,1
202300032711,24,6,2023,12:00,1,1,3,2A,2A004,1,2,1,1,1
202300032711,24,6,2023,12:00,1,1,3,2A,2A004,1,2,1,1,1
202300032712,29,8,2023,06:00,2,1,5,973,97307,1,2,2,1,1
202300032713,15,12,2023,05:20,3,2,7,02,02360,2,3,2,1,2
202300032714,24,6,2023,11:30,1,1,2,95,95277,1,3,3,1,1
202300032715,7,9,2023,17:15,1,1,5,49,49228,1,3,4,1,1
202300032715,7,9,2023,17:15,1,1,5,49,49228,1,3,4,1,1
202300032716,23,6,2023,20:11,1,1,3,91,91377,2,3,2,1,1
202300032716,23,6,2023,20:11,1,1,3,91,91377,2,3,2,1,1
202300032717,14,12,2023,11:10,1,1,3,72,72098,1,3,2,1,1
202300032717,14,12,2023,11:10,1,1,3,72,72098,1,3,2,1,1
202300032718,7,9,2023,15:00,1,1,7,01,01228,1,1,1,2,1
202300032719,23,6,2023,17:36,1,1,3,91,91692,2,4,2,1,1
202300032719,23,6,2023,17:36,1,1,3,91,91692,2,4,2,1,1
202300032720,2,9,2023,23:00,1,1,7,38,38466,1,1,3,1,1
202300032721,24,6,2023,21:30,5,1,2,91,91657,2,3,3,1,1
202300032722,13,12,2023,13:10,1,2,3,14,14303,2,3,2,1,2
202300032722,13,12,2023,13:10,1,2,3,14,14303,2,3,2,1,2
202300032723,7,9,2023,12:48,1,1,4,83,83097,1,1,3,1,1
202300032724,24,6,2023,17:55,1,1,3,91,91114,1,3,3,1,1
202300032725,24,6,2023,13:55,1,1,6,91,91687,2,4,2,1,1
202300032726,7,9,2023,23:45,3,1,2,17,17181,1,1,3,2,1
202300032727,24,6,2023,04:30,3,1,7,91,91223,1,3,3,3,1
202300032728,15,12,2023,07:30,5,2,3,14,14319,2,4,2,1,2
202300032729,6,9,2023,16:20,1,2,1,987,98729,1,2,2,1,2
202300032730,24,6,2023,01:25,5,1,3,83,83069,2,3,3,1,1
202300032730,24,6,2023,01:25,5,1,3,83,83069,2,3,3,1,1
202300032731,24,6,2023,22:49,5,1,2,81,81004,2,3,2,1,1
202300032732,14,12,2023,07:50,2,1,6,85,85047,2,4,2,1,1
202300032733,1,9,2023,09:20,1,1,7,41,41047,1,3,2,2,1
202300032733,1,9,2023,09:20,1,1,7,41,41047,1,3,2,1,1
202300032734,24,6,2023,11:30,1,1,3,78,78551,1,3,2,1,1
202300032735,8,9,2023,17:20,1,1,1,77,77315,2,3,2,1,1
202300032735,8,9,2023,17:20,1,1,1,77,77315,2,3,2,4,1
202300032736,24,6,2023,01:10,3,1,6,77,77114,1,2,3,1,1
202300032737,14,12,2023,16:40,1,8,7,85,85162,1,3,2,1,2
202300032738,24,6,2023,22:45,5,1,7,72,72181,2,4,2,1,1
202300032738,24,6,2023,22:45,5,1,7,72,72181,2,4,2,1,1
202300032739,24,6,2023,09:20,1,1,3,72,72181,2,4,-1,1,1
202300032740,13,12,2023,12:00,1,1,2,978,97801,2,2,2,1,1
202300032741,8,9,2023,08:12,1,7,2,84,84034,1,3,2,1,1
202300032742,24,6,2023,01:15,5,1,3,72,72181,2,4,1,1,1
202300032742,24,6,2023,01:15,5,1,3,72,72181,2,4,2,1,1
202300032743,24,6,2023,03:15,5,1,6,71,71270,2,3,2,1,1
202300032744,8,9,2023,08:45,1,1,3,84,84141,2,3,2,1,1
202300032744,8,9,2023,08:45,1,1,3,84,84141,2,3,-1,-1,-1
202300032745,23,6,2023,21:45,2,1,6,71,71270,2,4,1,1,1
202300032746,12,12,2023,12:10,1,2,5,68,68300,1,1,3,1,2
202300032747,8,9,2023,08:00,1,1,3,83,83023,2,4,1,1,1
202300032748,24,6,2023,18:30,1,1,3,69,69256,2,4,2,1,1
202300032748,24,6,2023,18:30,1,1,3,69,69256,2,4,2,1,1
202300032749,8,9,2023,18:15,1,7,3,68,68154,2,4,1,1,1
202300032750,15,12,2023,08:20,1,1,6,69,69027,2,4,2,1,1
202300032750,15,12,2023,08:20,1,1,6,69,69027,2,4,2,1,1
202300032751,24,6,2023,10:00,1,1,3,69,69264,2,3,2,1,1
202300032752,24,6,2023,03:00,5,1,6,69,69264,2,4,1,1,1
202300032753,8,9,2023,17:45,1,1,2,01,01376,1,3,3,1,1
202300032754,24,6,2023,11:25,1,1,3,69,69199,2,4,2,1,1
202300032755,8,9,2023,19:00,1,1,6,65,65481,1,3,2,2,1
202300032756,24,6,2023,10:10,1,1,3,67,67482,2,4,2,1,1
202300032757,15,12,2023,01:00,3,2,2,77,77333,1,1,3,2,2
202300032758,8,9,2023,00:00,3,1,7,09,09282,1,3,2,1,1
202300032759,24,6,2023,01:30,5,1,3,67,67447,2,7,2,1,1
202300032759,24,6,2023,01:30,5,1,3,67,67447,2,7,2,1,1
202300032760,9,12,2023,19:00,3,1,7,988,98817,1,1,2,1,1