id_accident,jour,mois,annee,heure_minute,luminosite,meteo,type_collision,departement,commune,agglomeration,categorie_route,regime_circulation,profil_route,etat_surface
202300032761,7,9,2023,21:00,2,1,3,29,29103,2,3,4,1,1
202300032762,23,6,2023,11:55,1,1,1,67,67365,2,4,2,1,1
202300032763,7,9,2023,04:55,3,1,2,22,22197,1,3,2,1,1
202300032764,7,12,2023,16:40,1,1,2,974,97418,1,2,3,1,1
202300032765,24,6,2023,19:29,1,1,3,64,64189,2,4,2,1,1
202300032766,23,6,2023,17:30,1,1,3,64,64284,2,2,-1,1,1
202300032766,23,6,2023,17:30,1,1,3,64,64284,2,2,2,1,1
202300032767,7,9,2023,18:30,1,1,3,22,22376,1,3,2,1,1
202300032767,7,9,2023,18:30,1,1,3,22,22376,1,3,2,1,1
202300032768,15,12,2023,09:30,1,1,1,13,13073,2,3,2,2,1
202300032769,24,6,2023,18:50,1,1,3,64,64125,2,3,2,1,1
202300032769,24,6,2023,18:50,1,1,3,64,64125,2,3,2,1,1
202300032770,7,9,2023,19:17,2,1,3,60,60034,1,3,2,1,1
202300032771,24,6,2023,08:35,1,1,3,64,64122,2,4,1,1,1
202300032771,24,6,2023,08:35,1,1,3,64,64122,2,4,1,1,1
202300032772,7,9,2023,16:23,1,1,2,13,13212,1,1,3,1,1
202300032773,14,12,2023,21:25,5,2,3,89,89099,1,3,2,1,2
202300032774,11,11,2023,14:15,1,1,2,67,67348,2,3,2,2,1
202300032775,7,9,2023,13:45,1,1,3,13,13071,1,1,1,1,1
202300032776,24,6,2023,20:00,1,1,2,64,64024,2,4,2,1,1
202300032776,24,6,2023,20:00,1,1,2,64,64024,2,4,2,1,1
202300032777,15,12,2023,09:40,1,2,2,54,54043,1,3,2,1,2
202300032778,7,9,2023,12:00,1,1,3,13,13071,1,1,1,1,1
202300032779,10,12,2023,04:15,5,1,1,57,57765,2,3,2,1,2
202300032780,6,9,2023,20:20,2,1,3,13,13028,1,1,1,1,1
202300032781,7,9,2023,17:30,1,1,5,69,69199,1,7,3,1,1
202300032782,14,12,2023,17:00,5,3,1,69,69243,2,2,3,1,2
202300032783,6,9,2023,17:51,1,1,2,69,69081,1,7,3,1,1
202300032784,15,12,2023,07:03,5,1,3,69,69094,2,3,2,1,2
202300032784,15,12,2023,07:03,5,1,3,69,69094,2,3,2,1,2
202300032785,5,9,2023,14:15,1,1,2,33,33192,1,1,3,1,1
202300032786,7,9,2023,20:40,4,1,6,94,94003,1,1,1,1,1
202300032787,7,9,2023,18:15,1,1,3,94,94038,1,1,1,1,1
202300032788,14,12,2023,07:45,2,2,5,69,69289,1,3,2,1,2
202300032788,14,12,2023,07:45,2,2,5,69,69289,1,3,2,1,2
202300032789,7,9,2023,17:20,1,1,4,94,94034,1,1,3,1,1
202300032790,15,12,2023,18:20,3,1,3,17,17476,1,3,2,4,1
202300032790,15,12,2023,18:20,3,1,3,17,17476,1,3,2,1,1
202300032791,15,12,2023,08:00,1,1,6,64,64510,1,3,2,4,1
202300032792,7,9,2023,15:30,1,1,3,94,94034,1,1,-1,1,1
202300032793,14,12,2023,08:50,1,1,6,33,33238,2,3,2,1,2
202300032794,7,9,2023,10:45,1,1,7,91,91573,1,2,3,1,1
202300032795,6,9,2023,19:30,1,1,2,91,91228,1,2,-1,1,1
202300032796,14,12,2023,18:00,3,1,1,27,27273,1,3,2,2,2
202300032796,14,12,2023,18:00,3,1,1,27,27273,1,3,2,2,1
202300032797,15,12,2023,00:30,3,2,6,76,76454,1,3,2,2,2
202300032798,7,9,2023,08:25,1,1,4,92,92019,1,2,1,1,1
202300032799,8,12,2023,02:10,3,2,6,42,42110,1,7,3,1,2
202300032800,7,9,2023,09:00,1,1,3,75,75116,1,1,1,1,1
202300032801,13,12,2023,13:10,1,2,3,33,33013,1,2,3,1,2
202300032802,7,9,2023,07:40,1,1,3,92,92076,1,1,1,1,1
202300032803,14,12,2023,07:00,3,2,2,91,91136,1,1,1,1,2
202300032804,14,12,2023,14:20,1,1,3,92,92050,1,1,1,1,1
202300032805,6,9,2023,17:00,1,1,4,92,92036,1,1,-1,1,1
202300032806,13,12,2023,11:15,1,1,4,92,92012,1,1,1,1,1
202300032807,7,9,2023,10:30,1,1,2,93,93029,1,1,1,1,1
202300032808,7,9,2023,10:00,1,1,2,93,93064,1,1,-1,1,1
202300032809,13,12,2023,08:00,2,2,5,78,78217,1,1,1,1,2
202300032810,7,9,2023,08:50,1,1,4,93,93053,1,1,1,1,1
202300032811,14,12,2023,07:50,1,1,4,95,95678,1,2,3,1,2
202300032812,6,9,2023,18:25,1,1,4,93,93066,1,1,3,1,1
202300032813,13,12,2023,22:20,3,2,2,95,95572,1,1,3,1,2
202300032814,6,9,2023,14:00,1,1,2,93,93006,1,1,3,1,1
202300032815,13,12,2023,07:15,2,1,6,93,93053,1,1,3,1,1
202300032816,7,9,2023,11:15,1,1,7,94,94069,1,1,-1,1,1
202300032817,14,12,2023,20:30,3,1,5,75,75112,1,1,3,1,1
202300032818,4,9,2023,21:06,2,1,6,87,87085,2,4,2,1,1
202300032819,25,6,2023,12:15,1,7,6,02,02691,2,4,1,1,1
202300032819,25,6,2023,12:15,1,7,6,02,02691,2,4,2,1,1
202300032820,19,8,2023,18:00,1,7,1,13,13030,2,3,2,2,1
202300032821,6,8,2023,08:40,1,1,1,13,13209,2,4,3,1,1
202300032821,6,8,2023,08:40,1,1,1,13,13209,2,4,2,4,1
202300032822,10,10,2023,17:20,1,1,1,973,97302,2,3,2,1,1
202300032823,9,10,2023,13:40,1,1,3,80,80021,2,4,1,2,1
202300032823,9,10,2023,13:40,1,1,3,80,80021,2,4,1,1,1
202300032824,29,4,2023,18:43,1,1,3,92,92078,2,3,2,1,1
202300032825,11,10,2023,09:00,1,1,6,37,37233,2,4,-1,1,1
202300032825,11,10,2023,09:00,1,1,6,37,37233,2,4,-1,1,1
202300032826,22,4,2023,17:50,1,1,3,27,27408,1,3,2,1,1
202300032826,22,4,2023,17:50,1,1,3,27,27408,1,3,3,1,1
202300032827,10,10,2023,14:50,1,1,6,37,37261,2,4,1,1,1
202300032828,6,9,2023,08:45,1,7,2,974,97416,1,2,1,1,1
202300032829,9,10,2023,12:00,1,1,4,37,37195,2,7,3,1,1
202300032830,6,9,2023,04:05,3,1,6,974,97416,1,3,2,1,1
202300032831,10,10,2023,18:10,1,1,6,35,35238,2,4,1,1,1
202300032832,4,9,2023,07:15,1,2,2,974,97411,2,4,1,1,2
202300032832,4,9,2023,07:15,1,2,2,974,97411,2,4,2,1,2
202300032833,10,10,2023,07:50,2,1,5,28,28134,1,2,2,1,1
202300032834,6,9,2023,20:00,5,1,2,973,97302,2,2,1,1,1
202300032835,7,4,2023,20:10,2,1,1,93,93079,2,3,2,1,1
202300032836,6,9,2023,11:55,1,1,3,973,97302,2,4,1,1,1
202300032836,6,9,2023,11:55,1,1,3,973,97302,2,4,1,1,1
202300032837,6,9,2023,12:20,1,1,6,69,69388,2,4,1,1,1
202300032837,6,9,2023,12:20,1,1,6,69,69388,2,4,1,1,1
202300032838,6,9,2023,08:50,1,1,3,69,69386,2,4,1,1,1
202300032839,29,4,2023,18:25,1,1,3,92,92078,2,3,2,1,1
202300032839,29,4,2023,18:25,1,1,3,92,92078,2,3,2,1,1
202300032840,6,9,2023,08:30,1,1,3,69,69386,2,4,2,1,1
202300032841,6,9,2023,15:25,1,1,3,972,97209,2,4,2,1,1
202300032842,22,4,2023,19:45,1,1,3,92,92078,2,3,3,1,1
202300032843,4,9,2023,00:19,5,1,6,972,97209,2,2,3,1,1
202300032844,6,9,2023,18:10,1,1,3,69,69382,2,4,2,1,1
202300032845,15,6,2023,22:46,5,1,1,92,92026,2,4,2,1,1
202300032846,3,9,2023,04:20,5,1,3,69,69382,2,4,2,1,1
202300032846,3,9,2023,04:20,5,1,3,69,69382,2,4,1,1,1
202300032847,15,6,2023,12:00,1,1,7,92,92026,2,4,2,1,1
202300032848,5,9,2023,17:25,1,1,3,2B,2B120,1,2,1,1,1
202300032849,5,9,2023,19:00,5,1,1,971,97120,2,4,1,1,1
202300032849,5,9,2023,19:00,5,1,1,971,97120,2,4,1,1,1
202300032850,12,12,2023,21:13,5,1,3,973,97302,2,4,2,1,1
202300032850,12,12,2023,21:13,5,1,3,973,97302,2,4,2,1,1
202300032851,5,9,2023,17:38,1,1,3,87,87065,2,4,2,2,1
202300032851,5,9,2023,17:38,1,1,3,87,87065,2,4,2,1,1
202300032852,13,12,2023,13:55,1,1,7,973,97302,2,4,2,1,1
202300032853,6,9,2023,06:40,2,1,3,81,81065,2,3,2,1,1
202300032853,6,9,2023,06:40,2,1,3,81,81065,2,3,2,2,1
202300032854,13,12,2023,18:30,5,1,6,69,69383,2,4,1,1,1
202300032855,6,9,2023,18:13,1,1,3,78,78190,2,4,1,1,1
202300032855,6,9,2023,18:13,1,1,3,78,78190,2,4,2,1,1
202300032856,6,9,2023,19:30,1,1,6,77,77122,2,4,2,1,1
202300032856,6,9,2023,19:30,1,1,6,77,77122,2,4,2,1,1
202300032857,6,9,2023,18:50,1,1,6,77,77284,2,4,1,1,1
202300032858,13,12,2023,13:50,1,1,3,69,69383,2,4,2,1,1
202300032858,13,12,2023,13:50,1,1,3,69,69383,2,4,2,2,1
202300032859,6,9,2023,14:02,1,7,2,77,77369,2,3,2,1,1
202300032860,6,9,2023,19:05,1,1,7,76,76319,2,4,2,1,1
202300032861,13,12,2023,12:20,1,8,6,69,69388,2,4,1,1,1
202300032861,13,12,2023,12:20,1,8,6,69,69388,2,4,1,1,1
202300032862,20,8,2023,15:50,1,1,1,76,76486,1,7,2,2,1
202300032863,6,9,2023,13:55,1,1,3,76,76217,2,3,2,1,1
202300032863,6,9,2023,13:55,1,1,3,76,76217,2,3,1,1,1
202300032864,5,9,2023,19:35,1,1,3,72,72181,2,4,2,1,1
202300032865,13,12,2023,05:40,5,2,6,69,69388,2,4,2,1,2
202300032865,13,12,2023,05:40,5,2,6,69,69388,2,4,2,1,2
202300032866,5,9,2023,14:00,1,1,3,72,72003,1,4,2,1,1
202300032867,6,9,2023,21:45,5,1,3,69,69266,2,4,2,1,1
202300032867,6,9,2023,21:45,5,1,3,69,69266,2,4,1,1,1
202300032868,13,12,2023,13:30,1,1,3,69,69142,2,4,2,1,1
202300032869,3,9,2023,18:10,1,1,1,69,69264,2,3,1,1,1
202300032869,3,9,2023,18:10,1,1,1,69,69264,2,3,2,1,1
202300032870,5,9,2023,07:40,1,1,1,67,67180,2,3,1,1,1
202300032870,5,9,2023,07:40,1,1,1,67,67180,2,3,2,1,1
202300032871,13,12,2023,19:28,3,1,3,2B,2B120,2,4,3,1,1
202300032872,6,9,2023,11:38,1,1,3,64,64260,2,4,2,2,1
202300032873,12,12,2023,17:25,2,1,2,971,97101,1,2,2,1,1
202300032874,6,9,2023,12:20,1,1,6,64,64445,2,4,2,1,1
202300032875,6,9,2023,17:30,1,1,3,64,64122,2,4,2,1,1
202300032875,6,9,2023,17:30,1,1,3,64,64122,2,4,2,1,1
202300032876,13,12,2023,17:10,3,2,6,91,91377,2,3,2,1,2
202300032877,6,9,2023,18:00,1,1,3,63,63113,2,4,2,2,1
202300032878,6,9,2023,01:05,3,1,3,59,59350,2,7,2,1,1
202300032879,13,12,2023,17:40,5,1,3,91,91191,2,3,2,1,2
202300032880,5,9,2023,08:00,1,1,1,56,56121,2,4,2,1,1
202300032881,5,9,2023,07:00,2,1,6,56,56121,2,4,3,1,1
202300032882,13,12,2023,00:00,3,2,3,91,91600,1,3,3,1,2
202300032883,6,9,2023,01:00,5,1,6,51,51454,2,4,2,1,1
202300032883,6,9,2023,01:00,5,1,6,51,51454,2,4,1,1,1
202300032884,5,9,2023,18:22,1,7,6,49,49007,2,4,2,1,1
202300032885,13,12,2023,07:40,5,2,6,90,90010,2,4,2,1,2
202300032885,13,12,2023,07:40,5,2,6,90,90010,2,4,2,1,2
202300032886,4,9,2023,22:15,5,1,7,49,49007,2,4,2,1,1
202300032887,13,12,2023,14:55,1,1,3,89,89387,2,4,1,1,1
202300032887,13,12,2023,14:55,1,1,3,89,89387,2,4,2,1,1
202300032888,6,9,2023,07:50,1,1,2,45,45234,2,4,2,1,1
202300032888,6,9,2023,07:50,1,1,2,45,45234,2,4,2,1,1
202300032889,5,9,2023,18:40,1,1,1,41,41018,2,4,2,1,1
202300032890,12,12,2023,07:54,5,2,3,80,80001,2,3,2,1,2
202300032891,6,9,2023,08:00,1,1,3,38,38185,2,7,2,1,1
202300032891,6,9,2023,08:00,1,1,3,38,38185,2,7,2,1,1
202300032891,6,9,2023,08:00,1,1,3,38,38185,2,7,1,1,1
202300032892,6,9,2023,18:35,1,7,3,37,37261,2,4,-1,1,1
202300032892,6,9,2023,18:35,1,7,3,37,37261,2,4,1,1,1
202300032893,4,9,2023,09:45,1,1,6,35,35206,1,2,3,1,1
202300032894,6,9,2023,13:45,1,1,3,33,33069,2,4,2,1,1
202300032894,6,9,2023,13:45,1,1,3,33,33069,2,4,2,1,1
202300032895,6,9,2023,07:50,1,1,2,33,33522,2,4,3,1,1
202300032896,6,9,2023,07:45,1,1,1,31,31565,2,3,2,1,1
202300032896,6,9,2023,07:45,1,1,1,31,31565,2,3,-1,1,1
202300032897,13,12,2023,08:05,2,1,3,77,77215,2,4,2,1,2
202300032898,13,12,2023,03:00,5,2,6,77,77122,2,4,2,1,2
202300032899,5,9,2023,12:50,1,1,3,27,27229,2,4,2,1,1
202300032899,5,9,2023,12:50,1,1,3,27,27229,2,4,2,1,1
202300032900,6,9,2023,06:00,3,1,6,22,22187,1,2,3,2,1
202300032901,13,12,2023,19:15,5,2,1,77,77449,2,4,2,1,2
202300032901,13,12,2023,19:15,5,2,1,77,77449,2,4,2,1,2
202300032902,6,9,2023,09:31,1,7,6,21,21231,2,4,1,1,1
202300032902,6,9,2023,09:31,1,7,6,21,21231,2,4,1,1,1
202300032903,13,12,2023,20:10,5,2,3,76,76540,2,7,2,1,2
202300032903,13,12,2023,20:10,5,2,3,76,76540,2,7,2,1,2
202300032904,6,9,2023,08:08,1,1,6,21,21231,2,4,2,2,1
202300032905,13,12,2023,12:20,1,2,6,76,76540,2,7,2,1,2
202300032905,13,12,2023,12:20,1,2,6,76,76540,2,7,2,1,2
202300032906,6,9,2023,07:35,1,1,3,21,21054,2,4,2,1,1
202300032906,6,9,2023,07:35,1,1,3,21,21054,2,4,1,1,1
202300032907,13,12,2023,08:30,1,1,3,76,76351,2,4,1,1,2
202300032907,13,12,2023,08:30,1,1,3,76,76351,2,4,1,1,1
202300032908,3,9,2023,19:30,1,1,2,19,19031,2,4,2,1,1
202300032908,3,9,2023,19:30,1,1,2,19,19031,2,4,2,1,1
202300032909,3,9,2023,17:35,1,1,3,19,19031,2,4,2,1,1
202300032909,3,9,2023,17:35,1,1,3,19,19031,2,4,1,1,1
202300032910,13,12,2023,19:30,4,3,3,73,73065,2,4,2,1,2
202300032910,13,12,2023,19:30,4,3,3,73,73065,2,4,1,1,2
202300032910,13,12,2023,19:30,4,3,3,73,73065,2,4,1,1,2
202300032911,2,9,2023,08:28,1,7,6,18,18213,2,2,3,1,1
202300032912,13,12,2023,18:30,5,2,3,69,69282,2,4,2,1,2
202300032913,12,12,2023,10:44,1,2,6,69,69199,2,4,2,1,2
202300032914,6,9,2023,19:00,2,1,4,75,75118,2,4,1,1,1
202300032915,13,12,2023,17:25,5,2,6,68,68166,2,4,2,1,2
202300032916,13,12,2023,12:10,1,1,6,66,66136,2,4,3,1,1
202300032917,6,9,2023,09:10,1,1,3,75,75113,2,4,1,1,1
202300032918,13,12,2023,08:40,1,3,1,64,64545,2,3,2,1,2
202300032919,5,9,2023,18:12,1,1,3,75,75107,2,4,-1,1,1
202300032919,5,9,2023,18:12,1,1,3,75,75107,2,4,1,1,1
202300032920,5,9,2023,15:03,1,1,6,75,75119,2,4,1,1,1
202300032921,13,12,2023,09:15,1,2,6,64,64445,2,4,1,1,2
202300032922,6,9,2023,16:30,1,1,6,75,75120,2,4,1,1,1
202300032922,6,9,2023,16:30,1,1,6,75,75120,2,4,2,1,1
202300032923,12,12,2023,08:00,5,8,6,64,64102,2,4,2,1,1
202300032924,5,9,2023,08:45,1,1,1,75,75116,2,4,2,1,1
202300032924,5,9,2023,08:45,1,1,1,75,75116,2,4,-1,1,1
202300032925,10,12,2023,21:15,3,2,7,63,63300,1,3,-1,1,2
202300032926,6,9,2023,16:55,1,1,1,75,75115,2,4,1,1,1
202300032926,6,9,2023,16:55,1,1,1,75,75115,2,4,1,1,1
202300032927,6,9,2023,16:39,1,1,6,75,75113,2,4,1,1,1
202300032928,13,12,2023,06:05,5,1,3,63,63113,2,7,1,1,1
202300032928,13,12,2023,06:05,5,1,3,63,63113,2,7,1,1,1
202300032929,6,9,2023,11:12,1,1,7,75,75111,2,4,1,1,1
202300032929,6,9,2023,11:12,1,1,7,75,75111,2,4,1,1,1
202300032930,6,9,2023,15:30,1,1,3,75,75110,2,4,1,1,1
202300032930,6,9,2023,15:30,1,1,3,75,75110,2,4,3,1,1
202300032931,7,10,2023,20:15,3,1,6,83,83025,1,3,2,1,1
202300032932,8,10,2023,18:10,1,1,1,60,60287,2,4,2,1,1
202300032933,9,10,2023,08:45,1,1,1,64,64225,1,3,2,2,1
202300032934,7,10,2023,15:09,1,1,2,43,43268,2,3,2,1,1
202300032935,7,10,2023,15:15,1,1,3,43,43203,1,3,2,1,1
202300032935,7,10,2023,15:15,1,1,3,43,43203,1,3,2,3,1
202300032936,8,10,2023,18:25,1,1,1,53,53039,1,3,3,1,1
202300032937,8,10,2023,06:30,3,1,6,21,21715,1,3,2,1,1
202300032938,7,10,2023,11:12,1,1,1,28,28405,1,3,-1,1,1
202300032938,7,10,2023,11:12,1,1,1,28,28405,1,3,2,1,1
202300032939,8,10,2023,17:00,1,1,1,17,17396,2,4,2,1,1
202300032940,7,10,2023,16:35,1,1,3,30,30185,1,3,2,1,1
202300032940,7,10,2023,16:35,1,1,3,30,30185,1,3,2,1,1
202300032941,4,10,2023,16:30,1,1,3,30,30348,1,3,2,1,1
202300032942,7,10,2023,19:05,1,1,6,48,48080,2,2,2,1,1
202300032942,7,10,2023,19:05,1,1,6,48,48080,2,2,1,2,1
202300032943,9,10,2023,01:45,3,1,6,52,52332,1,3,2,2,1
202300032944,8,10,2023,14:45,1,1,6,52,52135,1,3,2,2,1
202300032945,30,9,2023,17:55,2,7,7,08,08413,1,3,2,1,1
202300032946,7,10,2023,16:10,1,1,7,04,04112,1,1,3,1,1
202300032947,9,10,2023,09:55,1,1,7,13,13008,2,3,2,2,1
202300032948,9,10,2023,05:45,5,1,7,13,13051,1,3,2,1,1
202300032949,8,10,2023,17:20,1,1,6,42,42279,2,3,2,1,1
202300032950,9,10,2023,03:18,3,1,5,60,60229,1,1,2,1,1
202300032951,8,10,2023,16:17,1,1,6,60,60024,1,1,2,1,1
202300032952,29,7,2023,14:05,1,1,1,976,97608,2,3,2,1,1
202300032952,29,7,2023,14:05,1,1,1,976,97608,2,3,2,1,1
202300032953,8,10,2023,20:20,5,1,1,973,97311,2,3,2,1,1
202300032953,8,10,2023,20:20,5,1,1,973,97311,2,3,2,1,1
202300032954,7,10,2023,15:15,1,1,7,973,97312,1,2,2,1,1
202300032955,7,10,2023,17:20,1,7,6,978,97801,2,2,2,1,1
202300032956,8,10,2023,08:45,1,1,7,77,77135,1,3,2,1,1
202300032957,7,10,2023,15:10,1,1,7,95,95438,1,3,2,2,1
202300032958,8,10,2023,11:10,1,1,3,78,78334,2,3,2,2,1
202300032958,8,10,2023,11:10,1,1,3,78,78334,2,3,2,1,1
202300032959,8,10,2023,11:25,1,1,6,30,30051,1,2,2,1,1
202300032960,5,10,2023,12:15,1,1,6,11,11076,2,4,2,1,1
202300032961,8,10,2023,08:10,3,1,7,34,34199,1,3,2,1,1
202300032962,7,10,2023,16:18,1,1,3,06,06134,1,3,2,3,1
202300032963,7,10,2023,17:10,1,1,6,06,06039,2,7,2,2,1
202300032964,6,10,2023,00:40,3,1,2,13,13086,2,3,2,1,1
202300032965,9,10,2023,13:00,1,1,1,13,13023,2,4,2,3,1
202300032966,8,10,2023,08:40,1,1,7,13,13059,1,3,2,2,1
202300032967,6,10,2023,14:25,1,1,2,26,26002,1,1,1,1,1
202300032968,8,10,2023,12:17,1,1,6,71,71026,1,3,2,2,1
202300032969,7,10,2023,19:15,5,1,6,21,21590,2,3,2,1,1
202300032970,8,10,2023,18:00,1,1,7,68,68247,1,3,-1,2,1
202300032971,8,10,2023,17:05,1,1,1,68,68069,1,3,2,1,1
202300032972,8,10,2023,19:15,2,1,1,73,73186,1,3,2,2,1
202300032973,8,10,2023,13:15,1,1,6,73,73005,1,3,2,2,1
202300032974,9,10,2023,16:30,1,1,1,44,44035,2,7,2,1,1
202300032975,9,10,2023,00:30,3,1,7,38,38407,1,3,2,2,1
202300032976,8,10,2023,19:00,1,1,2,26,26235,1,3,2,1,1
202300032976,8,10,2023,19:00,1,1,2,26,26235,1,3,2,1,1
202300032977,8,10,2023,12:40,1,1,7,07,07264,1,3,-1,2,1
202300032978,5,10,2023,18:25,1,1,6,01,01262,2,4,2,1,1
202300032979,8,10,2023,08:05,1,1,3,69,69204,2,4,2,1,1
202300032979,8,10,2023,08:05,1,1,3,69,69204,2,4,2,2,1
202300032980,6,10,2023,10:15,1,1,7,81,81219,1,3,2,2,1
202300032981,4,10,2023,19:30,5,1,3,81,81140,1,3,2,1,1
202300032981,4,10,2023,19:30,5,1,3,81,81140,1,3,2,1,1
202300032982,6,10,2023,21:15,5,1,1,31,31187,2,3,2,2,1
202300032982,6,10,2023,21:15,5,1,1,31,31187,2,3,2,1,1
202300032983,6,10,2023,21:25,3,1,5,33,33435,1,3,2,1,1
202300032984,7,10,2023,17:20,1,7,3,14,14325,1,3,2,1,1
202300032984,7,10,2023,17:20,1,7,3,14,14325,1,3,2,1,1
202300032985,8,10,2023,20:20,3,1,2,22,22093,1,3,2,1,1
202300032985,8,10,2023,20:20,3,1,2,22,22093,1,3,2,1,1
202300032986,7,10,2023,13:10,1,1,6,35,35343,1,3,2,1,1
202300032987,8,10,2023,14:50,1,1,3,76,76495,2,3,2,1,1
202300032987,8,10,2023,14:50,1,1,3,76,76495,2,3,2,1,1
202300032988,8,10,2023,11:30,1,1,3,60,60581,2,4,2,1,1
202300032988,8,10,2023,11:30,1,1,3,60,60581,2,4,2,1,1
202300032989,7,10,2023,16:11,1,1,2,13,13211,1,1,1,1,1
202300032990,8,10,2023,07:50,2,1,6,13,13210,1,1,3,1,1
202300032991,7,10,2023,12:36,1,1,2,13,13085,1,1,3,1,1
202300032992,7,10,2023,00:00,5,1,2,13,13212,1,1,3,2,1
202300032993,8,10,2023,11:35,1,1,2,33,33550,1,1,3,1,1
202300032994,8,10,2023,12:28,1,1,2,94,94038,1,1,-1,1,1
202300032995,8,10,2023,10:30,1,1,5,91,91689,1,1,1,1,1
202300032996,8,10,2023,02:34,3,1,2,91,91689,1,1,1,2,1
202300032997,7,10,2023,18:44,1,1,3,94,94034,1,1,2,1,1
202300032998,8,10,2023,16:00,1,1,2,93,93007,1,1,3,1,1
202300032999,8,10,2023,15:05,1,1,3,93,93066,1,1,-1,1,1
202300033000,8,10,2023,10:00,1,1,2,93,93029,1,1,1,2,1
202300033001,7,10,2023,20:45,3,1,2,93,93005,1,1,1,1,1
202300033002,7,10,2023,10:10,1,1,2,93,93078,1,1,3,1,1
202300033003,7,10,2023,20:40,3,1,2,95,95500,1,1,3,1,1
202300033004,8,10,2023,17:05,1,1,3,94,94018,1,1,3,1,1
202300033005,31,7,2023,19:00,2,1,1,73,73183,1,3,2,1,1
202300033006,7,10,2023,02:35,5,1,2,974,97416,2,2,1,1,1
202300033007,7,10,2023,19:45,3,1,6,974,97411,1,2,1,2,1
202300033008,6,10,2023,18:00,1,1,6,973,97302,2,4,2,1,1
202300033009,6,10,2023,09:25,1,1,6,973,97302,2,4,2,1,1
202300033010,7,10,2023,18:20,1,1,6,69,69388,2,4,2,1,1
202300033011,7,10,2023,11:35,1,1,2,69,69034,2,7,2,2,1
202300033012,7,10,2023,07:40,1,1,3,69,69389,2,4,2,1,1
202300033012,7,10,2023,07:40,1,1,3,69,69389,2,4,2,1,1
202300033013,7,10,2023,17:00,1,1,3,95,95427,2,4,2,1,1
202300033013,7,10,2023,17:00,1,1,3,95,95427,2,4,1,1,1
202300033014,7,10,2023,19:00,1,1,4,95,95127,1,2,1,1,1
202300033015,6,10,2023,17:51,1,1,6,91,91549,1,3,-1,1,1
202300033016,7,10,2023,11:40,1,1,2,91,91201,2,3,2,2,1
202300033017,6,10,2023,19:15,5,1,3,78,78551,2,4,2,1,1
202300033017,6,10,2023,19:15,5,1,3,78,78551,2,4,2,1,1
202300033018,7,10,2023,09:55,1,1,3,78,78440,2,4,2,1,1
202300033019,7,10,2023,18:30,1,1,6,77,77215,2,4,2,1,1
202300033020,7,10,2023,18:00,1,1,6,77,77079,2,4,3,1,1
202300033021,7,10,2023,17:05,1,1,3,77,77285,2,4,2,1,1
202300033022,6,10,2023,18:34,2,7,6,77,77307,2,4,2,1,1
202300033023,7,10,2023,21:50,5,1,6,73,73011,2,3,2,1,1
202300033024,7,10,2023,20:41,5,1,3,72,72181,1,4,1,1,1
202300033025,7,10,2023,19:40,5,1,1,69,69290,2,4,1,1,1
202300033025,7,10,2023,19:40,5,1,1,69,69290,2,4,2,1,1
202300033026,7,10,2023,18:00,1,1,1,69,69029,2,7,2,1,1
202300033026,7,10,2023,18:00,1,1,1,69,69029,2,7,2,1,1
202300033027,6,10,2023,16:30,1,1,6,69,69290,2,4,2,1,1
202300033027,6,10,2023,16:30,1,1,6,69,69290,2,4,2,1,1
202300033028,7,10,2023,00:12,4,1,6,69,69290,2,7,1,1,1
202300033028,7,10,2023,00:12,4,1,6,69,69290,2,7,2,1,1
202300033029,3,10,2023,17:29,1,1,6,68,68149,2,4,2,1,1
202300033030,7,10,2023,17:00,1,1,6,67,67482,2,4,2,1,1
202300033031,7,10,2023,15:30,1,1,3,67,67482,2,4,3,1,1
202300033031,7,10,2023,15:30,1,1,3,67,67482,2,4,3,1,1
202300033032,6,10,2023,17:45,1,1,1,64,64189,2,3,2,1,1
202300033033,7,10,2023,15:05,1,1,3,63,63113,2,7,3,1,1
202300033033,7,10,2023,15:05,1,1,3,63,63113,2,7,-1,1,1
202300033034,7,10,2023,02:43,3,1,6,62,62895,1,3,2,1,1
202300033035,8,10,2023,00:35,5,1,6,59,59163,2,7,2,1,1
202300033036,7,10,2023,18:00,1,1,6,59,59299,2,4,1,1,1
202300033037,7,10,2023,10:10,1,1,3,59,59350,2,1,1,2,1
202300033038,7,10,2023,11:25,1,1,2,54,54304,2,4,3,1,1
202300033038,7,10,2023,11:25,1,1,2,54,54304,2,4,2,1,1
202300033039,7,10,2023,04:25,3,5,2,54,54382,1,2,1,1,2
202300033040,8,10,2023,00:44,5,1,7,49,49007,2,4,1,1,1
202300033040,8,10,2023,00:44,5,1,7,49,49007,2,4,1,1,1
202300033041,7,10,2023,19:49,5,1,1,45,45234,2,4,-1,1,1
202300033041,7,10,2023,19:49,5,1,1,45,45234,2,4,-1,1,1
202300033042,7,10,2023,03:15,3,1,6,45,45274,1,3,1,1,1
202300033043,6,10,2023,16:40,1,1,6,44,44184,2,4,4,1,1
202300033044,7,10,2023,09:25,1,1,2,38,38053,2,4,2,1,1
202300033045,6,10,2023,17:20,1,1,3,33,33119,2,4,2,1,1
202300033045,6,10,2023,17:20,1,1,3,33,33119,2,4,2,1,1
202300033046,18,1,2023,08:28,1,1,3,10,10362,1,3,1,1,7
202300033046,18,1,2023,08:28,1,1,3,10,10362,1,3,1,1,1
202300033047,12,1,2023,20:01,5,8,3,10,10387,2,4,2,1,1