id_accident,jour,mois,annee,heure_minute,luminosite,meteo,type_collision,departement,commune,agglomeration,categorie_route,regime_circulation,profil_route,etat_surface
202300033047,12,1,2023,20:01,5,8,3,10,10387,2,4,2,1,1
202300033048,6,10,2023,18:20,1,1,3,33,33529,2,3,2,1,1
202300033049,19,1,2023,10:30,1,6,7,04,04112,2,4,2,1,1
202300033049,19,1,2023,10:30,1,6,7,04,04112,2,4,2,1,9
202300033050,19,1,2023,20:15,4,8,3,01,01014,2,3,2,1,7
202300033051,19,1,2023,03:47,5,1,6,75,75114,2,4,1,1,1
202300033052,19,1,2023,18:48,5,2,6,75,75116,2,4,2,1,2
202300033052,19,1,2023,18:48,5,2,6,75,75116,2,4,1,1,2
202300033053,7,10,2023,22:00,5,1,3,31,31555,2,4,2,1,1
202300033053,7,10,2023,22:00,5,1,3,31,31555,2,4,2,1,1
202300033054,18,1,2023,20:05,5,1,3,75,75105,2,4,2,1,1
202300033054,18,1,2023,20:05,5,1,3,75,75105,2,4,1,1,1
202300033055,7,10,2023,07:52,1,1,6,31,31555,2,4,2,1,1
202300033056,17,1,2023,21:20,5,1,3,75,75105,2,4,2,1,1
202300033056,17,1,2023,21:20,5,1,3,75,75105,2,4,1,1,1
202300033057,18,1,2023,18:20,5,2,6,75,75120,2,4,1,1,2
202300033057,18,1,2023,18:20,5,2,6,75,75120,2,4,2,1,2
202300033058,19,1,2023,15:50,1,1,3,75,75119,2,4,1,1,1
202300033058,19,1,2023,15:50,1,1,3,75,75119,2,4,1,1,1
202300033059,18,1,2023,22:50,5,8,6,75,75119,2,4,1,1,2
202300033059,18,1,2023,22:50,5,8,6,75,75119,2,4,1,1,2
202300033060,7,10,2023,10:03,1,1,3,27,27229,2,4,1,1,1
202300033060,7,10,2023,10:03,1,1,3,27,27229,2,4,1,1,1
202300033061,19,1,2023,11:20,1,1,1,75,75109,2,4,1,1,1
202300033061,19,1,2023,11:20,1,1,1,75,75109,2,4,2,2,1
202300033062,6,10,2023,18:40,1,1,6,27,27229,2,4,2,1,1
202300033063,19,1,2023,18:25,5,4,6,75,75116,2,4,2,1,5
202300033063,19,1,2023,18:25,5,4,6,75,75116,2,4,2,1,5
202300033064,19,1,2023,20:40,5,2,3,75,75115,2,4,-1,1,2
202300033065,7,10,2023,17:00,1,1,6,26,26198,1,4,4,1,1
202300033066,19,1,2023,19:10,5,2,7,75,75115,2,4,1,1,2
202300033066,19,1,2023,19:10,5,2,7,75,75115,2,4,2,1,2
202300033067,19,1,2023,04:00,5,1,2,75,75114,2,4,1,1,1
202300033067,19,1,2023,04:00,5,1,2,75,75114,2,4,1,1,1
202300033068,7,10,2023,06:20,3,1,3,22,22278,2,3,2,2,1
202300033069,6,10,2023,23:45,3,1,7,18,18279,2,4,2,1,1
202300033070,18,1,2023,16:10,1,1,3,75,75114,2,4,1,1,1
202300033070,18,1,2023,16:10,1,1,3,75,75114,2,4,1,1,1
202300033071,19,1,2023,20:50,5,2,3,75,75112,2,4,3,1,2
202300033071,19,1,2023,20:50,5,2,3,75,75112,2,4,2,1,2
202300033072,7,10,2023,16:40,1,1,6,15,15014,2,4,2,1,1
202300033073,19,1,2023,18:40,5,2,3,75,75109,2,4,-1,1,2
202300033073,19,1,2023,18:40,5,2,3,75,75109,2,4,2,1,2
202300033074,6,10,2023,17:55,1,1,2,14,14242,2,4,2,2,1
202300033075,18,1,2023,13:30,1,1,6,75,75108,2,4,2,2,1
202300033076,19,1,2023,15:40,1,1,6,75,75102,2,4,2,1,1
202300033076,19,1,2023,15:40,1,1,6,75,75102,2,4,2,1,1
202300033077,18,1,2023,11:00,1,1,1,94,94078,2,2,2,1,1
202300033077,18,1,2023,11:00,1,1,1,94,94078,2,2,2,1,1
202300033078,7,10,2023,17:25,1,1,1,13,13210,2,4,2,1,1
202300033079,19,1,2023,10:45,1,1,3,94,94043,2,3,3,1,1
202300033079,19,1,2023,10:45,1,1,3,94,94043,2,3,3,1,1
202300033080,19,1,2023,13:45,1,1,6,94,94022,2,4,1,1,1
202300033081,7,10,2023,18:20,1,1,1,13,13209,2,7,2,2,1
202300033081,7,10,2023,18:20,1,1,1,13,13209,2,7,2,1,1
202300033082,19,1,2023,08:18,2,4,2,94,94022,2,3,3,2,2
202300033083,7,10,2023,10:15,1,1,6,13,13055,2,7,3,1,1
202300033084,19,1,2023,15:35,1,1,3,94,94017,2,3,2,1,1
202300033085,7,10,2023,09:40,1,1,3,13,13205,2,4,3,1,1
202300033086,17,1,2023,16:30,1,1,3,93,93039,2,3,2,1,1
202300033086,17,1,2023,16:30,1,1,3,93,93039,2,3,3,1,1
202300033087,19,1,2023,00:20,5,8,6,93,93064,2,3,1,1,2
202300033088,6,10,2023,22:20,3,1,1,13,13047,1,2,2,1,1
202300033089,19,1,2023,08:35,1,1,3,93,93031,2,3,1,1,1
202300033090,7,10,2023,15:10,1,1,6,10,10387,2,4,2,1,1
202300033091,18,1,2023,18:50,5,2,2,93,93010,2,4,2,1,2
202300033092,19,1,2023,19:13,5,2,3,93,93007,2,3,1,1,2
202300033092,19,1,2023,19:13,5,2,3,93,93007,2,3,2,1,2
202300033093,7,10,2023,12:19,1,1,3,10,10081,2,4,-1,1,1
202300033093,7,10,2023,12:19,1,1,3,10,10081,2,4,2,1,1
202300033094,18,1,2023,13:30,1,1,6,92,92073,2,4,1,1,1
202300033095,19,1,2023,08:05,4,1,6,92,92050,2,3,1,1,1
202300033096,7,10,2023,20:55,5,1,3,06,06088,2,7,2,1,1
202300033096,7,10,2023,20:55,5,1,3,06,06088,2,7,2,1,1
202300033097,19,1,2023,20:00,5,2,7,92,92048,2,3,2,2,2
202300033097,19,1,2023,20:00,5,2,7,92,92048,2,3,2,2,2
202300033098,18,1,2023,19:24,5,9,7,92,92024,2,3,2,1,2
202300033099,7,10,2023,22:45,5,1,3,06,06123,2,4,2,1,1
202300033099,7,10,2023,22:45,5,1,3,06,06123,2,4,1,2,1
202300033100,19,1,2023,21:18,5,2,3,92,92012,2,3,2,1,2
202300033100,19,1,2023,21:18,5,2,3,92,92012,2,3,1,1,2
202300033101,19,1,2023,18:30,5,1,2,92,92012,2,4,2,1,1
202300033102,7,10,2023,21:00,5,1,2,75,75118,2,4,1,1,1
202300033103,18,1,2023,21:40,5,2,6,92,92002,2,3,1,1,2
202300033104,18,1,2023,17:32,2,1,7,13,13215,1,1,1,1,1
202300033105,6,10,2023,17:10,1,1,2,75,75118,2,4,1,1,1
202300033106,19,1,2023,07:00,3,1,6,83,83069,1,1,1,2,1
202300033107,18,1,2023,07:22,3,1,3,69,69297,1,1,3,1,1
202300033108,6,10,2023,16:00,1,1,5,75,75119,2,4,1,1,1
202300033109,19,1,2023,17:42,4,3,2,33,33487,1,1,3,2,2
202300033110,19,1,2023,16:25,1,1,6,91,91553,1,2,3,1,1
202300033111,7,10,2023,00:55,5,1,3,75,75108,2,4,1,1,1
202300033111,7,10,2023,00:55,5,1,3,75,75108,2,4,1,1,1
202300033112,19,1,2023,12:35,1,1,3,94,94076,1,1,1,1,1
202300033113,4,10,2023,14:00,1,1,7,75,75106,2,4,1,1,1
202300033113,4,10,2023,14:00,1,1,7,75,75106,2,4,1,1,1
202300033114,7,10,2023,20:25,5,1,6,75,75120,2,4,1,1,1
202300033114,7,10,2023,20:25,5,1,6,75,75120,2,4,1,2,1
202300033115,7,10,2023,16:45,1,1,6,75,75120,2,4,1,1,1
202300033116,19,1,2023,07:50,2,8,4,94,94034,1,1,3,1,1
202300033117,7,10,2023,16:30,1,1,3,75,75119,2,4,2,1,1
202300033117,7,10,2023,16:30,1,1,3,75,75119,2,4,1,1,1
202300033118,7,10,2023,01:15,5,1,1,75,75118,2,4,2,1,1
202300033118,7,10,2023,01:15,5,1,1,75,75118,2,4,-1,1,1
202300033119,19,1,2023,07:40,3,8,3,94,94003,1,1,1,2,1
202300033120,7,10,2023,08:40,1,1,3,75,75117,2,4,2,1,1
202300033120,7,10,2023,08:40,1,1,3,75,75117,2,4,1,1,1
202300033121,6,10,2023,13:00,1,1,3,75,75116,2,4,2,1,1
202300033121,6,10,2023,13:00,1,1,3,75,75116,2,4,1,1,1
202300033122,19,1,2023,20:30,5,1,6,93,93006,1,1,1,2,1
202300033123,7,10,2023,21:00,5,1,6,75,75115,2,4,1,1,1
202300033123,7,10,2023,21:00,5,1,6,75,75115,2,4,1,2,1
202300033124,7,10,2023,10:41,1,1,6,75,75114,2,4,2,1,1
202300033124,7,10,2023,10:41,1,1,6,75,75114,2,4,2,1,1
202300033125,19,1,2023,13:30,1,1,3,93,93066,1,1,1,1,1
202300033126,6,10,2023,06:40,5,1,3,75,75114,2,4,2,1,1
202300033126,6,10,2023,06:40,5,1,3,75,75114,2,4,1,1,1
202300033127,6,10,2023,23:15,5,1,2,75,75112,2,4,1,2,1
202300033128,7,10,2023,22:00,5,1,6,75,75111,2,4,2,1,1
202300033128,7,10,2023,22:00,5,1,6,75,75111,2,4,1,1,1
202300033129,19,1,2023,15:10,1,1,6,95,95018,1,1,3,1,1
202300033130,7,10,2023,00:35,5,1,2,75,75110,2,4,1,1,1
202300033131,7,10,2023,17:31,1,1,6,75,75107,2,4,4,1,1
202300033132,7,10,2023,16:05,1,1,6,75,75107,2,4,-1,1,1
202300033132,7,10,2023,16:05,1,1,6,75,75107,2,4,2,1,1
202300033133,7,10,2023,14:50,1,1,6,75,75103,2,4,1,1,1
202300033133,7,10,2023,14:50,1,1,6,75,75103,2,4,1,1,1
202300033134,7,10,2023,02:50,5,1,6,94,94081,2,3,1,3,1
202300033134,7,10,2023,02:50,5,1,6,94,94081,2,3,2,1,1
202300033135,19,1,2023,06:30,3,1,5,95,95277,1,1,3,1,1
202300033136,7,10,2023,15:45,1,1,2,94,94074,2,2,3,1,1
202300033137,7,10,2023,12:46,1,1,3,94,94055,2,3,-1,1,1
202300033138,6,10,2023,16:50,1,7,3,94,94068,2,4,2,1,1
202300033139,7,10,2023,23:20,5,1,6,94,94042,1,3,1,1,1
202300033140,19,1,2023,14:40,1,1,4,94,94018,1,1,3,1,1
202300033141,7,10,2023,17:00,1,1,6,94,94021,2,3,2,1,1
202300033142,7,10,2023,17:00,1,1,6,94,94022,2,4,2,1,1
202300033143,19,1,2023,08:00,3,1,2,94,94073,1,1,-1,1,1
202300033144,7,10,2023,19:20,1,1,2,94,94070,1,2,1,2,1
202300033145,7,10,2023,12:50,1,1,6,93,93049,2,3,3,1,1
202300033145,7,10,2023,12:50,1,1,6,93,93049,2,3,1,1,1
202300033146,7,10,2023,13:50,1,1,6,93,93074,2,3,2,1,1
202300033146,7,10,2023,13:50,1,1,6,93,93074,2,3,1,1,1
202300033147,7,10,2023,16:05,1,1,2,93,93014,2,3,2,1,1
202300033148,7,10,2023,19:10,1,1,6,93,93010,2,4,1,1,1
202300033149,7,10,2023,18:15,1,1,6,93,93007,2,6,-1,1,1
202300033150,17,1,2023,06:55,1,1,3,974,97411,2,4,3,1,1
202300033151,7,10,2023,18:30,1,1,3,93,93001,2,4,2,1,1
202300033152,6,10,2023,18:50,1,1,3,92,92020,2,4,2,1,1
202300033152,6,10,2023,18:50,1,1,3,92,92020,2,4,2,1,1
202300033153,7,10,2023,15:10,1,1,3,92,92025,2,3,2,1,1
202300033154,16,1,2023,17:15,1,1,6,974,97411,2,4,2,1,1
202300033155,7,10,2023,15:55,1,1,3,92,92023,2,4,2,1,1
202300033155,7,10,2023,15:55,1,1,3,92,92023,2,4,2,1,1
202300033156,7,10,2023,13:00,1,1,6,92,92004,2,4,2,1,1
202300033157,18,1,2023,12:30,1,1,3,974,97407,1,9,2,1,1
202300033158,4,10,2023,20:00,3,1,3,39,39543,1,2,4,1,1
202300033158,4,10,2023,20:00,3,1,3,39,39543,1,2,2,1,1
202300033159,18,1,2023,07:45,1,1,3,974,97407,2,4,1,1,1
202300033159,18,1,2023,07:45,1,1,3,974,97407,2,4,1,1,1
202300033160,18,9,2023,01:20,3,1,2,974,97415,1,2,3,1,1
202300033161,18,1,2023,10:00,1,2,6,69,69383,2,4,1,1,2
202300033161,18,1,2023,10:00,1,2,6,69,69383,2,4,1,1,2
202300033162,7,10,2023,12:15,1,1,3,50,50237,1,3,2,4,1
202300033163,6,10,2023,18:00,2,1,3,86,86046,2,4,4,1,1
202300033164,18,1,2023,12:30,1,1,2,972,97213,1,1,3,1,1
202300033165,6,10,2023,16:30,1,1,3,52,52114,2,3,2,1,1
202300033166,6,10,2023,19:00,3,8,7,972,97234,1,3,2,1,9
202300033167,18,1,2023,08:20,1,1,4,972,97213,1,1,3,1,1
202300033168,18,1,2023,18:35,3,1,2,972,97209,1,3,3,2,1
202300033169,7,10,2023,07:05,3,5,3,76,76167,1,3,2,1,1
202300033169,7,10,2023,07:05,3,5,3,76,76167,1,3,2,1,1
202300033170,17,1,2023,23:20,5,1,4,972,97209,2,1,3,4,1
202300033170,17,1,2023,23:20,5,1,4,972,97209,2,1,1,1,1
202300033171,23,9,2023,10:40,1,1,3,01,01353,1,3,2,2,1
202300033172,18,1,2023,11:05,1,1,3,2B,2B033,2,2,2,1,8
202300033173,13,9,2023,12:50,1,3,3,01,01209,1,3,2,2,2
202300033174,18,1,2023,14:10,1,1,2,971,97107,2,2,2,1,1
202300033175,7,10,2023,03:40,3,1,5,22,22067,1,2,3,1,1
202300033176,7,10,2023,15:30,1,1,3,30,30209,2,4,2,2,1
202300033176,7,10,2023,15:30,1,1,3,30,30209,2,4,2,1,1
202300033177,18,1,2023,13:50,1,1,7,91,91657,2,4,2,1,1
202300033178,6,10,2023,23:40,3,1,1,83,83017,2,3,2,2,1
202300033179,7,10,2023,10:25,1,1,1,35,35173,1,3,2,1,1
202300033179,7,10,2023,10:25,1,1,1,35,35173,1,3,2,1,1
202300033180,18,1,2023,07:20,3,9,4,91,91223,1,3,3,1,7
202300033181,6,10,2023,23:50,3,1,3,56,56057,1,3,2,1,1
202300033181,6,10,2023,23:50,3,1,3,56,56057,1,3,1,1,1
202300033182,7,10,2023,12:10,1,1,6,77,77519,2,3,2,1,1
202300033183,18,1,2023,13:35,1,1,3,85,85191,2,4,2,1,1
202300033183,18,1,2023,13:35,1,1,3,85,85191,2,4,2,1,1
202300033184,7,10,2023,19:50,3,1,5,80,80058,1,3,2,1,1
202300033185,14,1,2023,15:00,1,1,5,30,30011,1,3,2,1,1
202300033185,14,1,2023,15:00,1,1,5,30,30011,1,3,2,1,1
202300033186,7,10,2023,03:00,4,1,6,80,80416,2,3,2,1,1
202300033187,8,10,2023,01:00,3,1,6,82,82131,1,3,2,2,1
202300033188,6,10,2023,22:25,3,1,6,65,65268,1,3,2,2,1
202300033189,18,1,2023,13:05,1,1,5,77,77243,1,3,3,1,1
202300033190,5,10,2023,17:10,1,1,4,33,33480,1,3,2,1,1
202300033191,6,10,2023,14:58,1,7,6,11,11206,2,3,2,1,1
202300033192,10,1,2023,17:40,5,1,6,76,76231,2,7,2,1,1
202300033192,10,1,2023,17:40,5,1,6,76,76231,2,7,1,1,1
202300033193,18,1,2023,23:30,5,2,6,76,76259,2,3,2,1,2
202300033193,18,1,2023,23:30,5,2,6,76,76259,2,3,2,1,2
202300033194,18,1,2023,10:23,1,1,6,72,72181,2,4,-1,1,2
202300033195,18,1,2023,06:35,5,9,3,72,72181,2,4,-1,1,1
202300033195,18,1,2023,06:35,5,9,3,72,72181,2,4,-1,1,7
202300033196,17,1,2023,16:40,1,1,3,72,72181,2,4,-1,3,2
202300033197,17,1,2023,09:10,1,2,3,72,72181,1,3,-1,1,2
202300033198,17,1,2023,08:25,2,3,6,72,72181,2,4,2,3,2
202300033199,17,1,2023,08:30,1,1,6,67,67482,2,4,2,1,1
202300033199,17,1,2023,08:30,1,1,6,67,67482,2,4,2,1,1
202300033200,16,1,2023,19:30,5,6,3,67,67482,2,4,2,1,2
202300033201,17,1,2023,13:50,1,3,6,64,64445,2,4,2,1,2
202300033202,18,1,2023,03:30,5,1,3,59,59350,2,7,2,1,2
202300033202,18,1,2023,03:30,5,1,3,59,59350,2,7,2,1,2
202300033203,17,1,2023,20:40,5,9,3,59,59328,2,7,2,4,7
202300033203,17,1,2023,20:40,5,9,3,59,59328,2,7,2,1,7
202300033204,17,1,2023,07:55,1,4,6,58,58194,2,4,2,3,2
202300033204,17,1,2023,07:55,1,4,6,58,58194,2,4,2,3,2
202300033205,17,1,2023,18:25,5,8,3,56,56098,2,3,2,1,2
202300033205,17,1,2023,18:25,5,8,3,56,56098,2,3,2,1,2
202300033206,18,1,2023,18:06,5,1,6,54,54257,2,4,2,1,1
202300033207,17,1,2023,19:45,5,2,6,54,54357,2,4,2,1,2
202300033207,17,1,2023,19:45,5,2,6,54,54357,2,4,2,1,2
202300033208,17,1,2023,18:35,3,4,3,54,54328,2,4,2,3,2
202300033208,17,1,2023,18:35,3,4,3,54,54328,2,4,2,2,2
202300033209,17,1,2023,08:25,1,1,1,54,54395,2,4,1,1,2
202300033210,18,1,2023,07:10,3,1,6,50,50129,1,3,3,2,2
202300033211,18,1,2023,10:05,1,1,2,50,50129,2,4,2,1,2
202300033211,18,1,2023,10:05,1,1,2,50,50129,2,4,2,1,2
202300033212,18,1,2023,11:07,1,1,2,49,49007,2,4,2,2,1
202300033213,18,1,2023,13:50,1,7,3,45,45234,2,4,2,1,7
202300033213,18,1,2023,13:50,1,7,3,45,45234,2,4,2,1,7
202300033214,18,1,2023,07:25,4,8,1,42,42275,2,4,2,1,2
202300033214,18,1,2023,07:25,4,8,1,42,42275,2,4,3,1,2
202300033215,18,1,2023,10:45,1,3,3,38,38423,2,7,1,1,2
202300033216,18,1,2023,18:25,5,1,6,37,37261,2,4,1,1,1
202300033216,18,1,2023,18:25,5,1,6,37,37261,2,4,1,1,1
202300033217,18,1,2023,08:40,1,1,7,37,37261,2,4,2,1,7
202300033218,18,1,2023,17:00,2,2,3,35,35238,2,4,3,1,2
202300033218,18,1,2023,17:00,2,2,3,35,35238,2,4,3,1,2
202300033219,18,1,2023,11:15,1,1,6,35,35238,2,4,3,1,1
202300033220,18,1,2023,10:55,1,1,2,35,35238,2,4,2,1,1
202300033221,18,1,2023,08:50,1,8,3,33,33318,2,4,2,1,1
202300033221,18,1,2023,08:50,1,8,3,33,33318,2,4,2,1,1
202300033222,15,1,2023,19:43,5,1,3,30,30189,2,4,2,1,1
202300033222,15,1,2023,19:43,5,1,3,30,30189,2,4,2,1,1
202300033223,18,1,2023,17:00,1,1,7,29,29232,1,3,1,2,2
202300033224,18,1,2023,13:45,1,8,6,29,29232,2,4,2,1,2
202300033225,18,1,2023,16:10,1,4,2,25,25462,2,2,2,1,5
202300033226,18,1,2023,07:50,2,4,6,25,25056,2,4,-1,1,2
202300033227,18,1,2023,11:45,1,2,6,17,17306,2,4,3,1,2
202300033228,17,1,2023,21:00,5,1,6,13,13204,2,4,3,1,1
202300033229,18,1,2023,12:20,1,1,3,13,13005,2,3,2,1,1
202300033230,18,1,2023,08:25,1,1,3,13,13005,2,4,1,3,1
202300033230,18,1,2023,08:25,1,1,3,13,13005,2,4,1,3,1
202300033231,18,1,2023,18:30,2,1,2,13,13001,2,4,1,1,1
202300033232,17,1,2023,12:30,1,2,2,11,11069,2,4,3,1,2
202300033233,18,1,2023,07:35,5,8,3,07,07019,2,4,1,2,1
202300033233,18,1,2023,07:35,5,8,3,07,07019,2,4,1,2,1
202300033234,18,1,2023,15:56,1,1,6,06,06029,2,4,3,2,1
202300033234,18,1,2023,15:56,1,1,6,06,06029,2,4,3,2,1
202300033235,18,1,2023,10:50,1,1,3,06,06030,2,4,1,1,1
202300033235,18,1,2023,10:50,1,1,3,06,06030,2,4,2,1,1
202300033236,17,1,2023,04:45,5,1,2,06,06027,2,7,2,1,1
202300033237,14,1,2023,17:45,5,1,3,05,05061,2,4,2,2,1
202300033237,14,1,2023,17:45,5,1,3,05,05061,2,4,2,1,1
202300033238,16,1,2023,09:10,1,2,2,75,75113,2,4,1,1,2
202300033239,18,1,2023,20:25,5,8,7,75,75119,2,4,2,1,2
202300033239,18,1,2023,20:25,5,8,7,75,75119,2,4,3,1,2
202300033240,18,1,2023,15:30,1,1,6,75,75119,2,4,2,1,1
202300033240,18,1,2023,15:30,1,1,6,75,75119,2,4,2,1,1
202300033241,18,1,2023,16:00,1,1,3,75,75117,2,4,3,2,1
202300033242,18,1,2023,09:00,1,1,2,75,75116,2,4,1,1,1
202300033242,18,1,2023,09:00,1,1,2,75,75116,2,4,1,1,1
202300033243,18,1,2023,08:50,1,1,7,75,75115,2,4,-1,1,1
202300033243,18,1,2023,08:50,1,1,7,75,75115,2,4,1,1,1
202300033244,18,1,2023,18:00,5,2,6,75,75114,2,4,2,1,2
202300033245,18,1,2023,20:55,5,8,6,75,75111,2,4,1,1,2
202300033245,18,1,2023,20:55,5,8,6,75,75111,2,4,1,2,2
202300033246,18,1,2023,15:28,1,1,3,75,75111,2,4,2,1,1
202300033247,18,1,2023,09:35,1,1,6,75,75108,2,4,2,1,1
202300033248,18,1,2023,19:45,5,1,6,75,75101,2,4,2,1,1
202300033248,18,1,2023,19:45,5,1,6,75,75101,2,4,1,1,1
202300033249,18,1,2023,14:50,1,1,3,75,75103,2,4,2,1,1
202300033249,18,1,2023,14:50,1,1,3,75,75103,2,4,1,1,1
202300033250,18,1,2023,09:55,1,1,6,94,94076,2,4,1,1,1
202300033251,18,1,2023,09:00,1,1,3,94,94038,2,4,2,1,1
202300033251,18,1,2023,09:00,1,1,3,94,94038,2,4,2,1,1
202300033252,18,1,2023,18:10,5,2,6,94,94028,2,3,2,1,2
202300033252,18,1,2023,18:10,5,2,6,94,94028,2,3,2,1,2
202300033253,17,1,2023,15:15,1,2,3,94,94028,2,4,3,1,2
202300033253,17,1,2023,15:15,1,2,3,94,94028,2,4,3,1,2
202300033254,18,1,2023,18:15,5,1,6,94,94073,2,3,2,1,1
202300033255,18,1,2023,14:00,1,1,3,94,94018,2,4,1,1,1
202300033255,18,1,2023,14:00,1,1,3,94,94018,2,4,2,3,1
202300033256,17,1,2023,08:40,1,1,3,94,94041,2,3,2,1,1
202300033256,17,1,2023,08:40,1,1,3,94,94041,2,3,2,1,1
202300033257,18,1,2023,15:00,1,8,6,94,94071,2,3,2,1,1
202300033258,18,1,2023,07:20,5,1,6,93,93059,2,3,3,1,2
202300033258,18,1,2023,07:20,5,1,6,93,93059,2,3,2,1,2
202300033259,18,1,2023,13:20,1,1,6,93,93070,2,4,2,2,1
202300033260,18,1,2023,09:00,1,1,3,93,93064,2,3,2,1,1
202300033261,18,1,2023,07:50,5,9,6,93,93062,2,3,2,1,1
202300033262,16,1,2023,08:15,2,2,1,93,93010,2,3,1,1,2
202300033262,16,1,2023,08:15,2,2,1,93,93010,2,3,2,1,2
202300033263,18,1,2023,19:30,3,2,3,93,93005,2,3,3,1,2
202300033264,18,1,2023,05:50,5,1,6,92,92064,2,3,1,2,1
202300033265,17,1,2023,23:19,5,1,6,92,92064,2,3,2,1,1
202300033266,16,1,2023,11:25,1,2,6,92,92063,2,4,1,1,2
202300033267,18,1,2023,08:35,1,1,2,92,92062,2,3,3,2,1
202300033268,17,1,2023,11:00,1,8,6,92,92051,2,4,2,1,1
202300033269,18,1,2023,18:00,5,2,2,92,92048,2,3,2,1,2
202300033269,18,1,2023,18:00,5,2,2,92,92048,2,3,1,2,2
202300033270,18,1,2023,10:52,1,1,6,92,92040,2,4,1,1,1
202300033271,16,1,2023,15:33,1,1,2,92,92036,2,4,2,1,1
202300033272,12,1,2023,09:10,1,8,2,57,57463,1,2,1,2,1
202300033273,18,1,2023,19:25,5,2,4,33,33249,1,2,3,1,2
202300033274,18,1,2023,17:58,1,4,2,33,33397,1,1,3,1,2
202300033275,18,1,2023,09:35,1,2,3,33,33550,1,1,3,1,2
202300033276,18,1,2023,16:30,1,1,2,91,91363,1,2,3,1,2
202300033277,17,1,2023,06:13,3,1,2,78,78043,1,1,1,3,7
202300033278,18,1,2023,18:00,3,2,6,95,95212,1,1,3,1,2
202300033279,17,1,2023,13:10,1,1,2,93,93064,1,1,-1,2,1
202300033280,17,1,2023,08:15,2,1,6,02,02722,2,4,2,1,1
202300033280,17,1,2023,08:15,2,1,6,02,02722,2,4,1,1,1
202300033281,16,1,2023,08:40,1,3,6,64,64445,2,4,2,1,2
202300033282,9,1,2023,09:58,1,2,3,62,62041,2,4,1,1,2
202300033283,16,1,2023,17:45,2,1,4,974,97416,1,2,2,2,1
202300033284,17,1,2023,16:30,1,1,3,974,97411,1,2,1,2,1
202300033285,17,1,2023,11:15,1,1,3,973,97302,2,4,2,1,1
202300033285,17,1,2023,11:15,1,1,3,973,97302,2,4,1,1,1
202300033286,17,1,2023,11:50,1,8,3,973,97302,2,4,2,1,1
202300033286,17,1,2023,11:50,1,8,3,973,97302,2,4,1,1,1
202300033287,16,1,2023,21:35,4,2,6,973,97302,1,2,1,1,2
202300033288,17,1,2023,12:45,1,8,3,69,69034,2,4,2,1,2
202300033289,17,1,2023,07:30,4,2,3,69,69081,2,4,2,2,2
202300033290,17,1,2023,06:55,5,3,6,69,69149,2,7,2,1,2
202300033290,17,1,2023,06:55,5,3,6,69,69149,2,7,2,1,2
202300033291,17,1,2023,09:55,1,1,2,971,97113,1,2,-1,1,1
202300033292,17,1,2023,06:40,1,1,3,971,97113,1,2,3,1,1
202300033293,17,1,2023,23:00,4,2,1,91,91161,2,3,2,1,2
202300033294,17,1,2023,19:30,3,1,6,91,91064,2,4,-1,2,2
202300033295,17,1,2023,19:06,5,2,1,91,91161,2,4,2,1,2
202300033295,17,1,2023,19:06,5,2,1,91,91161,2,4,2,1,2
202300033296,16,1,2023,12:05,1,2,3,91,91477,2,4,2,2,2
202300033296,16,1,2023,12:05,1,2,3,91,91477,2,4,2,1,2
202300033297,17,1,2023,18:10,5,2,6,91,91027,2,6,-1,1,2
202300033298,17,1,2023,12:28,1,2,7,91,91223,1,3,2,2,2
202300033299,16,1,2023,07:44,5,2,3,87,87085,2,4,2,1,2
202300033300,13,1,2023,07:50,1,2,6,84,84007,2,4,2,1,2
202300033301,17,1,2023,19:05,5,1,3,78,78440,2,3,1,1,1
202300033301,17,1,2023,19:05,5,1,3,78,78440,2,3,2,1,1
202300033302,17,1,2023,08:20,4,1,6,76,76165,2,4,2,1,1
202300033302,17,1,2023,08:20,4,1,6,76,76165,2,4,2,1,1
202300033303,17,1,2023,06:20,5,3,3,69,69259,2,4,2,1,2
202300033303,17,1,2023,06:20,5,3,3,69,69259,2,4,2,1,2
202300033304,17,1,2023,13:40,1,1,6,69,69091,2,4,2,1,1
202300033305,17,1,2023,09:00,1,1,6,62,62119,2,3,2,1,2
202300033306,17,1,2023,20:40,5,1,6,59,59599,2,4,2,2,1
202300033307,17,1,2023,19:30,5,1,1,59,59527,2,7,2,1,1
202300033308,12,1,2023,18:00,2,3,1,59,59507,2,7,2,1,2
202300033309,16,1,2023,17:15,3,2,6,57,57666,2,3,2,2,2
202300033310,17,1,2023,08:40,1,8,3,56,56260,2,4,1,1,2
202300033311,17,1,2023,18:10,5,3,6,54,54174,2,3,2,1,2
202300033311,17,1,2023,18:10,5,3,6,54,54174,2,3,2,1,2
202300033312,17,1,2023,10:30,1,1,6,54,54575,1,2,3,1,1
202300033313,16,1,2023,18:18,5,2,6,54,54323,2,3,2,1,2
202300033313,16,1,2023,18:18,5,2,6,54,54323,2,3,2,1,2
202300033314,16,1,2023,07:40,5,6,6,54,54159,2,3,2,1,2
202300033314,16,1,2023,07:40,5,6,6,54,54159,2,3,2,1,1
202300033315,16,1,2023,20:38,5,2,6,49,49007,2,4,2,1,2
202300033316,16,1,2023,08:46,1,2,3,49,49007,2,4,2,1,2
202300033317,29,7,2023,20:30,2,1,3,94,94028,2,4,1,2,1