id_accident,jour,mois,annee,heure_minute,luminosite,meteo,type_collision,departement,commune,agglomeration,categorie_route,regime_circulation,profil_route,etat_surface
202300033317,29,7,2023,20:30,2,1,3,94,94028,2,4,2,1,1
202300033318,29,7,2023,17:27,1,1,4,93,93066,2,3,2,1,1
202300033319,29,7,2023,10:10,1,1,1,93,93001,2,3,2,1,1
202300033320,28,7,2023,19:35,1,3,6,92,92002,2,3,1,1,2
202300033321,29,7,2023,03:13,3,1,5,13,13026,1,1,1,1,1
202300033322,29,7,2023,06:45,1,1,2,13,13210,1,1,1,1,1
202300033323,25,7,2023,05:20,2,1,2,13,13071,1,1,1,1,1
202300033324,17,6,2023,05:10,2,1,6,69,69382,1,7,3,1,1
202300033325,29,7,2023,20:10,1,1,5,94,94038,1,1,1,1,1
202300033326,29,7,2023,03:30,5,1,4,94,94043,1,1,1,1,1
202300033327,29,7,2023,16:20,1,3,2,92,92036,1,1,1,1,2
202300033328,28,7,2023,22:02,3,1,6,78,78646,1,2,1,1,2
202300033329,28,7,2023,13:10,1,2,6,78,78640,1,1,1,1,2
202300033330,28,7,2023,19:45,1,2,6,93,93078,1,1,3,1,2
202300033331,28,7,2023,06:45,2,2,3,93,93048,1,1,3,1,2
202300033332,28,7,2023,00:53,3,2,2,94,94069,1,1,3,1,2
202300033333,28,7,2023,00:00,3,2,2,77,77363,1,1,-1,2,2
202300033334,28,7,2023,12:15,1,1,6,43,43041,2,3,2,4,1
202300033335,4,7,2023,07:25,1,1,1,987,98735,2,4,2,1,1
202300033335,4,7,2023,07:25,1,1,1,987,98735,2,4,2,1,1
202300033336,28,7,2023,21:15,5,1,3,976,97611,2,2,2,1,1
202300033337,18,6,2023,12:45,1,1,6,974,97416,1,4,-1,2,1
202300033338,17,6,2023,17:30,2,1,7,974,97416,1,4,2,2,1
202300033339,16,6,2023,20:15,3,1,4,974,97416,1,3,-1,1,1
202300033340,28,7,2023,13:10,1,1,3,974,97409,2,4,2,1,1
202300033341,16,6,2023,18:45,5,1,3,974,97409,2,4,2,1,1
202300033342,13,6,2023,09:00,1,1,3,973,97302,2,3,2,1,1
202300033342,13,6,2023,09:00,1,1,3,973,97302,2,3,2,3,1
202300033343,16,6,2023,14:10,1,1,3,973,97302,2,4,2,1,1
202300033344,27,7,2023,16:40,1,1,3,69,69386,2,4,1,1,1
202300033344,27,7,2023,16:40,1,1,3,69,69386,2,4,1,1,1
202300033345,28,7,2023,14:30,1,1,3,972,97213,1,3,2,1,1
202300033345,28,7,2023,14:30,1,1,3,972,97213,1,3,2,2,1
202300033346,28,7,2023,13:00,1,2,6,972,97209,1,4,2,2,2
202300033347,28,7,2023,11:20,1,1,1,69,69385,2,4,2,2,1
202300033348,27,7,2023,09:35,1,1,1,69,69034,1,4,2,2,1
202300033348,27,7,2023,09:35,1,1,1,69,69034,1,4,1,2,1
202300033349,17,6,2023,00:25,5,1,1,69,69382,2,4,1,1,1
202300033350,27,7,2023,15:30,1,1,2,971,97113,1,2,2,1,1
202300033351,16,6,2023,19:00,5,1,6,971,97105,2,2,1,1,1
202300033352,27,7,2023,18:30,1,1,3,85,85194,2,4,4,1,1
202300033352,27,7,2023,18:30,1,1,3,85,85194,2,4,3,1,1
202300033353,17,6,2023,22:50,3,1,3,81,81144,1,2,-1,1,1
202300033353,17,6,2023,22:50,3,1,3,81,81144,1,2,1,1,1
202300033354,28,7,2023,16:45,1,1,1,78,78238,1,4,2,1,2
202300033355,28,7,2023,23:10,3,1,3,77,77294,1,3,1,1,1
202300033355,28,7,2023,23:10,3,1,3,77,77294,1,3,1,1,2
202300033356,28,7,2023,13:20,1,2,6,77,77449,1,3,1,1,2
202300033357,28,7,2023,10:30,1,1,3,76,76540,2,4,2,1,1
202300033357,28,7,2023,10:30,1,1,3,76,76540,2,4,2,1,1
202300033358,28,7,2023,05:25,5,1,6,76,76351,2,4,1,1,2
202300033358,28,7,2023,05:25,5,1,6,76,76351,2,4,2,1,2
202300033359,26,7,2023,23:00,5,1,1,76,76447,2,3,2,2,2
202300033360,28,7,2023,20:45,2,8,7,76,76384,2,3,4,1,1
202300033361,16,6,2023,13:40,1,1,2,76,76114,2,4,2,2,1
202300033362,28,7,2023,19:00,1,1,3,71,71306,2,3,2,1,1
202300033362,28,7,2023,19:00,1,1,3,71,71306,2,3,2,2,1
202300033363,28,7,2023,18:25,1,1,7,71,71486,2,4,2,1,1
202300033364,28,7,2023,13:40,1,1,6,69,69256,2,4,2,1,1
202300033365,18,6,2023,20:00,1,1,1,69,69264,2,3,1,1,1
202300033365,18,6,2023,20:00,1,1,1,69,69264,2,3,2,1,1
202300033366,17,6,2023,19:05,1,7,3,68,68066,2,4,-1,1,1
202300033366,17,6,2023,19:05,1,7,3,68,68066,2,4,2,1,1
202300033367,26,7,2023,18:25,1,1,4,67,67218,2,7,2,1,1
202300033368,17,6,2023,01:25,5,1,3,67,67482,2,4,2,1,1
202300033368,17,6,2023,01:25,5,1,3,67,67482,2,4,1,1,1
202300033369,28,7,2023,22:07,5,1,3,64,64445,2,4,2,1,1
202300033369,28,7,2023,22:07,5,1,3,64,64445,2,4,4,1,1
202300033369,28,7,2023,22:07,5,1,3,64,64445,2,4,2,1,1
202300033370,29,7,2023,00:36,4,1,1,64,64024,2,4,2,1,1
202300033371,27,7,2023,21:25,2,1,3,64,64102,2,3,3,2,1
202300033372,28,7,2023,10:27,1,1,2,63,63113,2,4,1,1,1
202300033373,16,6,2023,12:00,1,1,3,61,61391,2,3,2,1,1
202300033373,16,6,2023,12:00,1,1,3,61,61391,2,3,2,1,1
202300033374,28,7,2023,07:45,1,2,3,59,59650,2,7,3,1,2
202300033374,28,7,2023,07:45,1,2,3,59,59650,2,7,2,1,2
202300033375,28,7,2023,18:00,1,1,6,54,54395,2,4,1,1,1
202300033375,28,7,2023,18:00,1,1,6,54,54395,2,4,1,1,1
202300033376,28,7,2023,17:15,1,1,3,51,51454,2,4,1,3,1
202300033376,28,7,2023,17:15,1,1,3,51,51454,2,4,2,1,1
202300033377,28,7,2023,13:15,1,8,3,51,51454,2,4,1,3,2
202300033377,28,7,2023,13:15,1,8,3,51,51454,2,4,2,1,2
202300033378,27,7,2023,12:00,1,1,3,51,51108,2,4,2,1,1
202300033378,27,7,2023,12:00,1,1,3,51,51108,2,4,2,1,1
202300033379,28,7,2023,21:23,5,1,3,49,49007,2,4,2,1,1
202300033380,28,7,2023,18:42,1,1,7,49,49007,2,4,3,1,1
202300033380,28,7,2023,18:42,1,1,7,49,49007,2,4,2,1,1
202300033381,28,7,2023,13:47,1,2,3,49,49007,2,4,1,1,2
202300033381,28,7,2023,13:47,1,2,3,49,49007,2,4,2,1,2
202300033382,28,7,2023,10:20,1,1,7,49,49007,2,3,1,1,2
202300033383,28,7,2023,09:25,1,2,6,49,49007,2,4,2,1,2
202300033383,28,7,2023,09:25,1,2,6,49,49007,2,4,2,1,2
202300033384,27,7,2023,08:06,1,2,3,49,49007,2,4,3,1,2
202300033385,19,6,2023,00:30,3,2,7,47,47001,1,3,2,1,2
202300033386,18,6,2023,16:30,1,1,3,47,47001,2,3,2,1,1
202300033386,18,6,2023,16:30,1,1,3,47,47001,2,3,2,1,1
202300033387,18,6,2023,10:30,1,1,3,47,47001,2,4,2,1,1
202300033387,18,6,2023,10:30,1,1,3,47,47001,2,4,2,1,1
202300033388,17,6,2023,16:25,1,1,3,45,45234,2,4,2,1,1
202300033388,17,6,2023,16:25,1,1,3,45,45234,2,4,3,1,1
202300033389,29,7,2023,01:55,3,1,6,41,41295,1,3,3,1,1
202300033390,28,7,2023,01:50,4,1,3,39,39198,2,4,2,2,1
202300033391,28,7,2023,06:50,1,2,3,38,38185,2,7,2,1,2
202300033391,28,7,2023,06:50,1,2,3,38,38185,2,7,2,1,2
202300033392,18,6,2023,20:54,1,1,6,38,38185,2,7,4,1,1
202300033393,17,6,2023,19:05,1,1,3,38,38421,2,4,2,1,1
202300033393,17,6,2023,19:05,1,1,3,38,38421,2,4,2,1,1
202300033394,28,7,2023,18:20,1,1,6,37,37261,2,4,2,1,1
202300033395,28,7,2023,10:36,1,1,6,34,34032,2,4,2,1,1
202300033396,28,7,2023,16:10,1,1,3,34,34003,2,4,-1,1,1
202300033397,27,7,2023,18:20,1,1,2,34,34003,1,3,2,1,1
202300033398,27,7,2023,15:45,1,1,3,33,33032,1,4,2,1,1
202300033398,27,7,2023,15:45,1,1,3,33,33032,1,4,2,1,1
202300033399,18,6,2023,14:20,1,1,5,33,33529,2,3,2,1,1
202300033399,18,6,2023,14:20,1,1,5,33,33529,2,3,2,1,1
202300033400,16,6,2023,19:00,1,1,6,33,33529,1,3,2,4,1
202300033401,17,6,2023,21:50,5,8,1,31,31555,2,4,2,1,2
202300033402,28,7,2023,10:20,1,2,6,29,29232,1,3,3,1,2
202300033403,17,6,2023,10:20,1,1,3,29,29232,1,3,1,1,1
202300033404,16,6,2023,16:15,1,1,7,29,29232,1,2,3,2,1
202300033405,28,7,2023,18:30,1,1,3,29,29019,2,4,2,1,2
202300033406,16,6,2023,11:55,1,1,6,28,28085,2,4,2,1,1
202300033407,18,6,2023,00:02,3,1,6,22,22360,1,4,2,2,1
202300033408,16,6,2023,17:20,1,1,2,19,19031,2,4,2,1,1
202300033409,18,6,2023,19:45,1,1,3,17,17300,2,6,-1,1,1
202300033410,18,6,2023,18:30,1,1,6,17,17300,2,4,2,2,1
202300033411,28,7,2023,08:20,1,1,3,17,17299,2,4,2,1,1
202300033412,16,6,2023,18:30,1,1,6,16,16089,2,3,2,1,1
202300033413,27,7,2023,20:20,1,1,3,14,14118,2,4,2,1,1
202300033413,27,7,2023,20:20,1,1,3,14,14118,2,4,-1,1,1
202300033414,17,6,2023,18:35,1,1,1,13,13103,1,3,2,1,1
202300033415,27,7,2023,09:30,1,1,6,13,13207,2,4,1,1,1
202300033416,18,6,2023,01:15,5,1,3,13,13210,2,4,1,1,1
202300033416,18,6,2023,01:15,5,1,3,13,13210,2,4,2,1,1
202300033416,18,6,2023,01:15,5,1,3,13,13210,2,4,2,1,1
202300033417,18,6,2023,14:15,1,1,6,13,13208,2,4,1,1,1
202300033418,18,6,2023,12:00,1,1,4,13,13213,2,4,2,1,1
202300033419,17,6,2023,23:25,5,1,6,13,13215,2,3,2,1,1
202300033420,17,6,2023,22:25,2,1,2,13,13203,2,4,-1,1,1
202300033420,17,6,2023,22:25,2,1,2,13,13203,2,4,-1,1,1
202300033421,17,6,2023,19:07,1,1,1,13,13211,2,4,2,2,1
202300033421,17,6,2023,19:07,1,1,1,13,13211,2,4,2,1,1
202300033422,17,6,2023,11:40,1,1,3,13,13208,2,4,1,1,1
202300033423,17,6,2023,11:30,1,1,3,13,13215,2,4,2,1,1
202300033424,16,6,2023,14:15,1,1,2,13,13209,2,4,1,1,1
202300033424,16,6,2023,14:15,1,1,2,13,13209,2,4,1,1,1
202300033425,16,6,2023,13:38,1,1,3,13,13213,2,4,2,1,1
202300033425,16,6,2023,13:38,1,1,3,13,13213,2,4,2,2,1
202300033426,17,6,2023,17:30,1,1,1,13,13047,1,2,2,1,1
202300033427,16,6,2023,17:55,1,1,3,13,13005,1,3,2,2,1
202300033428,16,6,2023,20:35,1,1,3,13,13005,2,4,-1,2,1
202300033429,16,6,2023,15:20,1,1,3,13,13005,1,3,2,2,1
202300033430,16,6,2023,12:00,1,1,3,13,13005,2,4,2,1,1
202300033431,27,7,2023,23:20,5,1,3,10,10333,1,3,-1,1,1
202300033432,28,7,2023,23:15,5,1,5,10,10333,2,4,2,1,1
202300033433,16,6,2023,09:55,1,1,1,07,07019,1,3,2,1,1
202300033434,27,7,2023,13:20,1,1,6,06,06088,2,4,2,2,1
202300033434,27,7,2023,13:20,1,1,6,06,06088,2,4,2,2,1
202300033435,16,6,2023,22:00,3,1,6,06,06088,1,9,2,2,1
202300033436,28,7,2023,10:10,1,1,2,06,06123,1,7,1,1,1
202300033437,22,7,2023,14:25,1,1,2,02,02408,2,3,1,1,1
202300033437,22,7,2023,14:25,1,1,2,02,02408,2,3,1,1,1
202300033438,28,7,2023,19:50,1,3,7,75,75117,2,4,1,1,2
202300033439,28,7,2023,08:45,1,3,7,75,75115,2,4,1,3,3
202300033440,26,7,2023,12:50,1,1,7,75,75112,2,4,1,1,1
202300033441,16,6,2023,09:40,1,1,3,75,75113,2,4,3,2,1
202300033441,16,6,2023,09:40,1,1,3,75,75113,2,4,2,1,1
202300033442,28,7,2023,19:40,1,2,3,75,75106,2,4,-1,1,2
202300033442,28,7,2023,19:40,1,2,3,75,75106,2,4,1,1,2
202300033443,28,7,2023,09:54,1,2,3,75,75105,2,4,1,1,2
202300033443,28,7,2023,09:54,1,2,3,75,75105,2,4,1,1,2
202300033444,26,7,2023,13:00,1,1,3,75,75116,2,4,2,1,1
202300033444,26,7,2023,13:00,1,1,3,75,75116,2,4,1,1,1
202300033445,27,7,2023,13:45,1,2,6,75,75114,2,4,2,1,2
202300033446,26,7,2023,15:25,1,1,4,75,75114,2,4,2,1,1
202300033446,26,7,2023,15:25,1,1,4,75,75114,2,4,2,1,1
202300033447,28,7,2023,13:35,1,2,6,75,75110,2,4,1,1,2
202300033447,28,7,2023,13:35,1,2,6,75,75110,2,4,1,1,2
202300033448,28,7,2023,13:15,1,1,6,75,75109,2,4,1,1,1
202300033448,28,7,2023,13:15,1,1,6,75,75109,2,4,1,1,1
202300033449,28,7,2023,14:55,1,2,6,94,94058,2,4,2,2,2
202300033450,28,7,2023,17:00,1,2,3,94,94046,2,4,2,1,2
202300033450,28,7,2023,17:00,1,2,3,94,94046,2,4,2,1,2
202300033451,28,7,2023,15:00,1,2,3,94,94011,2,3,-1,1,2
202300033451,28,7,2023,15:00,1,2,3,94,94011,2,3,-1,1,2
202300033452,28,7,2023,20:00,1,2,6,94,94079,2,3,2,1,2
202300033452,28,7,2023,20:00,1,2,6,94,94079,2,3,2,1,2
202300033453,28,7,2023,18:10,1,2,5,94,94017,2,3,3,1,2
202300033453,28,7,2023,18:10,1,2,5,94,94017,2,3,2,1,2
202300033454,26,7,2023,11:40,1,1,2,94,94017,2,3,2,1,1
202300033454,26,7,2023,11:40,1,1,2,94,94017,2,3,1,1,1
202300033455,28,7,2023,16:40,1,3,2,95,95527,1,1,-1,1,2
202300033456,28,7,2023,13:00,1,2,3,93,93032,2,3,2,1,2
202300033456,28,7,2023,13:00,1,2,3,93,93032,2,3,2,1,2
202300033457,28,7,2023,20:00,2,3,6,93,93049,2,4,1,1,3
202300033458,28,7,2023,13:55,1,8,3,93,93046,2,3,3,1,2
202300033459,28,7,2023,20:05,1,2,3,93,93063,2,3,3,1,2
202300033459,28,7,2023,20:05,1,2,3,93,93063,2,3,3,1,2
202300033460,28,7,2023,08:00,1,2,6,92,92072,2,3,3,1,2
202300033461,26,7,2023,13:50,1,1,6,92,92064,2,3,-1,1,1
202300033462,28,7,2023,16:15,1,2,3,92,92049,2,3,2,1,2
202300033462,28,7,2023,16:15,1,2,3,92,92049,2,3,2,1,2
202300033463,28,7,2023,14:27,1,2,2,92,92044,2,4,1,1,2
202300033463,28,7,2023,14:27,1,2,2,92,92044,2,4,-1,1,2
202300033464,28,7,2023,01:28,5,1,2,92,92004,2,3,-1,1,1
202300033464,28,7,2023,01:28,5,1,2,92,92004,2,3,-1,1,1
202300033465,29,7,2023,18:20,1,1,6,60,60160,1,3,2,1,1
202300033466,28,7,2023,18:55,1,1,1,33,33040,2,3,2,1,1
202300033467,29,7,2023,17:10,1,1,2,28,28031,1,1,1,1,1
202300033468,28,7,2023,12:43,1,3,5,972,97222,1,2,2,2,2
202300033469,28,7,2023,12:05,1,8,7,76,76616,1,4,2,2,6
202300033470,28,7,2023,19:30,1,1,7,86,86165,2,4,1,2,2
202300033471,29,7,2023,05:45,2,1,7,68,68315,2,3,3,1,1
202300033472,29,7,2023,13:00,1,3,1,62,62527,1,3,2,1,2
202300033473,29,7,2023,06:30,1,1,6,83,83116,2,3,2,1,1
202300033474,27,7,2023,19:00,1,2,2,62,62080,2,3,3,1,2
202300033475,28,7,2023,18:21,1,1,6,56,56129,1,3,2,2,1
202300033476,10,11,2023,14:15,1,2,6,75,75118,2,4,2,1,2
202300033476,10,11,2023,14:15,1,2,6,75,75118,2,4,2,1,2
202300033477,29,7,2023,07:20,1,3,7,79,79050,1,3,2,1,2
202300033478,10,11,2023,16:00,1,3,3,75,75117,2,4,2,1,2
202300033479,7,7,2023,17:00,1,1,2,33,33108,2,3,3,1,1
202300033479,7,7,2023,17:00,1,1,2,33,33108,2,3,1,1,1
202300033480,28,7,2023,23:50,3,1,6,32,32235,1,3,2,4,1
202300033481,29,7,2023,07:20,2,7,2,12,12231,1,3,2,1,1
202300033482,10,11,2023,06:20,5,1,3,75,75117,2,4,1,1,1
202300033482,10,11,2023,06:20,5,1,3,75,75117,2,4,1,1,1
202300033483,29,7,2023,14:50,1,1,7,12,12103,1,3,2,2,1
202300033484,10,11,2023,00:20,5,1,7,75,75117,2,4,2,1,1
202300033484,10,11,2023,00:20,5,1,7,75,75117,2,4,-1,1,1
202300033485,28,7,2023,20:00,2,1,2,47,47195,2,3,2,1,1
202300033485,28,7,2023,20:00,2,1,2,47,47195,2,3,1,1,1
202300033486,9,11,2023,23:40,5,1,2,75,75117,2,4,1,1,1
202300033487,29,7,2023,09:00,1,1,1,34,34284,1,3,-1,1,1
202300033488,29,7,2023,10:10,1,1,7,68,68212,1,3,2,1,1
202300033489,10,11,2023,13:30,1,1,3,75,75116,2,4,2,1,1
202300033489,10,11,2023,13:30,1,1,3,75,75116,2,4,2,1,1
202300033490,28,7,2023,20:00,1,1,1,25,25410,2,4,2,2,1
202300033491,10,11,2023,10:30,1,1,3,75,75116,2,4,2,1,1
202300033491,10,11,2023,10:30,1,1,3,75,75116,2,4,1,1,1
202300033492,28,7,2023,19:15,1,2,7,44,44137,1,3,2,1,2
202300033493,28,7,2023,19:30,1,2,6,02,02401,2,3,2,2,2
202300033493,28,7,2023,19:30,1,2,6,02,02401,2,3,-1,1,2
202300033494,7,11,2023,17:00,1,1,3,75,75116,2,4,2,1,1
202300033494,7,11,2023,17:00,1,1,3,75,75116,2,4,2,1,1
202300033495,28,7,2023,21:30,3,8,6,58,58177,1,3,2,2,2
202300033496,26,7,2023,09:50,1,1,6,54,54222,1,3,2,1,1
202300033497,28,7,2023,18:35,1,1,3,06,06042,1,7,2,1,1
202300033498,10,11,2023,11:40,1,1,3,75,75114,2,4,2,1,1
202300033498,10,11,2023,11:40,1,1,3,75,75114,2,4,-1,1,1
202300033499,29,7,2023,09:00,1,1,6,06,06071,2,3,2,1,1
202300033499,29,7,2023,09:00,1,1,6,06,06071,2,3,1,1,1
202300033500,22,7,2023,18:05,1,1,7,06,06148,1,3,2,2,1
202300033501,9,11,2023,18:20,5,1,3,75,75112,2,4,2,1,2
202300033501,9,11,2023,18:20,5,1,3,75,75112,2,4,1,1,1
202300033502,28,7,2023,20:45,1,1,6,14,14494,1,3,2,2,1
202300033503,10,11,2023,20:35,5,1,1,75,75111,2,4,2,1,2
202300033503,10,11,2023,20:35,5,1,1,75,75111,2,4,1,1,2
202300033504,29,7,2023,02:30,3,1,3,83,83056,1,3,2,2,1
202300033505,29,7,2023,09:24,1,2,7,18,18210,2,4,2,2,2
202300033505,29,7,2023,09:24,1,2,7,18,18210,2,4,2,1,2
202300033506,10,11,2023,16:28,1,3,3,75,75107,2,4,2,1,2
202300033506,10,11,2023,16:28,1,3,3,75,75107,2,4,2,1,2
202300033507,29,7,2023,14:15,1,1,1,18,18235,1,3,2,1,1
202300033508,10,11,2023,12:30,1,1,6,75,75107,2,4,1,1,1
202300033508,10,11,2023,12:30,1,1,6,75,75107,2,4,2,1,1
202300033509,27,7,2023,16:02,2,1,2,43,43184,1,3,2,1,1
202300033510,27,7,2023,18:21,1,1,3,43,43113,1,3,2,1,1
202300033510,27,7,2023,18:21,1,1,3,43,43113,1,3,2,3,1
202300033511,10,11,2023,00:20,5,1,3,75,75104,2,4,1,1,1
202300033511,10,11,2023,00:20,5,1,3,75,75104,2,4,-1,1,1
202300033512,29,7,2023,13:39,1,1,3,10,10268,1,3,3,1,1
202300033513,28,7,2023,17:15,1,1,6,16,16070,2,3,2,1,1
202300033514,28,7,2023,16:40,1,1,6,07,07017,1,3,2,1,1
202300033515,10,11,2023,18:40,5,2,1,94,94080,2,3,2,1,2
202300033515,10,11,2023,18:40,5,2,1,94,94080,2,3,1,1,2
202300033516,28,7,2023,08:10,1,1,3,30,30152,1,3,1,1,1
202300033516,28,7,2023,08:10,1,1,3,30,30152,1,3,2,1,1
202300033517,28,7,2023,23:30,3,8,6,08,08250,1,3,2,1,1
202300033518,25,7,2023,05:30,2,1,6,88,88499,1,3,2,1,1
202300033519,10,11,2023,13:50,1,1,3,94,94080,2,4,1,1,1
202300033520,27,7,2023,23:45,5,1,1,06,06085,2,3,1,3,1
202300033521,26,7,2023,16:30,1,1,2,39,39150,1,1,3,2,1
202300033522,10,11,2023,11:00,1,1,3,94,94080,2,3,2,1,1
202300033522,10,11,2023,11:00,1,1,3,94,94080,2,3,1,1,1
202300033523,22,5,2023,23:45,3,1,6,40,40035,1,3,2,1,1
202300033524,28,7,2023,11:10,1,2,3,57,57606,1,1,1,1,2
202300033525,8,11,2023,17:17,5,2,1,94,94017,2,3,2,1,2
202300033525,8,11,2023,17:17,5,2,1,94,94017,2,3,2,1,2
202300033526,22,5,2023,18:15,1,1,6,44,44204,2,7,2,2,1
202300033527,28,7,2023,15:20,1,1,5,11,11262,1,1,1,1,1
202300033528,10,11,2023,08:45,1,1,6,94,94043,2,3,3,1,1
202300033529,28,7,2023,14:00,1,1,3,987,98740,1,2,2,1,1
202300033530,20,5,2023,16:30,1,1,3,56,56178,2,3,2,1,1
202300033530,20,5,2023,16:30,1,1,3,56,56178,2,3,2,1,1
202300033531,29,7,2023,06:10,3,1,7,78,78564,1,1,3,2,1
202300033532,10,11,2023,09:20,1,2,4,94,94038,2,3,1,1,2
202300033533,22,5,2023,17:25,1,1,1,60,60367,1,3,2,2,1
202300033534,20,5,2023,20:20,1,1,7,59,59343,1,2,-1,1,1
202300033535,9,11,2023,17:25,2,2,6,94,94028,2,4,2,2,2
202300033536,17,5,2023,17:20,1,1,2,62,62498,1,1,-1,1,1
202300033537,28,7,2023,19:50,5,1,6,987,98724,2,2,2,1,1
202300033538,9,11,2023,09:30,1,8,6,94,94028,2,4,2,2,2
202300033539,22,5,2023,09:00,2,1,4,91,91228,1,1,2,1,1
202300033540,29,7,2023,10:10,1,1,6,974,97420,2,2,2,1,1
202300033541,22,5,2023,05:15,2,1,7,91,91136,1,2,-1,2,1
202300033542,10,11,2023,08:10,1,1,3,94,94018,2,3,2,1,1
202300033543,21,5,2023,23:26,3,1,2,92,92002,1,1,-1,1,1
202300033544,22,5,2023,00:20,3,1,7,91,91161,1,1,1,1,1
202300033545,22,5,2023,07:20,1,1,3,78,78362,1,1,-1,1,1
202300033546,9,11,2023,08:55,1,2,5,94,94069,2,3,2,2,2
202300033547,20,5,2023,23:51,3,1,3,78,78402,1,1,3,1,1
202300033548,10,11,2023,17:40,5,8,3,94,94017,2,3,3,1,2
202300033549,9,11,2023,23:10,5,2,6,93,93073,2,9,2,1,2
202300033550,20,5,2023,08:50,1,1,2,78,78043,1,1,1,1,1
202300033551,10,11,2023,13:30,1,8,6,93,93066,2,3,3,1,2
202300033551,10,11,2023,13:30,1,8,6,93,93066,2,3,2,1,2
202300033552,20,5,2023,20:20,1,1,4,93,93048,1,1,3,1,1
202300033553,10,11,2023,08:15,1,1,6,93,93066,2,3,2,1,1
202300033553,10,11,2023,08:15,1,1,6,93,93066,2,3,1,1,1
202300033554,10,11,2023,08:15,1,1,6,93,93074,1,3,3,1,1
202300033555,19,5,2023,16:50,1,1,7,95,95582,1,1,3,1,1
202300033556,10,11,2023,14:00,1,8,6,93,93008,2,3,3,1,1
202300033557,19,5,2023,01:20,5,1,2,69,69383,2,4,1,1,1
202300033558,10,11,2023,17:00,1,2,2,93,93005,2,4,2,1,2
202300033559,19,5,2023,11:25,1,1,6,22,22360,2,3,2,1,1
202300033560,10,11,2023,17:45,5,2,6,92,92078,2,4,2,1,2
202300033560,10,11,2023,17:45,5,2,6,92,92078,2,4,1,1,2
202300033561,20,5,2023,23:05,5,1,6,94,94067,2,3,2,1,1
202300033561,20,5,2023,23:05,5,1,6,94,94067,2,3,1,1,1
202300033562,10,11,2023,08:20,1,1,6,92,92063,2,4,-1,1,1
202300033563,19,5,2023,00:27,5,1,6,93,93066,2,3,2,1,1
202300033563,19,5,2023,00:27,5,1,6,93,93066,2,3,3,1,1
202300033564,10,11,2023,14:55,1,2,3,92,92049,2,3,4,1,2
202300033564,10,11,2023,14:55,1,2,3,92,92049,2,3,2,1,2
202300033565,21,3,2023,15:21,1,8,6,971,97104,2,2,2,2,1
202300033565,21,3,2023,15:21,1,8,6,971,97104,2,2,1,2,1
202300033566,21,5,2023,04:55,5,1,6,974,97416,2,4,1,2,1
202300033567,8,11,2023,16:10,1,2,3,92,92025,2,3,4,2,2
202300033568,21,5,2023,08:15,1,3,7,973,97302,2,4,2,1,2
202300033568,21,5,2023,08:15,1,3,7,973,97302,2,4,2,1,2
202300033569,13,4,2023,20:50,5,1,2,75,75113,2,4,1,1,1
202300033570,9,11,2023,23:55,5,1,3,92,92060,2,3,1,1,2
202300033570,9,11,2023,23:55,5,1,3,92,92060,2,3,1,1,2
202300033571,21,5,2023,11:25,1,1,2,69,69387,2,4,1,1,1
202300033572,10,11,2023,18:30,5,2,7,92,92012,2,3,3,1,2
202300033573,13,4,2023,11:33,1,2,6,75,75119,2,4,2,1,2
202300033573,13,4,2023,11:33,1,2,6,75,75119,2,4,2,1,2
202300033574,10,11,2023,10:30,1,1,6,92,92007,2,3,3,1,1
202300033574,10,11,2023,10:30,1,1,6,92,92007,2,3,3,1,1
202300033575,21,5,2023,06:00,2,1,3,95,95268,2,3,2,1,1
202300033576,12,4,2023,20:43,5,1,5,75,75108,2,4,2,1,1
202300033576,12,4,2023,20:43,5,1,5,75,75108,2,4,1,1,1
202300033577,10,11,2023,02:40,5,1,2,92,92014,2,3,1,4,1
202300033578,13,4,2023,19:30,1,1,2,75,75105,2,4,1,1,1
202300033578,13,4,2023,19:30,1,1,2,75,75105,2,4,1,2,1
202300033579,10,11,2023,16:40,1,2,2,60,60179,1,3,2,1,2
202300033579,10,11,2023,16:40,1,2,2,60,60179,1,3,2,1,2
202300033580,20,5,2023,11:55,1,1,6,91,91471,2,4,-1,4,1
202300033580,20,5,2023,11:55,1,1,6,91,91471,2,4,-1,1,1
202300033581,13,4,2023,18:35,1,1,3,75,75118,2,4,-1,1,1
202300033581,13,4,2023,18:35,1,1,3,75,75118,2,4,2,1,1
202300033582,11,11,2023,15:00,1,1,6,976,97610,2,2,2,2,1
202300033583,13,4,2023,18:20,1,1,6,75,75117,2,4,1,1,1
202300033583,13,4,2023,18:20,1,1,6,75,75117,2,4,-1,1,1
202300033584,11,11,2023,11:05,1,1,1,47,47145,1,2,2,2,1
202300033585,21,5,2023,12:40,1,1,6,91,91286,2,4,2,1,1
202300033586,11,11,2023,09:00,1,1,6,54,54037,1,3,2,1,1
202300033586,11,11,2023,09:00,1,1,6,54,54037,1,3,2,1,1
202300033587,13,4,2023,13:45,1,1,3,75,75117,2,4,2,1,1
202300033587,13,4,2023,13:45,1,1,3,75,75117,2,4,2,1,1
202300033588,21,5,2023,07:50,1,1,6,85,85191,2,3,-1,1,1
202300033589,11,4,2023,20:53,5,2,3,75,75116,2,4,-1,1,2