id_accident,jour,mois,annee,heure_minute,luminosite,meteo,type_collision,departement,commune,agglomeration,categorie_route,regime_circulation,profil_route,etat_surface
202300033589,11,4,2023,20:53,5,2,3,75,75116,2,4,-1,1,2
202300033590,11,11,2023,11:35,1,2,6,14,14689,1,3,2,1,2
202300033590,11,11,2023,11:35,1,2,6,14,14689,1,3,2,2,2
202300033591,10,11,2023,07:24,4,3,6,31,31454,2,3,2,1,2
202300033592,13,4,2023,19:10,1,1,3,75,75114,2,4,1,1,1
202300033592,13,4,2023,19:10,1,1,3,75,75114,2,4,-1,1,1
202300033593,21,5,2023,18:15,1,1,2,78,78440,2,3,3,1,1
202300033593,21,5,2023,18:15,1,1,2,78,78440,2,3,2,1,1
202300033594,10,11,2023,17:50,3,2,1,51,51147,1,3,3,1,2
202300033594,10,11,2023,17:50,3,2,1,51,51147,1,3,2,1,2
202300033595,13,4,2023,13:15,1,2,2,75,75115,2,4,2,1,2
202300033596,11,11,2023,17:15,2,1,7,60,60637,1,3,2,1,1
202300033597,13,4,2023,17:26,1,1,2,75,75113,2,4,1,1,1
202300033597,13,4,2023,17:26,1,1,2,75,75113,2,4,1,1,1
202300033598,21,5,2023,21:20,2,1,3,76,76561,2,4,2,1,1
202300033598,21,5,2023,21:20,2,1,3,76,76561,2,4,2,1,1
202300033599,10,11,2023,19:50,3,1,6,22,22193,1,3,2,1,1
202300033600,12,4,2023,09:00,1,2,3,75,75113,2,4,2,2,2
202300033600,12,4,2023,09:00,1,2,3,75,75113,2,4,2,1,2
202300033601,10,11,2023,17:50,2,2,6,24,24053,1,1,3,2,2
202300033602,12,4,2023,22:00,5,8,3,75,75120,2,4,3,1,2
202300033602,12,4,2023,22:00,5,8,3,75,75120,2,4,-1,1,2
202300033603,10,11,2023,09:50,1,2,6,19,19083,1,3,2,1,2
202300033604,11,11,2023,11:30,1,1,7,80,80208,1,3,2,1,1
202300033605,13,4,2023,16:15,1,1,6,75,75110,2,4,-1,1,1
202300033605,13,4,2023,16:15,1,1,6,75,75110,2,4,2,2,1
202300033606,15,4,2023,20:13,2,1,6,70,70550,2,9,-1,2,1
202300033607,13,4,2023,16:25,1,1,6,75,75108,2,4,-1,1,1
202300033607,13,4,2023,16:25,1,1,6,75,75108,2,4,1,1,1
202300033608,10,11,2023,16:55,1,2,3,89,89197,1,3,2,1,2
202300033608,10,11,2023,16:55,1,2,3,89,89197,1,3,2,-1,2
202300033609,21,5,2023,23:00,5,1,6,69,69275,2,4,2,1,1
202300033610,12,4,2023,19:00,1,4,3,75,75108,2,4,-1,1,2
202300033610,12,4,2023,19:00,1,4,3,75,75108,2,4,1,1,2
202300033611,11,11,2023,12:25,1,1,3,49,49069,2,3,2,1,1
202300033611,11,11,2023,12:25,1,1,3,49,49069,2,3,2,-1,-1
202300033612,13,4,2023,13:40,1,1,7,75,75104,2,4,1,1,1
202300033613,21,5,2023,06:10,2,1,6,62,62540,1,3,1,2,1
202300033614,10,11,2023,19:10,5,1,3,49,49218,2,3,2,2,1
202300033615,12,4,2023,08:50,1,2,6,75,75104,2,4,2,1,2
202300033615,12,4,2023,08:50,1,2,6,75,75104,2,4,4,1,2
202300033616,10,11,2023,10:15,1,2,6,46,46283,2,3,2,1,2
202300033617,21,5,2023,13:54,1,1,6,60,60414,2,4,-1,1,1
202300033618,17,4,2023,10:00,1,1,3,94,94042,2,4,1,1,1
202300033619,10,11,2023,17:30,2,2,6,41,41214,2,4,2,1,2
202300033620,19,5,2023,12:40,1,1,3,46,46042,2,3,1,1,1
202300033620,19,5,2023,12:40,1,1,3,46,46042,2,3,2,1,1
202300033621,10,11,2023,15:50,1,1,7,86,86281,1,3,2,1,1
202300033622,13,4,2023,17:30,1,1,2,94,94076,2,3,2,1,1
202300033622,13,4,2023,17:30,1,1,2,94,94076,2,3,2,2,1
202300033623,21,5,2023,22:02,2,1,6,35,35238,2,4,2,1,1
202300033624,11,11,2023,09:33,1,8,6,22,22232,1,3,2,1,2
202300033625,13,4,2023,16:00,1,1,3,94,94041,2,3,2,1,1
202300033626,10,11,2023,23:30,3,3,6,38,38175,1,3,2,2,2
202300033627,21,5,2023,14:50,1,1,6,35,35238,2,4,2,1,1
202300033628,12,4,2023,15:15,1,1,3,94,94028,2,3,4,1,1
202300033629,21,5,2023,03:10,3,1,6,33,33281,2,4,1,2,1
202300033630,11,11,2023,12:21,1,8,3,15,15040,1,3,2,2,2
202300033631,13,4,2023,08:50,1,1,2,94,94077,2,4,-1,1,1
202300033632,21,5,2023,01:57,5,1,6,33,33192,2,4,2,1,1
202300033633,10,11,2023,18:10,3,2,3,72,72028,1,3,2,1,2
202300033633,10,11,2023,18:10,3,2,3,72,72028,1,3,-1,1,-1
202300033634,13,4,2023,20:27,5,1,3,93,93078,2,4,2,1,1
202300033634,13,4,2023,20:27,5,1,3,93,93078,2,4,2,1,1
202300033635,10,11,2023,20:15,3,2,6,18,18183,2,3,2,1,2
202300033636,20,5,2023,18:30,1,1,3,33,33162,2,4,2,1,1
202300033636,20,5,2023,18:30,1,1,3,33,33162,2,4,2,1,1
202300033637,12,4,2023,21:34,5,1,6,93,93066,2,3,2,1,1
202300033637,12,4,2023,21:34,5,1,6,93,93066,2,3,2,1,1
202300033638,11,11,2023,07:55,1,1,7,43,43239,2,3,2,2,2
202300033639,21,5,2023,12:30,1,1,6,33,33529,2,6,-1,1,1
202300033640,13,4,2023,08:45,1,1,3,93,93077,2,3,1,1,1
202300033640,13,4,2023,08:45,1,1,3,93,93077,2,3,2,1,1
202300033641,10,11,2023,23:15,3,8,6,85,85128,2,3,2,1,2
202300033642,13,4,2023,19:25,2,1,3,93,93051,2,4,2,1,1
202300033643,20,5,2023,12:40,1,1,4,29,29051,1,3,2,1,1
202300033644,13,4,2023,10:47,1,1,3,93,93047,2,4,2,1,1
202300033644,13,4,2023,10:47,1,1,3,93,93047,2,4,2,1,1
202300033645,10,11,2023,13:15,1,3,4,27,27385,1,3,2,1,2
202300033646,11,11,2023,08:45,3,2,6,28,28378,1,3,2,1,2
202300033647,13,4,2023,14:50,1,1,3,93,93007,2,3,3,1,1
202300033647,13,4,2023,14:50,1,1,3,93,93007,2,3,2,1,1
202300033648,10,11,2023,18:00,5,1,6,28,28140,2,3,2,1,1
202300033649,13,4,2023,13:15,1,1,6,93,93001,2,4,1,1,1
202300033650,13,4,2023,10:30,1,1,7,92,92075,2,3,2,1,1
202300033651,10,11,2023,21:40,3,3,1,68,68375,2,3,2,1,2
202300033651,10,11,2023,21:40,3,3,1,68,68375,2,3,2,1,2
202300033652,20,5,2023,23:55,5,1,3,25,25056,2,4,-1,1,1
202300033653,13,4,2023,07:25,1,1,3,92,92046,2,4,1,1,1
202300033653,13,4,2023,07:25,1,1,3,92,92046,2,4,1,1,1
202300033654,10,11,2023,22:30,3,2,2,01,01031,1,1,3,2,2
202300033655,13,4,2023,09:45,1,1,6,92,92073,2,4,1,2,1
202300033656,11,11,2023,10:00,1,2,2,971,97112,2,2,2,1,2
202300033657,13,4,2023,00:25,3,1,3,92,92024,2,4,1,1,1
202300033658,11,11,2023,08:25,1,1,6,45,45284,1,3,3,1,2
202300033659,13,4,2023,20:30,2,1,2,92,92002,2,3,1,1,2
202300033660,10,11,2023,15:26,1,3,6,95,95610,1,3,3,1,2
202300033661,10,11,2023,10:40,1,1,6,34,34154,2,3,2,1,1
202300033661,10,11,2023,10:40,1,1,6,34,34154,2,3,2,1,1
202300033662,13,4,2023,22:40,3,2,1,24,24540,1,3,2,1,2
202300033663,21,5,2023,15:45,1,1,4,17,17415,1,2,3,1,1
202300033664,8,4,2023,06:45,2,1,7,47,47015,1,3,2,1,1
202300033665,10,11,2023,20:29,3,1,5,06,06078,1,3,2,1,1
202300033666,8,11,2023,17:00,1,1,7,13,13085,1,3,2,1,1
202300033667,12,4,2023,19:30,1,1,6,45,45187,1,3,2,1,1
202300033668,21,5,2023,10:15,1,2,1,13,13019,1,3,2,2,2
202300033669,11,11,2023,12:00,1,1,6,89,89189,1,1,1,2,2
202300033670,13,4,2023,18:25,1,1,1,10,10142,1,3,2,2,1
202300033671,11,11,2023,07:31,2,2,6,71,71491,1,3,2,1,2
202300033672,13,4,2023,07:45,1,2,7,68,68381,1,3,2,2,2
202300033672,13,4,2023,07:45,1,2,7,68,68381,1,3,2,2,2
202300033673,10,11,2023,17:40,4,3,6,68,68063,2,3,2,2,2
202300033673,10,11,2023,17:40,4,3,6,68,68063,2,3,2,2,2
202300033674,3,4,2023,22:30,3,1,7,68,68260,1,3,2,1,1
202300033675,20,5,2023,00:10,5,1,3,75,75113,2,4,2,1,1
202300033675,20,5,2023,00:10,5,1,3,75,75113,2,4,1,1,1
202300033676,9,11,2023,05:50,3,3,7,54,54063,1,3,2,1,2
202300033677,13,4,2023,17:45,1,1,2,44,44138,1,2,3,1,1
202300033678,10,11,2023,18:00,3,1,2,54,54377,1,3,2,2,2
202300033679,13,4,2023,18:05,1,4,5,12,12270,1,1,3,2,5
202300033680,10,11,2023,17:40,3,3,3,38,38349,1,3,2,2,2
202300033680,10,11,2023,17:40,3,3,3,38,38349,1,3,2,1,2
202300033681,21,5,2023,20:25,1,1,2,75,75111,2,4,1,1,1
202300033681,21,5,2023,20:25,1,1,2,75,75111,2,4,1,1,1
202300033682,7,4,2023,08:00,1,1,5,41,41010,1,3,2,2,1
202300033683,10,11,2023,18:55,3,1,1,38,38415,1,3,2,1,1
202300033684,13,4,2023,18:40,1,3,7,19,19123,2,4,2,1,2
202300033685,23,10,2023,07:20,2,5,1,46,46174,1,2,2,1,2
202300033686,21,5,2023,19:05,1,1,1,75,75112,2,4,2,1,1
202300033686,21,5,2023,19:05,1,1,1,75,75112,2,4,2,1,1
202300033687,14,4,2023,14:00,1,3,3,76,76360,1,3,2,1,2
202300033688,10,11,2023,07:13,3,2,1,17,17214,1,3,2,1,8
202300033688,10,11,2023,07:13,3,2,1,17,17214,1,3,2,1,2
202300033689,21,5,2023,19:00,1,1,6,94,94041,2,3,2,1,1
202300033690,13,4,2023,09:25,1,2,2,79,79012,2,3,2,1,2
202300033691,10,11,2023,19:00,5,1,7,85,85113,2,4,2,4,1
202300033692,21,5,2023,00:50,5,1,6,94,94065,2,3,3,2,1
202300033692,21,5,2023,00:50,5,1,6,94,94065,2,3,2,1,1
202300033693,28,2,2023,08:50,1,1,2,49,49007,2,4,2,1,1
202300033694,13,4,2023,16:22,1,2,3,33,33541,1,3,2,1,2
202300033694,13,4,2023,16:22,1,2,3,33,33541,1,3,2,1,2
202300033695,11,11,2023,19:25,3,2,1,35,35228,1,4,2,1,2
202300033696,21,5,2023,08:00,1,1,6,94,94019,2,3,3,1,1
202300033696,21,5,2023,08:00,1,1,6,94,94019,2,3,3,1,1
202300033697,28,2,2023,18:25,1,1,3,44,44184,1,4,2,2,1
202300033697,28,2,2023,18:25,1,1,3,44,44184,1,4,2,2,1
202300033698,13,4,2023,15:30,1,1,1,76,76638,1,3,-1,3,1
202300033698,13,4,2023,15:30,1,1,1,76,76638,1,3,2,3,1
202300033699,10,11,2023,13:40,1,3,3,76,76354,2,7,2,1,2
202300033699,10,11,2023,13:40,1,3,3,76,76354,2,7,2,1,2
202300033700,13,4,2023,13:45,1,2,6,12,12076,1,3,2,1,2
202300033701,21,5,2023,18:20,1,1,6,94,94028,2,3,3,1,1
202300033702,9,11,2023,13:20,1,3,6,13,13026,1,1,1,1,2
202300033703,1,3,2023,08:50,1,1,3,37,37233,2,4,1,1,1
202300033704,13,4,2023,18:50,1,1,1,39,39443,1,3,2,1,1
202300033705,21,5,2023,16:25,1,1,6,93,93008,2,4,2,1,1
202300033706,1,3,2023,11:10,1,1,2,35,35278,1,2,3,1,1
202300033707,10,4,2023,17:20,1,1,6,39,39240,1,3,2,1,9
202300033708,21,5,2023,16:15,1,1,6,93,93005,2,9,-1,1,1
202300033709,1,3,2023,10:45,1,1,6,35,35238,2,4,2,1,1
202300033710,8,11,2023,08:20,1,1,4,83,83126,1,1,3,1,1
202300033711,21,5,2023,17:00,1,1,6,92,92046,2,3,1,1,1
202300033712,26,2,2023,17:10,1,1,3,34,34172,2,4,2,2,1
202300033713,13,4,2023,15:00,1,1,3,01,01123,1,3,2,1,1
202300033713,13,4,2023,15:00,1,1,3,01,01123,1,3,2,1,1
202300033714,9,11,2023,08:35,1,2,2,69,69266,1,7,3,1,2
202300033715,12,4,2023,21:00,3,1,6,26,26342,1,3,2,1,1
202300033716,1,3,2023,19:05,5,1,3,33,33063,2,4,2,1,1
202300033717,21,5,2023,11:20,1,1,6,92,92064,2,4,2,1,1
202300033717,21,5,2023,11:20,1,1,6,92,92064,2,4,2,3,1
202300033718,8,11,2023,03:50,3,1,1,69,69290,1,1,3,1,1
202300033719,14,4,2023,07:45,1,1,7,06,06059,1,7,3,1,1
202300033720,1,3,2023,15:00,1,1,2,33,33119,2,4,3,2,1
202300033721,20,5,2023,11:00,1,1,2,92,92064,2,3,2,1,1
202300033722,10,11,2023,16:20,1,1,3,33,33550,1,1,3,1,1
202300033723,14,4,2023,11:45,1,2,5,09,09145,1,3,2,1,2
202300033724,10,11,2023,15:25,1,2,6,77,77251,1,1,3,1,2
202300033725,28,2,2023,15:20,1,1,3,33,33069,2,4,1,1,1
202300033725,28,2,2023,15:20,1,1,3,33,33069,2,4,1,1,1
202300033726,21,5,2023,12:36,1,1,1,92,92063,2,4,2,1,1
202300033727,13,4,2023,16:35,1,1,6,60,60178,2,3,2,2,1
202300033728,10,11,2023,08:37,1,1,3,94,94021,1,1,1,1,1
202300033729,21,5,2023,18:50,1,1,6,92,92026,2,4,2,1,1
202300033730,10,11,2023,06:25,2,1,3,94,94043,1,1,1,1,1
202300033731,13,4,2023,16:45,1,1,3,73,73010,1,3,2,1,2
202300033731,13,4,2023,16:45,1,1,3,73,73010,1,3,2,1,2
202300033732,1,3,2023,14:15,1,1,4,31,31555,2,1,2,1,1
202300033733,10,11,2023,11:45,1,1,2,78,78242,1,1,1,2,1
202300033734,10,11,2023,10:20,1,1,3,78,78029,1,1,1,1,1
202300033735,14,4,2023,09:15,1,1,6,04,04055,1,2,2,1,1
202300033736,21,5,2023,14:45,1,1,3,92,92024,2,3,1,1,1
202300033736,21,5,2023,14:45,1,1,3,92,92024,2,3,1,1,1
202300033737,9,11,2023,07:15,2,8,6,78,78118,1,1,3,2,2
202300033738,1,3,2023,10:09,1,1,1,29,29039,2,3,2,1,1
202300033738,1,3,2023,10:09,1,1,1,29,29039,2,3,2,1,1
202300033739,13,4,2023,10:10,1,1,3,17,17385,2,3,2,1,1
202300033739,13,4,2023,10:10,1,1,3,17,17385,2,3,2,1,1
202300033740,21,5,2023,02:50,5,1,7,92,92012,2,4,2,1,1
202300033741,8,11,2023,21:12,3,1,5,78,78118,1,1,-1,1,1
202300033742,10,11,2023,20:40,3,1,6,93,93053,1,1,1,1,1
202300033743,14,4,2023,17:30,1,3,3,87,87011,1,2,2,2,2
202300033744,28,2,2023,13:07,1,1,3,18,18033,2,4,3,1,1
202300033745,8,4,2023,15:25,1,1,6,37,37250,1,4,2,1,1
202300033746,21,5,2023,08:35,1,1,1,92,92004,2,3,-1,1,1
202300033747,28,2,2023,22:00,5,2,6,14,14118,2,4,2,1,2
202300033748,10,11,2023,17:30,3,1,5,92,92036,1,1,1,1,1
202300033749,8,2,2023,14:15,1,1,3,13,13039,2,4,2,1,1
202300033750,10,11,2023,14:55,1,2,7,93,93007,1,1,3,1,2
202300033751,12,4,2023,11:40,1,1,3,37,37130,1,3,2,1,1
202300033751,12,4,2023,11:40,1,1,3,37,37130,1,3,2,2,1
202300033752,13,4,2023,18:40,1,1,6,08,08302,2,4,2,4,1
202300033753,10,11,2023,15:30,1,2,2,92,92036,1,1,3,1,2
202300033754,21,5,2023,16:10,1,1,2,60,60332,1,3,2,1,1
202300033754,21,5,2023,16:10,1,1,2,60,60332,1,3,2,1,1
202300033755,28,2,2023,23:30,3,1,7,13,13001,2,2,3,2,1
202300033756,10,11,2023,08:40,1,1,1,93,93064,1,1,3,1,1
202300033757,1,2,2023,09:47,1,1,6,02,02722,2,4,2,1,2
202300033757,1,2,2023,09:47,1,1,6,02,02722,2,4,2,1,2
202300033758,14,4,2023,11:25,1,1,3,08,08449,1,3,2,1,1
202300033758,14,4,2023,11:25,1,1,3,08,08449,1,3,2,1,1
202300033759,21,5,2023,15:48,1,1,7,01,01085,1,3,2,1,1
202300033760,10,11,2023,15:30,1,2,2,94,94073,1,1,3,1,2
202300033761,20,5,2023,18:25,1,1,7,62,62471,1,3,2,3,1
202300033762,13,4,2023,17:51,1,1,3,68,68321,2,3,2,1,1
202300033762,13,4,2023,17:51,1,1,3,68,68321,2,3,2,1,1
202300033763,1,3,2023,15:00,1,1,6,75,75116,2,4,2,1,1
202300033763,1,3,2023,15:00,1,1,6,75,75116,2,4,2,1,1
202300033764,9,11,2023,10:55,1,1,6,75,75119,2,4,1,1,1
202300033764,9,11,2023,10:55,1,1,6,75,75119,2,4,1,1,1
202300033765,7,4,2023,08:50,1,1,2,06,06150,1,1,3,2,1
202300033766,9,11,2023,08:30,1,1,6,75,75118,2,4,1,1,1
202300033766,9,11,2023,08:30,1,1,6,75,75118,2,4,1,2,1
202300033767,1,3,2023,04:14,5,1,2,75,75104,2,4,1,1,1
202300033767,1,3,2023,04:14,5,1,2,75,75104,2,4,2,1,1
202300033768,14,4,2023,13:00,1,1,6,38,38044,1,1,3,1,1
202300033769,21,5,2023,18:30,1,1,1,49,49355,1,3,2,1,1
202300033770,9,11,2023,22:35,3,8,3,75,75117,2,4,1,1,1
202300033771,2,3,2023,17:45,1,1,6,75,75118,2,4,1,1,1
202300033771,2,3,2023,17:45,1,1,6,75,75118,2,4,1,1,1
202300033772,13,4,2023,17:00,1,1,6,38,38180,1,3,2,1,1
202300033773,9,11,2023,10:00,1,8,6,75,75115,2,4,1,1,1
202300033773,9,11,2023,10:00,1,8,6,75,75115,2,4,1,1,1
202300033774,8,11,2023,17:55,5,1,7,75,75114,2,4,2,1,2
202300033774,8,11,2023,17:55,5,1,7,75,75114,2,4,1,1,2
202300033775,2,3,2023,18:35,2,1,3,75,75117,2,4,2,1,1
202300033775,2,3,2023,18:35,2,1,3,75,75117,2,4,2,1,1
202300033776,14,4,2023,18:45,1,1,3,68,68278,2,4,1,1,1
202300033777,21,5,2023,14:20,1,1,3,68,68345,1,3,2,1,1
202300033777,21,5,2023,14:20,1,1,3,68,68345,1,3,2,1,1
202300033778,7,11,2023,20:58,5,1,3,75,75114,2,4,1,1,1
202300033778,7,11,2023,20:58,5,1,3,75,75114,2,4,1,1,1
202300033779,13,4,2023,18:05,1,1,4,13,13051,1,1,3,1,1
202300033780,2,3,2023,13:10,1,1,4,75,75117,2,4,2,1,1
202300033780,2,3,2023,13:10,1,1,4,75,75117,2,4,1,1,1
202300033781,25,6,2023,00:45,5,1,6,63,63113,2,4,2,1,1
202300033781,25,6,2023,00:45,5,1,6,63,63113,2,4,2,2,1
202300033782,21,5,2023,13:30,1,1,3,28,28198,1,3,2,1,1
202300033783,2,3,2023,03:40,5,1,6,75,75117,2,4,2,1,1
202300033783,2,3,2023,03:40,5,1,6,75,75117,2,4,2,2,1
202300033784,13,4,2023,23:00,5,3,3,33,33234,1,3,2,1,2
202300033784,13,4,2023,23:00,5,3,3,33,33234,1,3,2,1,2
202300033785,9,11,2023,05:00,5,2,2,75,75110,2,4,1,1,2
202300033785,9,11,2023,05:00,5,2,2,75,75110,2,4,1,1,2
202300033786,13,4,2023,08:12,1,1,3,41,41220,2,3,2,1,1
202300033786,13,4,2023,08:12,1,1,3,41,41220,2,3,2,1,1
202300033787,20,5,2023,21:10,3,1,6,972,97221,1,3,2,1,1
202300033788,24,6,2023,18:25,1,1,6,61,61001,2,3,2,1,1
202300033789,1,3,2023,23:30,5,1,3,75,75116,2,4,2,1,1
202300033789,1,3,2023,23:30,5,1,3,75,75116,2,4,2,1,1
202300033790,9,11,2023,03:47,5,2,2,75,75109,2,4,1,1,2
202300033790,9,11,2023,03:47,5,2,2,75,75109,2,4,1,1,2
202300033791,14,4,2023,13:45,1,2,3,28,28001,1,3,2,1,2
202300033792,24,6,2023,07:20,1,1,6,61,61001,2,3,2,1,1
202300033793,8,11,2023,17:00,5,2,7,75,75107,2,4,1,1,2
202300033793,8,11,2023,17:00,5,2,7,75,75107,2,4,1,1,2
202300033794,13,4,2023,18:30,1,1,7,95,95641,1,4,2,1,1
202300033795,2,3,2023,08:40,1,1,3,75,75115,2,4,1,1,1
202300033796,21,5,2023,12:10,1,1,1,83,83152,2,3,2,1,1
202300033796,21,5,2023,12:10,1,1,1,83,83152,2,3,2,4,1
202300033797,9,11,2023,09:35,1,1,7,75,75102,2,4,1,1,1
202300033798,23,6,2023,13:50,1,1,3,56,56121,2,4,2,1,1
202300033798,23,6,2023,13:50,1,1,3,56,56121,2,4,2,2,1
202300033799,14,4,2023,12:50,1,1,3,66,66190,1,3,2,1,1
202300033799,14,4,2023,12:50,1,1,3,66,66190,1,3,2,1,1
202300033800,2,3,2023,05:40,5,1,3,75,75115,2,4,2,2,1
202300033800,2,3,2023,05:40,5,1,3,75,75115,2,4,1,1,1
202300033801,24,6,2023,20:35,1,1,6,45,45147,1,4,-1,1,1
202300033801,24,6,2023,20:35,1,1,6,45,45147,1,4,1,1,1
202300033802,13,4,2023,10:52,1,1,6,34,34162,1,3,2,1,1
202300033803,21,5,2023,18:30,1,1,3,56,56123,1,3,2,1,1
202300033803,21,5,2023,18:30,1,1,3,56,56123,1,3,2,1,1
202300033804,21,5,2023,18:00,1,1,6,80,80704,2,3,2,1,1
202300033805,1,3,2023,14:44,1,1,3,75,75114,2,4,1,1,1
202300033805,1,3,2023,14:44,1,1,3,75,75114,2,4,1,1,1
202300033806,27,5,2023,15:00,1,1,3,42,42218,1,7,3,2,1
202300033807,6,11,2023,18:50,5,1,3,94,94028,2,4,-1,1,1
202300033808,11,4,2023,11:50,1,1,2,84,84054,2,3,2,1,1
202300033808,11,4,2023,11:50,1,1,2,84,84054,2,3,2,1,1
202300033809,2,3,2023,18:30,5,1,3,75,75110,2,4,2,1,1
202300033809,2,3,2023,18:30,5,1,3,75,75110,2,4,1,1,1
202300033810,19,5,2023,16:15,1,1,3,33,33485,1,3,2,1,1
202300033810,19,5,2023,16:15,1,1,3,33,33485,1,3,1,1,1
202300033811,14,6,2023,14:55,1,1,3,42,42189,2,4,2,2,1
202300033811,14,6,2023,14:55,1,1,3,42,42189,2,4,2,1,1
202300033812,12,4,2023,11:30,1,1,3,13,13015,2,3,3,1,1
202300033813,9,11,2023,07:28,5,2,1,93,93051,2,3,2,1,2
202300033813,9,11,2023,07:28,5,2,1,93,93051,2,3,2,1,2
202300033814,2,3,2023,12:15,1,1,6,75,75109,2,4,2,2,1
202300033815,22,5,2023,00:00,3,2,6,11,11129,1,3,2,4,2
202300033816,24,6,2023,11:45,1,1,3,41,41269,2,2,3,1,1
202300033817,13,4,2023,19:40,2,1,3,67,67313,2,3,2,1,1
202300033818,9,11,2023,17:07,2,2,2,93,93031,2,3,3,1,2
202300033818,9,11,2023,17:07,2,2,2,93,93031,2,3,1,1,2
202300033819,1,3,2023,23:35,5,1,3,75,75108,2,4,2,1,1
202300033819,1,3,2023,23:35,5,1,3,75,75108,2,4,1,1,1
202300033820,21,5,2023,17:40,1,1,7,71,71313,1,3,2,1,1
202300033821,25,6,2023,01:07,5,1,3,37,37261,2,4,3,1,1
202300033821,25,6,2023,01:07,5,1,3,37,37261,2,4,1,1,1
202300033822,9,11,2023,07:37,1,2,3,93,93029,2,3,2,1,2
202300033822,9,11,2023,07:37,1,2,3,93,93029,2,3,1,1,2
202300033823,1,3,2023,15:35,1,8,3,75,75108,2,4,1,1,1
202300033823,1,3,2023,15:35,1,8,3,75,75108,2,4,1,1,1
202300033824,11,4,2023,09:30,1,1,2,01,01043,2,3,1,1,1
202300033824,11,4,2023,09:30,1,1,2,01,01043,2,3,1,1,1
202300033825,24,6,2023,14:00,1,1,6,37,37261,2,4,1,1,1
202300033825,24,6,2023,14:00,1,1,6,37,37261,2,4,2,1,1
202300033826,8,11,2023,21:30,5,2,6,93,93014,2,3,3,1,2
202300033827,2,3,2023,13:12,1,1,2,75,75107,2,4,2,1,1
202300033828,21,5,2023,15:20,1,1,3,63,63055,1,3,2,1,1
202300033828,21,5,2023,15:20,1,1,3,63,63055,1,3,2,1,1
202300033829,25,6,2023,02:15,3,1,7,35,35238,2,4,2,1,1
202300033830,14,4,2023,12:25,1,1,1,69,69184,2,3,2,2,1
202300033831,2,3,2023,10:24,1,1,6,75,75107,2,4,1,1,1
202300033831,2,3,2023,10:24,1,1,6,75,75107,2,4,1,1,1
202300033832,9,11,2023,16:35,1,2,3,93,93001,2,3,2,1,2
202300033833,25,6,2023,01:50,5,1,6,33,33063,2,4,3,1,1
202300033834,21,5,2023,12:00,1,1,2,63,63465,2,3,2,2,1
202300033834,21,5,2023,12:00,1,1,2,63,63465,2,3,2,1,1
202300033835,14,4,2023,16:25,1,2,1,64,64230,1,2,-1,2,2
202300033836,2,3,2023,07:50,1,1,3,75,75102,2,4,1,1,1
202300033836,2,3,2023,07:50,1,1,3,75,75102,2,4,2,1,1
202300033837,24,6,2023,18:15,1,1,6,33,33167,2,4,2,1,1
202300033838,9,11,2023,07:10,2,1,3,93,93001,2,3,2,1,1
202300033838,9,11,2023,07:10,2,1,3,93,93001,2,3,2,1,1
202300033839,20,5,2023,15:30,1,1,2,63,63003,1,3,2,2,1
202300033840,9,11,2023,06:50,5,2,6,93,93001,2,3,2,1,2
202300033841,1,3,2023,09:10,1,1,3,94,94068,2,4,1,1,1
202300033841,1,3,2023,09:10,1,1,3,94,94068,2,4,1,1,1
202300033842,24,6,2023,19:30,1,1,1,31,31069,2,4,2,1,1
202300033843,13,4,2023,13:10,1,2,4,60,60141,2,3,2,1,2
202300033844,14,5,2023,22:15,3,1,7,55,55496,1,3,2,1,1
202300033844,14,5,2023,22:15,3,1,7,55,55496,1,3,2,1,1
202300033845,2,3,2023,12:00,1,1,1,94,94021,2,5,1,1,1
202300033846,24,6,2023,10:30,1,1,6,29,29232,2,4,2,1,1
202300033847,14,4,2023,17:20,1,2,3,60,60028,1,3,1,1,2
202300033848,25,6,2023,00:20,3,1,6,29,29019,2,4,2,3,1
202300033849,2,3,2023,06:45,3,1,6,94,94065,1,5,-1,1,1
202300033850,9,11,2023,20:25,5,2,2,92,92073,2,3,3,2,2
202300033851,11,4,2023,16:21,1,1,6,60,60612,2,4,2,1,1
202300033852,18,5,2023,14:50,1,1,5,47,47250,1,3,2,1,1
202300033852,18,5,2023,14:50,1,1,5,47,47250,1,3,2,1,1
202300033853,25,6,2023,00:15,3,1,7,28,28134,1,3,2,1,1
202300033854,1,3,2023,09:30,1,1,6,94,94017,2,3,2,2,1
202300033855,13,4,2023,17:25,1,1,3,83,83144,1,1,1,1,1
202300033856,8,11,2023,15:50,1,2,2,92,92063,2,4,1,1,2
202300033856,8,11,2023,15:50,1,2,2,92,92063,2,4,2,2,2
202300033857,2,3,2023,12:10,1,1,6,93,93062,2,4,2,1,1
202300033858,24,6,2023,19:45,1,1,6,26,26362,2,4,2,1,1
202300033859,20,5,2023,13:40,1,1,3,44,44063,1,3,2,1,1
202300033859,20,5,2023,13:40,1,1,3,44,44063,1,3,2,1,1
202300033860,9,11,2023,21:20,5,8,6,92,92040,2,3,2,2,2
202300033861,2,3,2023,15:25,1,1,6,93,93074,2,4,2,1,1
202300033861,2,3,2023,15:25,1,1,6,93,93074,2,4,1,1,1
202300033862,21,5,2023,17:15,1,1,6,29,29027,1,4,2,2,1
202300033863,23,6,2023,15:10,1,7,3,13,13005,2,3,2,1,1