id_accident,jour,mois,annee,heure_minute,luminosite,meteo,type_collision,departement,commune,agglomeration,categorie_route,regime_circulation,profil_route,etat_surface
202300033863,23,6,2023,15:10,1,7,3,13,13005,2,3,2,1,1
202300033864,12,4,2023,16:35,1,1,4,83,83137,2,1,1,1,1
202300033865,9,11,2023,09:00,1,8,2,92,92040,2,3,2,1,2
202300033866,14,5,2023,07:38,2,1,6,29,29062,1,3,2,1,1
202300033867,2,3,2023,12:00,1,1,3,93,93031,2,3,3,1,1
202300033867,2,3,2023,12:00,1,1,3,93,93031,2,3,1,1,1
202300033868,13,4,2023,13:50,1,1,6,33,33550,1,1,3,1,2
202300033869,24,6,2023,18:50,1,1,2,11,11262,2,4,3,1,1
202300033870,9,11,2023,18:40,5,2,2,92,92035,2,3,2,1,2
202300033871,21,5,2023,17:43,1,1,6,38,38319,1,3,2,1,1
202300033872,2,3,2023,10:00,1,1,6,93,93031,2,4,1,1,1
202300033872,2,3,2023,10:00,1,1,6,93,93031,2,4,2,1,1
202300033873,24,6,2023,23:20,3,1,1,11,11069,2,4,2,2,1
202300033874,12,4,2023,16:43,1,1,4,59,59646,1,7,-1,1,1
202300033875,22,5,2023,10:00,1,1,7,02,02543,1,3,2,1,1
202300033876,2,3,2023,17:15,1,1,3,93,93014,2,4,3,1,1
202300033877,6,11,2023,20:15,5,1,5,92,92026,2,3,1,1,1
202300033878,13,4,2023,19:53,2,2,2,91,91228,1,1,3,1,2
202300033879,2,3,2023,14:45,1,1,3,92,92044,2,3,1,1,1
202300033879,2,3,2023,14:45,1,1,3,92,92044,2,3,1,1,1
202300033880,22,5,2023,08:54,1,1,3,02,02810,2,3,2,1,1
202300033881,9,11,2023,11:20,1,1,2,92,92024,2,3,1,1,1
202300033882,23,6,2023,16:45,1,1,7,07,07281,1,3,2,2,1
202300033883,21,5,2023,17:19,1,1,7,02,02734,1,3,2,2,1
202300033884,9,11,2023,12:53,1,8,6,92,92012,2,4,1,1,1
202300033885,2,3,2023,13:05,1,1,2,92,92036,2,4,2,1,1
202300033886,13,4,2023,18:01,1,1,4,91,91521,1,2,-1,1,2
202300033887,24,6,2023,20:07,1,1,3,06,06088,2,4,2,2,1
202300033888,1,3,2023,18:50,5,1,3,92,92025,2,3,-1,1,1
202300033888,1,3,2023,18:50,5,1,3,92,92025,2,3,1,1,1
202300033889,8,11,2023,21:20,5,2,3,92,92007,2,3,3,1,2
202300033890,24,6,2023,04:00,5,1,7,06,06069,2,3,2,2,1
202300033891,22,5,2023,01:15,3,1,6,03,03258,2,3,2,1,2
202300033892,10,11,2023,17:45,2,1,6,976,97610,2,4,2,1,1
202300033893,13,4,2023,09:45,1,1,4,94,94034,1,1,1,1,1
202300033894,2,3,2023,09:50,1,1,1,92,92024,2,3,3,1,1
202300033894,2,3,2023,09:50,1,1,1,92,92024,2,3,1,1,1
202300033895,23,6,2023,10:00,1,1,6,05,05061,2,4,2,1,1
202300033896,12,4,2023,21:00,3,2,6,91,91136,1,1,-1,1,2
202300033897,3,3,2023,10:16,1,1,2,69,69268,2,3,2,1,1
202300033897,3,3,2023,10:16,1,1,2,69,69268,2,3,2,1,1
202300033898,21,5,2023,17:50,1,1,3,14,14620,2,3,2,2,1
202300033899,4,11,2023,18:25,3,2,6,31,31547,2,6,-1,1,2
202300033900,23,6,2023,16:45,1,1,3,05,05061,2,2,1,1,1
202300033900,23,6,2023,16:45,1,1,3,05,05061,2,2,2,1,1
202300033901,13,4,2023,18:40,1,1,2,92,92036,1,1,1,1,1
202300033902,25,2,2023,14:15,1,1,7,33,33308,2,4,2,2,1
202300033903,12,4,2023,22:05,3,8,6,78,78423,1,2,1,1,2
202300033904,28,2,2023,09:15,1,1,1,06,06161,1,3,2,1,1
202300033905,24,6,2023,19:19,1,1,5,75,75113,2,4,1,1,1
202300033906,20,5,2023,19:00,1,1,3,14,14430,1,3,2,2,1
202300033906,20,5,2023,19:00,1,1,3,14,14430,1,3,2,2,1
202300033907,9,11,2023,22:30,3,3,7,44,44137,1,2,2,1,3
202300033908,3,3,2023,09:00,1,9,6,76,76235,1,3,2,2,7
202300033909,24,6,2023,06:35,1,1,2,75,75112,2,4,1,1,1
202300033910,21,5,2023,10:45,1,1,3,50,50292,1,3,2,1,1
202300033911,12,4,2023,10:20,1,1,4,92,92062,1,2,-1,1,2
202300033912,3,3,2023,14:10,1,1,6,71,71090,1,1,3,1,1
202300033913,10,11,2023,10:50,1,2,2,15,15055,1,1,3,2,2
202300033914,15,6,2023,12:41,1,1,6,75,75111,2,4,1,1,1
202300033914,15,6,2023,12:41,1,1,6,75,75111,2,4,1,1,1
202300033915,20,5,2023,13:05,1,1,3,10,10126,1,3,2,1,1
202300033915,20,5,2023,13:05,1,1,3,10,10126,1,3,2,1,1
202300033916,9,11,2023,09:40,1,8,1,87,87177,1,3,2,1,2
202300033917,3,3,2023,08:30,1,1,1,974,97413,2,2,2,2,1
202300033917,3,3,2023,08:30,1,1,1,974,97413,2,2,2,1,1
202300033918,11,4,2023,23:00,4,3,2,92,92072,1,2,1,2,2
202300033919,24,6,2023,13:40,1,1,6,75,75117,2,4,1,1,1
202300033920,10,11,2023,10:40,1,3,6,62,62839,1,3,2,1,2
202300033921,22,5,2023,14:00,1,7,6,10,10402,1,3,2,1,1
202300033922,3,3,2023,15:30,1,1,7,51,51621,1,3,2,2,1
202300033923,24,6,2023,14:15,1,1,6,75,75116,2,4,2,1,1
202300033923,24,6,2023,14:15,1,1,6,75,75116,2,4,-1,1,1
202300033924,12,4,2023,09:15,1,2,5,93,93064,1,1,3,1,2
202300033925,10,11,2023,13:00,1,2,3,79,79340,1,3,2,1,2
202300033925,10,11,2023,13:00,1,2,3,79,79340,1,3,2,1,2
202300033926,2,3,2023,14:00,1,1,3,56,56099,1,4,2,2,1
202300033926,2,3,2023,14:00,1,1,3,56,56099,1,4,2,3,1
202300033927,21,5,2023,14:45,1,1,3,36,36018,1,3,2,2,1
202300033928,18,6,2023,18:30,1,6,6,75,75116,2,4,1,1,2
202300033928,18,6,2023,18:30,1,6,6,75,75116,2,4,1,1,2
202300033929,12,4,2023,07:00,2,3,3,95,95018,1,1,3,1,2
202300033930,10,11,2023,05:00,3,2,6,65,65017,1,3,2,2,2
202300033931,2,3,2023,15:56,1,1,6,59,59094,2,3,2,1,1
202300033932,2,5,2023,11:00,1,1,3,36,36176,2,3,2,1,1
202300033932,2,5,2023,11:00,1,1,3,36,36176,2,3,2,1,1
202300033933,24,6,2023,02:30,5,1,6,75,75114,2,4,2,1,1
202300033933,24,6,2023,02:30,5,1,6,75,75114,2,4,1,1,1
202300033934,12,4,2023,04:15,3,2,6,94,94017,1,1,1,1,2
202300033935,2,3,2023,10:15,1,1,6,32,32404,1,3,2,1,1
202300033936,10,11,2023,14:45,1,2,6,81,81326,1,3,2,2,2
202300033937,24,6,2023,20:20,1,1,6,75,75113,2,4,1,2,1
202300033938,28,10,2023,17:25,2,1,7,71,71359,1,3,2,1,2
202300033939,20,5,2023,13:35,1,1,3,21,21280,1,3,-1,2,1
202300033940,2,3,2023,07:15,2,1,3,61,61423,2,3,2,1,1
202300033940,2,3,2023,07:15,2,1,3,61,61423,2,3,2,1,1
202300033941,12,4,2023,13:23,1,1,3,973,97302,1,2,1,1,1
202300033942,24,6,2023,17:45,1,1,3,75,75111,2,4,2,1,1
202300033942,24,6,2023,17:45,1,1,3,75,75111,2,4,1,1,1
202300033943,2,3,2023,04:45,3,1,6,26,26337,1,3,2,1,1
202300033944,9,11,2023,14:18,1,3,3,63,63397,1,3,2,3,2
202300033945,20,5,2023,09:15,1,1,3,85,85146,1,3,2,1,1
202300033945,20,5,2023,09:15,1,1,3,85,85146,1,3,2,1,1
202300033946,11,4,2023,18:30,1,1,6,973,97302,1,3,2,1,1
202300033947,2,3,2023,01:00,3,1,7,64,64368,1,3,2,1,1
202300033948,24,6,2023,22:05,2,1,3,75,75108,2,4,-1,1,1
202300033948,24,6,2023,22:05,2,1,3,75,75108,2,4,1,1,1
202300033949,10,11,2023,13:50,1,1,1,61,61116,1,3,2,1,2
202300033950,11,4,2023,13:20,1,1,7,973,97302,1,2,3,1,1
202300033951,22,5,2023,13:30,1,1,6,85,85051,1,3,2,1,1
202300033951,22,5,2023,13:30,1,1,6,85,85051,1,3,2,1,1
202300033952,3,3,2023,15:46,1,1,1,87,87203,1,3,2,1,1
202300033953,24,6,2023,16:35,1,1,7,75,75101,2,4,1,1,1
202300033953,24,6,2023,16:35,1,1,7,75,75101,2,4,2,1,1
202300033954,9,11,2023,09:10,1,1,6,61,61248,1,3,2,1,1
202300033955,11,5,2023,11:45,1,1,3,85,85051,2,3,2,1,1
202300033956,2,3,2023,07:45,1,1,6,68,68375,2,3,2,1,1
202300033957,9,11,2023,14:45,1,2,7,61,61474,1,3,2,1,2
202300033958,10,4,2023,22:20,5,1,6,973,97302,2,4,1,1,1
202300033958,10,4,2023,22:20,5,1,6,973,97302,2,4,1,1,1
202300033959,2,3,2023,21:45,3,1,7,89,89277,1,1,1,1,1
202300033960,24,6,2023,05:30,1,1,5,75,75104,2,4,1,1,1
202300033960,24,6,2023,05:30,1,1,5,75,75104,2,4,2,1,1
202300033961,30,10,2023,10:10,1,2,3,49,49180,1,3,2,1,2
202300033961,30,10,2023,10:10,1,2,3,49,49180,1,3,2,1,2
202300033962,12,4,2023,13:55,1,2,2,69,69386,2,4,1,1,2
202300033963,22,5,2023,12:25,1,1,3,27,27096,1,3,2,1,1
202300033963,22,5,2023,12:25,1,1,3,27,27096,1,3,2,1,1
202300033964,9,11,2023,14:17,1,2,6,42,42234,1,7,2,1,2
202300033965,3,3,2023,04:45,3,1,2,69,69013,1,1,3,1,1
202300033966,24,6,2023,03:10,5,1,6,75,75104,2,4,1,1,1
202300033966,24,6,2023,03:10,5,1,6,75,75104,2,4,1,1,1
202300033967,12,4,2023,11:15,1,1,3,69,69388,2,4,2,1,1
202300033967,12,4,2023,11:15,1,1,3,69,69388,2,4,2,1,1
202300033968,9,11,2023,15:00,1,2,7,68,68304,2,4,2,1,2
202300033969,3,3,2023,01:15,4,1,2,971,97128,1,2,2,1,1
202300033970,24,6,2023,18:40,1,1,3,94,94074,2,4,2,1,1
202300033971,22,5,2023,17:25,1,1,6,38,38517,1,1,3,1,1
202300033972,9,11,2023,23:45,3,1,6,44,44131,1,3,2,1,1
202300033973,2,3,2023,22:00,3,1,7,971,97118,1,4,2,2,1
202300033974,12,4,2023,15:15,1,1,3,972,97213,1,2,2,1,1
202300033975,24,6,2023,13:45,1,1,3,94,94015,2,4,2,1,1
202300033976,21,5,2023,20:30,5,8,2,973,97309,2,3,2,1,1
202300033976,21,5,2023,20:30,5,8,2,973,97309,2,3,1,1,1
202300033977,7,11,2023,12:30,1,1,3,44,44158,2,3,2,1,1
202300033978,11,4,2023,08:15,1,1,3,69,69142,2,7,1,1,1
202300033979,24,2,2023,23:38,5,1,3,45,45085,2,4,1,1,1
202300033979,24,2,2023,23:38,5,1,3,45,45085,2,4,2,1,1
202300033980,24,6,2023,18:22,1,1,2,94,94076,2,3,2,1,1
202300033981,20,5,2023,01:50,3,1,6,45,45146,1,1,3,1,1
202300033982,9,11,2023,18:22,3,2,3,35,35179,1,3,2,1,2
202300033982,9,11,2023,18:22,3,2,3,35,35179,1,3,2,1,2
202300033983,8,4,2023,08:54,1,1,6,87,87085,1,1,3,1,1
202300033984,10,2,2023,16:20,1,1,2,91,91315,2,3,2,1,1
202300033985,24,6,2023,21:38,1,1,2,94,94041,2,3,2,1,1
202300033986,11,4,2023,09:08,1,1,6,87,87085,1,1,3,2,1
202300033987,10,11,2023,12:45,1,8,3,29,29163,1,3,2,1,1
202300033987,10,11,2023,12:45,1,8,3,29,29163,1,3,2,2,1
202300033988,4,1,2023,16:35,1,1,3,34,34344,2,4,2,1,1
202300033989,9,4,2023,07:09,2,1,6,87,87085,1,1,3,2,1
202300033990,20,6,2023,05:50,2,1,2,94,94021,2,9,1,1,1
202300033991,10,11,2023,07:40,4,1,3,29,29220,2,4,2,1,2
202300033992,2,3,2023,10:30,1,1,2,83,83101,1,3,2,1,1
202300033993,10,4,2023,15:40,1,1,6,86,86194,2,4,2,1,1
202300033993,10,4,2023,15:40,1,1,6,86,86194,2,4,2,1,1
202300033994,21,5,2023,10:54,1,1,4,76,76705,1,1,3,1,1
202300033995,24,6,2023,10:10,1,1,3,94,94022,2,3,3,1,1
202300033995,24,6,2023,10:10,1,1,3,94,94022,2,3,1,1,1
202300033996,9,11,2023,15:08,1,2,6,29,29215,2,6,-1,1,2
202300033997,19,1,2023,13:00,1,1,1,83,83107,1,3,2,1,1
202300033998,12,4,2023,15:15,1,1,2,83,83137,2,3,1,1,1
202300033999,25,4,2023,15:30,1,1,3,973,97304,1,2,2,1,1
202300034000,8,11,2023,08:35,1,1,3,38,38039,2,3,2,2,1
202300034000,8,11,2023,08:35,1,1,3,38,38039,2,3,2,4,1
202300034001,24,6,2023,16:30,1,1,3,93,93073,2,4,2,1,1
202300034002,3,3,2023,08:32,1,1,6,05,05070,2,3,2,1,1
202300034003,12,4,2023,06:00,5,1,6,83,83137,2,3,2,2,1
202300034003,12,4,2023,06:00,5,1,6,83,83137,2,3,2,2,1
202300034004,3,3,2023,19:30,3,1,6,13,13014,2,3,2,2,1
202300034005,21,5,2023,17:35,1,1,3,971,97125,2,2,2,1,1
202300034006,10,11,2023,16:09,1,8,6,02,02111,1,3,2,1,2
202300034007,24,6,2023,17:30,1,1,6,93,93066,2,4,1,1,1
202300034008,2,3,2023,17:50,2,7,6,57,57206,2,4,2,1,1
202300034009,12,4,2023,18:00,1,8,3,83,83034,2,4,2,2,1
202300034009,12,4,2023,18:00,1,8,3,83,83034,2,4,2,4,1
202300034010,16,5,2023,14:17,1,1,3,38,38019,1,1,3,1,1
202300034011,8,11,2023,15:30,1,1,2,01,01445,1,3,2,2,2
202300034012,24,6,2023,16:50,1,1,6,93,93007,2,3,3,1,1
202300034012,24,6,2023,16:50,1,1,6,93,93007,2,3,3,1,1
202300034013,2,3,2023,19:10,3,1,1,73,73285,1,3,2,2,1
202300034014,12,4,2023,12:46,1,1,3,77,77258,2,4,2,1,1
202300034014,12,4,2023,12:46,1,1,3,77,77258,2,4,-1,1,1
202300034015,9,11,2023,22:45,3,2,6,58,58293,2,4,2,2,2
202300034016,9,5,2023,06:20,1,1,1,21,21606,1,3,2,1,1
202300034016,9,5,2023,06:20,1,1,1,21,21606,1,3,2,1,1
202300034017,24,6,2023,05:30,2,1,3,93,93064,2,3,2,1,1
202300034017,24,6,2023,05:30,2,1,3,93,93064,2,3,2,1,1
202300034018,9,11,2023,06:45,3,1,6,45,45282,2,3,2,1,2
202300034019,21,5,2023,15:11,1,1,7,52,52269,1,3,2,1,1
202300034020,3,3,2023,09:00,1,1,6,38,38158,2,4,2,1,1
202300034021,21,5,2023,11:00,1,1,7,68,68359,1,5,2,2,1
202300034022,10,11,2023,16:22,1,3,1,18,18170,1,3,2,2,2
202300034023,24,6,2023,00:00,5,1,3,93,93055,2,3,2,1,1
202300034023,24,6,2023,00:00,5,1,3,93,93055,2,3,3,1,1
202300034024,12,4,2023,09:35,1,2,3,77,77243,2,3,-1,1,2
202300034025,28,2,2023,16:00,1,1,3,01,01093,2,4,2,1,1
202300034026,10,11,2023,08:45,1,1,1,43,43062,1,3,2,1,2
202300034027,21,5,2023,14:30,1,1,1,55,55177,1,3,2,2,1
202300034028,24,6,2023,16:15,1,1,1,93,93071,2,3,1,1,1
202300034028,24,6,2023,16:15,1,1,1,93,93071,2,3,2,1,1
202300034029,3,3,2023,03:05,5,1,6,69,69003,2,7,2,1,1
202300034030,10,11,2023,11:00,1,1,6,36,36111,1,3,2,2,1
202300034031,12,4,2023,19:15,2,1,3,77,77186,1,3,4,1,1
202300034031,12,4,2023,19:15,2,1,3,77,77186,1,3,2,1,1
202300034032,24,6,2023,20:20,1,1,3,93,93032,2,3,3,1,1
202300034033,3,3,2023,04:15,3,2,6,31,31406,1,3,2,2,2
202300034034,12,4,2023,17:25,1,6,6,76,76705,2,4,1,1,1
202300034035,10,11,2023,12:15,1,2,3,07,07288,1,3,2,2,2
202300034036,28,2,2023,09:45,1,1,5,33,33014,1,3,2,1,1
202300034037,24,6,2023,03:00,5,1,3,93,93032,2,3,2,1,1
202300034038,8,4,2023,18:47,2,1,3,74,74012,2,4,2,1,1
202300034039,21,5,2023,18:00,1,1,3,69,69160,1,3,2,1,1
202300034040,8,11,2023,19:22,3,6,6,87,87017,1,3,2,1,2
202300034040,8,11,2023,19:22,3,6,6,87,87017,1,3,-1,1,2
202300034041,2,2,2023,16:15,1,1,6,33,33362,2,3,2,1,1
202300034041,2,2,2023,16:15,1,1,6,33,33362,2,3,2,1,1
202300034042,24,6,2023,11:45,1,1,6,93,93010,2,3,1,1,1
202300034043,8,4,2023,15:55,1,1,6,74,74010,2,3,-1,1,1
202300034044,22,5,2023,00:00,3,1,6,69,69154,1,3,2,1,1
202300034045,19,5,2023,19:26,1,2,6,16,16078,2,4,-1,1,2
202300034046,9,11,2023,15:20,1,8,3,37,37117,1,3,2,2,2
202300034046,9,11,2023,15:20,1,8,3,37,37117,1,3,2,1,2
202300034047,24,6,2023,10:00,1,1,3,93,93005,2,4,2,1,1
202300034048,25,2,2023,19:45,3,1,4,44,44110,1,3,2,1,1
202300034049,10,11,2023,02:35,3,2,6,30,30348,1,2,3,2,2
202300034050,20,5,2023,12:00,1,1,3,50,50298,1,3,2,1,1
202300034051,24,6,2023,17:50,1,1,3,93,93001,2,3,2,2,1
202300034052,2,3,2023,08:38,1,9,3,14,14530,2,4,2,1,1
202300034052,2,3,2023,08:38,1,9,3,14,14530,2,4,3,1,7
202300034053,21,5,2023,16:25,1,7,7,60,60446,1,3,-1,3,1
202300034054,10,11,2023,10:44,1,8,2,01,01418,1,1,3,1,2
202300034055,11,4,2023,20:30,2,8,4,72,72181,1,3,3,1,2
202300034056,24,6,2023,18:15,1,1,3,93,93001,2,4,1,1,1
202300034056,24,6,2023,18:15,1,1,3,93,93001,2,4,1,1,1
202300034057,1,3,2023,19:45,3,1,3,59,59303,1,2,3,1,1
202300034058,21,5,2023,15:45,1,1,1,60,60666,1,4,2,1,1
202300034058,21,5,2023,15:45,1,1,1,60,60666,1,4,2,1,1
202300034059,12,4,2023,12:21,1,1,6,66,66136,2,4,3,1,1
202300034060,23,6,2023,12:15,1,1,6,92,92075,2,3,2,1,1
202300034061,10,11,2023,18:15,5,1,5,06,06085,1,3,3,1,1
202300034062,2,3,2023,19:28,3,1,4,13,13015,1,1,1,1,1
202300034063,11,4,2023,16:40,1,1,6,66,66136,2,4,2,1,1
202300034064,22,5,2023,15:20,1,1,1,59,59435,1,3,2,1,1
202300034065,6,11,2023,11:00,1,2,7,51,51507,1,1,3,2,2
202300034066,24,6,2023,13:05,1,1,6,92,92073,2,3,2,1,1
202300034066,24,6,2023,13:05,1,1,6,92,92073,2,3,2,1,1
202300034067,26,2,2023,08:00,5,1,2,69,69385,1,7,1,1,1
202300034068,21,5,2023,18:09,1,1,7,59,59237,1,3,2,1,1
202300034069,24,6,2023,01:25,3,1,6,92,92050,2,3,1,2,1
202300034070,12,4,2023,08:10,1,1,3,64,64269,2,4,2,1,1
202300034071,9,11,2023,23:05,3,2,2,69,69242,1,1,3,1,2
202300034072,21,5,2023,13:15,1,2,7,13,13056,1,1,1,2,2
202300034073,24,6,2023,12:40,1,1,6,92,92040,2,3,4,1,1
202300034074,24,2,2023,20:45,3,1,3,54,54115,1,1,3,2,1
202300034075,9,11,2023,19:30,4,1,6,978,97801,2,9,2,1,2
202300034075,9,11,2023,19:30,4,1,6,978,97801,2,9,2,1,2
202300034076,21,5,2023,14:09,1,8,7,13,13005,1,1,1,3,2
202300034077,23,6,2023,16:10,1,1,1,92,92025,2,4,2,1,1
202300034078,2,3,2023,21:35,5,1,3,33,33192,1,1,3,1,1
202300034079,12,4,2023,19:00,2,1,3,62,62065,2,4,-1,1,1
202300034079,12,4,2023,19:00,2,1,3,62,62065,2,4,2,1,1
202300034080,9,11,2023,22:38,3,2,7,77,77112,1,3,2,1,2
202300034081,21,5,2023,14:30,1,1,1,13,13085,1,1,1,2,1
202300034082,2,3,2023,09:36,1,1,2,33,33013,1,2,3,1,1
202300034083,24,6,2023,00:35,5,1,3,92,92023,2,3,2,1,1
202300034084,12,4,2023,09:45,1,1,3,62,62413,2,3,2,1,2
202300034084,12,4,2023,09:45,1,1,3,62,62413,2,3,2,1,2
202300034085,20,5,2023,19:20,1,2,2,13,13085,1,1,-1,1,2
202300034086,7,11,2023,15:25,1,1,3,77,77130,1,3,2,1,1
202300034086,7,11,2023,15:25,1,1,3,77,77130,1,3,2,1,1
202300034087,1,3,2023,12:15,1,1,2,33,33249,1,1,3,1,1
202300034088,1,3,2023,08:25,1,1,6,59,59613,1,1,-1,1,1
202300034089,24,6,2023,02:30,5,1,4,92,92012,2,3,1,1,1
202300034090,9,11,2023,19:52,3,2,6,95,95308,1,3,2,1,2
202300034091,21,5,2023,02:10,3,1,2,69,69275,1,2,3,1,1
202300034092,9,4,2023,20:20,1,1,3,57,57306,2,3,2,1,1
202300034092,9,4,2023,20:20,1,1,3,57,57306,2,3,2,1,1
202300034093,23,6,2023,18:45,1,1,6,92,92004,2,3,1,1,1
202300034094,8,11,2023,15:00,1,1,2,2B,2B093,1,2,2,1,1
202300034095,2,3,2023,18:58,3,1,4,91,91363,1,2,1,1,1
202300034096,25,6,2023,09:55,1,1,6,60,60623,2,3,2,2,1
202300034097,12,4,2023,06:35,5,3,6,57,57463,2,4,2,1,2
202300034097,12,4,2023,06:35,5,3,6,57,57463,2,4,2,1,2
202300034098,21,5,2023,00:05,3,1,4,69,69271,1,7,3,2,1
202300034099,10,11,2023,14:48,1,1,2,68,68383,2,4,2,1,1
202300034100,2,3,2023,09:02,1,1,5,91,91471,1,2,3,3,1
202300034101,1,11,2023,03:55,3,1,6,67,67154,1,3,2,1,1
202300034102,19,6,2023,07:30,1,1,3,49,49092,1,3,2,1,1
202300034102,19,6,2023,07:30,1,1,3,49,49092,1,3,2,1,1
202300034103,11,4,2023,18:35,1,8,6,54,54395,2,4,2,1,1
202300034104,21,5,2023,18:15,1,1,2,91,91659,1,1,3,2,1
202300034105,2,3,2023,08:37,1,1,2,91,91064,1,2,-1,1,1
202300034106,24,6,2023,14:30,1,1,2,68,68366,1,3,2,1,1
202300034107,1,3,2023,23:23,3,1,7,94,94038,1,1,1,1,1
202300034108,9,11,2023,18:15,5,2,6,54,54196,2,3,2,1,2
202300034108,9,11,2023,18:15,5,2,6,54,54196,2,3,2,1,2
202300034109,21,5,2023,18:00,1,1,3,93,93013,1,1,3,1,1
202300034110,12,4,2023,18:50,1,2,5,49,49246,2,3,2,1,2
202300034111,25,6,2023,11:55,1,1,7,972,97229,2,4,2,2,1
202300034112,27,10,2023,13:50,1,2,1,38,38415,1,3,-1,1,2
202300034113,2,3,2023,17:50,1,1,5,78,78640,1,2,1,1,1
202300034114,24,6,2023,19:30,1,1,7,63,63100,1,3,2,2,1
202300034115,21,5,2023,19:30,1,1,4,93,93066,1,1,1,1,1
202300034116,12,4,2023,11:34,1,8,6,49,49007,2,4,3,1,2
202300034117,2,3,2023,00:25,3,1,6,95,95277,1,1,1,2,1
202300034118,21,5,2023,19:40,1,1,7,95,95151,1,2,3,1,1
202300034119,11,4,2023,22:05,3,2,6,49,49246,1,3,2,1,2
202300034120,24,6,2023,09:25,1,1,3,86,86236,1,4,2,1,9
202300034121,1,3,2023,17:40,1,1,2,93,93078,1,1,3,1,1
202300034122,8,11,2023,19:00,3,1,7,69,69249,1,3,2,2,1
202300034123,23,6,2023,08:30,1,5,3,14,14347,1,3,2,1,1
202300034123,23,6,2023,08:30,1,5,3,14,14347,1,3,2,3,1
202300034124,11,4,2023,16:05,1,1,3,38,38185,2,4,2,1,1
202300034125,9,11,2023,14:30,1,2,7,17,17097,1,4,2,1,2
202300034126,21,5,2023,10:15,1,1,4,92,92036,1,1,1,1,1
202300034127,1,3,2023,11:45,1,1,2,92,92036,1,1,3,1,1
202300034128,24,6,2023,15:55,1,8,6,971,97109,2,2,2,1,2
202300034129,9,11,2023,22:00,3,3,7,17,17185,1,3,2,1,2
202300034130,1,3,2023,10:30,1,1,6,92,92036,1,1,3,1,1
202300034131,11,4,2023,11:35,1,1,1,38,38151,2,4,2,1,1
202300034132,21,5,2023,07:50,1,1,2,95,95252,1,1,3,1,1
202300034133,1,3,2023,08:30,1,1,6,95,95582,1,1,3,1,1
202300034134,7,11,2023,09:40,1,7,6,44,44026,2,4,2,1,2
202300034135,12,4,2023,12:00,1,8,6,37,37233,2,4,2,1,2
202300034136,2,3,2023,15:00,1,1,3,94,94073,1,1,1,1,1
202300034137,21,5,2023,05:25,2,1,2,95,95394,1,2,3,2,1
202300034138,5,10,2023,08:00,2,1,1,22,22070,2,4,2,1,1
202300034138,5,10,2023,08:00,2,1,1,22,22070,2,4,2,1,1
202300034139,28,2,2023,23:20,3,1,2,94,94028,1,1,3,1,1
202300034140,12,4,2023,10:50,1,1,6,35,35238,2,4,2,1,1
202300034140,12,4,2023,10:50,1,1,6,35,35238,2,4,2,1,1
202300034141,21,5,2023,20:20,1,1,3,94,94018,1,1,1,1,1
202300034142,24,6,2023,11:30,1,1,3,62,62179,1,3,2,3,1
202300034142,24,6,2023,11:30,1,1,3,62,62179,1,3,2,1,1
202300034143,10,11,2023,07:40,2,1,3,22,22307,2,3,2,1,2
202300034143,10,11,2023,07:40,2,1,3,22,22307,2,3,2,1,2
202300034144,24,6,2023,14:15,1,1,7,51,51210,1,3,2,3,1
202300034145,20,5,2023,10:40,1,1,6,988,98818,2,9,2,1,1
202300034146,28,2,2023,09:40,1,1,6,974,97411,1,3,2,2,1
202300034147,12,4,2023,20:30,1,1,2,33,33522,2,4,2,1,1
202300034147,12,4,2023,20:30,1,1,2,33,33522,2,4,3,1,1
202300034148,25,6,2023,06:38,2,1,6,19,19276,2,3,2,1,1
202300034149,10,11,2023,17:30,2,2,3,76,76473,2,3,2,1,2
202300034149,10,11,2023,17:30,2,2,3,76,76473,2,3,2,1,2
202300034150,19,5,2023,12:50,1,1,6,976,97611,2,4,2,2,1
202300034151,27,2,2023,17:45,2,2,3,974,97411,1,3,2,2,2
202300034152,24,6,2023,23:45,3,1,6,56,56119,2,3,2,1,1
202300034153,12,4,2023,10:50,1,2,3,33,33550,2,4,2,1,2
202300034153,12,4,2023,10:50,1,2,3,33,33550,2,4,2,2,2
202300034154,28,2,2023,17:10,1,1,7,973,97302,1,3,2,1,1
202300034155,20,5,2023,10:00,1,1,3,974,97411,2,4,1,1,1
202300034156,10,11,2023,17:40,5,1,6,62,62603,2,3,2,2,2
202300034157,25,6,2023,15:30,1,1,2,77,77321,1,3,2,1,1
202300034158,28,2,2023,17:50,2,1,7,972,97213,1,2,-1,1,1
202300034159,12,4,2023,18:20,1,8,2,31,31555,2,1,1,4,1
202300034160,20,5,2023,19:35,5,3,6,973,97302,2,3,2,1,2
202300034161,24,6,2023,20:35,1,1,6,82,82127,1,3,2,4,1
202300034162,28,2,2023,13:30,2,1,3,972,97213,1,3,3,1,1
202300034163,12,4,2023,09:25,1,1,6,31,31555,1,1,3,1,1
202300034164,8,11,2023,18:40,3,1,3,13,13210,1,1,1,1,1
202300034165,19,5,2023,10:35,1,1,2,973,97302,2,3,2,1,1
202300034166,24,6,2023,16:42,1,1,2,82,82013,1,3,2,3,1
202300034167,12,4,2023,18:35,1,1,6,28,28085,2,4,-1,1,1
202300034168,2,2,2023,23:00,5,1,4,972,97209,1,1,1,1,1
202300034169,19,5,2023,01:35,5,1,7,973,97302,2,3,3,2,1