id_accident,jour,mois,annee,heure_minute,luminosite,meteo,type_collision,departement,commune,agglomeration,categorie_route,regime_circulation,profil_route,etat_surface
202300034170,24,6,2023,17:40,1,1,6,65,65128,2,3,2,1,1
202300034171,4,11,2023,12:00,1,3,2,13,13071,1,1,1,1,2
202300034172,28,2,2023,16:20,1,1,6,971,97107,2,3,2,1,1
202300034173,11,4,2023,16:45,1,2,3,27,27229,2,4,2,1,2
202300034173,11,4,2023,16:45,1,2,3,27,27229,2,4,2,1,2
202300034174,19,5,2023,00:40,5,3,7,973,97302,1,2,3,1,2
202300034175,24,6,2023,14:57,1,7,3,33,33540,1,3,2,1,1
202300034175,24,6,2023,14:57,1,7,3,33,33540,1,3,-1,1,9
202300034176,9,11,2023,09:00,1,2,6,83,83144,1,1,1,1,2
202300034177,12,4,2023,09:45,1,1,3,13,13002,2,4,2,1,1
202300034178,17,5,2023,23:15,5,1,1,972,97213,1,3,2,1,1
202300034179,25,6,2023,13:30,1,1,7,11,11163,1,3,2,2,1
202300034180,28,2,2023,16:45,1,1,3,91,91589,2,3,2,1,1
202300034181,10,4,2023,03:20,5,1,7,13,13211,2,4,2,1,1
202300034181,10,4,2023,03:20,5,1,7,13,13211,2,4,2,1,1
202300034182,24,6,2023,20:20,1,1,3,63,63297,1,3,2,2,1
202300034183,27,2,2023,16:30,1,1,2,91,91223,1,3,3,1,1
202300034184,25,6,2023,01:50,3,1,7,55,55398,2,3,2,1,1
202300034185,4,4,2023,14:00,1,1,1,13,13004,2,4,2,2,1
202300034186,20,5,2023,19:05,1,1,4,69,69034,2,4,1,1,1
202300034186,20,5,2023,19:05,1,1,4,69,69034,2,4,2,1,1
202300034187,27,2,2023,19:49,5,1,3,87,87085,2,4,2,1,1
202300034187,27,2,2023,19:49,5,1,3,87,87085,2,4,2,1,1
202300034188,19,5,2023,19:15,1,1,6,69,69142,2,7,2,1,1
202300034189,26,2,2023,18:05,1,1,6,87,87085,2,4,2,1,1
202300034190,25,6,2023,11:55,1,1,3,12,12238,1,3,2,1,1
202300034190,25,6,2023,11:55,1,1,3,12,12238,1,3,2,1,1
202300034191,12,4,2023,10:30,1,1,6,11,11069,2,4,-1,1,1
202300034191,12,4,2023,10:30,1,1,6,11,11069,2,4,1,2,1
202300034192,24,2,2023,15:10,1,2,3,85,85194,1,4,2,1,2
202300034193,24,6,2023,03:00,4,1,7,47,47128,2,3,2,1,1
202300034194,19,5,2023,01:25,5,1,6,69,69387,2,4,1,1,1
202300034195,20,5,2023,07:50,1,3,6,2B,2B033,2,4,2,2,2
202300034196,24,6,2023,19:50,2,1,1,41,41073,1,3,2,1,1
202300034197,21,2,2023,07:50,2,5,2,80,80021,2,4,3,1,2
202300034198,20,2,2023,19:15,5,1,6,80,80021,2,4,-1,1,1
202300034199,12,4,2023,08:15,1,1,4,06,06069,2,4,2,2,1
202300034200,20,5,2023,01:15,5,1,3,971,97101,2,2,2,1,1
202300034201,24,6,2023,16:00,1,1,1,39,39240,1,3,2,1,1
202300034202,12,4,2023,20:00,2,1,3,06,06027,2,4,2,2,1
202300034203,25,6,2023,01:20,3,1,6,25,25334,1,3,2,1,1
202300034204,20,5,2023,16:50,1,1,3,2A,2A004,2,2,3,1,1
202300034204,20,5,2023,16:50,1,1,3,2A,2A004,2,2,3,1,1
202300034205,23,6,2023,17:00,1,1,2,38,38055,1,3,2,1,1
202300034206,19,5,2023,10:40,1,7,3,95,95277,2,4,2,1,1
202300034207,12,4,2023,11:40,1,1,2,75,75119,2,4,1,1,1
202300034208,28,2,2023,09:00,1,1,6,77,77288,2,4,1,1,1
202300034209,24,6,2023,21:40,2,1,6,13,13010,1,3,2,1,1
202300034210,19,5,2023,01:00,4,1,1,95,95014,1,3,1,2,1
202300034210,19,5,2023,01:00,4,1,1,95,95014,1,3,2,2,1
202300034211,11,4,2023,20:10,5,2,3,75,75117,2,4,1,1,2
202300034212,28,2,2023,19:35,5,1,3,76,76540,2,7,2,2,1
202300034212,28,2,2023,19:35,5,1,3,76,76540,2,7,2,2,1
202300034213,25,6,2023,16:24,1,1,3,01,01204,1,3,2,1,1
202300034213,25,6,2023,16:24,1,1,3,01,01204,1,3,2,4,1
202300034214,27,2,2023,22:50,5,1,6,76,76351,2,4,2,1,1
202300034215,11,4,2023,17:00,1,1,3,75,75114,2,4,1,1,1
202300034216,27,2,2023,16:25,1,1,6,72,72181,2,3,3,1,1
202300034217,25,6,2023,17:45,1,1,1,26,26288,1,3,-1,1,1
202300034218,18,5,2023,18:50,1,1,6,91,91114,2,4,2,2,1
202300034219,28,2,2023,14:00,1,1,6,69,69266,2,4,1,1,1
202300034219,28,2,2023,14:00,1,1,6,69,69266,2,4,2,1,1
202300034220,9,4,2023,13:49,1,1,4,75,75120,2,4,1,1,1
202300034221,24,6,2023,18:20,1,1,1,58,58215,2,3,2,1,1
202300034222,19,5,2023,18:20,1,1,1,91,91589,2,4,-1,1,1
202300034223,27,2,2023,08:00,1,1,4,69,69029,2,4,2,1,1
202300034224,24,6,2023,17:45,1,1,2,66,66085,1,2,3,1,1
202300034225,12,4,2023,08:59,1,1,6,75,75120,2,4,2,1,2
202300034225,12,4,2023,08:59,1,1,6,75,75120,2,4,1,1,2
202300034226,17,5,2023,15:20,1,1,3,87,87085,2,3,2,1,1
202300034226,17,5,2023,15:20,1,1,3,87,87085,2,3,2,1,1
202300034227,28,2,2023,12:15,1,1,3,67,67482,2,4,3,1,1
202300034228,24,6,2023,12:20,1,1,7,54,54288,1,3,2,1,1
202300034229,12,4,2023,12:44,1,1,6,75,75119,2,4,1,1,1
202300034229,12,4,2023,12:44,1,1,6,75,75119,2,4,1,1,1
202300034230,27,2,2023,11:20,1,7,3,67,67482,2,4,2,1,1
202300034230,27,2,2023,11:20,1,7,3,67,67482,2,4,2,1,1
202300034231,25,6,2023,18:30,1,1,7,14,14726,2,4,2,2,1
202300034232,17,5,2023,11:15,1,1,3,86,86066,2,4,1,1,1
202300034232,17,5,2023,11:15,1,1,3,86,86066,2,4,2,1,1
202300034233,27,2,2023,08:00,1,1,3,66,66136,2,4,1,1,1
202300034234,11,4,2023,21:35,5,3,2,75,75120,2,4,-1,1,2
202300034234,11,4,2023,21:35,5,3,2,75,75120,2,4,1,1,2
202300034235,25,6,2023,08:00,1,1,7,14,14194,2,3,2,1,1
202300034235,25,6,2023,08:00,1,1,7,14,14194,2,3,2,1,1
202300034236,17,5,2023,11:05,1,1,6,83,83126,2,4,2,2,1
202300034237,25,2,2023,11:45,2,1,3,63,63124,2,4,2,1,1
202300034238,15,5,2023,11:00,1,1,2,83,83061,2,3,1,1,1
202300034239,24,6,2023,16:40,1,1,3,14,14086,1,3,2,1,1
202300034240,12,4,2023,08:45,1,3,6,75,75118,2,4,1,1,2
202300034240,12,4,2023,08:45,1,3,6,75,75118,2,4,2,1,2
202300034241,25,6,2023,02:00,3,1,6,50,50588,1,3,2,1,1
202300034242,27,2,2023,19:00,4,1,3,62,62570,2,4,-1,1,1
202300034242,27,2,2023,19:00,4,1,3,62,62570,2,4,2,1,1
202300034243,20,5,2023,09:40,1,1,1,78,78551,1,2,2,1,1
202300034244,12,4,2023,09:15,1,2,3,75,75117,2,4,2,1,2
202300034245,25,6,2023,00:05,4,1,6,50,50615,2,3,2,1,1
202300034246,24,2,2023,16:00,1,1,6,60,60159,2,4,2,1,1
202300034246,24,2,2023,16:00,1,1,6,60,60159,2,4,4,1,1
202300034247,19,5,2023,20:30,1,1,3,78,78418,2,3,2,1,1
202300034247,19,5,2023,20:30,1,1,3,78,78418,2,3,2,1,1
202300034248,12,4,2023,18:20,1,2,2,75,75116,2,4,2,1,2
202300034249,25,6,2023,01:25,3,1,1,43,43224,2,3,2,1,1
202300034250,27,2,2023,08:50,2,1,6,59,59378,2,4,2,1,1
202300034250,27,2,2023,08:50,2,1,6,59,59378,2,4,-1,1,1
202300034251,12,4,2023,15:50,1,8,6,75,75115,2,4,1,1,1
202300034252,24,6,2023,10:55,1,1,3,36,36001,2,3,2,2,1
202300034253,28,2,2023,15:25,1,1,3,54,54323,2,3,1,3,1
202300034253,28,2,2023,15:25,1,1,3,54,54323,2,3,2,2,1
202300034254,25,6,2023,00:30,3,1,6,04,04200,2,4,2,1,1
202300034255,12,4,2023,17:50,1,1,6,75,75115,2,4,1,1,1
202300034256,19,5,2023,11:50,1,1,1,77,77243,2,4,2,1,1
202300034257,28,2,2023,17:31,1,1,6,51,51454,2,4,1,1,1
202300034258,24,6,2023,02:00,3,1,6,23,23093,1,3,2,1,1
202300034259,19,5,2023,10:20,1,1,7,76,76351,2,4,2,1,1
202300034260,12,4,2023,09:10,1,2,3,75,75114,2,4,2,1,2
202300034260,12,4,2023,09:10,1,2,3,75,75114,2,4,2,1,2
202300034261,26,2,2023,00:30,5,1,2,51,51454,2,4,2,1,1
202300034261,26,2,2023,00:30,5,1,2,51,51454,2,4,1,1,1
202300034262,24,6,2023,16:30,1,1,3,37,37028,1,3,2,1,1
202300034262,24,6,2023,16:30,1,1,3,37,37028,1,3,2,1,1
202300034263,18,5,2023,05:30,5,1,2,76,76447,1,3,3,2,1
202300034264,28,2,2023,06:50,5,1,3,50,50129,2,3,2,1,1
202300034265,11,4,2023,23:20,5,3,3,75,75111,2,4,3,1,2
202300034265,11,4,2023,23:20,5,3,3,75,75111,2,4,2,2,2
202300034266,28,2,2023,08:30,1,1,7,49,49267,2,4,2,1,1
202300034267,24,6,2023,16:20,1,1,3,37,37115,2,4,-1,1,1
202300034267,24,6,2023,16:20,1,1,3,37,37115,2,4,2,1,1
202300034267,24,6,2023,16:20,1,1,3,37,37115,2,4,2,3,1
202300034268,12,4,2023,08:52,1,2,3,75,75108,2,4,3,1,2
202300034268,12,4,2023,08:52,1,2,3,75,75108,2,4,1,1,2
202300034269,18,5,2023,12:25,1,1,4,76,76305,1,4,2,1,1
202300034269,18,5,2023,12:25,1,1,4,76,76305,1,4,2,1,1
202300034270,23,6,2023,23:45,4,1,6,30,30263,2,4,1,1,1
202300034271,28,2,2023,09:04,1,1,6,47,47201,2,3,2,2,1
202300034271,28,2,2023,09:04,1,1,6,47,47201,2,3,2,2,1
202300034272,12,4,2023,08:25,1,2,6,75,75108,2,4,3,1,2
202300034272,12,4,2023,08:25,1,2,6,75,75108,2,4,1,1,2
202300034273,20,5,2023,19:40,1,1,2,73,73029,1,2,3,1,1
202300034274,25,6,2023,11:30,1,1,7,48,48097,1,3,2,1,1
202300034275,28,2,2023,08:40,1,1,6,47,47001,2,4,2,1,1
202300034276,24,6,2023,02:00,3,1,6,08,08340,1,3,2,1,1
202300034277,19,5,2023,22:40,5,1,6,72,72095,2,4,2,3,1
202300034277,19,5,2023,22:40,5,1,6,72,72095,2,4,2,2,1
202300034278,11,4,2023,17:45,1,2,3,75,75108,2,4,2,1,2
202300034278,11,4,2023,17:45,1,2,3,75,75108,2,4,2,1,2
202300034279,24,6,2023,19:15,1,1,6,88,88194,1,3,2,1,1
202300034280,19,5,2023,23:20,5,1,6,72,72181,2,4,-1,1,1
202300034281,28,2,2023,11:40,1,1,3,45,45284,2,4,2,1,1
202300034281,28,2,2023,11:40,1,1,3,45,45284,2,4,2,1,1
202300034282,12,4,2023,16:00,1,2,6,94,94076,2,4,2,1,2
202300034283,27,2,2023,16:30,1,1,3,42,42237,2,4,2,1,1
202300034283,27,2,2023,16:30,1,1,3,42,42237,2,4,2,1,1
202300034284,20,5,2023,08:30,1,1,3,71,71306,2,4,3,2,1
202300034285,25,6,2023,10:25,1,1,7,10,10045,1,1,3,1,1
202300034286,12,4,2023,17:45,1,1,3,94,94073,2,3,3,2,1
202300034286,12,4,2023,17:45,1,1,3,94,94073,2,3,1,1,1
202300034287,28,2,2023,18:35,5,1,6,38,38185,2,7,2,1,1
202300034288,18,5,2023,04:18,5,1,6,71,71270,2,4,1,1,1
202300034289,11,4,2023,19:40,1,2,6,94,94028,2,3,3,1,2
202300034290,28,2,2023,17:45,1,1,6,37,37214,2,4,1,1,1
202300034290,28,2,2023,17:45,1,1,6,37,37214,2,4,2,1,1
202300034291,19,5,2023,15:00,1,1,4,69,69264,2,3,2,1,1
202300034292,24,6,2023,14:20,1,1,2,02,02559,1,1,1,1,1
202300034293,12,4,2023,18:30,1,1,6,93,93072,2,4,1,1,1
202300034293,12,4,2023,18:30,1,1,6,93,93072,2,4,1,1,1
202300034294,28,2,2023,21:05,5,2,2,35,35238,2,4,2,1,2
202300034294,28,2,2023,21:05,5,2,2,35,35238,2,4,2,1,2
202300034295,20,5,2023,10:45,1,1,3,69,69290,2,4,2,1,-1
202300034295,20,5,2023,10:45,1,1,3,69,69290,2,4,2,1,1
202300034296,24,6,2023,18:05,1,1,1,35,35210,1,3,2,1,1
202300034297,28,2,2023,19:15,2,2,6,35,35238,2,4,2,1,2
202300034298,19,5,2023,09:57,1,1,6,68,68224,2,4,2,1,1
202300034299,12,4,2023,14:00,1,1,2,93,93070,2,3,2,1,1
202300034299,12,4,2023,14:00,1,1,2,93,93070,2,3,1,1,1
202300034300,24,6,2023,17:00,1,1,3,973,97309,2,3,2,1,1
202300034301,19,5,2023,19:00,1,1,6,67,67218,2,4,2,1,1
202300034302,28,2,2023,08:50,1,1,4,35,35281,1,3,3,1,1
202300034303,11,4,2023,22:50,5,2,6,93,93077,2,3,2,1,2
202300034303,11,4,2023,22:50,5,2,6,93,93077,2,3,2,1,2
202300034304,24,6,2023,18:39,1,1,6,39,39387,1,1,3,1,1
202300034305,18,5,2023,22:50,5,1,1,67,67482,2,4,2,1,1
202300034306,28,2,2023,07:45,1,1,3,35,35238,2,4,2,1,1
202300034307,12,4,2023,08:35,1,2,3,93,93014,2,3,3,2,2
202300034308,19,5,2023,08:25,1,1,1,66,66136,2,4,2,3,1
202300034309,28,2,2023,08:30,1,1,2,35,35238,1,2,3,1,1
202300034310,24,6,2023,06:10,2,1,2,06,06088,1,1,3,1,1
202300034311,19,5,2023,09:30,1,1,3,64,64249,2,3,2,1,1
202300034312,25,6,2023,04:30,3,1,3,34,34113,1,1,3,2,1
202300034313,11,4,2023,22:20,5,2,3,93,93014,2,4,2,1,2
202300034313,11,4,2023,22:20,5,2,3,93,93014,2,4,2,1,2
202300034314,28,2,2023,06:30,5,1,1,33,33281,2,4,2,1,1
202300034314,28,2,2023,06:30,5,1,1,33,33281,2,4,2,1,1
202300034315,24,6,2023,22:45,3,1,7,987,98740,1,2,2,1,1
202300034316,19,5,2023,19:20,1,1,3,64,64445,2,4,2,1,1
202300034317,28,2,2023,10:10,1,8,6,31,31565,1,3,2,1,1
202300034318,12,4,2023,15:08,1,1,3,93,93007,2,4,2,1,1
202300034319,18,5,2023,14:20,1,1,6,64,64445,2,4,2,1,1
202300034319,18,5,2023,14:20,1,1,6,64,64445,2,4,1,1,1
202300034320,28,2,2023,19:00,2,1,2,25,25462,2,4,2,1,1
202300034321,25,6,2023,15:00,1,1,6,974,97415,1,2,2,2,1
202300034322,12,4,2023,14:00,1,1,5,93,93001,2,3,2,1,1
202300034322,12,4,2023,14:00,1,1,5,93,93001,2,3,2,1,1
202300034323,20,5,2023,01:17,5,2,2,64,64102,2,4,2,1,2
202300034323,20,5,2023,01:17,5,2,2,64,64102,2,4,4,2,2
202300034324,24,6,2023,20:15,3,1,6,974,97415,1,3,2,2,1
202300034325,28,2,2023,17:10,2,1,3,25,25056,2,4,2,2,1
202300034325,28,2,2023,17:10,2,1,3,25,25056,2,4,1,2,1
202300034326,11,4,2023,23:45,5,2,6,92,92046,2,3,3,1,2
202300034327,18,5,2023,21:10,1,1,3,61,61001,2,4,2,1,1
202300034328,25,6,2023,17:05,1,1,6,29,29233,1,3,2,1,1
202300034329,28,2,2023,11:17,1,1,6,22,22113,2,4,2,2,1
202300034330,12,4,2023,08:55,1,3,3,92,92062,2,3,3,1,3
202300034331,20,5,2023,07:00,1,1,6,59,59421,2,7,1,1,1
202300034332,25,2,2023,11:35,1,1,3,19,19031,2,4,2,1,1
202300034332,25,2,2023,11:35,1,1,3,19,19031,2,4,2,1,1
202300034333,12,4,2023,17:50,1,1,6,92,92035,2,4,3,1,1
202300034334,24,6,2023,18:40,1,1,5,33,33214,1,3,2,1,1
202300034334,24,6,2023,18:40,1,1,5,33,33214,1,3,2,1,1
202300034335,28,2,2023,19:30,5,1,1,13,13106,2,4,2,1,1
202300034336,20,5,2023,02:15,5,1,3,59,59350,2,4,3,1,1
202300034336,20,5,2023,02:15,5,1,3,59,59350,2,4,2,1,1
202300034337,28,2,2023,18:30,2,1,7,13,13204,2,4,2,1,1
202300034338,11,4,2023,18:40,2,3,6,92,92044,2,4,1,1,2
202300034338,11,4,2023,18:40,2,3,6,92,92044,2,4,1,1,2
202300034339,25,6,2023,03:30,3,1,3,77,77392,1,2,3,1,1
202300034340,16,5,2023,14:30,1,1,3,59,59359,2,3,2,1,1
202300034341,11,4,2023,19:00,1,2,7,92,92004,2,3,-1,1,2
202300034342,25,6,2023,01:30,3,1,7,95,95627,2,3,2,1,1
202300034343,28,2,2023,10:42,1,1,3,13,13212,2,4,2,1,1
202300034343,28,2,2023,10:42,1,1,3,13,13212,2,4,2,1,1
202300034344,20,5,2023,01:25,5,1,6,59,59183,2,4,2,1,1
202300034345,23,6,2023,20:15,1,1,3,78,78420,2,3,-1,1,1
202300034345,23,6,2023,20:15,1,1,3,78,78420,2,3,2,1,1
202300034346,28,2,2023,11:05,1,2,6,13,13206,2,4,2,1,2
202300034346,28,2,2023,11:05,1,2,6,13,13206,2,4,2,1,2
202300034347,13,4,2023,06:51,2,1,1,11,11328,1,3,2,1,1
202300034348,19,5,2023,20:30,1,1,1,59,59183,2,3,2,1,1
202300034348,19,5,2023,20:30,1,1,1,59,59183,2,3,2,1,1
202300034349,25,6,2023,09:45,1,1,1,66,66112,1,3,2,2,1
202300034350,20,5,2023,11:05,1,1,3,57,57463,2,4,1,1,1
202300034350,20,5,2023,11:05,1,1,3,57,57463,2,4,2,1,1
202300034351,28,2,2023,07:55,1,2,5,13,13004,2,3,1,1,2
202300034352,13,4,2023,18:00,1,1,1,06,06114,2,7,2,2,1
202300034353,24,6,2023,15:10,1,1,3,34,34057,1,7,2,1,1
202300034354,18,5,2023,21:00,2,1,3,56,56121,2,4,2,1,1
202300034354,18,5,2023,21:00,2,1,3,56,56121,2,4,2,1,1
202300034355,12,4,2023,17:30,1,1,7,07,07022,1,3,2,1,1
202300034356,24,6,2023,10:30,1,1,6,84,84054,2,4,1,1,1
202300034357,19,5,2023,22:37,3,1,7,54,54521,1,3,2,1,1
202300034358,21,2,2023,14:38,1,1,2,11,11262,2,4,2,1,1
202300034359,13,4,2023,06:40,1,1,1,974,97405,1,4,2,2,1
202300034360,16,6,2023,20:00,1,1,1,83,83138,1,3,2,1,1
202300034361,19,5,2023,14:05,1,1,3,51,51454,2,4,2,1,1
202300034361,19,5,2023,14:05,1,1,3,51,51454,2,4,1,1,1
202300034362,28,2,2023,08:55,1,1,7,11,11069,2,3,1,1,1
202300034363,13,4,2023,09:45,1,1,6,974,97414,1,2,2,2,1
202300034364,27,2,2023,13:34,1,1,6,10,10081,2,4,2,1,1
202300034365,25,6,2023,10:45,1,1,3,57,57584,1,3,2,1,1
202300034365,25,6,2023,10:45,1,1,3,57,57584,1,3,2,1,1
202300034366,17,5,2023,16:45,1,1,3,49,49007,2,4,2,1,1
202300034367,25,6,2023,14:00,1,1,7,73,73311,2,3,2,1,1
202300034368,27,2,2023,08:26,1,1,3,10,10060,1,3,2,1,1
202300034369,11,4,2023,22:30,3,1,6,06,06118,1,3,2,2,1
202300034370,20,5,2023,23:55,4,1,3,45,45147,2,4,2,1,1
202300034371,23,6,2023,19:15,1,1,7,26,26088,2,4,2,1,1
202300034372,25,6,2023,11:45,1,1,6,26,26309,1,3,2,1,1
202300034373,1,3,2023,17:30,1,1,3,75,75113,2,4,1,1,1
202300034374,12,4,2023,17:00,1,1,7,56,56067,1,3,2,1,1
202300034375,19,5,2023,19:15,1,1,2,42,42186,2,4,2,2,1
202300034376,21,6,2023,07:22,2,1,7,26,26064,2,4,2,1,1
202300034377,1,3,2023,16:00,1,1,3,75,75118,2,4,2,1,1
202300034377,1,3,2023,16:00,1,1,3,75,75118,2,4,1,1,1
202300034378,20,5,2023,20:20,1,8,6,37,37261,2,4,2,2,1
202300034379,25,6,2023,12:10,1,1,1,69,69196,1,3,2,2,1
202300034379,25,6,2023,12:10,1,1,1,69,69196,1,3,2,1,1
202300034380,20,5,2023,14:55,1,1,6,37,37122,1,7,3,1,1
202300034381,1,3,2023,19:01,5,1,3,75,75116,2,4,2,1,1
202300034382,12,4,2023,15:25,1,1,3,33,33507,1,3,2,1,1
202300034382,12,4,2023,15:25,1,1,3,33,33507,1,3,2,1,1
202300034383,19,5,2023,18:00,1,1,6,37,37261,2,4,1,1,1
202300034384,2,4,2023,02:00,3,1,6,33,33232,1,3,2,1,1
202300034385,24,6,2023,23:30,3,1,6,33,33018,1,3,2,1,1
202300034386,1,3,2023,01:00,5,1,3,75,75116,2,4,1,1,1
202300034386,1,3,2023,01:00,5,1,3,75,75116,2,4,1,1,1
202300034387,20,5,2023,05:20,5,1,7,36,36063,2,4,2,1,1
202300034388,23,6,2023,15:00,1,1,3,33,33433,1,3,2,4,1
202300034389,13,4,2023,08:45,1,1,6,63,63009,1,3,2,3,2
202300034390,19,5,2023,11:40,1,1,2,35,35238,2,4,2,1,1
202300034390,19,5,2023,11:40,1,1,2,35,35238,2,4,3,1,1
202300034391,16,5,2023,03:30,3,6,6,34,34108,1,3,2,1,1
202300034392,28,2,2023,08:50,1,1,4,75,75116,2,4,2,1,1
202300034392,28,2,2023,08:50,1,1,4,75,75116,2,4,1,1,1
202300034393,24,6,2023,17:15,1,7,3,22,22364,1,3,2,1,1
202300034393,24,6,2023,17:15,1,7,3,22,22364,1,3,-1,1,1
202300034394,12,4,2023,19:00,2,1,3,63,63154,1,3,2,1,1
202300034394,12,4,2023,19:00,2,1,3,63,63154,1,3,2,1,1
202300034395,1,3,2023,08:50,1,1,6,75,75115,2,4,1,1,1
202300034395,1,3,2023,08:50,1,1,6,75,75115,2,4,1,2,1
202300034396,25,6,2023,16:15,1,1,7,27,27213,2,6,-1,1,9
202300034397,24,6,2023,15:42,1,1,7,60,60581,1,3,3,1,1
202300034398,1,3,2023,20:20,5,1,6,75,75113,2,4,2,1,1
202300034398,1,3,2023,20:20,5,1,6,75,75113,2,4,2,1,1
202300034399,19,5,2023,19:00,1,3,1,34,34172,2,4,1,1,2
202300034399,19,5,2023,19:00,1,3,1,34,34172,2,4,2,1,2
202300034400,12,4,2023,14:00,1,6,3,22,22258,2,3,2,1,1
202300034400,12,4,2023,14:00,1,6,3,22,22258,2,3,2,1,1
202300034401,1,3,2023,16:55,1,1,2,75,75108,2,4,1,1,1
202300034402,12,4,2023,20:20,2,2,7,22,22046,1,4,2,2,2
202300034403,1,3,2023,13:10,1,1,3,93,93073,2,3,2,1,1
202300034403,1,3,2023,13:10,1,1,3,93,93073,2,3,2,1,1
202300034404,10,6,2023,11:30,1,1,5,13,13215,1,1,1,1,1
202300034405,29,3,2023,14:38,1,1,6,29,29023,2,4,2,1,1
202300034406,1,3,2023,14:00,1,1,6,93,93007,2,4,2,1,1
202300034407,1,3,2023,14:45,1,1,2,93,93066,2,4,2,1,1
202300034407,1,3,2023,14:45,1,1,2,93,93066,2,4,2,1,1
202300034408,23,6,2023,10:00,1,1,4,13,13215,2,1,3,1,1
202300034409,13,4,2023,14:35,1,1,2,54,54146,1,3,2,1,1
202300034410,23,6,2023,06:45,1,1,2,13,13212,1,1,1,1,1
202300034411,28,2,2023,23:40,5,1,3,93,93055,2,3,2,1,1
202300034411,28,2,2023,23:40,5,1,3,93,93055,2,3,2,1,1
202300034412,1,3,2023,13:30,1,1,3,93,93051,2,3,2,1,1
202300034413,23,6,2023,07:15,1,1,2,83,83137,1,1,3,1,1
202300034414,1,3,2023,18:30,5,1,3,93,93005,2,3,2,1,1
202300034414,1,3,2023,18:30,5,1,3,93,93005,2,3,2,1,1
202300034415,19,6,2023,20:50,2,1,2,42,42044,1,2,3,2,1
202300034416,1,3,2023,14:55,1,1,3,93,93001,2,4,1,1,1
202300034417,24,6,2023,21:25,1,1,6,33,33550,1,1,3,1,1
202300034418,24,6,2023,22:07,2,1,6,91,91659,1,1,2,1,1
202300034419,1,3,2023,08:54,1,1,3,92,92020,2,3,2,1,1
202300034419,1,3,2023,08:54,1,1,3,92,92020,2,3,2,1,1
202300034420,23,6,2023,21:50,2,1,2,91,91689,1,1,1,2,1
202300034421,1,3,2023,18:45,2,1,3,22,22206,2,3,2,2,1
202300034421,1,3,2023,18:45,2,1,3,22,22206,2,3,2,2,1
202300034422,23,6,2023,19:05,1,1,7,78,78418,1,1,-1,1,1
202300034423,23,2,2023,15:00,1,1,7,51,51085,1,3,2,1,1
202300034424,23,6,2023,15:05,1,1,4,78,78455,1,1,-1,1,1
202300034425,12,2,2023,05:30,5,8,6,54,54138,2,3,2,1,2
202300034426,23,6,2023,20:30,1,1,3,95,95218,1,1,3,1,1
202300034427,1,3,2023,19:55,3,1,6,58,58102,1,3,2,2,1
202300034428,23,6,2023,09:55,1,1,3,93,93066,1,1,3,1,1
202300034429,1,3,2023,10:30,1,1,6,56,56020,1,3,2,2,1
202300034430,24,6,2023,05:30,1,1,2,95,95241,1,2,3,1,1
202300034431,2,3,2023,07:00,2,1,7,24,24550,1,1,3,1,1
202300034432,23,6,2023,13:20,1,1,7,95,95641,1,1,3,1,1
202300034433,2,3,2023,14:50,1,1,7,71,71013,1,3,2,1,1
202300034434,23,6,2023,18:00,1,1,2,77,77055,1,1,3,1,1
202300034435,1,3,2023,09:15,1,1,6,49,49369,2,3,2,1,1
202300034436,23,6,2023,09:05,1,1,2,77,77384,1,1,1,1,1
202300034437,1,3,2023,19:45,5,1,3,41,41151,2,4,1,1,1
202300034437,1,3,2023,19:45,5,1,3,41,41151,2,4,2,1,1
202300034438,23,6,2023,05:10,2,1,2,77,77237,1,1,1,1,1
202300034439,1,3,2023,19:28,3,1,2,44,44056,2,4,2,2,1
202300034440,1,3,2023,12:35,1,1,6,29,29150,1,3,2,1,1
202300034441,23,6,2023,18:05,1,1,6,54,54395,2,4,1,2,1
202300034442,18,6,2023,19:35,1,1,6,87,87085,2,4,1,1,1
202300034443,24,2,2023,12:35,1,7,5,31,31341,1,3,2,1,1
202300034444,23,6,2023,07:44,1,1,6,988,98818,2,4,2,1,1
202300034445,1,3,2023,11:45,1,1,3,58,58095,2,4,2,1,1
202300034446,1,3,2023,16:50,1,1,7,14,14550,1,3,2,1,1
202300034447,23,6,2023,14:10,1,2,7,974,97411,1,3,2,2,2
202300034448,19,1,2023,14:45,1,1,7,83,83010,1,9,2,2,1
202300034449,23,6,2023,10:35,1,1,6,974,97411,2,4,1,1,1
202300034449,23,6,2023,10:35,1,1,6,974,97411,2,4,1,1,1
202300034450,1,3,2023,17:35,1,1,7,60,60264,1,3,2,1,1
202300034451,22,6,2023,19:00,5,1,3,974,97411,2,2,2,1,1
202300034452,27,2,2023,08:15,2,4,1,64,64452,1,3,2,1,5
202300034453,1,3,2023,18:00,1,1,1,36,36130,1,3,2,3,1
202300034454,22,6,2023,07:15,1,1,1,974,97411,1,3,-1,2,1
202300034454,22,6,2023,07:15,1,1,1,974,97411,1,3,2,2,1
202300034455,6,9,2023,09:45,1,1,6,75,75109,2,4,1,2,1
202300034455,6,9,2023,09:45,1,1,6,75,75109,2,4,2,2,1
202300034456,23,6,2023,16:10,1,1,3,973,97302,2,3,2,1,1
202300034456,23,6,2023,16:10,1,1,3,973,97302,2,3,2,1,1
202300034457,6,9,2023,08:05,1,1,3,75,75108,2,4,2,1,1
202300034457,6,9,2023,08:05,1,1,3,75,75108,2,4,-1,1,1