id_accident,jour,mois,annee,heure_minute,luminosite,meteo,type_collision,departement,commune,agglomeration,categorie_route,regime_circulation,profil_route,etat_surface
202300034458,23,6,2023,20:20,1,1,6,38,38053,2,3,2,1,1
202300034458,23,6,2023,20:20,1,1,6,38,38053,2,3,2,1,1
202300034459,5,9,2023,14:30,1,1,4,75,75104,2,4,-1,1,1
202300034459,5,9,2023,14:30,1,1,4,75,75104,2,4,2,1,1
202300034460,23,6,2023,23:10,5,1,3,69,69382,2,4,2,1,1
202300034460,23,6,2023,23:10,5,1,3,69,69382,2,4,1,1,1
202300034461,6,9,2023,19:04,1,7,3,94,94044,2,3,2,1,1
202300034462,23,6,2023,19:07,1,1,-1,2B,2B033,2,4,-1,1,1
202300034463,5,9,2023,14:50,1,1,6,94,94058,2,3,1,1,1
202300034464,24,6,2023,00:25,5,1,6,2A,2A004,2,4,2,3,1
202300034465,13,12,2023,21:10,5,2,3,62,62160,2,3,2,1,2
202300034465,13,12,2023,21:10,5,2,3,62,62160,2,3,2,1,2
202300034466,6,9,2023,19:20,1,1,2,94,94003,2,3,2,1,1
202300034467,6,9,2023,10:50,1,1,6,94,94003,2,3,1,1,1
202300034468,13,12,2023,11:30,1,2,3,59,59599,2,4,3,1,2
202300034468,13,12,2023,11:30,1,2,3,59,59599,2,4,2,1,2
202300034469,13,12,2023,15:00,1,3,6,59,59299,1,4,1,1,4
202300034470,6,9,2023,18:40,1,1,6,94,94038,2,3,2,2,1
202300034471,17,6,2023,14:05,1,1,1,91,91552,2,4,2,2,1
202300034472,6,9,2023,16:25,1,1,3,94,94017,2,3,3,1,1
202300034472,6,9,2023,16:25,1,1,3,94,94017,2,3,3,1,1
202300034473,13,12,2023,11:30,1,3,1,59,59350,2,4,1,1,2
202300034473,13,12,2023,11:30,1,3,1,59,59350,2,4,2,1,2
202300034474,17,6,2023,02:24,3,1,2,87,87085,1,1,1,1,1
202300034475,6,9,2023,15:10,1,1,6,94,94056,2,3,-1,1,1
202300034476,13,12,2023,09:45,1,1,6,54,54528,2,3,2,1,2
202300034476,13,12,2023,09:45,1,1,6,54,54528,2,3,2,1,1
202300034477,22,6,2023,01:15,3,2,2,87,87085,1,1,3,1,2
202300034478,13,12,2023,08:15,2,8,6,53,53130,2,4,-1,2,2
202300034479,6,9,2023,08:45,1,1,3,94,94075,2,3,2,1,1
202300034480,16,6,2023,16:42,1,1,6,87,87075,2,4,2,2,1
202300034481,13,12,2023,16:40,5,2,6,51,51454,2,4,2,2,2
202300034482,16,6,2023,16:29,1,1,3,87,87085,1,2,2,1,1
202300034483,6,9,2023,17:20,1,1,3,93,93059,2,3,3,1,1
202300034484,11,12,2023,18:45,5,1,6,49,49099,2,5,2,1,2
202300034485,23,6,2023,20:25,1,1,3,83,83137,2,4,1,1,1
202300034485,23,6,2023,20:25,1,1,3,83,83137,2,4,1,1,1
202300034486,7,12,2023,17:25,2,2,6,49,49099,2,3,3,2,2
202300034486,7,12,2023,17:25,2,2,6,49,49099,2,3,3,1,2
202300034487,6,9,2023,18:01,1,1,2,93,93066,2,3,3,1,1
202300034488,23,6,2023,16:00,1,1,6,78,78650,2,3,-1,1,1
202300034489,4,9,2023,09:10,1,1,6,93,93066,2,3,3,1,1
202300034490,13,12,2023,10:40,1,2,6,47,47201,1,6,-1,1,2
202300034491,22,6,2023,15:45,1,1,6,78,78238,2,3,2,1,1
202300034491,22,6,2023,15:45,1,1,6,78,78238,2,3,2,1,1
202300034492,6,9,2023,15:00,1,1,6,93,93064,2,4,1,1,1
202300034493,13,12,2023,08:10,2,1,6,44,44109,2,4,2,1,2
202300034493,13,12,2023,08:10,2,1,6,44,44109,2,4,2,1,2
202300034494,23,6,2023,22:55,3,1,5,76,76005,1,7,2,1,1
202300034495,6,9,2023,18:40,1,1,3,93,93014,2,4,3,1,1
202300034495,6,9,2023,18:40,1,1,3,93,93014,2,4,2,1,1
202300034496,9,12,2023,05:40,5,2,6,42,42218,2,4,2,2,2
202300034497,23,6,2023,11:45,1,1,6,76,76540,2,4,2,1,1
202300034498,11,11,2023,16:50,1,1,3,42,42218,2,4,4,1,1
202300034498,11,11,2023,16:50,1,1,3,42,42218,2,4,2,1,1
202300034499,5,9,2023,17:30,1,1,2,93,93010,2,3,3,1,1
202300034500,21,6,2023,21:15,1,1,3,76,76351,2,4,3,1,1
202300034500,21,6,2023,21:15,1,1,3,76,76351,2,4,2,1,1
202300034501,22,6,2023,05:40,2,1,7,76,76351,2,4,1,1,1
202300034502,13,12,2023,12:00,1,1,2,37,37122,2,7,2,1,2
202300034503,23,6,2023,08:30,1,1,3,74,74118,2,3,2,2,1
202300034504,6,9,2023,06:25,5,1,4,92,92073,1,3,-1,1,1
202300034505,13,12,2023,08:10,1,1,4,37,37261,2,4,2,2,2
202300034506,23,6,2023,21:10,1,1,6,72,72181,2,6,-1,1,1
202300034507,22,6,2023,07:27,1,3,6,72,72181,1,3,-1,1,2
202300034508,13,12,2023,07:35,2,8,6,35,35238,2,4,2,2,2
202300034508,13,12,2023,07:35,2,8,6,35,35238,2,4,1,1,2
202300034509,6,9,2023,08:55,1,1,5,92,92051,2,3,2,1,1
202300034510,23,6,2023,15:55,1,1,6,71,71059,1,4,2,1,1
202300034511,3,9,2023,19:40,1,1,3,92,92050,2,3,2,1,1
202300034512,13,12,2023,07:15,3,1,2,34,34172,1,3,1,1,2
202300034513,23,6,2023,16:35,1,1,3,69,69256,2,4,1,1,1
202300034513,23,6,2023,16:35,1,1,3,69,69256,2,4,2,1,1
202300034514,5,9,2023,16:15,1,1,1,92,92035,2,3,3,1,1
202300034515,13,12,2023,19:00,3,3,2,33,33529,2,2,2,1,2
202300034516,23,6,2023,08:00,1,1,3,69,69275,2,7,2,1,1
202300034517,6,9,2023,09:30,1,1,3,92,92019,2,3,2,1,1
202300034518,13,12,2023,16:15,1,2,4,28,28134,1,2,3,1,2
202300034519,6,9,2023,13:22,1,1,7,92,92012,2,4,2,1,1
202300034520,12,12,2023,20:20,5,2,6,19,19031,2,3,2,1,2
202300034520,12,12,2023,20:20,5,2,6,19,19031,2,3,2,1,2
202300034521,23,6,2023,17:15,1,1,2,69,69259,2,4,2,2,1
202300034522,5,9,2023,20:40,1,1,3,92,92004,2,3,-1,1,1
202300034523,13,12,2023,14:40,1,1,1,13,13208,2,4,2,1,1
202300034524,6,9,2023,18:40,1,1,3,54,54563,1,3,2,2,1
202300034524,6,9,2023,18:40,1,1,3,54,54563,1,3,2,2,1
202300034525,13,12,2023,12:05,1,1,1,13,13001,2,4,2,2,2
202300034526,4,9,2023,07:40,2,1,3,51,51352,1,3,2,1,1
202300034527,30,11,2023,13:35,1,1,6,11,11262,2,4,2,1,1
202300034527,30,11,2023,13:35,1,1,6,11,11262,2,4,2,1,1
202300034528,7,9,2023,15:25,1,7,3,01,01092,1,3,2,1,1
202300034528,7,9,2023,15:25,1,7,3,01,01092,1,3,2,1,1
202300034529,12,12,2023,09:45,1,2,7,10,10333,2,3,2,1,2
202300034530,6,9,2023,11:45,1,1,3,973,97353,2,4,2,1,1
202300034531,13,12,2023,14:00,1,2,7,09,09130,1,3,2,2,2
202300034532,7,9,2023,11:10,1,1,1,05,05161,1,3,2,2,1
202300034533,13,12,2023,08:25,1,1,3,06,06029,2,4,2,2,1
202300034533,13,12,2023,08:25,1,1,3,06,06029,2,4,2,2,1
202300034534,6,9,2023,16:22,1,1,3,974,97401,2,3,2,2,1
202300034534,6,9,2023,16:22,1,1,3,974,97401,2,3,2,1,1
202300034535,13,12,2023,07:25,5,1,5,75,75119,2,4,1,1,1
202300034536,7,9,2023,09:20,1,7,6,62,62038,2,4,2,3,1
202300034537,12,12,2023,19:00,5,1,6,75,75112,2,4,2,1,2
202300034537,12,12,2023,19:00,5,1,6,75,75112,2,4,1,1,2
202300034538,7,9,2023,10:50,1,1,1,54,54236,1,3,2,2,1
202300034539,12,12,2023,14:00,1,2,2,75,75118,2,4,3,1,2
202300034540,6,9,2023,16:56,1,1,2,76,76648,1,1,3,1,1
202300034541,12,12,2023,08:30,1,8,3,75,75113,2,4,2,2,2
202300034542,13,12,2023,12:25,1,1,6,75,75120,2,4,2,1,1
202300034543,6,9,2023,21:00,3,1,2,14,14760,1,1,3,2,1
202300034544,13,12,2023,18:45,1,1,6,75,75119,2,4,1,1,1
202300034544,13,12,2023,18:45,1,1,6,75,75119,2,4,1,1,1
202300034545,7,9,2023,06:20,3,5,6,62,62289,1,3,2,1,1
202300034546,13,12,2023,14:30,1,8,3,75,75118,2,4,1,1,2
202300034546,13,12,2023,14:30,1,8,3,75,75118,2,4,1,1,2
202300034547,13,12,2023,12:35,1,8,3,75,75118,2,4,2,2,2
202300034547,13,12,2023,12:35,1,8,3,75,75118,2,4,1,1,2
202300034548,7,9,2023,13:58,1,1,6,2B,2B250,1,3,2,2,1
202300034549,13,12,2023,11:05,1,1,6,75,75117,2,4,1,1,1
202300034549,13,12,2023,11:05,1,1,6,75,75117,2,4,1,1,1
202300034550,6,9,2023,20:14,2,1,1,32,32194,1,3,2,2,1
202300034551,13,12,2023,09:40,1,1,2,75,75117,2,4,1,1,1
202300034552,5,9,2023,22:45,5,1,1,71,71014,2,4,2,1,1
202300034553,12,12,2023,16:45,5,2,3,75,75114,2,4,4,1,2
202300034553,12,12,2023,16:45,5,2,3,75,75114,2,4,1,1,2
202300034554,7,9,2023,17:55,1,1,1,71,71146,1,4,2,2,1
202300034555,13,12,2023,19:40,5,2,1,75,75111,2,4,2,1,2
202300034555,13,12,2023,19:40,5,2,1,75,75111,2,4,2,1,2
202300034556,3,9,2023,17:15,1,1,5,63,63236,1,3,2,2,1
202300034557,13,12,2023,13:40,1,2,6,75,75111,2,4,1,1,2
202300034558,7,9,2023,15:30,1,1,3,63,63297,1,3,2,1,1
202300034559,13,12,2023,10:35,1,1,3,75,75111,2,4,1,3,1
202300034559,13,12,2023,10:35,1,1,3,75,75111,2,4,1,1,1
202300034560,7,9,2023,16:20,1,1,3,55,55568,1,3,2,1,1
202300034561,13,12,2023,00:00,5,1,7,75,75107,2,4,2,1,2
202300034561,13,12,2023,00:00,5,1,7,75,75107,2,4,-1,1,2
202300034562,13,12,2023,07:20,5,2,6,94,94074,2,2,3,1,2
202300034563,6,9,2023,15:45,1,1,1,12,12088,1,3,2,2,9
202300034564,12,12,2023,14:05,1,3,6,94,94042,2,3,2,1,2
202300034564,12,12,2023,14:05,1,3,6,94,94042,2,3,1,1,2
202300034565,6,9,2023,05:30,3,1,7,68,68096,1,3,2,1,9
202300034566,13,12,2023,09:45,1,2,3,94,94043,2,3,-1,1,2
202300034566,13,12,2023,09:45,1,2,3,94,94043,2,3,-1,1,2
202300034567,7,9,2023,08:20,2,1,3,35,35188,2,4,2,2,1
202300034568,7,9,2023,02:00,3,1,7,03,03107,1,3,2,2,1
202300034569,12,12,2023,18:38,5,1,2,94,94074,2,4,1,1,1
202300034570,12,12,2023,08:00,1,1,6,94,94016,2,3,-1,1,1
202300034571,7,9,2023,11:54,1,1,1,15,15083,1,4,2,2,1
202300034572,2,9,2023,15:00,1,1,6,01,01272,1,4,2,1,1
202300034573,13,12,2023,10:14,1,1,3,94,94077,2,4,-1,1,1
202300034573,13,12,2023,10:14,1,1,3,94,94077,2,4,2,2,1
202300034574,6,9,2023,19:15,1,7,1,70,70282,2,4,2,2,1
202300034574,6,9,2023,19:15,1,7,1,70,70282,2,4,2,2,1
202300034575,11,12,2023,09:15,1,1,6,93,93070,2,4,2,1,1
202300034575,11,12,2023,09:15,1,1,6,93,93070,2,4,1,1,1
202300034576,6,9,2023,14:15,1,1,7,70,70441,1,3,2,1,1
202300034576,6,9,2023,14:15,1,1,7,70,70441,1,3,2,1,1
202300034577,21,10,2023,19:30,5,2,3,92,92078,2,4,3,1,2
202300034578,7,9,2023,12:30,1,1,6,66,66001,1,3,2,2,1
202300034579,13,12,2023,19:15,5,1,3,92,92012,2,3,3,1,2
202300034580,7,9,2023,11:45,1,7,1,14,14735,1,3,2,1,1
202300034580,7,9,2023,11:45,1,7,1,14,14735,1,3,2,1,1
202300034581,7,9,2023,15:40,1,7,3,14,14367,1,3,2,1,1
202300034582,13,12,2023,10:20,1,1,3,92,92009,2,3,2,1,1
202300034583,7,9,2023,04:00,3,1,7,18,18001,1,3,2,2,1
202300034584,13,12,2023,18:50,5,2,6,92,92002,2,3,1,1,2
202300034585,7,9,2023,07:30,1,1,3,24,24520,2,4,2,1,1
202300034585,7,9,2023,07:30,1,1,3,24,24520,2,4,2,2,1
202300034586,13,12,2023,23:30,3,2,6,33,33138,1,3,2,1,2
202300034587,7,9,2023,09:50,1,1,7,48,48061,1,2,2,1,1
202300034588,5,9,2023,15:45,1,1,3,973,97307,1,2,2,1,1
202300034589,14,12,2023,12:00,1,1,1,972,97229,2,4,-1,-1,-1
202300034589,14,12,2023,12:00,1,1,1,972,97229,2,4,2,2,1
202300034590,7,9,2023,10:25,1,1,6,01,01063,1,1,3,1,1
202300034591,6,9,2023,19:25,1,1,7,72,72241,1,1,-1,1,1
202300034592,14,12,2023,07:10,3,1,2,63,63240,1,3,2,2,2
202300034593,6,9,2023,02:15,3,1,6,21,21295,1,1,3,1,1
202300034594,12,12,2023,06:45,1,1,3,974,97414,2,2,-1,1,1
202300034595,13,12,2023,23:30,3,2,1,59,59653,1,2,3,1,2
202300034596,6,9,2023,21:44,3,1,4,28,28392,1,1,4,1,1
202300034597,6,9,2023,11:13,1,1,3,28,28121,1,1,3,1,1
202300034598,13,12,2023,12:00,1,8,6,56,56231,1,2,3,1,2
202300034599,6,9,2023,09:50,1,3,6,987,98753,1,2,2,1,2
202300034600,3,9,2023,20:30,3,1,6,986,98613,2,2,2,1,1
202300034601,31,8,2023,16:30,1,8,6,986,98613,1,2,2,1,2
202300034602,13,12,2023,18:15,3,8,7,67,67508,1,3,2,1,2
202300034603,6,9,2023,07:48,1,7,2,77,77455,1,3,2,1,1
202300034604,7,9,2023,18:45,1,1,7,95,95059,1,3,2,1,1
202300034605,14,12,2023,09:20,1,1,6,76,76547,1,3,2,1,1
202300034606,7,9,2023,04:10,3,1,6,91,91600,1,3,3,1,1
202300034607,13,12,2023,19:50,5,1,6,2B,2B096,2,4,1,3,1
202300034608,5,9,2023,17:20,1,7,3,78,78310,2,4,2,2,1
202300034609,6,9,2023,15:30,1,1,7,2B,2B190,1,3,2,2,1
202300034610,14,12,2023,12:25,1,1,1,80,80330,1,3,3,1,1
202300034611,7,9,2023,12:10,1,1,2,2A,2A041,2,3,-1,1,1
202300034612,6,9,2023,16:35,1,1,6,34,34052,1,3,2,1,1
202300034613,7,9,2023,08:15,1,1,6,83,83115,2,3,2,1,1
202300034614,13,12,2023,11:15,1,2,6,61,61230,2,3,1,1,2
202300034615,7,9,2023,19:00,1,1,5,06,06078,1,3,2,1,1
202300034616,7,9,2023,09:00,2,7,6,13,13081,2,3,2,1,1
202300034617,13,12,2023,15:02,1,1,3,46,46240,1,3,2,1,2
202300034618,14,12,2023,07:15,5,2,3,29,29061,2,4,2,1,2
202300034619,6,9,2023,23:00,3,1,1,57,57254,1,3,3,1,1
202300034620,1,12,2023,07:00,3,2,3,13,13036,1,3,2,1,2
202300034620,1,12,2023,07:00,3,2,3,13,13036,1,3,2,1,2
202300034621,6,9,2023,13:38,1,1,3,63,63150,1,3,2,1,1
202300034621,6,9,2023,13:38,1,1,3,63,63150,1,3,2,1,1
202300034622,13,12,2023,18:40,5,2,6,02,02608,2,3,2,1,2
202300034623,7,9,2023,08:45,1,1,3,42,42204,2,3,2,1,1
202300034624,5,9,2023,09:30,1,1,1,38,38158,2,4,3,1,1
202300034625,13,12,2023,17:30,3,2,1,01,01056,1,3,2,2,2
202300034626,6,9,2023,14:45,1,1,6,17,17283,2,4,1,1,1
202300034627,1,9,2023,18:30,1,1,6,33,33080,1,3,2,1,1
202300034628,29,8,2023,12:19,1,1,1,33,33422,1,3,2,1,1
202300034629,9,12,2023,22:30,3,3,2,01,01283,1,3,2,1,2
202300034630,7,9,2023,08:30,1,7,6,50,50492,1,3,2,1,1
202300034631,14,12,2023,17:30,3,2,6,50,50074,1,4,2,2,2
202300034632,5,9,2023,17:56,1,1,5,22,22223,1,3,2,1,1
202300034633,7,9,2023,08:35,1,1,2,22,22136,2,4,2,1,1
202300034634,6,9,2023,17:20,1,1,6,59,59249,1,3,2,2,1
202300034635,14,12,2023,10:30,1,1,3,45,45167,1,3,2,1,1
202300034635,14,12,2023,10:30,1,1,3,45,45167,1,3,2,1,1
202300034636,14,12,2023,09:30,1,2,6,07,07317,1,3,2,2,2
202300034637,29,6,2023,13:50,1,1,3,13,13212,1,1,1,1,1
202300034638,6,9,2023,07:10,1,1,3,83,83137,1,1,3,1,2
202300034639,14,12,2023,12:55,1,1,3,07,07238,1,3,2,1,1
202300034639,14,12,2023,12:55,1,1,3,07,07238,1,3,2,1,1
202300034640,5,9,2023,07:55,1,1,3,83,83137,1,1,3,1,1
202300034641,5,9,2023,08:50,1,1,2,59,59359,1,1,-1,1,1
202300034642,14,12,2023,07:55,2,1,5,85,85234,1,3,2,1,1
202300034643,29,8,2023,09:15,1,1,2,59,59328,1,7,1,1,1
202300034644,12,12,2023,17:40,5,2,6,27,27102,2,3,2,1,2
202300034645,10,8,2023,11:55,1,1,2,59,59202,1,1,-1,1,1
202300034646,6,9,2023,18:35,1,1,3,91,91174,1,2,1,1,1
202300034647,6,9,2023,16:45,1,1,3,91,91553,1,2,1,1,1
202300034648,13,12,2023,22:35,4,3,3,987,98729,1,2,2,4,2
202300034648,13,12,2023,22:35,4,3,3,987,98729,1,2,-1,2,2
202300034649,6,9,2023,15:50,1,1,2,92,92019,1,2,1,1,1
202300034650,5,9,2023,23:40,3,1,7,91,91692,1,2,1,1,1
202300034651,13,12,2023,04:45,5,1,6,974,97415,2,2,1,1,1
202300034652,5,9,2023,08:40,1,1,3,92,92047,1,1,3,1,1
202300034653,11,12,2023,01:20,3,1,1,974,97415,1,2,2,1,1
202300034654,5,9,2023,06:50,2,1,4,92,92064,1,1,-1,1,1
202300034655,13,12,2023,03:00,5,1,7,973,97308,2,4,2,1,1
202300034656,6,9,2023,06:15,2,1,2,95,95018,1,1,3,1,1
202300034657,13,12,2023,21:24,5,1,3,95,95370,2,3,2,1,2
202300034658,5,9,2023,08:20,1,1,3,93,93005,1,1,3,1,1
202300034659,5,9,2023,08:05,1,1,3,93,93027,1,1,3,1,1
202300034660,14,12,2023,18:17,3,1,1,30,30258,1,3,2,1,1
202300034661,4,9,2023,19:50,1,7,2,54,54257,2,4,2,1,1
202300034662,8,12,2023,17:39,5,1,1,34,34057,2,4,2,1,1
202300034663,9,3,2023,09:15,1,1,2,19,19272,2,4,2,1,1
202300034664,18,6,2023,21:10,2,2,2,93,93005,2,3,1,1,2
202300034664,18,6,2023,21:10,2,2,2,93,93005,2,3,2,1,2
202300034665,13,12,2023,12:45,1,1,6,83,83119,2,3,1,1,1
202300034666,10,6,2023,19:55,1,1,5,93,93005,2,3,1,1,1
202300034666,10,6,2023,19:55,1,1,5,93,93005,2,3,2,1,1
202300034667,2,4,2023,16:35,1,3,6,32,32285,1,3,2,1,2
202300034668,14,12,2023,16:00,1,1,3,06,06078,1,3,2,1,1
202300034669,28,4,2023,15:30,1,1,6,32,32258,1,3,2,2,1
202300034670,5,9,2023,16:25,1,1,6,988,98818,2,4,1,1,1
202300034670,5,9,2023,16:25,1,1,6,988,98818,2,4,2,1,1
202300034671,14,12,2023,16:30,1,1,1,06,06157,1,4,2,1,1
202300034672,5,9,2023,07:10,1,7,1,974,97416,2,2,2,1,1
202300034672,5,9,2023,07:10,1,7,1,974,97416,2,2,1,1,1
202300034673,5,9,2023,20:30,5,1,3,973,97302,1,2,3,1,1
202300034674,14,12,2023,15:30,1,7,6,52,52102,2,3,2,2,2
202300034675,5,9,2023,17:05,1,1,3,973,97302,2,4,1,1,1
202300034675,5,9,2023,17:05,1,1,3,973,97302,2,4,2,1,1
202300034676,5,9,2023,22:20,5,1,3,69,69383,2,4,1,1,1
202300034676,5,9,2023,22:20,5,1,3,69,69383,2,4,1,1,1
202300034677,24,11,2023,10:50,1,1,6,69,69094,2,3,2,1,1
202300034678,5,9,2023,18:20,1,1,3,69,69383,2,4,1,1,1
202300034678,5,9,2023,18:20,1,1,3,69,69383,2,4,1,1,1
202300034679,4,9,2023,12:05,1,1,7,972,97213,1,3,2,2,1
202300034680,5,9,2023,13:40,1,1,7,972,97209,1,2,2,2,1
202300034681,5,9,2023,15:30,1,1,2,69,69081,1,7,1,1,1
202300034682,13,12,2023,19:15,5,1,3,17,17185,2,3,3,1,1
202300034683,4,9,2023,16:35,1,1,6,69,69034,2,4,1,1,1
202300034683,4,9,2023,16:35,1,1,6,69,69034,2,4,2,1,1
202300034684,14,12,2023,03:20,3,1,6,16,16146,1,3,2,2,2
202300034685,6,9,2023,01:20,5,1,6,2A,2A004,2,2,1,1,1
202300034686,14,12,2023,18:07,5,1,3,60,60612,2,3,2,1,1
202300034686,14,12,2023,18:07,5,1,3,60,60612,2,3,2,1,1
202300034687,5,9,2023,08:00,1,1,3,95,95280,2,4,1,1,1
202300034687,5,9,2023,08:00,1,1,3,95,95280,2,4,2,1,1
202300034688,13,12,2023,08:20,3,2,1,60,60360,1,3,2,1,2
202300034689,12,12,2023,08:55,1,8,7,83,83144,1,1,1,2,1
202300034690,5,9,2023,19:00,1,1,3,91,91377,2,4,2,1,1
202300034691,5,9,2023,08:30,1,1,6,91,91161,2,4,2,1,1
202300034692,12,12,2023,19:45,3,2,6,54,54265,1,1,3,2,2
202300034693,4,9,2023,17:35,1,7,6,88,88383,2,4,2,1,1
202300034694,12,12,2023,13:32,1,2,6,33,33063,1,1,1,1,2
202300034695,4,9,2023,12:00,1,1,1,85,85194,2,4,2,1,1
202300034695,4,9,2023,12:00,1,1,1,85,85194,2,4,2,2,1
202300034696,5,9,2023,20:45,5,1,6,77,77409,2,3,2,2,1
202300034697,5,9,2023,19:10,1,1,6,77,77251,2,4,-1,1,1
202300034698,13,12,2023,19:05,3,2,2,91,91363,1,2,1,1,2
202300034699,5,9,2023,17:10,1,1,1,77,77407,2,4,2,1,1
202300034699,5,9,2023,17:10,1,1,1,77,77407,2,4,2,1,1
202300034700,5,9,2023,15:10,1,1,3,77,77284,2,4,2,1,1
202300034701,13,12,2023,18:30,3,2,4,91,91521,1,1,1,1,2
202300034702,5,9,2023,09:00,1,1,7,77,77199,1,3,2,1,1
202300034703,13,12,2023,09:55,1,8,6,92,92012,1,1,1,1,2
202300034704,5,9,2023,11:56,1,1,1,77,77438,2,3,2,1,1
202300034704,5,9,2023,11:56,1,1,1,77,77438,2,3,2,1,1
202300034705,5,9,2023,15:20,1,1,2,77,77186,1,3,2,2,1
202300034706,12,12,2023,11:00,1,1,4,92,92064,1,1,1,1,1
202300034707,6,9,2023,02:00,4,1,3,76,76540,2,4,1,1,1
202300034707,6,9,2023,02:00,4,1,3,76,76540,2,4,1,2,1
202300034708,13,12,2023,03:20,3,8,6,93,93006,1,1,1,1,2
202300034709,13,12,2023,18:45,5,2,6,77,77258,1,1,-1,1,2
202300034710,5,9,2023,08:40,1,1,4,76,76728,1,1,1,1,1
202300034711,4,9,2023,16:39,1,1,3,76,76351,2,4,2,1,1
202300034711,4,9,2023,16:39,1,1,3,76,76351,2,4,2,1,1
202300034712,5,9,2023,12:30,1,1,3,74,74012,2,4,2,1,1
202300034712,5,9,2023,12:30,1,1,3,74,74012,2,4,2,1,1
202300034713,31,8,2023,11:40,1,1,6,73,73008,2,4,1,1,1
202300034714,1,9,2023,17:50,1,1,2,39,39285,1,1,3,1,1
202300034715,14,10,2023,19:45,3,1,6,14,14207,2,3,2,1,1
202300034716,26,8,2023,09:25,1,1,6,73,73008,2,4,2,2,1
202300034716,26,8,2023,09:25,1,1,6,73,73008,2,4,2,1,1
202300034717,4,9,2023,11:00,1,1,3,72,72181,2,4,2,1,1
202300034718,11,10,2023,07:50,1,1,3,84,84007,2,4,2,1,1
202300034719,3,9,2023,18:35,1,1,3,67,67447,2,4,2,1,1
202300034719,3,9,2023,18:35,1,1,3,67,67447,2,4,2,1,1
202300034720,10,10,2023,14:24,1,1,3,84,84007,2,4,2,1,1
202300034721,4,9,2023,11:38,1,1,6,66,66136,2,4,2,1,1
202300034722,3,9,2023,13:10,1,1,2,66,66136,2,4,2,1,1
202300034723,8,10,2023,02:52,5,1,2,84,84007,2,4,3,1,1
202300034723,8,10,2023,02:52,5,1,2,84,84007,2,4,3,1,1
202300034724,2,9,2023,18:22,1,1,3,66,66136,2,4,1,1,1
202300034724,2,9,2023,18:22,1,1,3,66,66136,2,4,3,1,1
202300034725,5,9,2023,20:25,1,1,3,64,64249,2,4,2,2,1
202300034726,5,9,2023,16:40,1,1,3,64,64122,1,4,2,1,1
202300034726,5,9,2023,16:40,1,1,3,64,64122,1,4,2,1,1
202300034727,5,9,2023,10:20,1,1,3,64,64125,2,3,2,2,1
202300034727,5,9,2023,10:20,1,1,3,64,64125,2,3,2,3,1
202300034728,5,9,2023,10:10,1,1,2,64,64102,2,4,2,1,1
202300034729,4,9,2023,15:20,1,1,2,64,64024,2,4,1,1,1
202300034730,10,10,2023,08:40,1,7,3,71,71153,2,4,1,1,1
202300034730,10,10,2023,08:40,1,7,3,71,71153,2,4,2,1,1
202300034731,5,9,2023,15:46,1,1,6,63,63113,2,4,2,1,1
202300034732,11,10,2023,10:40,1,1,6,41,41018,1,4,2,1,1
202300034733,4,9,2023,16:35,1,1,2,62,62033,2,3,2,1,1
202300034734,4,9,2023,15:05,1,1,6,62,62498,2,4,2,1,1
202300034734,4,9,2023,15:05,1,1,6,62,62498,2,4,2,1,1
202300034735,5,9,2023,15:30,1,1,3,62,62041,2,4,2,1,1
202300034736,10,10,2023,17:10,1,1,3,35,35051,2,4,2,1,1
202300034736,10,10,2023,17:10,1,1,3,35,35051,2,4,2,1,1
202300034737,5,9,2023,12:36,1,1,4,60,60057,2,4,2,1,1
202300034738,11,10,2023,09:15,1,1,6,25,25462,2,2,1,1,1
202300034738,11,10,2023,09:15,1,1,6,25,25462,2,2,2,1,1
202300034739,5,9,2023,14:45,1,7,3,59,59346,2,7,-1,1,1
202300034740,11,10,2023,14:45,1,1,6,25,25388,2,4,1,1,1
202300034741,4,9,2023,09:50,1,1,7,57,57591,1,3,2,1,1
202300034742,5,9,2023,02:30,3,1,6,56,56121,2,4,2,1,1
202300034743,1,8,2023,14:15,1,1,3,71,71263,1,3,2,2,1
202300034743,1,8,2023,14:15,1,1,3,71,71263,1,3,-1,1,1
202300034744,5,9,2023,18:15,1,1,6,54,54273,2,4,2,1,1
202300034745,19,8,2023,13:15,1,1,1,06,06105,1,3,2,2,1
202300034746,3,9,2023,20:09,1,1,1,52,52121,1,3,2,1,1
202300034747,12,12,2023,12:20,1,1,6,976,97611,2,4,2,1,1
202300034748,4,9,2023,21:05,5,1,3,51,51454,2,4,2,1,1
202300034748,4,9,2023,21:05,5,1,3,51,51454,2,4,1,2,1
202300034748,4,9,2023,21:05,5,1,3,51,51454,2,4,2,2,1
202300034748,4,9,2023,21:05,5,1,3,51,51454,2,4,2,1,1
202300034749,4,9,2023,19:15,1,1,6,51,51454,2,4,2,1,1
202300034750,12,12,2023,07:15,1,1,4,974,97416,1,2,1,1,1
202300034751,4,9,2023,20:50,2,1,6,49,49099,1,3,2,1,1
202300034752,4,9,2023,16:08,1,7,6,49,49007,2,4,2,1,1
202300034753,11,12,2023,15:35,1,1,5,973,97302,2,3,2,1,1
202300034754,10,12,2023,22:30,5,1,7,973,97302,1,2,3,1,1
202300034755,5,9,2023,20:40,2,1,5,47,47001,2,3,2,1,1
202300034755,5,9,2023,20:40,2,1,5,47,47001,2,3,2,1,1