id_accident,jour,mois,annee,heure_minute,luminosite,meteo,type_collision,departement,commune,agglomeration,categorie_route,regime_circulation,profil_route,etat_surface
202300034756,12,12,2023,22:52,5,1,6,69,69383,2,4,2,2,2
202300034757,5,9,2023,12:05,1,1,3,45,45234,2,4,3,1,1
202300034758,12,12,2023,17:40,5,2,3,972,97209,2,3,2,1,2
202300034759,5,9,2023,12:20,1,1,5,43,43157,2,4,2,2,1
202300034760,12,12,2023,20:00,5,2,3,69,69381,2,4,1,1,2
202300034761,4,9,2023,16:40,1,1,6,43,43041,2,3,2,1,1
202300034762,12,12,2023,11:20,1,2,6,69,69149,2,7,2,2,2
202300034762,12,12,2023,11:20,1,2,6,69,69149,2,7,1,2,2
202300034763,4,9,2023,15:25,1,1,3,38,38185,2,7,2,1,1
202300034764,5,9,2023,08:25,2,1,1,37,37122,2,4,2,1,1
202300034765,9,8,2023,09:42,1,1,2,36,36044,2,4,2,1,1
202300034766,12,12,2023,07:50,2,1,5,69,69034,2,4,2,4,1
202300034767,5,9,2023,20:00,2,1,2,35,35238,2,4,2,1,1
202300034768,5,9,2023,08:20,1,8,6,34,34301,2,4,-1,1,1
202300034769,12,12,2023,08:00,1,1,3,2B,2B120,1,3,2,1,1
202300034769,12,12,2023,08:00,1,1,3,2B,2B120,1,3,2,1,1
202300034770,5,9,2023,19:00,1,1,3,34,34172,2,4,2,1,1
202300034771,5,9,2023,12:40,1,1,1,34,34172,1,3,2,1,1
202300034772,11,12,2023,22:44,5,1,3,95,95088,2,3,3,1,2
202300034773,4,9,2023,09:40,1,1,1,34,34172,2,4,2,1,1
202300034774,7,12,2023,19:20,3,2,6,95,95428,2,3,2,1,2
202300034775,6,9,2023,00:40,4,1,3,33,33039,2,4,2,1,1
202300034775,6,9,2023,00:40,4,1,3,33,33039,2,4,1,1,1
202300034776,5,9,2023,10:40,1,1,3,31,31483,2,3,2,1,1
202300034777,12,12,2023,08:05,1,2,6,91,91161,2,3,2,1,2
202300034778,5,9,2023,16:35,1,1,6,29,29232,2,3,2,1,1
202300034779,12,12,2023,05:00,3,3,7,91,91514,1,3,3,1,2
202300034780,5,9,2023,18:10,1,7,1,27,27681,2,6,-1,1,1
202300034780,5,9,2023,18:10,1,7,1,27,27681,2,6,-1,2,1
202300034781,11,12,2023,16:15,1,1,6,91,91228,2,4,2,2,1
202300034782,5,9,2023,14:35,1,1,7,22,22187,2,2,2,1,1
202300034783,11,12,2023,07:08,3,2,7,87,87085,1,4,2,1,4
202300034784,4,9,2023,08:57,1,1,6,22,22278,2,4,2,1,1
202300034785,11,12,2023,08:15,1,1,6,83,83129,2,4,2,1,1
202300034786,5,9,2023,18:00,1,1,3,17,17415,2,4,2,1,1
202300034786,5,9,2023,18:00,1,1,3,17,17415,2,4,3,1,1
202300034787,12,12,2023,18:00,3,8,3,81,81065,1,3,2,1,1
202300034788,5,9,2023,22:00,5,1,2,13,13215,2,4,2,1,1
202300034789,6,10,2023,21:03,5,1,6,78,78545,2,3,3,2,1
202300034790,5,9,2023,13:10,1,1,3,13,13075,2,4,2,2,1
202300034791,4,9,2023,15:23,1,1,6,10,10387,2,4,-1,1,1
202300034792,4,9,2023,18:40,1,1,6,07,07281,2,4,-1,2,1
202300034793,11,12,2023,17:35,5,1,4,78,78238,1,3,-1,1,2
202300034793,11,12,2023,17:35,5,1,4,78,78238,1,3,2,1,2
202300034794,5,9,2023,16:21,1,1,6,06,06088,2,4,1,1,1
202300034795,5,9,2023,12:20,1,1,1,06,06027,2,7,2,1,1
202300034796,10,10,2023,08:30,1,1,3,77,77316,2,3,2,1,1
202300034796,10,10,2023,08:30,1,1,3,77,77316,2,3,2,1,9
202300034797,3,9,2023,01:38,5,1,1,06,06155,2,3,2,1,1
202300034798,4,9,2023,21:20,4,1,6,04,04112,2,4,1,1,1
202300034799,12,12,2023,14:50,1,3,3,77,77268,2,3,3,1,2
202300034799,12,12,2023,14:50,1,3,3,77,77268,2,3,2,1,2
202300034800,5,9,2023,14:10,1,1,2,02,02408,2,4,2,1,1
202300034801,12,12,2023,14:20,1,1,6,76,76540,2,4,2,1,1
202300034801,12,12,2023,14:20,1,1,6,76,76540,2,4,2,1,1
202300034802,4,9,2023,12:30,1,1,4,75,75112,2,4,1,1,1
202300034803,14,8,2023,08:00,1,1,7,76,76540,2,4,2,1,1
202300034804,5,9,2023,08:15,1,1,6,75,75119,2,4,2,1,1
202300034805,11,12,2023,16:40,2,2,3,72,72181,2,4,2,1,2
202300034806,5,9,2023,17:45,1,1,3,75,75118,2,4,-1,1,1
202300034806,5,9,2023,17:45,1,1,3,75,75118,2,4,-1,1,1
202300034807,5,9,2023,14:20,1,1,6,75,75118,2,4,1,1,1
202300034807,5,9,2023,14:20,1,1,6,75,75118,2,4,1,1,1
202300034808,12,12,2023,17:30,3,3,6,69,69282,2,4,2,1,2
202300034809,5,9,2023,12:00,1,1,6,75,75118,2,4,-1,1,1
202300034809,5,9,2023,12:00,1,1,6,75,75118,2,4,-1,1,1
202300034810,12,12,2023,19:10,5,2,1,69,69264,2,3,2,1,2
202300034811,5,9,2023,09:40,1,1,3,75,75116,2,4,-1,1,1
202300034811,5,9,2023,09:40,1,1,3,75,75116,2,4,-1,1,1
202300034812,11,12,2023,12:40,1,1,1,69,69259,2,4,2,1,1
202300034812,11,12,2023,12:40,1,1,1,69,69259,2,4,2,2,1
202300034813,11,12,2023,11:10,1,2,2,69,69029,2,4,2,1,2
202300034814,12,12,2023,23:53,5,1,6,67,67482,2,4,2,1,2
202300034814,12,12,2023,23:53,5,1,6,67,67482,2,4,1,1,2
202300034815,12,12,2023,20:43,5,2,7,67,67218,2,4,2,1,2
202300034816,12,12,2023,16:45,5,2,6,67,67482,2,4,2,1,2
202300034817,11,12,2023,14:40,1,8,3,67,67482,2,4,2,1,1
202300034817,11,12,2023,14:40,1,8,3,67,67482,2,4,3,1,1
202300034818,12,12,2023,17:35,5,2,3,64,64445,1,4,2,1,2
202300034818,12,12,2023,17:35,5,2,3,64,64445,1,4,2,1,2
202300034819,12,12,2023,10:10,1,1,3,64,64445,2,4,1,1,1
202300034819,12,12,2023,10:10,1,1,3,64,64445,2,4,1,1,1
202300034820,11,10,2023,09:20,1,1,7,64,64024,2,3,2,1,1
202300034821,10,10,2023,20:48,5,1,7,64,64102,2,4,2,1,8
202300034822,10,10,2023,11:00,1,1,7,64,64024,1,5,-1,1,1
202300034823,12,12,2023,16:45,5,2,3,63,63032,2,4,-1,2,2
202300034824,11,12,2023,16:35,1,1,6,62,62765,2,4,2,1,1
202300034825,11,12,2023,15:20,1,1,6,62,62510,2,4,3,1,1
202300034825,11,12,2023,15:20,1,1,6,62,62510,2,4,1,1,1
202300034826,10,12,2023,20:25,3,2,2,62,62573,1,3,2,1,2
202300034827,9,12,2023,04:40,3,8,6,60,60382,2,4,2,1,2
202300034828,12,12,2023,19:25,5,2,7,59,59163,2,4,2,1,2
202300034828,12,12,2023,19:25,5,2,7,59,59163,2,4,2,1,2
202300034829,11,12,2023,13:00,1,1,6,59,59560,2,6,-1,1,1
202300034830,12,12,2023,18:25,5,3,6,59,59183,2,3,3,1,2
202300034831,12,12,2023,08:00,3,2,1,58,58194,2,4,2,1,2
202300034832,12,12,2023,14:05,1,8,3,57,57463,2,4,2,2,2
202300034833,12,12,2023,07:20,5,1,3,54,54395,2,4,2,1,2
202300034834,11,12,2023,10:55,1,1,3,54,54395,2,4,2,1,1
202300034834,11,12,2023,10:55,1,1,3,54,54395,2,4,1,1,1
202300034835,11,12,2023,07:40,2,1,3,51,51454,2,4,2,1,2
202300034835,11,12,2023,07:40,2,1,3,51,51454,2,4,2,1,2
202300034836,12,12,2023,08:20,1,1,1,49,49007,2,4,1,1,2
202300034836,12,12,2023,08:20,1,1,1,49,49007,2,4,2,1,2
202300034836,12,12,2023,08:20,1,1,1,49,49007,2,4,1,1,2
202300034837,11,12,2023,14:30,1,2,3,49,49007,2,4,2,1,2
202300034838,10,10,2023,08:28,1,1,1,47,47001,2,3,2,3,1
202300034839,11,12,2023,07:50,5,8,6,42,42218,2,4,1,1,2
202300034840,12,12,2023,00:05,5,1,6,42,42218,2,4,2,2,2
202300034841,12,12,2023,14:24,1,2,1,41,41018,2,4,2,1,2
202300034842,8,12,2023,17:45,3,2,3,36,36159,1,3,2,1,2
202300034843,12,12,2023,06:45,5,1,1,35,35238,2,4,2,2,2
202300034843,12,12,2023,06:45,5,1,1,35,35238,2,4,2,1,2
202300034844,11,12,2023,22:00,5,2,2,35,35115,2,4,2,2,2
202300034845,12,12,2023,18:00,5,1,3,34,34172,2,4,2,1,1
202300034846,12,12,2023,18:14,5,2,6,33,33318,2,4,2,1,2
202300034847,12,12,2023,08:50,1,2,6,33,33063,2,4,3,1,2
202300034848,11,12,2023,19:01,5,1,3,33,33281,2,4,2,1,2
202300034848,11,12,2023,19:01,5,1,3,33,33281,2,4,2,1,2
202300034849,10,12,2023,15:15,1,2,6,33,33167,2,4,3,2,2
202300034850,2,12,2023,18:57,3,1,5,30,30189,1,3,2,1,1
202300034851,12,12,2023,13:55,1,1,6,30,30007,2,4,2,1,1
202300034852,12,12,2023,08:22,2,2,2,29,29232,2,3,3,3,2
202300034853,11,12,2023,08:50,1,2,4,29,29232,2,2,1,2,2
202300034854,11,12,2023,18:20,3,1,3,27,27554,1,3,2,1,1
202300034854,11,12,2023,18:20,3,1,3,27,27554,1,3,-1,1,1
202300034855,12,12,2023,17:15,5,2,6,25,25462,2,4,2,1,2
202300034856,12,12,2023,08:20,1,2,6,25,25388,2,4,1,1,2
202300034857,12,12,2023,19:45,5,1,3,25,25056,2,4,3,1,2
202300034857,12,12,2023,19:45,5,1,3,25,25056,2,4,2,1,2
202300034858,12,12,2023,17:20,5,1,3,18,18033,1,3,1,1,1
202300034859,12,12,2023,14:50,1,1,3,17,17306,2,4,-1,1,1
202300034859,12,12,2023,14:50,1,1,3,17,17306,2,4,-1,1,1
202300034860,11,12,2023,17:00,3,1,1,13,13209,2,3,-1,2,1
202300034861,7,12,2023,15:34,1,1,1,12,12305,1,3,2,1,1
202300034862,7,10,2023,11:15,1,1,1,34,34300,1,3,2,1,1
202300034863,6,10,2023,18:10,1,1,3,68,68218,2,3,2,1,1
202300034863,6,10,2023,18:10,1,1,3,68,68218,2,3,2,1,1
202300034864,6,10,2023,17:15,1,1,1,44,44212,1,4,2,1,1
202300034865,6,10,2023,20:00,5,1,3,35,35246,2,3,2,1,1
202300034865,6,10,2023,20:00,5,1,3,35,35246,2,3,2,1,1
202300034866,6,10,2023,18:36,1,1,3,29,29174,1,3,2,1,1
202300034866,6,10,2023,18:36,1,1,3,29,29174,1,3,2,2,1
202300034867,7,10,2023,06:55,2,1,5,38,38094,1,3,2,2,1
202300034868,8,10,2023,01:45,5,1,7,38,38439,2,3,2,1,1
202300034869,6,10,2023,19:50,3,1,6,38,38503,1,3,3,1,1
202300034870,7,10,2023,17:44,1,1,1,13,13010,2,3,1,2,1
202300034871,8,10,2023,02:20,3,1,6,02,02687,1,2,3,1,1
202300034872,7,10,2023,12:20,1,1,1,02,02082,1,3,2,1,1
202300034873,7,10,2023,01:45,3,1,6,02,02781,1,3,4,1,1
202300034874,6,10,2023,22:10,5,1,6,26,26148,2,4,2,1,1
202300034875,7,10,2023,16:00,1,1,7,58,58141,1,3,2,1,1
202300034876,7,10,2023,03:15,5,1,6,06,06032,2,7,2,2,1
202300034877,7,10,2023,07:55,2,1,3,14,14747,1,3,2,2,1
202300034877,7,10,2023,07:55,2,1,3,14,14747,1,3,2,1,1
202300034878,6,10,2023,20:53,5,1,3,50,50615,2,3,2,1,1
202300034879,2,10,2023,14:15,1,1,3,83,83013,1,3,2,1,1
202300034879,2,10,2023,14:15,1,1,3,83,83013,1,3,2,1,1
202300034880,6,10,2023,08:05,2,1,1,09,09103,1,3,2,2,1
202300034881,6,10,2023,18:10,1,1,1,09,09324,2,3,2,1,1
202300034882,7,10,2023,17:15,1,1,7,09,09220,1,3,2,1,9
202300034883,7,10,2023,03:20,3,1,6,64,64203,1,3,2,1,1
202300034884,6,10,2023,20:45,3,1,6,73,73109,1,3,2,1,1
202300034885,8,10,2023,04:25,3,1,6,43,43233,1,3,2,1,1
202300034886,7,10,2023,14:10,1,1,6,36,36030,1,3,2,1,1
202300034887,7,10,2023,04:30,3,1,6,07,07291,1,3,2,2,1
202300034888,7,10,2023,09:45,1,1,6,21,21078,1,3,2,1,1
202300034889,7,10,2023,00:32,3,9,6,21,21334,2,3,2,1,1
202300034890,7,10,2023,06:35,2,1,7,21,21527,1,3,2,1,1
202300034891,2,10,2023,17:45,1,1,4,27,27174,1,3,2,1,1
202300034892,6,10,2023,16:45,1,1,3,27,27378,1,3,2,1,1
202300034892,6,10,2023,16:45,1,1,3,27,27378,1,3,2,1,1
202300034893,6,10,2023,16:00,1,1,1,87,87089,1,3,2,3,1
202300034894,6,10,2023,10:10,1,1,7,30,30263,2,3,2,1,1
202300034895,5,10,2023,17:00,1,1,3,973,97309,2,3,2,1,1
202300034895,5,10,2023,17:00,1,1,3,973,97309,2,3,2,1,1
202300034896,7,10,2023,05:30,3,1,1,72,72031,1,1,3,1,1
202300034897,7,10,2023,06:30,3,1,6,11,11262,1,1,3,1,1
202300034898,6,10,2023,17:00,1,1,6,69,69264,1,1,3,1,1
202300034899,6,10,2023,21:00,5,1,3,987,98735,2,2,2,1,1
202300034900,7,10,2023,15:40,1,1,3,973,97304,2,4,2,1,1
202300034901,7,10,2023,11:50,1,1,5,973,97305,1,2,2,1,1
202300034902,6,10,2023,22:40,3,1,1,45,45122,1,3,2,1,1
202300034903,7,10,2023,21:30,3,1,3,77,77211,1,3,2,1,1
202300034903,7,10,2023,21:30,3,1,3,77,77211,1,3,3,1,1
202300034904,7,10,2023,15:50,1,1,3,78,78590,1,3,2,2,1
202300034905,7,10,2023,22:20,3,1,3,2B,2B355,1,2,2,4,1
202300034906,7,10,2023,05:30,3,1,1,2B,2B042,2,4,2,2,1
202300034907,7,10,2023,17:45,1,1,5,30,30010,1,3,2,1,1
202300034908,4,10,2023,16:00,1,1,6,34,34113,2,4,1,1,1
202300034909,7,10,2023,20:05,3,1,1,34,34145,1,3,2,1,1
202300034909,7,10,2023,20:05,3,1,1,34,34145,1,3,2,1,1
202300034910,6,10,2023,16:40,1,1,2,34,34327,1,2,3,1,1
202300034911,7,10,2023,15:10,1,1,1,84,84065,2,4,2,1,1
202300034912,7,10,2023,21:00,3,1,5,83,83101,1,3,2,2,1
202300034913,7,10,2023,07:00,3,1,6,83,83065,1,3,2,1,1
202300034914,7,10,2023,16:10,1,1,5,83,83107,1,3,2,1,1
202300034915,6,10,2023,22:10,3,1,3,06,06057,1,3,2,2,1
202300034916,7,10,2023,07:30,2,1,7,89,89380,1,1,3,1,1
202300034917,7,10,2023,17:10,1,1,3,07,07245,2,3,2,1,1
202300034917,7,10,2023,17:10,1,1,3,07,07245,2,3,2,1,1
202300034918,6,10,2023,13:40,1,1,3,69,69291,1,3,2,2,1
202300034919,7,10,2023,18:15,1,1,3,65,65059,2,3,2,1,1
202300034919,7,10,2023,18:15,1,1,3,65,65059,2,3,2,1,1
202300034920,1,10,2023,10:18,1,7,3,47,47157,2,3,2,1,1
202300034920,1,10,2023,10:18,1,7,3,47,47157,2,3,4,1,1
202300034921,7,10,2023,04:45,4,1,1,22,22081,2,3,2,2,1
202300034922,7,10,2023,18:30,1,1,2,22,22162,2,3,2,2,1
202300034922,7,10,2023,18:30,1,1,2,22,22162,2,3,2,1,1
202300034923,7,10,2023,02:25,5,1,6,60,60612,2,4,2,2,1
202300034924,6,10,2023,23:30,5,1,6,59,59015,2,4,2,1,1
202300034925,6,10,2023,18:23,1,1,2,13,13106,1,1,1,2,1
202300034926,6,10,2023,16:00,1,1,3,83,83062,1,1,1,1,1
202300034927,7,10,2023,16:04,1,1,4,91,91689,1,1,1,1,1
202300034928,7,10,2023,01:20,3,1,3,91,91064,1,2,1,1,1
202300034929,7,10,2023,16:50,1,1,4,92,92036,1,1,1,1,1
202300034930,7,10,2023,10:05,1,1,2,78,78297,1,2,-1,1,1
202300034931,7,10,2023,17:10,1,1,4,93,93027,1,1,3,1,1
202300034932,7,10,2023,12:35,1,1,2,95,95527,1,1,1,2,1
202300034933,6,10,2023,19:40,2,1,4,95,95582,1,1,3,1,1
202300034934,6,10,2023,12:40,1,1,4,93,93005,1,1,-1,1,1
202300034935,6,10,2023,18:35,1,1,2,93,93066,1,1,3,1,1
202300034936,6,10,2023,17:55,1,1,2,93,93078,1,1,3,1,1
202300034937,7,10,2023,19:25,4,1,3,77,77514,1,1,1,1,1
202300034938,6,10,2023,20:10,3,1,4,93,93051,1,1,3,1,1
202300034939,6,10,2023,11:41,1,1,6,988,98818,2,4,3,1,1
202300034940,6,10,2023,10:26,1,1,2,988,98818,1,1,3,1,1
202300034941,3,10,2023,17:28,1,2,7,974,97416,1,3,1,1,2
202300034942,6,10,2023,07:10,1,1,2,974,97416,2,4,2,1,1
202300034943,6,10,2023,18:15,5,1,2,974,97411,2,4,2,1,1
202300034944,6,10,2023,17:35,1,1,6,974,97407,2,4,1,1,1
202300034945,6,10,2023,16:00,1,1,3,973,97302,2,3,2,1,1
202300034945,6,10,2023,16:00,1,1,3,973,97302,2,3,2,1,1
202300034946,6,10,2023,16:30,1,1,3,69,69388,2,4,2,1,1
202300034947,6,10,2023,08:40,1,1,5,69,69388,2,4,1,1,1
202300034947,6,10,2023,08:40,1,1,5,69,69388,2,4,2,1,1
202300034948,6,10,2023,04:36,5,1,7,69,69199,1,7,1,1,1
202300034948,6,10,2023,04:36,5,1,7,69,69199,1,7,2,1,1
202300034949,6,10,2023,10:40,1,1,6,69,69385,2,4,2,1,1
202300034950,6,10,2023,12:00,1,1,3,69,69389,2,4,1,1,1
202300034950,6,10,2023,12:00,1,1,3,69,69389,2,4,2,1,1
202300034951,6,10,2023,00:50,5,1,3,69,69384,2,4,1,1,1
202300034951,6,10,2023,00:50,5,1,3,69,69384,2,4,1,1,1
202300034952,6,10,2023,16:10,1,1,3,95,95197,2,3,4,1,1
202300034952,6,10,2023,16:10,1,1,3,95,95197,2,3,-1,1,1
202300034953,6,10,2023,12:00,1,1,2,95,95428,2,3,2,2,1
202300034954,5,10,2023,19:50,5,1,1,95,95127,2,3,1,1,1
202300034954,5,10,2023,19:50,5,1,1,95,95127,2,3,3,1,1
202300034955,6,10,2023,11:10,1,1,6,91,91377,1,3,1,2,1
202300034955,6,10,2023,11:10,1,1,6,91,91377,1,3,1,2,1
202300034956,6,10,2023,12:55,1,1,3,91,91589,2,3,2,1,1
202300034956,6,10,2023,12:55,1,1,3,91,91589,2,3,2,1,1
202300034957,5,10,2023,19:40,2,1,7,84,84031,1,3,2,1,1
202300034957,5,10,2023,19:40,2,1,7,84,84031,1,3,-1,1,1
202300034958,5,10,2023,11:22,1,1,3,84,84007,1,3,3,1,1
202300034959,5,10,2023,10:43,1,1,1,84,84007,2,4,2,1,1
202300034960,6,10,2023,11:00,1,7,6,83,83144,2,4,2,1,1
202300034961,6,10,2023,13:50,1,1,1,78,78551,1,2,3,1,1
202300034962,6,10,2023,14:20,1,1,2,78,78551,1,4,3,2,1
202300034963,6,10,2023,16:45,1,1,6,77,77284,2,4,2,1,1
202300034964,5,10,2023,17:45,1,1,2,76,76540,2,7,1,1,1
202300034964,5,10,2023,17:45,1,1,2,76,76540,2,7,1,1,1
202300034965,6,10,2023,01:00,5,1,7,76,76351,2,4,2,1,1
202300034966,6,10,2023,14:55,1,1,2,76,76545,1,3,2,1,1
202300034967,6,10,2023,21:40,5,1,6,74,74298,2,3,1,1,1
202300034968,6,10,2023,15:15,1,1,3,74,74012,2,4,2,1,1
202300034969,6,10,2023,09:05,1,1,3,72,72181,2,4,2,1,1
202300034970,6,10,2023,20:55,3,1,3,71,71475,2,4,-1,2,1
202300034970,6,10,2023,20:55,3,1,3,71,71475,2,4,2,1,1
202300034971,6,10,2023,17:00,1,1,6,69,69256,2,4,2,1,1
202300034971,6,10,2023,17:00,1,1,6,69,69256,2,4,1,1,1
202300034972,6,10,2023,12:30,1,1,3,69,69259,2,4,2,1,1
202300034973,5,10,2023,14:55,1,1,3,69,69259,2,7,3,1,1
202300034973,5,10,2023,14:55,1,1,3,69,69259,2,7,2,1,1
202300034974,6,10,2023,22:45,5,1,3,67,67482,2,4,2,1,1
202300034974,6,10,2023,22:45,5,1,3,67,67482,2,4,2,1,1
202300034975,6,10,2023,17:09,1,1,6,64,64483,2,4,2,1,1
202300034976,6,10,2023,07:58,1,1,3,64,64445,2,4,-1,1,1
202300034976,6,10,2023,07:58,1,1,3,64,64445,2,4,-1,1,1
202300034977,5,10,2023,17:35,1,1,3,64,64125,2,3,2,1,1
202300034977,5,10,2023,17:35,1,1,3,64,64125,2,3,2,1,1
202300034978,7,10,2023,02:30,5,1,7,64,64102,2,4,2,1,1
202300034979,6,10,2023,18:25,1,1,3,64,64024,2,4,1,3,1
202300034979,6,10,2023,18:25,1,1,3,64,64024,2,4,2,2,1
202300034980,6,10,2023,18:10,1,1,7,64,64024,2,3,3,1,1
202300034981,6,10,2023,13:25,1,1,3,64,64102,2,4,1,1,1
202300034982,6,10,2023,09:05,1,7,6,64,64102,2,4,2,1,1
202300034983,6,10,2023,14:40,1,1,2,63,63113,2,7,1,1,1
202300034983,6,10,2023,14:40,1,1,2,63,63113,2,7,3,1,1
202300034984,6,10,2023,12:35,1,1,2,63,63075,2,4,-1,2,1
202300034985,5,10,2023,22:44,4,1,3,63,63113,2,4,1,1,1
202300034985,5,10,2023,22:44,4,1,3,63,63113,2,4,1,1,1
202300034986,6,10,2023,21:30,3,1,3,62,62907,2,3,2,1,1
202300034987,6,10,2023,23:40,4,1,6,59,59508,2,4,3,1,1
202300034988,3,10,2023,13:40,1,1,3,59,59360,2,4,1,1,1
202300034989,6,10,2023,11:30,1,1,3,59,59648,2,4,2,1,1
202300034989,6,10,2023,11:30,1,1,3,59,59648,2,4,2,1,1
202300034990,16,1,2023,12:35,1,1,3,43,43251,2,3,2,1,1
202300034990,16,1,2023,12:35,1,1,3,43,43251,2,3,2,2,1
202300034991,6,10,2023,15:40,1,1,3,56,56098,1,3,2,1,1
202300034992,17,1,2023,19:13,5,2,6,37,37261,2,4,2,1,2
202300034993,6,10,2023,13:10,1,7,3,56,56121,2,4,2,1,1
202300034994,5,10,2023,17:44,1,1,7,56,56162,1,3,2,1,1
202300034995,17,1,2023,18:55,5,1,3,35,35238,2,4,2,1,2
202300034995,17,1,2023,18:55,5,1,3,35,35238,2,4,2,2,2
202300034996,5,10,2023,12:20,1,1,7,56,56083,2,4,2,1,1
202300034997,17,1,2023,07:25,5,2,6,35,35238,2,4,2,1,2
202300034998,5,10,2023,09:00,1,1,6,56,56121,2,4,3,1,1
202300034999,16,1,2023,18:25,5,2,4,35,35238,2,4,2,2,2
202300035000,17,1,2023,19:55,5,3,6,33,33318,2,4,2,1,2
202300035001,4,10,2023,07:50,2,5,3,55,55505,1,3,2,1,1
202300035002,5,10,2023,20:50,5,1,6,54,54395,2,4,1,1,1
202300035003,16,1,2023,23:05,5,2,1,33,33281,2,4,2,1,2
202300035003,16,1,2023,23:05,5,2,1,33,33281,2,4,2,1,2
202300035004,5,10,2023,16:45,1,1,6,54,54395,2,4,2,1,1
202300035005,4,10,2023,10:20,1,1,6,52,52448,2,4,2,1,1
202300035006,16,1,2023,18:45,5,2,1,31,31555,2,7,2,1,2
202300035007,17,1,2023,15:50,1,2,6,28,28134,1,2,2,1,2
202300035008,6,10,2023,08:55,1,1,1,50,50218,1,3,2,2,9
202300035008,6,10,2023,08:55,1,1,1,50,50218,1,3,2,1,1
202300035009,5,10,2023,22:25,3,1,6,50,50129,2,2,3,1,1
202300035010,17,1,2023,08:00,2,8,6,28,28134,2,2,1,1,2
202300035011,4,10,2023,12:30,1,1,3,49,49099,2,4,-1,1,1
202300035011,4,10,2023,12:30,1,1,3,49,49099,2,4,2,2,1
202300035012,6,10,2023,08:20,1,1,6,49,49007,2,4,2,1,1
202300035013,6,10,2023,02:32,5,1,6,49,49007,2,4,1,1,1
202300035014,16,1,2023,15:30,1,2,3,17,17415,2,4,2,1,2
202300035014,16,1,2023,15:30,1,2,3,17,17415,2,4,2,1,2
202300035015,16,1,2023,15:30,1,2,1,15,15014,2,4,2,1,2
202300035015,16,1,2023,15:30,1,2,1,15,15014,2,4,2,1,2
202300035016,5,10,2023,18:22,1,1,4,49,49246,2,3,2,1,1
202300035016,5,10,2023,18:22,1,1,4,49,49246,2,3,2,1,1
202300035017,3,10,2023,15:55,1,1,6,46,46191,1,3,2,2,1
202300035018,17,1,2023,11:25,1,1,6,13,13213,2,4,2,1,1
202300035019,6,10,2023,12:04,1,1,6,45,45208,2,4,1,1,1
202300035020,17,1,2023,01:00,5,2,2,13,13209,2,4,2,2,2
202300035021,6,10,2023,17:52,1,1,3,44,44109,2,4,2,1,1
202300035022,12,1,2023,17:05,1,1,3,13,13028,2,3,2,1,1
202300035023,6,10,2023,20:50,5,1,1,42,42099,1,4,1,1,1
202300035023,6,10,2023,20:50,5,1,1,42,42099,1,4,1,2,1
202300035024,6,1,2023,14:25,1,1,6,11,11262,2,4,2,1,1
202300035025,3,10,2023,17:45,1,1,2,40,40192,2,3,2,1,1
202300035026,6,1,2023,10:10,1,1,3,11,11262,2,4,2,1,1
202300035026,6,1,2023,10:10,1,1,3,11,11262,2,4,1,1,1
202300035027,17,1,2023,07:50,2,5,6,11,11262,2,4,2,1,2
202300035028,6,10,2023,15:35,1,1,3,37,37261,2,4,3,1,1
202300035028,6,10,2023,15:35,1,1,3,37,37261,2,4,-1,1,1
202300035029,17,1,2023,23:00,3,1,6,06,06069,1,3,2,1,1
202300035030,3,10,2023,17:20,1,1,3,37,37261,2,4,2,2,1
202300035030,3,10,2023,17:20,1,1,3,37,37261,2,4,3,1,1
202300035031,17,1,2023,15:20,1,1,3,06,06029,2,4,2,1,1
202300035032,6,10,2023,15:20,1,1,6,35,35238,2,2,3,1,1
202300035033,17,1,2023,07:20,4,1,6,06,06027,2,7,2,1,1
202300035034,17,1,2023,01:35,3,8,6,04,04112,1,3,2,1,2
202300035035,6,10,2023,12:25,1,1,3,35,35278,1,3,2,1,1
202300035035,6,10,2023,12:25,1,1,3,35,35278,1,3,2,1,1
202300035036,16,1,2023,15:00,1,2,1,02,02408,1,3,2,1,2
202300035037,5,10,2023,15:00,1,1,1,34,34032,1,3,2,1,1
202300035038,16,1,2023,17:50,1,1,3,974,97411,2,2,4,2,1
202300035038,16,1,2023,17:50,1,1,3,974,97411,2,2,2,2,1
202300035039,6,10,2023,20:33,5,1,3,33,33192,2,4,2,1,1
202300035039,6,10,2023,20:33,5,1,3,33,33192,2,4,2,1,1
202300035040,16,1,2023,09:50,1,2,3,973,97302,2,4,2,1,2
202300035041,5,10,2023,18:35,1,1,6,33,33063,2,4,2,1,1
202300035042,12,1,2023,12:55,1,1,3,69,69388,2,4,3,1,1
202300035042,12,1,2023,12:55,1,1,3,69,69388,2,4,2,1,1
202300035043,23,9,2023,05:00,5,1,2,30,30189,2,4,2,1,1
202300035044,15,1,2023,00:45,5,2,3,69,69386,2,4,1,1,2
202300035045,16,1,2023,07:15,1,1,2,972,97209,1,1,2,1,1
202300035046,5,10,2023,17:25,1,7,3,23,23096,2,4,2,2,1
202300035046,5,10,2023,17:25,1,7,3,23,23096,2,4,2,1,1
202300035047,15,1,2023,23:45,5,1,6,972,97209,1,1,1,1,1
202300035048,15,1,2023,21:48,4,1,6,972,97209,2,4,1,2,1
202300035049,5,10,2023,08:38,1,1,2,22,22278,2,2,-1,1,1