id_accident,jour,mois,annee,heure_minute,luminosite,meteo,type_collision,departement,commune,agglomeration,categorie_route,regime_circulation,profil_route,etat_surface
202300035050,16,1,2023,11:15,1,8,6,69,69389,2,4,2,1,1
202300035050,16,1,2023,11:15,1,8,6,69,69389,2,4,2,1,1
202300035051,6,10,2023,06:10,5,1,6,19,19031,2,4,2,1,1
202300035052,16,1,2023,08:15,1,8,3,69,69152,2,7,2,1,1
202300035053,6,10,2023,16:15,1,1,3,18,18279,2,4,-1,2,1
202300035054,16,1,2023,06:00,2,1,6,971,97101,1,4,2,1,1
202300035055,6,10,2023,03:30,3,1,7,17,17291,1,2,3,1,1
202300035056,14,1,2023,14:50,1,2,4,971,97107,2,3,2,2,2
202300035057,6,10,2023,07:45,2,1,3,15,15014,2,4,2,1,1
202300035058,16,1,2023,21:35,5,2,6,91,91161,2,3,-1,-1,2
202300035058,16,1,2023,21:35,5,2,6,91,91161,2,3,2,1,2
202300035059,5,10,2023,15:45,1,1,6,15,15014,2,4,2,1,1
202300035060,15,1,2023,01:15,3,2,6,91,91225,1,3,3,1,2
202300035061,5,10,2023,13:05,1,1,3,14,14366,2,4,3,2,1
202300035062,15,1,2023,15:10,1,1,3,91,91027,2,3,2,4,1
202300035063,13,1,2023,19:22,5,2,6,87,87085,2,4,2,1,2
202300035063,13,1,2023,19:22,5,2,6,87,87085,2,4,3,1,2
202300035064,6,10,2023,20:33,5,1,3,13,13210,2,4,2,1,1
202300035065,12,1,2023,07:45,2,1,2,84,84007,2,4,3,1,1
202300035066,6,10,2023,16:50,1,1,3,13,13209,2,4,-1,1,1
202300035067,7,1,2023,19:10,5,1,3,84,84007,2,4,2,1,1
202300035067,7,1,2023,19:10,5,1,3,84,84007,2,4,2,1,1
202300035068,6,10,2023,19:20,2,1,3,13,13215,2,4,2,2,1
202300035069,13,1,2023,12:25,1,1,4,83,83009,2,3,2,1,1
202300035070,6,10,2023,14:10,1,1,3,13,13211,2,4,1,1,1
202300035071,6,10,2023,22:20,4,1,7,11,11069,2,6,-1,1,1
202300035072,14,1,2023,11:20,1,1,1,83,83129,2,3,2,2,1
202300035073,5,10,2023,19:30,1,1,6,11,11069,2,3,1,1,1
202300035074,16,1,2023,13:00,1,2,2,77,77487,2,3,2,1,2
202300035074,16,1,2023,13:00,1,2,2,77,77487,2,3,2,1,2
202300035075,5,10,2023,13:20,1,1,6,11,11069,2,4,-1,1,1
202300035076,13,1,2023,23:40,3,1,2,77,77237,2,3,3,1,1
202300035076,13,1,2023,23:40,3,1,2,77,77237,2,3,2,1,1
202300035077,6,10,2023,07:17,1,1,2,10,10362,2,3,2,1,1
202300035078,5,10,2023,08:05,1,1,3,10,10387,2,4,2,1,1
202300035078,5,10,2023,08:05,1,1,3,10,10387,2,4,2,1,1
202300035079,14,1,2023,17:25,5,2,1,71,71306,2,4,2,1,2
202300035080,6,10,2023,13:10,1,1,6,06,06088,2,4,1,1,1
202300035081,14,1,2023,11:05,1,1,3,67,67482,2,4,3,1,1
202300035082,6,10,2023,09:05,1,1,3,06,06069,2,3,3,2,1
202300035083,14,1,2023,12:45,1,8,3,67,67482,1,4,2,1,1
202300035084,13,1,2023,11:50,1,1,7,67,67482,2,4,2,1,3
202300035085,5,10,2023,14:00,1,1,2,06,06069,2,4,1,1,1
202300035086,13,1,2023,10:15,1,2,6,67,67482,2,4,2,1,2
202300035087,3,10,2023,17:30,1,1,6,02,02168,2,3,-1,2,1
202300035088,13,1,2023,13:44,1,1,2,66,66136,2,4,2,1,1
202300035089,5,10,2023,23:52,5,1,2,75,75105,2,4,1,1,1
202300035089,5,10,2023,23:52,5,1,2,75,75105,2,4,1,1,1
202300035090,16,1,2023,15:10,1,3,2,64,64129,2,4,2,1,2
202300035091,6,10,2023,14:00,1,1,6,75,75120,2,4,1,1,1
202300035091,6,10,2023,14:00,1,1,6,75,75120,2,4,2,2,1
202300035092,14,1,2023,15:58,1,1,3,63,63113,2,4,2,1,1
202300035092,14,1,2023,15:58,1,1,3,63,63113,2,4,2,1,1
202300035093,6,10,2023,16:45,1,1,3,75,75107,2,4,1,1,1
202300035093,6,10,2023,16:45,1,1,3,75,75107,2,4,1,1,1
202300035094,14,1,2023,15:38,1,1,2,63,63113,2,7,3,1,1
202300035095,6,10,2023,13:45,1,1,3,75,75113,2,4,2,1,1
202300035095,6,10,2023,13:45,1,1,3,75,75113,2,4,2,1,1
202300035096,14,1,2023,08:45,1,1,1,63,63113,2,7,3,1,1
202300035096,14,1,2023,08:45,1,1,1,63,63113,2,7,1,1,1
202300035097,6,10,2023,19:12,1,1,3,75,75112,2,4,2,1,1
202300035097,6,10,2023,19:12,1,1,3,75,75112,2,4,2,1,1
202300035098,14,1,2023,07:59,1,1,3,63,63113,2,4,1,1,1
202300035098,14,1,2023,07:59,1,1,3,63,63113,2,4,2,1,1
202300035099,13,1,2023,10:43,1,1,3,63,63113,2,4,1,1,1
202300035100,6,10,2023,20:25,5,1,6,75,75111,2,4,2,2,1
202300035101,15,1,2023,03:00,5,8,6,62,62193,2,4,1,1,2
202300035101,15,1,2023,03:00,5,8,6,62,62193,2,4,1,1,2
202300035102,6,10,2023,22:00,5,1,3,75,75110,2,4,1,2,1
202300035103,16,1,2023,13:31,1,2,6,60,60057,2,4,2,1,2
202300035104,15,1,2023,19:50,5,2,6,59,59512,2,4,2,1,2
202300035105,6,10,2023,20:15,5,1,2,75,75110,2,4,1,1,1
202300035105,6,10,2023,20:15,5,1,2,75,75110,2,4,1,1,1
202300035106,16,1,2023,17:50,5,2,6,59,59155,2,3,2,1,2
202300035106,16,1,2023,17:50,5,2,6,59,59155,2,3,1,1,2
202300035107,6,10,2023,15:05,1,1,3,75,75110,2,4,3,1,1
202300035107,6,10,2023,15:05,1,1,3,75,75110,2,4,1,1,1
202300035108,15,1,2023,09:20,1,8,1,57,57227,1,4,-1,2,2
202300035109,6,10,2023,13:15,1,1,6,75,75109,2,4,-1,1,1
202300035109,6,10,2023,13:15,1,1,6,75,75109,2,4,1,1,1
202300035110,14,1,2023,22:30,5,2,6,56,56083,1,3,2,1,2
202300035111,14,1,2023,20:25,5,2,7,56,56121,2,4,2,1,2
202300035112,6,10,2023,18:25,1,1,6,75,75101,2,4,1,1,1
202300035112,6,10,2023,18:25,1,1,6,75,75101,2,4,2,1,1
202300035113,15,1,2023,17:30,1,1,1,56,56121,2,3,2,1,8
202300035114,16,1,2023,09:57,1,2,6,54,54382,1,3,3,2,2
202300035115,5,10,2023,13:10,1,1,6,75,75103,2,4,1,1,1
202300035115,5,10,2023,13:10,1,1,6,75,75103,2,4,1,1,1
202300035116,16,1,2023,07:15,5,1,6,49,49007,2,4,1,1,2
202300035117,4,10,2023,15:05,1,1,1,75,75101,2,4,1,1,1
202300035117,4,10,2023,15:05,1,1,1,75,75101,2,4,1,1,1
202300035118,15,1,2023,17:29,1,1,6,49,49007,2,4,3,1,1
202300035119,6,10,2023,20:08,5,1,1,94,94078,2,4,-1,1,1
202300035119,6,10,2023,20:08,5,1,1,94,94078,2,4,2,1,1
202300035120,16,1,2023,08:10,3,2,4,47,47031,1,4,2,1,2
202300035121,14,1,2023,21:00,5,3,6,44,44184,2,4,2,2,2
202300035122,12,1,2023,11:45,1,1,6,42,42218,2,4,-1,1,1
202300035123,10,1,2023,12:46,1,1,2,40,40192,2,4,1,1,1
202300035124,16,1,2023,19:10,3,1,1,35,35278,1,3,2,1,2
202300035124,16,1,2023,19:10,3,1,1,35,35278,1,3,2,1,2
202300035125,16,1,2023,08:45,1,3,2,35,35238,2,2,3,1,2
202300035126,16,1,2023,08:50,1,2,3,33,33318,2,4,2,1,2
202300035127,16,1,2023,19:30,3,3,2,31,31069,2,7,3,1,2
202300035128,16,1,2023,16:28,1,2,3,31,31555,2,7,2,1,2
202300035129,16,1,2023,13:30,1,2,6,31,31069,2,4,-1,1,2
202300035130,16,1,2023,08:30,2,2,5,29,29039,1,3,2,2,2
202300035131,16,1,2023,07:32,5,2,6,28,28218,2,4,2,1,2
202300035132,16,1,2023,12:35,1,4,6,25,25462,2,4,3,1,5
202300035132,16,1,2023,12:35,1,4,6,25,25462,2,4,1,1,5
202300035133,16,1,2023,08:45,2,1,2,22,22215,1,3,3,1,2
202300035134,16,1,2023,02:00,3,2,6,22,22187,1,3,1,2,2
202300035135,14,1,2023,19:30,5,3,3,22,22113,1,3,2,1,2
202300035135,14,1,2023,19:30,5,3,3,22,22113,1,3,3,1,2
202300035136,13,1,2023,07:35,5,1,6,19,19031,2,3,2,1,2
202300035136,13,1,2023,07:35,5,1,6,19,19031,2,3,2,1,2
202300035137,12,1,2023,22:30,3,3,7,17,17415,1,3,2,1,2
202300035137,12,1,2023,22:30,3,3,7,17,17415,1,3,2,1,2
202300035138,16,1,2023,08:55,2,8,3,17,17415,2,4,2,2,2
202300035139,16,1,2023,23:50,5,3,3,17,17300,2,4,2,1,2
202300035139,16,1,2023,23:50,5,3,3,17,17300,2,4,2,1,2
202300035140,16,1,2023,20:55,3,1,3,13,13117,1,3,3,1,1
202300035141,16,1,2023,07:55,2,8,6,13,13117,2,4,3,1,1
202300035142,16,1,2023,21:15,3,1,2,13,13103,1,3,2,1,1
202300035143,16,1,2023,21:50,5,1,3,13,13216,2,3,2,1,1
202300035144,16,1,2023,16:45,2,1,5,13,13203,2,4,1,1,1
202300035145,15,1,2023,15:56,1,1,3,10,10081,2,4,2,1,1
202300035145,15,1,2023,15:56,1,1,3,10,10081,2,4,2,1,1
202300035146,16,1,2023,14:13,1,1,4,06,06069,2,3,2,2,1
202300035147,17,1,2023,18:40,5,1,4,75,75120,2,4,1,1,1
202300035148,17,1,2023,08:36,1,1,6,75,75106,2,4,1,1,1
202300035149,17,1,2023,07:45,2,8,3,75,75105,2,4,2,1,2
202300035149,17,1,2023,07:45,2,8,3,75,75105,2,4,4,1,2
202300035150,17,1,2023,17:00,2,8,3,75,75118,2,4,3,1,1
202300035150,17,1,2023,17:00,2,8,3,75,75118,2,4,1,1,1
202300035151,17,1,2023,14:15,1,8,6,75,75118,2,4,1,1,1
202300035152,17,1,2023,11:00,1,1,6,75,75118,2,4,1,1,1
202300035153,17,1,2023,06:00,5,1,6,75,75118,2,4,1,1,1
202300035153,17,1,2023,06:00,5,1,6,75,75118,2,4,1,1,1
202300035154,16,1,2023,11:46,1,3,6,75,75117,2,4,1,1,2
202300035154,16,1,2023,11:46,1,3,6,75,75117,2,4,1,1,2
202300035155,17,1,2023,16:00,1,2,2,75,75116,2,4,2,1,2
202300035156,16,1,2023,08:45,1,2,7,75,75116,2,4,2,1,2
202300035156,16,1,2023,08:45,1,2,7,75,75116,2,4,1,1,2
202300035157,17,1,2023,08:03,2,8,6,75,75115,2,4,-1,1,1
202300035157,17,1,2023,08:03,2,8,6,75,75115,2,4,1,2,1
202300035158,16,1,2023,19:45,5,2,7,75,75115,2,4,1,1,2
202300035158,16,1,2023,19:45,5,2,7,75,75115,2,4,1,2,2
202300035159,16,1,2023,19:15,5,2,6,75,75114,2,4,1,1,2
202300035159,16,1,2023,19:15,5,2,6,75,75114,2,4,3,1,2
202300035160,16,1,2023,17:54,2,2,7,75,75110,2,4,1,1,2
202300035160,16,1,2023,17:54,2,2,7,75,75110,2,4,1,1,2
202300035161,17,1,2023,13:45,1,1,2,75,75108,2,4,1,1,1
202300035161,17,1,2023,13:45,1,1,2,75,75108,2,4,1,1,1
202300035162,17,1,2023,11:00,1,1,6,75,75108,2,4,1,1,1
202300035162,17,1,2023,11:00,1,1,6,75,75108,2,4,1,1,1
202300035163,17,1,2023,17:05,5,8,3,75,75103,2,4,2,1,2
202300035163,17,1,2023,17:05,5,8,3,75,75103,2,4,1,2,2
202300035164,17,1,2023,14:15,1,2,2,94,94081,2,4,2,1,2
202300035165,16,1,2023,09:10,1,3,2,94,94078,2,2,3,1,2
202300035166,17,1,2023,19:25,5,1,2,94,94016,2,3,2,1,1
202300035166,17,1,2023,19:25,5,1,2,94,94016,2,3,2,1,1
202300035167,17,1,2023,18:05,3,2,3,94,94038,2,3,3,1,2
202300035167,17,1,2023,18:05,3,2,3,94,94038,2,3,2,1,2
202300035168,17,1,2023,18:55,2,1,6,93,93059,2,3,2,1,1
202300035168,17,1,2023,18:55,2,1,6,93,93059,2,3,2,1,1
202300035169,17,1,2023,08:25,2,1,6,93,93064,2,3,2,1,1
202300035169,17,1,2023,08:25,2,1,6,93,93064,2,3,1,1,1
202300035170,17,1,2023,12:00,1,1,2,93,93005,2,4,2,1,1
202300035171,17,1,2023,19:45,5,8,3,92,92046,2,3,2,1,2
202300035172,17,1,2023,19:35,5,1,3,92,92044,2,4,-1,1,1
202300035172,17,1,2023,19:35,5,1,3,92,92044,2,4,1,1,1
202300035173,17,1,2023,07:00,5,1,1,92,92036,2,3,2,1,1
202300035174,17,1,2023,15:30,1,8,3,92,92007,2,4,2,1,2
202300035175,17,1,2023,12:53,1,1,3,92,92009,2,3,1,1,1
202300035175,17,1,2023,12:53,1,1,3,92,92009,2,3,2,1,1
202300035176,16,1,2023,07:00,5,1,6,92,92009,2,3,2,1,1
202300035177,16,1,2023,11:15,2,1,3,92,92004,2,3,2,1,2
202300035178,14,1,2023,02:35,5,2,3,92,92004,2,3,3,1,2
202300035179,16,1,2023,18:10,5,1,6,92,92014,2,3,3,1,1
202300035180,15,1,2023,16:55,1,2,6,29,29236,1,2,3,1,2
202300035181,17,1,2023,06:30,5,2,2,37,37226,2,3,2,1,2
202300035181,17,1,2023,06:30,5,2,2,37,37226,2,3,2,1,2
202300035182,17,1,2023,04:30,3,9,7,90,90015,1,1,3,1,7
202300035183,16,1,2023,10:46,1,2,6,69,69175,1,3,2,1,2
202300035184,16,1,2023,19:00,5,1,2,13,13081,1,1,1,2,1
202300035185,17,1,2023,10:50,1,1,6,13,13215,1,1,1,2,2
202300035186,17,1,2023,08:00,2,2,2,13,13071,1,1,3,1,2
202300035187,17,1,2023,08:10,1,2,7,13,13202,1,1,1,1,2
202300035188,17,1,2023,07:00,3,2,4,13,13071,1,1,1,1,2
202300035189,17,1,2023,08:20,1,2,4,33,33487,1,1,3,1,2
202300035190,16,1,2023,18:15,4,2,4,33,33119,1,2,3,1,2
202300035191,17,1,2023,08:00,3,1,3,94,94034,1,1,3,1,1
202300035192,16,1,2023,09:00,1,2,5,78,78640,1,1,-1,1,2
202300035193,17,1,2023,08:25,2,1,5,95,95018,1,1,3,1,1
202300035194,16,1,2023,14:30,1,2,7,93,93027,1,1,1,3,2
202300035195,16,1,2023,16:15,1,8,6,93,93066,1,1,3,1,2
202300035196,15,1,2023,03:20,3,3,2,95,95582,1,1,3,2,3
202300035197,16,1,2023,08:30,1,3,5,77,77053,1,2,3,1,2
202300035198,14,1,2023,20:45,5,1,1,988,98818,2,4,2,1,1
202300035199,15,1,2023,12:43,1,1,5,976,97611,2,2,2,1,1
202300035200,15,1,2023,15:15,1,1,3,974,97416,2,4,2,1,1
202300035201,15,1,2023,15:25,1,1,7,973,97302,2,3,2,1,1
202300035202,14,1,2023,12:25,1,1,3,972,97209,2,2,3,1,1
202300035202,14,1,2023,12:25,1,1,3,972,97209,2,2,1,1,1
202300035203,14,1,2023,12:00,1,1,3,972,97209,1,2,1,2,1
202300035203,14,1,2023,12:00,1,1,3,972,97209,1,2,1,2,1
202300035204,15,1,2023,14:40,1,1,6,91,91377,2,3,-1,1,1
202300035205,15,1,2023,14:15,1,1,6,91,91657,2,4,2,1,1
202300035206,15,1,2023,08:35,2,3,3,88,88415,2,3,2,1,2
202300035207,15,1,2023,17:50,2,2,1,85,85194,2,4,2,1,2
202300035208,15,1,2023,19:40,5,1,3,82,82033,2,4,2,1,1
202300035208,15,1,2023,19:40,5,1,3,82,82033,2,4,2,1,1
202300035209,15,1,2023,09:30,1,8,6,76,76391,1,7,2,1,2
202300035209,15,1,2023,09:30,1,8,6,76,76391,1,7,2,2,2
202300035210,15,1,2023,19:50,3,1,5,74,74281,1,3,2,2,1
202300035211,15,1,2023,13:15,1,1,3,69,69264,2,3,2,1,1
202300035212,15,1,2023,01:10,3,2,6,60,60175,1,3,2,1,2
202300035212,15,1,2023,01:10,3,2,6,60,60175,1,3,1,1,2
202300035213,15,1,2023,20:10,5,2,3,59,59410,2,7,1,1,2
202300035213,15,1,2023,20:10,5,2,3,59,59410,2,7,1,1,2
202300035214,15,1,2023,11:00,1,7,3,59,59350,2,4,3,1,2
202300035214,15,1,2023,11:00,1,7,3,59,59350,2,4,2,1,2
202300035215,14,1,2023,04:05,5,1,6,59,59350,1,4,2,1,1
202300035215,14,1,2023,04:05,5,1,6,59,59350,1,4,2,1,1
202300035216,14,1,2023,17:50,5,3,6,54,54528,2,3,1,1,2
202300035216,14,1,2023,17:50,5,3,6,54,54528,2,3,1,1,2
202300035217,14,1,2023,19:55,5,2,6,54,54528,2,3,2,1,2
202300035218,15,1,2023,13:40,1,1,6,54,54482,2,4,2,1,1
202300035219,15,1,2023,21:20,3,2,6,54,54323,1,2,3,1,2
202300035220,15,1,2023,06:45,5,2,6,48,48095,2,4,2,2,2
202300035220,15,1,2023,06:45,5,2,6,48,48095,2,4,2,2,2
202300035221,13,1,2023,17:00,2,8,6,35,35115,2,4,2,1,1
202300035222,15,1,2023,06:45,5,1,7,34,34172,2,4,1,1,8
202300035223,15,1,2023,02:40,5,1,2,34,34172,2,4,2,1,1
202300035223,15,1,2023,02:40,5,1,2,34,34172,2,4,1,1,1
202300035224,15,1,2023,16:10,1,1,3,30,30007,2,4,1,1,1
202300035224,15,1,2023,16:10,1,1,3,30,30007,2,4,2,1,1
202300035225,16,1,2023,00:40,5,3,7,27,27229,2,4,2,1,2
202300035225,16,1,2023,00:40,5,3,7,27,27229,2,4,2,1,2
202300035226,14,1,2023,18:30,5,1,6,13,13210,2,4,2,1,1
202300035227,14,1,2023,21:45,5,1,1,13,13210,2,3,2,1,1
202300035228,14,1,2023,17:00,1,1,3,13,13001,1,3,2,1,1
202300035228,14,1,2023,17:00,1,1,3,13,13001,1,3,2,1,1
202300035229,15,1,2023,10:55,1,1,6,06,06088,2,4,2,1,1
202300035230,15,1,2023,16:15,1,1,6,06,06069,1,3,2,2,1
202300035231,15,1,2023,10:10,1,1,3,02,02738,2,4,-1,1,2
202300035231,15,1,2023,10:10,1,1,3,02,02738,2,4,-1,1,2
202300035232,14,1,2023,12:55,1,2,6,75,75116,2,4,2,1,2
202300035232,14,1,2023,12:55,1,2,6,75,75116,2,4,2,1,2
202300035233,16,1,2023,19:40,5,1,3,75,75106,2,4,2,1,2
202300035233,16,1,2023,19:40,5,1,3,75,75106,2,4,2,1,2
202300035234,14,1,2023,20:50,5,2,6,75,75114,2,4,1,1,2
202300035235,16,1,2023,09:50,1,2,6,75,75112,2,4,1,1,2
202300035236,15,1,2023,06:00,5,2,6,75,75112,2,4,-1,1,2
202300035236,15,1,2023,06:00,5,2,6,75,75112,2,4,2,1,2
202300035237,16,1,2023,08:15,4,2,6,75,75110,2,4,2,1,2
202300035237,16,1,2023,08:15,4,2,6,75,75110,2,4,2,1,2
202300035238,16,1,2023,12:57,1,2,6,75,75109,2,4,1,1,2
202300035238,16,1,2023,12:57,1,2,6,75,75109,2,4,2,1,2
202300035239,16,1,2023,16:00,1,2,7,75,75108,2,4,1,1,2
202300035239,16,1,2023,16:00,1,2,7,75,75108,2,4,1,1,2
202300035240,28,7,2023,16:50,1,3,1,78,78389,2,3,2,4,2
202300035241,19,7,2023,08:25,1,1,6,78,78605,2,3,2,1,1
202300035242,28,7,2023,23:15,3,1,6,34,34167,1,3,2,1,1
202300035243,29,7,2023,15:05,1,1,3,05,05007,1,3,2,2,1
202300035244,29,7,2023,00:00,5,1,5,13,13018,1,3,2,1,1
202300035245,28,7,2023,16:10,1,1,1,13,13041,1,3,2,2,1
202300035246,28,7,2023,15:45,1,2,1,67,67525,1,3,2,2,2
202300035247,28,7,2023,09:45,1,1,1,63,63077,1,3,2,2,1
202300035247,28,7,2023,09:45,1,1,1,63,63077,1,3,2,4,-1
202300035248,29,7,2023,17:30,1,3,6,42,42285,2,3,2,1,2
202300035249,28,7,2023,23:55,1,1,6,01,01275,1,4,2,1,1
202300035250,28,7,2023,20:40,1,1,6,81,81271,2,4,2,1,1
202300035251,30,5,2023,17:20,1,1,6,33,33535,2,3,2,1,1
202300035252,29,7,2023,11:45,1,1,3,22,22259,2,6,-1,1,1
202300035253,28,7,2023,14:50,1,2,2,60,60282,1,3,1,1,2
202300035254,25,7,2023,18:25,2,1,2,13,13071,1,1,1,1,1
202300035255,25,7,2023,17:45,1,1,2,13,13019,1,1,1,1,1
202300035256,27,7,2023,23:43,5,1,6,13,13207,1,4,1,1,1
202300035257,28,7,2023,02:40,3,2,6,83,83035,1,1,1,2,2
202300035258,28,7,2023,16:35,1,2,5,94,94003,1,1,3,1,2
202300035259,27,7,2023,20:30,1,2,3,78,78498,1,1,3,2,2
202300035260,28,7,2023,10:00,1,2,4,78,78007,1,1,1,2,2
202300035261,28,7,2023,08:05,1,2,7,92,92063,1,1,1,1,2
202300035262,28,7,2023,00:35,3,2,2,78,78043,1,1,1,1,2
202300035263,27,7,2023,17:21,1,2,5,78,78043,1,1,1,1,2
202300035264,27,7,2023,15:40,2,2,2,78,78455,1,1,1,1,2
202300035265,28,7,2023,13:30,1,3,4,93,93066,1,1,3,1,2
202300035266,28,7,2023,10:10,1,3,7,95,95582,1,1,1,2,2
202300035267,28,7,2023,01:25,3,8,6,93,93053,1,1,3,2,2
202300035268,27,7,2023,23:40,3,2,6,95,95527,1,1,3,1,2
202300035269,27,7,2023,21:30,3,2,6,93,93053,1,1,-1,2,2
202300035270,27,7,2023,19:15,1,3,6,95,95018,1,3,1,1,2
202300035271,28,7,2023,07:00,1,2,2,94,94069,1,1,1,1,2
202300035272,15,6,2023,21:50,2,1,6,78,78372,2,4,2,4,1
202300035273,21,4,2023,15:05,1,1,2,45,45179,2,3,2,1,1
202300035273,21,4,2023,15:05,1,1,2,45,45179,2,3,2,1,1
202300035274,27,7,2023,21:50,5,1,3,976,97611,2,4,2,1,1
202300035274,27,7,2023,21:50,5,1,3,976,97611,2,4,2,1,1
202300035275,18,6,2023,10:45,1,1,3,976,97611,2,2,2,1,1
202300035276,16,6,2023,07:40,1,1,3,976,97611,2,4,2,1,1
202300035277,27,7,2023,13:45,1,2,3,974,97416,1,2,2,1,2
202300035278,26,7,2023,06:45,2,1,7,974,97411,2,4,2,1,1
202300035279,16,6,2023,09:00,1,1,6,974,97411,2,4,2,1,1
202300035280,14,6,2023,11:20,1,1,6,974,97409,2,4,2,1,1
202300035281,15,6,2023,07:45,1,1,1,974,97407,2,4,1,2,1
202300035281,15,6,2023,07:45,1,1,1,974,97407,2,4,2,1,1
202300035282,27,7,2023,18:48,5,1,6,973,97302,2,3,2,1,1
202300035283,18,6,2023,17:20,1,1,3,973,97302,2,4,2,1,1
202300035283,18,6,2023,17:20,1,1,3,973,97302,2,4,1,1,1
202300035284,17,6,2023,06:25,2,1,3,973,97302,2,3,2,1,9
202300035284,17,6,2023,06:25,2,1,3,973,97302,2,3,2,1,1
202300035285,16,6,2023,16:15,1,1,2,973,97302,2,3,2,1,1
202300035286,15,6,2023,19:20,5,1,3,973,97302,2,4,2,1,1
202300035287,27,7,2023,12:40,1,1,3,69,69387,2,4,1,1,1
202300035288,17,6,2023,04:00,5,1,1,69,69387,2,4,2,1,1
202300035288,17,6,2023,04:00,5,1,1,69,69387,2,4,2,1,1
202300035289,16,6,2023,12:25,1,1,6,69,69387,2,4,2,1,1
202300035290,16,6,2023,08:30,1,1,3,69,69388,2,4,1,1,1
202300035290,16,6,2023,08:30,1,1,3,69,69388,2,4,1,1,1
202300035291,15,6,2023,13:00,1,1,3,69,69387,2,4,1,1,1
202300035291,15,6,2023,13:00,1,1,3,69,69387,2,4,1,1,1
202300035292,15,6,2023,11:00,1,1,3,69,69388,2,4,1,1,1
202300035292,15,6,2023,11:00,1,1,3,69,69388,2,4,2,1,1
202300035293,18,6,2023,13:40,1,1,3,972,97209,2,4,1,1,1
202300035294,16,6,2023,04:00,3,1,6,972,97209,1,2,2,1,1
202300035295,15,6,2023,02:45,5,1,6,69,69389,2,4,1,1,1
202300035296,15,6,2023,07:08,1,1,2,2B,2B033,2,2,1,2,1
202300035297,27,7,2023,10:00,1,1,3,971,97101,1,2,1,1,1
202300035298,26,7,2023,08:10,1,1,4,971,97101,2,4,2,2,1
202300035299,15,6,2023,18:20,1,1,2,971,97101,2,3,2,1,1
202300035300,15,6,2023,09:35,1,1,6,971,97113,2,3,-1,1,1
202300035301,27,7,2023,15:55,1,2,6,95,95280,2,4,2,1,2
202300035302,18,6,2023,08:50,1,1,1,95,95280,2,4,2,1,2
202300035302,18,6,2023,08:50,1,1,1,95,95280,2,4,2,1,2
202300035303,15,6,2023,18:29,1,1,2,95,95277,2,4,2,1,1
202300035304,16,6,2023,08:20,1,1,2,95,95197,2,3,2,1,1
202300035305,26,7,2023,22:15,3,2,6,95,95127,2,4,1,1,2
202300035306,14,6,2023,11:53,1,1,6,91,91645,2,4,2,1,1
202300035306,14,6,2023,11:53,1,1,6,91,91645,2,4,2,1,1
202300035307,16,6,2023,14:25,1,1,6,91,91114,2,3,3,1,1
202300035308,15,6,2023,19:50,1,1,6,91,91421,2,4,2,1,1
202300035309,15,6,2023,16:50,1,1,2,91,91114,2,3,3,1,1
202300035310,27,7,2023,19:30,1,2,2,91,91687,2,3,2,1,2
202300035311,14,6,2023,22:40,5,1,4,91,91326,2,3,3,2,1
202300035312,15,6,2023,17:17,1,1,6,91,91433,2,3,2,1,1
202300035313,26,7,2023,15:18,1,1,6,87,87085,2,4,2,1,1
202300035314,26,7,2023,12:15,1,1,6,83,83137,2,4,2,2,1
202300035315,26,7,2023,19:15,1,1,1,83,83069,2,5,-1,1,9
202300035316,27,7,2023,12:45,1,1,3,83,83069,2,3,1,1,1
202300035316,27,7,2023,12:45,1,1,3,83,83069,2,3,1,1,1
202300035317,14,6,2023,23:45,3,1,7,79,79355,1,3,2,1,1
202300035318,27,7,2023,16:35,1,3,3,77,77132,1,4,2,1,2
202300035319,26,7,2023,18:08,1,1,3,76,76540,2,7,2,1,1
202300035319,26,7,2023,18:08,1,1,3,76,76540,2,7,2,1,1
202300035320,14,6,2023,14:40,1,1,5,76,76351,2,4,2,1,1
202300035321,14,6,2023,19:45,1,1,1,72,72181,2,4,2,1,1
202300035321,14,6,2023,19:45,1,1,1,72,72181,2,4,2,1,1
202300035322,14,6,2023,11:04,1,1,3,72,72181,2,4,2,1,1
202300035323,26,7,2023,08:30,1,1,3,71,71270,2,3,2,1,1
202300035324,27,7,2023,18:20,1,1,2,71,71475,2,4,2,1,1
202300035325,16,6,2023,18:00,1,1,2,69,69275,2,2,2,1,1
202300035325,16,6,2023,18:00,1,1,2,69,69275,2,2,1,1,1
202300035326,15,6,2023,17:45,1,1,2,69,69266,2,4,2,1,1
202300035326,15,6,2023,17:45,1,1,2,69,69266,2,4,2,1,1
202300035327,15,6,2023,16:20,1,1,6,69,69286,2,4,2,1,1
202300035327,15,6,2023,16:20,1,1,6,69,69286,2,4,2,1,1
202300035328,27,7,2023,18:00,1,1,4,69,69264,2,3,2,1,1
202300035329,15,6,2023,12:00,1,1,3,69,69290,2,4,2,1,1
202300035330,27,7,2023,15:45,1,1,3,67,67218,2,4,1,1,1
202300035331,15,6,2023,11:48,1,1,2,66,66136,2,3,2,1,1
202300035332,18,4,2023,18:59,1,1,3,65,65440,2,3,4,1,2
202300035332,18,4,2023,18:59,1,1,3,65,65440,2,3,2,3,2
202300035333,27,7,2023,14:10,1,1,3,64,64189,2,3,2,1,1
202300035333,27,7,2023,14:10,1,1,3,64,64189,2,3,2,1,1