id_accident,jour,mois,annee,heure_minute,luminosite,meteo,type_collision,departement,commune,agglomeration,categorie_route,regime_circulation,profil_route,etat_surface
202300035334,26,7,2023,10:02,1,1,6,64,64102,2,4,1,1,1
202300035335,16,6,2023,09:30,1,1,6,63,63113,2,4,1,1,1
202300035336,16,6,2023,10:25,1,1,3,63,63113,2,7,2,1,1
202300035336,16,6,2023,10:25,1,1,3,63,63113,2,7,2,1,1
202300035337,15,6,2023,21:30,1,1,3,63,63113,2,4,3,1,1
202300035337,15,6,2023,21:30,1,1,3,63,63113,2,4,2,1,1
202300035338,27,7,2023,00:45,5,2,2,62,62193,1,1,1,1,2
202300035339,23,7,2023,22:20,5,1,2,62,62193,2,4,1,1,1
202300035339,23,7,2023,22:20,5,1,2,62,62193,2,4,2,1,1
202300035340,2,6,2023,23:20,5,1,3,62,62193,2,3,1,2,1
202300035341,27,7,2023,17:40,1,1,6,62,62848,1,3,1,1,1
202300035342,15,6,2023,11:25,1,1,6,60,60057,2,4,2,1,1
202300035342,15,6,2023,11:25,1,1,6,60,60057,2,4,2,1,1
202300035343,15,6,2023,22:45,5,1,3,59,59650,2,4,2,1,1
202300035343,15,6,2023,22:45,5,1,3,59,59650,2,4,3,1,1
202300035344,13,6,2023,17:35,1,1,6,59,59043,2,3,2,4,1
202300035344,13,6,2023,17:35,1,1,6,59,59043,2,3,2,4,1
202300035345,27,7,2023,22:33,5,2,7,57,57463,2,4,3,1,2
202300035345,27,7,2023,22:33,5,2,7,57,57463,2,4,1,1,2
202300035346,14,6,2023,09:40,1,1,6,56,56121,2,4,2,1,1
202300035347,14,6,2023,14:10,1,1,7,56,56121,2,4,2,1,1
202300035348,14,6,2023,12:15,1,1,4,54,54395,2,4,2,1,1
202300035349,14,6,2023,07:50,1,1,6,54,54547,2,4,2,1,1
202300035349,14,6,2023,07:50,1,1,6,54,54547,2,4,1,1,1
202300035350,15,6,2023,11:00,1,1,6,51,51454,2,4,1,1,1
202300035351,14,6,2023,19:45,1,1,3,51,51454,2,4,1,1,1
202300035352,15,6,2023,16:13,1,1,7,49,49015,2,4,2,1,1
202300035353,15,6,2023,17:30,1,1,2,49,49007,1,3,3,1,1
202300035354,15,6,2023,17:15,1,1,3,49,49267,1,3,3,1,1
202300035354,15,6,2023,17:15,1,1,3,49,49267,1,3,3,1,1
202300035355,14,6,2023,17:30,1,1,3,49,49007,2,4,1,1,1
202300035356,15,6,2023,12:50,1,1,3,43,43157,2,4,4,1,1
202300035356,15,6,2023,12:50,1,1,3,43,43157,2,4,4,1,1
202300035357,14,6,2023,14:20,1,1,6,43,43089,2,4,1,1,1
202300035358,4,7,2023,23:00,5,1,3,42,42218,2,4,2,1,1
202300035358,4,7,2023,23:00,5,1,3,42,42218,2,4,2,1,1
202300035359,14,6,2023,14:20,1,1,6,42,42218,2,4,2,4,1
202300035360,16,6,2023,01:40,5,1,3,37,37261,2,4,1,1,1
202300035360,16,6,2023,01:40,5,1,3,37,37261,2,4,2,1,1
202300035361,15,6,2023,15:00,1,1,2,37,37122,1,3,3,1,1
202300035362,14,6,2023,15:47,1,1,6,37,37214,2,4,2,1,1
202300035363,27,7,2023,17:20,1,2,3,35,35238,2,2,3,1,2
202300035363,27,7,2023,17:20,1,2,3,35,35238,2,2,2,1,2
202300035364,16,6,2023,19:15,1,1,3,35,35238,2,4,2,1,1
202300035364,16,6,2023,19:15,1,1,3,35,35238,2,4,1,1,1
202300035365,16,6,2023,18:25,1,1,2,35,35238,1,2,1,2,1
202300035366,16,6,2023,16:30,1,1,6,35,35238,2,4,2,1,1
202300035367,15,6,2023,20:05,1,1,3,35,35238,2,4,2,1,1
202300035368,27,7,2023,13:10,1,2,1,35,35115,2,4,1,2,2
202300035369,13,6,2023,19:15,1,1,3,34,34301,1,5,2,1,1
202300035370,27,7,2023,07:45,1,1,3,33,33063,2,4,2,1,1
202300035371,26,7,2023,19:50,1,1,3,33,33013,2,4,2,2,1
202300035372,16,6,2023,19:55,1,1,1,28,28134,2,3,3,1,1
202300035373,16,6,2023,17:25,1,1,6,28,28134,2,9,-1,1,1
202300035374,14,6,2023,12:30,1,1,6,28,28134,2,4,1,1,1
202300035375,27,7,2023,05:19,4,1,3,27,27229,2,4,3,1,1
202300035375,27,7,2023,05:19,4,1,3,27,27229,2,4,2,1,1
202300035376,15,6,2023,17:28,1,1,6,27,27229,2,4,2,2,1
202300035377,14,6,2023,18:00,1,7,6,27,27306,2,4,-1,1,1
202300035378,27,7,2023,14:55,1,1,6,26,26198,2,4,1,1,1
202300035379,27,7,2023,16:25,1,2,3,22,22187,2,3,2,1,2
202300035380,18,6,2023,14:50,1,1,7,18,18279,2,4,2,1,1
202300035381,16,6,2023,08:30,1,1,1,18,18279,2,4,2,4,1
202300035381,16,6,2023,08:30,1,1,1,18,18279,2,4,2,2,1
202300035382,16,6,2023,10:52,1,1,6,17,17300,2,4,1,1,1
202300035383,14,6,2023,17:15,1,1,3,17,17291,2,4,2,1,1
202300035384,22,7,2023,12:53,1,1,2,15,15014,2,2,1,2,1
202300035385,15,6,2023,22:30,5,1,7,13,13106,2,3,2,2,1
202300035386,27,7,2023,21:10,5,1,1,13,13211,2,4,2,1,1
202300035387,27,7,2023,10:45,1,1,1,13,13213,2,4,2,1,1
202300035388,26,7,2023,14:30,1,1,3,13,13205,2,4,1,1,1
202300035388,26,7,2023,14:30,1,1,3,13,13205,2,4,1,1,1
202300035389,27,7,2023,16:00,1,1,3,13,13028,2,3,2,1,1
202300035389,27,7,2023,16:00,1,1,3,13,13028,2,3,1,1,1
202300035390,15,6,2023,12:10,1,1,6,13,13001,2,4,3,1,1
202300035390,15,6,2023,12:10,1,1,6,13,13001,2,4,2,1,1
202300035391,26,7,2023,18:00,1,1,3,12,12028,1,3,2,1,1
202300035391,26,7,2023,18:00,1,1,3,12,12028,1,3,2,1,1
202300035392,26,7,2023,20:13,1,1,6,11,11262,2,3,2,1,1
202300035393,14,6,2023,06:55,1,2,3,11,11069,2,4,2,1,2
202300035394,26,7,2023,17:10,1,1,4,09,09122,2,4,2,1,1
202300035395,27,7,2023,18:25,1,1,2,07,07070,2,3,2,1,1
202300035396,27,7,2023,13:40,1,1,3,06,06069,2,3,2,1,1
202300035397,15,6,2023,14:45,1,1,6,06,06029,2,3,-1,1,1
202300035397,15,6,2023,14:45,1,1,6,06,06029,2,3,2,1,1
202300035398,28,7,2023,00:15,5,1,6,06,06123,2,7,3,1,1
202300035399,26,7,2023,16:39,1,1,3,03,03185,2,3,2,1,1
202300035399,26,7,2023,16:39,1,1,3,03,03185,2,3,1,1,1
202300035400,27,7,2023,10:35,1,1,6,01,01053,2,4,2,1,1
202300035401,27,7,2023,16:20,1,2,3,75,75116,2,4,1,1,2
202300035402,27,7,2023,19:30,1,2,3,75,75118,2,4,1,1,2
202300035402,27,7,2023,19:30,1,2,3,75,75118,2,4,1,1,2
202300035403,27,7,2023,14:00,1,2,3,75,75117,2,4,2,2,2
202300035403,27,7,2023,14:00,1,2,3,75,75117,2,4,1,2,2
202300035404,26,7,2023,14:00,1,1,3,75,75117,2,4,2,1,1
202300035404,26,7,2023,14:00,1,1,3,75,75117,2,4,2,1,1
202300035405,27,7,2023,17:20,1,2,1,75,75115,2,4,2,1,2
202300035405,27,7,2023,17:20,1,2,1,75,75115,2,4,2,1,2
202300035406,27,7,2023,10:50,1,8,3,75,75113,2,4,1,4,1
202300035406,27,7,2023,10:50,1,8,3,75,75113,2,4,1,4,1
202300035407,27,7,2023,01:30,5,1,2,75,75112,2,4,1,1,1
202300035407,27,7,2023,01:30,5,1,2,75,75112,2,4,1,1,1
202300035408,26,7,2023,16:25,1,1,3,75,75104,2,4,1,1,1
202300035408,26,7,2023,16:25,1,1,3,75,75104,2,4,2,1,1
202300035409,25,7,2023,17:30,1,2,3,75,75103,2,4,1,1,2
202300035409,25,7,2023,17:30,1,2,3,75,75103,2,4,1,1,2
202300035410,27,7,2023,13:00,1,1,3,94,94081,2,3,1,1,1
202300035411,25,7,2023,11:41,1,8,3,94,94080,2,3,2,1,1
202300035412,24,7,2023,08:30,1,1,3,94,94015,2,4,-1,4,1
202300035413,27,7,2023,18:00,1,2,2,94,94043,2,3,1,4,2
202300035414,27,7,2023,16:14,1,2,3,94,94022,2,3,1,1,2
202300035415,27,7,2023,18:00,1,2,3,93,93048,2,4,1,1,2
202300035415,27,7,2023,18:00,1,2,3,93,93048,2,4,1,1,2
202300035416,27,7,2023,03:06,5,1,6,93,93032,2,4,2,1,1
202300035417,27,7,2023,09:40,1,1,2,92,92050,2,3,2,2,1
202300035418,27,7,2023,15:00,1,2,3,92,92025,2,3,2,1,2
202300035418,27,7,2023,15:00,1,2,3,92,92025,2,3,1,1,2
202300035419,27,7,2023,14:18,1,2,5,92,92025,2,4,2,1,2
202300035420,22,7,2023,00:50,5,1,7,92,92004,2,3,-1,1,1
202300035421,27,7,2023,17:32,1,3,3,92,92014,2,3,1,1,2
202300035421,27,7,2023,17:32,1,3,3,92,92014,2,3,1,1,2
202300035422,28,7,2023,17:00,1,1,1,2A,2A272,1,2,2,1,1
202300035423,27,7,2023,17:00,1,1,1,01,01416,1,3,3,2,1
202300035423,27,7,2023,17:00,1,1,1,01,01416,1,3,2,2,1
202300035424,27,7,2023,22:30,3,1,6,41,41185,1,3,2,1,1
202300035425,27,7,2023,18:50,1,1,3,06,06161,1,3,2,1,1
202300035426,27,7,2023,16:18,1,1,6,972,97227,1,2,2,1,1
202300035427,25,7,2023,13:10,1,6,6,83,83086,1,4,2,1,1
202300035428,27,7,2023,16:25,1,1,3,11,11111,1,3,2,1,1
202300035428,27,7,2023,16:25,1,1,3,11,11111,1,3,2,1,1
202300035429,25,7,2023,00:45,3,3,1,26,26138,1,1,3,1,2
202300035430,28,7,2023,10:30,1,3,6,52,52014,1,1,3,2,2
202300035431,27,7,2023,17:55,1,1,1,67,67006,1,3,2,2,9
202300035432,27,7,2023,19:36,1,3,3,54,54082,1,3,2,1,2
202300035433,27,7,2023,20:18,1,1,3,79,79136,1,4,2,2,1
202300035433,27,7,2023,20:18,1,1,3,79,79136,1,4,2,1,1
202300035434,28,7,2023,14:00,1,1,3,26,26160,2,2,2,1,1
202300035435,20,5,2023,13:35,1,1,4,33,33529,1,2,2,1,1
202300035436,19,5,2023,15:40,1,1,3,31,31555,2,4,2,1,1
202300035437,17,5,2023,11:35,1,1,2,31,31555,2,4,2,1,1
202300035438,5,5,2023,13:25,1,1,6,30,30189,2,4,1,1,1
202300035439,18,5,2023,19:35,1,1,3,29,29039,2,4,2,1,1
202300035439,18,5,2023,19:35,1,1,3,29,29039,2,4,2,1,1
202300035440,20,5,2023,18:25,1,1,6,29,29019,2,4,-1,1,1
202300035441,20,5,2023,23:12,5,1,3,28,28134,2,4,2,1,1
202300035441,20,5,2023,23:12,5,1,3,28,28134,2,4,2,1,1
202300035442,8,11,2023,07:23,2,1,3,83,83137,1,1,3,1,1
202300035443,19,5,2023,17:55,1,1,2,25,25056,2,3,3,1,1
202300035444,9,11,2023,09:39,1,2,3,33,33550,1,1,3,1,2
202300035445,8,11,2023,17:30,3,3,2,59,59195,1,2,1,1,2
202300035446,17,5,2023,12:25,1,7,3,21,21231,2,4,2,1,1
202300035446,17,5,2023,12:25,1,7,3,21,21231,2,4,2,1,1
202300035447,11,5,2023,11:10,1,1,6,19,19031,2,4,2,1,1
202300035448,9,11,2023,15:50,2,2,5,91,91553,1,2,1,1,2
202300035449,9,11,2023,10:00,1,1,7,92,92048,1,2,-1,2,1
202300035450,19,5,2023,16:18,1,1,3,17,17300,2,4,2,1,1
202300035450,19,5,2023,16:18,1,1,3,17,17300,2,4,2,1,1
202300035451,9,11,2023,20:50,3,2,6,92,92036,1,1,3,2,2
202300035452,20,5,2023,01:25,3,1,7,16,16102,1,4,2,1,1
202300035453,9,11,2023,18:40,3,2,6,93,93048,1,1,3,1,2
202300035454,20,5,2023,18:30,1,1,7,14,14701,1,3,-1,1,1
202300035454,20,5,2023,18:30,1,1,7,14,14701,1,3,2,1,1
202300035455,9,11,2023,13:00,1,1,3,93,93008,1,1,3,1,1
202300035456,9,11,2023,09:00,1,1,3,93,93066,1,1,3,1,2
202300035457,19,5,2023,19:50,1,2,3,13,13026,2,4,2,2,2
202300035458,8,11,2023,09:05,1,1,5,93,93048,1,1,-1,1,1
202300035459,9,11,2023,15:00,1,2,6,77,77337,1,2,3,2,2
202300035460,19,5,2023,21:40,5,2,6,13,13206,2,4,3,2,2
202300035461,23,7,2023,19:00,1,3,6,14,14214,1,2,3,1,2
202300035462,19,5,2023,14:15,1,8,3,13,13208,2,4,1,1,1
202300035463,2,7,2023,18:40,1,1,1,14,14726,1,3,2,2,1
202300035464,20,5,2023,22:25,5,3,1,13,13005,2,3,3,1,2
202300035465,20,5,2023,06:20,2,2,1,13,13005,2,4,2,3,2
202300035466,7,4,2023,21:20,5,1,3,93,93048,2,3,2,1,1
202300035466,7,4,2023,21:20,5,1,3,93,93048,2,3,3,1,1
202300035467,19,5,2023,12:05,1,1,3,13,13005,2,4,-1,1,1
202300035467,19,5,2023,12:05,1,1,3,13,13005,2,4,2,1,1
202300035468,19,5,2023,12:45,1,2,4,06,06069,1,3,2,1,2
202300035469,22,7,2023,16:00,1,1,4,13,13104,2,3,4,1,1
202300035470,23,6,2023,08:26,1,1,4,69,69290,1,4,2,1,1
202300035470,23,6,2023,08:26,1,1,4,69,69290,1,4,3,1,1
202300035471,14,7,2023,18:58,1,1,6,32,32279,1,3,2,1,1
202300035472,10,5,2023,08:10,1,1,3,05,05061,2,2,-1,1,1
202300035472,10,5,2023,08:10,1,1,3,05,05061,2,2,2,1,1
202300035473,22,6,2023,09:30,1,8,6,69,69290,2,4,2,1,1
202300035474,28,5,2023,15:35,1,1,6,32,32279,2,3,2,1,1
202300035475,19,5,2023,19:10,1,1,5,75,75117,2,4,1,1,1
202300035476,23,6,2023,10:30,1,1,5,67,67482,2,4,2,1,1
202300035477,19,5,2023,17:45,1,1,2,75,75112,2,4,1,1,1
202300035478,7,11,2023,08:10,1,1,3,974,97416,1,2,3,1,1
202300035479,7,11,2023,08:00,1,1,6,974,97416,1,2,1,1,1
202300035480,19,5,2023,02:10,5,1,2,75,75112,2,4,1,1,1
202300035481,22,6,2023,17:45,1,1,4,66,66136,1,3,3,1,1
202300035482,19,10,2023,22:20,5,1,7,971,97101,2,4,2,1,2
202300035483,17,5,2023,16:40,1,1,4,75,75117,2,4,1,1,1
202300035484,8,9,2023,14:00,1,1,7,971,97101,1,4,-1,1,1
202300035485,24,6,2023,03:00,5,1,1,64,64483,2,4,1,1,1
202300035486,23,6,2023,08:45,1,1,2,64,64335,1,3,2,1,1
202300035487,19,5,2023,18:33,1,1,6,75,75120,2,4,1,1,1
202300035487,19,5,2023,18:33,1,1,6,75,75120,2,4,2,2,1
202300035488,8,11,2023,16:15,1,1,6,2A,2A004,2,2,2,1,1
202300035489,8,11,2023,08:20,1,2,6,88,88209,2,4,1,2,2
202300035490,18,5,2023,15:42,1,1,2,75,75107,2,4,1,1,1
202300035490,18,5,2023,15:42,1,1,2,75,75107,2,4,2,1,1
202300035491,22,6,2023,17:30,1,1,2,64,64132,2,3,-1,1,1
202300035492,7,11,2023,16:54,1,1,6,87,87085,2,4,2,1,1
202300035493,19,5,2023,09:00,2,1,3,75,75120,2,4,2,2,1
202300035494,23,6,2023,16:00,1,1,6,64,64102,2,4,2,1,1
202300035495,23,6,2023,08:31,2,1,6,64,64024,2,4,3,1,1
202300035496,19,5,2023,18:53,1,1,3,75,75119,2,4,-1,1,1
202300035496,19,5,2023,18:53,1,1,3,75,75119,2,4,2,2,1
202300035497,7,11,2023,07:55,2,1,5,87,87050,1,2,2,1,2
202300035497,7,11,2023,07:55,2,1,5,87,87050,1,2,2,1,2
202300035498,19,5,2023,20:52,2,1,3,75,75118,2,4,-1,1,1
202300035498,19,5,2023,20:52,2,1,3,75,75118,2,4,1,1,1
202300035499,22,6,2023,18:20,1,1,5,64,64102,2,3,1,3,1
202300035500,19,5,2023,12:00,1,1,6,75,75118,2,4,-1,1,1
202300035500,19,5,2023,12:00,1,1,6,75,75118,2,4,-1,1,1
202300035501,8,11,2023,11:20,1,1,6,78,78517,1,3,2,1,1
202300035502,19,5,2023,17:10,1,1,6,75,75116,2,4,-1,1,1
202300035503,22,6,2023,14:50,1,1,1,62,62842,1,4,2,1,1
202300035504,18,5,2023,21:00,1,1,6,75,75116,2,4,1,1,1
202300035504,18,5,2023,21:00,1,1,6,75,75116,2,4,1,1,1
202300035505,8,11,2023,18:20,5,1,2,77,77373,2,4,3,1,1
202300035506,23,6,2023,12:35,1,1,3,61,61001,2,4,-1,1,1
202300035507,8,11,2023,12:50,1,1,6,77,77284,2,3,3,2,1
202300035508,18,5,2023,00:26,5,1,6,75,75116,2,4,1,1,1
202300035508,18,5,2023,00:26,5,1,6,75,75116,2,4,3,1,1
202300035508,18,5,2023,00:26,5,1,6,75,75116,2,4,3,1,1
202300035508,18,5,2023,00:26,5,1,6,75,75116,2,4,1,1,1
202300035508,18,5,2023,00:26,5,1,6,75,75116,2,4,2,1,1
202300035509,8,11,2023,13:30,1,8,6,77,77018,2,4,2,1,1
202300035510,20,5,2023,04:52,5,1,3,75,75114,2,4,2,1,1
202300035510,20,5,2023,04:52,5,1,3,75,75114,2,4,1,1,1
202300035511,8,11,2023,07:50,1,1,3,76,76231,2,4,2,1,1
202300035511,8,11,2023,07:50,1,1,3,76,76231,2,4,2,1,1
202300035512,19,5,2023,12:00,1,1,3,75,75114,2,4,2,1,1
202300035512,19,5,2023,12:00,1,1,3,75,75114,2,4,1,1,1
202300035513,7,11,2023,14:06,1,1,6,76,76351,2,4,2,1,2
202300035513,7,11,2023,14:06,1,1,6,76,76351,2,4,2,1,2
202300035514,18,5,2023,00:25,5,1,2,75,75114,2,4,1,1,1
202300035514,18,5,2023,00:25,5,1,2,75,75114,2,4,1,1,1
202300035515,8,11,2023,15:23,1,1,6,69,69266,2,4,1,1,1
202300035516,22,6,2023,12:37,1,1,6,56,56162,1,4,2,1,1
202300035517,20,5,2023,17:40,1,1,6,75,75113,2,4,1,1,1
202300035517,20,5,2023,17:40,1,1,6,75,75113,2,4,1,2,1
202300035518,7,11,2023,19:00,5,1,4,69,69259,2,7,2,1,1
202300035519,19,5,2023,13:00,1,1,3,75,75113,2,4,2,1,1
202300035519,19,5,2023,13:00,1,1,3,75,75113,2,4,1,1,1
202300035520,7,11,2023,17:40,3,1,4,69,69290,2,4,2,1,1
202300035521,19,5,2023,10:29,1,1,3,75,75113,2,4,-1,1,1
202300035521,19,5,2023,10:29,1,1,3,75,75113,2,4,2,1,1
202300035522,22,6,2023,07:45,1,1,6,54,54395,2,4,1,1,1
202300035522,22,6,2023,07:45,1,1,6,54,54395,2,4,1,1,1
202300035523,7,11,2023,11:15,1,2,3,67,67447,2,7,2,1,2
202300035524,19,5,2023,12:00,1,1,2,75,75110,2,4,1,1,1
202300035525,8,11,2023,08:10,1,1,2,64,64129,2,4,-1,1,1
202300035526,23,6,2023,16:55,1,1,4,51,51055,2,4,1,1,1
202300035527,19,5,2023,16:45,1,1,3,75,75109,2,4,1,1,1
202300035528,7,11,2023,18:25,5,2,2,64,64024,2,4,2,1,2
202300035528,7,11,2023,18:25,5,2,2,64,64024,2,4,2,1,2
202300035529,24,6,2023,00:18,3,1,2,49,49267,1,3,3,3,1
202300035530,19,5,2023,14:50,1,1,6,75,75108,2,4,-1,1,1
202300035530,19,5,2023,14:50,1,1,6,75,75108,2,4,1,1,1
202300035531,8,11,2023,11:10,1,1,6,63,63164,2,4,4,1,1
202300035532,23,6,2023,08:30,1,1,7,49,49015,2,4,2,1,1
202300035533,19,5,2023,18:20,1,1,6,75,75104,2,4,-1,1,1
202300035533,19,5,2023,18:20,1,1,6,75,75104,2,4,1,1,1
202300035534,22,6,2023,21:45,1,1,2,49,49007,2,4,2,1,1
202300035534,22,6,2023,21:45,1,1,2,49,49007,2,4,2,1,1
202300035535,8,11,2023,09:00,1,2,2,62,62193,2,4,2,1,2
202300035535,8,11,2023,09:00,1,2,2,62,62193,2,4,2,1,2
202300035536,19,5,2023,15:05,1,1,3,75,75104,2,4,1,1,1
202300035536,19,5,2023,15:05,1,1,3,75,75104,2,4,2,1,1
202300035537,22,6,2023,08:05,1,1,3,49,49007,2,4,2,1,2
202300035537,22,6,2023,08:05,1,1,3,49,49007,2,4,2,1,2
202300035538,8,11,2023,11:10,1,2,1,59,59512,2,4,-1,1,2
202300035538,8,11,2023,11:10,1,2,1,59,59512,2,4,2,1,2
202300035539,19,5,2023,09:25,1,1,3,75,75103,2,4,1,1,1
202300035539,19,5,2023,09:25,1,1,3,75,75103,2,4,1,1,1
202300035540,23,6,2023,18:50,1,1,3,47,47001,2,4,2,1,1
202300035540,23,6,2023,18:50,1,1,3,47,47001,2,4,2,1,1
202300035541,8,11,2023,17:10,5,2,6,59,59350,2,7,2,1,2
202300035542,20,5,2023,00:50,5,1,3,94,94081,2,3,3,1,1
202300035542,20,5,2023,00:50,5,1,3,94,94081,2,3,2,1,1
202300035543,23,6,2023,12:35,1,1,3,45,45302,2,4,2,1,1
202300035544,19,5,2023,09:40,1,1,6,94,94074,2,4,-1,1,1
202300035545,8,11,2023,17:45,4,2,3,59,59350,2,4,3,1,2
202300035545,8,11,2023,17:45,4,2,3,59,59350,2,4,2,1,2
202300035546,18,5,2023,18:30,1,1,6,94,94042,2,4,2,1,1
202300035547,23,6,2023,08:50,1,1,3,44,44184,2,4,2,1,1
202300035547,23,6,2023,08:50,1,1,3,44,44184,2,4,1,2,1
202300035548,8,11,2023,08:40,1,7,6,59,59195,2,7,2,1,2
202300035549,24,6,2023,01:10,5,1,3,44,44162,2,4,3,1,1
202300035550,19,5,2023,17:00,1,1,3,94,94076,2,4,2,1,1
202300035550,19,5,2023,17:00,1,1,3,94,94076,2,4,2,1,1
202300035551,8,11,2023,07:25,2,1,3,59,59350,2,4,2,1,2
202300035552,28,5,2023,10:07,1,1,3,44,44109,2,4,3,1,1
202300035552,28,5,2023,10:07,1,1,3,44,44109,2,4,4,1,1
202300035553,8,11,2023,19:19,5,3,1,59,59131,2,4,-1,1,2
202300035554,20,5,2023,16:50,1,1,3,94,94028,2,4,1,1,1
202300035555,7,11,2023,16:00,1,1,1,59,59234,2,4,2,1,2
202300035556,19,5,2023,21:02,2,1,2,94,94028,2,3,2,1,1
202300035557,6,11,2023,12:10,1,1,6,54,54395,2,4,1,2,1
202300035558,22,6,2023,17:50,1,2,6,43,43041,2,3,-1,1,2
202300035558,22,6,2023,17:50,1,2,6,43,43041,2,3,-1,1,2
202300035559,19,5,2023,12:15,1,1,6,94,94077,2,4,1,1,1
202300035560,8,11,2023,19:00,5,1,6,54,54580,2,4,2,1,2
202300035561,20,5,2023,20:25,2,1,6,94,94058,2,4,1,1,1
202300035562,8,11,2023,07:30,1,1,3,51,51454,2,4,2,1,1
202300035563,22,6,2023,19:10,1,3,6,39,39300,2,4,1,1,2
202300035564,19,5,2023,18:15,1,1,3,94,94048,2,2,2,1,1
202300035565,3,11,2023,16:45,1,8,4,50,50129,1,2,3,2,2
202300035566,20,5,2023,10:45,1,1,3,93,93072,2,4,2,1,1
202300035566,20,5,2023,10:45,1,1,3,93,93072,2,4,2,1,1
202300035567,9,4,2023,16:40,1,1,3,72,72328,1,3,-1,1,1
202300035568,23,6,2023,22:30,5,1,6,38,38185,2,7,2,1,1
202300035568,23,6,2023,22:30,5,1,6,38,38185,2,7,3,1,1
202300035569,8,11,2023,08:20,1,1,3,49,49328,2,4,2,1,2
202300035569,8,11,2023,08:20,1,1,3,49,49328,2,4,2,1,2
202300035570,13,4,2023,08:30,1,1,3,83,83056,1,3,2,1,1
202300035570,13,4,2023,08:30,1,1,3,83,83056,1,3,2,1,1
202300035571,20,5,2023,09:30,1,1,6,93,93059,2,3,3,1,1
202300035571,20,5,2023,09:30,1,1,6,93,93059,2,3,2,1,1
202300035572,23,6,2023,11:30,1,1,3,38,38151,2,7,2,1,1
202300035572,23,6,2023,11:30,1,1,3,38,38151,2,7,1,1,1
202300035573,19,5,2023,21:14,2,1,6,93,93066,2,4,2,1,1
202300035574,28,2,2023,19:30,3,2,1,07,07172,2,3,2,1,2
202300035575,7,11,2023,16:10,1,1,3,49,49015,2,4,2,1,1
202300035575,7,11,2023,16:10,1,1,3,49,49015,2,4,1,1,1
202300035576,23,6,2023,16:30,1,1,7,37,37261,2,4,1,1,1
202300035577,20,5,2023,14:36,1,1,3,93,93055,2,3,2,1,1
202300035578,10,4,2023,18:56,5,1,3,987,98734,2,2,2,1,1
202300035578,10,4,2023,18:56,5,1,3,987,98734,2,2,2,1,1
202300035579,7,11,2023,07:00,2,1,6,44,44184,2,4,2,1,1
202300035580,23,6,2023,21:10,1,1,6,35,35281,2,4,2,4,1
202300035581,20,5,2023,11:09,1,1,3,93,93055,2,3,2,1,1
202300035582,11,4,2023,21:50,5,1,6,01,01004,2,4,2,1,1
202300035582,11,4,2023,21:50,5,1,6,01,01004,2,4,2,1,1
202300035583,23,6,2023,12:10,1,1,6,35,35055,2,4,2,1,1
202300035583,23,6,2023,12:10,1,1,6,35,35055,2,4,2,1,1
202300035584,8,11,2023,08:00,2,1,2,37,37233,2,4,2,1,2
202300035584,8,11,2023,08:00,2,1,2,37,37233,2,4,2,1,2
202300035585,19,5,2023,13:30,1,1,6,93,93055,2,3,2,1,1
202300035586,23,6,2023,08:00,1,1,2,35,35051,2,4,1,1,1
202300035587,8,4,2023,15:05,1,1,1,13,13088,2,3,2,1,9
202300035587,8,4,2023,15:05,1,1,1,13,13088,2,3,2,1,1
202300035588,23,6,2023,20:15,1,1,2,34,34301,1,3,3,1,1
202300035589,18,5,2023,03:05,3,1,2,93,93053,2,3,2,2,1
202300035590,8,11,2023,19:25,3,2,3,35,35238,1,2,3,1,2
202300035591,23,6,2023,14:15,1,1,3,34,34129,2,7,2,1,1
202300035592,19,5,2023,18:35,1,1,3,93,93048,2,3,2,1,1
202300035593,13,4,2023,13:50,1,1,1,77,77500,1,3,2,1,1
202300035594,23,6,2023,08:58,1,1,3,34,34129,2,4,-1,1,1
202300035594,23,6,2023,08:58,1,1,3,34,34129,2,4,2,1,1
202300035595,18,5,2023,18:50,1,1,6,93,93032,2,3,2,2,1
202300035595,18,5,2023,18:50,1,1,6,93,93032,2,3,1,1,1
202300035596,22,6,2023,23:15,5,1,3,30,30189,2,4,1,1,1
202300035596,22,6,2023,23:15,5,1,3,30,30189,2,4,1,1,1
202300035597,20,5,2023,02:00,5,1,1,93,93057,2,3,2,1,1
202300035597,20,5,2023,02:00,5,1,1,93,93057,2,3,2,1,1
202300035598,8,11,2023,12:10,1,2,3,35,35238,2,4,2,1,2
202300035598,8,11,2023,12:10,1,2,3,35,35238,2,4,2,1,2
202300035599,12,4,2023,13:00,1,1,1,34,34027,1,7,2,1,1
202300035600,23,6,2023,18:17,1,1,2,29,29019,2,4,2,2,1
202300035601,20,5,2023,20:00,1,1,6,93,93053,2,4,1,1,1
202300035602,13,4,2023,07:30,1,2,6,68,68089,2,4,1,1,2
202300035603,22,6,2023,08:15,1,1,3,29,29019,2,4,-1,1,1
202300035604,20,5,2023,10:19,1,1,2,93,93007,2,3,1,1,1
202300035604,20,5,2023,10:19,1,1,2,93,93007,2,3,2,1,1
202300035605,7,11,2023,17:45,5,1,3,35,35238,2,4,1,1,1
202300035605,7,11,2023,17:45,5,1,3,35,35238,2,4,2,4,1
202300035606,16,6,2023,11:55,1,1,3,29,29019,2,4,2,2,1
202300035606,16,6,2023,11:55,1,1,3,29,29019,2,4,2,2,1
202300035607,19,5,2023,19:00,1,1,2,93,93005,2,4,2,1,1