id_accident,jour,mois,annee,heure_minute,luminosite,meteo,type_collision,departement,commune,agglomeration,categorie_route,regime_circulation,profil_route,etat_surface
202300035607,19,5,2023,19:00,1,1,2,93,93005,2,4,1,1,1
202300035608,12,4,2023,08:05,1,2,3,54,54115,2,3,2,1,2
202300035609,22,6,2023,15:45,1,1,2,27,27229,2,4,2,2,1
202300035610,22,10,2023,00:40,3,1,7,34,34129,2,3,-1,1,1
202300035611,19,5,2023,12:20,1,1,3,93,93005,2,4,1,1,1
202300035612,23,6,2023,17:30,1,1,1,25,25056,2,4,2,2,1
202300035613,19,5,2023,16:20,1,1,2,93,93001,2,4,1,1,1
202300035614,16,6,2023,20:29,1,1,1,22,22187,1,4,2,2,1
202300035615,19,5,2023,18:05,1,1,1,92,92051,2,3,-1,1,1
202300035615,19,5,2023,18:05,1,1,1,92,92051,2,3,-1,1,1
202300035616,23,6,2023,13:40,1,1,1,18,18279,2,4,2,1,1
202300035617,18,5,2023,10:47,1,1,2,92,92051,2,3,1,1,1
202300035618,8,11,2023,22:51,5,8,1,33,33063,2,4,2,1,2
202300035619,12,4,2023,18:50,1,3,1,38,38388,1,7,2,1,2
202300035620,23,6,2023,06:00,2,1,3,17,17306,2,3,2,1,1
202300035620,23,6,2023,06:00,2,1,3,17,17306,2,3,2,1,1
202300035621,19,5,2023,20:53,1,1,6,92,92050,2,4,2,1,1
202300035622,24,2,2023,11:20,1,1,7,16,16023,2,3,2,1,1
202300035623,8,11,2023,18:45,5,3,3,33,33162,2,4,2,1,2
202300035623,8,11,2023,18:45,5,3,3,33,33162,2,4,2,1,2
202300035624,23,6,2023,08:07,1,1,6,13,13103,2,4,2,1,1
202300035625,20,5,2023,21:10,1,1,3,92,92049,2,3,1,1,1
202300035625,20,5,2023,21:10,1,1,3,92,92049,2,3,1,1,1
202300035626,13,4,2023,16:15,1,2,5,31,31135,1,3,2,1,2
202300035627,1,3,2023,19:15,5,1,3,40,40312,2,3,1,1,1
202300035627,1,3,2023,19:15,5,1,3,40,40312,2,3,2,2,1
202300035628,22,6,2023,22:00,5,1,3,13,13205,2,4,2,1,1
202300035629,20,5,2023,18:10,1,1,6,92,92020,2,4,1,2,1
202300035630,8,11,2023,19:50,5,2,3,33,33063,2,4,1,1,2
202300035630,8,11,2023,19:50,5,2,3,33,33063,2,4,1,1,2
202300035631,13,6,2023,11:00,1,1,6,12,12202,2,4,2,2,1
202300035632,13,1,2023,20:10,3,1,3,13,13037,2,3,2,1,1
202300035633,13,4,2023,18:30,1,1,6,50,50041,2,3,2,2,1
202300035633,13,4,2023,18:30,1,1,6,50,50041,2,3,2,2,1
202300035634,19,5,2023,12:30,1,1,2,92,92040,2,3,2,1,1
202300035635,8,11,2023,18:36,5,2,6,33,33281,2,4,2,1,2
202300035635,8,11,2023,18:36,5,2,6,33,33281,2,4,2,2,2
202300035636,20,6,2023,18:35,1,1,3,11,11262,2,4,2,1,1
202300035637,9,2,2023,13:25,1,1,3,69,69244,2,4,2,2,2
202300035638,19,5,2023,10:37,1,1,6,92,92025,2,3,2,1,1
202300035639,19,3,2023,15:00,1,1,1,22,22040,1,4,3,2,1
202300035640,8,11,2023,22:00,5,1,6,31,31555,2,7,-1,1,1
202300035641,2,3,2023,11:00,1,1,6,31,31161,1,1,1,1,1
202300035642,19,5,2023,11:45,1,1,6,92,92019,2,4,1,1,1
202300035643,22,6,2023,21:40,1,1,3,10,10333,2,4,2,1,1
202300035643,22,6,2023,21:40,1,1,3,10,10333,2,4,2,1,1
202300035644,7,11,2023,18:35,1,1,6,29,29019,2,4,2,1,1
202300035644,7,11,2023,18:35,1,1,6,29,29019,2,4,2,1,1
202300035645,22,6,2023,15:05,1,8,3,10,10387,2,4,1,2,2
202300035645,22,6,2023,15:05,1,8,3,10,10387,2,4,1,2,2
202300035646,20,5,2023,03:03,5,1,2,92,92012,2,3,1,1,1
202300035647,8,4,2023,17:10,1,1,2,13,13213,1,1,3,2,1
202300035648,22,6,2023,16:00,1,8,3,06,06027,2,7,2,2,1
202300035649,21,5,2023,08:30,1,1,1,62,62169,1,4,2,1,1
202300035650,8,11,2023,07:51,5,2,3,28,28085,2,4,2,2,2
202300035651,2,3,2023,05:25,3,1,5,78,78089,1,1,3,2,1
202300035652,20,6,2023,11:35,1,1,2,04,04070,2,4,-1,1,1
202300035653,1,3,2023,07:59,1,1,3,2A,2A247,1,3,2,1,1
202300035654,8,11,2023,12:15,1,1,3,27,27229,1,4,-1,1,1
202300035655,12,4,2023,17:39,1,1,4,33,33249,1,2,1,1,1
202300035656,16,6,2023,22:00,5,1,3,02,02722,2,4,-1,1,1
202300035656,16,6,2023,22:00,5,1,3,02,02722,2,4,-1,1,1
202300035657,19,5,2023,12:00,1,1,1,22,22209,2,3,2,4,1
202300035658,22,6,2023,22:45,5,1,7,75,75117,2,4,1,1,1
202300035659,20,5,2023,11:34,1,1,6,06,06044,2,4,2,2,1
202300035660,21,1,2023,13:09,1,1,1,22,22213,1,3,2,1,7
202300035661,11,4,2023,16:25,1,1,2,59,59508,1,1,-1,1,1
202300035662,8,11,2023,19:30,5,1,3,25,25056,2,3,2,2,1
202300035662,8,11,2023,19:30,5,1,3,25,25056,2,3,-1,2,1
202300035663,19,5,2023,23:40,3,1,7,57,57493,1,3,2,1,1
202300035664,22,6,2023,01:20,5,1,3,75,75117,2,4,1,1,1
202300035665,12,4,2023,21:00,3,2,7,91,91687,1,1,3,1,2
202300035666,7,11,2023,18:15,5,1,6,22,22278,2,4,2,1,1
202300035667,19,5,2023,13:00,1,1,2,68,68295,2,3,2,1,1
202300035668,20,6,2023,12:08,1,1,3,75,75118,2,4,1,1,1
202300035669,12,4,2023,12:55,1,1,2,91,91161,1,1,1,1,1
202300035670,19,5,2023,16:50,1,1,7,46,46172,1,3,2,2,1
202300035671,4,11,2023,06:45,5,3,6,19,19031,2,4,1,1,2
202300035672,23,6,2023,11:40,1,1,2,75,75119,2,4,2,1,1
202300035672,23,6,2023,11:40,1,1,2,75,75119,2,4,2,1,1
202300035673,12,4,2023,05:27,3,3,7,91,91064,1,3,1,1,8
202300035674,1,3,2023,07:30,1,1,5,69,69276,1,7,3,1,1
202300035675,8,11,2023,13:20,1,1,2,17,17415,2,4,2,1,1
202300035676,19,5,2023,21:35,2,1,7,59,59266,1,3,2,1,1
202300035677,23,6,2023,17:57,1,1,6,75,75118,2,4,2,1,1
202300035677,23,6,2023,17:57,1,1,6,75,75118,2,4,1,2,1
202300035678,1,3,2023,20:15,5,1,4,92,92050,1,1,1,1,1
202300035679,22,6,2023,03:00,5,1,6,75,75118,2,4,-1,1,1
202300035680,21,5,2023,11:31,1,1,6,65,65272,1,3,2,4,1
202300035681,11,4,2023,22:50,3,3,5,92,92002,1,1,1,1,2
202300035682,8,11,2023,00:30,3,8,2,14,14327,1,2,1,1,2
202300035683,20,5,2023,16:30,1,1,3,71,71004,1,3,2,1,1
202300035683,20,5,2023,16:30,1,1,3,71,71004,1,3,2,1,1
202300035684,23,6,2023,00:55,5,1,3,75,75117,2,4,1,1,1
202300035684,23,6,2023,00:55,5,1,3,75,75117,2,4,1,1,1
202300035685,28,2,2023,17:00,1,1,4,95,95018,1,1,3,1,1
202300035686,8,11,2023,11:00,1,1,6,13,13203,2,4,2,1,1
202300035687,12,4,2023,08:40,2,2,5,92,92062,1,2,1,1,2
202300035688,19,5,2023,20:45,1,1,3,62,62147,1,3,2,1,1
202300035688,19,5,2023,20:45,1,1,3,62,62147,1,3,2,1,1
202300035688,19,5,2023,20:45,1,1,3,62,62147,1,3,2,1,1
202300035689,5,11,2023,18:00,2,1,1,13,13208,2,4,2,1,1
202300035690,23,6,2023,16:30,1,1,3,75,75116,2,4,2,1,1
202300035690,23,6,2023,16:30,1,1,3,75,75116,2,4,-1,1,1
202300035691,11,4,2023,16:51,1,2,3,92,92036,1,1,1,1,2
202300035692,28,2,2023,18:40,1,1,3,93,93053,1,1,1,1,1
202300035693,19,5,2023,16:20,1,1,2,34,34095,1,7,2,1,1
202300035694,28,2,2023,14:35,1,1,6,95,95018,1,1,3,1,1
202300035695,23,6,2023,15:45,1,1,2,75,75116,2,4,2,1,1
202300035696,20,5,2023,12:20,1,1,7,62,62297,1,3,2,2,1
202300035697,11,4,2023,09:25,1,1,1,78,78423,1,2,3,1,1
202300035698,8,11,2023,13:30,1,1,6,13,13005,2,4,2,1,1
202300035698,8,11,2023,13:30,1,1,6,13,13005,2,4,2,1,1
202300035699,20,5,2023,16:50,1,8,6,19,19273,1,3,-1,2,1
202300035700,22,6,2023,04:04,5,1,3,75,75116,2,4,2,1,1
202300035700,22,6,2023,04:04,5,1,3,75,75116,2,4,2,1,1
202300035701,11,4,2023,18:40,2,2,2,93,93010,1,1,3,1,2
202300035702,28,2,2023,08:40,1,1,3,95,95527,1,1,1,4,1
202300035703,20,5,2023,11:25,1,1,6,77,77509,1,3,2,1,1
202300035704,8,11,2023,18:30,5,1,3,06,06012,2,3,2,2,1
202300035705,23,6,2023,12:39,1,1,3,75,75105,2,4,2,1,1
202300035705,23,6,2023,12:39,1,1,3,75,75105,2,4,2,1,1
202300035706,13,5,2023,13:45,1,1,1,76,76245,1,3,1,1,1
202300035706,13,5,2023,13:45,1,1,1,76,76245,1,3,2,1,1
202300035707,12,4,2023,05:50,3,3,6,94,94017,1,1,3,1,2
202300035708,1,3,2023,11:55,1,1,4,75,75112,1,1,3,1,1
202300035709,8,11,2023,18:05,5,1,3,06,06069,2,4,2,1,1
202300035710,19,5,2023,18:45,1,1,7,79,79118,1,3,2,1,1
202300035711,21,6,2023,13:09,1,1,3,75,75114,2,4,1,1,1
202300035711,21,6,2023,13:09,1,1,3,75,75114,2,4,1,1,1
202300035712,19,5,2023,18:20,1,1,6,2B,2B096,2,2,1,1,1
202300035713,1,3,2023,08:35,1,1,3,77,77258,1,1,3,1,1
202300035714,8,11,2023,13:10,1,1,2,06,06030,2,4,2,1,1
202300035715,10,4,2023,22:18,5,3,6,94,94073,1,1,1,1,2
202300035716,14,6,2023,14:20,1,1,2,75,75114,2,4,2,1,1
202300035716,14,6,2023,14:20,1,1,2,75,75114,2,4,-1,1,1
202300035717,27,2,2023,07:00,1,1,6,976,97611,2,2,2,1,1
202300035718,19,5,2023,13:30,1,1,3,80,80368,2,3,2,1,1
202300035718,19,5,2023,13:30,1,1,3,80,80368,2,3,2,1,1
202300035719,7,11,2023,18:30,5,1,2,75,75120,2,4,-1,1,1
202300035720,11,4,2023,13:40,1,1,3,69,69383,2,4,2,1,1
202300035720,11,4,2023,13:40,1,1,3,69,69383,2,4,1,1,1
202300035721,22,6,2023,17:10,1,1,3,75,75105,2,4,1,1,1
202300035721,22,6,2023,17:10,1,1,3,75,75105,2,4,2,2,1
202300035722,6,11,2023,14:10,1,1,3,75,75114,2,4,1,1,1
202300035723,20,5,2023,11:15,1,1,6,33,33261,1,4,2,4,1
202300035724,27,2,2023,08:50,1,1,3,974,97416,2,4,-1,1,1
202300035724,27,2,2023,08:50,1,1,3,974,97416,2,4,-1,1,1
202300035725,23,6,2023,18:45,1,1,7,75,75110,2,4,1,1,1
202300035726,11,4,2023,05:50,5,9,6,60,60057,2,4,2,1,1
202300035727,19,5,2023,20:15,2,2,2,69,69063,2,7,2,1,2
202300035728,27,2,2023,08:50,1,1,3,974,97411,2,4,2,1,1
202300035729,23,6,2023,16:18,1,1,1,75,75108,2,4,2,1,1
202300035730,11,4,2023,16:00,1,1,6,34,34129,2,7,3,1,1
202300035731,21,5,2023,14:45,1,1,6,71,71158,2,3,2,2,1
202300035732,6,11,2023,06:15,3,1,5,75,75117,2,4,1,1,1
202300035733,23,6,2023,12:20,1,1,3,75,75108,2,4,2,2,1
202300035734,19,5,2023,21:45,4,1,6,71,71428,1,3,2,2,1
202300035735,27,2,2023,07:00,1,1,1,974,97411,2,4,2,2,1
202300035735,27,2,2023,07:00,1,1,1,974,97411,2,4,2,1,1
202300035736,10,4,2023,22:49,5,2,6,78,78358,2,3,3,1,2
202300035737,8,11,2023,22:20,5,2,2,75,75106,2,4,1,1,2
202300035737,8,11,2023,22:20,5,2,2,75,75106,2,4,1,1,2
202300035738,19,5,2023,15:45,1,1,3,89,89480,1,3,2,1,1
202300035739,23,6,2023,16:00,1,1,6,75,75107,2,4,-1,1,1
202300035739,23,6,2023,16:00,1,1,6,75,75107,2,4,2,1,1
202300035740,11,4,2023,08:10,1,8,7,974,97416,1,4,2,2,2
202300035741,26,2,2023,18:30,5,1,6,974,97411,2,4,2,3,1
202300035742,23,6,2023,16:10,1,1,6,75,75101,2,4,1,1,1
202300035742,23,6,2023,16:10,1,1,6,75,75101,2,4,1,1,1
202300035743,8,11,2023,07:23,2,1,3,75,75106,2,4,1,1,1
202300035743,8,11,2023,07:23,2,1,3,75,75106,2,4,1,1,1
202300035744,19,5,2023,14:00,1,1,6,63,63397,1,3,2,2,1
202300035745,11,4,2023,15:30,1,1,1,974,97411,1,3,-1,2,1
202300035746,27,2,2023,17:50,1,1,3,69,69388,2,4,2,1,1
202300035746,27,2,2023,17:50,1,1,3,69,69388,2,4,2,1,1
202300035747,21,6,2023,19:50,1,1,6,75,75102,2,4,1,1,1
202300035747,21,6,2023,19:50,1,1,6,75,75102,2,4,2,1,1
202300035748,11,4,2023,07:00,1,1,6,974,97411,2,2,1,1,1
202300035749,20,5,2023,16:20,1,1,1,63,63371,1,3,2,2,1
202300035750,8,11,2023,00:50,5,1,6,75,75119,2,4,1,1,1
202300035750,8,11,2023,00:50,5,1,6,75,75119,2,4,1,1,1
202300035751,19,5,2023,14:40,1,1,6,12,12119,1,3,2,2,1
202300035752,27,2,2023,06:35,1,1,6,972,97213,1,4,2,1,1
202300035753,11,4,2023,15:25,1,1,6,974,97409,2,4,1,1,1
202300035754,15,6,2023,18:25,1,1,1,94,94068,2,4,2,1,1
202300035755,8,11,2023,10:19,1,1,3,75,75113,2,4,4,1,1
202300035755,8,11,2023,10:19,1,1,3,75,75113,2,4,1,1,1
202300035756,19,5,2023,15:30,1,1,3,41,41083,2,3,2,1,1
202300035757,26,2,2023,20:20,3,1,1,972,97209,1,3,2,1,1
202300035758,15,6,2023,14:10,1,7,2,94,94068,2,4,1,1,1
202300035759,11,4,2023,16:45,1,8,3,974,97407,2,2,1,1,1
202300035760,20,5,2023,21:10,1,1,3,41,41043,1,3,2,1,1
202300035760,20,5,2023,21:10,1,1,3,41,41043,1,3,2,1,1
202300035761,8,11,2023,20:00,5,2,2,75,75112,2,4,1,1,2
202300035761,8,11,2023,20:00,5,2,2,75,75112,2,4,1,1,2
202300035762,23,6,2023,16:15,1,1,3,94,94076,2,3,3,1,1
202300035762,23,6,2023,16:15,1,1,3,94,94076,2,3,1,1,1
202300035763,20,5,2023,16:30,1,1,7,68,68150,2,4,2,1,1
202300035763,20,5,2023,16:30,1,1,7,68,68150,2,4,2,1,1
202300035764,27,2,2023,17:21,1,1,6,69,69034,2,4,2,2,1
202300035764,27,2,2023,17:21,1,1,6,69,69034,2,4,2,1,1
202300035765,11,4,2023,12:55,1,1,3,69,69382,2,4,1,1,2
202300035765,11,4,2023,12:55,1,1,3,69,69382,2,4,1,1,2
202300035766,23,6,2023,20:55,1,1,6,94,94041,2,4,1,1,1
202300035767,21,5,2023,06:30,2,1,6,25,25018,1,3,2,2,1
202300035768,8,11,2023,19:00,5,2,3,75,75112,2,4,2,1,2
202300035768,8,11,2023,19:00,5,2,3,75,75112,2,4,1,1,2
202300035769,23,6,2023,18:50,1,1,3,94,94041,2,3,2,1,1
202300035770,11,4,2023,18:45,5,1,3,971,97101,2,3,1,1,1
202300035771,27,2,2023,12:30,1,1,3,69,69034,2,4,2,3,1
202300035771,27,2,2023,12:30,1,1,3,69,69034,2,4,2,1,1
202300035772,19,5,2023,18:12,1,1,1,25,25177,2,3,2,1,1
202300035772,19,5,2023,18:12,1,1,1,25,25177,2,3,2,4,1
202300035773,8,11,2023,19:30,5,2,1,75,75112,2,4,2,1,2
202300035773,8,11,2023,19:30,5,2,1,75,75112,2,4,2,1,2
202300035774,23,6,2023,15:45,1,1,3,94,94021,2,3,1,1,1
202300035775,11,4,2023,16:30,1,1,2,95,95277,2,4,2,2,1
202300035776,20,5,2023,16:45,1,1,1,25,25434,2,3,2,2,1
202300035777,23,6,2023,07:20,1,1,6,94,94028,2,4,3,1,1
202300035778,8,11,2023,12:15,1,1,6,75,75109,2,4,1,1,1
202300035779,20,5,2023,21:30,2,1,7,35,35116,2,4,2,1,1
202300035780,11,4,2023,20:00,1,2,3,95,95197,2,3,2,1,2
202300035781,8,11,2023,11:40,1,8,6,75,75109,2,4,2,1,1
202300035781,8,11,2023,11:40,1,8,6,75,75109,2,4,2,1,1
202300035782,23,6,2023,04:21,5,1,1,94,94011,2,3,2,1,1
202300035783,24,2,2023,16:22,1,1,6,87,87085,2,4,3,2,1
202300035784,20,5,2023,01:45,3,1,3,29,29272,1,4,2,1,1
202300035785,11,4,2023,19:30,1,2,3,95,95598,2,4,1,1,2
202300035786,23,6,2023,21:40,1,1,3,94,94022,2,3,1,1,1
202300035787,8,11,2023,18:15,5,8,7,75,75108,2,4,-1,1,2
202300035787,8,11,2023,18:15,5,8,7,75,75108,2,4,1,1,2
202300035788,20,5,2023,03:50,3,1,6,29,29212,1,3,1,1,1
202300035789,27,2,2023,09:30,1,1,2,86,86214,1,3,3,3,1
202300035790,8,11,2023,07:25,5,1,6,75,75104,2,4,2,1,1
202300035791,19,5,2023,22:28,3,1,6,02,02203,1,3,2,1,1
202300035792,23,6,2023,00:45,3,1,4,94,94070,2,2,2,1,1
202300035793,8,11,2023,12:54,1,8,6,94,94078,2,4,-1,1,1
202300035794,23,6,2023,09:20,1,1,2,93,93073,1,4,3,1,1
202300035795,10,4,2023,22:20,5,3,3,91,91667,2,3,2,1,2
202300035796,19,5,2023,15:15,1,1,4,02,02290,1,3,2,2,1
202300035797,8,11,2023,10:00,1,1,6,94,94044,2,4,2,1,1
202300035798,23,6,2023,10:45,1,1,2,93,93066,2,3,3,1,1
202300035799,11,4,2023,10:40,1,1,6,88,88087,2,3,2,1,1
202300035800,8,11,2023,07:00,3,1,6,94,94078,2,3,1,1,1
202300035801,19,5,2023,15:20,1,2,3,84,84102,1,3,2,1,2
202300035802,23,6,2023,11:30,1,1,1,93,93055,2,3,3,1,1
202300035802,23,6,2023,11:30,1,1,1,93,93055,2,3,2,2,1
202300035803,7,4,2023,16:08,1,1,2,87,87085,2,4,2,1,1
202300035804,19,5,2023,16:45,1,1,6,15,15090,1,3,2,1,1
202300035804,19,5,2023,16:45,1,1,6,15,15090,1,3,2,1,1
202300035805,23,6,2023,17:30,1,1,3,93,93051,2,4,2,1,1
202300035805,23,6,2023,17:30,1,1,3,93,93051,2,4,1,1,1
202300035806,7,11,2023,16:40,1,1,3,94,94076,2,3,2,1,1
202300035806,7,11,2023,16:40,1,1,3,94,94076,2,3,-1,1,1
202300035807,27,2,2023,12:45,1,1,3,76,76165,2,7,2,1,1
202300035807,27,2,2023,12:45,1,1,3,76,76165,2,7,2,1,1
202300035808,6,4,2023,21:08,5,1,6,87,87085,2,4,2,1,1
202300035809,20,5,2023,22:15,3,1,6,01,01016,1,3,2,1,1
202300035809,20,5,2023,22:15,3,1,6,01,01016,1,3,2,1,1
202300035810,23,6,2023,19:00,1,1,3,93,93046,2,3,1,1,1
202300035811,27,2,2023,08:55,1,1,6,76,76540,2,4,2,1,1
202300035811,27,2,2023,08:55,1,1,6,76,76540,2,4,1,1,1
202300035812,21,5,2023,08:50,1,1,1,70,70451,2,3,2,1,1
202300035813,23,6,2023,16:30,1,1,4,93,93045,2,3,1,2,1
202300035813,23,6,2023,16:30,1,1,4,93,93045,2,3,2,1,1
202300035814,11,4,2023,15:10,1,1,3,86,86194,2,4,-1,1,1
202300035814,11,4,2023,15:10,1,1,3,86,86194,2,4,2,1,1
202300035815,8,11,2023,10:45,1,8,5,94,94077,2,3,2,1,1
202300035815,8,11,2023,10:45,1,8,5,94,94077,2,3,-1,1,1
202300035816,27,2,2023,08:35,1,1,6,76,76351,1,4,3,1,1
202300035817,23,6,2023,09:00,1,7,6,93,93032,2,4,1,1,1
202300035818,21,5,2023,12:40,1,1,3,58,58149,1,3,2,1,1
202300035819,8,11,2023,18:10,5,2,6,94,94018,2,4,1,1,2
202300035819,8,11,2023,18:10,5,2,6,94,94018,2,4,1,1,2
202300035820,6,4,2023,10:50,1,1,3,83,83061,2,4,2,1,1
202300035820,6,4,2023,10:50,1,1,3,83,83061,2,4,2,1,1
202300035821,25,2,2023,14:40,1,2,6,76,76351,2,4,2,1,2
202300035822,23,6,2023,11:45,1,1,3,93,93014,2,4,2,2,1
202300035822,23,6,2023,11:45,1,1,3,93,93014,2,4,2,1,1
202300035823,21,5,2023,00:00,5,2,4,06,06032,2,7,2,2,2
202300035824,8,11,2023,10:10,1,8,2,94,94069,2,4,2,1,1
202300035825,5,4,2023,15:00,1,1,3,80,80021,2,4,2,1,1
202300035825,5,4,2023,15:00,1,1,3,80,80021,2,4,2,1,1
202300035826,23,6,2023,17:13,1,7,2,92,92073,2,3,2,2,1
202300035827,26,2,2023,06:55,5,1,6,72,72181,2,4,-1,1,1
202300035827,26,2,2023,06:55,5,1,6,72,72181,2,4,2,3,1
202300035828,19,5,2023,16:15,1,1,2,14,14528,2,3,2,1,1
202300035828,19,5,2023,16:15,1,1,2,14,14528,2,3,2,1,1
202300035829,22,6,2023,21:30,2,1,6,92,92072,2,3,3,1,1
202300035830,7,11,2023,17:00,2,1,6,94,94002,2,3,2,2,1
202300035830,7,11,2023,17:00,2,1,6,94,94002,2,3,2,2,1
202300035831,26,2,2023,15:40,1,1,6,71,71540,2,4,1,1,1
202300035832,20,5,2023,20:25,1,1,6,50,50087,1,3,2,2,9
202300035833,20,6,2023,22:00,5,1,6,92,92022,2,3,2,1,1
202300035834,11,4,2023,14:00,1,8,3,77,77058,2,4,1,1,1
202300035834,11,4,2023,14:00,1,8,3,77,77058,2,4,2,1,1
202300035835,8,11,2023,16:10,1,1,3,93,93066,2,3,3,1,1
202300035835,8,11,2023,16:10,1,1,3,93,93066,2,3,2,1,1
202300035836,9,4,2023,00:35,5,1,6,76,76351,2,4,2,2,1
202300035837,23,6,2023,17:25,1,1,3,92,92064,2,3,2,1,1
202300035837,23,6,2023,17:25,1,1,3,92,92064,2,3,1,2,1
202300035838,20,5,2023,12:40,1,1,3,50,50433,1,3,2,1,1
202300035838,20,5,2023,12:40,1,1,3,50,50433,1,3,2,1,1
202300035839,27,2,2023,13:30,1,1,3,69,69290,2,4,2,4,1
202300035839,27,2,2023,13:30,1,1,3,69,69290,2,4,2,1,1
202300035840,23,6,2023,13:00,1,1,3,92,92063,2,3,3,1,1
202300035841,8,11,2023,00:45,5,1,3,93,93066,2,3,2,1,1
202300035841,8,11,2023,00:45,5,1,3,93,93066,2,3,3,1,1
202300035842,19,5,2023,13:20,1,1,6,50,50410,1,3,2,1,1
202300035842,19,5,2023,13:20,1,1,6,50,50410,1,3,2,1,1
202300035843,8,4,2023,14:40,1,1,2,76,76341,1,3,3,2,1
202300035844,26,2,2023,18:40,5,1,5,67,67482,2,4,2,1,1
202300035845,23,6,2023,19:13,1,1,6,92,92020,2,4,2,1,1
202300035846,8,11,2023,08:45,1,1,1,93,93062,2,4,1,1,1
202300035847,25,2,2023,19:57,1,2,6,66,66136,2,4,2,1,2
202300035848,20,5,2023,01:05,5,1,6,60,60104,2,3,2,1,1
202300035848,20,5,2023,01:05,5,1,6,60,60104,2,3,2,3,1
202300035849,22,6,2023,17:40,1,1,3,92,92036,2,3,1,1,1
202300035849,22,6,2023,17:40,1,1,3,92,92036,2,3,3,1,1
202300035850,8,11,2023,15:40,1,1,6,93,93050,2,3,2,1,6
202300035851,10,4,2023,17:00,1,1,1,71,71270,1,4,2,4,1
202300035852,24,2,2023,22:35,5,1,3,66,66136,2,4,2,1,1
202300035852,24,2,2023,22:35,5,1,3,66,66136,2,4,2,1,1
202300035853,13,5,2023,14:35,1,1,5,45,45279,2,3,2,1,1
202300035854,23,6,2023,09:00,1,1,3,92,92023,2,3,2,1,1
202300035854,23,6,2023,09:00,1,1,3,92,92023,2,3,2,1,1
202300035855,8,11,2023,17:40,5,2,2,93,93010,2,3,1,1,2
202300035856,20,5,2023,17:30,1,1,6,45,45099,1,3,2,1,1
202300035857,11,4,2023,17:30,1,1,6,69,69290,2,4,2,1,1
202300035858,23,6,2023,13:55,1,1,6,92,92012,2,4,1,1,1
202300035859,25,2,2023,22:35,5,1,3,63,63113,2,7,3,1,1
202300035859,25,2,2023,22:35,5,1,3,63,63113,2,7,3,1,1
202300035860,20,5,2023,21:30,2,1,7,10,10323,2,4,2,1,1
202300035861,23,6,2023,12:00,1,1,3,92,92002,2,4,1,1,1
202300035862,8,11,2023,17:10,2,2,6,93,93001,2,3,2,1,2
202300035863,21,5,2023,06:44,2,1,7,07,07085,1,3,2,2,2
202300035864,25,2,2023,14:55,1,1,3,63,63014,2,6,1,1,1
202300035864,25,2,2023,14:55,1,1,3,63,63014,2,6,1,1,1
202300035865,11,4,2023,16:15,1,1,5,69,69259,2,4,2,1,1
202300035866,19,5,2023,11:00,1,1,6,53,53185,2,2,2,1,1
202300035867,22,6,2023,21:30,1,1,3,92,92002,2,3,2,1,1
202300035867,22,6,2023,21:30,1,1,3,92,92002,2,3,2,1,1
202300035868,7,11,2023,18:10,2,1,3,93,93001,2,3,3,1,1
202300035868,7,11,2023,18:10,2,1,3,93,93001,2,3,2,1,1
202300035869,25,2,2023,14:03,1,1,1,59,59329,1,3,2,1,1
202300035870,10,4,2023,16:32,1,1,6,69,69199,2,4,2,1,1
202300035871,21,5,2023,12:04,1,1,3,53,53162,1,3,1,1,1
202300035872,23,6,2023,18:50,1,1,2,01,01085,1,3,2,2,1
202300035872,23,6,2023,18:50,1,1,2,01,01085,1,3,2,2,1
202300035873,7,11,2023,08:40,1,1,3,92,92063,2,3,2,1,1
202300035873,7,11,2023,08:40,1,1,3,92,92063,2,3,1,1,1
202300035874,27,2,2023,15:59,1,1,6,51,51454,2,4,2,2,1
202300035875,20,5,2023,19:30,1,1,1,40,40120,1,3,2,1,1
202300035876,9,4,2023,18:55,1,1,3,67,67482,2,4,3,1,1
202300035877,23,6,2023,19:05,1,1,3,38,38344,2,4,2,1,1
202300035878,6,11,2023,12:10,1,1,3,92,92063,2,4,2,1,1
202300035879,27,2,2023,08:30,1,1,6,51,51454,2,4,2,1,1
202300035880,20,5,2023,06:25,2,1,6,85,85277,1,3,2,1,1
202300035881,8,11,2023,18:35,5,2,6,92,92062,2,4,2,1,2
202300035882,25,2,2023,22:40,5,1,6,50,50129,1,3,2,1,1
202300035883,9,4,2023,18:50,1,1,5,67,67482,2,4,3,1,1
202300035884,21,5,2023,02:30,3,1,6,27,27425,2,4,2,3,1
202300035885,19,5,2023,12:50,1,1,7,28,28282,1,3,2,1,1
202300035886,8,11,2023,17:20,3,2,2,92,92051,2,4,2,1,2
202300035887,24,6,2023,11:15,1,1,4,11,11076,1,1,1,1,1
202300035888,9,4,2023,17:50,1,1,2,67,67482,2,4,3,1,1
202300035889,26,2,2023,07:10,5,1,6,49,49099,2,4,2,1,1
202300035889,26,2,2023,07:10,5,1,6,49,49099,2,4,4,1,1
202300035890,19,5,2023,13:22,1,1,7,87,87154,2,4,2,1,1
202300035891,23,6,2023,23:00,4,1,2,42,42338,1,3,2,1,1
202300035892,8,11,2023,08:00,1,8,3,92,92050,2,4,1,1,1
202300035892,8,11,2023,08:00,1,8,3,92,92050,2,4,2,1,1
202300035893,27,2,2023,08:10,1,1,6,49,49267,2,4,2,1,1
202300035894,8,4,2023,16:45,1,1,3,67,67447,2,4,2,1,1