id_accident,jour,mois,annee,heure_minute,luminosite,meteo,type_collision,departement,commune,agglomeration,categorie_route,regime_circulation,profil_route,etat_surface
202300035895,20,5,2023,11:40,1,1,1,37,37273,1,3,2,1,1
202300035896,23,6,2023,23:40,3,1,7,68,68097,1,3,2,2,1
202300035897,8,11,2023,15:26,1,8,6,92,92012,2,3,2,1,1
202300035898,27,2,2023,13:35,1,1,6,37,37122,2,4,2,1,1
202300035899,10,4,2023,21:43,5,1,6,66,66136,2,4,1,1,1
202300035900,9,6,2023,18:40,2,1,6,974,97404,1,4,2,1,1
202300035901,20,5,2023,13:10,1,1,3,30,30053,1,3,2,2,1
202300035901,20,5,2023,13:10,1,1,3,30,30053,1,3,2,1,1
202300035902,27,2,2023,08:15,1,1,6,37,37261,2,4,-1,1,1
202300035903,24,6,2023,09:25,1,1,7,26,26116,1,1,1,2,1
202300035904,8,4,2023,13:43,1,1,6,66,66136,2,4,2,1,1
202300035905,8,11,2023,11:50,1,1,3,92,92012,2,4,2,1,1
202300035905,8,11,2023,11:50,1,1,3,92,92012,2,4,2,1,1
202300035906,22,6,2023,21:30,3,2,7,21,21273,1,1,3,1,2
202300035907,20,5,2023,11:30,1,1,6,30,30233,1,4,2,1,1
202300035907,20,5,2023,11:30,1,1,6,30,30233,1,4,2,2,1
202300035908,27,2,2023,14:55,1,1,2,35,35055,1,3,2,1,1
202300035909,8,11,2023,09:28,1,1,6,92,92012,2,4,1,1,1
202300035910,8,4,2023,23:55,5,1,3,66,66136,2,4,2,2,1
202300035910,8,4,2023,23:55,5,1,3,66,66136,2,4,2,1,1
202300035911,23,6,2023,21:40,2,1,6,47,47034,2,3,2,1,1
202300035912,27,2,2023,10:40,1,1,4,33,33063,2,4,2,1,1
202300035913,19,5,2023,13:21,1,1,6,973,97307,1,2,2,1,1
202300035914,9,11,2023,06:30,3,2,3,62,62898,1,3,2,2,2
202300035914,9,11,2023,06:30,3,2,3,62,62898,1,3,2,1,2
202300035915,23,6,2023,19:40,1,1,1,2B,2B124,1,3,2,1,1
202300035916,9,4,2023,18:53,1,1,2,63,63113,2,4,-1,1,1
202300035916,9,4,2023,18:53,1,1,2,63,63113,2,4,-1,1,1
202300035917,27,2,2023,15:38,1,1,6,27,27681,2,4,2,1,1
202300035918,24,6,2023,11:30,1,1,1,62,62553,2,3,2,1,1
202300035919,18,5,2023,18:45,3,1,1,988,98805,1,4,2,1,1
202300035920,9,11,2023,08:30,1,2,3,42,42332,1,3,2,1,2
202300035920,9,11,2023,08:30,1,2,3,42,42332,1,3,2,2,2
202300035921,26,2,2023,13:53,1,1,6,27,27229,1,3,2,2,1
202300035922,7,4,2023,09:11,1,1,3,63,63113,2,4,2,1,1
202300035922,7,4,2023,09:11,1,1,3,63,63113,2,4,2,1,1
202300035923,21,6,2023,01:16,3,1,6,62,62673,1,3,2,1,1
202300035924,18,5,2023,21:25,2,1,3,67,67309,1,7,2,2,1
202300035925,9,11,2023,17:20,5,1,6,57,57706,2,3,2,1,2
202300035926,11,4,2023,08:45,1,1,3,62,62413,2,3,2,1,1
202300035926,11,4,2023,08:45,1,1,3,62,62413,2,3,2,1,1
202300035927,24,6,2023,05:00,2,1,4,37,37153,1,1,3,1,1
202300035928,8,11,2023,08:55,1,8,6,45,45110,1,1,3,1,1
202300035929,21,5,2023,02:50,3,1,7,47,47061,1,1,3,1,1
202300035930,11,4,2023,08:00,1,7,6,62,62193,2,4,3,1,1
202300035931,24,6,2023,08:40,1,1,1,51,51354,1,3,2,1,1
202300035931,24,6,2023,08:40,1,1,1,51,51354,1,3,2,1,1
202300035932,8,11,2023,20:15,5,3,3,59,59082,1,3,2,1,2
202300035933,24,6,2023,15:00,1,1,7,76,76141,1,4,2,2,1
202300035934,26,2,2023,01:05,5,1,3,22,22215,1,3,1,3,1
202300035935,23,6,2023,23:53,4,1,6,76,76436,1,7,2,1,1
202300035936,11,4,2023,08:35,1,1,3,59,59368,2,7,2,1,1
202300035936,11,4,2023,08:35,1,1,3,59,59368,2,7,1,1,1
202300035937,9,11,2023,07:23,2,2,3,65,65369,1,3,2,1,2
202300035937,9,11,2023,07:23,2,2,3,65,65369,1,3,2,1,2
202300035938,20,5,2023,04:30,3,1,3,06,06149,1,1,3,2,1
202300035939,22,2,2023,11:25,1,1,6,19,19272,2,3,1,1,1
202300035940,8,11,2023,18:00,3,2,6,77,77162,2,3,2,1,2
202300035941,24,6,2023,17:00,1,1,7,76,76201,2,5,-1,1,1
202300035942,9,4,2023,16:43,1,1,3,57,57012,2,3,2,1,1
202300035942,9,4,2023,16:43,1,1,3,57,57012,2,3,2,1,1
202300035943,18,5,2023,16:40,1,1,2,11,11144,1,3,2,1,1
202300035943,18,5,2023,16:40,1,1,2,11,11144,1,3,2,1,1
202300035944,24,2,2023,19:00,2,1,6,19,19031,2,4,2,1,1
202300035945,23,6,2023,21:15,1,1,1,79,79289,1,3,2,1,1
202300035946,9,11,2023,15:50,1,2,6,74,74282,1,3,2,1,6
202300035947,19,5,2023,20:30,3,1,7,988,98825,1,2,2,1,1
202300035948,26,2,2023,05:35,5,1,6,14,14271,2,3,2,1,1
202300035948,26,2,2023,05:35,5,1,6,14,14271,2,3,1,1,1
202300035949,24,6,2023,05:50,2,1,6,2A,2A008,2,3,2,1,1
202300035950,7,4,2023,18:50,1,1,3,56,56098,2,3,2,1,1
202300035951,9,11,2023,18:00,3,3,1,79,79204,1,3,2,1,2
202300035952,24,6,2023,19:27,2,7,6,80,80793,2,3,2,1,1
202300035953,7,5,2023,19:30,3,1,1,988,98821,1,2,2,1,1
202300035954,24,6,2023,16:10,1,1,6,71,71351,1,3,2,1,1
202300035955,27,2,2023,14:15,1,2,1,13,13214,2,4,2,2,2
202300035955,27,2,2023,14:15,1,2,1,13,13214,2,4,2,3,2
202300035955,27,2,2023,14:15,1,2,1,13,13214,2,4,2,1,2
202300035956,7,11,2023,20:30,5,1,1,71,71204,1,3,2,1,1
202300035957,11,4,2023,06:05,5,1,3,51,51454,2,4,2,1,1
202300035957,11,4,2023,06:05,5,1,3,51,51454,2,4,2,1,1
202300035958,21,5,2023,13:15,1,1,6,988,98802,2,4,2,2,1
202300035959,24,6,2023,11:50,1,1,6,71,71479,2,4,2,1,1
202300035959,24,6,2023,11:50,1,1,6,71,71479,2,4,2,2,1
202300035960,27,2,2023,07:50,1,1,3,13,13211,2,4,2,1,2
202300035961,8,11,2023,23:00,3,3,2,61,61485,1,3,2,2,2
202300035962,18,5,2023,19:00,3,1,1,971,97125,1,4,2,2,1
202300035963,10,4,2023,11:15,1,5,3,50,50129,2,4,2,1,2
202300035963,10,4,2023,11:15,1,5,3,50,50129,2,4,2,2,2
202300035964,23,6,2023,17:50,1,1,3,89,89407,1,3,4,1,1
202300035964,23,6,2023,17:50,1,1,3,89,89407,1,3,2,1,-1
202300035965,8,11,2023,15:40,1,2,6,44,44036,2,4,2,1,2
202300035966,26,2,2023,23:30,5,2,6,13,13208,2,4,2,1,2
202300035967,19,5,2023,19:30,3,1,3,971,97118,2,3,2,2,1
202300035968,11,4,2023,11:30,1,1,6,44,44162,2,4,2,1,1
202300035969,23,6,2023,18:30,1,1,3,61,61287,1,3,2,1,1
202300035969,23,6,2023,18:30,1,1,3,61,61287,1,3,2,1,1
202300035970,8,11,2023,17:35,5,2,6,02,02810,2,3,2,1,2
202300035971,27,2,2023,22:10,5,2,2,13,13098,2,4,2,1,2
202300035972,19,5,2023,21:45,5,2,2,978,97801,2,2,1,1,2
202300035972,19,5,2023,21:45,5,2,2,978,97801,2,2,2,1,2
202300035973,26,2,2023,10:06,1,1,6,10,10333,2,3,1,1,1
202300035974,18,5,2023,11:00,1,1,6,30,30130,1,3,2,1,1
202300035975,11,4,2023,08:35,1,1,1,44,44162,2,4,2,2,1
202300035976,9,11,2023,15:20,1,1,1,03,03138,1,2,2,1,1
202300035977,24,6,2023,15:15,1,7,3,55,55312,1,3,2,1,1
202300035977,24,6,2023,15:15,1,7,3,55,55312,1,3,2,1,1
202300035978,19,5,2023,12:30,1,1,6,34,34157,2,4,2,1,1
202300035979,11,4,2023,07:55,1,2,7,43,43002,2,4,2,2,2
202300035980,27,2,2023,03:25,5,2,6,06,06088,2,7,3,1,2
202300035981,19,5,2023,15:40,1,1,6,34,34052,2,6,-1,1,1
202300035982,23,6,2023,16:15,1,1,1,49,49331,2,4,2,2,1
202300035983,11,4,2023,08:00,1,1,3,37,37261,2,4,2,1,1
202300035984,23,6,2023,13:27,1,1,6,42,42149,2,3,2,1,1
202300035985,8,11,2023,17:30,5,1,2,03,03119,2,3,2,1,1
202300035986,19,5,2023,18:20,2,3,3,34,34022,2,2,2,1,2
202300035987,24,6,2023,11:30,1,1,1,42,42235,1,3,2,1,1
202300035988,28,2,2023,23:30,5,1,6,75,75119,2,4,1,1,1
202300035989,10,4,2023,20:45,5,8,3,37,37233,2,4,2,2,2
202300035989,10,4,2023,20:45,5,8,3,37,37233,2,4,2,3,2
202300035990,23,6,2023,09:40,1,1,6,86,86177,2,6,-1,1,1
202300035991,19,5,2023,12:40,1,1,3,34,34058,2,7,2,1,1
202300035991,19,5,2023,12:40,1,1,3,34,34058,2,7,2,1,1
202300035992,9,11,2023,06:50,3,3,2,01,01175,1,3,2,1,2
202300035993,28,2,2023,11:10,1,1,6,75,75117,2,4,-1,1,1
202300035993,28,2,2023,11:10,1,1,6,75,75117,2,4,-1,1,1
202300035994,11,4,2023,18:10,1,1,2,35,35238,2,4,2,1,1
202300035995,24,6,2023,10:30,1,7,1,25,25434,2,3,2,2,1
202300035996,21,5,2023,12:40,1,1,1,83,83071,1,3,2,1,9
202300035996,21,5,2023,12:40,1,1,1,83,83071,1,3,2,1,1
202300035997,8,11,2023,19:00,3,2,1,14,14578,1,3,2,1,2
202300035998,23,6,2023,21:45,3,1,6,44,44006,1,3,2,1,1
202300035999,28,2,2023,09:30,1,1,3,75,75117,2,4,2,1,1
202300036000,23,6,2023,19:50,1,1,7,35,35331,2,4,2,2,1
202300036001,9,11,2023,08:02,1,1,6,18,18148,2,3,2,1,1
202300036002,20,5,2023,11:20,1,2,2,06,06070,2,3,2,2,2
202300036003,27,2,2023,14:50,1,1,6,75,75116,2,4,2,1,1
202300036003,27,2,2023,14:50,1,1,6,75,75116,2,4,1,1,1
202300036004,11,4,2023,08:50,1,1,4,35,35238,1,2,3,1,1
202300036005,24,6,2023,16:10,1,1,6,29,29168,1,4,2,2,1
202300036006,8,11,2023,20:04,3,1,6,18,18179,1,3,2,1,1
202300036007,28,2,2023,19:30,5,1,6,75,75111,2,4,1,1,1
202300036007,28,2,2023,19:30,5,1,6,75,75111,2,4,1,2,1
202300036008,23,6,2023,17:05,1,1,3,31,31561,2,7,-1,1,1
202300036008,23,6,2023,17:05,1,1,3,31,31561,2,7,2,1,1
202300036009,19,5,2023,20:00,1,2,5,06,06057,1,3,2,2,2
202300036010,11,4,2023,08:30,1,1,2,33,33318,2,4,3,1,1
202300036010,11,4,2023,08:30,1,1,2,33,33318,2,4,2,1,1
202300036011,8,11,2023,10:30,1,1,7,16,16167,1,3,2,1,1
202300036011,8,11,2023,10:30,1,1,7,16,16167,1,3,2,1,1
202300036012,20,5,2023,21:00,2,2,1,13,13022,1,3,2,2,2
202300036013,28,2,2023,18:40,5,1,6,75,75107,2,4,2,1,1
202300036013,28,2,2023,18:40,5,1,6,75,75107,2,4,2,1,1
202300036014,24,6,2023,14:30,1,1,1,02,02150,1,3,2,2,1
202300036015,11,4,2023,19:30,1,1,4,31,31555,1,1,1,1,1
202300036016,20,5,2023,11:30,1,1,6,71,71588,1,4,2,1,1
202300036017,28,2,2023,09:40,1,1,6,75,75114,2,4,1,1,1
202300036017,28,2,2023,09:40,1,1,6,75,75114,2,4,2,1,1
202300036018,24,6,2023,09:07,1,7,2,02,02827,1,2,2,1,1
202300036018,24,6,2023,09:07,1,7,2,02,02827,1,2,2,1,1
202300036019,3,11,2023,17:20,2,2,2,21,21498,1,3,2,1,2
202300036019,3,11,2023,17:20,2,2,2,21,21498,1,3,2,2,2
202300036020,21,5,2023,04:30,4,1,7,51,51250,2,6,-1,1,1
202300036021,10,4,2023,16:35,1,1,2,31,31555,2,7,3,1,1
202300036022,24,6,2023,12:45,1,1,1,02,02560,2,3,2,1,1
202300036022,24,6,2023,12:45,1,1,1,02,02560,2,3,2,1,1
202300036023,9,11,2023,13:10,1,2,6,06,06018,2,4,1,1,2
202300036024,21,5,2023,11:03,1,1,7,68,68142,1,3,2,2,1
202300036025,28,2,2023,14:45,1,1,3,94,94034,2,3,3,1,1
202300036025,28,2,2023,14:45,1,1,3,94,94034,2,3,3,1,1
202300036026,8,4,2023,19:35,1,1,1,30,30189,1,3,2,2,1
202300036027,10,11,2023,04:20,3,1,6,988,98811,1,3,2,2,1
202300036028,21,5,2023,12:50,1,1,1,88,88196,1,3,2,2,1
202300036029,28,2,2023,21:25,5,1,3,93,93059,2,3,3,1,1
202300036030,8,11,2023,02:10,3,1,6,974,97415,2,2,2,1,1
202300036031,11,4,2023,17:15,1,1,6,30,30007,2,3,2,1,1
202300036031,11,4,2023,17:15,1,1,6,30,30007,2,3,2,1,1
202300036032,24,6,2023,01:15,3,1,6,70,70509,2,4,2,1,1
202300036033,20,5,2023,17:29,1,1,6,57,57017,2,7,2,1,1
202300036033,20,5,2023,17:29,1,1,6,57,57017,2,7,2,1,1
202300036034,24,6,2023,15:45,1,1,6,58,58309,1,3,2,1,1
202300036035,28,2,2023,18:00,1,1,3,93,93072,2,3,2,2,1
202300036036,31,10,2023,18:45,3,1,1,29,29234,1,3,2,1,2
202300036037,11,4,2023,11:15,1,1,6,29,29232,2,6,-1,1,1
202300036038,7,6,2023,12:57,1,1,2,06,06105,2,3,2,2,1
202300036039,29,10,2023,10:45,1,1,6,2A,2A163,1,2,2,4,1
202300036040,19,5,2023,19:15,1,1,3,42,42155,2,3,2,1,1
202300036040,19,5,2023,19:15,1,1,3,42,42155,2,3,2,2,1
202300036041,24,6,2023,05:19,3,1,6,60,60509,1,3,3,1,1
202300036042,28,2,2023,08:45,1,1,2,93,93070,2,3,2,1,1
202300036043,11,4,2023,08:40,1,1,6,22,22113,1,3,3,1,1
202300036044,24,6,2023,20:30,1,1,6,36,36231,1,3,2,1,1
202300036045,19,5,2023,12:30,1,2,7,26,26023,1,3,2,1,2
202300036046,9,11,2023,13:50,1,2,3,2A,2A041,1,2,2,2,2
202300036047,8,4,2023,09:30,1,1,6,12,12202,2,4,2,2,1
202300036048,24,6,2023,04:15,3,1,6,53,53106,1,3,2,1,1
202300036049,28,2,2023,19:00,5,1,3,93,93066,2,4,2,1,1
202300036049,28,2,2023,19:00,5,1,3,93,93066,2,4,2,1,1
202300036050,20,5,2023,14:25,1,1,1,09,09272,1,3,2,1,1
202300036050,20,5,2023,14:25,1,1,1,09,09272,1,3,2,1,1
202300036051,8,11,2023,20:05,5,1,7,11,11076,2,4,1,1,1
202300036051,8,11,2023,20:05,5,1,7,11,11076,2,4,1,2,1
202300036052,24,6,2023,16:45,1,1,2,53,53096,1,3,2,1,1
202300036053,23,6,2023,11:45,1,1,6,40,40046,2,3,2,1,1
202300036054,28,2,2023,16:50,1,1,3,93,93008,2,3,1,1,1
202300036054,28,2,2023,16:50,1,1,3,93,93008,2,3,1,1,1
202300036055,19,5,2023,16:15,1,8,1,09,09216,1,3,2,1,2
202300036056,6,5,2023,19:00,1,1,6,30,30114,1,3,2,1,1
202300036057,9,11,2023,12:20,1,2,3,26,26084,1,1,3,1,2
202300036058,8,4,2023,18:25,1,1,5,12,12202,1,3,2,2,1
202300036059,28,2,2023,17:00,1,1,3,93,93050,2,3,2,1,1
202300036060,24,6,2023,15:20,1,1,3,88,88426,2,4,2,2,1
202300036060,24,6,2023,15:20,1,1,3,88,88426,2,4,2,1,1
202300036061,19,5,2023,16:50,1,1,3,33,33328,1,3,2,1,1
202300036061,19,5,2023,16:50,1,1,3,33,33328,1,3,2,1,1
202300036062,8,11,2023,12:30,1,2,3,88,88483,2,3,1,1,2
202300036062,8,11,2023,12:30,1,2,3,88,88483,2,3,2,1,2
202300036063,23,6,2023,19:25,1,1,6,88,88027,1,4,2,1,1
202300036064,28,2,2023,10:00,1,1,6,92,92078,1,3,-1,1,1
202300036065,10,4,2023,17:00,1,1,3,10,10387,2,4,2,1,1
202300036065,10,4,2023,17:00,1,1,3,10,10387,2,4,2,1,1
202300036066,23,6,2023,16:04,1,1,6,42,42108,1,1,1,1,1
202300036067,24,6,2023,10:30,1,1,7,51,51027,1,1,3,2,1
202300036068,28,2,2023,18:55,5,1,3,92,92050,2,4,2,1,1
202300036068,28,2,2023,18:55,5,1,3,92,92050,2,4,2,1,1
202300036069,6,4,2023,21:35,5,1,6,10,10387,2,4,2,1,1
202300036070,19,5,2023,20:30,1,1,3,22,22213,1,2,2,1,1
202300036070,19,5,2023,20:30,1,1,3,22,22213,1,2,1,2,1
202300036071,10,4,2023,20:10,1,1,6,09,09122,2,4,1,2,1
202300036072,23,6,2023,16:20,1,1,4,51,51454,1,1,3,1,1
202300036073,26,2,2023,16:20,1,1,6,92,92036,2,4,1,1,1
202300036074,20,5,2023,18:50,1,1,3,22,22054,1,3,2,1,1
202300036074,20,5,2023,18:50,1,1,3,22,22054,1,3,2,2,9
202300036075,31,10,2023,11:35,1,8,3,26,26347,2,2,2,1,1
202300036075,31,10,2023,11:35,1,8,3,26,26347,2,2,2,1,1
202300036076,24,6,2023,10:00,1,1,5,13,13114,1,3,4,1,1
202300036077,11,4,2023,15:10,1,1,1,06,06088,1,7,2,1,1
202300036078,19,5,2023,21:55,2,1,2,27,27676,1,3,2,1,1
202300036078,19,5,2023,21:55,2,1,2,27,27676,1,3,2,1,1
202300036079,5,4,2023,15:00,1,1,6,02,02408,2,4,2,1,1
202300036079,5,4,2023,15:00,1,1,6,02,02408,2,4,2,1,1
202300036080,24,6,2023,09:40,1,1,6,45,45024,1,1,3,1,1
202300036081,20,5,2023,15:45,1,1,2,60,60212,2,4,2,1,1
202300036082,9,4,2023,19:40,5,1,2,988,98818,2,4,2,1,1
202300036083,23,6,2023,23:00,3,1,1,30,30333,1,1,3,1,1
202300036084,22,6,2023,12:00,1,1,1,987,98726,1,3,2,1,1
202300036085,10,4,2023,20:50,5,2,4,974,97409,1,2,1,1,2
202300036086,24,6,2023,08:30,1,1,7,988,98819,1,4,1,1,9
202300036087,23,6,2023,17:00,1,1,6,973,97305,1,2,2,1,1
202300036088,9,11,2023,12:45,1,2,1,69,69296,1,7,2,1,2
202300036089,10,4,2023,15:45,1,1,1,69,69387,2,4,2,1,1
202300036090,27,2,2023,21:35,3,1,4,60,60338,1,3,1,1,1
202300036091,21,6,2023,19:15,5,1,2,971,97128,1,4,2,1,1
202300036092,1,3,2023,07:55,1,1,6,81,81165,1,3,2,1,1
202300036093,4,3,2023,10:20,1,1,6,972,97209,2,4,1,1,1
202300036094,9,10,2023,08:45,1,1,3,31,31429,2,3,3,1,1
202300036094,9,10,2023,08:45,1,1,3,31,31429,2,3,2,4,1
202300036095,20,5,2023,12:15,1,1,5,59,59581,1,3,2,1,1
202300036095,20,5,2023,12:15,1,1,5,59,59581,1,3,2,1,1
202300036096,12,6,2023,12:10,1,1,6,971,97106,2,2,2,1,1
202300036097,19,5,2023,17:50,1,2,2,13,13019,1,1,1,1,2
202300036098,10,4,2023,20:00,5,1,3,69,69202,2,4,2,2,1
202300036098,10,4,2023,20:00,5,1,3,69,69202,2,4,2,1,1
202300036099,1,3,2023,16:00,1,1,6,09,09181,2,4,2,1,1
202300036100,22,6,2023,09:25,1,2,3,33,33234,2,3,2,1,2
202300036101,9,11,2023,12:15,1,2,3,19,19146,1,3,2,1,2
202300036102,23,6,2023,03:10,3,1,6,95,95054,1,3,2,1,1
202300036103,1,3,2023,07:15,1,1,3,95,95480,2,3,2,1,1
202300036104,16,5,2023,16:21,1,1,2,13,13214,1,1,1,2,1
202300036105,10,4,2023,16:10,1,1,3,69,69389,2,4,1,1,1
202300036105,10,4,2023,16:10,1,1,3,69,69389,2,4,2,1,1
202300036106,23,6,2023,09:52,1,7,7,91,91106,2,3,2,1,1
202300036107,9,11,2023,16:45,1,2,1,17,17064,2,3,2,1,2
202300036108,24,6,2023,19:15,2,1,6,2A,2A247,2,6,-1,1,1
202300036109,22,4,2023,08:35,1,1,2,69,69259,1,7,3,1,1
202300036110,23,6,2023,12:44,1,1,6,66,66088,2,3,2,1,1
202300036111,9,4,2023,18:24,1,1,6,69,69142,2,7,2,1,1
202300036112,25,2,2023,15:00,1,1,3,49,49163,1,3,2,1,1
202300036112,25,2,2023,15:00,1,1,3,49,49163,1,3,2,-1,-1
202300036113,9,11,2023,08:30,1,3,5,35,35212,1,3,2,1,2
202300036114,10,4,2023,20:25,5,3,7,91,91589,2,4,2,1,2
202300036115,9,11,2023,17:15,2,2,6,02,02505,1,3,2,1,2
202300036116,23,6,2023,13:20,1,1,3,83,83016,1,3,3,1,1
202300036116,23,6,2023,13:20,1,1,3,83,83016,1,3,2,1,1
202300036117,20,5,2023,02:45,3,3,7,42,42218,1,2,3,1,2
202300036118,24,6,2023,00:10,3,1,2,83,83099,1,3,3,1,1
202300036119,28,2,2023,04:00,3,1,2,35,35139,1,2,2,3,1
202300036120,10,4,2023,17:45,1,2,3,91,91027,2,2,3,1,2
202300036120,10,4,2023,17:45,1,2,3,91,91027,2,2,2,1,2
202300036121,17,5,2023,18:25,1,1,3,57,57343,1,1,1,2,1
202300036122,11,10,2023,19:10,2,1,2,13,13106,1,1,-1,1,1
202300036123,23,6,2023,20:00,1,1,3,83,83107,1,3,2,1,1
202300036123,23,6,2023,20:00,1,1,3,83,83107,1,3,2,1,1
202300036124,1,3,2023,16:40,1,1,6,974,97410,1,2,2,1,1
202300036125,11,5,2023,16:35,1,8,2,67,67152,1,7,1,1,1
202300036126,10,4,2023,19:40,1,1,3,69,69266,2,4,2,1,1
202300036126,10,4,2023,19:40,1,1,3,69,69266,2,4,2,1,1
202300036127,20,5,2023,20:15,2,1,2,91,91689,1,1,1,1,1
202300036128,28,2,2023,19:10,3,1,3,34,34270,2,7,3,1,1
202300036128,28,2,2023,19:10,3,1,3,34,34270,2,7,1,1,1
202300036129,5,11,2023,03:50,3,1,4,69,69149,1,7,3,1,1
202300036130,1,3,2023,14:10,1,1,6,62,62075,1,3,-1,2,1
202300036131,24,6,2023,06:30,2,1,6,71,71393,1,3,2,1,1
202300036132,10,4,2023,12:45,1,2,1,59,59183,1,4,2,1,2
202300036133,19,5,2023,17:30,1,1,4,92,92002,1,1,3,1,1
202300036134,8,11,2023,22:45,3,1,2,33,33330,1,2,3,1,1
202300036135,23,6,2023,07:52,1,1,1,71,71371,1,3,2,1,1
202300036136,25,2,2023,19:15,3,1,2,51,51662,1,3,3,1,1
202300036137,8,4,2023,18:00,1,1,2,50,50129,2,3,3,1,1
202300036138,19,5,2023,15:25,1,1,2,91,91339,1,2,3,1,1
202300036139,5,4,2023,16:25,1,1,6,43,43002,2,3,1,1,1
202300036140,7,11,2023,08:25,1,2,2,33,33192,1,1,3,1,2
202300036141,26,2,2023,12:22,1,4,6,65,65070,2,4,2,2,5
202300036142,23,6,2023,16:10,1,1,3,67,67474,2,3,2,2,1
202300036142,23,6,2023,16:10,1,1,3,67,67474,2,3,2,2,1
202300036143,19,5,2023,14:47,1,1,2,91,91161,1,1,1,2,1
202300036144,23,6,2023,20:55,2,1,7,67,67210,2,3,2,1,1
202300036145,10,4,2023,09:10,1,1,3,38,38423,2,7,3,1,1
202300036146,8,11,2023,09:30,1,1,2,91,91521,1,2,3,1,1
202300036147,24,2,2023,19:15,2,1,2,61,61278,1,3,2,1,1
202300036147,24,2,2023,19:15,2,1,2,61,61278,1,3,2,1,1
202300036148,18,6,2023,02:20,5,1,6,63,63092,2,3,2,1,1
202300036149,19,5,2023,23:37,3,1,3,92,92036,1,1,1,1,1
202300036150,8,11,2023,08:45,1,1,3,78,78423,1,2,3,1,1
202300036151,20,5,2023,17:45,1,1,6,81,81140,2,4,1,1,1
202300036152,26,2,2023,17:10,1,6,1,42,42302,1,7,2,2,1
202300036153,18,5,2023,13:38,1,1,7,92,92064,1,1,3,1,1
202300036154,10,4,2023,15:10,1,1,5,33,33075,2,4,2,1,1
202300036155,8,11,2023,05:45,3,1,2,78,78007,1,1,1,2,1
202300036156,1,3,2023,19:20,3,1,6,42,42224,1,3,2,1,1
202300036157,17,5,2023,11:38,1,1,5,92,92072,1,2,-1,2,1
202300036158,28,2,2023,13:17,1,1,7,46,46072,1,3,2,1,1
202300036159,8,11,2023,00:45,5,1,2,92,92050,1,1,1,2,1
202300036160,24,6,2023,10:50,1,1,2,64,64139,1,3,2,2,1
202300036161,10,4,2023,02:58,5,1,3,28,28134,2,4,2,1,1
202300036161,10,4,2023,02:58,5,1,3,28,28134,2,4,2,1,1
202300036162,19,5,2023,20:20,1,1,2,95,95241,1,2,3,1,1
202300036163,23,6,2023,15:57,1,1,6,29,29058,1,3,2,1,1
202300036164,7,11,2023,08:50,1,1,3,78,78043,1,1,-1,1,1
202300036165,23,6,2023,20:10,2,1,7,22,22045,1,4,2,1,9
202300036166,28,2,2023,23:00,5,1,6,41,41151,2,3,2,4,1
202300036166,28,2,2023,23:00,5,1,6,41,41151,2,3,2,-1,-1
202300036167,8,11,2023,19:50,3,2,2,92,92036,1,1,3,1,2
202300036168,24,6,2023,08:40,1,1,3,35,35360,1,4,2,2,1
202300036168,24,6,2023,08:40,1,1,3,35,35360,1,4,2,1,1
202300036169,10,4,2023,02:30,3,8,3,17,17380,1,4,3,1,1
202300036169,10,4,2023,02:30,3,8,3,17,17380,1,4,3,1,1
202300036170,1,2,2023,12:00,1,1,6,34,34284,2,3,2,1,1
202300036171,11,5,2023,12:30,1,1,3,27,27249,1,3,2,1,1
202300036171,11,5,2023,12:30,1,1,3,27,27249,1,3,2,1,1
202300036172,27,2,2023,08:10,1,1,1,29,29212,2,4,2,1,1
202300036172,27,2,2023,08:10,1,1,1,29,29212,2,4,2,1,1
202300036173,8,11,2023,16:20,1,1,2,93,93027,1,1,3,1,1
202300036174,10,4,2023,23:20,5,1,1,15,15014,2,6,-1,1,1
202300036175,24,6,2023,00:35,3,1,2,60,60504,1,3,3,1,1
202300036176,27,2,2023,16:50,1,1,1,29,29069,2,4,2,1,1
202300036176,27,2,2023,16:50,1,1,1,29,29069,2,4,2,1,1
202300036177,8,11,2023,17:10,1,2,2,95,95527,1,1,3,1,2
202300036178,22,10,2023,05:50,3,2,6,95,95212,1,2,3,1,2
202300036179,10,4,2023,07:40,1,1,5,13,13215,2,4,2,1,1
202300036179,10,4,2023,07:40,1,1,5,13,13215,2,4,2,1,1
202300036180,27,2,2023,15:45,1,1,3,38,38267,1,3,2,1,1
202300036180,27,2,2023,15:45,1,1,3,38,38267,1,3,2,1,1
202300036181,17,6,2023,02:18,3,1,5,13,13211,1,1,1,1,1
202300036182,8,11,2023,18:40,3,1,3,94,94065,1,2,-1,1,1
202300036183,28,2,2023,18:30,2,1,3,03,03082,2,3,2,1,1
202300036183,28,2,2023,18:30,2,1,3,03,03082,2,3,2,1,1
202300036184,28,2,2023,16:00,1,1,5,70,70326,1,2,2,1,1
202300036185,10,4,2023,18:25,1,1,3,13,13001,2,4,-1,1,1
202300036185,10,4,2023,18:25,1,1,3,13,13001,2,4,3,2,1
202300036186,8,11,2023,18:40,3,1,3,77,77294,1,1,1,1,2
202300036187,1,3,2023,13:15,1,1,6,26,26118,1,3,2,1,1
202300036188,22,6,2023,14:15,1,1,5,38,38184,1,1,3,1,1
202300036189,8,11,2023,10:15,1,1,3,94,94017,1,1,3,1,1
202300036190,28,2,2023,09:15,1,1,3,64,64250,1,3,2,1,1