id_accident,jour,mois,annee,heure_minute,luminosite,meteo,type_collision,departement,commune,agglomeration,categorie_route,regime_circulation,profil_route,etat_surface
202300036191,10,4,2023,12:50,1,1,3,06,06088,2,4,1,1,1
202300036191,10,4,2023,12:50,1,1,3,06,06088,2,4,1,1,1
202300036192,20,6,2023,21:19,1,1,2,67,67471,1,7,3,1,1
202300036193,28,2,2023,16:00,1,1,7,18,18135,1,3,2,1,1
202300036194,8,11,2023,08:00,2,1,3,94,94028,1,1,-1,1,1
202300036195,23,6,2023,07:40,1,1,4,33,33487,1,1,3,2,1
202300036196,1,3,2023,05:30,3,1,6,85,85147,1,3,2,1,1
202300036197,21,6,2023,23:10,3,1,2,62,62548,1,1,-1,1,1
202300036198,7,11,2023,18:55,3,1,5,77,77058,1,1,3,1,1
202300036199,27,2,2023,12:30,1,1,6,67,67471,2,7,2,1,1
202300036200,9,4,2023,13:15,1,1,5,75,75120,2,4,1,1,1
202300036201,27,3,2023,15:15,1,1,3,06,06069,1,3,2,1,1
202300036202,1,3,2023,05:25,5,1,1,971,97128,1,2,2,2,1
202300036203,11,4,2023,15:20,1,1,2,75,75119,2,4,2,4,1
202300036203,11,4,2023,15:20,1,1,2,75,75119,2,4,1,1,1
202300036204,28,2,2023,11:00,1,1,3,78,78499,1,3,2,1,1
202300036204,28,2,2023,11:00,1,1,3,78,78499,1,3,2,1,1
202300036205,7,11,2023,17:50,2,1,3,973,97302,2,3,2,1,1
202300036205,7,11,2023,17:50,2,1,3,973,97302,2,3,-1,1,1
202300036206,19,6,2023,10:15,1,1,2,59,59532,1,1,-1,1,1
202300036207,11,4,2023,11:20,1,1,3,75,75119,2,4,2,1,1
202300036207,11,4,2023,11:20,1,1,3,75,75119,2,4,2,1,1
202300036208,23,6,2023,19:40,1,1,6,77,77122,1,1,1,1,1
202300036209,28,2,2023,22:45,5,1,1,07,07348,2,3,2,1,1
202300036210,7,11,2023,05:55,2,1,3,973,97302,2,3,2,1,2
202300036211,23,6,2023,10:50,1,1,7,92,92025,1,1,1,1,1
202300036212,11,4,2023,08:50,1,1,2,75,75119,2,4,-1,1,1
202300036212,11,4,2023,08:50,1,1,2,75,75119,2,4,1,1,1
202300036213,1,3,2023,07:35,1,1,2,33,33051,2,3,2,1,1
202300036214,7,11,2023,10:30,1,1,3,69,69387,2,4,1,1,1
202300036214,7,11,2023,10:30,1,1,3,69,69387,2,4,1,1,1
202300036215,23,6,2023,15:00,1,1,2,78,78297,1,2,-1,1,1
202300036216,11,4,2023,13:00,1,1,6,75,75118,2,4,1,1,1
202300036216,11,4,2023,13:00,1,1,6,75,75118,2,4,-1,1,1
202300036217,28,2,2023,16:30,1,1,6,22,22272,1,6,-1,1,1
202300036218,6,11,2023,09:00,1,1,6,69,69383,2,4,1,1,1
202300036219,23,6,2023,07:00,1,1,3,78,78158,1,1,1,1,1
202300036220,22,6,2023,14:45,1,1,2,92,92036,1,1,3,1,1
202300036221,28,2,2023,09:17,1,1,4,60,60409,1,3,3,1,1
202300036222,11,4,2023,09:40,1,1,6,75,75115,2,4,-1,1,1
202300036222,11,4,2023,09:40,1,1,6,75,75115,2,4,2,1,1
202300036223,28,2,2023,16:20,1,1,2,13,13215,1,1,1,1,1
202300036224,7,11,2023,17:00,1,1,1,972,97213,2,3,2,1,1
202300036225,11,4,2023,00:00,5,2,3,75,75115,2,4,2,1,2
202300036225,11,4,2023,00:00,5,2,3,75,75115,2,4,2,1,2
202300036226,6,11,2023,15:40,1,1,3,972,97209,1,2,1,2,1
202300036226,6,11,2023,15:40,1,1,3,972,97209,1,2,2,2,1
202300036227,28,2,2023,12:03,1,1,2,33,33192,1,1,3,1,1
202300036228,11,4,2023,09:00,1,1,7,75,75114,2,4,1,1,1
202300036228,11,4,2023,09:00,1,1,7,75,75114,2,4,1,1,1
202300036229,11,4,2023,18:40,1,2,6,75,75111,2,4,1,1,2
202300036230,5,11,2023,18:10,5,1,1,972,97209,2,3,2,1,1
202300036230,5,11,2023,18:10,5,1,1,972,97209,2,3,2,4,1
202300036231,27,2,2023,18:50,2,1,6,59,59508,1,1,-1,1,1
202300036232,11,4,2023,10:20,1,1,3,75,75112,2,4,3,1,1
202300036232,11,4,2023,10:20,1,1,3,75,75112,2,4,-1,1,1
202300036233,7,11,2023,05:56,5,1,3,2B,2B033,1,4,2,2,1
202300036234,28,2,2023,13:35,1,1,2,91,91589,1,1,3,1,1
202300036235,6,11,2023,18:32,5,1,6,2B,2B033,2,4,2,1,1
202300036236,11,4,2023,09:50,1,1,3,75,75112,2,4,2,1,1
202300036236,11,4,2023,09:50,1,1,3,75,75112,2,4,1,1,1
202300036237,28,2,2023,07:30,1,1,2,94,94034,1,1,-1,1,1
202300036238,7,11,2023,16:47,1,1,1,971,97120,1,4,2,1,1
202300036238,7,11,2023,16:47,1,1,1,971,97120,1,4,2,1,1
202300036239,27,2,2023,22:51,4,1,3,91,91216,1,1,1,1,1
202300036240,28,2,2023,09:20,1,1,2,78,78498,1,1,-1,1,1
202300036241,11,4,2023,12:25,1,1,6,75,75111,2,4,-1,1,1
202300036241,11,4,2023,12:25,1,1,6,75,75111,2,4,1,2,1
202300036242,7,11,2023,07:35,1,1,6,91,91223,2,4,2,2,1
202300036243,3,11,2023,16:15,1,3,6,87,87114,1,3,2,1,2
202300036244,27,2,2023,18:30,3,1,2,92,92064,1,1,3,1,1
202300036245,6,11,2023,14:00,1,3,1,86,86066,1,3,2,1,2
202300036246,27,2,2023,16:40,1,1,2,95,95572,1,1,3,1,1
202300036247,11,4,2023,21:45,5,2,6,75,75109,2,4,1,1,2
202300036247,11,4,2023,21:45,5,2,6,75,75109,2,4,1,1,2
202300036248,27,2,2023,09:55,1,1,3,93,93066,1,1,3,1,1
202300036249,7,11,2023,11:50,1,1,3,83,83144,2,4,-1,1,1
202300036249,7,11,2023,11:50,1,1,3,83,83144,2,4,-1,1,1
202300036250,28,2,2023,18:15,2,1,2,94,94028,1,1,3,1,1
202300036251,7,11,2023,14:10,1,1,7,83,83069,1,3,2,1,1
202300036252,7,11,2023,17:50,2,8,6,81,81065,2,3,2,2,2
202300036253,28,2,2023,08:30,1,1,2,77,77373,1,2,1,1,1
202300036254,27,2,2023,07:35,1,1,2,75,75116,2,4,1,1,1
202300036255,7,11,2023,16:25,1,1,3,77,77390,1,3,2,1,2
202300036256,11,4,2023,19:15,1,2,7,75,75107,2,4,2,1,2
202300036256,11,4,2023,19:15,1,2,7,75,75107,2,4,-1,1,2
202300036257,27,2,2023,09:15,1,1,2,75,75117,2,4,1,1,1
202300036258,7,11,2023,05:50,5,1,3,73,73029,1,2,2,1,1
202300036258,7,11,2023,05:50,5,1,3,73,73029,1,2,1,1,1
202300036259,27,2,2023,19:25,5,1,6,75,75119,2,4,1,2,1
202300036260,7,11,2023,19:35,5,1,3,73,73011,2,4,2,1,1
202300036261,27,2,2023,08:10,1,1,3,75,75119,2,4,2,1,1
202300036261,27,2,2023,08:10,1,1,3,75,75119,2,4,1,1,1
202300036262,10,4,2023,22:23,5,2,3,75,75107,2,4,-1,1,2
202300036262,10,4,2023,22:23,5,2,3,75,75107,2,4,2,1,2
202300036263,7,11,2023,22:27,5,1,6,72,72181,2,4,-1,1,1
202300036263,7,11,2023,22:27,5,1,6,72,72181,2,4,1,1,1
202300036264,27,2,2023,01:30,5,1,2,75,75118,2,4,1,1,1
202300036264,27,2,2023,01:30,5,1,2,75,75118,2,4,-1,1,1
202300036265,11,4,2023,17:55,1,3,6,94,94044,2,4,2,1,2
202300036266,10,4,2023,15:38,1,1,2,94,94078,2,2,2,2,1
202300036267,27,2,2023,18:15,2,1,3,75,75117,2,4,2,1,1
202300036267,27,2,2023,18:15,2,1,3,75,75117,2,4,2,1,1
202300036268,11,4,2023,14:30,1,1,2,94,94074,2,2,3,1,1
202300036269,20,2,2023,09:15,1,1,1,75,75116,2,4,2,1,1
202300036269,20,2,2023,09:15,1,1,1,75,75116,2,4,-1,1,1
202300036270,10,4,2023,23:45,3,2,6,94,94076,2,4,-1,2,2
202300036271,10,4,2023,11:26,1,1,6,94,94033,2,4,2,2,1
202300036272,10,4,2023,18:45,1,3,3,94,94079,2,4,2,1,2
202300036272,10,4,2023,18:45,1,3,3,94,94079,2,4,2,2,2
202300036273,11,4,2023,22:50,5,2,1,93,93048,2,4,1,1,2
202300036273,11,4,2023,22:50,5,2,1,93,93048,2,4,2,1,2
202300036274,27,2,2023,15:50,1,1,6,75,75115,2,4,2,1,1
202300036274,27,2,2023,15:50,1,1,6,75,75115,2,4,1,1,1
202300036275,11,4,2023,17:30,1,1,6,93,93006,2,3,2,1,1
202300036276,11,4,2023,08:30,1,1,3,93,93031,2,3,2,1,1
202300036277,27,2,2023,11:51,1,1,3,75,75107,2,4,1,1,1
202300036277,27,2,2023,11:51,1,1,3,75,75107,2,4,2,1,1
202300036278,11,4,2023,16:18,1,1,6,93,93010,2,3,2,1,1
202300036279,11,4,2023,17:35,1,3,6,92,92047,2,4,3,2,2
202300036280,27,2,2023,12:50,1,1,2,75,75103,2,4,1,1,1
202300036280,27,2,2023,12:50,1,1,2,75,75103,2,4,1,1,1
202300036281,27,2,2023,05:55,5,1,6,94,94052,2,4,1,1,1
202300036282,11,4,2023,14:30,1,1,2,92,92050,2,4,1,1,1
202300036283,11,4,2023,20:25,5,2,6,92,92020,2,3,2,2,2
202300036284,27,2,2023,20:20,5,1,6,94,94034,2,6,-1,1,1
202300036285,11,4,2023,08:20,1,8,6,92,92044,2,4,1,1,1
202300036285,11,4,2023,08:20,1,8,6,92,92044,2,4,1,1,1
202300036286,11,4,2023,17:10,1,2,6,92,92025,2,4,2,1,2
202300036287,27,2,2023,20:40,5,1,3,94,94054,2,3,2,2,1
202300036288,11,4,2023,10:33,1,1,6,92,92012,2,3,2,1,1
202300036289,11,4,2023,07:50,1,1,7,92,92012,2,4,2,1,1
202300036290,11,4,2023,09:17,1,1,3,92,92012,2,4,2,1,1
202300036291,27,2,2023,14:10,1,1,6,94,94054,2,3,2,1,1
202300036291,27,2,2023,14:10,1,1,6,94,94054,2,3,2,1,1
202300036292,11,4,2023,09:35,1,1,3,92,92004,2,4,-1,1,1
202300036293,27,2,2023,18:00,1,1,6,93,93070,2,3,2,1,1
202300036294,11,4,2023,14:20,1,1,6,92,92002,2,4,2,1,1
202300036295,3,4,2023,08:30,1,1,3,33,33352,2,4,2,2,1
202300036295,3,4,2023,08:30,1,1,3,33,33352,2,4,2,2,1
202300036296,27,2,2023,17:45,1,1,6,93,93055,2,4,2,1,1
202300036297,12,4,2023,16:10,1,8,3,974,97422,2,4,2,1,1
202300036297,12,4,2023,16:10,1,8,3,974,97422,2,4,3,1,1
202300036298,27,2,2023,03:14,5,1,6,93,93072,2,3,3,1,1
202300036299,11,4,2023,09:30,1,1,3,974,97404,2,4,2,1,1
202300036300,27,2,2023,22:10,5,1,1,93,93001,2,3,2,1,1
202300036301,11,4,2023,09:15,1,1,1,972,97232,2,3,2,1,1
202300036302,27,2,2023,14:40,1,1,6,92,92022,2,3,2,2,1
202300036303,12,4,2023,11:20,1,8,6,64,64410,2,3,2,2,1
202300036304,27,2,2023,14:25,1,1,6,92,92048,2,4,-1,1,1
202300036304,27,2,2023,14:25,1,1,6,92,92048,2,4,2,1,1
202300036305,11,4,2023,19:30,2,1,1,67,67117,1,3,2,1,1
202300036306,23,2,2023,11:22,1,1,3,92,92004,2,4,1,1,1
202300036307,5,9,2023,08:00,1,1,7,75,75113,2,4,2,1,1
202300036308,27,2,2023,16:50,1,1,1,35,35041,1,4,2,2,1
202300036309,11,4,2023,16:45,1,1,1,38,38400,2,3,2,1,1
202300036310,5,9,2023,08:41,1,1,7,75,75110,2,4,-1,1,1
202300036310,5,9,2023,08:41,1,1,7,75,75110,2,4,3,1,1
202300036311,27,2,2023,08:00,1,1,7,54,54089,1,3,2,2,1
202300036312,11,4,2023,16:14,1,1,6,30,30225,1,3,2,1,1
202300036313,27,2,2023,11:50,1,1,6,58,58270,1,3,2,2,1
202300036314,5,9,2023,08:40,1,7,3,75,75108,2,4,-1,1,1
202300036314,5,9,2023,08:40,1,7,3,75,75108,2,4,1,1,1
202300036315,7,4,2023,11:50,1,1,3,33,33236,2,3,2,1,1
202300036316,26,2,2023,16:35,1,1,3,63,63404,1,1,3,1,1
202300036317,4,9,2023,09:17,1,1,2,75,75108,2,4,2,2,1
202300036317,4,9,2023,09:17,1,1,2,75,75108,2,4,-1,1,1
202300036318,11,4,2023,17:20,1,1,1,32,32227,1,3,2,1,1
202300036319,27,2,2023,14:00,1,1,3,35,35193,1,3,2,1,1
202300036319,27,2,2023,14:00,1,1,3,35,35193,1,3,2,1,1
202300036320,11,4,2023,18:05,1,1,7,63,63234,1,3,2,2,1
202300036321,5,9,2023,15:10,1,1,2,75,75104,2,4,1,1,1
202300036322,27,2,2023,21:05,3,1,7,57,57343,1,3,2,1,1
202300036322,27,2,2023,21:05,3,1,7,57,57343,1,3,2,2,1
202300036323,5,9,2023,10:55,1,1,3,75,75104,2,4,1,1,1
202300036323,5,9,2023,10:55,1,1,3,75,75104,2,4,2,1,1
202300036324,12,4,2023,17:30,1,2,1,12,12203,1,3,2,2,2
202300036325,27,2,2023,18:35,4,1,4,51,51391,1,2,3,2,1
202300036326,6,4,2023,16:35,1,1,3,68,68374,2,3,2,1,1
202300036327,5,9,2023,09:10,1,1,3,94,94037,2,3,2,2,1
202300036327,5,9,2023,09:10,1,1,3,94,94037,2,3,-1,1,1
202300036328,12,4,2023,14:45,1,1,1,38,38338,1,3,2,1,1
202300036329,27,2,2023,07:50,1,7,4,51,51282,1,2,3,3,1
202300036330,5,9,2023,08:08,1,1,6,94,94022,2,4,2,1,1
202300036330,5,9,2023,08:08,1,1,6,94,94022,2,4,-1,1,1
202300036331,28,2,2023,17:40,1,1,6,61,61293,2,3,2,2,1
202300036332,11,4,2023,20:30,2,1,7,15,15087,1,3,2,1,1
202300036333,5,9,2023,10:20,1,1,3,93,93078,2,3,2,1,1
202300036334,17,2,2023,18:15,3,1,5,25,25220,1,3,-1,2,1
202300036335,12,4,2023,06:45,1,1,6,05,05046,2,4,2,2,1
202300036336,5,9,2023,12:30,1,1,6,93,93051,2,4,2,1,1
202300036337,15,1,2023,18:20,3,3,1,35,35264,1,3,2,3,2
202300036337,15,1,2023,18:20,3,3,1,35,35264,1,3,2,1,2
202300036338,5,9,2023,08:17,1,1,7,93,93048,2,3,2,1,1
202300036339,11,4,2023,18:30,1,1,3,05,05012,1,3,-1,1,1
202300036339,11,4,2023,18:30,1,1,3,05,05012,1,3,2,1,1
202300036340,27,2,2023,19:05,3,1,6,38,38118,1,3,2,1,1
202300036341,12,4,2023,16:45,1,2,7,05,05132,1,4,-1,1,2
202300036342,5,9,2023,18:00,1,1,6,93,93046,2,3,2,1,1
202300036342,5,9,2023,18:00,1,1,6,93,93046,2,3,2,1,1
202300036343,27,2,2023,17:00,1,1,1,70,70117,1,3,2,2,1
202300036344,5,9,2023,17:45,1,1,3,93,93046,2,3,3,1,1
202300036345,27,2,2023,19:40,3,1,1,72,72344,1,3,2,1,1
202300036346,11,4,2023,22:05,3,1,4,64,64466,1,3,2,1,1
202300036347,4,9,2023,18:35,1,1,3,93,93046,2,4,2,1,1
202300036347,4,9,2023,18:35,1,1,3,93,93046,2,4,1,1,1
202300036348,11,4,2023,20:40,2,1,6,16,16295,1,3,2,1,1
202300036349,27,2,2023,17:55,2,1,1,05,05017,1,3,2,1,1
202300036350,4,9,2023,14:15,1,1,1,93,93029,2,4,1,1,1
202300036351,28,2,2023,19:00,5,1,6,60,60245,2,3,2,1,1
202300036351,28,2,2023,19:00,5,1,6,60,60245,2,3,2,1,1
202300036352,12,4,2023,08:27,1,2,3,68,68375,2,3,2,1,2
202300036353,26,2,2023,03:00,5,1,6,10,10328,2,3,2,1,1
202300036353,26,2,2023,03:00,5,1,6,10,10328,2,3,2,1,1
202300036354,5,9,2023,18:10,1,1,2,92,92064,2,3,2,1,1
202300036354,5,9,2023,18:10,1,1,2,92,92064,2,3,-1,1,1
202300036355,11,4,2023,19:28,1,1,2,67,67164,1,1,3,1,1
202300036356,26,2,2023,20:10,3,1,7,53,53140,1,3,2,1,1
202300036357,5,9,2023,08:15,1,1,3,92,92033,2,4,2,1,1
202300036358,27,2,2023,09:30,1,1,6,24,24214,2,3,2,1,1
202300036358,27,2,2023,09:30,1,1,6,24,24214,2,3,2,1,1
202300036359,11,4,2023,08:50,1,1,3,987,98715,1,3,3,1,1
202300036360,5,9,2023,16:50,1,1,3,92,92050,2,4,2,1,1
202300036360,5,9,2023,16:50,1,1,3,92,92050,2,4,2,1,1
202300036361,27,2,2023,02:25,3,1,6,87,87059,1,3,2,1,1
202300036362,5,9,2023,08:15,1,1,6,92,92036,2,3,2,1,1
202300036362,5,9,2023,08:15,1,1,6,92,92036,2,3,3,1,1
202300036363,27,2,2023,14:40,1,2,5,30,30272,1,3,2,1,2
202300036364,5,9,2023,09:35,1,7,3,92,92026,2,3,1,1,1
202300036364,5,9,2023,09:35,1,7,3,92,92026,2,3,2,1,1
202300036365,11,4,2023,15:00,1,1,2,59,59377,1,1,3,1,1
202300036366,28,2,2023,10:25,1,1,6,08,08022,2,3,2,2,1
202300036366,28,2,2023,10:25,1,1,6,08,08022,2,3,-1,-1,-1
202300036367,5,9,2023,16:20,1,1,6,92,92025,2,4,1,1,1
202300036368,22,2,2023,08:54,1,1,7,78,78043,2,4,-1,1,1
202300036369,12,4,2023,07:50,1,3,6,77,77407,1,1,3,1,3
202300036370,5,9,2023,07:40,2,1,6,92,92025,2,3,2,2,1
202300036371,27,2,2023,09:46,1,1,4,01,01134,1,1,3,1,1
202300036372,4,9,2023,14:00,1,1,6,92,92012,2,3,2,1,1
202300036373,7,4,2023,03:25,5,1,6,987,98758,2,2,2,1,1
202300036374,28,2,2023,08:00,1,1,3,971,97103,2,4,2,1,1
202300036375,4,9,2023,18:35,1,1,3,92,92007,2,3,2,1,1
202300036376,12,4,2023,18:00,1,1,1,91,91568,1,3,3,1,1
202300036377,25,2,2023,10:00,1,1,3,84,84141,1,1,3,1,1
202300036378,1,9,2023,22:20,5,1,3,92,92004,2,3,-1,1,1
202300036379,12,4,2023,10:15,1,1,6,83,83071,2,3,2,1,1
202300036380,4,9,2023,17:45,1,1,3,92,92004,2,4,2,1,1
202300036381,28,2,2023,01:15,5,1,6,77,77065,1,1,3,1,1
202300036382,4,9,2023,07:52,2,1,1,92,92004,2,4,-1,1,1
202300036382,4,9,2023,07:52,2,1,1,92,92004,2,4,2,1,1
202300036383,25,2,2023,23:12,3,2,7,973,97311,1,3,2,1,2
202300036384,11,4,2023,09:50,1,1,3,13,13093,2,3,2,2,1
202300036385,26,2,2023,16:30,1,6,7,45,45121,1,4,2,3,1
202300036386,5,9,2023,18:45,1,1,6,92,92014,2,3,1,2,1
202300036387,11,4,2023,22:08,5,1,7,57,57484,2,3,2,1,1
202300036388,3,9,2023,04:15,3,1,6,35,35151,1,3,3,1,1
202300036389,27,2,2023,15:05,1,1,3,78,78346,1,3,2,1,1
202300036389,27,2,2023,15:05,1,1,3,78,78346,1,3,2,1,1
202300036390,5,9,2023,21:30,2,1,6,22,22049,1,3,2,1,1
202300036391,12,4,2023,05:20,4,2,1,27,27275,2,3,2,2,2
202300036391,12,4,2023,05:20,4,2,1,27,27275,2,3,2,1,2
202300036392,5,9,2023,17:45,1,1,6,95,95313,2,3,2,1,1
202300036393,5,9,2023,12:58,1,1,3,95,95313,1,3,2,1,1
202300036394,11,4,2023,13:30,1,1,6,62,62560,2,3,3,2,1
202300036395,19,2,2023,09:43,1,1,2,13,13007,2,3,2,1,1
202300036395,19,2,2023,09:43,1,1,2,13,13007,2,3,2,1,1
202300036396,1,9,2023,17:10,1,1,6,33,33352,2,3,2,1,1
202300036397,11,4,2023,18:20,1,1,3,33,33192,1,1,3,1,1
202300036398,27,2,2023,09:55,1,1,6,69,69287,1,4,2,1,1
202300036399,5,9,2023,10:35,1,1,3,07,07191,1,3,2,1,1
202300036400,27,2,2023,09:20,1,1,3,17,17056,1,3,2,1,1
202300036400,27,2,2023,09:20,1,1,3,17,17056,1,3,2,1,1
202300036401,11,4,2023,09:00,1,1,3,91,91377,1,3,1,1,1
202300036402,4,9,2023,20:40,5,1,3,06,06161,2,3,2,1,1
202300036402,4,9,2023,20:40,5,1,3,06,06161,2,3,2,1,1
202300036403,26,2,2023,01:45,5,1,6,85,85092,2,4,1,1,1
202300036404,11,4,2023,18:45,1,2,6,92,92036,1,2,2,1,2
202300036405,5,9,2023,17:40,1,1,3,52,52282,1,1,3,1,1
202300036406,28,2,2023,06:45,2,1,2,60,60369,1,3,2,1,1
202300036407,11,4,2023,10:10,1,1,6,78,78571,1,1,3,1,1
202300036408,4,9,2023,14:45,1,1,1,01,01353,1,3,2,1,1
202300036409,27,2,2023,06:55,5,1,3,33,33249,1,1,3,1,1
202300036410,6,9,2023,09:25,1,1,7,01,01354,2,3,2,1,1
202300036411,17,2,2023,14:23,1,1,6,59,59646,1,1,-1,1,1
202300036412,11,4,2023,09:20,1,1,3,92,92048,1,2,1,1,2
202300036413,5,9,2023,12:20,1,1,6,35,35012,1,6,-1,1,1
202300036414,27,2,2023,14:00,1,1,3,91,91645,1,2,3,1,1
202300036415,10,4,2023,22:10,3,2,2,93,93066,1,1,3,2,4
202300036416,27,2,2023,01:40,3,1,7,78,78007,1,1,1,1,1
202300036417,5,9,2023,14:55,1,1,1,14,14027,1,3,2,2,1
202300036418,11,4,2023,07:30,1,1,3,93,93051,1,1,3,1,1
202300036419,26,2,2023,06:55,3,1,6,78,78133,1,1,-1,1,1
202300036420,5,9,2023,18:30,1,1,4,74,74112,1,3,2,1,1
202300036421,25,2,2023,23:08,5,1,6,78,78362,1,1,-1,1,1
202300036422,5,9,2023,17:30,1,1,6,62,62808,1,3,2,1,1
202300036423,3,9,2023,23:00,4,1,7,62,62597,2,3,2,1,1
202300036424,26,2,2023,16:30,1,1,2,95,95500,1,1,3,1,1
202300036425,8,4,2023,04:07,5,1,2,75,75114,2,4,2,1,1
202300036425,8,4,2023,04:07,5,1,2,75,75114,2,4,1,1,1
202300036426,10,4,2023,23:00,5,2,7,75,75120,2,4,-1,1,2
202300036426,10,4,2023,23:00,5,2,7,75,75120,2,4,1,2,2
202300036427,5,9,2023,13:30,1,1,1,57,57389,1,3,2,1,1
202300036428,25,2,2023,14:50,1,1,4,93,93010,1,1,3,1,1
202300036429,10,4,2023,18:55,1,2,7,75,75119,2,4,2,1,2
202300036429,10,4,2023,18:55,1,2,7,75,75119,2,4,-1,1,2
202300036430,4,9,2023,14:30,1,1,7,51,51543,1,3,2,3,1
202300036431,27,2,2023,16:30,1,1,2,94,94022,1,1,3,1,1
202300036432,6,9,2023,10:55,1,7,1,51,51393,1,3,2,3,1
202300036433,7,4,2023,13:00,1,1,3,75,75116,2,4,1,1,1
202300036433,7,4,2023,13:00,1,1,3,75,75116,2,4,1,1,1
202300036434,19,8,2023,10:45,1,1,3,19,19049,1,3,2,1,1
202300036434,19,8,2023,10:45,1,1,3,19,19049,1,3,2,1,1
202300036435,2,9,2023,18:50,1,2,2,56,56164,1,4,2,2,2
202300036435,2,9,2023,18:50,1,2,2,56,56164,1,4,2,3,2
202300036436,10,4,2023,02:55,5,1,3,75,75111,2,4,1,1,1
202300036437,5,9,2023,10:05,1,1,7,74,74208,1,3,-1,2,1
202300036438,5,9,2023,12:05,1,1,3,2B,2B050,2,2,2,1,1
202300036439,5,9,2023,17:25,1,1,1,11,11304,1,3,2,1,1
202300036440,6,9,2023,18:18,1,1,6,63,63338,1,4,2,4,1
202300036441,5,9,2023,14:00,1,1,1,86,86139,1,3,2,1,1
202300036442,6,9,2023,16:35,1,1,1,25,25157,1,3,2,1,1
202300036443,6,9,2023,07:48,1,1,6,25,25367,2,3,2,1,1
202300036444,6,9,2023,03:53,3,1,7,44,44206,1,3,2,1,1
202300036445,4,9,2023,11:20,1,1,6,29,29217,2,4,2,2,1
202300036446,5,9,2023,20:40,3,1,2,02,02422,1,3,-1,2,1
202300036447,6,9,2023,11:30,1,1,3,01,01323,1,3,2,2,1
202300036447,6,9,2023,11:30,1,1,3,01,01323,1,3,2,1,1
202300036448,6,9,2023,11:10,1,1,3,01,01113,1,4,2,1,1
202300036449,5,9,2023,19:38,1,7,3,70,70312,2,3,2,1,1
202300036449,5,9,2023,19:38,1,7,3,70,70312,2,3,2,2,1
202300036450,5,9,2023,19:45,1,1,6,26,26159,1,3,2,2,1
202300036451,6,9,2023,07:30,1,1,2,06,06059,1,7,3,2,1
202300036452,6,9,2023,10:40,1,1,6,50,50353,2,5,2,1,1
202300036453,4,9,2023,16:34,1,1,7,43,43005,1,3,2,1,9
202300036454,6,9,2023,14:10,1,1,3,36,36128,1,2,2,1,1
202300036455,5,9,2023,16:00,1,1,6,53,53008,2,6,-1,2,1
202300036456,6,9,2023,15:11,1,1,1,04,04121,1,3,-1,1,1
202300036457,6,9,2023,17:50,1,1,3,85,85031,1,3,2,1,1
202300036457,6,9,2023,17:50,1,1,3,85,85031,1,3,2,1,1
202300036458,4,9,2023,13:30,1,1,3,37,37109,1,3,2,1,1
202300036458,4,9,2023,13:30,1,1,3,37,37109,1,3,2,1,1
202300036459,3,9,2023,18:30,1,1,3,67,67083,1,3,2,1,1
202300036460,6,9,2023,03:10,3,1,6,24,24091,1,3,2,3,1
202300036461,4,9,2023,15:05,1,1,3,971,97103,2,9,-1,1,1
202300036462,5,9,2023,09:42,1,1,3,95,95580,1,3,1,1,1
202300036463,5,9,2023,16:40,1,1,2,59,59216,1,1,3,1,1
202300036464,4,9,2023,13:45,1,2,1,987,98729,1,4,2,1,2
202300036465,6,9,2023,09:15,1,7,3,971,97106,2,2,2,1,1
202300036466,5,9,2023,11:10,1,1,2,77,77005,1,3,2,1,1
202300036467,5,9,2023,08:55,1,1,7,77,77520,1,3,2,1,1
202300036468,6,9,2023,05:30,2,1,3,78,78499,1,3,2,1,1
202300036468,6,9,2023,05:30,2,1,3,78,78499,1,3,2,1,1
202300036469,5,9,2023,15:30,1,1,3,34,34154,1,3,2,1,1
202300036470,12,8,2023,22:30,3,1,2,13,13066,1,3,2,1,1
202300036471,6,9,2023,17:06,1,1,2,25,25505,2,3,2,1,1
202300036472,5,9,2023,18:30,1,1,3,71,71371,1,3,2,1,1
202300036472,5,9,2023,18:30,1,1,3,71,71371,1,3,2,2,1
202300036473,6,9,2023,18:15,1,1,7,68,68111,1,3,2,2,1
202300036474,5,9,2023,07:30,1,1,1,42,42304,2,3,2,1,1
202300036475,5,9,2023,16:20,1,1,2,38,38246,2,3,2,1,1
202300036476,5,9,2023,19:06,1,1,6,38,38474,1,7,2,2,1
202300036477,3,9,2023,14:45,1,1,3,26,26170,1,3,2,1,1
202300036477,3,9,2023,14:45,1,1,3,26,26170,1,3,2,1,1
202300036478,4,9,2023,19:05,1,1,6,33,33509,1,3,2,1,1
202300036479,4,9,2023,18:05,1,1,1,33,33494,1,3,2,1,1
202300036480,26,8,2023,18:00,1,1,1,33,33422,2,3,2,1,1
202300036481,4,9,2023,07:25,1,1,6,14,14728,2,3,2,4,1
202300036482,6,9,2023,10:40,1,1,7,29,29021,2,4,2,1,1
202300036483,31,8,2023,23:10,3,3,7,29,29087,1,4,2,1,2
202300036484,6,9,2023,18:10,1,7,6,59,59551,2,4,2,1,1
202300036485,5,9,2023,15:00,1,7,7,59,59336,1,3,2,1,1
202300036486,4,9,2023,15:37,1,1,2,13,13212,1,1,1,1,1
202300036487,5,9,2023,08:46,1,1,3,13,13202,1,1,1,1,1
202300036488,4,9,2023,11:28,1,1,4,13,13071,1,1,1,1,1
202300036489,4,9,2023,18:30,1,1,6,59,59196,1,1,-1,1,1
202300036490,1,9,2023,07:50,2,3,6,59,59478,1,1,-1,1,2
202300036491,1,9,2023,02:25,3,2,6,59,59155,1,1,-1,1,2