id_accident,jour,mois,annee,heure_minute,luminosite,meteo,type_collision,departement,commune,agglomeration,categorie_route,regime_circulation,profil_route,etat_surface
202300036492,5,9,2023,00:40,3,1,2,94,94076,1,1,1,1,1
202300036493,4,9,2023,15:48,1,1,2,91,91179,1,1,1,1,1
202300036494,4,9,2023,16:00,1,1,3,92,92036,1,1,1,1,1
202300036495,3,9,2023,01:20,3,1,2,95,95572,1,1,3,1,1
202300036496,5,9,2023,17:30,1,1,4,77,77258,1,1,3,1,1
202300036497,5,7,2023,01:20,5,1,7,83,83069,2,3,-1,1,1
202300036497,5,7,2023,01:20,5,1,7,83,83069,2,3,2,1,1
202300036498,4,7,2023,19:05,1,1,3,83,83061,2,3,2,1,1
202300036498,4,7,2023,19:05,1,1,3,83,83061,2,3,-1,1,1
202300036499,10,6,2023,15:40,1,1,3,94,94041,2,4,1,1,1
202300036499,10,6,2023,15:40,1,1,3,94,94041,2,4,2,1,1
202300036500,4,9,2023,17:10,2,2,3,988,98818,2,4,3,1,2
202300036500,4,9,2023,17:10,2,2,3,988,98818,2,4,2,1,2
202300036501,4,9,2023,17:10,1,1,6,974,97416,2,4,2,2,1
202300036502,4,9,2023,07:38,1,1,2,974,97416,1,4,2,1,1
202300036503,31,8,2023,17:20,1,1,7,974,97416,1,3,2,4,1
202300036504,4,9,2023,18:20,5,1,3,973,97302,2,3,2,1,1
202300036504,4,9,2023,18:20,5,1,3,973,97302,2,3,2,1,9
202300036505,4,9,2023,07:32,1,1,3,973,97302,2,3,2,1,1
202300036506,4,9,2023,20:36,5,1,6,2B,2B353,1,3,-1,1,1
202300036507,3,9,2023,18:00,2,1,7,971,97113,2,4,2,1,1
202300036508,3,9,2023,18:20,2,1,3,971,97113,1,2,2,2,1
202300036509,15,8,2023,18:00,1,1,3,971,97101,1,4,2,1,1
202300036509,15,8,2023,18:00,1,1,3,971,97101,1,4,2,1,1
202300036510,20,8,2023,08:34,1,1,7,95,95210,2,4,-1,1,1
202300036510,20,8,2023,08:34,1,1,7,95,95210,2,4,-1,1,1
202300036511,4,9,2023,22:00,2,1,2,91,91216,2,3,2,2,1
202300036511,4,9,2023,22:00,2,1,2,91,91216,2,3,3,2,1
202300036512,4,9,2023,12:45,1,1,7,91,91223,1,3,3,1,1
202300036513,31,8,2023,16:50,1,2,4,89,89387,1,3,2,1,2
202300036514,2,9,2023,18:01,1,1,6,87,87085,2,4,2,1,1
202300036515,3,9,2023,03:10,5,1,6,86,86194,2,4,2,1,1
202300036516,20,8,2023,12:00,1,1,6,83,83137,2,3,2,1,1
202300036517,4,9,2023,15:45,1,1,3,78,78133,2,3,1,1,1
202300036517,4,9,2023,15:45,1,1,3,78,78133,2,3,1,1,1
202300036518,4,9,2023,11:00,1,1,2,78,78350,2,3,3,1,1
202300036519,4,9,2023,16:35,1,7,2,77,77284,2,3,1,1,1
202300036519,4,9,2023,16:35,1,7,2,77,77284,2,3,2,1,1
202300036520,4,9,2023,12:00,1,1,3,77,77307,2,4,-1,1,1
202300036521,4,9,2023,09:00,1,1,3,77,77042,2,3,2,1,1
202300036522,4,9,2023,11:20,1,1,6,76,76322,2,4,2,1,1
202300036523,4,9,2023,09:30,1,1,6,76,76410,2,4,2,1,1
202300036523,4,9,2023,09:30,1,1,6,76,76410,2,4,2,1,1
202300036524,2,9,2023,13:13,1,1,2,76,76351,2,4,2,1,1
202300036525,1,9,2023,13:00,1,1,6,76,76447,2,6,-1,1,1
202300036526,3,9,2023,17:20,1,1,2,72,72181,2,4,2,2,1
202300036527,4,9,2023,08:00,1,1,6,69,69264,2,3,2,1,1
202300036528,3,9,2023,17:00,1,1,7,67,67482,2,4,2,1,1
202300036529,2,9,2023,17:05,1,1,3,67,67043,2,4,2,1,1
202300036529,2,9,2023,17:05,1,1,3,67,67043,2,4,2,2,1
202300036530,4,9,2023,10:08,1,1,6,63,63113,2,7,4,1,1
202300036530,4,9,2023,10:08,1,1,6,63,63113,2,7,2,1,1
202300036531,4,9,2023,13:30,1,1,3,60,60057,2,3,1,2,1
202300036532,4,9,2023,12:50,1,7,3,60,60057,2,4,2,2,1
202300036532,4,9,2023,12:50,1,7,3,60,60057,2,4,2,1,1
202300036533,4,9,2023,08:40,1,7,6,58,58194,2,4,2,1,1
202300036534,2,9,2023,23:20,3,1,3,56,56083,2,3,2,1,1
202300036534,2,9,2023,23:20,3,1,3,56,56083,2,3,2,1,1
202300036535,4,9,2023,18:45,1,1,1,51,51454,2,4,2,2,1
202300036536,4,9,2023,22:55,5,1,6,51,51108,2,4,2,1,1
202300036537,4,9,2023,16:35,1,1,3,45,45234,2,4,2,1,1
202300036537,4,9,2023,16:35,1,1,3,45,45234,2,4,2,1,1
202300036538,16,8,2023,12:00,1,1,6,42,42123,2,4,1,2,1
202300036539,4,9,2023,14:00,1,1,6,38,38185,2,4,1,1,1
202300036540,4,9,2023,13:50,1,1,3,38,38421,2,4,2,1,1
202300036541,5,9,2023,00:45,3,1,6,37,37208,2,4,2,1,1
202300036542,4,9,2023,15:00,1,1,6,37,37122,2,4,2,2,1
202300036543,3,9,2023,14:26,1,1,3,37,37261,2,4,3,1,1
202300036543,3,9,2023,14:26,1,1,3,37,37261,2,4,1,1,1
202300036543,3,9,2023,14:26,1,1,3,37,37261,2,4,3,1,1
202300036543,3,9,2023,14:26,1,1,3,37,37261,2,4,3,1,1
202300036544,4,9,2023,07:30,1,1,3,33,33039,2,4,2,4,1
202300036544,4,9,2023,07:30,1,1,3,33,33039,2,4,2,1,1
202300036545,4,9,2023,17:45,1,1,7,32,32013,1,3,2,1,1
202300036546,11,12,2023,18:42,3,1,2,10,10321,2,3,-1,1,1
202300036546,11,12,2023,18:42,3,1,2,10,10321,2,3,2,1,1
202300036547,5,9,2023,00:04,5,1,7,31,31069,2,4,2,1,1
202300036548,12,12,2023,23:34,5,3,6,01,01283,2,3,-1,1,2
202300036548,12,12,2023,23:34,5,3,6,01,01283,2,3,1,1,2
202300036549,4,9,2023,19:00,1,1,3,28,28134,2,4,2,1,1
202300036549,4,9,2023,19:00,1,1,3,28,28134,2,4,2,1,1
202300036550,12,12,2023,18:00,5,1,4,75,75116,2,4,-1,1,2
202300036551,4,9,2023,18:15,1,1,1,28,28134,2,3,2,1,1
202300036551,4,9,2023,18:15,1,1,1,28,28134,2,3,2,1,1
202300036552,12,12,2023,17:45,5,8,2,75,75113,2,4,1,1,2
202300036553,4,9,2023,13:45,1,1,1,25,25056,2,4,2,1,1
202300036553,4,9,2023,13:45,1,1,1,25,25056,2,4,2,2,1
202300036554,12,12,2023,14:00,1,2,3,75,75112,2,4,1,1,2
202300036555,4,9,2023,22:10,3,1,7,22,22215,1,3,2,1,1
202300036556,12,12,2023,08:15,2,1,6,75,75112,2,4,1,1,1
202300036557,4,9,2023,13:00,1,1,2,14,14118,2,4,2,1,1
202300036558,12,12,2023,11:05,1,2,2,75,75108,2,4,2,1,2
202300036558,12,12,2023,11:05,1,2,2,75,75108,2,4,1,1,2
202300036559,4,9,2023,22:45,5,1,3,13,13054,2,4,-1,1,1
202300036560,11,12,2023,19:30,5,1,6,75,75114,2,4,2,1,1
202300036561,4,9,2023,07:42,1,1,3,13,13211,2,4,2,1,1
202300036562,12,12,2023,18:40,5,1,6,75,75105,2,4,1,1,1
202300036563,4,9,2023,07:35,1,1,1,13,13001,2,3,2,1,1
202300036564,12,12,2023,15:30,1,1,6,75,75106,2,4,1,1,1
202300036564,12,12,2023,15:30,1,1,6,75,75106,2,4,2,1,1
202300036565,31,8,2023,17:30,1,1,1,12,12084,1,3,2,2,1
202300036566,11,12,2023,20:13,5,1,1,75,75105,2,4,1,1,1
202300036566,11,12,2023,20:13,5,1,1,75,75105,2,4,2,1,1
202300036567,12,12,2023,19:05,5,1,2,75,75119,2,4,2,2,1
202300036567,12,12,2023,19:05,5,1,2,75,75119,2,4,1,1,1
202300036568,12,12,2023,09:50,1,1,3,75,75116,2,4,2,1,1
202300036568,12,12,2023,09:50,1,1,3,75,75116,2,4,-1,1,1
202300036569,1,9,2023,18:00,1,1,1,11,11262,2,3,-1,1,1
202300036570,12,12,2023,11:26,1,2,2,75,75115,2,4,1,1,2
202300036571,4,9,2023,13:45,1,1,1,06,06069,2,4,2,1,1
202300036572,12,12,2023,09:42,1,2,2,75,75114,2,4,2,1,2
202300036572,12,12,2023,09:42,1,2,2,75,75114,2,4,1,1,2
202300036573,4,9,2023,12:45,1,1,7,06,06069,2,4,3,2,1
202300036574,12,12,2023,20:20,5,1,3,75,75113,2,4,2,1,1
202300036574,12,12,2023,20:20,5,1,3,75,75113,2,4,2,1,1
202300036575,3,9,2023,12:50,1,1,3,06,06027,2,4,2,1,1
202300036576,12,12,2023,12:15,1,2,6,75,75113,2,4,2,1,2
202300036576,12,12,2023,12:15,1,2,6,75,75113,2,4,1,1,2
202300036577,12,12,2023,08:05,5,8,6,75,75113,2,4,3,2,2
202300036577,12,12,2023,08:05,5,8,6,75,75113,2,4,2,1,2
202300036578,4,9,2023,16:07,1,1,3,75,75120,2,4,-1,1,1
202300036578,4,9,2023,16:07,1,1,3,75,75120,2,4,1,1,1
202300036579,12,12,2023,06:50,5,2,3,75,75113,2,4,2,1,2
202300036579,12,12,2023,06:50,5,2,3,75,75113,2,4,2,1,2
202300036580,3,9,2023,14:45,1,1,2,75,75120,2,4,1,1,1
202300036581,12,12,2023,18:20,5,9,3,75,75103,2,4,2,1,2
202300036581,12,12,2023,18:20,5,9,3,75,75103,2,4,2,1,2
202300036582,3,9,2023,03:29,5,1,6,75,75119,2,4,2,1,1
202300036583,12,12,2023,10:35,1,1,4,75,75111,2,4,-1,1,1
202300036583,12,12,2023,10:35,1,1,4,75,75111,2,4,1,1,1
202300036584,4,9,2023,18:42,1,1,3,75,75119,2,4,-1,1,1
202300036584,4,9,2023,18:42,1,1,3,75,75119,2,4,1,1,1
202300036585,12,12,2023,00:40,5,1,3,75,75110,2,4,1,1,1
202300036585,12,12,2023,00:40,5,1,3,75,75110,2,4,1,1,1
202300036586,4,9,2023,02:50,5,1,6,75,75119,2,4,-1,1,1
202300036586,4,9,2023,02:50,5,1,6,75,75119,2,4,1,1,1
202300036587,12,12,2023,11:06,1,1,3,75,75107,2,4,1,1,1
202300036588,4,9,2023,20:20,1,1,6,75,75118,2,4,-1,1,1
202300036588,4,9,2023,20:20,1,1,6,75,75118,2,4,2,1,1
202300036589,11,12,2023,17:00,5,1,3,75,75104,2,4,1,1,1
202300036589,11,12,2023,17:00,5,1,3,75,75104,2,4,1,1,1
202300036590,4,9,2023,15:20,1,1,3,75,75117,2,4,-1,1,1
202300036590,4,9,2023,15:20,1,1,3,75,75117,2,4,1,1,1
202300036591,12,12,2023,21:18,5,2,3,94,94076,2,3,3,1,2
202300036592,12,12,2023,18:25,5,2,6,94,94081,2,4,1,1,2
202300036592,12,12,2023,18:25,5,2,6,94,94081,2,4,2,1,2
202300036593,4,9,2023,16:50,1,1,2,75,75108,2,4,2,1,1
202300036593,4,9,2023,16:50,1,1,2,75,75108,2,4,-1,1,1
202300036594,11,12,2023,11:00,1,2,2,94,94021,1,5,1,1,2
202300036595,4,9,2023,16:45,1,1,6,75,75116,2,4,-1,1,1
202300036596,4,9,2023,14:10,1,1,3,75,75116,2,4,2,1,1
202300036596,4,9,2023,14:10,1,1,3,75,75116,2,4,-1,1,1
202300036597,12,12,2023,20:10,5,1,6,94,94033,2,4,1,1,1
202300036598,12,12,2023,06:54,5,2,6,94,94070,2,3,2,1,2
202300036599,4,9,2023,09:20,1,1,3,75,75115,2,4,-1,1,1
202300036600,12,12,2023,18:45,3,2,6,93,93071,2,6,-1,1,2
202300036601,4,9,2023,01:00,5,1,6,75,75114,2,4,2,1,1
202300036602,12,12,2023,18:05,2,1,1,93,93070,2,4,2,1,2
202300036602,12,12,2023,18:05,2,1,1,93,93070,2,4,1,1,2
202300036603,12,12,2023,07:50,2,8,6,93,93066,2,4,2,1,2
202300036604,3,9,2023,04:40,5,1,6,75,75114,2,4,2,1,1
202300036604,3,9,2023,04:40,5,1,6,75,75114,2,4,2,1,1
202300036605,11,12,2023,18:15,5,1,6,93,93074,2,3,2,1,1
202300036605,11,12,2023,18:15,5,1,6,93,93074,2,3,1,1,1
202300036606,4,9,2023,00:05,5,1,6,75,75113,2,4,2,1,1
202300036606,4,9,2023,00:05,5,1,6,75,75113,2,4,-1,1,1
202300036607,12,12,2023,11:30,1,2,6,93,93001,2,3,3,1,2
202300036608,4,9,2023,17:30,1,1,6,75,75108,2,4,1,1,1
202300036608,4,9,2023,17:30,1,1,6,75,75108,2,4,-1,1,1
202300036609,12,12,2023,18:00,5,1,6,92,92063,2,3,2,1,2
202300036610,12,12,2023,19:00,3,1,4,92,92051,2,2,1,1,1
202300036611,4,9,2023,12:35,1,7,3,75,75108,2,4,-1,1,1
202300036611,4,9,2023,12:35,1,7,3,75,75108,2,4,2,2,1
202300036612,12,12,2023,15:00,1,1,3,92,92050,2,3,2,1,1
202300036612,12,12,2023,15:00,1,1,3,92,92050,2,3,2,1,1
202300036613,4,9,2023,20:55,5,1,2,75,75104,2,4,2,1,1
202300036613,4,9,2023,20:55,5,1,2,75,75104,2,4,1,1,1
202300036614,11,12,2023,10:05,1,1,1,92,92036,2,4,2,1,1
202300036614,11,12,2023,10:05,1,1,1,92,92036,2,4,-1,1,1
202300036615,4,9,2023,17:51,1,1,2,75,75101,2,4,1,1,1
202300036615,4,9,2023,17:51,1,1,2,75,75101,2,4,2,1,1
202300036616,12,12,2023,14:05,1,8,3,92,92035,2,3,3,1,2
202300036616,12,12,2023,14:05,1,8,3,92,92035,2,3,1,1,2
202300036617,3,9,2023,13:00,1,1,3,75,75102,2,4,2,1,1
202300036617,3,9,2023,13:00,1,1,3,75,75102,2,4,2,1,1
202300036618,11,12,2023,17:45,5,1,3,92,92024,2,3,2,1,1
202300036618,11,12,2023,17:45,5,1,3,92,92024,2,3,2,1,1
202300036619,4,9,2023,14:20,1,1,6,94,94078,2,4,1,2,1
202300036619,4,9,2023,14:20,1,1,6,94,94078,2,4,2,2,1
202300036620,12,12,2023,21:00,5,1,3,92,92012,2,3,2,1,1
202300036620,12,12,2023,21:00,5,1,3,92,92012,2,3,-1,1,2
202300036621,4,9,2023,12:30,1,1,3,94,94046,2,3,2,1,1
202300036622,12,12,2023,19:50,5,2,7,92,92012,2,3,2,1,2
202300036623,3,9,2023,21:00,3,1,6,94,94077,2,9,-1,1,1
202300036624,9,12,2023,14:15,1,3,6,14,14656,1,3,2,1,2
202300036625,3,9,2023,05:20,5,1,6,94,94002,2,4,2,1,1
202300036625,3,9,2023,05:20,5,1,6,94,94002,2,4,2,1,1
202300036626,11,12,2023,05:13,2,1,5,972,97227,1,2,2,1,1
202300036627,4,9,2023,12:10,1,1,6,93,93073,2,3,2,1,1
202300036627,4,9,2023,12:10,1,1,6,93,93073,2,3,3,1,1
202300036628,13,12,2023,14:00,1,1,1,67,67097,1,3,2,1,1
202300036629,12,12,2023,22:40,3,1,7,50,50616,1,2,3,1,2
202300036630,4,9,2023,09:55,1,1,2,93,93073,2,9,3,1,1
202300036631,13,12,2023,09:33,1,1,3,85,85064,1,3,2,1,1
202300036631,13,12,2023,09:33,1,1,3,85,85064,1,3,2,1,1
202300036632,12,12,2023,19:55,5,1,4,37,37266,1,1,3,2,2
202300036633,13,12,2023,00:15,3,1,6,37,37179,1,1,3,2,1
202300036634,12,12,2023,11:40,1,1,1,83,83057,1,3,2,1,1
202300036635,13,12,2023,18:20,3,1,1,30,30117,1,3,2,1,1
202300036636,4,9,2023,08:15,1,1,2,93,93077,2,3,2,1,1
202300036636,4,9,2023,08:15,1,1,2,93,93077,2,3,2,1,1
202300036637,12,12,2023,20:45,3,2,2,51,51200,1,3,2,1,2
202300036638,11,12,2023,21:15,3,8,7,67,67235,1,4,-1,1,2
202300036639,12,12,2023,19:55,3,2,6,61,61345,1,3,2,1,2
202300036640,12,12,2023,21:43,5,1,6,49,49272,2,3,2,1,2
202300036641,12,12,2023,07:55,2,1,6,46,46132,2,3,2,1,2
202300036642,13,12,2023,16:10,1,2,3,86,86113,1,2,3,2,2
202300036642,13,12,2023,16:10,1,2,3,86,86113,1,2,2,1,2
202300036643,12,12,2023,17:29,3,3,1,38,38130,1,3,2,1,2
202300036644,12,12,2023,12:50,1,1,3,26,26165,2,3,2,1,1
202300036644,12,12,2023,12:50,1,1,3,26,26165,2,3,2,1,1
202300036645,13,12,2023,19:35,5,1,3,06,06105,2,3,2,1,1
202300036645,13,12,2023,19:35,5,1,3,06,06105,2,3,2,2,1
202300036646,12,12,2023,21:00,3,1,5,14,14160,1,3,2,1,1
202300036647,13,12,2023,11:40,1,2,1,64,64538,1,3,2,1,2
202300036648,6,12,2023,10:20,1,1,2,43,43257,1,2,2,1,1
202300036649,13,12,2023,15:29,1,2,7,10,10233,2,3,2,1,2
202300036650,12,12,2023,20:30,3,1,1,10,10055,1,3,2,1,2
202300036651,5,12,2023,08:40,1,1,1,07,07230,1,3,2,2,1
202300036652,12,12,2023,07:48,5,2,6,53,53062,2,4,2,2,2
202300036653,13,12,2023,05:16,4,8,6,53,53062,2,2,2,1,2
202300036654,11,12,2023,12:35,1,2,7,21,21456,1,3,2,1,2
202300036655,12,12,2023,21:20,3,2,6,24,24155,1,2,2,3,2
202300036656,13,12,2023,16:45,1,3,2,85,85108,1,3,1,1,2
202300036657,10,11,2023,21:00,5,1,1,85,85084,2,3,2,2,1
202300036658,12,12,2023,13:40,1,1,3,30,30173,2,3,2,2,1
202300036658,12,12,2023,13:40,1,1,3,30,30173,2,3,2,2,1
202300036659,8,12,2023,16:50,5,3,6,08,08365,2,3,2,2,2
202300036660,11,12,2023,19:46,3,2,2,01,01151,1,1,1,1,2
202300036661,13,12,2023,07:45,2,2,6,69,69143,2,3,1,1,2
202300036661,13,12,2023,07:45,2,2,6,69,69143,2,3,2,1,2
202300036662,13,12,2023,07:45,2,8,6,68,68278,2,3,2,1,1
202300036662,13,12,2023,07:45,2,8,6,68,68278,2,3,2,1,1
202300036663,13,12,2023,10:50,1,1,3,69,69097,1,3,2,1,1
202300036663,13,12,2023,10:50,1,1,3,69,69097,1,3,2,2,1
202300036664,10,12,2023,11:20,1,1,7,974,97406,1,2,3,1,1
202300036665,12,12,2023,21:30,5,1,3,973,97311,2,4,2,1,2
202300036665,12,12,2023,21:30,5,1,3,973,97311,2,4,2,1,2
202300036666,12,12,2023,16:00,1,3,1,973,97310,1,3,2,2,2
202300036667,17,10,2023,07:50,1,1,3,973,97305,1,2,2,1,1
202300036668,12,12,2023,17:35,3,1,3,45,45171,1,3,2,1,2
202300036669,12,12,2023,18:58,3,1,6,95,95509,1,3,2,1,2
202300036670,12,12,2023,18:20,3,1,1,34,34327,1,3,2,1,1
202300036671,12,12,2023,19:30,3,1,1,13,13099,2,9,1,1,1
202300036672,12,12,2023,17:35,5,2,6,38,38449,2,3,2,1,2
202300036673,13,12,2023,12:40,1,2,6,46,46102,1,3,2,2,2
202300036674,11,12,2023,08:00,5,2,3,56,56046,1,4,2,1,2
202300036674,11,12,2023,08:00,5,2,3,56,56046,1,4,2,1,2
202300036675,12,12,2023,16:15,1,1,2,35,35066,1,3,2,1,2
202300036676,12,12,2023,20:20,5,1,3,59,59136,2,3,2,2,2
202300036677,12,12,2023,18:00,3,1,2,13,13215,1,1,1,2,1
202300036678,12,12,2023,00:30,3,1,2,69,69278,1,1,3,2,1
202300036679,10,12,2023,06:45,3,2,6,54,54232,1,1,3,1,2
202300036680,11,12,2023,15:18,1,1,1,67,67131,1,7,3,2,1
202300036681,12,12,2023,20:50,5,1,2,33,33249,1,2,3,1,2
202300036682,12,12,2023,15:45,1,2,6,91,91136,1,1,3,2,8
202300036683,12,12,2023,13:15,1,3,3,91,91689,1,1,3,2,2
202300036684,12,12,2023,08:20,1,1,7,78,78466,1,1,1,1,1
202300036685,12,12,2023,15:00,1,1,7,95,95394,1,2,3,1,1
202300036686,12,12,2023,15:00,1,2,2,77,77249,1,2,-1,1,2
202300036687,12,12,2023,08:00,2,2,5,94,94028,1,1,3,1,2
202300036688,12,12,2023,07:20,3,2,3,77,77249,1,2,-1,1,2
202300036689,29,9,2023,17:20,1,7,6,31,31445,2,7,2,1,1
202300036690,27,11,2023,09:00,1,1,6,31,31555,2,4,2,1,1
202300036691,9,10,2023,12:00,1,1,6,95,95369,2,3,2,1,1
202300036691,9,10,2023,12:00,1,1,6,95,95369,2,3,1,1,1
202300036692,10,10,2023,21:10,3,1,6,74,74012,2,4,-1,1,1
202300036693,10,10,2023,21:10,5,1,6,74,74012,2,4,-1,1,1
202300036694,10,10,2023,08:50,1,1,3,71,71270,2,3,2,1,1
202300036695,10,10,2023,18:00,1,1,3,69,69276,2,7,1,1,1
202300036695,10,10,2023,18:00,1,1,3,69,69276,2,7,2,1,1
202300036696,9,10,2023,20:10,5,1,6,67,67482,2,4,2,1,1
202300036697,10,10,2023,16:55,1,1,6,64,64445,2,4,2,1,1
202300036698,10,10,2023,17:45,1,1,3,51,51454,2,4,2,1,1
202300036698,10,10,2023,17:45,1,1,3,51,51454,2,4,1,1,1
202300036699,9,10,2023,17:55,1,1,4,51,51454,2,4,2,1,1
202300036700,11,10,2023,07:40,2,1,3,45,45234,2,4,2,1,1
202300036701,10,10,2023,16:25,1,1,3,45,45234,2,3,2,1,1
202300036702,9,10,2023,07:45,2,1,2,42,42184,2,4,2,1,1
202300036703,10,10,2023,11:20,1,1,3,27,27229,2,4,-1,1,1
202300036704,10,10,2023,14:45,1,1,1,13,13215,2,4,2,1,1
202300036705,10,10,2023,05:25,5,1,6,06,06069,2,4,1,2,1
202300036706,11,12,2023,07:40,1,1,5,974,97416,2,2,2,1,1
202300036706,11,12,2023,07:40,1,1,5,974,97416,2,2,2,1,1
202300036707,11,12,2023,23:50,5,3,3,69,69387,2,4,1,1,2
202300036708,11,12,2023,12:00,1,2,3,69,69383,2,4,2,1,2
202300036709,11,12,2023,09:55,1,2,6,69,69202,1,4,2,1,2
202300036710,11,12,2023,08:20,1,2,3,69,69382,2,4,2,1,2
202300036711,11,12,2023,07:00,1,2,5,971,97101,1,2,3,1,2
202300036712,10,12,2023,00:00,5,1,3,971,97113,1,9,-1,1,1
202300036713,10,12,2023,15:35,1,2,6,95,95598,1,4,1,1,2
202300036714,11,12,2023,07:20,2,1,2,91,91161,2,4,2,1,2
202300036715,11,12,2023,13:35,1,8,3,91,91201,2,4,2,1,1
202300036715,11,12,2023,13:35,1,8,3,91,91201,2,4,1,1,1
202300036716,11,12,2023,07:45,2,1,6,91,91201,2,4,2,1,1
202300036716,11,12,2023,07:45,2,1,6,91,91201,2,4,2,1,1
202300036717,6,12,2023,14:19,1,1,7,87,87085,2,4,2,1,1
202300036718,10,12,2023,13:05,1,1,1,87,87085,2,4,2,1,1
202300036719,9,12,2023,18:26,5,2,1,87,87085,2,4,3,2,2
202300036719,9,12,2023,18:26,5,2,1,87,87085,2,4,3,1,2
202300036720,9,12,2023,17:23,2,1,6,87,87114,2,4,2,2,1
202300036721,8,12,2023,13:20,1,1,2,87,87065,2,3,2,2,1
202300036722,7,12,2023,16:52,1,1,3,87,87114,2,3,2,1,1
202300036722,7,12,2023,16:52,1,1,3,87,87114,2,3,2,1,1
202300036723,12,12,2023,00:15,5,2,6,86,86194,2,4,3,1,2
202300036724,10,12,2023,18:00,5,1,6,84,84007,2,4,2,1,1
202300036725,28,11,2023,15:00,1,1,6,83,83050,2,4,-1,1,1
202300036726,11,12,2023,19:27,5,1,5,78,78650,2,3,3,1,1
202300036727,9,12,2023,18:10,5,1,6,76,76351,2,4,2,1,1
202300036727,9,12,2023,18:10,5,1,6,76,76351,2,4,1,1,1
202300036728,8,12,2023,11:01,1,1,6,76,76351,2,4,2,1,1
202300036728,8,12,2023,11:01,1,1,6,76,76351,2,4,2,1,1
202300036729,8,12,2023,16:20,1,1,3,76,76351,2,4,2,1,1
202300036729,8,12,2023,16:20,1,1,3,76,76351,2,4,2,1,1
202300036730,8,12,2023,13:30,1,1,6,76,76351,2,4,2,1,1
202300036730,8,12,2023,13:30,1,1,6,76,76351,2,4,-1,1,1
202300036731,11,12,2023,18:30,5,1,6,69,69266,2,4,2,1,1
202300036731,11,12,2023,18:30,5,1,6,69,69266,2,4,2,1,1
202300036732,6,12,2023,12:15,1,1,3,69,69013,1,3,2,1,1
202300036732,6,12,2023,12:15,1,1,3,69,69013,1,3,2,1,1
202300036733,10,12,2023,17:10,5,2,4,69,69259,2,7,2,1,2
202300036734,11,12,2023,19:15,5,1,6,67,67482,2,4,1,2,1
202300036735,11,12,2023,04:50,3,1,7,64,64545,1,4,2,2,2
202300036735,11,12,2023,04:50,3,1,7,64,64545,1,4,2,1,2
202300036736,11,12,2023,08:55,1,7,3,64,64445,2,4,2,1,1
202300036736,11,12,2023,08:55,1,7,3,64,64445,2,4,2,1,1
202300036736,11,12,2023,08:55,1,7,3,64,64445,2,4,2,1,1
202300036737,11,12,2023,14:05,1,1,6,63,63113,2,4,2,2,1
202300036738,17,11,2023,20:10,5,1,6,62,62041,2,3,3,1,1
202300036739,11,12,2023,08:20,1,1,6,59,59378,2,7,3,1,1
202300036740,1,12,2023,20:20,5,1,3,58,58194,2,4,2,1,1
202300036740,1,12,2023,20:20,5,1,3,58,58194,2,4,1,1,1
202300036741,7,12,2023,19:00,5,1,6,57,57283,2,3,2,1,1
202300036741,7,12,2023,19:00,5,1,6,57,57283,2,3,2,1,1
202300036742,9,12,2023,14:58,1,2,7,56,56121,2,4,2,1,2
202300036743,11,12,2023,12:00,1,1,6,54,54079,2,4,-1,1,1
202300036743,11,12,2023,12:00,1,1,6,54,54079,2,4,2,1,1
202300036744,11,12,2023,19:05,5,1,6,51,51454,2,4,2,1,1
202300036744,11,12,2023,19:05,5,1,6,51,51454,2,4,2,1,1
202300036745,11,12,2023,07:50,3,2,6,49,49328,1,3,2,1,2
202300036746,8,12,2023,07:50,4,3,2,49,49099,2,3,2,2,2
202300036746,8,12,2023,07:50,4,3,2,49,49099,2,3,3,1,2
202300036747,11,12,2023,08:15,2,2,6,45,45169,2,4,2,1,2
202300036748,11,12,2023,17:30,5,2,3,44,44109,2,4,2,2,2
202300036749,11,12,2023,20:10,5,2,2,37,37261,2,4,2,1,2
202300036750,11,12,2023,11:50,1,9,6,37,37261,2,4,2,1,2
202300036751,10,12,2023,06:10,5,1,6,37,37261,2,4,2,1,1
202300036752,11,12,2023,19:30,5,1,3,35,35238,2,4,2,2,2
202300036752,11,12,2023,19:30,5,1,3,35,35238,2,4,2,1,2
202300036753,11,12,2023,14:20,1,1,3,35,35238,2,4,3,1,1
202300036753,11,12,2023,14:20,1,1,3,35,35238,2,4,2,1,1
202300036754,11,12,2023,15:40,1,1,2,34,34172,2,4,2,2,1
202300036755,11,12,2023,07:30,2,1,3,31,31149,2,7,1,1,1
202300036756,11,12,2023,15:20,1,1,6,30,30007,2,4,1,1,1
202300036757,11,12,2023,18:30,3,1,6,26,26313,2,2,1,1,1
202300036758,11,12,2023,18:50,5,1,6,25,25056,2,3,2,4,1
202300036758,11,12,2023,18:50,5,1,6,25,25056,2,3,2,1,1
202300036759,10,10,2023,08:35,1,1,3,17,17028,2,4,2,1,1
202300036760,10,12,2023,21:20,3,1,5,14,14327,1,2,1,1,1
202300036761,11,12,2023,19:40,5,1,3,13,13204,2,4,1,1,1
202300036762,11,12,2023,17:00,5,1,3,13,13211,2,4,2,1,1
202300036762,11,12,2023,17:00,5,1,3,13,13211,2,4,1,1,1
202300036763,11,12,2023,10:40,1,8,2,12,12145,1,3,-1,1,2