id_accident,jour,mois,annee,heure_minute,luminosite,meteo,type_collision,departement,commune,agglomeration,categorie_route,regime_circulation,profil_route,etat_surface
202300036764,10,12,2023,15:30,1,1,3,06,06155,1,3,2,2,1
202300036765,3,12,2023,17:55,5,2,3,03,03185,2,3,2,1,2
202300036765,3,12,2023,17:55,5,2,3,03,03185,2,3,4,1,2
202300036766,11,12,2023,19:36,5,2,3,01,01053,2,3,2,1,2
202300036766,11,12,2023,19:36,5,2,3,01,01053,2,3,2,1,2
202300036767,10,12,2023,04:50,5,1,2,75,75120,2,4,1,1,1
202300036768,10,12,2023,23:20,5,2,3,75,75106,2,4,1,1,2
202300036768,10,12,2023,23:20,5,2,3,75,75106,2,4,2,1,2
202300036769,10,12,2023,21:00,5,2,3,75,75106,2,4,2,1,2
202300036769,10,12,2023,21:00,5,2,3,75,75106,2,4,1,1,2
202300036770,11,12,2023,14:52,1,8,6,75,75119,2,4,1,1,1
202300036770,11,12,2023,14:52,1,8,6,75,75119,2,4,1,1,1
202300036771,11,12,2023,15:35,1,1,6,75,75116,2,4,1,1,1
202300036771,11,12,2023,15:35,1,1,6,75,75116,2,4,1,1,1
202300036772,11,12,2023,09:41,1,1,6,75,75115,2,4,1,1,2
202300036772,11,12,2023,09:41,1,1,6,75,75115,2,4,1,1,2
202300036773,11,12,2023,13:05,1,1,4,75,75114,2,4,2,2,1
202300036773,11,12,2023,13:05,1,1,4,75,75114,2,4,1,1,1
202300036774,10,12,2023,19:20,5,1,1,75,75114,2,4,2,1,2
202300036775,11,12,2023,08:52,1,1,6,75,75111,2,4,1,1,1
202300036775,11,12,2023,08:52,1,1,6,75,75111,2,4,1,2,1
202300036776,11,12,2023,20:35,5,1,6,75,75108,2,4,1,1,1
202300036776,11,12,2023,20:35,5,1,6,75,75108,2,4,2,2,1
202300036777,11,12,2023,18:50,5,1,3,94,94003,2,4,2,1,1
202300036777,11,12,2023,18:50,5,1,3,94,94003,2,4,2,2,1
202300036778,11,12,2023,02:50,5,2,3,94,94073,2,3,1,1,2
202300036778,11,12,2023,02:50,5,2,3,94,94073,2,3,1,1,2
202300036779,6,10,2023,16:30,1,1,2,94,94044,2,3,2,1,1
202300036780,5,10,2023,17:30,1,1,6,94,94068,2,3,2,1,1
202300036780,5,10,2023,17:30,1,1,6,94,94068,2,3,2,1,1
202300036781,4,10,2023,18:25,1,1,6,94,94068,2,4,1,1,1
202300036781,4,10,2023,18:25,1,1,6,94,94068,2,4,2,1,1
202300036782,5,10,2023,12:50,1,1,3,94,94011,2,3,3,1,1
202300036782,5,10,2023,12:50,1,1,3,94,94011,2,3,2,1,1
202300036783,5,10,2023,13:20,1,1,3,94,94028,2,4,2,1,1
202300036784,5,10,2023,12:20,1,1,3,94,94028,2,3,3,1,1
202300036785,6,10,2023,19:35,5,1,3,94,94017,1,3,2,1,1
202300036785,6,10,2023,19:35,5,1,3,94,94017,1,3,1,1,1
202300036786,6,10,2023,13:15,1,1,3,94,94071,2,3,2,1,1
202300036786,6,10,2023,13:15,1,1,3,94,94071,2,3,1,1,1
202300036787,6,10,2023,15:30,1,1,6,93,93072,2,3,2,1,1
202300036787,6,10,2023,15:30,1,1,6,93,93072,2,3,3,1,1
202300036788,6,10,2023,18:30,1,1,1,93,93005,2,4,2,1,1
202300036789,6,10,2023,19:25,5,1,3,93,93062,2,3,2,2,1
202300036789,6,10,2023,19:25,5,1,3,93,93062,2,3,2,2,1
202300036790,5,10,2023,13:20,1,1,3,93,93048,2,4,1,2,1
202300036791,6,10,2023,01:20,5,1,6,93,93046,2,3,3,1,1
202300036791,6,10,2023,01:20,5,1,6,93,93046,2,3,2,1,1
202300036792,6,10,2023,18:20,1,1,3,93,93032,2,3,2,1,1
202300036792,6,10,2023,18:20,1,1,3,93,93032,2,3,2,1,1
202300036793,6,10,2023,09:00,1,1,3,93,93029,2,4,2,1,1
202300036793,6,10,2023,09:00,1,1,3,93,93029,2,4,2,1,1
202300036794,6,10,2023,17:00,1,1,3,93,93030,2,3,2,1,1
202300036794,6,10,2023,17:00,1,1,3,93,93030,2,3,2,1,1
202300036795,6,10,2023,13:45,1,1,3,93,93010,2,4,2,1,1
202300036796,6,10,2023,12:30,1,1,6,93,93008,2,3,1,1,1
202300036797,6,10,2023,14:40,1,1,1,93,93007,2,4,1,1,1
202300036798,6,10,2023,17:05,1,1,6,93,93005,2,4,2,1,1
202300036799,5,10,2023,13:40,1,1,7,92,92022,2,3,2,2,1
202300036799,5,10,2023,13:40,1,1,7,92,92022,2,3,2,1,1
202300036800,6,10,2023,18:04,1,1,6,92,92063,2,4,2,1,1
202300036801,6,10,2023,08:30,1,1,6,92,92050,2,3,2,1,1
202300036802,6,10,2023,19:30,5,1,7,92,92020,2,3,1,1,1
202300036803,6,10,2023,11:26,1,1,6,92,92048,2,4,-1,4,1
202300036803,6,10,2023,11:26,1,1,6,92,92048,2,4,-1,4,1
202300036804,6,10,2023,21:10,5,1,3,92,92035,2,3,1,1,1
202300036805,6,10,2023,20:50,5,1,2,92,92025,2,3,3,1,1
202300036806,6,10,2023,18:50,2,1,6,92,92032,2,3,3,1,1
202300036807,6,10,2023,06:00,5,1,6,92,92012,2,3,3,2,1
202300036808,6,10,2023,11:25,1,1,6,92,92009,2,3,2,1,1
202300036809,5,10,2023,11:34,1,1,3,92,92004,2,3,1,1,1
202300036810,6,10,2023,22:30,3,1,7,976,97603,1,2,2,2,1
202300036811,5,10,2023,22:36,3,1,4,13,13210,1,1,1,1,1
202300036812,5,10,2023,09:25,1,1,6,13,13005,1,1,1,1,1
202300036813,6,10,2023,15:42,1,1,4,33,33063,1,1,2,2,1
202300036814,6,10,2023,11:45,1,1,2,33,33096,1,1,3,1,1
202300036815,6,10,2023,06:45,5,1,2,33,33397,1,1,3,1,1
202300036816,6,10,2023,09:49,1,1,2,94,94038,1,1,1,1,1
202300036817,6,10,2023,07:59,1,1,5,91,91689,1,1,3,1,1
202300036818,6,10,2023,01:15,3,1,2,91,91689,1,1,3,2,1
202300036819,6,10,2023,18:22,1,1,3,92,92025,1,1,3,1,1
202300036820,6,10,2023,08:35,1,1,2,78,78640,1,2,-1,1,1
202300036821,5,10,2023,20:53,5,1,4,92,92025,1,1,-1,1,1
202300036822,5,10,2023,09:25,1,1,3,92,92036,1,2,1,2,1
202300036823,5,10,2023,08:01,1,1,2,78,78043,1,1,-1,1,1
202300036824,6,10,2023,16:00,1,1,2,93,93027,1,1,3,1,1
202300036825,6,10,2023,01:20,3,1,2,95,95252,1,1,-1,1,1
202300036826,6,10,2023,14:30,1,1,5,94,94017,1,1,1,1,1
202300036827,6,10,2023,10:40,1,1,2,77,77249,1,2,-1,1,1
202300036828,6,10,2023,00:20,3,1,6,93,93064,1,1,1,1,1
202300036829,25,6,2023,11:30,1,7,2,26,26088,1,3,2,2,1
202300036829,25,6,2023,11:30,1,7,2,26,26088,1,3,2,2,1
202300036830,5,10,2023,18:00,5,1,3,988,98818,2,4,1,2,1
202300036830,5,10,2023,18:00,5,1,3,988,98818,2,4,2,1,1
202300036831,5,10,2023,16:54,1,1,6,988,98818,2,9,1,1,1
202300036832,5,10,2023,15:55,1,1,3,976,97611,2,2,2,1,1
202300036833,5,10,2023,13:00,1,1,6,974,97416,1,3,2,2,1
202300036834,5,10,2023,18:40,1,1,3,69,69383,2,4,1,1,1
202300036834,5,10,2023,18:40,1,1,3,69,69383,2,4,1,1,1
202300036835,5,10,2023,07:20,1,1,3,69,69387,2,4,2,1,1
202300036836,5,10,2023,05:50,2,3,7,972,97213,2,1,2,1,3
202300036837,4,10,2023,12:20,1,1,6,972,97213,1,3,2,1,1
202300036838,5,10,2023,15:30,1,1,3,69,69389,2,4,2,1,1
202300036838,5,10,2023,15:30,1,1,3,69,69389,2,4,2,1,1
202300036839,5,10,2023,10:10,1,2,1,971,97113,2,4,2,1,2
202300036839,5,10,2023,10:10,1,2,1,971,97113,2,4,2,1,2
202300036840,5,10,2023,08:10,1,1,3,95,95127,2,4,2,1,1
202300036841,5,10,2023,21:10,5,1,2,91,91286,2,3,1,1,1
202300036841,5,10,2023,21:10,5,1,2,91,91286,2,3,3,1,1
202300036842,5,10,2023,11:55,1,1,6,91,91687,2,3,3,1,1
202300036843,4,10,2023,10:25,1,1,3,88,88160,2,4,3,1,1
202300036843,4,10,2023,10:25,1,1,3,88,88160,2,4,3,1,1
202300036844,5,10,2023,14:32,1,1,3,87,87085,2,4,2,1,1
202300036844,5,10,2023,14:32,1,1,3,87,87085,2,4,2,1,1
202300036845,6,10,2023,23:20,3,1,1,86,86194,1,3,2,1,1
202300036846,3,10,2023,11:53,1,1,7,84,84007,2,4,1,1,1
202300036847,2,10,2023,14:18,1,1,3,84,84007,2,4,3,2,1
202300036847,2,10,2023,14:18,1,1,3,84,84007,2,4,1,2,1
202300036848,4,10,2023,07:30,1,1,1,83,83137,2,4,2,2,1
202300036849,5,10,2023,08:17,1,7,6,81,81065,2,4,2,2,1
202300036850,5,10,2023,18:30,1,1,6,81,81004,2,3,2,1,1
202300036851,16,1,2023,17:45,5,1,6,75,75103,2,4,1,1,2
202300036851,16,1,2023,17:45,5,1,6,75,75103,2,4,1,1,2
202300036852,29,9,2023,20:10,5,1,3,80,80021,2,4,-1,1,1
202300036853,16,1,2023,09:15,1,2,6,75,75103,2,4,1,1,2
202300036853,16,1,2023,09:15,1,2,6,75,75103,2,4,2,1,2
202300036854,16,1,2023,07:59,2,3,3,75,75101,2,4,1,1,2
202300036854,16,1,2023,07:59,2,3,3,75,75101,2,4,1,1,2
202300036855,28,9,2023,11:38,1,1,6,78,78646,2,3,2,1,1
202300036855,28,9,2023,11:38,1,1,6,78,78646,2,3,2,1,1
202300036856,14,1,2023,15:00,1,1,6,94,94068,2,4,2,1,1
202300036857,16,1,2023,07:30,5,3,3,94,94046,2,3,2,1,2
202300036858,16,1,2023,18:20,5,2,6,94,94041,2,3,3,1,2
202300036859,16,1,2023,09:20,2,2,6,94,94041,2,4,2,1,2
202300036860,12,1,2023,19:25,5,1,6,93,93051,2,3,3,1,1
202300036861,4,10,2023,12:47,1,1,6,77,77358,1,2,2,4,1
202300036861,4,10,2023,12:47,1,1,6,77,77358,1,2,2,1,1
202300036862,16,1,2023,10:05,1,2,6,93,93051,2,3,2,2,2
202300036863,16,1,2023,07:45,5,2,3,93,93048,2,3,2,1,2
202300036863,16,1,2023,07:45,5,2,3,93,93048,2,3,1,1,2
202300036864,5,10,2023,07:55,2,1,6,76,76231,2,4,2,1,1
202300036864,5,10,2023,07:55,2,1,6,76,76231,2,4,1,1,1
202300036865,16,1,2023,11:40,1,2,6,93,93063,2,4,1,1,2
202300036866,16,1,2023,09:45,1,2,6,93,93001,2,3,4,1,2
202300036867,5,10,2023,00:35,5,1,7,76,76351,2,4,2,1,1
202300036868,16,1,2023,19:00,5,2,6,92,92075,2,4,2,1,2
202300036869,16,1,2023,11:20,1,2,2,92,92064,2,3,-1,1,2
202300036870,3,10,2023,20:30,5,1,7,76,76447,2,4,1,1,1
202300036871,16,1,2023,08:55,1,2,2,92,92064,2,3,2,1,2
202300036872,15,1,2023,20:50,5,1,3,92,92063,2,4,2,1,1
202300036872,15,1,2023,20:50,5,1,3,92,92063,2,4,4,1,1
202300036873,3,10,2023,08:55,1,1,3,73,73065,2,3,2,1,1
202300036873,3,10,2023,08:55,1,1,3,73,73065,2,3,2,1,1
202300036874,16,1,2023,11:40,1,3,6,92,92026,2,4,2,1,3
202300036874,16,1,2023,11:40,1,3,6,92,92026,2,4,1,1,3
202300036875,5,10,2023,08:40,1,1,6,73,73008,2,4,2,1,1
202300036876,15,1,2023,15:00,1,1,6,92,92024,2,3,1,1,1
202300036877,16,1,2023,18:20,5,8,3,92,92007,2,3,1,1,2
202300036878,4,10,2023,09:30,1,1,3,72,72003,1,3,2,1,1
202300036879,16,1,2023,10:50,1,2,3,92,92002,2,4,2,1,2
202300036880,4,10,2023,15:50,1,1,3,71,71270,2,3,-1,1,1
202300036881,16,1,2023,06:00,5,2,3,92,92002,2,3,2,1,2
202300036881,16,1,2023,06:00,5,2,3,92,92002,2,3,4,1,2
202300036882,16,1,2023,21:35,3,1,6,72,72260,1,3,2,1,1
202300036883,17,1,2023,18:45,5,1,3,83,83054,1,3,2,1,1
202300036884,17,1,2023,10:46,1,1,3,56,56240,2,3,2,1,2
202300036885,5,10,2023,23:35,5,1,3,67,67447,2,7,3,1,1
202300036886,17,1,2023,07:45,2,8,4,19,19124,1,1,3,1,2
202300036887,5,10,2023,18:30,1,1,3,67,67482,2,4,2,1,1
202300036887,5,10,2023,18:30,1,1,3,67,67482,2,4,2,1,1
202300036888,16,1,2023,11:50,1,2,3,80,80714,1,3,2,1,2
202300036889,5,10,2023,15:45,1,1,3,67,67482,2,4,2,1,1
202300036890,16,1,2023,23:45,3,2,6,89,89018,1,3,2,1,2
202300036891,16,1,2023,11:50,1,1,6,63,63178,2,3,2,1,1
202300036891,16,1,2023,11:50,1,1,6,63,63178,2,3,2,1,1
202300036892,4,10,2023,23:30,5,1,2,67,67218,2,4,2,1,1
202300036892,4,10,2023,23:30,5,1,2,67,67218,2,4,2,1,1
202300036893,17,1,2023,10:35,1,1,3,68,68140,1,3,2,1,1
202300036893,17,1,2023,10:35,1,1,3,68,68140,1,3,2,1,1
202300036894,17,1,2023,13:40,1,4,6,39,39325,1,3,-1,1,5
202300036895,17,1,2023,08:35,1,2,6,25,25258,1,3,1,1,2
202300036896,4,10,2023,15:10,1,1,3,66,66136,2,4,2,1,1
202300036897,17,1,2023,14:50,1,4,6,44,44146,1,3,2,1,2
202300036898,16,1,2023,07:50,5,8,3,44,44213,2,4,2,1,2
202300036899,4,10,2023,07:47,1,1,3,66,66136,2,3,1,1,1
202300036899,4,10,2023,07:47,1,1,3,66,66136,2,3,3,1,1
202300036900,17,1,2023,08:30,2,8,6,29,29235,2,4,2,1,2
202300036901,17,1,2023,04:06,3,9,6,70,70312,1,2,2,1,7
202300036902,17,1,2023,07:55,4,4,6,58,58095,2,3,1,1,2
202300036903,5,10,2023,11:55,1,1,3,64,64545,2,3,2,4,1
202300036903,5,10,2023,11:55,1,1,3,64,64545,2,3,2,1,1
202300036904,16,1,2023,11:15,1,2,3,14,14299,1,3,2,4,2
202300036904,16,1,2023,11:15,1,2,3,14,14299,1,3,2,4,2
202300036905,5,10,2023,01:15,5,1,6,64,64445,2,4,2,1,1
202300036905,5,10,2023,01:15,5,1,6,64,64445,2,4,2,1,1
202300036906,16,1,2023,11:06,1,4,6,05,05046,2,4,2,2,5
202300036907,15,1,2023,13:25,1,2,6,43,43025,1,3,2,1,2
202300036908,6,10,2023,00:15,5,1,1,64,64024,2,4,3,2,1
202300036909,16,1,2023,17:00,2,4,6,36,36200,1,3,2,1,2
202300036910,13,1,2023,18:30,5,2,6,85,85135,2,4,2,2,2
202300036911,5,10,2023,10:40,1,1,2,64,64102,2,6,-1,1,1
202300036912,16,1,2023,09:50,1,6,7,03,03075,1,1,3,1,2
202300036913,4,10,2023,17:15,1,1,6,64,64102,2,3,3,2,1
202300036914,16,1,2023,20:10,4,1,5,34,34294,1,1,3,1,1
202300036915,4,10,2023,17:15,1,1,6,64,64102,2,4,3,2,1
202300036916,16,1,2023,08:50,2,5,2,27,27351,1,1,1,1,1
202300036917,5,10,2023,13:40,1,1,3,63,63113,2,4,-1,1,1
202300036917,5,10,2023,13:40,1,1,3,63,63113,2,4,2,2,1
202300036918,16,1,2023,15:30,1,1,3,69,69189,1,3,2,1,1
202300036918,16,1,2023,15:30,1,1,3,69,69189,1,3,2,1,1
202300036919,15,1,2023,15:45,1,1,7,988,98833,1,4,2,1,1
202300036920,5,10,2023,00:05,3,1,6,62,62510,2,3,1,1,1
202300036921,17,1,2023,10:25,1,1,4,988,98802,1,2,2,1,1
202300036922,16,1,2023,22:55,5,3,7,29,29233,2,4,2,2,3
202300036923,5,7,2023,14:30,1,1,6,60,60159,2,4,3,1,1
202300036923,5,7,2023,14:30,1,1,6,60,60159,2,4,2,1,1
202300036924,17,1,2023,08:12,3,2,2,45,45191,2,3,2,1,2
202300036924,17,1,2023,08:12,3,2,2,45,45191,2,3,2,1,2
202300036925,14,1,2023,18:30,3,1,6,13,13084,1,3,2,1,1
202300036926,16,1,2023,21:00,3,1,6,13,13048,1,3,2,1,2
202300036927,4,10,2023,08:57,1,1,5,56,56260,2,4,2,1,1
202300036928,12,1,2023,15:20,1,8,6,67,67345,1,6,-1,1,1
202300036929,13,1,2023,14:10,1,1,6,73,73215,1,3,2,1,1
202300036929,13,1,2023,14:10,1,1,6,73,73215,1,3,2,1,1
202300036930,4,10,2023,18:00,1,1,3,54,54184,2,4,2,1,1
202300036930,4,10,2023,18:00,1,1,3,54,54184,2,4,2,1,1
202300036931,17,1,2023,05:55,3,2,1,38,38415,1,3,2,1,2
202300036932,16,1,2023,16:30,1,7,6,26,26085,2,3,2,1,1
202300036933,16,1,2023,17:15,2,2,6,31,31499,2,3,2,1,2
202300036934,4,10,2023,21:07,4,1,3,51,51454,2,4,-1,2,1
202300036935,17,1,2023,17:45,1,1,2,29,29042,1,3,2,1,1
202300036935,17,1,2023,17:45,1,1,2,29,29042,1,3,2,1,1
202300036936,16,1,2023,18:30,3,8,2,35,35191,1,3,2,1,1
202300036937,4,10,2023,19:40,5,1,2,51,51454,2,4,2,1,1
202300036937,4,10,2023,19:40,5,1,2,51,51454,2,4,2,1,1
202300036938,17,1,2023,16:50,1,1,7,60,60575,2,4,2,1,1
202300036939,16,1,2023,12:20,1,2,6,60,60639,2,3,2,1,2
202300036940,3,10,2023,17:45,1,1,3,49,49099,2,4,-1,2,1
202300036940,3,10,2023,17:45,1,1,3,49,49099,2,4,-1,1,1
202300036941,17,1,2023,15:30,1,1,6,02,02405,1,3,2,2,1
202300036942,17,1,2023,18:15,5,1,6,80,80561,2,4,2,1,1
202300036943,4,10,2023,12:25,1,1,2,49,49353,2,4,2,1,1
202300036944,12,1,2023,09:00,1,1,3,69,69276,1,1,3,1,1
202300036945,5,10,2023,19:36,2,1,1,45,45284,2,4,2,1,1
202300036946,16,1,2023,16:00,1,1,1,91,91312,1,3,2,1,2
202300036947,16,1,2023,05:30,3,2,3,91,91659,1,1,3,4,2
202300036948,5,10,2023,12:00,1,1,2,45,45286,2,3,2,1,1
202300036949,16,1,2023,17:30,3,1,4,95,95212,1,1,3,1,1
202300036950,5,10,2023,08:45,1,1,3,45,45286,2,4,2,1,1
202300036951,16,1,2023,14:40,1,2,6,77,77372,1,1,1,1,2
202300036952,14,1,2023,20:35,5,3,2,75,75113,2,4,1,1,2
202300036952,14,1,2023,20:35,5,3,2,75,75113,2,4,1,1,2
202300036953,5,10,2023,09:58,1,1,1,44,44184,2,4,2,2,1
202300036954,13,1,2023,19:25,5,1,3,75,75108,2,4,2,1,1
202300036954,13,1,2023,19:25,5,1,3,75,75108,2,4,2,1,1
202300036955,15,1,2023,22:55,5,1,6,75,75119,2,4,1,1,1
202300036956,4,10,2023,15:45,1,1,7,44,44109,2,4,2,2,1
202300036957,15,1,2023,00:23,3,2,1,75,75117,2,4,3,1,2
202300036957,15,1,2023,00:23,3,2,1,75,75117,2,4,1,1,2
202300036958,5,10,2023,18:18,1,1,3,37,37214,2,4,3,1,1
202300036958,5,10,2023,18:18,1,1,3,37,37214,2,4,-1,1,1
202300036959,14,1,2023,18:10,5,2,6,75,75116,2,4,2,1,2
202300036960,15,1,2023,15:20,1,1,6,75,75115,2,4,3,1,1
202300036960,15,1,2023,15:20,1,1,6,75,75115,2,4,1,1,1
202300036961,5,10,2023,13:50,1,1,6,37,37261,2,9,2,1,1
202300036962,15,1,2023,01:00,5,2,3,75,75113,2,4,2,1,2
202300036963,15,1,2023,15:45,1,1,6,75,75111,2,4,1,1,1
202300036963,15,1,2023,15:45,1,1,6,75,75111,2,4,1,2,1
202300036964,4,10,2023,14:40,1,1,2,37,37122,2,4,2,1,1
202300036965,15,1,2023,07:12,5,1,6,75,75111,2,4,1,1,2
202300036965,15,1,2023,07:12,5,1,6,75,75111,2,4,1,1,2
202300036966,5,10,2023,19:15,2,1,2,35,35238,1,2,3,1,1
202300036967,15,1,2023,19:42,5,1,3,75,75110,2,4,1,1,1
202300036967,15,1,2023,19:42,5,1,3,75,75110,2,4,2,1,1
202300036968,14,1,2023,19:55,5,2,6,75,75109,2,4,1,1,2
202300036968,14,1,2023,19:55,5,2,6,75,75109,2,4,1,1,2
202300036969,14,1,2023,19:45,5,3,3,75,75104,2,4,2,1,2
202300036969,14,1,2023,19:45,5,3,3,75,75104,2,4,1,1,2
202300036970,14,1,2023,18:32,5,1,3,75,75101,2,4,1,1,1
202300036970,14,1,2023,18:32,5,1,3,75,75101,2,4,-1,1,1
202300036971,4,10,2023,17:20,1,1,2,35,35051,1,2,3,3,1
202300036972,15,1,2023,18:25,5,1,3,94,94038,2,3,2,1,1
202300036972,15,1,2023,18:25,5,1,3,94,94038,2,3,2,1,1
202300036973,14,1,2023,21:30,5,2,2,93,93059,2,3,3,2,2
202300036974,5,10,2023,22:10,5,1,2,33,33192,2,4,2,1,1
202300036974,5,10,2023,22:10,5,1,2,33,33192,2,4,2,1,1
202300036975,5,10,2023,16:05,1,1,3,33,33249,2,4,2,2,1
202300036975,5,10,2023,16:05,1,1,3,33,33249,2,4,1,1,1
202300036976,5,10,2023,11:35,1,1,6,33,33063,2,4,1,1,1
202300036977,14,1,2023,18:15,3,2,2,93,93079,2,3,3,1,2
202300036978,15,1,2023,13:30,1,1,3,93,93029,2,3,2,1,1
202300036978,15,1,2023,13:30,1,1,3,93,93029,2,3,3,1,1
202300036979,5,10,2023,16:20,1,7,3,33,33529,2,4,2,1,1
202300036980,5,10,2023,08:00,1,1,3,33,33529,1,3,2,1,1
202300036981,15,1,2023,15:20,1,1,5,93,93005,2,4,3,1,1
202300036982,5,10,2023,19:30,1,1,3,31,31555,2,7,2,1,1
202300036983,15,1,2023,07:15,5,1,6,92,92026,2,3,-1,1,2
202300036983,15,1,2023,07:15,5,1,6,92,92026,2,3,1,1,2
202300036984,15,1,2023,03:10,5,2,3,92,92032,2,3,2,2,2
202300036984,15,1,2023,03:10,5,2,3,92,92032,2,3,2,2,2
202300036985,15,1,2023,20:15,3,6,6,14,14162,1,4,2,2,2
202300036986,5,10,2023,19:45,3,1,5,31,31555,2,1,1,1,1
202300036987,14,1,2023,17:45,2,1,3,83,83072,1,3,2,1,1
202300036987,14,1,2023,17:45,2,1,3,83,83072,1,3,2,2,1
202300036988,4,1,2023,20:30,3,2,1,51,51425,1,3,2,1,2
202300036988,4,1,2023,20:30,3,2,1,51,51425,1,3,2,1,2
202300036989,30,9,2023,18:45,1,1,6,30,30189,2,4,2,1,1
202300036990,8,1,2023,21:49,3,3,7,63,63181,1,4,-1,2,2
202300036991,5,10,2023,18:30,1,1,2,30,30007,2,4,2,1,1
202300036992,16,1,2023,06:00,3,3,6,41,41046,1,1,3,1,2
202300036993,15,1,2023,16:50,1,1,7,974,97410,1,2,2,1,1
202300036993,15,1,2023,16:50,1,1,7,974,97410,1,2,2,1,1
202300036994,16,1,2023,07:45,3,6,1,50,50616,1,2,3,1,2
202300036995,1,10,2023,01:45,5,1,2,29,29051,2,4,-1,2,1
202300036996,16,1,2023,06:50,3,6,1,50,50592,1,3,2,1,2
202300036997,15,1,2023,22:20,3,2,7,47,47108,1,3,-1,1,2
202300036998,16,1,2023,17:30,3,3,1,51,51627,1,3,2,2,2
202300036999,5,10,2023,18:00,1,1,3,27,27562,1,3,3,1,1
202300037000,11,1,2023,19:00,3,2,2,56,56206,2,3,2,1,2
202300037001,6,10,2023,00:00,3,1,6,25,25462,1,2,3,1,1
202300037002,16,1,2023,06:55,3,2,6,59,59054,1,3,2,1,2
202300037003,16,1,2023,06:54,3,3,3,59,59094,2,3,2,1,2
202300037004,4,10,2023,17:15,1,1,3,14,14271,1,2,4,1,1
202300037005,15,1,2023,20:35,3,2,6,61,61412,1,3,2,1,2
202300037006,14,1,2023,14:45,1,2,3,41,41099,1,3,2,2,2
202300037007,5,10,2023,13:25,1,1,7,13,13075,2,4,1,1,1
202300037008,5,10,2023,11:15,1,1,7,13,13203,2,4,2,1,1
202300037009,5,10,2023,08:30,1,1,1,13,13213,2,4,2,1,1
202300037010,14,1,2023,15:25,1,1,4,34,34338,1,3,2,2,1
202300037011,14,1,2023,15:45,1,2,7,68,68325,1,9,2,1,2
202300037012,5,10,2023,09:35,1,1,1,13,13204,2,4,2,2,1
202300037013,4,1,2023,18:20,3,2,1,68,68293,2,3,2,2,2
202300037014,4,10,2023,07:41,1,1,6,10,10333,2,4,2,1,1
202300037015,15,1,2023,01:05,3,8,6,29,29171,1,3,2,1,2
202300037016,5,10,2023,11:45,1,1,2,06,06029,2,4,1,1,1
202300037017,14,1,2023,20:45,3,2,1,03,03280,1,3,2,2,2
202300037018,12,1,2023,16:20,1,1,3,58,58302,1,3,2,1,1
202300037019,5,10,2023,13:45,1,1,2,06,06029,2,4,3,1,1
202300037020,16,1,2023,17:41,3,3,6,54,54076,2,3,2,1,2
202300037021,16,1,2023,13:00,1,3,7,14,14371,1,3,2,1,2
202300037022,4,10,2023,15:22,1,1,6,05,05061,2,2,2,1,1
202300037023,14,1,2023,18:45,2,2,4,14,14119,1,3,2,1,2
202300037023,14,1,2023,18:45,2,2,4,14,14119,1,3,2,1,2
202300037024,16,1,2023,07:40,2,1,6,90,90049,2,3,2,2,1
202300037025,6,1,2023,23:30,5,1,7,09,09264,2,3,3,1,1
202300037026,5,10,2023,20:55,3,1,7,04,04070,1,2,2,1,1
202300037027,16,1,2023,10:50,1,8,3,36,36047,1,3,2,1,2
202300037027,16,1,2023,10:50,1,8,3,36,36047,1,3,2,2,2
202300037028,28,9,2023,16:30,1,1,1,02,02064,1,3,-1,1,1
202300037029,16,1,2023,18:15,5,9,6,21,21502,1,3,2,1,1
202300037030,5,10,2023,00:10,5,1,7,75,75119,2,4,1,1,1
202300037031,13,1,2023,17:45,3,1,4,21,21414,1,3,2,1,1
202300037031,13,1,2023,17:45,3,1,4,21,21414,1,3,2,1,1
202300037032,13,1,2023,23:40,5,2,7,85,85051,2,3,2,1,2
202300037033,4,10,2023,22:30,3,1,3,75,75116,2,4,1,1,1
202300037034,14,1,2023,18:00,5,2,6,27,27056,2,3,2,1,2
202300037035,16,1,2023,17:30,1,1,6,30,30059,1,3,2,1,1
202300037036,15,1,2023,18:30,3,2,3,24,24523,1,3,2,1,2
202300037036,15,1,2023,18:30,3,2,3,24,24523,1,3,2,1,2
202300037037,15,1,2023,22:55,3,8,6,31,31483,1,1,3,1,1
202300037038,4,10,2023,08:50,1,1,4,75,75119,2,4,1,1,1
202300037039,15,1,2023,22:10,3,1,5,69,69013,1,1,3,1,1
202300037040,5,10,2023,10:00,1,1,6,75,75120,2,4,1,1,1
202300037040,5,10,2023,10:00,1,1,6,75,75120,2,4,2,2,1
202300037041,16,1,2023,01:00,3,1,2,973,97305,1,2,3,1,1
202300037042,13,1,2023,17:30,1,1,6,971,97116,2,3,2,1,1
202300037043,16,1,2023,10:50,1,1,3,29,29297,1,3,2,1,2
202300037044,5,10,2023,09:25,1,1,5,75,75120,2,4,2,1,1
202300037044,5,10,2023,09:25,1,1,5,75,75120,2,4,1,1,1
202300037045,5,10,2023,18:30,1,1,7,75,75117,2,4,2,1,1
202300037045,5,10,2023,18:30,1,1,7,75,75117,2,4,1,1,1
202300037046,16,1,2023,07:00,5,1,1,67,67240,2,3,3,1,1
202300037046,16,1,2023,07:00,5,1,1,67,67240,2,3,2,1,1
202300037047,15,1,2023,13:30,1,2,1,88,88101,1,3,2,1,2