id_accident,jour,mois,annee,heure_minute,luminosite,meteo,type_collision,departement,commune,agglomeration,categorie_route,regime_circulation,profil_route,etat_surface
202300037048,14,1,2023,16:04,2,3,1,57,57256,2,7,2,2,2
202300037049,5,10,2023,11:30,1,1,3,75,75116,2,4,3,1,1
202300037049,5,10,2023,11:30,1,1,3,75,75116,2,4,2,1,1
202300037050,15,1,2023,06:55,3,3,1,87,87156,1,3,2,3,2
202300037051,16,1,2023,07:10,3,6,6,33,33439,1,3,2,1,2
202300037052,16,1,2023,17:40,2,1,6,85,85003,1,3,3,1,2
202300037053,5,10,2023,10:05,1,1,3,75,75114,2,4,2,1,1
202300037053,5,10,2023,10:05,1,1,3,75,75114,2,4,1,1,1
202300037054,16,1,2023,05:40,5,9,3,29,29103,2,4,1,1,1
202300037055,5,10,2023,02:20,5,1,7,75,75113,2,4,2,2,1
202300037055,5,10,2023,02:20,5,1,7,75,75113,2,4,1,1,1
202300037056,14,1,2023,18:15,3,3,3,27,27165,1,3,2,1,2
202300037056,14,1,2023,18:15,3,3,3,27,27165,1,3,2,1,2
202300037057,5,10,2023,09:40,1,1,3,75,75120,2,4,2,1,1
202300037057,5,10,2023,09:40,1,1,3,75,75120,2,4,1,1,1
202300037058,12,1,2023,05:50,3,1,6,60,60589,2,3,2,1,1
202300037059,16,1,2023,08:30,1,2,3,60,60103,1,2,2,1,2
202300037059,16,1,2023,08:30,1,2,3,60,60103,1,2,1,1,2
202300037060,5,10,2023,18:30,2,1,3,75,75104,2,4,2,1,1
202300037060,5,10,2023,18:30,2,1,3,75,75104,2,4,2,1,1
202300037061,13,1,2023,18:05,5,1,5,59,59571,2,3,3,2,1
202300037062,13,1,2023,17:20,2,1,4,13,13214,1,1,1,1,1
202300037063,15,1,2023,15:45,1,1,7,83,83047,1,1,1,1,1
202300037064,5,10,2023,18:40,1,1,3,75,75101,2,4,-1,1,1
202300037064,5,10,2023,18:40,1,1,3,75,75101,2,4,2,1,1
202300037065,15,1,2023,06:20,3,2,7,67,67482,1,7,3,2,2
202300037066,5,10,2023,17:00,1,1,6,75,75103,2,4,1,1,1
202300037066,5,10,2023,17:00,1,1,6,75,75103,2,4,1,1,1
202300037067,15,1,2023,11:15,1,1,2,91,91064,1,2,3,2,2
202300037068,5,10,2023,15:10,1,1,7,75,75101,2,4,1,1,1
202300037068,5,10,2023,15:10,1,1,7,75,75101,2,4,1,1,1
202300037069,15,1,2023,03:45,5,2,2,92,92064,1,1,1,1,3
202300037070,14,1,2023,20:30,5,3,6,92,92036,1,1,3,1,2
202300037071,5,10,2023,09:15,1,1,3,75,75104,2,4,2,1,1
202300037071,5,10,2023,09:15,1,1,3,75,75104,2,4,2,1,1
202300037072,13,1,2023,08:10,1,1,4,95,95682,1,2,3,1,1
202300037073,5,10,2023,02:10,5,1,7,75,75104,2,4,1,1,1
202300037073,5,10,2023,02:10,5,1,7,75,75104,2,4,2,1,1
202300037074,15,1,2023,11:00,1,1,3,94,94022,1,1,-1,1,1
202300037075,4,10,2023,18:15,1,1,6,75,75101,2,4,1,1,1
202300037075,4,10,2023,18:15,1,1,6,75,75101,2,4,1,1,1
202300037076,15,1,2023,02:55,3,2,2,94,94069,1,1,3,1,2
202300037077,14,1,2023,15:55,1,2,4,77,77294,1,1,1,1,2
202300037078,14,1,2023,20:26,5,2,6,78,78440,2,4,2,1,2
202300037079,4,10,2023,14:19,1,1,6,75,75103,2,4,1,1,1
202300037080,14,1,2023,15:53,1,2,6,72,72003,2,4,2,1,2
202300037081,5,10,2023,16:05,1,1,6,94,94041,2,4,1,1,1
202300037082,14,1,2023,18:15,5,1,6,69,69290,2,7,2,1,1
202300037083,5,10,2023,11:50,1,1,3,94,94058,2,3,3,1,1
202300037084,14,1,2023,17:50,5,3,6,54,54395,2,4,2,2,2
202300037085,14,1,2023,12:00,1,2,6,54,54274,2,4,2,1,2
202300037086,5,10,2023,22:45,5,1,3,94,94041,2,3,1,1,1
202300037086,5,10,2023,22:45,5,1,3,94,94041,2,3,1,1,1
202300037087,13,1,2023,15:05,1,2,6,54,54528,2,3,2,1,2
202300037088,14,1,2023,13:30,1,1,6,974,97411,2,6,-1,1,1
202300037089,5,10,2023,05:40,5,1,3,94,94043,2,3,3,2,1
202300037090,14,1,2023,18:50,1,1,7,974,97409,2,4,2,2,1
202300037091,14,1,2023,14:40,1,3,3,973,97302,2,4,2,1,2
202300037091,14,1,2023,14:40,1,3,3,973,97302,2,4,1,1,2
202300037092,5,10,2023,18:00,1,1,2,94,94065,2,3,2,1,1
202300037093,14,1,2023,21:00,5,2,3,69,69387,2,4,1,1,2
202300037093,14,1,2023,21:00,5,2,3,69,69387,2,4,1,1,2
202300037094,14,1,2023,19:05,5,1,7,69,69387,2,4,2,1,1
202300037095,5,10,2023,12:13,1,1,3,94,94077,2,4,1,1,1
202300037096,14,1,2023,16:20,1,1,6,69,69388,2,4,1,1,1
202300037096,14,1,2023,16:20,1,1,6,69,69388,2,4,1,1,1
202300037097,14,1,2023,23:39,5,2,6,95,95019,2,3,2,1,2
202300037098,4,10,2023,07:26,2,1,3,94,94019,2,4,2,1,1
202300037099,14,1,2023,20:59,5,3,4,95,95277,1,3,3,1,2
202300037100,14,1,2023,17:50,5,2,1,95,95219,2,3,2,1,2
202300037101,5,10,2023,11:36,1,1,6,94,94017,2,4,2,1,1
202300037101,5,10,2023,11:36,1,1,6,94,94017,2,4,2,1,1
202300037102,13,1,2023,18:00,5,1,2,95,95218,2,2,3,1,1
202300037103,5,10,2023,07:40,1,1,3,93,93078,2,3,2,1,1
202300037103,5,10,2023,07:40,1,1,3,93,93078,2,3,3,1,1
202300037104,14,1,2023,07:45,5,2,7,91,91345,2,3,2,1,2
202300037104,14,1,2023,07:45,5,2,7,91,91345,2,3,2,1,2
202300037105,13,1,2023,16:45,2,3,7,88,88429,1,2,3,1,2
202300037106,5,10,2023,20:40,5,1,6,93,93072,2,3,2,1,1
202300037107,5,10,2023,11:25,1,1,3,93,93059,2,3,3,1,1
202300037107,5,10,2023,11:25,1,1,3,93,93059,2,3,1,1,1
202300037108,14,1,2023,18:50,5,2,6,76,76429,2,7,2,1,2
202300037108,14,1,2023,18:50,5,2,6,76,76429,2,7,2,1,2
202300037109,5,10,2023,21:30,5,1,3,93,93070,2,3,2,1,1
202300037110,14,1,2023,11:00,1,2,3,76,76497,1,7,3,1,2
202300037110,14,1,2023,11:00,1,2,3,76,76497,1,7,1,1,2
202300037111,5,10,2023,19:50,5,1,2,93,93070,2,3,2,1,1
202300037111,5,10,2023,19:50,5,1,2,93,93070,2,3,2,1,1
202300037112,13,1,2023,18:55,5,2,6,76,76217,2,4,-1,1,2
202300037113,13,1,2023,17:25,5,9,1,73,73011,2,4,2,1,2
202300037114,5,10,2023,17:45,1,1,6,93,93066,2,4,2,2,1
202300037114,5,10,2023,17:45,1,1,6,93,93066,2,4,1,1,1
202300037115,14,1,2023,17:55,5,1,3,73,73008,2,4,2,1,1
202300037115,14,1,2023,17:55,5,1,3,73,73008,2,4,2,1,1
202300037116,14,1,2023,18:30,2,2,6,62,62133,2,3,-1,1,2
202300037117,5,10,2023,09:10,1,1,3,93,93066,2,4,2,1,1
202300037117,5,10,2023,09:10,1,1,3,93,93066,2,4,2,1,1
202300037118,13,1,2023,16:30,2,1,6,59,59507,2,7,2,1,1
202300037119,13,1,2023,20:40,3,9,1,57,57463,2,7,2,1,2
202300037120,5,10,2023,22:45,5,1,1,93,93055,2,3,2,1,1
202300037120,5,10,2023,22:45,5,1,1,93,93055,2,3,2,1,1
202300037121,14,1,2023,11:35,1,1,2,54,54321,2,4,2,1,1
202300037122,5,10,2023,11:40,1,1,6,93,93031,2,4,2,1,1
202300037122,5,10,2023,11:40,1,1,6,93,93031,2,4,2,1,1
202300037123,14,1,2023,19:12,3,3,6,53,53130,2,3,2,2,2
202300037124,13,1,2023,17:00,1,2,7,49,49007,2,4,2,1,2
202300037125,14,1,2023,18:37,3,2,6,45,45338,1,3,2,1,2
202300037126,5,10,2023,15:40,1,1,1,93,93027,2,3,2,1,1
202300037126,5,10,2023,15:40,1,1,1,93,93027,2,3,3,1,1
202300037127,14,1,2023,18:30,5,2,6,44,44109,2,4,2,2,2
202300037128,14,1,2023,06:00,5,5,6,38,38185,2,4,-1,1,2
202300037129,10,6,2023,20:25,1,1,6,92,92063,2,3,-1,1,1
202300037129,10,6,2023,20:25,1,1,6,92,92063,2,3,-1,1,1
202300037130,14,1,2023,19:05,3,3,6,37,37233,2,4,2,1,2
202300037131,5,10,2023,20:10,5,1,2,92,92051,2,4,2,1,1
202300037131,5,10,2023,20:10,5,1,2,92,92051,2,4,1,1,1
202300037132,14,1,2023,18:50,5,3,6,37,37261,2,4,2,1,2
202300037132,14,1,2023,18:50,5,3,6,37,37261,2,4,2,1,2
202300037133,14,1,2023,19:20,5,3,6,35,35278,2,4,2,1,2
202300037134,5,10,2023,22:18,5,1,3,92,92044,2,4,2,1,1
202300037134,5,10,2023,22:18,5,1,3,92,92044,2,4,2,1,1
202300037135,14,1,2023,08:45,1,1,3,33,33013,1,2,3,1,1
202300037135,14,1,2023,08:45,1,1,3,33,33013,1,2,1,1,1
202300037136,5,10,2023,12:41,1,1,6,92,92044,2,4,1,1,1
202300037136,5,10,2023,12:41,1,1,6,92,92044,2,4,1,1,1
202300037137,14,1,2023,08:53,1,1,2,32,32013,1,3,2,2,1
202300037138,5,1,2023,16:00,1,1,6,30,30028,2,4,2,1,1
202300037139,5,10,2023,09:30,1,1,6,92,92036,2,3,2,1,1
202300037139,5,10,2023,09:30,1,1,6,92,92036,2,3,1,1,1
202300037140,14,1,2023,13:00,1,2,3,29,29232,2,3,2,1,2
202300037140,14,1,2023,13:00,1,2,3,29,29232,2,3,-1,1,2
202300037141,4,10,2023,18:05,1,1,7,92,92026,2,3,1,1,1
202300037142,14,1,2023,11:15,1,2,6,29,29232,2,4,2,3,2
202300037143,6,10,2023,06:20,3,1,6,40,40133,1,1,3,1,1
202300037144,13,1,2023,08:10,5,1,2,29,29232,2,4,2,4,2
202300037144,13,1,2023,08:10,5,1,2,29,29232,2,4,2,1,1
202300037145,6,10,2023,17:00,1,1,2,974,97415,1,3,2,1,1
202300037146,6,10,2023,16:30,1,1,3,01,01235,1,3,2,1,1
202300037147,11,1,2023,19:21,5,1,1,29,29019,2,4,2,2,1
202300037147,11,1,2023,19:21,5,1,1,29,29019,2,4,2,1,1
202300037148,6,10,2023,18:30,2,1,1,38,38157,2,4,2,1,1
202300037149,13,1,2023,23:30,5,2,2,28,28085,2,3,2,1,2
202300037149,13,1,2023,23:30,5,2,2,28,28085,2,3,1,1,2
202300037150,6,10,2023,10:15,1,1,3,06,06149,2,9,1,1,1
202300037151,6,10,2023,08:00,1,1,3,06,06161,2,3,2,1,1
202300037151,6,10,2023,08:00,1,1,3,06,06161,2,3,2,1,1
202300037152,14,1,2023,19:20,5,2,1,22,22278,2,4,2,1,2
202300037152,14,1,2023,19:20,5,2,1,22,22278,2,4,2,1,2
202300037153,5,10,2023,19:15,1,1,2,31,31567,1,3,2,1,1
202300037154,6,10,2023,15:50,1,1,7,974,97412,2,4,2,3,9
202300037155,19,9,2023,23:19,3,1,1,91,91661,1,3,2,1,1
202300037156,11,1,2023,18:10,5,8,1,21,21054,2,4,2,1,2
202300037156,11,1,2023,18:10,5,8,1,21,21054,2,4,-1,1,2
202300037157,6,10,2023,09:50,1,1,5,26,26333,1,2,2,1,1
202300037158,5,10,2023,18:10,1,1,3,974,97413,1,2,2,2,1
202300037159,3,10,2023,08:45,1,7,6,974,97413,2,4,2,1,1
202300037160,5,10,2023,18:55,2,1,2,12,12270,1,1,3,2,1
202300037161,6,10,2023,15:20,1,1,7,69,69100,2,7,2,1,1
202300037161,6,10,2023,15:20,1,1,7,69,69100,2,7,2,2,1
202300037162,5,10,2023,15:57,1,1,7,51,51302,1,3,2,1,1
202300037163,6,10,2023,08:30,1,1,3,56,56091,2,3,2,1,1
202300037163,6,10,2023,08:30,1,1,3,56,56091,2,3,2,1,1
202300037164,5,10,2023,11:30,1,1,1,56,56036,2,4,2,1,1
202300037164,5,10,2023,11:30,1,1,1,56,56036,2,4,2,1,1
202300037165,6,10,2023,11:50,1,1,4,76,76070,1,3,2,1,1
202300037166,3,10,2023,09:45,1,1,7,79,79174,1,3,2,1,1
202300037167,28,7,2023,07:10,1,1,6,34,34064,1,1,1,1,1
202300037168,28,7,2023,12:20,1,1,1,62,62042,1,3,3,1,1
202300037169,27,7,2023,12:00,1,1,6,83,83116,2,4,2,1,1
202300037170,28,7,2023,12:30,1,1,3,95,95652,1,3,2,1,2
202300037171,25,7,2023,03:00,3,2,3,89,89456,1,3,3,1,2
202300037172,20,7,2023,13:52,1,7,3,49,49359,2,4,2,1,1
202300037173,28,7,2023,02:15,5,1,6,42,42279,2,3,-1,1,1
202300037174,22,7,2023,01:45,3,1,3,46,46281,1,3,3,3,1
202300037175,26,7,2023,17:09,1,2,1,47,47265,1,3,3,2,2
202300037176,23,7,2023,09:00,1,1,6,41,41080,2,4,2,1,1
202300037177,18,7,2023,18:08,1,1,2,22,22166,1,3,2,1,1
202300037177,18,7,2023,18:08,1,1,2,22,22166,1,3,2,1,1
202300037178,27,7,2023,21:15,3,1,1,39,39017,1,3,2,1,1
202300037178,27,7,2023,21:15,3,1,1,39,39017,1,3,2,1,1
202300037179,26,7,2023,17:45,1,1,6,35,35299,1,3,2,1,1
202300037180,28,7,2023,18:00,1,1,6,02,02292,2,3,2,1,2
202300037181,25,7,2023,13:00,1,1,1,84,84133,2,3,2,1,1
202300037182,25,7,2023,21:30,2,1,7,03,03108,1,3,2,1,1
202300037183,28,7,2023,13:00,1,2,6,54,54162,1,3,2,1,2
202300037184,28,7,2023,11:32,1,1,1,06,06059,1,7,2,1,1
202300037185,28,7,2023,08:10,1,1,1,06,06148,1,4,2,1,1
202300037186,28,7,2023,07:19,1,1,1,50,50290,1,3,2,2,2
202300037187,28,7,2023,17:25,1,1,1,64,64038,2,3,2,1,1
202300037188,24,7,2023,18:20,1,1,3,10,10323,2,4,2,1,1
202300037189,28,7,2023,02:45,3,1,6,21,21205,2,3,2,1,1
202300037189,28,7,2023,02:45,3,1,6,21,21205,2,3,2,1,1
202300037190,26,7,2023,22:45,3,1,6,24,24087,1,3,2,1,1
202300037191,28,7,2023,11:35,1,1,3,04,04088,1,3,2,2,1
202300037192,25,7,2023,18:00,1,1,1,27,27204,1,3,2,1,1
202300037193,22,7,2023,12:35,1,1,4,17,17241,1,3,2,1,1
202300037193,22,7,2023,12:35,1,1,4,17,17241,1,3,2,1,1
202300037194,26,7,2023,19:05,1,1,1,23,23223,1,4,2,1,2
202300037195,26,7,2023,16:41,1,1,3,68,68037,1,1,1,1,1
202300037196,28,7,2023,02:40,5,2,1,30,30169,2,4,1,1,2
202300037196,28,7,2023,02:40,5,2,1,30,30169,2,4,2,1,2
202300037197,28,7,2023,14:40,1,2,6,89,89379,1,1,3,1,2
202300037198,26,7,2023,18:45,1,1,1,38,38289,1,3,2,2,1
202300037198,26,7,2023,18:45,1,1,1,38,38289,1,3,2,2,1
202300037199,27,7,2023,22:00,5,2,2,78,78537,1,1,3,1,2
202300037200,27,7,2023,15:15,2,1,3,11,11086,2,4,2,1,1
202300037200,27,7,2023,15:15,2,1,3,11,11086,2,4,2,1,1
202300037201,27,7,2023,14:00,1,2,3,77,77364,1,3,2,1,2
202300037201,27,7,2023,14:00,1,2,3,77,77364,1,3,2,1,2
202300037202,27,7,2023,20:30,2,2,7,77,77343,1,3,2,1,2
202300037203,22,7,2023,14:30,1,1,6,78,78655,2,6,-1,1,1
202300037204,28,7,2023,00:35,3,3,6,34,34299,1,4,2,1,2
202300037205,28,7,2023,12:10,1,1,3,05,05058,1,3,2,4,1
202300037205,28,7,2023,12:10,1,1,3,05,05058,1,3,2,4,1
202300037206,27,7,2023,19:30,2,1,3,05,05070,2,3,2,1,1
202300037207,14,7,2023,21:35,2,1,3,13,13014,1,3,2,1,1
202300037208,27,7,2023,16:49,1,7,3,13,13074,1,3,2,1,1
202300037208,27,7,2023,16:49,1,7,3,13,13074,1,3,2,1,1
202300037209,27,7,2023,15:35,1,1,1,57,57008,1,3,2,2,1
202300037210,27,7,2023,15:20,1,1,6,42,42037,1,3,2,1,1
202300037211,22,7,2023,18:20,1,1,6,38,38153,1,3,2,2,1
202300037212,28,7,2023,13:15,1,1,6,69,69157,2,6,-1,1,1
202300037213,27,7,2023,12:55,1,1,3,69,69117,1,7,2,2,1
202300037213,27,7,2023,12:55,1,1,3,69,69117,1,7,2,1,1
202300037214,28,7,2023,08:00,1,1,1,19,19101,1,3,2,2,1
202300037215,27,7,2023,20:46,2,1,3,17,17225,1,3,2,1,1
202300037216,23,7,2023,09:00,1,8,1,44,44159,1,3,2,2,2
202300037217,27,7,2023,16:35,1,2,1,59,59212,2,4,2,1,2
202300037218,27,7,2023,17:10,1,1,2,13,13026,1,1,1,1,1
202300037219,25,7,2023,00:50,3,1,6,69,69163,1,1,3,1,2
202300037220,27,7,2023,18:00,1,1,2,33,33397,1,1,3,1,1
202300037221,27,7,2023,10:35,1,1,2,33,33487,1,1,3,2,1
202300037222,26,7,2023,23:20,5,1,3,33,33550,1,1,3,1,1
202300037223,27,7,2023,18:30,1,2,2,91,91340,1,2,3,1,2
202300037224,27,7,2023,08:40,1,1,7,91,91687,1,1,-1,1,1
202300037225,26,7,2023,17:30,1,1,6,75,75116,1,1,-1,1,1
202300037226,26,7,2023,18:45,1,1,3,95,95256,1,2,3,1,1
202300037227,26,7,2023,14:05,1,1,2,95,95277,1,1,3,1,1
202300037228,26,7,2023,09:30,1,1,3,93,93029,1,1,3,1,1
202300037229,26,7,2023,05:00,3,1,3,93,93027,1,1,3,2,1
202300037230,25,7,2023,09:15,1,1,6,95,95018,1,3,1,4,2
202300037231,24,7,2023,08:00,1,2,6,95,95018,1,3,1,2,2
202300037232,27,7,2023,19:00,1,2,1,94,94022,1,1,3,1,2
202300037233,26,7,2023,18:40,1,1,3,93,93051,1,1,-1,1,1
202300037234,7,4,2023,15:00,1,4,4,74,74077,1,1,3,2,5
202300037235,18,5,2023,12:16,1,1,5,74,74010,1,1,3,2,1
202300037236,28,3,2023,18:15,1,1,6,19,19275,2,3,1,2,1
202300037237,23,3,2023,04:40,5,1,3,19,19275,2,3,1,2,1
202300037237,23,3,2023,04:40,5,1,3,19,19275,2,3,2,1,1
202300037238,27,7,2023,22:00,2,1,1,26,26362,2,4,-1,1,1
202300037239,19,7,2023,16:35,1,1,6,24,24256,1,3,3,1,1
202300037240,26,7,2023,16:40,1,1,1,988,98818,2,4,2,-1,1
202300037240,26,7,2023,16:40,1,1,1,988,98818,2,4,2,2,1
202300037241,26,7,2023,13:45,1,1,6,974,97416,2,3,-1,1,1
202300037242,26,7,2023,06:25,1,1,5,974,97416,1,4,2,1,1
202300037243,26,7,2023,19:40,4,1,2,973,97302,2,4,2,1,1
202300037244,26,7,2023,15:25,1,1,7,973,97302,2,3,-1,1,1
202300037245,26,7,2023,18:40,1,1,6,69,69388,2,4,2,1,1
202300037246,26,7,2023,13:30,1,1,3,69,69386,2,4,2,1,1
202300037246,26,7,2023,13:30,1,1,3,69,69386,2,4,1,1,1
202300037247,26,7,2023,16:20,1,1,6,972,97209,1,3,2,2,1
202300037248,26,7,2023,10:00,1,1,3,972,97209,2,3,2,1,1
202300037248,26,7,2023,10:00,1,1,3,972,97209,2,3,1,1,1
202300037249,27,7,2023,00:29,5,1,6,2B,2B033,2,4,1,1,1
202300037250,26,7,2023,13:40,1,1,1,971,97113,1,3,2,2,1
202300037251,26,7,2023,09:45,1,1,3,91,91434,2,4,2,1,1
202300037251,26,7,2023,09:45,1,1,3,91,91434,2,4,-1,1,1
202300037252,26,7,2023,09:30,1,1,3,91,91432,2,4,2,1,1
202300037252,26,7,2023,09:30,1,1,3,91,91432,2,4,2,1,1
202300037253,25,7,2023,07:50,1,1,6,87,87065,1,1,3,1,1
202300037254,23,7,2023,02:15,4,1,3,86,86194,2,4,3,1,1
202300037254,23,7,2023,02:15,4,1,3,86,86194,2,4,3,1,1
202300037255,25,7,2023,18:45,1,1,3,86,86066,2,3,2,1,1
202300037255,25,7,2023,18:45,1,1,3,86,86066,2,3,2,1,1
202300037256,26,7,2023,17:55,1,1,5,76,76474,2,4,2,1,1
202300037256,26,7,2023,17:55,1,1,5,76,76474,2,4,2,1,1
202300037257,25,7,2023,22:10,3,1,7,76,76351,1,4,2,1,1
202300037258,25,7,2023,10:20,1,1,2,72,72181,2,4,2,1,2
202300037259,26,7,2023,15:15,1,8,3,67,67482,2,4,2,1,1
202300037260,26,7,2023,12:20,1,1,6,64,64260,2,4,2,1,1
202300037261,26,7,2023,09:30,1,1,1,64,64545,2,3,2,1,1
202300037261,26,7,2023,09:30,1,1,1,64,64545,2,3,2,2,1
202300037262,23,7,2023,21:35,2,1,6,57,57306,2,1,3,1,1
202300037263,26,7,2023,16:26,1,1,6,57,57463,2,4,2,1,1
202300037263,26,7,2023,16:26,1,1,6,57,57463,2,4,2,1,1
202300037264,23,7,2023,09:28,1,1,7,54,54079,2,3,2,1,1
202300037265,26,7,2023,14:15,1,1,6,51,51454,2,4,2,1,1
202300037266,26,7,2023,03:00,5,1,6,51,51454,2,4,2,1,1
202300037267,26,7,2023,00:53,5,1,6,51,51454,2,4,2,1,1
202300037267,26,7,2023,00:53,5,1,6,51,51454,2,4,2,1,1
202300037268,26,7,2023,04:30,5,1,7,49,49007,2,4,2,1,1
202300037269,25,7,2023,16:14,1,1,5,49,49267,1,1,3,1,1
202300037270,25,7,2023,13:46,1,1,3,49,49007,2,4,1,1,1
202300037270,25,7,2023,13:46,1,1,3,49,49007,2,4,-1,1,1
202300037271,26,7,2023,12:40,1,1,3,47,47001,2,4,1,1,1
202300037272,25,7,2023,22:55,5,1,6,46,46042,2,4,1,1,1
202300037273,13,3,2023,14:50,1,1,2,44,44109,2,4,3,1,1
202300037274,26,7,2023,15:35,1,1,6,37,37261,2,4,2,1,1
202300037275,25,7,2023,16:45,1,6,7,34,34003,1,4,-1,1,9
202300037276,26,7,2023,04:25,3,1,1,28,28209,1,2,1,1,1
202300037277,26,7,2023,10:30,1,8,1,25,25462,1,3,2,2,2
202300037278,25,7,2023,20:25,1,2,3,25,25056,2,3,1,1,2
202300037279,24,7,2023,16:25,1,1,6,19,19031,2,4,2,1,1
202300037279,24,7,2023,16:25,1,1,6,19,19031,2,4,2,1,1
202300037280,25,7,2023,09:15,1,1,6,11,11069,1,4,2,1,1
202300037281,24,7,2023,09:30,1,1,6,11,11069,2,4,1,1,1
202300037282,26,7,2023,10:20,1,1,3,06,06088,2,4,2,1,1
202300037282,26,7,2023,10:20,1,1,3,06,06088,2,4,1,1,1
202300037283,26,7,2023,09:40,1,1,6,06,06069,2,4,1,1,1
202300037284,27,7,2023,00:30,5,1,6,06,06027,2,7,3,1,1
202300037285,10,6,2023,12:10,1,1,3,75,75120,2,4,2,2,1
202300037286,26,7,2023,14:30,1,1,3,75,75119,2,4,1,2,1
202300037286,26,7,2023,14:30,1,1,3,75,75119,2,4,2,2,1
202300037287,26,7,2023,16:15,1,1,6,75,75118,2,4,2,1,1
202300037287,26,7,2023,16:15,1,1,6,75,75118,2,4,1,1,1
202300037288,26,7,2023,17:30,1,1,1,75,75116,2,4,2,1,1
202300037289,26,7,2023,00:40,5,1,3,75,75113,2,4,2,1,1
202300037290,25,7,2023,11:00,1,1,6,75,75113,2,4,2,2,2
202300037290,25,7,2023,11:00,1,1,6,75,75113,2,4,1,1,2
202300037291,25,7,2023,08:35,1,2,3,75,75113,2,4,1,1,2
202300037291,25,7,2023,08:35,1,2,3,75,75113,2,4,1,1,2
202300037292,26,7,2023,16:45,1,1,6,75,75111,2,4,2,1,1
202300037292,26,7,2023,16:45,1,1,6,75,75111,2,4,2,1,1
202300037293,26,7,2023,13:45,1,1,2,75,75110,2,4,1,1,1
202300037293,26,7,2023,13:45,1,1,2,75,75110,2,4,1,1,1
202300037294,26,7,2023,23:00,5,1,6,75,75102,2,4,2,1,1
202300037295,24,7,2023,23:00,5,1,4,94,94042,2,3,2,1,1
202300037296,26,7,2023,09:30,1,1,3,94,94016,2,3,-1,1,1
202300037297,26,7,2023,11:30,1,1,2,94,94033,2,4,2,1,1
202300037298,26,7,2023,07:00,1,1,1,94,94022,2,4,2,1,1
202300037298,26,7,2023,07:00,1,1,1,94,94022,2,4,2,1,1
202300037299,24,7,2023,19:10,1,3,3,94,94017,2,4,1,1,2
202300037299,24,7,2023,19:10,1,3,3,94,94017,2,4,4,1,2
202300037300,26,7,2023,09:00,1,1,3,93,93077,2,3,1,1,1
202300037300,26,7,2023,09:00,1,1,3,93,93077,2,3,2,1,1
202300037301,25,7,2023,21:15,2,1,3,93,93029,2,3,2,1,1
202300037301,25,7,2023,21:15,2,1,3,93,93029,2,3,2,1,1
202300037302,26,7,2023,18:50,1,1,3,93,93014,2,4,3,2,1
202300037303,26,7,2023,09:20,1,1,6,93,93053,2,4,2,1,1
202300037304,24,7,2023,23:30,5,2,3,93,93008,2,3,2,1,2
202300037304,24,7,2023,23:30,5,2,3,93,93008,2,3,3,1,2
202300037305,26,7,2023,13:57,1,1,4,93,93007,2,3,-1,1,1
202300037306,19,7,2023,17:20,1,1,4,92,92063,2,3,2,2,1
202300037307,26,7,2023,18:50,1,1,6,92,92051,2,3,1,1,1
202300037308,26,7,2023,17:25,1,1,1,92,92020,2,3,2,1,1
202300037309,26,7,2023,21:05,1,1,7,92,92040,2,3,2,1,1
202300037309,26,7,2023,21:05,1,1,7,92,92040,2,3,2,1,1
202300037310,26,7,2023,01:15,5,1,3,92,92004,2,3,-1,1,1
202300037311,26,7,2023,17:45,1,1,1,974,97415,1,4,2,1,1
202300037312,27,7,2023,10:50,1,2,6,60,60275,1,3,2,2,2
202300037313,27,7,2023,14:34,1,3,6,22,22209,2,4,2,1,2
202300037314,26,7,2023,13:50,1,3,3,33,33327,2,3,2,1,2
202300037314,26,7,2023,13:50,1,3,3,33,33327,2,3,-1,1,2
202300037315,26,7,2023,15:45,1,1,1,84,84069,1,3,2,2,1
202300037316,26,7,2023,21:25,3,2,6,974,97412,2,2,2,1,2
202300037317,26,7,2023,07:00,1,1,2,21,21449,1,1,3,1,1
202300037318,27,7,2023,08:45,1,1,2,19,19248,1,1,3,2,1
202300037319,27,7,2023,07:20,1,1,6,41,41093,1,1,3,1,1
202300037320,27,7,2023,09:50,1,1,6,30,30334,2,3,2,1,1
202300037321,22,7,2023,08:55,1,1,6,57,57407,2,3,2,1,1
202300037322,27,7,2023,00:45,3,1,6,56,56251,1,3,2,1,1
202300037323,26,7,2023,16:00,1,1,3,74,74234,2,4,2,4,1
202300037324,26,7,2023,18:40,1,7,6,77,77416,1,3,2,1,1
202300037325,26,7,2023,07:20,1,1,3,33,33235,1,3,2,1,1
202300037326,26,7,2023,20:40,1,1,6,71,71137,2,4,1,1,1
202300037327,23,7,2023,19:28,1,1,2,89,89074,2,3,2,1,1
202300037327,23,7,2023,19:28,1,1,2,89,89074,2,3,2,1,1
202300037328,27,7,2023,01:45,3,1,7,63,63381,2,3,2,1,1
202300037329,26,7,2023,19:50,1,7,1,49,49331,1,3,2,1,1
202300037330,17,7,2023,18:17,1,1,3,68,68258,2,3,2,1,1
202300037330,17,7,2023,18:17,1,1,3,68,68258,2,3,1,1,1
202300037331,22,7,2023,01:00,3,1,5,22,22222,2,3,2,1,1
202300037331,22,7,2023,01:00,3,1,5,22,22222,2,3,2,1,1
202300037332,26,7,2023,22:15,4,1,6,25,25490,1,3,2,1,1
202300037333,26,7,2023,18:20,1,1,7,25,25014,1,4,2,2,1