id_accident,jour,mois,annee,heure_minute,luminosite,meteo,type_collision,departement,commune,agglomeration,categorie_route,regime_circulation,profil_route,etat_surface
202300037334,27,7,2023,10:40,1,1,7,84,84017,1,3,2,2,1
202300037335,26,7,2023,20:32,1,1,1,72,72176,1,3,2,1,1
202300037335,26,7,2023,20:32,1,1,1,72,72176,1,3,2,1,1
202300037336,27,7,2023,17:59,1,1,7,24,24564,1,3,2,1,1
202300037337,27,7,2023,12:35,1,1,7,85,85108,2,3,2,1,1
202300037338,26,7,2023,09:15,1,8,1,17,17385,1,3,2,1,2
202300037339,27,7,2023,15:00,1,1,2,45,45120,1,1,3,1,1
202300037340,19,6,2023,07:20,1,1,3,988,98805,1,1,1,-1,1
202300037340,19,6,2023,07:20,1,1,3,988,98805,1,1,3,1,1
202300037341,27,7,2023,14:04,1,1,7,01,01038,1,1,3,1,1
202300037342,26,7,2023,20:30,1,1,6,67,67150,2,3,2,1,1
202300037343,27,7,2023,13:30,1,1,6,06,06085,1,1,3,2,1
202300037344,27,7,2023,08:40,1,1,2,38,38343,1,1,1,1,1
202300037345,26,7,2023,21:25,2,1,1,66,66008,2,3,2,1,1
202300037346,26,7,2023,12:10,1,1,7,04,04062,1,4,2,2,1
202300037347,25,7,2023,15:00,1,1,6,04,04143,2,3,2,1,1
202300037348,26,7,2023,09:50,1,1,3,13,13059,1,3,2,1,1
202300037348,26,7,2023,09:50,1,1,3,13,13059,1,3,2,1,1
202300037349,20,7,2023,23:00,3,1,6,13,13041,1,3,1,1,1
202300037350,26,7,2023,19:44,1,8,3,89,89337,2,3,2,1,1
202300037350,26,7,2023,19:44,1,8,3,89,89337,2,3,-1,1,1
202300037351,26,7,2023,18:15,1,1,2,88,88270,2,3,2,1,1
202300037352,26,7,2023,15:30,1,1,7,57,57443,2,4,2,1,1
202300037353,27,7,2023,17:30,1,1,3,03,03104,1,3,2,1,1
202300037353,27,7,2023,17:30,1,1,3,03,03104,1,3,2,2,1
202300037354,26,7,2023,17:10,1,1,6,38,38170,2,4,2,1,1
202300037355,27,7,2023,11:11,1,1,7,07,07026,1,3,2,2,1
202300037356,26,7,2023,10:20,1,1,7,16,16078,1,4,2,1,1
202300037357,22,6,2023,02:20,3,1,2,95,95252,1,1,3,1,1
202300037358,21,6,2023,22:35,3,1,4,93,93066,1,1,3,2,1
202300037359,18,6,2023,19:15,1,2,2,95,95641,1,1,3,1,2
202300037360,22,6,2023,08:15,1,1,3,13,13005,2,4,1,1,1
202300037361,21,6,2023,19:35,1,1,2,75,75109,2,4,1,1,1
202300037362,16,6,2023,22:45,5,1,6,76,76540,2,4,2,1,1
202300037363,16,4,2023,03:00,3,1,6,22,22215,2,3,2,1,1
202300037364,24,2,2023,16:00,1,8,1,26,26083,1,3,2,2,1
202300037365,21,6,2023,16:32,1,1,6,973,97302,2,4,2,1,1
202300037366,22,6,2023,18:05,2,3,7,69,69387,2,4,2,1,2
202300037367,22,6,2023,12:15,1,2,6,69,69386,2,4,1,1,2
202300037368,22,6,2023,08:15,1,1,3,69,69388,2,4,1,1,1
202300037368,22,6,2023,08:15,1,1,3,69,69388,2,4,2,1,1
202300037369,22,6,2023,18:25,1,8,3,69,69034,2,4,2,1,2
202300037369,22,6,2023,18:25,1,8,3,69,69034,2,4,2,4,2
202300037370,21,6,2023,18:36,1,1,1,2A,2A271,1,2,-1,1,1
202300037371,22,6,2023,10:30,1,3,2,95,95088,1,3,3,1,2
202300037372,21,6,2023,14:28,1,1,3,91,91347,2,3,2,1,1
202300037372,21,6,2023,14:28,1,1,3,91,91347,2,3,2,2,1
202300037373,17,6,2023,23:10,5,1,3,91,91657,2,4,2,1,1
202300037373,17,6,2023,23:10,5,1,3,91,91657,2,4,2,1,1
202300037374,22,6,2023,17:35,1,1,3,91,91479,2,4,2,1,1
202300037374,22,6,2023,17:35,1,1,3,91,91479,2,4,2,1,1
202300037375,21,6,2023,23:45,5,1,3,80,80021,2,3,1,1,1
202300037375,21,6,2023,23:45,5,1,3,80,80021,2,3,2,1,1
202300037376,21,6,2023,20:50,1,1,1,80,80021,2,6,-1,1,1
202300037377,22,6,2023,08:20,1,2,6,78,78551,2,4,2,1,2
202300037378,22,6,2023,12:50,1,1,3,78,78642,2,4,2,1,1
202300037378,22,6,2023,12:50,1,1,3,78,78642,2,4,2,1,1
202300037379,22,6,2023,12:55,1,2,1,78,78172,2,4,2,1,2
202300037380,21,6,2023,19:10,1,1,7,76,76351,1,4,1,1,1
202300037381,22,6,2023,20:15,1,2,2,74,74305,2,4,2,1,2
202300037382,21,6,2023,18:45,1,1,2,72,72181,2,4,-1,1,1
202300037383,21,6,2023,18:10,1,1,3,72,72181,2,4,-1,1,1
202300037384,21,6,2023,18:22,1,1,2,71,71306,2,4,2,1,1
202300037385,21,6,2023,15:45,1,1,1,71,71306,2,4,2,1,1
202300037386,21,6,2023,16:30,1,1,6,71,71270,2,4,2,1,1
202300037387,21,6,2023,18:45,1,1,3,69,69259,2,4,1,1,1
202300037387,21,6,2023,18:45,1,1,3,69,69259,2,4,2,1,1
202300037388,22,6,2023,14:10,1,1,3,67,67482,2,4,2,1,1
202300037388,22,6,2023,14:10,1,1,3,67,67482,2,4,1,1,1
202300037389,22,6,2023,00:10,5,1,3,67,67447,2,4,1,1,1
202300037389,22,6,2023,00:10,5,1,3,67,67447,2,4,1,1,1
202300037390,21,6,2023,18:26,1,1,6,66,66136,2,4,2,1,1
202300037391,21,6,2023,17:45,1,1,6,66,66136,2,6,-1,1,1
202300037392,17,6,2023,11:35,1,1,1,65,65433,2,3,2,1,1
202300037392,17,6,2023,11:35,1,1,1,65,65433,2,3,2,1,1
202300037393,21,6,2023,14:10,1,2,6,65,65286,2,2,1,1,2
202300037394,22,6,2023,14:50,1,8,4,64,64445,2,4,2,1,2
202300037395,22,6,2023,08:35,1,2,3,64,64102,2,4,2,2,2
202300037396,21,6,2023,14:37,1,1,2,64,64024,2,3,2,2,1
202300037397,20,6,2023,20:45,1,3,7,64,64102,2,4,1,1,2
202300037398,14,6,2023,21:00,1,1,7,64,64024,2,4,2,1,1
202300037399,22,6,2023,15:50,1,2,3,63,63113,2,7,1,1,2
202300037399,22,6,2023,15:50,1,2,3,63,63113,2,7,1,1,2
202300037400,22,6,2023,12:00,1,1,2,63,63308,2,7,2,1,1
202300037401,21,6,2023,19:00,1,1,6,62,62386,2,4,2,1,1
202300037401,21,6,2023,19:00,1,1,6,62,62386,2,4,2,1,1
202300037402,22,6,2023,17:15,1,1,7,61,61497,1,3,2,2,1
202300037403,17,6,2023,05:27,2,1,3,60,60159,1,2,2,1,1
202300037403,17,6,2023,05:27,2,1,3,60,60159,1,2,2,2,1
202300037404,22,6,2023,18:15,1,1,6,59,59512,2,7,2,1,1
202300037405,16,6,2023,07:50,1,1,3,59,59350,2,4,2,1,1
202300037406,21,6,2023,22:50,4,1,6,57,57757,2,3,1,1,1
202300037406,21,6,2023,22:50,4,1,6,57,57757,2,3,2,1,1
202300037407,22,6,2023,19:30,1,1,7,57,57463,2,4,1,1,1
202300037408,21,6,2023,10:45,1,1,7,56,56098,2,3,2,1,1
202300037409,21,6,2023,17:29,1,1,6,54,54578,2,4,2,1,1
202300037410,21,6,2023,08:40,1,1,2,54,54395,2,4,1,1,1
202300037411,22,6,2023,18:50,1,1,2,54,54323,2,3,2,2,1
202300037412,22,6,2023,13:10,1,2,6,51,51573,2,4,1,1,2
202300037413,22,6,2023,08:20,1,3,3,51,51454,2,4,2,1,2
202300037414,22,6,2023,05:20,2,1,7,51,51454,2,4,2,1,2
202300037415,22,6,2023,11:26,1,2,3,49,49007,2,4,3,1,3
202300037415,22,6,2023,11:26,1,2,3,49,49007,2,4,-1,1,3
202300037416,21,6,2023,16:56,1,1,3,49,49007,2,4,2,1,1
202300037417,22,6,2023,15:15,1,1,6,45,45232,2,4,2,1,1
202300037418,22,6,2023,02:55,5,8,3,45,45234,2,4,1,1,1
202300037418,22,6,2023,02:55,5,8,3,45,45234,2,4,2,1,1
202300037419,22,6,2023,08:20,1,3,6,45,45208,2,4,2,1,2
202300037420,22,6,2023,19:00,1,1,3,44,44143,2,4,3,1,1
202300037421,22,6,2023,18:09,1,1,1,44,44109,2,4,3,1,1
202300037422,22,6,2023,06:20,1,1,1,43,43046,2,3,2,1,1
202300037422,22,6,2023,06:20,1,1,1,43,43046,2,3,2,4,1
202300037423,22,6,2023,09:40,1,1,3,37,37261,2,4,1,1,2
202300037423,22,6,2023,09:40,1,1,3,37,37261,2,4,1,1,2
202300037424,22,6,2023,22:50,5,1,6,35,35238,2,4,2,2,1
202300037425,22,6,2023,01:15,5,1,1,34,34172,2,4,2,2,1
202300037426,15,6,2023,11:00,1,1,3,34,34003,2,4,-1,1,1
202300037426,15,6,2023,11:00,1,1,3,34,34003,2,4,2,1,1
202300037427,21,6,2023,22:50,5,2,3,33,33063,2,4,1,1,2
202300037428,21,6,2023,18:35,1,1,3,33,33281,2,3,2,1,1
202300037428,21,6,2023,18:35,1,1,3,33,33281,2,3,2,1,1
202300037429,15,6,2023,18:30,1,1,3,33,33063,2,4,1,1,1
202300037429,15,6,2023,18:30,1,1,3,33,33063,2,4,1,1,1
202300037430,22,6,2023,20:36,1,1,2,31,31149,2,4,1,1,1
202300037431,22,6,2023,18:50,1,1,6,31,31555,2,4,2,1,1
202300037432,22,6,2023,14:35,1,3,3,30,30028,2,3,2,2,2
202300037432,22,6,2023,14:35,1,3,3,30,30028,2,3,3,3,2
202300037433,22,6,2023,16:35,1,1,2,29,29232,2,3,1,2,1
202300037434,15,6,2023,09:20,1,1,2,29,29019,1,3,-1,2,1
202300037435,22,6,2023,00:05,3,1,5,28,28209,1,2,2,1,1
202300037436,22,6,2023,00:45,3,1,6,28,28209,1,3,2,2,1
202300037437,21,6,2023,18:00,1,1,7,27,27681,2,4,2,1,1
202300037438,21,6,2023,16:40,1,1,7,27,27554,1,4,2,1,1
202300037439,21,6,2023,17:20,1,1,6,27,27229,1,4,1,1,1
202300037440,21,6,2023,16:43,1,3,3,18,18279,1,3,2,1,2
202300037441,22,6,2023,09:25,1,2,3,17,17415,2,4,2,1,2
202300037441,22,6,2023,09:25,1,2,3,17,17415,2,4,2,1,2
202300037442,22,6,2023,15:00,1,2,3,15,15014,2,4,2,1,2
202300037442,22,6,2023,15:00,1,2,3,15,15014,2,4,-1,1,2
202300037443,22,6,2023,06:35,1,2,3,15,15014,2,2,2,1,2
202300037443,22,6,2023,06:35,1,2,3,15,15014,2,2,2,1,2
202300037444,2,6,2023,15:20,1,1,7,13,13026,2,3,1,1,1
202300037445,22,6,2023,10:00,1,2,3,13,13214,2,4,2,1,2
202300037445,22,6,2023,10:00,1,2,3,13,13214,2,4,2,1,2
202300037446,21,6,2023,15:04,1,1,3,10,10362,2,3,2,1,1
202300037446,21,6,2023,15:04,1,1,3,10,10362,2,3,2,2,1
202300037447,21,6,2023,14:00,1,1,3,10,10343,2,4,2,1,1
202300037448,22,6,2023,15:00,1,8,3,06,06088,2,4,2,1,1
202300037448,22,6,2023,15:00,1,8,3,06,06088,2,4,2,1,1
202300037449,16,6,2023,11:15,1,1,6,06,06088,2,4,1,1,1
202300037450,13,6,2023,21:30,2,2,3,06,06069,2,3,2,1,2
202300037451,22,6,2023,08:15,1,3,3,75,75116,2,4,1,1,2
202300037452,21,6,2023,09:30,1,1,7,75,75116,2,4,1,1,8
202300037453,20,6,2023,13:05,1,1,2,75,75118,2,4,1,1,1
202300037454,17,6,2023,15:55,1,1,2,75,75116,2,4,1,1,1
202300037455,16,6,2023,08:00,1,1,4,75,75116,2,4,1,1,1
202300037455,16,6,2023,08:00,1,1,4,75,75116,2,4,1,1,1
202300037456,9,6,2023,10:40,1,1,2,75,75114,2,4,1,1,1
202300037457,15,6,2023,10:15,1,1,3,75,75105,2,4,2,2,1
202300037458,22,6,2023,18:15,1,1,2,75,75120,2,4,2,1,1
202300037459,22,6,2023,12:00,1,2,6,75,75120,2,4,1,1,2
202300037459,22,6,2023,12:00,1,2,6,75,75120,2,4,2,1,2
202300037460,22,6,2023,08:20,1,3,1,75,75120,2,4,2,2,2
202300037461,22,6,2023,01:10,5,1,3,75,75120,2,4,1,1,1
202300037461,22,6,2023,01:10,5,1,3,75,75120,2,4,3,1,1
202300037462,22,6,2023,16:50,1,1,7,75,75119,2,4,1,2,1
202300037463,21,6,2023,23:40,5,1,3,75,75119,2,4,1,2,1
202300037463,21,6,2023,23:40,5,1,3,75,75119,2,4,1,2,1
202300037464,22,6,2023,11:30,1,8,4,75,75116,2,4,2,1,1
202300037464,22,6,2023,11:30,1,8,4,75,75116,2,4,1,1,1
202300037465,22,6,2023,09:50,1,3,2,75,75116,2,4,2,1,2
202300037466,22,6,2023,07:45,1,3,6,75,75115,2,4,2,1,2
202300037466,22,6,2023,07:45,1,3,6,75,75115,2,4,2,1,2
202300037467,22,6,2023,02:20,5,1,1,75,75105,2,4,1,1,1
202300037467,22,6,2023,02:20,5,1,1,75,75105,2,4,2,1,1
202300037468,21,6,2023,13:15,1,1,2,75,75115,2,4,1,1,1
202300037469,22,6,2023,16:15,1,1,3,75,75114,2,4,2,1,1
202300037470,22,6,2023,20:50,1,1,2,75,75110,2,4,2,1,1
202300037470,22,6,2023,20:50,1,1,2,75,75110,2,4,1,1,1
202300037471,22,6,2023,00:55,5,1,1,75,75110,2,4,1,1,1
202300037472,7,11,2023,11:55,1,1,4,72,72181,2,4,3,1,1
202300037473,22,6,2023,02:30,5,1,6,75,75110,2,4,3,1,1
202300037474,21,6,2023,11:00,1,1,3,75,75110,2,4,1,1,1
202300037474,21,6,2023,11:00,1,1,3,75,75110,2,4,1,1,1
202300037475,6,11,2023,12:48,1,8,4,72,72181,2,4,3,1,1
202300037476,6,11,2023,08:55,1,1,6,72,72181,2,4,-1,1,1
202300037477,22,6,2023,13:00,1,2,6,75,75109,2,4,1,1,2
202300037477,22,6,2023,13:00,1,2,6,75,75109,2,4,1,1,2
202300037478,7,11,2023,19:52,5,1,6,69,69256,2,4,2,1,1
202300037479,22,6,2023,02:20,5,1,3,75,75107,2,4,2,1,1
202300037479,22,6,2023,02:20,5,1,3,75,75107,2,4,1,1,1
202300037480,21,6,2023,19:00,1,1,7,75,75107,2,4,2,1,1
202300037480,21,6,2023,19:00,1,1,7,75,75107,2,4,-1,1,1
202300037481,7,11,2023,16:30,1,2,3,69,69266,2,4,1,1,2
202300037481,7,11,2023,16:30,1,2,3,69,69266,2,4,2,1,2
202300037482,22,6,2023,12:02,1,8,3,75,75104,2,4,1,1,2
202300037482,22,6,2023,12:02,1,8,3,75,75104,2,4,1,1,2
202300037483,22,6,2023,09:10,1,3,6,94,94015,2,6,-1,1,2
202300037484,7,11,2023,21:40,3,1,6,69,69092,1,3,2,1,1
202300037485,22,6,2023,09:40,1,3,7,94,94016,2,3,2,2,2
202300037486,22,6,2023,13:21,1,1,1,94,94021,2,4,1,1,1
202300037487,6,11,2023,15:45,1,1,6,69,69290,2,7,2,1,1
202300037487,6,11,2023,15:45,1,1,6,69,69290,2,7,2,1,1
202300037488,6,11,2023,08:25,1,1,2,69,69259,2,7,3,1,2
202300037489,21,6,2023,10:45,1,1,3,94,94033,2,4,1,1,1
202300037490,22,6,2023,15:10,1,1,3,94,94054,2,4,2,1,1
202300037491,7,11,2023,16:15,1,1,2,67,67447,2,4,2,1,1
202300037492,7,11,2023,14:30,1,2,2,67,67447,2,7,2,2,2
202300037493,21,6,2023,14:30,1,1,3,94,94022,2,3,2,1,1
202300037493,21,6,2023,14:30,1,1,3,94,94022,2,3,2,1,1
202300037494,22,6,2023,15:30,1,1,2,93,93073,2,4,2,1,1
202300037495,7,11,2023,11:50,1,1,3,64,64102,2,4,1,1,1
202300037496,22,6,2023,17:15,1,1,6,93,93059,2,4,2,1,1
202300037497,6,11,2023,16:35,1,2,3,63,63113,2,4,2,1,2
202300037498,22,6,2023,19:50,1,1,1,93,93071,2,4,2,1,1
202300037499,19,5,2023,08:40,1,1,7,92,92078,1,1,1,4,1
202300037500,21,6,2023,10:00,1,1,2,93,93066,2,4,2,1,1
202300037501,7,11,2023,18:30,3,2,3,62,62907,1,3,2,1,2
202300037502,20,5,2023,17:27,1,1,3,94,94017,1,1,1,1,1
202300037503,22,6,2023,07:30,1,3,6,93,93064,2,4,2,1,2
202300037504,7,11,2023,13:20,1,1,3,62,62774,2,3,2,1,1
202300037505,22,6,2023,19:50,1,1,3,93,93048,2,3,2,1,1
202300037506,19,5,2023,23:20,3,1,2,94,94046,1,1,1,1,1
202300037507,22,6,2023,20:45,1,1,3,93,93005,2,4,2,1,1
202300037508,7,11,2023,13:00,1,7,2,62,62193,2,2,1,4,2
202300037508,7,11,2023,13:00,1,7,2,62,62193,2,2,1,1,2
202300037509,22,6,2023,00:40,5,1,6,93,93005,2,3,1,1,1
202300037510,22,6,2023,10:55,1,3,6,92,92073,2,3,1,1,2
202300037511,19,5,2023,19:50,1,1,4,93,93051,1,1,-1,1,1
202300037512,7,11,2023,22:10,5,1,3,61,61001,2,4,2,1,1
202300037512,7,11,2023,22:10,5,1,3,61,61001,2,4,2,1,1
202300037513,24,1,2023,07:00,5,1,3,73,73063,1,3,2,1,2
202300037514,18,6,2023,02:13,5,1,2,92,92072,1,3,1,1,1
202300037515,7,11,2023,10:20,1,1,3,60,60057,2,4,-1,1,1
202300037516,22,6,2023,15:25,1,8,2,92,92062,1,3,3,1,1
202300037517,18,5,2023,04:28,3,1,6,95,95476,1,3,1,1,1
202300037518,7,11,2023,16:00,1,1,6,59,59152,2,7,-1,1,1
202300037519,21,6,2023,20:10,1,1,3,92,92020,2,3,1,1,1
202300037519,21,6,2023,20:10,1,1,3,92,92020,2,3,2,2,1
202300037520,17,5,2023,15:15,1,1,6,22,22278,2,4,2,1,1
202300037520,17,5,2023,15:15,1,1,6,22,22278,2,4,1,1,1
202300037521,7,11,2023,09:00,1,8,4,59,59350,2,4,3,1,1
202300037522,22,6,2023,05:53,2,2,7,92,92048,2,3,3,1,2
202300037523,16,5,2023,12:00,1,1,6,34,34003,2,4,1,1,1
202300037524,22,6,2023,07:40,1,2,6,92,92036,2,3,1,1,2
202300037525,6,11,2023,09:10,1,2,6,59,59183,2,3,1,1,2
202300037526,22,6,2023,08:30,1,3,2,92,92035,2,3,1,1,2
202300037527,3,11,2023,18:15,2,2,6,59,59329,2,6,-1,1,2
202300037528,17,5,2023,15:20,1,1,3,988,98818,2,4,1,1,1
202300037528,17,5,2023,15:20,1,1,3,988,98818,2,4,1,1,1
202300037529,22,6,2023,22:00,2,1,3,92,92062,2,3,3,1,1
202300037530,3,11,2023,08:48,1,1,6,57,57672,2,4,1,1,1
202300037531,22,6,2023,04:15,5,1,2,92,92026,2,3,2,2,1
202300037532,17,5,2023,16:00,1,2,4,974,97416,1,3,2,1,2
202300037533,7,11,2023,18:15,3,1,4,57,57447,1,7,2,1,2
202300037534,21,6,2023,16:40,1,8,3,92,92025,2,3,1,1,1
202300037534,21,6,2023,16:40,1,8,3,92,92025,2,3,2,1,1
202300037535,22,6,2023,05:32,5,1,6,92,92023,2,4,1,1,1
202300037535,22,6,2023,05:32,5,1,6,92,92023,2,4,2,1,1
202300037536,7,11,2023,18:15,5,8,2,57,57412,2,4,2,1,2
202300037537,18,5,2023,13:00,1,1,3,974,97407,2,4,1,1,1
202300037537,18,5,2023,13:00,1,1,3,974,97407,2,4,1,1,1
202300037538,22,6,2023,04:30,5,1,6,92,92032,2,4,1,2,1
202300037539,22,6,2023,18:00,1,1,6,92,92004,2,4,-1,1,1
202300037540,17,5,2023,23:10,5,8,7,973,97302,2,3,2,1,2
202300037541,7,11,2023,09:06,1,1,3,56,56098,2,3,2,1,2
202300037542,7,11,2023,13:59,1,1,6,54,54382,1,3,3,1,1
202300037543,22,6,2023,09:05,1,3,1,92,92004,2,3,1,1,2
202300037543,22,6,2023,09:05,1,3,1,92,92004,2,3,2,1,2
202300037544,18,5,2023,21:00,5,1,6,69,69383,2,4,2,1,1
202300037545,22,6,2023,12:20,1,8,2,92,92014,2,3,3,1,2
202300037546,18,5,2023,16:10,1,1,7,972,97213,1,3,2,1,1
202300037547,21,6,2023,19:05,1,1,6,92,92002,2,4,2,1,1
202300037548,6,11,2023,22:50,5,2,3,51,51454,2,4,2,1,2
202300037548,6,11,2023,22:50,5,2,3,51,51454,2,4,2,1,2
202300037549,22,6,2023,09:15,1,1,6,35,35108,1,4,-1,1,1
202300037550,18,5,2023,10:00,1,1,3,971,97113,1,3,2,2,1
202300037551,6,11,2023,18:40,5,2,2,50,50129,2,9,1,2,2
202300037552,7,6,2023,12:15,1,7,3,17,17120,1,3,2,2,1
202300037553,22,6,2023,18:12,1,1,7,49,49058,1,3,2,1,1
202300037554,6,11,2023,18:30,5,3,3,50,50129,2,3,2,1,2
202300037554,6,11,2023,18:30,5,3,3,50,50129,2,3,3,1,2
202300037555,18,5,2023,16:00,1,1,5,95,95019,2,3,1,1,1
202300037555,18,5,2023,16:00,1,1,5,95,95019,2,3,2,1,1
202300037556,22,6,2023,11:55,1,1,3,68,68300,2,3,1,1,1
202300037557,4,11,2023,18:50,5,2,6,50,50129,2,4,2,1,2
202300037557,4,11,2023,18:50,5,2,6,50,50129,2,4,3,1,2
202300037558,18,5,2023,18:15,1,1,2,95,95014,1,3,2,2,1
202300037559,22,6,2023,22:30,3,1,2,21,21676,1,1,3,1,1
202300037560,3,11,2023,18:30,2,2,4,50,50129,2,3,3,1,2
202300037561,17,6,2023,22:25,3,1,3,54,54067,1,3,2,1,1
202300037561,17,6,2023,22:25,3,1,3,54,54067,1,3,2,1,1
202300037562,6,11,2023,15:54,1,2,6,49,49007,2,4,2,1,2
202300037563,18,5,2023,16:15,1,9,1,91,91174,2,4,2,1,1
202300037564,22,6,2023,17:20,1,1,7,35,35047,2,4,2,1,1
202300037565,5,11,2023,09:59,1,1,6,49,49007,2,4,2,2,1
202300037566,22,6,2023,17:45,1,1,7,35,35047,2,4,3,1,1
202300037567,5,11,2023,23:11,3,1,2,49,49246,2,1,3,1,2
202300037568,23,6,2023,09:20,1,1,5,29,29181,1,2,3,3,1
202300037569,6,11,2023,09:11,1,1,2,49,49007,2,4,3,1,2
202300037570,23,6,2023,11:50,1,1,3,42,42158,1,4,2,2,1
202300037571,22,6,2023,23:30,3,2,7,974,97414,1,2,2,1,2
202300037572,7,11,2023,16:49,1,1,2,47,47001,2,4,3,1,1
202300037573,18,5,2023,06:45,2,1,4,77,77449,1,3,1,1,1
202300037574,23,6,2023,16:27,1,1,3,72,72200,1,3,2,1,1
202300037575,19,6,2023,07:45,1,1,7,72,72124,2,3,2,1,9
202300037576,18,5,2023,17:10,1,1,3,77,77186,1,3,2,1,1
202300037576,18,5,2023,17:10,1,1,3,77,77186,1,3,2,1,1
202300037577,7,11,2023,09:20,1,1,6,45,45232,2,4,2,1,1
202300037578,20,6,2023,05:45,2,1,3,44,44076,1,3,2,1,1
202300037578,20,6,2023,05:45,2,1,3,44,44076,1,3,2,1,1
202300037579,18,5,2023,15:25,1,1,1,77,77186,1,3,2,1,1
202300037580,22,6,2023,16:30,1,1,6,04,04102,1,3,2,2,1
202300037581,7,11,2023,08:30,1,9,2,45,45286,2,4,2,1,2
202300037582,19,5,2023,01:00,5,1,3,69,69266,2,4,1,1,1
202300037583,22,6,2023,16:45,1,1,2,56,56052,1,3,2,1,1
202300037584,6,11,2023,17:25,5,1,3,45,45234,2,4,3,1,2
202300037585,23,6,2023,12:00,1,1,3,77,77239,1,3,2,1,9
202300037585,23,6,2023,12:00,1,1,3,77,77239,1,3,2,1,1
202300037586,23,6,2023,10:00,1,1,6,76,76709,2,7,2,1,1
202300037587,6,11,2023,15:15,1,1,3,45,45075,2,4,3,1,1
202300037588,18,5,2023,11:30,1,1,1,69,69256,2,4,2,1,1
202300037589,23,6,2023,08:10,1,1,3,79,79207,2,3,2,1,1
202300037589,23,6,2023,08:10,1,1,3,79,79207,2,3,2,1,1
202300037590,6,11,2023,17:15,1,1,3,45,45068,2,4,2,1,2
202300037591,23,6,2023,14:03,1,1,6,71,71263,1,4,2,1,1
202300037592,18,5,2023,15:30,1,1,3,67,67218,2,7,3,1,1
202300037592,18,5,2023,15:30,1,1,3,67,67218,2,7,3,1,1
202300037593,22,6,2023,16:00,1,1,6,71,71079,1,4,2,1,1
202300037594,6,11,2023,17:43,2,1,3,43,43157,2,3,2,1,1
202300037595,17,5,2023,12:35,1,1,2,59,59360,2,7,3,1,1
202300037596,21,6,2023,23:50,3,5,6,63,63381,1,3,2,2,2
202300037597,7,11,2023,10:30,1,1,3,42,42127,2,4,-1,1,1
202300037597,7,11,2023,10:30,1,1,3,42,42127,2,4,-1,1,1
202300037598,20,6,2023,16:00,1,1,7,55,55263,1,3,2,1,1
202300037599,18,5,2023,09:35,1,1,3,58,58194,2,4,2,1,1
202300037599,18,5,2023,09:35,1,1,3,58,58194,2,4,2,1,1
202300037600,7,11,2023,17:15,2,1,6,41,41018,2,4,2,1,1
202300037601,22,6,2023,08:45,1,2,7,42,42020,2,3,2,1,2
202300037601,22,6,2023,08:45,1,2,7,42,42020,2,3,2,1,2
202300037602,18,5,2023,16:50,1,1,7,51,51242,1,3,2,1,1
202300037603,22,6,2023,16:20,1,2,3,42,42313,1,4,2,2,2
202300037603,22,6,2023,16:20,1,2,3,42,42313,1,4,2,1,2
202300037604,7,11,2023,18:05,2,1,6,38,38053,2,4,2,1,1
202300037604,7,11,2023,18:05,2,1,6,38,38053,2,4,2,1,1
202300037605,18,5,2023,11:58,1,1,3,50,50218,2,3,2,1,1
202300037606,19,6,2023,17:17,1,1,3,34,34197,1,3,2,1,1
202300037606,19,6,2023,17:17,1,1,3,34,34197,1,3,2,1,1
202300037607,22,6,2023,18:40,1,1,1,34,34074,1,3,2,4,1
202300037607,22,6,2023,18:40,1,1,1,34,34074,1,3,2,3,1
202300037608,18,5,2023,19:50,1,1,3,49,49099,1,3,3,1,1
202300037609,7,11,2023,08:40,1,1,3,35,35238,2,4,2,1,1
202300037609,7,11,2023,08:40,1,1,3,35,35238,2,4,2,1,1
202300037610,22,6,2023,17:50,1,1,6,25,25228,2,6,-1,2,1
202300037611,17,5,2023,16:25,1,1,6,45,45234,2,4,2,1,1
202300037612,17,5,2023,17:00,1,1,2,43,43041,2,3,2,1,1
202300037613,7,11,2023,22:15,5,1,1,34,34172,2,4,2,2,1
202300037614,22,6,2023,12:30,1,1,1,44,44211,1,3,2,1,1
202300037615,28,5,2023,14:45,1,1,3,29,29259,2,4,2,1,1
202300037615,28,5,2023,14:45,1,1,3,29,29259,2,4,2,1,1
202300037616,17,5,2023,12:15,1,1,5,43,43041,2,3,2,2,1
202300037617,7,11,2023,14:10,1,1,2,34,34172,2,3,1,1,1
202300037617,7,11,2023,14:10,1,1,2,34,34172,2,3,1,1,1
202300037618,23,6,2023,17:40,1,1,6,29,29284,2,4,2,1,1
202300037619,18,5,2023,12:20,1,3,1,42,42275,2,4,2,1,2
202300037619,18,5,2023,12:20,1,3,1,42,42275,2,4,2,1,2
202300037620,22,6,2023,18:45,1,1,1,29,29174,2,4,2,1,1
202300037621,7,11,2023,08:15,1,1,1,34,34129,2,4,1,1,1
202300037622,18,5,2023,04:18,5,1,6,35,35238,2,4,2,1,1
202300037623,22,6,2023,08:15,1,8,3,03,03118,2,4,2,1,1
202300037624,7,11,2023,06:50,2,1,1,34,34172,2,4,2,2,1
202300037625,18,5,2023,18:45,1,1,1,33,33200,2,4,2,1,1
202300037625,18,5,2023,18:45,1,1,1,33,33200,2,4,2,1,1
202300037626,23,6,2023,18:10,1,1,2,70,70240,2,3,2,1,1
202300037627,7,11,2023,18:30,5,2,3,33,33522,2,4,1,1,2