id_accident,jour,mois,annee,heure_minute,luminosite,meteo,type_collision,departement,commune,agglomeration,categorie_route,regime_circulation,profil_route,etat_surface
202300037627,7,11,2023,18:30,5,2,3,33,33522,2,4,2,1,2
202300037628,17,5,2023,13:10,1,1,3,31,31483,2,4,1,1,1
202300037628,17,5,2023,13:10,1,1,3,31,31483,2,4,1,1,2
202300037629,23,6,2023,15:50,1,1,3,58,58177,1,3,2,1,1
202300037629,23,6,2023,15:50,1,1,3,58,58177,1,3,2,2,1
202300037630,7,11,2023,16:30,1,8,6,33,33192,2,4,2,1,1
202300037631,18,5,2023,17:05,1,1,6,29,29232,2,4,2,4,1
202300037632,1,6,2023,08:20,1,1,6,58,58095,2,3,3,1,1
202300037633,6,11,2023,15:50,1,2,6,33,33119,2,4,2,1,2
202300037634,13,6,2023,15:11,1,7,7,54,54102,1,3,2,1,9
202300037634,13,6,2023,15:11,1,7,7,54,54102,1,3,2,1,1
202300037635,17,5,2023,11:10,1,7,2,17,17415,2,3,1,1,1
202300037636,23,6,2023,19:45,1,1,1,50,50074,1,4,2,2,1
202300037637,19,8,2023,20:10,1,1,3,33,33249,2,4,2,1,1
202300037637,19,8,2023,20:10,1,1,3,33,33249,2,4,2,1,1
202300037638,23,6,2023,17:05,1,1,3,64,64106,2,3,2,2,1
202300037639,17,5,2023,18:05,1,1,1,17,17306,2,4,2,1,1
202300037639,17,5,2023,18:05,1,1,1,17,17306,2,4,2,1,1
202300037640,17,5,2023,11:37,1,1,6,15,15014,2,3,1,2,1
202300037641,23,6,2023,06:30,2,5,3,16,16286,1,3,2,1,1
202300037641,23,6,2023,06:30,2,5,3,16,16286,1,3,2,1,1
202300037642,7,11,2023,19:15,5,1,5,29,29232,2,3,1,1,1
202300037643,6,11,2023,14:20,1,1,7,29,29232,2,3,-1,1,2
202300037644,17,5,2023,08:45,1,1,2,15,15014,2,4,1,1,1
202300037645,7,11,2023,10:45,1,1,1,29,29051,2,3,2,2,1
202300037646,6,6,2023,17:05,1,1,4,24,24547,1,3,2,1,1
202300037647,17,5,2023,14:30,1,1,3,15,15014,2,4,1,1,1
202300037647,17,5,2023,14:30,1,1,3,15,15014,2,4,1,2,1
202300037648,7,11,2023,17:35,5,1,3,28,28404,1,3,2,1,1
202300037649,18,5,2023,11:05,1,1,6,14,14536,1,3,2,1,1
202300037650,7,11,2023,12:45,1,1,6,28,28134,2,4,2,1,1
202300037651,23,6,2023,08:00,1,1,3,27,27290,1,3,2,1,1
202300037651,23,6,2023,08:00,1,1,3,27,27290,1,3,2,1,1
202300037652,18,5,2023,21:10,5,2,2,13,13215,2,4,2,1,2
202300037653,18,5,2023,13:22,1,2,2,13,13206,2,4,1,1,2
202300037654,7,11,2023,11:30,1,1,3,25,25056,1,3,-1,2,2
202300037655,5,11,2023,14:30,1,2,6,22,22278,2,3,2,1,2
202300037656,18,5,2023,19:40,1,1,7,08,08480,2,6,-1,1,1
202300037657,27,2,2023,00:35,3,1,2,94,94074,1,2,3,1,1
202300037658,17,5,2023,16:11,1,1,2,06,06027,2,4,1,1,1
202300037659,5,11,2023,03:10,3,2,1,22,22278,2,4,3,1,2
202300037660,25,2,2023,22:20,5,1,6,54,54578,2,4,2,1,1
202300037660,25,2,2023,22:20,5,1,6,54,54578,2,4,2,1,1
202300037661,18,5,2023,12:55,1,2,2,04,04070,2,4,1,1,2
202300037661,18,5,2023,12:55,1,2,2,04,04070,2,4,1,1,2
202300037662,6,11,2023,08:34,1,3,3,19,19272,1,3,1,1,2
202300037662,6,11,2023,08:34,1,3,3,19,19272,1,3,2,1,2
202300037663,25,2,2023,04:25,5,1,3,13,13208,2,4,2,1,1
202300037664,3,11,2023,18:25,2,2,6,19,19031,2,4,2,1,2
202300037665,28,4,2023,11:00,1,1,3,02,02408,2,4,2,1,1
202300037665,28,4,2023,11:00,1,1,3,02,02408,2,4,2,1,1
202300037666,26,2,2023,19:00,5,1,1,974,97407,1,9,2,1,1
202300037667,17,5,2023,00:05,4,9,2,75,75120,2,4,1,3,1
202300037668,3,11,2023,17:35,2,1,6,19,19031,2,4,2,1,2
202300037669,26,2,2023,20:10,3,1,6,974,97407,2,4,2,1,2
202300037670,6,11,2023,12:15,1,2,7,15,15014,1,3,2,1,2
202300037671,17,5,2023,15:16,1,1,3,75,75108,2,4,1,1,1
202300037671,17,5,2023,15:16,1,1,3,75,75108,2,4,1,1,1
202300037672,26,2,2023,02:50,5,3,1,973,97302,2,3,2,1,2
202300037672,26,2,2023,02:50,5,3,1,973,97302,2,3,2,2,2
202300037673,18,5,2023,13:50,1,1,6,75,75117,2,4,1,1,1
202300037673,18,5,2023,13:50,1,1,6,75,75117,2,4,2,1,1
202300037674,7,11,2023,16:30,1,1,3,13,13054,2,4,2,1,1
202300037674,7,11,2023,16:30,1,1,3,13,13054,2,4,2,1,1
202300037674,7,11,2023,16:30,1,1,3,13,13054,2,4,2,1,1
202300037675,18,5,2023,16:00,2,1,6,75,75116,2,4,1,1,1
202300037676,26,2,2023,19:55,5,6,1,69,69383,2,4,1,1,1
202300037676,26,2,2023,19:55,5,6,1,69,69383,2,4,1,1,1
202300037677,7,11,2023,19:00,5,1,6,13,13005,2,3,2,1,1
202300037678,18,5,2023,17:00,1,1,6,75,75115,2,4,1,1,1
202300037678,18,5,2023,17:00,1,1,6,75,75115,2,4,2,1,1
202300037679,6,2,2023,05:10,4,1,6,972,97213,2,2,1,1,1
202300037680,18,5,2023,13:50,1,1,7,75,75113,2,4,1,1,1
202300037680,18,5,2023,13:50,1,1,7,75,75113,2,4,2,1,1
202300037681,28,10,2023,16:55,1,1,6,12,12145,2,4,1,1,1
202300037682,26,2,2023,07:30,1,1,7,82,82121,2,3,2,1,1
202300037683,7,11,2023,10:45,1,1,2,11,11069,2,4,-1,1,1
202300037684,26,2,2023,19:20,5,1,6,81,81004,2,4,2,1,1
202300037684,26,2,2023,19:20,5,1,6,81,81004,2,4,2,1,1
202300037685,18,5,2023,10:30,1,1,3,75,75111,2,4,2,1,1
202300037685,18,5,2023,10:30,1,1,3,75,75111,2,4,1,1,1
202300037686,6,11,2023,06:50,2,2,2,11,11069,1,3,1,1,2
202300037687,26,2,2023,20:00,3,1,2,77,77114,1,2,1,1,1
202300037688,18,5,2023,18:00,1,1,2,75,75110,2,4,2,1,1
202300037688,18,5,2023,18:00,1,1,2,75,75110,2,4,2,1,1
202300037689,6,11,2023,08:41,1,2,2,10,10081,1,4,2,1,2
202300037690,18,5,2023,17:38,1,1,2,75,75108,2,4,1,1,1
202300037690,18,5,2023,17:38,1,1,2,75,75108,2,4,1,2,1
202300037691,25,2,2023,12:25,1,2,6,76,76545,2,4,2,2,2
202300037692,18,5,2023,03:15,5,1,6,75,75107,2,4,1,1,1
202300037693,6,11,2023,11:33,1,2,5,05,05061,1,3,2,2,2
202300037694,25,2,2023,15:02,1,1,1,69,69266,2,4,1,1,1
202300037695,18,5,2023,16:00,1,1,2,94,94042,2,3,2,1,1
202300037696,6,11,2023,13:28,1,1,2,05,05023,1,3,2,1,1
202300037697,18,5,2023,15:25,1,1,6,94,94041,2,3,2,1,1
202300037698,25,2,2023,10:15,1,1,3,60,60175,2,4,2,1,1
202300037698,25,2,2023,10:15,1,1,3,60,60175,2,4,-1,1,1
202300037699,17,5,2023,21:40,5,1,3,94,94078,2,4,1,1,1
202300037699,17,5,2023,21:40,5,1,3,94,94078,2,4,1,1,1
202300037700,7,11,2023,11:55,1,1,2,04,04112,2,4,2,2,1
202300037700,7,11,2023,11:55,1,1,2,04,04112,2,4,2,1,1
202300037701,26,2,2023,14:45,1,1,3,59,59512,2,7,-1,1,1
202300037701,26,2,2023,14:45,1,1,3,59,59512,2,7,-1,1,1
202300037702,18,5,2023,11:30,1,1,1,94,94004,2,3,2,3,-1
202300037702,18,5,2023,11:30,1,1,1,94,94004,2,3,2,1,1
202300037703,7,11,2023,16:20,1,1,3,75,75119,2,4,1,1,1
202300037704,26,2,2023,17:00,1,1,6,59,59560,2,4,3,1,1
202300037705,26,2,2023,08:55,1,1,6,59,59378,2,4,1,1,1
202300037706,7,11,2023,08:15,2,1,2,75,75119,2,4,1,1,1
202300037707,18,5,2023,02:37,5,1,3,93,93066,2,3,3,1,1
202300037707,18,5,2023,02:37,5,1,3,93,93066,2,3,2,1,1
202300037708,26,2,2023,06:20,3,1,6,54,54174,2,4,2,2,1
202300037709,7,11,2023,00:15,5,2,6,75,75120,2,4,1,2,2
202300037709,7,11,2023,00:15,5,2,6,75,75120,2,4,1,1,2
202300037710,18,5,2023,13:25,1,1,3,93,93055,2,3,3,1,1
202300037711,26,2,2023,15:10,1,1,6,38,38185,2,7,3,1,1
202300037711,26,2,2023,15:10,1,1,6,38,38185,2,7,3,1,1
202300037712,6,11,2023,21:30,5,2,5,75,75112,2,4,1,1,2
202300037713,18,5,2023,01:27,5,1,6,92,92063,2,3,1,2,1
202300037714,26,2,2023,13:30,1,1,2,38,38423,2,4,2,1,1
202300037715,6,11,2023,16:00,1,1,2,75,75117,2,4,1,1,1
202300037716,18,5,2023,19:20,1,1,2,92,92051,2,3,3,1,1
202300037716,18,5,2023,19:20,1,1,2,92,92051,2,3,2,1,1
202300037717,26,2,2023,16:30,1,1,2,31,31555,2,7,2,1,1
202300037718,26,2,2023,02:20,3,1,6,19,19272,1,3,2,2,1
202300037719,18,5,2023,13:30,1,1,3,92,92050,2,3,2,1,1
202300037720,6,11,2023,16:15,1,1,5,75,75116,2,4,1,1,1
202300037721,18,5,2023,18:16,1,1,7,92,92020,2,4,-1,1,1
202300037722,26,2,2023,22:35,3,4,3,13,13103,1,3,2,1,2
202300037723,17,5,2023,12:05,1,1,3,92,92019,2,3,1,1,1
202300037724,6,11,2023,08:20,1,1,5,75,75114,2,4,1,1,1
202300037724,6,11,2023,08:20,1,1,5,75,75114,2,4,1,1,2
202300037725,27,2,2023,00:05,5,2,3,13,13213,2,3,2,1,2
202300037726,26,2,2023,02:15,3,1,1,13,13207,2,4,2,1,1
202300037727,6,11,2023,07:25,1,1,3,75,75119,2,4,1,1,1
202300037728,19,5,2023,12:15,1,7,3,54,54345,1,3,2,2,1
202300037728,19,5,2023,12:15,1,7,3,54,54345,1,3,2,1,1
202300037729,25,2,2023,22:30,5,1,1,13,13215,2,4,2,2,1
202300037730,18,5,2023,19:45,1,1,6,62,62547,2,3,2,1,1
202300037731,26,2,2023,10:20,1,1,3,13,13005,2,3,-1,1,1
202300037731,26,2,2023,10:20,1,1,3,13,13005,2,3,-1,1,1
202300037732,6,11,2023,21:24,5,9,5,75,75105,2,4,-1,1,2
202300037732,6,11,2023,21:24,5,9,5,75,75105,2,4,2,1,2
202300037733,19,5,2023,16:35,1,1,1,2A,2A272,1,2,2,1,8
202300037734,26,2,2023,19:49,3,1,6,09,09122,1,3,-1,1,1
202300037735,6,11,2023,23:17,5,2,3,75,75119,2,4,-1,1,2
202300037735,6,11,2023,23:17,5,2,3,75,75119,2,4,1,2,2
202300037736,26,2,2023,20:25,5,1,6,02,02304,2,4,2,1,1
202300037737,19,5,2023,09:25,1,1,6,2A,2A189,1,3,2,2,1
202300037738,18,5,2023,12:50,1,1,6,62,62245,1,4,2,2,1
202300037739,22,2,2023,08:00,1,1,6,83,83126,2,3,2,1,2
202300037739,22,2,2023,08:00,1,1,6,83,83126,2,3,3,4,2
202300037740,7,11,2023,20:50,5,1,6,75,75117,2,4,2,1,1
202300037740,7,11,2023,20:50,5,1,6,75,75117,2,4,1,1,1
202300037741,17,5,2023,18:00,1,1,7,86,86111,1,3,2,1,1
202300037742,25,2,2023,23:00,5,2,6,974,97409,2,2,2,1,2
202300037742,25,2,2023,23:00,5,2,6,974,97409,2,2,1,1,2
202300037743,7,11,2023,15:30,1,1,6,75,75116,2,4,2,1,1
202300037744,18,5,2023,00:50,3,1,7,67,67392,1,3,2,1,1
202300037745,24,2,2023,16:50,1,2,3,2B,2B037,2,3,2,1,2
202300037745,24,2,2023,16:50,1,2,3,2B,2B037,2,3,2,2,2
202300037746,7,11,2023,09:40,1,1,3,75,75116,2,4,3,1,2
202300037746,7,11,2023,09:40,1,1,3,75,75116,2,4,2,1,2
202300037747,18,5,2023,21:20,2,1,3,49,49174,1,4,2,1,1
202300037748,25,2,2023,11:50,1,1,7,971,97101,1,3,2,1,1
202300037749,7,11,2023,02:25,5,2,3,75,75116,2,4,2,1,2
202300037749,7,11,2023,02:25,5,2,3,75,75116,2,4,2,1,2
202300037750,25,2,2023,14:30,1,8,2,2A,2A004,2,3,1,1,2
202300037751,18,5,2023,18:15,1,9,1,62,62906,2,3,2,1,1
202300037752,18,5,2023,12:14,1,1,1,12,12064,1,3,2,2,1
202300037753,6,11,2023,18:24,5,2,3,75,75116,2,4,2,1,2
202300037753,6,11,2023,18:24,5,2,3,75,75116,2,4,2,1,2
202300037754,25,2,2023,11:20,1,7,2,95,95277,2,3,2,2,1
202300037754,25,2,2023,11:20,1,7,2,95,95277,2,3,2,1,1
202300037755,6,11,2023,14:30,1,1,1,75,75116,2,4,2,1,1
202300037756,24,2,2023,14:25,1,1,3,95,95280,2,4,1,1,1
202300037756,24,2,2023,14:25,1,1,3,95,95280,2,4,2,1,1
202300037757,18,5,2023,12:33,1,1,2,21,21406,1,1,1,2,1
202300037758,25,2,2023,08:20,1,1,6,95,95427,2,3,2,1,1
202300037759,7,11,2023,13:45,1,1,1,75,75115,2,4,1,1,1
202300037759,7,11,2023,13:45,1,1,1,75,75115,2,4,1,2,1
202300037760,16,5,2023,18:15,1,1,3,62,62338,1,4,2,1,1
202300037761,7,11,2023,10:30,1,1,3,75,75114,2,4,1,1,1
202300037762,8,5,2023,23:30,3,2,7,35,35139,1,2,3,1,2
202300037763,24,2,2023,11:00,1,1,6,88,88383,2,3,2,1,1
202300037764,17,5,2023,22:00,3,1,6,25,25246,1,1,3,1,1
202300037765,6,11,2023,08:30,2,1,3,75,75114,2,4,1,1,2
202300037766,25,2,2023,14:00,1,1,1,85,85191,1,3,2,1,1
202300037767,19,5,2023,00:05,3,1,6,62,62031,1,3,2,1,1
202300037768,7,11,2023,12:05,1,1,6,75,75113,2,4,3,1,1
202300037768,7,11,2023,12:05,1,1,6,75,75113,2,4,2,1,1
202300037769,19,5,2023,15:00,1,1,1,54,54593,1,3,2,1,1
202300037770,25,2,2023,17:00,2,1,1,83,83137,1,3,2,1,1
202300037771,19,5,2023,00:30,3,1,7,22,22032,1,4,2,1,1
202300037772,7,11,2023,13:30,1,1,3,75,75111,2,4,1,1,1
202300037772,7,11,2023,13:30,1,1,3,75,75111,2,4,1,1,1
202300037773,24,2,2023,14:40,1,1,3,83,83126,2,4,1,1,1
202300037774,7,11,2023,16:55,2,1,3,75,75107,2,4,1,1,1
202300037774,7,11,2023,16:55,2,1,3,75,75107,2,4,-1,1,1
202300037775,25,2,2023,13:49,1,1,3,77,77372,2,3,2,1,1
202300037776,18,5,2023,16:02,1,1,1,77,77002,1,3,2,1,1
202300037776,18,5,2023,16:02,1,1,1,77,77002,1,3,2,1,1
202300037777,18,5,2023,22:00,3,1,6,57,57038,1,3,2,3,1
202300037778,7,11,2023,12:45,1,1,3,75,75107,2,4,2,1,1
202300037779,25,2,2023,10:32,1,1,3,77,77058,2,3,2,1,1
202300037779,25,2,2023,10:32,1,1,3,77,77058,2,3,2,1,1
202300037780,19,5,2023,12:35,1,1,1,57,57661,1,3,2,1,1
202300037780,19,5,2023,12:35,1,1,1,57,57661,1,3,2,1,1
202300037781,6,11,2023,17:10,1,2,3,75,75107,2,4,-1,1,2
202300037781,6,11,2023,17:10,1,2,3,75,75107,2,4,-1,1,2
202300037782,25,2,2023,15:20,1,1,2,76,76681,1,7,2,1,1
202300037782,25,2,2023,15:20,1,1,2,76,76681,1,7,3,1,1
202300037783,18,5,2023,11:00,1,1,2,51,51662,2,3,2,1,1
202300037783,18,5,2023,11:00,1,1,2,51,51662,2,3,2,1,1
202300037784,7,11,2023,12:40,1,1,3,75,75104,2,4,1,1,1
202300037784,7,11,2023,12:40,1,1,3,75,75104,2,4,2,1,1
202300037785,24,2,2023,20:30,5,1,3,74,74012,2,4,2,1,1
202300037785,24,2,2023,20:30,5,1,3,74,74012,2,4,2,1,1
202300037786,18,5,2023,17:40,1,1,6,19,19123,2,3,2,1,1
202300037787,7,11,2023,19:30,5,1,1,94,94044,2,3,2,1,1
202300037788,25,2,2023,13:20,1,1,6,72,72181,2,4,-1,1,1
202300037789,18,5,2023,13:00,1,7,3,67,67066,1,3,2,1,1
202300037790,7,11,2023,21:07,5,9,3,94,94041,2,3,2,1,1
202300037791,25,2,2023,15:40,1,8,3,69,69275,2,4,2,1,1
202300037791,25,2,2023,15:40,1,8,3,69,69275,2,4,2,1,1
202300037792,17,5,2023,10:00,1,1,6,76,76312,2,4,2,1,1
202300037793,7,11,2023,18:30,5,1,3,94,94022,2,3,1,1,1
202300037793,7,11,2023,18:30,5,1,3,94,94022,2,3,-1,1,1
202300037794,25,2,2023,01:50,5,1,3,69,69256,2,4,2,1,2
202300037794,25,2,2023,01:50,5,1,3,69,69256,2,4,2,1,2
202300037795,19,5,2023,13:00,1,2,1,2B,2B327,1,3,2,2,2
202300037796,25,2,2023,15:30,1,1,3,64,64189,2,3,2,1,1
202300037797,6,11,2023,11:45,1,1,3,94,94073,2,3,-1,1,1
202300037797,6,11,2023,11:45,1,1,3,94,94073,2,3,-1,1,1
202300037798,18,5,2023,16:00,1,8,3,65,65099,1,3,2,1,1
202300037799,18,5,2023,15:45,1,1,6,81,81128,1,3,2,2,1
202300037800,25,2,2023,16:05,1,1,3,64,64140,2,4,2,1,1
202300037801,6,11,2023,17:15,2,1,6,94,94028,2,4,1,1,1
202300037802,18,5,2023,20:00,1,1,6,71,71482,2,4,2,2,1
202300037803,7,11,2023,16:20,1,1,6,94,94017,2,3,2,1,1
202300037804,25,2,2023,15:20,1,1,3,59,59599,2,4,-1,1,1
202300037804,25,2,2023,15:20,1,1,3,59,59599,2,4,-1,1,1
202300037805,18,5,2023,23:40,3,1,6,61,61484,1,3,2,1,1
202300037806,7,11,2023,09:00,1,1,6,93,93051,2,4,2,1,1
202300037806,7,11,2023,09:00,1,1,6,93,93051,2,4,2,1,1
202300037807,22,2,2023,14:40,1,1,3,59,59178,2,3,2,1,1
202300037807,22,2,2023,14:40,1,1,3,59,59178,2,3,2,1,1
202300037808,19,5,2023,03:30,3,1,1,49,49176,1,4,2,1,1
202300037809,7,11,2023,17:30,5,1,3,93,93046,2,4,1,1,1
202300037809,7,11,2023,17:30,5,1,3,93,93046,2,4,1,1,1
202300037810,25,2,2023,03:24,3,1,6,56,56260,2,4,1,1,1
202300037811,18,5,2023,19:45,1,1,6,49,49214,2,4,2,2,1
202300037812,16,11,2023,08:20,2,3,6,93,93032,2,3,2,1,2
202300037812,16,11,2023,08:20,2,3,6,93,93032,2,3,2,1,2
202300037813,25,2,2023,21:15,5,1,3,54,54304,2,4,3,2,1
202300037813,25,2,2023,21:15,5,1,3,54,54304,2,4,2,1,1
202300037814,18,5,2023,15:45,1,1,1,42,42228,1,3,2,1,1
202300037814,18,5,2023,15:45,1,1,1,42,42228,1,3,2,2,1
202300037815,7,11,2023,13:12,1,1,3,93,93027,2,3,3,1,1
202300037816,25,2,2023,16:30,1,1,2,54,54547,2,4,3,1,1
202300037817,16,5,2023,13:15,1,1,6,34,34142,2,4,2,1,1
202300037818,26,2,2023,02:04,5,1,6,49,49007,2,4,1,1,1
202300037819,7,11,2023,19:30,5,1,3,93,93007,2,4,2,1,1
202300037819,7,11,2023,19:30,5,1,3,93,93007,2,4,1,1,1
202300037820,7,11,2023,18:00,2,1,6,93,93005,2,3,3,1,1
202300037821,18,5,2023,14:36,1,1,6,22,22203,1,3,-1,1,1
202300037822,24,2,2023,19:30,3,1,4,45,45338,1,3,3,1,1
202300037823,7,11,2023,16:15,1,1,3,93,93005,2,4,1,1,1
202300037823,7,11,2023,16:15,1,1,3,93,93005,2,4,2,1,1
202300037824,25,2,2023,18:45,1,1,6,44,44109,2,4,-1,1,1
202300037825,18,5,2023,19:30,1,1,2,25,25287,1,3,3,1,1
202300037826,25,2,2023,01:25,3,2,6,42,42044,1,7,2,2,2
202300037827,18,5,2023,14:25,1,1,3,44,44154,2,3,1,1,1
202300037828,7,11,2023,08:45,1,1,3,92,92076,2,4,2,1,1
202300037828,7,11,2023,08:45,1,1,3,92,92076,2,4,1,1,1
202300037829,24,2,2023,16:30,1,2,6,37,37122,2,4,2,1,2
202300037830,18,5,2023,14:45,1,1,6,29,29264,1,3,2,1,1
202300037831,7,11,2023,10:15,1,1,2,92,92051,2,4,2,1,1
202300037832,24,2,2023,16:50,1,2,7,37,37261,2,4,1,4,2
202300037833,18,5,2023,10:45,1,1,3,29,29235,2,4,2,2,1
202300037833,18,5,2023,10:45,1,1,3,29,29235,2,4,2,2,1
202300037834,25,2,2023,13:35,1,1,6,33,33249,2,4,3,1,1
202300037835,7,11,2023,16:00,1,1,3,92,92050,2,4,2,1,1
202300037835,7,11,2023,16:00,1,1,3,92,92050,2,4,2,1,1
202300037836,19,5,2023,13:40,1,1,6,01,01066,1,3,2,1,1
202300037837,7,11,2023,15:42,1,1,6,92,92036,2,3,2,1,1
202300037837,7,11,2023,15:42,1,1,6,92,92036,2,3,2,1,1
202300037838,25,2,2023,09:40,1,1,2,33,33167,2,4,2,1,1
202300037839,18,5,2023,15:48,1,1,7,54,54054,1,3,2,1,1
202300037840,25,2,2023,04:15,5,1,6,31,31555,1,1,4,1,1
202300037841,18,5,2023,18:05,1,1,7,06,06023,1,3,2,2,1
202300037842,7,11,2023,15:00,1,1,6,92,92036,2,3,2,1,1
202300037842,7,11,2023,15:00,1,1,6,92,92036,2,3,2,1,1
202300037843,25,2,2023,05:00,5,1,6,31,31483,2,3,2,1,1
202300037844,6,11,2023,04:26,3,1,6,92,92036,2,3,3,1,1
202300037845,19,5,2023,12:05,1,1,3,50,50162,1,3,2,1,1
202300037845,19,5,2023,12:05,1,1,3,50,50162,1,3,2,1,1
202300037846,24,2,2023,15:20,1,1,2,29,29232,1,3,2,2,1
202300037847,7,11,2023,18:25,5,1,6,92,92035,2,3,1,1,1
202300037847,7,11,2023,18:25,5,1,6,92,92035,2,3,2,1,1
202300037848,19,5,2023,12:00,1,1,7,50,50410,1,3,2,1,1
202300037849,12,2,2023,17:10,1,1,3,29,29019,2,4,1,1,1
202300037849,12,2,2023,17:10,1,1,3,29,29019,2,4,1,2,1
202300037850,6,11,2023,13:00,1,1,6,92,92026,2,3,1,1,1
202300037850,6,11,2023,13:00,1,1,6,92,92026,2,3,2,1,1
202300037851,17,5,2023,17:45,1,1,1,90,90090,1,4,2,2,1
202300037852,18,5,2023,22:10,3,1,6,64,64168,1,3,2,1,1
202300037853,25,2,2023,11:25,1,1,3,17,17300,2,4,2,1,1
202300037854,18,5,2023,10:35,1,2,7,43,43213,1,3,2,2,2
202300037855,7,11,2023,11:55,1,1,3,92,92014,2,3,2,1,1
202300037855,7,11,2023,11:55,1,1,3,92,92014,2,3,1,2,1
202300037856,25,2,2023,18:40,5,1,1,13,13208,2,4,1,1,1
202300037857,18,5,2023,19:45,1,1,6,28,28236,2,3,2,1,1
202300037858,25,2,2023,19:30,5,1,3,13,13211,2,4,2,1,1
202300037859,7,5,2023,21:20,3,2,1,37,37039,1,3,2,1,2
202300037860,24,2,2023,16:12,1,1,3,12,12013,2,3,2,2,1
202300037861,7,11,2023,17:20,2,8,2,35,35345,1,3,2,1,2
202300037862,18,5,2023,16:00,1,1,6,48,48069,1,3,2,2,1
202300037863,25,2,2023,05:30,5,1,3,06,06088,2,4,1,1,1
202300037864,18,5,2023,14:35,1,1,6,48,48166,1,3,2,2,1
202300037865,25,2,2023,11:50,1,8,3,06,06069,2,4,2,1,1
202300037866,7,11,2023,16:30,1,1,1,11,11132,1,3,2,1,1
202300037867,19,5,2023,20:00,1,1,6,88,88029,2,3,2,2,1
202300037868,17,5,2023,14:40,1,1,6,24,24534,1,4,2,2,1
202300037869,7,11,2023,18:35,3,1,2,23,23193,1,3,2,4,2
202300037870,24,2,2023,20:13,5,1,3,06,06029,2,4,1,4,1
202300037870,24,2,2023,20:13,5,1,3,06,06029,2,4,2,2,1
202300037871,11,2,2023,12:20,1,1,6,05,05061,2,2,2,1,1
202300037872,18,5,2023,22:40,3,1,3,37,37131,1,3,2,2,1
202300037872,18,5,2023,22:40,3,1,3,37,37131,1,3,2,1,1
202300037873,8,11,2023,12:47,1,1,5,54,54371,1,1,3,1,1
202300037874,16,2,2023,13:57,1,1,6,05,05061,2,4,-1,2,1
202300037875,18,5,2023,09:35,1,1,7,77,77435,1,1,3,1,1
202300037876,26,2,2023,03:30,5,1,2,75,75118,2,4,1,3,1
202300037877,31,10,2023,19:40,3,1,2,19,19248,1,1,3,1,1
202300037878,26,2,2023,15:14,1,1,6,75,75105,2,4,1,1,1
202300037878,26,2,2023,15:14,1,1,6,75,75105,2,4,-1,1,1
202300037879,5,11,2023,13:25,1,1,1,34,34270,2,3,2,1,1
202300037880,19,5,2023,10:15,1,8,1,63,63077,2,3,2,1,1
202300037881,26,2,2023,13:21,1,1,2,75,75106,2,4,2,1,1
202300037881,26,2,2023,13:21,1,1,2,75,75106,2,4,2,1,1
202300037882,6,11,2023,15:15,1,1,1,83,83026,1,3,2,1,1
202300037883,3,11,2023,09:45,1,1,6,51,51536,2,3,2,1,1
202300037884,19,5,2023,16:30,1,1,3,17,17086,1,2,2,1,1
202300037884,19,5,2023,16:30,1,1,3,17,17086,1,2,2,1,1
202300037885,24,2,2023,12:45,1,1,5,75,75116,2,4,2,1,1
202300037885,24,2,2023,12:45,1,1,5,75,75116,2,4,1,1,1
202300037886,2,11,2023,06:25,2,2,1,2A,2A130,1,2,2,2,2
202300037887,17,5,2023,18:20,1,1,3,86,86026,1,4,2,1,1
202300037887,17,5,2023,18:20,1,1,3,86,86026,1,4,2,1,1
202300037888,25,2,2023,22:17,5,1,3,75,75115,2,4,1,1,1
202300037888,25,2,2023,22:17,5,1,3,75,75115,2,4,1,1,1
202300037889,7,11,2023,22:15,3,2,6,2A,2A271,1,2,4,1,2
202300037890,18,5,2023,19:45,2,1,1,86,86049,1,3,2,1,1
202300037891,26,2,2023,11:45,1,1,3,75,75114,2,4,2,1,1
202300037891,26,2,2023,11:45,1,1,3,75,75114,2,4,1,1,1
202300037892,15,9,2023,15:50,1,1,5,55,55117,1,3,2,1,1
202300037893,26,2,2023,11:30,1,1,6,94,94022,2,4,1,1,1
202300037894,17,5,2023,20:10,1,1,6,33,33165,2,4,1,1,1
202300037895,6,11,2023,16:00,1,1,1,34,34150,1,3,2,2,1
202300037896,26,2,2023,16:25,1,1,3,93,93073,1,9,1,1,1
202300037897,7,11,2023,09:45,1,7,6,22,22194,2,4,2,1,1
202300037898,19,5,2023,13:45,1,1,1,85,85019,2,4,2,2,1
202300037898,19,5,2023,13:45,1,1,1,85,85019,2,4,2,-1,1
202300037899,26,2,2023,17:21,1,1,6,93,93072,2,4,1,1,1
202300037899,26,2,2023,17:21,1,1,6,93,93072,2,4,2,1,1
202300037900,26,2,2023,07:55,2,1,6,93,93048,2,3,2,1,1
202300037901,18,5,2023,14:15,1,1,6,14,14166,1,3,2,3,1
202300037901,18,5,2023,14:15,1,1,6,14,14166,1,3,2,1,1
202300037902,25,2,2023,12:05,1,1,3,92,92024,2,3,1,1,1
202300037903,8,11,2023,09:00,1,7,3,25,25605,1,2,2,1,1
202300037903,8,11,2023,09:00,1,7,3,25,25605,1,2,2,1,-1
202300037903,8,11,2023,09:00,1,7,3,25,25605,1,2,2,1,1
202300037904,26,2,2023,11:25,1,1,7,69,69136,1,3,2,1,1
202300037905,7,11,2023,12:00,1,1,2,29,29174,1,3,2,1,1