id_accident,jour,mois,annee,heure_minute,luminosite,meteo,type_collision,departement,commune,agglomeration,categorie_route,regime_circulation,profil_route,etat_surface
202300037906,26,2,2023,06:30,3,1,7,18,18117,1,3,2,4,1
202300037906,26,2,2023,06:30,3,1,7,18,18117,1,3,2,1,1
202300037907,17,5,2023,12:45,1,1,3,13,13001,1,1,1,1,1
202300037908,2,11,2023,17:33,2,2,3,16,16382,2,3,2,2,2
202300037908,2,11,2023,17:33,2,2,3,16,16382,2,3,2,2,2
202300037909,9,1,2023,13:18,1,1,4,972,97210,1,2,2,1,1
202300037910,17,5,2023,21:15,3,1,1,69,69027,1,1,2,1,1
202300037911,8,11,2023,15:35,1,1,3,07,07308,1,3,2,1,1
202300037912,27,2,2023,13:15,1,1,1,972,97218,1,2,2,2,1
202300037913,17,5,2023,20:20,1,1,4,94,94038,1,1,-1,1,1
202300037914,27,2,2023,06:15,1,1,4,972,97225,1,2,2,2,1
202300037915,28,10,2023,20:00,3,3,2,53,53175,1,3,2,2,2
202300037916,18,5,2023,14:30,1,1,3,93,93048,1,1,3,1,1
202300037917,7,11,2023,06:20,2,2,6,21,21652,2,3,2,1,2
202300037918,26,2,2023,03:45,3,1,7,83,83085,1,3,1,2,1
202300037919,18,5,2023,07:30,1,1,6,95,95277,1,1,1,3,1
202300037920,7,11,2023,14:40,1,3,1,24,24098,1,3,2,2,2
202300037921,20,2,2023,14:00,1,1,3,86,86165,2,3,1,1,1
202300037922,7,11,2023,16:40,1,7,6,04,04116,2,3,2,1,1
202300037922,7,11,2023,16:40,1,7,6,04,04116,2,3,2,2,1
202300037923,17,5,2023,18:50,1,1,4,95,95500,1,1,3,1,1
202300037924,27,2,2023,19:10,3,1,2,51,51090,1,3,2,1,1
202300037925,7,11,2023,17:40,1,8,6,85,85143,1,3,2,1,2
202300037926,27,2,2023,15:45,1,1,1,51,51333,1,3,2,3,1
202300037927,17,5,2023,14:55,1,1,4,92,92036,1,1,3,1,1
202300037928,3,11,2023,16:15,1,1,2,37,37050,2,4,2,2,1
202300037929,27,2,2023,09:22,1,6,5,77,77242,1,3,2,2,7
202300037929,27,2,2023,09:22,1,6,5,77,77242,1,3,2,1,1
202300037930,8,11,2023,16:30,2,7,3,30,30075,2,3,2,1,1
202300037931,10,4,2023,10:54,1,2,1,75,75110,2,4,2,1,2
202300037931,10,4,2023,10:54,1,2,1,75,75110,2,4,2,1,2
202300037932,17,5,2023,08:10,1,1,2,77,77294,1,1,3,1,1
202300037933,27,2,2023,11:50,1,1,1,2B,2B123,2,2,2,1,1
202300037934,1,10,2023,16:30,1,7,2,67,67205,1,1,1,1,1
202300037935,10,4,2023,18:40,1,1,6,75,75104,2,4,2,1,1
202300037935,10,4,2023,18:40,1,1,6,75,75104,2,4,2,1,1
202300037936,17,5,2023,13:00,1,1,6,976,97611,2,2,2,1,1
202300037937,7,11,2023,04:40,3,1,6,68,68300,1,1,1,1,2
202300037938,27,2,2023,16:15,1,3,1,2B,2B318,1,3,2,2,2
202300037939,10,4,2023,18:00,1,2,3,75,75104,2,4,-1,1,2
202300037939,10,4,2023,18:00,1,2,3,75,75104,2,4,2,1,2
202300037940,17,5,2023,07:30,1,1,6,974,97416,1,3,2,3,1
202300037941,8,11,2023,10:10,1,1,7,38,38013,1,3,1,2,1
202300037942,26,2,2023,16:30,1,1,7,63,63241,1,9,-1,1,9
202300037943,10,4,2023,10:35,1,2,3,75,75104,2,4,2,1,2
202300037944,17,5,2023,12:10,1,1,2,974,97411,2,4,1,2,1
202300037945,25,2,2023,12:00,1,1,6,34,34317,1,3,2,2,1
202300037946,17,5,2023,17:15,1,2,7,973,97302,2,3,1,1,2
202300037947,8,11,2023,17:20,2,2,6,95,95604,2,4,1,1,2
202300037948,10,4,2023,21:35,5,2,3,94,94081,2,3,1,1,2
202300037948,10,4,2023,21:35,5,2,3,94,94081,2,3,-1,1,2
202300037949,27,2,2023,13:50,1,1,3,68,68075,2,3,2,1,1
202300037949,27,2,2023,13:50,1,1,3,68,68075,2,3,2,2,1
202300037950,8,11,2023,07:30,1,1,3,38,38316,2,4,2,2,1
202300037951,13,5,2023,19:10,3,1,3,973,97302,2,4,2,1,1
202300037951,13,5,2023,19:10,3,1,3,973,97302,2,4,2,1,1
202300037952,9,4,2023,23:35,5,1,1,94,94041,2,3,1,1,1
202300037952,9,4,2023,23:35,5,1,1,94,94041,2,3,2,1,1
202300037953,27,2,2023,08:45,1,1,3,22,22079,1,3,2,1,1
202300037954,7,11,2023,16:35,1,1,7,988,98831,1,2,2,1,1
202300037955,18,5,2023,00:00,5,1,6,69,69383,2,4,1,1,1
202300037956,10,4,2023,16:00,1,1,2,94,94034,2,3,2,1,1
202300037957,17,5,2023,19:50,2,8,7,69,69387,2,4,2,1,1
202300037957,17,5,2023,19:50,2,8,7,69,69387,2,4,2,1,1
202300037958,29,10,2023,14:50,1,8,3,13,13088,1,3,3,1,1
202300037958,29,10,2023,14:50,1,8,3,13,13088,1,3,2,-1,-1
202300037959,17,2,2023,13:45,1,1,1,39,39252,1,3,2,1,1
202300037959,17,2,2023,13:45,1,1,1,39,39252,1,3,2,1,1
202300037960,9,4,2023,22:00,5,1,1,94,94079,2,3,2,1,1
202300037961,21,2,2023,22:43,3,1,7,44,44015,2,4,2,1,1
202300037962,6,11,2023,16:44,1,1,2,30,30155,2,3,2,1,1
202300037963,17,5,2023,17:55,1,1,3,69,69389,2,4,2,1,1
202300037963,17,5,2023,17:55,1,1,3,69,69389,2,4,2,1,1
202300037964,10,4,2023,19:00,2,3,3,93,93039,2,3,2,1,2
202300037964,10,4,2023,19:00,2,3,3,93,93039,2,3,2,1,2
202300037965,7,11,2023,16:28,1,1,5,34,34009,1,3,1,1,1
202300037965,7,11,2023,16:28,1,1,5,34,34009,1,3,2,1,1
202300037966,15,2,2023,14:12,1,1,5,29,29220,1,3,2,1,1
202300037967,17,5,2023,18:00,1,1,2,69,69389,2,4,1,1,1
202300037968,8,11,2023,07:55,1,7,6,83,83115,2,3,2,1,1
202300037969,10,4,2023,19:50,4,2,2,93,93048,2,4,1,1,2
202300037970,25,2,2023,23:50,5,1,7,38,38070,2,3,1,1,1
202300037971,17,5,2023,09:35,1,8,6,2B,2B033,2,2,2,1,1
202300037972,4,10,2023,16:15,1,1,3,13,13095,1,3,2,1,1
202300037973,27,2,2023,16:15,1,1,1,14,14326,1,3,2,1,1
202300037974,27,2,2023,10:05,1,4,6,64,64257,1,4,2,2,5
202300037975,16,5,2023,08:15,1,1,2,971,97113,2,2,-1,1,1
202300037976,7,11,2023,08:05,1,1,3,81,81105,1,4,2,1,1
202300037977,9,4,2023,23:15,5,1,2,93,93010,2,4,2,1,1
202300037978,10,4,2023,10:25,1,2,6,93,93005,1,3,1,1,2
202300037979,8,11,2023,18:30,3,3,1,85,85226,1,3,2,1,2
202300037979,8,11,2023,18:30,3,3,1,85,85226,1,3,2,1,2
202300037980,27,1,2023,07:56,1,9,4,43,43268,1,2,3,1,7
202300037981,17,5,2023,14:40,1,1,3,95,95585,2,4,2,1,1
202300037982,11,4,2023,15:30,1,3,3,50,50361,1,3,2,1,2
202300037982,11,4,2023,15:30,1,3,3,50,50361,1,3,2,1,2
202300037983,7,11,2023,18:05,3,2,1,44,44047,1,4,2,2,2
202300037984,26,2,2023,18:55,3,1,6,10,10112,2,3,2,2,1
202300037985,10,4,2023,17:30,1,1,1,24,24295,1,3,2,1,1
202300037986,17,5,2023,14:10,1,1,3,95,95014,1,3,2,1,1
202300037986,17,5,2023,14:10,1,1,3,95,95014,1,3,2,1,1
202300037987,27,2,2023,10:35,1,1,1,04,04176,2,3,2,2,2
202300037988,6,11,2023,17:00,2,2,4,27,27611,1,3,2,3,2
202300037988,6,11,2023,17:00,2,2,4,27,27611,1,3,2,1,2
202300037989,11,4,2023,14:25,1,8,1,44,44002,2,3,2,2,1
202300037990,25,2,2023,16:45,1,8,3,85,85128,1,6,-1,1,1
202300037991,8,11,2023,06:45,3,1,3,60,60395,2,3,2,2,1
202300037992,15,5,2023,18:30,1,1,3,95,95197,2,3,3,1,1
202300037993,10,4,2023,21:00,3,1,1,972,97231,2,4,2,2,1
202300037994,7,11,2023,18:50,3,2,7,80,80625,1,3,2,2,2
202300037995,26,2,2023,17:45,1,1,3,28,28176,1,3,2,1,1
202300037995,26,2,2023,17:45,1,1,3,28,28176,1,3,2,1,1
202300037996,11,4,2023,14:45,1,1,2,55,55400,1,1,3,1,1
202300037997,17,5,2023,09:56,1,1,1,91,91425,1,3,4,1,1
202300037997,17,5,2023,09:56,1,1,1,91,91425,1,3,1,1,1
202300037998,8,11,2023,08:40,1,1,6,59,59035,2,3,2,2,1
202300037999,26,2,2023,18:10,2,1,3,28,28147,1,3,2,1,1
202300037999,26,2,2023,18:10,2,1,3,28,28147,1,3,2,1,1
202300038000,7,11,2023,18:10,5,1,2,13,13202,2,1,1,1,1
202300038001,17,5,2023,21:10,5,1,7,91,91377,2,4,3,1,1
202300038002,27,2,2023,15:30,1,1,1,988,98811,2,2,2,-1,1
202300038002,27,2,2023,15:30,1,1,1,988,98811,2,2,2,1,1
202300038003,7,11,2023,09:00,1,1,2,13,13215,1,1,1,2,1
202300038004,10,4,2023,20:30,1,1,5,22,22389,1,2,3,1,1
202300038005,17,5,2023,07:50,1,1,2,91,91201,2,3,2,2,1
202300038006,7,11,2023,19:14,3,1,3,83,83090,1,1,3,1,1
202300038007,24,2,2023,22:30,3,1,1,67,67535,1,3,2,1,1
202300038008,17,5,2023,17:40,1,1,2,91,91479,2,4,2,1,1
202300038008,17,5,2023,17:40,1,1,2,91,91479,2,4,2,1,1
202300038009,11,4,2023,07:05,1,1,3,84,84071,1,3,2,1,1
202300038009,11,4,2023,07:05,1,1,3,84,84071,1,3,2,1,1
202300038010,26,2,2023,04:30,3,1,6,03,03286,1,2,1,2,1
202300038011,16,5,2023,18:30,1,1,7,91,91223,2,4,2,1,1
202300038012,7,11,2023,17:33,2,1,4,83,83090,1,1,3,1,1
202300038013,7,11,2023,13:53,1,1,6,83,83144,1,1,3,1,1
202300038014,11,4,2023,16:43,1,1,6,60,60176,2,4,2,1,1
202300038015,16,5,2023,13:30,1,1,3,91,91223,2,4,2,1,1
202300038016,25,2,2023,13:00,1,1,3,29,29124,2,3,1,1,1
202300038016,25,2,2023,13:00,1,1,3,29,29124,2,3,2,1,1
202300038017,11,4,2023,07:10,2,1,7,65,65156,1,2,2,1,1
202300038018,5,11,2023,03:50,3,1,1,69,69282,1,7,3,1,1
202300038019,16,5,2023,17:09,1,1,6,87,87085,2,4,4,2,1
202300038019,16,5,2023,17:09,1,1,6,87,87085,2,4,3,1,1
202300038020,27,2,2023,19:00,3,1,3,59,59228,1,3,2,1,1
202300038021,11,4,2023,14:50,1,1,2,12,12077,1,1,3,1,1
202300038022,28,10,2023,11:45,1,2,2,69,69266,1,7,3,1,2
202300038023,17,5,2023,07:10,1,1,3,85,85194,2,3,3,1,1
202300038024,24,2,2023,22:45,3,1,2,83,83027,1,1,1,1,1
202300038025,10,4,2023,14:20,1,2,6,37,37141,1,1,3,1,2
202300038026,30,10,2023,04:50,3,3,2,54,54304,1,1,3,1,2
202300038027,9,4,2023,06:26,2,5,6,57,57712,1,3,2,4,1
202300038028,16,5,2023,11:40,1,1,2,78,78481,2,3,2,1,1
202300038029,26,2,2023,19:05,1,1,2,33,33063,1,1,3,2,1
202300038030,11,10,2023,22:00,3,1,6,54,54265,1,1,1,2,1
202300038031,7,11,2023,07:55,5,2,7,33,33249,1,2,3,1,2
202300038032,26,2,2023,05:00,3,1,3,78,78029,1,1,-1,1,1
202300038033,26,4,2023,06:15,1,1,2,78,78217,2,4,2,1,1
202300038033,26,4,2023,06:15,1,1,2,78,78217,2,4,2,1,1
202300038034,10,4,2023,20:50,2,1,5,56,56057,1,3,2,1,1
202300038035,7,11,2023,07:25,5,2,3,33,33096,1,1,3,1,2
202300038036,26,2,2023,18:45,3,1,4,95,95241,1,2,3,1,1
202300038037,17,5,2023,09:00,1,1,1,77,77468,2,4,2,1,1
202300038037,17,5,2023,09:00,1,1,1,77,77468,2,4,2,1,1
202300038037,17,5,2023,09:00,1,1,1,77,77468,2,4,2,1,1
202300038038,9,4,2023,18:20,1,1,1,56,56078,1,3,2,3,1
202300038038,9,4,2023,18:20,1,1,1,56,56078,1,3,2,1,1
202300038039,26,2,2023,10:50,1,1,2,94,94033,1,1,3,1,1
202300038040,17,5,2023,19:20,1,1,2,76,76540,2,7,2,2,1
202300038041,11,4,2023,09:05,1,1,6,65,65389,2,3,2,1,1
202300038042,6,11,2023,15:05,1,1,5,33,33122,1,1,3,1,2
202300038043,28,3,2023,17:45,1,1,2,65,65235,2,3,2,1,1
202300038044,26,2,2023,05:15,5,1,2,94,94018,1,1,3,1,1
202300038045,17,5,2023,10:54,1,1,6,76,76351,2,4,1,1,1
202300038045,17,5,2023,10:54,1,1,6,76,76351,2,4,1,1,1
202300038046,5,11,2023,23:15,5,2,2,33,33249,1,1,3,2,2
202300038047,25,2,2023,21:10,5,1,4,75,75117,2,4,1,1,1
202300038048,9,4,2023,16:40,1,1,1,11,11217,1,3,2,1,1
202300038049,7,11,2023,17:05,1,1,5,91,91136,1,3,1,1,1
202300038050,8,4,2023,18:25,1,1,6,71,71463,1,3,2,2,1
202300038051,25,2,2023,16:35,1,8,6,75,75120,2,4,1,1,1
202300038051,25,2,2023,16:35,1,8,6,75,75120,2,4,2,4,1
202300038052,17,5,2023,14:45,1,1,5,72,72181,2,4,2,1,1
202300038053,7,11,2023,12:25,1,1,5,91,91339,1,2,3,1,1
202300038054,25,2,2023,20:10,5,1,3,75,75116,2,4,2,1,1
202300038054,25,2,2023,20:10,5,1,3,75,75116,2,4,1,1,1
202300038055,16,5,2023,08:27,1,1,6,72,72181,2,4,1,1,1
202300038056,8,4,2023,21:20,5,1,3,42,42288,2,3,2,1,1
202300038057,7,11,2023,20:00,5,1,6,78,78140,1,1,1,3,1
202300038058,25,2,2023,11:20,1,1,2,75,75116,2,4,2,1,1
202300038059,17,5,2023,16:15,1,1,6,69,69029,2,4,2,1,1
202300038060,6,11,2023,20:30,5,1,6,92,92064,1,1,-1,2,1
202300038061,10,4,2023,17:57,1,1,2,47,47138,1,3,2,1,1
202300038062,25,2,2023,09:40,1,1,3,75,75116,2,4,2,1,1
202300038063,17,5,2023,18:55,1,1,1,67,67482,2,4,-1,1,1
202300038063,17,5,2023,18:55,1,1,1,67,67482,2,4,2,1,1
202300038064,7,11,2023,19:00,3,1,5,95,95277,1,3,3,1,1
202300038065,10,4,2023,17:30,1,1,7,68,68215,2,3,2,1,1
202300038066,25,2,2023,11:55,1,1,6,75,75115,2,4,3,1,1
202300038066,25,2,2023,11:55,1,1,6,75,75115,2,4,2,1,1
202300038067,6,4,2023,15:30,1,1,6,39,39217,1,4,-1,1,1
202300038068,17,5,2023,17:50,1,1,6,67,67482,2,4,1,1,1
202300038068,17,5,2023,17:50,1,1,6,67,67482,2,4,1,1,1
202300038069,7,11,2023,17:30,3,1,5,93,93066,1,1,3,1,1
202300038070,25,2,2023,13:00,1,1,2,75,75114,2,4,3,1,1
202300038070,25,2,2023,13:00,1,1,2,75,75114,2,4,1,1,1
202300038071,17,5,2023,08:30,1,1,3,67,67482,2,4,1,1,1
202300038072,25,2,2023,08:30,1,1,6,75,75112,2,4,1,1,1
202300038072,25,2,2023,08:30,1,1,6,75,75112,2,4,1,1,1
202300038073,6,11,2023,18:45,2,1,3,95,95424,1,1,3,1,1
202300038074,9,4,2023,15:40,1,1,1,44,44029,2,3,2,1,1
202300038075,16,5,2023,15:35,1,8,3,67,67482,2,4,1,1,1
202300038076,25,2,2023,10:22,1,1,6,94,94081,2,4,1,1,1
202300038077,7,11,2023,07:00,2,1,3,92,92036,2,1,3,1,2
202300038078,17,5,2023,09:10,1,1,2,64,64189,2,3,-1,1,1
202300038079,9,4,2023,00:44,5,1,3,34,34154,2,3,4,1,1
202300038079,9,4,2023,00:44,5,1,3,34,34154,2,3,3,1,1
202300038080,25,2,2023,09:35,1,1,3,94,94076,2,3,3,2,1
202300038080,25,2,2023,09:35,1,1,3,94,94076,2,3,2,2,1
202300038081,7,11,2023,05:40,3,1,5,93,93078,1,1,3,1,1
202300038082,17,5,2023,13:25,1,1,2,61,61117,1,3,2,2,1
202300038083,8,4,2023,21:00,2,1,7,29,29158,1,3,2,1,1
202300038084,25,2,2023,02:45,5,1,6,94,94041,2,3,3,1,1
202300038085,6,11,2023,21:40,3,1,7,95,95678,1,2,3,2,1
202300038086,11,4,2023,17:00,1,1,7,31,31426,2,4,2,1,1
202300038087,17,5,2023,11:00,1,1,6,59,59599,2,7,-1,1,1
202300038088,6,11,2023,12:50,1,1,2,95,95028,1,2,3,1,1
202300038089,25,2,2023,18:50,5,1,5,94,94077,2,3,2,1,1
202300038090,10,4,2023,16:50,1,1,1,31,31585,1,3,2,1,1
202300038091,17,5,2023,14:30,1,1,3,59,59512,2,7,2,1,1
202300038091,17,5,2023,14:30,1,1,3,59,59512,2,7,2,1,1
202300038092,7,11,2023,18:10,3,1,2,77,77181,1,1,3,1,1
202300038093,4,4,2023,08:15,1,1,3,72,72048,1,3,2,1,1
202300038094,6,11,2023,18:00,4,2,5,94,94015,1,1,1,1,2
202300038095,25,2,2023,16:50,1,1,3,93,93048,2,3,2,1,1
202300038095,25,2,2023,16:50,1,1,3,93,93048,2,3,2,1,1
202300038096,11,4,2023,12:11,1,8,6,50,50484,2,3,2,1,1
202300038096,11,4,2023,12:11,1,8,6,50,50484,2,3,2,1,1
202300038097,16,5,2023,12:25,1,1,3,59,59527,2,7,2,1,1
202300038097,16,5,2023,12:25,1,1,3,59,59527,2,7,-1,1,1
202300038098,25,2,2023,18:35,5,1,3,92,92073,2,3,2,1,1
202300038099,13,7,2023,18:20,1,1,1,14,14654,1,3,2,2,1
202300038100,3,4,2023,09:00,1,3,3,09,09103,2,3,3,1,2
202300038100,3,4,2023,09:00,1,3,3,09,09103,2,3,2,1,2
202300038101,13,5,2023,17:30,1,1,6,57,57306,2,4,1,1,1
202300038102,25,2,2023,17:05,1,1,3,92,92064,2,3,4,1,1
202300038102,25,2,2023,17:05,1,1,3,92,92064,2,3,4,1,1
202300038103,25,6,2023,09:20,1,1,2,14,14480,1,2,2,1,1
202300038104,25,2,2023,08:30,1,1,6,974,97415,2,4,2,1,1
202300038105,16,5,2023,07:20,1,1,3,54,54403,2,4,-1,1,1
202300038105,16,5,2023,07:20,1,1,3,54,54403,2,4,2,1,1
202300038106,31,8,2023,18:10,1,1,6,50,50066,2,4,1,2,1
202300038107,10,4,2023,22:30,5,2,1,45,45234,1,4,2,1,2
202300038108,25,2,2023,18:50,2,1,3,17,17315,2,3,2,1,1
202300038108,25,2,2023,18:50,2,1,3,17,17315,2,3,2,1,1
202300038109,11,4,2023,17:45,1,1,7,64,64339,2,3,2,1,1
202300038110,16,8,2023,19:20,1,1,2,50,50147,2,4,2,1,1
202300038111,17,5,2023,16:21,1,1,6,54,54526,1,7,3,1,1
202300038112,21,2,2023,23:55,3,1,1,972,97210,1,2,3,2,1
202300038113,10,4,2023,16:25,1,1,7,43,43051,1,3,2,2,1
202300038114,24,2,2023,19:00,5,3,6,67,67460,2,3,2,1,2
202300038115,17,5,2023,12:15,1,1,6,54,54395,2,4,1,1,1
202300038115,17,5,2023,12:15,1,1,6,54,54395,2,4,1,1,1
202300038116,15,7,2023,23:40,4,1,2,27,27229,2,4,1,1,1
202300038117,9,4,2023,19:10,1,1,7,16,16065,1,3,2,2,1
202300038118,25,2,2023,11:30,1,1,5,35,35124,1,2,3,1,1
202300038119,16,5,2023,17:45,1,1,3,54,54526,2,4,2,1,1
202300038119,16,5,2023,17:45,1,1,3,54,54526,2,4,2,2,1
202300038120,11,4,2023,14:00,1,1,1,04,04018,1,3,2,1,1
202300038121,26,2,2023,05:50,5,1,7,51,51436,2,3,2,1,1
202300038121,26,2,2023,05:50,5,1,7,51,51436,2,3,2,1,1
202300038122,16,5,2023,10:30,1,1,4,50,50129,2,4,2,1,1
202300038123,17,5,2023,08:15,1,1,3,49,49328,2,3,2,1,1
202300038123,17,5,2023,08:15,1,1,3,49,49328,2,3,1,1,1
202300038124,25,2,2023,03:55,3,1,7,56,56221,1,4,2,2,1
202300038124,25,2,2023,03:55,3,1,7,56,56221,1,4,2,1,1
202300038125,2,4,2023,10:45,1,2,2,10,10045,1,1,1,1,2
202300038126,16,5,2023,18:45,1,1,3,49,49099,2,4,2,1,1
202300038126,16,5,2023,18:45,1,1,3,49,49099,2,4,-1,1,1
202300038127,9,4,2023,10:30,1,1,3,13,13069,2,3,-1,1,1
202300038128,16,5,2023,09:30,1,1,6,49,49099,2,4,2,1,1
202300038128,16,5,2023,09:30,1,1,6,49,49099,2,4,2,1,1
202300038129,25,2,2023,19:10,3,1,1,71,71137,1,3,2,1,1
202300038130,26,2,2023,05:30,3,1,7,61,61493,2,3,2,1,1
202300038131,17,5,2023,19:40,1,1,7,49,49353,2,4,2,1,1
202300038131,17,5,2023,19:40,1,1,7,49,49353,2,4,2,1,1
202300038132,11,4,2023,17:50,1,1,3,82,82087,1,3,2,2,1
202300038132,11,4,2023,17:50,1,1,3,82,82087,1,3,2,1,1
202300038133,26,2,2023,14:30,1,1,7,34,34300,1,3,2,1,1
202300038134,17,5,2023,10:41,1,1,3,49,49020,2,4,2,1,1
202300038134,17,5,2023,10:41,1,1,3,49,49020,2,4,2,1,1
202300038135,17,5,2023,09:55,1,1,3,49,49007,2,4,2,1,1
202300038136,26,2,2023,17:00,1,1,3,39,39373,1,4,2,2,1
202300038137,8,4,2023,15:10,1,1,4,34,34172,1,1,1,1,1
202300038138,17,5,2023,08:10,1,1,6,49,49353,2,4,2,1,1
202300038138,17,5,2023,08:10,1,1,6,49,49353,2,4,2,1,1
202300038139,26,2,2023,02:10,3,1,6,29,29150,2,3,2,1,1
202300038140,18,1,2023,15:50,1,2,6,29,29148,1,3,2,2,7
202300038141,11,4,2023,00:15,3,1,3,25,25349,1,3,2,1,1
202300038141,11,4,2023,00:15,3,1,3,25,25349,1,3,2,3,-1
202300038142,24,2,2023,20:00,3,1,1,29,29224,1,3,2,1,1
202300038143,8,4,2023,16:12,1,1,7,987,98733,2,2,2,1,1
202300038144,25,2,2023,22:50,3,1,7,15,15265,1,3,2,2,1
202300038145,10,4,2023,05:30,3,1,7,988,98814,1,4,2,1,1
202300038146,25,2,2023,23:00,3,1,6,58,58147,2,3,2,2,1
202300038147,26,2,2023,06:20,5,1,3,45,45148,2,3,2,1,1
202300038147,26,2,2023,06:20,5,1,3,45,45148,2,3,2,2,1
202300038148,11,4,2023,04:20,3,1,6,988,98827,1,2,2,1,1
202300038148,11,4,2023,04:20,3,1,6,988,98827,1,2,2,-1,1
202300038149,6,2,2023,19:50,3,1,2,64,64269,1,3,2,1,1
202300038150,25,2,2023,22:00,3,1,6,16,16419,1,3,2,3,1
202300038151,10,4,2023,19:10,3,1,6,971,97118,1,2,3,1,1
202300038152,25,2,2023,16:30,1,1,6,40,40161,1,3,1,1,1
202300038153,25,2,2023,02:45,3,2,7,85,85021,1,3,-1,1,2
202300038154,11,4,2023,07:15,1,1,3,971,97115,2,2,2,1,1
202300038154,11,4,2023,07:15,1,1,3,971,97115,2,2,2,1,1
202300038155,25,2,2023,03:45,3,1,6,85,85089,2,3,2,1,1
202300038156,10,4,2023,23:00,3,3,2,77,77277,1,3,2,1,3
202300038157,25,2,2023,16:00,1,1,7,30,30095,2,3,2,1,1
202300038158,25,2,2023,19:15,2,1,6,08,08086,1,3,2,1,1
202300038159,11,4,2023,10:20,1,1,2,2A,2A041,2,4,2,2,1
202300038160,26,2,2023,16:30,1,1,6,08,08092,1,3,2,1,1
202300038161,11,4,2023,09:15,1,1,6,66,66037,2,4,3,1,1
202300038162,24,2,2023,19:10,5,3,6,38,38193,2,3,2,1,2
202300038163,9,4,2023,14:45,1,1,1,84,84136,2,4,2,1,1
202300038164,24,2,2023,14:45,1,1,3,38,38485,2,7,1,2,1
202300038164,24,2,2023,14:45,1,1,3,38,38485,2,7,2,1,1
202300038165,10,4,2023,17:00,1,1,1,13,13073,1,3,2,1,1
202300038166,25,2,2023,16:00,1,1,7,21,21590,1,1,1,3,1
202300038167,7,4,2023,20:20,2,1,7,13,13097,1,2,1,1,1
202300038168,8,2,2023,09:50,1,1,6,45,45244,2,6,-1,1,1
202300038169,10,4,2023,19:10,1,1,1,13,13059,1,3,2,1,1
202300038170,11,2,2023,21:45,5,1,6,91,91546,2,4,2,1,1
202300038171,27,1,2023,11:40,1,1,3,83,83047,1,3,2,2,1
202300038172,9,4,2023,16:00,1,1,1,88,88196,2,3,2,1,1
202300038173,26,2,2023,05:15,5,1,6,83,83099,2,3,3,1,1
202300038174,18,2,2023,10:20,1,1,2,13,13100,2,3,2,1,1
202300038174,18,2,2023,10:20,1,1,2,13,13100,2,3,2,1,1
202300038175,11,4,2023,13:40,1,1,1,03,03298,1,3,2,1,1
202300038176,26,2,2023,13:00,1,6,6,03,03200,1,3,2,2,1
202300038177,9,4,2023,16:00,1,1,7,73,73123,1,3,-1,2,1
202300038178,26,2,2023,15:18,1,1,7,38,38215,2,4,-1,1,1
202300038178,26,2,2023,15:18,1,1,7,38,38215,2,4,2,1,1
202300038179,11,4,2023,17:50,1,1,6,01,01043,2,4,2,1,1
202300038180,25,2,2023,19:05,2,1,3,44,44209,2,3,2,1,1
202300038181,26,2,2023,01:15,3,1,6,38,38565,2,3,2,1,1
202300038182,4,9,2023,09:40,1,1,6,93,93050,2,4,2,1,1
202300038182,4,9,2023,09:40,1,1,6,93,93050,2,4,2,1,1
202300038183,7,4,2023,17:50,1,1,3,79,79049,1,3,2,1,1
202300038183,7,4,2023,17:50,1,1,3,79,79049,1,3,2,3,1
202300038184,3,9,2023,13:40,1,1,6,93,93049,2,4,1,1,1
202300038185,25,2,2023,18:30,1,1,3,69,69090,1,3,2,1,1
202300038185,25,2,2023,18:30,1,1,3,69,69090,1,3,2,1,1
202300038186,25,2,2023,08:30,1,2,6,22,22272,2,6,-1,1,2
202300038187,4,9,2023,19:30,1,1,3,93,93031,2,3,2,1,1
202300038188,24,2,2023,17:40,1,1,2,60,60619,1,2,2,3,1
202300038189,11,4,2023,15:45,1,1,2,40,40246,1,3,2,1,1
202300038189,11,4,2023,15:45,1,1,2,40,40246,1,3,-1,-1,-1
202300038190,2,9,2023,20:10,1,1,3,93,93014,2,4,1,1,1
202300038190,2,9,2023,20:10,1,1,3,93,93014,2,4,2,1,1
202300038191,25,2,2023,19:45,3,1,3,60,60045,1,3,2,1,1
202300038192,4,9,2023,13:00,1,1,3,92,92033,2,3,2,1,1
202300038193,10,4,2023,18:20,1,1,1,85,85035,2,4,2,1,1
202300038193,10,4,2023,18:20,1,1,1,85,85035,2,4,2,1,1
202300038194,26,2,2023,20:00,3,1,5,62,62714,1,2,2,1,1
202300038194,26,2,2023,20:00,3,1,5,62,62714,1,2,1,2,1
202300038195,4,9,2023,09:50,1,1,3,92,92063,2,4,1,1,1
202300038196,25,2,2023,03:50,3,1,6,59,59055,2,3,2,2,1
202300038197,10,2,2023,16:48,1,1,7,13,13056,1,1,1,1,1
202300038198,9,4,2023,17:30,1,1,3,72,72264,1,3,2,1,1
202300038199,4,9,2023,14:49,1,1,3,92,92026,2,3,-1,1,1
202300038199,4,9,2023,14:49,1,1,3,92,92026,2,3,-1,1,1
202300038200,25,2,2023,10:00,1,1,3,69,69115,1,1,3,1,1
202300038201,10,4,2023,20:00,2,2,6,35,35347,1,3,2,1,2
202300038202,4,9,2023,12:50,1,1,6,92,92012,2,3,2,1,1
202300038203,20,2,2023,09:15,1,1,4,69,69275,1,2,3,1,1