id_accident,jour,mois,annee,heure_minute,luminosite,meteo,type_collision,departement,commune,agglomeration,categorie_route,regime_circulation,profil_route,etat_surface
202300038204,4,9,2023,17:15,1,1,3,92,92014,2,3,1,1,1
202300038205,9,4,2023,22:20,3,1,6,974,97416,1,2,1,1,1
202300038206,24,2,2023,07:40,1,1,3,67,67447,1,7,3,1,1
202300038207,5,9,2023,07:48,2,7,2,60,60318,1,3,2,1,1
202300038208,9,4,2023,13:30,1,1,7,974,97416,1,2,3,2,1
202300038209,25,2,2023,20:30,3,1,2,33,33448,1,1,3,1,1
202300038210,4,9,2023,06:30,3,1,6,60,60590,1,3,2,1,1
202300038211,25,2,2023,02:52,3,1,2,91,91689,1,1,1,1,1
202300038212,3,9,2023,22:00,3,1,6,60,60609,1,4,2,1,1
202300038213,25,2,2023,01:45,3,1,7,91,91689,1,1,2,1,1
202300038214,10,8,2023,14:30,1,9,2,80,80047,1,3,2,1,1
202300038215,9,4,2023,13:15,1,1,3,974,97411,2,4,-1,1,1
202300038215,9,4,2023,13:15,1,1,3,974,97411,2,4,2,2,1
202300038216,5,9,2023,10:55,1,1,7,50,50117,1,3,2,1,1
202300038217,25,2,2023,19:00,3,1,2,78,78291,1,1,1,1,1
202300038218,1,9,2023,17:00,1,1,6,37,37010,1,4,2,2,1
202300038219,25,2,2023,00:55,3,1,2,92,92036,1,1,1,1,1
202300038220,9,4,2023,01:10,4,1,2,974,97411,2,2,1,1,1
202300038221,4,9,2023,07:50,1,1,6,54,54456,2,3,2,1,1
202300038222,3,9,2023,14:40,1,7,1,14,14656,1,3,2,2,1
202300038223,25,2,2023,04:40,3,1,6,95,95582,1,3,3,1,1
202300038224,9,4,2023,18:05,1,1,6,69,69388,2,4,2,1,1
202300038225,3,9,2023,12:20,1,1,6,2A,2A186,1,3,2,1,1
202300038226,4,9,2023,17:00,1,7,6,26,26294,1,3,2,2,1
202300038227,9,4,2023,16:45,1,1,3,69,69383,2,4,1,1,1
202300038228,9,4,2023,08:20,1,2,7,972,97209,1,3,1,2,2
202300038229,4,9,2023,18:35,1,1,3,66,66190,1,1,3,1,1
202300038230,9,4,2023,03:30,3,1,7,69,69384,2,4,2,1,1
202300038231,4,9,2023,04:10,5,1,2,66,66144,1,1,3,1,1
202300038232,8,4,2023,12:26,1,1,3,971,97120,2,3,3,1,1
202300038233,5,9,2023,02:00,3,1,2,11,11195,1,1,3,1,1
202300038234,9,4,2023,13:56,1,1,6,2A,2A004,2,4,2,2,1
202300038235,4,9,2023,16:40,1,1,5,31,31082,1,3,2,2,1
202300038235,4,9,2023,16:40,1,1,5,31,31082,1,3,2,1,1
202300038236,8,4,2023,23:20,5,1,7,91,91377,2,3,2,1,1
202300038236,8,4,2023,23:20,5,1,7,91,91377,2,3,2,1,1
202300038237,3,9,2023,20:55,5,1,6,01,01143,2,3,3,1,1
202300038238,9,4,2023,17:45,1,1,6,91,91657,2,4,2,1,1
202300038239,4,9,2023,18:50,1,9,1,67,67190,1,3,2,1,1
202300038240,9,4,2023,12:00,1,1,6,77,77131,2,6,-1,1,1
202300038241,5,9,2023,11:05,1,1,6,22,22206,1,2,3,2,1
202300038242,9,4,2023,11:45,1,1,3,77,77042,2,3,2,2,1
202300038242,9,4,2023,11:45,1,1,3,77,77042,2,3,2,1,1
202300038243,9,4,2023,12:25,1,1,6,76,76217,2,4,2,2,1
202300038244,3,9,2023,09:00,1,7,4,14,14061,1,3,2,3,1
202300038245,8,4,2023,16:23,1,1,3,74,74281,2,4,2,2,1
202300038245,8,4,2023,16:23,1,1,3,74,74281,2,4,1,4,1
202300038246,2,9,2023,22:00,5,1,3,74,74231,1,3,2,1,1
202300038246,2,9,2023,22:00,5,1,3,74,74231,1,3,2,2,1
202300038247,8,4,2023,17:50,1,1,1,74,74012,2,4,2,1,1
202300038247,8,4,2023,17:50,1,1,1,74,74012,2,4,1,1,1
202300038248,3,9,2023,16:43,1,1,7,59,59641,1,3,2,1,1
202300038249,3,9,2023,13:38,1,1,7,68,68315,1,3,2,1,1
202300038250,9,4,2023,18:55,1,1,7,72,72181,2,4,2,1,1
202300038251,3,9,2023,15:33,1,1,6,48,48002,1,1,3,2,1
202300038252,8,4,2023,17:30,1,1,6,71,71270,2,3,3,1,1
202300038253,8,4,2023,09:13,1,1,1,70,70550,2,2,-1,1,1
202300038254,4,9,2023,10:05,1,1,3,36,36150,1,3,2,1,1
202300038254,4,9,2023,10:05,1,1,3,36,36150,1,3,2,1,1
202300038255,4,9,2023,11:10,1,1,7,41,41171,1,3,2,1,1
202300038256,9,4,2023,22:30,5,1,3,69,69029,2,4,2,1,1
202300038256,9,4,2023,22:30,5,1,3,69,69029,2,4,2,1,1
202300038257,3,9,2023,16:30,1,1,7,30,30338,1,3,2,1,1
202300038258,9,4,2023,21:45,5,1,2,64,64102,2,4,2,1,1
202300038259,3,9,2023,19:10,2,1,7,62,62216,1,3,2,2,1
202300038260,5,9,2023,14:40,1,1,1,40,40246,1,3,2,1,1
202300038261,9,4,2023,18:20,1,1,1,64,64024,2,4,2,1,1
202300038262,3,9,2023,09:00,1,1,7,51,51139,1,3,2,1,1
202300038263,5,9,2023,07:00,2,1,2,51,51171,1,3,2,1,1
202300038264,8,4,2023,14:00,1,1,3,62,62617,2,4,2,1,1
202300038264,8,4,2023,14:00,1,1,3,62,62617,2,4,2,1,1
202300038265,9,4,2023,23:15,3,1,7,62,62479,1,3,2,1,1
202300038266,3,9,2023,14:00,1,1,3,19,19093,1,3,2,1,1
202300038267,4,9,2023,15:38,1,1,6,56,56159,1,3,2,1,1
202300038267,4,9,2023,15:38,1,1,6,56,56159,1,3,2,1,1
202300038268,4,4,2023,16:45,1,1,3,59,59328,2,4,2,1,1
202300038269,2,9,2023,12:00,1,1,1,56,56089,1,3,2,1,1
202300038270,8,4,2023,15:45,1,1,3,59,59220,1,6,-1,1,1
202300038271,4,9,2023,11:00,1,1,7,31,31150,2,3,3,1,1
202300038272,9,4,2023,04:17,5,5,6,59,59122,2,3,2,4,1
202300038273,5,9,2023,14:40,1,1,3,80,80639,2,2,2,1,1
202300038273,5,9,2023,14:40,1,1,3,80,80639,2,2,2,1,1
202300038274,9,4,2023,22:05,5,1,3,57,57660,2,3,2,3,1
202300038274,9,4,2023,22:05,5,1,3,57,57660,2,3,2,1,1
202300038275,9,4,2023,14:28,1,1,7,51,51454,2,4,2,1,1
202300038276,4,9,2023,17:15,1,1,3,80,80639,2,4,2,1,1
202300038277,8,4,2023,17:45,1,1,2,51,51454,2,4,1,1,1
202300038278,4,9,2023,14:15,1,1,7,65,65450,1,3,2,2,9
202300038279,4,9,2023,16:45,1,1,6,65,65258,1,3,2,1,1
202300038280,30,8,2023,10:30,1,1,6,81,81182,1,4,-1,3,1
202300038281,8,4,2023,13:55,1,1,2,50,50129,2,4,3,1,1
202300038281,8,4,2023,13:55,1,1,2,50,50129,2,4,1,3,1
202300038282,8,4,2023,12:50,1,1,3,50,50129,2,4,2,1,1
202300038283,9,4,2023,00:55,5,1,3,45,45285,2,4,3,1,1
202300038284,1,9,2023,19:55,2,1,3,71,71484,1,3,2,1,1
202300038284,1,9,2023,19:55,2,1,3,71,71484,1,3,2,1,1
202300038285,8,4,2023,17:00,1,1,6,43,43002,2,3,2,1,1
202300038286,3,9,2023,12:30,1,1,5,71,71346,2,3,2,4,1
202300038287,9,4,2023,15:45,1,1,6,37,37261,2,4,2,1,1
202300038288,9,4,2023,11:05,1,1,1,34,34301,2,3,2,1,1
202300038288,9,4,2023,11:05,1,1,1,34,34301,2,3,2,1,1
202300038289,3,9,2023,13:45,1,1,3,71,71535,1,3,2,1,1
202300038289,3,9,2023,13:45,1,1,3,71,71535,1,3,2,3,1
202300038290,8,4,2023,19:45,1,1,3,33,33529,1,4,2,1,1
202300038291,4,9,2023,20:00,2,1,6,61,61405,1,3,2,2,9
202300038292,9,4,2023,19:10,1,1,6,26,26064,2,4,-1,1,1
202300038292,9,4,2023,19:10,1,1,6,26,26064,2,4,2,1,1
202300038293,9,4,2023,14:29,1,1,6,17,17300,2,4,2,2,1
202300038294,10,12,2023,15:10,1,2,6,94,94073,1,3,1,1,2
202300038295,9,4,2023,05:53,3,1,7,17,17300,1,2,1,2,1
202300038296,3,9,2023,03:00,3,1,7,49,49002,1,3,2,1,1
202300038296,3,9,2023,03:00,3,1,7,49,49002,1,3,2,1,1
202300038297,11,12,2023,09:15,2,8,3,94,94075,2,4,1,2,1
202300038298,4,9,2023,14:45,1,1,6,49,49228,1,3,2,1,1
202300038299,10,4,2023,00:15,5,1,2,13,13215,2,4,2,2,1
202300038300,11,12,2023,13:23,1,1,2,93,93078,2,3,3,1,1
202300038300,11,12,2023,13:23,1,1,2,93,93078,2,3,3,1,1
202300038301,11,12,2023,09:10,1,2,1,93,93066,2,3,2,2,2
202300038302,9,4,2023,15:30,1,1,3,13,13212,2,1,1,1,1
202300038302,9,4,2023,15:30,1,1,3,13,13212,2,1,1,2,1
202300038303,5,9,2023,13:30,1,1,1,46,46271,1,3,2,1,1
202300038304,9,4,2023,03:55,5,1,6,13,13213,2,4,2,2,1
202300038305,11,12,2023,12:20,1,1,3,93,93051,2,3,3,1,1
202300038305,11,12,2023,12:20,1,1,3,93,93051,2,3,2,1,1
202300038306,3,9,2023,21:00,3,1,7,86,86180,1,3,2,1,1
202300038307,8,4,2023,21:30,5,1,2,13,13002,2,4,2,2,1
202300038308,28,8,2023,12:15,1,1,2,34,34332,1,3,1,1,1
202300038309,10,12,2023,16:45,3,2,1,93,93046,1,3,2,1,2
202300038310,9,4,2023,17:30,1,1,3,13,13005,2,4,2,1,1
202300038311,10,12,2023,20:20,5,2,1,92,92036,2,3,2,1,2
202300038311,10,12,2023,20:20,5,2,1,92,92036,2,3,2,1,2
202300038312,3,9,2023,14:45,1,7,1,68,68055,1,3,2,2,1
202300038313,9,4,2023,13:03,1,1,3,10,10387,2,4,2,1,1
202300038314,11,12,2023,16:45,2,1,6,92,92026,2,3,2,1,1
202300038315,9,4,2023,07:50,1,1,6,07,07316,1,3,3,1,1
202300038316,9,4,2023,17:25,1,1,2,75,75116,2,4,1,1,1
202300038317,10,12,2023,23:20,5,1,3,92,92025,2,3,2,1,2
202300038317,10,12,2023,23:20,5,1,3,92,92025,2,3,1,1,1
202300038318,3,9,2023,21:45,3,1,4,29,29146,1,3,2,1,1
202300038319,11,12,2023,18:20,5,1,3,92,92007,2,4,2,1,1
202300038320,7,4,2023,21:45,5,1,4,75,75119,2,4,1,1,1
202300038321,11,12,2023,13:10,1,1,3,92,92004,2,3,1,1,1
202300038322,2,9,2023,16:30,1,1,5,29,29175,1,3,2,2,1
202300038323,11,12,2023,16:00,1,1,3,92,92002,2,3,2,1,1
202300038323,11,12,2023,16:00,1,1,3,92,92002,2,3,2,1,1
202300038324,9,4,2023,11:10,1,1,3,75,75119,2,4,1,1,1
202300038325,2,9,2023,18:28,1,1,7,29,29035,1,3,2,1,1
202300038325,2,9,2023,18:28,1,1,7,29,29035,1,3,2,1,1
202300038326,11,12,2023,17:00,2,1,3,60,60254,1,3,2,1,2
202300038326,11,12,2023,17:00,2,1,3,60,60254,1,3,2,1,2
202300038327,9,4,2023,07:35,1,1,1,75,75119,2,4,1,1,1
202300038327,9,4,2023,07:35,1,1,1,75,75119,2,4,2,1,1
202300038328,25,11,2023,23:15,4,1,2,86,86290,2,3,2,1,1
202300038329,2,9,2023,22:30,4,1,6,29,29215,2,3,2,1,1
202300038330,9,4,2023,19:30,1,1,3,75,75118,2,4,1,1,1
202300038330,9,4,2023,19:30,1,1,3,75,75118,2,4,1,1,1
202300038331,9,12,2023,20:50,3,1,7,30,30060,1,4,2,1,1
202300038332,3,9,2023,08:40,2,1,7,31,31416,1,3,2,1,1
202300038333,9,12,2023,09:00,1,3,6,62,62080,2,4,2,1,2
202300038334,9,4,2023,16:35,1,1,3,75,75116,2,4,1,1,1
202300038335,11,12,2023,15:37,1,2,2,56,56066,1,3,2,1,2
202300038336,12,12,2023,08:40,3,2,6,56,56140,1,3,2,2,2
202300038337,9,4,2023,01:25,5,1,1,75,75112,2,4,2,1,1
202300038337,9,4,2023,01:25,5,1,1,75,75112,2,4,2,1,1
202300038338,3,9,2023,18:20,1,1,3,31,31584,1,3,2,1,1
202300038338,3,9,2023,18:20,1,1,3,31,31584,1,3,2,1,1
202300038339,11,12,2023,16:00,1,5,6,2A,2A040,1,2,2,2,2
202300038340,9,4,2023,14:05,1,1,3,94,94016,2,3,2,2,1
202300038341,8,12,2023,17:54,5,5,1,47,47203,1,3,2,1,2
202300038342,10,12,2023,13:20,1,7,7,39,39582,1,3,2,1,1
202300038343,9,4,2023,18:10,1,1,2,94,94041,2,3,2,1,1
202300038343,9,4,2023,18:10,1,1,2,94,94041,2,3,2,1,1
202300038344,4,9,2023,17:35,1,1,5,38,38284,1,3,2,2,1
202300038344,4,9,2023,17:35,1,1,5,38,38284,1,3,2,1,1
202300038345,10,12,2023,17:30,3,2,3,39,39574,1,3,2,1,2
202300038346,9,4,2023,18:00,1,1,6,94,94004,2,4,1,1,1
202300038347,4,9,2023,09:48,1,1,7,02,02067,2,3,2,2,1
202300038348,12,12,2023,08:00,5,8,6,35,35069,2,4,2,4,2
202300038348,12,12,2023,08:00,5,8,6,35,35069,2,4,2,1,2
202300038349,9,4,2023,15:15,1,1,3,93,93051,2,4,2,1,1
202300038349,9,4,2023,15:15,1,1,3,93,93051,2,4,3,1,1
202300038350,12,12,2023,09:18,1,2,6,02,02506,1,3,2,1,2
202300038351,21,8,2023,10:55,1,1,3,84,84133,2,3,2,1,1
202300038352,12,12,2023,07:55,2,8,7,03,03279,1,3,2,2,2
202300038353,8,4,2023,22:50,5,1,3,93,93005,2,4,2,1,1
202300038353,8,4,2023,22:50,5,1,3,93,93005,2,4,1,1,1
202300038354,4,9,2023,15:45,1,7,6,15,15185,1,3,2,2,1
202300038355,12,12,2023,20:30,3,2,3,15,15122,2,2,2,3,2
202300038355,12,12,2023,20:30,3,2,3,15,15122,2,2,-1,1,2
202300038356,9,4,2023,14:07,1,1,6,75,75114,2,4,1,1,1
202300038356,9,4,2023,14:07,1,1,6,75,75114,2,4,1,1,1
202300038357,3,9,2023,19:16,2,1,1,15,15267,1,4,2,1,1
202300038358,10,12,2023,19:20,3,2,6,85,85146,1,1,1,2,2
202300038359,9,4,2023,17:30,1,1,3,92,92050,2,3,2,1,1
202300038360,11,12,2023,15:25,1,2,6,72,72173,1,3,2,3,2
202300038361,4,9,2023,10:55,1,1,2,01,01274,2,3,2,1,1
202300038361,4,9,2023,10:55,1,1,2,01,01274,2,3,2,1,1
202300038362,9,4,2023,16:10,1,1,2,92,92025,2,3,1,1,1
202300038363,6,12,2023,19:00,3,2,1,64,64558,1,3,2,1,2
202300038364,5,9,2023,16:00,1,7,6,01,01057,1,3,2,2,1
202300038364,5,9,2023,16:00,1,7,6,01,01057,1,3,2,2,1
202300038365,9,4,2023,13:15,1,1,7,92,92002,2,3,1,1,1
202300038366,9,4,2023,17:57,1,1,6,71,71166,1,3,2,2,1
202300038367,11,12,2023,18:45,3,2,1,73,73058,1,3,2,2,2
202300038368,4,9,2023,17:00,1,1,7,72,72346,1,3,3,1,1
202300038369,11,12,2023,19:00,5,1,3,10,10323,2,3,2,1,2
202300038369,11,12,2023,19:00,5,1,3,10,10323,2,3,2,1,2
202300038370,8,4,2023,14:05,1,1,3,49,49381,2,3,2,1,1
202300038371,4,9,2023,23:00,3,1,6,14,14478,1,3,2,2,1
202300038372,11,12,2023,17:50,3,2,6,53,53147,2,4,2,2,2
202300038373,11,12,2023,20:35,3,1,7,30,30346,1,3,2,1,1
202300038374,8,4,2023,13:45,1,1,1,83,83033,1,3,2,1,1
202300038375,12,12,2023,06:09,3,1,3,24,24225,2,3,2,1,1
202300038376,3,9,2023,17:40,2,7,5,50,50463,2,3,2,2,1
202300038376,3,9,2023,17:40,2,7,5,50,50463,2,3,2,2,1
202300038377,10,4,2023,06:50,2,1,1,41,41278,1,2,2,1,1
202300038378,11,12,2023,17:00,2,3,5,01,01031,1,1,3,2,2
202300038379,4,9,2023,19:25,1,1,6,50,50118,1,4,2,1,1
202300038380,11,12,2023,04:55,3,2,6,95,95678,1,2,1,2,2
202300038381,9,4,2023,15:45,1,1,3,34,34217,2,7,2,1,1
202300038381,9,4,2023,15:45,1,1,3,34,34217,2,7,2,1,1
202300038382,9,4,2023,13:30,1,1,7,57,57162,2,7,2,1,1
202300038383,11,12,2023,12:00,1,1,2,13,13038,2,6,-1,1,1
202300038384,2,9,2023,16:45,1,1,3,83,83007,2,3,2,1,1
202300038384,2,9,2023,16:45,1,1,3,83,83007,2,3,2,1,1
202300038385,12,12,2023,10:35,1,1,3,11,11262,1,3,2,1,1
202300038385,12,12,2023,10:35,1,1,3,11,11262,1,3,1,1,1
202300038386,7,4,2023,16:16,1,1,7,56,56231,1,2,3,1,1
202300038387,2,9,2023,21:30,3,1,7,60,60536,1,3,2,1,1
202300038388,9,4,2023,18:40,1,1,1,65,65025,1,3,2,3,1
202300038389,11,12,2023,18:10,3,9,3,34,34202,1,3,2,1,1
202300038390,10,4,2023,00:20,3,1,7,65,65261,1,3,2,1,1
202300038391,3,9,2023,18:05,1,1,4,64,64320,1,3,2,1,1
202300038391,3,9,2023,18:05,1,1,4,64,64320,1,3,2,1,1
202300038392,9,12,2023,19:00,4,3,1,987,98747,1,2,2,2,2
202300038393,10,4,2023,16:00,1,1,1,55,55035,1,3,-1,2,1
202300038394,10,12,2023,08:00,1,1,6,988,98822,1,4,2,1,1
202300038395,10,4,2023,06:00,3,1,6,47,47289,1,3,2,1,1
202300038396,8,4,2023,23:15,5,1,7,68,68042,2,3,2,1,1
202300038397,11,12,2023,08:25,1,1,3,973,97305,1,2,2,1,1
202300038397,11,12,2023,08:25,1,1,3,973,97305,1,2,2,1,1
202300038398,4,9,2023,07:45,1,1,3,73,73247,1,3,2,1,1
202300038398,4,9,2023,07:45,1,1,3,73,73247,1,3,2,1,1
202300038399,8,12,2023,15:54,1,1,6,971,97124,1,4,2,2,1
202300038400,7,4,2023,12:45,1,4,1,39,39470,1,2,2,2,9
202300038401,9,12,2023,04:55,3,9,1,972,97224,1,2,2,2,2
202300038402,3,9,2023,14:55,1,1,1,18,18028,2,3,-1,1,1
202300038402,3,9,2023,14:55,1,1,1,18,18028,2,3,2,1,1
202300038403,8,4,2023,10:45,1,1,1,25,25532,1,3,2,2,1
202300038404,9,4,2023,03:32,3,1,6,29,29187,1,3,2,1,1
202300038404,9,4,2023,03:32,3,1,6,29,29187,1,3,2,1,1
202300038405,12,12,2023,07:20,3,2,7,45,45082,1,3,2,1,2
202300038406,3,9,2023,14:00,1,1,1,18,18195,1,3,2,1,1
202300038407,9,4,2023,11:44,1,1,3,29,29076,2,3,2,2,1
202300038407,9,4,2023,11:44,1,1,3,29,29076,2,3,2,1,1
202300038408,10,12,2023,03:50,3,1,1,2A,2A247,1,3,2,1,1
202300038409,3,9,2023,08:18,1,1,3,10,10323,2,4,2,1,1
202300038410,12,12,2023,19:00,3,1,7,66,66026,1,3,3,1,1
202300038411,9,4,2023,18:30,1,1,3,31,31079,2,3,2,2,1
202300038411,9,4,2023,18:30,1,1,3,31,31079,2,3,2,2,1
202300038412,4,9,2023,18:25,1,1,1,10,10165,1,3,2,1,1
202300038413,9,4,2023,18:00,1,1,6,26,26321,1,3,2,1,1
202300038414,3,9,2023,18:30,1,1,6,36,36169,1,3,2,1,1
202300038415,2,9,2023,19:40,2,1,1,07,07213,1,3,2,2,1
202300038416,11,12,2023,17:45,3,1,3,54,54463,1,3,2,1,2
202300038416,11,12,2023,17:45,3,1,3,54,54463,1,3,2,2,2
202300038417,9,4,2023,10:50,1,1,6,58,58303,2,3,2,1,1
202300038418,2,9,2023,04:15,5,1,6,07,07346,2,3,-1,1,1
202300038419,9,4,2023,21:25,3,1,1,58,58046,1,3,2,1,1
202300038420,10,12,2023,20:30,3,2,3,54,54557,1,3,1,1,2
202300038420,10,12,2023,20:30,3,2,3,54,54557,1,3,1,1,2
202300038421,10,4,2023,11:20,1,1,3,14,14371,1,4,2,1,1
202300038422,8,12,2023,20:50,3,2,6,42,42326,2,4,1,2,6
202300038423,9,4,2023,16:45,1,1,2,83,83082,1,3,2,1,1
202300038424,10,12,2023,18:15,3,2,1,26,26084,1,3,2,2,2
202300038425,1,9,2023,17:30,1,2,3,53,53104,2,3,1,1,2
202300038425,1,9,2023,17:30,1,2,3,53,53104,2,3,2,1,2
202300038426,12,12,2023,11:05,1,1,2,65,65059,2,4,2,1,1
202300038427,10,4,2023,12:10,1,1,6,73,73105,1,3,2,1,1
202300038428,12,12,2023,08:10,1,1,3,64,64067,2,4,2,1,1
202300038428,12,12,2023,08:10,1,1,3,64,64067,2,4,2,1,1
202300038429,9,4,2023,12:10,1,1,6,43,43037,1,4,-1,1,1
202300038430,4,9,2023,14:30,1,1,2,21,21393,1,3,2,1,1
202300038430,4,9,2023,14:30,1,1,2,21,21393,1,3,2,1,1
202300038431,12,12,2023,01:40,4,2,7,56,56178,1,4,2,3,2
202300038432,9,4,2023,18:25,1,1,7,07,07338,2,3,2,1,1
202300038432,9,4,2023,18:25,1,1,7,07,07338,2,3,2,1,1
202300038433,11,12,2023,13:45,1,1,3,27,27331,1,3,2,1,1
202300038433,11,12,2023,13:45,1,1,3,27,27331,1,3,2,1,1
202300038434,10,4,2023,17:30,1,1,3,53,53043,1,3,2,1,1
202300038435,3,9,2023,12:40,1,1,2,21,21035,1,3,2,4,1
202300038435,3,9,2023,12:40,1,1,2,21,21035,1,3,2,3,1
202300038436,9,4,2023,16:55,1,1,3,27,27558,1,3,2,1,1
202300038436,9,4,2023,16:55,1,1,3,27,27558,1,3,2,1,1
202300038437,10,12,2023,21:45,3,8,4,62,62654,1,1,3,3,1
202300038438,9,4,2023,22:20,3,1,6,28,28327,1,3,2,1,1
202300038439,4,9,2023,15:55,1,1,1,40,40228,2,3,2,1,1
202300038440,11,12,2023,08:30,1,1,2,91,91136,1,1,2,1,1
202300038441,10,12,2023,23:00,3,1,6,91,91471,1,2,2,1,2
202300038442,9,4,2023,16:15,1,1,6,37,37245,2,4,2,1,1
202300038442,9,4,2023,16:15,1,1,6,37,37245,2,4,2,1,1
202300038443,3,9,2023,06:30,2,1,7,40,40046,2,3,2,1,2
202300038444,16,3,2023,22:20,5,1,6,52,52550,2,3,2,1,1
202300038444,16,3,2023,22:20,5,1,6,52,52550,2,3,2,-1,-1
202300038445,11,12,2023,17:35,3,1,4,78,78362,1,1,3,2,1
202300038446,9,4,2023,20:00,1,1,7,08,08365,2,3,2,2,1
202300038447,11,12,2023,12:08,1,1,3,92,92050,1,1,1,2,1
202300038448,4,9,2023,19:46,1,1,7,04,04188,1,3,2,1,1
202300038449,9,4,2023,18:30,1,1,1,38,38339,1,3,2,2,1
202300038450,11,12,2023,17:20,3,1,4,95,95018,1,1,3,1,1
202300038451,4,9,2023,18:40,1,1,3,85,85095,1,3,2,1,1
202300038451,4,9,2023,18:40,1,1,3,85,85095,1,3,2,1,1
202300038452,11,12,2023,10:10,1,1,3,95,95018,1,1,3,1,2
202300038453,8,4,2023,21:45,3,1,7,988,98815,1,4,2,1,1
202300038454,11,12,2023,09:30,1,1,6,95,95018,1,1,3,1,2
202300038455,4,9,2023,21:40,3,1,2,85,85131,1,4,2,1,1
202300038456,11,12,2023,04:05,3,1,6,95,95154,1,1,3,1,1
202300038457,10,4,2023,09:30,1,1,6,988,98809,2,4,2,1,1
202300038457,10,4,2023,09:30,1,1,6,988,98809,2,4,2,-1,1
202300038458,4,9,2023,12:15,1,1,3,27,27467,2,4,2,1,1
202300038459,11,12,2023,01:25,3,1,6,93,93039,1,1,3,1,2
202300038460,9,4,2023,06:00,1,1,1,971,97129,1,2,2,2,1
202300038461,11,12,2023,15:50,1,1,6,94,94042,1,1,1,1,1
202300038462,10,4,2023,05:30,3,1,6,37,37171,1,3,2,1,1
202300038463,11,12,2023,09:15,1,1,5,94,94017,1,1,-1,1,1
202300038464,4,9,2023,06:45,2,1,1,27,27524,2,4,2,1,1
202300038465,7,7,2023,03:30,3,1,2,28,28092,1,1,3,1,1
202300038466,10,4,2023,15:25,1,1,1,34,34154,1,3,2,1,1
202300038467,3,9,2023,18:20,2,1,7,17,17257,1,3,2,1,1
202300038468,30,9,2023,04:50,5,1,7,987,98735,2,4,-1,1,1
202300038468,30,9,2023,04:50,5,1,7,987,98735,2,4,-1,1,1
202300038469,9,4,2023,09:45,2,1,3,08,08328,2,4,2,1,1
202300038470,3,9,2023,22:30,3,1,7,23,23047,1,3,2,2,1
202300038471,10,12,2023,10:44,1,1,1,976,97611,2,3,2,1,1
202300038472,4,9,2023,16:20,1,1,6,30,30165,1,3,2,1,1
202300038473,10,4,2023,10:30,1,1,6,54,54430,2,3,2,2,1
202300038473,10,4,2023,10:30,1,1,6,54,54430,2,3,1,2,1
202300038474,10,12,2023,14:20,1,2,3,974,97411,2,4,-1,1,2
202300038474,10,12,2023,14:20,1,2,3,974,97411,2,4,1,1,2
202300038475,9,4,2023,16:00,1,1,6,33,33369,1,3,2,2,1
202300038476,11,12,2023,03:25,3,1,6,974,97407,2,2,2,1,1
202300038477,3,9,2023,19:32,2,1,1,88,88361,1,3,2,2,1
202300038478,7,4,2023,18:45,1,1,6,33,33402,2,6,-1,1,1
202300038479,8,12,2023,17:10,1,1,6,69,69388,2,4,2,1,1
202300038480,4,9,2023,16:00,1,1,7,88,88468,2,4,2,1,1
202300038481,9,4,2023,06:40,3,1,7,44,44204,2,4,2,1,1
202300038482,9,12,2023,18:00,1,1,6,69,69383,2,4,1,1,1
202300038482,9,12,2023,18:00,1,1,6,69,69383,2,4,1,1,1
202300038483,5,9,2023,06:18,2,1,6,88,88530,1,3,2,1,1
202300038484,10,12,2023,02:07,5,1,2,972,97213,1,1,2,1,1
202300038485,10,4,2023,14:30,1,1,7,02,02544,2,3,2,1,1
202300038486,10,12,2023,04:30,5,1,6,69,69386,2,4,1,2,2
202300038487,3,9,2023,19:00,4,1,1,973,97307,1,3,2,3,1
202300038488,10,12,2023,19:10,3,1,7,2B,2B033,2,4,2,2,1
202300038489,9,4,2023,19:25,2,1,3,02,02472,1,3,2,1,1
202300038490,10,12,2023,07:10,3,1,6,91,91421,1,3,3,1,1
202300038491,10,4,2023,19:15,1,2,6,80,80032,1,3,2,1,2
202300038492,10,12,2023,11:20,1,8,6,91,91479,2,4,3,1,2
202300038493,3,9,2023,12:40,1,1,3,69,69244,2,7,2,1,1
202300038494,9,12,2023,11:58,1,2,3,84,84087,2,4,3,1,2
202300038494,9,12,2023,11:58,1,2,3,84,84087,2,4,-1,1,2
202300038495,4,4,2023,14:45,1,8,2,13,13216,1,1,-1,1,1
202300038496,8,4,2023,17:55,1,1,3,83,83090,1,1,3,1,1
202300038497,10,12,2023,15:02,1,1,3,84,84035,2,4,1,1,1
202300038497,10,12,2023,15:02,1,1,3,84,84035,2,4,2,1,1
202300038498,3,9,2023,17:40,1,1,2,89,89037,1,3,2,1,1
202300038499,9,12,2023,17:00,2,8,1,83,83061,1,3,-1,2,1
202300038500,4,4,2023,19:00,1,1,5,69,69259,1,7,3,1,1
202300038501,4,9,2023,13:30,1,1,6,69,69157,1,2,2,1,1
202300038502,10,12,2023,05:40,3,2,6,76,76545,1,3,2,1,2
202300038503,10,12,2023,08:30,1,7,6,69,69290,2,4,2,1,1
202300038503,10,12,2023,08:30,1,7,6,69,69290,2,4,1,1,1
202300038504,9,4,2023,13:55,1,1,5,91,91161,1,1,3,1,1
202300038505,2,9,2023,07:20,1,1,2,11,11144,1,1,3,1,1
202300038506,10,12,2023,14:45,1,1,3,67,67482,2,4,2,1,1
202300038506,10,12,2023,14:45,1,1,3,67,67482,2,4,2,1,1
202300038507,10,12,2023,14:20,1,1,1,67,67482,2,4,2,1,1