id_accident,jour,mois,annee,heure_minute,luminosite,meteo,type_collision,departement,commune,agglomeration,categorie_route,regime_circulation,profil_route,etat_surface
202300038508,4,9,2023,11:57,1,1,6,83,83116,1,1,3,2,1
202300038509,9,4,2023,15:15,1,1,4,94,94034,1,1,3,4,1
202300038510,10,12,2023,09:40,1,1,3,67,67482,2,4,2,1,1
202300038510,10,12,2023,09:40,1,1,3,67,67482,2,4,2,1,1
202300038511,9,4,2023,14:50,1,1,2,94,94038,1,1,1,1,1
202300038512,10,12,2023,06:40,3,1,6,63,63224,1,3,3,1,2
202300038513,3,9,2023,02:00,3,1,2,83,83089,1,1,3,1,1
202300038514,10,12,2023,18:00,5,2,3,60,60057,2,9,-1,1,2
202300038515,10,12,2023,14:15,1,2,7,46,46042,1,3,2,1,2
202300038516,2,9,2023,02:10,3,1,5,84,84081,1,1,3,1,1
202300038517,9,4,2023,12:50,1,1,4,91,91161,1,1,1,1,1
202300038518,18,6,2023,15:00,1,1,6,987,98725,2,2,2,1,1
202300038519,10,12,2023,17:40,3,2,4,46,46042,1,3,2,1,2
202300038520,10,12,2023,07:45,5,1,6,45,45234,2,4,-1,1,1
202300038521,3,9,2023,12:45,1,1,1,973,97306,1,2,-1,1,1
202300038522,24,10,2023,08:20,1,2,6,42,42305,2,7,2,1,2
202300038523,2,9,2023,20:00,3,1,2,973,97304,1,2,2,1,1
202300038523,2,9,2023,20:00,3,1,2,973,97304,1,2,1,1,1
202300038524,10,12,2023,15:00,1,1,3,38,38421,2,4,2,1,1
202300038524,10,12,2023,15:00,1,1,3,38,38421,2,4,-1,1,1
202300038525,3,9,2023,21:00,5,1,3,971,97119,1,2,2,1,1
202300038526,10,12,2023,14:35,1,1,6,38,38185,2,4,2,1,1
202300038527,3,9,2023,14:05,1,1,6,971,97118,1,2,3,1,1
202300038528,10,12,2023,01:45,5,2,6,37,37122,2,4,3,1,2
202300038529,3,9,2023,11:00,1,1,3,971,97115,1,2,2,1,1
202300038530,10,12,2023,20:30,3,1,6,35,35051,1,2,3,1,2
202300038531,10,12,2023,00:18,5,1,7,34,34172,2,4,2,1,1
202300038532,3,9,2023,19:30,3,1,5,971,97114,1,2,2,1,1
202300038533,4,9,2023,22:25,5,1,6,45,45155,2,3,-1,1,1
202300038534,10,12,2023,22:48,5,2,1,33,33281,2,4,2,1,2
202300038535,3,9,2023,02:00,5,1,6,45,45049,2,3,2,1,1
202300038536,9,12,2023,15:50,1,3,7,33,33039,2,4,2,2,2
202300038537,5,9,2023,08:25,1,1,3,77,77380,1,3,2,1,1
202300038537,5,9,2023,08:25,1,1,3,77,77380,1,3,2,2,1
202300038538,10,12,2023,18:00,3,2,2,29,29051,2,4,1,1,2
202300038539,4,9,2023,14:50,1,1,7,77,77244,1,3,2,2,1
202300038540,9,12,2023,10:04,1,3,6,29,29039,2,6,-1,1,2
202300038541,3,9,2023,11:50,1,1,3,91,91461,1,3,2,2,1
202300038542,9,12,2023,14:10,1,2,3,25,25031,2,3,2,1,2
202300038543,4,9,2023,14:15,1,1,3,91,91661,2,3,2,2,1
202300038544,3,9,2023,17:55,1,1,6,78,78089,2,3,2,1,1
202300038544,3,9,2023,17:55,1,1,6,78,78089,2,3,1,1,1
202300038545,9,12,2023,18:00,5,1,3,22,22278,2,4,-1,1,1
202300038545,9,12,2023,18:00,5,1,3,22,22278,2,4,2,1,1
202300038546,9,12,2023,22:25,4,1,7,22,22113,2,4,-1,2,1
202300038547,2,9,2023,00:00,3,1,6,78,78068,1,1,3,1,1
202300038548,10,12,2023,02:26,5,1,6,18,18033,2,4,-1,1,1
202300038549,5,9,2023,11:15,1,1,4,2B,2B248,1,2,2,1,1
202300038550,10,12,2023,15:39,1,1,3,13,13203,2,4,1,1,1
202300038551,3,9,2023,18:30,1,1,6,83,83107,1,4,2,1,1
202300038552,10,12,2023,15:20,1,1,1,13,13215,2,4,2,3,1
202300038553,3,9,2023,16:00,1,1,7,83,83080,1,3,2,2,1
202300038554,10,12,2023,10:40,1,1,1,13,13203,2,4,2,2,2
202300038555,5,9,2023,10:00,1,1,3,13,13035,2,4,1,1,1
202300038556,9,12,2023,10:45,1,1,6,13,13075,2,4,2,2,1
202300038557,10,12,2023,15:00,1,1,2,13,13028,2,4,2,1,1
202300038558,3,9,2023,00:15,3,1,3,25,25043,1,3,-1,1,-1
202300038558,3,9,2023,00:15,3,1,3,25,25043,1,3,2,1,1
202300038559,9,12,2023,16:45,1,8,6,07,07281,1,3,2,2,1
202300038560,4,12,2023,09:40,1,2,6,02,02168,2,4,2,1,2
202300038561,4,9,2023,14:50,1,7,2,71,71557,1,3,2,1,1
202300038561,4,9,2023,14:50,1,7,2,71,71557,1,3,2,1,1
202300038562,9,12,2023,14:15,1,2,6,75,75117,2,4,1,1,2
202300038563,3,9,2023,10:00,1,1,3,71,71339,1,3,2,1,1
202300038564,8,12,2023,02:10,5,8,6,75,75115,2,4,2,2,2
202300038564,8,12,2023,02:10,5,8,6,75,75115,2,4,2,2,2
202300038565,5,9,2023,07:32,1,1,3,10,10006,2,3,2,2,1
202300038565,5,9,2023,07:32,1,1,3,10,10006,2,3,2,1,1
202300038566,10,12,2023,11:13,1,1,3,75,75105,2,4,2,1,1
202300038566,10,12,2023,11:13,1,1,3,75,75105,2,4,2,1,1
202300038567,10,12,2023,02:50,5,1,3,75,75106,2,4,2,1,1
202300038567,10,12,2023,02:50,5,1,3,75,75106,2,4,-1,1,1
202300038568,3,9,2023,21:45,5,1,3,88,88086,2,3,2,1,1
202300038568,3,9,2023,21:45,5,1,3,88,88086,2,3,2,2,1
202300038569,10,12,2023,05:05,5,1,3,75,75118,2,4,2,1,1
202300038569,10,12,2023,05:05,5,1,3,75,75118,2,4,2,1,1
202300038570,3,9,2023,17:00,1,1,3,54,54057,1,3,2,1,1
202300038570,3,9,2023,17:00,1,1,3,54,54057,1,3,2,2,1
202300038571,10,12,2023,20:00,5,1,3,75,75115,2,4,3,1,2
202300038571,10,12,2023,20:00,5,1,3,75,75115,2,4,2,1,2
202300038572,2,9,2023,16:22,1,1,6,57,57274,1,3,2,2,1
202300038573,10,12,2023,18:00,5,2,6,75,75112,2,4,1,1,2
202300038574,5,9,2023,11:35,1,1,1,01,01249,2,4,2,1,1
202300038574,5,9,2023,11:35,1,1,1,01,01249,2,4,2,1,1
202300038575,10,12,2023,05:40,5,1,6,75,75112,2,4,-1,2,1
202300038576,5,9,2023,11:53,1,1,3,69,69160,1,3,2,1,1
202300038577,10,12,2023,17:07,5,2,6,75,75112,2,4,2,1,2
202300038577,10,12,2023,17:07,5,2,6,75,75112,2,4,1,1,2
202300038578,3,9,2023,15:30,1,1,3,69,69140,1,3,2,2,1
202300038578,3,9,2023,15:30,1,1,3,69,69140,1,3,2,1,1
202300038579,10,12,2023,13:15,1,2,3,75,75109,2,4,1,1,2
202300038579,10,12,2023,13:15,1,2,3,75,75109,2,4,1,1,2
202300038580,31,8,2023,19:45,1,1,3,69,69207,2,7,2,1,1
202300038581,10,12,2023,20:00,5,2,6,75,75108,2,4,2,1,2
202300038581,10,12,2023,20:00,5,2,6,75,75108,2,4,1,1,2
202300038582,10,12,2023,14:20,1,2,7,75,75107,2,4,1,1,2
202300038583,3,9,2023,20:15,2,1,7,17,17102,1,3,2,1,1
202300038584,10,12,2023,18:04,5,3,6,75,75103,2,4,1,1,2
202300038584,10,12,2023,18:04,5,3,6,75,75103,2,4,1,1,2
202300038585,3,9,2023,15:15,1,1,1,17,17064,1,3,2,1,1
202300038586,2,9,2023,21:00,1,1,6,85,85019,1,3,2,2,1
202300038587,10,12,2023,10:55,1,1,3,75,75104,2,4,2,1,1
202300038587,10,12,2023,10:55,1,1,3,75,75104,2,4,1,1,1
202300038588,1,9,2023,19:40,1,2,1,85,85019,1,3,2,3,2
202300038589,9,12,2023,10:30,1,2,6,94,94058,2,3,2,1,2
202300038590,3,9,2023,17:15,1,1,5,44,44052,1,3,2,1,1
202300038591,10,12,2023,17:19,5,3,6,94,94019,2,3,2,1,2
202300038592,1,9,2023,23:35,5,1,3,56,56152,2,3,2,1,1
202300038592,1,9,2023,23:35,5,1,3,56,56152,2,3,2,1,1
202300038593,5,9,2023,12:20,1,1,6,60,60239,2,4,2,2,1
202300038594,10,12,2023,05:30,5,2,3,93,93066,2,3,3,1,2
202300038595,3,9,2023,18:00,1,1,6,60,60088,1,4,2,3,1
202300038596,4,9,2023,14:20,1,1,3,62,62014,2,3,2,1,1
202300038596,4,9,2023,14:20,1,1,3,62,62014,2,3,2,1,1
202300038597,9,12,2023,22:00,5,1,6,93,93046,2,3,2,1,1
202300038597,9,12,2023,22:00,5,1,6,93,93046,2,3,1,1,1
202300038598,5,9,2023,07:55,1,1,6,59,59036,2,2,2,2,1
202300038599,10,12,2023,13:55,1,2,3,93,93079,2,3,2,2,2
202300038599,10,12,2023,13:55,1,2,3,93,93079,2,3,2,2,2
202300038600,2,9,2023,15:50,1,1,3,59,59505,2,3,-1,1,1
202300038600,2,9,2023,15:50,1,1,3,59,59505,2,3,-1,1,1
202300038601,10,12,2023,11:50,1,1,3,92,92062,2,3,1,1,2
202300038602,3,9,2023,15:00,1,1,2,33,33249,1,1,3,1,1
202300038603,2,9,2023,21:50,5,2,6,33,33550,1,1,3,2,2
202300038604,10,12,2023,00:32,5,1,3,92,92026,2,3,2,1,1
202300038605,4,9,2023,18:14,1,1,2,91,91136,1,1,-1,1,1
202300038606,9,12,2023,09:50,1,1,6,73,73085,2,3,2,2,2
202300038607,4,9,2023,10:30,1,1,4,91,91521,1,2,3,1,1
202300038608,9,12,2023,17:25,1,2,3,33,33169,1,3,-1,1,2
202300038608,9,12,2023,17:25,1,2,3,33,33169,1,3,2,1,2
202300038609,4,9,2023,09:31,1,1,2,94,94037,1,1,-1,1,1
202300038610,4,9,2023,07:10,1,1,3,94,94021,1,1,3,1,1
202300038611,10,12,2023,20:29,3,1,6,06,06044,2,3,2,2,2
202300038612,4,9,2023,05:00,3,1,2,94,94018,1,1,3,1,1
202300038613,11,12,2023,18:15,3,2,3,36,36013,1,3,2,1,2
202300038613,11,12,2023,18:15,3,2,3,36,36013,1,3,2,1,2
202300038614,2,9,2023,00:25,3,1,7,77,77438,1,1,3,2,1
202300038615,9,12,2023,20:30,3,2,6,57,57011,1,3,2,1,2
202300038616,24,2,2023,20:00,5,1,2,93,93050,2,3,2,1,1
202300038616,24,2,2023,20:00,5,1,2,93,93050,2,3,2,1,1
202300038617,10,12,2023,13:45,1,1,6,974,97412,1,4,2,1,1
202300038618,2,9,2023,14:30,1,1,6,974,97416,1,4,2,2,1
202300038619,11,12,2023,18:00,5,2,6,86,86070,2,3,2,1,2
202300038620,31,8,2023,20:15,1,2,3,60,60414,1,3,2,2,2
202300038621,9,12,2023,06:15,3,2,7,29,29245,1,2,1,1,2
202300038622,20,1,2023,15:25,1,1,2,14,14453,1,3,-1,1,1
202300038623,10,12,2023,10:55,1,2,3,38,38105,1,3,2,1,2
202300038624,3,9,2023,16:35,1,1,6,976,97611,2,3,-1,2,1
202300038625,11,12,2023,07:25,2,1,1,30,30338,1,3,2,1,1
202300038626,10,12,2023,06:05,3,1,6,22,22180,1,3,2,1,1
202300038627,2,9,2023,15:45,1,1,4,974,97416,1,2,3,2,1
202300038628,8,12,2023,11:00,1,7,7,22,22240,1,3,2,1,8
202300038629,3,9,2023,10:20,1,1,2,973,97302,2,3,2,1,1
202300038630,10,12,2023,19:00,3,2,2,62,62825,1,3,2,2,2
202300038631,2,9,2023,23:10,5,1,1,973,97302,2,4,3,1,1
202300038631,2,9,2023,23:10,5,1,1,973,97302,2,4,2,1,1
202300038632,10,12,2023,18:07,3,1,1,30,30047,2,4,2,1,1
202300038632,10,12,2023,18:07,3,1,1,30,30047,2,4,2,1,1
202300038633,2,9,2023,19:22,5,1,3,971,97101,2,3,2,1,1
202300038633,2,9,2023,19:22,5,1,3,971,97101,2,3,2,1,1
202300038634,10,12,2023,18:25,3,3,1,51,51655,1,3,2,1,2
202300038635,1,9,2023,09:35,1,1,2,971,97105,2,2,2,1,1
202300038636,3,9,2023,16:35,1,1,3,95,95280,2,4,1,1,1
202300038636,3,9,2023,16:35,1,1,3,95,95280,2,4,2,1,1
202300038637,9,12,2023,12:15,1,3,4,56,56185,1,2,3,1,2
202300038638,4,9,2023,01:20,5,1,3,81,81163,2,3,2,1,1
202300038638,4,9,2023,01:20,5,1,3,81,81163,2,3,1,1,1
202300038639,3,9,2023,19:30,1,1,7,74,74118,1,3,2,2,1
202300038640,7,12,2023,18:55,3,1,1,80,80341,1,3,2,1,1
202300038641,11,12,2023,07:03,5,8,6,82,82013,2,3,-1,1,2
202300038642,3,9,2023,19:15,1,1,1,69,69199,2,7,1,1,1
202300038642,3,9,2023,19:15,1,1,1,69,69199,2,7,2,1,1
202300038643,11,12,2023,13:30,1,8,3,82,82190,2,3,2,1,1
202300038643,11,12,2023,13:30,1,8,3,82,82190,2,3,1,1,1
202300038643,11,12,2023,13:30,1,8,3,82,82190,2,3,2,1,1
202300038644,3,9,2023,19:10,1,1,6,64,64237,1,3,2,4,1
202300038645,10,12,2023,19:25,3,1,6,82,82144,1,3,2,1,2
202300038646,11,12,2023,12:10,1,1,6,11,11359,1,3,2,1,1
202300038647,2,9,2023,01:30,3,1,5,63,63224,2,3,3,1,1
202300038648,10,12,2023,14:15,1,1,6,71,71380,1,3,2,1,1
202300038649,2,9,2023,17:40,1,1,3,63,63113,2,7,-1,1,2
202300038649,2,9,2023,17:40,1,1,3,63,63113,2,7,-1,1,2
202300038650,8,12,2023,17:30,5,8,6,61,61483,2,4,2,1,2
202300038651,3,9,2023,05:35,4,1,1,62,62350,1,3,3,1,1
202300038652,10,12,2023,05:20,3,1,1,49,49002,1,3,2,1,2
202300038653,11,12,2023,12:42,1,3,6,46,46165,1,3,2,4,2
202300038654,2,9,2023,16:05,1,1,5,59,59512,2,4,1,1,1
202300038654,2,9,2023,16:05,1,1,5,59,59512,2,4,1,1,1
202300038655,11,12,2023,19:15,3,1,1,68,68078,1,3,2,1,1
202300038656,10,12,2023,22:50,3,3,7,25,25356,1,3,2,1,2
202300038657,3,9,2023,11:20,1,1,3,54,54339,1,4,1,1,1
202300038657,3,9,2023,11:20,1,1,3,54,54339,1,4,1,2,2
202300038658,3,9,2023,13:00,1,1,6,45,45004,2,3,2,1,1
202300038659,10,12,2023,05:30,2,8,6,25,25227,1,3,2,1,1
202300038660,3,9,2023,01:35,3,1,6,42,42223,1,7,3,2,1
202300038661,10,12,2023,17:50,3,2,6,29,29162,1,3,2,2,2
202300038662,4,9,2023,00:20,5,2,6,38,38185,2,4,-1,1,2
202300038663,8,12,2023,17:00,2,8,6,29,29081,1,3,2,1,2
202300038664,10,12,2023,16:05,1,2,6,03,03225,1,3,2,1,2
202300038665,3,9,2023,15:20,1,1,6,37,37261,2,4,2,1,1
202300038666,10,12,2023,09:30,1,9,6,15,15235,1,3,2,2,7
202300038667,3,9,2023,18:10,1,1,6,35,35238,2,4,4,1,1
202300038668,3,9,2023,07:30,2,8,3,33,33009,2,3,2,1,2
202300038668,3,9,2023,07:30,2,8,3,33,33009,2,3,1,1,2
202300038669,10,12,2023,18:00,3,2,5,01,01329,1,3,2,1,2
202300038670,3,9,2023,13:05,1,1,3,28,28134,2,4,2,1,1
202300038671,7,12,2023,12:00,1,1,1,05,05011,1,3,2,1,1
202300038672,3,12,2023,21:30,3,2,7,85,85172,1,3,2,1,2
202300038673,3,9,2023,11:48,1,1,3,27,27681,2,4,-1,1,1
202300038673,3,9,2023,11:48,1,1,3,27,27681,2,4,2,2,1
202300038674,2,9,2023,11:45,1,1,3,21,21054,2,3,3,1,1
202300038674,2,9,2023,11:45,1,1,3,21,21054,2,3,2,1,1
202300038675,9,12,2023,18:30,3,2,3,37,37249,1,3,2,1,2
202300038675,9,12,2023,18:30,3,2,3,37,37249,1,3,2,1,2
202300038676,3,9,2023,15:12,1,1,3,17,17333,2,3,2,1,1
202300038676,3,9,2023,15:12,1,1,3,17,17333,2,3,2,1,1
202300038677,10,12,2023,15:30,1,1,7,30,30062,1,3,-1,2,6
202300038678,3,9,2023,05:00,5,1,6,13,13211,2,4,2,1,1
202300038679,11,12,2023,18:57,5,1,3,95,95394,2,3,2,3,2
202300038680,3,9,2023,00:25,5,1,1,13,13210,2,4,2,4,1
202300038681,11,12,2023,08:30,1,1,3,06,06088,1,1,3,2,1
202300038682,2,9,2023,08:55,1,1,6,13,13004,2,4,1,2,1
202300038683,2,9,2023,23:50,4,1,6,07,07070,2,3,2,1,1
202300038684,11,12,2023,18:25,3,1,2,02,02809,1,1,2,1,1
202300038685,2,9,2023,14:15,1,1,6,07,07281,1,3,2,2,1
202300038686,8,12,2023,07:15,2,4,6,38,38173,1,4,2,2,5
202300038687,11,12,2023,10:15,1,5,1,975,97502,2,4,2,1,2
202300038687,11,12,2023,10:15,1,5,1,975,97502,2,4,2,1,2
202300038688,2,9,2023,20:10,2,1,3,06,06069,2,4,2,4,1
202300038688,2,9,2023,20:10,2,1,3,06,06069,2,4,2,1,1
202300038689,10,12,2023,16:30,1,1,1,988,98823,1,4,2,1,1
202300038689,10,12,2023,16:30,1,1,1,988,98823,1,4,2,-1,1
202300038690,3,9,2023,20:55,5,1,2,06,06004,1,3,2,1,1
202300038691,10,12,2023,11:45,1,1,1,988,98817,1,3,2,2,1
202300038692,8,12,2023,18:45,5,2,1,77,77448,1,3,3,1,2
202300038693,2,9,2023,21:50,5,1,2,05,05061,2,2,1,1,1
202300038694,10,12,2023,11:10,1,8,1,95,95348,1,4,2,2,2
202300038695,11,12,2023,08:30,1,1,3,2A,2A041,1,3,2,1,2
202300038695,11,12,2023,08:30,1,1,3,2A,2A041,1,3,2,-1,-1
202300038696,2,9,2023,09:35,1,1,3,01,01053,2,3,4,1,1
202300038696,2,9,2023,09:35,1,1,3,01,01053,2,3,1,1,1
202300038697,11,12,2023,08:45,1,1,7,34,34009,1,3,2,1,1
202300038698,10,12,2023,11:30,1,1,5,06,06092,1,3,2,1,2
202300038699,10,12,2023,21:30,5,8,3,13,13027,2,4,-1,1,1
202300038699,10,12,2023,21:30,5,8,3,13,13027,2,4,2,1,1
202300038700,12,1,2023,12:38,1,8,6,18,18033,2,4,2,1,3
202300038700,12,1,2023,12:38,1,8,6,18,18033,2,4,2,1,3
202300038701,14,1,2023,19:00,5,1,1,13,13054,2,4,2,1,1
202300038702,10,12,2023,00:25,3,3,6,73,73069,1,3,2,1,2
202300038702,10,12,2023,00:25,3,3,6,73,73069,1,3,2,1,2
202300038703,14,1,2023,18:20,5,1,2,13,13202,2,4,1,1,1
202300038704,14,1,2023,04:45,5,1,7,13,13209,2,3,2,1,1
202300038705,11,12,2023,20:30,5,1,3,65,65059,2,4,2,1,1
202300038706,14,1,2023,15:45,1,1,2,13,13211,2,4,2,1,1
202300038707,14,1,2023,14:00,1,1,3,13,13215,2,4,4,1,1
202300038708,27,11,2023,14:14,1,2,3,86,86078,2,3,2,1,2
202300038708,27,11,2023,14:14,1,2,3,86,86078,2,3,-1,1,2
202300038709,13,1,2023,12:10,1,1,2,13,13047,2,4,-1,1,1
202300038710,14,1,2023,21:30,5,1,3,11,11069,2,6,-1,1,1
202300038711,10,12,2023,07:30,3,2,6,29,29042,1,3,2,2,2
202300038712,14,1,2023,18:39,5,2,2,10,10357,2,3,2,1,2
202300038713,8,12,2023,15:10,1,1,2,13,13211,1,1,-1,1,1
202300038714,14,1,2023,18:13,5,2,1,10,10387,2,4,2,1,2
202300038714,14,1,2023,18:13,5,2,1,10,10387,2,4,2,1,2
202300038714,14,1,2023,18:13,5,2,1,10,10387,2,4,2,1,2
202300038715,9,12,2023,21:25,3,2,2,13,13071,1,1,1,2,2
202300038716,14,1,2023,04:23,5,1,6,09,09122,2,3,2,2,1
202300038717,14,1,2023,22:40,5,1,3,06,06088,2,4,2,1,1
202300038717,14,1,2023,22:40,5,1,3,06,06088,2,4,1,1,1
202300038718,8,12,2023,19:40,3,2,2,13,13210,1,1,1,1,2
202300038719,14,1,2023,23:30,5,1,3,06,06088,2,4,1,1,1
202300038720,14,1,2023,19:40,5,1,1,06,06029,2,4,2,1,1
202300038720,14,1,2023,19:40,5,1,1,06,06029,2,4,2,1,1
202300038721,8,12,2023,23:55,3,1,2,13,13117,1,1,1,1,1
202300038722,14,1,2023,19:34,5,1,3,06,06004,2,4,1,2,1
202300038723,10,12,2023,10:00,1,2,6,33,33063,1,1,1,1,2
202300038724,14,1,2023,06:20,2,1,6,75,75118,2,4,-1,1,2
202300038724,14,1,2023,06:20,2,1,6,75,75118,2,4,1,1,2
202300038725,13,1,2023,20:00,5,1,2,75,75116,2,4,1,1,1
202300038726,13,1,2023,09:20,1,1,5,75,75119,2,4,-1,1,1
202300038727,9,12,2023,19:50,3,8,2,95,95678,1,2,3,1,2
202300038728,14,1,2023,14:23,1,2,6,75,75120,2,4,1,2,2
202300038728,14,1,2023,14:23,1,2,6,75,75120,2,4,1,2,2
202300038729,14,1,2023,19:50,5,2,6,75,75117,2,4,1,1,2
202300038730,14,1,2023,18:30,5,2,3,75,75117,2,4,2,1,2
202300038731,14,1,2023,02:45,5,2,6,75,75117,2,4,1,1,2
202300038731,14,1,2023,02:45,5,2,6,75,75117,2,4,1,1,2
202300038732,14,1,2023,10:40,1,8,3,75,75113,2,4,2,2,2
202300038732,14,1,2023,10:40,1,8,3,75,75113,2,4,2,2,2
202300038733,14,1,2023,01:41,5,2,3,75,75113,2,4,2,1,2
202300038734,13,1,2023,22:40,5,1,3,75,75111,2,4,2,1,1
202300038734,13,1,2023,22:40,5,1,3,75,75111,2,4,1,2,1
202300038735,14,1,2023,19:00,5,2,3,75,75110,2,4,1,2,2
202300038735,14,1,2023,19:00,5,2,3,75,75110,2,4,2,1,2
202300038736,14,1,2023,14:02,1,2,6,75,75108,2,4,1,1,2
202300038736,14,1,2023,14:02,1,2,6,75,75108,2,4,2,2,2
202300038737,14,1,2023,15:08,1,2,6,94,94068,2,4,2,1,2
202300038738,14,1,2023,18:27,5,2,6,94,94043,2,3,3,2,2
202300038738,14,1,2023,18:27,5,2,6,94,94043,2,3,2,1,2
202300038739,14,1,2023,17:00,5,2,6,94,94041,2,4,2,1,2
202300038740,14,1,2023,21:10,5,2,3,94,94077,2,3,3,1,2
202300038740,14,1,2023,21:10,5,2,3,94,94077,2,3,3,1,2
202300038741,6,10,2023,19:00,2,1,6,2B,2B286,1,3,2,1,1
202300038742,14,1,2023,20:27,3,2,6,94,94041,2,3,1,1,2
202300038742,14,1,2023,20:27,3,2,6,94,94041,2,3,-1,1,2
202300038743,2,10,2023,15:46,1,1,6,82,82094,1,4,2,2,1
202300038744,14,1,2023,06:15,5,2,3,94,94017,2,3,3,2,2
202300038745,1,10,2023,15:00,1,1,6,33,33424,1,3,2,1,1
202300038746,14,1,2023,14:30,1,2,4,94,94071,2,3,2,1,2
202300038746,14,1,2023,14:30,1,2,4,94,94071,2,3,2,1,2
202300038747,6,10,2023,13:30,1,1,1,33,33252,2,3,2,1,1
202300038748,6,10,2023,16:30,1,1,6,81,81108,1,3,2,2,1
202300038749,14,1,2023,11:20,1,2,6,94,94075,1,2,3,1,8
202300038749,14,1,2023,11:20,1,2,6,94,94075,1,2,3,1,8
202300038750,14,1,2023,19:10,4,2,6,93,93064,2,6,-1,2,2
202300038751,6,10,2023,05:30,5,1,1,55,55398,1,2,3,2,1
202300038752,14,1,2023,18:00,5,2,6,93,93014,2,3,2,1,2
202300038752,14,1,2023,18:00,5,2,6,93,93014,2,3,2,1,2
202300038753,5,10,2023,16:45,1,1,1,12,12188,1,3,2,2,1
202300038754,13,1,2023,22:30,5,8,6,93,93008,2,4,1,1,1
202300038755,5,10,2023,07:10,3,1,2,41,41044,2,3,2,4,1
202300038756,14,1,2023,16:30,1,2,3,93,93007,2,4,1,1,2
202300038756,14,1,2023,16:30,1,2,3,93,93007,2,4,2,1,2
202300038757,5,10,2023,17:52,1,1,4,68,68258,1,3,3,1,1
202300038758,14,1,2023,15:36,1,2,3,92,92073,2,4,2,1,2
202300038759,14,1,2023,11:55,1,2,6,92,92050,2,3,2,1,2
202300038759,14,1,2023,11:55,1,2,6,92,92050,2,3,1,1,2
202300038760,6,10,2023,07:15,2,1,3,44,44154,1,3,2,1,1
202300038760,6,10,2023,07:15,2,1,3,44,44154,1,3,3,1,1
202300038761,14,1,2023,21:49,5,3,6,92,92049,2,3,2,1,2
202300038762,5,10,2023,16:30,1,1,7,29,29163,1,4,2,1,1
202300038763,13,1,2023,22:50,5,2,3,92,92025,2,3,3,1,2
202300038764,6,10,2023,10:50,1,1,3,31,31396,1,3,2,2,1
202300038765,14,1,2023,11:05,1,1,6,12,12096,2,3,2,1,1
202300038766,5,10,2023,13:50,1,1,6,31,31232,2,3,2,2,1
202300038767,15,1,2023,00:39,3,2,2,22,22020,1,2,3,1,2
202300038768,2,10,2023,03:25,3,1,1,31,31341,1,3,2,1,1
202300038769,15,1,2023,14:20,1,1,7,68,68122,1,3,2,2,2
202300038770,15,1,2023,00:15,3,1,6,30,30315,1,2,3,2,1
202300038771,3,10,2023,19:15,1,1,3,31,31490,2,7,-1,1,1
202300038772,14,1,2023,05:55,3,2,6,57,57599,2,3,2,1,2
202300038773,14,1,2023,15:30,1,2,1,56,56240,2,4,2,1,2
202300038774,6,10,2023,09:40,2,5,5,38,38314,1,3,2,1,1
202300038775,15,1,2023,16:08,1,1,3,77,77137,2,2,2,1,1
202300038775,15,1,2023,16:08,1,1,3,77,77137,2,2,2,1,1
202300038776,5,10,2023,09:15,1,7,2,01,01305,1,3,2,1,1
202300038777,15,1,2023,08:45,1,1,6,80,80318,2,3,2,1,1
202300038778,1,10,2023,10:45,1,1,4,66,66149,1,2,2,1,1
202300038779,15,1,2023,12:00,1,2,3,63,63415,1,3,2,1,2
202300038779,15,1,2023,12:00,1,2,3,63,63415,1,3,2,1,2
202300038780,5,10,2023,17:45,1,1,1,66,66009,1,3,2,2,1
202300038781,5,10,2023,21:40,4,1,7,72,72078,1,3,2,1,1
202300038782,14,1,2023,17:05,1,2,1,12,12215,1,3,2,1,2
202300038782,14,1,2023,17:05,1,2,1,12,12215,1,3,2,1,2
202300038783,6,10,2023,14:45,1,1,2,50,50443,1,3,2,1,1
202300038784,13,1,2023,11:30,1,2,7,12,12254,1,3,2,1,2
202300038785,6,10,2023,14:00,1,1,1,64,64519,2,4,2,1,1
202300038785,6,10,2023,14:00,1,1,1,64,64519,2,4,2,1,1
202300038786,5,10,2023,13:15,1,1,6,36,36088,1,3,2,2,1
202300038787,15,1,2023,17:00,2,1,1,42,42150,1,3,2,1,1
202300038787,15,1,2023,17:00,2,1,1,42,42150,1,3,2,1,1
202300038788,6,10,2023,14:00,1,1,6,16,16216,1,2,3,1,1
202300038789,13,1,2023,13:39,1,1,3,86,86293,1,2,3,2,1
202300038789,13,1,2023,13:39,1,1,3,86,86293,1,2,2,1,1
202300038790,6,10,2023,08:05,1,1,3,21,21212,2,3,2,2,1
202300038790,6,10,2023,08:05,1,1,3,21,21212,2,3,2,1,1
202300038791,15,1,2023,08:10,2,2,7,68,68138,1,3,2,1,2
202300038792,6,10,2023,07:15,3,1,6,21,21317,2,3,2,2,1
202300038793,15,1,2023,11:45,1,2,7,29,29122,2,4,2,2,2
202300038794,14,1,2023,17:15,1,1,6,31,31231,1,3,2,1,1
202300038795,1,10,2023,14:45,1,1,6,85,85210,1,3,2,1,1
202300038796,15,1,2023,10:30,1,4,6,50,50550,1,3,2,2,2
202300038797,15,1,2023,19:30,3,2,3,50,50101,1,3,2,1,2
202300038797,15,1,2023,19:30,3,2,3,50,50101,1,3,2,1,2
202300038798,6,10,2023,09:40,1,7,3,85,85133,2,4,2,1,1