id_accident,jour,mois,annee,heure_minute,luminosite,meteo,type_collision,departement,commune,agglomeration,categorie_route,regime_circulation,profil_route,etat_surface
202300038798,6,10,2023,09:40,1,7,3,85,85133,2,4,2,1,1
202300038799,15,1,2023,10:00,1,7,1,85,85284,1,3,2,1,1
202300038800,15,1,2023,09:20,1,1,2,85,85190,1,3,2,1,2
202300038801,5,10,2023,17:45,1,1,3,85,85051,2,4,2,1,1
202300038802,14,1,2023,17:30,3,3,6,27,27224,1,3,2,1,2
202300038803,15,1,2023,02:05,3,1,6,30,30235,1,3,2,3,1
202300038804,5,10,2023,19:50,2,1,7,85,85142,1,3,2,3,1
202300038805,14,1,2023,17:45,2,1,7,30,30104,1,3,2,2,1
202300038806,15,1,2023,13:35,1,1,3,52,52050,2,3,2,1,1
202300038806,15,1,2023,13:35,1,1,3,52,52050,2,3,2,-1,-1
202300038807,6,10,2023,12:45,1,1,1,27,27106,2,3,2,1,1
202300038807,6,10,2023,12:45,1,1,1,27,27106,2,3,2,1,1
202300038808,14,1,2023,17:15,3,3,1,08,08185,1,3,2,1,2
202300038809,6,10,2023,11:45,1,1,3,23,23259,1,3,2,1,1
202300038809,6,10,2023,11:45,1,1,3,23,23259,1,3,2,1,1
202300038810,11,9,2023,10:00,1,1,3,24,24194,2,3,2,1,1
202300038811,14,1,2023,17:56,3,1,5,73,73151,1,1,3,1,1
202300038812,4,10,2023,15:30,1,1,3,13,13038,1,3,2,1,1
202300038813,13,1,2023,17:05,1,1,2,40,40210,1,1,3,1,1
202300038814,4,10,2023,15:40,1,1,2,17,17044,1,1,3,1,1
202300038815,15,1,2023,06:43,3,1,4,69,69112,1,1,2,1,2
202300038816,14,1,2023,04:45,3,1,7,64,64335,1,1,3,1,1
202300038817,21,9,2023,15:30,1,1,5,17,17407,1,3,2,1,1
202300038817,21,9,2023,15:30,1,1,5,17,17407,1,3,2,1,1
202300038818,14,1,2023,20:10,3,1,4,13,13001,1,1,3,1,1
202300038819,15,1,2023,07:35,1,1,1,974,97415,1,3,2,2,1
202300038820,5,10,2023,18:15,1,1,5,27,27107,1,1,3,1,1
202300038821,14,1,2023,18:45,3,2,7,77,77383,1,3,2,1,2
202300038822,13,1,2023,10:10,1,1,7,91,91115,2,3,2,1,2
202300038823,14,1,2023,23:40,3,1,7,2B,2B148,1,3,2,1,1
202300038824,14,1,2023,04:50,3,1,7,83,83150,2,4,2,1,1
202300038825,6,10,2023,17:15,1,1,5,13,13103,1,1,3,1,1
202300038826,14,1,2023,15:07,1,1,7,64,64139,1,3,2,2,1
202300038827,5,10,2023,20:50,3,1,2,13,13118,1,1,3,1,1
202300038828,14,1,2023,14:25,1,2,7,59,59136,1,3,2,1,2
202300038829,6,10,2023,16:10,1,1,3,77,77104,1,2,1,1,1
202300038830,13,1,2023,07:07,3,1,2,13,13081,1,1,1,1,1
202300038831,14,1,2023,16:20,1,2,6,95,95582,1,3,3,1,2
202300038832,6,10,2023,17:25,1,1,3,77,77128,2,3,2,1,1
202300038833,6,10,2023,12:30,1,1,3,78,78380,2,3,2,1,1
202300038833,6,10,2023,12:30,1,1,3,78,78380,2,3,2,3,1
202300038834,13,1,2023,16:17,1,1,6,76,76540,2,4,2,1,1
202300038834,13,1,2023,16:17,1,1,6,76,76540,2,4,2,1,1
202300038835,13,1,2023,13:45,1,1,3,974,97411,1,3,2,2,1
202300038836,5,10,2023,07:50,2,1,3,78,78668,1,3,2,1,1
202300038836,5,10,2023,07:50,2,1,3,78,78668,1,3,2,1,1
202300038837,5,10,2023,18:00,1,1,6,2B,2B007,1,3,2,1,1
202300038838,12,1,2023,08:15,1,2,3,974,97411,2,4,1,1,2
202300038838,12,1,2023,08:15,1,2,3,974,97411,2,4,2,1,2
202300038839,6,10,2023,11:10,1,1,3,66,66164,1,4,2,1,1
202300038839,6,10,2023,11:10,1,1,3,66,66164,1,4,2,1,1
202300038840,13,1,2023,11:40,1,1,3,973,97302,2,3,2,1,1
202300038840,13,1,2023,11:40,1,1,3,973,97302,2,3,2,1,1
202300038841,13,1,2023,08:15,1,1,7,973,97302,1,2,1,1,1
202300038842,1,10,2023,12:50,1,1,1,83,83055,1,3,2,2,1
202300038843,11,1,2023,08:45,1,2,2,973,97302,2,2,-1,1,2
202300038844,13,1,2023,20:10,5,2,6,69,69266,2,4,2,1,2
202300038845,5,10,2023,18:40,1,1,6,71,71354,1,3,2,1,1
202300038845,5,10,2023,18:40,1,1,6,71,71354,1,3,2,1,1
202300038846,12,1,2023,00:50,3,1,1,972,97209,2,2,3,3,1
202300038846,12,1,2023,00:50,3,1,1,972,97209,2,2,1,2,1
202300038847,13,1,2023,01:50,5,2,6,69,69389,2,4,2,2,2
202300038848,6,10,2023,17:35,1,7,6,42,42188,2,4,2,2,1
202300038849,12,1,2023,14:00,1,1,7,69,69385,2,4,1,1,1
202300038850,13,1,2023,10:30,1,1,2,971,97101,2,3,2,1,1
202300038851,4,10,2023,16:00,1,1,3,01,01386,1,3,1,1,1
202300038852,12,1,2023,12:15,1,2,3,95,95210,2,3,2,1,2
202300038852,12,1,2023,12:15,1,2,3,95,95210,2,3,2,1,2
202300038853,6,10,2023,15:45,1,1,1,69,69159,2,3,2,1,1
202300038853,6,10,2023,15:45,1,1,1,69,69159,2,3,2,2,1
202300038854,14,1,2023,00:20,5,2,7,91,91114,2,4,2,2,2
202300038854,14,1,2023,00:20,5,2,7,91,91114,2,4,2,2,2
202300038855,6,10,2023,05:30,3,1,1,46,46055,1,3,2,1,1
202300038856,13,1,2023,19:25,2,2,7,85,85191,1,3,1,1,2
202300038857,1,10,2023,21:00,5,1,1,31,31433,2,3,2,3,1
202300038858,13,1,2023,07:10,4,1,4,83,83137,2,4,2,1,1
202300038859,5,10,2023,19:00,2,1,3,33,33056,1,4,2,1,1
202300038859,5,10,2023,19:00,2,1,3,33,33056,1,4,2,1,1
202300038860,13,1,2023,16:46,1,1,6,81,81257,2,3,2,1,1
202300038861,5,9,2023,15:25,1,1,3,49,49332,1,3,1,1,1
202300038862,6,10,2023,08:35,2,1,1,02,02133,1,3,2,3,1
202300038863,12,1,2023,07:45,5,6,6,78,78498,2,3,2,1,1
202300038863,12,1,2023,07:45,5,6,6,78,78498,2,3,2,1,1
202300038864,4,10,2023,07:00,2,1,3,83,83090,1,1,3,1,1
202300038865,4,10,2023,18:50,1,1,6,33,33550,1,1,3,1,1
202300038866,5,10,2023,18:20,1,1,3,91,91549,1,2,1,1,1
202300038867,5,10,2023,12:45,1,1,2,94,94076,1,1,1,1,1
202300038868,13,1,2023,11:30,1,1,6,77,77243,2,4,2,1,1
202300038869,4,10,2023,07:15,1,1,2,94,94003,1,1,1,1,1
202300038870,12,1,2023,21:05,5,2,2,76,76575,2,4,2,1,2
202300038871,5,10,2023,07:30,1,1,2,92,92047,1,1,1,1,1
202300038872,13,1,2023,07:40,2,1,3,76,76351,2,4,2,1,2
202300038872,13,1,2023,07:40,2,1,3,76,76351,2,4,1,2,2
202300038873,4,10,2023,18:00,1,1,5,78,78140,1,1,-1,4,1
202300038874,13,1,2023,10:10,1,2,6,74,74012,2,4,2,1,2
202300038874,13,1,2023,10:10,1,2,6,74,74012,2,4,1,1,2
202300038875,4,10,2023,16:00,1,1,3,92,92036,1,1,-1,1,1
202300038876,12,1,2023,19:46,5,1,6,74,74012,2,3,2,2,1
202300038877,4,10,2023,09:20,1,1,4,78,78640,1,2,-1,1,1
202300038878,13,1,2023,07:33,5,2,6,74,74010,2,4,2,1,2
202300038878,13,1,2023,07:33,5,2,6,74,74010,2,4,2,1,2
202300038879,4,10,2023,09:20,1,1,3,92,92072,1,2,1,2,1
202300038880,13,1,2023,22:05,5,1,2,72,72181,2,4,3,1,2
202300038881,4,10,2023,10:07,1,1,5,78,78133,1,1,-1,1,1
202300038882,13,1,2023,23:22,5,2,3,72,72181,2,4,2,2,2
202300038883,5,10,2023,20:25,3,1,5,93,93010,1,1,-1,1,1
202300038884,13,1,2023,08:00,1,1,3,72,72181,2,4,2,2,2
202300038884,13,1,2023,08:00,1,1,3,72,72181,2,4,-1,1,2
202300038885,5,10,2023,14:40,1,1,3,93,93005,1,1,3,1,1
202300038886,12,1,2023,20:20,5,2,3,72,72181,2,4,3,1,2
202300038887,5,10,2023,15:10,1,1,2,95,95277,1,1,3,1,1
202300038888,12,1,2023,08:30,2,1,2,72,72181,2,3,2,1,2
202300038889,13,1,2023,21:30,5,1,1,69,69266,2,4,2,1,1
202300038890,5,10,2023,07:30,1,1,5,93,93078,1,1,3,1,1
202300038891,5,10,2023,08:20,1,1,2,92,92036,1,1,-1,1,1
202300038892,13,1,2023,18:20,5,1,1,69,69029,2,4,2,1,2
202300038892,13,1,2023,18:20,5,1,1,69,69029,2,4,2,1,2
202300038893,4,10,2023,07:20,2,1,2,93,93066,1,1,1,2,1
202300038894,13,1,2023,16:50,2,2,3,69,69029,2,7,1,1,2
202300038895,5,10,2023,09:00,1,1,2,94,94015,1,1,3,1,1
202300038896,5,10,2023,09:00,1,1,2,94,94079,1,1,3,1,1
202300038897,13,1,2023,07:25,2,1,1,67,67482,2,4,3,1,1
202300038897,13,1,2023,07:25,2,1,1,67,67482,2,4,2,2,1
202300038898,5,10,2023,06:30,5,1,3,93,93051,1,1,3,1,1
202300038899,12,1,2023,10:35,1,6,2,67,67482,2,4,2,2,1
202300038900,4,10,2023,23:20,3,1,2,94,94069,1,1,1,1,1
202300038901,13,1,2023,08:41,1,2,2,64,64445,2,4,3,1,2
202300038902,8,9,2023,09:40,1,1,2,987,98735,2,4,3,1,1
202300038903,12,1,2023,07:50,1,1,7,64,64284,1,3,2,1,1
202300038903,12,1,2023,07:50,1,1,7,64,64284,1,3,2,1,1
202300038904,4,10,2023,01:20,3,2,7,974,97416,1,2,3,2,2
202300038905,3,10,2023,07:00,1,1,6,974,97411,2,4,2,1,1
202300038906,8,1,2023,02:35,5,1,6,62,62724,2,4,-1,1,1
202300038907,4,10,2023,09:00,1,2,6,974,97409,2,3,2,1,2
202300038908,12,1,2023,18:10,5,3,6,62,62178,2,4,2,2,2
202300038909,4,10,2023,09:30,1,1,3,973,97302,2,3,2,1,1
202300038910,13,1,2023,05:30,5,1,6,59,59599,2,7,1,1,1
202300038911,3,10,2023,21:55,3,1,1,973,97302,2,3,3,1,1
202300038912,13,1,2023,04:05,5,2,4,59,59378,2,7,3,1,2
202300038913,4,10,2023,19:25,4,1,6,69,69386,2,4,1,1,1
202300038913,4,10,2023,19:25,4,1,6,69,69386,2,4,2,1,1
202300038914,13,1,2023,18:20,5,1,6,59,59183,2,4,-1,1,1
202300038915,4,10,2023,11:35,1,1,5,69,69387,2,4,2,1,1
202300038916,13,1,2023,19:00,5,1,6,59,59244,2,3,-1,1,1
202300038917,4,10,2023,09:20,1,1,3,69,69388,2,4,2,1,1
202300038917,4,10,2023,09:20,1,1,3,69,69388,2,4,2,1,1
202300038918,13,1,2023,17:30,5,8,6,54,54395,2,4,2,2,1
202300038919,4,10,2023,08:45,1,1,4,972,97213,1,1,3,1,1
202300038920,13,1,2023,13:40,1,1,6,54,54547,2,4,1,1,2
202300038920,13,1,2023,13:40,1,1,6,54,54547,2,4,2,2,2
202300038921,12,1,2023,22:20,5,2,6,54,54395,2,4,1,1,2
202300038922,3,10,2023,11:50,1,8,3,91,91691,2,3,2,2,2
202300038923,12,1,2023,16:50,2,2,6,54,54547,2,6,-1,1,2
202300038924,4,10,2023,15:08,1,1,3,91,91479,2,4,2,1,1
202300038924,4,10,2023,15:08,1,1,3,91,91479,2,4,2,1,1
202300038925,12,1,2023,17:00,5,2,6,54,54395,2,4,2,1,2
202300038926,4,10,2023,07:17,1,1,6,91,91174,2,4,-1,1,1
202300038926,4,10,2023,07:17,1,1,6,91,91174,2,4,1,1,1
202300038927,4,10,2023,14:00,1,1,6,89,89387,2,4,1,1,1
202300038928,12,1,2023,17:40,3,8,3,52,52448,1,3,2,1,2
202300038929,3,10,2023,07:56,1,1,2,87,87085,2,4,2,1,1
202300038930,13,1,2023,20:00,5,2,6,49,49246,2,4,2,1,2
202300038931,3,10,2023,04:47,5,1,3,86,86194,1,3,2,1,1
202300038932,12,1,2023,19:11,5,1,3,49,49353,2,4,2,1,2
202300038932,12,1,2023,19:11,5,1,3,49,49353,2,4,2,1,2
202300038933,4,10,2023,16:30,1,1,6,82,82033,2,3,2,1,1
202300038934,12,1,2023,17:49,2,2,2,49,49267,2,3,2,1,2
202300038935,4,10,2023,08:15,1,1,1,78,78650,2,3,2,1,1
202300038935,4,10,2023,08:15,1,1,1,78,78650,2,3,2,1,1
202300038936,13,1,2023,14:40,1,2,3,44,44109,2,4,3,1,2
202300038936,13,1,2023,14:40,1,2,3,44,44109,2,4,3,1,2
202300038937,1,10,2023,02:45,5,1,3,78,78138,2,3,2,1,1
202300038937,1,10,2023,02:45,5,1,3,78,78138,2,3,2,1,1
202300038938,13,1,2023,19:25,3,8,3,41,41018,1,3,2,1,2
202300038938,13,1,2023,19:25,3,8,3,41,41018,1,3,2,2,2
202300038939,4,10,2023,14:01,1,1,6,78,78172,2,6,-1,1,1
202300038940,13,1,2023,16:00,1,1,3,37,37261,2,4,1,1,1
202300038941,26,9,2023,14:25,1,1,3,78,78172,2,4,-1,1,1
202300038941,26,9,2023,14:25,1,1,3,78,78172,2,4,-1,1,1
202300038942,13,1,2023,19:15,5,2,3,35,35238,2,4,2,1,2
202300038942,13,1,2023,19:15,5,2,3,35,35238,2,4,-1,1,2
202300038943,4,10,2023,11:55,1,6,3,76,76322,2,7,2,1,1
202300038943,4,10,2023,11:55,1,6,3,76,76322,2,7,2,1,1
202300038944,13,1,2023,13:40,1,1,6,35,35238,2,4,2,1,1
202300038945,13,1,2023,01:10,5,1,5,35,35238,2,4,2,1,2
202300038945,13,1,2023,01:10,5,1,5,35,35238,2,4,1,1,2
202300038946,4,10,2023,15:40,1,1,3,71,71306,2,4,2,1,1
202300038947,13,1,2023,01:10,5,2,6,35,35238,2,4,1,1,2
202300038948,3,10,2023,12:25,1,1,1,71,71270,2,4,3,1,1
202300038949,13,1,2023,23:20,5,1,3,34,34172,2,4,2,1,1
202300038949,13,1,2023,23:20,5,1,3,34,34172,2,4,2,1,1
202300038950,4,10,2023,20:50,5,1,7,69,69256,2,4,2,1,1
202300038950,4,10,2023,20:50,5,1,7,69,69256,2,4,2,1,1
202300038951,13,1,2023,08:20,1,1,5,34,34172,2,4,2,1,1
202300038952,4,10,2023,11:00,1,1,1,69,69013,1,4,2,1,1
202300038952,4,10,2023,11:00,1,1,1,69,69013,1,4,2,1,1
202300038953,11,1,2023,16:00,2,7,3,33,33063,2,4,2,2,1
202300038954,4,10,2023,17:10,1,1,6,69,69259,2,4,2,1,1
202300038955,4,10,2023,12:35,1,1,3,69,69259,2,7,2,1,1
202300038955,4,10,2023,12:35,1,1,3,69,69259,2,7,2,1,1
202300038956,13,1,2023,08:10,3,9,3,33,33529,1,4,2,1,2
202300038956,13,1,2023,08:10,3,9,3,33,33529,1,4,2,1,2
202300038957,4,10,2023,09:00,1,1,3,69,69290,2,4,1,2,1
202300038957,4,10,2023,09:00,1,1,3,69,69290,2,4,2,1,1
202300038958,12,1,2023,13:00,1,2,5,27,27681,2,4,2,2,2
202300038958,12,1,2023,13:00,1,2,5,27,27681,2,4,2,2,2
202300038959,3,10,2023,18:30,1,1,7,69,69290,2,7,2,1,1
202300038960,12,1,2023,10:50,1,2,6,27,27562,2,6,-1,1,2
202300038961,3,10,2023,21:58,5,1,1,67,67482,2,4,3,1,1
202300038962,4,10,2023,11:30,1,1,2,64,64348,1,3,2,3,1
202300038963,4,10,2023,07:25,3,1,3,64,64445,2,3,3,1,1
202300038963,4,10,2023,07:25,3,1,3,64,64445,2,3,2,1,1
202300038964,13,1,2023,11:45,1,1,6,13,13208,2,4,2,1,1
202300038965,12,1,2023,12:30,1,1,7,11,11069,2,3,2,1,1
202300038966,4,10,2023,05:32,5,1,6,63,63113,2,7,3,1,1
202300038967,13,1,2023,07:58,2,2,3,10,10081,2,4,-1,1,2
202300038968,4,10,2023,20:30,5,1,6,62,62907,1,3,2,1,1
202300038969,4,10,2023,08:40,2,7,6,58,58194,2,4,1,1,1
202300038969,4,10,2023,08:40,2,7,6,58,58194,2,4,1,1,1
202300038970,12,1,2023,14:59,1,2,3,10,10362,2,3,2,1,2
202300038970,12,1,2023,14:59,1,2,3,10,10362,2,3,2,2,2
202300038971,13,1,2023,10:35,1,2,6,09,09122,2,3,1,1,2
202300038972,3,10,2023,13:40,1,1,3,56,56121,2,4,2,2,1
202300038972,3,10,2023,13:40,1,1,3,56,56121,2,4,2,1,1
202300038973,3,10,2023,17:00,1,1,1,54,54357,2,4,2,2,1
202300038974,13,1,2023,14:20,1,1,2,06,06159,2,4,1,4,1
202300038974,13,1,2023,14:20,1,1,2,06,06159,2,4,2,1,1
202300038975,3,10,2023,13:15,1,1,6,54,54395,2,4,1,1,1
202300038976,12,1,2023,11:30,1,1,3,06,06069,2,4,2,2,1
202300038976,12,1,2023,11:30,1,1,3,06,06069,2,4,2,1,1
202300038977,4,10,2023,07:40,1,5,3,54,54159,1,3,2,2,2
202300038977,4,10,2023,07:40,1,5,3,54,54159,1,3,2,2,2
202300038978,4,10,2023,13:00,1,1,6,51,51454,2,4,2,1,1
202300038979,13,1,2023,18:52,5,2,3,01,01014,2,3,3,1,2
202300038980,4,10,2023,19:05,1,1,3,50,50502,2,3,2,1,1
202300038981,12,1,2023,00:30,5,1,2,75,75114,2,4,1,1,1
202300038981,12,1,2023,00:30,5,1,2,75,75114,2,4,1,1,1
202300038982,3,10,2023,21:10,3,1,7,50,50129,1,2,3,1,1
202300038983,13,1,2023,12:45,1,1,1,75,75119,2,4,2,1,1
202300038984,3,10,2023,13:10,1,1,6,50,50129,2,4,2,1,1
202300038984,3,10,2023,13:10,1,1,6,50,50129,2,4,2,1,1
202300038985,13,1,2023,18:00,5,1,6,75,75118,2,4,1,1,1
202300038985,13,1,2023,18:00,5,1,6,75,75118,2,4,1,2,1
202300038986,4,10,2023,19:47,5,1,1,45,45302,2,4,3,1,1
202300038987,13,1,2023,20:10,5,1,6,75,75115,2,4,2,1,1
202300038988,4,10,2023,16:15,1,1,6,42,42186,2,4,2,2,1
202300038989,4,10,2023,11:50,1,1,6,37,37195,2,4,2,1,1
202300038990,13,1,2023,12:40,1,1,3,75,75111,2,4,2,1,1
202300038990,13,1,2023,12:40,1,1,3,75,75111,2,4,1,1,1
202300038991,3,10,2023,17:10,1,1,2,37,37122,1,3,1,1,1
202300038992,13,1,2023,16:35,1,1,6,75,75110,2,4,1,1,1
202300038992,13,1,2023,16:35,1,1,6,75,75110,2,4,2,1,1
202300038993,4,10,2023,13:45,1,1,6,35,35238,2,4,2,1,1
202300038994,26,9,2023,07:50,2,1,6,30,30189,2,4,1,1,1
202300038994,26,9,2023,07:50,2,1,6,30,30189,2,4,1,1,1
202300038995,13,1,2023,09:55,1,1,2,75,75108,2,4,1,1,1
202300038996,4,10,2023,18:25,1,1,3,29,29039,1,3,2,1,1
202300038997,13,1,2023,00:05,5,2,7,75,75101,2,4,2,1,2
202300038997,13,1,2023,00:05,5,2,7,75,75101,2,4,2,1,2
202300038998,3,10,2023,19:15,5,1,3,29,29019,2,4,2,2,1
202300038998,3,10,2023,19:15,5,1,3,29,29019,2,4,2,2,1
202300038999,12,1,2023,08:55,2,1,6,75,75101,2,4,2,1,1
202300038999,12,1,2023,08:55,2,1,6,75,75101,2,4,-1,1,1
202300039000,4,10,2023,12:15,1,1,2,27,27229,2,4,1,1,1
202300039000,4,10,2023,12:15,1,1,2,27,27229,2,4,1,1,1
202300039001,13,1,2023,22:00,5,8,3,94,94042,2,3,2,1,1
202300039001,13,1,2023,22:00,5,8,3,94,94042,2,3,1,1,1
202300039002,2,10,2023,11:45,1,1,7,19,19272,2,4,-1,1,1
202300039003,3,10,2023,17:55,1,1,2,19,19031,2,4,2,1,1
202300039004,12,1,2023,07:55,5,2,3,94,94068,2,3,2,1,2
202300039005,11,1,2023,16:55,1,1,3,94,94068,2,3,2,1,1
202300039005,11,1,2023,16:55,1,1,3,94,94068,2,3,-1,1,1
202300039006,4,10,2023,18:30,1,1,1,13,13071,2,3,2,1,1
202300039007,29,9,2023,20:00,2,1,1,13,13216,2,4,2,1,1
202300039008,13,1,2023,18:30,5,1,3,94,94076,2,3,2,1,1
202300039008,13,1,2023,18:30,5,1,3,94,94076,2,3,2,1,1
202300039009,4,10,2023,18:30,1,1,3,13,13210,2,9,1,1,1
202300039010,12,1,2023,09:30,1,1,6,94,94028,2,4,2,1,2
202300039011,4,10,2023,15:20,1,1,3,13,13201,2,4,2,2,1
202300039012,13,1,2023,21:15,5,1,3,94,94054,2,3,1,2,1
202300039012,13,1,2023,21:15,5,1,3,94,94054,2,3,2,2,1
202300039013,4,10,2023,12:56,1,1,3,13,13213,2,4,2,2,1
202300039013,4,10,2023,12:56,1,1,3,13,13213,2,4,2,1,1
202300039014,12,1,2023,16:50,2,1,7,94,94018,2,3,2,1,1
202300039015,4,10,2023,11:45,1,1,5,13,13214,2,4,2,1,1
202300039016,4,10,2023,10:05,1,1,6,13,13205,2,4,2,1,1
202300039017,13,1,2023,21:30,5,1,2,93,93072,2,3,2,1,1
202300039018,4,10,2023,01:30,5,1,2,13,13210,2,4,-1,3,1
202300039018,4,10,2023,01:30,5,1,2,13,13210,2,4,2,1,1
202300039019,13,1,2023,11:35,1,1,1,93,93070,2,4,1,1,1
202300039020,3,10,2023,21:30,5,1,3,13,13208,2,4,-1,1,1
202300039020,3,10,2023,21:30,5,1,3,13,13208,2,4,2,1,1
202300039021,13,1,2023,18:00,3,1,3,93,93066,2,4,1,1,1
202300039022,20,8,2023,19:00,1,1,3,13,13005,2,3,-1,1,1
202300039023,3,10,2023,19:35,5,1,3,10,10387,2,4,2,1,1
202300039024,3,10,2023,07:50,1,1,6,10,10387,2,4,2,1,1
202300039025,13,1,2023,00:30,5,2,4,93,93066,2,4,3,1,2
202300039026,4,10,2023,15:50,1,1,7,04,04070,2,4,2,2,1
202300039027,13,1,2023,07:50,2,2,1,93,93077,2,3,2,1,2
202300039027,13,1,2023,07:50,2,2,1,93,93077,2,3,1,1,2
202300039028,4,10,2023,21:48,5,1,3,75,75111,2,4,2,1,1
202300039028,4,10,2023,21:48,5,1,3,75,75111,2,4,2,1,1
202300039029,4,10,2023,18:47,5,1,7,75,75113,2,4,1,1,1
202300039029,4,10,2023,18:47,5,1,7,75,75113,2,4,2,2,1
202300039030,13,1,2023,08:57,1,2,1,93,93055,2,3,2,1,2
202300039031,4,10,2023,15:20,1,1,3,75,75120,2,4,1,1,1
202300039031,4,10,2023,15:20,1,1,3,75,75120,2,4,1,2,1
202300039032,13,1,2023,12:50,1,1,3,93,93006,2,3,2,1,1
202300039033,3,10,2023,12:40,1,1,3,75,75120,2,4,2,2,1
202300039033,3,10,2023,12:40,1,1,3,75,75120,2,4,2,2,1
202300039034,4,10,2023,19:30,1,1,3,75,75117,2,4,2,1,1
202300039034,4,10,2023,19:30,1,1,3,75,75117,2,4,2,1,1
202300039035,13,1,2023,08:15,1,6,3,93,93029,2,3,2,1,2
202300039036,4,10,2023,19:10,2,1,3,75,75117,2,4,2,1,1
202300039036,4,10,2023,19:10,2,1,3,75,75117,2,4,1,1,1
202300039037,13,1,2023,07:50,2,1,6,93,93008,2,4,1,1,1
202300039038,4,10,2023,18:55,1,1,2,75,75116,2,4,2,1,1
202300039039,13,1,2023,22:00,5,1,3,92,92078,2,3,3,1,1
202300039039,13,1,2023,22:00,5,1,3,92,92078,2,3,3,1,1
202300039040,4,10,2023,16:30,1,1,3,75,75116,2,4,1,1,1
202300039041,3,10,2023,17:00,1,1,6,75,75116,2,4,2,1,1
202300039042,12,1,2023,19:45,5,2,3,92,92064,2,3,2,1,2
202300039042,12,1,2023,19:45,5,2,3,92,92064,2,3,2,1,2
202300039043,4,10,2023,18:40,1,1,7,75,75115,2,4,1,1,1
202300039044,4,10,2023,16:30,1,1,2,75,75115,2,4,1,1,1
202300039045,12,1,2023,13:35,1,8,3,92,92076,2,3,2,1,1
202300039046,4,10,2023,12:15,1,1,2,75,75115,2,4,2,1,1
202300039046,4,10,2023,12:15,1,1,2,75,75115,2,4,2,1,1
202300039047,13,1,2023,18:00,5,1,6,92,92051,2,4,2,1,1
202300039048,4,10,2023,15:25,1,1,6,75,75112,2,4,-1,1,1
202300039049,4,10,2023,10:40,1,1,3,75,75112,2,4,2,1,1
202300039050,13,1,2023,20:14,5,2,7,92,92051,2,3,2,1,2
202300039050,13,1,2023,20:14,5,2,7,92,92051,2,3,1,1,2
202300039051,3,10,2023,22:30,5,1,3,75,75111,2,4,2,1,1
202300039051,3,10,2023,22:30,5,1,3,75,75111,2,4,1,1,1
202300039052,13,1,2023,03:40,5,2,2,92,92040,2,3,3,1,2
202300039053,4,10,2023,11:57,1,1,3,75,75110,2,4,2,1,1
202300039053,4,10,2023,11:57,1,1,3,75,75110,2,4,2,1,1
202300039054,4,10,2023,19:00,1,1,3,75,75108,2,4,2,2,1
202300039054,4,10,2023,19:00,1,1,3,75,75108,2,4,1,2,1
202300039055,12,1,2023,14:05,1,2,6,92,92036,2,6,-1,1,2
202300039056,12,1,2023,12:45,1,1,6,92,92036,2,3,2,1,1
202300039057,4,10,2023,10:48,1,1,3,75,75108,2,4,2,1,1
202300039058,13,1,2023,20:30,5,1,6,92,92026,2,4,1,1,1
202300039059,4,10,2023,18:40,1,1,6,94,94078,2,2,1,1,1
202300039060,4,10,2023,09:50,1,1,3,94,94078,2,2,2,2,1
202300039061,13,1,2023,21:07,3,1,6,92,92026,2,4,-1,1,1
202300039062,4,10,2023,18:00,1,1,2,94,94015,2,3,2,1,1
202300039062,4,10,2023,18:00,1,1,2,94,94015,2,3,2,1,1
202300039063,12,1,2023,18:35,5,1,6,92,92023,2,4,1,1,1
202300039064,3,10,2023,16:10,1,1,3,94,94042,2,3,2,1,1
202300039065,3,10,2023,20:40,5,1,3,92,92007,2,3,3,1,1
202300039066,3,10,2023,18:30,1,1,3,94,94003,2,3,1,1,1
202300039067,3,10,2023,21:15,5,1,1,94,94033,2,4,2,1,1
202300039068,3,10,2023,13:00,1,2,3,94,94028,1,3,1,1,2
202300039069,4,10,2023,09:20,1,1,3,94,94022,2,3,2,1,1
202300039070,4,10,2023,22:30,5,1,3,93,93071,2,3,2,1,1
202300039070,4,10,2023,22:30,5,1,3,93,93071,2,3,3,1,1
202300039071,4,10,2023,13:20,1,1,6,93,93066,2,4,3,1,1
202300039072,13,1,2023,15:41,1,1,6,31,31446,2,9,1,1,1
202300039073,4,10,2023,10:00,1,1,3,93,93029,2,3,1,1,1
202300039073,4,10,2023,10:00,1,1,3,93,93029,2,3,2,1,1
202300039074,4,10,2023,05:50,5,1,3,93,93014,2,4,2,1,1
202300039075,4,10,2023,14:50,1,1,2,92,92072,2,3,3,1,1
202300039076,4,10,2023,13:50,1,1,7,92,92064,2,4,1,2,1
202300039077,4,10,2023,08:45,1,1,3,92,92063,2,4,2,1,1
202300039077,4,10,2023,08:45,1,1,3,92,92063,2,4,2,2,1
202300039078,4,10,2023,09:34,1,1,4,92,92063,2,3,3,2,1
202300039078,4,10,2023,09:34,1,1,4,92,92063,2,3,-1,1,1
202300039079,4,10,2023,15:40,1,1,3,92,92051,2,4,-1,1,1
202300039079,4,10,2023,15:40,1,1,3,92,92051,2,4,1,1,1
202300039080,2,10,2023,23:35,5,1,3,92,92051,2,3,2,1,1
202300039081,4,10,2023,11:20,1,1,2,92,92020,2,3,2,2,1
202300039082,4,10,2023,09:35,1,1,6,92,92044,2,3,-1,1,1
202300039082,4,10,2023,09:35,1,1,6,92,92044,2,3,1,1,1