id_accident,jour,mois,annee,heure_minute,luminosite,meteo,type_collision,departement,commune,agglomeration,categorie_route,regime_circulation,profil_route,etat_surface
202300039083,4,10,2023,16:00,1,1,2,92,92036,2,3,2,1,1
202300039083,4,10,2023,16:00,1,1,2,92,92036,2,3,2,1,1
202300039084,3,10,2023,15:30,1,2,2,92,92036,2,3,3,1,2
202300039085,2,10,2023,17:20,1,1,3,92,92025,2,3,1,1,1
202300039085,2,10,2023,17:20,1,1,3,92,92025,2,3,2,1,1
202300039086,4,10,2023,14:00,1,1,3,92,92071,2,3,2,1,1
202300039087,3,10,2023,18:25,1,1,3,92,92036,2,3,-1,1,1
202300039088,5,10,2023,19:05,5,1,6,67,67372,2,3,2,2,1
202300039089,8,9,2023,13:30,1,1,3,67,67372,2,3,2,1,1
202300039090,4,10,2023,17:30,1,1,2,31,31445,2,7,2,1,1
202300039091,5,10,2023,07:30,2,1,3,22,22025,1,3,2,1,1
202300039091,5,10,2023,07:30,2,1,3,22,22025,1,3,2,1,1
202300039092,22,7,2023,20:20,1,1,7,14,14712,1,3,2,1,1
202300039093,26,7,2023,16:50,1,8,3,22,22050,1,3,2,1,1
202300039093,26,7,2023,16:50,1,8,3,22,22050,1,3,2,1,1
202300039094,27,7,2023,07:23,1,2,3,60,60103,1,3,2,2,2
202300039094,27,7,2023,07:23,1,2,3,60,60103,1,3,2,1,2
202300039095,26,7,2023,18:05,1,1,2,62,62711,2,4,2,1,1
202300039096,26,7,2023,17:25,1,1,2,13,13071,1,1,1,1,1
202300039097,25,7,2023,23:10,3,1,2,13,13211,1,1,3,1,1
202300039098,26,7,2023,12:55,1,1,2,33,33167,1,2,3,1,1
202300039099,26,7,2023,12:15,1,1,2,33,33143,1,1,3,2,1
202300039100,15,6,2023,19:10,1,1,3,33,33063,1,1,3,2,1
202300039101,25,7,2023,14:20,1,1,6,59,59378,1,1,-1,1,1
202300039102,25,7,2023,03:05,3,3,7,91,91570,1,2,1,1,2
202300039103,25,7,2023,21:26,2,1,3,92,92023,1,2,1,1,1
202300039104,26,5,2023,20:00,1,1,1,74,74010,1,3,2,1,1
202300039105,24,5,2023,10:25,1,1,2,74,74010,2,4,3,2,1
202300039105,24,5,2023,10:25,1,1,2,74,74010,2,4,2,2,1
202300039106,23,5,2023,19:57,1,1,3,74,74147,1,3,2,1,1
202300039107,22,5,2023,09:00,1,1,6,74,74043,2,3,2,1,1
202300039108,19,5,2023,13:00,1,8,7,74,74236,2,4,2,2,1
202300039109,18,5,2023,18:00,1,1,5,74,74104,2,3,2,1,1
202300039110,18,5,2023,12:54,1,1,1,74,74298,2,3,2,2,1
202300039111,7,5,2023,04:50,5,1,1,74,74172,2,3,2,1,1
202300039112,4,5,2023,08:55,1,1,2,74,74218,2,3,2,1,1
202300039113,4,5,2023,07:35,1,1,2,74,74281,2,4,2,1,1
202300039114,24,7,2023,09:00,1,1,6,29,29232,2,4,2,1,2
202300039115,25,7,2023,08:08,1,1,6,976,97611,2,4,1,2,1
202300039116,25,7,2023,10:40,1,1,3,974,97411,2,2,1,2,1
202300039117,25,7,2023,16:50,1,2,1,69,69388,2,4,2,1,2
202300039117,25,7,2023,16:50,1,2,1,69,69388,2,4,2,1,2
202300039118,25,7,2023,09:40,1,1,6,69,69388,2,4,2,1,1
202300039119,25,7,2023,16:20,1,8,2,972,97213,1,1,3,1,2
202300039120,25,7,2023,00:37,5,2,7,971,97101,2,2,3,1,2
202300039120,25,7,2023,00:37,5,2,7,971,97101,2,2,3,1,2
202300039121,24,7,2023,20:30,5,2,4,971,97101,1,3,2,1,2
202300039122,24,7,2023,16:15,1,1,3,971,97120,1,4,1,1,1
202300039122,24,7,2023,16:15,1,1,3,971,97120,1,4,1,1,1
202300039123,20,7,2023,09:50,1,1,6,91,91549,2,3,2,2,1
202300039124,25,7,2023,15:23,1,1,3,91,91421,2,3,2,1,1
202300039124,25,7,2023,15:23,1,1,3,91,91421,2,3,1,1,1
202300039125,24,7,2023,16:30,1,1,2,83,83137,2,4,1,1,1
202300039126,25,7,2023,08:25,1,2,7,77,77186,1,3,2,1,2
202300039126,25,7,2023,08:25,1,2,7,77,77186,1,3,2,1,2
202300039127,24,7,2023,20:25,1,1,6,76,76270,1,3,3,1,2
202300039128,24,7,2023,11:55,1,2,3,67,67462,2,4,2,1,2
202300039128,24,7,2023,11:55,1,2,3,67,67462,2,4,1,1,2
202300039129,22,7,2023,21:43,2,1,6,66,66136,1,3,2,1,1
202300039130,22,7,2023,06:17,2,1,1,66,66136,1,3,2,1,1
202300039131,21,7,2023,10:42,1,1,6,66,66136,2,4,2,1,1
202300039132,25,7,2023,17:05,1,2,6,64,64545,2,3,2,1,2
202300039133,25,7,2023,10:05,1,2,3,64,64335,1,3,2,1,2
202300039133,25,7,2023,10:05,1,2,3,64,64335,1,3,2,1,2
202300039134,25,7,2023,16:25,1,1,4,61,61006,1,3,2,1,1
202300039135,25,7,2023,16:15,1,1,3,58,58194,2,4,2,1,1
202300039135,25,7,2023,16:15,1,1,3,58,58194,2,4,2,1,1
202300039136,24,7,2023,15:10,1,1,2,50,50647,2,4,2,1,1
202300039137,24,7,2023,22:25,5,1,1,50,50129,2,3,2,1,1
202300039137,24,7,2023,22:25,5,1,1,50,50129,2,3,2,1,1
202300039138,24,7,2023,14:34,1,2,4,49,49015,2,4,3,1,2
202300039138,24,7,2023,14:34,1,2,4,49,49015,2,4,2,1,2
202300039139,24,7,2023,12:09,1,1,7,49,49007,1,1,1,1,2
202300039140,25,7,2023,11:55,1,1,3,35,35238,2,4,1,1,1
202300039140,25,7,2023,11:55,1,1,3,35,35238,2,4,2,1,1
202300039141,25,7,2023,06:45,1,2,6,35,35238,2,4,2,1,2
202300039141,25,7,2023,06:45,1,2,6,35,35238,2,4,2,1,2
202300039142,24,7,2023,18:10,1,3,2,35,35281,1,4,2,1,2
202300039143,25,7,2023,19:00,1,1,3,33,33550,2,4,2,1,1
202300039143,25,7,2023,19:00,1,1,3,33,33550,2,4,1,1,1
202300039144,25,7,2023,08:31,1,1,3,33,33200,2,4,2,1,1
202300039144,25,7,2023,08:31,1,1,3,33,33200,2,4,2,1,1
202300039145,23,7,2023,18:49,1,1,6,33,33318,2,4,2,1,1
202300039145,23,7,2023,18:49,1,1,6,33,33318,2,4,2,1,1
202300039146,25,7,2023,09:55,1,1,3,33,33529,2,4,2,1,1
202300039146,25,7,2023,09:55,1,1,3,33,33529,2,4,2,1,1
202300039147,25,7,2023,15:45,1,1,2,31,31555,1,1,1,2,1
202300039148,24,7,2023,16:50,1,1,3,31,31555,2,4,2,2,1
202300039148,24,7,2023,16:50,1,1,3,31,31555,2,4,2,2,1
202300039149,2,7,2023,20:00,2,1,6,30,30189,2,4,2,1,1
202300039150,22,7,2023,20:20,1,1,3,30,30007,2,3,3,1,1
202300039150,22,7,2023,20:20,1,1,3,30,30007,2,3,2,1,1
202300039151,25,7,2023,13:50,1,1,6,28,28223,2,4,2,1,1
202300039151,25,7,2023,13:50,1,1,6,28,28223,2,4,2,1,1
202300039152,24,7,2023,14:55,1,2,3,27,27681,2,4,1,1,2
202300039152,24,7,2023,14:55,1,2,3,27,27681,2,4,1,1,2
202300039153,24,7,2023,18:20,1,1,1,27,27229,2,4,2,1,1
202300039153,24,7,2023,18:20,1,1,1,27,27229,2,4,2,1,1
202300039154,25,7,2023,11:10,1,2,3,25,25580,1,3,2,2,2
202300039155,25,7,2023,18:50,1,2,6,25,25056,2,3,2,1,2
202300039155,25,7,2023,18:50,1,2,6,25,25056,2,3,1,1,2
202300039156,25,7,2023,08:10,1,7,2,22,22278,2,3,2,1,1
202300039157,24,7,2023,08:30,1,1,3,16,16102,2,3,2,1,1
202300039157,24,7,2023,08:30,1,1,3,16,16102,2,3,2,1,1
202300039158,19,7,2023,18:45,1,1,1,15,15012,2,4,-1,1,1
202300039159,25,7,2023,17:45,2,1,6,13,13201,2,7,2,2,1
202300039160,25,7,2023,13:33,1,2,7,10,10265,2,3,2,1,2
202300039161,25,7,2023,11:45,1,2,1,10,10387,2,4,1,1,2
202300039161,25,7,2023,11:45,1,2,1,10,10387,2,4,2,1,2
202300039162,25,7,2023,21:50,5,1,6,06,06088,2,7,3,1,1
202300039163,24,7,2023,07:05,1,1,3,06,06069,1,3,2,2,1
202300039164,25,7,2023,15:15,1,1,2,75,75116,2,4,1,1,1
202300039165,25,7,2023,06:00,5,2,2,75,75112,2,4,1,1,2
202300039166,25,7,2023,03:05,5,3,6,75,75117,2,4,1,1,2
202300039167,24,7,2023,18:35,1,2,2,75,75116,2,4,1,1,2
202300039168,25,7,2023,11:30,1,2,6,75,75119,2,4,2,2,2
202300039169,25,7,2023,10:15,1,2,6,75,75119,2,4,-1,1,2
202300039169,25,7,2023,10:15,1,2,6,75,75119,2,4,1,2,2
202300039170,25,7,2023,09:00,1,8,2,75,75119,2,4,2,1,2
202300039170,25,7,2023,09:00,1,8,2,75,75119,2,4,-1,1,2
202300039171,25,7,2023,07:00,2,2,7,75,75117,2,4,3,1,2
202300039171,25,7,2023,07:00,2,2,7,75,75117,2,4,-1,1,2
202300039172,25,7,2023,10:20,1,2,6,75,75113,2,4,1,2,2
202300039172,25,7,2023,10:20,1,2,6,75,75113,2,4,-1,1,2
202300039173,25,7,2023,01:50,5,2,3,75,75111,2,4,2,1,2
202300039173,25,7,2023,01:50,5,2,3,75,75111,2,4,2,1,2
202300039174,25,7,2023,18:03,1,1,2,75,75108,2,4,-1,1,1
202300039174,25,7,2023,18:03,1,1,2,75,75108,2,4,-1,1,1
202300039175,24,7,2023,21:00,2,2,2,94,94079,1,3,2,1,2
202300039175,24,7,2023,21:00,2,2,2,94,94079,1,3,2,1,2
202300039176,25,7,2023,16:00,1,1,4,95,95527,1,2,2,1,1
202300039177,25,7,2023,17:40,1,1,3,93,93066,2,3,2,1,1
202300039177,25,7,2023,17:40,1,1,3,93,93066,2,3,1,1,1
202300039178,25,7,2023,19:00,1,2,3,93,93050,2,3,3,1,2
202300039178,25,7,2023,19:00,1,2,3,93,93050,2,3,2,1,2
202300039179,24,7,2023,22:56,5,8,3,93,93048,2,4,2,1,1
202300039179,24,7,2023,22:56,5,8,3,93,93048,2,4,3,1,1
202300039180,25,7,2023,16:15,1,2,6,93,93057,2,3,2,1,2
202300039180,25,7,2023,16:15,1,2,6,93,93057,2,3,2,1,2
202300039181,25,7,2023,15:50,1,2,1,92,92062,2,3,3,1,2
202300039182,24,7,2023,05:35,5,2,3,92,92024,2,3,2,1,2
202300039182,24,7,2023,05:35,5,2,3,92,92024,2,3,1,1,2
202300039183,23,7,2023,19:05,1,1,5,92,92023,2,3,2,1,1
202300039183,23,7,2023,19:05,1,1,5,92,92023,2,3,2,1,1
202300039184,26,7,2023,08:25,1,1,3,38,38157,1,3,2,1,1
202300039185,25,7,2023,15:14,1,1,2,22,22209,1,3,2,3,1
202300039186,25,7,2023,09:57,1,1,3,22,22094,1,3,2,2,1
202300039186,25,7,2023,09:57,1,1,3,22,22094,1,3,2,3,1
202300039187,26,7,2023,10:40,1,1,3,49,49110,1,3,2,2,1
202300039188,25,6,2023,12:20,1,1,6,974,97414,2,4,2,2,1
202300039189,22,7,2023,17:15,1,1,3,58,58270,1,3,2,2,1
202300039189,22,7,2023,17:15,1,1,3,58,58270,1,3,2,2,1
202300039190,25,7,2023,19:00,1,6,2,83,83100,1,3,2,1,1
202300039190,25,7,2023,19:00,1,6,2,83,83100,1,3,2,1,1
202300039191,25,7,2023,15:04,1,1,2,87,87020,1,1,3,1,1
202300039192,25,7,2023,14:45,1,1,3,40,40246,1,3,2,1,1
202300039193,25,7,2023,17:35,1,8,6,95,95316,1,3,-1,1,2
202300039194,26,7,2023,05:50,2,1,3,62,62096,1,3,2,3,1
202300039194,26,7,2023,05:50,2,1,3,62,62096,1,3,2,1,1
202300039195,22,7,2023,00:15,5,1,6,59,59580,2,3,1,2,1
202300039196,24,7,2023,07:30,1,1,3,79,79334,1,3,2,1,1
202300039196,24,7,2023,07:30,1,1,3,79,79334,1,3,2,1,1
202300039197,25,7,2023,13:50,1,1,1,2B,2B043,1,3,2,2,1
202300039198,26,7,2023,01:35,3,1,6,32,32012,1,2,3,1,1
202300039199,25,7,2023,20:45,3,8,6,63,63443,1,3,2,1,1
202300039200,26,7,2023,11:45,1,1,1,63,63321,1,3,2,1,1
202300039201,25,7,2023,22:35,3,1,2,02,02095,1,3,2,1,1
202300039202,26,7,2023,18:00,1,1,1,03,03236,1,3,2,1,1
202300039203,26,7,2023,08:15,1,8,1,70,70149,1,3,2,1,2
202300039204,23,7,2023,21:50,2,1,1,66,66160,2,3,2,1,1
202300039205,25,7,2023,21:30,2,1,7,50,50243,1,3,2,1,1
202300039206,25,7,2023,07:00,2,1,6,43,43114,2,3,2,3,1
202300039207,25,7,2023,20:35,1,2,6,36,36012,1,3,2,1,2
202300039208,25,7,2023,22:15,5,1,6,36,36071,2,3,2,1,2
202300039209,26,7,2023,16:57,1,1,2,24,24352,1,3,2,1,1
202300039210,24,7,2023,17:38,1,1,1,24,24484,1,3,2,1,1
202300039211,25,7,2023,22:52,3,1,6,27,27655,1,3,2,1,1
202300039212,26,7,2023,10:15,1,1,3,27,27116,1,3,2,1,1
202300039212,26,7,2023,10:15,1,1,3,27,27116,1,3,2,1,1
202300039213,26,7,2023,07:40,1,1,3,66,66228,1,3,2,1,1
202300039213,26,7,2023,07:40,1,1,3,66,66228,1,3,2,1,1
202300039214,26,7,2023,12:20,1,1,1,06,06088,1,1,3,2,1
202300039215,26,7,2023,19:45,2,1,1,11,11262,1,3,2,4,1
202300039216,24,7,2023,03:55,3,1,6,30,30189,1,1,3,1,1
202300039217,17,3,2023,15:25,1,1,6,34,34146,1,1,3,1,1
202300039218,26,7,2023,18:30,3,1,3,976,97617,1,3,2,2,1
202300039219,26,7,2023,07:45,1,1,6,27,27563,1,1,3,2,1
202300039220,25,7,2023,14:40,1,1,6,987,98744,1,2,2,2,1
202300039221,27,5,2023,12:15,1,1,1,988,98821,1,2,2,1,1
202300039222,26,7,2023,07:25,1,7,1,41,41136,2,4,2,1,1
202300039223,25,7,2023,04:20,3,1,6,45,45089,1,3,3,1,2
202300039224,26,7,2023,09:10,1,1,3,77,77031,1,3,2,1,1
202300039224,26,7,2023,09:10,1,1,3,77,77031,1,3,2,1,1
202300039225,26,7,2023,11:30,1,1,6,83,83068,1,3,2,1,1
202300039226,26,7,2023,15:00,1,1,3,04,04063,1,3,2,1,1
202300039227,19,7,2023,16:22,1,1,1,71,71176,2,4,-1,1,1
202300039227,19,7,2023,16:22,1,1,1,71,71176,2,4,2,1,1
202300039228,26,7,2023,07:50,1,1,1,71,71571,1,4,2,1,1
202300039229,26,7,2023,13:30,1,1,2,71,71236,1,3,2,2,1
202300039230,24,7,2023,12:28,1,2,6,54,54348,1,3,2,1,2
202300039231,26,7,2023,06:00,2,1,3,31,31193,1,3,2,2,1
202300039232,26,7,2023,06:50,1,1,3,86,86197,1,3,2,1,1
202300039232,26,7,2023,06:50,1,1,3,86,86197,1,3,2,1,1
202300039233,24,7,2023,16:20,1,1,6,33,33284,1,3,2,1,1
202300039234,25,7,2023,11:35,1,1,3,49,49021,1,3,2,1,1
202300039235,25,7,2023,02:50,3,2,7,60,60685,1,3,2,1,2
202300039236,21,7,2023,19:30,2,1,7,59,59400,1,4,2,1,1
202300039237,20,7,2023,17:11,1,1,4,13,13070,1,1,1,1,1
202300039238,25,7,2023,09:16,1,1,6,13,13211,1,1,1,1,1
202300039239,24,7,2023,19:23,1,1,2,83,83144,1,1,3,1,1
202300039240,24,7,2023,13:40,1,1,2,33,33249,1,2,3,1,1
202300039241,24,7,2023,17:14,1,2,6,59,59386,1,7,-1,1,2
202300039242,17,6,2023,10:27,1,1,2,78,78217,1,1,-1,1,1
202300039243,24,7,2023,09:15,1,1,5,95,95582,1,3,1,4,2
202300039244,24,7,2023,07:30,1,8,2,93,93078,1,1,3,1,2
202300039245,24,7,2023,07:00,1,8,6,93,93027,1,1,3,2,2
202300039246,24,7,2023,06:20,1,2,6,95,95582,1,1,3,2,3
202300039247,23,7,2023,23:10,3,1,2,95,95241,1,2,3,1,1
202300039248,25,7,2023,17:00,1,1,4,94,94028,1,1,3,1,1
202300039249,25,7,2023,13:30,1,2,6,77,77018,1,1,3,1,2
202300039250,25,7,2023,07:15,1,3,7,94,94022,1,1,-1,1,2
202300039251,25,7,2023,08:22,1,2,3,94,94017,1,1,3,1,2
202300039252,25,7,2023,05:37,3,3,5,77,77495,1,1,1,1,2
202300039253,24,7,2023,20:00,1,3,3,94,94074,1,2,3,1,2
202300039254,24,7,2023,17:15,1,2,3,63,63113,2,6,-1,1,2
202300039255,23,7,2023,17:45,1,1,1,83,83123,2,3,2,1,1
202300039256,24,7,2023,22:25,5,1,2,974,97411,2,2,1,1,1
202300039257,24,7,2023,22:35,3,1,6,974,97411,1,2,1,1,1
202300039258,24,7,2023,14:00,1,1,3,973,97302,2,3,2,1,1
202300039259,24,7,2023,12:30,1,1,4,2B,2B264,1,3,2,1,1
202300039260,24,7,2023,09:40,1,1,3,2B,2B120,1,3,2,1,1
202300039261,24,7,2023,02:30,3,1,2,971,97113,1,2,2,1,1
202300039262,22,7,2023,11:45,1,1,3,91,91421,2,3,3,1,1
202300039263,24,7,2023,22:45,5,2,7,91,91223,2,4,2,2,2
202300039264,22,7,2023,16:57,1,1,7,90,90010,2,3,3,2,1
202300039265,22,7,2023,19:30,1,1,6,87,87085,2,4,2,4,1
202300039265,22,7,2023,19:30,1,1,6,87,87085,2,4,1,1,1
202300039266,20,7,2023,12:34,1,1,6,83,83009,1,3,2,2,1
202300039267,22,7,2023,19:35,1,1,3,83,83123,2,4,2,1,1
202300039267,22,7,2023,19:35,1,1,3,83,83123,2,4,1,1,1
202300039268,24,7,2023,07:15,1,2,6,77,77449,1,3,-1,1,2
202300039269,23,7,2023,15:00,1,2,6,76,76540,2,7,2,1,2
202300039269,23,7,2023,15:00,1,2,6,76,76540,2,7,2,1,2
202300039270,24,7,2023,06:55,1,2,7,69,69264,2,3,2,1,2
202300039271,24,7,2023,11:45,1,1,2,64,64284,2,4,-1,1,1
202300039272,24,7,2023,11:20,1,2,3,64,64140,2,4,2,3,2
202300039273,15,7,2023,20:50,1,1,1,59,59560,2,4,2,2,1
202300039273,15,7,2023,20:50,1,1,1,59,59560,2,4,3,1,1
202300039274,21,7,2023,20:02,1,1,3,58,58194,2,4,1,1,1
202300039274,21,7,2023,20:02,1,1,3,58,58194,2,4,2,1,1
202300039275,20,7,2023,22:50,5,1,3,58,58194,2,4,2,1,1
202300039275,20,7,2023,22:50,5,1,3,58,58194,2,4,1,1,1
202300039276,22,7,2023,21:25,2,1,7,57,57672,2,4,2,1,1
202300039277,24,7,2023,16:10,1,1,2,56,56121,2,4,2,1,1
202300039278,16,7,2023,11:00,1,1,6,56,56162,1,9,-1,1,1
202300039279,24,7,2023,19:20,1,1,3,54,54395,2,4,2,2,1
202300039279,24,7,2023,19:20,1,1,3,54,54395,2,4,2,2,1
202300039280,23,7,2023,10:30,1,1,3,54,54274,2,4,-1,1,1
202300039280,23,7,2023,10:30,1,1,3,54,54274,2,4,2,1,1
202300039281,24,7,2023,09:55,1,1,3,45,45234,2,4,1,2,1
202300039282,24,7,2023,20:24,2,2,6,45,45004,1,3,1,1,2
202300039283,23,7,2023,17:40,1,1,1,43,43046,2,3,2,1,1
202300039284,22,7,2023,16:20,1,1,6,39,39198,2,3,2,1,1
202300039285,24,7,2023,15:43,1,1,3,37,37214,2,4,1,1,1
202300039285,24,7,2023,15:43,1,1,3,37,37214,2,4,2,1,1
202300039286,24,7,2023,11:58,1,1,3,37,37261,2,4,-1,1,1
202300039286,24,7,2023,11:58,1,1,3,37,37261,2,4,-1,1,1
202300039287,23,6,2023,06:00,2,1,6,30,30102,1,3,2,1,1
202300039288,21,6,2023,15:25,1,1,2,88,88319,2,3,2,1,1
202300039289,20,6,2023,15:50,1,1,3,88,88148,1,4,-1,1,1
202300039289,20,6,2023,15:50,1,1,3,88,88148,1,4,2,1,1
202300039290,23,6,2023,09:45,1,1,6,42,42155,1,1,1,1,1
202300039291,22,6,2023,15:44,1,1,5,83,83116,1,1,1,1,1
202300039292,9,6,2023,06:20,2,1,1,974,97418,2,3,2,2,1
202300039293,21,6,2023,11:25,1,1,3,971,97107,1,2,2,2,1
202300039294,23,6,2023,15:30,1,1,3,33,33203,1,3,2,1,1
202300039294,23,6,2023,15:30,1,1,3,33,33203,1,3,2,1,1
202300039295,21,6,2023,16:45,1,1,6,45,45270,1,3,2,1,1
202300039296,21,6,2023,23:30,4,1,7,77,77413,2,3,2,1,1
202300039297,23,6,2023,08:00,1,1,4,91,91494,1,3,3,1,1
202300039298,23,6,2023,15:45,1,1,1,13,13073,1,3,2,1,1
202300039299,22,6,2023,14:25,1,1,3,13,13027,2,3,2,1,1
202300039299,22,6,2023,14:25,1,1,3,13,13027,2,3,2,1,1
202300039300,21,6,2023,13:20,1,1,2,26,26165,1,1,-1,1,1
202300039301,23,6,2023,02:45,4,1,7,55,55514,2,3,2,1,1
202300039302,23,6,2023,10:52,1,1,7,57,57620,2,3,2,2,1
202300039303,23,6,2023,15:03,1,1,4,38,38468,1,2,2,1,1
202300039304,23,6,2023,12:00,1,1,3,65,65123,1,3,2,2,1
202300039305,22,6,2023,12:00,1,1,1,09,09293,1,3,2,2,1
202300039306,22,6,2023,07:10,1,2,7,79,79049,2,4,2,1,2
202300039307,21,6,2023,17:50,1,1,7,79,79049,2,5,-1,1,9
202300039308,22,6,2023,21:15,2,1,7,60,60452,1,3,2,1,1
202300039309,1,6,2023,15:30,1,1,1,59,59190,1,4,1,1,1
202300039310,23,6,2023,17:30,1,1,3,59,59080,2,3,2,1,1
202300039311,18,6,2023,12:26,1,1,2,13,13202,1,1,1,1,1
202300039312,18,6,2023,17:30,1,1,7,13,13005,1,1,1,1,1
202300039313,21,6,2023,17:30,1,1,7,69,69276,1,1,3,1,1
202300039314,18,6,2023,11:40,1,1,6,67,67365,1,7,3,1,1
202300039315,22,6,2023,17:30,1,1,2,33,33318,1,1,3,1,1
202300039316,19,6,2023,17:28,1,1,6,62,62274,1,1,-1,1,1
202300039317,22,6,2023,20:01,1,1,3,91,91136,1,1,1,1,1
202300039318,22,6,2023,18:45,1,1,2,94,94065,1,1,1,1,1
202300039319,22,6,2023,18:10,1,1,2,94,94038,1,1,1,1,1
202300039320,22,6,2023,10:45,1,2,7,92,92064,1,1,-1,1,2
202300039321,21,6,2023,20:40,1,1,3,95,95252,1,1,3,1,1
202300039322,20,6,2023,18:30,1,8,6,93,93005,1,1,1,2,2
202300039323,20,6,2023,17:50,1,1,2,95,95018,1,1,3,1,2
202300039324,20,6,2023,13:50,1,1,3,95,95154,1,1,3,1,1
202300039325,18,6,2023,13:00,1,1,2,93,93006,1,1,3,2,1
202300039326,18,6,2023,04:20,5,3,3,95,95527,1,1,3,1,2
202300039327,22,6,2023,20:00,1,1,2,94,94004,1,2,3,1,1
202300039328,17,6,2023,10:35,1,1,4,94,94017,1,1,3,1,1
202300039329,22,3,2023,22:50,3,1,7,38,38297,1,4,2,2,1
202300039330,21,6,2023,19:20,5,8,6,971,97105,2,2,1,1,1
202300039331,21,6,2023,09:25,1,1,3,78,78029,2,4,2,1,1
202300039331,21,6,2023,09:25,1,1,3,78,78029,2,4,2,1,1
202300039332,21,6,2023,07:50,1,1,6,76,76108,2,4,2,1,1
202300039333,21,6,2023,15:05,1,1,6,67,67482,2,4,2,1,1
202300039334,19,6,2023,21:10,5,1,4,972,97209,1,1,-1,1,1
202300039335,21,6,2023,19:46,1,1,2,2B,2B120,1,2,3,2,1
202300039336,21,6,2023,12:30,1,1,2,2A,2A004,2,4,1,1,1
202300039337,20,6,2023,18:00,1,2,6,91,91114,2,3,-1,2,2
202300039338,21,6,2023,12:45,1,1,6,91,91286,2,3,3,1,1
202300039339,19,6,2023,15:30,1,1,6,87,87085,2,4,3,1,1
202300039340,18,6,2023,15:55,1,1,1,83,83061,1,3,2,2,1
202300039341,21,6,2023,01:26,5,1,6,81,81004,2,4,2,2,1
202300039342,14,6,2023,19:15,1,1,2,78,78396,2,3,2,1,1
202300039342,14,6,2023,19:15,1,1,2,78,78396,2,3,2,1,1
202300039343,21,6,2023,14:30,1,1,3,78,78418,2,3,2,1,1
202300039344,21,6,2023,18:15,1,1,2,76,76231,2,4,1,1,1
202300039345,21,6,2023,16:10,1,1,4,76,76216,2,7,2,2,1
202300039346,21,6,2023,02:25,5,2,7,76,76351,2,4,3,1,2
202300039347,13,6,2023,12:00,1,1,2,73,73008,2,3,3,1,1
202300039348,20,6,2023,18:00,1,1,3,71,71076,2,4,2,1,1
202300039348,20,6,2023,18:00,1,1,3,71,71076,2,4,-1,1,1
202300039349,20,6,2023,11:25,1,1,3,69,69259,2,4,2,1,1
202300039349,20,6,2023,11:25,1,1,3,69,69259,2,4,2,1,1
202300039350,19,6,2023,07:15,1,1,6,68,68297,2,3,2,1,1
202300039350,19,6,2023,07:15,1,1,6,68,68297,2,3,2,1,1
202300039351,17,6,2023,23:45,5,2,3,64,64483,2,4,2,4,2
202300039351,17,6,2023,23:45,5,2,3,64,64483,2,4,2,1,2
202300039352,21,6,2023,16:55,1,8,4,64,64445,2,4,2,1,1
202300039353,21,6,2023,07:45,1,2,1,63,63113,2,4,2,1,2
202300039353,21,6,2023,07:45,1,2,1,63,63113,2,4,1,1,2
202300039354,5,6,2023,01:30,4,1,1,62,62563,1,4,2,1,1
202300039355,18,6,2023,15:10,1,1,6,62,62498,2,4,2,1,1
202300039356,16,6,2023,16:45,1,1,6,62,62427,2,4,-1,1,1
202300039357,21,6,2023,09:45,1,1,3,61,61117,1,3,2,2,1
202300039357,21,6,2023,09:45,1,1,3,61,61117,1,3,2,1,1
202300039358,17,6,2023,12:30,1,1,3,59,59350,2,4,2,1,1
202300039358,17,6,2023,12:30,1,1,3,59,59350,2,4,2,1,1
202300039359,17,6,2023,15:30,1,1,4,59,59043,1,3,2,1,1
202300039359,17,6,2023,15:30,1,1,4,59,59043,1,3,2,1,1
202300039360,21,6,2023,01:25,5,1,3,57,57751,2,7,4,1,1
202300039360,21,6,2023,01:25,5,1,3,57,57751,2,7,4,1,1
202300039361,7,6,2023,14:28,1,1,2,56,56260,2,4,3,2,1
202300039362,20,6,2023,17:55,1,1,2,56,56121,2,4,2,1,1
202300039363,20,6,2023,17:20,1,1,2,56,56121,2,4,2,1,1
202300039363,20,6,2023,17:20,1,1,2,56,56121,2,4,1,1,1
202300039364,20,6,2023,15:50,1,1,6,54,54395,2,4,2,1,1
202300039364,20,6,2023,15:50,1,1,6,54,54395,2,4,2,1,1
202300039365,20,6,2023,15:15,1,1,3,54,54395,2,4,2,1,1
202300039365,20,6,2023,15:15,1,1,3,54,54395,2,4,2,1,1
202300039366,20,6,2023,13:51,1,1,6,54,54329,2,3,2,1,1
202300039367,21,6,2023,14:05,1,1,3,54,54280,2,3,2,1,1
202300039368,20,6,2023,12:10,1,1,5,49,49353,1,3,2,1,1
202300039369,18,6,2023,07:40,1,1,2,44,44143,1,2,3,1,1
202300039370,20,6,2023,18:10,1,1,6,44,44162,2,4,3,1,1
202300039371,20,6,2023,22:45,5,1,3,43,43157,2,4,1,1,1
202300039372,21,6,2023,08:45,1,1,6,37,37195,2,4,1,1,1
202300039372,21,6,2023,08:45,1,1,6,37,37195,2,4,2,1,1
202300039373,20,6,2023,14:05,1,1,1,37,37261,2,4,2,1,1
202300039374,19,6,2023,09:30,1,1,6,33,33162,2,4,2,1,1
202300039374,19,6,2023,09:30,1,1,6,33,33162,2,4,2,2,1