id_accident,jour,mois,annee,heure_minute,luminosite,meteo,type_collision,departement,commune,agglomeration,categorie_route,regime_circulation,profil_route,etat_surface
202300039375,15,6,2023,06:10,1,1,6,33,33063,2,4,1,1,1
202300039376,21,6,2023,22:50,5,1,6,31,31555,2,4,2,1,1
202300039377,21,6,2023,10:30,1,2,3,29,29232,2,4,2,1,2
202300039377,21,6,2023,10:30,1,2,3,29,29232,2,4,1,1,2
202300039378,21,6,2023,12:08,1,1,6,29,29232,2,4,1,1,1
202300039379,21,6,2023,08:15,1,7,6,29,29151,2,4,2,1,1
202300039380,20,6,2023,18:10,1,1,2,29,29019,2,4,-1,1,1
202300039381,21,6,2023,15:05,1,1,3,28,28404,1,3,1,1,1
202300039382,21,6,2023,19:30,1,1,2,25,25056,1,2,2,1,1
202300039383,21,6,2023,23:20,3,1,2,22,22187,1,3,2,1,1
202300039384,21,6,2023,10:27,1,1,6,17,17306,2,3,2,1,1
202300039385,21,6,2023,14:55,1,1,6,15,15014,2,2,2,1,1
202300039385,21,6,2023,14:55,1,1,6,15,15014,2,2,2,1,1
202300039386,13,6,2023,23:25,3,1,6,14,14398,1,3,2,1,1
202300039387,20,6,2023,13:25,1,1,3,14,14118,2,4,3,1,1
202300039387,20,6,2023,13:25,1,1,3,14,14118,2,4,2,1,1
202300039388,16,6,2023,16:45,1,1,6,14,14167,1,3,-1,1,1
202300039388,16,6,2023,16:45,1,1,6,14,14167,1,3,2,1,1
202300039389,21,6,2023,11:30,1,1,6,13,13208,2,4,2,1,1
202300039390,18,6,2023,04:30,5,1,1,13,13005,1,4,-1,1,1
202300039391,20,6,2023,08:00,1,1,3,10,10387,2,4,1,1,1
202300039391,20,6,2023,08:00,1,1,3,10,10387,2,4,1,1,1
202300039392,15,6,2023,13:20,1,1,2,06,06069,2,4,2,1,1
202300039393,20,6,2023,10:10,1,2,6,03,03190,2,4,2,1,2
202300039394,21,6,2023,06:45,1,1,3,02,02738,2,4,1,1,1
202300039394,21,6,2023,06:45,1,1,3,02,02738,2,4,1,1,1
202300039395,21,6,2023,16:40,4,1,7,75,75116,2,4,1,1,1
202300039396,20,6,2023,17:50,1,1,3,75,75120,2,4,1,1,1
202300039397,19,6,2023,17:20,1,1,4,75,75120,2,4,1,1,1
202300039398,16,6,2023,19:59,1,1,5,75,75118,2,4,1,1,1
202300039399,15,6,2023,18:00,1,1,3,75,75116,2,4,1,1,1
202300039400,14,6,2023,12:10,1,1,4,75,75117,2,4,1,1,1
202300039401,21,6,2023,20:15,1,1,3,75,75107,2,4,2,1,1
202300039401,21,6,2023,20:15,1,1,3,75,75107,2,4,2,1,1
202300039402,16,6,2023,17:09,1,1,2,75,75104,2,4,1,1,1
202300039402,16,6,2023,17:09,1,1,2,75,75104,2,4,1,1,1
202300039403,20,6,2023,11:20,1,1,3,75,75105,2,4,1,1,1
202300039403,20,6,2023,11:20,1,1,3,75,75105,2,4,1,1,1
202300039404,20,6,2023,23:35,5,1,2,75,75105,2,4,1,1,1
202300039404,20,6,2023,23:35,5,1,2,75,75105,2,4,2,1,1
202300039405,21,6,2023,21:20,1,1,6,75,75119,2,4,-1,1,1
202300039406,21,6,2023,14:50,1,1,6,75,75117,2,4,3,2,1
202300039407,18,6,2023,01:30,5,1,3,75,75117,2,4,2,1,1
202300039407,18,6,2023,01:30,5,1,3,75,75117,2,4,2,1,1
202300039408,16,6,2023,12:00,1,1,1,75,75117,2,4,1,1,1
202300039409,10,6,2023,20:55,2,1,6,75,75117,2,4,2,1,1
202300039409,10,6,2023,20:55,2,1,6,75,75117,2,4,2,1,1
202300039410,20,6,2023,16:33,1,1,3,75,75114,2,4,2,1,1
202300039410,20,6,2023,16:33,1,1,3,75,75114,2,4,2,1,1
202300039411,17,6,2023,11:45,1,1,3,75,75114,2,4,2,1,1
202300039412,16,6,2023,15:14,1,1,3,75,75114,2,4,2,1,1
202300039413,21,6,2023,14:05,1,1,6,75,75113,2,4,2,1,1
202300039413,21,6,2023,14:05,1,1,6,75,75113,2,4,-1,1,1
202300039414,21,6,2023,08:45,1,1,2,75,75113,2,4,2,1,1
202300039415,21,6,2023,08:05,1,1,2,75,75113,2,4,-1,2,1
202300039416,21,6,2023,16:00,1,1,2,75,75111,2,4,2,1,1
202300039416,21,6,2023,16:00,1,1,2,75,75111,2,4,-1,1,1
202300039417,20,6,2023,22:45,5,1,3,75,75110,2,4,3,2,1
202300039417,20,6,2023,22:45,5,1,3,75,75110,2,4,2,2,1
202300039418,20,6,2023,20:10,1,1,6,75,75101,2,4,1,1,1
202300039418,20,6,2023,20:10,1,1,6,75,75101,2,4,1,1,1
202300039419,14,2,2023,06:13,3,1,2,27,27439,1,2,3,2,1
202300039420,20,6,2023,18:05,1,1,1,94,94067,2,3,1,1,1
202300039421,6,11,2023,07:15,1,1,6,988,98818,2,4,3,1,1
202300039421,6,11,2023,07:15,1,1,6,988,98818,2,4,2,1,1
202300039422,21,6,2023,02:05,5,1,4,94,94042,2,3,2,1,1
202300039423,21,6,2023,12:10,1,1,6,94,94046,2,3,2,1,1
202300039424,6,11,2023,11:50,1,1,6,69,69388,2,4,2,1,1
202300039424,6,11,2023,11:50,1,1,6,69,69388,2,4,2,1,1
202300039425,21,6,2023,08:10,1,1,3,94,94021,2,9,1,1,1
202300039426,6,11,2023,07:05,1,1,6,972,97213,2,3,2,2,1
202300039427,20,6,2023,18:30,1,1,6,94,94028,2,4,2,1,1
202300039428,20,6,2023,16:00,1,1,6,94,94017,2,4,2,1,1
202300039429,6,11,2023,20:50,5,1,1,69,69034,2,7,2,2,1
202300039430,21,6,2023,18:50,1,1,6,93,93031,2,3,2,1,1
202300039430,21,6,2023,18:50,1,1,6,93,93031,2,3,3,1,1
202300039431,6,11,2023,11:55,1,1,3,69,69381,2,4,1,1,1
202300039431,6,11,2023,11:55,1,1,3,69,69381,2,4,1,1,1
202300039432,20,6,2023,23:16,4,1,1,93,93079,2,3,2,2,1
202300039432,20,6,2023,23:16,4,1,1,93,93079,2,3,2,1,1
202300039433,21,6,2023,14:30,1,1,6,93,93014,2,4,3,1,1
202300039434,6,11,2023,15:30,1,1,2,971,97105,2,2,2,1,1
202300039435,20,6,2023,14:10,1,1,6,93,93047,2,4,2,1,2
202300039436,6,11,2023,11:30,1,1,1,95,95280,2,4,3,1,1
202300039437,21,6,2023,13:20,1,1,3,93,93010,2,3,3,1,1
202300039437,21,6,2023,13:20,1,1,3,93,93010,2,3,2,1,1
202300039438,6,11,2023,16:45,2,2,2,91,91114,2,3,3,1,2
202300039439,20,6,2023,19:10,1,1,2,93,93007,2,4,2,1,1
202300039440,6,11,2023,16:30,1,2,6,91,91589,2,4,2,1,2
202300039441,18,6,2023,11:45,1,7,3,93,93001,2,3,2,1,1
202300039441,18,6,2023,11:45,1,7,3,93,93001,2,3,2,1,1
202300039442,6,11,2023,12:00,1,1,6,91,91589,2,3,2,1,1
202300039442,6,11,2023,12:00,1,1,6,91,91589,2,3,2,1,1
202300039443,21,6,2023,09:23,1,1,2,92,92064,2,3,-1,1,1
202300039443,21,6,2023,09:23,1,1,2,92,92064,2,3,1,1,1
202300039444,5,11,2023,07:04,5,1,6,91,91223,2,3,2,1,1
202300039444,5,11,2023,07:04,5,1,6,91,91223,2,3,2,1,1
202300039445,21,6,2023,14:30,1,1,2,92,92051,2,3,3,1,1
202300039446,3,11,2023,18:40,5,3,6,87,87085,2,4,2,1,2
202300039447,21,6,2023,12:10,1,1,3,92,92050,2,3,3,1,1
202300039448,21,6,2023,18:50,1,1,2,92,92020,2,3,1,2,1
202300039449,3,11,2023,14:20,1,2,1,87,87085,2,4,1,1,2
202300039449,3,11,2023,14:20,1,2,1,87,87085,2,4,2,1,2
202300039450,20,6,2023,18:45,1,1,6,92,92020,2,3,2,1,1
202300039451,3,11,2023,13:59,1,3,6,87,87085,2,3,4,1,2
202300039452,21,6,2023,08:10,1,9,2,92,92040,2,3,3,1,1
202300039453,3,11,2023,07:27,5,3,6,87,87085,2,4,3,1,2
202300039454,31,10,2023,16:00,1,1,6,80,80021,2,4,4,1,1
202300039455,6,11,2023,15:00,1,1,6,78,78238,1,3,3,1,1
202300039456,6,11,2023,21:45,5,1,1,76,76498,2,7,2,1,1
202300039457,6,11,2023,12:05,1,6,6,76,76498,2,7,2,1,1
202300039458,4,11,2023,07:30,2,1,3,76,76351,2,4,3,1,1
202300039459,3,11,2023,21:50,5,1,2,76,76351,2,4,3,1,1
202300039459,3,11,2023,21:50,5,1,2,76,76351,2,4,2,1,1
202300039460,4,11,2023,09:15,1,1,1,76,76351,2,4,2,1,2
202300039461,4,11,2023,11:35,1,2,6,76,76351,2,4,2,1,2
202300039462,3,11,2023,15:38,1,1,6,76,76351,2,3,2,1,1
202300039462,3,11,2023,15:38,1,1,6,76,76351,2,3,2,1,1
202300039463,4,11,2023,16:30,1,3,6,76,76341,1,3,1,1,2
202300039464,6,11,2023,07:15,1,2,3,74,74305,2,3,-1,1,2
202300039464,6,11,2023,07:15,1,2,3,74,74305,2,3,2,1,2
202300039465,6,11,2023,09:55,1,8,3,74,74010,2,4,2,1,2
202300039466,6,11,2023,18:25,5,2,3,72,72181,2,4,2,1,2
202300039467,4,11,2023,13:30,1,3,3,71,71306,1,2,1,1,2
202300039468,6,11,2023,19:05,5,1,6,69,69266,2,4,2,1,1
202300039468,6,11,2023,19:05,5,1,6,69,69266,2,4,2,1,1
202300039469,6,11,2023,18:20,5,2,6,67,67482,2,4,2,1,2
202300039469,6,11,2023,18:20,5,2,6,67,67482,2,4,2,1,2
202300039470,6,11,2023,18:10,5,2,6,67,67482,2,4,2,1,2
202300039470,6,11,2023,18:10,5,2,6,67,67482,2,4,2,1,2
202300039471,20,6,2023,16:35,1,1,6,92,92036,2,3,2,1,1
202300039471,20,6,2023,16:35,1,1,6,92,92036,2,3,1,1,1
202300039472,6,11,2023,21:38,5,8,3,67,67180,2,3,1,1,2
202300039473,20,6,2023,13:45,1,1,7,92,92036,2,3,3,1,1
202300039474,21,6,2023,21:53,1,1,3,92,92026,2,3,3,1,1
202300039474,21,6,2023,21:53,1,1,3,92,92026,2,3,1,1,1
202300039475,6,11,2023,17:55,5,3,3,62,62193,2,4,2,1,2
202300039475,6,11,2023,17:55,5,3,3,62,62193,2,4,2,1,2
202300039476,21,6,2023,10:00,1,1,1,92,92004,2,4,-1,1,1
202300039477,21,6,2023,14:53,1,1,7,34,34155,1,3,2,1,1
202300039478,4,11,2023,15:10,1,2,3,57,57672,2,4,2,1,2
202300039478,4,11,2023,15:10,1,2,3,57,57672,2,4,2,1,2
202300039479,21,6,2023,16:38,1,1,1,01,01333,2,4,-1,1,1
202300039479,21,6,2023,16:38,1,1,1,01,01333,2,4,1,1,1
202300039480,6,11,2023,08:25,1,3,6,56,56260,2,4,2,3,2
202300039481,20,6,2023,14:35,1,1,6,67,67061,1,3,2,1,1
202300039482,21,6,2023,16:05,1,1,7,73,73330,1,3,2,1,1
202300039482,21,6,2023,16:05,1,1,7,73,73330,1,3,2,1,1
202300039483,29,5,2023,02:00,3,1,6,40,40304,2,9,1,1,1
202300039484,6,11,2023,11:20,1,1,3,51,51454,2,6,-1,1,2
202300039485,21,6,2023,01:15,3,2,7,33,33216,1,3,2,2,2
202300039486,22,6,2023,14:20,1,2,3,05,05027,1,3,2,2,2
202300039487,6,11,2023,20:44,3,3,6,51,51431,1,3,2,1,2
202300039488,22,6,2023,08:47,1,1,5,12,12033,1,3,2,2,2
202300039489,6,11,2023,19:10,5,3,6,50,50147,2,3,2,1,2
202300039490,22,6,2023,12:39,1,1,1,41,41101,1,1,3,1,2
202300039491,21,6,2023,17:00,1,1,3,72,72155,1,4,2,1,1
202300039492,3,11,2023,16:05,1,2,3,49,49007,2,4,3,1,2
202300039493,22,6,2023,04:00,3,1,3,77,77492,1,3,2,1,1
202300039494,21,6,2023,16:45,1,1,1,40,40246,1,3,2,1,1
202300039495,6,11,2023,12:00,1,1,6,43,43041,2,3,2,1,1
202300039496,21,6,2023,09:20,1,1,1,57,57370,1,3,2,1,1
202300039497,10,5,2023,08:25,1,2,3,59,59331,1,3,2,1,2
202300039498,2,11,2023,09:40,1,2,6,42,42071,2,4,-1,1,2
202300039499,22,6,2023,14:20,1,1,3,56,56259,1,4,2,1,1
202300039499,22,6,2023,14:20,1,1,3,56,56259,1,4,2,1,1
202300039500,6,11,2023,22:15,5,1,6,38,38151,2,4,2,1,1
202300039501,15,6,2023,07:50,1,1,3,77,77020,2,3,2,1,1
202300039502,6,11,2023,12:00,1,8,6,37,37261,2,4,1,2,2
202300039503,22,6,2023,07:45,2,2,7,46,46080,1,3,2,1,2
202300039504,6,11,2023,17:00,1,1,5,35,35055,2,3,3,1,1
202300039505,21,6,2023,17:00,1,1,6,39,39553,2,4,2,2,1
202300039505,21,6,2023,17:00,1,1,6,39,39553,2,4,2,1,1
202300039506,22,6,2023,01:20,3,1,1,58,58131,2,3,3,1,1
202300039507,5,11,2023,08:35,1,1,1,34,34108,2,4,2,1,1
202300039507,5,11,2023,08:35,1,1,1,34,34108,2,4,2,1,1
202300039508,2,11,2023,12:30,1,6,6,29,29039,1,3,2,1,2
202300039509,20,6,2023,13:20,1,3,7,72,72199,1,3,2,1,2
202300039510,20,6,2023,09:40,1,1,3,60,60444,1,3,2,1,1
202300039510,20,6,2023,09:40,1,1,3,60,60444,1,3,2,2,1
202300039511,20,6,2023,12:00,1,1,6,60,60401,2,3,2,2,1
202300039512,6,11,2023,14:35,1,1,3,26,26198,2,4,1,1,1
202300039513,22,6,2023,10:50,1,3,3,45,45329,1,3,2,2,2
202300039514,20,6,2023,18:10,1,1,3,43,43025,1,3,2,1,1
202300039514,20,6,2023,18:10,1,1,3,43,43025,1,3,2,1,1
202300039515,22,6,2023,06:00,2,3,6,36,36001,2,3,2,1,2
202300039516,20,6,2023,18:50,1,1,5,07,07304,1,3,2,2,1
202300039516,20,6,2023,18:50,1,1,5,07,07304,1,3,2,2,1
202300039517,6,11,2023,16:44,1,1,3,13,13117,2,4,2,1,1
202300039518,22,6,2023,21:21,1,1,3,40,40312,2,3,2,1,1
202300039518,22,6,2023,21:21,1,1,3,40,40312,2,3,-1,-1,-1
202300039519,6,11,2023,16:50,1,1,3,13,13117,2,4,2,1,1
202300039520,22,6,2023,12:20,1,1,6,85,85234,1,3,2,1,1
202300039521,22,6,2023,18:00,1,1,5,85,85084,1,3,2,1,1
202300039522,21,6,2023,17:15,1,1,7,85,85246,1,3,2,1,1
202300039522,21,6,2023,17:15,1,1,7,85,85246,1,3,2,2,1
202300039523,6,11,2023,16:25,1,1,3,13,13207,2,4,-1,1,1
202300039523,6,11,2023,16:25,1,1,3,13,13207,2,4,1,1,1
202300039524,20,6,2023,12:20,1,3,6,17,17309,2,3,2,1,2
202300039525,6,11,2023,10:26,1,1,6,13,13215,2,4,2,1,1
202300039526,21,6,2023,19:45,1,1,3,30,30029,2,3,2,2,1
202300039527,6,11,2023,12:27,1,1,7,10,10387,2,4,1,1,1
202300039528,21,6,2023,19:40,1,1,2,78,78043,1,3,3,2,1
202300039529,22,6,2023,16:08,1,1,7,06,06085,1,3,2,2,1
202300039530,6,11,2023,14:30,1,1,4,06,06069,2,3,2,1,1
202300039531,5,11,2023,17:17,1,1,6,02,02738,2,4,2,1,2
202300039532,6,11,2023,07:00,1,8,4,75,75112,2,4,1,1,1
202300039533,5,11,2023,22:28,5,1,2,75,75120,2,4,1,1,1
202300039534,6,11,2023,05:49,5,2,6,75,75110,2,4,2,1,2
202300039534,6,11,2023,05:49,5,2,6,75,75110,2,4,-1,1,2
202300039535,6,11,2023,15:05,1,1,6,75,75117,2,4,2,1,1
202300039535,6,11,2023,15:05,1,1,6,75,75117,2,4,-1,1,1
202300039536,6,11,2023,18:20,5,2,3,75,75116,2,4,2,4,2
202300039536,6,11,2023,18:20,5,2,3,75,75116,2,4,-1,4,2
202300039537,17,5,2023,12:48,1,1,4,45,45302,1,4,3,1,1
202300039538,6,11,2023,12:15,1,1,3,75,75116,2,4,2,1,1
202300039539,18,5,2023,01:05,4,8,6,44,44109,2,4,-1,1,2
202300039540,6,11,2023,09:45,1,1,3,75,75115,2,4,-1,1,1
202300039540,6,11,2023,09:45,1,1,3,75,75115,2,4,2,1,1
202300039541,17,5,2023,21:10,1,1,6,35,35051,2,4,2,1,1
202300039542,5,11,2023,23:45,5,8,3,75,75112,2,4,2,1,2
202300039542,5,11,2023,23:45,5,8,3,75,75112,2,4,2,1,2
202300039543,17,5,2023,21:40,2,1,6,35,35238,2,4,2,1,1
202300039544,17,5,2023,15:20,1,1,6,35,35238,2,4,2,1,1
202300039545,6,11,2023,20:00,5,2,6,75,75110,2,4,1,1,2
202300039545,6,11,2023,20:00,5,2,6,75,75110,2,4,1,1,2
202300039546,17,5,2023,19:00,1,1,1,34,34172,2,4,1,1,1
202300039547,17,5,2023,20:30,1,1,3,33,33063,2,4,2,1,1
202300039547,17,5,2023,20:30,1,1,3,33,33063,2,4,1,1,1
202300039548,5,11,2023,15:03,1,2,3,75,75101,2,4,-1,1,2
202300039548,5,11,2023,15:03,1,2,3,75,75101,2,4,1,1,2
202300039549,17,5,2023,18:15,1,1,3,32,32013,2,4,2,1,1
202300039550,17,5,2023,14:00,1,1,3,31,31555,2,4,2,1,1
202300039551,5,11,2023,07:05,2,1,3,94,94081,2,4,2,1,1
202300039552,6,11,2023,16:05,1,1,6,94,94074,2,3,2,1,1
202300039553,17,5,2023,13:50,1,1,3,29,29232,2,4,4,1,1
202300039554,18,5,2023,01:20,4,1,6,29,29019,1,3,3,1,1
202300039555,6,11,2023,08:05,1,2,2,94,94044,2,3,2,1,2
202300039556,6,11,2023,19:00,5,1,6,94,94046,2,3,2,1,1
202300039557,18,5,2023,00:40,5,1,4,29,29019,2,4,2,1,1
202300039558,6,11,2023,07:50,2,1,6,94,94076,2,4,2,1,1
202300039559,17,5,2023,08:05,1,1,3,27,27299,2,3,2,1,1
202300039559,17,5,2023,08:05,1,1,3,27,27299,2,3,3,1,1
202300039560,6,11,2023,15:05,1,2,3,94,94041,2,3,1,1,2
202300039560,6,11,2023,15:05,1,2,3,94,94041,2,3,1,1,2
202300039561,16,5,2023,16:30,1,7,6,27,27229,2,4,2,1,1
202300039562,6,11,2023,08:45,1,1,6,93,93066,2,3,2,1,1
202300039563,17,5,2023,23:05,5,1,3,25,25056,2,4,2,1,1
202300039563,17,5,2023,23:05,5,1,3,25,25056,2,4,3,2,1
202300039564,5,11,2023,21:53,5,1,6,93,93047,2,3,3,1,1
202300039565,17,5,2023,19:05,1,1,3,17,17306,2,4,2,1,1
202300039566,6,11,2023,08:50,1,1,3,93,93001,2,4,2,1,1
202300039567,17,5,2023,08:45,1,1,7,17,17028,2,4,2,1,1
202300039568,6,11,2023,09:15,1,1,3,93,93001,2,3,1,1,1
202300039568,6,11,2023,09:15,1,1,3,93,93001,2,3,2,1,1
202300039569,15,5,2023,15:35,1,1,2,14,14366,2,4,1,1,1
202300039570,6,11,2023,09:05,1,1,2,92,92040,2,3,2,1,1
202300039571,17,5,2023,11:20,1,1,2,14,14254,1,2,1,1,1
202300039572,17,5,2023,05:25,5,1,6,13,13208,2,4,2,1,1
202300039573,6,11,2023,15:15,1,2,3,92,92026,2,4,2,1,2
202300039574,6,11,2023,10:15,1,1,3,92,92024,2,3,1,1,1
202300039575,16,5,2023,14:30,1,1,4,13,13204,2,4,2,1,1
202300039576,6,11,2023,15:00,1,2,6,92,92071,2,4,1,2,2
202300039577,17,5,2023,13:35,1,1,6,11,11069,2,4,2,2,1
202300039578,1,11,2023,19:05,5,1,3,92,92012,2,4,2,2,2
202300039579,17,5,2023,21:20,5,1,6,10,10387,2,4,2,1,1
202300039580,17,5,2023,14:30,1,2,1,06,06123,1,4,2,2,2
202300039581,7,11,2023,14:20,1,2,3,76,76182,1,3,2,1,2
202300039581,7,11,2023,14:20,1,2,3,76,76182,1,3,2,1,2
202300039582,5,5,2023,08:45,1,1,6,02,02722,2,4,1,1,1
202300039582,5,5,2023,08:45,1,1,6,02,02722,2,4,1,1,1
202300039583,7,11,2023,07:00,2,1,1,44,44144,1,3,2,2,2
202300039584,17,5,2023,18:13,1,1,6,75,75120,2,4,-1,1,1
202300039584,17,5,2023,18:13,1,1,6,75,75120,2,4,1,1,1
202300039585,22,10,2023,17:15,1,1,5,974,97422,2,4,2,1,1
202300039586,17,5,2023,11:35,1,1,3,75,75120,2,4,2,1,1
202300039586,17,5,2023,11:35,1,1,3,75,75120,2,4,2,1,1
202300039587,7,11,2023,10:25,1,1,3,83,83086,1,3,2,1,1
202300039587,7,11,2023,10:25,1,1,3,83,83086,1,3,2,1,1
202300039588,5,11,2023,01:10,3,6,7,28,28173,1,3,2,1,2
202300039589,17,5,2023,02:10,5,1,3,75,75120,2,4,-1,1,1
202300039589,17,5,2023,02:10,5,1,3,75,75120,2,4,2,2,1
202300039590,6,11,2023,08:50,1,9,6,14,14061,1,3,2,2,2
202300039591,17,5,2023,10:40,1,1,6,75,75118,2,4,-1,1,1
202300039591,17,5,2023,10:40,1,1,6,75,75118,2,4,2,2,1
202300039592,6,11,2023,14:00,1,3,7,50,50095,1,3,2,1,2
202300039593,7,11,2023,00:25,3,1,6,62,62414,1,3,2,1,1
202300039593,7,11,2023,00:25,3,1,6,62,62414,1,3,2,1,1
202300039594,17,5,2023,14:00,1,1,2,75,75117,2,4,-1,1,1
202300039594,17,5,2023,14:00,1,1,2,75,75117,2,4,-1,1,1
202300039595,7,11,2023,07:20,2,5,3,30,30092,2,4,2,1,2
202300039595,7,11,2023,07:20,2,5,3,30,30092,2,4,2,1,2
202300039596,17,5,2023,10:35,1,1,3,75,75117,2,4,2,1,1
202300039596,17,5,2023,10:35,1,1,3,75,75117,2,4,2,1,9
202300039597,4,11,2023,20:00,5,2,3,59,59549,1,3,-1,1,2
202300039597,4,11,2023,20:00,5,2,3,59,59549,1,3,2,1,2
202300039598,6,11,2023,11:54,1,3,6,56,56244,1,2,3,2,2
202300039599,17,5,2023,10:20,1,1,3,75,75117,2,4,2,1,1
202300039599,17,5,2023,10:20,1,1,3,75,75117,2,4,-1,1,1
202300039600,7,11,2023,12:50,1,2,6,80,80360,2,3,2,2,2
202300039601,16,5,2023,23:05,3,1,6,75,75116,2,4,3,1,1
202300039602,7,11,2023,08:30,2,7,2,49,49002,1,3,2,1,1
202300039603,28,10,2023,05:00,3,1,7,47,47280,1,3,2,1,1
202300039604,17,5,2023,03:10,5,1,6,75,75116,2,4,2,1,1
202300039605,6,11,2023,10:00,1,3,6,47,47168,2,3,1,1,2
202300039606,17,5,2023,19:10,1,1,6,75,75114,2,4,3,1,1
202300039607,6,11,2023,18:50,5,3,6,25,25578,2,3,2,1,2
202300039608,17,5,2023,08:42,1,1,6,75,75114,2,4,-1,2,1
202300039609,7,11,2023,11:45,1,1,2,26,26114,2,3,2,1,1
202300039610,17,5,2023,15:00,1,1,6,75,75110,2,4,1,1,1
202300039610,17,5,2023,15:00,1,1,6,75,75110,2,4,2,1,1
202300039611,7,11,2023,16:15,1,1,7,07,07299,1,4,2,1,1
202300039612,7,11,2023,07:20,2,1,6,53,53097,2,4,2,2,1
202300039613,16,5,2023,16:35,1,1,2,75,75110,2,4,1,1,1
202300039613,16,5,2023,16:35,1,1,2,75,75110,2,4,1,1,1
202300039614,6,11,2023,17:00,1,1,2,63,63181,1,1,3,2,1
202300039615,17,5,2023,10:50,1,1,3,75,75107,2,4,1,1,1
202300039615,17,5,2023,10:50,1,1,3,75,75107,2,4,2,1,1
202300039616,6,11,2023,06:30,2,1,4,68,68297,1,1,3,1,1
202300039617,16,5,2023,13:50,1,1,1,75,75101,2,4,2,1,1
202300039617,16,5,2023,13:50,1,1,1,75,75101,2,4,2,1,1
202300039618,6,11,2023,17:06,2,2,3,28,28088,2,3,2,3,2
202300039618,6,11,2023,17:06,2,2,3,28,28088,2,3,2,4,2
202300039619,17,5,2023,17:05,1,1,6,94,94046,2,4,1,1,1
202300039619,17,5,2023,17:05,1,1,6,94,94046,2,4,1,1,1
202300039620,3,11,2023,17:00,1,1,3,83,83047,2,4,2,1,1
202300039621,17,5,2023,19:30,1,1,2,94,94021,2,3,2,1,1
202300039622,17,5,2023,10:30,1,1,7,94,94018,2,4,1,1,1
202300039623,17,5,2023,06:20,2,1,6,94,94069,2,3,2,1,1
202300039624,5,11,2023,14:55,1,1,1,38,38554,1,3,2,1,2
202300039625,16,5,2023,12:40,1,1,3,94,94002,2,3,2,1,1
202300039625,16,5,2023,12:40,1,1,3,94,94002,2,3,2,2,1
202300039626,7,11,2023,07:50,2,1,7,07,07059,1,3,2,1,1
202300039627,16,5,2023,23:15,5,1,6,93,93077,2,3,1,1,1
202300039627,16,5,2023,23:15,5,1,6,93,93077,2,3,2,1,1
202300039628,31,10,2023,10:30,1,1,7,56,56041,1,4,2,1,1
202300039629,17,5,2023,14:55,1,1,3,93,93053,2,3,1,1,1
202300039629,17,5,2023,14:55,1,1,3,93,93053,2,3,3,1,1
202300039630,13,10,2023,05:00,5,1,3,29,29057,1,3,1,1,1
202300039630,13,10,2023,05:00,5,1,3,29,29057,1,3,1,1,1
202300039631,17,5,2023,16:20,1,1,6,93,93048,2,3,3,1,1
202300039632,6,11,2023,08:20,1,1,7,22,22059,1,3,2,1,1
202300039633,16,5,2023,20:08,2,1,6,93,93045,2,4,1,1,1
202300039633,16,5,2023,20:08,2,1,6,93,93045,2,4,1,1,1
202300039634,23,10,2023,17:30,2,2,3,22,22162,1,4,2,1,2
202300039634,23,10,2023,17:30,2,2,3,22,22162,1,4,2,1,2
202300039634,23,10,2023,17:30,2,2,3,22,22162,1,4,2,1,2
202300039635,17,5,2023,16:50,1,1,6,93,93029,2,4,2,1,1
202300039636,16,5,2023,23:05,5,1,3,93,93057,2,3,3,1,1
202300039637,25,2,2023,05:30,3,1,6,95,95256,1,2,3,2,1
202300039638,17,5,2023,16:30,1,1,3,93,93007,2,4,2,1,1
202300039638,17,5,2023,16:30,1,1,3,93,93007,2,4,1,1,1
202300039639,7,11,2023,08:05,2,1,6,35,35152,1,3,2,1,1
202300039639,7,11,2023,08:05,2,1,6,35,35152,1,3,2,1,1
202300039640,24,2,2023,19:30,1,1,5,94,94079,1,1,3,1,1
202300039641,7,11,2023,05:45,3,1,6,76,76099,1,3,2,1,1
202300039642,17,5,2023,08:30,1,1,3,93,93007,2,3,2,1,1
202300039643,24,2,2023,07:35,1,1,6,988,98818,2,4,2,1,1
202300039644,17,5,2023,16:59,1,1,6,92,92078,1,3,1,1,1
202300039645,7,11,2023,10:30,2,7,2,60,60653,1,3,2,1,1
202300039645,7,11,2023,10:30,2,7,2,60,60653,1,3,2,1,1
202300039646,17,5,2023,07:50,1,1,3,92,92072,2,3,2,2,1
202300039647,24,2,2023,09:40,1,8,6,77,77288,2,4,2,1,1
202300039648,24,2,2023,00:00,5,2,3,973,97302,1,2,1,1,2
202300039649,17,5,2023,16:21,1,1,6,92,92063,2,3,3,1,1
202300039649,17,5,2023,16:21,1,1,6,92,92063,2,3,2,1,1
202300039650,16,5,2023,18:55,1,1,2,92,92051,2,3,2,1,1
202300039651,24,2,2023,01:32,5,1,3,69,69387,2,4,2,1,2
202300039651,24,2,2023,01:32,5,1,3,69,69387,2,4,2,1,2
202300039651,24,2,2023,01:32,5,1,3,69,69387,2,4,1,1,2
202300039652,5,11,2023,19:00,5,2,4,33,33550,1,1,3,1,2
202300039653,17,5,2023,08:35,1,1,6,92,92050,2,3,1,1,1
202300039654,13,2,2023,17:30,1,1,2,972,97213,2,3,3,1,1
202300039655,17,5,2023,17:50,1,1,3,92,92049,2,3,2,1,1
202300039656,24,2,2023,08:40,1,2,7,972,97209,1,4,2,2,2