id_accident,jour,mois,annee,heure_minute,luminosite,meteo,type_collision,departement,commune,agglomeration,categorie_route,regime_circulation,profil_route,etat_surface
202300039657,3,11,2023,12:00,1,1,5,59,59343,1,1,1,1,1
202300039658,17,5,2023,15:30,1,1,3,92,92049,2,4,-1,1,1
202300039659,6,11,2023,10:00,1,1,7,91,91521,2,2,1,1,2
202300039660,24,2,2023,18:30,5,2,6,69,69034,2,7,2,1,2
202300039661,17,5,2023,08:40,1,1,6,92,92048,2,3,2,1,1
202300039662,23,2,2023,18:35,2,1,6,69,69034,2,4,2,2,1
202300039663,6,11,2023,07:30,2,1,2,91,91064,1,2,3,1,2
202300039664,17,5,2023,13:37,1,1,6,92,92036,2,4,2,1,1
202300039665,6,11,2023,03:45,3,2,6,91,91136,1,1,1,2,2
202300039666,24,2,2023,16:10,1,1,6,2B,2B033,2,4,2,2,1
202300039667,17,5,2023,09:30,1,1,3,92,92036,1,4,2,1,1
202300039668,5,11,2023,23:36,3,1,2,91,91340,1,1,3,1,2
202300039669,24,2,2023,10:00,1,1,1,2B,2B106,1,3,2,2,9
202300039670,5,11,2023,06:40,2,2,6,92,92050,1,1,1,1,2
202300039671,17,5,2023,03:10,5,1,4,92,92012,2,3,3,1,1
202300039672,17,5,2023,02:14,5,1,6,92,92009,2,4,-1,1,1
202300039673,26,4,2023,21:00,2,2,6,92,92004,2,3,-1,1,2
202300039674,24,2,2023,03:15,3,2,6,81,81144,1,3,2,2,2
202300039675,6,11,2023,10:10,1,1,2,93,93078,1,1,3,1,1
202300039676,18,5,2023,14:10,1,1,6,39,39020,1,3,2,1,1
202300039677,6,11,2023,07:20,3,1,3,95,95018,1,1,3,1,1
202300039678,18,5,2023,20:25,1,1,1,80,80136,1,3,2,1,1
202300039679,5,11,2023,00:20,3,2,6,94,94073,1,1,3,1,2
202300039680,24,2,2023,11:05,1,1,1,77,77516,1,3,2,1,1
202300039681,17,5,2023,16:35,1,1,5,62,62812,1,3,2,1,1
202300039682,27,6,2023,19:00,1,1,2,28,28015,2,3,2,1,1
202300039683,23,2,2023,12:30,1,1,6,76,76351,2,4,2,1,1
202300039683,23,2,2023,12:30,1,1,6,76,76351,2,4,2,1,1
202300039684,18,5,2023,08:45,1,1,3,31,31271,1,3,2,1,1
202300039685,23,2,2023,11:00,1,1,1,71,71499,2,4,2,1,1
202300039686,27,6,2023,17:50,1,1,3,13,13003,1,3,2,1,1
202300039686,27,6,2023,17:50,1,1,3,13,13003,1,3,2,1,1
202300039687,18,5,2023,04:40,3,1,1,79,79313,1,3,2,1,1
202300039688,24,2,2023,16:55,1,1,3,69,69282,2,4,2,1,1
202300039688,24,2,2023,16:55,1,1,3,69,69282,2,4,2,1,1
202300039689,3,11,2023,08:50,1,1,3,973,97302,2,3,2,1,1
202300039689,3,11,2023,08:50,1,1,3,973,97302,2,3,2,1,1
202300039690,17,5,2023,17:35,1,1,5,41,41225,1,3,2,1,1
202300039691,24,2,2023,18:00,3,2,2,69,69290,2,4,2,1,2
202300039692,18,5,2023,15:05,1,1,3,57,57172,1,3,2,1,1
202300039692,18,5,2023,15:05,1,1,3,57,57172,1,3,2,1,1
202300039692,18,5,2023,15:05,1,1,3,57,57172,1,3,2,1,1
202300039693,24,2,2023,16:25,1,2,3,69,69029,2,4,2,1,2
202300039694,5,11,2023,17:00,2,1,3,69,69388,2,4,2,1,1
202300039694,5,11,2023,17:00,2,1,3,69,69388,2,4,2,1,1
202300039695,25,2,2023,00:30,3,1,7,64,64130,1,4,2,1,1
202300039696,17,5,2023,13:50,1,1,3,51,51391,1,2,2,2,1
202300039696,17,5,2023,13:50,1,1,3,51,51391,1,2,2,1,1
202300039697,5,11,2023,15:50,1,1,7,972,97213,1,4,2,2,2
202300039698,4,11,2023,12:16,1,1,6,972,97213,1,1,2,1,1
202300039699,18,5,2023,09:15,1,1,1,79,79062,1,3,2,2,1
202300039700,24,2,2023,14:30,1,1,4,64,64545,2,3,2,1,1
202300039701,4,11,2023,11:00,1,1,2,972,97213,1,1,2,1,1
202300039702,17,5,2023,14:55,1,1,1,33,33518,1,3,2,1,1
202300039703,5,11,2023,02:37,5,3,6,972,97209,1,1,1,2,2
202300039704,24,2,2023,09:40,1,1,4,64,64445,2,4,-1,1,2
202300039704,24,2,2023,09:40,1,1,4,64,64445,2,4,-1,1,2
202300039705,18,5,2023,19:55,1,1,6,49,49310,2,3,2,1,1
202300039706,5,11,2023,14:50,1,1,3,69,69034,2,4,2,2,1
202300039707,23,2,2023,18:20,1,2,4,64,64102,2,4,3,1,2
202300039708,18,5,2023,00:50,3,1,7,12,12066,1,3,2,2,1
202300039709,5,11,2023,15:13,5,1,2,69,69384,2,4,3,1,1
202300039710,18,5,2023,01:00,3,1,6,29,29216,1,3,2,1,1
202300039711,21,2,2023,20:15,5,1,3,62,62498,2,4,4,1,1
202300039711,21,2,2023,20:15,5,1,3,62,62498,2,4,-1,1,1
202300039712,24,2,2023,19:20,5,1,1,62,62048,2,4,2,1,1
202300039713,17,5,2023,17:45,1,1,3,29,29167,1,3,2,1,1
202300039713,17,5,2023,17:45,1,1,3,29,29167,1,3,2,3,1
202300039714,5,11,2023,17:00,5,1,4,971,97113,1,2,2,1,1
202300039715,18,5,2023,10:15,1,1,6,02,02441,1,3,2,4,1
202300039716,5,11,2023,10:45,1,1,2,971,97101,2,3,2,1,1
202300039717,24,2,2023,11:00,1,1,1,60,60057,2,4,2,4,1
202300039717,24,2,2023,11:00,1,1,1,60,60057,2,4,2,3,1
202300039718,17,5,2023,16:53,1,1,6,15,15152,2,3,2,2,1
202300039719,24,2,2023,19:45,5,8,3,59,59328,2,7,2,1,2
202300039719,24,2,2023,19:45,5,8,3,59,59328,2,7,2,1,2
202300039720,18,5,2023,11:30,1,8,7,01,01319,1,3,2,2,1
202300039720,18,5,2023,11:30,1,8,7,01,01319,1,3,2,1,1
202300039721,5,11,2023,00:55,5,1,1,971,97105,2,2,2,2,1
202300039722,24,2,2023,19:05,2,1,3,59,59350,2,4,1,1,1
202300039723,17,5,2023,08:45,1,1,1,72,72176,1,3,2,1,1
202300039724,5,11,2023,02:11,5,3,3,95,95585,2,3,2,1,2
202300039724,5,11,2023,02:11,5,3,3,95,95585,2,3,3,1,2
202300039725,13,5,2023,10:00,1,2,3,43,43028,1,3,2,1,2
202300039726,23,2,2023,14:45,1,1,2,59,59350,2,7,-1,1,1
202300039727,24,2,2023,21:15,5,1,3,59,59122,2,3,2,1,1
202300039728,4,11,2023,15:31,1,2,3,95,95268,2,4,1,1,2
202300039728,4,11,2023,15:31,1,2,3,95,95268,2,4,1,1,2
202300039729,17,5,2023,08:30,2,1,2,17,17443,2,3,-1,1,1
202300039729,17,5,2023,08:30,2,1,2,17,17443,2,3,2,1,1
202300039730,24,2,2023,13:35,1,2,6,58,58194,2,4,2,1,2
202300039730,24,2,2023,13:35,1,2,6,58,58194,2,4,1,1,2
202300039731,5,11,2023,18:35,3,1,6,95,95218,2,2,3,1,1
202300039732,17,5,2023,21:20,2,1,3,17,17140,2,3,2,1,1
202300039733,5,11,2023,01:50,5,3,6,91,91345,2,3,4,1,2
202300039733,5,11,2023,01:50,5,3,6,91,91345,2,3,2,1,2
202300039734,17,5,2023,18:25,1,7,1,17,17353,1,3,3,1,1
202300039735,24,2,2023,17:26,1,1,3,56,56098,2,4,3,1,1
202300039735,24,2,2023,17:26,1,1,3,56,56098,2,4,2,1,1
202300039736,17,5,2023,21:25,3,1,1,88,88029,2,4,2,1,1
202300039737,3,11,2023,21:00,3,1,2,91,91161,1,3,3,2,1
202300039738,24,2,2023,15:25,1,1,3,56,56121,2,4,1,1,1
202300039738,24,2,2023,15:25,1,1,3,56,56121,2,4,2,1,1
202300039739,16,5,2023,21:30,3,1,6,03,03031,1,1,1,1,1
202300039740,18,5,2023,18:40,1,2,6,13,13001,1,1,3,1,2
202300039741,3,11,2023,20:55,5,1,3,86,86066,2,4,1,2,1
202300039741,3,11,2023,20:55,5,1,3,86,86066,2,4,1,1,1
202300039742,24,2,2023,13:00,1,1,3,56,56121,2,4,2,1,1
202300039742,24,2,2023,13:00,1,1,3,56,56121,2,4,2,1,1
202300039743,18,5,2023,09:50,1,1,6,01,01179,1,1,3,1,1
202300039744,30,10,2023,18:30,5,3,6,84,84035,2,4,2,1,2
202300039745,24,2,2023,11:10,1,1,3,56,56098,2,4,1,1,1
202300039745,24,2,2023,11:10,1,1,3,56,56098,2,4,2,1,1
202300039746,18,5,2023,03:00,5,1,6,987,98715,2,2,2,1,1
202300039747,23,2,2023,16:50,1,2,6,56,56098,2,3,2,2,2
202300039748,5,11,2023,10:10,1,1,4,83,83090,2,3,3,2,1
202300039749,5,11,2023,09:42,1,1,7,79,79329,2,4,2,1,1
202300039750,16,5,2023,14:30,1,1,4,987,98715,1,2,3,4,1
202300039751,24,2,2023,14:50,1,2,3,54,54528,2,3,2,1,2
202300039751,24,2,2023,14:50,1,2,3,54,54528,2,3,2,1,2
202300039752,18,5,2023,07:05,1,1,2,34,34240,1,1,1,1,1
202300039753,15,2,2023,16:15,1,1,6,49,49328,2,4,-1,1,1
202300039754,5,11,2023,20:50,3,9,7,76,76497,2,4,2,1,1
202300039755,24,2,2023,19:10,5,2,6,45,45284,2,4,3,2,2
202300039756,5,11,2023,18:00,5,1,6,71,71270,2,3,3,1,1
202300039757,18,5,2023,08:30,1,1,1,33,33527,1,3,2,1,1
202300039758,11,2,2023,18:30,5,1,6,42,42207,2,4,2,1,1
202300039759,4,11,2023,16:25,1,3,2,69,69259,1,7,3,1,2
202300039760,13,5,2023,20:45,2,2,1,77,77206,1,3,2,1,2
202300039761,24,2,2023,04:45,5,8,2,42,42218,2,4,2,1,2
202300039762,5,11,2023,19:10,5,1,7,64,64445,2,4,2,1,9
202300039763,17,5,2023,11:50,1,1,6,83,83068,1,3,2,1,1
202300039764,18,2,2023,17:45,1,1,6,40,40192,2,4,1,1,1
202300039765,18,5,2023,02:28,3,1,3,13,13110,1,3,2,1,1
202300039765,18,5,2023,02:28,3,1,3,13,13110,1,3,2,1,1
202300039766,5,11,2023,07:15,3,8,6,59,59088,1,7,2,1,2
202300039767,19,2,2023,16:20,1,1,1,40,40192,1,3,2,1,1
202300039768,24,2,2023,20:15,5,2,1,37,37261,2,4,1,1,2
202300039768,24,2,2023,20:15,5,2,1,37,37261,2,4,2,1,2
202300039769,5,11,2023,18:30,1,1,3,57,57463,2,4,-1,1,1
202300039770,18,5,2023,09:05,1,2,4,26,26058,1,1,3,1,2
202300039771,24,2,2023,13:55,1,1,3,33,33063,2,4,1,1,1
202300039771,24,2,2023,13:55,1,1,3,33,33063,2,4,1,1,1
202300039772,30,10,2023,15:56,1,2,7,53,53130,2,4,2,1,2
202300039772,30,10,2023,15:56,1,2,7,53,53130,2,4,2,2,2
202300039773,17,5,2023,21:00,3,1,3,89,89390,1,1,3,1,1
202300039774,23,2,2023,12:20,1,1,1,29,29019,2,4,2,3,2
202300039775,5,11,2023,23:30,3,3,6,47,47032,1,4,1,2,2
202300039776,17,5,2023,15:30,1,1,6,68,68171,2,3,2,1,1
202300039777,24,2,2023,07:50,2,1,3,27,27299,2,4,3,1,1
202300039777,24,2,2023,07:50,2,1,3,27,27299,2,4,2,1,1
202300039778,6,11,2023,00:40,5,1,6,45,45232,2,4,3,1,1
202300039779,17,5,2023,09:45,1,1,3,68,68334,2,3,2,1,1
202300039779,17,5,2023,09:45,1,1,3,68,68334,2,3,2,1,1
202300039780,24,2,2023,12:40,1,1,1,25,25462,2,4,2,1,1
202300039781,17,5,2023,18:00,1,8,2,69,69176,2,3,2,1,1
202300039782,5,11,2023,06:40,5,1,3,45,45147,2,4,4,4,2
202300039782,5,11,2023,06:40,5,1,3,45,45147,2,4,2,1,2
202300039783,24,2,2023,14:50,1,1,2,23,23096,2,4,1,2,1
202300039783,24,2,2023,14:50,1,1,2,23,23096,2,4,1,2,1
202300039784,13,5,2023,19:30,1,8,3,59,59232,1,3,3,1,1
202300039785,5,11,2023,18:10,5,1,1,42,42186,1,7,2,4,1
202300039786,22,2,2023,18:00,1,2,3,19,19031,2,4,2,1,2
202300039786,22,2,2023,18:00,1,2,3,19,19031,2,4,2,1,2
202300039787,17,5,2023,20:35,1,1,6,59,59181,1,2,2,4,1
202300039788,5,11,2023,21:05,3,8,6,37,37122,2,7,3,1,2
202300039789,18,5,2023,04:15,2,1,6,59,59250,1,2,3,1,1
202300039790,20,2,2023,20:25,5,1,3,18,18279,2,4,1,1,1
202300039790,20,2,2023,20:25,5,1,3,18,18279,2,4,2,1,1
202300039791,17,5,2023,19:20,1,1,2,33,33192,1,1,3,1,1
202300039792,5,11,2023,06:10,5,8,3,37,37261,2,4,2,1,2
202300039792,5,11,2023,06:10,5,8,3,37,37261,2,4,2,1,2
202300039793,5,11,2023,19:00,5,1,6,33,33529,2,3,2,1,2
202300039794,23,2,2023,18:25,1,8,3,14,14118,2,4,2,1,1
202300039794,23,2,2023,18:25,1,8,3,14,14118,2,4,1,1,1
202300039795,17,5,2023,16:02,1,1,3,92,92036,1,1,3,1,1
202300039796,5,11,2023,13:20,1,8,6,33,33529,1,3,2,1,2
202300039797,12,4,2023,17:45,1,2,2,92,92025,1,1,3,1,2
202300039798,24,2,2023,08:10,1,2,3,13,13203,2,4,1,2,2
202300039798,24,2,2023,08:10,1,2,3,13,13203,2,4,1,1,2
202300039799,4,11,2023,17:30,2,2,3,31,31555,2,4,2,1,2
202300039800,24,2,2023,14:43,1,1,2,10,10387,2,4,-1,1,1
202300039801,17,5,2023,10:25,1,1,4,93,93064,1,1,3,1,1
202300039802,4,11,2023,17:20,2,2,3,31,31555,2,4,2,1,2
202300039803,24,2,2023,13:55,1,1,3,06,06029,2,4,3,1,1
202300039804,5,11,2023,22:05,5,2,6,25,25462,2,4,2,1,2
202300039805,17,5,2023,08:15,1,1,6,95,95018,1,1,3,1,1
202300039806,19,2,2023,21:50,3,1,7,05,05061,2,4,2,2,1
202300039807,12,5,2023,13:35,1,1,6,92,92025,2,4,2,1,1
202300039808,5,11,2023,16:20,2,8,6,25,25056,2,3,2,2,2
202300039809,23,2,2023,19:52,5,1,6,03,03310,2,4,1,1,1
202300039809,23,2,2023,19:52,5,1,6,03,03310,2,4,-1,1,1
202300039810,16,5,2023,09:05,1,8,3,69,69386,2,4,1,1,1
202300039810,16,5,2023,09:05,1,8,3,69,69386,2,4,1,1,1
202300039811,4,11,2023,18:10,5,2,3,22,22113,2,4,2,2,2
202300039811,4,11,2023,18:10,5,2,3,22,22113,2,4,2,2,2
202300039812,24,2,2023,14:30,1,1,5,01,01053,2,3,2,1,1
202300039812,24,2,2023,14:30,1,1,5,01,01053,2,3,2,1,1
202300039813,7,5,2023,12:38,1,1,6,46,46042,2,3,2,2,1
202300039813,7,5,2023,12:38,1,1,6,46,46042,2,3,1,2,1
202300039814,5,11,2023,18:40,5,1,2,13,13211,2,7,2,1,1
202300039815,17,5,2023,06:04,2,1,6,988,98818,2,4,2,3,1
202300039816,5,11,2023,12:00,1,2,3,07,07281,1,3,-1,2,2
202300039817,24,2,2023,20:15,5,1,3,93,93007,2,4,2,1,1
202300039817,24,2,2023,20:15,5,1,3,93,93007,2,4,2,1,1
202300039818,16,5,2023,09:40,1,1,5,976,97611,1,3,2,2,1
202300039819,24,2,2023,02:50,5,1,2,75,75106,2,4,2,1,1
202300039819,24,2,2023,02:50,5,1,2,75,75106,2,4,2,1,1
202300039820,17,10,2023,16:15,1,2,2,05,05061,2,4,2,1,2
202300039821,16,5,2023,09:45,1,1,3,974,97416,2,4,3,1,1
202300039821,16,5,2023,09:45,1,1,3,974,97416,2,4,2,1,1
202300039822,5,11,2023,22:50,5,2,6,03,03185,2,4,2,1,2
202300039823,24,2,2023,19:30,5,1,6,75,75118,2,4,1,1,1
202300039823,24,2,2023,19:30,5,1,6,75,75118,2,4,1,2,1
202300039824,16,5,2023,17:45,2,1,1,974,97411,2,4,2,2,1
202300039825,24,2,2023,16:55,1,1,3,75,75116,2,4,2,1,1
202300039826,16,5,2023,07:40,1,1,6,974,97411,2,3,2,2,1
202300039827,24,2,2023,12:00,1,1,6,75,75115,2,4,1,1,1
202300039828,4,11,2023,18:00,5,2,2,75,75120,2,4,1,1,2
202300039829,16,5,2023,17:10,1,2,3,973,97309,2,4,2,1,2
202300039830,24,2,2023,00:00,5,1,6,75,75120,2,4,1,1,1
202300039830,24,2,2023,00:00,5,1,6,75,75120,2,4,1,1,1
202300039831,16,5,2023,15:10,1,1,6,69,69388,2,4,2,1,1
202300039832,4,11,2023,17:35,2,1,6,75,75112,2,4,1,1,1
202300039833,24,2,2023,19:20,5,1,6,75,75111,2,4,2,1,1
202300039833,24,2,2023,19:20,5,1,6,75,75111,2,4,1,1,1
202300039834,16,5,2023,07:20,1,1,3,69,69387,2,4,1,1,1
202300039835,24,2,2023,14:15,1,1,2,75,75110,2,4,1,1,1
202300039835,24,2,2023,14:15,1,1,2,75,75110,2,4,1,1,1
202300039836,3,11,2023,18:35,5,1,2,75,75116,2,4,1,1,1
202300039837,16,5,2023,08:55,1,1,3,2A,2A004,1,4,2,3,1
202300039838,24,2,2023,16:54,1,1,3,75,75109,2,4,3,1,1
202300039838,24,2,2023,16:54,1,1,3,75,75109,2,4,1,1,1
202300039839,5,11,2023,05:35,5,1,3,75,75110,2,4,1,1,1
202300039839,5,11,2023,05:35,5,1,3,75,75110,2,4,-1,1,1
202300039840,7,5,2023,16:55,1,1,7,95,95063,2,4,-1,1,1
202300039841,24,2,2023,10:25,1,1,3,75,75109,2,4,1,1,1
202300039841,24,2,2023,10:25,1,1,3,75,75109,2,4,1,1,1
202300039842,16,5,2023,07:40,1,1,3,91,91589,2,4,1,2,1
202300039842,16,5,2023,07:40,1,1,3,91,91589,2,4,2,1,1
202300039843,4,11,2023,22:35,5,2,2,75,75120,2,4,2,1,2
202300039844,16,5,2023,15:50,1,1,6,83,83137,2,4,2,1,1
202300039845,24,2,2023,01:20,5,1,3,75,75109,2,4,1,1,1
202300039845,24,2,2023,01:20,5,1,3,75,75109,2,4,1,1,1
202300039846,5,11,2023,09:59,1,2,3,75,75114,2,4,2,1,2
202300039846,5,11,2023,09:59,1,2,3,75,75114,2,4,2,1,2
202300039847,16,5,2023,16:45,1,1,1,77,77291,2,4,2,1,1
202300039848,24,2,2023,07:05,2,1,3,75,75104,2,4,1,1,1
202300039848,24,2,2023,07:05,2,1,3,75,75104,2,4,2,1,1
202300039849,5,11,2023,01:35,5,2,6,75,75114,2,4,4,1,2
202300039849,5,11,2023,01:35,5,2,6,75,75114,2,4,4,1,2
202300039850,10,5,2023,18:04,1,1,6,77,77479,1,9,2,1,1
202300039851,23,2,2023,12:20,1,1,6,75,75101,2,4,1,1,1
202300039851,23,2,2023,12:20,1,1,6,75,75101,2,4,1,1,1
202300039852,4,11,2023,12:30,1,8,7,75,75114,2,4,2,1,2
202300039852,4,11,2023,12:30,1,8,7,75,75114,2,4,1,1,2
202300039853,24,2,2023,16:20,1,1,3,94,94067,2,3,2,1,1
202300039854,16,5,2023,18:08,1,1,3,77,77305,2,4,2,1,1
202300039855,16,5,2023,15:18,1,1,6,77,77186,2,4,-1,1,1
202300039856,24,2,2023,20:30,5,1,1,94,94041,2,3,2,2,1
202300039856,24,2,2023,20:30,5,1,1,94,94041,2,3,1,2,1
202300039857,4,11,2023,06:13,5,2,6,75,75113,2,4,2,1,2
202300039857,4,11,2023,06:13,5,2,6,75,75113,2,4,1,1,2
202300039858,16,5,2023,08:45,1,1,3,76,76108,2,7,2,1,1
202300039859,15,5,2023,08:50,1,1,3,76,76351,2,4,2,2,2
202300039859,15,5,2023,08:50,1,1,3,76,76351,2,4,2,1,2
202300039860,23,2,2023,15:40,1,1,3,94,94028,2,3,3,1,1
202300039861,5,11,2023,12:50,1,1,2,75,75110,2,4,1,1,1
202300039861,5,11,2023,12:50,1,1,2,75,75110,2,4,1,1,1
202300039862,24,2,2023,13:20,1,1,3,93,93073,2,4,1,1,1
202300039862,24,2,2023,13:20,1,1,3,93,93073,2,4,2,1,1
202300039863,15,5,2023,12:20,1,1,3,72,72181,2,4,1,1,1
202300039864,5,11,2023,00:15,5,2,6,75,75108,2,4,1,1,2
202300039864,5,11,2023,00:15,5,2,6,75,75108,2,4,1,1,2
202300039865,24,2,2023,13:15,1,1,6,93,93072,2,3,3,1,1
202300039866,16,5,2023,16:50,1,1,3,69,69256,2,4,2,1,1
202300039866,16,5,2023,16:50,1,1,3,69,69256,2,4,2,1,1
202300039867,5,11,2023,12:40,1,8,2,75,75107,2,4,-1,1,2
202300039867,5,11,2023,12:40,1,8,2,75,75107,2,4,1,1,2
202300039868,15,5,2023,15:45,1,1,3,69,69266,2,4,2,1,1
202300039869,24,2,2023,21:05,5,1,3,93,93074,2,3,2,1,1
202300039869,24,2,2023,21:05,5,1,3,93,93074,2,3,3,2,1
202300039870,5,11,2023,06:50,5,1,2,75,75102,2,4,-1,1,1
202300039870,5,11,2023,06:50,5,1,2,75,75102,2,4,1,1,1
202300039871,13,5,2023,01:10,5,1,7,67,67218,2,7,3,2,1
202300039871,13,5,2023,01:10,5,1,7,67,67218,2,7,2,1,1
202300039872,23,2,2023,21:15,5,1,6,93,93006,2,3,2,1,1
202300039873,16,5,2023,19:40,1,1,3,64,64260,2,3,2,2,1
202300039873,16,5,2023,19:40,1,1,3,64,64260,2,3,2,1,1
202300039874,5,11,2023,02:05,5,2,6,75,75101,2,4,1,1,2
202300039874,5,11,2023,02:05,5,2,6,75,75101,2,4,1,1,2
202300039875,24,2,2023,12:45,1,1,3,93,93001,2,3,2,1,1
202300039876,16,5,2023,22:15,3,1,7,64,64483,2,4,1,1,1
202300039877,4,11,2023,23:00,5,2,3,94,94041,2,3,2,1,2
202300039878,23,2,2023,22:40,5,1,3,93,93001,2,3,2,1,1
202300039878,23,2,2023,22:40,5,1,3,93,93001,2,3,2,1,1
202300039879,16,5,2023,07:05,2,3,3,64,64445,2,4,2,1,2
202300039879,16,5,2023,07:05,2,3,3,64,64445,2,4,2,1,2
202300039880,24,2,2023,11:50,1,1,3,92,92051,2,3,2,1,1
202300039881,5,11,2023,20:00,5,2,3,94,94034,2,4,2,2,2
202300039882,14,5,2023,17:50,1,1,3,62,62048,2,4,2,1,1
202300039882,14,5,2023,17:50,1,1,3,62,62048,2,4,2,1,1
202300039883,24,2,2023,16:33,1,1,3,92,92049,2,4,2,1,1
202300039884,16,5,2023,19:30,1,1,2,59,59599,2,7,2,1,1
202300039885,5,11,2023,05:15,5,2,1,94,94022,2,4,2,1,2
202300039885,5,11,2023,05:15,5,2,1,94,94022,2,4,2,1,2
202300039886,24,2,2023,07:35,1,1,3,92,92078,2,3,2,1,1
202300039886,24,2,2023,07:35,1,1,3,92,92078,2,3,2,1,1
202300039887,16,5,2023,08:00,1,1,1,59,59299,2,4,1,1,1
202300039888,5,11,2023,16:45,1,2,3,94,94075,2,3,2,1,2
202300039888,5,11,2023,16:45,1,2,3,94,94075,2,3,1,1,2
202300039889,23,2,2023,21:28,5,1,2,92,92036,2,3,3,1,1
202300039889,23,2,2023,21:28,5,1,2,92,92036,2,3,3,1,1
202300039890,6,5,2023,05:05,5,1,3,59,59350,2,7,2,1,1
202300039890,6,5,2023,05:05,5,1,3,59,59350,2,7,3,1,1
202300039891,5,11,2023,08:50,2,2,6,94,94047,2,3,2,1,2
202300039892,23,2,2023,18:25,5,1,3,92,92036,2,3,3,1,1
202300039893,16,5,2023,13:10,1,1,1,59,59350,2,7,2,1,1
202300039893,16,5,2023,13:10,1,1,1,59,59350,2,7,-1,1,1
202300039894,24,2,2023,15:15,1,1,4,92,92035,2,3,1,1,1
202300039895,5,11,2023,13:30,1,2,3,93,93047,2,4,2,1,2
202300039895,5,11,2023,13:30,1,2,3,93,93047,2,4,2,1,2
202300039896,15,5,2023,19:20,1,1,3,58,58194,2,4,2,1,1
202300039896,15,5,2023,19:20,1,1,3,58,58194,2,4,2,1,1
202300039897,24,2,2023,18:39,2,1,6,92,92002,2,4,2,1,1
202300039897,24,2,2023,18:39,2,1,6,92,92002,2,4,2,2,1
202300039898,15,5,2023,08:40,1,1,4,56,56098,2,3,2,1,1
202300039899,25,2,2023,16:00,1,1,7,44,44180,2,4,2,2,1
202300039900,5,11,2023,01:20,5,2,6,92,92064,2,3,2,2,2
202300039901,15,5,2023,17:30,1,1,7,54,54371,1,3,2,1,1
202300039902,25,2,2023,14:35,1,1,7,08,08435,1,4,2,1,1
202300039903,15,5,2023,16:07,1,1,1,52,52121,2,4,2,1,1
202300039904,24,2,2023,18:27,1,1,6,86,86258,1,3,2,1,2
202300039904,24,2,2023,18:27,1,1,6,86,86258,1,3,2,1,2
202300039905,16,5,2023,18:15,1,1,3,51,51454,2,4,2,1,1
202300039905,16,5,2023,18:15,1,1,3,51,51454,2,4,2,1,1
202300039906,25,2,2023,05:55,3,1,6,02,02060,1,1,3,1,1
202300039907,16,5,2023,20:00,1,1,3,44,44132,2,4,2,1,1
202300039907,16,5,2023,20:00,1,1,3,44,44132,2,4,2,1,1
202300039908,24,2,2023,19:15,3,2,1,62,62078,1,3,2,1,2
202300039909,23,2,2023,18:00,2,1,6,27,27230,1,4,2,1,1
202300039910,17,5,2023,02:15,5,1,6,37,37261,2,4,2,1,1
202300039910,17,5,2023,02:15,5,1,6,37,37261,2,4,-1,1,1
202300039911,24,2,2023,22:20,3,2,7,84,84029,1,3,2,1,2
202300039912,16,5,2023,19:40,1,1,2,37,37261,2,4,2,1,1
202300039913,16,5,2023,11:00,1,1,6,37,37214,2,4,1,1,1
202300039914,24,2,2023,16:00,1,1,4,62,62491,1,3,2,1,1
202300039914,24,2,2023,16:00,1,1,4,62,62491,1,3,-1,1,1
202300039915,16,5,2023,08:00,1,1,3,37,37261,2,4,2,1,1
202300039916,20,2,2023,16:30,1,1,6,87,87202,1,3,2,3,1
202300039917,16,5,2023,17:10,1,1,4,35,35278,1,3,3,1,1
202300039918,25,2,2023,01:00,3,1,6,19,19176,1,3,2,1,2
202300039919,16,5,2023,13:30,1,1,6,35,35051,1,2,1,2,1
202300039920,24,2,2023,15:30,1,1,7,65,65350,1,3,2,1,1
202300039921,15,5,2023,14:00,1,2,6,35,35150,1,3,2,1,2
202300039922,15,5,2023,16:45,1,1,3,34,34172,2,4,1,1,1
202300039922,15,5,2023,16:45,1,1,3,34,34172,2,4,1,1,1
202300039923,16,5,2023,20:30,1,7,6,33,33063,2,4,1,1,1
202300039924,24,2,2023,15:00,1,1,3,55,55431,1,3,2,2,1
202300039924,24,2,2023,15:00,1,1,3,55,55431,1,3,-1,1,1
202300039925,16,5,2023,17:30,1,1,3,33,33063,2,4,1,1,1
202300039926,25,2,2023,10:20,1,1,3,46,46066,1,3,2,1,1
202300039926,25,2,2023,10:20,1,1,3,46,46066,1,3,2,1,1
202300039927,25,2,2023,02:30,3,1,6,86,86100,1,3,2,1,1
202300039928,16,5,2023,15:30,1,1,6,33,33318,2,4,2,1,1
202300039928,16,5,2023,15:30,1,1,6,33,33318,2,4,2,1,1
202300039929,25,2,2023,03:30,3,2,7,68,68176,2,3,2,2,2
202300039930,24,2,2023,16:10,1,8,7,44,44131,1,4,2,1,2
202300039931,14,5,2023,19:00,1,1,2,33,33063,2,4,2,1,1
202300039931,14,5,2023,19:00,1,1,2,33,33063,2,4,1,1,1
202300039932,24,2,2023,18:00,2,1,7,03,03018,1,3,2,2,1
202300039933,16,5,2023,19:40,1,1,1,29,29232,2,4,1,1,1
202300039933,16,5,2023,19:40,1,1,1,29,29232,2,4,2,1,1
202300039934,16,5,2023,08:36,1,1,7,27,27681,2,4,2,1,1
202300039935,15,5,2023,17:25,1,1,7,27,27562,1,3,2,1,1