id_accident,jour,mois,annee,heure_minute,luminosite,meteo,type_collision,departement,commune,agglomeration,categorie_route,regime_circulation,profil_route,etat_surface
202300039936,24,2,2023,19:45,3,1,3,14,14193,1,3,2,1,1
202300039936,24,2,2023,19:45,3,1,3,14,14193,1,3,2,1,1
202300039937,14,5,2023,23:33,5,1,6,27,27681,2,4,2,2,1
202300039938,24,2,2023,16:50,1,1,1,14,14303,1,4,1,1,1
202300039939,24,2,2023,07:35,1,1,2,14,14454,2,3,2,2,1
202300039939,24,2,2023,07:35,1,1,2,14,14454,2,3,2,2,1
202300039940,16,5,2023,17:00,1,1,7,18,18033,2,3,3,1,1
202300039940,16,5,2023,17:00,1,1,7,18,18033,2,3,3,1,1
202300039940,16,5,2023,17:00,1,1,7,18,18033,2,3,-1,1,1
202300039940,16,5,2023,17:00,1,1,7,18,18033,2,3,2,1,1
202300039941,25,2,2023,04:10,3,1,7,60,60272,1,3,2,1,1
202300039942,21,2,2023,21:30,3,1,6,85,85145,1,3,2,1,1
202300039943,24,2,2023,19:25,3,2,7,30,30012,1,3,2,1,2
202300039944,16,5,2023,08:55,1,1,4,15,15014,2,2,2,1,1
202300039945,15,5,2023,09:30,1,1,6,14,14366,2,4,1,1,1
202300039946,24,2,2023,18:15,3,2,1,88,88037,1,3,2,2,2
202300039947,16,5,2023,17:15,1,1,6,14,14437,2,4,2,1,1
202300039948,25,2,2023,12:40,1,1,6,88,88304,2,3,2,1,1
202300039948,25,2,2023,12:40,1,1,6,88,88304,2,3,1,1,1
202300039949,16,5,2023,09:10,1,1,3,13,13210,2,4,2,1,1
202300039950,24,2,2023,20:12,5,1,1,974,97402,1,4,2,2,1
202300039951,5,2,2023,20:00,4,1,7,49,49266,1,1,3,1,1
202300039952,15,5,2023,16:20,1,1,6,13,13001,2,4,2,1,1
202300039953,15,5,2023,12:04,1,1,3,11,11262,2,4,2,1,1
202300039953,15,5,2023,12:04,1,1,3,11,11262,2,4,2,1,1
202300039954,24,2,2023,18:30,3,8,7,988,98822,1,2,2,1,1
202300039954,24,2,2023,18:30,3,8,7,988,98822,1,2,2,-1,1
202300039955,14,5,2023,10:55,1,1,1,11,11069,2,4,2,2,1
202300039956,16,5,2023,07:13,1,1,6,06,06088,2,4,3,1,1
202300039957,24,2,2023,14:00,1,3,1,988,98821,1,2,2,2,2
202300039958,16,5,2023,04:00,5,1,7,06,06069,2,4,2,1,1
202300039959,25,2,2023,00:00,5,1,1,973,97311,2,3,2,1,1
202300039959,25,2,2023,00:00,5,1,1,973,97311,2,3,2,1,1
202300039960,15,5,2023,16:30,1,2,4,06,06069,2,4,2,1,2
202300039961,25,2,2023,11:30,1,1,3,66,66108,2,3,2,1,1
202300039961,25,2,2023,11:30,1,1,3,66,66108,2,3,2,1,1
202300039962,16,5,2023,06:45,1,1,3,06,06029,2,4,3,1,1
202300039963,24,2,2023,17:00,1,1,5,84,84026,1,3,2,1,1
202300039964,10,5,2023,16:45,1,1,3,04,04112,2,4,3,1,1
202300039965,24,2,2023,08:30,1,5,1,71,71090,1,3,2,2,2
202300039966,16,5,2023,19:00,1,1,2,75,75119,2,4,1,1,1
202300039967,16,5,2023,16:10,1,1,2,75,75113,2,4,1,1,1
202300039968,9,2,2023,17:45,2,1,3,67,67118,2,7,1,1,1
202300039968,9,2,2023,17:45,2,1,3,67,67118,2,7,2,1,1
202300039969,16,5,2023,14:30,1,1,3,75,75115,2,4,1,1,1
202300039970,25,2,2023,03:15,3,2,7,26,26064,1,3,2,1,2
202300039971,15,5,2023,13:10,1,2,2,75,75117,2,4,1,1,2
202300039972,24,2,2023,16:45,1,1,1,24,24361,1,3,2,1,1
202300039973,24,2,2023,20:15,3,1,6,33,33433,1,4,2,1,1
202300039974,15,5,2023,11:25,1,1,2,75,75114,2,4,1,1,1
202300039975,14,5,2023,15:00,1,1,6,75,75120,2,4,1,1,1
202300039976,23,2,2023,18:26,3,1,2,13,13211,1,1,3,1,1
202300039977,16,5,2023,18:20,1,1,6,75,75114,2,4,1,1,1
202300039978,23,2,2023,12:44,1,1,2,13,13214,1,1,3,1,1
202300039979,15,5,2023,09:45,1,1,2,75,75120,2,4,1,1,1
202300039980,24,2,2023,17:15,1,1,4,94,94038,1,1,3,1,1
202300039981,14,5,2023,13:20,1,1,2,75,75106,2,4,-1,1,1
202300039981,14,5,2023,13:20,1,1,2,75,75106,2,4,1,1,1
202300039982,24,2,2023,16:40,1,1,3,91,91161,1,1,1,1,1
202300039983,16,5,2023,08:55,1,1,3,75,75120,2,4,1,1,1
202300039984,16,5,2023,14:00,1,1,6,75,75118,2,4,-1,1,1
202300039985,24,2,2023,06:14,3,1,4,91,91687,1,1,3,1,1
202300039986,23,2,2023,15:00,1,1,6,68,68056,2,4,2,1,1
202300039987,16,5,2023,08:10,1,1,3,75,75118,2,4,2,1,1
202300039987,16,5,2023,08:10,1,1,3,75,75118,2,4,1,1,1
202300039988,16,5,2023,10:56,1,1,6,75,75116,2,4,2,1,1
202300039989,3,2,2023,19:20,5,1,6,62,62510,2,3,2,1,1
202300039989,3,2,2023,19:20,5,1,6,62,62510,2,3,1,1,1
202300039990,23,2,2023,16:00,1,1,1,974,97416,1,3,2,1,1
202300039991,23,2,2023,11:55,1,1,7,974,97416,1,4,2,2,1
202300039992,23,2,2023,08:10,1,1,2,974,97411,1,2,1,2,1
202300039993,23,2,2023,08:30,1,2,7,973,97302,1,3,2,1,2
202300039994,22,2,2023,23:25,5,1,3,973,97302,2,4,2,1,1
202300039995,23,2,2023,21:00,5,2,3,69,69388,2,4,1,1,2
202300039995,23,2,2023,21:00,5,2,3,69,69388,2,4,1,3,2
202300039996,23,2,2023,19:10,2,2,6,69,69388,2,4,2,1,2
202300039996,23,2,2023,19:10,2,2,6,69,69388,2,4,2,1,2
202300039997,23,2,2023,18:45,2,1,3,69,69386,2,4,1,1,1
202300039997,23,2,2023,18:45,2,1,3,69,69386,2,4,1,1,1
202300039998,23,2,2023,10:15,1,1,3,69,69388,2,4,2,2,1
202300039999,22,2,2023,22:26,4,1,6,972,97213,2,4,1,1,1
202300039999,22,2,2023,22:26,4,1,6,972,97213,2,4,1,1,1
202300040000,17,2,2023,04:50,4,1,6,972,97213,2,3,-1,1,1
202300040001,23,2,2023,16:05,1,1,1,2B,2B033,2,4,2,2,1
202300040002,23,2,2023,15:00,1,1,2,971,97113,2,2,2,1,1
202300040003,23,2,2023,00:40,5,1,2,971,97120,2,4,2,1,1
202300040004,22,2,2023,20:30,5,1,6,971,97101,2,4,1,1,1
202300040005,21,2,2023,18:35,5,1,6,971,97105,2,2,1,1,1
202300040006,23,2,2023,08:00,1,1,3,95,95280,2,3,3,2,1
202300040006,23,2,2023,08:00,1,1,3,95,95280,2,3,2,1,1
202300040007,8,4,2023,22:30,3,1,2,94,94021,1,1,1,1,1
202300040008,23,2,2023,18:30,5,1,6,95,95555,2,4,2,1,1
202300040009,8,4,2023,16:20,1,1,2,91,91340,1,2,1,1,1
202300040010,23,2,2023,12:15,1,1,1,88,88462,2,3,2,1,1
202300040011,22,2,2023,12:07,1,2,6,87,87075,1,2,2,1,2
202300040012,23,2,2023,18:53,2,8,2,81,81004,2,4,2,1,2
202300040012,23,2,2023,18:53,2,8,2,81,81004,2,4,2,1,2
202300040013,19,2,2023,23:35,5,1,6,80,80489,2,4,2,1,1
202300040014,9,4,2023,12:50,1,1,4,78,78402,1,1,1,1,1
202300040015,8,4,2023,21:00,3,1,7,78,78140,1,1,-1,1,1
202300040016,23,2,2023,09:15,1,1,3,79,79191,2,4,2,1,1
202300040016,23,2,2023,09:15,1,1,3,79,79191,2,4,2,1,1
202300040017,9,4,2023,11:04,1,1,2,78,78402,1,1,1,1,1
202300040018,23,2,2023,07:40,2,2,6,79,79191,2,3,2,2,2
202300040018,23,2,2023,07:40,2,2,6,79,79191,2,3,2,4,2
202300040019,23,2,2023,14:40,1,1,3,78,78624,1,3,-1,1,1
202300040020,9,4,2023,15:00,1,1,2,93,93006,1,1,-1,1,1
202300040021,23,2,2023,06:30,5,1,1,77,77390,2,4,2,1,2
202300040022,23,2,2023,15:50,1,1,2,76,76114,2,3,2,1,1
202300040023,8,4,2023,12:30,1,1,2,93,93010,1,1,3,1,1
202300040024,23,2,2023,18:45,5,2,3,69,69266,2,4,2,1,2
202300040025,9,4,2023,02:35,5,1,1,94,94052,1,1,1,1,1
202300040026,23,2,2023,11:30,1,1,6,69,69266,2,4,2,1,1
202300040027,23,2,2023,20:00,5,2,6,69,69266,1,7,1,1,2
202300040028,8,4,2023,17:30,1,1,2,77,77251,2,2,3,1,1
202300040029,23,2,2023,09:40,1,2,3,64,64129,2,3,2,1,2
202300040029,23,2,2023,09:40,1,2,3,64,64129,2,3,1,1,2
202300040030,8,4,2023,10:20,1,1,3,83,83137,2,4,-1,2,1
202300040031,21,2,2023,17:30,1,1,6,64,64122,2,4,2,3,1
202300040032,23,2,2023,07:23,5,2,6,64,64102,2,4,2,1,2
202300040033,8,4,2023,12:10,1,1,3,974,97411,2,4,2,2,1
202300040034,12,2,2023,18:00,2,1,7,63,63113,2,4,2,1,1
202300040035,8,4,2023,18:05,2,1,3,973,97302,2,4,2,1,1
202300040035,8,4,2023,18:05,2,1,3,973,97302,2,4,2,1,1
202300040036,3,9,2023,18:10,1,1,2,75,75113,2,4,1,1,1
202300040037,14,2,2023,10:33,1,1,2,63,63113,2,7,3,2,1
202300040037,14,2,2023,10:33,1,1,2,63,63113,2,7,2,1,1
202300040038,8,4,2023,14:40,1,1,1,69,69387,2,4,1,1,1
202300040038,8,4,2023,14:40,1,1,1,69,69387,2,4,1,1,1
202300040039,2,9,2023,19:25,1,1,2,75,75114,2,4,1,1,1
202300040040,8,4,2023,13:55,1,1,1,2B,2B120,1,2,2,3,1
202300040041,2,9,2023,10:25,1,1,2,75,75119,2,4,1,1,1
202300040042,8,4,2023,04:10,3,1,3,95,95510,1,2,1,1,1
202300040043,23,2,2023,19:00,5,1,2,59,59090,2,7,1,1,1
202300040044,23,3,2023,19:34,5,1,2,86,86066,2,4,2,1,1
202300040045,2,9,2023,14:35,1,1,3,75,75112,2,4,2,2,1
202300040045,2,9,2023,14:35,1,1,3,75,75112,2,4,2,1,1
202300040046,3,9,2023,03:29,5,1,3,75,75105,2,4,1,2,1
202300040046,3,9,2023,03:29,5,1,3,75,75105,2,4,2,2,1
202300040047,22,2,2023,19:10,2,2,6,59,59410,2,4,2,1,2
202300040048,8,4,2023,18:40,1,1,3,81,81065,1,3,2,2,1
202300040048,8,4,2023,18:40,1,1,3,81,81065,1,3,2,1,1
202300040049,3,9,2023,12:35,1,1,3,75,75120,2,4,2,1,1
202300040050,3,9,2023,01:45,5,1,3,75,75119,2,4,1,1,1
202300040050,3,9,2023,01:45,5,1,3,75,75119,2,4,1,1,1
202300040051,7,4,2023,17:40,1,1,1,79,79191,2,4,2,2,1
202300040052,22,2,2023,18:30,5,2,3,59,59350,2,4,2,1,2
202300040052,22,2,2023,18:30,5,2,3,59,59350,2,4,2,1,2
202300040053,2,9,2023,22:40,5,1,3,75,75115,2,4,3,1,1
202300040053,2,9,2023,22:40,5,1,3,75,75115,2,4,-1,1,1
202300040054,2,9,2023,17:10,1,1,4,75,75113,2,4,3,1,1
202300040055,8,4,2023,04:45,3,1,1,79,79191,2,3,2,2,1
202300040056,22,2,2023,19:33,5,2,1,57,57306,2,3,2,1,2
202300040057,3,9,2023,17:55,1,1,6,75,75112,2,4,1,1,1
202300040057,3,9,2023,17:55,1,1,6,75,75112,2,4,1,1,1
202300040058,23,2,2023,15:00,1,1,6,57,57751,2,6,-1,1,2
202300040059,3,9,2023,02:18,5,1,6,75,75111,2,4,2,1,1
202300040059,3,9,2023,02:18,5,1,6,75,75111,2,4,2,1,1
202300040060,23,2,2023,10:50,1,2,1,51,51454,2,4,2,1,2
202300040061,2,9,2023,19:05,1,1,3,75,75108,2,4,-1,1,1
202300040061,2,9,2023,19:05,1,1,3,75,75108,2,4,1,1,1
202300040062,22,2,2023,17:20,1,2,2,49,49007,2,3,3,1,2
202300040063,8,4,2023,20:20,1,1,3,77,77152,1,3,2,1,1
202300040064,3,9,2023,20:20,2,1,3,75,75102,2,4,1,1,1
202300040064,3,9,2023,20:20,2,1,3,75,75102,2,4,1,1,1
202300040065,22,2,2023,13:55,1,1,3,49,49353,2,3,1,1,1
202300040066,8,4,2023,08:50,1,1,3,77,77152,2,4,-1,1,1
202300040067,3,9,2023,17:16,1,1,3,75,75104,2,4,1,1,1
202300040067,3,9,2023,17:16,1,1,3,75,75104,2,4,1,1,1
202300040068,23,2,2023,06:55,5,1,1,45,45286,1,4,2,1,1
202300040069,3,9,2023,11:20,1,1,6,75,75104,2,4,2,2,1
202300040070,23,2,2023,08:10,1,1,6,44,44184,2,4,2,2,1
202300040070,23,2,2023,08:10,1,1,6,44,44184,2,4,2,2,1
202300040071,8,4,2023,13:50,1,1,2,77,77014,2,3,2,4,1
202300040072,8,4,2023,09:10,1,1,6,71,71270,2,4,2,2,1
202300040073,3,9,2023,19:40,1,1,2,94,94043,2,3,2,1,1
202300040074,18,2,2023,16:55,1,1,6,42,42207,1,4,2,1,1
202300040074,18,2,2023,16:55,1,1,6,42,42207,1,4,2,3,1
202300040075,8,4,2023,13:30,1,1,6,71,71445,2,4,2,1,1
202300040076,2,9,2023,22:10,5,1,3,93,93051,2,4,2,1,1
202300040076,2,9,2023,22:10,5,1,3,93,93051,2,4,2,1,1
202300040077,21,2,2023,18:50,5,1,3,38,38185,2,4,4,1,2
202300040077,21,2,2023,18:50,5,1,3,38,38185,2,4,2,1,2
202300040078,9,4,2023,00:15,3,1,7,69,69275,2,4,2,1,1
202300040078,9,4,2023,00:15,3,1,7,69,69275,2,4,2,1,1
202300040079,3,9,2023,19:10,1,1,3,93,93048,2,3,2,1,1
202300040080,23,2,2023,19:05,5,2,3,37,37261,2,7,3,1,2
202300040081,8,4,2023,18:34,1,1,6,69,69266,2,9,-1,1,1
202300040082,23,2,2023,14:45,1,2,2,35,35238,2,4,2,1,2
202300040083,2,9,2023,22:30,3,1,5,92,92051,2,2,2,1,1
202300040084,23,2,2023,01:25,5,1,6,34,34032,2,3,2,1,1
202300040085,8,4,2023,03:05,5,1,2,69,69259,2,4,2,1,1
202300040086,30,7,2023,10:50,1,1,2,34,34032,1,1,3,1,1
202300040087,23,2,2023,11:10,1,2,3,33,33529,2,4,2,1,2
202300040087,23,2,2023,11:10,1,2,3,33,33529,2,4,2,1,2
202300040088,8,4,2023,18:15,1,1,2,64,64024,2,4,3,1,1
202300040089,3,9,2023,13:00,1,1,4,13,13028,1,1,1,1,1
202300040090,23,2,2023,11:20,1,1,3,29,29232,2,3,2,2,1
202300040090,23,2,2023,11:20,1,1,3,29,29232,2,3,-1,1,1
202300040091,3,9,2023,10:30,1,1,7,83,83027,1,1,3,1,1
202300040092,7,4,2023,17:25,1,1,2,64,64102,2,3,2,1,1
202300040093,22,2,2023,09:45,1,1,3,29,29039,2,3,2,1,1
202300040093,22,2,2023,09:45,1,1,3,29,29039,2,3,2,1,1
202300040094,8,4,2023,22:50,3,1,6,62,62277,1,3,2,1,1
202300040095,3,9,2023,06:18,3,1,2,91,91689,1,1,1,1,1
202300040096,23,2,2023,08:55,1,1,6,26,26198,2,4,2,1,1
202300040097,3,9,2023,17:30,1,1,6,93,93027,1,1,3,1,1
202300040098,23,2,2023,07:20,1,1,2,25,25056,2,2,2,1,1
202300040099,8,4,2023,21:40,3,1,3,62,62628,2,4,2,1,1
202300040099,8,4,2023,21:40,3,1,3,62,62628,2,4,2,1,1
202300040100,3,9,2023,16:45,1,1,2,94,94033,1,1,1,1,1
202300040101,10,2,2023,11:50,1,1,6,24,24557,1,6,-1,1,1
202300040102,3,9,2023,09:00,1,1,3,94,94069,1,1,1,1,1
202300040103,22,2,2023,13:15,1,1,3,30,30032,2,4,-1,4,1
202300040104,8,4,2023,02:00,3,1,5,60,60382,1,2,3,1,1
202300040105,2,9,2023,16:45,1,3,2,75,75112,1,1,1,1,2
202300040106,23,2,2023,20:30,5,1,3,13,13210,2,4,1,1,1
202300040106,23,2,2023,20:30,5,1,3,13,13210,2,4,1,1,1
202300040107,8,4,2023,09:00,1,1,3,60,60057,2,4,3,1,1
202300040108,23,2,2023,18:20,2,1,1,13,13209,2,4,2,1,1
202300040109,4,6,2023,10:45,1,7,3,89,89307,1,2,-1,1,1
202300040109,4,6,2023,10:45,1,7,3,89,89307,1,2,2,1,1
202300040110,7,4,2023,16:50,1,1,3,59,59360,2,7,2,1,1
202300040110,7,4,2023,16:50,1,1,3,59,59360,2,7,2,1,1
202300040111,8,4,2023,13:50,1,1,6,59,59183,2,4,1,1,1
202300040112,3,5,2023,16:20,1,1,1,88,88496,1,3,2,1,1
202300040112,3,5,2023,16:20,1,1,1,88,88496,1,3,2,1,1
202300040113,19,4,2023,02:57,5,1,6,10,10362,2,4,-1,1,1
202300040114,5,4,2023,17:10,1,1,6,57,57227,2,4,2,1,1
202300040115,2,9,2023,14:00,1,1,2,974,97411,2,4,2,1,1
202300040116,8,4,2023,20:30,1,1,3,44,44109,2,4,1,1,1
202300040117,2,9,2023,16:31,1,1,3,973,97302,2,4,1,1,1
202300040117,2,9,2023,16:31,1,1,3,973,97302,2,4,2,1,1
202300040118,8,4,2023,19:00,1,1,7,44,44109,2,4,3,2,1
202300040119,2,9,2023,11:30,1,1,3,69,69386,2,4,1,1,1
202300040119,2,9,2023,11:30,1,1,3,69,69386,2,4,1,1,1
202300040120,9,4,2023,01:30,5,1,6,38,38185,2,4,2,1,1
202300040121,1,9,2023,22:40,5,1,6,972,97209,1,1,3,3,1
202300040122,7,4,2023,17:20,1,1,6,38,38185,2,4,-1,1,1
202300040123,2,9,2023,05:50,1,2,6,971,97101,2,3,2,1,2
202300040124,7,4,2023,16:00,1,1,6,35,35288,2,3,2,1,1
202300040125,2,9,2023,13:45,1,1,4,91,91201,2,3,2,2,1
202300040126,2,9,2023,14:35,1,1,2,91,91286,2,4,2,1,1
202300040126,2,9,2023,14:35,1,1,2,91,91286,2,4,2,1,1
202300040127,7,4,2023,17:55,1,1,5,35,35238,2,2,3,1,1
202300040128,2,9,2023,02:41,3,1,2,77,77288,1,3,3,1,2
202300040129,7,4,2023,16:15,1,1,3,33,33063,2,4,1,1,1
202300040129,7,4,2023,16:15,1,1,3,33,33063,2,4,1,1,1
202300040130,8,4,2023,21:05,5,1,6,29,29232,2,4,2,3,1
202300040131,31,8,2023,23:30,3,1,6,77,77450,1,3,1,4,2
202300040132,2,9,2023,14:30,1,1,3,76,76474,2,7,2,1,1
202300040133,8,4,2023,15:26,1,1,3,29,29232,1,3,-1,1,1
202300040133,8,4,2023,15:26,1,1,3,29,29232,1,3,1,1,1
202300040134,8,4,2023,12:20,1,1,5,28,28404,1,3,3,1,1
202300040135,2,9,2023,10:00,1,1,1,71,71076,2,4,2,1,1
202300040135,2,9,2023,10:00,1,1,1,71,71076,2,4,2,1,1
202300040135,2,9,2023,10:00,1,1,1,71,71076,2,4,3,1,1
202300040136,8,4,2023,17:59,1,1,6,27,27684,1,2,3,1,1
202300040137,2,9,2023,23:00,5,1,3,69,69264,2,4,2,1,1
202300040137,2,9,2023,23:00,5,1,3,69,69264,2,4,2,1,1
202300040138,8,4,2023,09:00,1,1,2,27,27229,2,4,2,1,1
202300040139,1,9,2023,14:20,1,1,2,69,69264,2,4,2,1,1
202300040140,2,9,2023,10:00,1,1,6,69,69259,2,4,2,1,1
202300040141,7,4,2023,22:08,4,1,3,22,22106,2,3,2,2,1
202300040141,7,4,2023,22:08,4,1,3,22,22106,2,3,2,1,1
202300040142,1,9,2023,08:16,1,1,5,63,63224,1,3,3,1,1
202300040143,7,4,2023,17:50,1,1,4,17,17028,1,2,3,1,1
202300040144,23,8,2023,07:35,1,1,6,62,62160,2,4,1,1,1
202300040145,8,4,2023,05:55,5,1,3,17,17274,2,3,1,1,1
202300040146,1,9,2023,14:42,1,3,6,60,60175,2,4,2,1,2
202300040147,2,9,2023,10:05,1,1,6,59,59152,2,4,2,1,1
202300040148,8,4,2023,13:15,1,1,3,13,13214,2,4,2,1,1
202300040148,8,4,2023,13:15,1,1,3,13,13214,2,4,1,1,1
202300040149,2,9,2023,13:45,1,1,3,54,54578,2,4,2,1,1
202300040149,2,9,2023,13:45,1,1,3,54,54578,2,4,2,1,1
202300040150,8,4,2023,11:00,1,1,6,13,13215,2,4,2,2,1
202300040151,2,9,2023,13:32,1,1,3,49,49007,2,4,2,1,1
202300040151,2,9,2023,13:32,1,1,3,49,49007,2,4,2,1,1
202300040152,8,4,2023,18:20,1,1,3,13,13028,2,4,-1,1,1
202300040153,8,4,2023,13:45,1,1,6,11,11069,2,4,2,1,1
202300040154,3,9,2023,00:00,5,1,3,45,45302,2,4,2,1,1
202300040154,3,9,2023,00:00,5,1,3,45,45302,2,4,3,2,1
202300040155,8,4,2023,02:10,5,1,6,11,11069,2,4,2,1,1
202300040156,2,9,2023,06:50,3,1,2,44,44184,1,3,3,1,1
202300040157,2,9,2023,19:55,1,7,6,44,44109,2,4,2,1,1
202300040158,2,9,2023,19:50,1,7,6,35,35238,2,4,3,1,1
202300040159,7,4,2023,17:00,1,1,5,11,11069,2,4,1,2,1
202300040160,8,4,2023,05:00,3,1,6,09,09207,1,2,1,1,1
202300040161,1,9,2023,18:25,1,1,3,35,35115,2,4,1,1,1
202300040161,1,9,2023,18:25,1,1,3,35,35115,2,4,1,1,1
202300040162,2,9,2023,21:05,5,3,6,33,33063,2,4,2,1,2
202300040163,8,4,2023,14:00,1,1,3,06,06069,2,4,2,2,1
202300040164,2,9,2023,18:30,1,1,3,33,33069,2,4,3,1,1
202300040164,2,9,2023,18:30,1,1,3,33,33069,2,4,2,1,1
202300040165,2,4,2023,11:30,1,1,2,06,06069,2,4,2,1,1
202300040166,1,9,2023,17:20,1,1,2,31,31483,2,3,2,2,1
202300040166,1,9,2023,17:20,1,1,2,31,31483,2,3,2,2,1
202300040167,2,9,2023,12:05,1,1,3,27,27229,2,4,2,1,1
202300040168,7,4,2023,15:30,1,1,4,06,06069,2,4,2,1,1
202300040169,2,9,2023,05:25,4,1,6,26,26198,1,4,2,1,1
202300040170,2,9,2023,09:50,1,1,3,26,26198,1,4,2,1,1
202300040170,2,9,2023,09:50,1,1,3,26,26198,1,4,2,1,1
202300040171,7,4,2023,18:10,1,1,2,04,04112,2,4,2,1,1
202300040172,2,9,2023,11:50,1,1,6,25,25056,2,4,-1,1,-1
202300040172,2,9,2023,11:50,1,1,6,25,25056,2,4,2,1,1
202300040173,1,9,2023,19:10,1,1,6,22,22113,2,4,2,2,1
202300040174,7,4,2023,18:20,5,1,3,988,98818,2,4,2,1,1
202300040174,7,4,2023,18:20,5,1,3,988,98818,2,4,2,1,1
202300040175,1,9,2023,14:05,1,1,2,16,16271,1,3,2,1,1
202300040176,7,4,2023,11:50,1,1,3,976,97611,2,3,-1,1,1
202300040177,2,9,2023,19:00,1,1,2,14,14220,2,4,1,1,1
202300040178,7,4,2023,19:20,3,1,6,974,97411,1,2,3,1,1
202300040178,7,4,2023,19:20,3,1,6,974,97411,1,2,3,1,1
202300040179,2,9,2023,13:25,1,1,2,13,13207,2,4,1,1,1
202300040180,7,4,2023,09:25,1,1,6,974,97411,2,4,2,2,1
202300040181,2,9,2023,01:45,5,1,6,11,11069,2,4,2,1,1
202300040182,7,4,2023,06:50,1,1,3,974,97411,2,4,2,1,1
202300040183,1,9,2023,17:50,1,1,2,11,11069,1,3,2,1,1
202300040184,7,4,2023,07:45,1,1,6,974,97411,2,4,2,1,1
202300040185,1,9,2023,16:30,1,1,3,02,02408,2,3,1,1,1
202300040185,1,9,2023,16:30,1,1,3,02,02408,2,3,1,1,1
202300040186,2,9,2023,00:00,5,1,7,75,75114,2,4,-1,3,1
202300040187,6,4,2023,16:15,1,1,2,974,97407,1,2,1,1,1
202300040188,7,4,2023,13:03,1,1,3,973,97302,2,3,2,1,1
202300040188,7,4,2023,13:03,1,1,3,973,97302,2,3,2,1,1
202300040189,2,9,2023,06:14,2,1,5,75,75116,2,4,1,1,1
202300040190,7,4,2023,19:30,1,1,3,69,69388,2,4,1,1,1
202300040190,7,4,2023,19:30,1,1,3,69,69388,2,4,2,1,1
202300040191,2,9,2023,20:00,1,1,3,75,75105,2,4,-1,1,1
202300040191,2,9,2023,20:00,1,1,3,75,75105,2,4,2,1,1
202300040192,2,9,2023,05:50,5,1,6,75,75114,2,4,2,1,1
202300040192,2,9,2023,05:50,5,1,6,75,75114,2,4,2,1,1
202300040193,7,4,2023,14:50,1,1,2,69,69383,2,4,1,1,1
202300040193,7,4,2023,14:50,1,1,2,69,69383,2,4,1,1,1
202300040194,2,9,2023,18:15,1,1,6,75,75115,2,4,-1,1,1
202300040194,2,9,2023,18:15,1,1,6,75,75115,2,4,2,1,1
202300040195,1,9,2023,13:00,1,1,6,75,75114,2,4,3,2,1
202300040195,1,9,2023,13:00,1,1,6,75,75114,2,4,-1,1,1
202300040196,1,9,2023,18:10,1,1,3,75,75114,2,4,2,1,1
202300040196,1,9,2023,18:10,1,1,3,75,75114,2,4,1,1,1
202300040197,7,4,2023,03:05,5,1,3,69,69389,2,4,1,4,1
202300040197,7,4,2023,03:05,5,1,3,69,69389,2,4,2,2,1
202300040198,2,9,2023,00:15,5,1,1,75,75113,2,4,1,2,1
202300040199,7,4,2023,13:45,1,1,3,2A,2A004,2,4,2,1,1
202300040199,7,4,2023,13:45,1,1,3,2A,2A004,2,4,2,1,1
202300040200,2,9,2023,04:45,5,1,6,75,75111,2,4,-1,1,1
202300040200,2,9,2023,04:45,5,1,6,75,75111,2,4,2,1,1
202300040201,7,4,2023,08:20,1,7,1,95,95051,2,4,2,1,1
202300040201,7,4,2023,08:20,1,7,1,95,95051,2,4,2,1,1
202300040202,2,9,2023,01:20,5,1,6,75,75111,2,4,1,1,1
202300040202,2,9,2023,01:20,5,1,6,75,75111,2,4,-1,1,1
202300040203,6,4,2023,16:50,1,1,6,91,91215,2,4,2,1,1
202300040204,9,12,2023,22:15,3,8,4,93,93064,1,1,3,1,2
202300040205,10,12,2023,20:15,3,2,6,94,94011,1,2,3,3,2
202300040206,2,9,2023,15:15,1,1,3,75,75101,2,4,1,1,1
202300040206,2,9,2023,15:15,1,1,3,75,75101,2,4,2,1,1
202300040207,4,4,2023,17:05,1,1,4,91,91174,2,4,1,4,1
202300040207,4,4,2023,17:05,1,1,4,91,91174,2,4,2,1,1
202300040208,10,12,2023,19:15,3,3,6,94,94042,1,1,1,1,2
202300040209,2,9,2023,17:00,1,1,1,94,94046,2,4,2,1,1
202300040210,7,4,2023,12:45,1,8,3,88,88160,2,4,1,2,2
202300040211,2,9,2023,08:50,1,1,6,94,94022,2,3,1,1,1
202300040212,9,12,2023,22:00,3,1,5,77,77372,1,1,1,1,2
202300040213,19,3,2023,09:42,1,1,6,78,78172,2,3,1,1,1
202300040214,9,12,2023,15:50,1,3,6,94,94028,1,1,1,1,3
202300040215,2,9,2023,19:00,1,1,3,93,93071,2,4,2,1,1
202300040215,2,9,2023,19:00,1,1,3,93,93071,2,4,-1,1,1
202300040216,8,12,2023,18:45,3,1,3,77,77258,1,1,3,1,1
202300040217,2,9,2023,02:48,5,1,6,93,93048,2,4,2,3,1
202300040218,7,4,2023,10:05,1,1,6,77,77053,2,3,3,1,1
202300040219,9,10,2023,07:15,2,1,2,74,74159,1,1,3,1,1
202300040220,6,4,2023,20:30,2,1,6,77,77378,2,4,2,1,1
202300040221,10,12,2023,04:00,5,1,6,988,98818,2,4,2,1,1
202300040222,1,9,2023,23:49,5,1,1,93,93077,2,3,2,1,1
202300040223,6,4,2023,16:30,1,1,3,77,77226,2,3,2,1,1
202300040223,6,4,2023,16:30,1,1,3,77,77226,2,3,2,1,1
202300040224,8,12,2023,22:20,5,1,6,988,98818,2,4,2,1,1
202300040225,2,9,2023,05:30,3,1,1,93,93050,2,3,2,1,1