id_accident,jour,mois,annee,heure_minute,luminosite,meteo,type_collision,departement,commune,agglomeration,categorie_route,regime_circulation,profil_route,etat_surface
202300040225,2,9,2023,05:30,3,1,1,93,93050,2,3,2,1,1
202300040226,7,4,2023,07:35,1,1,3,76,76561,2,4,2,1,1
202300040226,7,4,2023,07:35,1,1,3,76,76561,2,4,2,1,1
202300040227,9,12,2023,11:40,1,1,4,974,97411,2,2,1,1,1
202300040228,2,9,2023,18:15,1,1,6,93,93015,2,4,2,4,1
202300040228,2,9,2023,18:15,1,1,6,93,93015,2,4,2,1,1
202300040229,9,12,2023,01:30,4,1,6,973,97302,2,4,2,1,1
202300040230,7,4,2023,10:40,1,1,4,72,72181,2,4,1,1,1
202300040231,7,4,2023,06:30,5,8,3,72,72181,2,4,1,1,2
202300040232,2,9,2023,17:00,1,1,6,93,93047,2,4,2,1,1
202300040232,2,9,2023,17:00,1,1,6,93,93047,2,4,2,1,1
202300040233,9,12,2023,22:40,3,1,3,69,69386,2,4,1,1,1
202300040233,9,12,2023,22:40,3,1,3,69,69386,2,4,1,1,1
202300040234,2,9,2023,17:50,1,1,3,92,92078,2,3,3,2,1
202300040235,6,4,2023,14:20,1,8,3,72,72181,2,4,2,1,1
202300040236,9,12,2023,16:00,2,2,6,69,69386,2,4,1,1,2
202300040236,9,12,2023,16:00,2,2,6,69,69386,2,4,1,1,2
202300040237,9,12,2023,21:04,5,2,6,69,69389,2,4,2,2,2
202300040238,7,4,2023,18:00,1,1,3,69,69259,2,4,2,1,1
202300040238,7,4,2023,18:00,1,1,3,69,69259,2,4,2,1,1
202300040239,2,9,2023,00:45,5,1,4,92,92078,2,4,2,1,1
202300040240,2,9,2023,21:52,3,1,6,92,92033,2,4,1,1,1
202300040241,9,12,2023,03:05,5,5,2,69,69384,2,4,2,1,2
202300040242,7,4,2023,17:00,1,1,3,69,69259,2,4,2,1,1
202300040242,7,4,2023,17:00,1,1,3,69,69259,2,4,2,1,1
202300040243,2,9,2023,15:48,1,1,3,92,92064,2,3,2,1,1
202300040244,9,12,2023,05:24,3,3,1,2B,2B037,1,2,3,1,2
202300040245,2,9,2023,12:30,1,1,6,92,92051,2,4,2,1,1
202300040246,7,4,2023,08:30,1,1,3,69,69029,2,4,2,1,1
202300040246,7,4,2023,08:30,1,1,3,69,69029,2,4,2,1,1
202300040247,9,12,2023,17:10,5,9,3,2B,2B033,1,3,2,2,2
202300040247,9,12,2023,17:10,5,9,3,2B,2B033,1,3,2,3,2
202300040248,2,9,2023,18:15,2,1,3,972,97222,1,3,2,1,1
202300040249,7,4,2023,11:00,1,1,6,66,66136,2,4,2,1,1
202300040250,6,4,2023,14:37,1,1,6,66,66136,2,4,3,1,1
202300040251,9,12,2023,08:45,1,3,6,95,95018,2,4,2,1,2
202300040252,7,4,2023,08:50,1,1,6,65,65286,2,4,2,1,1
202300040253,2,9,2023,19:40,1,1,3,62,62706,1,3,2,1,1
202300040253,2,9,2023,19:40,1,1,3,62,62706,1,3,2,1,1
202300040254,9,12,2023,20:00,5,2,2,91,91421,2,3,2,1,2
202300040255,3,9,2023,09:50,1,1,2,71,71118,1,1,3,1,1
202300040256,9,12,2023,22:30,5,8,3,91,91228,1,3,4,1,2
202300040256,9,12,2023,22:30,5,8,3,91,91228,1,3,4,1,2
202300040257,7,4,2023,13:25,1,1,3,64,64260,2,4,2,1,1
202300040258,2,9,2023,13:10,1,1,7,974,97410,1,3,2,2,2
202300040259,9,12,2023,19:00,5,8,2,91,91521,2,4,2,1,2
202300040260,7,4,2023,08:30,1,1,6,64,64483,1,6,-1,1,1
202300040261,9,12,2023,05:43,5,9,5,30,30351,2,4,2,1,2
202300040262,7,4,2023,23:20,4,1,7,64,64024,2,4,2,1,1
202300040263,3,9,2023,06:15,1,1,1,974,97414,1,2,2,2,1
202300040264,6,4,2023,14:20,1,1,6,64,64102,2,3,2,1,1
202300040265,9,12,2023,06:35,5,1,3,83,83137,2,3,2,1,1
202300040265,9,12,2023,06:35,5,1,3,83,83137,2,3,2,1,1
202300040266,29,3,2023,11:10,1,1,6,62,62413,2,4,2,1,1
202300040267,6,12,2023,20:55,5,1,3,83,83129,2,4,2,1,1
202300040267,6,12,2023,20:55,5,1,3,83,83129,2,4,2,1,1
202300040268,7,4,2023,09:15,1,1,3,62,62413,1,3,3,1,1
202300040268,7,4,2023,09:15,1,1,3,62,62413,1,3,2,1,1
202300040269,8,12,2023,23:06,5,9,2,77,77108,2,3,2,1,2
202300040270,2,9,2023,01:45,3,1,5,34,34163,1,1,3,1,1
202300040271,7,4,2023,16:45,1,2,6,59,59352,2,4,1,2,2
202300040272,9,12,2023,16:10,1,1,6,77,77251,1,4,2,1,1
202300040273,7,4,2023,15:45,1,8,6,59,59599,2,7,3,1,1
202300040274,1,9,2023,18:15,1,1,3,87,87001,2,2,2,1,1
202300040274,1,9,2023,18:15,1,1,3,87,87001,2,2,2,2,-1
202300040275,9,12,2023,15:12,1,2,6,77,77122,2,3,1,1,2
202300040276,7,4,2023,07:15,5,2,6,59,59033,2,3,2,1,2
202300040277,2,9,2023,18:35,1,1,7,21,21679,1,3,2,1,1
202300040278,7,4,2023,21:30,5,1,6,59,59220,2,4,2,1,1
202300040279,9,12,2023,20:00,3,8,6,77,77209,1,3,-1,1,2
202300040279,9,12,2023,20:00,3,8,6,77,77209,1,3,-1,1,2
202300040280,3,4,2023,10:30,1,1,6,59,59122,2,4,2,3,1
202300040281,9,12,2023,20:15,5,2,3,76,76329,2,4,2,1,2
202300040281,9,12,2023,20:15,5,2,3,76,76329,2,4,2,2,2
202300040282,1,9,2023,21:40,5,1,1,57,57287,2,3,2,1,1
202300040283,7,4,2023,21:15,5,9,1,57,57240,1,3,2,1,2
202300040284,2,9,2023,18:11,1,1,6,57,57079,1,3,2,1,1
202300040285,9,12,2023,19:04,5,1,5,72,72181,1,4,3,1,2
202300040286,6,4,2023,07:05,2,2,2,56,56121,2,4,2,1,2
202300040287,9,12,2023,13:50,1,2,3,72,72181,1,4,1,1,2
202300040288,3,9,2023,03:40,3,1,1,59,59502,1,3,3,3,1
202300040288,3,9,2023,03:40,3,1,1,59,59502,1,3,2,3,1
202300040289,7,4,2023,13:55,1,1,1,54,54357,2,4,2,1,1
202300040290,1,9,2023,17:00,1,1,6,46,46304,2,3,2,1,1
202300040291,6,4,2023,13:50,1,1,6,54,54300,2,4,2,1,1
202300040291,6,4,2023,13:50,1,1,6,54,54300,2,4,2,1,1
202300040292,9,12,2023,10:40,1,1,3,64,64122,2,4,2,1,1
202300040293,6,4,2023,13:40,1,1,6,50,50129,2,4,2,1,1
202300040294,8,12,2023,19:20,5,8,6,62,62555,2,4,2,1,2
202300040295,3,9,2023,04:00,3,1,7,68,68155,2,4,2,1,1
202300040296,6,4,2023,18:40,1,1,3,50,50129,2,4,2,2,1
202300040296,6,4,2023,18:40,1,1,3,50,50129,2,4,2,4,1
202300040297,9,12,2023,19:10,5,2,3,54,54578,2,4,2,2,2
202300040297,9,12,2023,19:10,5,2,3,54,54578,2,4,2,1,2
202300040298,3,9,2023,12:20,1,1,6,25,25254,1,3,2,2,1
202300040299,9,12,2023,17:13,3,2,1,49,49267,2,1,1,1,2
202300040300,2,9,2023,15:20,1,1,7,35,35222,1,4,2,1,1
202300040301,7,4,2023,18:13,1,1,3,49,49007,2,4,3,1,1
202300040301,7,4,2023,18:13,1,1,3,49,49007,2,4,2,1,1
202300040302,8,12,2023,17:20,5,2,6,42,42218,2,4,2,3,2
202300040303,3,9,2023,11:30,1,1,7,29,29241,2,3,2,1,8
202300040304,6,4,2023,12:20,1,1,2,49,49007,2,4,3,1,1
202300040305,4,12,2023,08:02,2,1,2,38,38185,1,1,3,1,1
202300040306,3,9,2023,06:30,2,1,6,02,02081,2,4,2,1,1
202300040307,7,4,2023,12:55,1,1,2,47,47001,2,3,2,1,1
202300040308,9,12,2023,14:55,1,3,3,33,33167,2,4,2,1,2
202300040308,9,12,2023,14:55,1,3,3,33,33167,2,4,2,1,2
202300040309,3,9,2023,14:00,1,7,6,03,03268,1,3,2,1,1
202300040310,7,4,2023,18:30,1,1,2,44,44109,1,2,3,1,1
202300040311,3,9,2023,00:00,3,1,6,15,15221,1,2,2,1,1
202300040312,9,12,2023,10:10,1,1,3,33,33063,2,4,2,1,2
202300040312,9,12,2023,10:10,1,1,3,33,33063,2,4,2,1,2
202300040313,7,4,2023,13:05,1,7,6,44,44190,2,4,1,1,1
202300040314,2,9,2023,18:50,1,7,2,70,70120,1,3,2,1,1
202300040315,9,12,2023,14:35,1,8,6,31,31149,2,2,3,3,2
202300040316,7,4,2023,13:00,1,1,6,44,44109,2,4,2,1,1
202300040317,3,9,2023,09:00,1,7,6,72,72064,1,3,2,1,1
202300040318,8,12,2023,15:45,1,1,2,31,31555,2,4,1,1,2
202300040319,7,4,2023,19:48,1,1,4,43,43157,2,4,2,1,1
202300040320,3,9,2023,02:45,3,1,6,05,05045,1,2,2,2,1
202300040321,8,12,2023,21:00,3,2,6,31,31565,2,3,2,1,2
202300040322,7,4,2023,15:20,1,1,7,43,43251,1,4,-1,1,1
202300040323,7,4,2023,17:45,1,1,3,35,35281,1,3,3,1,1
202300040324,2,9,2023,20:20,2,1,6,90,90053,1,3,2,1,1
202300040325,3,9,2023,07:55,1,1,7,17,17466,1,3,2,1,1
202300040326,7,4,2023,07:30,1,1,6,35,35238,2,4,2,1,1
202300040327,2,9,2023,17:30,1,1,7,48,48037,1,3,2,1,1
202300040328,9,12,2023,15:50,1,6,7,27,27528,2,4,-1,1,2
202300040329,7,4,2023,09:00,1,1,3,34,34172,2,4,1,1,1
202300040329,7,4,2023,09:00,1,1,3,34,34172,2,4,1,1,1
202300040330,8,12,2023,17:50,5,2,3,27,27229,2,4,1,1,2
202300040331,7,4,2023,22:15,5,1,2,34,34003,2,4,-1,1,1
202300040332,2,9,2023,21:00,3,1,3,60,60100,1,1,3,1,1
202300040333,9,12,2023,14:55,1,2,1,25,25056,2,2,3,1,2
202300040334,7,4,2023,22:36,5,1,5,33,33192,2,1,3,1,1
202300040334,7,4,2023,22:36,5,1,5,33,33192,2,1,1,3,1
202300040335,8,12,2023,14:45,1,1,3,15,15012,2,3,2,1,2
202300040336,25,8,2023,17:50,1,1,6,987,98714,2,2,2,1,1
202300040337,10,12,2023,01:10,5,1,1,13,13075,2,4,2,1,2
202300040338,7,4,2023,18:30,1,1,3,33,33281,2,4,3,1,1
202300040339,8,4,2023,00:25,4,1,7,29,29232,1,3,2,1,1
202300040340,2,9,2023,19:45,3,1,6,988,98808,1,2,2,1,1
202300040341,9,12,2023,10:00,1,1,2,13,13213,2,4,1,1,1
202300040342,7,4,2023,08:50,1,1,4,29,29039,1,2,2,1,1
202300040343,2,9,2023,23:30,4,1,7,71,71069,1,3,2,1,1
202300040344,9,12,2023,08:50,1,1,1,13,13210,2,4,2,1,1
202300040345,7,4,2023,17:15,1,1,3,28,28134,1,2,2,2,1
202300040346,9,12,2023,16:05,1,2,3,10,10387,2,4,1,1,2
202300040347,7,4,2023,19:45,1,1,4,27,27229,2,4,2,2,1
202300040348,3,9,2023,03:05,3,1,7,44,44201,1,4,2,1,1
202300040349,8,12,2023,17:10,5,8,3,10,10387,2,4,2,1,2
202300040349,8,12,2023,17:10,5,8,3,10,10387,2,4,2,1,2
202300040350,9,12,2023,17:05,5,1,2,06,06069,2,4,2,1,1
202300040351,3,9,2023,03:55,3,1,6,07,07241,1,3,2,1,1
202300040352,7,4,2023,15:55,1,8,1,25,25204,2,4,2,1,2
202300040353,9,12,2023,18:10,5,1,6,06,06004,1,6,-1,1,1
202300040354,7,4,2023,08:35,1,1,6,24,24037,2,4,2,1,1
202300040355,30,8,2023,14:47,1,1,1,01,01281,2,3,2,1,1
202300040355,30,8,2023,14:47,1,1,1,01,01281,2,3,2,1,1
202300040356,8,12,2023,07:08,5,3,6,05,05061,2,2,2,1,2
202300040357,6,4,2023,17:35,1,1,6,16,16102,2,3,-1,2,1
202300040358,28,8,2023,07:30,1,1,6,33,33498,2,3,2,1,1
202300040359,9,12,2023,10:30,1,8,3,04,04112,2,4,2,2,2
202300040360,3,9,2023,09:10,1,1,6,35,35178,1,3,2,2,1
202300040361,8,12,2023,08:05,1,3,3,04,04070,2,4,2,1,2
202300040362,8,12,2023,20:10,5,1,2,75,75118,2,4,1,1,1
202300040363,3,9,2023,15:30,1,1,6,59,59430,2,4,2,2,1
202300040364,7,4,2023,19:30,1,1,1,13,13103,2,4,2,1,1
202300040365,9,12,2023,16:45,1,1,2,75,75117,2,4,2,1,2
202300040365,9,12,2023,16:45,1,1,2,75,75117,2,4,1,1,2
202300040366,8,8,2023,10:05,1,1,1,59,59177,1,3,2,1,1
202300040367,7,4,2023,22:20,5,1,3,13,13208,2,4,1,1,1
202300040367,7,4,2023,22:20,5,1,3,13,13208,2,4,1,1,1
202300040368,9,12,2023,09:25,1,3,1,75,75112,2,4,1,2,2
202300040368,9,12,2023,09:25,1,3,1,75,75112,2,4,1,1,2
202300040369,7,4,2023,19:05,1,1,2,13,13047,1,3,2,1,1
202300040370,1,9,2023,18:25,1,1,2,13,13005,1,1,1,1,1
202300040371,9,12,2023,16:55,1,8,6,75,75111,2,4,1,1,2
202300040371,9,12,2023,16:55,1,8,6,75,75111,2,4,1,1,2
202300040372,2,9,2023,08:54,1,1,1,13,13026,1,1,3,1,1
202300040373,3,4,2023,19:45,1,1,3,10,10325,2,3,-1,1,1
202300040373,3,4,2023,19:45,1,1,3,10,10325,2,3,4,1,1
202300040374,9,12,2023,09:50,1,3,6,75,75110,2,4,1,1,2
202300040374,9,12,2023,09:50,1,3,6,75,75110,2,4,2,1,2
202300040375,7,4,2023,15:35,1,1,4,10,10387,2,4,1,1,1
202300040376,2,9,2023,03:45,5,1,2,69,69204,1,1,3,1,1
202300040377,9,12,2023,07:24,5,2,3,75,75108,2,4,-1,1,2
202300040377,9,12,2023,07:24,5,2,3,75,75108,2,4,-1,1,2
202300040378,7,4,2023,04:27,5,9,6,08,08480,2,3,2,2,2
202300040379,9,12,2023,06:30,2,2,6,75,75104,2,4,-1,1,2
202300040379,9,12,2023,06:30,2,2,6,75,75104,2,4,2,1,2
202300040380,7,4,2023,22:16,5,1,3,06,06088,2,4,1,1,1
202300040381,7,4,2023,14:10,1,1,3,06,06104,2,3,2,1,1
202300040382,9,12,2023,11:50,1,2,3,94,94052,2,3,4,1,2
202300040382,9,12,2023,11:50,1,2,3,94,94052,2,3,2,1,2
202300040383,2,9,2023,00:35,3,3,3,33,33162,1,1,3,1,2
202300040384,9,12,2023,07:55,5,2,6,94,94052,2,3,2,2,2
202300040385,7,4,2023,08:20,1,1,3,06,06069,2,4,2,1,1
202300040386,2,9,2023,12:20,1,1,2,92,92002,1,1,3,1,1
202300040387,9,12,2023,07:00,4,2,6,94,94017,2,3,2,1,2
202300040388,7,4,2023,19:45,1,1,3,06,06123,2,4,-1,2,1
202300040389,8,12,2023,17:30,5,2,6,94,94071,2,3,2,1,2
202300040389,8,12,2023,17:30,5,2,6,94,94071,2,3,2,1,2
202300040390,2,9,2023,14:10,1,1,2,91,91136,1,1,1,1,1
202300040391,7,4,2023,15:40,1,7,1,01,01053,2,4,2,1,1
202300040391,7,4,2023,15:40,1,7,1,01,01053,2,4,2,1,1
202300040392,9,12,2023,12:00,1,2,6,93,93051,2,3,3,1,2
202300040392,9,12,2023,12:00,1,2,6,93,93051,2,3,2,1,2
202300040393,8,4,2023,15:25,1,1,2,75,75112,2,4,1,1,1
202300040394,2,9,2023,11:20,1,1,4,91,91689,1,1,1,1,1
202300040395,8,4,2023,01:10,5,1,7,75,75112,2,4,1,1,1
202300040396,9,12,2023,10:30,1,3,6,93,93050,2,3,2,1,2
202300040396,9,12,2023,10:30,1,3,6,93,93050,2,3,3,1,2
202300040397,2,9,2023,19:30,2,1,2,93,93006,1,1,1,1,1
202300040398,8,4,2023,19:20,1,1,3,75,75117,2,4,2,1,1
202300040398,8,4,2023,19:20,1,1,3,75,75117,2,4,-1,1,1
202300040399,9,12,2023,14:22,1,2,3,92,92048,2,4,2,2,2
202300040399,9,12,2023,14:22,1,2,3,92,92048,2,4,2,2,2
202300040400,8,4,2023,00:45,5,1,6,75,75117,2,4,1,1,1
202300040401,9,12,2023,18:51,4,2,6,92,92036,2,3,3,1,2
202300040402,8,4,2023,18:15,1,1,7,75,75116,2,4,2,1,1
202300040403,2,9,2023,10:40,1,1,2,93,93064,1,1,3,1,1
202300040404,9,12,2023,16:49,2,8,6,92,92012,2,4,-1,1,2
202300040405,10,12,2023,03:17,3,2,6,56,56186,2,4,2,1,2
202300040406,8,4,2023,19:50,2,1,3,75,75114,2,4,2,1,1
202300040406,8,4,2023,19:50,2,1,3,75,75114,2,4,2,1,1
202300040407,10,12,2023,02:00,3,1,6,81,81139,1,4,2,2,2
202300040408,8,4,2023,16:15,1,1,6,75,75114,2,4,2,1,1
202300040409,2,9,2023,00:17,3,1,4,95,95582,1,1,3,1,1
202300040410,2,9,2023,02:45,3,1,7,95,95582,1,1,1,1,1
202300040411,8,4,2023,18:30,1,1,2,75,75113,2,4,2,1,1
202300040411,8,4,2023,18:30,1,1,2,75,75113,2,4,-1,1,1
202300040412,7,12,2023,15:40,1,8,4,26,26085,1,1,3,1,1
202300040413,9,12,2023,18:00,3,2,2,51,51559,1,3,2,1,2
202300040414,7,4,2023,23:30,5,1,6,75,75109,2,4,1,1,1
202300040414,7,4,2023,23:30,5,1,6,75,75109,2,4,1,1,1
202300040415,2,9,2023,06:45,1,1,4,94,94028,1,1,3,1,1
202300040416,9,12,2023,19:30,3,6,1,60,60430,1,3,2,1,2
202300040417,8,4,2023,18:00,1,1,3,75,75107,2,4,1,1,1
202300040417,8,4,2023,18:00,1,1,3,75,75107,2,4,-1,1,1
202300040418,18,6,2023,04:45,5,2,2,93,93066,2,3,2,1,2
202300040419,10,12,2023,03:55,4,1,6,65,65258,2,3,2,1,1
202300040420,7,4,2023,11:45,1,1,3,94,94073,2,3,3,2,1
202300040421,9,12,2023,01:50,3,2,6,33,33093,1,3,2,2,2
202300040422,9,6,2023,20:30,1,1,1,93,93066,2,3,3,1,1
202300040423,8,12,2023,11:30,1,1,6,61,61339,2,3,2,2,2
202300040424,8,4,2023,13:59,1,1,4,94,94017,2,3,3,1,1
202300040425,1,9,2023,06:45,1,1,7,974,97411,2,2,1,2,1
202300040426,9,12,2023,12:00,1,1,6,68,68201,2,3,2,1,1
202300040427,8,4,2023,18:00,1,1,3,93,93064,2,3,2,1,1
202300040428,1,9,2023,19:30,5,1,6,974,97407,2,4,2,1,1
202300040428,1,9,2023,19:30,5,1,6,974,97407,2,4,2,1,1
202300040429,8,12,2023,18:20,5,2,3,68,68060,2,3,3,1,2
202300040430,1,9,2023,11:00,1,1,3,973,97302,2,4,2,1,1
202300040431,8,4,2023,15:50,1,1,4,93,93064,2,3,1,1,1
202300040431,8,4,2023,15:50,1,1,4,93,93064,2,3,2,2,1
202300040432,10,12,2023,09:00,1,1,3,34,34154,2,3,2,1,1
202300040432,10,12,2023,09:00,1,1,3,34,34154,2,3,3,1,1
202300040433,1,9,2023,07:30,1,1,3,973,97302,1,2,-1,1,1
202300040434,8,4,2023,18:00,1,1,3,93,93029,2,3,2,1,1
202300040435,9,12,2023,10:28,1,3,3,29,29236,1,2,3,1,2
202300040436,1,9,2023,12:00,1,1,6,69,69383,2,4,1,1,1
202300040437,8,4,2023,10:55,1,1,6,93,93005,2,4,2,1,1
202300040438,9,12,2023,18:15,3,1,1,29,29204,1,4,2,1,2
202300040439,31,8,2023,11:55,1,1,6,972,97209,2,3,1,2,1
202300040440,10,12,2023,03:25,4,1,7,66,66149,1,2,2,1,1
202300040441,8,4,2023,12:20,1,1,2,92,92064,2,3,-1,1,1
202300040442,31,8,2023,12:30,1,1,1,971,97101,1,9,2,2,1
202300040443,1,9,2023,11:20,1,1,3,2A,2A004,2,2,1,1,1
202300040444,9,12,2023,17:05,3,3,6,73,73124,2,4,2,1,2
202300040445,8,4,2023,13:40,1,1,3,92,92050,2,3,2,1,1
202300040446,9,12,2023,23:50,3,2,6,21,21562,1,3,2,1,2
202300040447,1,9,2023,13:45,1,1,4,95,95428,2,3,2,2,1
202300040448,8,4,2023,10:14,1,1,3,92,92044,2,4,1,1,1
202300040449,10,12,2023,00:15,3,2,6,04,04031,1,3,2,1,2
202300040450,1,9,2023,02:30,5,1,6,95,95018,2,3,1,1,2
202300040451,8,4,2023,19:00,1,1,1,92,92026,2,4,2,1,1
202300040452,9,12,2023,23:50,5,1,3,42,42279,2,4,2,1,1
202300040453,1,9,2023,13:13,1,2,4,91,91570,2,4,2,1,2
202300040454,5,4,2023,15:40,1,1,3,17,17413,2,3,2,1,1
202300040454,5,4,2023,15:40,1,1,3,17,17413,2,3,2,1,1
202300040455,10,12,2023,06:20,2,1,6,01,01290,1,1,3,1,1
202300040456,7,4,2023,07:35,1,1,6,76,76238,1,3,3,2,1
202300040457,1,9,2023,12:00,1,1,3,91,91479,2,3,2,1,1
202300040458,8,4,2023,16:00,1,1,6,42,42003,1,3,2,1,1
202300040459,26,8,2023,22:50,3,1,2,84,84080,1,3,2,1,1
202300040460,8,12,2023,19:14,3,8,7,45,45317,1,1,3,1,2
202300040461,1,9,2023,13:00,1,1,1,83,83098,1,4,2,1,1
202300040462,15,2,2023,18:20,3,1,1,68,68343,1,3,2,1,1
202300040463,10,12,2023,21:00,3,1,7,988,98827,1,2,2,2,1
202300040464,9,4,2023,10:55,1,1,3,60,60176,2,3,2,1,1
202300040465,1,9,2023,03:40,5,1,7,83,83069,2,3,2,1,1
202300040465,1,9,2023,03:40,5,1,7,83,83069,2,3,2,1,1
202300040466,10,12,2023,06:15,2,1,6,971,97129,1,2,2,3,1
202300040467,8,4,2023,11:10,1,1,7,30,30134,1,3,2,2,1
202300040468,10,12,2023,04:45,3,1,6,06,06092,2,3,2,2,1
202300040469,1,9,2023,14:35,1,1,6,78,78498,2,4,2,1,1
202300040470,9,4,2023,01:15,3,1,7,83,83067,1,3,2,1,1
202300040471,9,4,2023,09:21,1,1,7,91,91617,2,4,1,1,1
202300040472,10,12,2023,05:00,3,2,7,04,04063,1,3,2,1,2
202300040473,1,9,2023,18:00,1,1,2,77,77374,1,3,2,1,1
202300040474,9,4,2023,09:05,1,1,3,91,91553,2,3,3,1,1
202300040475,9,12,2023,00:00,3,9,6,21,21609,1,3,2,1,2
202300040476,1,9,2023,10:30,1,2,6,77,77350,2,3,2,1,2
202300040476,1,9,2023,10:30,1,2,6,77,77350,2,3,2,1,2
202300040477,9,12,2023,13:50,1,2,7,68,68185,1,3,2,1,2
202300040478,8,4,2023,14:05,1,1,3,19,19072,2,3,2,1,1
202300040479,1,9,2023,08:45,1,2,2,72,72181,2,4,2,1,2
202300040480,8,12,2023,20:25,3,1,7,63,63284,1,3,2,1,1
202300040481,25,8,2023,14:25,1,1,6,71,71076,2,4,2,1,1
202300040482,8,4,2023,19:25,1,1,3,77,77262,1,3,2,1,1
202300040482,8,4,2023,19:25,1,1,3,77,77262,1,3,2,1,1
202300040483,9,12,2023,21:15,3,2,3,81,81131,1,3,2,2,2
202300040483,9,12,2023,21:15,3,2,3,81,81131,1,3,2,1,2
202300040484,8,4,2023,21:45,3,1,6,80,80709,1,3,2,2,1
202300040485,31,8,2023,16:00,1,1,3,69,69259,2,7,2,1,1
202300040485,31,8,2023,16:00,1,1,3,69,69259,2,7,2,1,1
202300040486,9,4,2023,12:00,1,1,6,82,82035,1,3,2,1,1
202300040487,9,12,2023,23:10,5,8,7,44,44168,2,4,2,1,2
202300040488,1,9,2023,14:00,1,1,6,67,67447,2,7,2,1,1
202300040489,8,12,2023,15:00,1,8,3,76,76020,1,7,2,1,1
202300040489,8,12,2023,15:00,1,8,3,76,76020,1,7,2,1,1
202300040490,8,4,2023,17:40,1,1,3,81,81201,1,3,2,1,1
202300040490,8,4,2023,17:40,1,1,3,81,81201,1,3,2,1,1
202300040491,10,12,2023,08:30,1,8,7,60,60500,1,3,2,1,2
202300040492,9,4,2023,15:35,1,1,1,11,11262,1,3,2,1,1
202300040492,9,4,2023,15:35,1,1,1,11,11262,1,3,2,1,1
202300040493,31,8,2023,19:30,2,1,3,67,67482,2,4,1,1,1
202300040493,31,8,2023,19:30,2,1,3,67,67482,2,4,3,1,1
202300040494,6,12,2023,05:05,3,8,2,57,57463,1,2,3,1,2
202300040495,8,4,2023,12:00,1,1,6,71,71422,1,3,2,1,1
202300040496,30,8,2023,17:05,1,2,7,64,64335,2,4,2,1,3
202300040496,30,8,2023,17:05,1,2,7,64,64335,2,4,-1,1,3
202300040497,9,12,2023,14:00,1,2,2,94,94034,1,1,3,1,2
202300040498,1,9,2023,22:27,5,1,1,64,64122,2,4,2,1,2
202300040499,9,4,2023,16:45,1,1,2,71,71144,1,3,2,1,1
202300040499,9,4,2023,16:45,1,1,2,71,71144,1,3,2,1,1
202300040500,9,12,2023,14:00,1,2,2,94,94034,1,1,3,1,2
202300040501,8,4,2023,19:00,1,1,7,63,63346,1,9,-1,4,1
202300040502,1,9,2023,09:54,1,1,2,64,64024,2,4,2,1,1
202300040503,9,12,2023,09:58,1,3,7,93,93006,1,1,1,1,2
202300040504,9,12,2023,10:30,1,2,6,95,95306,1,1,3,1,2
202300040505,5,4,2023,13:00,1,1,2,42,42208,1,4,2,2,1
202300040506,31,8,2023,19:30,2,1,6,64,64102,2,3,3,2,1
202300040507,9,12,2023,01:05,3,1,6,95,95572,1,2,3,1,2
202300040508,9,10,2023,07:07,2,1,7,87,87085,2,4,2,1,1
202300040509,1,9,2023,08:46,1,1,1,62,62065,2,4,2,1,1
202300040510,9,4,2023,06:55,2,1,6,68,68291,1,3,2,1,1
202300040511,9,10,2023,11:07,1,1,3,87,87048,1,4,2,1,1
202300040511,9,10,2023,11:07,1,1,3,87,87048,1,4,2,1,1
202300040512,8,4,2023,17:25,1,1,6,25,25212,2,6,-1,1,1
202300040513,1,9,2023,21:20,5,1,2,59,59599,2,4,3,1,1
202300040514,5,4,2023,20:00,2,1,1,44,44013,1,3,2,2,1
202300040515,4,10,2023,16:50,1,1,6,78,78383,2,4,2,1,1
202300040515,4,10,2023,16:50,1,1,6,78,78383,2,4,2,1,1
202300040516,2,9,2023,00:55,5,1,3,59,59350,2,7,2,1,1
202300040517,8,4,2023,09:35,1,7,6,35,35099,2,4,1,3,1
202300040517,8,4,2023,09:35,1,7,6,35,35099,2,4,2,1,1
202300040518,9,10,2023,16:15,1,1,3,72,72181,1,3,3,2,1
202300040519,1,9,2023,13:50,1,1,6,59,59350,2,4,-1,1,1
202300040519,1,9,2023,13:50,1,1,6,59,59350,2,4,-1,1,1
202300040520,9,4,2023,14:30,1,1,1,84,84005,1,3,2,2,1
202300040521,9,10,2023,08:50,1,1,6,60,60159,2,4,2,1,1
202300040522,1,9,2023,11:50,1,2,6,59,59350,2,4,1,1,2
202300040522,1,9,2023,11:50,1,2,6,59,59350,2,4,-1,1,2
202300040523,7,4,2023,21:00,4,1,6,58,58218,2,3,2,1,1
202300040524,9,10,2023,15:40,1,1,3,49,49007,2,4,2,1,1
202300040524,9,10,2023,15:40,1,1,3,49,49007,2,4,1,1,1
202300040525,8,4,2023,15:30,1,1,6,66,66024,2,4,-1,2,1
202300040526,9,10,2023,10:35,1,1,6,49,49007,2,4,3,1,1
202300040527,8,4,2023,17:30,1,1,7,50,50158,1,3,2,2,1
202300040528,1,9,2023,08:36,1,2,3,56,56162,1,3,1,1,2
202300040528,1,9,2023,08:36,1,2,3,56,56162,1,3,1,1,2
202300040529,9,4,2023,11:00,1,1,6,50,50239,1,3,2,2,1
202300040530,24,7,2023,00:43,5,1,1,13,13026,1,3,2,1,1
202300040530,24,7,2023,00:43,5,1,1,13,13026,1,3,2,1,1
202300040531,31,8,2023,18:25,1,2,3,56,56121,2,4,2,1,2
202300040531,31,8,2023,18:25,1,2,3,56,56121,2,4,3,1,2
202300040532,9,4,2023,18:25,1,1,1,64,64270,2,3,2,1,1