id_accident,jour,mois,annee,heure_minute,luminosite,meteo,type_collision,departement,commune,agglomeration,categorie_route,regime_circulation,profil_route,etat_surface
202300040532,9,4,2023,18:25,1,1,1,64,64270,2,3,2,1,1
202300040533,2,9,2023,18:55,1,1,1,13,13077,1,3,2,1,1
202300040534,9,4,2023,19:00,1,1,3,10,10323,2,4,2,1,1
202300040535,31,8,2023,12:40,1,2,2,56,56107,2,3,2,1,2
202300040535,31,8,2023,12:40,1,2,2,56,56107,2,3,2,1,2
202300040536,1,9,2023,17:30,1,1,1,54,54197,1,4,2,1,1
202300040537,16,6,2023,16:55,1,1,6,92,92063,2,4,1,1,1
202300040537,16,6,2023,16:55,1,1,6,92,92063,2,4,2,2,1
202300040538,8,4,2023,16:25,1,1,1,24,24471,1,3,2,2,1
202300040539,31,8,2023,04:45,5,8,6,54,54547,2,4,2,1,1
202300040540,9,4,2023,20:16,2,1,6,24,24354,2,3,2,1,1
202300040541,1,9,2023,18:45,1,1,3,51,51454,2,4,3,1,1
202300040542,15,6,2023,11:45,1,1,3,92,92063,2,3,-1,1,1
202300040543,1,9,2023,12:28,1,1,3,51,51454,2,4,2,1,1
202300040544,8,4,2023,22:10,3,1,3,27,27109,1,3,2,1,1
202300040545,10,6,2023,02:00,5,1,7,92,92063,2,4,1,1,1
202300040546,30,8,2023,21:00,5,1,3,51,51172,2,4,1,1,1
202300040546,30,8,2023,21:00,5,1,3,51,51172,2,4,1,1,1
202300040547,8,12,2023,17:10,1,1,6,974,97411,2,4,2,2,1
202300040548,31,8,2023,14:40,1,2,3,51,51454,2,4,2,1,2
202300040549,1,9,2023,13:58,1,8,6,51,51230,2,4,1,1,1
202300040549,1,9,2023,13:58,1,8,6,51,51230,2,4,1,1,1
202300040550,1,9,2023,17:17,1,1,7,49,49007,2,4,2,1,1
202300040551,31,8,2023,11:54,1,1,2,49,49007,2,4,2,1,1
202300040552,31,8,2023,11:05,1,1,3,49,49246,2,3,3,1,1
202300040553,7,12,2023,21:20,5,1,3,973,97302,2,3,2,1,2
202300040554,28,8,2023,12:30,1,1,3,44,44184,2,4,1,1,1
202300040554,28,8,2023,12:30,1,1,3,44,44184,2,4,-1,1,1
202300040555,1,9,2023,08:15,1,1,3,43,43046,2,3,2,1,1
202300040555,1,9,2023,08:15,1,1,3,43,43046,2,3,-1,2,1
202300040556,31,8,2023,14:10,1,1,7,43,43002,2,4,2,2,1
202300040556,31,8,2023,14:10,1,1,7,43,43002,2,4,2,2,1
202300040557,8,12,2023,07:40,5,2,3,69,69383,2,4,1,1,2
202300040557,8,12,2023,07:40,5,2,3,69,69383,2,4,1,1,2
202300040558,1,9,2023,10:20,1,1,6,34,34003,2,4,-1,1,1
202300040559,1,9,2023,19:40,1,1,3,33,33039,2,4,2,2,1
202300040560,7,12,2023,15:10,1,2,3,972,97213,1,9,3,1,2
202300040561,1,9,2023,19:05,1,1,3,33,33063,2,4,2,1,1
202300040562,2,9,2023,01:10,5,1,6,29,29232,2,3,2,1,1
202300040563,1,9,2023,09:15,1,2,3,28,28404,1,2,4,1,2
202300040564,8,12,2023,07:30,2,2,6,69,69034,2,4,2,1,2
202300040565,1,9,2023,15:10,1,1,1,25,25462,2,4,1,2,1
202300040566,1,9,2023,09:36,1,8,2,22,22278,2,4,2,4,3
202300040567,8,12,2023,11:38,1,2,3,2B,2B120,1,2,2,1,2
202300040568,8,12,2023,12:50,1,2,1,2B,2B033,1,2,3,4,2
202300040569,8,12,2023,07:20,1,8,3,971,97120,1,4,1,1,2
202300040569,8,12,2023,07:20,1,8,3,971,97120,1,4,1,1,2
202300040570,10,10,2023,18:30,2,1,3,95,95428,2,4,2,1,1
202300040570,10,10,2023,18:30,2,1,3,95,95428,2,4,2,1,1
202300040571,8,12,2023,08:34,1,2,6,95,95018,2,4,2,1,2
202300040572,8,12,2023,19:10,3,1,2,91,91103,1,3,3,1,1
202300040573,8,12,2023,17:25,5,1,1,91,91477,2,4,2,2,1
202300040574,8,12,2023,08:20,2,8,6,91,91114,2,3,2,1,2
202300040575,5,10,2023,00:10,3,1,6,54,54213,2,3,2,2,1
202300040576,6,12,2023,21:35,5,1,5,87,87085,2,4,3,1,1
202300040576,6,12,2023,21:35,5,1,5,87,87085,2,4,3,1,1
202300040577,6,12,2023,17:42,5,1,6,87,87050,2,4,2,1,1
202300040578,5,10,2023,09:15,1,1,1,51,51549,1,3,2,4,1
202300040579,8,12,2023,14:15,1,1,6,86,86194,2,3,3,1,1
202300040580,5,10,2023,08:15,1,1,1,19,19013,1,3,2,2,1
202300040581,7,12,2023,18:15,3,2,6,86,86194,2,4,3,1,2
202300040581,7,12,2023,18:15,3,2,6,86,86194,2,4,2,1,2
202300040582,3,10,2023,11:58,1,1,7,56,56200,1,3,2,1,1
202300040583,5,10,2023,12:35,1,1,7,76,76312,1,3,2,1,1
202300040584,8,12,2023,23:10,3,1,2,85,85191,1,3,1,1,1
202300040585,5,10,2023,10:50,1,1,7,79,79130,1,3,2,1,1
202300040586,8,12,2023,18:55,5,8,4,84,84007,2,4,2,1,2
202300040587,3,10,2023,18:00,1,1,7,65,65129,1,3,2,2,1
202300040588,8,12,2023,19:00,3,1,6,30,30011,2,4,2,1,1
202300040589,4,10,2023,18:20,1,1,3,33,33036,2,4,2,1,1
202300040590,5,10,2023,15:20,1,1,6,81,81276,1,3,2,1,1
202300040591,7,12,2023,20:14,5,1,3,84,84007,2,4,-1,1,1
202300040591,7,12,2023,20:14,5,1,3,84,84007,2,4,-1,1,1
202300040592,2,10,2023,20:15,2,1,7,11,11184,1,4,2,1,1
202300040593,11,10,2023,07:00,3,1,1,82,82033,1,3,2,1,1
202300040594,8,12,2023,18:00,3,1,2,81,81004,1,2,3,1,1
202300040595,5,10,2023,07:15,2,1,5,71,71184,1,3,2,1,1
202300040596,4,10,2023,14:10,1,1,6,49,49292,2,3,2,4,1
202300040597,8,12,2023,13:30,1,1,3,79,79191,2,4,2,2,2
202300040597,8,12,2023,13:30,1,1,3,79,79191,2,4,2,2,2
202300040598,3,10,2023,17:10,1,1,3,22,22152,1,3,1,2,1
202300040599,7,12,2023,19:05,2,1,4,77,77114,1,9,2,1,2
202300040600,1,10,2023,16:20,1,1,7,25,25157,1,4,2,2,9
202300040601,4,10,2023,13:45,1,2,1,25,25360,1,3,2,3,2
202300040602,8,12,2023,18:15,3,1,4,76,76391,1,7,2,1,1
202300040603,5,10,2023,17:08,2,7,2,15,15265,2,3,2,3,1
202300040604,7,12,2023,17:40,5,3,6,76,76351,2,4,2,1,2
202300040605,5,10,2023,19:35,2,1,3,01,01320,2,3,2,1,1
202300040606,7,12,2023,18:50,5,3,6,76,76351,2,4,2,1,2
202300040606,7,12,2023,18:50,5,3,6,76,76351,2,4,2,1,2
202300040607,7,12,2023,17:00,5,3,3,76,76351,2,4,2,1,2
202300040607,7,12,2023,17:00,5,3,3,76,76351,2,4,2,1,2
202300040608,4,10,2023,17:35,1,1,3,54,54060,2,4,2,1,1
202300040609,7,12,2023,18:30,3,3,4,76,76296,1,3,2,1,2
202300040609,7,12,2023,18:30,3,3,4,76,76296,1,3,2,1,2
202300040610,4,10,2023,15:15,1,1,2,72,72146,1,4,2,1,1
202300040611,8,12,2023,11:40,1,1,5,74,74281,2,4,2,1,2
202300040612,7,9,2023,18:31,1,1,6,60,60245,2,3,2,1,1
202300040612,7,9,2023,18:31,1,1,6,60,60245,2,3,2,1,1
202300040613,8,12,2023,17:40,5,8,6,72,72181,2,6,-1,1,2
202300040614,5,10,2023,07:25,2,5,7,64,64010,2,3,-1,1,1
202300040615,8,12,2023,07:35,2,2,6,72,72181,2,4,2,1,2
202300040616,5,10,2023,15:00,1,1,7,73,73007,1,3,2,1,1
202300040617,7,12,2023,11:45,1,2,5,72,72181,2,4,3,2,2
202300040618,5,10,2023,15:50,1,1,1,53,53115,1,3,2,1,1
202300040618,5,10,2023,15:50,1,1,1,53,53115,1,3,2,1,1
202300040619,4,10,2023,23:45,3,1,6,27,27169,1,3,2,1,1
202300040620,8,12,2023,22:40,5,2,5,69,69276,2,7,2,1,2
202300040621,4,10,2023,22:00,3,1,7,38,38431,1,1,3,1,1
202300040622,8,12,2023,07:47,4,2,6,69,69199,2,7,2,1,2
202300040622,8,12,2023,07:47,4,2,6,69,69199,2,7,2,1,2
202300040623,5,10,2023,06:50,2,1,1,27,27577,1,1,3,4,1
202300040624,4,10,2023,15:00,1,1,3,987,98733,2,3,2,1,1
202300040625,7,12,2023,18:25,5,1,1,69,69259,2,4,2,2,1
202300040625,7,12,2023,18:25,5,1,1,69,69259,2,4,2,1,1
202300040626,30,9,2023,06:30,3,1,6,78,78470,1,4,2,2,1
202300040627,7,12,2023,05:30,5,8,1,69,69199,2,7,2,2,1
202300040628,9,12,2023,00:50,4,5,6,67,67365,1,4,2,1,2
202300040629,5,10,2023,12:00,1,1,7,84,84092,2,3,3,1,1
202300040629,5,10,2023,12:00,1,1,7,84,84092,2,3,-1,-1,-1
202300040630,8,12,2023,12:00,1,1,3,67,67482,2,4,3,1,2
202300040631,4,10,2023,11:38,1,1,3,06,06101,1,3,2,2,1
202300040632,1,10,2023,13:45,1,1,7,67,67511,1,3,2,1,1
202300040633,8,12,2023,06:00,5,2,6,67,67482,2,4,2,1,2
202300040633,8,12,2023,06:00,5,2,6,67,67482,2,4,-1,1,2
202300040634,4,10,2023,16:10,1,1,3,63,63263,1,3,2,2,1
202300040634,4,10,2023,16:10,1,1,3,63,63263,1,3,2,2,1
202300040635,8,12,2023,09:13,1,2,6,65,65440,2,4,2,1,2
202300040635,8,12,2023,09:13,1,2,6,65,65440,2,4,2,1,2
202300040636,7,12,2023,17:00,5,2,7,64,64024,2,4,2,1,2
202300040637,4,10,2023,21:00,5,1,6,73,73213,1,3,2,1,1
202300040638,4,12,2023,14:45,1,2,3,62,62902,2,3,2,1,2
202300040638,4,12,2023,14:45,1,2,3,62,62902,2,3,2,1,2
202300040639,5,12,2023,20:20,3,2,6,60,60159,2,4,2,1,2
202300040640,4,10,2023,17:45,1,1,1,44,44201,1,3,-1,4,8
202300040641,8,12,2023,06:55,2,2,6,54,54547,1,7,2,1,2
202300040642,2,10,2023,18:50,1,1,2,01,01043,2,3,3,1,1
202300040643,8,12,2023,08:25,1,1,1,51,51454,2,4,2,1,1
202300040643,8,12,2023,08:25,1,1,1,51,51454,2,4,2,1,1
202300040644,8,12,2023,18:25,5,2,6,49,49007,2,4,2,1,2
202300040645,8,12,2023,20:10,4,2,2,49,49007,2,4,2,1,2
202300040646,4,10,2023,12:20,1,1,3,81,81099,1,3,2,1,1
202300040646,4,10,2023,12:20,1,1,3,81,81099,1,3,2,1,1
202300040647,7,12,2023,08:20,2,3,3,49,49007,2,4,1,1,2
202300040648,5,10,2023,08:45,1,7,2,46,46175,1,3,2,2,1
202300040649,7,12,2023,08:30,2,2,3,49,49007,2,4,1,1,2
202300040650,4,10,2023,16:20,1,1,2,31,31004,1,3,1,1,1
202300040651,6,12,2023,18:24,1,2,7,49,49267,1,4,2,1,2
202300040652,4,10,2023,19:30,1,1,6,33,33449,2,4,2,1,1
202300040653,8,12,2023,13:15,1,2,5,42,42186,2,7,1,4,9
202300040653,8,12,2023,13:15,1,2,5,42,42186,2,7,2,1,9
202300040654,4,10,2023,20:50,3,1,5,33,33056,1,3,2,1,1
202300040655,8,12,2023,05:15,5,3,3,38,38516,1,1,1,1,3
202300040655,8,12,2023,05:15,5,3,3,38,38516,1,1,1,1,3
202300040656,5,10,2023,09:15,3,1,7,44,44052,1,3,2,1,1
202300040657,8,12,2023,10:45,1,2,3,37,37261,2,4,2,1,2
202300040658,5,10,2023,12:50,1,1,2,60,60462,2,3,2,2,1
202300040659,8,12,2023,14:50,1,1,2,35,35051,2,4,1,1,1
202300040660,8,12,2023,08:50,1,1,3,35,35238,2,4,2,1,1
202300040661,2,10,2023,12:17,1,1,4,54,54312,1,1,3,1,1
202300040662,8,12,2023,19:40,3,1,2,34,34129,2,3,1,1,1
202300040663,1,10,2023,18:55,1,1,2,33,33063,1,1,2,2,1
202300040664,8,12,2023,14:05,1,1,4,34,34172,2,4,1,1,1
202300040665,8,12,2023,07:10,2,2,3,34,34172,2,4,2,1,3
202300040666,4,10,2023,16:05,1,1,2,77,77251,1,1,2,1,1
202300040667,4,10,2023,08:50,1,1,7,91,91363,1,2,1,1,1
202300040668,8,12,2023,14:45,1,2,4,33,33281,2,4,2,1,2
202300040669,4,10,2023,07:50,1,1,3,94,94076,1,1,1,1,1
202300040670,14,1,2023,09:10,1,2,1,28,28403,1,1,2,1,2
202300040671,4,10,2023,00:26,4,1,7,91,91689,1,1,-1,1,1
202300040672,8,12,2023,01:00,5,2,3,33,33039,2,4,4,1,2
202300040672,8,12,2023,01:00,5,2,3,33,33039,2,4,4,3,2
202300040673,13,1,2023,17:35,3,3,3,68,68295,1,1,2,1,2
202300040673,13,1,2023,17:35,3,3,3,68,68295,1,1,1,1,2
202300040674,4,10,2023,17:30,1,1,5,93,93066,1,1,1,1,1
202300040675,14,1,2023,12:20,1,1,6,21,21244,1,1,3,1,1
202300040676,8,12,2023,20:15,4,2,4,31,31555,1,1,1,1,2
202300040677,4,10,2023,08:30,1,1,6,95,95365,1,2,3,1,1
202300040678,13,1,2023,21:55,4,1,3,974,97414,2,2,2,2,1
202300040679,4,10,2023,12:55,1,1,2,95,95678,1,2,1,4,1
202300040680,8,12,2023,04:05,3,3,2,31,31555,2,1,1,1,2
202300040681,3,10,2023,21:50,3,1,3,94,94018,1,1,1,1,1
202300040682,7,12,2023,14:30,1,8,3,31,31555,2,7,2,1,1
202300040683,4,1,2023,08:15,3,2,3,35,35024,1,3,1,2,2
202300040683,4,1,2023,08:15,3,2,3,35,35024,1,3,2,1,2
202300040684,8,12,2023,16:20,2,7,6,28,28404,2,4,-1,1,1
202300040685,22,4,2023,05:00,3,1,1,55,55361,1,3,2,2,1
202300040686,13,1,2023,21:05,3,1,7,51,51109,2,3,2,2,2
202300040687,8,12,2023,10:25,1,2,6,27,27554,1,4,2,2,2
202300040688,22,6,2023,05:40,2,1,7,80,80029,2,4,2,1,1
202300040688,22,6,2023,05:40,2,1,7,80,80029,2,4,2,1,1
202300040689,14,1,2023,11:22,1,2,1,59,59525,2,3,2,2,2
202300040690,8,12,2023,13:58,1,1,1,27,27439,1,2,-1,1,2
202300040691,13,6,2023,19:30,1,1,6,80,80360,1,3,2,1,1
202300040692,1,12,2023,18:50,5,2,6,26,26252,2,4,2,1,2
202300040693,14,1,2023,16:35,1,1,1,59,59580,1,3,2,2,2
202300040694,8,12,2023,06:30,3,8,2,22,22278,2,4,1,1,1
202300040695,14,1,2023,08:10,1,1,1,74,74065,1,3,2,1,2
202300040695,14,1,2023,08:10,1,1,1,74,74065,1,3,2,1,2
202300040696,27,6,2023,19:30,1,1,3,29,29058,1,3,2,2,1
202300040696,27,6,2023,19:30,1,1,3,29,29058,1,3,2,1,1
202300040697,7,12,2023,19:28,5,1,6,21,21054,2,4,-1,1,2
202300040698,3,10,2023,07:20,1,1,2,973,97302,2,4,1,1,1
202300040699,13,1,2023,19:30,3,2,6,74,74275,2,3,2,2,2
202300040700,3,10,2023,18:15,1,1,6,91,91421,2,3,-1,1,1
202300040701,2,10,2023,17:30,1,1,3,91,91657,2,4,1,1,1
202300040701,2,10,2023,17:30,1,1,3,91,91657,2,4,-1,1,1
202300040702,3,10,2023,07:50,1,1,6,88,88413,2,4,2,1,1
202300040703,10,1,2023,17:15,3,1,5,67,67310,1,3,2,1,1
202300040703,10,1,2023,17:15,3,1,5,67,67310,1,3,2,1,1
202300040704,1,10,2023,09:55,1,1,3,87,87085,1,3,2,2,1
202300040704,1,10,2023,09:55,1,1,3,87,87085,1,3,1,1,1
202300040705,29,9,2023,18:03,1,1,2,87,87085,2,4,2,1,1
202300040706,2,10,2023,19:00,1,1,3,87,87085,2,4,2,1,1
202300040706,2,10,2023,19:00,1,1,3,87,87085,2,4,1,1,1
202300040707,13,1,2023,19:00,5,1,6,80,80011,2,3,2,1,1
202300040708,2,10,2023,08:25,1,1,6,85,85194,2,3,3,1,1
202300040709,14,1,2023,06:30,3,1,6,32,32290,1,3,2,1,1
202300040710,2,10,2023,12:15,1,1,6,82,82121,2,4,1,1,1
202300040711,3,10,2023,18:55,1,1,3,81,81004,2,3,1,1,1
202300040712,12,1,2023,16:10,1,1,6,46,46127,2,3,2,1,1
202300040713,2,10,2023,12:58,1,7,2,81,81004,2,4,1,1,1
202300040714,3,10,2023,14:00,1,1,6,78,78586,2,4,-1,1,1
202300040715,13,1,2023,15:40,1,1,6,46,46009,1,3,2,1,2
202300040716,1,1,2023,08:30,2,2,6,22,22166,1,3,2,1,2
202300040717,3,10,2023,19:48,1,1,6,77,77495,2,2,2,2,1
202300040718,2,10,2023,08:30,1,1,4,77,77269,1,3,2,1,1
202300040719,14,1,2023,05:45,3,1,6,39,39209,1,3,2,1,2
202300040720,3,10,2023,10:25,1,2,3,77,77243,2,4,2,2,2
202300040721,28,9,2023,18:00,1,1,6,76,76351,2,4,2,1,1
202300040722,14,1,2023,13:10,1,8,3,70,70116,2,3,2,4,1
202300040722,14,1,2023,13:10,1,8,3,70,70116,2,3,2,4,1
202300040723,2,10,2023,13:36,1,1,3,72,72181,2,4,3,1,1
202300040724,3,10,2023,10:15,1,1,6,71,71118,2,3,2,1,1
202300040725,13,1,2023,16:20,1,1,6,06,06023,2,3,2,2,1
202300040725,13,1,2023,16:20,1,1,6,06,06023,2,3,2,4,1
202300040726,3,10,2023,07:15,2,8,3,69,69266,2,4,1,1,1
202300040726,3,10,2023,07:15,2,8,3,69,69266,2,4,2,1,1
202300040727,2,10,2023,09:45,1,1,6,69,69091,2,7,2,1,1
202300040728,25,9,2023,17:05,1,1,6,68,68066,2,4,2,1,1
202300040729,14,1,2023,08:55,1,1,6,06,06079,2,4,2,1,1
202300040730,3,10,2023,07:30,1,1,1,67,67218,2,4,2,4,1
202300040731,12,1,2023,18:00,5,2,6,14,14119,2,3,2,1,2
202300040732,2,10,2023,14:15,1,1,6,67,67482,2,4,4,1,1
202300040733,3,10,2023,11:20,1,8,3,64,64348,2,4,2,1,1
202300040734,14,1,2023,04:30,3,2,6,50,50101,1,3,2,1,2
202300040735,2,10,2023,11:30,1,1,6,64,64445,2,4,-1,2,1
202300040736,29,9,2023,15:15,1,1,6,64,64122,2,4,-1,1,1
202300040737,14,1,2023,09:00,1,8,7,43,43205,1,3,2,2,1
202300040738,3,10,2023,11:25,1,1,6,61,61006,2,3,3,1,1
202300040739,2,10,2023,11:50,1,1,6,60,60159,2,4,2,1,1
202300040740,12,1,2023,08:30,2,1,3,40,40209,2,4,-1,-1,-1
202300040740,12,1,2023,08:30,2,1,3,40,40209,2,4,2,1,1
202300040741,3,10,2023,11:40,1,8,6,60,60057,2,4,2,1,2
202300040742,11,1,2023,15:00,1,1,3,28,28084,1,3,2,1,1
202300040742,11,1,2023,15:00,1,1,3,28,28084,1,3,2,1,1
202300040743,3,10,2023,12:00,1,1,6,59,59090,2,6,-1,1,1
202300040744,2,10,2023,18:15,1,1,6,59,59033,2,3,2,2,1
202300040745,14,1,2023,10:20,1,1,7,17,17465,1,3,2,2,2
202300040746,3,10,2023,19:15,2,1,2,59,59350,2,7,2,1,1
202300040747,13,1,2023,19:00,4,2,5,87,87061,1,2,2,1,2
202300040748,3,10,2023,15:50,1,1,6,59,59350,2,4,2,1,1
202300040749,14,1,2023,10:00,1,8,7,37,37026,1,3,2,1,2
202300040750,3,10,2023,11:50,1,1,6,59,59009,1,4,2,1,1
202300040751,3,10,2023,09:10,1,2,3,59,59636,1,3,3,1,2
202300040752,13,1,2023,18:10,3,1,2,77,77306,1,1,3,1,2
202300040753,2,10,2023,08:30,1,1,2,59,59328,2,4,-1,1,1
202300040753,2,10,2023,08:30,1,1,2,59,59328,2,4,-1,1,1
202300040754,13,1,2023,19:20,5,2,1,971,97112,2,3,2,1,2
202300040755,3,10,2023,18:10,1,1,3,59,59122,1,4,2,1,1
202300040756,2,10,2023,09:00,1,1,6,57,57631,2,3,2,1,1
202300040757,3,10,2023,13:20,1,1,6,56,56098,2,4,2,2,1
202300040758,2,10,2023,18:25,1,1,2,56,56121,2,4,1,1,1
202300040759,13,1,2023,04:40,5,1,3,977,97701,2,4,1,1,-1
202300040759,13,1,2023,04:40,5,1,3,977,97701,2,4,2,1,1
202300040760,2,10,2023,13:45,1,1,3,56,56121,2,4,3,1,1
202300040761,26,9,2023,08:20,1,1,6,55,55029,2,4,2,1,1
202300040762,3,10,2023,17:45,1,8,2,54,54099,2,3,2,2,2
202300040763,13,1,2023,20:00,3,1,6,34,34103,2,4,1,2,1
202300040763,13,1,2023,20:00,3,1,6,34,34103,2,4,2,1,1
202300040764,2,10,2023,08:00,1,1,1,51,51454,2,4,2,1,1
202300040765,3,10,2023,07:24,2,2,7,49,49267,1,1,1,1,2
202300040766,3,10,2023,07:15,5,8,6,49,49353,2,4,2,1,2
202300040767,13,1,2023,21:25,3,1,7,06,06078,1,3,2,1,1
202300040768,3,10,2023,08:25,1,8,1,45,45234,2,4,2,1,1
202300040769,14,1,2023,15:28,1,1,3,81,81099,1,3,2,1,1
202300040769,14,1,2023,15:28,1,1,3,81,81099,1,3,2,1,1
202300040770,3,10,2023,18:39,1,7,3,45,45004,2,3,-1,1,1
202300040770,3,10,2023,18:39,1,7,3,45,45004,2,3,2,1,1
202300040771,3,10,2023,15:40,1,1,6,44,44109,2,4,2,1,1
202300040772,14,1,2023,10:40,1,3,5,14,14424,1,3,3,1,2
202300040772,14,1,2023,10:40,1,3,5,14,14424,1,3,2,1,2
202300040773,3,10,2023,20:15,5,1,3,37,37261,2,4,2,1,1
202300040773,3,10,2023,20:15,5,1,3,37,37261,2,4,1,1,1
202300040774,13,1,2023,19:40,3,1,6,60,60517,1,4,2,1,1
202300040775,3,10,2023,18:58,2,1,6,37,37122,2,4,2,1,1
202300040776,3,10,2023,08:45,1,8,3,37,37261,2,4,2,2,2
202300040777,13,1,2023,10:28,1,1,6,13,13210,1,1,1,2,1
202300040778,3,10,2023,07:39,3,8,2,37,37122,2,4,2,1,2
202300040779,13,1,2023,17:45,3,1,2,91,91103,1,2,-1,1,1
202300040780,3,10,2023,08:45,1,2,2,37,37261,2,4,2,2,2
202300040781,12,1,2023,22:38,4,2,4,91,91477,1,1,1,1,2
202300040782,3,10,2023,09:05,1,8,2,37,37195,2,7,3,1,2
202300040783,13,1,2023,18:35,3,2,2,92,92025,1,1,2,1,2
202300040784,3,10,2023,17:45,1,1,6,35,35238,2,6,-1,1,1
202300040785,12,1,2023,09:30,1,2,7,78,78490,1,2,-1,2,8
202300040786,2,10,2023,17:35,1,1,3,35,35238,2,4,2,1,1
202300040786,2,10,2023,17:35,1,1,3,35,35238,2,4,3,1,1
202300040787,13,1,2023,14:45,1,1,4,93,93066,1,1,3,1,1
202300040788,13,1,2023,07:45,2,1,7,93,93029,1,1,3,1,1
202300040789,3,10,2023,22:30,4,1,1,34,34172,2,4,1,1,1
202300040790,13,1,2023,03:10,4,8,6,93,93005,1,1,1,1,2
202300040791,3,10,2023,08:35,1,8,3,33,33192,2,4,2,1,1
202300040791,3,10,2023,08:35,1,8,3,33,33192,2,4,2,1,1
202300040792,13,1,2023,02:45,3,8,6,93,93005,1,1,3,1,2
202300040793,3,10,2023,21:40,3,1,2,31,31555,1,1,1,1,1
202300040794,3,10,2023,16:30,1,1,6,31,31483,2,4,-1,1,1
202300040795,12,1,2023,18:50,3,1,4,93,93007,1,1,3,1,1
202300040796,3,10,2023,08:45,1,2,3,28,28404,2,4,1,1,2
202300040797,12,1,2023,17:00,2,1,3,93,93010,1,1,3,1,1
202300040798,3,10,2023,07:20,4,2,6,22,22113,2,4,2,1,2
202300040799,12,1,2023,16:00,1,1,3,92,92036,1,1,3,1,2
202300040800,1,10,2023,08:15,1,1,6,14,14487,2,3,3,1,1
202300040801,3,10,2023,08:15,1,1,3,14,14327,1,2,3,1,1
202300040802,11,1,2023,18:00,3,1,5,95,95018,1,1,3,1,1
202300040803,2,10,2023,14:17,1,1,1,11,11069,2,3,2,1,1
202300040804,12,1,2023,08:00,2,1,3,93,93063,1,1,1,1,1
202300040805,2,10,2023,18:00,1,1,3,10,10387,2,4,2,1,1
202300040805,2,10,2023,18:00,1,1,3,10,10387,2,4,2,1,1
202300040806,2,10,2023,22:15,3,1,3,09,09225,1,2,3,1,1
202300040807,3,10,2023,10:34,1,1,2,06,06088,2,4,3,1,1
202300040808,3,10,2023,18:00,1,1,6,06,06123,2,4,2,1,1
202300040809,3,10,2023,10:00,1,1,3,04,04112,1,3,2,1,1
202300040810,2,10,2023,18:25,1,1,6,02,02408,2,4,2,1,1
202300040811,13,1,2023,20:50,3,1,4,75,75112,1,1,-1,1,2
202300040812,3,10,2023,18:30,1,1,2,75,75116,2,4,1,1,1
202300040813,2,10,2023,23:00,5,1,2,75,75113,2,4,1,1,1
202300040814,13,1,2023,07:30,3,1,7,77,77337,1,2,3,2,2
202300040815,2,10,2023,15:40,1,1,3,75,75117,2,4,1,1,1
202300040816,12,1,2023,03:45,3,1,2,94,94004,1,2,1,1,1
202300040817,1,10,2023,20:00,5,1,4,75,75119,2,4,1,1,1
202300040818,12,1,2023,06:00,2,8,1,972,97213,1,3,2,1,2
202300040819,1,10,2023,13:45,1,1,3,75,75119,2,4,-1,1,1
202300040819,1,10,2023,13:45,1,1,3,75,75119,2,4,2,1,1
202300040820,3,10,2023,11:15,1,2,7,75,75117,2,4,3,1,2
202300040821,3,10,2023,14:40,1,1,3,75,75116,2,4,2,1,1
202300040821,3,10,2023,14:40,1,1,3,75,75116,2,4,2,1,1
202300040822,1,10,2023,22:45,5,1,3,75,75116,2,4,1,3,1
202300040823,12,1,2023,08:10,2,8,3,38,38421,2,7,2,1,2
202300040823,12,1,2023,08:10,2,8,3,38,38421,2,7,2,1,2
202300040824,2,10,2023,23:45,5,1,3,75,75115,2,4,2,1,1
202300040824,2,10,2023,23:45,5,1,3,75,75115,2,4,1,1,1
202300040825,3,10,2023,13:35,1,1,6,75,75114,2,4,2,1,2
202300040826,11,1,2023,11:45,1,1,6,13,13117,2,9,-1,1,1
202300040827,3,10,2023,00:45,5,1,1,75,75114,2,4,2,1,1
202300040827,3,10,2023,00:45,5,1,1,75,75114,2,4,2,1,1
202300040828,6,1,2023,07:30,2,8,6,57,57660,2,3,2,1,1
202300040829,1,10,2023,06:00,5,1,1,75,75114,2,4,3,1,1
202300040830,3,10,2023,13:40,1,1,6,75,75113,2,4,1,1,1
202300040830,3,10,2023,13:40,1,1,6,75,75113,2,4,2,1,1
202300040831,8,1,2023,18:00,4,2,6,77,77083,2,3,2,1,2
202300040831,8,1,2023,18:00,4,2,6,77,77083,2,3,2,1,2
202300040832,3,10,2023,09:45,1,3,3,75,75112,2,4,1,1,2
202300040832,3,10,2023,09:45,1,3,3,75,75112,2,4,2,1,2
202300040833,12,1,2023,08:30,1,1,3,973,97302,2,3,2,1,1
202300040834,3,10,2023,09:45,1,2,3,75,75112,2,4,1,1,2
202300040835,12,1,2023,07:55,1,1,3,973,97302,2,3,2,1,1
202300040836,3,10,2023,19:00,2,1,6,75,75109,2,4,1,1,1
202300040836,3,10,2023,19:00,2,1,6,75,75109,2,4,2,2,1
202300040837,3,10,2023,18:40,1,1,3,75,75108,2,4,2,2,1
202300040837,3,10,2023,18:40,1,1,3,75,75108,2,4,2,1,1
202300040838,12,1,2023,08:45,1,8,1,972,97209,2,4,2,1,2
202300040839,3,10,2023,23:00,5,1,2,94,94044,2,3,-1,1,1
202300040840,12,1,2023,18:20,4,2,6,95,95306,2,3,2,1,2
202300040841,3,10,2023,13:40,1,1,3,94,94074,2,3,2,1,1