id_accident,jour,mois,annee,heure_minute,luminosite,meteo,type_collision,departement,commune,agglomeration,categorie_route,regime_circulation,profil_route,etat_surface
202300040841,3,10,2023,13:40,1,1,3,94,94074,2,3,1,1,1
202300040842,3,10,2023,15:00,1,1,6,94,94011,2,3,3,1,1
202300040843,3,10,2023,08:15,1,2,6,94,94041,2,3,2,1,2
202300040843,3,10,2023,08:15,1,2,6,94,94041,2,3,2,1,2
202300040844,11,1,2023,18:40,5,2,6,90,90010,2,4,1,1,2
202300040845,3,10,2023,06:30,5,1,6,94,94041,2,4,1,1,1
202300040846,3,10,2023,16:30,1,1,2,93,93073,2,4,3,1,1
202300040847,3,10,2023,09:27,1,2,6,93,93066,2,4,3,1,2
202300040847,3,10,2023,09:27,1,2,6,93,93066,2,4,1,1,2
202300040848,3,10,2023,18:07,1,1,3,93,93077,2,4,1,1,1
202300040848,3,10,2023,18:07,1,1,3,93,93077,2,4,1,1,1
202300040849,2,10,2023,10:00,1,2,6,93,93055,2,3,2,1,2
202300040849,2,10,2023,10:00,1,2,6,93,93055,2,3,2,1,2
202300040850,12,1,2023,11:24,1,1,1,81,81074,1,3,2,4,1
202300040850,12,1,2023,11:24,1,1,1,81,81074,1,3,2,1,1
202300040851,3,10,2023,20:10,5,1,6,93,93051,2,4,2,2,1
202300040852,12,1,2023,03:00,5,1,6,80,80021,2,4,2,2,2
202300040853,12,1,2023,18:20,5,2,3,79,79191,2,3,2,1,2
202300040853,12,1,2023,18:20,5,2,3,79,79191,2,3,2,1,2
202300040854,3,10,2023,06:25,5,1,3,93,93051,2,3,2,1,1
202300040854,3,10,2023,06:25,5,1,3,93,93051,2,3,2,1,1
202300040855,12,1,2023,08:50,1,2,6,76,76498,2,4,2,1,2
202300040856,11,1,2023,19:30,3,1,3,76,76319,1,7,2,1,1
202300040856,11,1,2023,19:30,3,1,3,76,76319,1,7,2,1,1
202300040857,3,10,2023,17:40,1,1,6,93,93048,2,3,2,1,1
202300040857,3,10,2023,17:40,1,1,6,93,93048,2,3,1,2,1
202300040858,10,1,2023,17:00,2,1,3,76,76447,2,4,2,1,1
202300040858,10,1,2023,17:00,2,1,3,76,76447,2,4,2,2,1
202300040859,3,10,2023,13:28,1,8,3,93,93046,2,4,2,1,1
202300040860,12,1,2023,19:35,3,1,2,73,73065,1,2,3,1,1
202300040861,3,10,2023,12:00,1,1,3,93,93079,2,3,2,1,1
202300040862,12,1,2023,21:00,3,1,3,69,69199,2,4,2,2,2
202300040863,3,10,2023,10:30,1,2,6,93,93029,2,3,2,1,2
202300040863,3,10,2023,10:30,1,2,6,93,93029,2,3,2,1,2
202300040864,12,1,2023,17:00,5,1,3,69,69259,2,7,2,1,1
202300040865,1,10,2023,18:28,1,1,6,93,93001,2,4,1,1,9
202300040865,1,10,2023,18:28,1,1,6,93,93001,2,4,1,1,9
202300040866,12,1,2023,09:30,1,7,6,69,69290,2,7,2,1,1
202300040867,12,1,2023,06:16,5,2,2,69,69259,2,4,2,1,2
202300040868,3,10,2023,17:05,1,1,3,92,92033,2,3,2,2,1
202300040869,11,1,2023,17:20,2,1,6,69,69266,2,4,1,1,2
202300040869,11,1,2023,17:20,2,1,6,69,69266,2,4,1,1,2
202300040870,3,10,2023,19:00,2,1,3,92,92063,2,3,1,1,1
202300040871,11,1,2023,09:00,1,1,6,67,67482,2,4,1,1,1
202300040872,11,1,2023,08:20,3,3,6,64,64189,2,3,2,1,2
202300040873,3,10,2023,16:00,1,1,2,92,92051,2,2,3,1,1
202300040874,12,1,2023,07:00,5,1,3,64,64445,2,4,2,1,2
202300040874,12,1,2023,07:00,5,1,3,64,64445,2,4,1,1,2
202300040875,2,10,2023,12:30,1,1,2,92,92050,2,4,-1,1,1
202300040876,7,1,2023,18:50,5,1,3,64,64445,2,4,2,1,1
202300040876,7,1,2023,18:50,5,1,3,64,64445,2,4,2,1,1
202300040877,2,10,2023,17:45,1,1,3,92,92049,2,3,2,1,1
202300040878,3,10,2023,18:00,1,1,6,92,92048,2,3,2,2,1
202300040879,7,1,2023,16:30,1,1,3,63,63113,2,4,2,1,1
202300040879,7,1,2023,16:30,1,1,3,63,63113,2,4,2,1,1
202300040880,3,10,2023,09:40,1,3,3,92,92044,2,4,-1,1,2
202300040881,3,10,2023,10:08,1,2,7,92,92040,2,3,2,2,2
202300040882,12,1,2023,12:20,1,2,2,61,61001,2,3,2,1,2
202300040883,12,1,2023,20:05,5,2,6,56,56260,2,4,2,2,2
202300040884,3,10,2023,11:20,1,2,3,92,92036,2,4,2,1,2
202300040884,3,10,2023,11:20,1,2,3,92,92036,2,4,2,1,2
202300040885,7,1,2023,11:05,1,1,6,54,54395,2,4,2,1,1
202300040885,7,1,2023,11:05,1,1,6,54,54395,2,4,1,1,1
202300040886,3,10,2023,18:00,1,1,3,92,92026,2,3,2,1,1
202300040886,3,10,2023,18:00,1,1,3,92,92026,2,3,2,1,1
202300040887,11,1,2023,17:25,5,1,6,51,51172,2,4,1,2,2
202300040888,3,10,2023,08:47,1,2,3,92,92026,2,3,2,1,2
202300040889,11,1,2023,10:25,1,1,6,50,50218,2,4,2,4,1
202300040890,3,10,2023,08:55,1,2,6,92,92019,2,3,2,2,2
202300040891,12,1,2023,07:40,2,1,6,49,49328,2,3,1,1,1
202300040892,3,10,2023,08:50,1,2,6,92,92012,2,3,2,1,2
202300040893,9,1,2023,13:50,1,1,3,49,49099,2,4,2,1,1
202300040893,9,1,2023,13:50,1,1,3,49,49099,2,4,2,1,1
202300040894,3,10,2023,00:10,5,1,2,92,92007,2,3,2,1,1
202300040895,12,1,2023,08:33,1,2,6,49,49007,2,4,2,1,2
202300040896,3,10,2023,21:13,5,1,6,92,92014,2,3,1,2,1
202300040897,3,10,2023,17:20,1,1,6,92,92014,2,6,-1,2,1
202300040898,11,1,2023,08:13,2,2,4,49,49007,2,4,3,1,2
202300040899,3,10,2023,00:25,5,1,6,92,92002,2,4,3,1,1
202300040899,3,10,2023,00:25,5,1,6,92,92002,2,4,2,1,1
202300040900,12,1,2023,14:55,1,1,3,47,47031,2,3,-1,1,1
202300040901,4,10,2023,13:55,1,1,1,24,24417,2,4,2,1,1
202300040902,12,1,2023,18:09,5,2,2,45,45234,2,4,3,1,2
202300040903,12,1,2023,08:15,2,1,6,45,45169,2,4,1,1,1
202300040904,21,9,2023,09:20,1,1,3,24,24540,1,2,2,3,1
202300040904,21,9,2023,09:20,1,1,3,24,24540,1,2,2,1,1
202300040905,11,1,2023,15:50,1,1,6,45,45232,2,6,-1,1,1
202300040906,3,10,2023,17:20,1,1,5,39,39063,1,3,2,2,2
202300040907,12,1,2023,21:05,5,2,3,44,44109,2,4,2,2,2
202300040907,12,1,2023,21:05,5,2,3,44,44109,2,4,2,1,2
202300040908,3,10,2023,09:45,1,1,2,24,24449,2,3,2,1,1
202300040909,12,1,2023,18:20,5,1,4,38,38185,2,7,1,1,1
202300040910,30,9,2023,08:30,1,1,3,06,06019,1,3,2,2,1
202300040910,30,9,2023,08:30,1,1,3,06,06019,1,3,2,1,1
202300040911,29,9,2023,22:50,5,1,7,17,17194,2,4,2,1,1
202300040911,29,9,2023,22:50,5,1,7,17,17194,2,4,2,1,1
202300040912,12,1,2023,15:20,1,1,3,38,38185,2,4,2,1,1
202300040912,12,1,2023,15:20,1,1,3,38,38185,2,4,2,1,1
202300040912,12,1,2023,15:20,1,1,3,38,38185,2,4,2,1,1
202300040913,24,7,2023,10:10,1,1,1,37,37261,2,4,3,1,1
202300040913,24,7,2023,10:10,1,1,1,37,37261,2,4,2,1,1
202300040914,1,10,2023,10:12,1,1,6,95,95480,2,4,2,1,1
202300040915,12,1,2023,08:45,1,1,1,38,38185,2,4,2,1,2
202300040915,12,1,2023,08:45,1,1,1,38,38185,2,4,2,1,2
202300040916,23,7,2023,10:18,1,1,3,34,34172,2,4,1,1,1
202300040916,23,7,2023,10:18,1,1,3,34,34172,2,4,2,1,1
202300040917,3,10,2023,07:30,2,1,3,31,31182,2,7,2,1,1
202300040917,3,10,2023,07:30,2,1,3,31,31182,2,7,2,1,1
202300040918,12,1,2023,08:25,1,1,6,37,37195,2,4,2,1,2
202300040919,4,10,2023,14:05,1,1,1,31,31435,1,3,2,1,1
202300040920,25,7,2023,00:32,5,1,3,33,33522,2,4,2,1,1
202300040920,25,7,2023,00:32,5,1,3,33,33522,2,4,2,1,1
202300040921,11,1,2023,11:05,1,1,7,37,37261,2,7,2,1,2
202300040922,12,1,2023,15:00,1,2,3,35,35238,2,4,3,1,2
202300040922,12,1,2023,15:00,1,2,3,35,35238,2,4,3,1,2
202300040923,4,10,2023,14:15,1,1,5,71,71550,1,1,3,2,1
202300040924,21,7,2023,16:35,1,1,6,29,29019,2,4,2,1,1
202300040924,21,7,2023,16:35,1,1,6,29,29019,2,4,1,1,1
202300040925,12,1,2023,07:55,2,2,4,35,35238,1,2,3,1,2
202300040926,24,7,2023,17:22,1,1,3,27,27299,2,4,2,1,1
202300040926,24,7,2023,17:22,1,1,3,27,27299,2,4,2,1,1
202300040927,4,10,2023,17:18,1,1,1,974,97422,2,4,2,2,1
202300040928,23,7,2023,18:15,1,1,3,19,19031,2,4,2,1,1
202300040928,23,7,2023,18:15,1,1,3,19,19031,2,4,2,1,1
202300040929,12,1,2023,09:20,1,1,3,34,34172,2,4,2,2,1
202300040929,12,1,2023,09:20,1,1,3,34,34172,2,4,2,2,1
202300040930,4,10,2023,12:15,1,1,3,972,97203,1,2,2,1,1
202300040930,4,10,2023,12:15,1,1,3,972,97203,1,2,-1,-1,-1
202300040931,24,7,2023,07:00,1,2,2,11,11262,2,3,2,1,2
202300040932,23,7,2023,22:28,5,1,7,10,10387,2,4,2,1,1
202300040933,12,1,2023,15:35,1,1,3,31,31069,2,4,1,1,1
202300040933,12,1,2023,15:35,1,1,3,31,31069,2,4,2,1,1
202300040934,4,10,2023,06:00,2,1,7,67,67356,1,5,-1,1,1
202300040935,23,7,2023,19:15,1,1,6,10,10387,2,4,-1,1,1
202300040936,4,10,2023,17:20,1,1,7,30,30278,2,3,1,1,1
202300040937,24,7,2023,06:30,2,2,6,06,06088,2,4,2,2,2
202300040938,12,1,2023,06:55,5,1,3,31,31555,2,7,2,1,2
202300040938,12,1,2023,06:55,5,1,3,31,31555,2,7,2,1,2
202300040939,21,7,2023,09:30,1,1,4,75,75113,2,4,1,1,1
202300040940,12,1,2023,14:40,1,2,2,27,27375,2,4,2,1,2
202300040941,22,7,2023,00:25,5,1,2,75,75113,2,4,1,1,1
202300040942,24,7,2023,16:30,1,1,6,75,75120,2,4,1,1,1
202300040943,11,1,2023,20:25,5,2,3,27,27229,2,4,2,1,2
202300040943,11,1,2023,20:25,5,2,3,27,27229,2,4,2,2,2
202300040944,24,7,2023,11:17,1,1,3,75,75119,2,4,2,1,1
202300040945,11,1,2023,16:30,1,1,2,27,27299,2,3,2,1,1
202300040946,24,7,2023,15:10,1,1,6,75,75118,2,4,-1,1,1
202300040947,12,1,2023,08:10,1,2,2,25,25056,2,2,3,1,2
202300040948,24,7,2023,09:20,1,8,3,75,75116,2,4,2,1,1
202300040949,23,3,2023,08:30,1,8,2,21,21054,2,4,1,1,1
202300040949,23,3,2023,08:30,1,8,2,21,21054,2,4,3,1,1
202300040950,24,7,2023,02:30,5,2,2,75,75116,2,4,1,1,2
202300040951,21,1,2023,19:22,5,1,3,21,21054,2,4,2,1,1
202300040952,24,7,2023,09:45,1,8,6,75,75115,2,4,1,1,2
202300040952,24,7,2023,09:45,1,8,6,75,75115,2,4,2,1,2
202300040953,24,7,2023,20:45,2,8,6,75,75111,2,4,-1,1,1
202300040953,24,7,2023,20:45,2,8,6,75,75111,2,4,2,1,1
202300040954,8,1,2023,12:55,1,8,3,15,15012,2,3,1,1,2
202300040955,24,7,2023,17:40,1,2,3,75,75110,2,4,-1,1,2
202300040955,24,7,2023,17:40,1,2,3,75,75110,2,4,2,1,2
202300040956,12,1,2023,18:00,5,1,3,13,13117,2,4,1,1,1
202300040956,12,1,2023,18:00,5,1,3,13,13117,2,4,2,1,1
202300040957,24,7,2023,08:00,1,1,3,75,75108,2,4,2,1,1
202300040957,24,7,2023,08:00,1,1,3,75,75108,2,4,2,1,1
202300040958,12,1,2023,08:00,1,1,3,13,13106,2,4,2,1,1
202300040959,24,7,2023,04:52,3,3,6,75,75108,2,4,-1,1,2
202300040959,24,7,2023,04:52,3,3,6,75,75108,2,4,-1,1,2
202300040960,12,1,2023,06:15,5,1,3,13,13215,2,4,2,1,1
202300040960,12,1,2023,06:15,5,1,3,13,13215,2,4,2,2,1
202300040961,23,7,2023,10:35,1,1,7,75,75104,2,4,2,1,1
202300040961,23,7,2023,10:35,1,1,7,75,75104,2,4,1,1,1
202300040962,10,1,2023,20:10,5,1,2,06,06088,2,4,3,1,1
202300040963,24,7,2023,21:05,2,2,6,94,94076,2,4,2,1,2
202300040964,11,1,2023,15:10,1,1,6,05,05061,2,4,2,1,1
202300040965,24,7,2023,07:00,1,1,1,94,94034,2,3,2,1,2
202300040965,24,7,2023,07:00,1,1,1,94,94034,2,3,2,1,2
202300040966,11,1,2023,18:15,2,2,1,976,97611,2,2,2,1,2
202300040967,23,7,2023,23:40,5,2,6,94,94079,2,4,2,1,2
202300040968,11,1,2023,06:15,1,1,6,974,97416,1,2,1,2,1
202300040969,24,7,2023,23:00,3,2,3,94,94075,2,2,2,1,2
202300040969,24,7,2023,23:00,3,2,3,94,94075,2,2,2,1,2
202300040970,10,1,2023,18:15,1,1,2,974,97411,2,4,1,1,1
202300040971,24,7,2023,03:30,3,8,6,94,94004,2,9,-1,2,1
202300040972,11,1,2023,11:00,1,1,6,974,97409,2,4,2,2,1
202300040973,24,7,2023,01:00,5,2,3,93,93005,2,3,2,1,2
202300040973,24,7,2023,01:00,5,2,3,93,93005,2,3,3,1,2
202300040974,11,1,2023,08:40,1,1,6,69,69386,2,4,1,1,1
202300040975,24,7,2023,09:30,1,1,1,93,93008,2,4,2,1,1
202300040976,11,1,2023,07:18,1,1,3,972,97213,1,3,2,1,1
202300040977,24,7,2023,19:00,1,2,1,92,92076,2,4,2,1,2
202300040978,11,1,2023,18:30,3,1,1,972,97209,1,3,3,2,1
202300040979,10,7,2023,20:00,1,1,2,92,92009,2,3,-1,1,1
202300040980,11,1,2023,07:40,1,2,7,972,97209,2,3,2,1,2
202300040981,19,7,2023,10:00,1,1,6,42,42331,2,4,2,2,1
202300040982,11,1,2023,19:00,5,8,3,69,69389,2,4,2,1,2
202300040982,11,1,2023,19:00,5,8,3,69,69389,2,4,1,1,2
202300040983,25,7,2023,15:55,1,1,6,28,28196,1,1,3,2,2
202300040984,11,1,2023,06:30,5,2,2,95,95539,2,3,2,1,2
202300040985,22,7,2023,11:20,1,1,7,972,97217,2,2,2,2,1
202300040986,10,1,2023,10:05,1,2,6,95,95598,2,3,2,1,2
202300040987,15,7,2023,23:00,3,3,6,29,29189,1,2,3,1,2
202300040988,23,7,2023,06:20,2,1,6,58,58270,1,3,2,4,1
202300040989,11,1,2023,14:09,1,1,3,91,91122,2,4,-1,2,1
202300040990,24,7,2023,15:30,1,1,7,04,04205,1,3,2,2,1
202300040991,11,1,2023,08:21,2,1,6,91,91326,2,4,2,1,2
202300040992,25,7,2023,08:30,1,3,7,91,91679,1,3,3,1,2
202300040993,11,1,2023,08:35,1,2,1,87,87085,2,3,2,2,2
202300040993,11,1,2023,08:35,1,2,1,87,87085,2,3,2,1,2
202300040994,24,7,2023,20:00,1,2,2,51,51662,1,1,3,1,2
202300040995,10,1,2023,14:55,1,2,7,87,87085,2,4,1,1,2
202300040996,10,1,2023,08:00,3,2,2,78,78638,1,3,2,1,2
202300040996,10,1,2023,08:00,3,2,2,78,78638,1,3,2,2,2
202300040997,24,7,2023,20:10,1,1,3,80,80827,2,3,2,1,1
202300040998,10,1,2023,07:25,3,2,3,77,77379,1,3,1,1,1
202300040999,25,7,2023,13:50,1,1,1,71,71289,2,4,2,1,1
202300041000,11,1,2023,13:45,1,1,6,77,77111,2,3,1,1,1
202300041000,11,1,2023,13:45,1,1,6,77,77111,2,3,2,1,1
202300041001,25,7,2023,04:00,3,1,6,47,47312,1,3,2,2,1
202300041002,10,1,2023,13:15,1,2,3,72,72181,2,4,1,2,2
202300041002,10,1,2023,13:15,1,2,3,72,72181,2,4,-1,1,2
202300041003,24,7,2023,13:30,1,8,3,22,22322,1,3,2,2,1
202300041003,24,7,2023,13:30,1,8,3,22,22322,1,3,2,1,1
202300041004,11,1,2023,13:10,1,1,3,71,71306,2,4,2,1,1
202300041004,11,1,2023,13:10,1,1,3,71,71306,2,4,2,1,1
202300041005,24,7,2023,12:02,1,3,7,22,22093,1,3,2,1,2
202300041006,11,1,2023,13:10,1,2,3,69,69275,2,4,2,1,2
202300041006,11,1,2023,13:10,1,2,3,69,69275,2,4,2,1,2
202300041007,24,7,2023,19:00,1,1,6,25,25304,2,3,2,1,1
202300041008,11,1,2023,11:00,1,2,6,69,69029,1,7,3,1,2
202300041009,24,7,2023,15:00,1,1,6,29,29003,2,3,2,1,1
202300041010,25,7,2023,15:36,1,2,6,31,31314,1,3,2,1,2
202300041011,10,1,2023,17:45,1,1,3,67,67447,2,7,2,1,1
202300041012,25,7,2023,16:05,1,1,7,02,02548,1,3,2,1,1
202300041013,10,1,2023,17:15,2,1,7,66,66136,1,3,3,1,1
202300041014,25,7,2023,07:40,1,1,2,02,02294,1,3,1,1,1
202300041015,11,1,2023,10:50,1,2,4,64,64348,1,3,2,2,2
202300041016,10,1,2023,12:30,1,1,6,64,64129,2,6,-1,1,1
202300041017,25,7,2023,06:30,2,2,7,15,15051,1,3,2,1,2
202300041018,25,7,2023,06:00,2,2,1,15,15140,1,3,2,2,2
202300041019,6,1,2023,21:10,5,1,3,63,63070,2,7,2,1,1
202300041020,11,1,2023,08:32,1,1,3,63,63113,2,4,2,1,1
202300041021,24,7,2023,15:50,1,7,7,26,26125,1,3,2,1,1
202300041022,10,1,2023,13:46,1,1,2,63,63075,2,7,2,1,1
202300041023,25,7,2023,17:20,1,1,3,06,06053,1,3,2,1,1
202300041024,23,7,2023,14:30,1,1,6,06,06071,1,3,2,2,1
202300041025,10,1,2023,07:49,1,1,4,63,63113,2,7,3,1,1
202300041026,24,7,2023,18:30,1,3,7,53,53182,2,9,1,1,3
202300041027,11,1,2023,15:30,1,2,3,59,59279,2,7,2,1,2
202300041027,11,1,2023,15:30,1,2,3,59,59279,2,7,2,1,2
202300041028,24,7,2023,18:30,1,1,1,40,40274,2,3,2,1,1
202300041029,10,1,2023,07:55,5,8,6,59,59008,2,3,2,1,2
202300041030,25,7,2023,19:15,1,1,6,24,24254,2,4,2,1,1
202300041031,11,1,2023,07:55,2,2,6,58,58194,2,4,2,1,2
202300041032,23,7,2023,12:30,1,2,6,27,27075,1,4,-1,1,2
202300041033,10,1,2023,09:30,1,2,3,56,56121,2,4,2,1,2
202300041034,24,7,2023,13:30,1,1,6,37,37270,1,3,2,1,1
202300041035,11,1,2023,07:55,2,2,3,51,51454,2,4,2,1,2
202300041036,24,7,2023,14:30,1,8,3,65,65127,1,1,1,2,1
202300041037,11,1,2023,07:50,3,2,3,51,51108,1,2,2,1,2
202300041038,25,7,2023,08:40,1,1,3,973,97309,2,3,2,1,2
202300041038,25,7,2023,08:40,1,1,3,973,97309,2,3,2,1,2
202300041039,11,1,2023,08:40,2,2,6,51,51108,2,4,2,1,2
202300041040,25,7,2023,10:20,1,1,6,69,69027,2,4,2,1,1
202300041041,9,1,2023,18:25,2,2,6,50,50502,2,4,2,1,2
202300041042,10,1,2023,13:05,1,2,7,49,49267,2,3,2,1,2
202300041043,25,7,2023,06:50,1,2,3,95,95580,1,3,2,1,2
202300041043,25,7,2023,06:50,1,2,3,95,95580,1,3,2,2,2
202300041044,10,1,2023,08:25,2,2,7,49,49007,2,4,2,1,2
202300041045,23,7,2023,03:10,4,1,2,62,62731,1,1,3,1,1
202300041046,11,1,2023,21:10,5,1,3,45,45208,2,4,2,1,1
202300041046,11,1,2023,21:10,5,1,3,45,45208,2,4,1,1,1
202300041047,11,1,2023,10:40,1,1,6,37,37122,2,4,2,1,2
202300041048,23,7,2023,21:45,3,1,1,83,83063,1,3,2,2,1
202300041049,10,1,2023,20:15,5,8,3,37,37261,2,4,2,4,2
202300041049,10,1,2023,20:15,5,8,3,37,37261,2,4,3,1,2
202300041050,22,7,2023,15:55,1,1,1,13,13092,1,3,2,1,1
202300041051,17,6,2023,20:35,1,1,7,13,13041,2,9,2,1,1
202300041052,11,1,2023,08:20,1,1,3,31,31555,2,4,2,1,1
202300041053,11,1,2023,10:00,1,1,2,29,29019,2,4,2,1,1
202300041054,25,7,2023,02:30,3,1,1,89,89298,1,1,1,1,2
202300041055,10,1,2023,08:40,1,2,3,29,29019,2,4,-1,1,2
202300041055,10,1,2023,08:40,1,2,3,29,29019,2,4,-1,1,2
202300041056,24,7,2023,18:03,1,1,3,88,88387,1,3,2,1,1
202300041056,24,7,2023,18:03,1,1,3,88,88387,1,3,2,1,1
202300041057,10,1,2023,08:35,1,2,4,29,29019,2,4,3,2,2
202300041058,25,7,2023,08:50,1,1,3,69,69009,2,3,2,1,1
202300041059,10,1,2023,17:30,5,2,6,28,28134,2,4,2,1,2
202300041059,10,1,2023,17:30,5,2,6,28,28134,2,4,2,2,2
202300041060,25,7,2023,07:55,1,1,3,17,17307,1,3,2,1,1
202300041061,25,7,2023,18:00,2,1,2,16,16280,1,3,2,1,1
202300041062,11,1,2023,11:10,1,1,6,22,22278,2,4,1,1,1
202300041063,23,7,2023,17:25,1,8,7,57,57124,1,3,2,1,1
202300041064,25,7,2023,14:30,1,1,7,80,80383,1,4,2,1,6
202300041065,10,1,2023,17:54,5,2,1,22,22278,2,4,2,1,2
202300041065,10,1,2023,17:54,5,2,1,22,22278,2,4,2,1,2
202300041066,23,7,2023,20:45,1,1,6,13,13215,1,1,2,2,1
202300041067,11,1,2023,10:04,1,1,1,17,17300,2,4,2,1,1
202300041068,15,7,2023,13:45,1,1,2,69,69081,1,7,3,1,1
202300041069,11,1,2023,14:20,1,2,3,14,14536,1,3,2,2,2
202300041070,21,7,2023,19:15,1,1,4,54,54571,1,1,3,1,1
202300041071,11,1,2023,12:30,1,1,1,13,13043,2,4,2,1,1
202300041072,11,1,2023,08:30,1,1,6,13,13210,2,4,1,1,1
202300041073,17,7,2023,10:50,1,1,4,62,62427,1,1,-1,1,1
202300041074,11,1,2023,07:35,2,1,3,13,13216,2,4,1,2,1
202300041075,24,7,2023,21:00,2,1,2,92,92002,1,1,3,1,1
202300041076,11,1,2023,07:50,2,1,6,08,08105,2,4,1,2,2
202300041077,24,7,2023,18:10,1,2,3,91,91345,1,1,3,2,2
202300041078,10,1,2023,14:15,1,1,3,06,06029,2,4,2,2,1
202300041079,24,7,2023,08:08,1,1,1,91,91477,1,1,3,1,1
202300041080,12,1,2023,18:00,1,1,3,75,75112,2,4,1,1,1
202300041081,24,7,2023,18:30,1,2,3,92,92025,1,1,1,1,2
202300041082,12,1,2023,19:30,5,1,3,75,75116,2,4,2,1,1
202300041083,20,7,2023,15:28,1,1,6,78,78158,1,1,1,1,1
202300041084,12,1,2023,10:00,1,2,3,75,75116,2,4,2,1,2
202300041085,24,7,2023,01:50,3,1,6,92,92063,1,1,-1,3,2
202300041086,12,1,2023,12:30,1,1,2,75,75115,2,4,1,1,1
202300041086,12,1,2023,12:30,1,1,2,75,75115,2,4,1,1,1
202300041087,23,7,2023,06:55,1,1,7,92,92050,1,1,-1,1,1
202300041088,12,1,2023,08:40,1,1,2,75,75115,2,4,1,1,1
202300041088,12,1,2023,08:40,1,1,2,75,75115,2,4,1,1,1
202300041089,24,7,2023,07:10,1,8,3,93,93051,1,1,3,1,2
202300041090,12,1,2023,18:08,1,1,5,75,75112,2,4,1,2,1
202300041090,12,1,2023,18:08,1,1,5,75,75112,2,4,1,1,1
202300041091,24,7,2023,06:50,1,2,2,77,77249,1,2,1,1,2
202300041092,23,7,2023,23:00,3,1,7,94,94069,1,1,1,2,1
202300041093,12,1,2023,11:00,1,2,3,75,75112,2,4,-1,1,2
202300041093,12,1,2023,11:00,1,2,3,75,75112,2,4,1,1,2
202300041094,22,5,2023,17:30,1,1,6,74,74012,2,3,1,1,1
202300041095,12,1,2023,15:20,1,1,3,75,75111,2,4,3,1,2
202300041095,12,1,2023,15:20,1,1,3,75,75111,2,4,2,1,2
202300041096,4,5,2023,17:00,1,1,2,74,74010,1,1,1,1,1
202300041097,12,1,2023,11:00,1,2,6,75,75111,2,4,2,2,2
202300041097,12,1,2023,11:00,1,2,6,75,75111,2,4,3,1,2
202300041098,2,5,2023,09:15,1,1,3,74,74010,2,3,2,2,1
202300041099,12,4,2023,10:50,1,1,6,74,74010,2,4,2,1,1
202300041100,12,1,2023,00:50,5,1,2,75,75110,2,4,1,1,2
202300041100,12,1,2023,00:50,5,1,2,75,75110,2,4,2,1,2
202300041101,10,4,2023,20:00,2,1,6,74,74220,2,3,2,1,1
202300041102,12,1,2023,18:35,5,2,6,94,94073,2,3,2,1,2
202300041102,12,1,2023,18:35,5,2,6,94,94073,2,3,2,1,2
202300041103,23,7,2023,09:00,1,1,6,93,93029,2,4,2,1,1
202300041103,23,7,2023,09:00,1,1,6,93,93029,2,4,2,1,1
202300041104,12,1,2023,09:20,1,2,3,94,94015,2,3,2,1,2
202300041104,12,1,2023,09:20,1,2,3,94,94015,2,3,2,1,2
202300041105,22,7,2023,15:10,1,1,3,59,59009,2,7,1,1,1
202300041106,12,1,2023,15:25,1,8,3,94,94041,2,3,2,1,2
202300041106,12,1,2023,15:25,1,8,3,94,94041,2,3,3,1,2
202300041107,12,1,2023,08:10,2,2,3,94,94017,2,3,4,2,2
202300041107,12,1,2023,08:10,2,2,3,94,94017,2,3,2,1,2
202300041108,21,7,2023,08:00,1,1,6,988,98818,2,4,3,1,1
202300041108,21,7,2023,08:00,1,1,6,988,98818,2,4,2,1,1
202300041109,24,7,2023,01:00,3,1,1,974,97409,2,4,3,1,1
202300041110,12,1,2023,00:30,5,1,6,93,93073,2,4,2,1,1
202300041110,12,1,2023,00:30,5,1,6,93,93073,2,4,2,1,1
202300041111,23,7,2023,05:57,1,1,1,972,97209,1,2,2,2,1
202300041112,12,1,2023,15:40,1,1,3,93,93066,2,4,-1,1,1
202300041112,12,1,2023,15:40,1,1,3,93,93066,2,4,1,1,1
202300041113,23,7,2023,21:05,3,1,7,2B,2B301,1,3,1,1,1
202300041114,22,7,2023,19:45,5,1,3,971,97101,1,4,2,1,1
202300041115,12,1,2023,15:15,1,1,3,93,93066,2,4,1,1,1
202300041116,22,7,2023,18:29,1,1,3,2A,2A004,2,2,1,1,1
202300041117,23,7,2023,05:55,2,1,1,84,84035,1,3,2,1,1
202300041117,23,7,2023,05:55,2,1,1,84,84035,1,3,2,1,1
202300041118,23,7,2023,01:00,5,1,3,83,83137,2,4,2,1,1
202300041119,23,7,2023,19:27,1,1,7,79,79191,2,4,1,1,1
202300041120,23,7,2023,19:45,1,2,5,78,78624,1,3,2,2,2
202300041121,21,7,2023,20:25,1,1,6,73,73008,2,3,3,1,1
202300041122,23,7,2023,05:45,2,1,6,64,64125,2,4,2,2,1
202300041123,23,7,2023,01:35,3,1,6,64,64102,1,3,2,2,1
202300041124,22,7,2023,13:20,1,1,6,62,62178,2,3,1,1,1
202300041125,23,7,2023,03:33,3,8,6,59,59220,2,7,2,1,1
202300041126,21,7,2023,12:20,1,1,6,57,57227,2,3,1,1,1
202300041126,21,7,2023,12:20,1,1,6,57,57227,2,3,1,2,1
202300041127,23,7,2023,15:30,1,1,1,49,49328,2,4,2,2,2
202300041128,22,7,2023,22:35,3,1,1,41,41158,1,3,2,3,1