id_accident,jour,mois,annee,heure_minute,luminosite,meteo,type_collision,departement,commune,agglomeration,categorie_route,regime_circulation,profil_route,etat_surface
202300041129,23,7,2023,18:13,1,1,3,41,41158,1,3,-1,1,1
202300041129,23,7,2023,18:13,1,1,3,41,41158,1,3,-1,1,1
202300041130,23,7,2023,14:10,1,1,6,37,37261,2,4,1,1,1
202300041131,23,7,2023,08:40,1,1,2,37,37261,2,4,1,1,1
202300041132,23,7,2023,15:05,1,2,3,35,35051,2,4,2,2,2
202300041133,23,7,2023,13:10,1,2,6,35,35278,1,2,3,1,2
202300041134,23,7,2023,13:10,1,2,3,35,35238,2,6,-1,1,2
202300041135,23,7,2023,22:31,2,1,3,31,31555,2,7,2,1,1
202300041136,23,7,2023,01:30,5,1,3,31,31555,2,4,1,1,1
202300041136,23,7,2023,01:30,5,1,3,31,31555,2,4,2,4,1
202300041137,23,7,2023,18:05,1,1,3,27,27229,2,4,2,1,1
202300041137,23,7,2023,18:05,1,1,3,27,27229,2,4,2,1,1
202300041138,22,7,2023,17:25,1,1,5,07,07281,1,3,2,2,1
202300041139,23,7,2023,19:10,1,1,6,06,06004,1,3,2,1,1
202300041140,23,7,2023,20:40,1,1,1,75,75120,2,4,2,2,1
202300041140,23,7,2023,20:40,1,1,1,75,75120,2,4,2,2,1
202300041141,23,7,2023,13:55,1,2,7,75,75119,2,4,1,1,2
202300041142,23,7,2023,14:00,1,2,6,75,75118,2,4,1,1,2
202300041143,23,7,2023,00:35,5,1,6,75,75116,2,4,2,1,1
202300041144,23,7,2023,05:35,5,1,6,75,75114,2,4,1,1,1
202300041144,23,7,2023,05:35,5,1,6,75,75114,2,4,1,1,1
202300041145,23,7,2023,02:15,5,1,6,94,94077,2,3,2,1,1
202300041146,23,7,2023,15:20,1,2,2,93,93005,2,3,2,1,2
202300041147,23,7,2023,13:00,1,2,2,92,92047,2,3,2,1,2
202300041148,23,7,2023,17:45,1,1,3,92,92012,2,4,1,1,1
202300041149,23,7,2023,20:45,1,1,6,71,71222,2,3,2,1,1
202300041150,23,7,2023,16:15,1,2,3,68,68188,1,3,2,1,2
202300041151,24,7,2023,12:45,1,2,7,49,49163,1,3,2,1,2
202300041152,23,7,2023,14:00,1,1,7,36,36247,1,3,2,1,1
202300041153,23,7,2023,18:00,1,1,6,46,46217,1,4,2,2,1
202300041154,19,7,2023,04:00,3,1,7,86,86004,1,3,2,1,1
202300041155,22,7,2023,10:00,1,1,6,62,62491,1,3,2,1,1
202300041155,22,7,2023,10:00,1,1,6,62,62491,1,3,2,1,1
202300041156,23,7,2023,22:14,3,1,2,25,25214,1,1,3,2,1
202300041157,23,7,2023,17:15,1,2,5,974,97410,1,2,-1,2,2
202300041158,11,7,2023,07:53,2,1,6,06,06095,2,4,2,2,1
202300041158,11,7,2023,07:53,2,1,6,06,06095,2,4,2,2,1
202300041159,19,7,2023,20:30,2,1,6,06,06130,2,3,2,1,1
202300041160,1,7,2023,14:30,1,1,7,974,97413,1,5,-1,1,1
202300041161,24,7,2023,07:20,1,1,3,08,08435,1,2,3,1,1
202300041162,23,7,2023,23:50,5,1,7,91,91577,2,4,2,1,1
202300041163,20,7,2023,04:10,3,1,3,19,19246,2,3,2,1,1
202300041164,21,7,2023,17:05,1,1,7,77,77208,2,3,2,1,1
202300041164,21,7,2023,17:05,1,1,7,77,77208,2,3,-1,-1,-1
202300041165,19,7,2023,18:15,1,1,7,82,82134,1,3,2,1,1
202300041166,23,7,2023,12:05,1,1,1,33,33236,1,3,2,1,1
202300041167,18,7,2023,05:05,2,1,6,69,69006,2,4,2,2,1
202300041168,24,7,2023,16:25,1,3,1,71,71196,1,3,2,1,2
202300041169,24,7,2023,12:57,1,1,3,71,71305,2,3,2,1,1
202300041169,24,7,2023,12:57,1,1,3,71,71305,2,3,2,1,1
202300041170,23,7,2023,22:00,3,1,7,71,71050,1,3,2,1,1
202300041171,22,7,2023,23:30,4,1,6,61,61475,2,3,2,1,1
202300041172,12,7,2023,11:12,1,1,6,49,49080,1,3,2,1,1
202300041173,23,7,2023,10:45,1,1,6,68,68208,1,3,2,1,1
202300041174,20,7,2023,19:35,1,1,7,22,22354,1,4,2,1,1
202300041175,23,7,2023,10:30,1,1,6,39,39560,1,3,2,2,1
202300041176,21,7,2023,10:55,1,1,1,44,44183,1,3,2,1,1
202300041176,21,7,2023,10:55,1,1,1,44,44183,1,3,2,1,1
202300041177,22,7,2023,14:50,1,1,6,29,29249,1,4,2,1,1
202300041178,23,7,2023,19:00,1,1,6,29,29160,1,4,2,1,2
202300041179,22,7,2023,20:54,1,1,7,02,02004,1,3,2,1,1
202300041180,24,7,2023,08:00,2,8,3,03,03258,1,3,2,1,2
202300041180,24,7,2023,08:00,2,8,3,03,03258,1,3,2,1,2
202300041181,23,7,2023,14:30,1,1,6,03,03060,1,4,1,1,1
202300041181,23,7,2023,14:30,1,1,6,03,03060,1,4,2,1,1
202300041182,23,7,2023,05:40,3,2,7,50,50087,1,4,2,2,2
202300041183,23,7,2023,20:45,2,2,6,50,50487,1,3,2,2,2
202300041184,29,5,2023,16:00,1,1,7,64,64238,2,4,2,1,9
202300041185,24,7,2023,16:00,1,1,3,16,16264,1,3,2,1,1
202300041185,24,7,2023,16:00,1,1,3,16,16264,1,3,2,1,1
202300041186,24,7,2023,17:30,1,1,6,07,07162,1,3,2,1,1
202300041187,23,7,2023,17:00,1,1,3,21,21197,1,3,2,1,1
202300041187,23,7,2023,17:00,1,1,3,21,21197,1,3,2,1,1
202300041188,23,7,2023,09:00,1,1,7,21,21418,1,3,2,2,1
202300041189,23,7,2023,16:45,1,1,1,28,28264,1,3,2,1,1
202300041190,24,7,2023,10:21,1,1,5,87,87133,1,2,2,2,1
202300041191,23,7,2023,17:00,1,1,3,48,48146,2,3,2,2,1
202300041192,20,7,2023,10:40,1,1,7,52,52060,2,4,2,1,1
202300041193,24,7,2023,16:30,1,1,1,52,52480,1,2,2,1,1
202300041194,23,7,2023,21:55,3,1,3,88,88062,1,3,2,1,1
202300041195,22,7,2023,11:50,1,1,1,987,98734,1,2,2,1,1
202300041196,23,7,2023,15:10,1,1,2,86,86158,1,1,1,2,1
202300041197,21,7,2023,07:30,1,1,2,77,77382,2,3,2,2,1
202300041198,24,7,2023,11:00,1,1,7,77,77317,2,4,1,1,1
202300041199,23,7,2023,18:15,1,1,1,2B,2B093,1,2,2,2,1
202300041200,23,7,2023,17:10,1,1,1,66,66171,2,4,2,1,1
202300041201,23,7,2023,22:30,3,1,3,34,34289,1,3,2,1,1
202300041202,24,7,2023,13:10,1,1,3,13,13086,2,4,-1,1,1
202300041202,24,7,2023,13:10,1,1,3,13,13086,2,4,2,1,1
202300041203,18,7,2023,09:00,1,1,6,89,89196,1,1,3,2,1
202300041204,23,7,2023,06:30,2,1,6,52,52348,1,9,2,2,1
202300041205,23,7,2023,21:13,2,1,7,68,68213,1,3,2,2,1
202300041206,21,6,2023,16:50,1,1,4,06,06088,1,1,3,2,1
202300041207,21,6,2023,17:15,1,1,4,73,73257,1,3,2,1,1
202300041207,21,6,2023,17:15,1,1,4,73,73257,1,3,2,2,1
202300041208,18,6,2023,17:15,1,1,3,973,97313,1,3,2,1,1
202300041209,22,6,2023,02:00,3,1,6,977,97701,1,5,2,1,1
202300041210,21,6,2023,18:45,5,2,6,971,97106,2,2,2,2,2
202300041211,22,6,2023,05:40,5,1,6,66,66164,1,4,2,1,1
202300041212,21,6,2023,16:45,1,1,3,66,66065,2,4,1,1,1
202300041212,21,6,2023,16:45,1,1,3,66,66065,2,4,2,1,1
202300041213,22,6,2023,12:00,1,1,7,84,84049,1,4,2,2,1
202300041214,12,6,2023,11:20,1,1,1,05,05007,1,3,2,2,1
202300041215,22,6,2023,04:15,3,1,6,05,05151,1,4,2,2,1
202300041216,22,6,2023,05:48,2,8,6,10,10172,1,3,1,1,2
202300041217,17,6,2023,23:35,3,1,2,88,88251,1,3,2,2,1
202300041218,21,6,2023,21:50,5,2,1,55,55553,2,3,2,1,2
202300041219,21,6,2023,07:26,1,1,6,73,73187,1,3,2,1,1
202300041220,21,6,2023,19:15,1,1,3,07,07063,1,4,2,1,1
202300041221,21,6,2023,01:30,4,1,6,69,69072,2,4,2,2,1
202300041222,21,6,2023,15:00,1,1,6,81,81105,1,3,2,4,1
202300041223,22,6,2023,08:30,1,1,3,85,85071,1,3,2,1,1
202300041223,22,6,2023,08:30,1,1,3,85,85071,1,3,2,1,1
202300041224,5,6,2023,15:15,1,1,6,56,56069,2,4,2,2,1
202300041225,21,6,2023,18:50,1,1,3,60,60302,2,3,2,1,1
202300041225,21,6,2023,18:50,1,1,3,60,60302,2,3,2,1,1
202300041226,21,6,2023,17:10,1,1,3,62,62014,2,4,2,1,1
202300041226,21,6,2023,17:10,1,1,3,62,62014,2,4,2,1,1
202300041227,20,6,2023,20:30,1,9,6,59,59548,1,3,3,4,2
202300041228,21,6,2023,20:45,1,1,6,59,59569,1,3,3,1,1
202300041229,16,6,2023,14:30,1,1,3,59,59267,1,3,2,1,1
202300041230,18,6,2023,12:20,1,1,2,13,13106,1,1,1,1,1
202300041231,21,6,2023,08:30,1,1,2,13,13001,1,1,1,1,1
202300041232,18,6,2023,04:13,5,1,2,13,13212,1,1,1,2,1
202300041233,14,6,2023,18:55,1,2,2,83,83090,1,1,1,1,2
202300041234,17,6,2023,22:30,3,1,2,69,69296,1,1,3,1,1
202300041235,21,6,2023,17:40,1,1,3,91,91216,1,1,1,1,1
202300041236,21,6,2023,10:30,1,1,2,94,94037,1,1,1,1,1
202300041237,21,6,2023,07:20,1,1,4,91,91617,1,2,3,1,1
202300041238,21,6,2023,09:10,1,1,3,91,91377,1,1,3,1,2
202300041239,21,6,2023,08:40,1,1,6,92,92050,1,1,1,1,1
202300041240,20,6,2023,18:30,1,1,4,95,95218,1,1,3,1,2
202300041241,20,6,2023,09:45,1,1,5,93,93066,1,1,3,1,1
202300041242,20,6,2023,08:10,1,1,3,93,93005,1,1,1,2,1
202300041243,20,6,2023,14:40,1,7,6,67,67482,2,4,2,1,1
202300041244,20,6,2023,16:45,1,1,3,62,62774,2,3,-1,1,1
202300041245,20,6,2023,16:00,1,1,6,06,06088,2,4,1,1,1
202300041246,20,6,2023,01:15,5,1,7,75,75107,2,4,2,1,1
202300041247,10,6,2023,21:00,1,1,6,59,59350,2,4,1,1,1
202300041248,4,3,2023,19:40,3,1,6,82,82093,1,3,2,1,1
202300041249,16,2,2023,12:50,1,1,6,32,32027,1,4,2,1,1
202300041250,2,3,2023,11:55,1,1,6,54,54328,1,1,3,1,1
202300041251,19,6,2023,10:30,1,1,1,987,98736,2,4,2,1,1
202300041251,19,6,2023,10:30,1,1,1,987,98736,2,4,2,1,1
202300041252,20,6,2023,20:30,5,1,1,974,97416,2,3,2,1,1
202300041253,20,6,2023,19:50,5,1,2,974,97411,2,4,1,1,1
202300041253,20,6,2023,19:50,5,1,2,974,97411,2,4,1,1,1
202300041254,16,6,2023,19:05,3,1,2,974,97411,1,2,1,1,1
202300041255,20,6,2023,11:10,1,1,7,973,97302,2,3,2,1,1
202300041256,20,6,2023,03:15,5,1,3,69,69386,2,4,1,1,1
202300041256,20,6,2023,03:15,5,1,3,69,69386,2,4,1,1,1
202300041257,20,6,2023,05:50,1,1,6,69,69387,2,4,2,1,1
202300041258,16,6,2023,21:40,5,1,1,972,97213,1,3,2,1,1
202300041259,20,6,2023,19:08,1,1,3,69,69382,2,4,2,1,1
202300041259,20,6,2023,19:08,1,1,3,69,69382,2,4,2,1,1
202300041260,20,6,2023,10:45,1,1,3,69,69382,2,4,1,1,1
202300041261,20,6,2023,01:40,5,1,6,69,69142,2,7,2,1,1
202300041262,16,6,2023,15:40,1,1,3,69,69034,2,4,2,1,1
202300041262,16,6,2023,15:40,1,1,3,69,69034,2,4,2,1,1
202300041263,15,6,2023,18:30,1,1,4,69,69034,2,4,1,1,1
202300041264,15,6,2023,08:20,1,1,3,69,69202,2,7,2,1,1
202300041265,20,6,2023,14:24,1,1,3,2B,2B122,2,4,1,1,1
202300041265,20,6,2023,14:24,1,1,3,2B,2B122,2,4,2,1,1
202300041266,19,6,2023,13:38,1,1,3,2B,2B033,2,4,1,1,1
202300041267,20,6,2023,08:50,1,1,3,971,97113,1,2,2,1,1
202300041267,20,6,2023,08:50,1,1,3,971,97113,1,2,2,1,1
202300041268,18,6,2023,19:48,1,1,6,91,91457,1,3,3,1,2
202300041269,20,6,2023,18:25,1,1,6,91,91312,2,4,2,1,1
202300041270,19,6,2023,19:30,1,8,1,91,91514,1,3,2,1,2
202300041271,20,6,2023,11:40,1,1,2,91,91479,2,3,1,1,1
202300041271,20,6,2023,11:40,1,1,2,91,91479,2,3,2,1,1
202300041272,19,6,2023,09:00,1,2,3,86,86066,1,3,2,1,2
202300041272,19,6,2023,09:00,1,2,3,86,86066,1,3,2,2,2
202300041273,14,6,2023,15:40,1,1,6,85,85194,2,4,2,1,1
202300041274,19,6,2023,18:15,1,1,3,79,79300,1,3,2,1,1
202300041274,19,6,2023,18:15,1,1,3,79,79300,1,3,2,1,1
202300041275,20,6,2023,17:17,1,1,6,78,78418,2,3,2,1,1
202300041276,20,6,2023,15:40,1,1,3,78,78481,1,2,1,1,1
202300041277,11,6,2023,02:20,3,1,6,78,78440,2,3,3,1,1
202300041278,19,6,2023,16:00,1,1,3,77,77337,2,3,3,1,1
202300041278,19,6,2023,16:00,1,1,3,77,77337,2,3,2,1,1
202300041279,20,6,2023,13:55,1,1,3,77,77438,2,4,2,1,1
202300041280,18,6,2023,07:00,2,1,3,76,76351,2,4,2,1,1
202300041280,18,6,2023,07:00,2,1,3,76,76351,2,4,3,1,1
202300041281,16,6,2023,09:45,1,1,2,76,76351,2,4,2,1,1
202300041281,16,6,2023,09:45,1,1,2,76,76351,2,4,2,1,1
202300041282,19,6,2023,17:50,1,1,3,73,73065,2,4,2,1,1
202300041282,19,6,2023,17:50,1,1,3,73,73065,2,4,2,1,1
202300041283,16,6,2023,03:15,5,1,6,71,71270,2,4,2,1,1
202300041284,18,6,2023,12:40,1,1,3,71,71153,2,3,2,1,1
202300041284,18,6,2023,12:40,1,1,3,71,71153,2,3,2,1,1
202300041285,14,6,2023,16:35,1,1,3,71,71309,1,3,-1,1,1
202300041285,14,6,2023,16:35,1,1,3,71,71309,1,3,2,1,1
202300041286,20,6,2023,07:45,1,1,3,69,69266,2,4,2,1,1
202300041286,20,6,2023,07:45,1,1,3,69,69266,2,4,1,1,1
202300041287,20,6,2023,07:25,1,1,1,69,69199,2,4,2,1,1
202300041288,19,6,2023,14:45,1,1,6,69,69091,2,4,2,1,1
202300041289,20,6,2023,18:00,1,8,3,67,67482,2,4,2,1,1
202300041289,20,6,2023,18:00,1,8,3,67,67482,2,4,2,1,1
202300041290,20,6,2023,17:15,1,1,7,64,64445,2,4,2,1,1
202300041291,20,6,2023,18:21,1,2,3,64,64024,2,4,2,1,2
202300041292,17,6,2023,23:45,3,1,4,62,62107,1,2,3,1,1
202300041293,14,6,2023,20:15,1,1,3,61,61006,2,3,3,1,1
202300041293,14,6,2023,20:15,1,1,3,61,61006,2,3,2,1,1
202300041294,20,6,2023,08:55,1,1,6,61,61001,2,3,2,1,1
202300041294,20,6,2023,08:55,1,1,6,61,61001,2,3,2,1,1
202300041295,19,6,2023,18:30,1,1,6,59,59008,2,4,-1,1,1
202300041296,17,6,2023,20:34,1,1,3,56,56162,1,6,-1,1,1
202300041297,16,6,2023,20:27,1,1,3,56,56121,2,4,2,1,1
202300041297,16,6,2023,20:27,1,1,3,56,56121,2,4,2,1,1
202300041298,17,6,2023,15:40,1,1,3,56,56121,2,4,2,1,1
202300041298,17,6,2023,15:40,1,1,3,56,56121,2,4,2,1,1
202300041299,20,6,2023,22:50,3,1,3,51,51454,2,4,-1,1,1
202300041300,20,6,2023,17:15,1,1,3,51,51454,2,9,2,1,1
202300041301,20,6,2023,13:35,1,1,3,51,51454,2,4,2,1,1
202300041302,15,6,2023,08:11,1,1,3,51,51474,2,4,2,1,1
202300041303,7,6,2023,11:55,1,1,2,49,49328,2,4,2,1,1
202300041303,7,6,2023,11:55,1,1,2,49,49328,2,4,2,1,1
202300041304,19,6,2023,11:52,1,2,6,49,49007,2,4,3,1,2
202300041305,20,6,2023,00:25,5,1,6,46,46042,2,3,2,2,1
202300041306,20,6,2023,13:00,1,1,2,44,44184,2,4,1,2,1
202300041306,20,6,2023,13:00,1,1,2,44,44184,2,4,2,1,1
202300041307,19,6,2023,17:00,1,1,2,44,44184,2,3,3,1,1
202300041308,19,6,2023,15:10,1,1,4,42,42275,2,7,2,1,1
202300041309,17,6,2023,16:15,1,1,3,41,41018,2,4,2,1,1
202300041310,14,6,2023,17:15,1,1,6,38,38185,2,4,1,1,1
202300041311,20,6,2023,08:30,1,1,3,37,37261,2,4,2,1,2
202300041312,20,6,2023,07:45,1,2,7,37,37261,2,4,2,1,2
202300041313,20,6,2023,03:25,5,1,6,37,37261,2,4,1,1,1
202300041313,20,6,2023,03:25,5,1,6,37,37261,2,4,1,1,1
202300041314,19,6,2023,13:00,1,3,7,37,37122,2,4,2,1,2
202300041315,20,6,2023,13:10,1,1,3,35,35238,2,4,2,1,1
202300041315,20,6,2023,13:10,1,1,3,35,35238,2,4,2,1,1
202300041316,20,6,2023,09:45,1,1,6,35,35055,2,4,2,1,1
202300041317,19,6,2023,16:51,1,1,3,35,35115,2,4,2,1,1
202300041318,17,6,2023,20:09,1,1,3,34,34301,2,4,2,2,1
202300041319,17,6,2023,05:00,3,1,6,34,34336,1,3,2,1,1
202300041320,19,6,2023,16:20,1,1,3,33,33249,2,4,2,1,1
202300041321,19,6,2023,14:45,1,1,6,29,29232,2,4,-1,1,1
202300041322,20,6,2023,07:35,1,1,3,29,29019,2,4,-1,1,1
202300041322,20,6,2023,07:35,1,1,3,29,29019,2,4,2,1,1
202300041323,14,6,2023,08:15,1,1,3,29,29019,2,4,2,4,1
202300041324,20,6,2023,17:05,1,1,6,27,27229,2,4,-1,2,2
202300041325,19,6,2023,16:37,1,1,1,27,27684,2,4,2,1,1
202300041326,20,6,2023,18:50,1,1,7,26,26362,2,4,2,1,1
202300041327,20,6,2023,15:50,1,8,2,25,25056,2,4,2,1,1
202300041328,20,6,2023,08:25,1,1,7,22,22278,2,4,2,1,1
202300041329,19,6,2023,17:43,1,1,3,22,22113,2,3,2,1,1
202300041329,19,6,2023,17:43,1,1,3,22,22113,2,3,1,1,1
202300041330,20,6,2023,13:11,1,2,2,17,17415,2,4,1,2,2
202300041331,18,6,2023,19:35,1,1,1,17,17415,2,4,2,1,1
202300041332,16,6,2023,11:45,1,1,6,14,14118,2,6,-1,1,1
202300041333,19,6,2023,17:30,1,1,6,13,13103,2,4,2,2,1
202300041334,20,6,2023,17:00,1,1,1,13,13203,2,7,2,1,1
202300041334,20,6,2023,17:00,1,1,1,13,13203,2,7,2,1,1
202300041335,20,6,2023,08:43,1,1,6,13,13209,2,4,2,1,1
202300041336,5,11,2023,12:50,1,1,3,92,92050,2,3,3,1,2
202300041337,20,6,2023,07:10,1,1,2,13,13210,2,4,2,1,1
202300041338,5,11,2023,09:28,1,2,6,92,92012,1,3,2,1,2
202300041339,19,6,2023,18:20,1,1,6,10,10325,2,4,2,1,1
202300041339,19,6,2023,18:20,1,1,6,10,10325,2,4,1,1,1
202300041340,5,11,2023,17:25,5,1,7,92,92004,2,3,2,1,1
202300041341,19,6,2023,20:05,1,1,3,07,07019,2,4,2,1,1
202300041341,19,6,2023,20:05,1,1,3,07,07019,2,4,2,1,1
202300041342,20,6,2023,13:10,1,1,3,06,06030,2,4,2,1,1
202300041343,20,6,2023,08:40,1,1,5,06,06029,2,4,2,2,1
202300041344,6,11,2023,06:05,3,2,3,69,69277,1,3,2,1,2
202300041344,6,11,2023,06:05,3,2,3,69,69277,1,3,2,1,2
202300041345,20,6,2023,08:30,1,1,3,06,06029,2,4,2,1,1
202300041346,6,11,2023,11:30,1,1,5,76,76275,1,3,2,1,1
202300041347,19,6,2023,15:20,1,1,2,75,75116,2,4,1,1,1
202300041348,16,6,2023,15:30,1,1,2,75,75112,2,4,1,1,1
202300041349,5,11,2023,22:00,3,8,7,14,14061,1,3,2,2,2
202300041349,5,11,2023,22:00,3,8,7,14,14061,1,3,2,1,2
202300041350,20,6,2023,08:25,1,1,6,75,75105,2,4,1,1,1
202300041350,20,6,2023,08:25,1,1,6,75,75105,2,4,2,1,1
202300041351,6,11,2023,11:00,1,8,6,89,89172,2,4,2,4,2
202300041352,20,6,2023,18:23,1,1,2,75,75120,2,4,2,1,1
202300041352,20,6,2023,18:23,1,1,2,75,75120,2,4,2,1,1
202300041353,30,10,2023,04:30,3,1,6,56,56188,2,4,2,2,1
202300041354,20,6,2023,12:20,1,8,2,75,75118,2,4,1,1,2
202300041354,20,6,2023,12:20,1,8,2,75,75118,2,4,1,1,2
202300041355,20,6,2023,16:00,1,1,3,75,75117,2,4,3,1,1
202300041356,20,6,2023,09:10,1,1,3,75,75117,2,4,2,1,1
202300041356,20,6,2023,09:10,1,1,3,75,75117,2,4,1,1,1
202300041357,6,11,2023,18:05,3,1,6,77,77347,1,4,2,1,1
202300041358,20,6,2023,09:25,1,1,3,75,75116,2,4,2,1,1
202300041358,20,6,2023,09:25,1,1,3,75,75116,2,4,2,2,1
202300041359,3,11,2023,12:20,1,2,3,79,79179,1,3,2,1,2
202300041359,3,11,2023,12:20,1,2,3,79,79179,1,3,2,1,2
202300041360,20,6,2023,09:20,1,1,3,75,75116,2,4,2,1,1
202300041360,20,6,2023,09:20,1,1,3,75,75116,2,4,1,1,1
202300041361,20,6,2023,20:40,1,1,6,75,75114,2,4,1,1,1
202300041361,20,6,2023,20:40,1,1,6,75,75114,2,4,-1,1,1
202300041362,6,11,2023,08:00,1,1,6,65,65408,2,3,2,1,1
202300041363,20,6,2023,08:30,1,1,3,75,75114,2,4,2,1,1
202300041363,20,6,2023,08:30,1,1,3,75,75114,2,4,1,1,1
202300041364,29,10,2023,08:15,1,2,6,33,33289,1,3,2,1,2
202300041365,20,6,2023,03:16,5,1,7,75,75114,2,4,-1,1,1
202300041366,20,6,2023,18:40,1,1,6,75,75112,2,4,1,2,1
202300041366,20,6,2023,18:40,1,1,6,75,75112,2,4,1,2,1
202300041367,6,11,2023,12:45,1,8,1,32,32210,1,3,2,3,1
202300041367,6,11,2023,12:45,1,8,1,32,32210,1,3,2,3,1
202300041368,20,6,2023,13:30,1,1,3,75,75111,2,4,2,1,1
202300041369,6,11,2023,08:30,1,2,2,44,44005,1,3,-1,1,2
202300041370,20,6,2023,12:00,1,1,3,75,75111,2,4,3,1,1
202300041370,20,6,2023,12:00,1,1,3,75,75111,2,4,1,1,1
202300041371,5,11,2023,15:55,1,3,3,44,44068,1,3,2,1,2
202300041371,5,11,2023,15:55,1,3,3,44,44068,1,3,2,1,2
202300041372,20,6,2023,19:45,1,1,6,75,75109,2,4,1,1,1
202300041372,20,6,2023,19:45,1,1,6,75,75109,2,4,2,1,1
202300041373,20,6,2023,18:45,1,1,7,75,75107,2,4,1,1,9
202300041373,20,6,2023,18:45,1,1,7,75,75107,2,4,2,1,9
202300041374,6,11,2023,07:10,3,6,3,29,29206,1,3,2,1,2
202300041374,6,11,2023,07:10,3,6,3,29,29206,1,3,2,1,2
202300041375,18,6,2023,04:15,5,2,3,75,75107,2,4,2,1,2
202300041375,18,6,2023,04:15,5,2,3,75,75107,2,4,3,1,2
202300041376,4,11,2023,07:00,2,8,7,26,26052,1,3,2,1,2
202300041377,19,6,2023,06:20,1,1,7,75,75104,2,4,1,1,1
202300041377,19,6,2023,06:20,1,1,7,75,75104,2,4,-1,1,1
202300041378,18,6,2023,13:10,1,1,6,75,75104,2,4,1,1,1
202300041378,18,6,2023,13:10,1,1,6,75,75104,2,4,1,1,1
202300041379,5,11,2023,16:20,1,2,7,54,54055,1,3,2,1,2
202300041380,16,6,2023,00:15,5,1,3,75,75103,2,4,3,1,1
202300041380,16,6,2023,00:15,5,1,3,75,75103,2,4,1,1,1
202300041381,20,6,2023,14:30,1,1,2,94,94080,2,4,2,1,1
202300041382,5,11,2023,17:15,2,1,1,83,83040,1,3,2,1,1
202300041383,19,6,2023,18:45,1,1,3,94,94015,2,4,2,1,1
202300041384,22,10,2023,20:00,3,2,3,64,64138,2,3,2,1,2
202300041384,22,10,2023,20:00,3,2,3,64,64138,2,3,2,1,2
202300041385,20,6,2023,00:50,5,1,6,94,94016,2,3,2,1,1
202300041385,20,6,2023,00:50,5,1,6,94,94016,2,3,2,1,1
202300041386,4,11,2023,16:15,1,8,7,18,18172,2,4,2,1,1
202300041386,4,11,2023,16:15,1,8,7,18,18172,2,4,-1,2,1
202300041387,20,6,2023,08:00,1,1,3,94,94073,1,2,1,1,1
202300041388,5,11,2023,21:15,3,2,7,18,18145,1,3,2,1,2
202300041389,20,6,2023,15:10,1,1,3,94,94011,2,3,2,1,1
202300041389,20,6,2023,15:10,1,1,3,94,94011,2,3,4,1,1
202300041390,6,11,2023,12:30,1,1,6,07,07334,1,4,2,1,1
202300041391,19,6,2023,17:56,1,8,3,94,94022,2,4,-1,1,1
202300041392,6,11,2023,13:50,1,8,3,53,53147,2,4,-1,1,1
202300041392,6,11,2023,13:50,1,8,3,53,53147,2,4,2,1,1
202300041393,20,6,2023,08:35,1,1,3,94,94019,2,3,2,1,1
202300041394,6,11,2023,09:45,1,2,7,17,17211,1,3,2,2,2
202300041395,20,6,2023,20:00,1,1,3,93,93071,2,4,1,1,1
202300041395,20,6,2023,20:00,1,1,3,93,93071,2,4,2,1,1
202300041396,19,10,2023,11:10,1,1,6,17,17323,2,6,-1,1,1
202300041397,20,6,2023,20:00,1,1,6,93,93050,2,4,1,1,1
202300041398,19,6,2023,14:30,1,8,6,93,93032,2,4,2,1,1
202300041399,6,11,2023,07:30,3,2,3,17,17253,1,3,2,1,2
202300041399,6,11,2023,07:30,3,2,3,17,17253,1,3,2,1,2
202300041400,18,6,2023,14:40,1,1,3,93,93032,2,4,2,1,1
202300041401,20,6,2023,09:45,1,1,3,93,93079,2,3,2,1,1
202300041402,6,11,2023,16:30,1,2,3,37,37245,1,3,2,1,2
202300041402,6,11,2023,16:30,1,2,3,37,37245,1,3,2,1,2
202300041403,20,6,2023,16:30,1,1,5,93,93057,2,4,1,1,1
202300041403,20,6,2023,16:30,1,1,5,93,93057,2,4,1,1,1
202300041404,4,11,2023,21:00,3,2,3,987,98735,1,2,2,1,2
202300041405,20,6,2023,10:35,1,1,6,92,92046,2,3,2,1,1
202300041406,2,11,2023,12:55,1,1,3,34,34270,1,1,1,1,1
202300041407,15,6,2023,16:00,1,1,3,92,92072,2,4,1,1,1
202300041407,15,6,2023,16:00,1,1,3,92,92072,2,4,2,1,1
202300041408,2,11,2023,14:50,1,2,7,28,28121,1,1,3,1,2
202300041409,20,6,2023,09:05,1,1,3,92,92076,2,4,1,2,1
202300041410,20,6,2023,17:28,1,8,6,92,92051,2,4,2,1,1
202300041411,4,11,2023,12:35,1,1,7,17,17415,1,1,3,1,3
202300041412,19,6,2023,23:10,5,1,1,92,92051,2,4,1,1,1
202300041413,20,6,2023,19:00,1,1,3,92,92050,2,4,1,1,1
202300041413,20,6,2023,19:00,1,1,3,92,92050,2,4,1,1,1
202300041414,5,11,2023,21:30,3,1,7,988,98821,1,2,2,1,1
202300041415,19,6,2023,23:00,5,1,3,92,92050,2,3,2,1,1
202300041416,5,11,2023,17:10,1,8,7,77,77339,2,4,2,1,2
202300041417,20,6,2023,17:15,1,1,7,92,92049,2,4,1,2,1
202300041418,16,6,2023,16:30,1,1,3,92,92049,2,3,1,1,1