id_accident,jour,mois,annee,heure_minute,luminosite,meteo,type_collision,departement,commune,agglomeration,categorie_route,regime_circulation,profil_route,etat_surface
202300041418,16,6,2023,16:30,1,1,3,92,92049,2,3,2,1,1
202300041419,6,11,2023,17:49,3,1,3,34,34023,1,3,3,3,1
202300041420,16,6,2023,20:50,1,1,1,92,92025,2,4,2,1,1
202300041420,16,6,2023,20:50,1,1,1,92,92025,2,4,2,1,1
202300041421,30,10,2023,15:40,1,1,3,34,34176,1,3,2,1,1
202300041421,30,10,2023,15:40,1,1,3,34,34176,1,3,2,1,1
202300041422,6,11,2023,00:50,3,1,6,83,83115,2,3,2,1,1
202300041423,16,6,2023,16:20,1,1,6,92,92025,2,3,3,1,1
202300041423,16,6,2023,16:20,1,1,6,92,92025,2,3,1,1,1
202300041424,20,6,2023,16:30,1,1,6,92,92002,2,3,2,1,1
202300041425,31,10,2023,07:40,1,1,1,13,13066,1,3,2,1,2
202300041426,6,11,2023,00:00,3,8,6,58,58126,1,3,2,1,2
202300041427,20,6,2023,17:15,1,1,1,85,85306,2,3,2,3,2
202300041427,20,6,2023,17:15,1,1,1,85,85306,2,3,2,1,2
202300041428,20,6,2023,09:00,1,1,3,22,22237,2,3,-1,1,1
202300041428,20,6,2023,09:00,1,1,3,22,22237,2,3,2,1,1
202300041429,20,6,2023,19:15,1,1,7,41,41118,1,3,2,1,1
202300041430,20,6,2023,08:22,1,2,6,68,68058,2,3,2,1,2
202300041431,5,11,2023,18:55,3,2,3,54,54272,1,3,2,1,2
202300041431,5,11,2023,18:55,3,2,3,54,54272,1,3,2,1,2
202300041432,18,6,2023,22:41,3,1,6,49,49092,1,3,2,1,1
202300041433,21,6,2023,15:10,1,1,1,67,67283,1,3,3,1,1
202300041434,20,6,2023,17:05,1,1,6,56,56118,2,3,2,1,1
202300041435,10,6,2023,16:14,1,1,7,56,56240,1,4,2,1,1
202300041436,6,11,2023,12:25,1,1,7,81,81140,1,4,2,1,1
202300041437,16,5,2023,23:30,5,1,6,56,56184,2,4,1,1,1
202300041438,5,11,2023,10:00,1,2,6,31,31324,2,4,2,1,2
202300041439,21,6,2023,08:20,1,1,1,76,76407,1,3,2,1,1
202300041440,21,6,2023,08:30,1,1,7,2A,2A085,1,2,2,1,1
202300041441,4,11,2023,08:30,1,2,6,40,40125,1,3,2,2,2
202300041442,5,11,2023,12:00,1,1,3,85,85155,2,3,2,1,1
202300041442,5,11,2023,12:00,1,1,3,85,85155,2,3,2,1,1
202300041443,21,6,2023,07:20,1,1,1,2A,2A330,2,3,2,2,1
202300041444,21,6,2023,06:40,1,8,6,31,31032,1,4,2,4,1
202300041445,3,11,2023,20:28,3,2,7,22,22208,1,3,2,1,2
202300041445,3,11,2023,20:28,3,2,7,22,22208,1,3,2,1,2
202300041446,5,11,2023,21:17,3,1,2,60,60589,1,3,1,1,2
202300041447,5,11,2023,17:15,1,1,3,13,13085,2,1,1,2,1
202300041448,4,11,2023,16:50,1,2,2,13,13071,1,1,1,1,2
202300041449,5,11,2023,01:18,3,1,5,13,13001,1,1,1,1,1
202300041450,31,10,2023,17:12,2,1,3,13,13071,1,1,1,1,1
202300041451,16,5,2023,08:00,1,1,3,75,75116,2,4,1,1,1
202300041451,16,5,2023,08:00,1,1,3,75,75116,2,4,2,1,1
202300041452,31,10,2023,18:42,3,1,4,13,13015,1,1,1,1,1
202300041453,16,5,2023,00:25,5,1,3,75,75116,2,4,2,1,1
202300041454,16,5,2023,19:40,1,1,2,75,75114,2,4,2,1,1
202300041455,5,11,2023,02:45,3,1,4,69,69116,1,1,3,1,1
202300041456,16,5,2023,17:35,1,1,6,75,75113,2,4,2,2,1
202300041457,4,11,2023,21:30,3,2,6,42,42110,1,7,3,1,2
202300041458,16,5,2023,08:15,1,1,3,75,75113,2,4,1,2,1
202300041459,5,11,2023,10:15,1,1,6,33,33249,2,2,2,2,2
202300041460,16,5,2023,20:20,1,1,3,75,75112,2,4,1,1,1
202300041461,5,11,2023,14:40,1,1,4,91,91161,1,1,3,1,1
202300041462,16,5,2023,15:20,1,1,1,75,75111,2,4,2,1,1
202300041463,5,11,2023,11:00,1,2,6,91,91136,1,1,3,1,2
202300041464,5,11,2023,07:30,2,2,6,94,94037,1,1,-1,1,2
202300041465,16,5,2023,20:50,1,1,4,75,75110,2,4,1,1,1
202300041466,4,11,2023,22:45,3,2,6,91,91363,1,2,3,1,2
202300041467,15,5,2023,01:19,3,1,6,75,75109,2,4,2,1,1
202300041468,5,11,2023,19:45,3,1,4,92,92078,1,1,3,1,1
202300041469,16,5,2023,17:40,1,1,3,75,75116,2,4,2,1,1
202300041469,16,5,2023,17:40,1,1,3,75,75116,2,4,1,1,1
202300041470,5,11,2023,15:30,1,8,6,93,93027,1,1,1,1,2
202300041471,16,5,2023,10:55,1,1,3,75,75107,2,4,2,1,1
202300041471,16,5,2023,10:55,1,1,3,75,75107,2,4,2,1,1
202300041472,5,11,2023,12:15,1,2,7,92,92036,1,1,1,1,2
202300041473,15,5,2023,23:00,5,1,7,75,75114,2,4,2,1,1
202300041474,5,11,2023,00:20,3,2,6,95,95306,1,1,1,2,2
202300041475,14,5,2023,17:13,1,1,3,75,75104,2,4,2,1,1
202300041475,14,5,2023,17:13,1,1,3,75,75104,2,4,1,1,1
202300041476,4,11,2023,22:15,3,3,6,92,92078,1,1,1,1,2
202300041477,4,11,2023,20:20,3,2,7,93,93010,1,1,3,1,2
202300041478,15,5,2023,13:30,1,1,1,94,94068,2,4,1,1,1
202300041478,15,5,2023,13:30,1,1,1,94,94068,2,4,-1,1,1
202300041479,16,5,2023,08:35,1,1,6,94,94021,2,4,1,1,1
202300041480,5,11,2023,14:40,1,3,3,94,94033,1,1,-1,1,2
202300041481,5,11,2023,05:14,3,2,6,77,77059,1,1,3,1,2
202300041482,16,5,2023,07:00,1,2,7,94,94004,2,3,3,1,2
202300041483,4,11,2023,10:13,1,2,7,94,94044,1,2,3,1,2
202300041484,16,5,2023,18:50,1,1,3,93,93073,2,4,1,1,1
202300041485,16,5,2023,11:00,1,1,7,93,93073,1,4,3,1,1
202300041486,3,11,2023,18:18,3,1,5,94,94046,1,1,3,1,1
202300041487,16,5,2023,10:50,1,1,6,93,93001,2,4,2,1,1
202300041488,27,2,2023,20:00,5,1,1,35,35288,2,3,2,1,1
202300041488,27,2,2023,20:00,5,1,1,35,35288,2,3,2,2,1
202300041489,16,5,2023,08:20,1,1,6,93,93051,2,3,1,2,1
202300041489,16,5,2023,08:20,1,1,6,93,93051,2,3,3,1,1
202300041490,16,10,2023,18:30,2,1,3,13,13208,2,4,2,1,1
202300041491,16,5,2023,18:45,1,1,3,93,93048,2,4,1,1,1
202300041492,3,11,2023,16:45,1,8,7,62,62548,2,4,2,1,2
202300041492,3,11,2023,16:45,1,8,7,62,62548,2,4,2,1,2
202300041493,16,5,2023,15:33,1,1,6,93,93045,2,3,3,1,1
202300041494,3,11,2023,10:06,1,3,6,83,83137,2,4,3,1,2
202300041495,16,5,2023,11:15,1,1,5,93,93030,2,3,1,1,1
202300041496,1,11,2023,03:33,5,1,6,75,75110,2,4,1,1,1
202300041497,16,5,2023,17:25,1,1,3,93,93007,2,4,1,1,1
202300041498,28,10,2023,21:50,5,2,3,62,62186,2,4,2,1,2
202300041498,28,10,2023,21:50,5,2,3,62,62186,2,4,2,1,2
202300041499,16,5,2023,20:15,1,1,6,92,92049,2,3,2,1,1
202300041499,16,5,2023,20:15,1,1,6,92,92049,2,3,3,1,1
202300041500,25,10,2023,06:20,1,1,6,972,97209,1,2,2,1,1
202300041501,16,5,2023,13:00,1,1,3,92,92025,2,3,2,1,1
202300041501,16,5,2023,13:00,1,1,3,92,92025,2,3,2,1,1
202300041502,16,5,2023,15:00,1,7,3,92,92024,2,3,2,1,1
202300041503,20,10,2023,14:00,1,1,3,30,30028,2,3,2,1,1
202300041504,16,5,2023,16:55,1,1,3,49,49063,2,3,2,1,1
202300041504,16,5,2023,16:55,1,1,3,49,49063,2,3,2,1,1
202300041505,4,11,2023,07:40,1,8,7,974,97409,1,3,2,1,2
202300041506,13,5,2023,10:50,1,1,1,26,26344,1,3,2,3,2
202300041507,3,11,2023,09:24,1,1,6,973,97302,2,4,2,1,9
202300041508,16,5,2023,21:55,3,1,2,71,71047,1,3,2,1,1
202300041509,4,11,2023,00:20,5,1,3,973,97302,2,4,2,1,1
202300041509,4,11,2023,00:20,5,1,3,973,97302,2,4,2,1,1
202300041510,13,5,2023,09:18,1,1,1,28,28410,1,3,2,1,1
202300041511,4,11,2023,18:00,5,2,6,69,69383,2,4,2,1,2
202300041512,12,5,2023,21:13,2,2,5,35,35206,1,2,3,1,2
202300041513,4,11,2023,22:35,5,2,3,95,95277,2,4,2,1,2
202300041513,4,11,2023,22:35,5,2,3,95,95277,2,4,1,2,2
202300041514,12,5,2023,06:30,3,2,6,43,43103,1,1,3,3,2
202300041515,3,11,2023,12:15,1,1,6,95,95127,2,4,-1,1,1
202300041516,17,5,2023,12:15,1,1,7,87,87001,2,4,3,3,1
202300041517,4,11,2023,06:05,5,3,1,91,91161,2,4,2,1,2
202300041518,16,5,2023,13:45,1,1,6,56,56011,1,4,2,2,1
202300041519,4,11,2023,16:55,1,8,6,86,86194,2,3,3,1,2
202300041520,17,5,2023,04:00,3,1,3,76,76482,1,3,2,2,1
202300041521,17,5,2023,14:25,1,1,5,79,79034,1,3,2,1,1
202300041522,4,11,2023,20:45,3,2,1,84,84035,1,3,2,1,2
202300041522,4,11,2023,20:45,3,2,1,84,84035,1,3,2,1,2
202300041523,17,5,2023,13:30,1,1,7,65,65006,1,3,2,2,1
202300041524,3,11,2023,17:50,5,1,3,83,83137,2,4,2,1,1
202300041525,17,5,2023,07:15,1,1,3,71,71332,1,3,2,1,1
202300041525,17,5,2023,07:15,1,1,3,71,71332,1,3,2,1,1
202300041526,13,5,2023,17:20,1,1,3,61,61300,1,3,2,1,1
202300041526,13,5,2023,17:20,1,1,3,61,61300,1,3,2,1,1
202300041527,3,11,2023,18:30,5,8,3,83,83090,2,3,2,1,1
202300041527,3,11,2023,18:30,5,8,3,83,83090,2,3,2,1,-1
202300041528,16,5,2023,13:30,1,1,3,49,49214,2,4,2,1,1
202300041528,16,5,2023,13:30,1,1,3,49,49214,2,4,2,1,1
202300041529,16,5,2023,20:55,2,8,7,68,68332,2,4,2,1,1
202300041530,16,5,2023,19:00,1,1,6,44,44154,2,4,1,1,1
202300041531,4,11,2023,06:20,4,2,1,77,77083,2,4,2,2,2
202300041531,4,11,2023,06:20,4,2,1,77,77083,2,4,2,1,2
202300041531,4,11,2023,06:20,4,2,1,77,77083,2,4,3,2,2
202300041532,16,5,2023,16:55,1,1,2,02,02532,2,3,2,1,1
202300041532,16,5,2023,16:55,1,1,2,02,02532,2,3,2,1,1
202300041533,14,5,2023,09:55,1,1,6,58,58031,1,3,2,2,1
202300041534,14,5,2023,10:00,1,1,6,58,58232,2,3,2,4,1
202300041535,3,11,2023,17:50,3,1,6,77,77013,1,3,2,2,1
202300041536,17,5,2023,11:15,1,1,1,72,72276,1,3,2,1,1
202300041537,4,11,2023,18:20,2,2,3,76,76540,2,4,2,2,2
202300041537,4,11,2023,18:20,2,2,3,76,76540,2,4,2,2,2
202300041538,4,11,2023,22:30,5,2,2,74,74010,2,4,2,1,2
202300041538,4,11,2023,22:30,5,2,2,74,74010,2,4,2,1,2
202300041539,16,5,2023,18:30,1,6,5,05,05106,1,2,2,1,1
202300041540,16,5,2023,19:55,1,1,7,50,50550,2,4,2,1,1
202300041541,3,11,2023,16:35,2,3,2,74,74010,2,4,2,1,2
202300041541,3,11,2023,16:35,2,3,2,74,74010,2,4,2,1,2
202300041542,17,5,2023,11:15,1,1,7,50,50410,1,3,2,1,1
202300041543,17,5,2023,07:15,1,1,7,90,90005,2,4,2,2,1
202300041544,4,11,2023,13:10,1,3,3,64,64260,2,3,2,1,2
202300041544,4,11,2023,13:10,1,3,3,64,64260,2,3,2,1,2
202300041545,17,5,2023,12:46,1,1,6,60,60667,2,4,2,1,1
202300041545,17,5,2023,12:46,1,1,6,60,60667,2,4,2,1,1
202300041546,4,11,2023,12:20,1,2,2,63,63113,2,7,1,1,2
202300041547,3,11,2023,14:45,1,1,6,60,60463,2,4,2,1,1
202300041548,17,5,2023,09:10,1,1,2,60,60635,2,3,2,1,1
202300041548,17,5,2023,09:10,1,1,2,60,60635,2,3,2,1,1
202300041549,16,5,2023,18:00,1,8,3,64,64191,2,3,2,1,1
202300041550,3,11,2023,16:13,1,7,1,59,59286,2,4,2,1,1
202300041550,3,11,2023,16:13,1,7,1,59,59286,2,4,1,1,1
202300041551,16,5,2023,10:50,1,1,2,64,64068,1,3,2,2,2
202300041552,4,11,2023,15:45,1,1,4,54,54395,2,4,2,1,1
202300041553,16,5,2023,21:30,3,8,1,04,04094,1,3,2,2,1
202300041554,3,11,2023,22:50,5,1,6,54,54547,1,7,3,2,1
202300041555,16,5,2023,20:15,1,1,3,85,85234,1,4,2,1,1
202300041555,16,5,2023,20:15,1,1,3,85,85234,1,4,2,1,1
202300041556,4,11,2023,11:00,1,2,6,51,51474,1,6,-1,1,2
202300041557,16,5,2023,18:30,2,7,3,85,85273,1,3,2,1,1
202300041557,16,5,2023,18:30,2,7,3,85,85273,1,3,2,1,1
202300041558,17,5,2023,12:00,1,1,6,13,13051,1,3,1,1,1
202300041559,16,5,2023,21:30,2,1,6,35,35210,1,2,3,1,1
202300041560,4,11,2023,23:05,4,3,3,51,51108,2,4,-1,1,2
202300041560,4,11,2023,23:05,4,3,3,51,51108,2,4,1,2,2
202300041561,16,5,2023,14:55,1,1,7,53,53131,1,3,2,4,1
202300041562,17,5,2023,07:35,1,7,1,77,77273,1,3,2,2,1
202300041563,4,11,2023,20:35,5,3,1,45,45302,2,3,2,2,2
202300041564,12,5,2023,21:20,2,1,1,77,77142,2,4,2,1,1
202300041565,16,5,2023,16:40,1,1,1,95,95199,2,3,2,1,1
202300041566,4,11,2023,20:21,5,3,6,45,45284,2,4,2,1,2
202300041567,4,11,2023,01:50,5,1,3,45,45147,2,3,3,1,2
202300041568,17,5,2023,14:00,1,8,4,2B,2B042,1,2,3,1,1
202300041569,16,5,2023,19:59,1,1,6,48,48004,1,3,2,2,1
202300041570,4,11,2023,19:50,5,2,1,44,44109,2,4,1,2,2
202300041571,17,5,2023,10:00,1,1,3,34,34344,2,4,3,1,1
202300041572,4,11,2023,18:30,5,3,6,44,44109,2,4,2,1,2
202300041573,15,5,2023,18:30,1,1,1,13,13022,1,3,2,2,1
202300041574,17,5,2023,17:35,1,1,2,71,71032,1,3,2,1,1
202300041575,4,11,2023,03:10,5,1,3,37,37261,2,4,2,1,2
202300041576,15,5,2023,09:48,1,1,1,21,21038,2,3,2,1,1
202300041576,15,5,2023,09:48,1,1,1,21,21038,2,3,2,1,1
202300041577,4,11,2023,13:15,1,2,2,35,35238,1,2,1,1,2
202300041578,17,5,2023,11:00,1,1,3,68,68063,2,3,2,1,1
202300041579,3,11,2023,06:30,5,2,1,29,29051,2,4,2,1,2
202300041579,3,11,2023,06:30,5,2,1,29,29051,2,4,2,1,2
202300041580,2,3,2023,18:00,2,1,3,67,67240,1,3,2,2,1
202300041581,4,11,2023,17:20,1,2,6,29,29019,2,4,2,1,2
202300041582,17,5,2023,13:35,1,8,1,73,73020,1,3,2,2,1
202300041583,4,11,2023,18:05,5,1,1,27,27229,2,4,2,2,1
202300041584,16,5,2023,02:55,3,1,6,26,26235,1,2,2,1,1
202300041585,30,10,2023,15:00,1,1,6,24,24037,2,4,2,1,2
202300041586,12,5,2023,17:25,1,2,3,69,69095,1,3,2,2,2
202300041586,12,5,2023,17:25,1,2,3,69,69095,1,3,2,1,2
202300041587,4,11,2023,15:40,1,3,3,22,22106,2,6,-1,1,2
202300041588,16,5,2023,13:30,1,2,6,31,31135,1,3,2,1,2
202300041589,17,5,2023,18:30,1,1,6,64,64230,1,3,2,1,1
202300041590,4,11,2023,11:35,1,2,3,17,17415,2,4,3,2,2
202300041591,14,5,2023,17:30,1,1,3,72,72154,1,3,2,1,1
202300041591,14,5,2023,17:30,1,1,3,72,72154,1,3,2,1,1
202300041592,3,11,2023,13:55,1,1,1,15,15014,2,6,-1,1,1
202300041593,17,5,2023,13:25,1,1,6,35,35012,2,3,2,1,1
202300041593,17,5,2023,13:25,1,1,6,35,35012,2,3,1,1,1
202300041594,4,11,2023,11:45,1,1,6,14,14118,2,4,2,1,1
202300041595,17,5,2023,10:25,1,1,4,60,60612,2,3,2,1,1
202300041596,4,11,2023,21:47,5,1,2,13,13205,2,4,2,1,1
202300041597,16,5,2023,14:46,1,1,2,13,13071,1,1,-1,1,1
202300041598,4,11,2023,11:40,1,2,6,13,13208,2,4,2,1,2
202300041599,16,5,2023,08:45,1,1,4,83,83137,1,1,1,1,1
202300041600,4,11,2023,20:00,3,2,1,11,11069,2,4,2,2,2
202300041601,16,5,2023,18:25,1,1,4,94,94021,1,1,1,1,1
202300041602,15,5,2023,22:10,3,1,6,94,94038,1,1,1,1,1
202300041603,3,11,2023,15:25,1,1,2,06,06069,2,4,2,1,1
202300041604,16,5,2023,07:57,1,7,2,78,78466,1,1,1,1,1
202300041605,4,11,2023,21:15,5,2,6,75,75120,2,4,2,1,2
202300041605,4,11,2023,21:15,5,2,6,75,75120,2,4,1,1,2
202300041606,15,5,2023,19:40,1,1,4,78,78043,1,1,1,1,1
202300041607,16,5,2023,17:15,1,1,7,93,93066,1,1,3,1,1
202300041608,4,11,2023,19:50,5,1,4,75,75119,2,4,1,1,1
202300041609,16,5,2023,10:00,1,1,4,93,93066,1,1,1,1,1
202300041610,16,5,2023,15:15,1,1,2,94,94022,1,1,1,1,1
202300041611,4,11,2023,14:00,1,2,3,75,75119,2,4,1,1,2
202300041611,4,11,2023,14:00,1,2,3,75,75119,2,4,1,1,2
202300041612,16,5,2023,08:25,1,1,2,94,94042,1,1,-1,1,1
202300041613,4,11,2023,02:35,5,1,7,75,75117,2,4,-1,2,1
202300041613,4,11,2023,02:35,5,1,7,75,75117,2,4,2,2,9
202300041614,15,5,2023,06:36,1,1,6,92,92026,2,4,-1,1,1
202300041615,10,5,2023,17:25,1,1,6,69,69264,2,4,1,1,1
202300041616,3,11,2023,22:43,5,1,2,75,75116,2,4,1,1,1
202300041617,4,11,2023,05:15,5,1,2,75,75115,2,4,2,2,1
202300041617,4,11,2023,05:15,5,1,2,75,75115,2,4,2,2,1
202300041618,15,5,2023,15:20,1,1,2,974,97416,1,2,3,1,1
202300041619,3,11,2023,23:40,5,1,3,75,75115,2,4,2,1,1
202300041619,3,11,2023,23:40,5,1,3,75,75115,2,4,2,1,1
202300041620,15,5,2023,07:45,1,1,2,974,97416,2,4,2,1,1
202300041620,15,5,2023,07:45,1,1,2,974,97416,2,4,-1,1,1
202300041621,15,5,2023,10:05,1,1,6,974,97409,2,4,2,1,1
202300041622,3,11,2023,17:16,2,2,6,75,75114,2,4,1,1,2
202300041622,3,11,2023,17:16,2,2,6,75,75114,2,4,2,2,2
202300041623,4,11,2023,02:00,4,1,3,75,75110,2,4,2,1,1
202300041623,4,11,2023,02:00,4,1,3,75,75110,2,4,1,1,1
202300041624,15,5,2023,07:40,1,1,1,972,97213,2,3,2,2,1
202300041624,15,5,2023,07:40,1,1,1,972,97213,2,3,2,1,1
202300041625,4,11,2023,19:30,3,1,3,75,75108,2,4,2,2,1
202300041626,15,5,2023,06:20,1,1,5,972,97213,1,3,2,1,1
202300041627,4,11,2023,12:00,1,1,3,75,75107,2,4,2,1,2
202300041627,4,11,2023,12:00,1,1,3,75,75107,2,4,1,1,2
202300041628,14,5,2023,04:05,4,1,6,972,97213,1,3,-1,2,1
202300041629,14,5,2023,06:30,1,1,6,972,97209,1,3,-1,2,1
202300041630,4,11,2023,00:10,5,1,3,75,75107,2,4,1,1,1
202300041630,4,11,2023,00:10,5,1,3,75,75107,2,4,1,1,1
202300041631,15,5,2023,14:35,1,1,3,69,69202,2,4,2,1,1
202300041631,15,5,2023,14:35,1,1,3,69,69202,2,4,1,1,1
202300041632,3,11,2023,12:40,1,8,2,75,75102,2,4,2,1,1
202300041632,3,11,2023,12:40,1,8,2,75,75102,2,4,1,1,1
202300041633,13,5,2023,08:20,1,1,4,971,97101,1,2,3,2,1
202300041634,15,5,2023,13:45,1,2,2,95,95598,2,3,1,1,2
202300041635,4,11,2023,02:20,5,1,2,94,94081,2,3,1,1,1
202300041636,14,5,2023,20:55,2,1,1,95,95210,2,3,2,1,1
202300041637,4,11,2023,21:15,5,2,6,94,94065,2,3,3,1,2
202300041637,4,11,2023,21:15,5,2,6,94,94065,2,3,1,1,2
202300041638,14,5,2023,07:14,2,1,7,87,87085,2,4,3,2,1
202300041639,4,11,2023,10:00,1,3,3,93,93073,2,9,3,1,2
202300041640,12,5,2023,17:03,1,1,7,87,87085,2,4,4,1,1
202300041640,12,5,2023,17:03,1,1,7,87,87085,2,4,4,2,1
202300041641,10,5,2023,16:45,1,1,6,85,85194,2,4,-1,1,1
202300041642,4,11,2023,18:45,5,1,7,92,92046,2,3,2,1,1
202300041642,4,11,2023,18:45,5,1,7,92,92046,2,3,1,1,1
202300041643,4,11,2023,01:00,3,1,1,92,92050,2,3,2,1,1
202300041644,15,5,2023,10:30,1,8,3,77,77373,2,4,2,1,1
202300041645,15,5,2023,23:50,5,1,6,76,76486,2,7,2,1,1
202300041646,4,11,2023,15:45,1,5,3,92,92044,2,4,1,1,2
202300041647,14,5,2023,21:00,1,1,3,76,76351,2,4,2,2,1
202300041647,14,5,2023,21:00,1,1,3,76,76351,2,4,2,1,1
202300041648,23,2,2023,14:36,1,1,6,13,13214,2,4,2,1,1
202300041649,14,5,2023,18:55,1,1,7,72,72181,1,3,2,1,1
202300041650,4,11,2023,15:10,1,8,3,92,92012,2,4,2,1,2
202300041651,23,2,2023,15:15,1,1,3,13,13210,2,4,2,2,1
202300041652,15,5,2023,08:00,1,1,1,69,69266,2,4,1,1,1
202300041652,15,5,2023,08:00,1,1,1,69,69266,2,4,2,1,1
202300041653,23,2,2023,08:45,1,1,3,13,13005,2,3,2,2,1
202300041654,13,5,2023,16:04,1,1,6,66,66136,2,4,2,1,1
202300041655,4,11,2023,08:00,1,2,7,51,51601,1,3,2,1,2
202300041656,23,2,2023,12:45,1,1,6,13,13001,2,4,1,2,1
202300041656,23,2,2023,12:45,1,1,6,13,13001,2,4,2,1,1
202300041657,9,5,2023,22:40,5,1,2,58,58194,2,4,2,1,1
202300041657,9,5,2023,22:40,5,1,2,58,58194,2,4,2,1,1
202300041658,5,11,2023,07:50,1,8,6,51,51410,2,4,2,2,1
202300041659,23,2,2023,13:30,1,1,3,11,11069,2,3,2,2,2
202300041660,13,5,2023,17:30,1,1,7,56,56098,1,4,2,1,1
202300041661,24,2,2023,00:10,5,2,6,07,07019,2,4,2,2,2
202300041662,12,5,2023,20:52,2,1,6,56,56107,2,3,3,3,1
202300041663,4,11,2023,11:10,1,1,5,35,35085,1,3,2,2,2
202300041663,4,11,2023,11:10,1,1,5,35,35085,1,3,2,1,2
202300041664,18,2,2023,14:49,1,7,6,05,05061,2,2,2,1,1
202300041665,15,5,2023,16:20,1,1,6,54,54395,2,6,-1,1,1
202300041666,22,2,2023,18:45,3,1,4,976,97611,1,3,3,1,1
202300041667,5,11,2023,06:00,5,1,6,83,83070,2,4,2,3,2
202300041668,14,5,2023,03:30,3,1,6,50,50537,1,3,2,1,1
202300041669,22,2,2023,15:50,1,1,2,974,97416,1,2,3,2,1
202300041670,4,11,2023,22:30,3,1,7,11,11381,1,3,2,2,1
202300041671,12,5,2023,21:00,2,2,6,50,50129,1,2,3,1,2
202300041672,22,2,2023,17:15,1,1,2,974,97411,1,2,1,1,1
202300041673,5,11,2023,07:00,2,1,7,76,76618,2,3,2,1,2
202300041674,14,5,2023,02:20,5,1,1,49,49007,2,4,2,1,1
202300041674,14,5,2023,02:20,5,1,1,49,49007,2,4,2,1,1
202300041675,22,2,2023,06:36,2,2,3,973,97302,2,3,1,1,2
202300041676,5,11,2023,09:15,1,2,6,42,42029,1,3,2,1,2
202300041677,13,5,2023,16:15,1,3,7,43,43251,1,5,-1,2,6
202300041678,14,5,2023,03:20,3,1,7,41,41212,1,3,2,1,1
202300041679,22,2,2023,16:50,1,1,3,69,69388,2,4,2,1,1
202300041679,22,2,2023,16:50,1,1,3,69,69388,2,4,2,1,1
202300041679,22,2,2023,16:50,1,1,3,69,69388,2,4,1,1,1
202300041680,4,11,2023,23:30,5,2,3,42,42149,2,3,2,1,2
202300041680,4,11,2023,23:30,5,2,3,42,42149,2,3,1,2,2
202300041681,10,5,2023,08:00,1,2,3,38,38053,2,3,3,1,2
202300041682,22,2,2023,14:00,1,2,3,69,69387,2,4,1,1,2
202300041682,22,2,2023,14:00,1,2,3,69,69387,2,4,1,1,2
202300041683,5,11,2023,08:50,1,6,6,42,42021,1,3,2,1,2
202300041684,15,5,2023,19:00,1,8,6,37,37159,1,3,2,2,1
202300041685,22,2,2023,13:00,1,2,7,69,69387,2,4,2,1,2
202300041686,22,2,2023,15:52,1,1,3,972,97213,1,4,2,1,1
202300041687,4,11,2023,04:45,3,2,6,25,25288,2,3,2,2,2
202300041688,15,5,2023,07:45,1,1,3,35,35238,2,4,2,1,1
202300041688,15,5,2023,07:45,1,1,3,35,35238,2,4,3,1,1
202300041689,22,2,2023,07:15,1,1,1,972,97213,1,3,2,2,1
202300041690,4,11,2023,10:00,1,3,6,35,35143,1,3,2,1,2
202300041691,15,5,2023,03:55,3,1,6,35,35278,1,3,3,1,1
202300041692,21,2,2023,20:30,5,1,6,972,97209,2,4,-1,2,1
202300041693,4,11,2023,10:00,1,1,6,29,29279,1,3,3,1,2
202300041694,15,5,2023,20:10,1,1,2,34,34172,2,9,3,1,1
202300041695,22,2,2023,12:35,1,1,3,972,97209,2,4,2,1,1
202300041696,22,2,2023,15:30,1,1,6,69,69385,2,4,1,4,2
202300041697,3,11,2023,12:05,1,2,1,29,29276,1,4,2,1,2
202300041698,15,5,2023,16:50,1,1,3,29,29039,2,4,-1,1,1
202300041698,15,5,2023,16:50,1,1,3,29,29039,2,4,2,1,1
202300041699,15,5,2023,11:10,1,1,7,29,29039,1,3,2,1,1
202300041700,21,2,2023,17:45,1,1,3,69,69034,2,4,1,1,1
202300041700,21,2,2023,17:45,1,1,3,69,69034,2,4,2,1,1
202300041701,3,11,2023,12:10,1,3,3,31,31066,2,4,2,1,2
202300041701,3,11,2023,12:10,1,3,3,31,31066,2,4,4,1,2
202300041702,10,2,2023,22:00,5,1,6,95,95210,2,4,2,2,1
202300041702,10,2,2023,22:00,5,1,6,95,95210,2,4,2,1,1
202300041703,15,5,2023,13:50,1,1,4,28,28134,2,4,2,1,1
202300041704,5,11,2023,11:10,1,1,5,26,26318,1,3,2,1,2
202300041705,5,11,2023,13:40,1,1,6,83,83025,1,3,2,1,1
202300041706,22,2,2023,17:41,2,8,2,91,91692,1,3,1,1,2
202300041707,14,5,2023,02:50,3,1,6,25,25539,2,3,2,1,1
202300041707,14,5,2023,02:50,3,1,6,25,25539,2,3,-1,1,1
202300041708,4,11,2023,19:35,3,2,6,64,64372,1,3,2,2,2
202300041709,22,2,2023,16:35,1,1,3,91,91514,1,3,2,1,1
202300041710,10,5,2023,19:50,1,1,3,19,19031,2,3,2,1,1
202300041710,10,5,2023,19:50,1,1,3,19,19031,2,3,2,1,1
202300041711,22,2,2023,00:05,5,1,7,91,91589,2,4,2,1,1
202300041712,14,5,2023,23:15,5,1,1,13,13103,1,3,-1,1,1
202300041713,4,11,2023,21:55,5,2,1,40,40312,1,3,3,1,2
202300041714,22,2,2023,08:17,1,2,2,87,87085,2,4,2,1,2