id_accident,jour,mois,annee,heure_minute,luminosite,meteo,type_collision,departement,commune,agglomeration,categorie_route,regime_circulation,profil_route,etat_surface
202300041714,22,2,2023,08:17,1,2,2,87,87085,2,4,2,1,2
202300041715,5,11,2023,12:56,1,2,3,24,24074,1,3,2,1,2
202300041716,21,2,2023,18:05,1,1,3,87,87085,2,4,2,1,1
202300041716,21,2,2023,18:05,1,1,3,87,87085,2,4,2,1,1
202300041717,15,4,2023,19:25,1,1,1,13,13026,1,3,2,1,1
202300041718,22,2,2023,01:45,5,1,1,84,84007,2,4,3,1,1
202300041719,4,11,2023,14:36,1,6,3,17,17218,2,3,2,1,2
202300041719,4,11,2023,14:36,1,6,3,17,17218,2,3,2,1,2
202300041720,4,5,2023,16:20,1,1,6,13,13039,1,2,2,1,1
202300041721,22,2,2023,09:00,1,1,6,83,83144,2,4,2,1,1
202300041722,2,5,2023,17:50,1,1,6,13,13075,2,4,2,1,1
202300041723,21,2,2023,18:00,1,1,7,76,76351,1,3,2,1,1
202300041724,5,11,2023,16:25,1,8,1,30,30269,1,3,2,2,1
202300041725,15,5,2023,23:20,5,1,6,11,11069,2,4,1,1,2
202300041726,5,11,2023,18:05,3,2,6,30,30227,1,3,2,2,2
202300041727,22,2,2023,12:55,1,2,3,72,72181,2,4,-1,1,2
202300041728,13,5,2023,17:05,1,2,5,11,11069,2,4,3,2,2
202300041729,14,5,2023,17:22,1,1,7,10,10333,2,4,2,1,1
202300041730,21,2,2023,11:50,1,1,3,71,71486,2,4,2,1,1
202300041730,21,2,2023,11:50,1,1,3,71,71486,2,4,2,1,1
202300041731,15,5,2023,07:45,1,1,2,75,75120,2,4,3,1,1
202300041732,4,11,2023,13:25,1,2,2,52,52480,1,2,2,1,2
202300041733,21,2,2023,13:30,1,1,7,71,71309,2,4,2,2,1
202300041734,22,2,2023,13:47,1,1,2,66,66136,1,3,2,1,1
202300041735,3,11,2023,14:10,1,1,2,10,10045,1,1,3,2,1
202300041736,21,2,2023,20:46,5,2,7,64,64024,2,3,3,1,2
202300041737,15,5,2023,20:15,2,2,3,75,75105,2,4,1,1,2
202300041737,15,5,2023,20:15,2,2,3,75,75105,2,4,2,1,2
202300041738,21,2,2023,19:45,5,1,3,64,64024,2,4,2,2,1
202300041738,21,2,2023,19:45,5,1,3,64,64024,2,4,2,2,1
202300041739,4,11,2023,17:50,2,2,1,35,35208,1,4,-1,1,2
202300041740,21,2,2023,07:50,1,1,1,64,64102,2,4,2,1,1
202300041740,21,2,2023,07:50,1,1,1,64,64102,2,4,2,1,1
202300041740,21,2,2023,07:50,1,1,1,64,64102,2,4,2,1,1
202300041741,15,5,2023,19:55,2,2,6,75,75105,2,4,1,1,2
202300041741,15,5,2023,19:55,2,2,6,75,75105,2,4,-1,2,2
202300041742,20,2,2023,17:55,1,1,6,64,64102,2,4,1,1,1
202300041743,3,11,2023,21:50,3,9,3,72,72223,1,1,3,1,2
202300041744,8,2,2023,07:30,1,1,6,62,62413,2,4,2,1,1
202300041745,15,5,2023,21:00,5,1,3,75,75120,2,4,2,2,1
202300041745,15,5,2023,21:00,5,1,3,75,75120,2,4,2,1,1
202300041746,5,11,2023,15:55,1,1,7,51,51588,1,1,1,1,1
202300041747,22,2,2023,16:47,5,2,2,60,60057,2,4,2,1,2
202300041748,4,11,2023,20:25,3,1,6,21,21331,1,1,3,1,2
202300041749,21,2,2023,19:05,1,1,6,56,56098,2,4,1,2,1
202300041750,15,5,2023,17:00,1,2,6,75,75120,2,4,-1,1,2
202300041750,15,5,2023,17:00,1,2,6,75,75120,2,4,3,1,2
202300041751,21,2,2023,15:25,1,1,6,56,56121,2,4,2,1,1
202300041752,15,5,2023,07:55,1,1,2,75,75120,2,4,2,1,1
202300041753,21,2,2023,08:10,1,8,3,56,56121,2,4,1,1,1
202300041753,21,2,2023,08:10,1,8,3,56,56121,2,4,3,1,1
202300041754,5,11,2023,11:30,1,6,3,34,34163,1,3,2,1,1
202300041754,5,11,2023,11:30,1,6,3,34,34163,1,3,2,1,1
202300041755,22,2,2023,07:33,1,1,1,54,54036,1,3,2,1,1
202300041756,4,11,2023,17:15,1,3,1,987,98750,1,2,2,2,2
202300041757,15,5,2023,15:00,1,1,3,75,75117,2,4,2,1,1
202300041757,15,5,2023,15:00,1,1,3,75,75117,2,4,2,1,1
202300041758,22,2,2023,17:30,1,2,3,51,51454,2,4,2,1,2
202300041758,22,2,2023,17:30,1,2,3,51,51454,2,4,1,1,2
202300041759,15,5,2023,16:50,1,2,3,75,75115,2,4,2,1,2
202300041759,15,5,2023,16:50,1,2,3,75,75115,2,4,2,1,2
202300041760,4,11,2023,08:20,1,1,3,973,97311,2,4,2,1,1
202300041760,4,11,2023,08:20,1,1,3,973,97311,2,4,2,1,1
202300041761,15,5,2023,12:10,1,1,6,75,75115,2,4,1,1,1
202300041762,22,2,2023,16:15,1,2,3,51,51454,2,4,2,2,2
202300041762,22,2,2023,16:15,1,2,3,51,51454,2,4,2,2,2
202300041763,4,11,2023,15:55,1,1,1,77,77485,2,3,2,1,2
202300041764,15,5,2023,09:00,1,1,5,75,75112,2,4,1,2,1
202300041765,22,2,2023,09:46,1,2,3,51,51055,2,3,2,1,2
202300041766,5,11,2023,13:04,1,1,3,77,77176,2,4,1,1,2
202300041766,5,11,2023,13:04,1,1,3,77,77176,2,4,1,1,2
202300041767,15,5,2023,04:59,5,1,6,75,75110,2,4,1,1,1
202300041767,15,5,2023,04:59,5,1,6,75,75110,2,4,3,1,1
202300041768,21,2,2023,14:55,1,1,6,51,51454,2,4,2,1,1
202300041769,15,5,2023,10:00,1,8,6,75,75109,2,4,1,1,1
202300041769,15,5,2023,10:00,1,8,6,75,75109,2,4,1,1,1
202300041770,22,2,2023,18:25,3,2,3,45,45338,2,4,1,1,2
202300041771,5,11,2023,09:10,1,1,3,66,66011,2,3,2,1,1
202300041772,15,5,2023,18:10,1,2,6,75,75108,2,4,1,1,2
202300041772,15,5,2023,18:10,1,2,6,75,75108,2,4,1,4,2
202300041773,22,2,2023,14:05,1,1,2,38,38229,1,1,3,1,1
202300041774,31,10,2023,11:15,1,1,6,34,34344,2,4,2,1,1
202300041774,31,10,2023,11:15,1,1,6,34,34344,2,4,2,1,1
202300041775,15,5,2023,10:00,1,1,3,75,75108,2,4,1,1,1
202300041775,15,5,2023,10:00,1,1,3,75,75108,2,4,1,1,1
202300041776,22,2,2023,07:20,1,1,6,37,37261,2,4,2,1,1
202300041777,14,5,2023,05:20,5,1,6,75,75108,2,4,2,1,1
202300041777,14,5,2023,05:20,5,1,6,75,75108,2,4,2,1,1
202300041778,5,11,2023,11:55,1,1,6,89,89013,1,1,3,2,2
202300041779,21,2,2023,20:08,5,1,3,36,36044,2,4,2,1,1
202300041779,21,2,2023,20:08,5,1,3,36,36044,2,4,2,1,1
202300041780,5,11,2023,08:54,1,1,6,38,38009,2,3,2,2,1
202300041781,15,5,2023,09:15,1,1,2,94,94015,2,3,1,1,1
202300041781,15,5,2023,09:15,1,1,2,94,94015,2,3,-1,1,1
202300041782,22,2,2023,07:50,2,2,7,35,35281,2,3,3,1,2
202300041783,15,5,2023,15:40,1,1,4,93,93078,2,3,3,1,1
202300041784,5,11,2023,15:50,1,1,6,44,44201,2,3,3,1,2
202300041785,14,5,2023,20:10,1,1,3,93,93046,2,3,2,1,1
202300041785,14,5,2023,20:10,1,1,3,93,93046,2,3,3,1,1
202300041786,22,2,2023,15:00,1,1,4,30,30007,2,3,2,1,1
202300041787,14,5,2023,03:00,5,1,6,93,93032,2,4,2,1,1
202300041788,4,11,2023,18:00,5,3,5,38,38276,2,3,2,1,2
202300041789,14,5,2023,22:00,5,1,2,92,92051,1,2,1,1,1
202300041790,22,2,2023,13:30,1,2,3,29,29039,2,4,1,1,2
202300041790,22,2,2023,13:30,1,2,3,29,29039,2,4,1,1,2
202300041791,4,11,2023,00:27,5,1,2,13,13212,1,1,1,3,1
202300041792,15,5,2023,17:45,1,2,6,92,92044,2,3,2,1,2
202300041793,15,5,2023,08:00,1,1,6,92,92002,2,4,1,1,1
202300041794,14,2,2023,20:45,5,1,2,24,24322,2,3,2,1,1
202300041794,14,2,2023,20:45,5,1,2,24,24322,2,3,4,1,1
202300041795,16,5,2023,08:15,1,1,3,60,60040,1,3,2,1,1
202300041795,16,5,2023,08:15,1,1,3,60,60040,1,3,2,1,1
202300041796,3,11,2023,11:10,1,1,4,83,83047,1,1,3,1,1
202300041797,19,2,2023,07:40,2,1,7,22,22113,2,4,-1,4,1
202300041798,15,5,2023,17:50,1,1,2,57,57307,1,3,2,2,1
202300041799,15,5,2023,14:35,1,1,6,87,87002,1,3,2,1,1
202300041800,20,2,2023,21:30,5,1,2,14,14366,2,4,2,1,1
202300041801,4,11,2023,22:30,3,1,2,69,69152,1,7,3,1,1
202300041802,16,5,2023,06:10,2,1,1,62,62295,1,3,2,1,1
202300041803,7,4,2023,20:46,2,1,2,37,37214,1,3,2,2,1
202300041803,7,4,2023,20:46,2,1,2,37,37214,1,3,2,1,1
202300041804,21,2,2023,14:23,1,1,6,14,14366,2,4,1,2,1
202300041805,3,11,2023,16:30,1,2,3,01,01249,1,1,1,1,2
202300041806,2,5,2023,19:10,1,7,3,28,28160,1,3,2,1,1
202300041806,2,5,2023,19:10,1,7,3,28,28160,1,3,2,1,1
202300041807,8,4,2023,18:15,1,1,7,30,30066,1,3,2,1,1
202300041808,22,2,2023,15:19,1,1,7,13,13208,2,4,2,2,1
202300041809,4,11,2023,09:00,1,2,6,33,33550,1,1,3,1,2
202300041810,15,5,2023,16:00,1,8,5,01,01033,1,3,2,2,2
202300041811,9,4,2023,17:15,1,1,1,30,30268,1,4,2,1,1
202300041812,22,2,2023,14:30,1,1,3,13,13213,2,4,2,2,1
202300041813,4,11,2023,20:15,3,8,6,91,91235,1,2,1,1,2
202300041814,9,4,2023,05:00,3,1,7,33,33528,1,3,2,1,1
202300041815,14,5,2023,11:25,1,1,2,26,26160,1,3,-1,1,1
202300041815,14,5,2023,11:25,1,1,2,26,26160,1,3,2,1,1
202300041816,21,2,2023,11:50,1,1,3,13,13206,2,4,1,2,1
202300041817,5,1,2023,01:30,5,1,7,2A,2A247,2,3,2,1,1
202300041818,15,5,2023,12:45,1,1,7,44,44033,1,2,2,1,1
202300041819,22,2,2023,03:30,5,1,6,11,11069,2,4,-1,1,1
202300041820,4,11,2023,17:00,2,1,4,91,91553,1,2,-1,1,2
202300041821,15,5,2023,11:20,1,8,2,15,15055,1,1,3,2,1
202300041822,23,2,2023,06:50,2,1,7,75,75120,2,4,1,1,8
202300041823,9,4,2023,11:00,1,1,3,04,04152,1,3,2,2,1
202300041824,23,2,2023,06:50,5,1,7,75,75120,2,4,1,1,8
202300041825,14,5,2023,12:55,1,1,3,47,47233,1,4,2,1,1
202300041825,14,5,2023,12:55,1,1,3,47,47233,1,4,2,1,1
202300041826,4,11,2023,18:00,2,1,4,91,91086,1,2,3,1,1
202300041827,9,4,2023,01:45,5,1,6,26,26124,1,1,3,1,1
202300041828,23,2,2023,17:00,1,1,6,75,75119,2,4,1,4,1
202300041828,23,2,2023,17:00,1,1,6,75,75119,2,4,2,1,1
202300041829,15,5,2023,22:20,3,1,6,61,61464,1,1,3,1,1
202300041830,8,4,2023,08:50,1,1,6,71,71105,1,3,2,1,1
202300041831,23,2,2023,14:15,1,1,6,75,75119,2,4,2,1,1
202300041831,23,2,2023,14:15,1,1,6,75,75119,2,4,-1,1,1
202300041832,4,11,2023,12:35,1,8,3,91,91521,1,2,1,1,2
202300041833,16,5,2023,10:00,1,1,6,27,27130,1,1,3,2,1
202300041834,15,5,2023,16:30,1,1,3,56,56094,1,3,2,1,1
202300041834,15,5,2023,16:30,1,1,3,56,56094,1,3,2,1,1
202300041835,8,4,2023,19:00,1,1,3,67,67313,2,3,2,1,1
202300041835,8,4,2023,19:00,1,1,3,67,67313,2,3,2,1,1
202300041836,23,2,2023,02:50,5,1,3,75,75119,2,4,-1,1,2
202300041836,23,2,2023,02:50,5,1,3,75,75119,2,4,-1,1,2
202300041837,4,11,2023,12:50,1,8,2,91,91235,1,2,1,1,2
202300041838,23,2,2023,23:10,5,2,6,75,75119,2,4,2,1,2
202300041839,9,4,2023,16:15,1,1,6,38,38026,1,3,2,1,1
202300041840,16,5,2023,16:20,1,1,1,76,76367,1,7,2,1,1
202300041840,16,5,2023,16:20,1,1,1,76,76367,1,7,2,1,1
202300041841,4,11,2023,05:40,3,1,7,91,91687,1,1,3,1,1
202300041842,22,2,2023,18:30,2,1,1,75,75112,2,4,2,1,1
202300041843,9,4,2023,18:54,1,7,3,69,69061,1,3,2,2,1
202300041843,9,4,2023,18:54,1,7,3,69,69061,1,3,2,1,1
202300041844,16,5,2023,09:45,1,1,3,79,79014,1,3,2,1,1
202300041844,16,5,2023,09:45,1,1,3,79,79014,1,3,2,1,1
202300041845,4,11,2023,15:36,1,1,1,92,92047,1,1,1,1,2
202300041846,14,5,2023,01:00,3,1,6,65,65075,1,3,2,1,1
202300041847,23,2,2023,19:07,5,1,3,75,75111,2,4,1,1,1
202300041847,23,2,2023,19:07,5,1,3,75,75111,2,4,-1,1,1
202300041848,16,3,2023,19:40,3,1,6,33,33284,2,3,2,1,1
202300041849,8,5,2023,19:00,1,1,1,33,33394,1,3,2,1,1
202300041849,8,5,2023,19:00,1,1,1,33,33394,1,3,2,1,1
202300041850,22,2,2023,09:15,1,8,1,75,75109,2,4,1,1,1
202300041850,22,2,2023,09:15,1,8,1,75,75109,2,4,1,2,1
202300041851,12,5,2023,11:20,1,1,3,61,61462,1,3,3,1,1
202300041852,5,4,2023,08:25,1,7,3,72,72378,1,3,-1,1,1
202300041852,5,4,2023,08:25,1,7,3,72,72378,1,3,2,1,1
202300041853,16,5,2023,12:20,1,1,1,12,12044,1,3,2,1,1
202300041854,23,2,2023,08:40,1,1,3,75,75104,2,4,2,1,1
202300041854,23,2,2023,08:40,1,1,3,75,75104,2,4,2,1,1
202300041855,16,5,2023,09:45,1,1,1,86,86085,1,3,2,1,1
202300041856,8,4,2023,15:30,1,1,3,76,76758,2,3,2,1,1
202300041856,8,4,2023,15:30,1,1,3,76,76758,2,3,1,1,1
202300041857,22,2,2023,23:10,5,2,1,94,94044,2,4,2,1,2
202300041858,16,5,2023,17:45,1,1,2,35,35117,1,3,2,1,1
202300041859,8,4,2023,13:35,1,1,7,13,13088,1,1,3,1,1
202300041860,16,5,2023,14:54,1,2,2,31,31207,1,2,2,1,2
202300041861,23,2,2023,07:45,2,1,3,94,94038,2,4,2,1,1
202300041862,15,5,2023,17:30,1,1,6,38,38207,1,3,2,1,1
202300041863,15,5,2023,06:05,2,5,1,02,02264,1,3,2,1,1
202300041864,8,4,2023,06:40,3,1,6,13,13215,1,1,1,1,1
202300041865,23,2,2023,10:40,1,8,3,94,94028,2,3,3,1,1
202300041865,23,2,2023,10:40,1,8,3,94,94028,2,3,2,1,1
202300041866,15,5,2023,23:30,3,1,2,72,72310,1,3,3,3,1
202300041867,7,4,2023,00:25,3,1,1,13,13202,1,1,1,1,1
202300041868,14,5,2023,15:00,1,1,7,90,90045,1,3,2,3,1
202300041869,22,2,2023,08:50,1,1,3,93,93073,2,4,2,1,1
202300041869,22,2,2023,08:50,1,1,3,93,93073,2,4,2,1,1
202300041870,12,5,2023,17:00,1,1,6,90,90042,2,4,2,2,1
202300041871,8,4,2023,14:45,1,1,4,33,33063,1,1,3,1,1
202300041872,23,2,2023,10:00,1,1,7,93,93070,2,3,3,1,1
202300041872,23,2,2023,10:00,1,1,7,93,93070,2,3,2,1,1
202300041873,7,5,2023,11:00,1,8,6,90,90002,1,3,2,1,2
202300041874,8,4,2023,13:20,1,1,6,33,33080,1,1,3,1,1
202300041875,23,2,2023,20:15,5,1,6,93,93029,2,6,-1,1,1
202300041876,15,5,2023,14:20,1,1,1,40,40250,1,3,2,1,1
202300041877,8,4,2023,06:00,4,1,3,33,33039,1,1,-1,1,1
202300041878,14,5,2023,18:50,1,1,7,24,24208,1,2,-1,2,1
202300041879,23,2,2023,00:40,5,1,3,93,93005,2,4,2,1,2
202300041880,8,4,2023,12:55,1,1,2,91,91340,1,2,3,1,1
202300041881,23,2,2023,15:50,1,8,7,92,92044,2,4,1,1,1
202300041882,8,4,2023,12:52,1,1,2,92,92036,1,1,1,1,1
202300041883,15,5,2023,18:30,1,1,3,04,04036,1,3,2,1,1
202300041884,23,2,2023,13:05,1,1,6,92,92044,2,4,1,1,1
202300041884,23,2,2023,13:05,1,1,6,92,92044,2,4,2,1,1
202300041885,7,4,2023,19:20,1,1,5,92,92036,1,1,3,1,1
202300041886,14,5,2023,16:15,1,1,3,85,85059,2,4,3,2,1
202300041887,23,2,2023,15:10,1,1,3,92,92026,2,3,2,1,1
202300041888,6,4,2023,14:05,1,1,7,976,97611,2,2,2,1,1
202300041889,23,2,2023,08:13,1,1,3,92,92060,2,3,2,1,1
202300041889,23,2,2023,08:13,1,1,3,92,92060,2,3,1,1,1
202300041890,16,5,2023,11:15,1,1,3,28,28227,2,3,2,1,1
202300041891,6,4,2023,16:20,1,1,3,974,97416,2,4,2,2,1
202300041891,6,4,2023,16:20,1,1,3,974,97416,2,4,2,2,1
202300041892,23,2,2023,20:00,5,1,6,92,92012,2,4,1,1,1
202300041893,6,4,2023,10:15,1,1,3,974,97416,2,4,1,1,1
202300041893,6,4,2023,10:15,1,1,3,974,97416,2,4,1,1,1
202300041894,15,5,2023,18:30,1,1,3,48,48018,1,2,2,1,1
202300041895,21,2,2023,14:00,1,1,7,92,92004,2,4,2,1,1
202300041896,6,4,2023,07:30,1,1,3,974,97416,1,2,-1,1,1
202300041897,23,2,2023,18:00,2,1,6,60,60562,2,3,2,1,1
202300041897,23,2,2023,18:00,2,1,6,60,60562,2,3,2,1,1
202300041898,5,4,2023,18:45,3,1,4,974,97416,1,2,2,2,1
202300041899,23,2,2023,09:10,1,1,6,71,71220,1,3,2,1,2
202300041900,6,4,2023,11:05,1,1,1,69,69388,2,4,2,1,1
202300041901,22,2,2023,03:00,3,1,1,972,97227,1,2,2,2,1
202300041902,5,4,2023,15:40,1,1,6,69,69383,2,4,2,1,1
202300041903,24,2,2023,10:17,1,4,6,12,12022,1,1,3,1,5
202300041904,19,2,2023,18:00,1,1,6,47,47156,1,3,2,1,1
202300041905,5,4,2023,02:50,5,2,6,972,97209,1,3,3,2,2
202300041906,22,2,2023,07:10,2,8,3,76,76587,1,3,2,1,1
202300041906,22,2,2023,07:10,2,8,3,76,76587,1,3,2,1,1
202300041907,6,4,2023,09:40,1,1,3,69,69081,2,4,2,2,1
202300041907,6,4,2023,09:40,1,1,3,69,69081,2,4,1,1,1
202300041908,23,2,2023,17:30,2,8,3,76,76035,2,3,2,1,1
202300041908,23,2,2023,17:30,2,8,3,76,76035,2,3,2,1,1
202300041909,5,4,2023,00:07,5,1,1,69,69382,2,4,1,1,1
202300041909,5,4,2023,00:07,5,1,1,69,69382,2,4,1,1,1
202300041910,24,2,2023,13:00,1,1,3,2B,2B043,2,3,2,1,1
202300041911,4,4,2023,18:45,1,1,3,69,69149,2,4,2,1,1
202300041911,4,4,2023,18:45,1,1,3,69,69149,2,4,2,1,1
202300041912,23,2,2023,10:00,1,1,3,2B,2B152,1,3,2,1,1
202300041913,6,4,2023,13:19,1,1,1,971,97113,1,2,-1,2,1
202300041913,6,4,2023,13:19,1,1,1,971,97113,1,2,2,1,1
202300041914,23,2,2023,07:00,2,1,2,11,11351,1,3,2,1,1
202300041914,23,2,2023,07:00,2,1,2,11,11351,1,3,2,1,1
202300041915,23,2,2023,09:15,1,8,7,63,63178,2,3,2,1,2
202300041916,6,4,2023,12:05,1,2,2,91,91097,1,4,2,1,2
202300041917,23,2,2023,13:45,1,8,7,55,55282,1,3,2,2,2
202300041918,4,4,2023,17:05,1,1,6,91,91174,2,4,-1,1,1
202300041919,22,2,2023,12:45,1,2,7,49,49331,2,4,3,1,2
202300041920,6,4,2023,09:25,1,1,6,90,90010,2,4,1,1,1
202300041920,6,4,2023,09:25,1,1,6,90,90010,2,4,2,2,1
202300041921,23,2,2023,18:05,2,1,2,42,42260,1,3,2,1,1
202300041921,23,2,2023,18:05,2,1,2,42,42260,1,3,2,4,1
202300041922,23,2,2023,14:50,1,2,6,41,41080,2,3,2,1,2
202300041922,23,2,2023,14:50,1,2,6,41,41080,2,3,2,1,2
202300041923,31,3,2023,16:53,1,2,4,88,88413,2,4,2,1,2
202300041924,22,2,2023,08:15,1,2,3,44,44151,1,3,2,1,2
202300041924,22,2,2023,08:15,1,2,3,44,44151,1,3,2,1,2
202300041925,5,4,2023,17:32,1,1,6,87,87085,2,4,2,2,1
202300041925,5,4,2023,17:32,1,1,6,87,87085,2,4,2,1,1
202300041926,23,2,2023,16:45,1,1,6,35,35306,1,3,2,1,1
202300041927,5,4,2023,12:45,1,1,7,86,86194,2,4,2,2,1
202300041928,20,1,2023,15:02,1,8,7,14,14119,2,3,2,1,2
202300041929,23,2,2023,18:10,1,1,7,50,50639,2,4,2,2,1
202300041930,4,4,2023,11:15,1,1,6,84,84031,2,4,2,1,1
202300041931,19,3,2023,02:30,4,2,6,84,84031,2,3,-1,1,2
202300041931,19,3,2023,02:30,4,2,6,84,84031,2,3,-1,1,2
202300041932,22,2,2023,17:00,1,2,3,36,36141,1,3,2,1,2
202300041933,4,4,2023,16:49,1,1,6,84,84007,2,4,2,1,1
202300041933,4,4,2023,16:49,1,1,6,84,84007,2,4,1,1,1
202300041934,23,2,2023,20:00,3,3,7,36,36118,1,3,2,1,2
202300041935,24,2,2023,16:40,1,1,6,85,85297,1,3,2,1,1
202300041936,6,4,2023,08:20,1,1,3,83,83126,2,4,1,1,1
202300041936,6,4,2023,08:20,1,1,3,83,83126,2,4,2,1,1
202300041937,6,4,2023,14:00,1,1,6,83,83061,1,3,2,2,1
202300041938,23,2,2023,13:10,1,1,3,30,30006,1,3,3,1,1
202300041939,24,2,2023,06:50,2,1,1,08,08391,1,3,2,1,1
202300041940,23,3,2023,15:45,1,1,3,83,83118,1,4,2,1,1
202300041940,23,3,2023,15:45,1,1,3,83,83118,1,4,2,2,1
202300041941,23,2,2023,17:05,1,1,1,68,68375,2,4,2,1,1
202300041942,6,4,2023,19:20,1,1,1,81,81065,2,4,2,1,1
202300041942,6,4,2023,19:20,1,1,1,81,81065,2,4,2,1,1
202300041943,23,1,2023,07:10,2,1,2,06,06083,1,1,1,1,1
202300041944,5,4,2023,16:20,1,1,3,81,81257,2,3,1,1,1
202300041944,5,4,2023,16:20,1,1,3,81,81257,2,3,2,1,1
202300041945,24,2,2023,14:49,1,1,1,24,24068,1,3,2,1,1
202300041946,30,3,2023,20:40,5,1,3,80,80021,2,3,-1,1,1
202300041947,1,4,2023,21:10,3,2,6,80,80379,1,2,3,1,2
202300041948,24,2,2023,14:30,1,1,6,973,97311,1,3,2,1,1
202300041949,24,2,2023,03:30,5,8,7,971,97106,2,2,2,1,2
202300041950,2,4,2023,01:35,5,1,3,78,78126,2,3,2,2,1
202300041950,2,4,2023,01:35,5,1,3,78,78126,2,3,2,2,1
202300041951,23,2,2023,14:20,1,1,1,2B,2B313,2,2,2,1,1
202300041952,18,2,2023,02:45,3,1,7,2B,2B303,1,2,2,1,1
202300041953,24,2,2023,11:30,1,1,6,66,66094,2,4,2,1,1
202300041954,4,4,2023,15:30,1,1,3,78,78440,2,6,-1,1,1
202300041955,24,2,2023,11:45,1,1,6,66,66037,2,4,2,1,1
202300041956,24,2,2023,07:45,1,1,1,84,84028,1,3,2,1,1
202300041957,5,4,2023,18:53,1,1,2,74,74281,2,4,2,1,1
202300041958,20,2,2023,12:30,1,1,1,83,83053,1,3,2,2,1
202300041959,23,2,2023,18:50,5,1,6,73,73213,1,3,2,1,1
202300041960,6,4,2023,20:30,5,1,3,69,69266,2,4,2,1,1
202300041961,24,2,2023,16:00,1,2,3,42,42094,2,4,2,1,2
202300041961,24,2,2023,16:00,1,2,3,42,42094,2,4,2,2,2
202300041962,5,4,2023,17:20,1,1,6,69,69264,2,4,2,1,1
202300041963,24,2,2023,16:50,1,7,3,31,31395,1,3,1,1,1
202300041964,6,4,2023,05:53,2,1,2,69,69199,2,4,2,1,1
202300041964,6,4,2023,05:53,2,1,2,69,69199,2,4,2,1,1
202300041965,21,2,2023,13:45,1,1,3,33,33227,2,4,2,1,1
202300041966,5,4,2023,19:10,2,7,3,67,67482,2,4,2,2,1
202300041967,22,2,2023,04:30,3,1,6,50,50099,1,3,2,1,1
202300041968,23,2,2023,15:07,1,2,6,35,35205,2,3,2,1,2
202300041969,6,4,2023,17:30,1,1,6,64,64483,2,3,2,1,1
202300041970,23,2,2023,09:20,1,1,1,13,13028,1,1,1,1,1
202300041971,5,4,2023,07:50,1,1,5,64,64335,2,4,2,1,1
202300041971,5,4,2023,07:50,1,1,5,64,64335,2,4,2,1,1
202300041972,23,2,2023,10:10,1,1,2,13,13022,1,1,1,2,1
202300041973,6,4,2023,00:20,5,1,3,64,64102,2,3,2,1,1
202300041974,5,2,2023,15:00,1,1,2,83,83069,1,1,1,1,1
202300041975,3,4,2023,16:10,1,1,3,63,63124,2,7,1,1,1
202300041975,3,4,2023,16:10,1,1,3,63,63124,2,7,2,2,1
202300041976,21,2,2023,07:26,2,1,2,33,33013,1,2,3,1,1
202300041977,6,4,2023,04:42,5,1,3,63,63113,2,4,2,1,1
202300041977,6,4,2023,04:42,5,1,3,63,63113,2,4,2,1,1
202300041978,5,4,2023,14:41,1,1,6,63,63113,2,4,2,1,1
202300041978,5,4,2023,14:41,1,1,6,63,63113,2,4,3,1,1
202300041979,23,2,2023,15:30,1,1,3,91,91161,1,1,1,1,1
202300041980,5,4,2023,18:40,1,1,6,60,60057,2,4,-1,2,1
202300041981,23,2,2023,14:15,1,1,2,78,78545,1,1,3,1,1
202300041982,5,4,2023,17:30,1,1,6,59,59646,2,7,2,1,1
202300041983,23,2,2023,09:30,1,2,6,95,95018,1,1,3,1,2
202300041984,6,4,2023,09:15,1,2,3,59,59350,2,4,1,1,2
202300041984,6,4,2023,09:15,1,2,3,59,59350,2,4,-1,1,2
202300041985,22,2,2023,19:45,4,2,4,95,95018,1,1,3,1,2
202300041986,21,2,2023,12:55,1,1,2,75,75120,2,4,1,1,1
202300041987,30,8,2023,17:50,1,1,3,22,22278,2,4,2,1,1
202300041988,22,2,2023,12:00,1,8,2,75,75116,2,4,1,1,1
202300041988,22,2,2023,12:00,1,8,2,75,75116,2,4,1,2,1
202300041989,4,4,2023,16:19,1,7,1,59,59227,1,3,2,1,1
202300041990,22,2,2023,21:40,5,2,3,75,75110,2,4,1,1,2
202300041991,2,9,2023,00:30,5,1,4,13,13071,2,6,-1,1,1
202300041992,22,2,2023,08:20,1,1,3,75,75110,2,4,1,1,1
202300041993,6,4,2023,13:10,1,1,2,58,58194,2,4,2,1,1
202300041993,6,4,2023,13:10,1,1,2,58,58194,2,4,1,1,1
202300041994,1,9,2023,11:30,1,1,6,13,13071,2,4,-1,1,1
202300041995,22,2,2023,18:15,5,2,6,75,75108,2,4,2,1,2
202300041996,1,9,2023,19:30,5,1,6,13,13215,2,4,1,1,1
202300041997,21,2,2023,08:35,1,1,3,94,94055,2,3,2,1,1
202300041997,21,2,2023,08:35,1,1,3,94,94055,2,3,2,1,1
202300041998,1,9,2023,14:15,1,1,3,13,13207,2,4,2,1,1
202300041999,5,4,2023,16:40,1,1,4,58,58194,2,4,2,1,1
202300042000,22,2,2023,17:15,1,2,3,93,93070,2,3,2,1,2
202300042001,5,4,2023,17:50,1,1,6,57,57757,2,4,2,2,1
202300042002,1,9,2023,21:20,5,1,3,10,10387,2,4,2,1,1
202300042002,1,9,2023,21:20,5,1,3,10,10387,2,4,2,1,1
202300042003,22,2,2023,10:50,1,1,3,93,93066,2,3,2,1,1
202300042004,5,4,2023,12:35,1,1,2,51,51454,2,4,1,1,1