id_accident,jour,mois,annee,heure_minute,luminosite,meteo,type_collision,departement,commune,agglomeration,categorie_route,regime_circulation,profil_route,etat_surface
202300042582,3,10,2023,19:15,1,7,3,44,44192,1,3,2,1,1
202300042583,11,1,2023,16:25,1,1,2,92,92062,2,3,2,2,1
202300042584,6,12,2023,19:15,5,1,3,14,14715,2,3,2,2,1
202300042585,2,10,2023,20:45,2,1,1,35,35207,1,3,2,2,1
202300042585,2,10,2023,20:45,2,1,1,35,35207,1,3,2,2,1
202300042586,12,1,2023,08:10,2,2,5,92,92077,2,3,2,1,2
202300042586,12,1,2023,08:10,2,2,5,92,92077,2,3,2,1,2
202300042587,3,10,2023,14:10,1,1,1,29,29176,1,3,2,1,1
202300042588,7,12,2023,18:40,5,1,3,13,13211,2,4,2,1,1
202300042589,12,1,2023,19:10,5,1,6,92,92050,2,3,1,1,1
202300042590,2,10,2023,14:50,1,1,3,29,29037,1,3,2,1,1
202300042590,2,10,2023,14:50,1,1,3,29,29037,1,3,2,1,1
202300042591,3,10,2023,07:30,2,1,3,38,38034,2,4,2,1,1
202300042591,3,10,2023,07:30,2,1,3,38,38034,2,4,2,1,1
202300042592,3,10,2023,18:20,2,1,6,03,03320,1,3,2,2,9
202300042593,2,10,2023,14:50,1,1,7,06,06071,1,3,1,1,1
202300042594,7,12,2023,19:20,5,1,2,13,13206,2,4,1,2,1
202300042595,12,1,2023,08:00,2,2,6,92,92048,2,3,2,1,2
202300042596,4,10,2023,07:15,2,1,3,14,14161,1,3,2,1,1
202300042596,4,10,2023,07:15,2,1,3,14,14161,1,3,2,1,1
202300042597,30,9,2023,15:58,1,1,7,14,14132,1,3,2,1,1
202300042597,30,9,2023,15:58,1,1,7,14,14132,1,3,2,2,1
202300042598,4,10,2023,20:16,5,1,7,73,73154,1,4,2,2,1
202300042599,12,1,2023,11:46,1,2,6,92,92040,2,3,3,1,2
202300042600,4,10,2023,15:15,1,1,6,24,24252,2,4,2,1,1
202300042601,3,10,2023,07:30,1,1,3,85,85084,1,3,2,1,1
202300042601,3,10,2023,07:30,1,1,3,85,85084,1,3,2,2,1
202300042602,12,1,2023,09:15,1,1,2,92,92040,2,4,1,1,1
202300042603,3,10,2023,16:05,1,1,3,17,17003,2,6,-1,1,1
202300042604,3,10,2023,22:30,5,1,3,37,37050,2,3,2,3,1
202300042604,3,10,2023,22:30,5,1,3,37,37050,2,3,2,1,1
202300042605,12,1,2023,20:40,5,1,4,92,92026,2,4,1,1,1
202300042606,3,10,2023,21:00,5,1,3,08,08490,2,3,2,2,1
202300042606,3,10,2023,21:00,5,1,3,08,08490,2,3,2,2,1
202300042607,3,10,2023,23:45,5,1,1,973,97307,2,2,2,1,1
202300042608,11,1,2023,12:30,1,1,3,92,92025,2,3,2,1,1
202300042608,11,1,2023,12:30,1,1,3,92,92025,2,3,1,1,1
202300042609,4,10,2023,12:55,1,1,3,18,18081,1,3,2,1,1
202300042609,4,10,2023,12:55,1,1,3,18,18081,1,3,2,1,1
202300042610,12,1,2023,21:20,5,2,1,92,92012,1,4,2,1,2
202300042611,2,10,2023,18:00,1,1,1,975,97502,2,4,1,2,1
202300042611,2,10,2023,18:00,1,1,1,975,97502,2,4,2,1,1
202300042612,23,9,2023,07:05,2,1,7,988,98821,1,1,3,1,1
202300042613,12,1,2023,21:08,3,1,2,74,74309,1,3,2,1,2
202300042614,23,9,2023,09:40,1,1,6,988,98813,2,2,2,3,1
202300042615,3,10,2023,20:05,3,1,6,971,97125,1,2,2,1,1
202300042616,3,10,2023,13:50,1,1,3,05,05167,1,3,2,1,1
202300042617,12,1,2023,19:54,3,2,5,02,02359,1,1,1,1,2
202300042618,3,10,2023,10:50,1,1,6,21,21038,2,4,1,1,1
202300042619,3,10,2023,17:35,1,1,6,88,88321,2,3,2,1,1
202300042620,12,1,2023,19:20,3,6,1,62,62623,2,3,2,1,2
202300042621,4,10,2023,10:34,1,1,6,55,55122,2,3,2,1,1
202300042621,4,10,2023,10:34,1,1,6,55,55122,2,3,2,1,1
202300042622,3,10,2023,18:15,1,1,3,57,57017,2,7,2,2,1
202300042622,3,10,2023,18:15,1,1,3,57,57017,2,7,2,1,1
202300042623,3,10,2023,07:30,1,1,3,69,69291,1,3,4,2,1
202300042623,3,10,2023,07:30,1,1,3,69,69291,1,3,2,1,1
202300042624,3,10,2023,07:35,1,1,1,69,69028,2,3,2,1,1
202300042625,4,10,2023,00:15,5,1,6,69,69040,2,7,1,1,1
202300042626,12,1,2023,18:00,2,1,1,12,12169,1,3,2,4,1
202300042627,3,10,2023,21:30,5,1,6,33,33555,1,3,2,1,1
202300042628,3,10,2023,11:25,1,1,3,22,22282,1,3,2,1,1
202300042628,3,10,2023,11:25,1,1,3,22,22282,1,3,2,1,1
202300042629,3,10,2023,13:00,1,1,3,35,35273,2,3,2,1,1
202300042629,3,10,2023,13:00,1,1,3,35,35273,2,3,2,1,1
202300042630,8,1,2023,12:35,1,8,7,59,59022,1,4,2,1,2
202300042631,3,10,2023,15:00,1,1,6,80,80721,2,3,-1,2,1
202300042631,3,10,2023,15:00,1,1,6,80,80721,2,3,2,1,1
202300042632,1,10,2023,16:37,1,1,6,62,62806,1,3,2,4,1
202300042633,2,10,2023,21:30,3,1,2,13,13216,1,1,1,1,1
202300042634,2,10,2023,11:00,1,1,2,83,83027,1,1,3,1,1
202300042635,30,9,2023,03:15,3,1,6,67,67482,2,7,3,1,1
202300042636,12,1,2023,18:15,3,2,6,59,59553,2,7,2,1,2
202300042637,3,10,2023,09:15,1,1,2,33,33096,1,1,3,1,1
202300042638,2,10,2023,20:45,4,1,2,33,33096,1,1,3,1,1
202300042639,2,10,2023,06:15,3,1,4,59,59609,1,1,-1,1,1
202300042640,3,10,2023,11:10,1,2,2,91,91228,1,1,1,1,2
202300042641,3,10,2023,09:20,1,2,2,94,94038,1,1,1,1,2
202300042642,3,10,2023,18:00,1,1,3,78,78646,1,2,1,1,1
202300042643,11,1,2023,12:20,1,2,3,95,95026,2,4,2,1,2
202300042644,3,10,2023,10:20,1,2,2,92,92025,1,1,1,1,2
202300042645,3,10,2023,09:15,1,2,2,92,92047,1,1,-1,1,2
202300042646,2,10,2023,08:40,1,1,2,78,78455,1,1,3,1,1
202300042647,3,10,2023,19:00,2,1,3,93,93010,1,1,-1,1,1
202300042648,3,10,2023,19:00,1,1,2,93,93066,1,1,3,1,1
202300042649,12,1,2023,19:00,3,1,1,74,74256,1,3,2,2,1
202300042650,3,10,2023,16:00,1,1,6,95,95256,1,2,3,1,1
202300042651,3,10,2023,15:58,1,1,4,93,93066,1,1,3,3,1
202300042652,13,1,2023,11:35,1,1,6,81,81202,1,3,2,1,1
202300042653,3,10,2023,13:15,1,1,3,93,93005,1,1,-1,1,1
202300042654,3,10,2023,08:30,1,1,2,93,93007,1,1,1,1,1
202300042655,2,10,2023,22:40,3,1,3,93,93053,1,1,1,1,1
202300042656,2,10,2023,18:20,1,1,5,93,93010,1,1,3,1,1
202300042657,13,1,2023,17:30,2,2,1,49,49022,1,3,2,1,2
202300042658,2,10,2023,13:05,1,1,5,92,92036,1,1,3,1,1
202300042659,2,10,2023,08:20,1,1,3,93,93027,1,1,-1,1,1
202300042660,3,10,2023,11:30,1,2,6,94,94044,1,2,3,1,2
202300042661,3,10,2023,09:40,1,1,2,75,75112,1,1,3,1,2
202300042662,3,10,2023,07:45,2,1,3,94,94004,1,2,3,1,1
202300042663,4,6,2023,16:30,1,1,1,88,88088,1,4,2,1,1
202300042664,23,6,2023,08:15,1,1,6,88,88413,2,3,2,1,1
202300042665,3,6,2023,10:50,1,1,3,88,88011,2,4,2,1,1
202300042666,1,8,2023,19:35,1,1,3,74,74133,2,3,2,1,1
202300042666,1,8,2023,19:35,1,1,3,74,74133,2,3,2,1,1
202300042667,19,6,2023,18:50,1,1,2,13,13039,1,2,1,2,1
202300042668,12,1,2023,17:30,1,1,3,47,47252,2,3,2,1,1
202300042668,12,1,2023,17:30,1,1,3,47,47252,2,3,2,1,1
202300042669,31,5,2023,22:15,3,1,1,13,13103,1,1,3,1,2
202300042670,26,5,2023,17:50,1,1,4,13,13001,1,1,1,1,1
202300042671,1,10,2023,07:15,1,1,7,974,97411,1,4,-1,2,1
202300042672,1,10,2023,05:35,3,1,6,974,97411,2,2,1,1,1
202300042673,2,10,2023,14:00,1,1,3,69,69386,2,4,1,1,1
202300042674,12,1,2023,21:30,3,1,6,39,39367,1,2,2,2,1
202300042675,2,10,2023,11:50,1,1,3,69,69388,2,4,1,1,1
202300042675,2,10,2023,11:50,1,1,3,69,69388,2,4,1,1,1
202300042676,2,10,2023,17:20,1,2,6,972,97213,2,3,2,1,2
202300042676,2,10,2023,17:20,1,2,6,972,97213,2,3,2,1,2
202300042677,30,9,2023,22:00,5,1,1,972,97209,2,3,2,1,1
202300042678,2,10,2023,13:00,1,1,2,69,69382,2,4,1,1,1
202300042679,13,1,2023,10:10,1,1,6,70,70171,1,3,-1,2,2
202300042680,2,10,2023,18:54,1,1,3,2B,2B037,1,3,2,2,1
202300042680,2,10,2023,18:54,1,1,3,2B,2B037,1,3,2,1,1
202300042681,2,10,2023,09:10,1,1,2,971,97101,1,3,1,1,1
202300042682,1,10,2023,00:45,5,1,3,971,97101,2,2,-1,1,1
202300042683,2,10,2023,07:58,1,1,5,2A,2A004,2,2,3,1,1
202300042684,2,10,2023,17:10,1,1,3,95,95563,2,4,2,1,1
202300042684,2,10,2023,17:10,1,1,3,95,95563,2,4,2,1,1
202300042685,30,9,2023,23:02,5,1,6,95,95197,2,3,2,1,1
202300042686,13,1,2023,14:12,1,1,6,70,70421,1,2,2,2,1
202300042687,23,7,2023,15:00,1,1,7,73,73329,1,3,2,1,1
202300042688,23,9,2023,10:55,1,1,3,89,89239,1,3,1,2,1
202300042688,23,9,2023,10:55,1,1,3,89,89239,1,3,1,2,1
202300042689,12,1,2023,21:55,3,2,7,70,70163,1,2,2,1,2
202300042690,28,9,2023,09:00,1,2,3,89,89387,2,4,2,1,2
202300042690,28,9,2023,09:00,1,2,3,89,89387,2,4,-1,1,2
202300042691,12,1,2023,14:10,1,1,1,50,50464,1,3,3,3,2
202300042692,23,7,2023,17:56,1,1,1,38,38190,2,3,2,1,1
202300042693,29,9,2023,21:42,5,1,3,87,87085,2,3,2,1,1
202300042693,29,9,2023,21:42,5,1,3,87,87085,2,3,2,1,1
202300042694,13,1,2023,06:05,3,2,3,07,07302,1,3,2,1,2
202300042694,13,1,2023,06:05,3,2,3,07,07302,1,3,2,1,2
202300042695,21,7,2023,07:55,1,1,3,69,69208,2,3,2,1,1
202300042695,21,7,2023,07:55,1,1,3,69,69208,2,3,2,1,1
202300042696,1,10,2023,14:50,1,1,1,83,83137,2,3,2,1,1
202300042697,12,1,2023,17:30,2,2,1,85,85051,1,3,2,1,2
202300042698,1,10,2023,12:15,1,1,6,83,83137,2,4,2,3,1
202300042699,23,7,2023,20:00,1,1,2,69,69072,1,7,2,1,2
202300042700,13,1,2023,16:13,1,1,6,27,27284,2,4,2,2,1
202300042701,24,7,2023,15:20,1,2,6,65,65198,1,3,2,2,2
202300042702,2,10,2023,14:00,1,1,6,83,83118,2,4,1,1,1
202300042702,2,10,2023,14:00,1,1,6,83,83118,2,4,1,2,1
202300042703,12,1,2023,18:45,3,2,6,17,17218,2,3,2,1,2
202300042704,2,10,2023,13:30,1,7,1,77,77358,2,4,1,1,1
202300042705,21,7,2023,17:05,1,1,6,19,19146,1,6,-1,1,1
202300042706,13,1,2023,19:45,5,1,3,30,30259,2,3,2,1,1
202300042707,24,7,2023,04:00,3,5,6,64,64230,1,4,2,1,2
202300042708,13,1,2023,12:35,1,1,6,48,48099,1,3,2,1,2
202300042709,2,10,2023,23:40,5,1,1,76,76540,2,7,1,1,1
202300042710,23,7,2023,17:45,1,1,1,33,33417,1,3,2,1,1
202300042711,4,1,2023,12:05,1,1,6,73,73089,1,1,3,1,1
202300042712,2,10,2023,22:20,5,1,3,76,76231,2,4,2,1,1
202300042713,12,1,2023,06:35,3,1,2,40,40134,1,1,3,1,2
202300042714,11,7,2023,17:40,1,1,3,33,33056,2,4,2,1,1
202300042715,30,9,2023,20:20,5,1,7,76,76481,1,3,1,1,1
202300042716,13,1,2023,08:25,1,1,2,06,06088,1,1,3,2,1
202300042717,24,7,2023,08:30,1,2,4,60,60628,1,2,1,1,2
202300042718,30,9,2023,00:05,5,1,3,76,76351,2,3,2,2,1
202300042718,30,9,2023,00:05,5,1,3,76,76351,2,3,2,1,1
202300042719,12,1,2023,23:30,5,1,6,06,06088,1,1,3,1,1
202300042720,1,10,2023,10:41,1,1,6,72,72181,2,4,3,1,1
202300042721,23,7,2023,02:25,3,1,2,13,13214,1,1,3,1,1
202300042722,1,10,2023,07:55,1,1,6,72,72181,2,4,3,1,1
202300042723,12,1,2023,19:46,4,1,3,13,13103,1,1,3,1,1
202300042724,12,1,2023,20:25,5,1,6,971,97106,2,4,2,2,1
202300042725,2,10,2023,08:15,1,1,6,71,71270,2,4,2,2,1
202300042726,22,7,2023,23:10,3,1,1,13,13106,1,1,1,1,1
202300042727,12,1,2023,22:25,3,2,6,29,29233,1,3,2,2,2
202300042728,21,7,2023,12:00,1,1,7,13,13071,1,1,1,1,1
202300042729,2,10,2023,09:00,1,1,6,69,69271,2,4,2,1,1
202300042730,1,10,2023,14:50,1,1,3,69,69290,2,4,2,1,1
202300042731,23,7,2023,16:17,1,1,2,83,83144,2,1,3,1,1
202300042732,12,1,2023,15:07,1,1,3,77,77437,2,3,3,1,2
202300042732,12,1,2023,15:07,1,1,3,77,77437,2,3,2,1,2
202300042733,11,1,2023,14:35,1,1,1,78,78522,1,3,2,1,1
202300042734,9,9,2023,22:00,3,1,2,68,68066,2,4,2,1,1
202300042735,22,7,2023,11:35,1,1,5,83,83129,1,1,1,1,1
202300042736,13,1,2023,01:40,5,1,6,66,66114,1,3,2,1,1
202300042737,2,10,2023,17:30,1,1,3,67,67482,2,4,-1,1,1
202300042738,23,7,2023,13:45,1,2,2,94,94065,1,2,1,4,2
202300042739,2,10,2023,17:08,1,1,3,64,64348,2,4,-1,1,1
202300042740,10,1,2023,20:20,3,1,3,34,34154,1,3,2,1,1
202300042740,10,1,2023,20:20,3,1,3,34,34154,1,3,2,1,1
202300042741,23,7,2023,16:00,1,2,6,95,95365,1,2,3,1,2
202300042742,1,10,2023,05:40,4,1,6,64,64284,1,3,2,1,1
202300042742,1,10,2023,05:40,4,1,6,64,64284,1,3,2,1,1
202300042743,23,7,2023,15:00,1,3,7,95,95582,1,1,1,1,2
202300042744,2,10,2023,18:00,1,1,6,64,64102,2,3,3,1,8
202300042745,13,1,2023,10:30,1,1,5,21,21038,2,3,2,1,2
202300042746,2,10,2023,18:00,1,1,7,64,64102,2,3,3,2,8
202300042747,23,7,2023,09:30,1,8,6,93,93078,1,1,1,1,2
202300042748,9,1,2023,14:00,1,2,1,88,88064,1,3,2,1,8
202300042749,2,10,2023,14:40,1,1,3,63,63113,2,4,2,1,1
202300042749,2,10,2023,14:40,1,1,3,63,63113,2,4,2,1,1
202300042750,28,9,2023,08:30,1,1,6,62,62510,2,3,3,1,1
202300042751,12,1,2023,15:30,1,8,6,74,74056,2,3,2,1,2
202300042752,23,7,2023,03:35,3,1,2,95,95604,1,1,3,1,1
202300042753,2,10,2023,22:00,5,1,3,60,60057,2,4,2,1,1
202300042753,2,10,2023,22:00,5,1,3,60,60057,2,4,2,1,1
202300042754,22,7,2023,23:55,5,1,7,94,94052,1,1,-1,1,1
202300042755,30,9,2023,20:50,5,1,1,56,56121,2,4,2,1,1
202300042756,12,1,2023,17:19,1,1,3,42,42094,2,4,-1,1,1
202300042756,12,1,2023,17:19,1,1,3,42,42094,2,4,2,1,1
202300042757,22,7,2023,12:30,1,1,6,973,97302,2,4,1,1,1
202300042758,2,10,2023,08:00,2,5,7,56,56121,2,4,3,2,1
202300042758,2,10,2023,08:00,2,5,7,56,56121,2,4,3,2,1
202300042759,12,1,2023,07:10,3,8,6,26,26129,2,3,2,1,2
202300042760,2,10,2023,21:00,5,1,3,51,51454,2,4,2,1,1
202300042760,2,10,2023,21:00,5,1,3,51,51454,2,4,2,1,1
202300042761,1,10,2023,07:05,5,1,7,50,50129,2,9,2,1,1
202300042762,22,7,2023,20:55,2,1,3,69,69383,2,4,1,1,1
202300042762,22,7,2023,20:55,2,1,3,69,69383,2,4,1,1,1
202300042763,2,10,2023,18:57,1,1,3,49,49007,2,4,-1,1,1
202300042763,2,10,2023,18:57,1,1,3,49,49007,2,4,1,1,1
202300042764,6,1,2023,11:30,1,1,3,69,69094,1,3,2,2,2
202300042765,2,10,2023,12:15,1,1,2,49,49246,2,4,2,1,1
202300042766,22,7,2023,13:58,1,1,3,69,69388,2,4,2,1,1
202300042766,22,7,2023,13:58,1,1,3,69,69388,2,4,2,1,1
202300042767,2,10,2023,09:45,1,1,3,47,47001,2,4,2,1,1
202300042768,12,1,2023,19:45,3,2,1,19,19041,1,3,2,2,2
202300042769,1,10,2023,01:00,3,1,6,45,45004,2,3,2,1,1
202300042770,1,10,2023,19:00,1,1,1,41,41018,2,4,2,1,1
202300042771,21,7,2023,17:40,1,1,5,972,97209,2,3,2,2,1
202300042772,10,1,2023,20:50,4,2,3,33,33179,1,3,2,1,2
202300042772,10,1,2023,20:50,4,2,3,33,33179,1,3,2,1,2
202300042773,1,10,2023,01:00,3,1,7,37,37122,1,3,2,2,1
202300042774,21,7,2023,08:45,1,1,2,972,97209,2,4,2,1,1
202300042775,7,1,2023,11:25,1,1,3,85,85092,2,3,2,1,1
202300042776,30,9,2023,12:00,1,1,2,34,34172,2,4,1,1,1
202300042777,2,10,2023,16:23,1,1,1,33,33529,1,3,2,1,1
202300042778,22,7,2023,00:55,4,1,1,972,97209,2,3,2,4,1
202300042778,22,7,2023,00:55,4,1,1,972,97209,2,3,2,2,1
202300042779,2,10,2023,19:42,2,1,2,31,31555,2,4,2,1,1
202300042780,22,7,2023,12:00,1,1,6,69,69152,2,4,1,1,1
202300042780,22,7,2023,12:00,1,1,6,69,69152,2,4,1,1,1
202300042781,2,10,2023,07:20,2,1,3,31,31149,2,4,2,1,1
202300042781,2,10,2023,07:20,2,1,3,31,31149,2,4,2,1,1
202300042782,1,10,2023,20:20,3,1,4,28,28134,1,2,1,2,1
202300042783,21,7,2023,17:29,1,1,2,2B,2B037,1,2,3,1,1
202300042784,12,1,2023,17:15,2,2,5,76,76223,2,3,2,1,2
202300042785,12,1,2023,06:30,3,6,6,62,62460,1,3,2,1,2
202300042786,29,6,2023,20:12,5,1,3,971,97113,1,2,2,1,1
202300042787,27,9,2023,13:10,1,1,3,28,28085,2,3,1,1,1
202300042787,27,9,2023,13:10,1,1,3,28,28085,2,3,1,1,1
202300042788,12,1,2023,17:50,3,3,6,62,62801,2,3,2,1,2
202300042789,1,10,2023,02:10,5,1,6,24,24145,2,3,2,1,1
202300042790,22,7,2023,05:20,2,1,1,971,97101,1,4,-1,1,1
202300042791,1,10,2023,18:30,1,1,3,22,22360,2,4,2,1,1
202300042792,30,9,2023,10:42,1,1,2,22,22278,2,4,2,1,1
202300042793,1,10,2023,23:33,3,1,6,17,17306,2,3,2,1,1
202300042794,22,7,2023,20:40,1,1,3,95,95210,2,3,1,1,1
202300042794,22,7,2023,20:40,1,1,3,95,95210,2,3,-1,1,1
202300042795,12,1,2023,08:40,1,1,2,13,13211,1,1,1,1,1
202300042796,22,7,2023,00:35,5,1,3,83,83069,2,4,2,1,1
202300042797,11,1,2023,16:00,5,1,2,13,13210,1,4,-1,1,1
202300042798,2,10,2023,16:52,1,1,3,17,17300,2,4,2,1,1
202300042799,30,9,2023,16:30,1,7,2,14,14221,1,3,2,2,1
202300042800,11,1,2023,02:00,5,1,7,69,69266,1,7,3,1,1
202300042801,7,7,2023,17:00,1,9,3,80,80001,2,3,3,1,1
202300042802,2,10,2023,19:00,1,1,1,13,13071,2,4,2,2,1
202300042803,11,1,2023,14:35,1,1,2,67,67389,1,7,1,2,1
202300042804,21,7,2023,13:40,1,1,3,79,79329,2,4,2,1,1
202300042805,11,1,2023,13:15,1,2,6,33,33063,1,1,1,3,2
202300042806,11,8,2023,13:10,1,1,4,13,13039,1,2,2,1,1
202300042807,18,7,2023,18:00,1,1,6,77,77284,2,3,-1,2,1
202300042808,2,10,2023,19:40,1,1,1,13,13213,2,3,2,1,1
202300042809,2,10,2023,17:15,1,1,6,13,13213,2,4,2,1,1
202300042810,21,7,2023,17:25,1,1,3,77,77284,2,3,3,2,1
202300042811,12,1,2023,15:37,1,1,4,92,92047,1,1,-1,1,1
202300042812,2,10,2023,17:30,1,1,6,13,13213,2,4,-1,1,1
202300042813,12,1,2023,07:15,2,1,2,92,92050,1,1,1,1,1
202300042814,2,10,2023,15:45,1,1,1,13,13205,2,7,2,1,1
202300042815,22,7,2023,22:10,3,1,3,69,69256,2,4,2,1,1
202300042815,22,7,2023,22:10,3,1,3,69,69256,2,4,2,1,1
202300042816,2,10,2023,13:00,1,1,4,13,13005,2,4,2,1,1
202300042817,11,1,2023,10:30,1,1,2,95,95582,1,3,3,1,1
202300042818,2,10,2023,09:30,1,1,3,13,13005,1,3,2,1,1
202300042818,2,10,2023,09:30,1,1,3,13,13005,1,3,2,1,1
202300042819,22,7,2023,20:50,1,1,3,69,69266,2,4,1,1,1
202300042819,22,7,2023,20:50,1,1,3,69,69266,2,4,1,1,1
202300042820,3,10,2023,00:22,5,1,7,10,10387,2,4,2,2,1
202300042821,11,1,2023,10:00,1,8,2,93,93027,1,1,3,4,2
202300042822,1,10,2023,12:28,1,1,7,10,10081,2,4,2,1,1
202300042822,1,10,2023,12:28,1,1,7,10,10081,2,4,2,1,1
202300042823,22,7,2023,19:50,1,1,3,69,69275,2,7,2,1,1
202300042824,2,10,2023,09:35,1,1,3,75,75118,2,4,1,1,1
202300042825,11,1,2023,11:00,1,1,4,92,92036,1,1,3,1,2
202300042826,2,10,2023,18:50,1,1,2,75,75106,2,4,1,1,1
202300042826,2,10,2023,18:50,1,1,2,75,75106,2,4,1,1,1
202300042827,22,7,2023,22:05,5,1,2,69,69029,2,7,1,1,1
202300042828,2,10,2023,09:55,1,1,6,75,75105,2,4,1,1,1
202300042828,2,10,2023,09:55,1,1,6,75,75105,2,4,2,1,1
202300042829,11,1,2023,09:05,2,2,2,93,93078,1,1,3,1,2
202300042830,21,7,2023,19:00,1,1,6,68,68376,2,3,2,1,1
202300042831,2,10,2023,08:50,1,1,3,75,75120,2,4,1,2,1
202300042831,2,10,2023,08:50,1,1,3,75,75120,2,4,1,1,1
202300042832,10,1,2023,22:40,5,2,5,93,93010,1,1,3,1,2
202300042833,2,10,2023,09:30,1,1,3,75,75118,2,4,2,1,1
202300042833,2,10,2023,09:30,1,1,3,75,75118,2,4,2,1,1
202300042834,22,7,2023,19:30,1,1,3,67,67447,2,4,2,1,1
202300042834,22,7,2023,19:30,1,1,3,67,67447,2,4,2,1,1
202300042835,2,10,2023,12:35,1,1,2,75,75117,2,4,1,1,1
202300042836,12,1,2023,12:45,1,2,2,94,94028,1,1,1,1,2
202300042837,22,7,2023,11:30,1,1,3,67,67482,2,4,3,1,1
202300042838,2,10,2023,21:00,5,1,3,75,75116,2,4,1,1,1
202300042838,2,10,2023,21:00,5,1,3,75,75116,2,4,1,1,1
202300042839,11,1,2023,09:30,1,8,2,75,75114,2,4,1,1,1
202300042839,11,1,2023,09:30,1,8,2,75,75114,2,4,1,1,1
202300042840,2,10,2023,14:30,1,1,1,75,75116,2,4,1,1,1
202300042841,22,7,2023,19:00,1,1,3,64,64024,2,4,2,3,1
202300042841,22,7,2023,19:00,1,1,3,64,64024,2,4,3,1,1
202300042842,1,10,2023,07:20,5,1,6,75,75116,2,4,2,2,1
202300042843,11,1,2023,13:55,1,1,3,75,75119,2,4,2,1,1
202300042843,11,1,2023,13:55,1,1,3,75,75119,2,4,2,1,1
202300042844,1,10,2023,11:30,1,1,3,75,75115,2,4,1,2,1
202300042844,1,10,2023,11:30,1,1,3,75,75115,2,4,-1,1,1
202300042845,22,7,2023,11:55,1,1,4,45,45169,2,4,2,1,1
202300042846,1,10,2023,02:00,5,1,6,75,75115,2,4,-1,1,1
202300042846,1,10,2023,02:00,5,1,6,75,75115,2,4,1,1,1
202300042847,11,1,2023,13:20,1,1,3,75,75119,2,4,1,1,1
202300042847,11,1,2023,13:20,1,1,3,75,75119,2,4,1,1,1
202300042848,2,10,2023,14:15,1,1,3,75,75112,2,4,2,1,1
202300042848,2,10,2023,14:15,1,1,3,75,75112,2,4,1,1,1
202300042849,22,7,2023,20:35,1,1,3,45,45004,2,4,2,2,1
202300042850,11,1,2023,10:40,1,1,2,75,75119,2,4,2,1,1
202300042850,11,1,2023,10:40,1,1,2,75,75119,2,4,1,1,1
202300042851,22,7,2023,09:00,1,1,6,37,37233,2,4,2,1,1
202300042851,22,7,2023,09:00,1,1,6,37,37233,2,4,2,1,1
202300042852,2,10,2023,12:27,1,1,4,75,75112,2,4,1,1,1
202300042852,2,10,2023,12:27,1,1,4,75,75112,2,4,2,2,1
202300042853,11,1,2023,10:40,1,1,6,75,75116,2,4,1,1,1
202300042853,11,1,2023,10:40,1,1,6,75,75116,2,4,1,1,1
202300042854,2,10,2023,08:10,1,1,6,75,75111,2,4,1,1,1
202300042854,2,10,2023,08:10,1,1,6,75,75111,2,4,2,1,1
202300042855,21,7,2023,18:00,1,1,4,35,35278,1,2,1,1,1
202300042856,11,1,2023,00:00,5,8,3,75,75117,2,4,1,1,2
202300042856,11,1,2023,00:00,5,8,3,75,75117,2,4,2,1,2
202300042857,2,10,2023,19:05,2,1,7,75,75103,2,4,1,1,1
202300042857,2,10,2023,19:05,2,1,7,75,75103,2,4,1,1,1
202300042858,2,10,2023,02:30,5,1,6,75,75104,2,4,2,1,1
202300042858,2,10,2023,02:30,5,1,6,75,75104,2,4,1,1,1
202300042859,11,1,2023,11:45,1,1,3,75,75116,2,4,2,1,1
202300042860,22,7,2023,12:40,1,1,1,34,34172,2,7,2,1,1
202300042861,2,10,2023,12:04,1,1,6,94,94078,2,3,2,1,1
202300042861,2,10,2023,12:04,1,1,6,94,94078,2,3,2,1,1
202300042862,10,1,2023,18:00,5,2,6,75,75116,2,4,2,1,2
202300042863,22,7,2023,11:45,1,1,3,34,34003,2,4,1,1,1
202300042864,2,10,2023,00:30,5,1,3,94,94043,2,3,1,2,1
202300042865,2,10,2023,18:05,1,1,2,94,94041,2,3,3,1,1
202300042866,11,1,2023,19:30,5,1,3,75,75115,2,4,2,1,1
202300042866,11,1,2023,19:30,5,1,3,75,75115,2,4,2,1,1
202300042867,21,7,2023,15:30,1,1,1,33,33529,2,3,2,2,1
202300042868,1,10,2023,23:50,5,1,7,94,94041,2,3,1,1,1
202300042868,1,10,2023,23:50,5,1,7,94,94041,2,3,1,1,1
202300042869,2,10,2023,18:45,2,1,2,94,94038,2,4,2,1,1
202300042870,11,1,2023,08:50,1,2,6,75,75115,2,4,1,1,2
202300042870,11,1,2023,08:50,1,2,6,75,75115,2,4,1,1,2
202300042871,2,10,2023,15:45,1,1,6,94,94038,2,3,2,1,1
202300042872,11,1,2023,09:20,1,1,3,75,75114,2,4,2,1,2
202300042872,11,1,2023,09:20,1,1,3,75,75114,2,4,2,1,2
202300042873,2,10,2023,07:30,1,1,2,93,93073,2,3,2,1,1
202300042873,2,10,2023,07:30,1,1,2,93,93073,2,3,3,1,1
202300042874,22,7,2023,16:35,1,1,3,25,25056,2,4,2,1,1
202300042874,22,7,2023,16:35,1,1,3,25,25056,2,4,2,1,1
202300042875,2,10,2023,20:30,5,1,6,93,93071,2,4,2,1,1
202300042876,11,1,2023,17:30,5,8,1,75,75113,2,4,2,2,2