id_accident,jour,mois,annee,heure_minute,luminosite,meteo,type_collision,departement,commune,agglomeration,categorie_route,regime_circulation,profil_route,etat_surface
202300042877,22,7,2023,07:35,1,1,7,22,22278,2,4,1,2,1
202300042878,2,10,2023,07:00,5,1,1,93,93066,2,4,2,1,1
202300042879,22,7,2023,03:00,3,1,7,17,17028,1,2,3,1,1
202300042880,2,10,2023,17:30,1,1,3,93,93055,2,3,2,1,1
202300042881,11,1,2023,08:50,1,2,3,75,75113,2,4,2,1,2
202300042881,11,1,2023,08:50,1,2,3,75,75113,2,4,3,2,2
202300042882,2,10,2023,09:05,1,7,6,93,93029,2,3,2,1,1
202300042882,2,10,2023,09:05,1,7,6,93,93029,2,3,2,1,1
202300042883,22,7,2023,21:05,1,1,3,14,14118,2,2,3,1,1
202300042884,11,1,2023,08:10,1,2,3,75,75113,2,4,1,1,2
202300042884,11,1,2023,08:10,1,2,3,75,75113,2,4,2,1,2
202300042885,2,10,2023,17:30,1,7,6,93,93014,2,3,2,1,1
202300042885,2,10,2023,17:30,1,7,6,93,93014,2,3,2,1,1
202300042886,22,7,2023,10:15,1,1,1,13,13019,2,4,2,1,1
202300042887,11,1,2023,07:00,5,2,6,75,75111,2,4,2,1,2
202300042887,11,1,2023,07:00,5,2,6,75,75111,2,4,2,1,2
202300042888,2,10,2023,08:30,1,7,1,93,93010,2,4,2,1,1
202300042889,22,7,2023,21:51,5,1,6,10,10387,2,4,1,1,1
202300042890,11,1,2023,15:00,1,1,2,75,75110,2,4,1,1,1
202300042890,11,1,2023,15:00,1,1,2,75,75110,2,4,1,1,1
202300042891,22,7,2023,10:30,1,1,7,07,07281,1,3,2,2,1
202300042892,2,10,2023,14:35,1,1,4,92,92046,2,3,2,1,1
202300042893,2,10,2023,13:10,1,1,6,92,92073,2,3,2,2,1
202300042893,2,10,2023,13:10,1,1,6,92,92073,2,3,2,1,1
202300042894,11,1,2023,18:20,5,1,6,75,75103,2,4,2,1,1
202300042894,11,1,2023,18:20,5,1,6,75,75103,2,4,2,1,1
202300042895,21,7,2023,17:45,1,1,2,07,07281,2,4,2,1,1
202300042896,2,10,2023,20:25,5,1,4,92,92040,2,3,1,1,1
202300042897,22,7,2023,03:15,5,1,2,06,06088,2,4,1,4,1
202300042898,11,1,2023,09:15,1,1,7,75,75103,2,4,2,1,2
202300042898,11,1,2023,09:15,1,1,7,75,75103,2,4,1,1,2
202300042899,2,10,2023,13:30,1,1,4,92,92024,2,3,2,1,1
202300042900,22,7,2023,18:50,1,1,2,75,75112,2,4,1,1,1
202300042901,10,1,2023,14:20,1,2,2,94,94068,2,3,2,2,2
202300042901,10,1,2023,14:20,1,2,2,94,94068,2,3,2,1,2
202300042902,2,10,2023,21:20,5,1,3,92,92023,2,3,4,1,1
202300042903,22,7,2023,08:55,1,1,3,75,75119,2,4,1,1,1
202300042904,2,10,2023,14:40,1,1,6,92,92012,2,3,3,1,1
202300042905,10,1,2023,18:40,5,2,6,94,94011,2,2,2,1,2
202300042905,10,1,2023,18:40,5,2,6,94,94011,2,2,2,2,2
202300042906,3,10,2023,05:45,3,1,7,81,81097,1,3,2,1,1
202300042907,22,7,2023,11:05,1,1,2,75,75116,2,4,3,1,1
202300042908,11,1,2023,02:10,5,3,3,94,94034,2,5,-1,1,2
202300042908,11,1,2023,02:10,5,3,3,94,94034,2,5,1,1,2
202300042909,22,7,2023,12:55,1,1,6,75,75114,2,4,-1,1,1
202300042909,22,7,2023,12:55,1,1,6,75,75114,2,4,2,1,1
202300042910,11,1,2023,12:00,1,1,6,94,94059,2,3,2,1,1
202300042910,11,1,2023,12:00,1,1,6,94,94059,2,3,1,1,1
202300042911,22,7,2023,13:00,1,1,3,75,75114,2,4,2,1,1
202300042912,11,1,2023,15:10,1,1,3,94,94017,2,4,2,2,1
202300042913,30,9,2023,18:07,1,1,3,35,35085,1,3,2,1,1
202300042913,30,9,2023,18:07,1,1,3,35,35085,1,3,2,1,1
202300042914,22,7,2023,07:30,1,1,4,75,75115,2,4,1,1,1
202300042915,2,10,2023,23:00,3,1,6,12,12049,1,3,2,1,1
202300042916,11,1,2023,20:25,5,1,3,93,93072,2,3,3,1,1
202300042916,11,1,2023,20:25,5,1,3,93,93072,2,3,2,1,1
202300042917,21,7,2023,10:24,1,1,3,75,75113,2,4,2,1,1
202300042917,21,7,2023,10:24,1,1,3,75,75113,2,4,1,1,1
202300042918,11,1,2023,09:01,1,8,3,93,93070,2,4,2,1,2
202300042919,22,7,2023,04:40,3,1,3,75,75111,2,4,-1,1,1
202300042919,22,7,2023,04:40,3,1,3,75,75111,2,4,1,1,1
202300042920,11,1,2023,14:15,1,1,6,93,93062,2,3,2,2,1
202300042921,21,7,2023,17:15,1,1,3,75,75111,2,4,2,1,1
202300042921,21,7,2023,17:15,1,1,3,75,75111,2,4,1,1,1
202300042922,11,1,2023,17:40,5,1,6,93,93048,2,4,1,1,1
202300042923,3,10,2023,08:50,1,1,1,44,44023,1,4,2,1,1
202300042924,11,1,2023,08:10,2,1,6,93,93005,2,4,2,1,2
202300042925,22,7,2023,00:40,5,1,3,75,75108,2,4,2,1,1
202300042925,22,7,2023,00:40,5,1,3,75,75108,2,4,1,1,1
202300042926,11,1,2023,16:45,1,1,2,93,93001,2,4,2,1,1
202300042926,11,1,2023,16:45,1,1,2,93,93001,2,4,2,1,1
202300042927,22,7,2023,15:04,1,1,1,94,94081,2,4,2,1,1
202300042928,11,1,2023,12:15,1,1,6,92,92073,2,3,1,1,2
202300042929,22,7,2023,16:10,1,1,5,94,94028,2,3,2,1,1
202300042929,22,7,2023,16:10,1,1,5,94,94028,2,3,2,1,1
202300042930,11,1,2023,18:00,5,1,3,92,92007,2,3,2,1,1
202300042930,11,1,2023,18:00,5,1,3,92,92007,2,3,2,1,1
202300042931,11,1,2023,09:45,1,2,6,92,92048,2,4,2,2,2
202300042932,21,7,2023,14:30,1,1,2,94,94041,2,3,1,1,1
202300042933,11,1,2023,08:50,1,2,7,92,92040,2,4,2,2,2
202300042934,18,7,2023,20:45,1,1,2,93,93064,2,3,2,1,1
202300042934,18,7,2023,20:45,1,1,2,93,93064,2,3,2,1,1
202300042935,10,1,2023,21:55,5,2,3,92,92012,2,3,1,1,2
202300042936,22,7,2023,21:30,5,1,3,93,93057,2,3,2,1,1
202300042937,11,1,2023,18:30,5,1,3,92,92002,2,3,1,1,1
202300042938,22,7,2023,11:15,1,1,3,92,92064,2,3,3,2,1
202300042938,22,7,2023,11:15,1,1,3,92,92064,2,3,3,1,1
202300042939,11,1,2023,19:15,3,5,1,01,01074,1,3,2,1,1
202300042940,22,7,2023,00:04,5,1,2,92,92023,2,3,2,1,1
202300042941,12,1,2023,10:00,1,2,6,57,57439,2,3,3,1,2
202300042942,22,7,2023,21:10,2,1,2,92,92012,2,3,2,1,1
202300042942,22,7,2023,21:10,2,1,2,92,92012,2,3,1,1,1
202300042943,10,1,2023,17:30,2,1,3,33,33334,1,3,2,1,1
202300042943,10,1,2023,17:30,2,1,3,33,33334,1,3,2,1,1
202300042944,3,1,2023,12:30,1,1,3,31,31003,1,7,2,1,1
202300042944,3,1,2023,12:30,1,1,3,31,31003,1,7,2,1,1
202300042945,12,1,2023,13:20,1,1,7,52,52056,1,1,3,1,1
202300042946,22,7,2023,04:57,5,1,3,92,92007,2,4,1,2,1
202300042947,12,1,2023,10:55,1,8,7,44,44089,1,2,3,1,1
202300042948,12,1,2023,07:30,1,1,3,74,74171,2,4,2,1,1
202300042949,22,7,2023,20:45,1,1,7,51,51195,1,2,2,2,1
202300042950,12,1,2023,14:05,1,1,3,04,04033,1,3,2,1,2
202300042951,10,1,2023,12:25,1,2,7,51,51612,2,3,2,2,2
202300042952,23,7,2023,10:56,1,1,1,42,42212,1,3,2,1,1
202300042952,23,7,2023,10:56,1,1,1,42,42212,1,3,2,4,1
202300042953,12,1,2023,01:05,5,1,6,74,74195,2,3,2,1,1
202300042954,12,7,2023,12:45,1,1,3,63,63278,2,3,2,1,1
202300042954,12,7,2023,12:45,1,1,3,63,63278,2,3,2,1,1
202300042955,10,1,2023,08:00,3,9,3,78,78192,1,3,2,1,2
202300042955,10,1,2023,08:00,3,9,3,78,78192,1,3,2,1,2
202300042956,22,7,2023,15:30,1,1,7,01,01143,1,3,2,1,1
202300042957,23,7,2023,01:28,3,1,7,65,65369,2,3,2,1,1
202300042958,23,7,2023,15:50,1,1,7,72,72200,1,3,2,1,1
202300042959,11,1,2023,18:00,3,1,1,22,22232,1,3,2,1,1
202300042959,11,1,2023,18:00,3,1,1,22,22232,1,3,2,1,1
202300042960,11,1,2023,19:00,3,1,6,29,29236,1,3,2,1,1
202300042960,11,1,2023,19:00,3,1,6,29,29236,1,3,2,1,1
202300042961,23,7,2023,06:15,2,2,3,44,44158,1,2,3,1,2
202300042962,11,1,2023,13:20,1,8,6,29,29236,1,3,2,2,2
202300042963,23,7,2023,07:30,2,2,2,44,44076,1,2,3,1,2
202300042964,11,1,2023,17:45,2,8,1,29,29095,1,3,2,1,2
202300042965,22,7,2023,00:45,5,1,6,62,62162,1,3,2,1,1
202300042965,22,7,2023,00:45,5,1,6,62,62162,1,3,2,1,1
202300042966,12,1,2023,08:00,1,1,1,03,03314,1,3,2,1,1
202300042966,12,1,2023,08:00,1,1,1,03,03314,1,3,2,3,1
202300042967,23,7,2023,05:50,2,2,1,62,62559,1,3,2,1,2
202300042968,5,1,2023,17:15,5,1,6,01,01196,1,3,2,1,1
202300042969,11,1,2023,09:45,1,2,7,58,58280,1,3,2,2,2
202300042970,22,7,2023,06:50,1,1,1,40,40165,1,3,2,1,1
202300042971,22,7,2023,19:55,1,1,6,59,59194,1,3,2,1,1
202300042972,11,1,2023,10:25,1,1,3,06,06059,1,7,2,1,1
202300042973,11,1,2023,10:35,1,1,3,50,50389,1,3,2,1,2
202300042973,11,1,2023,10:35,1,1,3,50,50389,1,3,2,1,2
202300042974,9,1,2023,22:10,3,8,6,10,10035,1,3,2,1,2
202300042975,22,7,2023,12:15,1,1,2,76,76263,1,3,2,2,9
202300042976,11,1,2023,19:40,5,1,3,85,85146,2,3,2,1,2
202300042976,11,1,2023,19:40,5,1,3,85,85146,2,3,2,1,2
202300042977,1,7,2023,03:00,5,1,6,2B,2B123,1,3,2,1,1
202300042978,8,1,2023,10:54,1,1,6,27,27232,2,4,2,1,2
202300042979,22,7,2023,20:47,2,1,1,80,80240,2,4,2,1,1
202300042980,11,1,2023,12:20,1,1,7,27,27112,1,3,2,1,1
202300042980,11,1,2023,12:20,1,1,7,27,27112,1,3,2,1,1
202300042981,8,1,2023,11:00,1,2,3,28,28023,1,3,2,2,2
202300042982,23,7,2023,08:45,1,1,5,11,11361,1,3,2,1,1
202300042983,12,1,2023,15:00,1,9,6,77,77279,1,1,3,2,2
202300042984,22,7,2023,17:18,1,1,1,71,71014,2,3,2,1,1
202300042985,22,7,2023,23:10,3,1,7,63,63003,1,3,2,2,1
202300042986,12,1,2023,09:15,1,1,2,38,38197,1,1,3,1,1
202300042987,9,1,2023,20:30,5,2,2,74,74010,2,3,3,1,2
202300042988,17,7,2023,17:10,1,1,3,49,49291,1,4,2,1,1
202300042988,17,7,2023,17:10,1,1,3,49,49291,1,4,2,1,1
202300042989,12,1,2023,05:00,5,1,3,69,69225,1,1,3,1,1
202300042990,23,7,2023,15:15,1,1,1,42,42234,1,7,2,2,1
202300042990,23,7,2023,15:15,1,1,1,42,42234,1,7,2,2,1
202300042991,12,1,2023,07:40,2,1,3,30,30333,1,1,1,1,1
202300042992,22,7,2023,20:00,1,1,7,46,46313,2,4,2,1,9
202300042993,22,7,2023,23:45,3,1,1,34,34041,1,3,-1,1,1
202300042994,13,7,2023,15:28,1,1,6,44,44087,1,3,2,2,1
202300042995,11,1,2023,10:30,1,1,3,17,17022,1,4,2,1,1
202300042996,22,7,2023,17:30,1,1,3,44,44131,1,3,2,1,1
202300042997,23,7,2023,01:55,4,1,6,38,38517,1,3,2,1,1
202300042998,12,1,2023,14:25,1,1,2,2B,2B223,1,2,2,2,1
202300042999,23,7,2023,10:40,1,1,3,38,38108,1,3,2,2,1
202300043000,11,1,2023,19:20,3,1,6,66,66050,1,3,2,1,1
202300043001,11,1,2023,13:15,1,1,7,13,13053,1,4,2,1,1
202300043002,22,7,2023,18:50,1,1,2,03,03221,1,3,2,2,1
202300043003,12,1,2023,12:15,1,1,7,13,13041,1,4,2,2,1
202300043004,22,7,2023,12:45,1,1,1,66,66016,1,4,2,2,1
202300043005,11,1,2023,16:30,1,2,3,68,68364,1,3,2,1,2
202300043006,22,7,2023,17:30,1,1,6,54,54222,1,3,2,2,1
202300043007,10,1,2023,20:30,3,2,1,44,44026,1,7,2,1,2
202300043008,23,7,2023,11:25,1,2,3,14,14369,1,3,2,1,2
202300043009,11,1,2023,18:15,3,1,6,14,14499,1,3,2,1,1
202300043010,11,1,2023,11:22,1,1,3,22,22339,2,4,2,1,1
202300043010,11,1,2023,11:22,1,1,3,22,22339,2,4,2,1,1
202300043011,23,7,2023,13:15,1,1,3,05,05039,1,2,2,2,1
202300043011,23,7,2023,13:15,1,1,3,05,05039,1,2,2,1,1
202300043012,10,1,2023,12:00,1,8,3,22,22093,1,3,2,1,2
202300043013,23,7,2023,12:30,1,1,5,07,07288,1,3,2,2,1
202300043014,22,7,2023,16:45,1,1,3,40,40115,1,3,2,1,1
202300043014,22,7,2023,16:45,1,1,3,40,40115,1,3,-1,-1,-1
202300043015,11,1,2023,18:20,3,1,2,33,33318,1,1,3,1,1
202300043016,20,7,2023,16:49,1,1,3,40,40188,2,3,2,1,1
202300043017,11,1,2023,18:40,3,1,4,92,92002,1,1,1,1,1
202300043018,23,7,2023,19:00,1,1,6,24,24520,2,3,2,2,1
202300043019,11,1,2023,17:55,3,1,2,94,94034,1,1,2,1,1
202300043020,23,7,2023,02:50,3,1,3,85,85101,1,3,2,1,1
202300043020,23,7,2023,02:50,3,1,3,85,85101,1,3,2,-1,1
202300043021,11,1,2023,09:05,1,1,7,91,91521,1,1,-1,1,2
202300043022,21,7,2023,14:45,1,7,1,27,27587,1,3,2,3,1
202300043023,11,1,2023,09:20,1,8,2,92,92047,1,1,-1,1,2
202300043024,22,7,2023,13:00,1,1,3,37,37111,1,3,2,1,1
202300043024,22,7,2023,13:00,1,1,3,37,37111,1,3,2,1,1
202300043025,10,1,2023,10:00,1,2,4,92,92050,1,1,1,1,2
202300043026,21,7,2023,17:03,1,1,3,68,68375,2,3,2,1,1
202300043027,10,1,2023,09:15,1,2,3,92,92050,1,1,1,1,2
202300043028,23,7,2023,00:00,3,1,6,01,01089,1,1,3,1,1
202300043029,11,1,2023,17:32,5,1,5,93,93027,1,1,3,1,1
202300043030,20,7,2023,12:00,1,7,5,31,31035,1,1,3,1,1
202300043031,9,1,2023,22:00,3,8,6,92,92036,1,1,3,1,2
202300043032,23,7,2023,12:00,1,1,5,40,40206,1,1,2,1,1
202300043033,9,1,2023,15:00,1,2,3,92,92036,1,1,3,1,2
202300043034,22,7,2023,11:30,1,1,2,34,34213,1,1,2,1,1
202300043035,11,1,2023,10:30,1,1,2,94,94022,1,1,1,1,1
202300043036,11,1,2023,09:00,1,1,3,94,94079,1,1,3,1,1
202300043037,22,7,2023,00:20,3,1,6,73,73128,1,1,3,1,1
202300043038,11,1,2023,00:25,3,2,6,93,93051,1,1,3,1,2
202300043039,23,7,2023,08:30,1,1,2,13,13051,1,1,3,1,1
202300043040,10,1,2023,20:10,5,1,6,54,54395,2,4,1,1,1
202300043040,10,1,2023,20:10,5,1,6,54,54395,2,4,1,1,1
202300043041,23,7,2023,12:40,1,1,6,973,97312,1,2,2,1,1
202300043042,10,1,2023,07:55,2,2,6,25,25056,2,4,1,1,2
202300043043,23,7,2023,00:05,3,1,1,77,77455,2,4,2,2,1
202300043044,9,1,2023,17:20,2,2,6,42,42095,2,7,-1,1,2
202300043044,9,1,2023,17:20,2,2,6,42,42095,2,7,2,1,2
202300043045,22,7,2023,22:35,3,1,1,84,84034,1,3,2,1,1
202300043046,6,1,2023,11:05,1,2,6,63,63075,2,7,2,2,2
202300043047,23,7,2023,07:20,1,1,6,06,06048,1,3,2,2,1
202300043048,6,1,2023,16:33,1,1,6,63,63113,2,4,2,1,2
202300043049,22,7,2023,12:00,1,1,7,05,05079,1,3,2,4,1
202300043050,3,1,2023,19:00,4,2,6,62,62464,2,3,-1,1,2
202300043051,23,7,2023,02:00,3,1,2,26,26166,1,1,3,1,1
202300043052,10,1,2023,17:45,1,1,6,974,97409,1,2,2,1,1
202300043053,23,7,2023,03:40,4,1,6,38,38494,2,3,2,1,1
202300043054,10,1,2023,14:57,1,1,6,973,97302,2,3,2,1,1
202300043055,22,7,2023,19:00,1,1,7,26,26163,1,3,2,2,1
202300043056,10,1,2023,17:10,2,1,2,69,69387,2,4,2,1,1
202300043057,22,7,2023,03:50,3,1,3,17,17184,1,3,2,1,1
202300043057,22,7,2023,03:50,3,1,3,17,17184,1,3,2,1,1
202300043058,10,1,2023,10:45,1,1,3,69,69387,2,4,2,1,1
202300043058,10,1,2023,10:45,1,1,3,69,69387,2,4,2,1,1
202300043059,21,7,2023,20:45,1,1,1,22,22050,1,3,2,1,1
202300043060,9,1,2023,21:10,3,1,3,972,97209,2,4,1,1,1
202300043060,9,1,2023,21:10,3,1,3,972,97209,2,4,-1,1,1
202300043061,23,7,2023,12:00,1,2,3,22,22233,1,3,2,2,2
202300043062,8,1,2023,06:10,2,1,5,972,97209,1,3,3,2,1
202300043063,23,7,2023,13:00,1,2,6,76,76684,2,3,2,1,2
202300043064,10,1,2023,08:00,1,1,6,69,69149,2,4,2,2,1
202300043064,10,1,2023,08:00,1,1,6,69,69149,2,4,1,1,1
202300043065,22,7,2023,15:40,1,1,3,60,60589,1,3,1,1,1
202300043066,10,1,2023,13:22,1,1,3,971,97101,2,3,2,1,1
202300043066,10,1,2023,13:22,1,1,3,971,97101,2,3,2,1,1
202300043067,23,7,2023,14:20,1,1,5,60,60088,1,3,2,1,1
202300043068,23,7,2023,03:00,3,1,6,59,59191,1,3,2,1,1
202300043069,9,1,2023,12:20,1,1,6,91,91377,2,4,1,1,1
202300043069,9,1,2023,12:20,1,1,6,91,91377,2,4,2,1,1
202300043070,22,7,2023,06:56,2,1,3,13,13214,1,1,3,1,1
202300043071,10,1,2023,08:45,1,1,7,91,91421,2,4,2,1,2
202300043072,21,7,2023,08:36,1,1,2,13,13213,1,1,1,1,1
202300043073,10,1,2023,09:08,1,2,3,87,87085,2,4,2,1,2
202300043073,10,1,2023,09:08,1,2,3,87,87085,2,4,1,1,2
202300043074,21,7,2023,18:17,1,1,6,83,83144,1,1,3,1,1
202300043075,9,1,2023,11:26,1,2,6,87,87085,2,4,3,2,2
202300043076,22,7,2023,14:40,1,1,3,33,33167,1,2,3,1,1
202300043077,9,1,2023,17:24,1,2,6,87,87085,1,3,3,2,2
202300043078,9,1,2023,17:46,5,3,6,78,78440,2,3,3,1,2
202300043079,22,7,2023,14:15,1,1,3,33,33192,1,1,3,1,1
202300043080,22,7,2023,03:25,4,1,2,33,33013,1,2,3,1,1
202300043081,21,7,2023,22:10,3,1,5,91,91689,1,1,1,2,1
202300043082,22,7,2023,16:00,1,1,4,92,92048,1,2,1,1,1
202300043083,21,7,2023,23:45,3,1,6,93,93053,1,1,1,2,1
202300043084,21,7,2023,19:10,1,1,2,94,94028,1,1,3,1,1
202300043085,9,1,2023,17:15,3,2,2,77,77186,1,3,2,1,2
202300043086,21,7,2023,06:15,2,2,2,77,77450,1,2,3,1,2
202300043087,10,1,2023,17:40,5,2,4,76,76575,2,4,2,1,2
202300043088,20,7,2023,15:50,1,1,6,83,83118,2,3,2,1,1
202300043089,10,1,2023,07:45,2,2,3,76,76540,2,7,2,2,2
202300043089,10,1,2023,07:45,2,2,3,76,76540,2,7,2,2,2
202300043090,19,7,2023,08:40,1,1,6,06,06069,1,5,2,1,1
202300043091,10,1,2023,10:10,1,1,3,74,74012,2,4,2,1,2
202300043092,21,7,2023,09:50,1,1,1,976,97611,2,2,3,2,1
202300043093,10,1,2023,08:35,1,2,1,72,72181,2,4,-1,1,2
202300043093,10,1,2023,08:35,1,2,1,72,72181,2,4,1,1,2
202300043094,21,7,2023,06:30,1,1,3,974,97411,2,4,-1,1,1
202300043094,21,7,2023,06:30,1,1,3,974,97411,2,4,2,1,1
202300043095,20,7,2023,21:35,3,1,3,974,97411,2,4,2,3,1
202300043096,9,1,2023,21:14,5,2,3,67,67482,2,4,2,1,2
202300043096,9,1,2023,21:14,5,2,3,67,67482,2,4,3,2,2
202300043097,21,7,2023,07:20,1,1,6,974,97407,2,4,2,1,1
202300043098,10,1,2023,10:48,1,1,3,64,64102,2,4,2,2,1
202300043099,21,7,2023,12:50,1,1,7,973,97302,2,3,2,1,1
202300043100,21,7,2023,14:00,1,1,3,69,69383,2,4,2,1,1
202300043100,21,7,2023,14:00,1,1,3,69,69383,2,4,1,1,1
202300043101,9,1,2023,20:22,5,2,3,64,64102,2,4,2,1,2
202300043102,21,7,2023,15:30,1,1,6,972,97213,2,2,2,1,1
202300043103,21,7,2023,07:15,1,1,6,972,97213,1,2,3,1,1
202300043104,21,7,2023,23:10,5,1,6,69,69385,2,4,2,2,1
202300043105,19,7,2023,09:20,1,1,5,69,69389,2,7,2,1,1
202300043106,19,7,2023,18:39,1,1,6,2B,2B120,2,3,2,2,1
202300043107,15,7,2023,18:00,1,1,6,95,95306,2,4,2,1,1
202300043108,21,7,2023,15:15,1,1,3,91,91161,2,3,2,1,1
202300043109,20,7,2023,21:19,1,1,6,87,87050,2,4,2,1,1
202300043110,20,7,2023,02:24,4,1,6,87,87065,2,3,2,2,1
202300043111,21,7,2023,19:15,1,1,2,84,84035,2,4,2,1,1
202300043111,21,7,2023,19:15,1,1,2,84,84035,2,4,3,1,1
202300043112,17,7,2023,17:20,1,1,1,76,76486,2,7,2,1,1
202300043113,21,7,2023,08:00,1,1,3,72,72181,2,4,1,1,2
202300043114,21,7,2023,20:25,1,1,6,71,71306,2,4,1,1,1
202300043115,21,7,2023,15:50,1,1,7,71,71306,2,4,2,1,1
202300043116,21,7,2023,01:50,4,1,2,69,69029,2,4,3,1,1
202300043117,21,7,2023,07:57,1,9,3,66,66136,1,4,2,1,1
202300043118,20,7,2023,10:00,1,1,3,64,64024,2,3,2,1,1
202300043118,20,7,2023,10:00,1,1,3,64,64024,2,3,2,1,1
202300043119,21,7,2023,01:32,5,1,3,63,63113,2,4,1,1,1
202300043119,21,7,2023,01:32,5,1,3,63,63113,2,4,1,1,1
202300043120,18,7,2023,17:30,1,1,3,59,59512,2,4,2,1,1
202300043120,18,7,2023,17:30,1,1,3,59,59512,2,4,2,1,1
202300043121,21,7,2023,16:50,1,1,3,54,54439,2,4,2,1,1
202300043121,21,7,2023,16:50,1,1,3,54,54439,2,4,2,1,1
202300043122,20,7,2023,12:25,1,1,3,51,51454,2,4,2,1,1
202300043123,20,7,2023,16:40,1,1,2,50,50129,2,3,3,1,1
202300043124,20,7,2023,13:15,1,1,3,50,50129,2,4,2,1,1
202300043125,20,7,2023,17:56,1,1,6,49,49007,2,4,3,1,1
202300043126,20,7,2023,23:20,5,1,3,42,42186,2,4,2,1,1
202300043126,20,7,2023,23:20,5,1,3,42,42186,2,4,1,1,1
202300043127,20,7,2023,19:45,1,1,3,42,42207,2,4,1,1,1
202300043127,20,7,2023,19:45,1,1,3,42,42207,2,4,2,1,1
202300043128,21,7,2023,21:05,2,1,6,42,42071,2,3,2,1,1
202300043129,21,7,2023,09:35,1,1,3,41,41018,1,4,1,2,1
202300043130,21,7,2023,03:05,5,1,1,38,38421,2,7,2,1,1
202300043131,21,7,2023,19:45,1,1,3,35,35238,2,4,1,1,1
202300043131,21,7,2023,19:45,1,1,3,35,35238,2,4,1,1,1
202300043132,21,7,2023,08:10,1,1,3,35,35238,2,4,2,1,1
202300043132,21,7,2023,08:10,1,1,3,35,35238,2,4,2,1,1
202300043133,20,7,2023,22:28,5,2,3,35,35238,2,4,1,1,2
202300043134,21,6,2023,13:00,1,7,2,80,80600,1,3,1,1,1
202300043134,21,6,2023,13:00,1,7,2,80,80600,1,3,-1,-1,-1
202300043135,21,6,2023,15:45,1,1,3,71,71240,1,3,2,1,2
202300043136,19,6,2023,09:00,1,1,1,89,89003,2,3,2,1,1
202300043136,19,6,2023,09:00,1,1,1,89,89003,2,3,2,1,1
202300043137,21,6,2023,13:15,1,1,3,12,12052,2,4,2,1,1
202300043138,16,6,2023,16:00,1,1,6,22,22203,2,3,2,1,1
202300043139,21,6,2023,15:00,1,2,1,39,39193,2,3,2,1,2
202300043140,20,6,2023,21:20,3,1,6,25,25442,1,3,2,1,1
202300043141,19,6,2023,18:20,1,1,7,44,44101,2,7,-1,2,1
202300043142,20,6,2023,23:45,3,1,1,44,44212,1,2,2,1,1
202300043143,19,6,2023,16:00,1,1,4,44,44194,1,3,2,1,1
202300043144,20,6,2023,12:00,1,1,6,35,35224,1,3,2,1,1
202300043145,21,6,2023,18:00,1,1,2,29,29097,1,3,2,1,1
202300043146,20,6,2023,19:28,1,1,1,01,01196,1,3,2,1,1
202300043146,20,6,2023,19:28,1,1,1,01,01196,1,3,2,1,1
202300043147,21,6,2023,08:00,1,2,6,70,70504,1,4,2,2,2
202300043148,21,6,2023,16:30,1,1,6,58,58150,1,3,2,1,1
202300043149,21,6,2023,00:30,3,1,1,66,66218,1,3,2,1,1
202300043150,21,6,2023,16:45,1,1,6,72,72011,1,3,2,1,1
202300043151,20,6,2023,15:00,1,1,7,72,72198,2,3,2,1,1
202300043152,21,6,2023,17:40,1,1,1,05,05123,1,3,2,1,1
202300043153,20,6,2023,17:30,1,3,7,64,64229,1,3,2,2,4
202300043154,20,6,2023,15:35,1,1,5,73,73007,1,3,2,1,1
202300043155,21,6,2023,14:20,1,1,1,73,73084,1,3,2,2,1
202300043156,20,6,2023,17:05,1,1,3,36,36007,1,3,2,1,1
202300043157,20,6,2023,09:51,1,1,3,16,16280,1,3,2,1,1
202300043157,20,6,2023,09:51,1,1,3,16,16280,1,3,2,1,1
202300043158,17,6,2023,11:10,1,1,3,85,85294,2,4,1,1,1
202300043159,20,6,2023,18:25,1,1,3,85,85084,1,3,2,-1,1
202300043159,20,6,2023,18:25,1,1,3,85,85084,1,3,2,1,1
202300043160,20,6,2023,15:40,1,1,7,30,30192,1,3,2,1,1
202300043161,20,6,2023,20:15,1,1,1,52,52070,1,3,2,1,1
202300043162,20,6,2023,16:20,1,1,2,24,24297,1,1,3,1,1
202300043163,21,6,2023,00:30,5,1,3,978,97801,2,2,2,1,2
202300043164,21,6,2023,09:45,1,1,3,69,69102,1,1,3,2,2
202300043165,21,6,2023,07:30,1,1,2,06,06088,1,1,3,2,1
202300043166,21,6,2023,22:45,5,1,1,974,97424,2,9,2,2,1
202300043167,20,6,2023,00:40,3,1,1,971,97116,1,2,2,3,1
202300043168,21,5,2023,18:00,1,1,6,971,97115,2,4,2,1,1
202300043169,21,6,2023,13:45,1,1,3,45,45096,1,3,2,1,1
202300043169,21,6,2023,13:45,1,1,3,45,45096,1,3,2,1,1
202300043170,20,6,2023,22:40,3,1,7,34,34103,1,3,2,1,1
202300043171,19,6,2023,23:40,5,1,6,34,34092,2,3,-1,2,1
202300043172,21,6,2023,07:05,1,2,2,84,84092,1,3,2,1,2
202300043173,10,6,2023,17:10,1,1,7,83,83104,1,3,2,1,1
202300043174,14,6,2023,15:40,1,1,6,13,13041,1,3,2,2,1
202300043175,21,6,2023,13:15,1,1,1,71,71586,1,3,2,1,1
202300043176,21,6,2023,12:10,1,1,1,38,38374,1,3,2,1,1
202300043177,20,6,2023,22:26,3,1,6,69,69215,1,3,2,1,1