id_accident,jour,mois,annee,heure_minute,luminosite,meteo,type_collision,departement,commune,agglomeration,categorie_route,regime_circulation,profil_route,etat_surface
202300043178,20,6,2023,11:40,1,1,3,69,69141,2,3,2,2,1
202300043178,20,6,2023,11:40,1,1,3,69,69141,2,3,2,3,1
202300043179,1,6,2023,18:10,1,1,3,81,81092,2,3,2,1,1
202300043179,1,6,2023,18:10,1,1,3,81,81092,2,3,2,1,1
202300043180,21,6,2023,10:10,1,8,6,31,31248,2,3,2,1,2
202300043181,17,6,2023,05:45,2,1,6,40,40019,1,3,2,1,1
202300043182,18,6,2023,21:30,2,3,6,59,59101,1,3,2,2,2
202300043183,19,6,2023,19:15,1,1,6,59,59581,1,3,2,1,1
202300043184,20,6,2023,19:00,1,1,4,13,13214,1,1,1,1,1
202300043185,20,6,2023,14:30,1,1,2,13,13202,1,7,1,1,1
202300043186,19,6,2023,18:45,1,1,3,13,13215,1,1,1,1,1
202300043187,20,6,2023,15:00,1,1,3,33,33397,1,1,3,1,1
202300043188,19,6,2023,21:15,2,1,6,33,33550,1,1,1,3,1
202300043189,20,6,2023,09:35,1,1,6,59,59386,1,7,-1,1,1
202300043190,20,6,2023,12:59,1,1,2,94,94043,1,1,3,1,1
202300043191,13,6,2023,16:30,1,1,4,78,78431,1,1,3,1,1
202300043192,19,6,2023,19:25,1,1,3,93,93064,1,1,3,1,1
202300043193,19,6,2023,08:20,1,1,5,93,93027,1,1,3,1,1
202300043194,18,6,2023,19:00,1,3,2,95,95018,1,1,3,1,2
202300043195,17,6,2023,23:55,3,1,4,93,93066,1,1,1,1,1
202300043196,16,6,2023,06:10,1,1,6,93,93053,1,1,3,1,1
202300043197,16,6,2023,04:25,3,1,6,95,95678,1,2,3,2,1
202300043198,15,6,2023,15:30,1,1,2,95,95424,1,1,3,1,1
202300043199,14,6,2023,09:15,1,1,3,93,93064,1,1,3,1,1
202300043200,20,6,2023,16:30,1,3,2,77,77514,1,1,3,1,2
202300043201,20,6,2023,13:00,1,1,2,77,77294,1,1,3,1,1
202300043202,19,6,2023,06:30,1,1,2,77,77083,1,1,1,1,1
202300043203,18,6,2023,00:20,3,1,2,77,77294,1,1,1,1,1
202300043204,14,6,2023,14:30,1,1,3,75,75112,1,1,3,1,1
202300043205,16,6,2023,11:15,1,1,6,71,71306,2,3,2,1,1
202300043206,19,6,2023,14:30,1,1,3,64,64024,2,4,2,1,1
202300043207,19,6,2023,06:17,1,1,6,987,98735,2,2,2,1,1
202300043208,18,6,2023,18:55,5,1,6,974,97407,2,4,2,1,1
202300043209,19,6,2023,19:40,5,1,2,973,97302,2,3,2,1,1
202300043210,19,6,2023,14:15,1,1,4,973,97302,2,3,2,1,1
202300043210,19,6,2023,14:15,1,1,4,973,97302,2,3,2,1,1
202300043211,19,6,2023,17:45,1,1,5,69,69387,2,4,1,1,1
202300043212,17,6,2023,00:35,5,1,4,972,97209,1,1,1,1,1
202300043213,19,6,2023,07:35,1,8,7,69,69081,2,4,2,2,2
202300043213,19,6,2023,07:35,1,8,7,69,69081,2,4,2,2,2
202300043214,15,6,2023,15:40,1,1,3,69,69384,2,4,1,1,1
202300043214,15,6,2023,15:40,1,1,3,69,69384,2,4,1,1,1
202300043215,18,6,2023,16:00,1,1,6,971,97101,2,4,2,1,1
202300043216,19,6,2023,15:20,1,1,2,2A,2A004,2,2,1,1,1
202300043217,19,6,2023,19:40,1,1,6,95,95585,2,4,1,1,1
202300043218,19,6,2023,08:30,1,1,2,95,95277,1,3,3,1,1
202300043219,15,6,2023,22:24,5,1,7,95,95488,2,3,2,1,1
202300043219,15,6,2023,22:24,5,1,7,95,95488,2,3,2,1,1
202300043220,19,6,2023,18:40,1,1,1,91,91657,2,4,2,1,2
202300043221,19,6,2023,15:20,1,2,2,91,91514,2,4,2,1,2
202300043222,15,6,2023,10:40,1,1,5,91,91479,2,4,2,1,1
202300043222,15,6,2023,10:40,1,1,5,91,91479,2,4,2,1,1
202300043223,19,6,2023,11:20,1,2,3,86,86194,2,3,2,1,2
202300043224,19,6,2023,16:15,1,1,3,82,82121,1,4,2,1,1
202300043224,19,6,2023,16:15,1,1,3,82,82121,1,4,2,1,1
202300043225,15,6,2023,19:20,1,1,1,81,81033,1,3,2,2,1
202300043226,16,6,2023,19:50,1,1,3,80,80021,2,4,2,1,1
202300043226,16,6,2023,19:50,1,1,3,80,80021,2,4,2,1,1
202300043227,13,6,2023,11:20,1,1,6,80,80021,2,4,2,1,1
202300043228,20,6,2023,00:45,5,1,3,78,78481,2,3,3,1,1
202300043228,20,6,2023,00:45,5,1,3,78,78481,2,3,2,1,1
202300043229,19,6,2023,18:20,1,1,3,78,78172,2,4,1,1,1
202300043229,19,6,2023,18:20,1,1,3,78,78172,2,4,2,1,1
202300043230,19,6,2023,07:25,2,8,6,77,77495,1,3,2,1,9
202300043231,19,6,2023,08:39,1,1,3,77,77335,1,2,1,1,1
202300043232,18,6,2023,06:55,2,1,6,76,76351,2,4,2,1,1
202300043233,18,6,2023,19:20,1,2,6,76,76447,1,3,3,1,3
202300043234,17,6,2023,15:45,1,1,3,76,76351,2,4,2,1,1
202300043234,17,6,2023,15:45,1,1,3,76,76351,2,4,1,1,1
202300043235,16,6,2023,21:05,1,1,6,76,76305,2,4,2,1,1
202300043236,10,6,2023,22:20,5,1,3,74,74012,2,4,2,1,1
202300043236,10,6,2023,22:20,5,1,3,74,74012,2,4,2,1,1
202300043237,19,6,2023,19:30,1,1,2,74,74012,2,4,1,1,1
202300043238,12,6,2023,20:03,1,1,6,72,72181,2,4,2,1,1
202300043239,18,6,2023,05:35,2,1,2,72,72095,2,4,2,2,1
202300043240,18,6,2023,14:45,1,1,6,72,72181,2,4,1,1,1
202300043241,17,6,2023,00:25,5,1,6,72,72181,2,4,3,3,1
202300043242,16,6,2023,00:12,5,1,6,71,71040,2,4,-1,1,1
202300043243,17,6,2023,21:00,1,1,3,69,69029,2,7,2,1,1
202300043244,17,6,2023,13:45,1,1,5,69,69271,2,4,2,1,1
202300043244,17,6,2023,13:45,1,1,5,69,69271,2,4,2,1,1
202300043245,17,6,2023,11:20,1,1,4,69,69259,1,7,3,1,1
202300043246,17,6,2023,04:54,5,1,2,69,69029,2,4,2,1,1
202300043247,18,6,2023,03:05,5,1,6,67,67267,2,4,3,1,1
202300043248,14,6,2023,16:00,1,1,2,67,67043,2,4,2,1,1
202300043249,18,6,2023,13:08,1,1,6,67,67180,2,4,2,1,1
202300043250,17,6,2023,15:00,1,1,3,66,66136,2,4,2,1,1
202300043251,16,6,2023,23:25,5,1,6,66,66136,2,4,2,1,1
202300043252,16,6,2023,19:49,1,1,6,66,66136,2,4,2,1,1
202300043253,19,6,2023,09:14,1,2,3,64,64024,2,4,2,1,2
202300043253,19,6,2023,09:14,1,2,3,64,64024,2,4,2,1,2
202300043254,16,6,2023,04:50,2,1,4,62,62262,2,3,-1,1,1
202300043254,16,6,2023,04:50,2,1,4,62,62262,2,3,2,1,1
202300043255,19,6,2023,18:15,1,1,6,61,61497,1,4,-1,1,1
202300043256,23,6,2023,16:35,1,1,6,60,60159,2,4,1,1,1
202300043257,19,6,2023,19:45,1,1,3,59,59367,2,4,2,1,1
202300043257,19,6,2023,19:45,1,1,3,59,59367,2,4,2,1,1
202300043258,19,6,2023,12:40,1,1,3,59,59599,2,4,2,1,1
202300043258,19,6,2023,12:40,1,1,3,59,59599,2,4,2,1,1
202300043259,16,6,2023,15:15,1,7,6,54,54498,2,4,-1,1,1
202300043259,16,6,2023,15:15,1,7,6,54,54498,2,4,2,1,1
202300043260,17,6,2023,16:40,1,1,3,51,51454,2,4,2,1,1
202300043261,16,6,2023,18:10,1,1,7,51,51172,2,4,2,1,1
202300043262,16,6,2023,15:25,1,1,5,51,51454,2,4,1,1,1
202300043263,15,6,2023,15:14,1,1,3,51,51454,2,4,2,1,1
202300043264,18,6,2023,17:10,1,1,6,50,50129,2,4,2,1,2
202300043265,17,6,2023,14:55,1,1,1,49,49353,2,1,1,1,1
202300043266,17,6,2023,08:59,1,1,3,49,49007,2,4,1,1,1
202300043266,17,6,2023,08:59,1,1,3,49,49007,2,4,2,1,1
202300043267,16,6,2023,14:11,1,1,6,49,49007,2,4,3,1,1
202300043268,14,6,2023,17:50,1,1,1,48,48095,2,3,1,1,1
202300043268,14,6,2023,17:50,1,1,1,48,48095,2,3,2,1,1
202300043269,19,6,2023,15:45,1,2,6,45,45285,2,4,2,1,2
202300043270,14,6,2023,15:30,1,1,6,43,43157,2,4,2,1,1
202300043271,19,6,2023,11:58,1,1,6,37,37261,2,4,1,1,1
202300043272,19,6,2023,14:50,1,1,3,35,35278,2,4,2,2,1
202300043273,17,6,2023,21:55,5,3,3,33,33281,2,4,1,1,2
202300043273,17,6,2023,21:55,5,3,3,33,33281,2,4,1,1,2
202300043274,15,6,2023,07:56,1,1,3,33,33249,2,4,2,1,1
202300043274,15,6,2023,07:56,1,1,3,33,33249,2,4,2,1,1
202300043275,19,6,2023,08:10,1,1,3,30,30007,2,4,1,1,1
202300043275,19,6,2023,08:10,1,1,3,30,30007,2,4,2,1,1
202300043276,18,6,2023,13:20,1,1,6,29,29019,2,4,-1,2,1
202300043277,9,6,2023,14:33,1,1,6,29,29019,2,4,-1,1,1
202300043278,15,6,2023,07:45,1,1,6,27,27681,2,4,2,1,1
202300043279,2,6,2023,02:45,3,1,6,22,22113,2,4,1,1,1
202300043280,12,6,2023,21:35,1,2,6,19,19031,2,4,2,1,2
202300043281,15,6,2023,17:30,1,1,7,17,17300,2,5,2,1,1
202300043282,19,6,2023,18:10,1,1,1,13,13019,1,3,2,2,1
202300043283,19,6,2023,18:40,1,1,2,13,13203,2,4,-1,1,1
202300043284,19,6,2023,08:40,1,1,2,13,13203,2,4,1,4,1
202300043285,18,6,2023,03:25,5,1,7,13,13210,2,4,1,1,1
202300043286,16,6,2023,22:30,5,1,6,13,13206,2,4,1,1,1
202300043287,19,6,2023,12:00,1,1,3,13,13063,2,4,2,1,1
202300043288,15,6,2023,17:30,1,1,3,13,13005,2,4,2,2,1
202300043289,15,6,2023,20:00,1,1,3,11,11262,2,4,1,1,1
202300043289,15,6,2023,20:00,1,1,3,11,11262,2,4,2,1,1
202300043290,15,6,2023,19:10,1,1,3,11,11069,2,4,-1,1,1
202300043290,15,6,2023,19:10,1,1,3,11,11069,2,4,2,1,1
202300043291,19,6,2023,08:01,1,1,2,10,10387,2,4,2,1,1
202300043292,17,6,2023,08:05,1,1,3,10,10387,2,4,1,2,1
202300043292,17,6,2023,08:05,1,1,3,10,10387,2,4,2,1,1
202300043293,16,6,2023,18:15,1,1,3,10,10387,2,4,2,1,1
202300043294,19,6,2023,13:30,1,1,2,06,06088,2,4,2,1,1
202300043295,19,6,2023,08:30,1,1,4,06,06069,2,4,2,1,1
202300043296,19,6,2023,13:27,1,1,3,06,06027,2,4,-1,1,1
202300043297,19,6,2023,13:15,1,1,4,75,75117,2,4,-1,1,1
202300043298,19,6,2023,09:40,1,1,3,75,75116,2,4,1,1,1
202300043299,19,6,2023,08:50,1,1,5,75,75119,2,4,1,1,1
202300043300,19,6,2023,10:40,1,1,2,75,75115,2,4,1,1,1
202300043300,19,6,2023,10:40,1,1,2,75,75115,2,4,1,1,1
202300043301,19,6,2023,10:50,1,1,3,75,75116,2,4,1,2,1
202300043301,19,6,2023,10:50,1,1,3,75,75116,2,4,1,1,1
202300043302,18,6,2023,17:55,5,1,3,75,75116,2,4,1,1,1
202300043303,17,6,2023,13:35,1,1,1,75,75114,2,4,1,1,1
202300043304,16,6,2023,23:11,5,1,3,75,75112,2,4,1,1,1
202300043305,16,6,2023,09:50,1,1,3,75,75112,2,4,1,1,1
202300043306,15,6,2023,13:00,1,1,3,75,75115,2,4,1,2,1
202300043306,15,6,2023,13:00,1,1,3,75,75115,2,4,1,2,2
202300043307,19,6,2023,14:29,1,1,2,75,75105,2,4,2,1,1
202300043307,19,6,2023,14:29,1,1,2,75,75105,2,4,2,2,1
202300043308,19,6,2023,21:55,5,1,6,75,75119,2,4,3,1,1
202300043309,19,6,2023,17:50,1,1,2,75,75119,2,4,2,1,2
202300043309,19,6,2023,17:50,1,1,2,75,75119,2,4,1,1,2
202300043310,19,6,2023,12:10,1,1,2,75,75119,2,4,2,1,1
202300043310,19,6,2023,12:10,1,1,2,75,75119,2,4,2,2,1
202300043311,19,6,2023,09:35,1,1,2,75,75116,2,4,2,1,1
202300043312,15,6,2023,11:10,1,1,6,75,75117,2,4,1,1,1
202300043312,15,6,2023,11:10,1,1,6,75,75117,2,4,1,1,1
202300043313,19,6,2023,16:30,1,1,6,75,75113,2,4,1,1,1
202300043313,19,6,2023,16:30,1,1,6,75,75113,2,4,1,1,1
202300043314,19,6,2023,13:25,1,1,3,75,75113,2,4,2,2,1
202300043314,19,6,2023,13:25,1,1,3,75,75113,2,4,2,1,1
202300043315,19,6,2023,11:20,1,1,3,75,75113,2,4,1,1,1
202300043315,19,6,2023,11:20,1,1,3,75,75113,2,4,1,2,1
202300043316,19,6,2023,03:40,5,1,2,75,75111,2,4,2,1,1
202300043316,19,6,2023,03:40,5,1,2,75,75111,2,4,2,1,1
202300043317,19,6,2023,12:48,1,1,6,75,75110,2,4,1,1,1
202300043318,18,6,2023,23:30,5,1,4,75,75110,2,4,-1,1,1
202300043318,18,6,2023,23:30,5,1,4,75,75110,2,4,1,1,1
202300043319,19,6,2023,18:50,1,1,3,75,75108,2,4,2,2,1
202300043320,18,6,2023,20:30,1,1,3,75,75107,2,4,1,1,2
202300043320,18,6,2023,20:30,1,1,3,75,75107,2,4,2,1,2
202300043321,17,6,2023,16:40,1,3,2,75,75101,2,4,-1,1,2
202300043321,17,6,2023,16:40,1,3,2,75,75101,2,4,2,1,2
202300043322,17,6,2023,10:40,1,1,7,75,75103,2,4,2,1,1
202300043322,17,6,2023,10:40,1,1,7,75,75103,2,4,2,1,1
202300043323,16,6,2023,11:50,1,1,1,75,75101,2,4,2,1,1
202300043323,16,6,2023,11:50,1,1,1,75,75101,2,4,2,1,1
202300043324,19,6,2023,12:55,1,1,1,94,94078,2,2,3,1,1
202300043325,16,6,2023,14:10,1,1,6,94,94068,2,3,2,1,1
202300043326,19,6,2023,15:10,1,1,3,94,94073,2,6,-1,1,1
202300043327,19,6,2023,11:40,1,1,2,94,94028,2,3,-1,1,1
202300043327,19,6,2023,11:40,1,1,2,94,94028,2,3,3,1,1
202300043328,16,6,2023,06:15,1,1,6,94,94022,2,3,1,1,1
202300043329,4,11,2023,15:35,1,1,4,93,93066,1,1,-1,1,1
202300043330,4,11,2023,02:05,3,1,2,95,95527,1,1,3,1,1
202300043331,3,11,2023,23:40,3,1,5,95,95572,1,2,3,1,1
202300043332,4,11,2023,17:00,1,1,3,94,94033,1,1,3,1,1
202300043333,4,11,2023,15:00,1,3,5,77,77053,1,2,-1,1,2
202300043334,6,6,2023,10:30,1,1,3,78,78350,2,2,3,1,1
202300043335,9,8,2023,15:10,1,1,2,13,13039,1,2,2,1,1
202300043336,10,6,2023,15:46,1,1,3,93,93053,2,3,3,1,1
202300043336,10,6,2023,15:46,1,1,3,93,93053,2,3,3,1,1
202300043337,3,11,2023,07:00,1,1,6,976,97611,2,4,2,1,1
202300043338,3,11,2023,20:00,5,1,1,974,97416,2,3,2,2,1
202300043339,4,11,2023,00:40,3,2,7,974,97411,2,3,2,2,2
202300043340,3,11,2023,19:55,5,2,3,974,97411,2,3,2,2,2
202300043341,3,11,2023,18:40,2,3,7,974,97411,2,4,-1,1,4
202300043341,3,11,2023,18:40,2,3,7,974,97411,2,4,1,1,4
202300043342,3,11,2023,13:38,1,3,3,974,97411,1,2,1,1,2
202300043343,3,11,2023,18:40,5,2,3,69,69388,2,4,2,1,2
202300043343,3,11,2023,18:40,5,2,3,69,69388,2,4,2,1,2
202300043344,3,11,2023,18:43,3,1,6,972,97213,1,2,1,1,1
202300043345,3,11,2023,17:05,2,1,7,972,97213,2,3,2,1,1
202300043346,15,5,2023,04:35,3,1,6,88,88319,1,3,2,1,1
202300043347,3,11,2023,07:33,1,2,4,972,97209,1,3,1,1,2
202300043348,14,5,2023,16:25,1,1,6,67,67415,1,3,2,2,1
202300043349,1,11,2023,22:50,5,1,5,971,97101,2,3,2,1,1
202300043349,1,11,2023,22:50,5,1,5,971,97101,2,3,3,1,1
202300043350,3,11,2023,23:10,3,1,6,91,91514,1,3,2,1,1
202300043351,16,5,2023,15:23,1,1,1,85,85018,1,3,2,1,1
202300043352,3,11,2023,14:45,1,1,1,84,84087,1,3,2,1,1
202300043353,3,11,2023,21:00,5,1,3,83,83069,2,4,1,2,1
202300043353,3,11,2023,21:00,5,1,3,83,83069,2,4,1,1,1
202300043354,15,5,2023,16:30,1,2,7,971,97125,2,4,2,1,2
202300043355,15,5,2023,19:30,1,8,7,77,77095,1,3,2,1,2
202300043356,26,10,2023,21:35,5,3,2,78,78123,2,3,3,1,2
202300043356,26,10,2023,21:35,5,3,2,78,78123,2,3,2,1,2
202300043357,16,5,2023,17:50,1,1,2,78,78443,1,3,3,1,1
202300043358,3,11,2023,20:10,5,2,6,78,78498,2,3,2,1,2
202300043359,15,5,2023,08:30,1,1,2,2B,2B303,1,2,2,1,1
202300043360,3,11,2023,14:35,1,1,6,72,72181,2,4,1,1,1
202300043361,16,5,2023,00:43,3,6,1,66,66212,1,3,2,1,1
202300043362,3,11,2023,18:30,5,8,3,69,69259,2,4,2,2,1
202300043363,3,5,2023,22:00,3,1,1,34,34183,1,3,2,1,1
202300043364,3,11,2023,07:30,2,1,6,69,69290,2,4,2,1,1
202300043364,3,11,2023,07:30,2,1,6,69,69290,2,4,2,1,1
202300043365,16,5,2023,12:40,1,6,1,84,84019,1,3,3,1,1
202300043365,16,5,2023,12:40,1,6,1,84,84019,1,3,2,1,1
202300043366,3,11,2023,19:19,5,1,3,67,67482,2,4,2,1,1
202300043367,12,5,2023,11:20,1,1,2,89,89453,1,3,2,1,1
202300043368,16,5,2023,14:45,1,1,1,73,73137,1,3,2,2,1
202300043369,19,8,2023,20:10,1,1,3,64,64260,2,4,2,1,1
202300043369,19,8,2023,20:10,1,1,3,64,64260,2,4,1,1,1
202300043370,14,5,2023,14:15,1,1,3,29,29169,1,3,2,1,1
202300043371,2,11,2023,07:15,5,3,3,64,64445,2,4,2,1,2
202300043371,2,11,2023,07:15,5,3,3,64,64445,2,4,2,1,2
202300043372,10,5,2023,19:50,1,1,2,22,22143,1,3,2,2,1
202300043373,3,11,2023,15:15,1,1,3,63,63113,2,4,1,1,1
202300043373,3,11,2023,15:15,1,1,3,63,63113,2,4,2,1,1
202300043374,20,10,2023,19:15,5,1,6,62,62525,2,4,2,1,1
202300043375,16,5,2023,13:51,1,1,3,60,60589,2,4,2,1,1
202300043375,16,5,2023,13:51,1,1,3,60,60589,2,4,2,1,1
202300043376,3,11,2023,11:57,1,1,2,59,59279,2,4,3,1,1
202300043377,15,5,2023,07:25,1,1,1,60,60141,2,3,1,1,1
202300043378,3,11,2023,16:00,1,1,3,59,59328,2,4,-1,1,1
202300043379,16,5,2023,13:10,1,1,1,60,60196,1,3,2,1,1
202300043379,16,5,2023,13:10,1,1,1,60,60196,1,3,2,1,1
202300043380,3,11,2023,10:30,1,1,1,59,59350,2,7,1,1,1
202300043381,15,5,2023,07:00,1,1,2,83,83144,1,1,3,1,1
202300043382,2,11,2023,14:22,1,6,1,59,59360,2,7,2,1,1
202300043383,15,5,2023,13:40,1,1,5,91,91228,1,1,-1,1,1
202300043384,3,11,2023,23:37,5,1,1,57,57463,2,4,2,1,1
202300043385,14,5,2023,07:30,1,1,6,92,92025,1,1,1,1,1
202300043386,3,11,2023,18:30,5,8,6,54,54184,2,4,2,1,1
202300043387,16,3,2023,17:00,1,1,3,74,74112,2,3,2,1,1
202300043388,2,11,2023,14:20,1,2,6,54,54547,2,4,2,1,2
202300043389,14,3,2023,14:45,1,3,6,74,74010,2,4,2,1,2
202300043390,3,11,2023,08:50,1,1,1,51,51454,2,4,2,1,1
202300043390,3,11,2023,08:50,1,1,1,51,51454,2,4,2,1,1
202300043391,13,3,2023,17:30,1,1,6,74,74012,2,4,3,1,1
202300043392,1,11,2023,16:20,1,1,6,50,50129,2,4,1,1,1
202300043393,8,3,2023,14:05,1,2,1,74,74195,1,3,2,1,2
202300043394,1,11,2023,15:20,1,7,3,50,50129,2,4,2,1,2
202300043394,1,11,2023,15:20,1,7,3,50,50129,2,4,1,1,1
202300043395,3,3,2023,06:30,3,1,3,74,74088,1,3,2,2,1
202300043395,3,3,2023,06:30,3,1,3,74,74088,1,3,2,2,1
202300043396,3,11,2023,13:29,1,1,2,49,49007,2,4,1,1,1
202300043397,14,5,2023,14:55,1,1,7,974,97416,1,3,2,2,1
202300043398,3,11,2023,07:30,2,1,3,45,45234,2,4,2,1,1
202300043398,3,11,2023,07:30,2,1,3,45,45234,2,4,2,1,1
202300043399,14,5,2023,19:10,3,2,4,974,97411,1,2,1,1,2
202300043400,3,11,2023,10:45,1,1,2,44,44162,2,4,2,1,1
202300043401,14,5,2023,09:50,1,1,3,973,97302,2,3,2,1,1
202300043402,30,10,2023,16:15,1,1,6,41,41269,2,5,-1,1,1
202300043403,14,5,2023,06:00,2,2,7,973,97302,2,4,1,1,2
202300043404,13,5,2023,20:45,5,1,6,972,97213,1,4,2,1,1
202300043405,3,11,2023,23:55,1,8,6,41,41295,1,3,2,1,2
202300043406,14,5,2023,02:35,5,3,3,69,69382,2,4,1,1,3
202300043406,14,5,2023,02:35,5,3,3,69,69382,2,4,1,1,3
202300043407,3,11,2023,14:05,1,8,3,37,37122,2,4,1,1,2
202300043407,3,11,2023,14:05,1,8,3,37,37122,2,4,2,1,2
202300043408,14,5,2023,11:55,1,1,4,971,97113,1,2,2,1,1
202300043409,14,5,2023,07:05,1,1,2,2A,2A004,1,2,2,1,2
202300043410,3,11,2023,20:30,5,1,4,35,35238,2,4,3,1,1
202300043411,3,11,2023,18:40,2,1,6,35,35238,2,4,3,1,1
202300043412,14,5,2023,01:24,5,1,3,95,95424,2,3,3,2,1
202300043413,14,5,2023,14:45,1,1,6,91,91377,2,4,2,1,1
202300043413,14,5,2023,14:45,1,1,6,91,91377,2,4,2,1,1
202300043414,3,11,2023,14:45,1,1,2,35,35238,1,2,3,1,1
202300043415,14,5,2023,19:02,1,2,3,69,69029,2,4,3,1,2
202300043415,14,5,2023,19:02,1,2,3,69,69029,2,4,2,2,2
202300043416,3,11,2023,12:55,1,8,2,35,35238,2,4,2,1,1
202300043417,3,11,2023,10:10,1,2,3,34,34172,2,4,2,1,2
202300043418,14,5,2023,17:25,1,1,3,67,67447,2,4,2,1,1
202300043418,14,5,2023,17:25,1,1,3,67,67447,2,4,3,1,1
202300043419,8,10,2023,13:05,1,1,1,34,34032,1,3,2,1,1
202300043420,7,10,2023,14:37,1,1,6,34,34032,2,4,2,1,1
202300043421,14,5,2023,20:45,5,1,3,51,51454,2,4,2,1,1
202300043421,14,5,2023,20:45,5,1,3,51,51454,2,4,2,1,1
202300043422,3,11,2023,20:11,5,2,3,33,33522,2,4,2,1,2
202300043422,3,11,2023,20:11,5,2,3,33,33522,2,4,2,1,2
202300043423,13,5,2023,11:41,1,1,7,51,51344,1,3,2,1,1
202300043424,3,11,2023,17:55,5,3,3,33,33063,2,4,2,1,2
202300043425,14,5,2023,18:20,1,1,6,44,44109,2,4,2,1,1
202300043425,14,5,2023,18:20,1,1,6,44,44109,2,4,3,1,1
202300043426,14,5,2023,18:00,1,8,6,43,43089,2,4,-1,1,1
202300043427,4,11,2023,00:45,5,1,2,31,31555,1,1,1,1,2
202300043428,14,5,2023,06:20,1,1,6,35,35238,2,4,2,1,1
202300043429,13,5,2023,18:35,1,1,3,35,35238,2,4,2,2,1
202300043430,3,11,2023,21:10,3,2,3,31,31555,2,4,2,1,2
202300043431,14,5,2023,01:51,3,3,6,31,31555,2,4,1,1,2
202300043432,3,11,2023,21:35,5,2,7,29,29232,2,4,1,3,2
202300043433,12,5,2023,12:20,1,1,6,29,29232,2,3,2,2,1
202300043434,3,11,2023,15:00,1,1,6,25,25056,2,4,2,1,1
202300043435,14,5,2023,19:30,1,2,3,25,25031,2,3,-1,1,2
202300043435,14,5,2023,19:30,1,2,3,25,25031,2,3,3,1,2
202300043436,3,11,2023,18:20,5,2,3,16,16102,2,3,2,1,2
202300043436,3,11,2023,18:20,5,2,3,16,16102,2,3,2,1,2
202300043437,13,5,2023,01:57,5,1,6,18,18033,2,4,-1,1,1
202300043438,8,9,2023,14:40,1,1,7,13,13103,2,4,1,1,1
202300043439,14,5,2023,15:35,1,1,7,13,13002,2,3,2,2,1
202300043440,24,10,2023,19:50,5,1,6,13,13213,2,4,1,1,1
202300043441,14,5,2023,08:48,1,1,6,13,13208,2,4,1,1,1
202300043442,14,5,2023,08:15,1,1,3,13,13215,2,4,4,2,1
202300043443,2,11,2023,18:00,2,2,3,13,13001,2,4,-1,1,2
202300043443,2,11,2023,18:00,2,2,3,13,13001,2,4,-1,1,2
202300043444,13,5,2023,00:35,4,2,6,05,05061,2,3,2,2,2
202300043445,2,11,2023,19:10,3,1,1,10,10081,2,4,2,1,1
202300043446,13,5,2023,19:05,1,2,6,04,04070,2,4,2,1,2
202300043447,2,11,2023,11:58,1,8,6,10,10081,2,4,2,1,2
202300043448,13,5,2023,17:25,1,3,3,03,03321,1,3,-1,1,2
202300043449,3,11,2023,09:30,1,1,2,02,02059,2,4,2,1,1
202300043449,3,11,2023,09:30,1,1,2,02,02059,2,4,-1,1,1
202300043450,13,5,2023,14:45,1,1,3,03,03185,2,3,1,1,1
202300043450,13,5,2023,14:45,1,1,3,03,03185,2,3,1,1,1
202300043451,3,11,2023,18:25,5,1,3,75,75120,2,4,1,1,1
202300043452,13,5,2023,14:15,1,1,2,75,75116,2,4,1,1,1
202300043453,3,11,2023,19:00,5,2,6,75,75119,2,4,1,1,2
202300043453,3,11,2023,19:00,5,2,6,75,75119,2,4,2,1,2
202300043454,14,5,2023,02:30,5,1,6,75,75113,2,4,2,1,1
202300043454,14,5,2023,02:30,5,1,6,75,75113,2,4,1,1,1
202300043455,3,11,2023,07:25,2,1,1,75,75119,2,4,1,2,1
202300043456,13,5,2023,15:04,1,1,3,75,75105,2,4,-1,1,1
202300043456,13,5,2023,15:04,1,1,3,75,75105,2,4,-1,1,1
202300043457,3,11,2023,19:25,5,9,3,75,75113,2,4,2,1,2
202300043457,3,11,2023,19:25,5,9,3,75,75113,2,4,2,1,2
202300043458,14,5,2023,21:20,5,1,3,75,75118,2,4,2,1,1
202300043458,14,5,2023,21:20,5,1,3,75,75118,2,4,1,1,1
202300043459,3,11,2023,20:45,5,2,3,75,75110,2,4,1,2,2
202300043459,3,11,2023,20:45,5,2,3,75,75110,2,4,2,3,2
202300043460,12,5,2023,17:00,1,1,3,75,75116,2,4,2,1,1
202300043460,12,5,2023,17:00,1,1,3,75,75116,2,4,1,1,1
202300043461,3,11,2023,15:15,1,8,2,75,75111,2,4,2,2,1
202300043462,14,5,2023,11:54,1,1,3,75,75107,2,4,-1,1,1
202300043462,14,5,2023,11:54,1,1,3,75,75107,2,4,1,1,1
202300043463,3,11,2023,09:48,1,1,3,75,75111,2,4,2,1,1
202300043463,3,11,2023,09:48,1,1,3,75,75111,2,4,1,1,1
202300043464,13,5,2023,17:44,1,1,3,75,75107,2,4,2,1,1
202300043464,13,5,2023,17:44,1,1,3,75,75107,2,4,1,1,1
202300043465,3,11,2023,11:55,1,1,6,75,75110,2,4,1,1,1
202300043466,14,5,2023,10:46,1,1,6,75,75103,2,4,-1,1,1
202300043466,14,5,2023,10:46,1,1,6,75,75103,2,4,2,1,1