id_accident,jour,mois,annee,heure_minute,luminosite,meteo,type_collision,departement,commune,agglomeration,categorie_route,regime_circulation,profil_route,etat_surface
202300043467,3,11,2023,20:05,3,8,3,94,94028,1,1,1,1,1
202300043468,14,5,2023,09:00,1,1,6,94,94081,2,3,2,1,1
202300043469,3,11,2023,08:15,1,1,2,94,94041,2,3,1,1,1
202300043470,3,11,2023,07:50,2,1,3,94,94073,2,3,-1,1,1
202300043471,14,5,2023,03:00,3,1,4,94,94074,2,2,1,1,1
202300043472,14,5,2023,15:00,1,1,6,94,94015,2,3,2,2,1
202300043473,3,11,2023,15:00,1,2,3,94,94017,2,4,2,1,2
202300043474,14,5,2023,18:30,1,1,6,94,94076,2,4,-1,1,1
202300043475,3,11,2023,16:04,1,1,3,93,93070,2,4,2,1,1
202300043475,3,11,2023,16:04,1,1,3,93,93070,2,4,1,1,1
202300043476,14,5,2023,13:15,1,1,3,94,94017,2,3,3,1,1
202300043477,3,11,2023,08:25,1,8,6,93,93055,2,3,3,1,1
202300043478,13,5,2023,02:20,5,1,6,94,94002,2,3,3,1,1
202300043479,3,11,2023,13:10,1,8,1,93,93079,2,3,2,1,1
202300043480,14,5,2023,13:00,1,8,3,93,93073,2,4,2,1,1
202300043480,14,5,2023,13:00,1,8,3,93,93073,2,4,2,1,1
202300043481,3,11,2023,13:00,1,8,3,93,93013,2,3,3,1,1
202300043481,3,11,2023,13:00,1,8,3,93,93013,2,3,1,1,1
202300043482,14,5,2023,13:55,1,1,2,93,93071,2,4,2,1,1
202300043483,13,5,2023,23:50,5,1,1,93,93048,2,3,3,1,1
202300043483,13,5,2023,23:50,5,1,1,93,93048,2,3,2,1,1
202300043484,3,11,2023,02:30,5,1,5,93,93008,2,3,3,1,1
202300043485,3,11,2023,12:15,1,1,1,93,93001,2,3,2,1,1
202300043486,14,5,2023,11:23,1,1,2,93,93074,2,4,1,1,1
202300043487,14,5,2023,15:20,1,8,3,93,93008,2,4,1,1,1
202300043488,3,11,2023,21:30,5,1,3,92,92050,2,3,1,1,1
202300043488,3,11,2023,21:30,5,1,3,92,92050,2,3,1,1,1
202300043489,14,5,2023,08:30,1,1,3,93,93001,2,3,2,1,1
202300043490,3,11,2023,22:00,5,1,1,92,92040,2,3,2,1,2
202300043491,3,11,2023,19:30,5,8,3,92,92071,2,3,2,1,2
202300043492,14,5,2023,20:20,1,1,6,92,92075,2,4,1,1,1
202300043493,4,11,2023,01:00,3,8,1,38,38378,2,4,2,1,2
202300043494,14,5,2023,18:30,1,1,6,60,60539,2,4,2,1,1
202300043495,4,11,2023,12:15,1,3,6,46,46197,1,3,1,1,2
202300043496,31,10,2023,10:20,1,1,6,974,97414,2,2,2,1,1
202300043497,3,11,2023,20:20,5,1,3,58,58086,2,4,-1,1,1
202300043498,14,5,2023,19:55,1,8,6,12,12131,1,2,2,1,2
202300043499,12,5,2023,02:10,3,1,6,14,14061,1,3,2,4,1
202300043500,31,10,2023,18:35,5,2,1,23,23079,2,4,2,1,2
202300043501,14,5,2023,15:35,1,1,6,50,50543,1,2,3,1,1
202300043502,4,11,2023,17:15,2,2,6,83,83130,2,3,2,1,2
202300043503,15,5,2023,06:25,2,5,6,36,36101,1,1,3,1,1
202300043504,31,10,2023,18:40,3,1,7,51,51518,1,3,-1,1,1
202300043504,31,10,2023,18:40,3,1,7,51,51518,1,3,2,1,1
202300043505,8,5,2023,22:45,3,2,3,91,91617,2,3,2,1,2
202300043506,29,10,2023,19:38,3,1,2,51,51238,1,3,2,2,2
202300043507,14,5,2023,12:40,1,1,6,82,82030,2,3,2,1,1
202300043508,4,11,2023,06:30,3,2,6,51,51617,1,3,2,2,2
202300043509,3,11,2023,16:00,1,1,6,80,80585,1,4,2,3,1
202300043510,2,5,2023,07:25,2,1,4,11,11105,1,3,3,1,1
202300043511,14,5,2023,21:10,2,1,6,61,61038,2,3,2,1,1
202300043511,14,5,2023,21:10,2,1,6,61,61038,2,3,2,1,1
202300043512,3,11,2023,15:55,1,2,1,69,69214,1,3,2,2,2
202300043513,12,5,2023,07:45,1,1,6,41,41229,2,3,2,2,1
202300043514,3,11,2023,19:20,4,2,6,81,81220,2,3,2,1,2
202300043515,4,11,2023,03:00,3,1,6,89,89276,2,2,2,2,1
202300043516,5,5,2023,17:35,1,1,2,41,41044,2,3,1,1,1
202300043517,4,11,2023,02:00,3,1,7,63,63406,1,3,2,1,1
202300043518,14,5,2023,21:00,3,1,1,39,39297,1,3,2,2,1
202300043519,3,11,2023,17:50,4,1,6,63,63352,2,3,2,1,1
202300043520,14,5,2023,03:30,3,1,6,39,39412,1,3,2,1,1
202300043521,4,11,2023,10:05,1,8,1,63,63040,1,3,2,1,2
202300043521,4,11,2023,10:05,1,8,1,63,63040,1,3,2,1,2
202300043522,15,5,2023,07:50,1,1,5,29,29210,1,3,2,1,1
202300043523,15,5,2023,20:35,2,1,6,02,02419,1,3,2,1,1
202300043524,31,10,2023,19:00,3,1,2,49,49155,1,3,3,1,1
202300043525,15,5,2023,17:43,1,3,1,70,70561,1,3,2,2,2
202300043526,27,10,2023,20:10,3,1,1,31,31212,1,3,2,2,1
202300043527,14,5,2023,16:00,1,1,3,66,66123,1,2,2,2,1
202300043528,4,11,2023,14:00,1,8,2,02,02180,1,3,2,1,2
202300043529,14,5,2023,18:20,1,1,6,72,72269,1,3,2,1,1
202300043530,11,5,2023,16:30,1,1,3,14,14543,2,4,2,1,1
202300043531,4,11,2023,09:00,1,2,1,26,26339,1,3,2,1,2
202300043532,12,5,2023,16:55,1,1,6,60,60509,2,4,2,2,1
202300043533,3,11,2023,12:55,1,2,7,58,58295,1,4,2,1,2
202300043534,14,5,2023,17:22,1,1,6,10,10233,1,3,-1,1,1
202300043535,3,11,2023,23:55,3,2,6,58,58024,1,3,2,1,2
202300043536,15,5,2023,07:20,2,5,1,10,10375,1,3,2,3,1
202300043537,4,11,2023,06:00,3,3,6,58,58176,1,3,2,1,2
202300043538,12,5,2023,17:00,1,3,3,16,16039,1,3,2,1,2
202300043538,12,5,2023,17:00,1,3,3,16,16039,1,3,2,1,2
202300043539,4,11,2023,19:20,5,2,6,06,06090,2,3,2,1,2
202300043540,14,5,2023,15:35,1,1,7,53,53151,1,3,2,1,1
202300043541,4,11,2023,15:31,1,1,6,14,14394,2,3,2,2,1
202300043542,13,5,2023,02:30,3,1,7,53,53137,1,4,2,1,1
202300043543,13,5,2023,23:20,3,8,7,04,04218,1,3,2,1,2
202300043544,3,11,2023,18:30,3,1,3,07,07317,1,3,2,2,1
202300043545,3,11,2023,17:40,5,2,6,07,07157,2,4,2,1,2
202300043546,13,5,2023,16:45,1,1,6,85,85234,1,3,2,1,1
202300043547,3,11,2023,20:45,3,2,6,53,53146,2,4,2,1,2
202300043548,14,5,2023,15:25,1,1,3,27,27067,1,3,2,1,1
202300043549,15,10,2023,17:24,1,1,6,21,21065,2,3,2,1,1
202300043550,4,11,2023,17:35,1,2,7,40,40303,1,3,2,1,2
202300043551,15,5,2023,08:50,1,1,3,27,27425,2,3,2,1,1
202300043551,15,5,2023,08:50,1,1,3,27,27425,2,3,2,1,1
202300043552,3,11,2023,16:00,1,3,1,24,24020,1,3,2,2,2
202300043553,14,5,2023,19:30,1,1,1,37,37270,1,3,2,1,1
202300043554,30,9,2023,10:40,1,1,6,04,04209,2,4,2,1,1
202300043555,15,5,2023,10:09,1,1,2,30,30165,1,3,2,1,1
202300043555,15,5,2023,10:09,1,1,2,30,30165,1,3,2,1,1
202300043556,14,5,2023,22:00,3,1,6,30,30307,2,2,2,1,1
202300043557,14,5,2023,19:50,1,1,6,30,30086,1,3,2,4,1
202300043558,4,11,2023,12:15,1,6,5,85,85022,1,3,2,2,2
202300043559,15,2,2023,13:45,1,1,6,08,08222,1,3,2,1,1
202300043560,3,11,2023,18:00,2,1,2,85,85084,1,3,2,1,1
202300043561,3,11,2023,04:30,3,1,1,37,37014,2,3,2,1,1
202300043562,15,5,2023,10:55,1,1,1,60,60009,1,1,3,1,1
202300043563,4,11,2023,16:49,2,3,6,06,06030,1,1,3,2,3
202300043564,14,5,2023,12:15,1,1,6,42,42324,1,1,4,1,1
202300043565,15,5,2023,10:20,1,1,6,44,44026,1,1,3,2,1
202300043566,3,11,2023,18:30,5,1,3,13,13058,2,3,2,1,1
202300043566,3,11,2023,18:30,5,1,3,13,13058,2,3,2,1,1
202300043567,15,5,2023,05:30,2,1,6,976,97617,2,3,2,1,1
202300043567,15,5,2023,05:30,2,1,6,976,97617,2,3,2,1,1
202300043568,4,11,2023,02:20,3,1,7,30,30156,1,1,3,1,1
202300043569,13,5,2023,16:00,1,1,3,987,98714,1,2,2,1,1
202300043570,4,11,2023,00:00,5,1,6,11,11202,2,4,2,1,1
202300043571,2,11,2023,02:00,5,1,7,987,98747,1,4,2,1,1
202300043572,14,5,2023,11:45,1,1,6,987,98754,1,2,2,1,1
202300043573,3,11,2023,06:45,2,1,1,987,98733,1,2,2,4,1
202300043574,14,5,2023,14:00,1,1,7,988,98815,1,4,2,1,1
202300043575,3,11,2023,11:50,2,2,6,33,33199,2,3,2,1,2
202300043576,7,5,2023,01:15,3,1,6,988,98821,1,4,2,1,1
202300043577,14,5,2023,11:00,1,1,6,971,97117,1,4,2,1,9
202300043578,4,11,2023,12:15,1,1,7,13,13027,1,3,2,2,2
202300043579,3,11,2023,16:15,1,1,3,68,68352,2,3,2,1,1
202300043579,3,11,2023,16:15,1,1,3,68,68352,2,3,2,1,1
202300043580,15,5,2023,01:00,3,1,1,21,21699,1,3,2,3,1
202300043581,3,11,2023,17:15,5,1,6,54,54111,2,4,2,2,1
202300043582,3,11,2023,14:17,1,2,6,03,03290,1,2,2,1,2
202300043583,12,5,2023,15:15,1,1,7,67,67021,1,3,2,2,9
202300043584,5,5,2023,10:45,1,1,6,03,03085,1,3,2,1,2
202300043585,3,11,2023,16:25,1,2,1,85,85298,1,3,2,4,2
202300043586,12,5,2023,16:38,1,2,2,38,38468,2,4,2,2,2
202300043587,2,11,2023,09:40,1,6,6,50,50294,1,3,2,2,2
202300043588,14,5,2023,22:10,3,2,7,38,38341,1,3,2,2,2
202300043589,4,11,2023,00:20,5,1,2,60,60341,2,4,2,1,1
202300043590,15,5,2023,16:35,1,1,2,69,69153,2,7,2,3,1
202300043591,4,11,2023,09:10,1,3,1,02,02521,1,3,2,3,2
202300043592,14,5,2023,18:21,1,1,3,69,69072,1,7,2,1,1
202300043593,3,11,2023,22:30,3,1,1,59,59643,1,7,2,1,1
202300043593,3,11,2023,22:30,3,1,1,59,59643,1,7,2,1,-1
202300043594,12,5,2023,16:15,1,1,7,81,81219,1,3,2,1,1
202300043595,14,5,2023,21:50,3,1,7,46,46202,1,1,3,1,1
202300043596,26,10,2023,07:41,2,1,4,13,13106,1,1,1,1,1
202300043597,14,5,2023,22:00,5,1,1,86,86225,2,3,2,1,1
202300043598,3,11,2023,00:25,3,2,6,13,13085,1,1,-1,2,2
202300043599,14,5,2023,15:35,1,1,7,85,85296,1,4,2,1,1
202300043600,3,11,2023,12:50,5,1,2,83,83137,1,1,1,1,1
202300043601,15,5,2023,07:50,1,5,3,60,60079,1,3,2,1,1
202300043601,15,5,2023,07:50,1,5,3,60,60079,1,3,2,1,1
202300043602,1,11,2023,13:50,1,2,2,42,42218,1,2,3,2,2
202300043603,14,5,2023,15:00,1,1,2,13,13215,1,1,1,1,1
202300043604,3,11,2023,18:45,5,3,2,33,33039,1,2,3,1,4
202300043605,13,5,2023,23:39,3,1,4,13,13215,1,1,-1,1,1
202300043606,3,11,2023,12:15,1,3,2,33,33013,1,2,3,1,2
202300043607,14,5,2023,00:12,3,1,3,13,13071,1,1,3,1,1
202300043608,3,11,2023,12:05,1,3,6,33,33249,1,2,1,2,2
202300043609,2,11,2023,10:40,1,3,3,33,33249,1,2,3,1,2
202300043610,13,5,2023,02:10,5,1,3,13,13202,1,7,1,1,1
202300043611,24,10,2023,06:40,2,2,2,59,59082,1,2,1,1,2
202300043612,13,5,2023,01:45,5,1,2,83,83137,1,1,1,1,1
202300043613,3,11,2023,18:20,1,1,6,91,91687,1,1,3,1,1
202300043614,14,5,2023,15:40,1,1,3,69,69027,1,1,2,1,1
202300043615,3,11,2023,12:25,1,1,2,94,94003,1,1,3,1,1
202300043616,13,5,2023,14:57,1,3,5,69,69287,1,1,3,1,2
202300043617,3,11,2023,15:00,1,1,4,92,92012,1,1,-1,1,1
202300043618,14,5,2023,06:15,2,3,4,69,69290,1,1,3,1,2
202300043619,3,11,2023,09:50,1,1,4,75,75116,1,1,1,1,1
202300043620,3,11,2023,10:05,1,1,6,92,92064,1,1,1,1,1
202300043621,14,5,2023,01:25,3,3,6,01,01275,1,1,1,1,2
202300043622,2,11,2023,08:34,1,1,3,92,92025,1,1,-1,1,2
202300043623,2,11,2023,06:15,3,6,6,78,78291,1,1,-1,1,2
202300043624,12,5,2023,13:50,1,1,2,69,69199,1,7,3,1,1
202300043625,3,11,2023,18:30,5,1,2,93,93066,1,1,3,1,1
202300043626,3,11,2023,15:20,1,1,3,93,93053,1,1,-1,2,1
202300043627,14,5,2023,13:00,1,1,4,91,91689,1,1,1,1,1
202300043628,3,11,2023,12:20,1,1,5,93,93078,1,1,-1,1,1
202300043629,13,5,2023,16:00,1,1,2,91,91687,1,1,1,1,1
202300043630,14,5,2023,16:30,1,1,7,93,93064,1,1,1,1,1
202300043631,2,11,2023,18:00,3,8,5,95,95277,1,1,3,1,1
202300043632,13,5,2023,20:30,1,2,2,92,92036,1,1,1,1,2
202300043633,3,11,2023,16:00,1,1,6,94,94028,1,1,1,1,1
202300043634,3,11,2023,11:00,1,1,3,94,94046,1,1,3,1,1
202300043635,14,5,2023,08:30,1,1,2,95,95582,1,1,3,1,1
202300043636,14,5,2023,02:45,3,1,3,95,95018,1,1,3,1,1
202300043637,17,8,2023,14:20,1,1,1,13,13056,1,3,2,1,1
202300043638,13,5,2023,23:00,3,1,6,93,93048,1,1,3,1,1
202300043639,8,7,2023,14:05,1,1,3,29,29007,1,4,2,1,1
202300043639,8,7,2023,14:05,1,1,3,29,29007,1,4,2,1,1
202300043640,13,5,2023,05:03,2,8,6,05,05061,2,2,2,1,2
202300043641,21,7,2023,11:35,1,1,7,29,29220,2,4,-1,1,1
202300043642,13,5,2023,19:00,5,1,3,974,97416,2,4,2,1,1
202300043642,13,5,2023,19:00,5,1,3,974,97416,2,4,2,1,1
202300043643,2,11,2023,07:00,1,1,2,974,97411,2,2,1,1,1
202300043644,12,5,2023,17:30,2,1,6,974,97416,1,6,-1,1,1
202300043645,1,11,2023,18:15,3,1,1,973,97302,2,4,1,1,1
202300043646,12,5,2023,15:35,1,1,1,974,97416,1,2,-1,1,1
202300043647,13,5,2023,20:50,5,1,6,974,97407,2,4,1,1,1
202300043648,1,11,2023,08:40,1,1,1,973,97302,2,4,2,1,1
202300043649,12,5,2023,12:20,1,2,3,973,97302,2,3,2,1,2
202300043650,2,11,2023,15:20,1,1,3,971,97101,1,4,-1,1,1
202300043650,2,11,2023,15:20,1,1,3,971,97101,1,4,-1,1,1
202300043651,13,5,2023,13:15,1,1,2,972,97213,1,2,3,1,1
202300043652,2,11,2023,14:25,1,6,2,2A,2A004,2,2,1,1,2
202300043653,13,5,2023,18:35,1,1,3,972,97209,2,4,2,1,1
202300043653,13,5,2023,18:35,1,1,3,972,97209,2,4,2,1,1
202300043654,13,5,2023,10:55,1,8,6,69,69389,2,4,2,2,2
202300043655,13,5,2023,04:26,3,1,7,95,95427,2,4,1,1,1
202300043656,2,11,2023,17:10,1,6,5,91,91433,1,3,2,1,2
202300043657,2,11,2023,10:50,1,6,3,91,91433,2,4,2,1,2
202300043658,13,5,2023,23:15,4,1,3,95,95018,2,3,1,1,1
202300043658,13,5,2023,23:15,4,1,3,95,95018,2,3,1,1,1
202300043659,1,11,2023,17:10,1,2,7,91,91223,2,3,1,1,2
202300043660,2,11,2023,07:45,2,8,7,91,91223,1,4,2,1,2
202300043661,31,10,2023,19:45,5,2,3,87,87085,2,4,2,1,2
202300043661,31,10,2023,19:45,5,2,3,87,87085,2,4,2,1,2
202300043662,12,5,2023,15:45,1,1,3,91,91549,2,4,2,1,1
202300043662,12,5,2023,15:45,1,1,3,91,91549,2,4,2,1,1
202300043663,31,10,2023,14:45,1,1,6,87,87085,2,6,-1,1,1
202300043664,13,5,2023,14:45,1,1,6,76,76540,2,4,-1,1,1
202300043665,13,5,2023,17:10,1,1,3,72,72181,2,4,2,1,1
202300043666,1,11,2023,01:51,5,1,3,84,84007,2,4,2,1,1
202300043666,1,11,2023,01:51,5,1,3,84,84007,2,4,2,1,1
202300043667,12,5,2023,19:20,1,1,7,72,72181,2,4,1,1,1
202300043668,31,10,2023,20:17,5,1,3,84,84007,2,4,2,1,1
202300043668,31,10,2023,20:17,5,1,3,84,84007,2,4,2,1,1
202300043669,13,5,2023,19:30,1,2,3,69,69290,2,7,2,1,2
202300043669,13,5,2023,19:30,1,2,3,69,69290,2,7,2,1,2
202300043670,1,11,2023,03:53,5,2,1,84,84007,2,4,2,1,2
202300043670,1,11,2023,03:53,5,2,1,84,84007,2,4,1,1,2
202300043671,13,5,2023,18:10,1,2,1,69,69290,2,4,2,1,2
202300043672,13,5,2023,14:50,1,1,6,67,67482,2,6,-1,1,1
202300043673,31,10,2023,05:20,5,1,6,84,84007,2,4,-1,1,1
202300043673,31,10,2023,05:20,5,1,6,84,84007,2,4,2,1,1
202300043674,30,10,2023,18:03,1,1,2,30,30011,1,3,3,2,1
202300043675,13,5,2023,09:40,1,1,3,67,67482,2,4,2,1,1
202300043675,13,5,2023,09:40,1,1,3,67,67482,2,4,3,1,1
202300043676,28,10,2023,01:05,5,1,7,84,84007,1,2,3,1,1
202300043677,13,5,2023,10:49,1,2,3,64,64102,2,4,2,1,2
202300043678,28,10,2023,15:45,1,1,-1,84,84007,2,4,1,1,1
202300043679,13,5,2023,09:20,1,2,3,64,64024,2,4,2,1,2
202300043680,2,11,2023,15:10,1,2,6,83,83090,2,3,2,1,2
202300043681,13,5,2023,09:50,1,1,1,59,59421,2,7,-1,1,1
202300043682,31,10,2023,14:30,1,1,2,83,83062,2,3,2,1,1
202300043683,12,5,2023,17:17,1,1,6,56,56260,2,4,2,1,1
202300043684,31,10,2023,12:41,1,1,1,83,83129,2,4,2,1,1
202300043685,13,5,2023,19:55,1,1,6,54,54257,2,4,2,1,1
202300043685,13,5,2023,19:55,1,1,6,54,54257,2,4,-1,1,1
202300043686,2,11,2023,08:10,2,2,3,82,82033,2,4,2,1,2
202300043687,13,5,2023,10:30,1,1,3,51,51454,2,4,1,1,1
202300043687,13,5,2023,10:30,1,1,3,51,51454,2,4,2,1,1
202300043688,13,10,2023,15:00,1,1,1,78,78688,1,3,3,1,1
202300043689,13,5,2023,13:20,1,1,2,49,49328,2,4,2,1,1
202300043690,14,5,2023,23:45,5,1,3,45,45234,2,4,2,4,1
202300043690,14,5,2023,23:45,5,1,3,45,45234,2,4,1,1,1
202300043691,2,11,2023,16:15,1,1,4,77,77121,1,3,2,1,1
202300043692,13,5,2023,14:45,1,1,6,45,45286,2,4,3,1,1
202300043693,7,4,2023,19:30,1,1,6,95,95678,1,2,3,1,1
202300043694,13,5,2023,20:30,1,8,6,38,38151,2,4,2,1,1
202300043694,13,5,2023,20:30,1,8,6,38,38151,2,4,2,1,1
202300043695,2,11,2023,16:45,2,1,6,77,77305,2,3,2,1,1
202300043696,13,5,2023,12:15,1,1,3,35,35051,2,4,2,1,1
202300043696,13,5,2023,12:15,1,1,3,35,35051,2,4,2,1,1
202300043697,7,4,2023,12:35,1,1,2,93,93064,1,1,3,1,1
202300043698,13,5,2023,23:40,5,1,6,33,33281,2,4,2,1,1
202300043698,13,5,2023,23:40,5,1,6,33,33281,2,4,1,1,1
202300043699,2,11,2023,23:45,5,8,3,76,76540,2,4,2,1,2
202300043699,2,11,2023,23:45,5,8,3,76,76540,2,4,2,1,2
202300043700,6,4,2023,18:25,1,1,3,95,95394,1,2,1,1,1
202300043701,13,5,2023,23:20,5,1,3,33,33063,2,4,2,1,1
202300043701,13,5,2023,23:20,5,1,3,33,33063,2,4,1,1,1
202300043702,2,11,2023,20:45,5,2,3,74,74012,2,4,2,1,2
202300043703,14,5,2023,00:00,5,1,6,28,28404,1,3,2,1,1
202300043704,5,4,2023,17:40,1,1,3,93,93066,1,1,3,2,1
202300043705,12,5,2023,00:35,5,1,7,28,28134,2,3,2,1,1
202300043705,12,5,2023,00:35,5,1,7,28,28134,2,3,1,1,1
202300043706,1,11,2023,18:00,5,2,3,74,74008,2,4,2,2,2
202300043707,7,4,2023,17:35,1,1,2,94,94017,1,1,-1,1,1
202300043708,1,11,2023,06:50,5,8,1,71,71105,2,3,2,2,1
202300043709,7,4,2023,16:25,1,1,2,94,94022,1,1,1,1,1
202300043710,7,4,2023,11:00,1,1,1,94,94022,1,1,3,1,1
202300043711,13,5,2023,15:10,1,1,4,25,25230,2,3,2,2,1
202300043712,13,5,2023,13:30,1,8,7,22,22215,2,3,2,1,2
202300043713,6,4,2023,20:20,5,1,2,75,75112,2,4,1,1,1
202300043714,13,5,2023,07:30,1,1,3,13,13212,2,4,2,2,1
202300043715,22,2,2023,16:10,1,1,6,57,57412,1,1,1,1,1
202300043716,6,4,2023,00:05,5,1,2,75,75120,2,4,1,1,1
202300043717,14,5,2023,00:15,3,1,1,13,13001,1,3,3,1,1
202300043718,22,2,2023,17:45,1,2,5,33,33318,1,1,3,1,2
202300043719,5,4,2023,11:05,1,1,3,75,75115,2,4,1,1,1
202300043720,22,2,2023,06:30,5,2,6,33,33013,1,2,1,2,2
202300043721,13,5,2023,14:30,1,2,3,11,11069,2,4,-1,1,2
202300043722,22,2,2023,08:00,1,1,3,94,94038,1,1,1,1,1
202300043723,5,4,2023,08:25,1,1,3,75,75119,2,4,1,1,1
202300043724,13,5,2023,02:00,5,2,6,11,11069,1,3,1,1,2
202300043724,13,5,2023,02:00,5,2,6,11,11069,1,3,2,1,2
202300043725,21,2,2023,02:35,3,1,7,91,91689,1,1,1,2,1
202300043726,6,4,2023,07:30,2,1,7,75,75105,2,4,-1,1,1
202300043726,6,4,2023,07:30,2,1,7,75,75105,2,4,3,1,1
202300043727,22,2,2023,14:40,1,8,2,78,78498,1,1,-1,1,1
202300043728,22,2,2023,14:20,1,1,6,95,95394,1,1,3,1,1
202300043729,6,4,2023,10:00,1,1,5,75,75119,2,4,2,1,1
202300043730,21,2,2023,14:20,1,1,4,976,97611,2,2,2,1,1
202300043731,6,4,2023,09:00,1,2,6,75,75118,2,4,-1,1,2
202300043731,6,4,2023,09:00,1,2,6,75,75118,2,4,1,1,2
202300043732,20,2,2023,22:15,5,1,4,972,97213,1,4,2,3,1
202300043733,19,2,2023,02:39,5,1,5,2B,2B033,2,4,-1,1,1
202300043734,6,4,2023,20:40,5,1,6,75,75117,2,4,2,2,1
202300043734,6,4,2023,20:40,5,1,6,75,75117,2,4,1,1,1
202300043735,21,2,2023,18:05,2,1,4,91,91339,2,4,2,2,1
202300043736,6,4,2023,17:00,1,8,3,75,75115,2,4,2,1,1
202300043736,6,4,2023,17:00,1,8,3,75,75115,2,4,-1,1,1
202300043737,21,2,2023,17:35,1,1,6,91,91687,2,3,3,1,1
202300043738,6,4,2023,12:00,1,2,3,75,75114,2,4,1,1,2
202300043738,6,4,2023,12:00,1,2,3,75,75114,2,4,1,1,2
202300043739,21,2,2023,05:55,2,1,6,91,91223,2,4,-1,1,1
202300043740,5,4,2023,22:20,5,1,2,75,75114,2,4,1,1,1
202300043740,5,4,2023,22:20,5,1,2,75,75114,2,4,2,1,1
202300043741,18,1,2023,08:20,1,1,6,84,84080,2,4,2,1,1
202300043742,20,2,2023,18:50,5,1,6,83,83061,2,3,2,2,1
202300043743,5,4,2023,17:49,1,1,2,75,75114,2,4,1,1,1
202300043743,5,4,2023,17:49,1,1,2,75,75114,2,4,2,1,1
202300043744,21,2,2023,18:25,2,1,3,78,78029,2,4,2,1,1
202300043745,21,2,2023,17:30,1,1,6,78,78172,2,4,-1,1,1
202300043745,21,2,2023,17:30,1,1,6,78,78172,2,4,-1,1,1
202300043746,5,4,2023,14:35,1,1,3,75,75114,2,4,1,1,1
202300043746,5,4,2023,14:35,1,1,3,75,75114,2,4,2,1,1
202300043747,20,2,2023,00:50,5,1,3,77,77288,2,4,2,1,1
202300043748,6,4,2023,09:00,1,2,1,75,75113,2,4,2,1,2
202300043749,20,2,2023,16:15,1,1,3,72,72181,2,4,2,1,1
202300043750,5,4,2023,19:12,1,1,3,75,75109,2,4,2,1,1
202300043750,5,4,2023,19:12,1,1,3,75,75109,2,4,1,1,1
202300043751,20,2,2023,18:30,3,1,5,71,71040,1,2,2,1,1
202300043752,6,4,2023,17:30,1,1,3,75,75108,2,4,2,1,1
202300043752,6,4,2023,17:30,1,1,3,75,75108,2,4,-1,1,1
202300043753,21,2,2023,18:30,2,1,2,69,69266,2,4,1,1,1
202300043754,6,4,2023,17:20,1,1,3,75,75108,2,4,2,1,1
202300043754,6,4,2023,17:20,1,1,3,75,75108,2,4,2,1,1
202300043755,21,2,2023,09:00,1,8,5,69,69256,2,4,2,1,1
202300043755,21,2,2023,09:00,1,8,5,69,69256,2,4,2,1,1
202300043756,6,4,2023,15:00,1,1,7,75,75103,2,4,1,1,1
202300043756,6,4,2023,15:00,1,1,7,75,75103,2,4,1,1,1
202300043757,21,2,2023,23:00,5,1,7,69,69029,2,4,2,2,1
202300043757,21,2,2023,23:00,5,1,7,69,69029,2,4,1,2,1
202300043758,6,4,2023,09:45,1,2,6,75,75104,2,4,1,1,2
202300043758,6,4,2023,09:45,1,2,6,75,75104,2,4,1,1,2
202300043759,21,2,2023,18:47,5,8,1,65,65440,2,3,2,1,1
202300043759,21,2,2023,18:47,5,8,1,65,65440,2,3,2,1,1
202300043760,6,4,2023,00:30,5,1,6,75,75102,2,4,-1,1,1
202300043760,6,4,2023,00:30,5,1,6,75,75102,2,4,1,1,1
202300043761,21,2,2023,12:20,1,1,3,65,65047,2,3,2,1,1
202300043761,21,2,2023,12:20,1,1,3,65,65047,2,3,2,1,1
202300043762,6,4,2023,12:30,1,2,6,94,94033,2,4,1,1,2
202300043763,21,2,2023,18:30,1,1,6,64,64335,2,4,1,1,1
202300043764,21,2,2023,12:25,1,1,3,64,64102,2,4,3,1,1
202300043765,21,2,2023,06:00,5,2,7,62,62498,2,4,2,1,2
202300043766,4,4,2023,16:35,1,1,3,94,94055,2,4,2,1,1
202300043766,4,4,2023,16:35,1,1,3,94,94055,2,4,2,2,1
202300043767,20,2,2023,17:15,1,1,6,60,60175,2,4,2,1,1
202300043767,20,2,2023,17:15,1,1,6,60,60175,2,4,1,1,1
202300043768,6,4,2023,17:45,1,1,3,94,94018,2,4,2,1,1
202300043769,21,2,2023,14:35,1,1,3,58,58194,2,4,2,2,1
202300043769,21,2,2023,14:35,1,1,3,58,58194,2,4,2,2,1
202300043770,6,4,2023,16:10,1,1,6,94,94017,2,3,3,1,1
202300043770,6,4,2023,16:10,1,1,6,94,94017,2,3,1,1,1
202300043771,20,2,2023,12:57,1,1,3,57,57221,2,3,2,1,1
202300043771,20,2,2023,12:57,1,1,3,57,57221,2,3,2,1,1
202300043772,6,4,2023,18:00,1,1,3,93,93072,2,3,3,2,1
202300043772,6,4,2023,18:00,1,1,3,93,93072,2,3,3,1,1
202300043773,21,2,2023,15:40,1,1,3,54,54521,2,3,2,2,1
202300043773,21,2,2023,15:40,1,1,3,54,54521,2,3,2,1,1
202300043774,5,4,2023,22:15,5,1,3,93,93071,2,3,2,1,1
202300043774,5,4,2023,22:15,5,1,3,93,93071,2,3,2,1,1
202300043775,20,2,2023,12:12,1,1,7,54,54367,1,3,2,2,1