id_accident,jour,mois,annee,heure_minute,luminosite,meteo,type_collision,departement,commune,agglomeration,categorie_route,regime_circulation,profil_route,etat_surface
202300043776,4,4,2023,23:00,5,1,3,93,93077,2,3,2,1,1
202300043776,4,4,2023,23:00,5,1,3,93,93077,2,3,2,1,1
202300043777,21,2,2023,07:30,1,1,3,51,51454,2,4,1,1,1
202300043777,21,2,2023,07:30,1,1,3,51,51454,2,4,2,1,1
202300043778,20,2,2023,20:18,5,1,3,51,51454,2,4,1,1,1
202300043778,20,2,2023,20:18,5,1,3,51,51454,2,4,2,1,1
202300043779,6,4,2023,13:20,1,2,6,93,93066,2,4,2,1,2
202300043779,6,4,2023,13:20,1,2,6,93,93066,2,4,2,1,2
202300043780,6,4,2023,09:00,1,2,3,93,93066,2,3,3,1,2
202300043780,6,4,2023,09:00,1,2,3,93,93066,2,3,2,1,2
202300043781,20,2,2023,14:30,1,1,4,49,49099,1,3,2,1,1
202300043782,6,4,2023,19:45,2,1,3,93,93051,2,3,2,2,1
202300043782,6,4,2023,19:45,2,1,3,93,93051,2,3,4,1,1
202300043783,21,2,2023,13:04,1,1,6,47,47032,2,3,2,1,1
202300043784,6,4,2023,14:00,1,1,3,93,93046,2,4,1,1,1
202300043784,6,4,2023,14:00,1,1,3,93,93046,2,4,3,1,1
202300043785,10,2,2023,12:15,1,1,6,39,39362,1,3,2,2,1
202300043786,21,2,2023,23:25,4,1,1,38,38179,2,4,2,1,1
202300043786,21,2,2023,23:25,4,1,1,38,38179,2,4,2,1,1
202300043787,6,4,2023,19:02,1,1,5,93,93079,2,3,2,1,1
202300043788,20,2,2023,16:15,1,1,6,37,37122,2,4,2,1,1
202300043789,31,8,2023,02:37,5,1,6,75,75111,2,4,2,1,1
202300043790,20,2,2023,16:35,1,1,6,33,33119,2,4,2,1,1
202300043791,5,4,2023,19:05,1,1,6,93,93027,2,4,2,1,1
202300043791,5,4,2023,19:05,1,1,6,93,93027,2,4,2,1,1
202300043792,31,8,2023,12:45,1,2,7,75,75119,2,4,1,2,2
202300043792,31,8,2023,12:45,1,2,7,75,75119,2,4,2,2,2
202300043793,21,2,2023,08:10,1,1,3,30,30007,2,3,1,3,1
202300043793,21,2,2023,08:10,1,1,3,30,30007,2,3,1,3,1
202300043794,6,4,2023,20:01,1,1,6,93,93010,2,4,1,1,1
202300043795,31,8,2023,16:50,1,2,6,75,75118,2,4,1,1,2
202300043795,31,8,2023,16:50,1,2,6,75,75118,2,4,2,1,2
202300043796,20,2,2023,13:45,1,1,6,29,29232,2,4,2,1,1
202300043797,21,2,2023,16:45,1,2,7,29,29039,2,4,2,1,2
202300043798,6,4,2023,09:10,1,2,6,93,93010,2,4,1,1,2
202300043799,31,8,2023,16:35,1,2,3,75,75114,2,4,2,1,2
202300043799,31,8,2023,16:35,1,2,3,75,75114,2,4,2,1,2
202300043800,6,4,2023,16:00,1,1,3,93,93001,2,3,2,1,1
202300043801,21,2,2023,18:25,2,1,3,28,28085,2,4,3,1,1
202300043801,21,2,2023,18:25,2,1,3,28,28085,2,4,3,1,1
202300043802,31,7,2023,08:20,1,1,3,75,75113,2,4,2,2,1
202300043802,31,7,2023,08:20,1,1,3,75,75113,2,4,1,2,1
202300043803,21,2,2023,14:20,1,1,6,27,27681,2,4,2,1,1
202300043803,21,2,2023,14:20,1,1,6,27,27681,2,4,2,1,1
202300043804,6,4,2023,15:25,1,1,3,92,92046,2,3,2,1,1
202300043804,6,4,2023,15:25,1,1,3,92,92046,2,3,1,1,1
202300043805,21,2,2023,18:40,1,1,3,26,26198,1,3,2,1,1
202300043806,31,8,2023,00:00,5,1,3,75,75111,2,4,1,1,1
202300043806,31,8,2023,00:00,5,1,3,75,75111,2,4,1,2,1
202300043807,5,4,2023,17:40,1,1,6,92,92033,2,3,2,2,1
202300043808,21,2,2023,13:25,1,1,6,26,26198,2,4,2,1,1
202300043808,21,2,2023,13:25,1,1,6,26,26198,2,4,2,1,1
202300043809,31,8,2023,18:20,1,2,7,75,75110,2,4,1,1,2
202300043809,31,8,2023,18:20,1,2,7,75,75110,2,4,1,1,2
202300043810,6,4,2023,10:10,1,2,3,92,92049,2,3,2,1,2
202300043811,31,8,2023,15:45,1,2,6,75,75101,2,4,-1,1,2
202300043811,31,8,2023,15:45,1,2,6,75,75101,2,4,-1,1,2
202300043812,19,2,2023,01:40,3,1,6,23,23096,2,3,3,1,1
202300043812,19,2,2023,01:40,3,1,6,23,23096,2,3,3,1,1
202300043813,31,3,2023,01:38,5,1,6,92,92035,2,3,1,1,1
202300043814,30,8,2023,15:20,1,1,3,75,75101,2,4,1,1,1
202300043814,30,8,2023,15:20,1,1,3,75,75101,2,4,2,1,1
202300043815,20,2,2023,14:30,1,1,3,15,15014,2,4,2,1,1
202300043816,6,4,2023,13:40,1,1,1,92,92025,2,3,2,1,1
202300043816,6,4,2023,13:40,1,1,1,92,92025,2,3,1,1,1
202300043817,21,2,2023,12:40,1,1,6,14,14118,2,4,2,1,1
202300043818,31,8,2023,15:41,1,2,2,94,94080,2,4,1,2,2
202300043819,21,2,2023,16:40,1,1,6,13,13117,2,4,2,1,1
202300043820,5,4,2023,21:45,5,1,6,92,92024,2,3,2,1,1
202300043820,5,4,2023,21:45,5,1,6,92,92024,2,3,2,1,1
202300043821,31,8,2023,01:10,5,1,3,94,94074,2,2,3,1,1
202300043822,21,2,2023,15:30,1,1,5,13,13047,1,2,2,3,1
202300043823,6,4,2023,19:13,1,1,3,92,92032,2,4,2,2,1
202300043824,31,8,2023,18:30,1,2,7,94,94028,2,4,2,2,2
202300043825,20,2,2023,11:20,1,1,2,10,10081,2,4,1,1,1
202300043826,31,8,2023,16:51,1,2,2,94,94028,1,3,1,1,2
202300043827,6,4,2023,19:10,1,1,3,92,92012,2,4,2,1,1
202300043828,21,2,2023,08:15,1,1,3,07,07102,2,4,2,1,1
202300043828,21,2,2023,08:15,1,1,3,07,07102,2,4,2,1,1
202300043829,31,8,2023,21:23,5,1,6,94,94043,2,3,2,1,1
202300043830,6,4,2023,11:53,1,1,3,92,92007,2,4,1,1,1
202300043830,6,4,2023,11:53,1,1,3,92,92007,2,4,2,1,1
202300043831,21,2,2023,18:40,2,1,6,75,75104,2,4,2,1,1
202300043832,31,8,2023,10:15,1,1,3,94,94028,2,3,2,1,1
202300043833,20,2,2023,20:50,5,1,2,75,75120,2,4,1,1,1
202300043834,7,4,2023,07:05,2,1,1,38,38160,2,3,2,1,1
202300043835,21,2,2023,17:13,1,1,3,75,75120,2,4,2,1,1
202300043835,21,2,2023,17:13,1,1,3,75,75120,2,4,1,1,1
202300043836,31,8,2023,16:20,1,3,4,94,94055,2,3,2,1,2
202300043837,21,2,2023,14:20,1,1,6,75,75120,2,4,2,1,1
202300043837,21,2,2023,14:20,1,1,6,75,75120,2,4,1,4,1
202300043838,31,8,2023,15:50,1,2,7,93,93059,2,4,2,1,2
202300043839,21,2,2023,09:10,1,1,6,75,75120,2,4,2,1,1
202300043839,21,2,2023,09:10,1,1,6,75,75120,2,4,2,1,1
202300043840,31,8,2023,18:30,1,2,3,93,93066,2,3,2,1,2
202300043840,31,8,2023,18:30,1,2,3,93,93066,2,3,2,1,2
202300043841,21,2,2023,18:05,2,1,3,75,75119,2,4,1,1,1
202300043841,21,2,2023,18:05,2,1,3,75,75119,2,4,1,1,1
202300043842,21,2,2023,20:50,5,1,5,75,75118,2,4,-1,1,1
202300043843,20,2,2023,22:55,5,1,6,75,75117,2,4,1,1,1
202300043843,20,2,2023,22:55,5,1,6,75,75117,2,4,1,2,1
202300043844,29,8,2023,09:30,1,1,3,93,93001,2,4,1,1,1
202300043844,29,8,2023,09:30,1,1,3,93,93001,2,4,1,1,1
202300043845,20,2,2023,18:25,5,1,6,75,75114,2,4,2,1,1
202300043845,20,2,2023,18:25,5,1,6,75,75114,2,4,2,1,1
202300043846,31,8,2023,18:05,1,2,3,92,92020,2,3,2,1,2
202300043847,21,2,2023,18:20,5,1,6,75,75104,2,4,2,1,1
202300043847,21,2,2023,18:20,5,1,6,75,75104,2,4,2,1,1
202300043848,17,2,2023,08:00,1,1,6,94,94041,2,4,2,1,1
202300043849,31,8,2023,09:20,1,1,6,92,92036,2,3,2,1,1
202300043850,31,8,2023,18:15,1,2,7,92,92024,2,3,-1,1,2
202300043851,21,2,2023,22:10,5,1,5,94,94058,2,3,2,1,1
202300043852,30,8,2023,19:00,1,1,3,92,92024,2,3,2,1,1
202300043853,21,2,2023,16:10,1,1,3,94,94041,2,3,2,2,1
202300043854,30,8,2023,13:30,1,1,2,92,92004,2,3,2,1,1
202300043855,21,2,2023,17:22,1,1,6,94,94002,2,4,2,1,1
202300043855,21,2,2023,17:22,1,1,6,94,94002,2,4,1,1,1
202300043856,26,8,2023,18:45,1,1,6,51,51649,2,4,2,1,1
202300043857,3,4,2023,05:10,2,1,7,57,57443,1,1,1,2,1
202300043858,21,2,2023,16:50,1,7,2,95,95527,1,5,1,2,1
202300043859,15,8,2023,19:30,1,1,7,22,22361,1,3,2,1,1
202300043860,6,4,2023,21:55,3,1,6,65,65359,1,3,2,2,1
202300043861,21,2,2023,08:00,1,1,3,93,93066,2,3,2,1,1
202300043861,21,2,2023,08:00,1,1,3,93,93066,2,3,2,1,1
202300043862,1,9,2023,01:00,3,1,6,81,81139,1,3,2,1,1
202300043863,7,4,2023,07:40,1,5,6,50,50553,1,1,3,1,1
202300043864,20,2,2023,22:40,5,1,3,93,93066,2,3,3,1,1
202300043864,20,2,2023,22:40,5,1,3,93,93066,2,3,3,1,1
202300043865,1,9,2023,10:50,1,1,2,71,71105,1,1,3,1,1
202300043866,1,9,2023,10:50,1,1,3,51,51217,1,3,2,2,2
202300043867,21,2,2023,21:45,5,1,7,93,93055,2,3,2,2,1
202300043868,7,4,2023,13:00,1,1,1,40,40227,1,3,2,1,1
202300043869,31,8,2023,14:15,1,1,3,83,83004,1,3,2,1,1
202300043869,31,8,2023,14:15,1,1,3,83,83004,1,3,2,1,1
202300043870,20,2,2023,22:55,3,1,6,93,93047,2,4,2,1,1
202300043871,7,4,2023,05:30,3,1,6,24,24139,1,1,3,2,1
202300043872,1,9,2023,02:45,3,1,6,971,97109,1,3,2,2,1
202300043873,21,2,2023,08:30,2,7,3,92,92073,2,3,1,1,1
202300043873,21,2,2023,08:30,2,7,3,92,92073,2,3,3,1,1
202300043874,7,4,2023,09:20,1,1,7,56,56090,1,4,2,2,1
202300043875,29,8,2023,07:00,1,1,3,974,97413,2,3,2,1,1
202300043875,29,8,2023,07:00,1,1,3,974,97413,2,3,2,2,1
202300043876,22,2,2023,19:20,5,2,2,92,92051,2,4,1,1,2
202300043877,6,4,2023,19:53,1,1,6,56,56034,2,3,2,1,1
202300043878,27,8,2023,19:05,1,1,6,34,34095,1,3,2,1,1
202300043879,21,2,2023,18:00,2,1,3,92,92049,2,3,2,1,1
202300043880,1,9,2023,15:20,1,1,6,56,56055,2,3,2,1,1
202300043881,7,4,2023,07:15,1,1,3,79,79278,1,3,2,1,1
202300043881,7,4,2023,07:15,1,1,3,79,79278,1,3,2,1,1
202300043882,21,2,2023,09:10,1,1,7,92,92040,2,3,1,1,1
202300043883,1,9,2023,11:03,1,1,3,56,56186,2,4,2,3,1
202300043884,7,4,2023,13:00,1,1,2,2B,2B207,1,2,2,1,1
202300043885,20,2,2023,19:45,5,1,7,92,92035,2,3,2,1,1
202300043886,30,8,2023,12:30,1,1,1,56,56158,1,3,2,1,1
202300043887,21,2,2023,15:20,1,1,3,92,92012,2,3,3,1,1
202300043888,4,4,2023,20:10,2,1,3,65,65138,2,3,2,2,1
202300043889,1,9,2023,10:20,1,1,2,74,74104,1,3,2,1,1
202300043890,20,2,2023,07:15,2,1,3,60,60335,1,3,2,2,1
202300043890,20,2,2023,07:15,2,1,3,60,60335,1,3,2,1,1
202300043891,7,4,2023,13:30,1,7,3,33,33314,1,3,2,1,1
202300043891,7,4,2023,13:30,1,7,3,33,33314,1,3,2,1,1
202300043892,30,8,2023,15:00,1,1,2,79,79003,1,3,2,1,1
202300043893,22,2,2023,07:30,2,8,6,36,36034,2,3,2,1,1
202300043894,6,4,2023,21:45,3,1,6,11,11397,2,3,2,1,1
202300043895,31,8,2023,18:10,1,1,1,2A,2A032,1,2,2,1,1
202300043896,21,2,2023,13:30,1,1,7,974,97412,2,2,2,1,1
202300043897,1,9,2023,17:25,1,1,3,2B,2B346,1,2,2,1,1
202300043898,7,4,2023,08:45,1,2,3,71,71367,2,3,2,1,2
202300043898,7,4,2023,08:45,1,2,3,71,71367,2,3,2,1,2
202300043899,19,3,2023,20:30,3,1,2,63,63341,1,3,2,1,1
202300043900,21,2,2023,17:50,1,2,5,22,22004,1,3,3,1,2
202300043901,31,8,2023,13:30,1,1,4,65,65002,2,2,2,1,1
202300043902,7,4,2023,08:35,2,1,6,61,61187,1,3,2,2,1
202300043903,7,4,2023,11:20,1,1,1,46,46066,1,3,2,1,1
202300043904,3,4,2023,20:45,2,1,7,44,44182,2,4,1,1,1
202300043905,31,8,2023,16:50,1,2,7,55,55012,1,3,2,1,2
202300043906,21,2,2023,16:12,1,1,6,76,76257,1,1,3,1,1
202300043907,6,4,2023,18:20,1,1,3,29,29235,2,4,1,1,1
202300043907,6,4,2023,18:20,1,1,3,29,29235,2,4,1,2,1
202300043908,20,2,2023,15:35,1,1,2,974,97410,1,2,2,1,1
202300043909,1,9,2023,02:00,3,1,6,12,12145,1,3,3,1,1
202300043910,1,9,2023,13:50,1,7,6,42,42329,2,3,2,2,1
202300043911,21,2,2023,06:45,2,1,1,41,41289,1,3,2,3,1
202300043912,7,4,2023,12:48,1,1,1,31,31052,1,3,2,1,1
202300043913,31,8,2023,15:00,1,1,1,22,22158,1,4,2,2,1
202300043914,6,4,2023,09:09,1,7,1,38,38150,2,4,2,1,1
202300043914,6,4,2023,09:09,1,7,1,38,38150,2,4,2,1,1
202300043915,21,2,2023,16:35,1,1,7,19,19269,1,3,2,2,1
202300043916,27,8,2023,02:45,3,1,6,22,22232,1,3,-1,1,1
202300043916,27,8,2023,02:45,3,1,6,22,22232,1,3,2,1,1
202300043917,6,4,2023,16:30,1,1,6,03,03135,1,3,2,1,1
202300043918,22,2,2023,14:15,1,1,6,80,80417,1,3,2,1,1
202300043919,1,9,2023,03:45,3,1,6,25,25489,1,3,2,1,1
202300043920,7,4,2023,10:40,1,1,6,58,58142,1,3,2,2,1
202300043921,1,9,2023,14:55,1,1,2,34,34154,1,3,3,1,1
202300043922,7,4,2023,08:40,1,1,1,06,06112,2,3,2,2,1
202300043923,31,8,2023,09:42,1,2,6,29,29209,1,3,2,1,2
202300043924,22,2,2023,07:50,2,5,1,61,61043,1,3,2,2,2
202300043925,5,4,2023,18:20,1,1,1,27,27108,2,3,2,1,1
202300043925,5,4,2023,18:20,1,1,1,27,27108,2,3,2,1,1
202300043926,1,9,2023,11:05,1,2,6,02,02810,2,3,2,1,2
202300043927,1,9,2023,16:35,1,1,7,84,84017,1,3,2,2,1
202300043928,22,2,2023,09:45,1,2,1,44,44119,1,3,2,1,8
202300043929,6,4,2023,16:50,1,1,6,66,66172,2,4,2,1,1
202300043930,22,2,2023,15:30,1,1,3,29,29177,1,3,2,2,1
202300043930,22,2,2023,15:30,1,1,3,29,29177,1,3,2,-1,1
202300043931,1,9,2023,09:08,1,1,3,03,03226,1,3,2,2,1
202300043932,5,4,2023,18:05,1,1,4,06,06088,1,1,3,1,1
202300043933,22,2,2023,09:45,1,1,7,38,38257,1,3,2,2,1
202300043934,1,9,2023,06:00,2,1,3,01,01024,1,3,2,1,1
202300043935,1,2,2023,11:25,1,1,3,26,26338,1,3,1,1,1
202300043936,1,9,2023,05:15,3,2,7,70,70313,1,2,3,2,2
202300043937,7,4,2023,10:30,1,1,5,27,27036,1,2,2,1,1
202300043938,21,2,2023,07:59,1,9,7,54,54073,1,3,2,1,7
202300043939,1,9,2023,18:25,2,1,7,70,70488,1,3,2,1,1
202300043940,21,2,2023,22:10,3,1,6,72,72180,2,4,2,1,1
202300043941,7,4,2023,15:15,1,1,2,13,13051,1,1,1,1,1
202300043942,22,2,2023,19:30,3,1,6,05,05156,1,3,2,1,1
202300043943,24,8,2023,08:00,1,1,6,72,72386,1,4,2,1,1
202300043944,7,4,2023,11:30,1,1,3,13,13021,2,3,2,4,1
202300043945,1,9,2023,08:30,1,8,6,50,50081,2,3,2,1,2
202300043946,21,2,2023,13:25,1,1,1,18,18135,1,3,2,4,1
202300043946,21,2,2023,13:25,1,1,1,18,18135,1,3,2,4,1
202300043947,21,2,2023,16:50,1,8,2,16,16070,1,3,2,1,1
202300043948,4,4,2023,16:50,1,1,2,91,91044,2,3,1,1,1
202300043949,29,8,2023,09:25,1,1,3,83,83012,2,3,2,2,1
202300043949,29,8,2023,09:25,1,1,3,83,83012,2,3,2,1,1
202300043950,22,2,2023,06:00,3,5,1,53,53198,1,3,2,1,2
202300043951,3,4,2023,11:00,1,1,2,83,83094,1,3,2,2,1
202300043952,31,8,2023,17:30,1,1,6,36,36220,1,3,2,2,1
202300043953,22,2,2023,07:40,1,2,1,85,85078,1,3,2,1,2
202300043954,6,4,2023,15:10,1,1,6,13,13074,1,3,2,1,1
202300043955,21,2,2023,04:45,4,5,6,27,27198,2,3,2,1,1
202300043956,6,12,2023,13:40,1,1,1,13,13047,2,4,2,2,1
202300043957,30,8,2023,16:00,1,1,5,16,16044,1,3,2,1,1
202300043957,30,8,2023,16:00,1,1,5,16,16044,1,3,2,1,1
202300043958,7,4,2023,16:50,1,1,6,89,89085,1,3,2,1,1
202300043959,20,2,2023,23:13,4,1,6,88,88313,2,3,2,2,1
202300043960,6,12,2023,17:20,5,1,6,10,10362,2,4,2,1,1
202300043960,6,12,2023,17:20,5,1,6,10,10362,2,4,1,2,1
202300043961,7,4,2023,12:28,1,1,6,89,89257,2,4,2,1,1
202300043962,30,8,2023,15:45,1,1,7,53,53002,1,3,2,2,1
202300043963,6,12,2023,12:20,1,1,6,07,07102,2,4,2,1,1
202300043964,1,9,2023,18:25,1,1,2,85,85084,1,3,2,1,1
202300043965,6,4,2023,18:50,1,1,3,71,71251,1,3,2,2,1
202300043965,6,4,2023,18:50,1,1,3,71,71251,1,3,2,1,1
202300043966,21,2,2023,18:20,2,1,6,28,28199,1,1,3,1,1
202300043967,6,12,2023,20:25,5,1,3,06,06088,2,4,3,1,1
202300043968,31,8,2023,11:30,1,1,6,85,85135,2,3,2,1,2
202300043969,6,4,2023,21:30,3,1,6,69,69024,1,3,2,2,1
202300043970,6,12,2023,06:20,5,1,1,06,06029,2,4,3,1,1
202300043970,6,12,2023,06:20,5,1,1,06,06029,2,4,2,1,1
202300043970,6,12,2023,06:20,5,1,1,06,06029,2,4,2,2,1
202300043971,31,8,2023,17:48,1,1,5,28,28032,1,2,2,1,1
202300043972,21,2,2023,15:43,1,1,6,21,21515,2,4,2,1,1
202300043973,28,3,2023,08:55,1,1,3,32,32091,1,3,2,1,1
202300043974,7,12,2023,19:55,4,1,1,06,06027,2,4,2,2,1
202300043975,1,9,2023,09:00,1,1,6,28,28414,2,3,2,1,1
202300043976,21,2,2023,12:36,1,1,7,77,77505,1,3,2,1,1
202300043977,6,4,2023,20:51,3,1,2,09,09282,2,3,2,1,1
202300043978,1,9,2023,00:50,3,1,7,17,17465,2,3,2,1,1
202300043979,7,12,2023,09:20,1,1,3,06,06123,2,7,2,1,1
202300043980,22,2,2023,08:40,1,1,5,34,34341,1,3,2,2,1
202300043981,6,12,2023,17:30,5,1,1,06,06004,1,3,2,1,1
202300043982,24,8,2023,20:50,3,2,3,17,17443,1,3,2,4,2
202300043982,24,8,2023,20:50,3,2,3,17,17443,1,3,2,1,2
202300043983,7,12,2023,11:45,1,1,6,04,04112,2,4,2,2,1
202300043984,7,4,2023,09:30,1,1,4,33,33240,2,3,2,1,1
202300043984,7,4,2023,09:30,1,1,4,33,33240,2,3,2,1,1
202300043985,10,2,2023,15:15,1,1,3,34,34344,2,4,2,1,1
202300043986,7,12,2023,19:51,3,2,2,03,03321,2,4,2,1,2
202300043987,6,4,2023,17:10,1,1,6,33,33085,2,4,2,1,1
202300043988,27,8,2023,05:00,5,2,5,48,48034,2,3,2,1,2
202300043989,17,2,2023,10:10,1,1,4,26,26124,1,1,3,1,1
202300043990,7,12,2023,13:00,1,1,2,03,03101,1,3,2,1,1
202300043991,1,9,2023,09:00,1,1,3,13,13091,1,3,2,1,1
202300043991,1,9,2023,09:00,1,1,3,13,13091,1,3,2,1,1
202300043992,7,4,2023,11:05,1,1,4,33,33284,1,3,2,2,1
202300043992,7,4,2023,11:05,1,1,4,33,33284,1,3,2,1,1
202300043993,6,12,2023,08:05,2,8,6,02,02722,2,4,3,1,2
202300043994,21,2,2023,18:20,2,1,3,33,33061,1,3,2,1,1
202300043994,21,2,2023,18:20,2,1,3,33,33061,1,3,2,1,1
202300043995,1,9,2023,03:30,3,2,7,18,18214,1,1,3,2,2
202300043996,6,12,2023,20:00,5,1,3,02,02340,2,4,2,1,2
202300043997,4,4,2023,14:19,1,1,3,44,44026,1,4,2,4,1
202300043997,4,4,2023,14:19,1,1,3,44,44026,1,4,2,1,1
202300043998,20,2,2023,23:09,3,1,2,13,13210,1,1,1,1,1
202300043999,31,8,2023,18:30,1,1,3,13,13118,1,3,2,1,1
202300043999,31,8,2023,18:30,1,1,3,13,13118,1,3,2,1,1
202300044000,7,4,2023,17:52,1,1,2,60,60628,1,2,3,1,1
202300044001,7,12,2023,14:20,1,2,3,75,75118,2,4,1,1,2
202300044002,19,2,2023,16:45,1,1,4,33,33281,1,1,3,1,1
202300044003,7,12,2023,14:05,1,1,2,75,75112,2,4,1,1,1
202300044004,24,6,2023,18:00,1,1,2,51,51454,1,1,3,1,1
202300044005,6,4,2023,17:10,1,1,7,13,13215,1,1,-1,1,1
202300044006,21,2,2023,08:45,1,1,3,91,91687,1,1,3,1,1
202300044007,27,8,2023,22:35,5,1,6,31,31254,1,3,3,1,1
202300044008,6,12,2023,16:00,2,1,2,75,75119,2,4,1,1,1
202300044009,20,2,2023,21:35,3,1,7,91,91174,1,2,1,2,1
202300044010,31,8,2023,14:45,1,1,2,34,34172,1,1,3,1,1
202300044011,6,4,2023,08:40,1,1,4,13,13081,1,1,1,1,1
202300044012,20,2,2023,10:15,1,1,4,91,91161,1,1,3,1,1
202300044013,1,9,2023,14:05,1,1,2,55,55237,1,1,1,1,2
202300044014,21,2,2023,17:45,1,1,6,78,78423,1,2,1,1,1
202300044015,6,12,2023,08:15,1,1,4,75,75112,2,4,1,1,1
202300044016,6,4,2023,07:40,2,1,4,33,33003,1,1,3,1,1
202300044017,21,2,2023,11:45,1,1,3,93,93006,1,1,-1,2,1
202300044018,7,12,2023,13:50,1,8,3,75,75117,2,4,1,1,1
202300044019,6,4,2023,18:00,1,1,2,91,91689,1,1,1,1,1
202300044020,1,9,2023,12:50,1,1,2,45,45020,1,1,3,1,1
202300044021,6,12,2023,20:10,5,8,6,75,75102,2,4,2,1,1
202300044021,6,12,2023,20:10,5,8,6,75,75102,2,4,2,1,1
202300044022,21,2,2023,10:00,1,1,5,93,93066,1,1,2,1,1
202300044023,1,9,2023,13:00,1,1,3,33,33229,1,3,3,1,1
202300044024,6,4,2023,12:45,1,2,2,91,91228,1,1,1,1,2
202300044025,6,12,2023,12:40,1,1,3,75,75114,2,4,3,1,1
202300044026,20,2,2023,09:00,1,1,2,95,95582,1,1,3,1,1
202300044027,31,8,2023,16:35,1,1,6,971,97117,1,2,2,3,1
202300044028,6,4,2023,12:50,1,1,3,91,91692,1,2,1,2,2
202300044029,7,12,2023,18:13,5,2,6,75,75105,2,4,-1,2,2
202300044029,7,12,2023,18:13,5,2,6,75,75105,2,4,2,1,2
202300044030,20,2,2023,11:00,1,1,6,28,28229,2,4,1,1,1
202300044031,31,8,2023,19:16,5,1,3,971,97129,2,4,2,1,1
202300044031,31,8,2023,19:16,5,1,3,971,97129,2,4,2,1,1
202300044032,6,4,2023,08:30,1,2,7,94,94003,1,1,1,1,2
202300044033,7,12,2023,02:38,5,1,3,75,75117,2,4,2,1,1
202300044033,7,12,2023,02:38,5,1,3,75,75117,2,4,1,2,1
202300044034,6,4,2023,17:00,1,1,3,78,78297,1,2,1,1,1
202300044035,7,12,2023,22:00,3,3,6,75,75115,2,4,1,1,3
202300044036,21,2,2023,07:20,1,1,6,988,98818,2,4,2,1,1
202300044036,21,2,2023,07:20,1,1,6,988,98818,2,4,2,1,1
202300044037,30,8,2023,14:50,1,2,2,44,44020,2,4,2,1,2
202300044037,30,8,2023,14:50,1,2,2,44,44020,2,4,2,1,2
202300044038,31,8,2023,18:43,1,1,6,2B,2B162,2,3,2,1,1
202300044039,6,4,2023,17:50,1,1,4,78,78455,1,1,1,1,1
202300044040,20,2,2023,14:15,1,1,3,974,97411,2,4,2,1,1
202300044040,20,2,2023,14:15,1,1,3,974,97411,2,4,2,1,1
202300044041,6,12,2023,23:50,5,1,5,75,75114,2,4,2,1,1
202300044042,6,4,2023,07:20,2,1,7,92,92023,1,2,1,1,1
202300044043,29,7,2023,11:45,1,1,1,66,66190,1,3,2,1,1
202300044044,20,2,2023,18:26,1,3,3,973,97302,2,3,2,1,2
202300044044,20,2,2023,18:26,1,3,3,973,97302,2,3,2,1,2
202300044045,7,12,2023,19:45,5,2,6,75,75113,2,4,1,1,2
202300044045,7,12,2023,19:45,5,2,6,75,75113,2,4,1,1,2
202300044046,5,4,2023,18:00,1,1,7,95,95061,1,2,3,1,1
202300044047,31,8,2023,18:50,1,1,7,83,83104,1,3,2,1,1
202300044048,7,12,2023,20:30,5,2,6,75,75112,2,4,1,1,2
202300044049,5,4,2023,08:35,1,1,2,95,95018,1,3,3,1,1
202300044050,20,2,2023,10:50,1,3,3,973,97302,2,4,1,1,2
202300044050,20,2,2023,10:50,1,3,3,973,97302,2,4,1,1,2
202300044051,7,12,2023,08:20,1,1,2,75,75112,2,4,2,1,1
202300044052,30,8,2023,15:12,1,1,2,13,13062,1,3,2,2,1
202300044053,20,2,2023,17:20,1,1,2,69,69388,2,4,1,1,1
202300044054,7,12,2023,21:45,5,3,6,75,75111,2,4,2,1,2
202300044055,6,4,2023,09:40,1,2,5,93,93051,1,1,3,1,2
202300044056,1,9,2023,14:48,1,1,6,68,68334,2,3,2,1,1
202300044057,7,12,2023,16:37,2,1,6,75,75110,2,4,2,1,1
202300044057,7,12,2023,16:37,2,1,6,75,75110,2,4,1,1,1
202300044058,20,2,2023,04:45,5,1,6,69,69383,2,4,2,1,1
202300044058,20,2,2023,04:45,5,1,6,69,69383,2,4,1,1,1
202300044059,31,8,2023,21:00,5,1,1,68,68348,2,3,2,1,1
202300044060,20,2,2023,15:30,1,1,7,972,97209,1,3,2,1,1
202300044061,31,8,2023,16:00,1,8,7,67,67156,1,3,2,1,1
202300044062,4,4,2023,18:10,1,1,6,67,67482,2,4,2,1,1
202300044063,7,12,2023,15:55,2,1,3,75,75108,2,4,1,1,1
202300044063,7,12,2023,15:55,2,1,3,75,75108,2,4,1,1,1
202300044064,4,4,2023,14:50,1,2,6,67,67482,2,4,3,3,2
202300044065,19,2,2023,21:50,3,1,2,972,97209,2,2,-1,1,-1
202300044065,19,2,2023,21:50,3,1,2,972,97209,2,2,3,4,1
202300044066,30,8,2023,23:30,3,1,7,67,67473,1,3,2,1,2
202300044067,7,12,2023,08:45,1,1,3,75,75108,2,4,2,1,1
202300044067,7,12,2023,08:45,1,1,3,75,75108,2,4,1,1,1
202300044068,5,4,2023,04:40,5,1,1,974,97416,2,2,2,2,1
202300044069,1,9,2023,11:58,1,1,1,03,03189,1,3,2,1,1
202300044070,20,2,2023,20:10,5,1,3,69,69149,2,4,2,1,1
202300044070,20,2,2023,20:10,5,1,3,69,69149,2,4,2,2,1
202300044071,6,12,2023,15:46,1,1,2,75,75108,2,4,2,1,1
202300044071,6,12,2023,15:46,1,1,2,75,75108,2,4,1,1,1