id_accident,jour,mois,annee,heure_minute,luminosite,meteo,type_collision,departement,commune,agglomeration,categorie_route,regime_circulation,profil_route,etat_surface
202300044072,20,2,2023,18:07,5,1,6,69,69149,2,7,2,1,1
202300044073,1,9,2023,13:00,1,1,6,42,42094,2,3,2,1,1
202300044074,6,12,2023,08:20,1,1,3,75,75108,2,4,2,1,1
202300044074,6,12,2023,08:20,1,1,3,75,75108,2,4,1,1,1
202300044075,5,4,2023,13:10,1,8,3,973,97302,2,3,2,1,1
202300044075,5,4,2023,13:10,1,8,3,973,97302,2,3,2,1,1
202300044076,31,8,2023,13:44,1,1,3,07,07259,1,4,2,2,1
202300044076,31,8,2023,13:44,1,1,3,07,07259,1,4,2,1,1
202300044077,7,12,2023,10:00,1,1,6,75,75102,2,4,1,1,1
202300044077,7,12,2023,10:00,1,1,6,75,75102,2,4,2,1,1
202300044078,20,2,2023,15:50,1,1,4,69,69384,2,4,2,1,1
202300044079,7,12,2023,16:04,5,1,3,94,94078,2,4,2,2,1
202300044080,5,4,2023,08:20,1,1,6,973,97302,2,4,1,1,1
202300044080,5,4,2023,08:20,1,1,6,973,97302,2,4,1,1,1
202300044081,1,9,2023,16:05,1,1,1,69,69131,1,3,2,1,1
202300044082,20,2,2023,13:10,1,1,3,69,69149,2,7,2,1,1
202300044082,20,2,2023,13:10,1,1,3,69,69149,2,7,2,2,1
202300044083,6,12,2023,08:17,1,1,3,94,94068,2,3,2,1,1
202300044083,6,12,2023,08:17,1,1,3,94,94068,2,3,2,1,1
202300044084,5,4,2023,15:35,1,1,3,972,97213,1,1,1,1,1
202300044085,20,2,2023,08:00,1,1,2,2A,2A004,2,2,1,2,1
202300044086,5,4,2023,09:50,1,1,7,69,69149,2,7,2,2,9
202300044087,1,9,2023,17:46,1,9,6,49,49301,1,4,2,1,2
202300044088,7,12,2023,10:30,1,1,3,94,94003,2,3,1,2,1
202300044088,7,12,2023,10:30,1,1,3,94,94003,2,3,-1,2,1
202300044089,20,2,2023,13:55,1,1,3,91,91692,2,3,2,1,1
202300044089,20,2,2023,13:55,1,1,3,91,91692,2,3,2,1,1
202300044090,5,4,2023,15:00,1,1,2,2B,2B037,1,2,3,1,1
202300044091,1,9,2023,13:40,1,1,1,50,50594,1,3,2,1,1
202300044092,7,12,2023,08:15,1,1,3,94,94075,1,3,2,1,1
202300044093,4,4,2023,10:30,1,1,6,971,97120,1,4,1,1,1
202300044094,20,2,2023,13:54,1,1,3,87,87085,2,4,2,1,1
202300044094,20,2,2023,13:54,1,1,3,87,87085,2,4,2,1,1
202300044095,1,9,2023,00:05,3,2,1,22,22277,1,3,2,1,2
202300044096,7,12,2023,16:50,2,2,3,93,93066,2,4,1,1,2
202300044096,7,12,2023,16:50,2,2,3,93,93066,2,4,3,1,2
202300044097,20,2,2023,13:54,1,1,7,87,87085,2,4,2,1,1
202300044098,5,4,2023,16:11,1,1,3,2A,2A004,2,2,3,1,1
202300044098,5,4,2023,16:11,1,1,3,2A,2A004,2,2,2,1,1
202300044099,7,12,2023,18:50,5,2,2,93,93055,2,3,2,1,2
202300044099,7,12,2023,18:50,5,2,2,93,93055,2,3,2,1,2
202300044100,19,2,2023,20:40,3,1,6,87,87085,1,1,1,2,1
202300044101,5,4,2023,07:50,1,1,3,2A,2A004,2,4,2,1,1
202300044101,5,4,2023,07:50,1,1,3,2A,2A004,2,4,2,1,1
202300044102,28,8,2023,19:00,1,1,1,59,59377,2,4,2,1,1
202300044103,7,12,2023,19:50,5,2,3,93,93047,2,3,2,1,2
202300044103,7,12,2023,19:50,5,2,3,93,93047,2,3,1,1,2
202300044104,19,2,2023,16:42,1,1,4,87,87085,2,4,2,2,1
202300044105,31,8,2023,19:15,1,1,2,13,13214,1,1,1,1,1
202300044106,7,12,2023,08:26,1,1,3,93,93029,2,3,1,1,1
202300044106,7,12,2023,08:26,1,1,3,93,93029,2,3,2,1,1
202300044107,19,2,2023,13:47,1,1,3,87,87075,1,3,2,1,1
202300044107,19,2,2023,13:47,1,1,3,87,87075,1,3,2,1,1
202300044108,16,8,2023,12:00,1,1,3,13,13071,1,1,1,2,1
202300044109,7,12,2023,20:25,5,2,6,93,93014,2,3,3,1,2
202300044109,7,12,2023,20:25,5,2,6,93,93014,2,3,3,1,2
202300044110,20,2,2023,05:00,3,1,1,84,84035,2,3,2,1,1
202300044111,5,4,2023,16:40,1,1,6,91,91570,2,4,2,1,1
202300044112,30,8,2023,18:23,1,1,2,13,13005,1,1,1,1,1
202300044113,20,2,2023,20:30,5,1,1,83,83137,2,3,2,2,1
202300044114,5,4,2023,10:05,1,1,3,91,91286,2,3,2,1,1
202300044115,7,12,2023,20:15,5,2,3,93,93007,2,3,2,1,2
202300044115,7,12,2023,20:15,5,2,3,93,93007,2,3,2,1,2
202300044116,30,8,2023,13:35,1,1,2,13,13056,1,1,1,1,1
202300044117,19,2,2023,19:43,5,1,2,78,78440,2,3,3,1,1
202300044118,5,4,2023,10:25,1,7,6,91,91433,1,4,-1,1,1
202300044119,30,8,2023,10:15,1,1,2,83,83144,1,1,3,1,1
202300044120,6,12,2023,20:00,5,1,3,92,92078,2,3,4,1,1
202300044120,6,12,2023,20:00,5,1,3,92,92078,2,3,1,1,1
202300044121,31,8,2023,07:25,1,1,6,33,33122,1,1,3,1,1
202300044122,5,4,2023,09:47,1,1,6,87,87050,2,3,2,1,1
202300044123,7,12,2023,09:00,1,1,3,92,92073,2,3,4,2,1
202300044124,31,8,2023,17:10,1,2,2,94,94076,1,1,3,1,2
202300044125,5,4,2023,21:05,5,1,3,83,83069,2,4,1,2,1
202300044125,5,4,2023,21:05,5,1,3,83,83069,2,4,1,1,1
202300044126,6,12,2023,20:50,5,1,3,92,92072,2,4,2,1,1
202300044126,6,12,2023,20:50,5,1,3,92,92072,2,4,1,1,1
202300044127,10,2,2023,09:00,1,1,6,76,76351,1,5,2,1,2
202300044128,5,12,2023,20:30,5,2,7,92,92072,2,4,2,1,2
202300044129,31,8,2023,08:47,1,8,4,91,91228,1,1,1,1,1
202300044130,3,3,2023,17:15,1,1,6,78,78158,2,4,2,1,1
202300044130,3,3,2023,17:15,1,1,6,78,78158,2,4,2,1,1
202300044131,31,8,2023,07:01,2,1,2,91,91434,1,1,1,1,1
202300044132,5,4,2023,20:15,2,1,6,78,78372,2,4,2,1,1
202300044133,7,12,2023,19:45,5,2,4,92,92050,1,3,1,2,2
202300044133,7,12,2023,19:45,5,2,4,92,92050,1,3,1,1,2
202300044134,20,2,2023,19:25,5,1,6,73,73008,2,3,2,1,1
202300044134,20,2,2023,19:25,5,1,6,73,73008,2,3,2,1,1
202300044135,7,12,2023,17:45,2,8,6,92,92050,2,4,-1,2,2
202300044136,30,8,2023,19:45,1,1,2,91,91471,1,2,3,1,1
202300044137,3,4,2023,19:10,1,1,3,78,78418,2,4,1,1,1
202300044137,3,4,2023,19:10,1,1,3,78,78418,2,4,2,1,1
202300044138,19,2,2023,18:15,2,1,3,71,71306,2,2,1,2,1
202300044138,19,2,2023,18:15,2,1,3,71,71306,2,2,2,2,1
202300044139,6,12,2023,20:00,5,1,3,92,92050,2,3,2,1,1
202300044140,30,8,2023,14:45,1,1,2,93,93027,1,1,3,1,1
202300044141,5,4,2023,21:00,5,1,1,78,78624,1,3,2,2,1
202300044142,31,8,2023,18:15,1,8,6,94,94018,1,1,1,2,2
202300044143,5,12,2023,12:10,1,2,7,92,92024,2,3,2,2,8
202300044144,20,2,2023,17:40,1,1,3,69,69271,2,4,2,1,1
202300044144,20,2,2023,17:40,1,1,3,69,69271,2,4,2,1,1
202300044145,7,12,2023,20:15,5,3,6,92,92012,2,3,2,1,2
202300044146,31,8,2023,08:30,1,1,2,77,77363,1,1,3,1,1
202300044147,17,2,2023,20:00,5,1,3,67,67482,2,4,2,1,1
202300044148,8,12,2023,18:30,5,1,2,24,24294,2,3,2,1,1
202300044149,24,7,2023,22:36,4,1,6,59,59350,2,4,1,1,1
202300044149,24,7,2023,22:36,4,1,6,59,59350,2,4,3,1,1
202300044150,5,4,2023,20:00,1,1,7,77,77070,1,3,2,2,1
202300044151,7,12,2023,19:30,5,3,6,95,95480,2,3,2,1,2
202300044152,18,2,2023,16:43,1,1,6,66,66136,2,4,2,2,1
202300044152,18,2,2023,16:43,1,1,6,66,66136,2,4,2,1,1
202300044153,7,12,2023,22:30,3,3,6,31,31074,1,3,2,1,2
202300044154,12,4,2023,15:00,1,2,1,73,73154,1,3,1,2,2
202300044155,4,4,2023,13:50,1,1,1,76,76351,2,4,-1,1,1
202300044155,4,4,2023,13:50,1,1,1,76,76351,2,4,2,1,1
202300044156,17,2,2023,18:08,2,1,3,66,66136,1,2,3,1,1
202300044157,8,12,2023,10:30,1,2,6,71,71497,1,1,3,1,2
202300044158,4,4,2023,15:00,1,1,3,73,73031,2,4,2,1,1
202300044158,4,4,2023,15:00,1,1,3,73,73031,2,4,-1,1,1
202300044159,20,2,2023,22:05,5,1,1,64,64445,1,3,2,1,1
202300044160,26,6,2023,10:20,1,1,3,64,64348,2,3,-1,1,1
202300044160,26,6,2023,10:20,1,1,3,64,64348,2,3,-1,1,1
202300044161,8,12,2023,08:30,1,2,3,974,97404,2,3,2,1,2
202300044162,5,4,2023,19:30,1,1,2,69,69259,2,4,2,2,1
202300044163,20,2,2023,03:00,3,1,7,64,64122,2,4,2,3,1
202300044164,8,12,2023,10:44,1,2,3,63,63035,1,3,2,2,2
202300044164,8,12,2023,10:44,1,2,3,63,63035,1,3,2,1,2
202300044165,23,2,2023,14:20,1,1,3,39,39362,2,3,2,1,1
202300044165,23,2,2023,14:20,1,1,3,39,39362,2,3,2,1,1
202300044166,20,2,2023,09:00,1,1,7,63,63113,2,4,4,1,1
202300044167,8,12,2023,06:28,5,2,5,86,86226,1,3,2,1,2
202300044168,26,5,2023,01:45,5,1,3,01,01053,2,3,2,1,1
202300044168,26,5,2023,01:45,5,1,3,01,01053,2,3,2,1,1
202300044169,4,4,2023,19:35,2,1,3,67,67267,2,4,2,1,1
202300044169,4,4,2023,19:35,2,1,3,67,67267,2,4,2,1,1
202300044170,18,2,2023,23:05,5,1,3,63,63113,2,4,-1,1,1
202300044170,18,2,2023,23:05,5,1,3,63,63113,2,4,1,1,1
202300044171,30,11,2023,23:00,3,2,7,84,84029,1,3,2,1,2
202300044172,17,1,2023,17:58,5,1,3,93,93053,2,3,2,3,1
202300044172,17,1,2023,17:58,5,1,3,93,93053,2,3,2,3,1
202300044173,4,4,2023,11:45,1,1,6,67,67482,2,4,2,1,1
202300044173,4,4,2023,11:45,1,1,6,67,67482,2,4,2,1,1
202300044174,6,12,2023,14:40,1,7,6,85,85109,2,3,3,2,1
202300044175,2,2,2023,00:45,5,1,6,62,62525,2,4,2,1,1
202300044175,2,2,2023,00:45,5,1,6,62,62525,2,4,2,1,1
202300044176,7,12,2023,08:00,1,1,2,63,63178,1,1,1,1,1
202300044177,20,2,2023,20:30,5,1,6,59,59599,2,4,1,1,1
202300044178,30,8,2023,17:15,1,1,3,973,97302,1,2,2,1,1
202300044179,2,4,2023,16:45,1,1,3,59,59560,2,4,2,1,1
202300044179,2,4,2023,16:45,1,1,3,59,59560,2,4,2,1,1
202300044180,8,12,2023,07:45,2,2,6,30,30217,2,3,2,2,2
202300044181,5,4,2023,22:25,5,2,3,56,56260,2,3,2,2,2
202300044182,20,2,2023,14:35,1,1,3,51,51172,2,4,1,1,1
202300044183,30,8,2023,12:20,1,1,6,972,97209,1,4,2,1,1
202300044184,8,12,2023,07:25,3,2,1,30,30141,1,3,2,1,2
202300044185,5,4,2023,18:00,1,1,6,51,51454,2,4,1,1,1
202300044186,5,4,2023,18:15,1,1,6,49,49099,2,4,1,1,1
202300044187,7,12,2023,20:10,3,2,3,56,56070,1,2,3,2,2
202300044188,30,8,2023,22:55,3,1,3,69,69389,2,4,2,1,1
202300044188,30,8,2023,22:55,3,1,3,69,69389,2,4,1,1,1
202300044189,4,4,2023,12:47,1,1,7,49,49007,2,4,2,1,1
202300044190,8,12,2023,11:45,1,1,1,56,56042,1,3,2,2,2
202300044191,17,2,2023,18:34,2,1,6,51,51108,2,4,2,1,1
202300044192,7,12,2023,12:01,1,1,6,59,59094,2,4,3,1,1
202300044193,5,4,2023,17:15,1,1,2,45,45298,2,4,2,1,1
202300044194,19,2,2023,16:18,1,1,6,49,49007,2,4,2,1,1
202300044194,19,2,2023,16:18,1,1,6,49,49007,2,4,2,1,1
202300044195,5,12,2023,17:30,5,1,6,2A,2A130,2,6,-1,1,1
202300044196,17,3,2023,12:45,1,1,2,44,44109,2,4,2,1,1
202300044197,8,12,2023,16:30,1,1,6,89,89339,1,3,2,1,2
202300044198,18,3,2023,03:55,3,1,6,44,44109,2,4,2,1,1
202300044199,19,2,2023,11:17,1,1,1,49,49007,2,4,2,1,1
202300044200,26,8,2023,00:50,3,1,2,84,84080,1,3,3,1,1
202300044201,5,4,2023,06:00,5,1,3,44,44143,2,7,3,1,1
202300044202,7,12,2023,17:42,3,1,1,63,63031,1,3,2,1,1
202300044203,20,2,2023,11:50,1,1,3,47,47032,1,4,2,1,1
202300044203,20,2,2023,11:50,1,1,3,47,47032,1,4,2,1,1
202300044204,5,4,2023,08:40,1,1,2,35,35206,1,3,3,1,1
202300044205,8,12,2023,19:00,3,1,1,61,61284,1,3,2,1,1
202300044206,26,8,2023,23:45,5,2,3,83,83126,2,3,2,1,2
202300044206,26,8,2023,23:45,5,2,3,83,83126,2,3,2,1,2
202300044207,5,4,2023,01:24,3,1,7,34,34301,1,4,2,1,1
202300044208,20,2,2023,15:30,1,1,6,44,44162,2,4,2,1,1
202300044209,8,12,2023,15:55,1,1,1,49,49215,1,3,2,1,1
202300044210,30,8,2023,19:40,1,1,2,77,77053,2,4,2,1,1
202300044211,5,4,2023,09:33,1,1,3,34,34003,2,4,4,1,1
202300044211,5,4,2023,09:33,1,1,3,34,34003,2,4,2,1,1
202300044212,8,12,2023,06:20,3,2,6,12,12016,1,3,2,2,2
202300044213,11,2,2023,00:15,3,1,6,44,44143,1,2,3,1,1
202300044214,8,12,2023,14:05,1,1,6,25,25287,2,3,2,1,1
202300044215,5,4,2023,17:30,1,1,1,33,33550,2,4,2,2,1
202300044216,7,12,2023,15:15,1,1,6,25,25468,1,3,2,2,2
202300044217,18,2,2023,18:30,5,1,6,39,39198,2,4,2,1,1
202300044217,18,2,2023,18:30,5,1,6,39,39198,2,4,2,2,1
202300044218,30,8,2023,16:45,1,1,3,77,77111,2,3,-1,1,1
202300044218,30,8,2023,16:45,1,1,3,77,77111,2,3,-1,1,1
202300044219,5,4,2023,08:50,1,1,6,31,31555,2,4,2,1,1
202300044220,20,2,2023,14:10,1,1,6,38,38421,2,4,2,1,1
202300044221,7,12,2023,09:15,1,3,3,44,44089,1,3,2,1,2
202300044221,7,12,2023,09:15,1,3,3,44,44089,1,3,2,2,2
202300044222,30,8,2023,18:00,1,1,2,76,76540,2,7,2,1,1
202300044222,30,8,2023,18:00,1,1,2,76,76540,2,7,2,1,1
202300044223,5,4,2023,06:04,4,1,3,31,31555,2,7,2,1,1
202300044223,5,4,2023,06:04,4,1,3,31,31555,2,7,2,1,1
202300044224,6,12,2023,11:21,1,1,3,44,44152,1,4,2,1,1
202300044224,6,12,2023,11:21,1,1,3,44,44152,1,4,2,1,1
202300044225,30,8,2023,18:10,1,1,6,69,69266,2,4,1,1,1
202300044226,2,4,2023,15:45,1,1,3,30,30028,2,4,-1,1,1
202300044226,2,4,2023,15:45,1,1,3,30,30028,2,4,1,1,1
202300044227,20,2,2023,17:05,1,1,4,35,35238,1,2,3,1,1
202300044228,7,12,2023,14:20,1,2,1,44,44087,1,3,2,1,2
202300044229,20,2,2023,10:15,1,1,2,33,33063,2,4,1,1,1
202300044230,30,8,2023,04:23,3,1,6,68,68195,1,1,1,1,1
202300044231,7,12,2023,01:10,3,3,6,29,29247,1,2,3,1,2
202300044232,3,4,2023,07:25,1,1,3,19,19031,2,4,2,1,1
202300044232,3,4,2023,07:25,1,1,3,19,19031,2,4,2,1,1
202300044233,20,2,2023,17:05,1,1,1,31,31555,2,4,2,2,1
202300044234,26,8,2023,22:07,5,1,6,66,66136,1,4,1,2,1
202300044235,8,12,2023,15:55,1,1,1,02,02810,1,3,2,2,2
202300044236,8,12,2023,16:09,1,2,6,03,03217,1,3,2,1,2
202300044237,4,4,2023,19:45,2,1,3,13,13096,2,4,2,1,1
202300044238,20,2,2023,07:50,1,5,3,31,31555,2,4,2,1,1
202300044239,30,8,2023,11:45,1,3,5,64,64348,2,3,2,1,2
202300044240,8,12,2023,16:25,1,1,1,01,01134,1,3,2,1,1
202300044241,5,4,2023,19:35,2,1,1,13,13103,2,4,1,1,1
202300044242,20,2,2023,17:34,1,1,4,29,29039,2,3,1,1,1
202300044243,5,4,2023,11:10,1,1,3,13,13213,2,4,2,1,1
202300044244,30,8,2023,18:52,1,8,3,64,64122,2,4,1,1,1
202300044244,30,8,2023,18:52,1,8,3,64,64122,2,4,1,2,1
202300044245,20,2,2023,16:33,1,1,6,29,29039,2,3,2,1,1
202300044246,7,12,2023,18:30,3,1,5,01,01232,1,3,2,2,1
202300044247,5,4,2023,23:30,5,1,2,13,13004,1,2,1,1,1
202300044248,15,2,2023,08:54,2,1,3,29,29019,2,4,2,1,1
202300044248,15,2,2023,08:54,2,1,3,29,29019,2,4,-1,1,1
202300044249,30,8,2023,18:50,1,1,3,59,59183,2,4,2,1,1
202300044249,30,8,2023,18:50,1,1,3,59,59183,2,4,2,1,1
202300044250,7,12,2023,18:39,3,2,4,18,18141,1,3,2,3,2
202300044251,16,7,2023,11:20,1,1,6,42,42218,2,4,2,1,1
202300044252,20,2,2023,14:19,1,1,2,27,27229,2,4,2,1,1
202300044253,6,12,2023,08:50,1,5,1,53,53249,1,3,2,1,7
202300044254,4,4,2023,17:18,1,1,6,10,10387,2,4,1,1,1
202300044254,4,4,2023,17:18,1,1,6,10,10387,2,4,-1,1,1
202300044255,30,8,2023,13:00,1,2,7,37,37195,1,3,-1,1,2
202300044256,5,12,2023,18:35,5,1,6,21,21554,2,3,2,1,2
202300044257,20,2,2023,21:02,5,1,6,18,18033,2,4,-1,1,1
202300044258,17,3,2023,19:10,1,1,6,06,06155,2,3,2,1,1
202300044259,30,11,2023,13:45,1,8,7,30,30006,1,4,1,1,1
202300044260,29,8,2023,09:35,1,1,1,37,37122,2,4,2,1,1
202300044261,18,2,2023,17:20,1,1,1,13,13039,1,4,2,1,9
202300044262,2,4,2023,10:25,1,2,3,02,02168,2,4,1,1,2
202300044263,28,8,2023,08:55,1,1,6,32,32013,2,2,1,1,2
202300044264,20,2,2023,10:20,1,1,2,13,13215,2,4,2,1,1
202300044265,5,4,2023,09:45,1,1,6,01,01053,2,3,3,1,1
202300044265,5,4,2023,09:45,1,1,6,01,01053,2,3,1,1,1
202300044266,5,12,2023,07:18,3,3,6,80,80365,1,1,3,1,2
202300044267,29,8,2023,15:45,1,1,2,29,29039,1,4,2,2,1
202300044268,8,12,2023,08:50,1,3,6,05,05173,1,1,2,1,2
202300044269,5,4,2023,09:10,1,1,6,94,94052,2,4,1,2,1
202300044270,20,2,2023,02:30,5,1,1,13,13210,2,4,2,3,1
202300044271,7,12,2023,06:47,2,1,7,06,06084,1,3,3,2,7
202300044272,7,12,2023,06:40,2,1,7,06,06084,1,3,3,2,1
202300044273,30,8,2023,18:40,1,1,5,26,26362,1,2,3,1,1
202300044274,5,4,2023,08:05,1,1,2,75,75117,2,4,1,1,1
202300044275,18,2,2023,23:45,5,1,3,13,13213,2,4,-1,1,1
202300044276,7,12,2023,08:30,1,1,6,13,13051,2,4,2,1,1
202300044276,7,12,2023,08:30,1,1,6,13,13051,2,4,2,1,1
202300044277,4,4,2023,19:40,1,1,6,75,75117,2,4,1,1,1
202300044278,20,2,2023,08:50,1,7,6,13,13005,2,4,2,2,1
202300044279,6,12,2023,12:15,1,1,2,68,68224,1,1,1,2,2
202300044280,5,4,2023,10:50,1,1,3,75,75106,2,4,1,1,1
202300044280,5,4,2023,10:50,1,1,3,75,75106,2,4,2,1,1
202300044281,7,12,2023,23:40,5,2,7,95,95250,2,4,2,1,2
202300044282,30,8,2023,19:00,1,1,3,14,14117,2,4,1,1,1
202300044282,30,8,2023,19:00,1,1,3,14,14117,2,4,2,2,1
202300044283,5,4,2023,19:20,1,1,3,75,75119,2,4,2,2,1
202300044284,3,12,2023,11:30,1,1,3,13,13076,1,1,-1,1,1
202300044285,20,2,2023,23:10,5,1,4,06,06088,2,4,2,2,1
202300044286,30,8,2023,20:47,4,1,6,13,13210,2,4,3,1,1
202300044287,8,12,2023,08:30,2,2,3,44,44020,2,4,2,1,2
202300044288,5,4,2023,15:00,1,1,6,75,75118,2,4,1,1,1
202300044288,5,4,2023,15:00,1,1,6,75,75118,2,4,1,1,1
202300044289,30,8,2023,20:30,2,1,1,13,13213,2,4,2,1,1
202300044290,20,2,2023,15:00,1,1,2,04,04112,2,3,2,1,1
202300044290,20,2,2023,15:00,1,1,2,04,04112,2,3,2,1,1
202300044291,6,12,2023,17:20,3,5,3,77,77234,1,3,2,1,1
202300044291,6,12,2023,17:20,3,5,3,77,77234,1,3,2,3,1
202300044292,30,8,2023,15:30,1,1,6,13,13209,2,6,2,1,1
202300044293,5,4,2023,13:00,1,1,6,75,75118,2,4,1,1,1
202300044293,5,4,2023,13:00,1,1,6,75,75118,2,4,1,1,1
202300044294,8,12,2023,07:50,3,1,6,91,91579,2,3,2,1,2
202300044295,30,8,2023,07:20,1,1,1,13,13002,1,3,2,2,1
202300044296,5,4,2023,16:40,1,1,1,75,75115,2,4,1,1,1
202300044296,5,4,2023,16:40,1,1,1,75,75115,2,4,1,1,1
202300044297,20,2,2023,15:56,1,1,6,75,75118,2,4,2,1,1
202300044297,20,2,2023,15:56,1,1,6,75,75118,2,4,1,1,1
202300044298,8,12,2023,13:15,1,8,7,34,34199,1,3,2,1,2
202300044299,30,8,2023,01:10,5,1,6,13,13005,2,3,2,2,1
202300044300,19,2,2023,22:00,5,1,1,75,75115,2,4,1,1,1
202300044300,19,2,2023,22:00,5,1,1,75,75115,2,4,1,1,1
202300044301,29,8,2023,21:10,5,1,6,10,10060,2,4,2,1,1
202300044302,8,12,2023,10:50,1,2,3,42,42094,1,3,2,1,2
202300044302,8,12,2023,10:50,1,2,3,42,42094,1,3,2,1,2
202300044303,20,2,2023,14:21,1,1,2,75,75120,2,4,1,1,1
202300044303,20,2,2023,14:21,1,1,2,75,75120,2,4,1,1,1
202300044304,30,8,2023,23:40,5,1,3,06,06123,2,7,2,1,1
202300044305,4,4,2023,13:46,1,1,6,75,75114,2,4,-1,1,1
202300044305,4,4,2023,13:46,1,1,6,75,75114,2,4,2,1,1
202300044306,7,12,2023,08:45,1,2,6,85,85092,2,3,2,1,2
202300044306,7,12,2023,08:45,1,2,6,85,85092,2,3,2,1,2
202300044307,30,8,2023,22:45,5,1,1,03,03185,2,3,2,1,1
202300044307,30,8,2023,22:45,5,1,1,03,03185,2,3,3,1,1
202300044308,5,4,2023,15:00,1,1,1,75,75110,2,4,2,1,1
202300044308,5,4,2023,15:00,1,1,1,75,75110,2,4,-1,1,1
202300044309,6,12,2023,16:50,1,1,3,29,29103,2,4,2,1,1
202300044310,29,8,2023,09:20,1,1,3,01,01451,1,3,2,1,1
202300044311,5,4,2023,15:20,1,1,3,94,94080,2,3,2,1,1
202300044312,7,12,2023,23:20,3,9,7,27,27012,1,3,2,1,2
202300044313,7,12,2023,14:45,1,1,2,60,60341,2,2,2,1,1
202300044314,5,4,2023,18:45,1,7,6,94,94044,2,4,1,1,1
202300044314,5,4,2023,18:45,1,7,6,94,94044,2,4,1,1,1
202300044315,7,12,2023,16:25,2,1,2,13,13215,1,1,1,1,1
202300044316,28,3,2023,20:40,3,1,6,94,94015,2,4,2,1,1
202300044317,30,8,2023,15:10,1,1,3,75,75119,2,4,1,1,1
202300044318,4,4,2023,15:20,1,1,3,94,94028,2,4,-1,1,1
202300044319,7,12,2023,09:01,1,1,3,13,13215,1,1,1,1,1
202300044320,5,4,2023,17:15,1,1,6,94,94059,2,4,1,1,1
202300044320,5,4,2023,17:15,1,1,6,94,94059,2,4,2,2,1
202300044321,30,8,2023,11:30,1,1,4,75,75117,2,4,1,1,1
202300044322,29,8,2023,16:50,1,1,2,75,75113,2,4,1,1,1
202300044323,7,12,2023,09:48,1,1,2,13,13215,1,1,1,1,1
202300044324,4,4,2023,18:35,1,1,6,94,94002,2,3,2,1,1
202300044324,4,4,2023,18:35,1,1,6,94,94002,2,3,1,1,1
202300044325,28,8,2023,15:09,1,1,6,75,75105,2,4,2,1,1
202300044325,28,8,2023,15:09,1,1,6,75,75105,2,4,1,1,1
202300044326,7,12,2023,07:10,2,1,2,83,83137,1,1,1,1,1
202300044327,5,4,2023,18:44,1,1,3,93,93029,2,4,2,1,1
202300044327,5,4,2023,18:44,1,1,3,93,93029,2,4,2,1,1
202300044328,30,8,2023,12:20,1,1,6,75,75113,2,4,2,2,1
202300044328,30,8,2023,12:20,1,1,6,75,75113,2,4,1,2,1
202300044329,4,4,2023,15:40,1,1,6,93,93001,2,4,1,1,1
202300044330,7,12,2023,19:20,3,2,4,91,91689,1,1,-1,1,2
202300044331,30,8,2023,17:00,1,1,2,75,75111,2,4,2,1,1
202300044331,30,8,2023,17:00,1,1,2,75,75111,2,4,1,1,1
202300044332,4,4,2023,16:45,1,1,3,92,92075,2,4,2,1,1
202300044333,30,8,2023,17:30,1,1,6,75,75110,2,4,-1,1,1
202300044333,30,8,2023,17:30,1,1,6,75,75110,2,4,3,1,1
202300044334,5,4,2023,13:15,1,1,6,92,92073,2,3,3,2,1
202300044335,7,12,2023,14:38,1,1,4,91,91689,1,1,3,1,2
202300044336,29,8,2023,15:43,1,1,6,75,75110,2,4,2,1,1
202300044336,29,8,2023,15:43,1,1,6,75,75110,2,4,1,1,1
202300044337,5,4,2023,18:20,1,1,6,92,92062,2,4,1,1,1
202300044338,7,12,2023,08:15,1,1,5,91,91377,1,1,1,1,1
202300044339,30,8,2023,17:20,1,1,3,75,75117,2,4,1,1,1
202300044339,30,8,2023,17:20,1,1,3,75,75117,2,4,1,1,1
202300044340,5,4,2023,09:28,1,1,3,92,92051,2,4,1,1,1
202300044340,5,4,2023,09:28,1,1,3,92,92051,2,4,2,1,1
202300044341,30,8,2023,09:40,1,8,6,75,75109,2,4,1,1,1
202300044341,30,8,2023,09:40,1,8,6,75,75109,2,4,1,1,1
202300044342,7,12,2023,00:25,3,5,-1,91,91174,1,2,1,2,1
202300044343,5,4,2023,10:30,1,1,6,92,92026,2,3,-1,1,1
202300044344,30,8,2023,08:30,1,1,7,75,75107,2,4,1,1,8
202300044344,30,8,2023,08:30,1,1,7,75,75107,2,4,1,1,1
202300044345,29,8,2023,19:30,1,1,2,75,75101,2,4,1,1,1
202300044345,29,8,2023,19:30,1,1,2,75,75101,2,4,2,1,1
202300044346,7,12,2023,09:15,1,1,3,78,78431,1,1,-1,1,1
202300044347,29,8,2023,12:30,1,1,7,94,94078,2,3,2,1,1
202300044348,5,4,2023,07:50,1,1,2,92,92026,2,3,3,1,1
202300044349,7,12,2023,07:30,2,1,2,78,78490,1,2,1,1,1
202300044350,29,8,2023,07:45,1,1,1,94,94068,2,3,2,1,1
202300044350,29,8,2023,07:45,1,1,1,94,94068,2,3,2,1,1
202300044351,5,4,2023,12:44,1,1,2,92,92012,2,3,-1,1,1
202300044352,6,12,2023,12:57,1,1,2,78,78640,1,2,-1,1,1
202300044353,29,8,2023,07:49,1,1,3,94,94046,2,4,1,1,1
202300044354,30,8,2023,12:50,1,1,3,94,94065,2,2,3,1,1
202300044355,5,4,2023,22:55,3,1,3,01,01004,2,3,2,1,1
202300044355,5,4,2023,22:55,3,1,3,01,01004,2,3,2,1,1
202300044356,6,12,2023,11:53,1,1,4,78,78073,1,2,1,1,1