id_accident,jour,mois,annee,heure_minute,luminosite,meteo,type_collision,departement,commune,agglomeration,categorie_route,regime_circulation,profil_route,etat_surface
202300044357,30,8,2023,21:05,5,1,3,94,94075,2,3,3,3,1
202300044357,30,8,2023,21:05,5,1,3,94,94075,2,3,2,1,1
202300044358,30,8,2023,10:30,1,2,6,95,95527,1,4,1,2,2
202300044359,6,12,2023,18:40,3,1,3,93,93027,1,1,3,1,1
202300044360,30,8,2023,09:50,1,1,6,93,93066,2,3,3,1,1
202300044361,4,4,2023,19:20,1,1,5,67,67103,1,3,2,2,1
202300044361,4,4,2023,19:20,1,1,5,67,67103,1,3,2,2,1
202300044362,30,8,2023,19:00,1,1,6,93,93055,2,3,2,1,1
202300044363,4,4,2023,20:00,3,3,6,973,97353,2,4,2,2,6
202300044364,29,8,2023,14:50,1,1,3,93,93027,2,3,3,1,1
202300044365,6,12,2023,14:25,1,1,4,95,95572,1,2,3,1,1
202300044366,5,4,2023,22:00,3,1,7,41,41194,1,3,2,1,1
202300044367,7,12,2023,17:30,2,1,2,77,77121,1,1,-1,1,1
202300044368,27,8,2023,16:00,1,1,3,92,92078,2,3,2,1,1
202300044369,5,4,2023,11:00,1,7,3,49,49092,2,4,-1,1,1
202300044370,7,12,2023,08:30,1,1,6,77,77373,1,2,3,1,1
202300044371,30,8,2023,12:25,1,1,6,92,92064,2,3,1,2,1
202300044371,30,8,2023,12:25,1,1,6,92,92064,2,3,2,1,1
202300044372,30,8,2023,13:05,1,1,3,92,92062,2,3,2,1,1
202300044372,30,8,2023,13:05,1,1,3,92,92062,2,3,2,1,1
202300044373,16,7,2023,17:00,1,1,1,44,44168,2,3,2,1,1
202300044374,29,8,2023,14:50,1,1,3,92,92051,2,4,2,1,1
202300044375,30,8,2023,15:15,1,1,6,92,92049,2,3,2,1,1
202300044376,30,9,2023,23:00,3,1,6,74,74301,2,3,2,2,1
202300044377,8,10,2023,18:15,1,1,6,74,74043,1,3,2,2,1
202300044378,30,8,2023,15:18,1,1,1,92,92032,2,3,2,1,1
202300044378,30,8,2023,15:18,1,1,1,92,92032,2,3,2,1,1
202300044379,2,10,2023,18:45,1,1,2,74,74256,1,1,1,1,1
202300044380,30,8,2023,11:55,1,1,2,92,92012,2,4,2,1,1
202300044381,4,10,2023,07:30,1,1,3,13,13039,1,2,2,1,1
202300044382,31,8,2023,06:45,2,1,1,2A,2A349,1,2,2,2,1
202300044383,30,8,2023,19:50,2,1,6,43,43185,2,3,2,2,1
202300044384,6,12,2023,19:05,5,1,3,988,98818,2,4,2,1,1
202300044384,6,12,2023,19:05,5,1,3,988,98818,2,4,2,2,1
202300044385,30,8,2023,22:24,3,1,6,95,95116,1,3,2,1,1
202300044386,31,8,2023,06:58,2,8,1,77,77141,2,1,3,4,1
202300044387,6,12,2023,15:40,1,1,3,976,97611,2,4,2,2,1
202300044388,29,8,2023,19:55,1,1,6,62,62155,1,3,2,2,1
202300044389,1,10,2023,12:50,1,1,6,87,87014,1,1,3,1,1
202300044390,6,12,2023,08:10,1,1,5,976,97611,2,3,-1,1,1
202300044391,30,8,2023,15:10,1,1,1,63,63206,1,9,2,2,9
202300044392,3,10,2023,11:30,1,2,2,12,12047,1,1,3,1,2
202300044393,6,12,2023,16:55,1,1,3,974,97411,2,2,2,1,1
202300044394,23,9,2023,00:17,3,1,6,34,34088,1,3,2,1,1
202300044395,6,12,2023,11:45,1,1,6,974,97411,2,4,2,1,1
202300044396,27,8,2023,11:50,1,3,6,01,01109,1,3,2,2,2
202300044396,27,8,2023,11:50,1,3,6,01,01109,1,3,2,4,2
202300044397,31,8,2023,09:30,1,8,6,22,22067,1,2,3,1,1
202300044398,26,9,2023,14:30,1,1,5,56,56256,1,3,2,2,1
202300044398,26,9,2023,14:30,1,1,5,56,56256,1,3,2,2,1
202300044399,6,12,2023,08:00,1,1,4,974,97411,2,2,1,1,1
202300044399,6,12,2023,08:00,1,1,4,974,97411,2,2,1,1,1
202300044400,2,10,2023,18:55,2,1,1,74,74309,2,3,2,1,1
202300044401,30,8,2023,19:10,1,1,7,44,44138,1,3,2,2,1
202300044402,6,12,2023,07:30,5,1,3,69,69383,2,4,1,1,1
202300044402,6,12,2023,07:30,5,1,3,69,69383,2,4,1,1,1
202300044403,30,8,2023,16:10,1,1,6,50,50099,1,6,1,1,1
202300044404,3,10,2023,08:00,1,1,1,80,80148,1,4,2,1,1
202300044404,3,10,2023,08:00,1,1,1,80,80148,1,4,2,1,1
202300044405,25,8,2023,15:40,1,1,7,57,57163,1,3,2,1,1
202300044406,3,10,2023,10:30,1,1,6,32,32382,1,3,2,1,1
202300044407,6,12,2023,10:45,1,1,5,972,97213,2,3,1,1,1
202300044408,3,10,2023,09:10,1,8,3,32,32076,1,3,2,1,1
202300044409,30,8,2023,08:00,1,1,2,79,79202,2,3,2,1,1
202300044409,30,8,2023,08:00,1,1,2,79,79202,2,3,2,1,1
202300044410,6,12,2023,14:45,1,1,4,2B,2B037,1,4,1,1,1
202300044411,9,1,2023,13:55,1,1,6,63,63113,2,4,2,1,1
202300044412,2,10,2023,18:50,1,1,3,41,41180,1,3,2,1,1
202300044413,2,10,2023,20:00,2,1,6,22,22202,1,3,2,1,1
202300044414,6,12,2023,12:55,1,1,3,2B,2B033,2,4,2,1,1
202300044415,9,1,2023,13:18,1,1,6,63,63014,2,4,2,1,1
202300044416,31,8,2023,09:55,1,1,7,2B,2B201,1,2,2,1,1
202300044417,1,10,2023,20:30,3,1,7,25,25519,1,3,2,2,1
202300044418,5,12,2023,22:40,5,1,1,971,97101,1,3,-1,1,1
202300044419,6,1,2023,07:53,4,1,3,63,63113,2,7,2,2,2
202300044419,6,1,2023,07:53,4,1,3,63,63113,2,7,1,2,2
202300044420,30,8,2023,19:45,2,1,3,80,80688,2,4,2,1,1
202300044421,6,12,2023,14:50,1,1,6,95,95210,2,4,1,1,1
202300044422,9,1,2023,15:20,1,2,6,62,62250,1,3,2,1,2
202300044423,2,10,2023,17:15,1,1,3,44,44213,1,3,2,1,1
202300044423,2,10,2023,17:15,1,1,3,44,44213,1,3,2,1,1
202300044424,26,8,2023,17:30,1,1,1,42,42216,1,3,2,1,1
202300044425,6,12,2023,12:15,1,8,6,91,91377,2,4,2,1,2
202300044426,7,1,2023,01:25,3,2,1,62,62895,2,4,2,1,2
202300044427,19,9,2023,08:20,1,1,6,35,35060,1,3,2,1,1
202300044428,5,12,2023,23:17,5,2,3,91,91645,2,4,2,2,2
202300044429,10,1,2023,06:25,5,8,7,60,60057,2,4,3,1,2
202300044430,30,7,2023,14:20,1,1,6,47,47315,1,3,2,1,1
202300044431,3,10,2023,09:15,1,1,5,29,29106,1,3,2,2,2
202300044432,6,12,2023,22:05,5,8,2,91,91687,2,3,3,1,1
202300044433,10,1,2023,12:05,1,2,6,59,59350,2,4,2,1,2
202300044433,10,1,2023,12:05,1,2,6,59,59350,2,4,-1,1,2
202300044434,30,8,2023,09:30,1,8,1,22,22034,1,3,2,1,2
202300044434,30,8,2023,09:30,1,8,1,22,22034,1,3,1,1,9
202300044435,3,10,2023,07:45,2,1,6,29,29011,2,4,3,1,2
202300044436,4,12,2023,18:30,3,2,6,88,88415,2,3,3,1,2
202300044437,5,12,2023,19:15,5,1,6,87,87085,2,4,2,1,1
202300044438,3,10,2023,03:30,3,1,6,02,02280,1,3,2,1,1
202300044439,10,1,2023,10:50,1,2,3,59,59378,2,7,4,1,2
202300044439,10,1,2023,10:50,1,2,3,59,59378,2,7,4,1,2
202300044440,31,8,2023,15:10,1,1,3,22,22147,1,3,2,1,2
202300044441,1,12,2023,18:20,5,1,1,83,83126,2,3,1,1,1
202300044442,9,1,2023,17:00,2,1,3,59,59183,2,4,2,1,1
202300044442,9,1,2023,17:00,2,1,3,59,59183,2,4,2,1,1
202300044443,31,8,2023,17:15,1,1,1,29,29171,2,6,-1,1,1
202300044444,2,10,2023,15:50,1,1,6,70,70467,2,9,2,1,1
202300044445,5,1,2023,18:00,5,2,3,54,54265,2,7,1,2,2
202300044445,5,1,2023,18:00,5,2,3,54,54265,2,7,-1,1,2
202300044446,12,9,2023,10:30,1,2,6,78,78073,1,9,3,1,2
202300044447,23,8,2023,19:00,1,1,6,31,31093,1,4,2,1,1
202300044448,26,9,2023,06:15,3,1,1,26,26357,1,3,2,1,1
202300044449,9,1,2023,14:05,1,1,3,54,54395,2,4,2,1,2
202300044449,9,1,2023,14:05,1,1,3,54,54395,2,4,2,1,2
202300044450,3,10,2023,12:00,1,1,2,72,72215,1,3,2,1,1
202300044451,10,1,2023,11:25,1,1,2,51,51454,2,4,2,1,1
202300044452,2,10,2023,16:40,1,1,3,06,06038,1,3,2,1,1
202300044453,6,12,2023,10:33,1,1,6,77,77407,1,4,2,1,1
202300044454,9,1,2023,18:50,5,2,2,51,51454,2,4,2,4,2
202300044455,3,10,2023,02:10,3,1,6,14,14431,1,3,2,2,1
202300044455,3,10,2023,02:10,3,1,6,14,14431,1,3,2,1,1
202300044456,5,12,2023,08:15,1,1,6,76,76351,2,4,2,1,1
202300044456,5,12,2023,08:15,1,1,6,76,76351,2,4,-1,1,1
202300044457,3,10,2023,15:50,1,1,7,05,05156,1,3,2,4,1
202300044458,5,1,2023,15:30,1,2,6,49,49099,2,4,1,1,2
202300044459,6,12,2023,08:10,2,1,7,76,76351,2,4,1,1,7
202300044460,3,10,2023,15:00,1,1,7,05,05095,1,2,2,1,1
202300044461,5,12,2023,18:25,5,2,6,76,76351,2,4,2,2,2
202300044461,5,12,2023,18:25,5,2,6,76,76351,2,4,2,2,2
202300044462,10,1,2023,08:37,2,2,6,49,49007,2,4,2,1,2
202300044463,10,1,2023,07:55,2,1,6,47,47001,2,3,2,1,2
202300044464,30,9,2023,17:45,1,1,2,16,16055,1,3,2,1,1
202300044464,30,9,2023,17:45,1,1,2,16,16055,1,3,2,1,-1
202300044465,5,12,2023,16:50,4,2,3,76,76351,2,4,2,1,2
202300044465,5,12,2023,16:50,4,2,3,76,76351,2,4,2,1,2
202300044466,10,1,2023,16:10,2,2,6,45,45234,2,4,1,1,2
202300044466,10,1,2023,16:10,2,2,6,45,45234,2,4,1,1,2
202300044467,2,10,2023,08:50,1,1,3,07,07029,1,4,2,2,1
202300044468,5,12,2023,17:05,2,1,3,69,69290,2,4,2,1,1
202300044469,5,12,2023,18:30,5,2,6,67,67365,2,4,2,1,2
202300044470,25,6,2023,18:00,1,1,6,53,53129,1,3,2,1,1
202300044471,6,12,2023,18:15,5,1,3,65,65433,2,4,-1,1,1
202300044472,11,1,2023,00:00,5,1,6,38,38185,2,4,2,2,1
202300044473,2,10,2023,16:20,1,1,3,40,40001,2,3,2,1,1
202300044474,10,1,2023,07:45,5,2,6,37,37122,2,4,2,1,2
202300044475,6,12,2023,14:00,1,1,6,64,64445,2,4,2,1,1
202300044475,6,12,2023,14:00,1,1,6,64,64445,2,4,2,1,1
202300044476,3,10,2023,17:00,1,1,3,85,85267,1,3,2,1,1
202300044477,10,1,2023,07:30,5,2,6,35,35238,2,4,2,2,2
202300044478,6,12,2023,09:55,1,1,2,64,64445,2,4,-1,1,1
202300044479,2,10,2023,16:45,1,1,3,28,28422,1,3,2,1,1
202300044479,2,10,2023,16:45,1,1,3,28,28422,1,3,2,1,1
202300044480,6,12,2023,09:00,1,1,7,64,64445,2,4,2,1,1
202300044481,10,1,2023,07:54,5,2,3,35,35238,2,4,2,1,2
202300044481,10,1,2023,07:54,5,2,3,35,35238,2,4,2,1,2
202300044482,3,10,2023,08:45,1,1,3,17,17113,1,3,2,1,1
202300044482,3,10,2023,08:45,1,1,3,17,17113,1,3,2,1,1
202300044483,4,12,2023,21:45,5,2,3,64,64102,2,4,2,1,2
202300044483,4,12,2023,21:45,5,2,3,64,64102,2,4,2,1,2
202300044484,7,1,2023,13:40,1,1,6,34,34032,2,4,1,1,1
202300044485,30,11,2023,11:40,1,1,6,62,62498,2,4,2,1,1
202300044485,30,11,2023,11:40,1,1,6,62,62498,2,4,2,1,1
202300044486,1,10,2023,16:40,1,1,7,10,10412,1,1,1,2,1
202300044487,10,1,2023,22:15,5,1,3,33,33063,2,4,2,1,1
202300044487,10,1,2023,22:15,5,1,3,33,33063,2,4,1,1,1
202300044488,29,11,2023,17:40,3,1,2,62,62464,2,3,2,1,2
202300044489,3,10,2023,08:50,1,1,2,01,01331,1,1,3,2,1
202300044490,10,1,2023,08:15,2,2,3,33,33318,2,4,2,1,2
202300044490,10,1,2023,08:15,2,2,3,33,33318,2,4,2,1,2
202300044491,3,10,2023,04:45,3,1,6,06,06004,1,1,1,2,1
202300044492,6,12,2023,17:30,5,1,6,59,59386,2,6,-1,1,1
202300044493,3,10,2023,08:50,1,1,1,38,38486,2,4,2,1,1
202300044494,6,12,2023,07:45,5,1,3,56,56260,2,4,2,2,1
202300044494,6,12,2023,07:45,5,1,3,56,56260,2,4,2,2,1
202300044495,10,1,2023,06:05,5,2,6,29,29051,1,3,2,1,2
202300044495,10,1,2023,06:05,5,2,6,29,29051,1,3,1,1,2
202300044496,5,12,2023,17:50,5,1,6,54,54395,2,4,2,1,1
202300044497,2,10,2023,17:10,1,1,2,34,34172,1,1,1,1,1
202300044498,10,1,2023,07:51,5,2,2,29,29019,2,4,1,1,2
202300044498,10,1,2023,07:51,5,2,2,29,29019,2,4,2,2,2
202300044499,6,12,2023,06:30,3,2,4,54,54323,1,2,3,2,2
202300044500,3,10,2023,15:00,1,1,1,13,13040,2,3,2,3,1
202300044501,6,12,2023,18:25,5,1,6,50,50147,2,4,1,1,1
202300044501,6,12,2023,18:25,5,1,6,50,50147,2,4,2,2,1
202300044502,2,10,2023,18:05,2,1,3,77,77317,2,4,2,1,1
202300044503,5,12,2023,22:37,5,1,1,49,49007,2,4,3,1,1
202300044504,2,10,2023,22:00,5,1,6,83,83065,1,3,2,1,1
202300044505,10,1,2023,07:30,2,1,7,25,25056,2,4,2,1,1
202300044505,10,1,2023,07:30,2,1,7,25,25056,2,4,2,4,1
202300044506,5,12,2023,18:45,5,1,3,49,49007,2,4,3,1,1
202300044507,1,10,2023,18:35,1,1,1,13,13092,1,3,2,1,1
202300044508,5,12,2023,13:15,1,1,6,49,49007,2,4,3,1,1
202300044509,10,1,2023,13:55,1,1,3,22,22278,2,4,2,1,1
202300044509,10,1,2023,13:55,1,1,3,22,22278,2,4,2,1,1
202300044510,3,10,2023,13:40,1,1,2,26,26165,1,1,3,1,1
202300044511,5,1,2023,11:35,1,1,6,22,22113,2,4,2,1,1
202300044512,5,12,2023,08:20,2,1,3,44,44162,2,7,3,1,1
202300044513,10,1,2023,00:45,5,2,6,14,14220,2,4,1,1,2
202300044513,10,1,2023,00:45,5,2,6,14,14220,2,4,1,1,2
202300044514,16,11,2023,20:10,5,8,1,42,42218,2,4,2,2,1
202300044515,3,10,2023,16:35,1,1,1,89,89156,1,3,2,1,1
202300044516,10,1,2023,17:55,5,1,3,13,13106,2,4,2,2,1
202300044517,1,12,2023,16:10,2,4,1,42,42218,1,7,2,1,2
202300044518,6,1,2023,21:50,3,1,6,30,30032,1,3,2,1,1
202300044519,3,10,2023,08:15,1,1,3,89,89257,1,3,3,2,1
202300044519,3,10,2023,08:15,1,1,3,89,89257,1,3,2,-1,1
202300044520,5,12,2023,17:20,5,8,3,38,38421,2,4,2,1,2
202300044520,5,12,2023,17:20,5,8,3,38,38421,2,4,2,1,2
202300044521,10,1,2023,21:15,5,1,3,13,13216,2,4,2,2,1
202300044522,6,12,2023,16:10,2,1,1,35,35238,2,4,1,1,1
202300044522,6,12,2023,16:10,2,1,1,35,35238,2,4,2,1,1
202300044523,1,10,2023,00:20,5,1,6,57,57355,2,4,2,2,1
202300044524,10,1,2023,09:05,1,1,5,13,13211,2,4,2,1,1
202300044525,6,12,2023,06:45,5,1,3,34,34172,2,4,2,1,1
202300044525,6,12,2023,06:45,5,1,3,34,34172,2,4,2,1,1
202300044526,10,1,2023,09:50,1,1,3,13,13207,2,4,2,2,1
202300044527,3,10,2023,14:00,1,1,3,03,03125,2,3,2,2,9
202300044528,2,10,2023,19:45,2,1,6,69,69192,1,3,2,2,1
202300044529,6,12,2023,12:50,1,1,1,33,33318,2,4,2,1,1
202300044529,6,12,2023,12:50,1,1,1,33,33318,2,4,2,1,1
202300044530,10,1,2023,07:55,1,1,1,13,13213,2,4,2,1,1
202300044530,10,1,2023,07:55,1,1,1,13,13213,2,4,2,2,1
202300044531,4,12,2023,18:00,5,2,2,31,31555,1,1,3,1,2
202300044532,3,10,2023,15:50,1,1,3,79,79316,1,3,1,1,1
202300044532,3,10,2023,15:50,1,1,3,79,79316,1,3,1,1,1
202300044533,9,1,2023,18:45,1,1,2,13,13075,2,3,2,1,1
202300044534,10,1,2023,14:30,1,7,6,13,13005,1,4,2,1,1
202300044535,6,12,2023,15:10,1,1,3,28,28404,2,4,2,1,1
202300044535,6,12,2023,15:10,1,1,3,28,28404,2,4,2,1,1
202300044536,30,9,2023,15:45,1,1,2,72,72154,1,3,2,1,1
202300044537,10,1,2023,18:00,3,1,1,11,11069,2,4,2,1,1
202300044538,6,12,2023,21:05,3,5,3,28,28110,1,3,2,1,2
202300044539,30,9,2023,15:15,1,1,1,49,49306,2,3,2,1,1
202300044540,9,1,2023,08:48,1,8,6,10,10321,2,5,-1,1,1
202300044541,24,9,2023,17:30,1,1,7,44,44158,1,4,2,1,1
202300044542,9,1,2023,14:24,1,1,6,06,06088,2,4,1,1,1
202300044543,6,12,2023,09:10,1,1,2,27,27229,2,4,2,2,2
202300044544,2,10,2023,14:40,1,1,6,22,22272,1,3,2,2,1
202300044545,9,1,2023,09:45,1,1,2,974,97416,2,4,-1,2,1
202300044546,6,12,2023,07:40,3,8,2,27,27229,2,4,1,1,1
202300044547,3,10,2023,16:30,1,1,1,22,22300,1,3,2,2,1
202300044548,9,1,2023,18:55,1,1,2,974,97411,2,4,2,1,1
202300044549,2,10,2023,18:05,1,1,6,22,22136,1,3,3,1,1
202300044550,6,12,2023,09:24,1,1,6,26,26362,2,4,2,2,1
202300044550,6,12,2023,09:24,1,1,6,26,26362,2,4,2,1,1
202300044551,9,1,2023,06:00,5,1,7,69,69388,2,4,2,1,1
202300044552,1,10,2023,16:12,1,1,7,76,76323,2,3,2,2,1
202300044553,3,10,2023,19:00,1,1,7,60,60213,1,3,2,3,1
202300044554,9,1,2023,15:34,1,7,6,2B,2B033,2,4,2,4,1
202300044554,9,1,2023,15:34,1,7,6,2B,2B033,2,4,2,4,1
202300044555,5,12,2023,17:25,3,2,4,25,25056,2,2,3,1,2
202300044556,6,12,2023,08:24,1,1,6,16,16374,2,4,3,1,1
202300044557,3,10,2023,12:20,1,1,2,60,60612,2,4,-1,1,1
202300044557,3,10,2023,12:20,1,1,2,60,60612,2,4,1,2,1
202300044558,9,1,2023,07:50,1,1,4,2B,2B120,2,2,1,1,1
202300044559,6,12,2023,12:15,1,1,2,14,14118,2,4,1,1,1
202300044559,6,12,2023,12:15,1,1,2,14,14118,2,4,2,1,1
202300044560,3,10,2023,17:50,1,1,1,60,60328,1,3,2,2,1
202300044561,9,1,2023,06:30,2,1,4,971,97113,1,2,3,1,2
202300044562,3,10,2023,07:50,2,2,3,59,59042,2,3,2,1,2
202300044563,6,12,2023,07:57,3,1,6,14,14118,2,4,2,1,1
202300044563,6,12,2023,07:57,3,1,6,14,14118,2,4,3,1,1
202300044564,2,10,2023,08:30,1,1,2,13,13071,1,1,1,1,1
202300044565,8,1,2023,23:40,3,1,6,971,97101,2,3,2,1,1
202300044566,1,12,2023,02:30,3,1,2,14,14271,1,2,2,1,1
202300044567,2,10,2023,09:00,1,1,2,83,83129,1,1,1,1,1
202300044568,6,12,2023,19:30,3,1,3,13,13071,1,3,2,2,1
202300044569,9,1,2023,11:00,1,1,6,91,91657,2,3,-1,2,1
202300044569,9,1,2023,11:00,1,1,6,91,91657,2,3,-1,1,1
202300044570,2,10,2023,10:14,1,1,4,33,33080,1,1,3,1,1
202300044571,6,12,2023,12:20,1,1,3,13,13214,2,4,2,1,1
202300044571,6,12,2023,12:20,1,1,3,13,13214,2,4,2,1,1
202300044572,9,1,2023,19:16,5,2,1,91,91286,2,3,2,1,2
202300044573,6,12,2023,09:15,1,1,7,13,13005,2,3,2,1,1
202300044574,1,10,2023,18:15,1,1,2,33,33080,1,1,1,3,1
202300044575,1,12,2023,21:30,3,2,6,12,12176,2,2,2,1,2
202300044576,1,10,2023,19:49,2,1,2,59,59288,1,1,-1,1,1
202300044577,1,12,2023,18:10,5,2,6,12,12202,2,4,2,4,2
202300044578,2,10,2023,08:04,1,1,3,91,91161,1,1,3,1,1
202300044579,8,1,2023,15:45,1,2,3,91,91434,2,4,2,1,2
202300044579,8,1,2023,15:45,1,2,3,91,91434,2,4,2,1,2
202300044580,5,1,2023,08:00,2,2,6,91,91174,2,3,2,1,2
202300044581,2,10,2023,07:45,1,1,3,92,92002,1,1,3,1,1
202300044582,5,12,2023,18:00,5,1,2,10,10297,2,4,2,1,2
202300044583,7,1,2023,09:51,1,1,6,87,87114,2,4,2,1,1
202300044584,6,12,2023,09:20,1,1,2,75,75116,2,4,-1,1,1
202300044585,2,10,2023,07:50,1,1,4,92,92064,1,1,-1,1,1
202300044586,9,1,2023,18:20,2,2,3,85,85191,2,4,1,1,2
202300044587,1,10,2023,03:25,3,1,6,92,92025,1,1,1,2,1
202300044588,6,12,2023,15:40,1,1,3,75,75120,2,4,3,1,1
202300044588,6,12,2023,15:40,1,1,3,75,75120,2,4,2,4,1
202300044589,9,1,2023,10:37,1,2,6,81,81004,2,4,1,1,2
202300044590,20,7,2023,17:35,1,1,2,35,35238,2,4,2,1,1
202300044591,2,10,2023,17:00,1,1,2,92,92036,1,1,3,1,1
202300044592,5,1,2023,22:35,3,1,6,80,80164,1,3,2,1,1
202300044593,22,7,2023,00:14,3,1,7,34,34003,2,4,2,1,1
202300044593,22,7,2023,00:14,3,1,7,34,34003,2,4,2,4,1
202300044594,6,12,2023,06:30,5,1,6,75,75119,2,4,3,1,2
202300044594,6,12,2023,06:30,5,1,6,75,75119,2,4,1,1,2
202300044595,9,1,2023,22:30,5,1,3,78,78138,2,3,-1,2,2
202300044595,9,1,2023,22:30,5,1,3,78,78138,2,3,-1,2,2
202300044596,2,10,2023,16:00,1,1,2,93,93010,1,1,-1,1,1
202300044597,21,7,2023,08:55,1,1,3,33,33192,2,4,2,1,1
202300044597,21,7,2023,08:55,1,1,3,33,33192,2,4,2,1,1
202300044598,6,12,2023,19:00,3,1,3,75,75116,2,4,2,1,1
202300044599,21,7,2023,02:35,5,1,6,33,33529,2,3,2,1,1
202300044600,2,10,2023,14:30,1,1,5,93,93078,1,1,-1,1,1
202300044601,9,1,2023,18:00,5,1,6,77,77337,2,4,2,1,2
202300044602,20,7,2023,19:50,1,1,3,29,29019,2,4,-1,2,1
202300044603,9,1,2023,12:51,1,1,6,77,77468,2,3,1,2,1
202300044603,9,1,2023,12:51,1,1,6,77,77468,2,3,3,1,1
202300044604,20,7,2023,13:08,1,1,4,29,29019,2,4,2,1,1
202300044604,20,7,2023,13:08,1,1,4,29,29019,2,4,2,1,1
202300044605,8,1,2023,08:15,1,1,6,76,76481,1,3,3,1,2
202300044605,8,1,2023,08:15,1,1,6,76,76481,1,3,3,1,2
202300044606,2,10,2023,08:15,1,1,4,93,93007,1,1,3,1,1
202300044607,7,1,2023,06:30,3,1,6,76,76351,1,4,3,1,1
202300044608,21,7,2023,17:20,1,1,3,18,18033,2,4,1,1,1
202300044608,21,7,2023,17:20,1,1,3,18,18033,2,4,2,2,1
202300044609,21,7,2023,06:15,2,1,7,17,17300,2,4,1,2,1
202300044610,9,1,2023,20:30,5,1,2,76,76217,1,3,2,1,1
202300044610,9,1,2023,20:30,5,1,2,76,76217,1,3,2,1,1
202300044611,5,1,2023,08:20,5,2,2,72,72181,2,4,3,2,2
202300044612,2,10,2023,14:55,1,1,4,77,77258,1,1,3,1,1
202300044613,22,7,2023,00:40,5,1,2,14,14118,2,4,1,1,1
202300044613,22,7,2023,00:40,5,1,2,14,14118,2,4,2,1,1
202300044614,9,1,2023,10:10,1,2,5,69,69264,2,3,2,1,2
202300044615,2,10,2023,08:35,1,1,3,77,77294,1,1,3,1,1
202300044616,28,5,2023,16:10,1,1,3,13,13056,2,3,2,1,1
202300044617,5,1,2023,23:47,5,1,7,69,69259,2,4,2,2,1
202300044618,2,10,2023,07:36,1,1,2,93,93051,1,1,3,1,1
202300044619,6,1,2023,17:05,5,1,6,67,67482,2,4,1,1,1
202300044620,21,7,2023,13:00,1,1,3,13,13216,2,1,2,2,1
202300044621,8,1,2023,18:10,5,1,6,66,66136,2,4,3,1,1
202300044622,2,10,2023,06:55,2,1,3,94,94046,1,1,3,1,1
202300044623,20,7,2023,07:39,1,1,1,11,11069,1,4,1,1,1
202300044624,8,1,2023,11:00,1,1,3,66,66136,2,4,2,1,1
202300044624,8,1,2023,11:00,1,1,3,66,66136,2,4,2,3,1
202300044625,30,5,2023,08:30,1,1,2,73,73237,1,1,3,1,1
202300044626,30,9,2023,11:30,1,1,6,976,97611,2,4,1,1,1
202300044627,6,1,2023,16:00,1,1,6,66,66136,2,4,2,1,1
202300044628,19,7,2023,15:30,1,1,3,11,11069,2,4,1,1,1
202300044628,19,7,2023,15:30,1,1,3,11,11069,2,4,1,2,1
202300044629,1,10,2023,04:10,3,1,6,974,97416,1,2,1,2,1
202300044630,5,1,2023,07:45,5,1,3,64,64249,2,3,2,1,1
202300044630,5,1,2023,07:45,5,1,3,64,64249,2,3,2,1,1
202300044631,20,7,2023,20:05,1,1,3,09,09122,2,4,1,2,1
202300044632,1,10,2023,04:10,5,1,7,973,97302,2,4,2,1,1
202300044633,6,1,2023,13:00,1,2,5,63,63193,1,3,2,2,2
202300044634,20,7,2023,17:50,1,1,3,75,75117,2,4,1,1,1
202300044635,8,1,2023,21:45,4,1,3,63,63113,2,7,1,1,1
202300044635,8,1,2023,21:45,4,1,3,63,63113,2,7,3,1,1
202300044636,29,9,2023,16:35,1,1,3,973,97302,2,3,2,1,1
202300044637,20,7,2023,13:15,1,1,5,75,75115,2,4,1,1,1
202300044638,8,1,2023,03:33,4,2,6,63,63113,2,7,3,1,2
202300044639,29,9,2023,19:00,5,1,2,973,97302,2,3,2,1,1
202300044640,20,7,2023,10:25,1,1,2,75,75118,2,4,1,1,1
202300044641,29,9,2023,18:25,2,1,3,973,97302,2,3,2,1,1
202300044642,20,7,2023,09:50,1,1,3,75,75116,2,4,1,1,1
202300044643,7,1,2023,20:10,5,2,1,60,60414,2,4,2,1,2
202300044644,29,9,2023,21:05,5,1,3,973,97302,2,4,1,2,1
202300044644,29,9,2023,21:05,5,1,3,973,97302,2,4,1,1,1
202300044645,6,1,2023,08:00,2,1,6,59,59444,2,3,2,1,1
202300044646,19,7,2023,15:35,1,1,6,75,75110,2,4,2,2,1
202300044646,19,7,2023,15:35,1,1,6,75,75110,2,4,1,1,1
202300044647,9,1,2023,13:00,1,2,6,59,59599,2,4,2,1,9
202300044648,21,7,2023,09:30,1,1,3,75,75106,2,4,1,1,1
202300044649,29,9,2023,15:45,1,1,2,973,97302,2,3,2,1,1
202300044649,29,9,2023,15:45,1,1,2,973,97302,2,3,2,1,1
202300044650,9,1,2023,03:00,3,1,6,59,59170,1,3,2,1,2
202300044651,21,7,2023,12:40,1,1,6,75,75120,2,4,1,1,1
202300044651,21,7,2023,12:40,1,1,6,75,75120,2,4,-1,1,1
202300044652,1,10,2023,10:55,1,1,1,69,69383,2,4,2,1,1
202300044652,1,10,2023,10:55,1,1,1,69,69383,2,4,-1,1,1
202300044653,5,1,2023,17:45,5,2,3,59,59017,2,4,1,1,2
202300044653,5,1,2023,17:45,5,2,3,59,59017,2,4,2,1,2