id_accident,jour,mois,annee,heure_minute,luminosite,meteo,type_collision,departement,commune,agglomeration,categorie_route,regime_circulation,profil_route,etat_surface
202300044654,21,7,2023,09:20,1,1,3,75,75120,2,4,2,1,1
202300044654,21,7,2023,09:20,1,1,3,75,75120,2,4,2,2,1
202300044655,8,1,2023,17:44,5,2,6,56,56121,2,4,1,1,2
202300044656,1,10,2023,11:58,1,1,2,69,69382,2,4,2,1,1
202300044656,1,10,2023,11:58,1,1,2,69,69382,2,4,1,1,1
202300044657,21,7,2023,17:50,1,1,3,75,75117,2,4,2,1,1
202300044657,21,7,2023,17:50,1,1,3,75,75117,2,4,-1,1,1
202300044658,8,1,2023,11:26,1,2,6,56,56185,1,2,1,2,2
202300044659,1,10,2023,08:30,1,1,6,971,97128,1,3,2,1,1
202300044660,21,7,2023,09:30,1,1,3,75,75117,2,4,3,1,1
202300044660,21,7,2023,09:30,1,1,3,75,75117,2,4,1,1,1
202300044661,30,9,2023,18:30,4,1,6,971,97101,1,3,-1,1,1
202300044662,1,1,2023,19:52,5,1,1,54,54304,2,4,2,1,1
202300044662,1,1,2023,19:52,5,1,1,54,54304,2,4,2,1,1
202300044663,21,7,2023,21:00,1,1,6,75,75115,2,4,-1,1,1
202300044663,21,7,2023,21:00,1,1,6,75,75115,2,4,2,1,1
202300044664,9,1,2023,19:10,3,1,6,54,54323,1,3,2,1,1
202300044665,1,10,2023,10:30,1,1,3,2A,2A004,2,4,2,2,1
202300044666,21,7,2023,00:00,5,1,3,75,75115,2,4,2,1,1
202300044666,21,7,2023,00:00,5,1,3,75,75115,2,4,2,1,1
202300044667,9,1,2023,20:18,5,2,3,54,54580,2,3,2,1,2
202300044667,9,1,2023,20:18,5,2,3,54,54580,2,3,1,1,2
202300044668,1,10,2023,18:55,1,1,3,95,95585,2,3,2,1,1
202300044669,21,7,2023,13:50,1,1,6,75,75114,2,4,-1,1,1
202300044669,21,7,2023,13:50,1,1,6,75,75114,2,4,1,1,1
202300044670,7,1,2023,06:20,3,1,7,52,52448,1,2,3,1,1
202300044671,9,1,2023,22:05,5,2,3,51,51454,2,4,1,1,2
202300044671,9,1,2023,22:05,5,2,3,51,51454,2,4,1,1,2
202300044672,21,7,2023,14:30,1,1,3,75,75113,2,4,3,1,1
202300044672,21,7,2023,14:30,1,1,3,75,75113,2,4,-1,1,1
202300044673,30,9,2023,18:40,1,1,4,91,91425,2,3,2,1,1
202300044673,30,9,2023,18:40,1,1,4,91,91425,2,3,2,1,1
202300044674,20,7,2023,15:15,1,1,3,75,75112,2,4,-1,2,1
202300044675,9,1,2023,13:12,1,1,3,45,45234,2,4,2,1,1
202300044675,9,1,2023,13:12,1,1,3,45,45234,2,4,2,1,1
202300044676,1,10,2023,09:20,1,1,7,91,91421,1,3,3,1,1
202300044677,21,7,2023,17:20,1,1,7,75,75107,2,4,-1,1,1
202300044677,21,7,2023,17:20,1,1,7,75,75107,2,4,1,1,1
202300044678,9,1,2023,16:50,2,1,1,43,43157,2,4,2,1,1
202300044678,9,1,2023,16:50,2,1,1,43,43157,2,4,2,2,1
202300044679,21,7,2023,16:20,1,1,2,75,75107,2,4,1,1,1
202300044679,21,7,2023,16:20,1,1,2,75,75107,2,4,1,1,1
202300044680,1,10,2023,17:50,1,1,4,91,91027,2,3,2,1,1
202300044681,21,7,2023,18:03,1,1,3,94,94081,2,3,2,1,1
202300044682,9,1,2023,19:25,5,1,2,35,35238,2,4,2,1,2
202300044683,1,10,2023,20:15,5,1,6,77,77111,2,3,1,1,1
202300044684,20,7,2023,22:23,5,1,2,94,94016,2,3,3,1,1
202300044685,1,10,2023,06:35,4,1,6,76,76681,2,4,2,1,1
202300044685,1,10,2023,06:35,4,1,6,76,76681,2,4,2,1,1
202300044686,9,1,2023,08:25,1,1,4,35,35238,1,2,3,1,1
202300044687,20,7,2023,21:30,2,1,6,94,94003,2,3,2,1,1
202300044688,9,1,2023,18:00,5,2,6,33,33522,2,4,2,1,2
202300044688,9,1,2023,18:00,5,2,6,33,33522,2,4,2,1,2
202300044689,21,7,2023,13:35,1,1,3,94,94021,2,3,1,1,1
202300044689,21,7,2023,13:35,1,1,3,94,94021,2,3,1,1,1
202300044690,29,9,2023,17:40,1,1,5,76,76384,1,3,2,1,1
202300044691,9,1,2023,11:45,1,2,3,33,33318,2,4,2,1,2
202300044691,9,1,2023,11:45,1,2,3,33,33318,2,4,2,1,2
202300044692,19,5,2023,21:15,2,1,1,94,94017,2,3,2,1,1
202300044692,19,5,2023,21:15,2,1,1,94,94017,2,3,2,1,1
202300044693,9,1,2023,08:00,2,2,6,33,33009,2,4,2,1,2
202300044694,1,10,2023,19:45,5,1,3,74,74298,2,4,2,1,1
202300044694,1,10,2023,19:45,5,1,3,74,74298,2,4,2,2,1
202300044695,21,7,2023,09:20,1,1,2,94,94017,2,3,2,1,1
202300044696,9,1,2023,20:40,5,1,3,30,30007,2,4,2,1,1
202300044696,9,1,2023,20:40,5,1,3,30,30007,2,4,2,1,1
202300044697,1,10,2023,10:10,1,1,3,71,71540,2,3,2,1,1
202300044697,1,10,2023,10:10,1,1,3,71,71540,2,3,1,1,1
202300044698,21,7,2023,09:45,1,1,2,94,94002,2,3,3,1,1
202300044699,1,10,2023,21:15,3,1,3,69,69275,2,2,1,1,1
202300044700,21,7,2023,12:05,1,1,6,93,93048,2,3,2,1,1
202300044701,9,1,2023,10:25,1,1,5,28,28134,2,4,2,1,1
202300044701,9,1,2023,10:25,1,1,5,28,28134,2,4,2,1,1
202300044702,1,10,2023,20:15,5,1,6,69,69256,2,4,2,1,1
202300044703,9,1,2023,01:25,5,3,6,21,21231,2,4,3,1,2
202300044704,20,7,2023,15:55,1,1,3,93,93063,2,4,2,1,1
202300044704,20,7,2023,15:55,1,1,3,93,93063,2,4,2,1,1
202300044705,30,9,2023,15:00,1,1,6,69,69091,2,4,2,1,1
202300044706,9,1,2023,19:25,2,2,3,17,17200,2,3,2,1,2
202300044706,9,1,2023,19:25,2,2,3,17,17200,2,3,2,1,2
202300044707,21,7,2023,21:45,5,1,6,93,93027,2,3,1,1,1
202300044707,21,7,2023,21:45,5,1,6,93,93027,2,3,3,1,1
202300044708,9,1,2023,19:15,5,1,6,13,13211,2,3,2,2,1
202300044709,2,10,2023,01:45,5,1,3,64,64024,2,3,3,1,1
202300044709,2,10,2023,01:45,5,1,3,64,64024,2,3,2,1,1
202300044710,21,7,2023,09:50,1,1,3,93,93027,2,3,2,1,1
202300044711,9,1,2023,12:30,1,1,3,13,13207,2,4,2,2,1
202300044712,6,1,2023,07:15,4,1,6,11,11262,2,3,2,1,1
202300044713,21,7,2023,21:00,1,1,1,93,93001,2,3,2,1,1
202300044713,21,7,2023,21:00,1,1,1,93,93001,2,3,2,1,1
202300044714,1,10,2023,18:37,1,1,3,63,63113,2,7,-1,1,1
202300044714,1,10,2023,18:37,1,1,3,63,63113,2,7,3,1,1
202300044715,9,1,2023,09:05,1,2,6,11,11069,1,4,2,1,2
202300044716,21,7,2023,13:45,1,1,3,93,93001,2,4,2,1,1
202300044716,21,7,2023,13:45,1,1,3,93,93001,2,4,1,1,1
202300044717,8,1,2023,17:50,5,2,3,11,11069,2,9,1,1,2
202300044718,1,10,2023,20:44,5,1,2,61,61077,1,3,2,1,1
202300044719,1,10,2023,16:35,1,1,1,60,60057,2,4,1,1,1
202300044720,21,7,2023,16:10,1,1,1,92,92078,2,3,1,1,1
202300044720,21,7,2023,16:10,1,1,1,92,92078,2,3,1,1,1
202300044721,9,1,2023,10:05,1,1,3,04,04112,2,4,2,2,1
202300044721,9,1,2023,10:05,1,1,3,04,04112,2,4,2,1,1
202300044722,1,10,2023,18:05,1,1,6,59,59152,2,4,2,1,1
202300044723,9,1,2023,07:50,5,8,6,02,02738,2,4,1,1,1
202300044724,21,7,2023,09:13,1,1,6,92,92073,2,3,3,1,1
202300044725,30,9,2023,09:45,1,1,7,59,59392,1,3,3,1,1
202300044726,8,1,2023,05:45,3,3,6,01,01451,1,4,2,1,2
202300044727,20,7,2023,13:30,1,1,2,92,92050,2,3,1,1,1
202300044728,25,9,2023,11:40,1,1,6,57,57660,2,4,2,2,1
202300044728,25,9,2023,11:40,1,1,6,57,57660,2,4,2,1,1
202300044729,10,1,2023,17:50,5,1,3,75,75113,2,4,1,1,2
202300044730,1,10,2023,13:55,1,1,7,51,51454,2,4,-1,1,1
202300044731,10,1,2023,13:00,1,1,7,75,75120,2,4,1,1,2
202300044731,10,1,2023,13:00,1,1,7,75,75120,2,4,1,1,2
202300044732,21,7,2023,08:25,1,1,3,92,92035,2,3,2,1,1
202300044732,21,7,2023,08:25,1,1,3,92,92035,2,3,2,1,1
202300044733,22,7,2023,10:00,1,1,7,09,09267,1,3,2,1,1
202300044734,1,10,2023,16:00,1,1,3,45,45234,2,4,2,1,1
202300044734,1,10,2023,16:00,1,1,3,45,45234,2,4,1,1,1
202300044735,10,1,2023,11:30,1,2,4,75,75116,2,4,1,1,2
202300044736,22,7,2023,10:50,1,1,6,63,63026,1,3,2,1,1
202300044737,1,10,2023,12:30,1,1,6,35,35238,2,4,1,1,1
202300044738,9,1,2023,18:20,5,2,6,75,75103,2,4,1,1,2
202300044738,9,1,2023,18:20,5,2,6,75,75103,2,4,1,1,2
202300044739,21,7,2023,15:55,1,1,6,12,12300,2,3,2,1,1
202300044740,30,9,2023,16:30,1,1,7,35,35150,2,4,2,2,1
202300044740,30,9,2023,16:30,1,1,7,35,35150,2,4,2,3,1
202300044741,10,1,2023,15:00,1,2,6,75,75120,2,4,2,1,2
202300044741,10,1,2023,15:00,1,2,6,75,75120,2,4,2,1,2
202300044742,21,7,2023,20:10,1,1,1,06,06161,2,3,2,1,1
202300044743,10,1,2023,19:15,5,2,6,75,75119,2,4,2,1,2
202300044744,30,9,2023,15:41,1,1,6,35,35115,2,4,2,2,1
202300044744,30,9,2023,15:41,1,1,6,35,35115,2,4,1,1,1
202300044745,10,1,2023,19:00,5,2,6,75,75117,2,4,2,2,2
202300044745,10,1,2023,19:00,5,2,6,75,75117,2,4,1,1,2
202300044746,21,7,2023,16:20,1,1,3,972,97207,1,2,2,2,1
202300044747,29,9,2023,17:00,1,1,3,34,34172,2,4,2,1,1
202300044747,29,9,2023,17:00,1,1,3,34,34172,2,4,2,1,1
202300044748,10,1,2023,09:45,1,2,3,75,75117,2,4,2,1,2
202300044748,10,1,2023,09:45,1,2,3,75,75117,2,4,2,1,2
202300044749,20,7,2023,17:15,1,1,1,83,83148,2,4,2,3,1
202300044750,1,10,2023,22:24,5,1,3,33,33550,2,4,1,1,1
202300044750,1,10,2023,22:24,5,1,3,33,33550,2,4,-1,1,1
202300044751,10,1,2023,19:20,5,2,6,75,75116,2,4,2,1,2
202300044752,22,7,2023,09:20,1,1,6,54,54408,1,3,2,1,1
202300044753,1,10,2023,12:20,1,1,6,33,33039,2,4,3,1,1
202300044754,22,7,2023,05:11,2,1,7,62,62597,1,4,2,1,1
202300044755,9,1,2023,21:30,5,1,3,75,75116,2,4,-1,1,1
202300044755,9,1,2023,21:30,5,1,3,75,75116,2,4,2,1,1
202300044756,1,10,2023,13:04,1,1,2,31,31555,2,4,2,1,1
202300044757,1,10,2023,10:00,1,1,3,31,31483,2,3,1,1,1
202300044758,18,7,2023,08:45,1,1,3,56,56258,2,3,2,1,1
202300044759,10,1,2023,07:00,3,1,1,75,75107,2,4,2,1,1
202300044759,10,1,2023,07:00,3,1,1,75,75107,2,4,-1,1,1
202300044760,20,7,2023,11:05,1,1,7,56,56258,2,4,2,4,1
202300044761,2,6,2023,15:00,1,1,7,79,79311,1,3,2,1,1
202300044762,1,10,2023,21:45,5,1,3,18,18033,2,4,2,1,1
202300044762,1,10,2023,21:45,5,1,3,18,18033,2,4,2,1,1
202300044763,10,1,2023,11:10,1,2,6,75,75114,2,4,2,1,2
202300044764,22,7,2023,11:01,1,1,1,71,71293,1,3,2,1,1
202300044764,22,7,2023,11:01,1,1,1,71,71293,1,3,2,1,1
202300044765,1,10,2023,20:20,5,1,3,17,17300,2,4,2,1,1
202300044765,1,10,2023,20:20,5,1,3,17,17300,2,4,2,1,1
202300044766,19,7,2023,03:25,3,1,6,61,61386,2,3,2,2,1
202300044767,1,10,2023,23:15,3,1,6,16,16374,1,3,2,1,1
202300044768,10,1,2023,19:52,5,2,2,75,75112,2,4,2,1,2
202300044768,10,1,2023,19:52,5,2,2,75,75112,2,4,1,1,2
202300044769,22,7,2023,12:30,1,1,1,12,12102,1,4,2,3,1
202300044770,1,10,2023,21:45,5,1,1,13,13204,2,4,3,1,1
202300044771,10,1,2023,07:05,5,1,3,75,75111,2,4,1,1,1
202300044771,10,1,2023,07:05,5,1,3,75,75111,2,4,1,2,1
202300044772,22,7,2023,13:40,1,1,1,12,12131,1,3,2,1,1
202300044773,1,10,2023,14:00,1,1,5,13,13203,2,4,2,2,1
202300044774,10,1,2023,03:30,5,1,6,75,75111,2,4,1,1,2
202300044775,21,7,2023,09:45,1,1,4,42,42156,1,3,2,1,1
202300044775,21,7,2023,09:45,1,1,4,42,42156,1,3,2,4,1
202300044776,10,1,2023,18:55,5,2,2,75,75109,2,4,1,2,2
202300044777,22,7,2023,10:40,1,1,1,22,22265,1,3,2,1,1
202300044778,1,10,2023,01:10,5,1,3,13,13209,2,4,1,1,1
202300044778,1,10,2023,01:10,5,1,3,13,13209,2,4,2,1,1
202300044779,10,1,2023,14:35,1,2,2,75,75108,2,4,2,1,2
202300044779,10,1,2023,14:35,1,2,2,75,75108,2,4,1,1,2
202300044780,21,7,2023,18:05,1,1,7,22,22030,2,5,1,1,6
202300044781,1,10,2023,18:30,1,1,3,13,13001,2,4,2,1,1
202300044782,9,1,2023,22:30,5,1,3,75,75108,2,4,1,1,2
202300044782,9,1,2023,22:30,5,1,3,75,75108,2,4,2,1,2
202300044783,1,10,2023,11:47,1,7,3,10,10325,2,4,2,1,1
202300044783,1,10,2023,11:47,1,7,3,10,10325,2,4,2,1,1
202300044784,22,7,2023,19:39,1,1,3,25,25029,1,2,2,1,1
202300044784,22,7,2023,19:39,1,1,3,25,25029,1,2,2,1,1
202300044785,1,10,2023,02:04,5,1,7,08,08105,2,2,3,3,1
202300044786,10,1,2023,08:35,2,8,3,75,75107,2,4,1,1,1
202300044786,10,1,2023,08:35,2,8,3,75,75107,2,4,1,1,1
202300044787,29,9,2023,17:23,1,1,6,05,05061,2,6,-1,1,1
202300044788,21,7,2023,20:15,1,1,3,29,29162,1,3,2,1,1
202300044788,21,7,2023,20:15,1,1,3,29,29162,1,3,2,1,1
202300044789,9,1,2023,00:40,5,1,7,75,75104,2,4,1,1,2
202300044789,9,1,2023,00:40,5,1,7,75,75104,2,4,1,1,2
202300044790,21,7,2023,07:45,1,1,3,31,31345,1,3,-1,1,1
202300044791,30,9,2023,05:55,3,1,6,04,04070,1,3,2,1,1
202300044791,30,9,2023,05:55,3,1,6,04,04070,1,3,2,1,1
202300044792,10,1,2023,10:10,1,2,3,94,94081,2,3,2,1,2
202300044792,10,1,2023,10:10,1,2,3,94,94081,2,3,1,1,2
202300044793,1,10,2023,12:40,1,1,2,75,75116,2,4,1,1,1
202300044794,21,7,2023,18:49,1,1,3,01,01267,2,3,2,1,1
202300044794,21,7,2023,18:49,1,1,3,01,01267,2,3,2,2,1
202300044795,22,7,2023,10:20,1,1,1,66,66146,1,2,2,2,1
202300044796,10,1,2023,18:30,5,2,1,94,94046,2,3,2,1,2
202300044796,10,1,2023,18:30,5,2,1,94,94046,2,3,2,1,2
202300044797,1,10,2023,00:20,5,1,5,75,75117,2,4,-1,1,1
202300044797,1,10,2023,00:20,5,1,5,75,75117,2,4,1,1,1
202300044798,1,10,2023,00:55,3,1,1,75,75119,2,4,-1,1,1
202300044798,1,10,2023,00:55,3,1,1,75,75119,2,4,2,3,1
202300044799,22,7,2023,17:20,1,1,3,54,54398,1,3,2,2,1
202300044799,22,7,2023,17:20,1,1,3,54,54398,1,3,2,1,1
202300044800,10,1,2023,08:35,1,1,2,94,94073,2,4,3,1,1
202300044800,10,1,2023,08:35,1,1,2,94,94073,2,4,2,1,1
202300044801,21,7,2023,14:45,1,1,7,72,72090,1,4,-1,1,1
202300044802,10,1,2023,07:55,5,2,6,94,94034,2,3,2,1,2
202300044803,1,10,2023,05:55,5,1,2,75,75117,2,4,-1,1,1
202300044803,1,10,2023,05:55,5,1,2,75,75117,2,4,2,1,1
202300044804,22,7,2023,11:00,1,1,3,05,05029,1,3,2,1,1
202300044805,1,10,2023,16:00,1,1,6,75,75116,2,4,1,1,1
202300044805,1,10,2023,16:00,1,1,6,75,75116,2,4,-1,1,1
202300044806,10,1,2023,08:47,1,8,6,94,94028,2,4,2,1,2
202300044807,1,10,2023,21:50,3,1,2,75,75115,2,4,-1,1,1
202300044808,22,7,2023,09:05,1,1,2,43,43200,2,3,2,2,1
202300044808,22,7,2023,09:05,1,1,2,43,43200,2,3,2,4,1
202300044809,9,1,2023,16:50,1,2,2,94,94028,2,3,-1,1,2
202300044809,9,1,2023,16:50,1,2,2,94,94028,2,3,2,1,2
202300044810,22,7,2023,10:25,1,1,6,43,43173,1,3,2,2,1
202300044811,1,10,2023,04:09,5,1,2,75,75113,2,4,-1,1,1
202300044811,1,10,2023,04:09,5,1,2,75,75113,2,4,2,2,1
202300044812,1,10,2023,08:55,1,1,6,94,94081,2,3,3,1,1
202300044813,21,7,2023,18:10,1,1,1,16,16001,1,3,2,2,1
202300044814,1,10,2023,06:40,5,1,2,94,94078,2,2,2,1,1
202300044815,10,1,2023,16:00,2,2,6,94,94022,2,3,3,1,2
202300044815,10,1,2023,16:00,2,2,6,94,94022,2,3,3,2,2
202300044816,22,7,2023,16:20,1,1,7,16,16282,1,3,2,2,1
202300044817,1,10,2023,02:00,5,1,6,94,94033,2,3,2,2,1
202300044817,1,10,2023,02:00,5,1,6,94,94033,2,3,1,2,1
202300044818,21,7,2023,19:45,1,1,7,07,07039,1,4,-1,2,1
202300044819,10,1,2023,20:10,5,2,2,94,94017,2,3,2,1,2
202300044820,30,9,2023,12:45,1,1,3,94,94022,2,4,1,1,1
202300044821,22,7,2023,12:40,1,1,3,85,85084,2,4,2,4,1
202300044821,22,7,2023,12:40,1,1,3,85,85084,2,4,2,-1,1
202300044822,1,10,2023,04:10,5,1,1,94,94017,2,4,2,1,1
202300044823,10,1,2023,06:50,5,2,3,94,94004,2,2,3,1,2
202300044823,10,1,2023,06:50,5,2,3,94,94004,2,2,3,2,2
202300044824,13,7,2023,16:55,1,1,3,27,27198,2,3,2,1,1
202300044824,13,7,2023,16:55,1,1,3,27,27198,2,3,2,1,1
202300044825,1,10,2023,16:00,1,1,1,93,93059,2,4,2,1,1
202300044826,10,1,2023,10:20,1,2,3,94,94002,2,3,4,1,2
202300044826,10,1,2023,10:20,1,2,3,94,94002,2,3,2,1,2
202300044827,1,10,2023,02:10,5,1,3,93,93070,2,3,2,1,1
202300044828,22,7,2023,12:30,1,1,3,23,23093,2,3,2,1,1
202300044828,22,7,2023,12:30,1,1,3,23,23093,2,3,2,1,1
202300044829,10,1,2023,12:10,1,2,6,93,93048,2,3,2,1,2
202300044829,10,1,2023,12:10,1,2,6,93,93048,2,3,2,1,2
202300044830,1,10,2023,20:45,5,1,3,93,93029,2,3,2,1,1
202300044831,22,7,2023,15:49,1,1,1,48,48039,1,2,2,1,1
202300044831,22,7,2023,15:49,1,1,1,48,48039,1,2,2,1,1
202300044832,10,1,2023,09:57,1,2,6,93,93048,2,3,2,1,2
202300044833,1,10,2023,14:30,1,1,7,93,93029,2,4,1,1,1
202300044833,1,10,2023,14:30,1,1,7,93,93029,2,4,2,1,1
202300044834,21,7,2023,19:00,1,1,6,01,01274,1,1,1,1,1
202300044835,1,10,2023,10:50,1,1,6,93,93027,2,4,1,1,1
202300044835,1,10,2023,10:50,1,1,6,93,93027,2,4,2,1,1
202300044836,10,1,2023,07:25,2,8,1,93,93048,2,3,4,2,2
202300044836,10,1,2023,07:25,2,8,1,93,93048,2,3,4,2,2
202300044837,21,7,2023,21:06,2,1,6,95,95042,2,3,3,1,1
202300044837,21,7,2023,21:06,2,1,6,95,95042,2,3,2,1,1
202300044838,1,10,2023,12:55,1,1,3,93,93010,2,3,3,1,1
202300044838,1,10,2023,12:55,1,1,3,93,93010,2,3,2,1,1
202300044839,21,7,2023,19:55,2,1,6,01,01024,1,3,1,1,1
202300044840,9,1,2023,19:30,5,2,3,93,93029,2,4,2,1,2
202300044841,1,10,2023,15:45,1,1,6,93,93008,2,3,1,1,1
202300044841,1,10,2023,15:45,1,1,6,93,93008,2,3,2,1,1
202300044842,9,1,2023,18:00,5,2,1,93,93047,2,3,2,1,2
202300044843,1,10,2023,11:40,1,1,1,93,93005,2,4,1,1,1
202300044844,1,10,2023,19:55,5,1,6,92,92073,2,4,1,4,1
202300044845,10,1,2023,18:30,5,2,6,92,92048,2,4,1,1,2
202300044846,21,7,2023,20:35,2,1,3,18,18063,1,3,2,1,1
202300044846,21,7,2023,20:35,2,1,3,18,18063,1,3,2,1,1
202300044847,1,10,2023,18:40,1,1,3,92,92033,2,3,-1,2,1
202300044848,8,1,2023,23:30,5,1,3,92,92044,2,4,1,1,1
202300044849,21,7,2023,01:40,3,1,2,49,49284,1,1,3,1,1
202300044850,1,10,2023,16:55,1,1,3,92,92049,2,3,2,1,1
202300044850,1,10,2023,16:55,1,1,3,92,92049,2,3,2,1,1
202300044851,10,1,2023,11:30,1,1,4,92,92036,2,4,2,1,1
202300044852,1,10,2023,15:45,1,1,4,92,92026,2,3,1,1,1
202300044853,22,7,2023,04:00,3,1,1,11,11170,1,3,2,1,1
202300044854,9,1,2023,20:30,5,1,3,92,92025,2,4,1,1,2
202300044854,9,1,2023,20:30,5,1,3,92,92025,2,4,2,1,2
202300044855,30,9,2023,19:30,2,1,2,92,92024,2,3,1,1,1
202300044856,19,7,2023,10:10,1,1,3,971,97103,1,4,2,1,1
202300044857,10,1,2023,07:15,5,1,2,92,92007,2,4,2,1,2
202300044858,1,10,2023,14:00,1,1,3,92,92019,1,3,2,1,1
202300044859,20,6,2023,16:40,1,1,3,971,97103,2,4,2,1,2
202300044859,20,6,2023,16:40,1,1,3,971,97103,2,4,2,1,2
202300044860,11,1,2023,05:30,3,1,6,83,83058,1,3,3,2,1
202300044861,1,10,2023,19:20,2,1,6,92,92004,2,4,2,1,1
202300044862,2,10,2023,18:00,1,1,1,34,34314,1,3,2,1,1
202300044863,9,1,2023,17:10,1,1,4,22,22375,1,3,2,1,2
202300044864,22,7,2023,12:34,1,1,2,76,76319,1,1,3,1,1
202300044865,2,10,2023,00:40,3,1,6,35,35145,2,3,2,1,1
202300044865,2,10,2023,00:40,3,1,6,35,35145,2,3,2,2,1
202300044866,11,1,2023,06:30,5,8,1,22,22372,1,3,2,1,1
202300044867,18,7,2023,21:45,5,1,3,34,34324,2,4,2,1,1
202300044867,18,7,2023,21:45,5,1,3,34,34324,2,4,2,1,1
202300044868,2,10,2023,07:10,3,1,3,60,60403,1,3,2,1,1
202300044869,11,1,2023,00:30,3,1,6,31,31113,2,4,2,1,1
202300044870,18,7,2023,16:00,1,1,3,34,34182,1,3,2,1,1
202300044871,24,9,2023,17:40,1,1,3,12,12263,1,3,2,2,1
202300044871,24,9,2023,17:40,1,1,3,12,12263,1,3,2,1,1
202300044872,10,1,2023,08:10,2,1,1,57,57232,1,3,2,3,1
202300044873,21,7,2023,19:56,1,1,3,83,83113,1,3,2,2,1
202300044874,1,10,2023,20:20,3,1,1,83,83072,1,3,2,2,1
202300044875,11,1,2023,14:00,1,2,6,81,81052,1,3,2,1,2
202300044876,11,7,2023,20:45,2,1,6,05,05063,1,3,2,1,1
202300044877,11,1,2023,03:15,3,2,6,21,21247,1,1,3,1,2
202300044878,2,10,2023,07:38,1,1,3,86,86258,1,3,2,1,1
202300044878,2,10,2023,07:38,1,1,3,86,86258,1,3,2,1,1
202300044879,22,7,2023,15:50,1,1,6,89,89108,1,1,3,1,1
202300044880,21,7,2023,18:40,1,1,6,03,03056,1,3,2,1,1
202300044881,2,10,2023,17:25,1,1,3,31,31273,2,3,2,1,1
202300044881,2,10,2023,17:25,1,1,3,31,31273,2,3,2,1,1
202300044882,11,1,2023,18:45,3,1,5,22,22030,1,3,3,1,1
202300044883,1,10,2023,12:10,1,1,1,84,84069,1,3,2,2,1
202300044883,1,10,2023,12:10,1,1,1,84,84069,1,3,2,2,1
202300044884,22,7,2023,05:40,2,1,1,69,69019,1,3,2,1,1
202300044885,7,1,2023,20:30,3,2,1,19,19274,1,3,2,1,2
202300044886,22,7,2023,11:40,1,1,6,85,85236,1,3,2,1,1
202300044887,9,1,2023,15:00,1,2,6,56,56244,1,3,2,2,2
202300044888,1,10,2023,11:30,1,1,2,31,31454,2,3,2,1,1
202300044889,27,9,2023,16:00,1,1,7,57,57086,1,3,3,1,1
202300044890,21,7,2023,19:05,1,1,3,22,22273,1,3,2,1,1
202300044890,21,7,2023,19:05,1,1,3,22,22273,1,3,2,1,1
202300044891,1,10,2023,19:20,2,1,7,10,10391,2,3,2,2,9
202300044892,10,1,2023,16:40,1,1,3,63,63106,2,3,2,2,1
202300044892,10,1,2023,16:40,1,1,3,63,63106,2,3,2,1,1
202300044893,30,9,2023,20:50,5,1,7,83,83152,2,3,1,2,1
202300044894,2,10,2023,05:40,3,1,1,67,67478,1,3,3,1,1
202300044894,2,10,2023,05:40,3,1,1,67,67478,1,3,1,1,1
202300044895,11,1,2023,11:35,1,2,7,12,12154,1,3,2,2,2
202300044896,20,7,2023,23:20,3,1,2,13,13071,1,1,1,1,1
202300044897,1,10,2023,16:20,1,1,2,22,22020,1,2,3,1,1
202300044898,11,1,2023,07:55,2,2,3,68,68291,1,3,2,1,2
202300044898,11,1,2023,07:55,2,2,3,68,68291,1,3,2,1,2
202300044899,2,10,2023,08:00,2,1,6,2B,2B009,1,3,2,1,1
202300044900,21,7,2023,15:40,1,1,2,13,13202,1,1,-1,1,1
202300044901,10,1,2023,19:40,3,1,1,31,31334,1,3,2,1,1
202300044902,21,7,2023,06:45,1,1,6,13,13085,1,1,1,2,1
202300044903,29,9,2023,10:49,1,1,6,34,34270,2,4,2,1,1
202300044903,29,9,2023,10:49,1,1,6,34,34270,2,4,2,1,1
202300044904,10,1,2023,20:25,3,2,6,54,54546,1,3,2,1,2
202300044905,20,7,2023,14:38,1,1,7,13,13005,1,1,1,2,1
202300044906,1,10,2023,16:15,1,1,3,56,56171,1,3,2,4,1
202300044907,1,10,2023,10:00,1,1,7,2B,2B126,1,2,2,1,1
202300044908,10,1,2023,10:30,1,2,3,14,14431,2,3,2,1,2
202300044908,10,1,2023,10:30,1,2,3,14,14431,2,3,2,1,2
202300044909,19,7,2023,16:35,1,1,7,13,13028,1,1,1,2,1
202300044910,1,10,2023,16:50,1,1,2,82,82134,2,4,2,1,1
202300044911,17,6,2023,01:35,3,1,2,83,83062,1,1,1,1,1
202300044912,10,1,2023,18:45,5,2,1,60,60513,2,4,2,1,2
202300044912,10,1,2023,18:45,5,2,1,60,60513,2,4,2,1,2
202300044913,1,10,2023,18:50,1,1,1,32,32414,1,3,2,2,1
202300044914,21,7,2023,21:10,1,1,6,33,33550,1,1,3,1,1
202300044915,11,1,2023,12:50,1,1,3,60,60029,1,3,2,1,1
202300044916,21,7,2023,20:30,2,1,6,91,91477,1,1,3,2,1
202300044917,29,9,2023,15:50,1,1,3,11,11090,1,3,3,1,1
202300044918,1,10,2023,14:20,1,1,7,63,63236,1,3,2,2,1
202300044919,8,1,2023,18:25,3,2,2,53,53218,1,3,2,4,2
202300044919,8,1,2023,18:25,3,2,2,53,53218,1,3,2,1,2
202300044920,21,7,2023,19:00,1,1,3,91,91216,1,1,2,1,1
202300044921,11,1,2023,01:30,3,9,7,04,04137,1,3,2,2,1