id_accident,jour,mois,annee,heure_minute,luminosite,meteo,type_collision,departement,commune,agglomeration,categorie_route,regime_circulation,profil_route,etat_surface
202300044922,21,7,2023,14:10,1,1,3,93,93053,1,1,1,1,1
202300044923,10,1,2023,14:20,1,2,6,87,87018,1,3,2,1,2
202300044924,1,10,2023,18:15,1,1,5,61,61456,2,3,2,1,1
202300044925,21,7,2023,12:10,1,1,2,93,93010,1,1,3,4,1
202300044926,10,1,2023,17:05,1,2,3,49,49381,2,3,2,1,2
202300044926,10,1,2023,17:05,1,2,3,49,49381,2,3,1,1,2
202300044927,21,7,2023,08:15,1,1,3,93,93005,1,1,3,1,1
202300044928,28,9,2023,14:25,1,1,2,49,49125,1,3,2,1,1
202300044929,11,1,2023,07:12,2,1,1,01,01196,1,3,2,1,1
202300044930,20,7,2023,20:20,1,1,3,92,92036,1,1,3,1,1
202300044931,30,9,2023,10:00,1,1,2,35,35361,2,3,2,1,1
202300044932,10,1,2023,17:00,1,1,3,66,66195,2,3,2,1,1
202300044933,20,7,2023,13:15,1,1,2,93,93066,1,1,3,1,1
202300044934,1,10,2023,16:00,1,1,6,02,02360,2,4,2,1,1
202300044935,3,1,2023,07:40,1,1,6,06,06085,2,3,2,1,1
202300044936,21,7,2023,15:20,1,1,2,94,94017,1,1,-1,1,1
202300044937,10,1,2023,23:00,3,2,6,59,59312,1,1,3,1,2
202300044938,1,10,2023,12:43,1,1,3,15,15262,1,3,2,2,1
202300044938,1,10,2023,12:43,1,1,3,15,15262,1,3,2,3,1
202300044939,21,7,2023,06:50,1,2,7,77,77450,1,2,1,1,2
202300044940,8,1,2023,22:00,5,1,6,974,97408,2,4,2,2,1
202300044941,1,10,2023,11:00,1,1,1,01,01240,1,3,2,2,1
202300044942,10,1,2023,17:05,1,8,3,971,97118,1,2,1,1,1
202300044943,20,7,2023,23:20,3,1,2,94,94073,1,1,1,1,1
202300044944,27,9,2023,14:35,1,1,3,14,14514,2,3,2,1,1
202300044944,27,9,2023,14:35,1,1,3,14,14514,2,3,2,1,1
202300044945,20,7,2023,10:40,1,1,6,976,97611,2,2,2,1,1
202300044946,11,1,2023,09:39,1,1,1,77,77077,1,3,2,1,2
202300044946,11,1,2023,09:39,1,1,1,77,77077,1,3,2,1,2
202300044947,20,7,2023,22:00,5,1,6,974,97416,1,4,2,2,1
202300044948,2,10,2023,16:50,1,1,6,05,05046,2,4,2,1,1
202300044949,10,1,2023,16:45,1,1,1,06,06091,1,3,2,1,1
202300044950,29,9,2023,18:15,1,1,1,40,40230,1,3,2,1,1
202300044951,10,1,2023,18:30,3,1,6,06,06057,1,3,2,2,1
202300044952,16,7,2023,20:30,5,1,2,974,97411,2,2,1,1,1
202300044953,26,9,2023,09:50,1,1,2,27,27587,2,3,2,1,1
202300044954,11,1,2023,07:50,3,2,6,54,54215,2,4,2,1,2
202300044955,20,7,2023,21:00,5,1,2,973,97302,2,4,2,1,1
202300044956,11,1,2023,17:10,1,8,1,69,69024,1,3,2,1,2
202300044957,20,7,2023,10:53,1,1,2,972,97209,1,3,-1,1,1
202300044958,29,9,2023,14:35,1,1,4,17,17038,1,2,3,1,1
202300044959,11,1,2023,07:55,5,8,6,44,44047,2,7,2,1,2
202300044960,19,7,2023,12:20,1,1,6,972,97209,2,2,2,3,1
202300044961,29,9,2023,18:10,1,1,2,30,30133,2,3,3,1,1
202300044962,11,1,2023,14:00,1,7,1,80,80561,2,3,2,1,1
202300044962,11,1,2023,14:00,1,7,1,80,80561,2,3,2,1,1
202300044963,1,10,2023,09:25,1,1,6,24,24357,1,3,2,1,1
202300044964,20,7,2023,16:40,1,1,3,971,97113,1,2,2,1,1
202300044965,19,7,2023,18:33,1,1,3,2A,2A004,2,4,1,1,1
202300044965,19,7,2023,18:33,1,1,3,2A,2A004,2,4,1,2,1
202300044966,1,10,2023,17:50,2,1,1,988,98805,2,4,2,1,1
202300044967,10,1,2023,18:20,3,2,3,59,59137,2,4,2,1,2
202300044967,10,1,2023,18:20,3,2,3,59,59137,2,4,2,1,2
202300044968,9,1,2023,16:15,1,1,2,13,13015,1,1,-1,1,1
202300044969,2,10,2023,05:50,3,1,2,13,13074,1,1,3,1,1
202300044970,9,1,2023,20:05,3,1,2,13,13071,1,1,1,1,1
202300044971,10,1,2023,18:15,3,1,4,33,33080,1,1,3,1,1
202300044972,19,7,2023,12:30,1,1,6,91,91161,2,3,-1,1,1
202300044973,10,1,2023,06:45,5,1,2,33,33397,1,1,3,1,2
202300044974,2,10,2023,07:15,1,1,2,973,97309,2,4,1,1,1
202300044974,2,10,2023,07:15,1,1,2,973,97309,2,4,2,1,1
202300044975,20,7,2023,15:50,1,1,2,91,91223,1,3,3,1,1
202300044976,19,7,2023,17:45,1,1,2,91,91433,1,3,2,1,1
202300044977,10,1,2023,12:20,1,2,4,91,91689,1,1,1,1,2
202300044978,20,7,2023,23:10,3,1,6,85,85194,2,4,2,1,1
202300044978,20,7,2023,23:10,3,1,6,85,85194,2,4,2,1,1
202300044979,10,1,2023,09:00,1,1,4,91,91468,1,1,1,3,2
202300044980,19,7,2023,17:40,1,1,3,76,76351,2,4,2,1,1
202300044980,19,7,2023,17:40,1,1,3,76,76351,2,4,2,1,1
202300044981,10,1,2023,03:15,3,8,7,91,91617,1,1,1,1,2
202300044982,10,1,2023,20:20,5,1,7,92,92051,1,2,3,1,2
202300044983,20,7,2023,23:00,4,1,3,76,76217,2,4,2,2,1
202300044984,10,1,2023,17:50,3,2,2,92,92050,1,1,1,1,2
202300044985,19,7,2023,21:45,1,1,6,72,72181,2,4,2,1,1
202300044986,19,7,2023,18:25,1,1,1,72,72181,2,4,2,1,1
202300044987,10,1,2023,10:10,1,2,2,78,78423,1,2,2,1,2
202300044988,19,7,2023,13:10,1,1,6,70,70550,2,3,2,1,1
202300044989,19,7,2023,12:20,1,1,5,69,69290,2,4,2,1,1
202300044990,20,7,2023,09:01,1,1,6,69,69096,2,6,-1,2,1
202300044991,20,7,2023,15:17,1,1,6,67,67447,2,4,2,2,1
202300044991,20,7,2023,15:17,1,1,6,67,67447,2,4,2,1,1
202300044992,20,7,2023,10:00,1,1,6,67,67482,2,4,2,2,1
202300044993,19,7,2023,09:05,1,1,3,65,65440,2,4,2,1,1
202300044993,19,7,2023,09:05,1,1,3,65,65440,2,4,1,1,1
202300044994,20,7,2023,09:00,1,1,1,65,65286,2,4,2,1,1
202300044994,20,7,2023,09:00,1,1,1,65,65286,2,4,2,1,1
202300044995,20,7,2023,18:50,1,1,3,64,64445,2,4,1,1,1
202300044996,20,7,2023,04:35,5,1,6,64,64445,2,4,2,1,1
202300044997,11,6,2023,16:15,1,1,3,62,62215,2,4,2,1,1
202300044997,11,6,2023,16:15,1,1,3,62,62215,2,4,-1,1,1
202300044998,19,7,2023,18:35,1,1,6,54,54357,2,4,2,1,1
202300044999,20,7,2023,22:50,3,1,6,54,54451,2,4,2,2,1
202300045000,19,7,2023,19:43,1,1,3,49,49007,2,4,2,1,1
202300045001,20,7,2023,14:37,1,1,3,47,47001,2,3,1,2,1
202300045001,20,7,2023,14:37,1,1,3,47,47001,2,3,2,1,1
202300045002,20,7,2023,08:45,1,1,3,47,47001,2,3,2,2,1
202300045002,20,7,2023,08:45,1,1,3,47,47001,2,3,2,2,1
202300045003,20,7,2023,18:39,1,1,2,45,45302,2,3,2,1,1
202300045004,20,7,2023,11:35,1,1,3,45,45232,2,4,3,1,1
202300045005,20,7,2023,16:15,1,1,3,45,45208,2,4,2,1,1
202300045005,20,7,2023,16:15,1,1,3,45,45208,2,4,2,1,1
202300045006,19,7,2023,17:00,1,1,3,43,43041,2,3,-1,1,1
202300045007,20,7,2023,17:15,1,1,3,33,33063,2,4,3,1,1
202300045007,20,7,2023,17:15,1,1,3,33,33063,2,4,1,1,1
202300045008,20,7,2023,08:22,1,1,3,33,33063,2,4,1,2,1
202300045008,20,7,2023,08:22,1,1,3,33,33063,2,4,2,2,1
202300045009,19,7,2023,23:45,5,1,3,33,33063,2,4,2,1,1
202300045010,20,7,2023,16:15,1,1,3,28,28223,2,3,2,1,1
202300045011,20,7,2023,16:00,1,1,2,22,22106,2,2,1,2,1
202300045012,19,7,2023,18:30,1,1,4,17,17306,2,3,3,1,1
202300045013,19,7,2023,19:50,1,1,6,13,13054,2,4,2,1,1
202300045013,19,7,2023,19:50,1,1,6,13,13054,2,4,2,1,1
202300045014,20,7,2023,19:30,1,1,7,13,13212,2,4,2,1,1
202300045015,19,7,2023,09:00,1,1,3,12,12202,2,3,2,2,1
202300045016,19,7,2023,12:48,1,1,3,10,10387,2,4,2,1,1
202300045017,20,7,2023,12:00,1,1,5,06,06088,2,4,2,1,1
202300045017,20,7,2023,12:00,1,1,5,06,06088,2,4,1,1,1
202300045018,20,7,2023,14:10,1,1,6,06,06088,2,4,2,1,1
202300045019,20,7,2023,20:00,2,1,7,06,06069,2,3,2,2,1
202300045020,20,7,2023,15:15,1,1,3,04,04112,2,4,2,1,1
202300045021,19,7,2023,07:35,1,1,2,75,75114,2,4,1,1,1
202300045022,19,7,2023,03:30,5,1,1,75,75114,2,4,1,1,1
202300045022,19,7,2023,03:30,5,1,1,75,75114,2,4,1,1,1
202300045023,20,7,2023,17:10,1,1,3,75,75120,2,4,2,1,1
202300045024,20,7,2023,11:15,1,1,6,75,75118,2,4,-1,1,1
202300045024,20,7,2023,11:15,1,1,6,75,75118,2,4,-1,1,1
202300045025,20,7,2023,05:50,2,1,6,75,75118,2,4,-1,1,1
202300045025,20,7,2023,05:50,2,1,6,75,75118,2,4,2,1,1
202300045026,20,7,2023,13:50,1,1,3,75,75116,2,4,2,1,1
202300045027,20,7,2023,07:00,1,1,5,75,75116,2,4,2,1,1
202300045027,20,7,2023,07:00,1,1,5,75,75116,2,4,1,1,1
202300045028,20,7,2023,06:30,1,1,2,75,75116,2,4,2,1,1
202300045029,19,7,2023,22:45,5,1,3,75,75116,2,4,2,1,1
202300045029,19,7,2023,22:45,5,1,3,75,75116,2,4,2,1,1
202300045030,19,7,2023,17:45,1,1,6,75,75107,2,4,1,1,1
202300045030,19,7,2023,17:45,1,1,6,75,75107,2,4,1,1,1
202300045031,20,7,2023,12:30,1,1,3,75,75113,2,4,-1,1,1
202300045031,20,7,2023,12:30,1,1,3,75,75113,2,4,2,2,1
202300045032,20,7,2023,15:30,1,1,6,75,75111,2,4,1,1,1
202300045033,19,7,2023,20:14,1,1,2,75,75109,2,4,1,1,1
202300045033,19,7,2023,20:14,1,1,2,75,75109,2,4,2,1,1
202300045034,20,7,2023,09:00,1,1,2,75,75108,2,4,2,2,1
202300045034,20,7,2023,09:00,1,1,2,75,75108,2,4,2,1,1
202300045035,20,7,2023,22:30,5,1,3,75,75107,2,4,-1,1,1
202300045035,20,7,2023,22:30,5,1,3,75,75107,2,4,2,1,1
202300045036,20,7,2023,11:20,1,1,7,75,75107,2,4,1,1,1
202300045037,19,7,2023,17:25,1,1,1,75,75107,2,4,2,1,1
202300045037,19,7,2023,17:25,1,1,1,75,75107,2,4,-1,2,1
202300045038,19,7,2023,11:50,1,1,3,75,75107,2,4,2,1,1
202300045038,19,7,2023,11:50,1,1,3,75,75107,2,4,1,1,1
202300045039,19,7,2023,13:00,1,1,7,75,75101,2,4,1,1,1
202300045039,19,7,2023,13:00,1,1,7,75,75101,2,4,1,1,1
202300045040,20,7,2023,00:30,5,1,6,75,75109,2,4,4,1,1
202300045040,20,7,2023,00:30,5,1,6,75,75109,2,4,-1,1,1
202300045041,19,7,2023,20:10,1,1,3,94,94076,1,3,2,1,1
202300045042,20,7,2023,16:40,1,1,3,94,94022,2,3,2,1,1
202300045042,20,7,2023,16:40,1,1,3,94,94022,2,3,-1,1,1
202300045043,20,7,2023,09:50,1,1,2,93,93073,2,4,1,1,1
202300045043,20,7,2023,09:50,1,1,2,93,93073,2,4,2,1,1
202300045044,19,6,2023,19:00,1,1,2,94,94053,2,3,2,1,1
202300045045,19,6,2023,10:10,1,7,3,93,93078,2,3,2,1,1
202300045045,19,6,2023,10:10,1,7,3,93,93078,2,3,3,1,1
202300045046,19,6,2023,17:30,1,8,6,93,93070,2,3,2,1,1
202300045047,16,6,2023,08:50,1,1,3,93,93066,2,3,2,1,1
202300045048,19,6,2023,02:40,3,1,3,93,93077,2,3,3,1,1
202300045048,19,6,2023,02:40,3,1,3,93,93077,2,3,1,1,1
202300045049,19,6,2023,04:06,4,1,6,93,93031,2,3,3,1,1
202300045050,19,6,2023,10:00,1,1,1,93,93029,2,4,2,1,1
202300045050,19,6,2023,10:00,1,1,1,93,93029,2,4,2,1,1
202300045051,19,6,2023,09:20,1,1,2,93,93010,2,3,3,1,1
202300045052,19,6,2023,08:40,1,1,6,93,93008,2,3,1,1,1
202300045052,19,6,2023,08:40,1,1,6,93,93008,2,3,2,1,1
202300045053,14,6,2023,09:20,1,1,3,93,93001,2,3,2,1,1
202300045054,19,6,2023,17:20,1,2,6,92,92033,2,4,2,1,2
202300045055,16,6,2023,14:31,1,1,1,92,92064,2,4,1,1,1
202300045055,16,6,2023,14:31,1,1,1,92,92064,2,4,1,2,1
202300045056,18,6,2023,01:35,5,1,3,92,92040,2,4,1,1,1
202300045056,18,6,2023,01:35,5,1,3,92,92040,2,4,4,1,1
202300045057,19,6,2023,07:06,1,1,3,92,92007,2,3,3,1,1
202300045057,19,6,2023,07:06,1,1,3,92,92007,2,3,1,1,1
202300045058,19,6,2023,08:45,1,1,1,92,92004,2,4,-1,1,1
202300045059,14,6,2023,16:30,1,1,1,60,60533,1,1,2,1,1
202300045059,14,6,2023,16:30,1,1,1,60,60533,1,1,2,1,1
202300045060,19,6,2023,12:20,1,1,3,62,62549,2,3,2,1,1
202300045060,19,6,2023,12:20,1,1,3,62,62549,2,3,2,1,1
202300045061,20,6,2023,11:20,1,1,1,2A,2A198,2,3,2,1,1
202300045062,19,6,2023,21:05,2,8,3,38,38536,1,3,2,1,1
202300045062,19,6,2023,21:05,2,8,3,38,38536,1,3,2,1,1
202300045063,20,6,2023,15:33,1,1,2,71,71305,1,1,3,1,1
202300045064,20,6,2023,18:30,1,1,3,63,63012,1,3,2,1,1
202300045064,20,6,2023,18:30,1,1,3,63,63012,1,3,2,1,1
202300045065,19,6,2023,17:30,1,1,2,38,38239,1,3,2,1,1
202300045066,19,6,2023,08:37,1,1,7,59,59202,2,7,2,1,1
202300045067,18,6,2023,02:45,4,1,7,57,57059,2,3,2,1,1
202300045068,18,6,2023,02:47,3,1,6,04,04191,1,3,2,2,1
202300045069,20,6,2023,19:05,1,1,7,91,91534,1,4,2,1,1
202300045070,19,6,2023,13:20,1,1,7,19,19153,2,3,2,1,1
202300045071,20,6,2023,04:00,5,1,6,56,56240,2,4,2,1,1
202300045072,20,6,2023,09:50,1,1,6,76,76035,2,3,1,1,1
202300045073,20,6,2023,16:50,1,1,6,76,76400,2,3,2,1,1
202300045074,19,6,2023,09:45,1,2,7,79,79007,1,3,2,1,2
202300045075,17,6,2023,15:00,1,1,7,2B,2B354,1,3,2,2,1
202300045076,18,6,2023,15:00,1,1,1,82,82075,1,3,2,3,1
202300045077,19,6,2023,17:50,1,1,7,65,65388,1,4,2,2,1
202300045078,20,6,2023,15:10,1,1,3,65,65389,2,3,2,1,1
202300045079,19,6,2023,18:35,1,1,3,61,61484,1,3,2,1,1
202300045079,19,6,2023,18:35,1,1,3,61,61484,1,3,2,2,1
202300045080,18,6,2023,10:30,1,1,3,61,61029,1,3,2,2,1
202300045081,19,6,2023,17:30,1,1,1,22,22072,1,3,2,1,1
202300045081,19,6,2023,17:30,1,1,1,22,22072,1,3,2,1,1
202300045082,18,6,2023,10:10,1,1,5,44,44130,1,3,2,1,1
202300045083,20,6,2023,17:20,1,1,2,29,29146,1,3,2,1,1
202300045083,20,6,2023,17:20,1,1,2,29,29146,1,3,2,3,1
202300045084,19,6,2023,16:35,1,2,6,29,29188,2,4,2,1,2
202300045085,18,6,2023,14:45,1,1,3,84,84030,1,3,2,1,9
202300045086,19,6,2023,18:40,1,1,7,58,58138,1,3,2,1,1
202300045087,19,6,2023,20:10,1,1,6,14,14020,2,3,2,2,1
202300045088,19,6,2023,23:55,3,1,6,64,64263,1,3,2,2,1
202300045089,19,6,2023,20:40,1,1,1,16,16222,1,3,2,3,1
202300045090,20,6,2023,13:55,1,1,3,53,53137,1,3,2,1,1
202300045090,20,6,2023,13:55,1,1,3,53,53137,1,3,2,1,1
202300045091,19,6,2023,16:40,1,1,3,04,04025,1,3,2,1,1
202300045092,18,6,2023,12:15,1,1,3,04,04046,1,3,2,1,1
202300045093,20,6,2023,10:20,1,1,3,85,85288,1,3,2,1,1
202300045094,20,6,2023,07:58,1,2,6,37,37057,1,3,2,1,2
202300045095,19,6,2023,16:10,1,1,3,30,30003,1,3,2,1,1
202300045095,19,6,2023,16:10,1,1,3,30,30003,1,3,2,1,1
202300045096,19,6,2023,14:08,1,1,1,30,30004,1,3,2,1,1
202300045097,19,6,2023,19:05,1,8,7,52,52357,1,3,2,2,1
202300045098,19,6,2023,19:20,1,1,3,88,88108,1,3,2,1,1
202300045099,20,6,2023,11:30,1,1,6,42,42256,1,3,2,2,1
202300045100,19,6,2023,18:15,1,1,5,69,69264,1,1,3,1,1
202300045101,18,6,2023,11:30,1,1,2,13,13051,1,1,3,1,1
202300045102,20,6,2023,15:15,1,1,7,973,97310,1,3,2,2,1
202300045103,11,6,2023,22:30,3,1,1,971,97134,1,2,2,4,1
202300045104,17,6,2023,12:30,1,1,1,37,37011,2,3,2,1,1
202300045105,19,6,2023,16:57,1,1,6,2B,2B193,1,2,2,1,1
202300045106,19,6,2023,16:40,1,1,7,04,04226,1,3,2,4,1
202300045107,1,6,2023,12:36,1,1,6,13,13081,2,9,2,1,1
202300045108,20,6,2023,09:10,1,1,7,13,13004,2,3,2,1,8
202300045109,19,6,2023,14:30,1,1,3,13,13060,1,3,2,1,1
202300045109,19,6,2023,14:30,1,1,3,13,13060,1,3,2,1,1
202300045110,20,6,2023,16:20,1,1,1,57,57058,2,4,2,1,1
202300045111,18,6,2023,11:50,1,1,7,69,69094,1,3,2,2,1
202300045112,19,6,2023,19:00,1,1,3,33,33412,1,3,3,1,1
202300045113,19,6,2023,08:00,1,1,5,76,76753,1,7,2,1,1
202300045114,19,6,2023,21:15,1,1,3,33,33080,1,1,3,1,1
202300045115,13,6,2023,18:00,1,1,4,33,33075,1,1,3,1,1
202300045116,13,6,2023,08:00,1,1,2,33,33143,1,1,3,1,1
202300045117,19,6,2023,07:15,1,1,6,59,59143,1,1,-1,1,1
202300045118,17,6,2023,05:10,2,1,2,59,59605,1,1,-1,1,1
202300045119,8,6,2023,15:50,1,1,4,59,59410,1,2,-1,1,1
202300045120,16,6,2023,19:41,1,1,2,59,59603,1,1,1,1,1
202300045121,19,6,2023,19:10,1,1,5,91,91228,1,1,3,1,2
202300045122,19,6,2023,09:45,1,1,3,92,92019,1,2,2,1,1
202300045123,19,6,2023,09:09,1,1,7,92,92026,1,2,-1,2,1
202300045124,17,6,2023,19:13,1,1,4,92,92050,1,1,1,1,1
202300045125,16,6,2023,09:18,1,1,5,78,78158,1,1,1,1,1
202300045126,17,6,2023,17:20,1,8,6,93,93027,1,1,3,3,2
202300045127,16,6,2023,16:15,1,1,3,95,95678,1,2,-1,1,1
202300045128,16,6,2023,13:15,1,1,2,95,95500,1,1,3,1,1
202300045129,14,6,2023,06:45,1,1,6,92,92078,1,1,-1,1,1
202300045130,13,6,2023,23:50,3,1,6,95,95488,1,1,3,1,1
202300045131,18,6,2023,04:05,3,2,6,94,94033,1,1,3,2,2
202300045132,15,6,2023,17:30,1,1,6,77,77337,1,2,1,1,1
202300045133,17,6,2023,09:50,1,1,6,95,95028,1,1,1,1,1
202300045134,18,6,2023,17:48,1,1,2,54,54587,1,3,2,1,1
202300045134,18,6,2023,17:48,1,1,2,54,54587,1,3,2,3,1
202300045135,19,6,2023,01:00,3,1,2,01,01371,1,3,2,1,1
202300045136,18,6,2023,20:30,1,1,3,17,17389,1,3,2,1,1
202300045136,18,6,2023,20:30,1,1,3,17,17389,1,3,2,1,1
202300045137,19,6,2023,11:35,1,1,6,02,02756,1,1,1,1,1
202300045138,18,6,2023,19:00,1,1,1,49,49092,1,3,-1,1,1
202300045139,19,6,2023,11:05,1,1,6,28,28073,1,1,3,1,1
202300045140,17,6,2023,01:00,4,1,7,972,97225,2,3,1,1,1
202300045140,17,6,2023,01:00,4,1,7,972,97225,2,3,-1,-1,-1
202300045141,19,6,2023,16:30,1,1,4,21,21584,1,3,2,2,1
202300045142,16,6,2023,09:50,1,1,2,76,76462,1,1,3,2,1
202300045143,18,6,2023,22:10,3,1,1,974,97414,2,2,2,2,1
202300045144,17,6,2023,11:00,1,1,1,85,85013,1,3,2,1,1
202300045145,18,6,2023,18:40,1,1,6,21,21081,1,3,2,1,1
202300045146,18,6,2023,20:15,2,1,3,30,30047,1,4,2,1,1
202300045146,18,6,2023,20:15,2,1,3,30,30047,1,4,2,1,1
202300045147,18,6,2023,02:20,3,1,7,51,51310,2,4,2,1,1
202300045148,16,6,2023,02:00,3,1,1,76,76243,1,3,2,1,1
202300045149,17,6,2023,13:40,1,1,2,2B,2B277,1,2,2,1,1
202300045150,19,6,2023,15:30,1,1,6,80,80718,1,3,2,1,1
202300045151,18,6,2023,18:20,1,1,2,55,55021,1,3,2,1,1
202300045151,18,6,2023,18:20,1,1,2,55,55021,1,3,2,1,1
202300045152,18,6,2023,16:35,1,1,7,55,55124,1,3,2,2,1
202300045153,19,6,2023,14:45,1,1,1,55,55394,1,3,2,2,1
202300045154,17,6,2023,17:15,1,1,3,55,55246,2,3,2,1,1
202300045155,19,6,2023,15:40,1,1,6,49,49018,1,3,2,2,1
202300045156,19,6,2023,06:42,2,1,6,12,12186,1,3,2,2,1
202300045157,18,6,2023,16:15,1,1,6,42,42023,1,3,2,1,1
202300045158,17,6,2023,14:00,1,1,1,86,86109,1,3,2,1,1
202300045158,17,6,2023,14:00,1,1,1,86,86109,1,3,2,1,1
202300045159,19,6,2023,11:58,1,1,1,34,34147,1,3,2,1,1
202300045160,18,6,2023,23:50,3,1,6,25,25122,1,3,2,2,1
202300045161,18,6,2023,15:40,1,7,1,15,15108,1,3,2,1,1
202300045162,19,6,2023,17:44,1,2,1,15,15118,2,3,2,2,2
202300045163,9,6,2023,04:25,3,1,6,54,54416,1,4,2,1,1
202300045164,17,6,2023,12:40,1,1,7,06,06119,1,7,2,2,1
202300045165,16,6,2023,16:00,1,1,3,06,06035,1,3,2,2,1
202300045166,18,6,2023,03:15,3,1,6,05,05142,1,2,2,1,1
202300045167,19,6,2023,04:00,3,1,1,50,50487,1,3,2,2,1
202300045168,10,5,2023,19:30,1,1,1,83,83025,2,4,2,1,1
202300045169,19,6,2023,08:35,1,1,7,85,85146,1,3,2,1,1
202300045170,18,6,2023,19:45,2,1,6,30,30053,1,3,2,1,1
202300045171,18,6,2023,20:53,2,1,7,48,48127,1,3,2,1,1
202300045172,18,6,2023,22:30,4,1,5,34,34333,1,3,2,1,1
202300045173,18,6,2023,21:20,5,1,1,987,98715,2,2,2,1,1
202300045174,18,6,2023,08:55,1,1,7,51,51171,1,1,3,1,2
202300045175,11,6,2023,07:50,1,1,4,34,34203,1,1,2,1,1
202300045176,17,6,2023,06:30,2,1,2,27,27188,1,1,3,1,1
202300045177,17,6,2023,18:00,1,1,7,69,69097,1,3,2,2,9
202300045178,18,6,2023,04:00,5,1,6,987,98714,1,2,2,1,1
202300045179,17,6,2023,21:40,2,1,3,77,77318,1,3,2,1,1
202300045179,17,6,2023,21:40,2,1,3,77,77318,1,3,2,1,1
202300045180,19,6,2023,09:35,1,1,7,2B,2B314,1,3,2,1,1
202300045181,18,6,2023,21:30,2,1,6,34,34289,1,3,2,1,1
202300045182,17,6,2023,20:00,1,1,6,84,84016,1,3,2,1,1
202300045183,17,6,2023,11:46,1,1,7,06,06141,1,3,2,1,1
202300045184,15,6,2023,12:24,1,1,7,05,05065,1,3,2,2,1
202300045185,18,6,2023,00:15,3,1,1,13,13048,1,3,2,1,1
202300045186,19,6,2023,14:05,1,1,2,70,70310,1,3,2,1,1
202300045187,17,6,2023,21:03,1,1,6,57,57058,2,9,-1,1,1
202300045188,1,4,2023,07:45,1,4,6,73,73232,1,3,2,2,5
202300045189,17,6,2023,20:06,1,1,2,38,38061,2,4,2,2,1
202300045190,18,6,2023,17:30,1,1,3,09,09282,1,3,2,1,1
202300045191,2,5,2023,19:00,1,1,3,49,49301,1,3,2,1,1
202300045191,2,5,2023,19:00,1,1,3,49,49301,1,3,2,1,1
202300045192,18,6,2023,07:30,1,1,6,29,29046,2,4,2,1,1
202300045193,17,6,2023,11:45,1,1,6,60,60107,1,4,2,1,1
202300045194,19,6,2023,12:26,1,7,6,60,60103,1,3,2,1,1
202300045195,16,6,2023,18:15,1,1,7,59,59660,1,4,2,1,1
202300045196,17,3,2023,20:45,3,1,3,73,73075,1,3,2,1,1
202300045197,13,3,2023,08:45,1,1,5,73,73162,1,3,2,1,1
202300045198,17,6,2023,12:40,1,1,3,94,94081,2,4,2,1,1
202300045199,17,6,2023,16:00,1,1,6,94,94033,2,4,1,1,1
202300045199,17,6,2023,16:00,1,1,6,94,94033,2,4,1,1,1
202300045200,16,6,2023,23:50,5,1,3,94,94033,2,3,2,3,1
202300045200,16,6,2023,23:50,5,1,3,94,94033,2,3,2,1,1
202300045201,17,6,2023,22:00,2,1,3,93,93073,2,4,1,1,1
202300045201,17,6,2023,22:00,2,1,3,93,93073,2,4,2,1,1
202300045202,17,6,2023,13:40,1,1,2,93,93073,1,5,4,1,1
202300045203,17,6,2023,21:57,5,1,3,93,93055,2,3,2,1,1
202300045204,17,6,2023,05:15,2,1,6,93,93032,2,3,2,1,1
202300045204,17,6,2023,05:15,2,1,6,93,93032,2,3,3,1,1
202300045205,17,6,2023,17:00,1,1,6,93,93079,2,3,2,1,1
202300045206,17,6,2023,16:30,1,1,6,93,93029,2,3,2,1,1
202300045206,17,6,2023,16:30,1,1,6,93,93029,2,3,3,1,1
202300045207,17,6,2023,12:15,1,1,1,93,93057,2,4,2,1,1
202300045208,17,6,2023,08:30,1,1,2,93,93010,2,3,3,1,1
202300045209,16,6,2023,15:30,1,1,4,92,92072,2,3,3,1,1
202300045210,16,6,2023,09:06,1,1,7,60,60284,2,4,2,1,1
202300045211,17,6,2023,20:45,1,8,1,35,35219,1,4,2,3,1
202300045212,17,6,2023,12:30,1,1,3,24,24299,2,3,2,1,1
202300045212,17,6,2023,12:30,1,1,3,24,24299,2,3,2,1,1
202300045213,16,6,2023,22:15,3,1,3,62,62053,1,3,2,1,1
202300045213,16,6,2023,22:15,3,1,3,62,62053,1,3,2,1,1
202300045214,17,6,2023,17:05,1,1,3,91,91235,1,3,2,1,1
202300045215,17,6,2023,16:16,1,7,7,26,26139,1,3,2,1,1
202300045216,17,6,2023,07:05,2,7,1,17,17420,2,3,2,1,1
202300045217,18,6,2023,10:15,1,1,7,54,54477,1,3,2,2,1
202300045218,17,6,2023,10:10,1,1,6,30,30202,2,4,2,1,1
202300045219,18,6,2023,17:20,1,1,6,95,95144,1,3,2,2,1
202300045220,17,6,2023,20:15,1,1,7,51,51424,1,3,2,1,9
202300045221,17,6,2023,09:00,1,1,7,19,19259,1,3,2,1,1
202300045222,17,6,2023,07:30,2,1,6,56,56003,1,4,2,1,1
202300045223,17,6,2023,21:31,2,1,7,80,80557,2,3,2,1,1
202300045224,18,6,2023,14:50,1,1,1,82,82026,1,3,2,1,1
202300045225,17,6,2023,15:10,1,1,1,65,65428,1,3,2,2,1
202300045226,16,6,2023,20:50,1,1,6,81,81307,1,3,2,1,1
202300045227,18,6,2023,08:30,1,1,6,71,71196,1,3,2,1,1