id_accident,jour,mois,annee,heure_minute,luminosite,meteo,type_collision,departement,commune,agglomeration,categorie_route,regime_circulation,profil_route,etat_surface
202300045228,18,6,2023,10:45,1,1,7,89,89194,1,3,2,2,1
202300045229,17,6,2023,21:20,2,1,6,63,63448,1,4,2,2,1
202300045230,16,6,2023,18:00,1,1,7,49,49178,1,3,2,1,9
202300045231,17,6,2023,03:34,5,1,6,49,49378,2,3,2,1,1
202300045232,17,6,2023,12:30,1,1,6,46,46323,1,3,2,1,1
202300045233,2,11,2023,09:00,2,2,3,69,69013,2,4,2,1,2
202300045234,1,11,2023,00:30,5,1,3,69,69259,2,4,2,1,1
202300045234,1,11,2023,00:30,5,1,3,69,69259,2,4,2,1,1
202300045235,2,11,2023,18:20,5,1,1,67,67267,2,4,2,1,2
202300045235,2,11,2023,18:20,5,1,1,67,67267,2,4,2,1,2
202300045236,2,11,2023,17:50,5,1,2,67,67218,2,4,1,1,1
202300045237,1,11,2023,17:40,2,2,3,67,67482,2,4,2,1,2
202300045238,2,11,2023,18:45,5,2,6,65,65440,2,4,2,1,2
202300045239,2,11,2023,11:45,1,3,6,64,64445,2,4,2,1,2
202300045240,1,11,2023,19:48,5,2,6,64,64445,2,4,2,1,2
202300045241,2,11,2023,15:45,1,3,3,64,64024,2,4,3,1,2
202300045242,28,10,2023,15:00,1,1,3,62,62041,2,4,1,1,1
202300045242,28,10,2023,15:00,1,1,3,62,62041,2,4,-1,1,1
202300045243,9,10,2023,17:20,1,1,3,62,62753,2,3,2,1,1
202300045243,9,10,2023,17:20,1,1,3,62,62753,2,3,1,2,1
202300045244,2,11,2023,21:25,5,3,6,59,59512,2,4,1,1,2
202300045245,2,11,2023,05:45,3,6,6,59,59476,2,3,2,1,2
202300045246,2,11,2023,12:05,1,3,3,58,58194,2,4,1,1,2
202300045246,2,11,2023,12:05,1,3,3,58,58194,2,4,1,1,2
202300045247,2,11,2023,14:10,1,2,6,56,56083,2,4,2,1,2
202300045248,1,11,2023,18:10,5,3,3,56,56121,2,4,2,1,2
202300045249,1,11,2023,20:00,5,1,1,54,54257,2,7,2,1,1
202300045249,1,11,2023,20:00,5,1,1,54,54257,2,7,2,2,1
202300045250,2,11,2023,14:12,1,6,6,49,49246,2,1,3,1,1
202300045251,13,5,2023,01:00,3,3,7,07,07281,1,3,2,2,2
202300045252,2,11,2023,19:15,3,3,2,44,44184,1,3,3,1,2
202300045253,13,5,2023,07:30,1,1,6,06,06030,2,4,2,2,1
202300045254,24,10,2023,09:55,1,3,3,38,38185,2,7,2,1,2
202300045254,24,10,2023,09:55,1,3,3,38,38185,2,7,2,1,2
202300045255,13,5,2023,16:10,1,1,2,75,75116,2,4,1,1,1
202300045256,2,11,2023,19:35,5,3,6,33,33063,2,4,2,1,2
202300045257,2,11,2023,10:50,1,8,6,33,33162,2,4,2,1,2
202300045258,13,5,2023,12:57,1,1,3,75,75107,2,4,2,1,1
202300045258,13,5,2023,12:57,1,1,3,75,75107,2,4,2,1,1
202300045259,1,11,2023,16:31,1,1,6,33,33063,2,4,2,1,2
202300045260,13,5,2023,04:35,5,1,1,75,75116,2,4,2,1,1
202300045261,2,11,2023,10:30,1,1,6,31,31069,2,4,1,2,1
202300045262,13,5,2023,12:30,1,1,2,75,75120,2,4,2,1,1
202300045262,13,5,2023,12:30,1,1,2,75,75120,2,4,-1,1,1
202300045263,1,11,2023,17:55,2,1,6,30,30189,2,4,1,2,1
202300045264,13,5,2023,20:00,1,1,6,75,75119,2,4,-1,2,1
202300045264,13,5,2023,20:00,1,1,6,75,75119,2,4,-1,1,1
202300045265,13,5,2023,20:25,2,1,2,75,75118,2,4,-1,1,1
202300045266,6,10,2023,19:55,5,1,5,30,30189,2,3,2,1,1
202300045267,13,5,2023,20:00,1,1,3,75,75117,2,4,2,1,1
202300045267,13,5,2023,20:00,1,1,3,75,75117,2,4,2,1,1
202300045268,1,11,2023,16:45,1,1,6,22,22113,2,4,2,1,1
202300045268,1,11,2023,16:45,1,1,6,22,22113,2,4,2,1,1
202300045269,13,5,2023,15:03,1,1,3,75,75117,2,4,2,1,1
202300045269,13,5,2023,15:03,1,1,3,75,75117,2,4,1,1,1
202300045270,12,5,2023,12:00,1,2,3,75,75117,2,4,1,1,2
202300045270,12,5,2023,12:00,1,2,3,75,75117,2,4,1,1,2
202300045271,1,11,2023,18:10,3,8,6,14,14366,2,4,3,1,2
202300045271,1,11,2023,18:10,3,8,6,14,14366,2,4,2,1,1
202300045272,13,5,2023,10:50,1,1,2,75,75110,2,4,1,1,1
202300045272,13,5,2023,10:50,1,1,2,75,75110,2,4,1,1,1
202300045273,2,11,2023,18:00,2,2,2,13,13054,2,3,1,1,2
202300045273,2,11,2023,18:00,2,2,2,13,13054,2,3,1,1,2
202300045274,13,5,2023,02:10,5,1,1,75,75110,2,4,1,2,1
202300045274,13,5,2023,02:10,5,1,1,75,75110,2,4,-1,1,1
202300045275,2,11,2023,22:05,5,2,1,13,13209,2,4,2,1,2
202300045276,13,5,2023,01:30,5,1,3,75,75110,2,4,2,1,1
202300045276,13,5,2023,01:30,5,1,3,75,75110,2,4,1,1,1
202300045277,2,11,2023,16:25,1,1,3,13,13210,2,4,2,1,1
202300045277,2,11,2023,16:25,1,1,3,13,13210,2,4,1,1,1
202300045278,13,5,2023,04:35,5,1,6,75,75108,2,4,2,1,1
202300045278,13,5,2023,04:35,5,1,6,75,75108,2,4,-1,1,1
202300045279,2,11,2023,15:34,1,8,1,13,13204,2,4,3,1,2
202300045280,13,5,2023,21:50,5,1,6,75,75107,2,4,2,1,1
202300045280,13,5,2023,21:50,5,1,6,75,75107,2,4,-1,1,1
202300045281,2,11,2023,07:15,1,8,6,13,13028,2,4,2,1,1
202300045282,13,5,2023,16:40,1,1,2,75,75103,2,4,2,1,1
202300045282,13,5,2023,16:40,1,1,2,75,75103,2,4,2,1,1
202300045283,2,11,2023,15:35,1,2,3,13,13001,2,4,-1,1,2
202300045283,2,11,2023,15:35,1,2,3,13,13001,2,4,-1,1,2
202300045284,13,5,2023,14:00,1,1,6,75,75104,2,4,2,1,1
202300045284,13,5,2023,14:00,1,1,6,75,75104,2,4,1,1,1
202300045285,2,11,2023,17:30,5,8,2,07,07102,2,4,3,1,2
202300045286,13,5,2023,10:00,1,1,6,75,75102,2,4,-1,1,1
202300045286,13,5,2023,10:00,1,1,6,75,75102,2,4,-1,1,1
202300045287,1,11,2023,13:54,1,1,4,06,06088,2,7,3,1,1
202300045288,12,5,2023,23:55,5,1,1,94,94028,2,4,3,1,1
202300045289,2,11,2023,06:30,5,1,6,06,06029,2,4,1,1,1
202300045290,2,11,2023,13:25,1,6,3,75,75113,2,4,1,1,2
202300045291,13,5,2023,12:15,1,1,3,94,94017,2,4,2,1,1
202300045292,2,11,2023,10:30,1,6,6,75,75118,2,4,1,1,1
202300045293,12,5,2023,22:30,5,1,6,93,93046,2,3,2,1,1
202300045294,13,5,2023,08:20,1,1,3,93,93027,2,3,2,1,1
202300045294,13,5,2023,08:20,1,1,3,93,93027,2,3,2,1,1
202300045295,2,11,2023,15:50,1,1,6,75,75116,2,4,1,1,1
202300045295,2,11,2023,15:50,1,1,6,75,75116,2,4,-1,1,1
202300045296,13,5,2023,12:45,1,1,5,93,93001,2,3,2,1,1
202300045297,1,11,2023,07:10,2,1,2,75,75116,2,4,2,1,1
202300045297,1,11,2023,07:10,2,1,2,75,75116,2,4,1,1,1
202300045298,31,10,2023,17:30,2,1,1,75,75116,2,4,2,1,1
202300045299,13,5,2023,18:05,1,1,3,92,92051,2,3,2,1,1
202300045299,13,5,2023,18:05,1,1,3,92,92051,2,3,2,1,1
202300045300,1,11,2023,21:14,5,1,7,75,75113,2,4,2,1,1
202300045300,1,11,2023,21:14,5,1,7,75,75113,2,4,-1,1,1
202300045301,12,5,2023,23:45,5,1,4,92,92051,2,3,3,1,1
202300045302,2,11,2023,20:20,5,1,6,75,75109,2,4,-1,1,1
202300045302,2,11,2023,20:20,5,1,6,75,75109,2,4,1,1,1
202300045303,14,5,2023,12:45,1,1,7,60,60242,2,3,2,2,1
202300045304,13,5,2023,23:00,3,1,6,14,14531,1,3,2,2,1
202300045305,2,11,2023,18:00,5,1,6,75,75107,2,4,-1,1,1
202300045305,2,11,2023,18:00,5,1,6,75,75107,2,4,1,1,1
202300045306,13,5,2023,16:10,1,1,1,62,62743,2,3,2,1,1
202300045306,13,5,2023,16:10,1,1,1,62,62743,2,3,2,1,1
202300045307,14,5,2023,17:30,1,1,1,51,51497,1,3,2,1,1
202300045308,13,5,2023,21:00,1,1,7,71,71214,1,3,2,1,1
202300045309,2,11,2023,14:05,1,1,1,75,75102,2,4,1,1,1
202300045309,2,11,2023,14:05,1,1,1,75,75102,2,4,2,1,1
202300045310,14,5,2023,14:00,1,1,3,41,41032,2,4,2,1,1
202300045311,2,11,2023,09:44,1,2,3,75,75104,2,4,1,1,2
202300045311,2,11,2023,09:44,1,2,3,75,75104,2,4,1,1,2
202300045312,2,11,2023,08:45,1,1,3,94,94046,2,4,1,1,1
202300045312,2,11,2023,08:45,1,1,3,94,94046,2,4,1,1,1
202300045313,14,5,2023,00:55,3,1,3,33,33205,1,3,2,1,1
202300045313,14,5,2023,00:55,3,1,3,33,33205,1,3,2,1,1
202300045314,1,11,2023,14:40,1,2,6,94,94041,2,3,-1,1,2
202300045315,12,5,2023,05:00,3,1,7,67,67115,1,3,2,1,1
202300045316,1,11,2023,06:40,5,1,3,94,94065,2,3,1,1,1
202300045317,14,5,2023,02:50,3,1,6,51,51217,2,3,2,1,1
202300045318,2,11,2023,18:30,5,1,6,94,94073,2,3,2,1,1
202300045319,2,11,2023,17:00,1,1,6,93,93031,2,3,2,1,1
202300045320,14,5,2023,10:35,1,1,6,974,97410,2,2,2,1,1
202300045321,2,11,2023,20:55,5,2,2,93,93029,2,3,2,1,2
202300045322,14,5,2023,19:00,1,1,3,06,06046,2,7,2,2,1
202300045322,14,5,2023,19:00,1,1,3,06,06046,2,7,2,2,1
202300045323,1,11,2023,19:40,5,1,6,93,93047,2,4,2,1,1
202300045323,1,11,2023,19:40,5,1,6,93,93047,2,4,2,1,1
202300045324,14,5,2023,15:00,1,1,7,50,50099,1,2,3,2,1
202300045325,2,11,2023,07:50,1,6,7,93,93057,2,3,-1,1,2
202300045326,2,11,2023,07:00,2,6,3,92,92050,2,4,1,1,2
202300045327,2,11,2023,18:00,5,6,6,92,92024,2,3,2,1,2
202300045328,13,5,2023,18:40,1,1,4,50,50270,1,3,2,2,1
202300045329,3,11,2023,16:50,1,8,6,26,26139,2,4,1,3,2
202300045330,2,11,2023,18:30,3,8,7,45,45239,1,3,2,1,2
202300045331,12,5,2023,18:15,1,1,1,56,56193,2,3,2,1,1
202300045331,12,5,2023,18:15,1,1,1,56,56193,2,3,2,1,1
202300045332,3,11,2023,15:45,1,1,6,76,76624,2,4,-1,1,1
202300045333,14,5,2023,06:14,2,1,6,82,82124,1,3,2,1,1
202300045334,21,10,2023,19:45,3,2,1,85,85209,1,3,2,1,2
202300045335,2,11,2023,23:45,3,2,6,83,83004,1,3,2,3,2
202300045336,14,5,2023,14:52,1,1,3,71,71580,2,4,2,1,1
202300045336,14,5,2023,14:52,1,1,3,71,71580,2,4,2,2,1
202300045337,13,5,2023,16:30,1,1,7,61,61404,2,3,2,2,1
202300045338,31,10,2023,16:50,1,1,3,11,11012,2,3,2,1,1
202300045338,31,10,2023,16:50,1,1,3,11,11012,2,3,2,1,1
202300045339,2,11,2023,16:25,1,1,1,21,21642,1,1,1,1,1
202300045340,13,5,2023,15:55,1,1,2,61,61243,1,3,2,1,1
202300045340,13,5,2023,15:55,1,1,2,61,61243,1,3,2,1,1
202300045341,2,11,2023,19:15,3,4,2,50,50214,1,1,3,2,2
202300045342,1,11,2023,13:25,1,6,7,51,51354,1,3,2,1,2
202300045343,14,5,2023,17:10,1,1,6,61,61278,2,3,2,1,1
202300045343,14,5,2023,17:10,1,1,6,61,61278,2,3,-1,1,1
202300045344,2,11,2023,22:25,3,2,6,65,65054,1,3,2,1,2
202300045345,2,11,2023,10:30,1,3,3,65,65375,1,3,2,1,2
202300045345,2,11,2023,10:30,1,3,3,65,65375,1,3,2,1,2
202300045346,13,5,2023,15:05,1,1,1,22,22158,1,2,2,1,1
202300045346,13,5,2023,15:05,1,1,1,22,22158,1,2,2,1,1
202300045347,27,10,2023,18:30,5,2,2,69,69168,2,7,2,1,2
202300045347,27,10,2023,18:30,5,2,2,69,69168,2,7,2,1,2
202300045348,14,5,2023,07:55,1,1,3,25,25222,1,2,2,2,1
202300045348,14,5,2023,07:55,1,1,3,25,25222,1,2,-1,1,-1
202300045349,28,10,2023,15:00,1,1,3,11,11105,1,3,2,1,1
202300045349,28,10,2023,15:00,1,1,3,11,11105,1,3,2,1,1
202300045350,2,11,2023,15:45,1,3,3,71,71543,2,4,2,1,2
202300045351,3,11,2023,17:45,3,1,1,89,89423,1,3,2,1,1
202300045352,12,5,2023,11:15,1,1,3,44,44151,1,3,2,2,1
202300045352,12,5,2023,11:15,1,1,3,44,44151,1,3,2,1,1
202300045353,13,5,2023,18:45,1,1,1,44,44006,1,3,2,3,1
202300045354,2,11,2023,18:10,3,1,3,55,55007,1,3,2,1,1
202300045355,1,11,2023,11:50,1,2,6,46,46153,1,3,2,2,2
202300045356,4,5,2023,20:15,2,1,1,38,38408,2,4,1,1,1
202300045357,3,11,2023,16:50,3,2,1,39,39027,1,3,2,1,2
202300045358,13,5,2023,14:40,1,1,5,02,02807,1,3,2,1,1
202300045359,2,11,2023,18:00,5,3,6,02,02095,2,4,2,1,2
202300045360,2,11,2023,14:00,1,2,6,03,03170,1,3,2,2,2
202300045361,13,5,2023,16:49,1,1,4,15,15120,2,3,2,1,1
202300045362,13,5,2023,22:55,3,8,7,01,01133,1,3,2,1,2
202300045363,2,11,2023,17:40,3,9,2,70,70575,1,3,2,1,2
202300045364,2,11,2023,06:30,3,6,6,45,45188,1,3,2,1,2
202300045365,14,5,2023,16:20,1,1,3,66,66052,1,3,2,1,1
202300045366,14,5,2023,01:50,3,1,3,50,50079,1,3,2,1,1
202300045366,14,5,2023,01:50,3,1,3,50,50079,1,3,2,1,1
202300045367,27,10,2023,16:50,1,3,3,16,16286,1,3,2,1,2
202300045367,27,10,2023,16:50,1,3,3,16,16286,1,3,2,1,2
202300045368,3,11,2023,20:20,3,2,6,24,24019,1,3,2,1,2
202300045369,2,11,2023,10:00,1,2,1,24,24026,1,3,-1,1,2
202300045370,13,5,2023,22:55,3,1,6,18,18134,2,3,2,2,2
202300045370,13,5,2023,22:55,3,1,6,18,18134,2,3,2,1,1
202300045371,13,5,2023,07:30,2,8,7,18,18211,1,4,2,2,1
202300045372,3,11,2023,18:30,3,3,4,85,85288,1,3,2,1,2
202300045373,14,5,2023,09:45,1,5,3,36,36069,1,3,2,1,2
202300045374,2,11,2023,14:18,1,2,3,52,52287,1,3,2,1,2
202300045374,2,11,2023,14:18,1,2,3,52,52287,1,3,2,1,2
202300045375,14,5,2023,17:45,1,1,6,37,37165,1,3,2,2,1
202300045376,3,11,2023,18:20,3,1,1,68,68375,1,3,2,1,1
202300045377,13,5,2023,18:35,1,1,6,95,95394,2,4,-1,1,1
202300045378,2,11,2023,16:15,1,7,6,34,34247,1,3,-1,4,1
202300045379,13,5,2023,21:45,2,1,1,978,97801,1,2,2,1,1
202300045380,2,11,2023,19:51,3,2,6,49,49222,1,1,1,1,2
202300045381,13,5,2023,13:37,1,1,3,69,69244,2,4,1,1,2
202300045382,2,11,2023,11:51,1,1,4,974,97415,1,2,2,1,1
202300045383,3,11,2023,13:46,1,1,3,973,97311,2,2,2,1,1
202300045384,13,5,2023,05:30,3,1,3,974,97415,1,2,2,1,1
202300045385,1,11,2023,07:40,1,1,3,971,97116,1,4,2,3,1
202300045386,13,5,2023,09:45,1,1,7,41,41207,2,3,2,1,1
202300045386,13,5,2023,09:45,1,1,7,41,41207,2,3,2,-1,-1
202300045387,13,5,2023,16:58,1,1,6,95,95102,1,3,2,1,1
202300045388,3,11,2023,09:45,1,2,3,13,13088,2,3,2,1,2
202300045388,3,11,2023,09:45,1,2,3,13,13088,2,3,1,1,2
202300045389,14,5,2023,07:20,2,8,7,78,78160,2,4,2,1,1
202300045390,3,11,2023,10:20,1,1,6,48,48004,1,9,2,3,2
202300045391,13,5,2023,18:00,1,1,1,30,30090,1,3,2,1,1
202300045392,13,5,2023,13:00,1,1,6,83,83138,2,3,2,1,1
202300045393,3,11,2023,16:00,1,1,1,83,83115,1,3,2,2,1
202300045394,13,5,2023,10:10,1,1,1,13,13100,1,3,2,1,1
202300045395,31,10,2023,18:50,3,2,6,06,06157,2,4,2,1,2
202300045396,28,4,2023,05:40,2,3,7,68,68163,1,3,-1,1,2
202300045397,2,11,2023,07:11,2,2,6,04,04197,1,3,2,1,2
202300045398,2,11,2023,09:45,1,3,1,13,13066,1,3,2,2,2
202300045399,12,5,2023,17:15,1,1,3,73,73249,1,3,2,1,1
202300045399,12,5,2023,17:15,1,1,3,73,73249,1,3,1,1,1
202300045400,31,10,2023,15:15,1,1,7,57,57031,2,4,2,1,1
202300045401,13,5,2023,18:00,1,2,3,42,42094,2,4,1,1,2
202300045401,13,5,2023,18:00,1,2,3,42,42094,2,4,2,1,2
202300045402,30,10,2023,18:05,3,2,3,01,01424,1,3,2,2,2
202300045402,30,10,2023,18:05,3,2,3,01,01424,1,3,2,2,2
202300045403,13,5,2023,20:45,2,1,7,33,33487,1,3,2,1,1
202300045404,19,10,2023,15:45,1,1,3,59,59268,2,3,2,1,1
202300045405,14,5,2023,18:00,1,1,6,60,60581,2,4,2,1,1
202300045406,3,11,2023,07:50,1,8,3,59,59592,1,3,2,1,2
202300045406,3,11,2023,07:50,1,8,3,59,59592,1,3,2,1,1
202300045407,2,11,2023,15:00,1,1,2,94,94038,1,1,1,1,1
202300045408,14,5,2023,08:30,1,8,2,80,80204,1,1,3,2,2
202300045409,2,11,2023,17:45,2,6,3,93,93063,1,1,3,1,2
202300045410,13,5,2023,21:30,3,1,6,62,62793,1,3,2,1,1
202300045411,2,11,2023,15:30,1,1,3,93,93010,1,1,3,1,1
202300045412,14,5,2023,06:12,1,1,6,59,59158,2,4,2,1,1
202300045413,2,1,2023,15:30,1,1,6,93,93010,1,1,1,1,1
202300045414,15,4,2023,18:15,1,1,6,13,13019,1,1,1,1,1
202300045415,2,11,2023,06:05,3,6,5,95,95424,1,1,3,1,2
202300045416,5,5,2023,07:45,1,1,3,69,69199,1,1,3,1,1
202300045417,13,5,2023,16:00,1,1,7,91,91179,1,1,1,1,1
202300045418,13,5,2023,01:40,3,1,2,92,92064,1,1,-1,1,1
202300045419,1,11,2023,23:00,3,2,5,93,93008,1,2,1,1,2
202300045420,12,5,2023,12:30,1,1,6,92,92072,1,2,1,4,1
202300045421,1,11,2023,19:00,3,1,2,92,92078,1,1,3,1,1
202300045422,13,5,2023,01:20,3,1,3,95,95241,1,2,3,1,1
202300045423,1,11,2023,16:00,1,8,1,93,93027,1,1,1,1,2
202300045424,12,5,2023,23:00,3,1,2,95,95060,1,1,3,1,1
202300045425,2,11,2023,19:30,3,1,4,94,94069,1,1,1,1,1
202300045426,12,5,2023,17:05,1,1,5,95,95582,1,1,3,2,1
202300045427,1,11,2023,11:50,1,2,4,94,94033,1,1,3,1,2
202300045428,12,5,2023,13:50,1,8,7,93,93053,1,1,1,1,2
202300045429,23,7,2023,11:30,1,1,7,05,05153,1,3,2,2,1
202300045430,12,5,2023,20:15,1,1,2,94,94073,1,1,3,1,1
202300045431,12,5,2023,10:40,1,2,1,75,75102,2,4,1,1,2
202300045431,12,5,2023,10:40,1,2,1,75,75102,2,4,1,1,2
202300045432,1,11,2023,17:30,1,1,4,974,97416,1,2,1,1,1
202300045433,9,5,2023,15:15,1,3,6,13,13108,2,4,2,1,2
202300045434,1,11,2023,05:00,5,1,7,973,97302,2,4,1,1,1
202300045435,31,10,2023,23:35,5,1,7,973,97302,1,2,-1,1,1
202300045436,1,11,2023,12:10,1,1,1,972,97213,2,4,-1,1,1
202300045437,1,11,2023,19:55,5,1,6,69,69382,2,4,2,1,1
202300045438,12,5,2023,11:30,1,1,6,974,97416,2,4,-1,2,1
202300045439,31,10,2023,19:14,5,1,1,971,97113,1,2,2,1,1
202300045440,12,5,2023,07:40,1,1,6,974,97411,2,4,1,1,1
202300045440,12,5,2023,07:40,1,1,6,974,97411,2,4,1,1,1
202300045441,1,11,2023,13:20,1,2,1,91,91689,1,3,2,1,2
202300045442,12,5,2023,19:20,3,1,1,973,97302,2,3,1,2,1
202300045442,12,5,2023,19:20,3,1,1,973,97302,2,3,1,2,9
202300045443,12,5,2023,14:50,1,1,2,973,97302,2,3,2,1,1
202300045444,1,11,2023,14:30,1,3,1,91,91687,2,4,-1,2,2
202300045445,12,5,2023,01:10,5,1,6,973,97302,2,3,2,1,1
202300045446,1,11,2023,19:05,5,1,7,89,89387,2,4,1,1,2
202300045447,12,5,2023,11:45,1,1,6,69,69387,2,4,1,1,1
202300045448,12,5,2023,09:55,1,1,3,69,69387,2,4,2,1,1
202300045448,12,5,2023,09:55,1,1,3,69,69387,2,4,2,1,1
202300045449,1,11,2023,19:10,3,1,7,77,77350,2,3,3,1,1
202300045450,12,5,2023,14:15,1,1,1,972,97209,2,2,2,4,1
202300045451,12,5,2023,14:20,1,1,1,69,69034,2,4,2,1,1
202300045451,12,5,2023,14:20,1,1,1,69,69034,2,4,2,2,1
202300045452,2,11,2023,00:15,5,2,3,76,76231,2,7,2,1,2
202300045452,2,11,2023,00:15,5,2,3,76,76231,2,7,2,1,2
202300045453,11,5,2023,11:35,1,8,6,971,97101,1,2,1,2,1
202300045454,31,10,2023,21:00,3,2,5,76,76576,1,3,2,2,2
202300045455,11,5,2023,07:50,1,2,4,971,97101,2,3,2,1,2
202300045456,12,5,2023,09:30,1,1,3,83,83137,2,4,2,1,1
202300045457,31,10,2023,10:00,1,1,1,68,68166,2,4,2,1,1
202300045457,31,10,2023,10:00,1,1,1,68,68166,2,4,2,1,1
202300045458,11,5,2023,09:18,1,1,2,83,83129,2,3,1,2,1
202300045459,1,11,2023,22:30,5,8,3,63,63113,2,7,3,1,2
202300045460,11,5,2023,10:10,1,1,3,83,83069,2,4,2,1,1
202300045460,11,5,2023,10:10,1,1,3,83,83069,2,4,1,2,1
202300045461,1,11,2023,14:20,1,3,6,62,62193,2,3,2,1,2
202300045461,1,11,2023,14:20,1,3,6,62,62193,2,3,-1,1,2
202300045462,1,11,2023,12:00,1,2,6,60,60057,1,3,-1,2,2
202300045463,11,5,2023,12:10,1,1,3,82,82121,2,4,2,2,1
202300045463,11,5,2023,12:10,1,1,3,82,82121,2,4,1,2,1
202300045464,1,11,2023,18:45,5,2,6,38,38421,2,4,-1,1,2
202300045465,12,5,2023,12:15,1,2,3,78,78146,2,4,2,1,2
202300045465,12,5,2023,12:15,1,2,3,78,78146,2,4,2,1,2
202300045466,1,11,2023,15:15,2,2,6,38,38151,2,7,1,1,2
202300045467,11,5,2023,16:00,1,1,6,78,78481,2,3,2,1,1
202300045468,1,11,2023,03:15,3,1,6,38,38169,2,4,2,1,1
202300045469,12,5,2023,09:15,1,1,6,78,78498,2,3,2,1,1
202300045469,12,5,2023,09:15,1,1,6,78,78498,2,3,1,1,1
202300045470,1,11,2023,04:30,5,1,4,37,37261,2,4,2,1,1
202300045471,12,5,2023,08:00,1,1,2,77,77186,1,3,3,1,1
202300045471,12,5,2023,08:00,1,1,2,77,77186,1,3,3,1,1
202300045472,1,11,2023,18:50,5,2,6,35,35281,2,4,2,1,2
202300045473,12,5,2023,23:25,3,1,6,76,76231,2,7,1,1,2
202300045474,1,11,2023,14:10,1,8,3,34,34172,2,4,2,1,1
202300045475,12,5,2023,11:15,1,1,3,72,72181,2,4,2,1,1
202300045476,12,5,2023,07:55,1,1,2,72,72181,2,4,3,1,1
202300045477,1,11,2023,19:15,5,2,3,33,33039,2,4,2,1,2
202300045477,1,11,2023,19:15,5,2,3,33,33039,2,4,2,1,2
202300045477,1,11,2023,19:15,5,2,3,33,33039,2,4,2,1,2
202300045478,11,5,2023,16:00,1,1,6,72,72181,2,4,4,1,1
202300045479,11,5,2023,11:05,1,1,6,72,72181,2,4,2,1,1
202300045480,1,11,2023,09:25,1,1,2,33,33063,2,4,2,1,2
202300045481,6,5,2023,15:30,1,1,2,71,71270,2,3,1,1,1
202300045482,1,11,2023,07:10,3,2,6,33,33522,2,4,2,1,2
202300045483,12,5,2023,10:45,1,1,6,67,67482,2,4,3,1,1
202300045484,1,11,2023,12:35,1,8,6,33,33009,2,4,2,2,2
202300045485,12,5,2023,12:10,1,2,6,67,67482,2,4,2,1,2
202300045486,1,11,2023,20:20,3,1,6,26,26198,2,4,3,2,2
202300045487,10,5,2023,17:53,1,1,6,66,66136,2,4,2,1,1
202300045487,10,5,2023,17:53,1,1,6,66,66136,2,4,2,1,1
202300045488,1,11,2023,06:50,2,1,3,13,13209,2,4,-1,1,1
202300045489,12,5,2023,22:10,5,2,3,64,64102,2,4,2,1,2
202300045489,12,5,2023,22:10,5,2,3,64,64102,2,4,1,4,2
202300045490,12,5,2023,09:45,1,1,6,64,64102,2,4,3,1,1
202300045491,1,11,2023,12:20,1,1,2,13,13001,1,4,2,2,1
202300045492,11,5,2023,17:52,1,1,3,64,64102,2,3,2,4,1
202300045492,11,5,2023,17:52,1,1,3,64,64102,2,3,3,4,1
202300045493,1,11,2023,18:40,5,1,6,75,75105,2,4,2,1,1
202300045493,1,11,2023,18:40,5,1,6,75,75105,2,4,-1,1,1
202300045494,12,5,2023,08:50,1,3,6,62,62480,2,4,2,1,2
202300045495,19,4,2023,12:45,1,1,7,61,61391,1,3,2,1,1
202300045496,1,11,2023,02:00,5,1,2,75,75105,2,4,2,1,1
202300045496,1,11,2023,02:00,5,1,2,75,75105,2,4,-1,1,1
202300045497,11,5,2023,08:10,1,1,6,57,57012,2,3,2,2,1
202300045498,12,5,2023,14:15,1,1,6,54,54395,2,4,1,1,1
202300045498,12,5,2023,14:15,1,1,6,54,54395,2,4,1,1,1
202300045499,1,11,2023,08:45,1,1,6,75,75117,2,4,2,2,1
202300045499,1,11,2023,08:45,1,1,6,75,75117,2,4,-1,1,1
202300045500,12,5,2023,03:10,5,2,6,54,54547,2,4,2,1,2
202300045501,12,5,2023,02:00,5,8,6,54,54395,2,4,2,2,1
202300045502,1,11,2023,18:05,5,1,3,75,75116,2,4,2,1,2
202300045502,1,11,2023,18:05,5,1,3,75,75116,2,4,1,1,2
202300045503,12,5,2023,23:25,5,1,7,51,51454,2,4,2,1,1
202300045504,12,5,2023,18:35,1,1,7,51,51454,2,4,2,2,1
202300045504,12,5,2023,18:35,1,1,7,51,51454,2,4,2,2,1
202300045505,1,11,2023,00:50,5,1,2,75,75116,2,4,1,1,1
202300045506,12,5,2023,08:10,1,3,3,51,51454,2,4,2,1,2
202300045507,1,11,2023,22:25,5,1,6,75,75112,2,4,-1,1,1
202300045507,1,11,2023,22:25,5,1,6,75,75112,2,4,-1,2,1
202300045508,12,5,2023,01:45,5,1,3,50,50129,2,3,3,1,1
202300045508,12,5,2023,01:45,5,1,3,50,50129,2,3,2,1,1
202300045509,31,10,2023,23:30,5,1,3,75,75108,2,4,1,1,1
202300045509,31,10,2023,23:30,5,1,3,75,75108,2,4,1,1,1
202300045510,11,5,2023,21:20,2,1,3,50,50129,2,4,2,1,1
202300045510,11,5,2023,21:20,2,1,3,50,50129,2,4,2,1,1
202300045511,1,11,2023,21:30,5,2,2,94,94058,2,4,1,1,2
202300045512,12,5,2023,19:15,1,1,3,49,49007,2,4,3,1,1