id_accident,jour,mois,annee,heure_minute,luminosite,meteo,type_collision,departement,commune,agglomeration,categorie_route,regime_circulation,profil_route,etat_surface
202300045512,12,5,2023,19:15,1,1,3,49,49007,2,4,2,1,1
202300045513,1,11,2023,21:30,5,1,3,93,93059,2,4,1,1,1
202300045514,12,5,2023,08:50,1,1,2,49,49007,2,3,3,1,1
202300045515,1,11,2023,14:50,1,2,6,93,93066,2,4,2,1,2
202300045515,1,11,2023,14:50,1,2,6,93,93066,2,4,2,1,2
202300045516,11,5,2023,14:15,1,1,1,49,49246,2,3,3,1,1
202300045517,1,11,2023,09:45,1,8,3,93,93066,2,3,2,1,1
202300045517,1,11,2023,09:45,1,8,3,93,93066,2,3,2,1,1
202300045518,12,5,2023,13:05,1,1,3,37,37214,2,7,2,1,1
202300045519,1,11,2023,18:45,5,1,6,93,93064,2,3,2,1,1
202300045519,1,11,2023,18:45,5,1,6,93,93064,2,3,3,1,1
202300045520,4,5,2023,17:10,1,1,1,35,35288,2,4,2,3,1
202300045521,1,11,2023,08:55,1,1,6,93,93051,2,3,2,1,1
202300045522,12,5,2023,11:30,1,1,3,35,35115,2,4,1,1,1
202300045522,12,5,2023,11:30,1,1,3,35,35115,2,4,2,4,1
202300045523,1,11,2023,08:05,1,1,3,93,93048,2,3,2,1,1
202300045523,1,11,2023,08:05,1,1,3,93,93048,2,3,2,1,1
202300045524,12,5,2023,06:00,2,1,1,33,33550,2,4,3,1,1
202300045525,1,11,2023,12:04,1,2,3,93,93045,2,4,2,1,2
202300045525,1,11,2023,12:04,1,2,3,93,93045,2,4,2,1,2
202300045526,12,5,2023,16:00,1,1,2,33,33009,2,4,2,1,1
202300045526,12,5,2023,16:00,1,1,2,33,33009,2,4,2,1,1
202300045527,1,11,2023,20:28,5,1,6,93,93079,2,4,2,1,1
202300045527,1,11,2023,20:28,5,1,6,93,93079,2,4,2,1,1
202300045528,12,5,2023,18:30,2,2,2,31,31344,1,3,2,1,2
202300045529,1,11,2023,09:56,1,1,6,93,93027,1,3,3,1,1
202300045530,12,5,2023,07:50,1,2,1,31,31483,2,4,2,1,2
202300045530,12,5,2023,07:50,1,2,1,31,31483,2,4,2,1,2
202300045531,31,10,2023,20:35,5,1,6,92,92046,2,3,2,1,2
202300045531,31,10,2023,20:35,5,1,6,92,92046,2,3,2,1,1
202300045532,5,5,2023,00:10,3,1,6,30,30028,1,9,-1,1,1
202300045533,31,10,2023,18:40,5,1,2,92,92075,2,3,3,1,1
202300045534,12,5,2023,20:05,1,7,6,29,29019,2,4,3,1,1
202300045535,1,11,2023,15:10,1,1,6,92,92033,2,4,2,1,2
202300045536,12,5,2023,12:45,1,1,2,27,27681,2,4,1,1,1
202300045537,1,11,2023,04:10,5,1,3,92,92051,2,4,2,1,1
202300045537,1,11,2023,04:10,5,1,3,92,92051,2,4,2,1,1
202300045538,11,5,2023,17:45,1,1,2,27,27299,2,4,2,1,1
202300045538,11,5,2023,17:45,1,1,2,27,27299,2,4,-1,1,1
202300045539,31,10,2023,18:45,5,2,3,92,92051,1,3,1,1,2
202300045540,12,5,2023,16:30,1,2,3,25,25204,1,3,2,2,2
202300045540,12,5,2023,16:30,1,2,3,25,25204,1,3,2,1,2
202300045541,1,11,2023,19:30,5,1,3,92,92048,2,4,2,1,1
202300045541,1,11,2023,19:30,5,1,3,92,92048,2,4,2,1,1
202300045542,12,5,2023,12:10,1,1,1,25,25056,2,4,2,3,1
202300045542,12,5,2023,12:10,1,1,1,25,25056,2,4,2,1,1
202300045543,1,11,2023,20:55,4,1,6,92,92023,2,3,1,1,1
202300045544,6,5,2023,23:30,3,1,3,19,19031,2,4,2,1,1
202300045545,6,5,2023,16:05,1,1,3,19,19031,2,4,2,1,1
202300045545,6,5,2023,16:05,1,1,3,19,19031,2,4,2,1,1
202300045546,18,10,2023,19:15,3,1,1,83,83019,1,3,2,2,1
202300045547,12,5,2023,20:15,1,1,3,13,13207,2,4,1,2,1
202300045548,1,11,2023,12:05,1,2,7,36,36006,1,1,3,1,2
202300045549,12,5,2023,15:00,1,1,6,13,13212,2,4,2,2,1
202300045550,2,11,2023,18:10,3,2,6,83,83140,1,3,2,1,2
202300045551,2,11,2023,10:00,1,3,7,59,59182,1,3,2,1,2
202300045552,12,5,2023,13:40,1,1,3,13,13203,2,4,1,1,1
202300045552,12,5,2023,13:40,1,1,3,13,13203,2,4,1,1,1
202300045553,2,11,2023,15:50,1,2,1,82,82094,2,3,2,1,2
202300045554,12,5,2023,12:30,1,1,1,13,13214,2,4,2,1,1
202300045555,31,10,2023,17:18,2,8,2,82,82087,1,3,2,4,1
202300045555,31,10,2023,17:18,2,8,2,82,82087,1,3,2,4,1
202300045556,12,5,2023,09:00,1,1,1,13,13212,2,4,-1,2,1
202300045557,2,11,2023,14:45,1,2,7,65,65292,1,4,2,2,2
202300045558,12,5,2023,09:21,1,2,2,10,10081,2,4,1,1,2
202300045558,12,5,2023,09:21,1,2,2,10,10081,2,4,2,1,2
202300045559,1,11,2023,14:45,1,1,7,32,32301,1,4,2,2,1
202300045560,11,5,2023,07:47,1,1,6,10,10325,2,4,2,1,2
202300045561,1,11,2023,11:25,1,1,3,11,11418,1,3,2,1,1
202300045561,1,11,2023,11:25,1,1,3,11,11418,1,3,2,1,1
202300045562,1,5,2023,11:22,1,1,6,10,10265,2,4,4,1,1
202300045563,2,11,2023,18:25,5,2,3,47,47051,2,4,2,1,2
202300045564,12,5,2023,16:55,1,1,7,07,07229,2,2,2,1,1
202300045564,12,5,2023,16:55,1,1,7,07,07229,2,2,2,1,1
202300045564,12,5,2023,16:55,1,1,7,07,07229,2,2,-1,1,1
202300045565,1,11,2023,14:30,1,1,3,34,34194,2,4,2,1,1
202300045566,2,5,2023,16:35,1,1,6,06,06069,2,3,2,4,1
202300045567,2,11,2023,05:45,3,3,7,44,44064,1,3,2,1,2
202300045568,2,5,2023,15:00,1,1,2,06,06069,2,4,2,1,1
202300045569,2,11,2023,04:30,3,6,6,02,02643,1,2,2,1,2
202300045570,11,5,2023,21:10,5,1,3,05,05061,2,2,2,2,1
202300045571,25,10,2023,14:30,1,1,6,26,26324,2,3,2,1,1
202300045572,1,11,2023,21:15,5,1,7,06,06012,2,4,2,1,1
202300045573,5,5,2023,03:42,3,1,1,02,02722,2,4,2,3,1
202300045574,5,4,2023,14:00,1,1,6,02,02243,2,4,2,1,1
202300045575,31,10,2023,19:40,5,2,3,45,45145,2,3,2,1,2
202300045575,31,10,2023,19:40,5,2,3,45,45145,2,3,2,1,2
202300045576,12,5,2023,18:25,1,1,2,75,75113,2,4,1,1,1
202300045576,12,5,2023,18:25,1,1,2,75,75113,2,4,1,2,1
202300045577,2,11,2023,16:55,1,1,3,21,21425,2,4,1,1,2
202300045577,2,11,2023,16:55,1,1,3,21,21425,2,4,2,1,2
202300045578,11,5,2023,19:10,1,1,2,75,75119,2,4,1,1,1
202300045579,30,10,2023,11:20,1,8,1,85,85234,2,4,2,1,2
202300045580,10,5,2023,23:45,5,1,2,75,75118,2,4,-1,1,1
202300045581,13,10,2023,18:00,2,1,2,52,52250,2,3,2,1,1
202300045582,6,4,2023,19:50,2,1,1,84,84069,1,3,2,2,1
202300045583,10,5,2023,19:20,1,1,4,75,75113,2,4,1,1,1
202300045584,1,11,2023,18:50,2,1,7,973,97310,1,3,2,1,1
202300045585,2,11,2023,05:15,5,1,6,38,38140,1,1,3,1,2
202300045586,6,4,2023,14:00,1,7,3,81,81074,2,4,2,3,1
202300045587,2,11,2023,15:29,1,1,7,49,49050,1,3,2,1,1
202300045588,12,5,2023,15:10,1,2,2,75,75106,2,4,1,1,2
202300045588,12,5,2023,15:10,1,2,2,75,75106,2,4,2,1,2
202300045589,5,4,2023,14:15,1,1,6,45,45103,1,1,3,1,1
202300045590,6,4,2023,14:20,1,1,7,28,28219,1,1,3,1,1
202300045591,2,11,2023,05:15,3,3,6,21,21423,1,1,3,1,2
202300045592,11,5,2023,08:20,1,1,3,75,75106,2,4,-1,1,1
202300045592,11,5,2023,08:20,1,1,3,75,75106,2,4,-1,1,1
202300045593,6,4,2023,16:20,1,1,1,68,68175,1,3,2,2,1
202300045594,12,5,2023,05:20,5,1,6,75,75120,2,4,1,1,1
202300045595,6,3,2023,21:30,3,1,3,972,97226,1,3,2,1,1
202300045596,2,11,2023,18:00,2,2,5,30,30169,1,1,2,1,2
202300045596,2,11,2023,18:00,2,2,5,30,30169,1,1,2,1,2
202300045597,12,5,2023,00:50,5,1,6,75,75117,2,4,1,2,1
202300045598,31,3,2023,20:00,5,1,6,972,97229,2,4,2,2,1
202300045599,11,5,2023,10:02,1,1,3,75,75117,2,4,1,1,1
202300045599,11,5,2023,10:02,1,1,3,75,75117,2,4,-1,1,1
202300045600,5,4,2023,21:15,3,1,6,01,01353,1,3,2,2,1
202300045601,5,4,2023,13:10,1,1,3,35,35200,1,3,2,2,1
202300045602,10,5,2023,15:35,1,1,3,75,75114,2,4,3,1,1
202300045602,10,5,2023,15:35,1,1,3,75,75114,2,4,2,1,1
202300045603,6,4,2023,08:50,1,2,2,35,35334,1,1,3,1,2
202300045604,11,5,2023,23:25,5,1,3,75,75113,2,4,1,1,1
202300045604,11,5,2023,23:25,5,1,3,75,75113,2,4,2,4,1
202300045605,6,4,2023,20:30,2,1,3,30,30334,2,3,2,1,1
202300045605,6,4,2023,20:30,2,1,3,30,30334,2,3,2,2,1
202300045606,11,5,2023,21:09,2,1,6,75,75101,2,4,1,1,1
202300045606,11,5,2023,21:09,2,1,6,75,75101,2,4,1,1,1
202300045607,30,3,2023,00:30,3,1,6,57,57163,1,3,2,2,1
202300045608,12,5,2023,14:25,1,1,3,94,94068,2,4,2,1,1
202300045609,1,4,2023,21:45,3,1,2,56,56117,2,4,2,1,1
202300045610,12,5,2023,08:00,1,1,3,94,94052,2,3,2,1,1
202300045610,12,5,2023,08:00,1,1,3,94,94052,2,3,2,1,1
202300045611,5,4,2023,17:10,1,1,3,56,56130,1,3,2,1,1
202300045612,11,5,2023,06:40,2,1,1,94,94041,2,3,2,1,1
202300045612,11,5,2023,06:40,2,1,1,94,94041,2,3,1,1,1
202300045613,3,4,2023,17:55,1,1,7,59,59135,2,3,2,3,1
202300045614,3,4,2023,17:25,1,1,7,79,79277,1,3,2,2,1
202300045615,11,5,2023,18:25,1,1,3,94,94038,2,3,1,1,1
202300045616,6,4,2023,14:45,1,1,6,63,63222,1,3,2,1,1
202300045617,6,4,2023,01:30,3,1,6,55,55470,1,3,2,1,1
202300045618,11,5,2023,17:24,1,1,3,94,94033,2,4,1,1,1
202300045618,11,5,2023,17:24,1,1,3,94,94033,2,4,2,2,1
202300045619,4,4,2023,19:08,1,1,6,46,46243,1,3,2,1,1
202300045620,10,5,2023,09:35,1,3,3,94,94011,2,3,2,1,2
202300045621,11,5,2023,12:14,1,1,2,94,94059,2,4,1,1,1
202300045622,5,4,2023,20:30,2,1,2,41,41214,1,2,2,1,1
202300045623,12,5,2023,12:05,1,2,6,94,94017,2,3,1,1,2
202300045623,12,5,2023,12:05,1,2,6,94,94017,2,3,1,1,2
202300045624,6,4,2023,13:40,1,1,1,39,39326,1,3,2,2,1
202300045625,5,4,2023,01:54,3,1,6,25,25122,1,3,2,2,1
202300045626,24,4,2023,14:30,1,1,6,25,25036,1,2,2,2,1
202300045627,11,5,2023,20:09,1,1,2,93,93050,2,3,1,1,1
202300045627,11,5,2023,20:09,1,1,2,93,93050,2,3,2,1,1
202300045628,5,4,2023,17:15,1,1,2,38,38140,1,3,2,1,1
202300045629,6,4,2023,12:30,1,1,6,03,03089,1,3,2,1,1
202300045630,12,5,2023,17:28,1,8,6,93,93029,2,4,2,1,1
202300045631,6,4,2023,18:00,1,1,6,58,58067,2,3,2,2,1
202300045632,12,5,2023,18:55,1,1,6,93,93010,2,4,2,1,1
202300045633,6,4,2023,01:50,4,1,6,54,54152,2,3,2,2,1
202300045633,6,4,2023,01:50,4,1,6,54,54152,2,3,2,1,1
202300045634,6,4,2023,07:24,2,3,6,60,60509,2,3,2,1,2
202300045635,12,5,2023,08:15,1,1,6,93,93007,2,4,1,1,1
202300045635,12,5,2023,08:15,1,1,6,93,93007,2,4,1,1,1
202300045636,5,4,2023,17:55,1,1,3,27,27467,1,3,2,2,1
202300045637,12,5,2023,16:40,1,2,3,92,92051,2,4,1,1,2
202300045637,12,5,2023,16:40,1,2,3,92,92051,2,4,2,1,2
202300045638,5,4,2023,09:00,1,1,7,17,17024,1,3,2,1,1
202300045639,6,4,2023,10:45,1,8,3,37,37226,2,3,2,2,1
202300045639,6,4,2023,10:45,1,8,3,37,37226,2,3,-1,2,1
202300045640,12,5,2023,11:55,1,2,3,92,92026,2,3,3,1,2
202300045641,5,4,2023,15:45,1,1,6,76,76657,1,1,1,1,1
202300045642,24,3,2023,00:45,3,1,6,33,33284,1,1,3,1,1
202300045643,19,2,2023,16:25,1,1,3,75,75120,2,4,1,1,1
202300045644,6,4,2023,17:10,1,1,3,69,69268,1,3,2,1,1
202300045644,6,4,2023,17:10,1,1,3,69,69268,1,3,2,1,1
202300045645,20,2,2023,11:30,1,1,6,75,75118,2,4,2,1,1
202300045645,20,2,2023,11:30,1,1,6,75,75118,2,4,-1,1,1
202300045646,19,2,2023,05:00,5,1,7,75,75117,2,4,2,1,1
202300045647,20,2,2023,17:10,1,1,6,75,75116,2,4,2,1,1
202300045648,6,4,2023,07:00,2,3,4,14,14555,1,1,1,2,2
202300045649,19,2,2023,23:25,5,1,3,75,75116,2,4,2,2,1
202300045650,5,4,2023,08:45,1,1,6,69,69064,2,3,2,1,1
202300045651,20,2,2023,08:50,1,1,3,75,75112,2,4,1,1,1
202300045652,24,3,2023,15:45,1,1,4,987,98714,1,2,2,1,1
202300045653,20,2,2023,05:40,5,1,3,75,75108,2,4,2,2,1
202300045653,20,2,2023,05:40,5,1,3,75,75108,2,4,-1,1,1
202300045654,6,4,2023,16:45,1,1,3,976,97608,2,2,2,2,1
202300045654,6,4,2023,16:45,1,1,3,976,97608,2,2,1,2,1
202300045655,20,2,2023,15:42,1,1,3,75,75108,2,4,2,1,1
202300045655,20,2,2023,15:42,1,1,3,75,75108,2,4,-1,1,1
202300045656,3,4,2023,18:30,5,1,6,971,97134,2,4,2,2,1
202300045657,20,2,2023,17:35,1,1,2,94,94074,2,2,3,1,1
202300045658,20,2,2023,20:58,5,1,3,94,94037,2,3,2,1,1
202300045658,20,2,2023,20:58,5,1,3,94,94037,2,3,2,1,1
202300045659,6,4,2023,06:45,2,1,7,91,91041,1,3,1,1,2
202300045660,19,2,2023,12:40,1,1,6,94,94021,2,3,2,1,1
202300045661,6,4,2023,18:00,1,1,2,84,84141,2,3,2,1,1
202300045662,20,2,2023,08:50,1,1,3,94,94054,2,3,2,1,1
202300045662,20,2,2023,08:50,1,1,3,94,94054,2,3,2,1,1
202300045663,19,2,2023,15:05,1,1,3,94,94075,2,4,2,1,1
202300045664,30,8,2023,19:35,1,1,6,01,01269,1,3,2,1,1
202300045665,5,4,2023,17:40,1,1,4,52,52246,1,2,2,1,1
202300045666,29,8,2023,17:45,1,1,1,72,72215,2,4,1,1,1
202300045666,29,8,2023,17:45,1,1,1,72,72215,2,4,2,1,1
202300045667,19,2,2023,00:01,5,1,3,93,93073,2,4,2,1,1
202300045667,19,2,2023,00:01,5,1,3,93,93073,2,4,2,1,1
202300045668,20,2,2023,10:30,1,1,3,93,93053,2,3,2,1,1
202300045668,20,2,2023,10:30,1,1,3,93,93053,2,3,2,1,1
202300045669,30,8,2023,19:05,1,1,3,14,14396,1,3,2,2,1
202300045669,30,8,2023,19:05,1,1,3,14,14396,1,3,2,2,1
202300045670,30,3,2023,06:45,2,2,3,67,67345,2,3,2,1,2
202300045671,20,2,2023,17:12,1,1,6,93,93031,2,3,2,1,1
202300045671,20,2,2023,17:12,1,1,6,93,93031,2,3,2,1,1
202300045672,31,8,2023,17:45,1,7,1,09,09324,2,4,2,1,1
202300045673,30,8,2023,00:40,3,1,6,73,73007,1,3,2,1,1
202300045674,20,2,2023,19:10,5,1,5,93,93010,2,3,2,3,1
202300045675,20,3,2023,08:45,1,1,3,54,54111,2,4,2,2,1
202300045675,20,3,2023,08:45,1,1,3,54,54111,2,4,2,2,1
202300045676,31,8,2023,17:40,1,1,6,43,43177,1,3,2,2,1
202300045677,20,2,2023,19:50,5,1,6,93,93057,2,3,3,1,1
202300045678,20,2,2023,14:10,1,1,6,93,93005,2,4,2,1,1
202300045679,26,8,2023,12:45,1,1,1,43,43199,1,3,2,1,1
202300045680,6,4,2023,12:35,1,1,3,44,44066,1,3,2,1,1
202300045680,6,4,2023,12:35,1,1,3,44,44066,1,3,2,1,1
202300045681,20,2,2023,14:39,1,1,7,92,92046,2,4,1,1,1
202300045682,31,8,2023,06:30,2,1,7,07,07296,2,3,3,1,1
202300045683,5,4,2023,01:45,3,1,6,38,38382,2,4,1,1,1
202300045684,20,2,2023,17:00,1,1,1,92,92051,2,4,2,1,1
202300045685,23,8,2023,13:42,1,1,1,85,85287,1,3,2,1,1
202300045686,5,4,2023,16:50,1,1,1,26,26064,1,3,2,1,1
202300045687,20,2,2023,11:05,1,1,4,92,92012,2,3,2,1,1
202300045688,31,8,2023,11:00,1,2,6,27,27467,2,4,2,1,2
202300045688,31,8,2023,11:00,1,2,6,27,27467,2,4,2,1,2
202300045689,20,2,2023,16:55,1,1,6,49,49063,1,3,2,2,1
202300045690,30,8,2023,18:45,1,1,7,28,28291,1,3,2,1,1
202300045691,5,4,2023,06:00,2,1,2,01,01043,1,3,2,1,1
202300045692,13,2,2023,15:45,1,1,1,37,37074,2,3,2,2,1
202300045692,13,2,2023,15:45,1,1,1,37,37074,2,3,2,1,1
202300045693,20,2,2023,21:25,3,1,6,25,25132,1,1,3,1,1
202300045694,6,4,2023,03:30,4,1,6,01,01386,2,3,1,1,1
202300045694,6,4,2023,03:30,4,1,6,01,01386,2,3,2,1,1
202300045695,21,2,2023,10:19,1,5,1,95,95487,2,4,2,1,1
202300045696,27,8,2023,16:00,1,1,3,37,37223,1,3,2,2,1
202300045696,27,8,2023,16:00,1,1,3,37,37223,1,3,2,1,1
202300045697,19,2,2023,14:40,1,1,3,17,17131,1,3,2,1,1
202300045697,19,2,2023,14:40,1,1,3,17,17131,1,3,2,1,1
202300045698,6,4,2023,14:10,1,8,1,69,69255,1,3,2,2,1
202300045699,20,2,2023,16:25,1,1,7,28,28018,1,1,3,1,1
202300045700,27,8,2023,17:20,1,8,1,37,37099,1,3,2,1,1
202300045701,20,2,2023,16:45,1,1,1,10,10381,1,3,2,4,1
202300045702,6,4,2023,12:25,1,2,2,85,85097,1,3,2,1,2
202300045703,30,8,2023,18:25,1,1,4,67,67125,1,1,1,1,1
202300045704,6,4,2023,13:20,1,1,7,50,50025,2,4,2,1,1
202300045705,27,8,2023,02:06,3,1,6,28,28392,1,1,3,1,1
202300045706,20,2,2023,19:30,5,1,1,972,97232,2,2,-1,-1,-1
202300045706,20,2,2023,19:30,5,1,1,972,97232,2,2,2,1,1
202300045707,20,2,2023,14:50,1,1,3,83,83070,2,3,1,1,1
202300045708,27,8,2023,12:15,1,1,3,13,13051,1,1,3,1,1
202300045709,6,4,2023,18:30,1,1,3,14,14679,2,4,2,2,1
202300045709,6,4,2023,18:30,1,1,3,14,14679,2,4,2,1,1
202300045710,20,2,2023,23:05,3,1,6,22,22193,1,3,1,1,2
202300045711,30,8,2023,13:00,1,1,6,987,98729,2,2,2,1,1
202300045712,20,2,2023,18:43,3,1,3,57,57757,1,3,2,1,1
202300045712,20,2,2023,18:43,3,1,3,57,57757,1,3,2,1,1
202300045713,6,4,2023,11:30,1,2,6,60,60079,1,3,2,2,2
202300045714,31,8,2023,17:40,1,7,3,976,97615,2,4,2,1,1
202300045714,31,8,2023,17:40,1,7,3,976,97615,2,4,2,1,1
202300045715,21,2,2023,06:49,2,5,3,95,95352,1,3,2,2,1
202300045716,5,4,2023,07:33,1,1,3,83,83027,1,1,3,1,1
202300045717,18,2,2023,14:54,1,1,3,51,51434,1,3,2,1,1
202300045718,5,4,2023,00:20,3,1,7,57,57757,1,1,3,3,1
202300045719,28,8,2023,20:45,3,1,4,973,97304,1,2,2,1,1
202300045720,21,2,2023,09:00,1,1,4,95,95527,1,3,3,1,1
202300045721,20,2,2023,17:20,1,1,7,79,79161,2,4,2,1,1
202300045722,30,8,2023,21:45,3,1,1,971,97114,1,2,2,1,2
202300045723,5,4,2023,18:45,1,1,4,94,94038,1,1,3,1,1
202300045724,18,2,2023,12:00,1,1,2,11,11293,1,3,3,1,1
202300045725,5,4,2023,17:30,1,1,2,91,91471,1,2,1,2,1
202300045726,24,8,2023,11:50,1,1,3,34,34302,2,3,2,1,1
202300045726,24,8,2023,11:50,1,1,3,34,34302,2,3,2,1,1
202300045727,20,2,2023,15:40,1,1,1,63,63128,1,3,2,2,1
202300045728,24,8,2023,20:30,2,1,7,34,34075,2,4,2,1,1
202300045729,31,8,2023,03:50,3,1,6,83,83071,1,3,2,1,1
202300045730,5,4,2023,15:30,1,1,2,94,94016,1,1,1,1,1
202300045731,6,12,2023,14:05,1,1,3,75,75116,2,4,2,1,1
202300045731,6,12,2023,14:05,1,1,3,75,75116,2,4,1,2,1
202300045732,20,2,2023,09:45,1,1,1,49,49336,1,3,2,1,1
202300045732,20,2,2023,09:45,1,1,1,49,49336,1,3,2,1,1
202300045733,20,2,2023,16:00,1,1,3,34,34031,2,4,-1,1,1
202300045734,5,4,2023,09:35,1,1,2,92,92002,1,1,-1,1,1
202300045735,31,8,2023,09:00,1,1,2,89,89442,1,1,1,1,1
202300045736,5,12,2023,13:30,1,2,1,75,75115,2,4,2,1,2
202300045736,5,12,2023,13:30,1,2,1,75,75115,2,4,2,1,2
202300045737,20,2,2023,21:00,3,1,6,39,39025,1,4,2,2,1
202300045738,4,4,2023,23:35,3,1,2,94,94021,1,1,1,1,1
202300045739,20,2,2023,17:20,1,1,6,29,29217,2,4,2,2,1
202300045740,6,12,2023,09:15,1,1,3,75,75112,2,4,1,1,1
202300045741,31,8,2023,11:10,1,1,3,63,63417,1,3,2,1,1
202300045741,31,8,2023,11:10,1,1,3,63,63417,1,3,2,1,1
202300045742,10,2,2023,13:15,1,1,6,03,03287,1,3,2,1,1
202300045743,5,4,2023,18:25,1,1,4,92,92036,1,1,3,1,1
202300045744,31,8,2023,01:30,4,1,7,73,73040,2,3,2,1,1
202300045745,6,12,2023,12:48,1,1,3,75,75110,2,4,1,1,1
202300045745,6,12,2023,12:48,1,1,3,75,75110,2,4,1,1,1
202300045746,20,2,2023,12:00,1,1,1,15,15127,1,2,2,1,1
202300045747,21,8,2023,02:20,3,1,6,38,38377,2,3,2,1,1
202300045748,5,12,2023,15:10,1,2,6,75,75101,2,4,1,1,2
202300045748,5,12,2023,15:10,1,2,6,75,75101,2,4,1,1,2
202300045749,5,4,2023,16:25,1,1,2,92,92025,1,1,3,1,1
202300045750,21,2,2023,14:30,1,7,3,05,05056,1,3,2,2,1
202300045751,29,8,2023,17:15,1,1,3,69,69190,2,3,2,1,1
202300045752,20,2,2023,18:45,2,1,7,10,10255,1,3,2,1,1
202300045753,4,4,2023,21:15,3,1,7,94,94046,1,1,1,1,1
202300045754,6,12,2023,19:15,5,8,3,94,94081,2,3,2,1,1
202300045755,29,8,2023,19:58,1,1,7,86,86115,1,3,2,1,1
202300045756,20,2,2023,19:30,3,1,3,68,68252,1,3,1,1,1
202300045757,6,12,2023,02:40,5,1,2,94,94081,2,3,1,1,1
202300045758,4,4,2023,16:50,1,1,6,27,27229,2,4,2,1,1
202300045758,4,4,2023,16:50,1,1,6,27,27229,2,4,2,1,1
202300045759,30,8,2023,17:45,1,1,2,83,83144,1,1,3,1,1
202300045760,21,2,2023,13:45,1,1,6,26,26057,1,1,3,1,1
202300045761,6,12,2023,09:10,1,1,3,94,94081,2,4,2,1,1
202300045761,6,12,2023,09:10,1,1,3,94,94081,2,4,2,1,1
202300045762,4,4,2023,17:15,1,1,6,27,27229,2,4,3,1,1
202300045763,19,2,2023,07:30,1,1,2,987,98748,1,2,2,1,1
202300045764,27,8,2023,12:50,1,1,4,69,69290,1,2,3,1,1
202300045765,5,12,2023,15:15,1,2,3,94,94068,2,3,-1,1,2
202300045765,5,12,2023,15:15,1,2,3,94,94068,2,3,2,1,2
202300045766,21,2,2023,16:40,1,1,7,58,58051,2,3,2,2,1
202300045767,29,1,2023,06:26,3,1,7,66,66136,1,3,3,2,1
202300045768,6,12,2023,15:00,1,8,2,94,94046,2,3,2,1,1
202300045769,29,8,2023,18:10,1,8,5,57,57356,1,1,3,1,1
202300045770,4,4,2023,20:20,5,1,6,974,97411,2,2,1,1,1
202300045771,17,2,2023,07:10,2,1,3,21,21138,1,3,2,1,1
202300045771,17,2,2023,07:10,2,1,3,21,21138,1,3,2,1,1
202300045772,4,4,2023,11:40,1,1,7,974,97411,2,4,2,1,1
202300045773,20,8,2023,01:00,3,1,2,59,59359,1,1,-1,1,1
202300045774,6,12,2023,06:30,5,1,6,94,94041,2,3,2,1,1
202300045775,5,4,2023,01:33,3,1,7,973,97309,2,4,2,1,1
202300045776,30,8,2023,00:20,3,1,2,94,94038,1,1,-1,1,1
202300045777,5,12,2023,11:30,1,2,2,94,94073,2,3,3,2,2
202300045778,11,2,2023,09:50,1,1,7,67,67408,1,3,2,2,7
202300045779,21,2,2023,07:50,1,1,6,01,01032,2,3,2,1,1
202300045780,6,12,2023,19:10,5,1,3,93,93066,2,3,2,1,1
202300045781,29,8,2023,16:50,1,1,4,92,92036,1,1,-1,1,1
202300045782,4,4,2023,10:31,1,1,5,973,97302,1,2,1,1,1
202300045783,20,2,2023,15:21,1,1,6,69,69069,2,7,2,1,1
202300045783,20,2,2023,15:21,1,1,6,69,69069,2,7,2,2,1
202300045784,29,3,2023,08:45,1,1,3,92,92036,1,1,-1,1,1
202300045785,6,12,2023,13:12,1,1,3,93,93062,2,4,1,1,1
202300045785,6,12,2023,13:12,1,1,3,93,93062,2,4,1,1,1
202300045786,15,2,2023,17:30,1,7,2,31,31161,1,3,2,4,1
202300045787,4,4,2023,16:45,1,1,2,69,69386,2,4,2,1,1
202300045787,4,4,2023,16:45,1,1,2,69,69386,2,4,1,1,1
202300045788,29,8,2023,08:10,1,1,3,78,78490,1,2,1,1,1
202300045789,6,12,2023,08:50,2,1,3,93,93048,2,4,2,1,1
202300045789,6,12,2023,08:50,2,1,3,93,93048,2,4,2,1,1
202300045790,21,2,2023,17:35,1,1,7,79,79184,1,4,2,3,9
202300045791,4,4,2023,15:50,1,1,2,972,97209,1,1,1,2,1
202300045792,30,8,2023,09:05,1,1,5,94,94017,1,1,3,1,1
202300045793,6,12,2023,08:15,1,1,6,93,93008,2,6,-1,1,1
202300045794,19,2,2023,03:30,3,1,1,17,17064,1,3,2,1,1
202300045795,22,6,2023,07:25,1,1,3,74,74012,2,4,-1,1,1
202300045795,22,6,2023,07:25,1,1,3,74,74012,2,4,2,2,1
202300045796,4,12,2023,18:00,5,3,3,92,92078,2,3,1,1,2
202300045796,4,12,2023,18:00,5,3,3,92,92078,2,3,2,1,2
202300045797,20,2,2023,15:40,1,7,4,86,86095,1,3,2,1,1
202300045798,4,4,2023,12:30,1,1,6,90,90010,2,5,-1,1,1
202300045799,17,6,2023,11:05,1,1,6,74,74118,2,6,-1,1,1
202300045800,6,12,2023,19:00,5,1,6,92,92064,2,3,2,2,2
202300045800,6,12,2023,19:00,5,1,6,92,92064,2,3,2,2,2
202300045801,31,3,2023,20:15,2,2,6,89,89024,2,3,1,1,2
202300045802,15,2,2023,15:00,1,1,2,72,72154,2,4,-1,1,1
202300045803,1,6,2023,17:40,1,7,2,74,74263,1,3,2,1,1
202300045804,20,2,2023,23:56,3,9,6,60,60141,1,3,1,1,2