id_accident,jour,mois,annee,heure_minute,luminosite,meteo,type_collision,departement,commune,agglomeration,categorie_route,regime_circulation,profil_route,etat_surface
202300045805,5,12,2023,13:45,1,2,6,92,92051,2,4,2,1,2
202300045805,5,12,2023,13:45,1,2,6,92,92051,2,4,1,1,2
202300045806,4,4,2023,16:50,1,1,3,88,88415,1,3,2,1,1
202300045807,1,6,2023,17:25,1,1,3,74,74042,2,3,2,1,1
202300045808,20,2,2023,15:55,1,1,2,80,80002,1,1,1,1,1
202300045809,6,12,2023,12:40,1,1,3,92,92050,2,3,2,1,1
202300045809,6,12,2023,12:40,1,1,3,92,92050,2,3,2,1,1
202300045810,2,4,2023,06:50,3,1,7,85,85194,1,3,3,1,1
202300045811,1,6,2023,11:38,1,1,1,74,74220,2,3,2,2,1
202300045812,20,2,2023,20:45,3,1,3,59,59388,2,4,2,1,1
202300045813,6,12,2023,11:00,1,1,6,92,92044,2,4,1,1,1
202300045814,30,4,2023,21:25,3,2,6,74,74208,1,3,2,2,2
202300045815,20,2,2023,00:44,3,1,1,13,13202,1,1,1,1,1
202300045816,6,12,2023,09:15,1,1,3,92,92040,2,4,1,1,1
202300045816,6,12,2023,09:15,1,1,3,92,92040,2,4,2,1,1
202300045817,21,4,2023,09:18,1,1,1,74,74123,2,4,2,1,1
202300045817,21,4,2023,09:18,1,1,1,74,74123,2,4,2,1,1
202300045818,19,2,2023,21:00,3,1,5,01,01249,1,1,1,1,1
202300045819,6,12,2023,14:00,1,1,3,92,92036,2,3,2,1,1
202300045819,6,12,2023,14:00,1,1,3,92,92036,2,3,-1,1,1
202300045820,18,4,2023,06:00,2,1,2,74,74118,1,1,1,2,1
202300045820,18,4,2023,06:00,2,1,2,74,74118,1,1,1,2,1
202300045821,20,2,2023,19:30,3,1,2,92,92019,1,2,1,1,1
202300045822,6,12,2023,07:47,2,1,6,92,92026,2,4,2,1,1
202300045823,18,3,2023,13:40,1,1,3,74,74123,1,3,2,1,1
202300045824,20,2,2023,19:00,3,1,2,91,91339,1,2,1,1,1
202300045825,6,12,2023,10:10,1,1,6,92,92024,2,3,2,1,1
202300045826,3,4,2023,16:30,1,1,6,77,77307,2,3,1,1,1
202300045827,20,2,2023,07:00,3,1,2,91,91286,1,1,1,1,1
202300045828,6,12,2023,13:45,1,1,3,92,92004,2,4,1,1,1
202300045828,6,12,2023,13:45,1,1,3,92,92004,2,4,1,1,1
202300045829,29,5,2023,20:00,1,1,3,74,74195,1,3,2,2,1
202300045830,4,4,2023,12:20,1,1,3,76,76217,2,3,2,1,1
202300045830,4,4,2023,12:20,1,1,3,76,76217,2,3,2,1,1
202300045831,20,2,2023,17:45,1,1,5,78,78640,1,2,-1,1,1
202300045832,6,12,2023,06:33,1,1,2,974,97415,1,2,1,2,1
202300045833,20,2,2023,20:20,3,1,3,92,92036,1,2,-1,1,1
202300045834,26,5,2023,19:10,1,1,3,74,74090,1,3,2,1,1
202300045834,26,5,2023,19:10,1,1,3,74,74090,1,3,2,1,1
202300045835,4,4,2023,07:45,1,1,3,76,76324,1,3,2,1,1
202300045836,6,12,2023,19:50,5,1,3,63,63307,2,7,2,1,1
202300045836,6,12,2023,19:50,5,1,3,63,63307,2,7,2,1,1
202300045837,20,2,2023,16:56,1,1,3,92,92036,1,1,-1,1,1
202300045838,3,4,2023,20:05,5,1,3,71,71306,2,4,2,1,2
202300045839,18,5,2023,12:40,1,1,1,74,74010,1,3,2,2,1
202300045839,18,5,2023,12:40,1,1,1,74,74010,1,3,2,2,1
202300045840,7,12,2023,13:50,1,1,2,51,51094,1,3,2,4,1
202300045841,20,2,2023,15:15,1,1,2,95,95582,1,1,3,1,1
202300045842,21,11,2023,16:45,1,1,6,06,06149,2,4,2,4,1
202300045843,17,5,2023,18:45,1,1,3,74,74282,1,3,2,1,1
202300045844,4,4,2023,18:25,1,1,3,69,69266,2,4,2,1,1
202300045844,4,4,2023,18:25,1,1,3,69,69266,2,4,1,1,1
202300045845,20,2,2023,13:05,1,1,4,92,92036,1,1,3,1,1
202300045846,30,11,2023,17:20,3,1,1,17,17442,1,3,2,1,1
202300045847,3,4,2023,07:00,2,1,6,67,67482,2,4,2,1,1
202300045848,6,5,2023,13:35,1,1,1,74,74242,1,3,-1,2,1
202300045849,20,2,2023,09:35,1,1,3,93,93005,1,1,1,1,1
202300045850,7,12,2023,19:50,5,2,7,18,18284,2,3,2,4,2
202300045850,7,12,2023,19:50,5,2,7,18,18284,2,3,2,1,2
202300045851,29,8,2023,12:15,1,1,2,974,97409,2,4,1,1,1
202300045852,20,2,2023,00:45,3,1,6,77,77337,1,1,3,1,1
202300045853,17,2,2023,17:45,1,1,6,42,42044,2,4,2,1,1
202300045854,28,8,2023,17:10,1,1,2,69,69034,2,4,1,2,1
202300045855,5,4,2023,00:36,3,1,1,64,64545,2,3,2,1,1
202300045856,19,2,2023,15:25,1,1,3,69,69387,2,4,1,1,1
202300045856,19,2,2023,15:25,1,1,3,69,69387,2,4,1,1,1
202300045857,29,8,2023,01:16,5,3,7,2B,2B033,2,9,1,1,4
202300045858,6,12,2023,17:17,2,8,2,81,81218,2,3,4,4,1
202300045859,3,4,2023,10:00,1,1,6,64,64102,2,4,1,1,1
202300045860,19,2,2023,01:30,3,2,2,972,97209,1,1,-1,4,2
202300045861,28,8,2023,15:15,1,1,3,971,97107,2,4,2,1,1
202300045861,28,8,2023,15:15,1,1,3,971,97107,2,4,2,1,1
202300045862,19,2,2023,17:20,2,1,6,971,97113,1,2,3,1,1
202300045863,3,4,2023,18:40,1,1,3,62,62400,2,3,-1,1,1
202300045863,3,4,2023,18:40,1,1,3,62,62400,2,3,2,1,1
202300045864,29,8,2023,12:10,1,1,2,95,95428,2,3,2,1,1
202300045864,29,8,2023,12:10,1,1,2,95,95428,2,3,2,1,1
202300045865,1,4,2023,21:10,5,2,6,59,59043,2,3,2,1,2
202300045866,19,2,2023,21:20,5,1,1,81,81004,2,3,2,1,1
202300045867,29,8,2023,06:50,1,1,3,95,95014,1,3,2,1,1
202300045867,29,8,2023,06:50,1,1,3,95,95014,1,3,2,1,1
202300045867,29,8,2023,06:50,1,1,3,95,95014,1,3,2,1,1
202300045868,19,2,2023,04:25,5,1,6,78,78440,2,3,3,1,1
202300045869,4,4,2023,19:00,1,1,3,58,58194,2,4,2,1,1
202300045869,4,4,2023,19:00,1,1,3,58,58194,2,4,2,1,1
202300045870,29,8,2023,16:00,1,1,6,91,91691,2,3,1,2,1
202300045871,4,4,2023,16:10,1,1,3,56,56121,2,4,2,2,1
202300045872,28,8,2023,15:03,1,1,6,87,87085,2,4,1,1,1
202300045873,7,12,2023,08:20,1,8,3,45,45110,1,4,2,1,2
202300045874,3,4,2023,19:10,1,1,3,56,56098,2,4,2,1,1
202300045874,3,4,2023,19:10,1,1,3,56,56098,2,4,2,1,1
202300045875,27,8,2023,00:55,5,1,2,87,87085,2,4,1,2,1
202300045875,27,8,2023,00:55,5,1,2,87,87085,2,4,2,2,1
202300045876,6,12,2023,20:00,5,1,3,974,97405,1,2,2,2,1
202300045876,6,12,2023,20:00,5,1,3,974,97405,1,2,2,1,1
202300045877,18,2,2023,23:20,5,1,6,76,76349,2,3,2,1,2
202300045877,18,2,2023,23:20,5,1,6,76,76349,2,3,2,1,2
202300045878,28,8,2023,15:25,1,1,7,86,86066,1,3,2,2,1
202300045879,3,4,2023,17:30,1,1,3,54,54304,2,4,2,1,1
202300045879,3,4,2023,17:30,1,1,3,54,54304,2,4,2,1,1
202300045880,19,2,2023,19:55,5,1,3,74,74008,2,4,1,1,1
202300045881,6,12,2023,16:00,1,1,6,974,97412,1,3,2,2,1
202300045882,29,8,2023,06:40,2,1,3,83,83062,1,3,-1,-1,-1
202300045882,29,8,2023,06:40,2,1,3,83,83062,1,3,2,1,1
202300045883,4,4,2023,13:40,1,1,3,54,54483,2,4,2,1,1
202300045884,19,2,2023,15:00,1,1,1,69,69199,2,4,2,1,1
202300045885,7,12,2023,15:45,2,3,6,14,14342,1,2,3,1,2
202300045886,25,8,2023,07:40,1,1,3,83,83129,2,3,2,1,1
202300045886,25,8,2023,07:40,1,1,3,83,83129,2,3,3,1,1
202300045887,19,2,2023,03:05,4,1,7,64,64024,2,4,2,1,2
202300045888,28,8,2023,17:25,1,1,6,81,81004,2,3,2,1,1
202300045889,4,4,2023,04:55,5,1,3,53,53034,2,4,2,1,1
202300045889,4,4,2023,04:55,5,1,3,53,53034,2,4,2,1,1
202300045890,7,12,2023,08:10,1,1,2,48,48005,1,1,1,2,1
202300045891,18,2,2023,03:30,5,1,2,64,64024,2,3,2,1,1
202300045892,4,4,2023,18:50,1,1,3,51,51454,2,4,1,2,1
202300045893,7,12,2023,18:15,5,1,6,30,30060,2,4,2,1,1
202300045894,28,8,2023,18:05,1,1,2,72,72181,2,4,1,1,1
202300045894,28,8,2023,18:05,1,1,2,72,72181,2,4,2,1,1
202300045895,28,8,2023,15:40,1,1,6,72,72181,2,4,1,1,1
202300045896,6,12,2023,18:30,3,1,6,44,44009,1,2,3,1,1
202300045897,4,4,2023,16:45,1,1,2,51,51454,2,4,1,1,1
202300045898,19,2,2023,17:29,1,1,3,35,35051,1,4,2,1,1
202300045898,19,2,2023,17:29,1,1,3,35,35051,1,4,2,1,1
202300045899,29,8,2023,14:10,1,1,6,69,69266,2,4,2,1,1
202300045900,6,12,2023,18:20,3,5,6,51,51380,1,3,2,1,2
202300045901,4,4,2023,13:30,1,1,1,51,51454,2,4,1,1,1
202300045902,19,2,2023,15:55,1,1,3,35,35238,2,4,2,1,1
202300045903,29,8,2023,16:30,1,8,3,67,67482,2,7,2,1,1
202300045903,29,8,2023,16:30,1,8,3,67,67482,2,7,2,1,1
202300045904,2,4,2023,16:55,1,1,6,50,50129,2,4,1,1,1
202300045905,6,12,2023,12:15,1,1,1,19,19208,1,3,2,1,1
202300045906,19,8,2023,20:30,2,1,6,67,67482,2,4,3,1,1
202300045906,19,8,2023,20:30,2,1,6,67,67482,2,4,3,1,1
202300045907,6,12,2023,21:00,3,2,6,56,56199,1,3,2,1,2
202300045908,3,4,2023,19:59,2,1,7,49,49007,2,3,3,1,1
202300045909,19,2,2023,14:10,1,1,4,35,35281,1,2,3,1,1
202300045910,28,8,2023,07:20,1,8,3,67,67462,1,3,2,2,1
202300045911,3,12,2023,23:30,5,1,1,2B,2B251,2,2,2,1,1
202300045912,19,2,2023,09:21,1,1,6,35,35278,1,3,3,1,1
202300045913,29,8,2023,13:50,1,1,6,65,65286,1,3,2,2,1
202300045914,4,4,2023,08:40,1,1,6,49,49007,2,4,2,1,1
202300045914,4,4,2023,08:40,1,1,6,49,49007,2,4,2,1,1
202300045915,18,2,2023,19:25,5,1,6,35,35238,2,4,2,1,1
202300045915,18,2,2023,19:25,5,1,6,35,35238,2,4,3,1,1
202300045916,29,8,2023,10:25,1,1,3,64,64260,2,3,-1,2,1
202300045917,7,12,2023,14:40,1,1,3,81,81227,2,3,-1,1,1
202300045918,3,4,2023,09:13,1,1,7,49,49007,1,3,3,1,1
202300045919,15,8,2023,18:10,1,1,2,62,62041,2,4,2,1,1
202300045920,19,2,2023,12:00,1,1,6,34,34172,1,7,2,1,1
202300045920,19,2,2023,12:00,1,1,6,34,34172,1,7,2,1,1
202300045921,7,12,2023,12:10,1,1,1,63,63273,2,3,2,1,1
202300045922,4,4,2023,15:50,1,1,1,45,45232,2,3,1,1,1
202300045923,19,2,2023,19:51,5,1,3,31,31069,2,4,2,1,1
202300045924,28,8,2023,06:30,2,1,3,62,62041,2,3,1,1,1
202300045924,28,8,2023,06:30,2,1,3,62,62041,2,3,1,1,1
202300045925,6,12,2023,18:55,3,5,6,49,49302,1,3,2,1,1
202300045926,19,2,2023,18:45,5,1,6,28,28134,2,4,1,2,1
202300045927,4,4,2023,14:05,1,8,4,38,38185,1,1,2,1,1
202300045928,28,8,2023,19:08,1,1,6,60,60057,2,9,2,1,1
202300045929,23,11,2023,13:10,1,2,3,41,41016,1,3,2,1,2
202300045930,19,2,2023,05:35,5,1,7,26,26362,2,4,2,2,1
202300045931,4,4,2023,08:00,1,1,3,38,38053,2,4,1,1,1
202300045932,29,8,2023,17:00,1,1,3,54,54498,2,4,2,1,1
202300045932,29,8,2023,17:00,1,1,3,54,54498,2,4,2,1,1
202300045933,6,12,2023,07:20,2,1,3,34,34194,2,3,4,1,1
202300045933,6,12,2023,07:20,2,1,3,34,34194,2,3,2,1,1
202300045934,19,2,2023,13:00,1,1,2,13,13214,2,4,2,1,1
202300045935,4,4,2023,21:25,3,1,6,37,37195,2,3,3,1,1
202300045936,27,8,2023,15:45,1,1,3,50,50129,2,4,2,1,1
202300045936,27,8,2023,15:45,1,1,3,50,50129,2,4,2,1,1
202300045937,18,2,2023,18:10,5,1,3,13,13207,2,4,2,1,1
202300045938,4,4,2023,08:40,1,1,2,37,37261,2,4,2,1,1
202300045939,29,8,2023,17:20,1,1,3,49,49328,2,3,-1,1,1
202300045940,18,2,2023,16:45,1,1,3,13,13005,2,3,-1,1,1
202300045940,18,2,2023,16:45,1,1,3,13,13005,2,3,2,1,1
202300045941,28,8,2023,16:00,1,1,6,49,49007,2,4,2,1,1
202300045942,7,12,2023,17:30,3,5,3,25,25103,1,3,2,2,1
202300045943,4,4,2023,07:40,1,1,1,37,37122,2,4,1,1,1
202300045943,4,4,2023,07:40,1,1,1,37,37122,2,4,2,1,1
202300045944,19,2,2023,19:15,5,1,2,13,13001,2,3,2,1,1
202300045945,28,8,2023,16:25,1,1,3,47,47323,1,3,2,1,1
202300045945,28,8,2023,16:25,1,1,3,47,47323,1,3,2,1,1
202300045946,7,12,2023,15:15,1,2,6,29,29168,1,3,2,1,2
202300045947,4,4,2023,09:15,1,1,3,35,35238,2,4,3,1,1
202300045947,4,4,2023,09:15,1,1,3,35,35238,2,4,2,1,1
202300045948,19,2,2023,14:56,1,1,1,12,12145,2,3,2,1,1
202300045949,29,8,2023,12:20,1,1,3,47,47001,2,3,2,1,1
202300045949,29,8,2023,12:20,1,1,3,47,47001,2,3,2,1,1
202300045950,7,12,2023,16:45,2,1,1,02,02023,1,3,2,1,1
202300045951,19,2,2023,05:30,3,1,6,12,12013,2,3,2,2,1
202300045952,4,4,2023,08:45,1,1,4,35,35278,2,4,2,2,1
202300045953,19,8,2023,17:10,1,7,6,44,44109,2,4,2,2,1
202300045954,18,2,2023,17:30,1,1,6,07,07102,2,4,1,1,1
202300045955,4,4,2023,07:55,1,1,3,35,35278,2,4,2,1,1
202300045956,7,12,2023,12:00,1,1,1,02,02173,2,3,2,1,1
202300045957,28,8,2023,17:15,1,1,3,37,37261,2,4,2,1,2
202300045958,19,2,2023,20:05,5,1,3,93,93057,2,3,3,1,1
202300045959,3,4,2023,17:35,1,1,3,35,35238,2,4,3,1,1
202300045960,6,12,2023,18:40,5,1,3,03,03254,2,4,2,1,1
202300045961,28,8,2023,12:45,1,1,3,37,37261,2,4,2,1,2
202300045961,28,8,2023,12:45,1,1,3,37,37261,2,4,2,1,2
202300045962,17,2,2023,23:50,5,8,7,75,75116,2,4,1,1,2
202300045962,17,2,2023,23:50,5,8,7,75,75116,2,4,1,1,2
202300045963,29,8,2023,10:35,1,1,3,35,35238,2,4,2,2,1
202300045963,29,8,2023,10:35,1,1,3,35,35238,2,4,2,1,1
202300045964,19,2,2023,02:50,5,1,6,75,75110,2,4,1,1,1
202300045965,4,4,2023,09:30,1,1,5,34,34301,2,4,2,1,1
202300045965,4,4,2023,09:30,1,1,5,34,34301,2,4,-1,1,1
202300045966,29,8,2023,07:07,1,2,3,33,33529,1,3,2,1,2
202300045967,6,12,2023,15:00,1,1,3,14,14431,2,3,2,2,1
202300045967,6,12,2023,15:00,1,1,3,14,14431,2,3,2,1,1
202300045968,4,4,2023,21:10,5,1,1,34,34172,2,4,2,1,1
202300045969,19,2,2023,14:30,1,1,3,75,75112,2,4,1,1,1
202300045969,19,2,2023,14:30,1,1,3,75,75112,2,4,1,1,1
202300045970,29,8,2023,16:10,1,1,3,31,31555,2,4,2,1,1
202300045971,4,4,2023,18:50,1,1,3,34,34172,2,4,3,1,1
202300045972,29,8,2023,20:15,1,1,6,29,29051,1,3,2,2,1
202300045973,19,2,2023,20:20,5,1,2,75,75108,2,4,2,1,1
202300045973,19,2,2023,20:20,5,1,2,75,75108,2,4,2,1,1
202300045974,2,4,2023,17:50,1,1,6,34,34172,2,4,2,1,1
202300045975,7,12,2023,16:15,1,2,7,64,64093,2,4,2,1,2
202300045975,7,12,2023,16:15,1,2,7,64,64093,2,4,2,1,2
202300045976,28,8,2023,14:20,1,1,3,29,29019,2,4,3,1,1
202300045976,28,8,2023,14:20,1,1,3,29,29019,2,4,1,1,1
202300045977,19,2,2023,19:55,5,1,2,94,94058,2,3,1,1,1
202300045977,19,2,2023,19:55,5,1,2,94,94058,2,3,1,1,1
202300045978,6,12,2023,17:30,5,1,6,53,53147,2,2,2,1,1
202300045979,29,8,2023,16:21,1,1,3,25,25056,2,6,-1,1,1
202300045980,4,4,2023,16:15,1,1,3,33,33281,2,4,2,1,1
202300045980,4,4,2023,16:15,1,1,3,33,33281,2,4,3,1,1
202300045981,18,2,2023,13:00,1,1,3,94,94021,2,4,1,1,1
202300045982,4,4,2023,08:30,1,1,6,31,31555,2,4,2,1,1
202300045983,14,10,2023,08:30,1,1,1,85,85089,1,3,2,1,1
202300045984,23,8,2023,08:40,1,1,3,22,22278,2,4,1,1,1
202300045984,23,8,2023,08:40,1,1,3,22,22278,2,4,2,1,1
202300045985,19,2,2023,17:35,1,1,6,93,93066,2,3,2,1,1
202300045986,7,12,2023,14:36,1,1,6,30,30284,2,3,2,1,1
202300045987,4,4,2023,18:50,1,7,1,31,31483,2,3,2,1,1
202300045987,4,4,2023,18:50,1,7,1,31,31483,2,3,2,1,1
202300045988,29,8,2023,14:40,1,1,4,17,17415,2,4,2,2,1
202300045988,29,8,2023,14:40,1,1,4,17,17415,2,4,2,4,1
202300045989,4,4,2023,08:30,1,7,2,29,29232,1,4,2,1,1
202300045990,19,2,2023,16:26,1,1,5,93,93066,2,4,2,1,1
202300045990,19,2,2023,16:26,1,1,5,93,93066,2,4,1,1,1
202300045991,6,12,2023,07:55,2,1,2,31,31395,1,1,3,1,1
202300045992,4,4,2023,13:45,1,1,6,29,29039,2,4,2,2,1
202300045993,19,2,2023,19:56,5,1,6,93,93031,2,6,-1,1,1
202300045994,29,8,2023,18:30,1,1,3,15,15014,2,2,2,1,1
202300045994,29,8,2023,18:30,1,1,3,15,15014,2,2,3,4,1
202300045995,7,12,2023,07:00,2,1,6,973,97309,2,4,2,1,1
202300045996,28,8,2023,15:47,1,1,7,15,15012,1,3,2,1,1
202300045997,19,2,2023,16:50,1,1,6,93,93008,2,3,1,1,1
202300045997,19,2,2023,16:50,1,1,6,93,93008,2,3,1,1,1
202300045998,2,4,2023,16:15,1,1,3,29,29019,2,4,2,1,1
202300045998,2,4,2023,16:15,1,1,3,29,29019,2,4,2,1,1
202300045999,6,12,2023,00:15,3,1,1,33,33284,1,1,1,1,1
202300046000,4,4,2023,19:10,2,1,6,28,28134,2,4,2,1,1
202300046000,4,4,2023,19:10,2,1,6,28,28134,2,4,2,1,1
202300046001,29,8,2023,19:30,1,1,2,14,14059,2,3,2,1,1
202300046001,29,8,2023,19:30,1,1,2,14,14059,2,3,1,1,1
202300046002,26,2,2023,09:08,1,1,6,92,92072,2,2,3,2,1
202300046002,26,2,2023,09:08,1,1,6,92,92072,2,2,2,2,1
202300046003,6,12,2023,03:00,3,1,1,11,11255,1,3,2,1,1
202300046004,29,8,2023,07:25,1,1,6,13,13204,2,4,2,1,1
202300046005,4,4,2023,09:00,1,1,3,28,28085,2,4,1,1,1
202300046005,4,4,2023,09:00,1,1,3,28,28085,2,4,2,1,1
202300046006,6,12,2023,07:00,2,1,6,66,66196,1,4,2,1,1
202300046007,19,2,2023,12:10,1,1,1,92,92012,2,3,2,1,1
202300046007,19,2,2023,12:10,1,1,1,92,92012,2,3,1,1,1
202300046008,29,8,2023,12:00,1,1,3,13,13063,2,4,2,1,1
202300046009,18,2,2023,09:05,1,1,7,24,24266,1,3,2,2,1
202300046010,25,10,2023,07:45,2,1,2,66,66008,2,4,2,1,1
202300046011,4,4,2023,07:55,1,5,5,22,22113,2,4,2,4,1
202300046012,15,2,2023,07:40,2,1,6,91,91511,2,3,2,1,1
202300046013,29,8,2023,10:00,1,1,1,12,12145,2,3,2,2,1
202300046014,6,12,2023,18:00,3,1,3,13,13081,1,3,-1,1,1
202300046014,6,12,2023,18:00,3,1,3,13,13081,1,3,2,2,1
202300046015,4,4,2023,07:25,1,1,2,21,21054,1,3,2,1,1
202300046015,4,4,2023,07:25,1,1,2,21,21054,1,3,2,1,1
202300046016,20,2,2023,09:05,1,1,6,974,97422,2,3,2,1,1
202300046017,28,8,2023,16:18,1,1,2,10,10387,2,4,2,1,1
202300046018,7,12,2023,12:20,1,7,1,73,73139,1,3,2,2,1
202300046019,19,2,2023,16:15,1,1,7,974,97422,1,3,2,2,1
202300046020,28,8,2023,15:50,1,2,6,06,06083,2,3,2,1,2
202300046021,4,4,2023,09:29,1,1,3,17,17461,2,4,-1,1,1
202300046021,4,4,2023,09:29,1,1,3,17,17461,2,4,2,1,1
202300046022,6,12,2023,21:45,3,5,1,38,38449,1,3,2,2,1
202300046023,29,8,2023,17:10,1,1,2,06,06069,1,3,3,1,1
202300046024,4,4,2023,09:00,1,1,2,17,17461,2,4,3,1,1
202300046025,20,2,2023,07:20,2,1,5,30,30315,1,2,2,1,1
202300046026,2,12,2023,20:59,3,1,7,44,44037,1,4,2,1,1
202300046027,29,8,2023,15:30,1,1,3,06,06029,2,4,3,1,1
202300046028,19,2,2023,13:00,1,1,6,19,19073,1,3,2,1,1
202300046029,7,12,2023,08:30,2,3,6,35,35012,2,4,2,4,2
202300046030,18,2,2023,01:10,3,1,6,82,82098,1,3,2,2,1
202300046031,29,8,2023,13:45,1,1,2,75,75120,2,4,1,1,1
202300046032,28,3,2023,10:45,1,1,6,14,14181,1,3,2,1,1
202300046032,28,3,2023,10:45,1,1,6,14,14181,1,3,1,1,1
202300046033,18,2,2023,03:00,3,1,3,11,11434,1,3,2,1,1
202300046034,6,12,2023,15:35,1,1,2,60,60141,2,3,2,2,1
202300046035,29,8,2023,19:25,1,1,3,75,75119,2,4,1,1,1
202300046036,4,4,2023,19:40,1,1,3,13,13201,2,4,2,2,1
202300046037,6,12,2023,13:20,1,1,6,80,80182,2,4,2,1,1
202300046037,6,12,2023,13:20,1,1,6,80,80182,2,4,2,1,1
202300046038,20,2,2023,17:45,1,1,2,89,89069,2,4,2,1,1
202300046039,29,8,2023,18:00,1,1,3,75,75118,2,4,1,1,1
202300046039,29,8,2023,18:00,1,1,3,75,75118,2,4,-1,1,1
202300046040,20,2,2023,11:30,1,1,7,29,29048,1,4,2,1,1
202300046041,6,12,2023,07:00,3,1,2,59,59255,1,3,2,1,1
202300046042,19,2,2023,15:20,1,1,6,38,38206,1,3,2,2,1
202300046043,29,8,2023,20:30,2,1,6,75,75117,2,4,2,1,1
202300046043,29,8,2023,20:30,2,1,6,75,75117,2,4,1,1,1
202300046044,4,4,2023,19:36,1,1,3,13,13215,2,4,1,1,1
202300046044,4,4,2023,19:36,1,1,3,13,13215,2,4,1,1,1
202300046045,19,2,2023,20:00,3,1,6,02,02306,2,4,1,1,1
202300046046,6,12,2023,19:50,3,1,2,94,94038,1,1,3,1,1
202300046047,4,4,2023,15:00,1,1,2,13,13002,2,4,2,1,1
202300046048,29,8,2023,14:30,1,1,3,75,75115,2,4,-1,1,1
202300046048,29,8,2023,14:30,1,1,3,75,75115,2,4,-1,1,1
202300046049,5,12,2023,19:00,3,1,3,92,92036,1,1,1,1,1
202300046050,28,8,2023,20:40,2,1,6,75,75114,2,4,1,1,1
202300046051,19,2,2023,19:00,5,1,6,66,66106,2,4,2,1,1
202300046052,29,8,2023,18:20,1,1,1,75,75113,2,4,1,1,1
202300046053,5,12,2023,16:11,1,1,6,92,92064,1,1,-1,2,1
202300046054,3,4,2023,22:47,5,1,3,13,13214,2,4,2,2,1
202300046054,3,4,2023,22:47,5,1,3,13,13214,2,4,2,1,1
202300046055,28,8,2023,12:30,1,2,3,75,75113,2,4,2,2,2
202300046055,28,8,2023,12:30,1,2,3,75,75113,2,4,-1,1,2
202300046056,5,12,2023,15:30,1,8,6,78,78322,1,2,3,1,2
202300046057,19,2,2023,10:05,1,1,6,09,09318,1,2,2,2,1
202300046058,3,4,2023,15:55,1,1,1,13,13207,2,4,2,1,1
202300046059,29,8,2023,18:30,1,1,3,75,75112,2,4,1,1,1
202300046059,29,8,2023,18:30,1,1,3,75,75112,2,4,1,1,1
202300046060,5,12,2023,08:20,1,2,2,78,78466,1,1,1,1,2
202300046061,19,2,2023,16:00,1,1,3,36,36221,1,3,2,1,1
202300046062,18,2,2023,13:00,1,1,6,04,04124,1,3,2,2,1
202300046063,4,4,2023,11:20,1,1,2,13,13005,2,4,2,1,1
202300046064,29,8,2023,10:14,1,1,3,75,75108,2,4,1,1,1
202300046064,29,8,2023,10:14,1,1,3,75,75108,2,4,1,1,1
202300046065,5,12,2023,08:30,1,2,4,78,78117,1,2,1,2,2
202300046066,20,2,2023,11:40,1,1,6,37,37028,1,3,2,1,1
202300046067,4,4,2023,20:00,1,1,3,09,09225,2,4,2,1,1
202300046067,4,4,2023,20:00,1,1,3,09,09225,2,4,2,1,1
202300046068,28,8,2023,20:40,2,1,2,94,94068,2,3,2,1,1
202300046068,28,8,2023,20:40,2,1,2,94,94068,2,3,-1,1,1
202300046069,5,12,2023,08:40,1,2,2,92,92025,1,1,3,1,2
202300046070,20,2,2023,09:20,1,1,6,88,88075,2,3,2,1,1
202300046071,24,8,2023,11:34,1,8,3,94,94042,2,3,2,1,1
202300046071,24,8,2023,11:34,1,8,3,94,94042,2,3,2,1,1
202300046072,18,2,2023,12:40,1,1,6,987,98738,2,9,-1,1,1
202300046073,4,4,2023,17:15,1,1,2,09,09122,2,3,3,1,1
202300046073,4,4,2023,17:15,1,1,2,09,09122,2,3,3,1,1
202300046074,6,12,2023,19:00,3,1,2,77,77258,1,1,-1,1,1
202300046075,28,8,2023,16:50,1,1,3,94,94042,2,4,1,2,1
202300046076,3,4,2023,18:40,1,1,6,07,07146,1,3,2,4,1
202300046077,19,2,2023,13:30,1,1,6,988,98805,2,4,2,2,1
202300046078,6,12,2023,15:35,2,1,3,94,94017,1,1,1,1,1
202300046079,29,8,2023,09:55,1,1,3,94,94076,2,3,3,1,1
202300046080,4,4,2023,21:25,5,1,6,06,06088,2,4,3,1,1
202300046081,19,2,2023,13:00,1,1,1,13,13112,1,4,-1,1,1
202300046082,5,12,2023,22:10,4,8,3,77,77363,1,1,-1,1,2
202300046083,29,8,2023,09:00,1,7,6,94,94041,2,3,2,1,1
202300046084,21,3,2023,10:00,1,1,4,44,44154,1,3,2,1,1
202300046085,9,2,2023,23:40,3,1,2,86,86116,1,1,3,1,1
202300046086,27,8,2023,15:36,1,1,3,94,94028,2,3,4,1,1
202300046086,27,8,2023,15:36,1,1,3,94,94028,2,3,4,1,1
202300046087,4,4,2023,22:35,5,1,3,06,06069,2,4,2,1,2
202300046087,4,4,2023,22:35,5,1,3,06,06069,2,4,2,2,2
202300046088,30,9,2023,15:20,1,1,6,19,19031,2,3,2,1,1
202300046089,20,2,2023,08:45,1,1,6,24,24026,2,3,2,1,1
202300046090,29,8,2023,08:20,1,1,1,94,94022,2,3,-1,1,1
202300046090,29,8,2023,08:20,1,1,1,94,94022,2,3,1,1,1
202300046091,20,2,2023,09:15,1,1,6,21,21405,1,1,3,1,1
202300046092,3,4,2023,14:15,1,1,3,03,03185,2,4,1,1,1
202300046092,3,4,2023,14:15,1,1,3,03,03185,2,4,2,1,1
202300046093,27,9,2023,14:00,1,1,3,19,19031,2,3,2,1,1