id_accident,jour,mois,annee,heure_minute,luminosite,meteo,type_collision,departement,commune,agglomeration,categorie_route,regime_circulation,profil_route,etat_surface
202300046094,19,2,2023,22:25,3,1,2,971,97129,1,4,2,1,1
202300046095,29,8,2023,22:05,5,1,3,93,93050,2,4,2,1,1
202300046095,29,8,2023,22:05,5,1,3,93,93050,2,4,2,1,1
202300046096,6,10,2023,12:40,1,1,3,74,74012,2,4,3,1,1
202300046097,3,4,2023,12:45,1,1,2,83,83144,1,1,1,1,1
202300046098,18,2,2023,09:55,1,1,1,41,41206,2,4,2,2,2
202300046098,18,2,2023,09:55,1,1,1,41,41206,2,4,2,-1,-1
202300046099,29,8,2023,13:25,1,1,2,93,93048,2,3,2,1,1
202300046100,4,10,2023,07:50,1,1,3,74,74026,1,3,2,1,1
202300046101,4,4,2023,14:50,1,1,6,75,75120,2,4,-1,1,1
202300046101,4,4,2023,14:50,1,1,6,75,75120,2,4,2,1,1
202300046102,20,2,2023,15:50,1,1,1,78,78062,1,4,2,1,1
202300046103,28,8,2023,23:20,5,1,3,93,93005,2,4,2,1,1
202300046103,28,8,2023,23:20,5,1,3,93,93005,2,4,2,1,1
202300046104,5,10,2023,17:10,1,7,5,74,74010,1,1,3,1,1
202300046105,20,2,2023,08:30,1,1,3,13,13099,1,3,2,1,1
202300046106,4,4,2023,00:00,5,1,3,75,75120,2,4,1,1,1
202300046106,4,4,2023,00:00,5,1,3,75,75120,2,4,1,1,1
202300046107,19,2,2023,18:45,4,1,6,73,73213,1,3,2,1,1
202300046108,4,10,2023,19:24,2,1,1,74,74010,2,4,2,1,1
202300046109,20,2,2023,15:30,1,1,6,26,26168,1,3,2,1,1
202300046110,29,8,2023,10:15,1,1,3,92,92044,2,4,1,1,1
202300046110,29,8,2023,10:15,1,1,3,92,92044,2,4,-1,1,1
202300046111,5,10,2023,15:40,1,1,1,74,74010,1,3,2,3,1
202300046112,4,4,2023,20:05,1,1,5,75,75119,2,4,1,1,1
202300046113,19,2,2023,01:00,5,1,6,69,69284,2,4,2,1,1
202300046114,5,10,2023,06:15,3,1,7,74,74160,1,3,2,1,1
202300046115,29,8,2023,08:00,1,1,6,92,92024,2,3,2,1,1
202300046115,29,8,2023,08:00,1,1,6,92,92024,2,3,2,1,1
202300046116,18,2,2023,13:05,1,1,6,81,81236,1,3,2,1,1
202300046117,22,3,2023,18:25,1,1,1,75,75119,2,4,-1,1,1
202300046117,22,3,2023,18:25,1,1,1,75,75119,2,4,1,1,1
202300046118,1,10,2023,22:30,4,1,6,74,74050,1,3,2,1,1
202300046119,28,8,2023,20:15,1,1,2,92,92024,2,3,2,1,1
202300046119,28,8,2023,20:15,1,1,2,92,92024,2,3,2,1,1
202300046120,14,9,2023,06:00,5,1,6,74,74010,2,4,2,1,1
202300046121,4,4,2023,20:20,5,1,3,75,75118,2,4,-1,1,1
202300046121,4,4,2023,20:20,5,1,3,75,75118,2,4,1,1,1
202300046122,29,8,2023,03:00,3,1,6,92,92032,2,3,2,1,1
202300046123,12,8,2023,23:10,3,1,6,74,74312,1,1,3,1,1
202300046124,4,4,2023,12:40,1,1,6,75,75118,2,4,1,1,1
202300046125,19,2,2023,16:10,1,1,5,31,31478,1,3,2,2,1
202300046126,30,9,2023,02:40,5,1,7,971,97113,1,2,2,2,1
202300046127,29,8,2023,19:40,1,1,1,92,92012,2,3,-1,1,1
202300046128,20,2,2023,02:15,4,1,6,60,60134,1,3,2,1,1
202300046129,4,4,2023,19:00,1,1,6,75,75117,2,4,-1,1,1
202300046129,4,4,2023,19:00,1,1,6,75,75117,2,4,-1,1,1
202300046130,6,10,2023,12:50,1,1,6,74,74010,2,4,1,1,1
202300046130,6,10,2023,12:50,1,1,6,74,74010,2,4,2,1,1
202300046131,21,8,2023,17:35,1,1,1,54,54250,1,3,2,2,1
202300046132,20,2,2023,17:30,2,1,3,80,80485,1,3,2,2,1
202300046132,20,2,2023,17:30,2,1,3,80,80485,1,3,2,1,1
202300046133,4,4,2023,09:15,1,1,3,75,75117,2,4,2,1,1
202300046133,4,4,2023,09:15,1,1,3,75,75117,2,4,1,1,1
202300046134,6,10,2023,23:15,3,1,6,34,34032,2,4,2,1,1
202300046135,18,2,2023,05:30,4,1,6,59,59055,2,3,2,1,1
202300046136,12,8,2023,14:20,1,1,6,13,13096,1,3,2,1,1
202300046137,29,8,2023,10:06,1,1,1,26,26139,1,3,2,1,1
202300046138,4,4,2023,08:55,1,1,3,75,75117,2,4,2,1,1
202300046138,4,4,2023,08:55,1,1,3,75,75117,2,4,-1,1,1
202300046139,30,8,2023,07:20,2,1,6,86,86182,1,3,2,1,1
202300046140,5,12,2023,09:25,1,1,2,988,98818,2,4,3,1,1
202300046141,19,2,2023,12:35,1,1,2,13,13015,1,1,-1,1,1
202300046142,1,12,2023,03:40,3,1,7,987,98735,2,4,2,2,1
202300046143,29,8,2023,20:16,2,1,2,06,06149,2,7,2,1,1
202300046144,3,4,2023,23:00,5,1,3,75,75117,2,4,3,1,1
202300046144,3,4,2023,23:00,5,1,3,75,75117,2,4,1,1,1
202300046145,18,2,2023,12:44,1,1,2,13,13212,1,1,1,1,1
202300046146,30,8,2023,04:20,4,1,6,71,71417,2,3,2,1,1
202300046147,30,11,2023,21:35,5,1,5,987,98736,2,4,2,1,1
202300046148,18,2,2023,23:30,3,2,6,69,69005,1,1,3,1,2
202300046149,4,4,2023,17:10,1,1,3,75,75116,2,4,2,1,1
202300046149,4,4,2023,17:10,1,1,3,75,75116,2,4,1,1,1
202300046150,29,8,2023,16:20,1,1,7,51,51592,1,4,2,2,1
202300046151,5,12,2023,16:20,1,1,1,976,97611,2,4,3,2,1
202300046152,19,2,2023,16:45,1,1,2,91,91340,1,1,2,1,1
202300046153,4,4,2023,06:35,1,1,7,75,75115,2,4,-1,1,1
202300046153,4,4,2023,06:35,1,1,7,75,75115,2,4,-1,1,1
202300046154,18,2,2023,18:25,1,1,2,91,91661,1,1,1,1,1
202300046155,29,8,2023,18:30,1,1,6,87,87038,1,3,2,2,1
202300046156,4,12,2023,07:45,1,1,3,974,97411,2,2,2,1,1
202300046156,4,12,2023,07:45,1,1,3,974,97411,2,2,2,1,1
202300046157,3,4,2023,19:45,2,1,3,75,75114,2,4,1,1,1
202300046157,3,4,2023,19:45,2,1,3,75,75114,2,4,-1,1,1
202300046158,30,8,2023,14:25,1,1,6,62,62180,1,3,2,1,1
202300046159,5,12,2023,07:47,1,2,3,973,97302,2,3,2,1,2
202300046160,19,2,2023,16:50,1,1,4,92,92036,1,1,-1,1,1
202300046161,27,8,2023,17:30,1,1,6,19,19035,1,3,3,2,1
202300046162,4,4,2023,09:20,1,1,6,75,75113,2,4,1,1,1
202300046162,4,4,2023,09:20,1,1,6,75,75113,2,4,2,1,1
202300046163,5,12,2023,07:30,2,1,6,69,69388,2,4,2,1,1
202300046163,5,12,2023,07:30,2,1,6,69,69388,2,4,2,1,1
202300046164,4,4,2023,18:00,1,1,2,75,75112,2,4,1,2,1
202300046165,29,8,2023,20:15,1,1,7,19,19025,1,4,-1,1,1
202300046166,4,4,2023,20:00,2,1,3,75,75112,2,4,2,1,1
202300046167,4,12,2023,12:30,1,1,5,972,97213,1,3,-1,1,1
202300046168,29,7,2023,19:00,1,1,3,19,19012,1,3,2,2,1
202300046169,19,2,2023,15:00,1,1,5,78,78402,1,1,1,1,1
202300046170,5,12,2023,19:00,5,1,6,69,69385,2,4,2,2,1
202300046171,4,4,2023,19:50,2,1,3,75,75110,2,4,1,2,1
202300046171,4,4,2023,19:50,2,1,3,75,75110,2,4,-1,1,1
202300046172,19,2,2023,02:26,3,1,2,78,78217,1,1,1,1,2
202300046173,5,12,2023,08:05,2,2,3,69,69385,2,4,2,1,2
202300046174,29,8,2023,18:45,2,1,3,79,79278,1,3,2,3,1
202300046174,29,8,2023,18:45,2,1,3,79,79278,1,3,2,1,1
202300046175,19,2,2023,04:00,3,1,6,93,93066,1,1,3,1,1
202300046176,4,4,2023,14:42,1,1,3,75,75107,2,4,2,1,1
202300046177,25,8,2023,21:15,3,1,6,33,33506,1,3,2,1,1
202300046178,18,2,2023,21:30,3,1,2,92,92036,1,1,1,1,1
202300046179,5,12,2023,09:15,1,1,3,69,69382,2,4,2,1,2
202300046179,5,12,2023,09:15,1,1,3,69,69382,2,4,2,1,2
202300046180,4,4,2023,10:45,1,1,3,75,75107,2,4,1,1,1
202300046180,4,4,2023,10:45,1,1,3,75,75107,2,4,-1,1,1
202300046181,18,2,2023,20:15,3,1,2,92,92036,1,1,3,1,1
202300046182,4,12,2023,10:10,1,1,2,971,97101,2,3,2,1,1
202300046183,28,8,2023,17:19,1,2,3,63,63055,1,3,2,1,2
202300046184,4,4,2023,13:10,1,1,3,75,75103,2,4,2,1,1
202300046184,4,4,2023,13:10,1,1,3,75,75103,2,4,1,1,1
202300046185,4,12,2023,20:15,5,3,6,2A,2A004,2,4,2,1,2
202300046186,18,2,2023,10:45,1,1,6,13,13212,2,4,2,1,1
202300046187,28,8,2023,09:00,1,1,2,12,12244,2,3,2,2,1
202300046188,27,3,2023,11:30,1,1,6,94,94081,2,4,2,2,1
202300046189,5,12,2023,09:00,1,3,6,95,95197,1,4,1,1,2
202300046190,29,8,2023,16:55,1,1,6,39,39106,1,3,2,2,2
202300046191,17,2,2023,07:15,2,2,3,25,25547,2,3,1,1,2
202300046191,17,2,2023,07:15,2,2,3,25,25547,2,3,2,1,2
202300046192,3,4,2023,18:50,2,1,6,94,94068,2,4,1,1,1
202300046192,3,4,2023,18:50,2,1,6,94,94068,2,4,2,1,1
202300046193,5,12,2023,08:25,2,1,3,95,95176,2,3,2,1,1
202300046194,29,8,2023,18:15,1,1,7,25,25434,2,6,-1,1,1
202300046195,17,2,2023,12:55,1,1,1,974,97416,2,4,-1,1,1
202300046195,17,2,2023,12:55,1,1,1,974,97416,2,4,-1,1,1
202300046196,4,12,2023,06:50,5,3,3,91,91216,2,3,2,2,2
202300046197,4,4,2023,10:00,1,1,1,94,94043,2,4,1,1,1
202300046198,29,8,2023,05:00,2,1,6,02,02358,1,3,2,1,1
202300046199,18,2,2023,07:20,1,1,2,974,97411,2,2,-1,1,1
202300046200,4,4,2023,12:45,1,1,3,94,94041,2,4,2,1,1
202300046201,5,12,2023,02:20,5,1,3,91,91161,2,4,-1,-1,-1
202300046201,5,12,2023,02:20,5,1,3,91,91161,2,4,2,1,2
202300046202,26,8,2023,08:35,1,1,7,72,72281,2,3,2,1,1
202300046203,3,4,2023,14:22,1,1,6,94,94028,2,6,-1,1,1
202300046204,18,2,2023,16:00,1,1,6,69,69382,2,4,2,1,1
202300046204,18,2,2023,16:00,1,1,6,69,69382,2,4,1,1,1
202300046205,5,12,2023,15:50,1,2,3,91,91201,2,3,2,1,2
202300046206,4,4,2023,18:10,1,1,3,94,94022,2,3,2,1,1
202300046207,30,8,2023,12:50,1,1,5,60,60509,2,3,2,2,1
202300046208,18,2,2023,12:00,1,1,6,971,97120,2,4,2,1,1
202300046209,5,12,2023,17:30,5,1,6,91,91589,2,4,2,2,2
202300046209,5,12,2023,17:30,5,1,6,91,91589,2,4,-1,2,1
202300046210,4,4,2023,19:05,1,1,6,94,94017,2,3,2,1,1
202300046211,18,2,2023,05:20,2,2,2,971,97101,1,2,-1,1,2
202300046212,30,8,2023,18:50,1,1,2,60,60178,2,3,2,1,1
202300046212,30,8,2023,18:50,1,1,2,60,60178,2,3,2,1,1
202300046213,5,12,2023,11:40,1,2,3,91,91687,2,4,2,1,2
202300046213,5,12,2023,11:40,1,2,3,91,91687,2,4,2,1,2
202300046214,17,2,2023,17:40,1,1,2,2A,2A004,2,4,-1,1,1
202300046215,30,8,2023,15:25,1,3,7,64,64274,1,3,2,1,2
202300046216,4,12,2023,00:14,3,1,6,87,87085,1,1,3,1,1
202300046217,3,4,2023,18:20,1,1,5,94,94017,2,4,2,1,1
202300046218,4,4,2023,14:35,1,1,2,94,94071,2,4,2,2,1
202300046218,4,4,2023,14:35,1,1,2,94,94071,2,4,3,2,1
202300046219,18,2,2023,15:20,1,1,2,91,91433,1,3,1,1,1
202300046220,30,8,2023,12:25,1,3,4,64,64297,1,3,2,3,4
202300046221,3,12,2023,21:40,5,1,3,87,87085,2,4,2,2,1
202300046221,3,12,2023,21:40,5,1,3,87,87085,2,4,2,2,1
202300046222,3,12,2023,00:47,5,1,7,87,87085,2,4,2,1,1
202300046223,4,4,2023,16:10,1,1,2,93,93050,2,3,3,1,1
202300046224,30,8,2023,18:04,1,7,3,85,85018,1,3,2,1,1
202300046224,30,8,2023,18:04,1,7,3,85,85018,1,3,2,1,1
202300046225,5,12,2023,16:35,1,1,2,83,83126,2,4,2,1,1
202300046225,5,12,2023,16:35,1,1,2,83,83126,2,4,2,1,1
202300046226,28,8,2023,15:48,1,1,3,85,85234,2,4,2,1,1
202300046227,3,4,2023,11:15,1,1,3,93,93032,2,4,2,1,1
202300046227,3,4,2023,11:15,1,1,3,93,93032,2,4,2,1,1
202300046228,18,2,2023,19:00,2,1,1,74,74012,2,4,2,1,1
202300046229,28,11,2023,16:30,1,1,6,83,83129,2,6,-1,1,1
202300046230,4,4,2023,17:20,1,1,6,93,93079,2,3,2,1,1
202300046231,29,8,2023,19:20,1,1,1,85,85051,1,3,2,1,1
202300046232,18,2,2023,18:20,1,1,2,64,64102,2,3,3,1,1
202300046233,29,8,2023,18:40,1,1,7,87,87187,2,4,2,2,1
202300046234,4,12,2023,17:30,3,2,5,79,79191,2,3,2,1,2
202300046235,3,4,2023,17:15,1,1,3,93,93013,2,3,2,1,1
202300046236,18,2,2023,12:50,1,1,2,64,64024,2,3,3,1,1
202300046237,19,8,2023,15:25,1,1,3,87,87103,2,3,2,1,1
202300046237,19,8,2023,15:25,1,1,3,87,87103,2,3,-1,1,-1
202300046238,18,2,2023,09:38,1,1,6,64,64024,2,4,2,1,1
202300046239,4,4,2023,18:00,1,1,3,93,93047,2,4,2,1,1
202300046239,4,4,2023,18:00,1,1,3,93,93047,2,4,2,1,1
202300046240,5,12,2023,16:45,1,1,3,78,78650,2,3,2,1,1
202300046240,5,12,2023,16:45,1,1,3,78,78650,2,3,1,1,1
202300046241,29,8,2023,14:00,1,1,2,68,68375,2,4,2,1,1
202300046242,3,4,2023,19:20,1,1,3,92,92036,2,3,2,1,1
202300046242,3,4,2023,19:20,1,1,3,92,92036,2,3,2,1,1
202300046243,17,2,2023,20:15,5,2,6,59,59392,2,3,2,4,2
202300046243,17,2,2023,20:15,5,2,6,59,59392,2,3,2,4,2
202300046244,24,10,2023,13:30,1,1,3,78,78621,1,4,2,1,1
202300046244,24,10,2023,13:30,1,1,3,78,78621,1,4,2,1,1
202300046245,30,8,2023,13:30,1,1,6,05,05103,1,1,3,1,1
202300046246,18,2,2023,18:40,5,1,3,59,59560,2,7,2,1,1
202300046247,5,12,2023,21:05,5,1,3,77,77337,2,4,2,1,2
202300046248,4,4,2023,09:30,1,1,7,92,92024,2,3,2,1,1
202300046248,4,4,2023,09:30,1,1,7,92,92024,2,3,1,1,1
202300046249,29,8,2023,17:33,1,8,6,01,01228,1,1,3,2,1
202300046250,4,4,2023,19:15,1,1,7,92,92004,2,3,1,1,1
202300046251,18,2,2023,16:55,1,1,7,54,54328,2,4,4,4,1
202300046252,4,12,2023,18:00,5,3,6,77,77449,2,4,2,1,2
202300046253,29,8,2023,18:55,1,1,1,34,34337,1,3,2,1,1
202300046254,18,2,2023,05:25,3,1,6,42,42187,2,4,2,1,1
202300046255,30,3,2023,18:40,1,1,6,92,92004,2,3,-1,1,1
202300046256,5,12,2023,03:25,5,2,6,77,77131,2,3,-1,1,2
202300046257,29,8,2023,14:00,1,1,4,971,97103,2,2,1,1,1
202300046258,4,4,2023,18:50,2,1,2,92,92002,2,3,2,2,1
202300046259,5,12,2023,08:25,1,2,7,76,76351,2,4,2,2,2
202300046260,18,2,2023,06:00,5,1,3,42,42095,2,7,2,1,1
202300046261,29,8,2023,07:00,1,1,3,971,97124,2,2,1,2,1
202300046261,29,8,2023,07:00,1,1,3,971,97124,2,2,2,2,1
202300046262,4,4,2023,19:10,2,1,3,51,51455,1,3,2,1,1
202300046263,5,12,2023,17:10,2,2,6,70,70550,2,2,2,1,2
202300046263,5,12,2023,17:10,2,2,6,70,70550,2,2,1,1,2
202300046264,18,2,2023,03:35,3,1,2,38,38158,1,2,1,1,1
202300046265,29,8,2023,17:30,1,1,7,77,77171,2,3,2,2,1
202300046266,4,4,2023,19:40,1,1,2,41,41150,2,3,2,1,1
202300046267,29,8,2023,08:20,1,1,6,77,77529,1,3,2,1,1
202300046268,18,2,2023,12:10,1,8,6,37,37261,2,4,2,2,1
202300046268,18,2,2023,12:10,1,8,6,37,37261,2,4,2,2,1
202300046269,4,12,2023,05:20,5,8,2,67,67482,2,4,3,1,1
202300046270,28,8,2023,15:15,1,1,7,13,13094,1,3,2,1,1
202300046271,4,4,2023,06:45,2,1,3,17,17142,2,2,2,1,1
202300046271,4,4,2023,06:45,2,1,3,17,17142,2,2,1,1,1
202300046272,18,2,2023,13:55,1,1,6,35,35238,2,4,2,1,1
202300046273,4,12,2023,18:00,2,1,6,66,66136,2,4,1,1,1
202300046273,4,12,2023,18:00,2,1,6,66,66136,2,4,2,1,1
202300046274,17,2,2023,07:45,2,5,3,34,34301,2,4,1,1,1
202300046275,28,8,2023,15:50,1,1,4,67,67529,1,3,2,1,1
202300046276,4,4,2023,12:05,1,1,2,26,26009,2,2,2,1,1
202300046277,5,12,2023,19:40,5,2,1,64,64545,1,3,2,2,2
202300046277,5,12,2023,19:40,5,2,1,64,64545,1,3,2,1,2
202300046278,5,4,2023,17:00,1,1,6,42,42320,1,7,2,2,1
202300046279,18,2,2023,20:30,5,1,5,33,33249,2,4,3,1,1
202300046280,29,8,2023,17:50,1,1,7,79,79042,1,3,2,4,1
202300046281,4,4,2023,16:40,1,1,2,62,62230,2,3,2,1,1
202300046282,26,8,2023,22:30,3,1,7,86,86115,2,3,2,1,1
202300046283,17,2,2023,17:25,1,1,2,31,31555,1,1,1,1,1
202300046284,5,12,2023,18:50,5,1,4,64,64284,2,2,2,1,1
202300046285,30,8,2023,11:20,1,1,6,50,50041,1,3,2,2,1
202300046286,5,4,2023,17:29,1,1,6,2B,2B299,1,3,2,4,1
202300046287,18,2,2023,19:50,5,1,5,30,30028,2,2,2,1,1
202300046288,28,7,2023,16:45,1,1,3,35,35228,1,3,2,2,1
202300046288,28,7,2023,16:45,1,1,3,35,35228,1,3,2,3,1
202300046289,5,12,2023,18:15,5,1,3,64,64445,2,4,1,1,1
202300046290,30,8,2023,15:00,1,1,3,35,35001,2,4,2,1,1
202300046291,17,2,2023,17:50,1,1,1,29,29039,2,3,2,2,1
202300046291,17,2,2023,17:50,1,1,1,29,29039,2,3,2,1,1
202300046292,5,12,2023,15:35,1,8,2,64,64445,2,3,1,1,2
202300046293,23,8,2023,12:53,1,1,3,27,27022,2,3,2,1,1
202300046294,17,2,2023,20:25,3,1,5,19,19275,1,3,2,1,1
202300046295,5,12,2023,09:45,1,2,3,64,64129,2,4,2,1,2
202300046295,5,12,2023,09:45,1,2,3,64,64129,2,4,3,1,2
202300046296,30,8,2023,15:11,1,1,3,02,02381,2,4,1,1,1
202300046296,30,8,2023,15:11,1,1,3,02,02381,2,4,2,2,1
202300046297,17,2,2023,20:40,5,1,6,18,18279,2,4,2,2,1
202300046298,29,11,2023,17:10,3,1,6,62,62250,2,3,-1,1,1
202300046299,29,8,2023,20:05,1,1,2,13,13022,1,1,3,4,1
202300046300,2,12,2023,14:30,1,1,6,62,62510,1,3,3,1,1
202300046301,5,4,2023,07:00,2,1,3,71,71133,2,3,2,1,1
202300046302,29,8,2023,09:35,1,1,2,13,13214,1,1,-1,1,1
202300046303,2,12,2023,22:05,5,8,6,62,62464,1,3,2,1,1
202300046304,18,3,2023,20:25,3,1,7,71,71324,1,3,2,1,1
202300046305,28,8,2023,13:55,1,1,2,83,83144,1,1,1,1,1
202300046306,4,4,2023,18:20,1,1,6,49,49331,2,3,2,2,1
202300046307,5,12,2023,10:55,1,2,3,61,61001,2,4,2,1,2
202300046307,5,12,2023,10:55,1,2,3,61,61001,2,4,2,1,2
202300046308,29,8,2023,17:20,1,1,3,92,92002,1,1,2,1,1
202300046309,3,4,2023,09:00,1,1,6,12,12307,1,3,2,1,1
202300046310,29,8,2023,02:53,4,1,7,91,91340,1,2,-1,1,1
202300046311,5,12,2023,11:35,1,2,3,61,61001,2,3,2,1,2
202300046311,5,12,2023,11:35,1,2,3,61,61001,2,3,2,1,2
202300046312,2,4,2023,19:00,1,1,7,68,68067,1,9,-1,1,9
202300046313,5,12,2023,18:56,4,8,6,59,59350,2,4,2,1,2
202300046314,28,8,2023,18:15,1,1,4,92,92036,1,1,-1,2,1
202300046315,28,8,2023,17:30,1,1,3,93,93005,1,1,3,1,1
202300046316,2,12,2023,12:19,1,1,6,57,57672,2,4,2,1,1
202300046317,28,8,2023,16:40,1,1,3,93,93010,1,1,3,1,1
202300046318,28,8,2023,04:30,5,1,7,93,93007,1,1,3,1,1
202300046319,4,12,2023,14:00,1,1,2,54,54395,2,4,2,1,2
202300046320,29,8,2023,14:35,1,1,2,94,94052,1,1,1,1,1
202300046321,28,8,2023,06:30,2,1,6,94,94069,1,1,3,1,1
202300046322,5,12,2023,19:20,5,2,1,54,54099,2,3,-1,1,2
202300046322,5,12,2023,19:20,5,2,1,54,54099,2,3,-1,1,2
202300046323,24,5,2023,08:00,1,1,2,13,13039,1,2,2,1,1
202300046323,24,5,2023,08:00,1,1,2,13,13039,1,2,2,1,1
202300046324,16,6,2023,10:25,1,1,4,91,91286,1,1,3,1,1
202300046325,4,12,2023,16:45,5,2,3,51,51454,2,4,2,1,2
202300046325,4,12,2023,16:45,5,2,3,51,51454,2,4,2,1,2
202300046326,28,8,2023,08:45,1,1,2,974,97416,1,2,2,1,1
202300046327,1,12,2023,20:10,5,4,2,50,50129,2,9,3,1,7
202300046328,26,8,2023,18:05,1,1,7,974,97411,2,2,1,2,1
202300046329,5,12,2023,08:00,1,1,1,49,49007,2,4,2,1,1
202300046329,5,12,2023,08:00,1,1,1,49,49007,2,4,2,1,1
202300046330,1,10,2023,19:25,2,1,3,78,78537,1,1,3,1,1
202300046331,26,8,2023,04:00,5,2,3,974,97411,2,4,1,1,2
202300046331,26,8,2023,04:00,5,2,3,974,97411,2,4,1,1,2
202300046332,4,12,2023,18:43,5,2,4,49,49007,2,4,3,1,2
202300046333,1,10,2023,22:15,3,1,7,973,97304,1,2,2,1,1
202300046334,4,12,2023,15:39,1,2,7,49,49007,2,4,2,1,2
202300046335,25,9,2023,18:00,1,1,2,973,97304,1,9,2,1,1
202300046336,28,8,2023,07:40,1,1,3,973,97302,2,3,-1,1,1
202300046336,28,8,2023,07:40,1,1,3,973,97302,2,3,2,1,1
202300046337,4,12,2023,11:45,1,3,3,49,49015,2,4,2,1,2
202300046337,4,12,2023,11:45,1,3,3,49,49015,2,4,3,1,2
202300046338,1,10,2023,19:15,3,1,3,971,97125,1,3,2,2,1
202300046339,27,8,2023,12:55,1,1,1,973,97302,2,4,2,1,1
202300046340,4,12,2023,09:10,1,2,1,49,49007,2,4,2,1,2
202300046341,28,8,2023,09:22,1,2,6,69,69386,2,4,1,1,2
202300046341,28,8,2023,09:22,1,2,6,69,69386,2,4,1,1,2
202300046342,30,9,2023,19:45,3,1,6,45,45257,1,3,2,2,1
202300046343,5,11,2023,17:13,1,1,3,47,47001,2,3,2,2,2
202300046343,5,11,2023,17:13,1,1,3,47,47001,2,3,1,2,2
202300046344,4,12,2023,17:50,5,2,3,41,41018,2,4,2,1,2
202300046345,28,8,2023,02:15,5,2,2,972,97213,1,1,2,2,2
202300046346,8,10,2023,08:40,1,7,3,39,39198,2,3,3,1,1
202300046346,8,10,2023,08:40,1,7,3,39,39198,2,3,2,1,1
202300046347,30,9,2023,13:30,1,1,3,66,66065,1,3,2,1,1
202300046347,30,9,2023,13:30,1,1,3,66,66065,1,3,2,1,1
202300046348,5,12,2023,12:30,1,1,1,37,37233,2,4,2,1,1
202300046349,2,10,2023,13:30,1,1,3,83,83053,1,3,2,1,1
202300046349,2,10,2023,13:30,1,1,3,83,83053,1,3,2,1,1
202300046350,4,12,2023,10:55,1,2,1,37,37214,2,4,1,2,2
202300046350,4,12,2023,10:55,1,2,1,37,37214,2,4,2,1,2
202300046351,2,10,2023,09:50,1,1,2,13,13097,1,3,2,1,1
202300046352,2,10,2023,11:30,1,1,6,71,71235,2,4,2,1,1
202300046353,5,12,2023,20:45,5,2,3,35,35238,2,4,2,1,2
202300046353,5,12,2023,20:45,5,2,3,35,35238,2,4,2,1,2
202300046354,1,10,2023,22:45,3,1,3,08,08226,1,3,2,1,1
202300046355,5,12,2023,14:00,1,2,1,35,35051,1,4,2,3,2
202300046355,5,12,2023,14:00,1,2,1,35,35051,1,4,2,1,2
202300046356,4,12,2023,09:30,1,2,3,34,34172,2,4,2,2,2
202300046357,1,10,2023,00:20,4,1,7,67,67525,2,4,3,1,1
202300046358,4,12,2023,15:35,1,1,6,34,34032,2,3,1,1,1
202300046359,2,10,2023,07:00,2,1,3,07,07169,1,3,2,1,1
202300046359,2,10,2023,07:00,2,1,3,07,07169,1,3,2,1,1
202300046360,5,12,2023,12:32,1,2,3,33,33063,2,4,2,1,2
202300046360,5,12,2023,12:32,1,2,3,33,33063,2,4,1,1,2
202300046361,15,9,2023,19:20,2,1,3,69,69071,1,7,2,1,1
202300046362,2,10,2023,14:40,1,1,6,31,31466,1,3,2,4,1
202300046363,4,12,2023,17:00,5,2,3,33,33063,2,4,1,1,2
202300046364,1,10,2023,16:40,1,1,1,31,31417,2,7,2,1,1
202300046365,4,12,2023,08:40,1,2,3,33,33063,2,4,3,1,2
202300046366,1,10,2023,11:50,1,1,6,33,33233,2,4,2,1,1
202300046367,3,12,2023,22:50,5,1,3,33,33249,2,4,2,2,1
202300046368,1,10,2023,17:55,1,1,3,33,33019,2,3,2,1,1
202300046369,5,12,2023,19:05,3,1,2,29,29019,1,4,2,2,1
202300046370,1,10,2023,17:15,1,1,6,49,49260,1,3,2,2,1
202300046371,5,12,2023,17:45,2,1,6,27,27528,2,4,-1,1,1
202300046372,30,9,2023,19:15,1,1,3,27,27235,2,4,2,1,1
202300046372,30,9,2023,19:15,1,1,3,27,27235,2,4,2,1,1
202300046373,5,12,2023,11:15,1,2,6,27,27229,2,4,-1,1,2
202300046374,2,10,2023,18:20,1,8,7,60,60116,1,3,2,2,1
202300046375,5,12,2023,08:40,1,1,6,26,26362,2,4,2,1,1
202300046376,1,10,2023,16:35,1,1,2,80,80110,1,3,2,1,1
202300046377,4,12,2023,07:20,5,4,6,25,25547,2,3,2,1,2
202300046378,30,11,2023,19:00,5,3,1,24,24037,2,3,2,1,2
202300046379,1,10,2023,14:35,1,1,1,13,13088,1,1,1,1,1
202300046380,5,12,2023,10:35,1,1,6,23,23096,2,6,-1,2,1
202300046381,9,1,2023,23:20,3,8,2,92,92036,1,1,1,1,2
202300046382,5,12,2023,13:40,1,2,6,15,15014,1,3,2,1,2
202300046383,26,9,2023,18:00,1,1,4,13,13001,1,1,1,2,1
202300046384,10,1,2023,18:20,3,2,4,94,94028,1,1,3,1,2
202300046385,1,10,2023,17:10,1,1,6,83,83137,2,1,3,1,1
202300046386,5,12,2023,15:20,1,2,3,14,14366,2,3,1,1,2
202300046386,5,12,2023,15:20,1,2,3,14,14366,2,3,3,1,2
202300046387,10,1,2023,15:40,1,2,6,94,94017,1,1,3,1,2
202300046388,25,9,2023,07:40,1,1,2,69,69259,1,7,3,1,1
202300046389,10,1,2023,07:50,2,1,2,94,94022,1,1,3,1,1
202300046390,5,12,2023,16:50,1,1,5,13,13215,2,4,1,2,1