id_accident,jour,mois,annee,heure_minute,luminosite,meteo,type_collision,departement,commune,agglomeration,categorie_route,regime_circulation,profil_route,etat_surface
202300046390,5,12,2023,16:50,1,1,5,13,13215,2,4,2,1,1
202300046391,5,12,2023,12:19,1,1,6,13,13203,2,4,2,2,1
202300046392,1,10,2023,18:50,1,1,4,33,33063,1,1,3,4,1
202300046393,8,1,2023,03:06,5,1,3,75,75111,2,4,2,2,1
202300046393,8,1,2023,03:06,5,1,3,75,75111,2,4,1,4,1
202300046394,4,12,2023,16:30,1,2,3,13,13214,2,4,2,1,2
202300046394,4,12,2023,16:30,1,2,3,13,13214,2,4,2,2,2
202300046395,9,1,2023,13:30,1,2,7,75,75110,2,4,1,1,2
202300046395,9,1,2023,13:30,1,2,7,75,75110,2,4,2,1,2
202300046396,5,12,2023,09:30,1,1,2,13,13028,2,4,-1,1,1
202300046397,1,10,2023,17:00,1,1,5,91,91468,1,1,1,2,1
202300046398,7,1,2023,22:30,5,8,6,94,94011,2,4,2,1,2
202300046399,5,12,2023,10:05,1,1,3,13,13001,2,4,2,1,2
202300046399,5,12,2023,10:05,1,1,3,13,13001,2,4,1,1,2
202300046400,1,10,2023,00:50,3,1,2,91,91432,1,1,1,1,1
202300046401,9,1,2023,07:55,5,1,3,94,94017,2,3,2,1,1
202300046402,4,12,2023,19:00,5,2,2,11,11069,1,3,2,1,2
202300046403,30,9,2023,09:45,1,1,4,75,75113,1,1,1,1,1
202300046404,4,12,2023,07:25,3,2,6,11,11069,1,3,2,3,2
202300046405,9,1,2023,19:40,5,2,2,93,93072,2,3,2,1,2
202300046405,9,1,2023,19:40,5,2,2,93,93072,2,3,3,1,2
202300046406,1,10,2023,13:36,1,1,7,92,92051,1,2,3,1,1
202300046407,4,12,2023,20:55,5,2,2,10,10387,2,4,2,1,2
202300046407,4,12,2023,20:55,5,2,2,10,10387,2,4,2,1,2
202300046408,9,1,2023,16:46,1,2,3,93,93066,2,3,2,1,2
202300046409,1,10,2023,20:00,4,1,3,93,93048,1,1,1,1,1
202300046410,9,1,2023,18:00,5,3,6,93,93064,2,3,2,1,2
202300046411,1,10,2023,17:50,1,1,2,92,92036,1,1,3,1,1
202300046412,5,12,2023,19:30,3,8,5,07,07231,1,3,2,1,1
202300046413,9,1,2023,18:15,5,2,6,93,93077,2,3,2,1,2
202300046413,9,1,2023,18:15,5,2,6,93,93077,2,3,2,1,2
202300046414,5,12,2023,08:10,1,1,3,06,06123,2,7,2,1,1
202300046415,30,9,2023,21:30,3,1,3,92,92036,1,1,3,1,1
202300046416,5,12,2023,08:40,1,1,3,04,04112,2,3,2,1,1
202300046417,9,1,2023,19:41,5,2,6,93,93055,2,3,3,2,2
202300046418,1,10,2023,08:25,1,1,2,95,95500,1,1,-1,1,1
202300046419,9,1,2023,14:55,1,3,6,93,93051,2,3,1,1,2
202300046419,9,1,2023,14:55,1,3,6,93,93051,2,3,2,1,2
202300046420,4,12,2023,13:20,1,2,5,04,04112,2,4,2,1,2
202300046421,30,9,2023,21:50,3,1,6,95,95241,1,2,1,1,1
202300046422,9,1,2023,15:05,1,2,3,92,92064,2,3,2,1,2
202300046423,4,12,2023,17:42,5,2,2,01,01053,2,3,-1,1,2
202300046424,30,9,2023,18:30,1,1,5,93,93010,1,1,3,1,1
202300046425,2,12,2023,13:30,1,1,6,75,75101,2,4,2,1,1
202300046426,8,1,2023,18:05,5,2,6,92,92025,2,3,2,1,2
202300046426,8,1,2023,18:05,5,2,6,92,92025,2,3,2,1,2
202300046427,30,9,2023,15:50,1,1,6,95,95527,1,1,3,1,1
202300046428,2,12,2023,19:30,5,1,6,75,75106,2,4,1,1,1
202300046428,2,12,2023,19:30,5,1,6,75,75106,2,4,2,1,1
202300046429,7,1,2023,00:05,5,1,3,92,92004,2,3,3,1,1
202300046429,7,1,2023,00:05,5,1,3,92,92004,2,3,2,1,1
202300046430,5,12,2023,16:20,5,2,6,75,75118,2,4,2,1,2
202300046430,5,12,2023,16:20,5,2,6,75,75118,2,4,1,1,2
202300046431,30,9,2023,09:45,1,1,4,95,95604,1,1,3,1,1
202300046432,9,1,2023,18:10,5,2,6,92,92002,2,4,2,1,2
202300046432,9,1,2023,18:10,5,2,6,92,92002,2,4,2,1,2
202300046433,5,12,2023,04:15,5,3,6,75,75117,2,4,2,1,2
202300046434,9,1,2023,08:45,1,1,6,52,52017,1,3,2,1,1
202300046435,30,9,2023,02:00,5,1,2,93,93007,1,1,3,1,1
202300046436,4,12,2023,18:00,5,3,3,75,75116,2,4,3,1,2
202300046436,4,12,2023,18:00,5,3,3,75,75116,2,4,3,1,2
202300046437,3,1,2023,07:55,2,8,1,22,22172,2,3,2,2,2
202300046437,3,1,2023,07:55,2,8,1,22,22172,2,3,2,3,2
202300046438,4,12,2023,15:40,1,2,7,75,75113,2,4,3,1,2
202300046438,4,12,2023,15:40,1,2,7,75,75113,2,4,3,1,2
202300046439,1,10,2023,09:50,1,1,4,77,77514,1,1,-1,1,1
202300046440,5,12,2023,00:30,5,2,6,75,75112,2,4,2,1,2
202300046441,10,1,2023,14:20,1,1,6,68,68112,2,3,2,1,1
202300046441,10,1,2023,14:20,1,1,6,68,68112,2,3,2,1,1
202300046442,1,10,2023,04:29,3,1,2,77,77514,1,1,1,1,1
202300046443,30,6,2023,02:30,5,2,6,74,74173,2,3,2,1,2
202300046444,9,1,2023,18:00,3,2,1,67,67073,1,3,2,1,2
202300046444,9,1,2023,18:00,3,2,1,67,67073,1,3,2,1,2
202300046445,19,7,2023,17:25,1,1,1,74,74188,1,3,2,2,1
202300046446,9,1,2023,14:05,1,2,7,57,57111,1,1,3,2,2
202300046447,19,7,2023,15:50,1,1,3,74,74238,2,3,2,1,1
202300046448,8,1,2023,16:28,1,1,7,76,76167,1,3,2,1,1
202300046449,16,7,2023,18:17,1,7,7,74,74296,1,3,2,4,1
202300046450,15,7,2023,17:15,1,1,6,74,74063,2,3,2,2,1
202300046451,10,1,2023,15:20,1,1,5,38,38337,1,3,2,2,1
202300046452,13,7,2023,13:45,1,1,7,74,74302,1,3,2,2,1
202300046453,7,1,2023,16:45,1,1,6,36,36239,1,1,3,1,2
202300046454,19,8,2023,18:40,1,1,7,73,73065,2,3,2,4,1
202300046455,29,9,2023,16:20,2,1,3,974,97416,2,4,1,1,1
202300046455,29,9,2023,16:20,2,1,3,974,97416,2,4,2,1,1
202300046456,9,1,2023,23:45,3,1,2,37,37047,1,1,3,1,2
202300046457,30,9,2023,16:10,1,8,6,974,97411,2,4,2,2,1
202300046458,9,1,2023,18:22,3,2,6,83,83031,1,3,2,2,2
202300046459,30,9,2023,09:15,1,1,3,973,97302,2,2,1,1,1
202300046460,30,9,2023,02:55,5,1,1,973,97302,2,3,2,1,1
202300046461,10,1,2023,08:50,1,2,7,51,51617,1,3,2,1,2
202300046462,29,9,2023,12:05,1,1,3,69,69383,2,4,1,1,1
202300046462,29,9,2023,12:05,1,1,3,69,69383,2,4,2,2,1
202300046463,9,1,2023,18:35,5,2,1,32,32032,2,3,2,2,2
202300046464,30,9,2023,08:57,1,1,3,972,97209,2,4,2,2,1
202300046464,30,9,2023,08:57,1,1,3,972,97209,2,4,1,2,1
202300046465,30,9,2023,05:50,5,1,7,69,69381,2,4,2,1,1
202300046466,9,1,2023,17:30,3,2,7,89,89469,1,3,2,1,2
202300046467,30,9,2023,02:10,5,1,2,69,69382,2,4,1,1,1
202300046468,9,1,2023,18:00,3,8,2,49,49307,1,3,2,1,2
202300046469,30,9,2023,11:41,1,1,3,2B,2B037,1,3,2,1,1
202300046470,30,9,2023,16:45,1,1,3,91,91657,2,4,2,1,1
202300046471,9,1,2023,18:19,5,3,6,68,68201,2,3,2,1,2
202300046472,30,9,2023,13:20,1,1,7,91,91201,2,3,2,1,1
202300046472,30,9,2023,13:20,1,1,7,91,91201,2,3,2,1,1
202300046473,30,9,2023,08:51,1,1,3,88,88160,2,3,2,1,1
202300046474,29,9,2023,19:10,1,1,3,82,82121,2,4,2,1,1
202300046475,10,1,2023,06:00,3,1,6,38,38004,1,9,-1,1,1
202300046476,9,1,2023,20:10,3,1,1,06,06151,1,7,2,1,1
202300046477,30,9,2023,22:40,5,1,2,77,77438,2,3,1,1,1
202300046478,3,1,2023,14:00,1,1,1,06,06127,1,7,2,2,1
202300046479,30,9,2023,20:00,5,1,5,77,77058,2,4,2,1,1
202300046479,30,9,2023,20:00,5,1,5,77,77058,2,4,1,1,1
202300046480,30,9,2023,13:20,1,1,7,71,71486,1,4,2,1,1
202300046481,6,1,2023,21:30,5,1,1,14,14738,2,3,2,1,1
202300046481,6,1,2023,21:30,5,1,1,14,14738,2,3,2,1,1
202300046482,30,9,2023,20:00,5,1,2,69,69275,2,4,2,1,1
202300046482,30,9,2023,20:00,5,1,2,69,69275,2,4,3,1,1
202300046483,7,1,2023,16:50,1,1,6,90,90090,1,3,2,1,1
202300046484,9,1,2023,08:30,2,3,2,60,60277,1,3,2,1,2
202300046485,30,9,2023,21:08,5,1,3,69,69259,2,4,2,1,1
202300046485,30,9,2023,21:08,5,1,3,69,69259,2,4,2,1,1
202300046485,30,9,2023,21:08,5,1,3,69,69259,2,4,2,1,1
202300046485,30,9,2023,21:08,5,1,3,69,69259,2,4,2,1,1
202300046486,30,9,2023,17:30,1,1,3,69,69290,2,4,2,1,1
202300046487,3,1,2023,19:10,3,1,3,40,40046,1,3,2,1,1
202300046488,9,1,2023,21:00,5,1,6,85,85096,2,3,2,1,1
202300046489,29,9,2023,17:00,1,1,5,69,69271,2,4,2,1,1
202300046490,9,1,2023,14:00,1,3,7,52,52095,1,4,2,1,2
202300046491,10,1,2023,15:00,1,1,3,988,98805,2,1,1,2,1
202300046491,10,1,2023,15:00,1,1,3,988,98805,2,1,3,1,1
202300046492,9,1,2023,13:55,1,4,6,01,01181,1,1,3,1,9
202300046493,30,9,2023,16:40,1,1,4,67,67482,2,4,3,1,1
202300046494,10,1,2023,15:30,1,1,2,67,67460,1,1,3,1,1
202300046495,30,9,2023,03:40,5,1,3,67,67482,2,4,2,1,1
202300046496,9,1,2023,15:40,1,1,1,45,45089,2,3,2,2,1
202300046497,20,7,2023,10:35,1,1,6,93,93059,2,4,2,1,1
202300046498,26,9,2023,17:09,1,1,6,61,61001,2,3,2,1,1
202300046499,7,1,2023,18:50,3,2,3,77,77145,1,2,2,1,3
202300046499,7,1,2023,18:50,3,2,3,77,77145,1,2,2,1,3
202300046500,30,9,2023,15:30,1,1,6,59,59350,2,4,2,1,1
202300046500,30,9,2023,15:30,1,1,6,59,59350,2,4,2,1,1
202300046501,20,7,2023,23:27,5,1,3,93,93070,2,3,2,1,1
202300046501,20,7,2023,23:27,5,1,3,93,93070,2,3,2,1,1
202300046502,10,1,2023,15:40,1,1,6,30,30214,1,3,2,1,1
202300046503,14,7,2023,21:35,2,1,6,93,93070,2,3,2,1,1
202300046504,29,9,2023,16:45,1,1,3,57,57631,2,3,3,1,1
202300046505,10,1,2023,09:15,2,7,2,84,84004,1,3,2,1,1
202300046505,10,1,2023,09:15,2,7,2,84,84004,1,3,2,1,1
202300046506,19,7,2023,09:30,1,1,6,93,93048,2,3,2,1,1
202300046507,9,1,2023,17:55,5,4,6,73,73227,2,3,2,2,5
202300046508,20,7,2023,18:05,1,1,5,93,93029,2,4,2,1,1
202300046509,30,9,2023,16:59,1,1,3,49,49007,2,4,2,1,1
202300046509,30,9,2023,16:59,1,1,3,49,49007,2,4,3,1,1
202300046510,10,1,2023,12:45,1,1,2,01,01049,2,3,3,1,1
202300046510,10,1,2023,12:45,1,1,2,01,01049,2,3,2,1,1
202300046511,9,1,2023,18:50,4,1,6,60,60157,2,3,2,1,1
202300046512,19,7,2023,23:40,5,1,1,93,93010,2,4,2,1,1
202300046513,30,9,2023,21:13,5,1,3,45,45234,2,4,3,1,1
202300046513,30,9,2023,21:13,5,1,3,45,45234,2,4,1,1,1
202300046514,20,7,2023,16:10,1,1,2,92,92007,2,3,2,1,1
202300046515,20,7,2023,09:41,1,1,7,92,92040,2,4,2,1,1
202300046516,30,9,2023,18:55,1,1,6,45,45147,2,4,1,1,1
202300046517,9,1,2023,16:25,1,2,3,02,02443,1,3,2,1,2
202300046517,9,1,2023,16:25,1,2,3,02,02443,1,3,2,1,2
202300046518,30,9,2023,16:20,1,1,3,45,45285,2,6,-1,1,1
202300046519,9,1,2023,12:25,1,1,3,69,69256,1,2,3,1,1
202300046520,14,7,2023,17:17,1,1,5,92,92025,2,3,2,1,1
202300046520,14,7,2023,17:17,1,1,5,92,92025,2,3,2,1,1
202300046520,14,7,2023,17:17,1,1,5,92,92025,2,3,2,1,1
202300046521,20,7,2023,08:30,1,1,2,92,92023,2,3,1,1,1
202300046522,5,1,2023,18:25,5,1,4,69,69142,1,7,3,1,1
202300046523,20,7,2023,20:05,1,1,3,92,92012,2,3,2,1,1
202300046524,9,1,2023,09:25,1,2,3,33,33065,1,2,3,1,2
202300046525,29,9,2023,17:07,1,1,1,45,45338,2,4,2,1,1
202300046525,29,9,2023,17:07,1,1,1,45,45338,2,4,2,1,1
202300046526,20,7,2023,09:05,1,1,3,92,92012,2,4,1,1,1
202300046526,20,7,2023,09:05,1,1,3,92,92012,2,4,1,1,1
202300046527,8,1,2023,01:35,3,3,2,33,33143,1,1,3,1,2
202300046528,30,9,2023,20:00,5,1,6,41,41018,2,6,-1,1,1
202300046529,16,7,2023,01:16,5,1,3,92,92004,2,3,-1,1,1
202300046530,7,1,2023,04:30,4,1,2,91,91521,1,1,1,1,1
202300046531,19,7,2023,17:35,1,1,2,67,67347,1,3,2,1,1
202300046532,9,1,2023,13:10,1,1,2,92,92036,1,1,3,1,1
202300046533,30,9,2023,20:35,5,1,3,35,35238,2,4,-1,1,1
202300046533,30,9,2023,20:35,5,1,3,35,35238,2,4,2,1,1
202300046534,21,7,2023,15:30,1,1,7,76,76749,2,4,2,2,1
202300046535,9,1,2023,01:45,3,8,6,93,93005,1,1,1,2,2
202300046536,21,7,2023,10:30,1,1,1,84,84069,2,3,2,2,1
202300046537,8,1,2023,23:15,3,2,5,94,94079,1,1,1,2,2
202300046538,30,9,2023,15:30,1,1,4,35,35238,2,4,3,1,1
202300046539,20,7,2023,14:20,1,1,2,28,28388,1,1,3,1,1
202300046540,8,1,2023,16:50,2,8,6,54,54395,2,4,1,1,1
202300046540,8,1,2023,16:50,2,8,6,54,54395,2,4,3,1,1
202300046541,29,9,2023,17:10,1,1,6,35,35238,2,4,3,1,1
202300046542,21,7,2023,13:25,1,1,6,83,83036,2,4,2,1,1
202300046543,8,1,2023,15:50,1,1,4,974,97416,1,3,2,1,1
202300046544,18,7,2023,15:00,1,1,6,26,26333,2,2,2,2,1
202300046545,8,1,2023,21:45,5,1,7,973,97302,2,3,2,1,1
202300046546,20,7,2023,16:15,1,1,7,23,23264,1,3,2,1,1
202300046547,29,9,2023,20:05,2,1,3,34,34301,2,4,2,1,1
202300046547,29,9,2023,20:05,2,1,3,34,34301,2,4,2,1,1
202300046548,8,1,2023,01:30,5,2,3,973,97302,2,3,2,1,2
202300046549,17,7,2023,14:23,1,1,1,56,56141,1,3,2,1,1
202300046550,30,9,2023,11:30,1,1,3,33,33281,2,4,2,1,1
202300046550,30,9,2023,11:30,1,1,3,33,33281,2,4,2,1,1
202300046551,7,1,2023,22:25,5,2,1,973,97302,2,4,2,1,2
202300046552,19,7,2023,17:45,1,1,3,56,56193,2,3,1,1,1
202300046553,8,1,2023,19:15,5,2,1,69,69149,2,7,2,2,2
202300046553,8,1,2023,19:15,5,2,1,69,69149,2,7,2,2,2
202300046554,30,9,2023,05:30,5,1,2,33,33063,2,4,3,1,1
202300046554,30,9,2023,05:30,5,1,2,33,33063,2,4,1,1,1
202300046555,20,7,2023,18:50,1,1,5,56,56153,1,3,2,1,1
202300046556,8,1,2023,19:50,5,2,2,95,95280,2,4,2,1,2
202300046557,21,7,2023,14:00,1,1,2,80,80130,1,3,2,1,1
202300046557,21,7,2023,14:00,1,1,2,80,80130,1,3,2,1,1
202300046558,29,9,2023,10:50,1,1,6,33,33063,2,4,2,1,1
202300046558,29,9,2023,10:50,1,1,6,33,33063,2,4,2,1,1
202300046559,8,1,2023,21:15,5,1,6,83,83126,2,4,2,1,2
202300046560,21,7,2023,13:15,1,1,1,69,69217,1,3,2,2,1
202300046561,8,1,2023,00:20,5,1,3,69,69266,2,4,1,1,1
202300046562,27,6,2023,08:00,1,1,3,63,63243,1,3,2,2,1
202300046562,27,6,2023,08:00,1,1,3,63,63243,1,3,2,1,1
202300046563,5,1,2023,12:10,1,1,3,68,68066,2,3,2,1,1
202300046563,5,1,2023,12:10,1,1,3,68,68066,2,3,2,1,1
202300046564,30,9,2023,17:46,1,1,3,29,29039,1,3,2,2,1
202300046564,30,9,2023,17:46,1,1,3,29,29039,1,3,2,2,1
202300046565,21,7,2023,10:30,1,1,1,49,49330,1,3,2,1,1
202300046565,21,7,2023,10:30,1,1,1,49,49330,1,3,2,1,1
202300046566,8,1,2023,15:35,1,2,3,64,64284,2,4,2,1,2
202300046566,8,1,2023,15:35,1,2,3,64,64284,2,4,1,1,2
202300046567,21,7,2023,07:40,2,1,7,12,12109,1,3,2,2,8
202300046568,8,1,2023,17:50,4,3,6,64,64122,2,4,1,2,2
202300046569,21,7,2023,07:25,1,7,2,35,35297,2,3,2,1,1
202300046570,29,9,2023,17:45,1,1,3,28,28134,2,2,1,1,1
202300046571,8,1,2023,01:50,5,8,1,59,59163,2,7,2,2,2
202300046572,20,7,2023,18:35,1,1,6,34,34192,2,3,2,1,1
202300046573,29,9,2023,18:02,1,1,3,27,27681,1,3,1,1,1
202300046574,21,7,2023,07:20,2,1,6,29,29003,2,4,2,1,1
202300046575,8,1,2023,16:00,1,1,3,59,59560,1,7,-1,2,1
202300046575,8,1,2023,16:00,1,1,3,59,59560,1,7,-1,2,1
202300046576,30,9,2023,11:30,1,1,2,22,22187,1,2,2,2,1
202300046577,7,1,2023,18:00,5,1,1,59,59350,2,4,2,1,1
202300046578,18,7,2023,12:45,1,1,1,72,72132,2,4,2,1,1
202300046579,20,7,2023,11:40,1,1,7,06,06119,1,7,2,2,1
202300046580,8,1,2023,14:37,1,7,3,51,51230,2,4,2,1,1
202300046580,8,1,2023,14:37,1,7,3,51,51230,2,4,2,1,1
202300046581,21,7,2023,03:45,3,1,1,14,14726,1,3,2,1,1
202300046582,8,1,2023,16:00,1,8,3,42,42187,2,4,2,2,1
202300046582,8,1,2023,16:00,1,8,3,42,42187,2,4,2,1,1
202300046583,30,9,2023,17:30,1,1,1,13,13208,2,4,1,1,1
202300046583,30,9,2023,17:30,1,1,1,13,13208,2,4,1,1,1
202300046584,30,9,2023,06:50,3,1,6,06,06069,1,3,2,1,1
202300046585,25,6,2023,13:00,1,1,3,83,83082,1,3,2,2,1
202300046586,8,1,2023,12:40,1,1,2,35,35238,2,4,3,1,2
202300046587,30,9,2023,19:20,5,1,1,06,06027,2,7,2,1,1
202300046588,8,1,2023,14:38,1,2,3,33,33522,2,4,2,1,2
202300046588,8,1,2023,14:38,1,2,3,33,33522,2,4,2,1,2
202300046589,20,7,2023,16:30,1,1,1,73,73105,1,3,2,1,1
202300046590,20,9,2023,17:00,1,2,3,05,05061,2,4,2,2,2
202300046590,20,9,2023,17:00,1,2,3,05,05061,2,4,2,2,2
202300046591,8,1,2023,03:29,5,2,1,25,25462,2,4,2,1,2
202300046592,21,7,2023,11:45,1,1,3,73,73300,2,3,3,1,1
202300046592,21,7,2023,11:45,1,1,3,73,73300,2,3,-1,1,1
202300046593,8,1,2023,10:50,1,8,6,25,25056,1,3,2,2,2
202300046594,30,9,2023,06:35,5,1,2,75,75119,2,4,1,1,1
202300046595,7,1,2023,10:45,1,1,3,25,25056,2,4,2,3,1
202300046596,20,7,2023,09:56,1,1,2,07,07050,2,4,2,1,1
202300046597,16,7,2023,16:10,3,1,6,07,07050,1,3,2,2,1
202300046598,8,1,2023,23:15,5,1,5,13,13208,2,4,2,1,1
202300046599,29,9,2023,21:30,5,1,2,75,75118,2,4,1,1,1
202300046600,8,1,2023,18:15,5,1,3,13,13209,2,4,2,1,2
202300046601,21,7,2023,15:30,1,1,6,53,53127,1,4,2,2,1
202300046601,21,7,2023,15:30,1,1,6,53,53127,1,4,2,2,1
202300046602,30,9,2023,12:00,1,1,2,75,75118,2,4,1,1,1
202300046603,7,1,2023,17:18,1,1,3,13,13204,2,4,1,1,1
202300046604,20,7,2023,10:15,1,1,1,21,21092,1,3,2,2,1
202300046605,30,9,2023,00:50,5,1,3,75,75116,2,4,2,1,1
202300046605,30,9,2023,00:50,5,1,3,75,75116,2,4,2,1,1
202300046606,8,1,2023,18:45,5,1,2,13,13063,2,4,2,1,1
202300046607,8,1,2023,11:05,1,8,1,13,13001,1,3,2,1,2
202300046608,20,7,2023,22:37,3,1,3,85,85133,1,3,2,1,1
202300046608,20,7,2023,22:37,3,1,3,85,85133,1,3,2,2,1
202300046609,30,9,2023,18:30,1,1,3,75,75114,2,4,2,1,1
202300046609,30,9,2023,18:30,1,1,3,75,75114,2,4,1,1,1
202300046610,8,1,2023,10:30,1,2,5,13,13001,1,2,1,2,2
202300046611,20,7,2023,10:00,1,1,3,37,37167,1,4,2,2,1
202300046611,20,7,2023,10:00,1,1,3,37,37167,1,4,2,2,1
202300046612,30,9,2023,12:10,1,1,6,75,75106,2,4,1,1,1
202300046612,30,9,2023,12:10,1,1,6,75,75106,2,4,1,1,1
202300046613,8,1,2023,09:00,1,3,3,06,06004,2,4,2,1,2
202300046613,8,1,2023,09:00,1,3,3,06,06004,2,4,2,2,2
202300046614,19,7,2023,14:00,1,1,3,52,52292,2,4,-1,1,1
202300046614,19,7,2023,14:00,1,1,3,52,52292,2,4,2,1,1
202300046615,7,1,2023,18:17,5,1,2,75,75117,2,4,3,1,1
202300046616,30,9,2023,11:00,1,1,6,75,75118,2,4,1,1,1
202300046616,30,9,2023,11:00,1,1,6,75,75118,2,4,-1,1,1
202300046617,20,7,2023,18:20,1,1,1,52,52420,1,3,2,1,1
202300046618,6,1,2023,12:52,1,8,3,75,75113,2,4,3,1,1
202300046618,6,1,2023,12:52,1,8,3,75,75113,2,4,2,1,1
202300046619,20,7,2023,12:50,1,1,3,88,88451,2,3,2,1,1
202300046620,30,9,2023,12:05,1,1,2,75,75117,2,4,-1,1,1
202300046620,30,9,2023,12:05,1,1,2,75,75117,2,4,2,1,1
202300046621,8,1,2023,21:30,5,1,2,75,75106,2,4,1,1,2
202300046622,20,7,2023,23:00,3,1,1,88,88142,1,3,2,1,1
202300046623,8,1,2023,13:00,1,1,6,75,75105,2,4,2,2,1
202300046623,8,1,2023,13:00,1,1,6,75,75105,2,4,2,2,1
202300046624,20,7,2023,16:30,1,7,2,42,42116,1,1,3,2,1
202300046625,29,9,2023,17:00,1,1,1,75,75117,2,4,2,2,1
202300046625,29,9,2023,17:00,1,1,1,75,75117,2,4,4,1,1
202300046626,8,1,2023,19:35,5,2,3,75,75119,2,4,2,2,2
202300046627,20,7,2023,18:10,1,1,7,42,42173,1,1,3,1,1
202300046628,1,7,2023,12:00,1,1,6,38,38253,2,4,2,2,1
202300046629,30,9,2023,20:10,5,1,6,75,75113,2,4,1,1,1
202300046630,8,1,2023,18:30,5,2,6,75,75116,2,4,2,1,2
202300046630,8,1,2023,18:30,5,2,6,75,75116,2,4,1,1,2
202300046631,21,7,2023,06:27,2,1,7,38,38118,1,1,3,2,1
202300046632,20,7,2023,18:10,1,1,6,28,28199,1,1,3,1,1
202300046633,30,9,2023,21:05,5,1,3,75,75113,2,4,2,1,1
202300046633,30,9,2023,21:05,5,1,3,75,75113,2,4,1,1,1
202300046634,8,1,2023,03:40,5,1,6,75,75110,2,4,1,1,2
202300046635,20,7,2023,10:07,1,1,7,84,84078,1,1,3,1,1
202300046636,30,9,2023,09:30,1,1,7,75,75113,2,4,1,2,1
202300046637,8,1,2023,04:15,5,1,3,75,75108,2,4,-1,1,1
202300046637,8,1,2023,04:15,5,1,3,75,75108,2,4,2,1,1
202300046638,13,7,2023,11:05,1,1,6,971,97117,2,2,2,1,1
202300046638,13,7,2023,11:05,1,1,6,971,97117,2,2,1,1,1
202300046639,8,1,2023,17:15,1,1,6,75,75107,2,4,1,1,1
202300046640,19,7,2023,20:45,2,1,3,33,33199,2,3,2,1,1
202300046640,19,7,2023,20:45,2,1,3,33,33199,2,3,2,1,1
202300046641,20,7,2023,18:55,1,1,3,77,77005,1,3,2,1,1
202300046642,30,9,2023,19:30,2,1,3,75,75111,2,4,2,1,1
202300046643,8,1,2023,13:12,1,2,6,93,93071,2,3,2,1,2
202300046643,8,1,2023,13:12,1,2,6,93,93071,2,3,1,1,2
202300046644,1,7,2023,19:50,1,1,2,30,30155,1,3,2,1,1
202300046645,8,1,2023,11:02,1,1,6,93,93077,2,4,2,1,2
202300046646,8,1,2023,02:40,5,1,6,93,93062,2,4,2,1,1
202300046646,8,1,2023,02:40,5,1,6,93,93062,2,4,2,1,1
202300046647,29,9,2023,13:20,1,1,3,75,75120,2,4,1,1,1
202300046647,29,9,2023,13:20,1,1,3,75,75120,2,4,1,1,1
202300046648,8,1,2023,18:25,5,2,3,93,93048,2,3,2,2,2
202300046648,8,1,2023,18:25,5,2,3,93,93048,2,3,2,2,2
202300046649,8,1,2023,20:40,5,2,2,93,93010,2,3,2,1,2
202300046650,20,7,2023,19:00,1,1,2,34,34023,2,4,1,1,1
202300046650,20,7,2023,19:00,1,1,2,34,34023,2,4,2,1,1
202300046651,29,9,2023,23:10,5,1,2,75,75112,2,4,1,1,1
202300046651,29,9,2023,23:10,5,1,2,75,75112,2,4,1,1,1
202300046652,9,1,2023,09:10,1,2,6,35,35245,2,3,2,1,2
202300046653,30,9,2023,18:41,1,1,6,75,75111,2,4,2,1,1
202300046653,30,9,2023,18:41,1,1,6,75,75111,2,4,1,1,1
202300046654,8,1,2023,19:00,3,3,6,62,62219,1,3,2,2,2
202300046655,8,1,2023,12:45,1,1,2,51,51531,1,3,2,4,1
202300046656,9,1,2023,15:05,1,4,6,80,80076,1,1,3,1,2
202300046657,7,1,2023,18:00,3,1,3,42,42338,1,3,2,1,1
202300046658,30,9,2023,09:45,1,1,2,75,75111,2,4,2,1,1
202300046658,30,9,2023,09:45,1,1,2,75,75111,2,4,1,1,1
202300046659,18,7,2023,10:20,1,1,3,34,34289,1,4,2,1,1
202300046660,7,1,2023,17:38,5,1,2,31,31044,2,4,2,1,1
202300046661,7,1,2023,22:15,5,1,1,974,97422,2,2,2,2,1
202300046662,8,1,2023,17:10,2,1,6,35,35308,1,3,2,1,2
202300046663,30,9,2023,16:15,1,1,1,75,75107,2,4,2,1,1
202300046663,30,9,2023,16:15,1,1,1,75,75107,2,4,2,2,1
202300046664,8,1,2023,15:00,1,3,6,87,87019,1,1,3,2,2
202300046665,29,9,2023,14:00,1,1,6,75,75101,2,4,2,1,1
202300046666,30,9,2023,17:34,1,1,6,94,94033,2,4,1,1,1
202300046667,9,1,2023,16:20,1,6,3,2B,2B009,1,2,2,1,1
202300046667,9,1,2023,16:20,1,6,3,2B,2B009,1,2,2,1,1
202300046668,21,7,2023,07:45,1,1,3,34,34022,2,2,2,1,1
202300046668,21,7,2023,07:45,1,1,3,34,34022,2,2,-1,-1,-1
202300046669,7,1,2023,13:40,1,1,3,2B,2B143,2,2,2,1,1
202300046670,30,9,2023,17:30,1,1,3,94,94077,2,3,3,2,1
202300046670,30,9,2023,17:30,1,1,3,94,94077,2,3,1,1,1
202300046671,8,1,2023,15:15,1,1,6,30,30225,1,3,2,1,1
202300046672,20,7,2023,07:15,1,1,5,13,13053,1,3,2,1,1
202300046673,30,9,2023,08:15,1,1,6,93,93055,2,3,2,1,1
202300046674,6,1,2023,18:30,3,2,1,57,57559,1,3,2,1,2
202300046675,20,7,2023,17:34,1,1,2,71,71360,1,2,1,1,1