id_accident,jour,mois,annee,heure_minute,luminosite,meteo,type_collision,departement,commune,agglomeration,categorie_route,regime_circulation,profil_route,etat_surface
202300046675,20,7,2023,17:34,1,1,2,71,71360,1,2,2,1,1
202300046676,30,9,2023,19:00,1,1,3,93,93048,2,4,1,1,1
202300046677,20,7,2023,06:10,2,1,3,88,88388,1,3,2,1,1
202300046677,20,7,2023,06:10,2,1,3,88,88388,1,3,2,1,1
202300046678,6,1,2023,16:00,1,1,4,51,51318,1,2,3,1,1
202300046679,30,9,2023,15:45,1,1,3,93,93030,2,3,2,1,1
202300046680,8,1,2023,16:45,1,3,6,19,19036,1,4,2,2,2
202300046681,15,7,2023,10:35,1,1,6,73,73150,1,3,2,2,1
202300046682,9,1,2023,07:30,3,3,2,76,76456,1,3,2,1,2
202300046683,30,9,2023,12:24,1,1,6,93,93030,2,3,2,1,1
202300046684,7,1,2023,17:05,2,2,6,82,82056,1,3,2,1,2
202300046685,14,6,2023,10:15,1,1,3,26,26064,1,3,2,1,1
202300046685,14,6,2023,10:15,1,1,3,26,26064,1,3,-1,1,1
202300046686,30,9,2023,18:30,1,1,6,93,93010,2,3,1,1,1
202300046687,7,1,2023,11:21,1,2,6,61,61168,2,3,3,1,2
202300046688,20,7,2023,08:55,1,1,1,69,69122,1,3,2,2,1
202300046689,9,1,2023,19:00,3,2,4,68,68320,1,3,2,3,2
202300046690,30,9,2023,06:35,5,1,2,93,93010,2,4,2,1,1
202300046691,20,7,2023,04:15,3,1,2,69,69296,1,7,2,1,1
202300046692,9,1,2023,11:13,1,2,1,29,29193,1,3,2,1,2
202300046693,30,9,2023,20:00,5,1,3,93,93007,2,3,2,1,1
202300046693,30,9,2023,20:00,5,1,3,93,93007,2,3,2,1,1
202300046694,21,7,2023,13:35,1,1,4,81,81318,1,2,2,1,1
202300046695,7,1,2023,16:15,1,1,6,14,14520,1,3,2,1,1
202300046696,8,1,2023,17:00,2,4,6,14,14371,1,3,2,2,2
202300046697,30,9,2023,19:00,1,1,1,92,92050,2,3,2,1,1
202300046697,30,9,2023,19:00,1,1,1,92,92050,2,3,2,1,1
202300046698,9,1,2023,13:10,1,4,1,50,50074,1,3,2,2,2
202300046699,6,1,2023,11:15,1,1,6,64,64106,1,6,-1,1,1
202300046700,30,9,2023,06:20,2,1,3,92,92025,2,3,2,1,1
202300046700,30,9,2023,06:20,2,1,3,92,92025,2,3,1,1,1
202300046701,7,6,2023,15:40,1,1,5,33,33494,1,3,2,1,1
202300046702,8,1,2023,06:20,3,1,2,21,21576,1,3,2,2,1
202300046703,1,10,2023,12:40,1,1,6,11,11221,1,3,2,2,1
202300046704,9,5,2023,17:55,1,2,6,33,33238,2,3,2,1,2
202300046704,9,5,2023,17:55,1,2,6,33,33238,2,3,2,1,2
202300046705,9,1,2023,14:05,1,1,2,04,04116,1,3,2,1,1
202300046706,20,7,2023,16:45,1,1,1,76,76475,2,7,2,1,1
202300046706,20,7,2023,16:45,1,1,1,76,76475,2,7,2,1,1
202300046707,1,10,2023,10:30,1,1,2,11,11367,1,3,2,1,1
202300046707,1,10,2023,10:30,1,1,2,11,11367,1,3,2,1,1
202300046708,7,1,2023,06:30,3,1,2,89,89415,1,1,3,1,1
202300046709,19,7,2023,11:50,1,1,6,60,60612,2,4,2,1,1
202300046710,14,7,2023,20:30,1,1,2,33,33162,1,1,3,1,1
202300046711,9,1,2023,12:10,1,2,3,63,63302,1,1,3,1,2
202300046712,20,7,2023,10:35,1,1,2,91,91689,1,1,-1,1,1
202300046713,30,9,2023,13:00,1,1,2,09,09090,1,3,2,1,1
202300046714,9,1,2023,09:55,1,1,2,34,34095,1,1,3,1,1
202300046715,19,7,2023,12:50,1,1,2,92,92050,1,1,2,1,1
202300046716,8,1,2023,21:30,3,2,3,21,21054,1,1,1,1,2
202300046717,30,9,2023,15:45,1,1,3,91,91016,2,3,2,1,1
202300046718,20,7,2023,17:40,1,1,2,77,77121,1,1,-1,1,1
202300046719,9,1,2023,11:00,1,1,1,976,97607,1,2,2,2,1
202300046720,19,7,2023,11:23,1,1,6,94,94017,1,1,3,1,1
202300046721,8,1,2023,14:30,1,1,6,974,97422,1,2,2,2,1
202300046722,8,1,2023,13:15,1,1,6,34,34256,1,7,2,1,1
202300046723,9,2,2023,11:01,1,1,6,74,74208,1,2,1,2,2
202300046724,1,10,2023,04:51,3,1,1,81,81079,1,3,2,1,1
202300046724,1,10,2023,04:51,3,1,1,81,81079,1,3,2,4,1
202300046725,19,7,2023,15:30,1,2,6,972,97209,2,4,1,1,2
202300046726,9,1,2023,07:30,3,1,6,34,34164,1,7,2,1,1
202300046726,9,1,2023,07:30,3,1,6,34,34164,1,7,2,1,1
202300046727,19,7,2023,08:25,1,1,6,76,76540,2,7,2,1,1
202300046727,19,7,2023,08:25,1,1,6,76,76540,2,7,2,1,1
202300046728,1,10,2023,15:30,1,1,6,28,28061,2,3,2,2,1
202300046729,9,1,2023,08:50,1,2,5,33,33051,2,3,2,1,2
202300046730,5,1,2023,02:00,3,2,6,29,29058,1,3,2,2,2
202300046731,19,7,2023,17:36,1,1,3,67,67482,2,4,2,1,1
202300046732,1,10,2023,01:50,3,1,3,12,12127,1,3,2,1,1
202300046733,19,7,2023,06:45,1,1,6,63,63113,2,7,3,1,1
202300046734,4,1,2023,17:15,1,2,6,22,22176,1,3,2,1,2
202300046735,1,10,2023,06:25,2,1,7,38,38194,1,3,2,1,1
202300046736,7,1,2023,08:30,2,8,6,27,27448,2,3,2,2,1
202300046737,19,7,2023,15:40,1,1,6,92,92012,2,3,1,1,1
202300046737,19,7,2023,15:40,1,1,6,92,92012,2,3,2,1,1
202300046738,19,7,2023,18:40,3,1,3,974,97416,1,2,3,1,1
202300046739,1,10,2023,17:20,2,7,6,83,83019,1,3,2,1,1
202300046740,19,7,2023,17:30,1,1,6,69,69388,2,4,1,1,1
202300046741,29,9,2023,11:15,1,1,3,85,85038,1,3,2,1,1
202300046742,8,1,2023,20:00,3,1,6,13,13005,1,1,3,4,2
202300046743,30,9,2023,17:50,1,1,7,83,83130,2,4,1,2,1
202300046744,19,7,2023,09:05,1,1,5,69,69387,2,4,2,1,1
202300046745,7,1,2023,11:30,1,1,2,13,13106,1,1,-1,1,1
202300046746,30,9,2023,17:30,1,7,1,41,41293,1,4,2,1,1
202300046747,12,7,2023,14:25,1,1,2,972,97213,2,2,-1,1,1
202300046748,7,1,2023,17:45,4,1,2,69,69199,1,1,3,1,1
202300046749,18,7,2023,11:00,1,1,2,972,97213,2,4,2,1,1
202300046750,8,1,2023,21:35,3,2,7,91,91136,1,1,1,4,2
202300046751,8,1,2023,12:30,1,1,5,91,91689,1,1,3,2,2
202300046752,17,7,2023,10:30,1,1,5,972,97209,2,3,2,1,1
202300046752,17,7,2023,10:30,1,1,5,972,97209,2,3,2,1,1
202300046753,26,9,2023,08:35,1,1,5,83,83116,1,3,2,1,1
202300046754,7,1,2023,21:30,3,2,2,77,77251,1,1,1,1,2
202300046755,19,7,2023,09:30,1,1,3,971,97113,1,2,2,1,1
202300046756,8,1,2023,10:20,1,1,6,78,78297,1,2,-1,1,2
202300046757,1,10,2023,07:30,2,1,6,19,19176,1,3,2,1,1
202300046758,19,7,2023,09:25,1,1,3,971,97105,2,3,1,3,1
202300046758,19,7,2023,09:25,1,1,3,971,97105,2,3,2,1,1
202300046759,8,1,2023,06:15,3,3,7,78,78090,1,1,3,1,2
202300046760,30,9,2023,15:50,1,1,7,67,67346,2,3,2,1,1
202300046760,30,9,2023,15:50,1,1,7,67,67346,2,3,2,1,1
202300046761,7,1,2023,20:00,3,2,6,93,93053,1,1,3,2,2
202300046762,19,7,2023,23:00,5,1,1,2A,2A004,2,4,-1,1,1
202300046762,19,7,2023,23:00,5,1,1,2A,2A004,2,4,-1,-1,-1
202300046763,8,1,2023,12:20,1,1,6,95,95306,1,1,3,2,1
202300046764,30,9,2023,07:30,2,1,6,76,76380,1,3,2,1,1
202300046765,19,7,2023,12:53,1,1,1,2A,2A004,2,3,2,1,1
202300046766,8,1,2023,10:15,1,8,6,93,93027,1,1,1,3,2
202300046767,1,10,2023,07:15,2,1,6,2A,2A269,1,3,2,1,1
202300046768,19,7,2023,11:10,1,1,3,95,95277,2,4,2,1,1
202300046769,8,1,2023,09:20,1,8,2,93,93078,1,1,3,1,2
202300046770,30,9,2023,18:40,1,7,6,65,65258,2,3,2,1,1
202300046771,19,7,2023,08:00,1,1,1,91,91692,2,4,-1,1,1
202300046772,8,1,2023,06:00,3,2,6,93,93027,1,1,1,3,2
202300046773,7,1,2023,16:40,5,3,6,95,95641,1,1,3,1,2
202300046774,18,7,2023,18:20,1,1,2,89,89354,2,3,2,1,1
202300046775,29,9,2023,15:05,1,7,6,32,32107,2,3,2,1,1
202300046776,13,7,2023,08:35,1,1,6,87,87085,2,4,2,1,1
202300046777,30,9,2023,17:50,1,1,6,71,71484,1,3,2,3,1
202300046778,8,1,2023,12:05,1,1,5,77,77053,1,2,1,2,2
202300046779,8,1,2023,04:05,5,1,2,94,94017,1,1,-1,1,1
202300046780,23,6,2023,19:15,1,1,4,84,84007,2,3,2,1,1
202300046781,30,9,2023,17:05,1,1,6,71,71263,2,4,1,1,1
202300046781,30,9,2023,17:05,1,1,6,71,71263,2,4,2,1,1
202300046782,7,1,2023,13:15,1,1,4,93,93051,1,1,1,1,1
202300046783,6,1,2023,10:45,1,1,2,13,13215,2,4,2,4,1
202300046784,9,9,2023,19:46,2,1,6,71,71263,2,4,2,1,1
202300046785,18,7,2023,07:20,1,1,4,83,83129,2,4,1,1,1
202300046786,6,1,2023,01:47,5,2,6,75,75101,2,4,2,1,2
202300046786,6,1,2023,01:47,5,2,6,75,75101,2,4,2,1,2
202300046787,16,7,2023,15:59,1,9,6,81,81163,2,3,-1,1,-1
202300046787,16,7,2023,15:59,1,9,6,81,81163,2,3,2,1,1
202300046788,1,10,2023,13:40,1,7,3,76,76618,1,3,2,1,1
202300046788,1,10,2023,13:40,1,7,3,76,76618,1,3,2,1,1
202300046789,19,7,2023,18:00,1,1,2,78,78350,2,2,2,1,1
202300046790,5,1,2023,08:35,2,2,6,72,72181,2,4,3,1,2
202300046791,1,10,2023,10:10,1,1,3,55,55181,1,3,2,1,1
202300046792,5,1,2023,08:50,1,1,6,83,83153,2,6,-1,1,1
202300046793,18,7,2023,15:45,1,1,6,76,76351,2,4,2,1,1
202300046794,1,1,2023,00:46,5,1,6,68,68066,2,3,2,1,1
202300046795,30,9,2023,23:07,3,5,6,55,55214,1,3,3,1,2
202300046796,18,7,2023,12:40,1,1,2,72,72181,1,3,3,2,1
202300046797,8,1,2023,00:30,3,9,3,974,97411,1,2,1,1,2
202300046798,18,7,2023,23:40,3,1,7,71,71475,2,4,2,1,9
202300046799,30,9,2023,18:30,2,1,3,49,49160,1,3,2,2,1
202300046799,30,9,2023,18:30,2,1,3,49,49160,1,3,2,2,1
202300046800,18,7,2023,08:30,1,1,3,69,69290,2,4,2,1,1
202300046801,7,1,2023,15:10,1,8,3,69,69387,2,4,1,1,1
202300046802,6,1,2023,13:20,1,1,2,972,97209,2,3,2,1,1
202300046803,19,7,2023,15:35,1,1,1,64,64102,2,4,2,1,1
202300046804,20,9,2023,14:30,1,3,3,34,34028,1,3,2,1,2
202300046805,7,1,2023,12:33,1,1,2,69,69389,2,7,2,2,1
202300046806,18,7,2023,18:20,1,1,2,63,63300,1,3,3,1,1
202300046807,6,1,2023,20:20,5,2,6,971,97113,2,6,-1,2,2
202300046808,1,10,2023,17:20,1,1,6,22,22158,2,3,2,4,1
202300046809,19,7,2023,17:54,1,1,3,63,63032,2,4,1,1,1
202300046809,19,7,2023,17:54,1,1,3,63,63032,2,4,2,2,1
202300046810,6,1,2023,19:30,5,1,6,95,95607,2,3,2,1,1
202300046811,27,6,2023,08:57,1,1,6,59,59279,2,7,-1,4,1
202300046812,1,10,2023,14:45,1,1,6,29,29131,1,4,2,2,1
202300046813,7,1,2023,21:50,5,1,3,83,83129,2,3,1,1,1
202300046813,7,1,2023,21:50,5,1,3,83,83129,2,3,2,1,1
202300046814,19,7,2023,13:00,1,1,6,59,59279,2,7,2,1,1
202300046815,29,9,2023,16:30,1,1,6,29,29173,1,4,2,2,9
202300046816,7,1,2023,13:15,1,2,7,78,78227,1,3,2,1,2
202300046817,19,7,2023,18:30,1,1,3,59,59183,2,3,2,1,1
202300046817,19,7,2023,18:30,1,1,3,59,59183,2,3,2,1,1
202300046818,1,10,2023,11:20,1,1,1,02,02822,1,3,2,1,1
202300046818,1,10,2023,11:20,1,1,1,02,02822,1,3,2,1,1
202300046819,19,7,2023,22:26,5,1,6,57,57463,2,4,2,1,1
202300046820,7,1,2023,19:25,5,1,3,69,69256,2,4,2,1,1
202300046820,7,1,2023,19:25,5,1,3,69,69256,2,4,2,1,1
202300046821,14,7,2023,02:22,5,1,6,56,56098,2,3,2,1,1
202300046822,1,10,2023,10:10,1,1,7,03,03043,1,3,2,2,9
202300046823,7,1,2023,10:30,1,1,2,64,64024,2,4,2,1,1
202300046823,7,1,2023,10:30,1,1,2,64,64024,2,4,2,1,1
202300046824,18,7,2023,22:54,5,1,3,54,54395,2,4,2,2,1
202300046824,18,7,2023,22:54,5,1,3,54,54395,2,4,1,1,1
202300046825,30,9,2023,19:00,2,7,7,03,03002,1,3,2,1,1
202300046826,6,1,2023,17:27,1,1,3,64,64024,2,4,2,1,1
202300046827,18,7,2023,14:50,1,1,1,54,54339,2,4,-1,1,1
202300046828,7,1,2023,14:50,1,3,6,59,59421,2,7,-1,1,2
202300046829,30,9,2023,20:35,3,1,3,01,01179,1,3,2,2,1
202300046829,30,9,2023,20:35,3,1,3,01,01179,1,3,2,2,1
202300046830,18,7,2023,17:00,1,1,6,49,49007,2,4,3,1,1
202300046831,7,1,2023,19:00,5,1,3,59,59350,2,4,3,1,1
202300046831,7,1,2023,19:00,5,1,3,59,59350,2,4,2,1,1
202300046832,19,7,2023,12:00,1,1,3,44,44162,1,2,3,1,1
202300046833,6,1,2023,17:00,2,2,6,59,59431,2,4,2,1,2
202300046834,1,10,2023,08:31,1,7,2,85,85008,1,1,3,1,1
202300046835,7,1,2023,09:55,1,1,6,54,54184,2,4,2,1,1
202300046836,29,9,2023,08:00,1,1,1,14,14554,1,3,2,1,1
202300046837,6,1,2023,17:40,5,1,3,54,54578,2,4,2,1,1
202300046837,6,1,2023,17:40,5,1,3,54,54578,2,4,2,1,1
202300046838,19,7,2023,12:40,1,1,3,42,42044,2,7,2,1,1
202300046838,19,7,2023,12:40,1,1,3,42,42044,2,7,2,1,1
202300046839,7,1,2023,17:41,5,8,6,51,51454,2,4,1,1,2
202300046840,19,7,2023,07:45,1,7,6,38,38185,2,7,3,1,1
202300046841,20,7,2023,02:05,3,1,6,35,35278,1,2,1,2,1
202300046842,1,10,2023,10:45,1,1,7,14,14098,1,3,2,1,1
202300046842,1,10,2023,10:45,1,1,7,14,14098,1,3,2,4,1
202300046843,7,1,2023,09:40,1,1,1,51,51454,2,4,1,1,1
202300046843,7,1,2023,09:40,1,1,1,51,51454,2,4,1,3,1
202300046844,19,7,2023,19:20,1,1,3,35,35115,2,4,2,2,1
202300046844,19,7,2023,19:20,1,1,3,35,35115,2,4,1,2,1
202300046845,1,10,2023,12:30,1,1,1,50,50090,1,3,2,2,1
202300046846,7,1,2023,09:09,1,1,3,49,49007,2,4,2,1,1
202300046846,7,1,2023,09:09,1,1,3,49,49007,2,4,2,1,1
202300046847,6,1,2023,17:45,5,1,6,48,48095,2,3,2,2,1
202300046848,16,6,2023,22:16,2,1,3,35,35115,2,3,2,1,1
202300046849,30,9,2023,20:00,4,1,3,64,64081,2,3,2,2,1
202300046849,30,9,2023,20:00,4,1,3,64,64081,2,3,2,1,9
202300046850,18,7,2023,15:25,1,1,7,34,34032,1,3,1,4,1
202300046851,7,1,2023,06:20,4,1,6,45,45234,2,4,-1,1,1
202300046852,19,7,2023,22:03,5,1,6,31,31555,2,4,2,1,1
202300046853,7,1,2023,14:40,1,8,2,45,45004,2,3,1,2,1
202300046854,30,9,2023,17:05,1,1,4,10,10268,1,3,2,1,1
202300046855,18,7,2023,15:25,1,1,1,29,29051,1,4,2,1,1
202300046856,8,1,2023,01:40,5,2,6,35,35238,2,4,2,1,2
202300046856,8,1,2023,01:40,5,2,6,35,35238,2,4,3,2,2
202300046857,7,1,2023,15:45,1,2,6,35,35051,1,3,3,1,2
202300046858,19,7,2023,21:10,1,1,3,28,28223,1,3,2,2,1
202300046858,19,7,2023,21:10,1,1,3,28,28223,1,3,1,2,1
202300046859,31,7,2023,16:40,1,1,4,36,36010,1,3,2,1,1
202300046860,7,1,2023,03:25,3,1,2,35,35278,1,2,3,1,1
202300046861,19,7,2023,20:15,1,1,1,27,27229,2,4,2,3,1
202300046861,19,7,2023,20:15,1,1,1,27,27229,2,4,1,3,1
202300046862,1,10,2023,11:23,1,1,6,16,16251,1,3,2,2,1
202300046863,7,1,2023,20:20,5,3,3,33,33063,2,4,3,1,2
202300046863,7,1,2023,20:20,5,3,3,33,33063,2,4,3,1,2
202300046864,1,10,2023,15:15,1,1,7,07,07166,1,3,2,1,1
202300046865,19,7,2023,10:25,1,1,6,22,22278,2,4,2,1,1
202300046865,19,7,2023,10:25,1,1,6,22,22278,2,4,2,1,1
202300046866,19,7,2023,03:36,3,1,1,17,17306,2,6,-1,1,1
202300046867,7,1,2023,02:50,5,1,3,33,33063,2,4,1,1,1
202300046867,7,1,2023,02:50,5,1,3,33,33063,2,4,1,1,1
202300046868,30,9,2023,14:00,1,1,3,53,53160,1,3,2,3,1
202300046868,30,9,2023,14:00,1,1,3,53,53160,1,3,2,1,1
202300046869,17,7,2023,12:01,1,1,3,15,15012,2,3,2,1,1
202300046869,17,7,2023,12:01,1,1,3,15,15012,2,3,2,1,1
202300046870,7,1,2023,23:00,5,2,3,33,33529,2,4,2,1,2
202300046870,7,1,2023,23:00,5,2,3,33,33529,2,4,2,1,2
202300046871,30,9,2023,18:45,1,1,6,53,53007,2,4,2,1,1
202300046872,18,7,2023,18:45,1,1,3,06,06155,2,3,2,1,1
202300046872,18,7,2023,18:45,1,1,3,06,06155,2,3,2,1,1
202300046873,7,1,2023,19:20,1,3,3,33,33529,2,4,2,1,2
202300046873,7,1,2023,19:20,1,3,3,33,33529,2,4,2,1,2
202300046874,10,7,2023,17:30,1,1,3,05,05061,2,2,2,2,1
202300046875,30,9,2023,16:00,1,1,3,40,40127,1,3,2,1,1
202300046875,30,9,2023,16:00,1,1,3,40,40127,1,3,-1,-1,-1
202300046876,17,7,2023,19:05,1,1,3,75,75117,2,4,1,1,1
202300046877,1,10,2023,12:00,1,1,3,85,85277,1,4,2,1,1
202300046878,1,10,2023,02:00,5,1,6,27,27428,2,4,1,1,1
202300046879,1,10,2023,11:45,1,1,6,37,37173,1,3,2,1,1
202300046880,19,7,2023,10:45,1,1,5,75,75114,2,4,2,1,1
202300046881,19,7,2023,15:30,1,1,3,75,75119,2,4,1,1,1
202300046881,19,7,2023,15:30,1,1,3,75,75119,2,4,1,1,1
202300046882,30,9,2023,22:15,5,1,1,37,37172,2,3,2,1,1
202300046882,30,9,2023,22:15,5,1,1,37,37172,2,3,2,1,1
202300046883,18,7,2023,18:45,1,1,6,75,75117,2,4,2,2,1
202300046883,18,7,2023,18:45,1,1,6,75,75117,2,4,1,1,1
202300046884,19,7,2023,07:40,1,1,6,75,75115,2,4,1,1,1
202300046884,19,7,2023,07:40,1,1,6,75,75115,2,4,1,1,1
202300046885,30,9,2023,20:45,3,1,3,973,97309,2,3,2,1,1
202300046886,18,7,2023,17:20,1,1,3,75,75114,2,4,1,1,1
202300046886,18,7,2023,17:20,1,1,3,75,75114,2,4,2,1,1
202300046887,30,9,2023,18:20,2,1,6,34,34116,2,3,-1,2,1
202300046888,18,7,2023,06:40,1,1,3,75,75114,2,4,1,1,1
202300046888,18,7,2023,06:40,1,1,3,75,75114,2,4,2,1,1
202300046889,19,7,2023,20:45,2,1,3,75,75111,2,4,2,1,1
202300046890,1,10,2023,14:35,1,1,1,06,06018,1,3,2,2,1
202300046891,1,10,2023,16:45,1,1,7,67,67348,1,3,1,2,1
202300046892,18,7,2023,23:22,5,1,3,75,75110,2,4,1,1,1
202300046892,18,7,2023,23:22,5,1,3,75,75110,2,4,2,1,1
202300046893,30,9,2023,16:30,1,1,3,976,97609,1,3,2,1,1
202300046894,18,7,2023,14:50,1,1,6,75,75110,2,4,1,2,1
202300046894,18,7,2023,14:50,1,1,6,75,75110,2,4,1,1,1
202300046895,1,10,2023,03:00,5,1,6,11,11170,2,3,2,1,1
202300046896,27,8,2023,08:55,1,1,7,45,45269,1,1,3,1,1
202300046897,19,7,2023,07:00,1,1,3,75,75116,2,4,1,2,1
202300046897,19,7,2023,07:00,1,1,3,75,75116,2,4,2,1,1
202300046898,1,10,2023,14:15,1,1,7,13,13087,1,1,3,2,1
202300046899,18,7,2023,10:36,1,1,1,75,75103,2,4,1,1,1
202300046899,18,7,2023,10:36,1,1,1,75,75103,2,4,1,1,1
202300046900,14,7,2023,12:00,1,1,7,94,94081,2,4,2,1,1
202300046901,30,9,2023,22:45,3,1,2,17,17139,1,1,3,1,1
202300046902,18,7,2023,10:30,1,1,6,94,94068,2,3,2,1,1
202300046902,18,7,2023,10:30,1,1,6,94,94068,2,3,1,1,1
202300046903,1,10,2023,11:30,1,1,7,91,91111,1,1,3,2,1
202300046904,17,7,2023,19:30,1,1,1,94,94017,2,4,1,1,1
202300046905,18,7,2023,19:50,1,1,3,94,94016,2,3,2,1,1
202300046906,30,9,2023,02:30,3,1,6,974,97420,1,2,4,1,1
202300046907,29,9,2023,15:00,1,1,1,973,97312,1,2,2,1,1
202300046908,18,7,2023,15:45,1,1,2,94,94016,2,3,-1,1,1
202300046909,19,7,2023,16:28,1,1,6,94,94073,2,9,2,1,1
202300046910,30,9,2023,18:00,1,1,3,77,77382,2,4,1,1,1
202300046911,1,10,2023,09:40,1,1,1,77,77508,1,3,2,1,1
202300046912,19,7,2023,09:25,1,1,4,94,94038,2,4,2,1,1
202300046913,10,6,2023,15:15,1,1,3,94,94021,2,3,3,1,1
202300046914,30,9,2023,13:30,1,1,2,11,11426,1,3,2,1,1
202300046915,19,7,2023,09:50,1,1,2,94,94028,2,2,3,1,1
202300046916,30,9,2023,20:50,5,1,6,83,83047,2,3,1,1,1
202300046917,19,7,2023,21:20,2,1,3,93,93066,2,4,2,1,1
202300046918,1,10,2023,00:45,3,1,6,83,83143,1,3,2,2,1
202300046919,19,7,2023,08:30,1,1,3,93,93001,2,3,2,1,1
202300046919,19,7,2023,08:30,1,1,3,93,93001,2,3,1,1,1
202300046920,30,9,2023,20:05,5,1,6,67,67309,2,7,3,1,1
202300046921,19,7,2023,09:30,1,1,3,93,93051,2,3,1,1,1
202300046921,19,7,2023,09:30,1,1,3,93,93051,2,3,3,1,1
202300046922,1,10,2023,02:26,3,1,6,42,42147,2,3,2,1,1
202300046923,19,7,2023,19:15,2,1,3,93,93048,2,4,1,1,1
202300046923,19,7,2023,19:15,2,1,3,93,93048,2,4,2,1,1
202300046924,18,7,2023,23:20,5,1,1,93,93045,2,3,2,1,1
202300046925,19,7,2023,09:40,1,1,6,93,93010,2,4,2,1,1
202300046925,19,7,2023,09:40,1,1,6,93,93010,2,4,2,1,1
202300046926,19,7,2023,04:05,5,1,3,93,93057,2,3,2,1,1
202300046926,19,7,2023,04:05,5,1,3,93,93057,2,3,2,1,1
202300046927,10,7,2023,12:55,1,1,7,92,92078,2,4,2,1,1
202300046928,19,7,2023,00:40,5,1,6,92,92073,2,4,2,1,1
202300046929,18,7,2023,18:00,1,1,3,92,92073,2,4,-1,1,1
202300046929,18,7,2023,18:00,1,1,3,92,92073,2,4,1,1,1
202300046930,19,7,2023,12:24,1,1,3,92,92077,2,3,2,1,1
202300046931,19,7,2023,19:05,1,1,3,92,92063,2,3,1,1,1
202300046931,19,7,2023,19:05,1,1,3,92,92063,2,3,2,1,1
202300046932,19,7,2023,06:40,1,1,3,92,92051,2,3,3,1,1
202300046932,19,7,2023,06:40,1,1,3,92,92051,2,3,2,1,1
202300046933,18,7,2023,18:15,1,1,3,92,92050,2,3,2,2,1
202300046934,18,7,2023,08:56,1,1,1,92,92050,2,4,2,1,1
202300046935,19,7,2023,14:00,1,1,7,92,92020,2,3,2,2,1
202300046936,19,7,2023,09:30,1,1,3,92,92040,2,4,3,1,1
202300046937,15,7,2023,22:00,5,1,6,92,92025,2,3,2,1,1
202300046938,19,7,2023,18:40,1,1,3,92,92024,2,3,1,1,1
202300046939,17,6,2023,18:45,1,1,3,39,39295,1,3,2,1,1
202300046939,17,6,2023,18:45,1,1,3,39,39295,1,3,2,1,1
202300046940,19,7,2023,00:40,5,1,6,92,92019,2,4,1,2,1
202300046941,19,7,2023,19:00,1,1,7,60,60040,1,3,2,1,1
202300046942,17,6,2023,19:40,1,1,3,39,39154,2,3,2,1,9
202300046942,17,6,2023,19:40,1,1,3,39,39154,2,3,-1,1,1
202300046943,18,7,2023,23:15,3,1,6,40,40296,1,3,2,2,1
202300046944,19,7,2023,14:15,1,1,3,42,42332,2,4,2,1,1
202300046944,19,7,2023,14:15,1,1,3,42,42332,2,4,2,1,1
202300046945,17,6,2023,18:30,1,1,3,44,44069,2,6,-1,1,1
202300046946,17,7,2023,10:40,1,1,6,64,64367,1,4,-1,1,1
202300046947,17,6,2023,06:35,2,1,6,02,02173,2,4,2,1,1
202300046948,3,7,2023,20:30,1,1,6,19,19043,1,3,2,1,1
202300046949,17,6,2023,18:30,1,1,6,01,01457,1,4,2,1,1
202300046950,17,7,2023,08:00,1,1,3,56,56117,2,4,2,1,1
202300046950,17,7,2023,08:00,1,1,3,56,56117,2,4,2,1,1
202300046951,17,6,2023,15:19,1,1,6,66,66053,2,6,-1,2,1
202300046952,19,7,2023,20:03,1,1,3,56,56240,2,3,2,1,1
202300046953,17,6,2023,09:10,1,1,1,54,54200,2,3,2,1,1
202300046953,17,6,2023,09:10,1,1,1,54,54200,2,3,2,1,1
202300046954,19,7,2023,21:45,5,1,6,2B,2B343,2,2,3,1,1
202300046955,17,6,2023,16:10,1,1,1,50,50604,1,3,2,2,1
202300046956,20,7,2023,10:15,1,1,1,11,11392,1,3,2,2,1
202300046957,18,6,2023,06:45,2,1,6,83,83056,2,3,2,1,1
202300046957,18,6,2023,06:45,2,1,6,83,83056,2,3,2,1,1
202300046958,19,7,2023,20:15,2,7,1,46,46213,1,3,2,1,1
202300046958,19,7,2023,20:15,2,7,1,46,46213,1,3,2,1,1
202300046959,17,6,2023,10:00,1,1,1,64,64094,1,3,2,1,1
202300046960,20,7,2023,15:30,1,8,1,44,44128,1,3,2,1,1
202300046961,17,6,2023,19:05,1,1,3,43,43153,1,4,2,1,1
202300046962,13,6,2023,17:15,1,2,6,07,07276,1,3,2,1,2
202300046963,19,7,2023,16:45,1,1,3,29,29035,1,3,2,1,1
202300046964,18,6,2023,06:00,1,1,6,40,40145,2,4,2,1,1
202300046965,19,7,2023,16:22,1,1,3,15,15142,1,3,2,1,1
202300046965,19,7,2023,16:22,1,1,3,15,15142,1,3,2,1,1
202300046966,20,7,2023,09:00,1,1,6,01,01240,1,3,2,1,1
202300046967,17,6,2023,17:30,1,1,1,04,04036,1,3,2,1,1
202300046968,20,7,2023,08:25,1,7,6,70,70176,1,3,2,1,1
202300046969,18,6,2023,11:50,1,1,6,77,77410,1,1,3,1,1
202300046970,20,7,2023,19:10,1,1,6,54,54152,2,3,2,1,1
202300046971,18,6,2023,02:30,3,2,7,49,49188,1,1,3,1,2
202300046972,20,7,2023,12:55,1,1,1,54,54076,2,4,1,1,1
202300046972,20,7,2023,12:55,1,1,1,54,54076,2,4,1,2,1
202300046973,18,6,2023,08:30,1,1,2,79,79355,1,1,3,1,1
202300046974,19,7,2023,18:30,1,1,1,54,54400,1,3,2,1,1