id_accident,jour,mois,annee,heure_minute,luminosite,meteo,type_collision,departement,commune,agglomeration,categorie_route,regime_circulation,profil_route,etat_surface
202300046975,18,6,2023,00:12,3,1,6,68,68278,1,1,3,1,1
202300046976,18,6,2023,13:26,1,1,6,64,64300,1,1,3,1,1
202300046977,17,6,2023,14:40,1,1,7,69,69013,1,1,3,1,1
202300046978,17,6,2023,23:45,5,1,2,69,69118,2,3,2,1,1
202300046978,17,6,2023,23:45,5,1,2,69,69118,2,3,2,1,1
202300046979,13,7,2023,17:20,1,1,6,06,06073,1,7,2,2,1
202300046980,16,6,2023,18:43,5,1,3,971,97104,2,4,-1,1,1
202300046981,17,6,2023,12:30,1,1,7,28,28194,1,3,2,1,1
202300046982,19,7,2023,08:30,2,1,7,09,09327,1,3,2,2,1
202300046983,17,6,2023,15:30,1,1,1,45,45244,1,3,2,1,1
202300046984,18,6,2023,16:30,1,1,1,77,77264,1,3,2,1,1
202300046985,18,6,2023,13:22,1,1,3,91,91103,1,3,1,1,1
202300046986,17,6,2023,20:00,1,1,6,2B,2B301,1,3,2,2,1
202300046987,18,6,2023,08:45,1,1,7,66,66141,1,3,1,2,1
202300046988,16,6,2023,16:40,1,7,3,34,34183,2,3,1,1,1
202300046989,17,6,2023,21:40,3,1,7,84,84132,1,3,2,1,1
202300046990,18,6,2023,13:50,1,1,1,13,13081,1,3,1,2,1
202300046990,18,6,2023,13:50,1,1,1,13,13081,1,3,2,1,1
202300046991,17,6,2023,17:20,1,1,2,13,13086,2,3,-1,1,1
202300046992,16,6,2023,17:10,1,1,4,26,26124,1,1,3,1,1
202300046993,16,6,2023,15:20,1,1,3,68,68329,2,3,2,1,1
202300046994,17,6,2023,16:00,1,1,3,73,73068,1,3,2,1,1
202300046994,17,6,2023,16:00,1,1,3,73,73068,1,3,2,1,1
202300046995,17,6,2023,19:25,2,1,5,38,38110,1,2,2,1,1
202300046995,17,6,2023,19:25,2,1,5,38,38110,1,2,2,1,1
202300046996,17,6,2023,15:00,1,1,6,17,17147,2,3,2,1,1
202300046997,16,6,2023,07:35,1,1,3,33,33539,1,2,2,2,1
202300046997,16,6,2023,07:35,1,1,3,33,33539,1,2,1,1,1
202300046998,17,6,2023,10:40,1,1,7,44,44205,1,4,2,1,1
202300046999,16,6,2023,17:30,1,1,1,27,27016,2,3,2,1,1
202300046999,16,6,2023,17:30,1,1,1,27,27016,2,3,2,1,1
202300047000,18,6,2023,14:50,1,1,7,60,60666,1,3,2,1,1
202300047001,18,6,2023,00:00,3,1,6,60,60446,1,2,2,1,1
202300047002,17,6,2023,12:10,1,1,3,62,62471,2,3,2,2,1
202300047002,17,6,2023,12:10,1,1,3,62,62471,2,3,-1,1,1
202300047003,15,6,2023,20:26,1,1,6,40,40036,1,1,1,1,1
202300047004,16,6,2023,12:24,1,1,1,09,09268,1,3,2,2,1
202300047005,17,6,2023,12:15,1,1,3,974,97415,2,3,2,1,1
202300047006,10,6,2023,06:32,2,1,6,35,35175,2,3,2,1,1
202300047006,10,6,2023,06:32,2,1,6,35,35175,2,3,2,1,1
202300047007,16,6,2023,18:45,1,1,3,22,22172,1,3,2,1,1
202300047007,16,6,2023,18:45,1,1,3,22,22172,1,3,2,1,1
202300047008,17,6,2023,12:42,1,1,6,71,71075,1,3,2,1,1
202300047009,16,6,2023,19:45,1,1,2,95,95052,2,3,2,2,1
202300047009,16,6,2023,19:45,1,1,2,95,95052,2,3,2,1,1
202300047010,16,6,2023,16:45,1,1,3,06,06161,2,3,2,2,1
202300047011,17,6,2023,02:05,3,5,5,29,29181,1,2,3,1,1
202300047012,13,6,2023,17:30,1,1,7,51,51364,1,3,2,2,1
202300047013,17,6,2023,10:20,1,1,1,59,59149,2,3,2,1,1
202300047013,17,6,2023,10:20,1,1,1,59,59149,2,3,2,1,1
202300047014,17,6,2023,11:09,1,1,2,71,71120,2,3,2,2,1
202300047015,16,6,2023,16:45,1,1,1,49,49218,2,3,2,1,1
202300047015,16,6,2023,16:45,1,1,1,49,49218,2,3,2,1,1
202300047016,16,6,2023,10:45,1,1,7,12,12208,2,3,2,1,1
202300047017,16,6,2023,17:45,1,1,2,35,35207,1,3,2,1,1
202300047017,16,6,2023,17:45,1,1,2,35,35207,1,3,2,1,1
202300047018,17,6,2023,08:20,1,1,6,29,29113,1,3,2,1,1
202300047019,16,6,2023,08:40,1,1,3,29,29076,2,3,2,1,1
202300047019,16,6,2023,08:40,1,1,3,29,29076,2,3,2,1,1
202300047020,16,6,2023,22:54,3,1,6,38,38287,2,4,2,1,1
202300047021,15,6,2023,06:40,1,1,6,72,72039,1,3,2,1,1
202300047022,16,6,2023,16:42,1,1,6,50,50639,2,3,1,1,1
202300047023,16,6,2023,18:10,1,1,3,73,73224,1,3,2,2,1
202300047024,16,6,2023,15:18,1,1,7,43,43200,1,3,2,2,9
202300047025,16,6,2023,16:30,1,3,7,53,53010,1,4,2,1,2
202300047026,17,6,2023,05:00,2,1,7,30,30082,1,3,2,1,1
202300047027,17,6,2023,11:39,1,1,6,30,30029,1,3,2,1,1
202300047028,16,6,2023,16:15,1,1,1,69,69244,2,4,2,2,1
202300047029,17,6,2023,08:50,1,1,6,28,28392,1,1,3,2,1
202300047030,15,6,2023,16:45,1,1,3,974,97418,2,4,2,2,1
202300047030,15,6,2023,16:45,1,1,3,974,97418,2,4,2,1,1
202300047031,16,6,2023,18:15,1,1,1,33,33097,2,3,2,1,1
202300047032,16,6,2023,09:50,1,1,6,2B,2B313,2,2,2,1,1
202300047033,16,6,2023,11:20,1,1,3,66,66182,2,4,2,1,1
202300047034,16,6,2023,23:45,4,1,7,83,83047,2,3,3,1,1
202300047035,17,6,2023,09:15,1,1,1,83,83016,1,3,2,1,1
202300047035,17,6,2023,09:15,1,1,1,83,83016,1,3,2,1,1
202300047036,17,6,2023,05:30,1,1,6,71,71590,1,2,3,1,1
202300047037,16,6,2023,21:05,1,1,6,68,68154,2,9,-1,1,1
202300047038,17,6,2023,08:00,1,7,1,55,55336,1,4,2,1,1
202300047039,16,6,2023,11:10,1,1,2,69,69138,1,3,2,2,1
202300047040,13,6,2023,07:55,1,1,3,69,69010,1,2,2,1,2
202300047041,16,6,2023,15:00,1,1,7,09,09334,1,3,2,2,1
202300047042,17,6,2023,06:35,1,1,1,16,16353,1,3,2,1,1
202300047043,5,6,2023,20:00,1,1,7,40,40114,1,3,2,1,1
202300047044,13,6,2023,17:20,1,1,7,85,85019,1,4,2,1,1
202300047045,17,6,2023,00:44,3,1,2,85,85015,1,3,2,1,1
202300047045,17,6,2023,00:44,3,1,2,85,85015,1,3,2,-1,1
202300047046,11,6,2023,10:05,1,1,6,35,35273,2,3,2,2,1
202300047046,11,6,2023,10:05,1,1,6,35,35273,2,3,2,2,1
202300047047,16,6,2023,23:15,3,1,6,27,27624,2,3,2,1,1
202300047048,16,6,2023,18:20,1,1,6,27,27016,2,3,2,1,1
202300047048,16,6,2023,18:20,1,1,6,27,27016,2,3,2,1,1
202300047049,17,6,2023,13:15,1,1,6,80,80110,1,3,2,1,1
202300047049,17,6,2023,13:15,1,1,6,80,80110,1,3,-1,-1,-1
202300047050,17,6,2023,03:30,3,1,3,59,59586,2,3,2,1,1
202300047050,17,6,2023,03:30,3,1,3,59,59586,2,3,2,1,1
202300047051,6,4,2023,23:00,5,1,3,93,93066,2,4,2,1,1
202300047052,15,6,2023,18:40,1,1,6,93,93071,2,4,1,1,1
202300047053,15,6,2023,12:30,1,1,1,93,93066,2,3,2,1,1
202300047054,15,6,2023,10:55,1,1,5,93,93039,2,3,2,1,1
202300047055,15,6,2023,19:00,1,1,1,93,93049,2,3,1,1,1
202300047055,15,6,2023,19:00,1,1,1,93,93049,2,3,3,1,1
202300047056,15,6,2023,15:00,1,1,3,93,93064,2,3,2,1,1
202300047057,7,6,2023,20:20,1,1,3,93,93057,2,4,2,1,1
202300047057,7,6,2023,20:20,1,1,3,93,93057,2,4,1,1,1
202300047058,15,6,2023,20:45,2,1,3,93,93046,2,3,3,1,1
202300047058,15,6,2023,20:45,2,1,3,93,93046,2,3,2,1,1
202300047059,15,6,2023,08:30,1,1,7,93,93074,2,3,2,1,1
202300047060,14,6,2023,17:30,1,1,6,93,93032,2,4,2,2,1
202300047060,14,6,2023,17:30,1,1,6,93,93032,2,4,2,2,1
202300047061,15,6,2023,05:50,1,1,5,93,93031,2,3,3,1,1
202300047062,15,6,2023,13:50,1,7,6,93,93027,2,4,2,1,1
202300047063,16,6,2023,17:15,1,1,1,80,80136,2,4,1,1,1
202300047064,14,6,2023,14:00,1,3,6,83,83058,1,3,2,1,2
202300047065,15,6,2023,20:15,1,1,6,22,22206,2,3,2,1,1
202300047066,14,6,2023,19:45,1,1,2,33,33154,2,4,2,1,1
202300047067,9,6,2023,23:43,4,1,6,33,33225,1,3,2,1,1
202300047068,15,6,2023,06:30,2,1,3,49,49092,1,3,2,1,1
202300047068,15,6,2023,06:30,2,1,3,49,49092,1,3,2,1,1
202300047069,15,6,2023,23:00,3,1,7,42,42003,1,3,2,1,1
202300047070,15,6,2023,09:15,1,1,5,79,79095,2,3,2,1,1
202300047070,15,6,2023,09:15,1,1,5,79,79095,2,3,2,1,1
202300047071,14,6,2023,12:50,1,1,6,85,85153,1,3,2,2,1
202300047072,16,6,2023,16:35,1,1,1,44,44196,1,3,2,1,1
202300047073,15,6,2023,21:00,1,1,7,57,57133,1,3,2,1,1
202300047074,16,6,2023,07:20,1,1,1,51,51550,1,3,2,1,1
202300047075,15,6,2023,14:20,1,1,7,76,76523,1,3,2,2,1
202300047076,16,6,2023,11:35,1,1,4,79,79196,1,3,2,2,1
202300047077,16,6,2023,09:00,1,1,7,80,80695,1,3,2,1,1
202300047078,15,6,2023,21:24,5,1,7,82,82031,2,3,2,1,1
202300047079,13,6,2023,16:00,1,1,3,69,69006,2,3,2,2,1
202300047079,13,6,2023,16:00,1,1,3,69,69006,2,3,2,1,1
202300047080,15,6,2023,13:10,1,1,7,81,81124,2,3,2,2,1
202300047081,16,6,2023,11:25,1,1,2,63,63195,2,4,2,1,1
202300047082,16,6,2023,16:45,1,1,6,61,61121,1,3,2,2,1
202300047083,8,6,2023,09:15,1,1,2,47,47306,1,3,2,2,1
202300047083,8,6,2023,09:15,1,1,2,47,47306,1,3,2,1,1
202300047084,13,6,2023,17:40,1,1,7,47,47222,1,3,2,2,1
202300047085,15,6,2023,22:30,3,1,3,34,34332,1,3,2,3,1
202300047086,16,6,2023,13:30,1,1,1,39,39325,2,3,2,2,1
202300047086,16,6,2023,13:30,1,1,1,39,39325,2,3,2,2,1
202300047087,16,6,2023,05:19,2,1,7,25,25285,1,3,2,1,1
202300047088,16,6,2023,06:45,1,1,6,25,25085,1,3,2,3,1
202300047089,16,6,2023,17:25,1,1,3,44,44169,1,4,2,1,1
202300047089,16,6,2023,17:25,1,1,3,44,44169,1,4,2,1,1
202300047090,15,6,2023,17:30,1,1,2,31,31483,1,4,2,1,1
202300047091,16,6,2023,11:10,1,1,6,02,02321,2,4,1,1,1
202300047092,16,6,2023,12:10,1,1,6,03,03043,1,3,2,1,1
202300047093,14,6,2023,17:40,1,1,3,03,03122,1,4,2,1,1
202300047094,13,6,2023,17:45,1,1,3,01,01246,1,3,2,1,1
202300047094,13,6,2023,17:45,1,1,3,01,01246,1,3,2,1,1
202300047095,20,5,2023,10:00,2,1,1,58,58003,2,4,2,1,1
202300047096,15,6,2023,14:20,1,7,6,66,66049,2,3,2,1,1
202300047097,16,6,2023,00:20,3,1,6,14,14552,2,6,-1,1,1
202300047098,15,6,2023,18:00,1,1,1,60,60509,2,3,2,1,1
202300047099,14,6,2023,20:45,1,1,7,64,64161,1,3,2,1,1
202300047100,16,6,2023,09:15,1,1,6,64,64417,2,3,2,1,1
202300047101,16,6,2023,09:30,1,1,6,73,73109,1,3,2,1,1
202300047102,14,6,2023,14:50,1,7,7,36,36156,1,3,2,1,1
202300047103,16,6,2023,17:45,1,1,1,07,07079,1,3,2,2,1
202300047103,16,6,2023,17:45,1,1,1,07,07079,1,3,2,2,1
202300047104,15,6,2023,12:10,1,1,3,53,53097,2,4,2,1,1
202300047105,15,6,2023,20:20,1,1,6,40,40102,2,3,2,1,1
202300047106,15,6,2023,17:00,1,1,1,24,24252,1,3,2,2,1
202300047106,15,6,2023,17:00,1,1,1,24,24252,1,3,2,1,1
202300047107,15,6,2023,17:40,1,1,1,28,28240,1,3,2,1,1
202300047108,15,6,2023,10:50,1,1,6,37,37152,1,3,2,1,1
202300047109,13,6,2023,18:20,2,1,4,52,52194,2,3,2,1,1
202300047110,16,6,2023,01:45,3,1,7,13,13112,1,3,2,1,1
202300047111,15,6,2023,18:48,1,1,6,42,42256,2,4,2,1,1
202300047112,14,6,2023,18:00,1,1,2,44,44069,2,4,2,1,1
202300047113,28,5,2023,17:00,1,1,3,11,11170,1,3,2,2,1
202300047114,14,6,2023,18:45,1,3,6,30,30258,1,1,3,1,3
202300047115,15,6,2023,20:11,2,1,3,69,69007,1,3,2,1,1
202300047115,15,6,2023,20:11,2,1,3,69,69007,1,3,2,1,1
202300047116,16,6,2023,08:50,1,1,3,974,97421,1,3,2,2,1
202300047117,15,6,2023,00:30,3,1,6,28,28062,1,2,3,1,1
202300047118,15,6,2023,17:45,1,1,3,18,18207,2,3,2,1,1
202300047118,15,6,2023,17:45,1,1,3,18,18207,2,3,2,1,1
202300047119,15,6,2023,16:30,1,1,2,91,91132,1,3,3,1,1
202300047120,15,6,2023,21:20,2,1,5,83,83065,1,3,2,1,1
202300047121,15,6,2023,11:45,1,1,1,13,13022,1,3,2,1,1
202300047122,15,6,2023,13:45,1,1,3,89,89206,1,3,2,1,1
202300047123,15,6,2023,11:12,1,1,2,68,68028,2,3,2,2,1
202300047124,12,6,2023,17:47,1,1,1,67,67492,1,3,2,2,1
202300047125,16,6,2023,05:30,2,1,3,03,03235,1,3,2,1,1
202300047125,16,6,2023,05:30,2,1,3,03,03235,1,3,2,1,1
202300047126,13,6,2023,18:48,1,1,7,01,01211,1,3,2,1,1
202300047126,13,6,2023,18:48,1,1,7,01,01211,1,3,2,2,1
202300047127,16,6,2023,16:50,1,1,3,69,69243,1,2,2,1,1
202300047128,15,6,2023,22:00,2,1,6,44,44179,2,4,-1,1,1
202300047129,15,6,2023,15:24,1,1,6,22,22279,2,4,2,1,1
202300047130,15,6,2023,21:30,1,1,3,60,60589,2,3,2,1,1
202300047131,15,6,2023,19:25,1,1,6,60,60157,2,3,2,1,1
202300047131,15,6,2023,19:25,1,1,6,60,60157,2,3,2,1,1
202300047132,16,6,2023,16:20,1,1,7,60,60411,1,4,2,1,1
202300047133,16,6,2023,18:10,1,1,3,02,02290,1,4,2,1,1
202300047133,16,6,2023,18:10,1,1,3,02,02290,1,4,2,1,1
202300047134,16,6,2023,17:45,1,1,7,80,80386,1,3,2,1,1
202300047135,14,6,2023,13:50,1,1,6,45,45068,2,6,-1,1,1
202300047136,14,6,2023,13:10,1,1,3,75,75111,2,4,-1,1,1
202300047136,14,6,2023,13:10,1,1,3,75,75111,2,4,1,1,1
202300047137,13,6,2023,14:35,1,7,6,57,57606,2,4,2,1,1
202300047138,13,6,2023,22:15,5,1,3,971,97101,1,3,2,1,1
202300047138,13,6,2023,22:15,5,1,3,971,97101,1,3,2,1,1
202300047139,12,6,2023,04:50,5,1,6,92,92073,2,4,2,1,1
202300047140,10,6,2023,15:20,1,1,3,75,75112,2,4,3,1,1
202300047140,10,6,2023,15:20,1,1,3,75,75112,2,4,3,1,1
202300047141,7,4,2023,14:20,1,1,3,93,93070,2,3,2,1,1
202300047142,24,3,2023,23:05,3,1,3,78,78321,1,2,1,2,1
202300047143,14,6,2023,21:15,3,1,6,974,97416,1,2,3,2,1
202300047144,14,6,2023,13:00,1,1,3,974,97416,2,4,-1,1,1
202300047145,14,6,2023,22:40,5,1,3,974,97411,2,2,1,1,1
202300047145,14,6,2023,22:40,5,1,3,974,97411,2,2,1,1,1
202300047146,14,6,2023,07:17,1,2,6,973,97302,2,4,2,1,2
202300047147,27,10,2023,11:00,1,1,3,13,13051,1,6,1,1,1
202300047148,1,11,2023,16:20,1,8,7,972,97228,2,3,2,2,1
202300047149,26,10,2023,18:55,5,3,1,37,37003,1,3,2,2,2
202300047150,1,11,2023,11:25,1,3,3,77,77005,1,3,1,1,2
202300047151,29,10,2023,18:00,5,1,3,66,66190,2,3,-1,1,1
202300047152,2,11,2023,09:30,1,3,1,84,84019,1,3,2,1,2
202300047153,30,10,2023,07:50,1,1,1,13,13014,2,4,2,1,1
202300047154,30,10,2023,06:00,3,2,3,13,13097,1,2,1,1,2
202300047154,30,10,2023,06:00,3,2,3,13,13097,1,2,2,1,2
202300047155,2,11,2023,10:20,1,2,3,13,13027,1,3,2,1,2
202300047155,2,11,2023,10:20,1,2,3,13,13027,1,3,2,1,2
202300047156,31,10,2023,17:55,5,2,1,68,68154,2,3,1,1,2
202300047156,31,10,2023,17:55,5,2,1,68,68154,2,3,-1,1,2
202300047157,1,11,2023,07:15,2,1,6,31,31249,1,3,2,1,1
202300047158,1,11,2023,20:55,5,2,6,19,19101,2,3,2,2,2
202300047159,2,11,2023,11:00,1,6,6,14,14066,1,3,2,1,2
202300047160,2,11,2023,08:20,2,6,7,22,22262,2,4,2,1,2
202300047161,1,11,2023,05:10,3,1,6,83,83144,1,1,3,1,1
202300047162,29,10,2023,10:25,1,1,2,69,69152,1,7,3,1,1
202300047163,1,11,2023,19:20,4,2,2,33,33039,1,1,3,1,2
202300047164,1,11,2023,17:20,1,2,6,91,91363,1,2,-1,1,2
202300047165,1,11,2023,14:25,1,8,6,91,91617,1,2,-1,1,2
202300047166,1,11,2023,13:05,1,2,2,91,91161,2,1,1,2,2
202300047166,1,11,2023,13:05,1,2,2,91,91161,2,1,2,1,2
202300047167,1,11,2023,12:00,1,2,6,92,92072,1,2,1,2,2
202300047168,1,11,2023,16:35,1,8,5,93,93027,1,1,3,1,2
202300047169,1,11,2023,01:00,3,1,6,93,93006,1,1,3,2,1
202300047170,1,11,2023,01:15,3,3,6,77,77258,1,1,1,1,2
202300047171,19,7,2023,18:35,1,1,7,73,73227,1,3,2,2,1
202300047172,13,6,2023,19:05,1,3,5,38,38544,2,4,2,1,2
202300047172,13,6,2023,19:05,1,3,5,38,38544,2,4,2,1,2
202300047173,1,6,2023,16:00,1,1,6,38,38544,2,4,2,1,1
202300047173,1,6,2023,16:00,1,1,6,38,38544,2,4,2,1,1
202300047174,20,5,2023,22:55,5,3,6,38,38544,2,3,2,2,2
202300047174,20,5,2023,22:55,5,3,6,38,38544,2,3,2,1,2
202300047175,5,1,2023,18:40,3,1,5,38,38484,1,3,2,1,1
202300047176,20,8,2023,19:30,1,1,3,59,59431,1,1,1,2,1
202300047176,20,8,2023,19:30,1,1,3,59,59431,1,1,2,1,1
202300047177,20,8,2023,17:45,1,1,6,35,35281,1,3,2,1,1
202300047177,20,8,2023,17:45,1,1,6,35,35281,1,3,3,1,1
202300047178,30,4,2023,10:50,1,1,6,11,11262,2,4,2,1,1
202300047179,31,10,2023,07:10,1,1,1,976,97611,1,4,2,1,1
202300047180,31,10,2023,06:30,1,1,4,974,97416,1,2,3,2,1
202300047181,31,10,2023,16:10,1,1,3,974,97411,2,2,2,1,1
202300047181,31,10,2023,16:10,1,1,3,974,97411,2,2,2,1,1
202300047182,28,10,2023,00:25,4,1,3,974,97411,2,4,2,2,1
202300047182,28,10,2023,00:25,4,1,3,974,97411,2,4,3,1,1
202300047183,30,10,2023,21:00,3,2,1,972,97213,1,1,2,2,2
202300047184,31,10,2023,16:26,1,1,6,69,69034,2,7,2,1,1
202300047184,31,10,2023,16:26,1,1,6,69,69034,2,7,2,1,1
202300047185,31,10,2023,11:10,1,1,2,2B,2B120,1,2,1,1,1
202300047186,31,10,2023,12:30,1,1,1,971,97101,2,3,2,1,1
202300047187,31,10,2023,15:50,1,1,3,2A,2A004,2,4,2,1,1
202300047187,31,10,2023,15:50,1,1,3,2A,2A004,2,4,2,1,1
202300047188,30,10,2023,17:38,2,1,3,95,95019,2,4,2,1,2
202300047189,31,10,2023,18:25,3,2,5,95,95510,1,2,3,1,2
202300047190,30,10,2023,18:10,2,2,2,91,91326,2,3,3,2,2
202300047191,31,10,2023,08:45,1,2,6,87,87065,1,1,3,2,2
202300047192,27,10,2023,22:26,5,3,1,87,87085,2,4,2,2,2
202300047193,30,10,2023,13:45,1,1,1,85,85194,1,3,2,1,1
202300047194,31,10,2023,18:20,5,1,6,84,84087,2,4,2,1,1
202300047195,28,10,2023,17:34,1,1,3,84,84007,2,4,2,1,1
202300047195,28,10,2023,17:34,1,1,3,84,84007,2,4,2,1,1
202300047196,28,10,2023,19:08,1,1,3,84,84007,2,4,2,1,1
202300047196,28,10,2023,19:08,1,1,3,84,84007,2,4,2,1,1
202300047197,27,10,2023,08:10,1,1,3,84,84007,2,4,3,1,1
202300047197,27,10,2023,08:10,1,1,3,84,84007,2,4,3,1,1
202300047198,31,10,2023,14:30,1,1,3,83,83137,2,4,2,1,1
202300047198,31,10,2023,14:30,1,1,3,83,83137,2,4,2,1,1
202300047199,29,10,2023,11:15,1,1,5,80,80489,2,4,2,1,1
202300047199,29,10,2023,11:15,1,1,5,80,80489,2,4,2,1,1
202300047200,30,10,2023,17:57,2,8,2,79,79329,2,3,2,1,2
202300047201,31,10,2023,21:00,5,2,1,76,76540,2,7,2,2,2
202300047201,31,10,2023,21:00,5,2,1,76,76540,2,7,2,2,2
202300047202,31,10,2023,16:15,1,1,2,76,76322,1,2,3,1,1
202300047203,31,10,2023,14:25,1,2,3,74,74118,2,3,2,1,2
202300047204,1,11,2023,00:28,5,1,3,72,72181,2,4,2,1,1
202300047205,31,10,2023,12:10,1,1,3,72,72181,2,4,2,1,1
202300047206,30,10,2023,20:35,5,1,3,72,72181,2,4,2,1,1
202300047207,30,10,2023,12:40,1,2,3,72,72003,1,4,2,1,2
202300047208,31,10,2023,12:05,1,1,2,71,71118,2,3,1,1,2
202300047209,31,10,2023,20:30,3,1,2,69,69199,1,4,1,2,1
202300047210,30,10,2023,22:20,5,1,3,69,69290,2,7,2,1,2
202300047211,30,10,2023,20:15,3,3,5,67,67482,2,4,3,1,2
202300047212,30,10,2023,19:45,5,3,6,67,67482,2,4,2,1,2
202300047213,30,10,2023,17:15,2,2,3,67,67365,2,4,2,1,2
202300047214,26,10,2023,08:03,2,2,6,67,67462,2,3,4,1,2
202300047214,26,10,2023,08:03,2,2,6,67,67462,2,3,2,1,2
202300047215,31,10,2023,18:00,1,1,3,64,64483,2,3,2,1,1
202300047216,31,10,2023,08:56,1,1,6,61,61006,2,6,-1,1,1
202300047217,31,10,2023,20:30,5,2,6,59,59350,2,7,3,1,2
202300047217,31,10,2023,20:30,5,2,6,59,59350,2,7,3,1,2
202300047218,31,10,2023,18:18,5,2,1,59,59350,2,4,2,1,2
202300047218,31,10,2023,18:18,5,2,1,59,59350,2,4,2,1,2
202300047219,31,10,2023,14:45,1,1,6,59,59636,2,4,2,1,1
202300047219,31,10,2023,14:45,1,1,6,59,59636,2,4,1,1,1
202300047220,30,10,2023,15:30,1,2,1,59,59368,2,4,2,1,2
202300047220,30,10,2023,15:30,1,2,1,59,59368,2,4,1,1,2
202300047221,30,10,2023,16:14,1,3,7,57,57019,2,4,2,3,2
202300047222,29,10,2023,15:20,1,3,7,56,56107,1,3,2,1,2
202300047223,31,10,2023,10:55,1,2,1,54,54395,2,4,2,1,2
202300047223,31,10,2023,10:55,1,2,1,54,54395,2,4,1,1,2
202300047224,30,10,2023,17:15,5,2,2,54,54184,2,4,2,1,2
202300047225,11,5,2023,16:40,1,8,6,92,92024,2,4,-1,1,1
202300047226,12,5,2023,19:50,1,1,3,92,92023,2,4,2,1,1
202300047227,30,10,2023,16:35,1,1,3,54,54439,2,4,2,1,1
202300047227,30,10,2023,16:35,1,1,3,54,54439,2,4,2,1,1
202300047228,11,5,2023,22:46,5,1,6,92,92023,2,3,2,1,1
202300047229,13,5,2023,17:50,1,1,1,68,68112,2,3,2,1,1
202300047230,31,10,2023,18:45,3,2,2,54,54367,1,2,3,1,2
202300047231,30,10,2023,10:30,1,1,6,51,51454,2,4,-1,1,2
202300047232,13,5,2023,16:55,1,1,6,67,67179,1,3,2,2,1
202300047233,30,10,2023,08:39,1,2,3,51,51454,2,4,2,1,2
202300047233,30,10,2023,08:39,1,2,3,51,51454,2,4,2,1,2
202300047234,13,5,2023,12:45,1,1,4,54,54514,1,3,2,1,1
202300047235,30,10,2023,15:40,1,2,6,49,49353,2,3,2,1,2
202300047236,13,5,2023,04:20,3,1,6,22,22389,1,2,3,2,1
202300047237,12,5,2023,19:50,1,2,6,06,06075,1,7,2,1,2
202300047238,30,10,2023,16:16,1,2,2,47,47323,1,9,2,2,2
202300047239,13,5,2023,13:49,1,1,7,60,60320,1,3,2,1,1
202300047240,8,5,2023,15:20,1,1,2,21,21650,1,3,2,2,1
202300047241,31,10,2023,11:35,1,1,3,47,47001,2,3,1,1,1
202300047241,31,10,2023,11:35,1,1,3,47,47001,2,3,2,1,1
202300047242,13,5,2023,17:45,1,1,7,62,62072,1,3,2,2,1
202300047243,13,5,2023,02:00,3,1,3,37,37010,1,1,3,1,1
202300047244,30,10,2023,17:25,1,8,3,47,47001,2,3,2,1,1
202300047244,30,10,2023,17:25,1,8,3,47,47001,2,3,1,1,1
202300047245,13,5,2023,12:00,1,1,3,56,56036,1,3,2,1,1
202300047245,13,5,2023,12:00,1,1,3,56,56036,1,3,2,1,1
202300047246,30,10,2023,14:30,1,1,2,47,47031,2,3,2,1,2
202300047247,12,5,2023,17:45,1,1,6,82,82186,2,3,2,1,1
202300047247,12,5,2023,17:45,1,1,6,82,82186,2,3,2,1,1
202300047248,31,10,2023,20:00,5,8,6,45,45232,2,4,2,1,2
202300047249,9,5,2023,14:10,1,2,1,33,33485,1,3,2,1,2
202300047250,13,5,2023,15:00,1,2,1,69,69248,1,3,2,4,2
202300047251,31,10,2023,18:30,2,8,5,37,37233,2,4,2,1,1
202300047252,12,5,2023,19:50,1,1,1,71,71162,1,3,2,2,1
202300047253,13,5,2023,18:00,1,1,7,25,25104,1,3,2,3,9
202300047254,31,10,2023,15:37,1,1,3,37,37233,2,4,3,1,1
202300047255,13,5,2023,17:00,1,1,6,50,50197,1,3,2,2,1
202300047255,13,5,2023,17:00,1,1,6,50,50197,1,3,2,1,1
202300047256,13,5,2023,20:30,2,2,1,60,60508,2,3,2,1,2
202300047257,31,10,2023,18:50,5,1,3,35,35238,2,4,3,1,2
202300047258,12,5,2023,18:05,1,1,7,36,36182,1,3,2,4,1
202300047259,12,5,2023,13:50,1,3,6,40,40049,1,3,2,1,2
202300047259,12,5,2023,13:50,1,3,6,40,40049,1,3,-1,-1,2
202300047260,12,5,2023,10:55,1,1,6,27,27198,2,6,-1,1,1
202300047261,31,10,2023,15:00,1,1,6,35,35238,2,4,3,1,1
202300047261,31,10,2023,15:00,1,1,6,35,35238,2,4,3,1,1
202300047262,11,5,2023,23:35,3,1,6,30,30179,2,4,-1,1,1
202300047262,11,5,2023,23:35,3,1,6,30,30179,2,4,2,1,1
202300047263,13,5,2023,02:45,3,2,6,48,48009,1,3,2,1,2
202300047264,30,10,2023,16:15,1,3,3,34,34172,2,4,2,1,2
202300047265,12,5,2023,18:30,1,3,6,48,48027,1,3,2,1,2
202300047266,13,5,2023,10:35,1,1,6,08,08367,2,3,2,1,1
202300047267,31,10,2023,22:20,5,1,3,33,33069,2,4,3,1,1
202300047267,31,10,2023,22:20,5,1,3,33,33069,2,4,2,2,1