id_accident,jour,mois,annee,heure_minute,luminosite,meteo,type_collision,departement,commune,agglomeration,categorie_route,regime_circulation,profil_route,etat_surface
202300047268,12,5,2023,16:41,1,1,2,88,88011,2,3,2,1,1
202300047269,31,10,2023,16:40,1,1,3,33,33529,2,4,2,1,1
202300047269,31,10,2023,16:40,1,1,3,33,33529,2,4,2,1,1
202300047270,13,5,2023,08:13,1,1,2,95,95394,2,3,2,2,1
202300047270,13,5,2023,08:13,1,1,2,95,95394,2,3,2,1,1
202300047271,13,5,2023,14:50,1,1,1,95,95604,1,3,3,1,1
202300047272,30,10,2023,16:25,1,1,4,33,33529,1,3,2,1,2
202300047273,13,5,2023,05:25,3,1,4,38,38530,1,1,3,1,1
202300047274,31,10,2023,20:33,3,1,1,29,29019,2,4,-1,1,1
202300047274,31,10,2023,20:33,3,1,1,29,29019,2,4,-1,1,1
202300047275,11,5,2023,22:55,5,1,1,33,33199,2,3,2,1,1
202300047275,11,5,2023,22:55,5,1,1,33,33199,2,3,2,1,1
202300047276,31,10,2023,17:17,1,1,6,29,29019,2,4,2,2,1
202300047277,13,5,2023,06:15,2,1,1,13,13035,1,3,2,1,1
202300047278,30,10,2023,10:45,1,2,1,29,29019,2,4,2,1,2
202300047278,30,10,2023,10:45,1,2,1,29,29019,2,4,2,1,2
202300047279,12,5,2023,08:15,1,1,6,68,68298,2,4,2,1,1
202300047279,12,5,2023,08:15,1,1,6,68,68298,2,4,1,1,1
202300047280,12,5,2023,09:00,1,1,1,67,67300,2,4,2,1,1
202300047281,31,10,2023,21:05,5,1,1,26,26198,2,4,2,1,1
202300047282,13,5,2023,02:36,3,1,2,57,57101,1,3,3,1,1
202300047283,31,10,2023,13:40,1,2,6,25,25056,2,2,3,1,2
202300047284,4,5,2023,08:20,1,1,1,38,38059,2,3,2,2,1
202300047285,31,10,2023,08:25,1,2,3,25,25056,2,3,2,2,2
202300047286,12,5,2023,21:40,3,1,3,69,69047,1,3,2,2,2
202300047287,31,10,2023,10:55,1,1,6,14,14220,2,4,2,1,2
202300047287,31,10,2023,10:55,1,1,6,14,14220,2,4,3,1,2
202300047288,13,5,2023,12:25,1,1,1,60,60619,1,2,1,1,1
202300047289,4,4,2023,03:00,5,1,6,25,25147,2,4,2,1,1
202300047290,31,10,2023,17:50,2,1,6,13,13209,1,3,2,2,1
202300047291,13,5,2023,15:35,1,1,1,60,60462,1,3,1,1,1
202300047292,31,10,2023,17:00,1,1,1,13,13211,2,4,3,1,1
202300047293,5,4,2023,08:58,1,1,3,44,44120,2,7,4,1,1
202300047294,26,10,2023,16:30,1,2,1,13,13210,2,4,2,1,2
202300047295,5,4,2023,17:20,1,1,1,31,31182,2,7,2,1,1
202300047295,5,4,2023,17:20,1,1,1,31,31182,2,7,2,1,1
202300047296,31,10,2023,11:31,1,1,3,13,13005,2,4,2,1,1
202300047297,26,10,2023,18:00,1,1,2,10,10343,2,4,2,1,1
202300047297,26,10,2023,18:00,1,1,2,10,10343,2,4,2,1,1
202300047298,4,4,2023,16:00,1,1,3,02,02714,1,3,2,1,1
202300047299,3,5,2023,17:35,1,1,2,59,59328,1,7,-1,1,1
202300047300,5,4,2023,11:30,1,7,7,15,15231,1,3,2,1,1
202300047301,31,10,2023,09:05,1,1,3,10,10387,2,4,-1,1,2
202300047302,12,5,2023,18:19,1,8,3,78,78297,1,2,-1,1,1
202300047303,5,4,2023,09:25,1,1,6,05,05074,1,4,2,1,1
202300047304,30,10,2023,14:35,1,2,3,10,10343,2,4,2,1,2
202300047304,30,10,2023,14:35,1,2,3,10,10343,2,4,2,1,2
202300047305,12,5,2023,11:10,1,2,5,93,93064,1,1,3,1,2
202300047306,3,4,2023,14:20,1,1,7,73,73278,1,3,2,1,1
202300047307,30,10,2023,07:10,2,2,3,10,10325,2,2,1,1,2
202300047308,12,5,2023,12:10,1,8,3,93,93027,1,1,3,3,2
202300047309,31,10,2023,19:00,5,1,6,07,07281,2,3,2,1,1
202300047310,4,4,2023,17:20,1,1,7,73,73121,2,4,2,1,1
202300047311,12,5,2023,00:20,3,1,2,93,93053,1,1,3,2,1
202300047312,11,5,2023,19:30,1,1,6,42,42044,2,7,2,1,1
202300047313,31,10,2023,15:36,1,1,6,06,06088,2,4,1,1,1
202300047313,31,10,2023,15:36,1,1,6,06,06088,2,4,1,1,1
202300047314,5,4,2023,11:00,1,1,6,40,40197,2,4,-1,1,1
202300047315,11,5,2023,13:06,1,1,6,06,06029,2,4,3,1,1
202300047316,31,10,2023,20:20,5,1,2,06,06069,2,4,2,1,1
202300047317,31,10,2023,12:10,1,1,3,04,04070,2,4,2,1,1
202300047318,5,4,2023,05:55,3,1,1,85,85008,1,3,2,1,1
202300047319,11,5,2023,17:15,1,1,2,13,13056,1,1,1,3,1
202300047320,30,10,2023,17:06,5,3,6,01,01053,2,4,2,1,2
202300047321,10,1,2023,10:40,1,1,6,2A,2A004,2,4,2,1,1
202300047322,5,4,2023,16:50,1,1,6,48,48127,1,3,2,1,1
202300047323,30,10,2023,17:40,2,1,3,75,75112,2,4,1,1,1
202300047324,3,3,2023,18:45,5,1,6,76,76351,2,4,-1,1,1
202300047325,30,10,2023,17:25,2,1,6,75,75119,2,4,1,1,2
202300047325,30,10,2023,17:25,2,1,6,75,75119,2,4,1,1,2
202300047326,26,1,2023,06:10,5,1,1,13,13028,2,4,1,1,1
202300047327,3,4,2023,12:20,1,7,1,08,08243,1,3,2,2,1
202300047328,5,4,2023,15:55,1,1,6,88,88530,1,3,-1,2,1
202300047329,11,5,2023,15:45,1,1,4,974,97416,1,2,3,1,1
202300047330,31,10,2023,15:07,1,8,5,75,75117,2,4,1,1,1
202300047331,11,5,2023,07:10,1,1,6,974,97416,1,4,2,1,1
202300047331,11,5,2023,07:10,1,1,6,974,97416,1,4,2,2,1
202300047332,31,10,2023,12:30,1,8,6,75,75120,2,4,-1,1,1
202300047332,31,10,2023,12:30,1,8,6,75,75120,2,4,2,1,1
202300047333,5,4,2023,11:24,1,1,4,68,68266,1,1,3,1,1
202300047334,11,5,2023,14:40,1,2,7,973,97302,1,2,1,1,2
202300047335,31,10,2023,00:10,5,8,2,75,75120,2,4,1,1,1
202300047335,31,10,2023,00:10,5,8,2,75,75120,2,4,1,1,1
202300047336,5,4,2023,10:45,1,1,2,68,68228,1,1,3,1,1
202300047337,11,5,2023,06:55,1,1,7,972,97213,1,1,1,1,1
202300047338,4,4,2023,15:30,1,1,1,24,24234,1,3,2,2,1
202300047339,10,5,2023,19:30,2,1,4,972,97213,1,1,1,1,1
202300047340,31,10,2023,16:50,1,1,6,75,75119,2,4,1,1,1
202300047340,31,10,2023,16:50,1,1,6,75,75119,2,4,3,2,1
202300047341,2,4,2023,15:45,1,1,7,34,34123,2,4,2,1,1
202300047342,31,10,2023,01:25,5,1,2,75,75119,2,4,-1,1,1
202300047342,31,10,2023,01:25,5,1,2,75,75119,2,4,1,1,1
202300047343,10,5,2023,16:35,1,1,3,69,69389,2,4,1,1,1
202300047343,10,5,2023,16:35,1,1,3,69,69389,2,4,2,1,1
202300047344,3,4,2023,19:45,5,1,6,987,98733,2,2,2,1,1
202300047345,31,10,2023,14:20,1,1,3,75,75116,2,4,1,1,1
202300047345,31,10,2023,14:20,1,1,3,75,75116,2,4,1,1,1
202300047346,11,5,2023,16:04,1,1,3,2A,2A004,2,4,3,1,1
202300047346,11,5,2023,16:04,1,1,3,2A,2A004,2,4,3,1,1
202300047347,31,10,2023,05:51,5,1,3,75,75112,2,4,2,1,1
202300047347,31,10,2023,05:51,5,1,3,75,75112,2,4,1,1,1
202300047348,2,4,2023,19:00,3,1,3,971,97115,1,2,2,1,1
202300047348,2,4,2023,19:00,3,1,3,971,97115,1,2,2,1,1
202300047349,11,5,2023,13:35,1,1,3,2A,2A004,2,2,2,4,1
202300047349,11,5,2023,13:35,1,1,3,2A,2A004,2,2,2,1,1
202300047350,31,10,2023,13:00,1,1,3,75,75111,2,4,2,1,1
202300047350,31,10,2023,13:00,1,1,3,75,75111,2,4,1,1,1
202300047351,11,5,2023,09:20,1,1,2,2A,2A004,2,3,-1,1,1
202300047352,4,4,2023,08:07,1,1,2,77,77474,1,3,2,1,1
202300047353,31,10,2023,14:30,1,8,7,75,75108,2,4,2,1,1
202300047353,31,10,2023,14:30,1,8,7,75,75108,2,4,2,1,1
202300047354,10,5,2023,12:00,1,2,3,95,95555,2,4,2,1,2
202300047355,31,10,2023,14:00,1,1,2,94,94081,2,4,1,1,1
202300047356,29,3,2023,22:20,3,1,2,77,77031,1,3,1,1,1
202300047357,31,10,2023,19:40,5,2,6,94,94068,2,3,2,1,2
202300047357,31,10,2023,19:40,5,2,6,94,94068,2,3,2,1,2
202300047358,11,5,2023,09:35,1,1,2,91,91339,1,3,3,2,1
202300047359,31,10,2023,17:50,5,1,6,94,94068,2,3,2,1,1
202300047360,11,5,2023,12:40,1,1,6,87,87085,2,4,4,2,1
202300047360,11,5,2023,12:40,1,1,6,87,87085,2,4,1,1,1
202300047361,5,4,2023,07:45,1,7,1,77,77211,1,3,4,1,1
202300047361,5,4,2023,07:45,1,7,1,77,77211,1,3,2,1,-1
202300047362,11,5,2023,09:21,1,1,4,87,87085,2,4,2,2,1
202300047363,2,4,2023,18:55,1,1,6,13,13042,1,3,2,2,1
202300047364,30,10,2023,20:30,5,1,3,94,94003,2,3,1,1,1
202300047364,30,10,2023,20:30,5,1,3,94,94003,2,3,1,1,1
202300047365,10,5,2023,15:07,1,1,6,87,87085,2,4,1,1,1
202300047365,10,5,2023,15:07,1,1,6,87,87085,2,4,1,2,1
202300047366,4,4,2023,18:45,1,1,3,51,51250,1,2,2,1,1
202300047367,11,5,2023,16:15,1,1,6,83,83137,2,4,2,2,1
202300047368,27,3,2023,13:15,1,1,6,68,68045,2,4,2,1,1
202300047369,8,5,2023,06:50,1,1,6,80,80021,2,4,4,1,1
202300047370,31,10,2023,18:28,5,2,6,94,94054,2,3,3,1,2
202300047370,31,10,2023,18:28,5,2,6,94,94054,2,3,2,1,2
202300047371,3,5,2023,13:45,1,1,6,80,80021,2,9,-1,1,1
202300047372,5,4,2023,10:48,1,1,3,54,54196,1,3,1,1,1
202300047372,5,4,2023,10:48,1,1,3,54,54196,1,3,1,1,1
202300047373,31,10,2023,20:45,5,2,3,93,93066,2,4,2,1,2
202300047374,4,5,2023,18:15,1,7,1,80,80021,2,4,2,1,1
202300047375,31,10,2023,15:00,1,8,3,93,93066,2,3,3,1,1
202300047375,31,10,2023,15:00,1,8,3,93,93066,2,3,1,1,1
202300047376,4,4,2023,16:25,1,1,2,72,72378,1,3,2,1,1
202300047377,4,5,2023,16:05,1,1,3,80,80021,2,3,2,1,1
202300047377,4,5,2023,16:05,1,1,3,80,80021,2,3,1,1,1
202300047378,31,10,2023,15:30,1,1,3,93,93055,2,3,2,1,1
202300047379,4,4,2023,19:00,1,1,1,44,44103,1,4,-1,2,1
202300047380,26,10,2023,21:30,5,3,6,93,93010,2,3,2,2,2
202300047381,4,4,2023,19:00,1,7,3,60,60170,1,3,2,2,1
202300047382,21,10,2023,18:55,5,2,3,93,93051,2,4,2,1,2
202300047382,21,10,2023,18:55,5,2,3,93,93051,2,4,2,1,2
202300047383,11,5,2023,10:14,1,1,2,77,77058,2,3,-1,1,1
202300047384,31,10,2023,19:50,5,8,6,93,93007,2,4,2,1,2
202300047385,11,5,2023,16:45,1,1,6,76,76484,1,7,3,1,1
202300047386,11,5,2023,16:05,1,1,3,74,74010,2,4,1,1,1
202300047387,31,10,2023,06:55,2,1,3,92,92073,2,3,2,1,2
202300047387,31,10,2023,06:55,2,1,3,92,92073,2,3,1,2,2
202300047388,3,4,2023,15:20,1,1,4,13,13081,1,1,1,1,1
202300047389,10,5,2023,17:34,1,2,6,72,72181,2,4,-1,2,2
202300047390,30,10,2023,13:38,1,2,2,92,92024,2,3,2,1,2
202300047391,30,3,2023,16:40,1,1,3,69,69259,1,7,3,1,1
202300047392,31,10,2023,23:00,3,1,3,92,92012,2,3,2,1,1
202300047393,11,5,2023,19:00,1,1,1,67,67482,2,4,2,1,2
202300047394,31,10,2023,11:00,1,2,7,22,22372,1,4,2,1,2
202300047395,10,5,2023,15:15,1,2,6,67,67218,2,4,2,1,2
202300047396,4,4,2023,17:40,1,1,4,91,91689,1,1,-1,1,1
202300047397,1,11,2023,15:50,2,1,6,41,41194,2,4,2,1,2
202300047398,9,5,2023,12:23,1,1,6,66,66136,2,4,2,1,1
202300047399,1,11,2023,11:25,1,2,7,43,43138,1,3,2,1,2
202300047400,4,4,2023,08:40,1,1,3,91,91340,1,2,1,1,1
202300047401,9,5,2023,08:31,1,1,6,66,66136,2,4,2,1,1
202300047402,19,10,2023,08:26,1,1,6,43,43038,2,2,2,1,1
202300047403,4,4,2023,14:00,1,1,2,78,78571,1,1,3,1,1
202300047404,22,10,2023,19:15,3,1,7,13,13078,2,4,2,1,1
202300047405,7,5,2023,08:50,1,1,6,66,66136,2,6,-1,4,1
202300047406,4,4,2023,12:40,1,1,5,92,92036,1,1,-1,1,1
202300047407,11,5,2023,12:05,1,1,3,65,65226,2,3,2,1,1
202300047408,4,4,2023,18:10,1,1,2,95,95351,1,2,3,1,1
202300047409,11,5,2023,20:50,2,2,7,64,64545,2,3,2,2,2
202300047410,27,10,2023,22:00,5,1,3,83,83086,1,3,2,1,1
202300047411,4,4,2023,17:15,1,1,2,93,93064,1,1,3,1,1
202300047412,1,11,2023,00:10,3,1,6,72,72058,1,3,3,1,1
202300047413,10,5,2023,12:03,1,1,6,64,64102,2,4,2,1,1
202300047414,4,4,2023,15:20,1,1,2,95,95572,1,1,3,2,1
202300047415,11,5,2023,18:22,1,1,1,61,61001,2,3,2,1,1
202300047416,1,11,2023,08:45,1,1,3,83,83054,2,4,2,1,1
202300047416,1,11,2023,08:45,1,1,3,83,83054,2,4,1,1,1
202300047417,4,4,2023,11:15,1,1,2,95,95151,1,2,3,1,1
202300047418,11,5,2023,17:35,1,1,3,60,60175,2,4,2,1,1
202300047419,31,10,2023,13:25,1,1,1,40,40062,1,3,2,1,1
202300047420,1,11,2023,09:00,1,1,6,2A,2A330,1,2,2,2,1
202300047421,3,4,2023,19:45,1,1,2,93,93027,1,1,3,1,1
202300047422,11,5,2023,02:00,5,1,3,59,59350,2,7,1,1,1
202300047422,11,5,2023,02:00,5,1,3,59,59350,2,7,2,1,1
202300047423,3,4,2023,19:45,1,1,2,93,93064,1,1,3,1,1
202300047424,18,10,2023,05:00,3,2,6,33,33394,2,3,2,1,2
202300047425,3,4,2023,18:40,1,1,2,93,93010,1,1,3,1,1
202300047426,10,5,2023,16:30,1,1,6,55,55043,2,4,2,1,1
202300047427,3,4,2023,16:15,1,1,6,93,93006,1,1,3,1,1
202300047428,19,10,2023,11:40,1,2,3,32,32429,1,3,2,3,2
202300047428,19,10,2023,11:40,1,2,3,32,32429,1,3,2,1,2
202300047429,3,4,2023,06:40,2,1,3,93,93066,1,1,3,1,1
202300047430,1,11,2023,03:15,3,1,6,55,55012,1,3,2,1,1
202300047431,6,5,2023,16:07,1,8,7,54,54167,1,3,1,1,1
202300047432,3,4,2023,19:40,1,1,6,78,78440,2,3,1,1,1
202300047433,3,4,2023,15:25,1,1,6,44,44162,2,4,1,1,1
202300047434,10,5,2023,07:40,1,1,1,54,54395,2,4,2,1,1
202300047434,10,5,2023,07:40,1,1,1,54,54395,2,4,2,1,1
202300047435,3,4,2023,08:30,1,2,3,976,97611,2,4,-1,1,3
202300047436,31,10,2023,15:55,1,1,6,12,12145,1,3,3,1,1
202300047437,2,4,2023,07:55,1,1,6,974,97411,2,4,1,1,1
202300047438,3,4,2023,19:50,1,1,6,69,69386,2,4,2,1,1
202300047439,11,5,2023,12:18,1,1,7,49,49007,2,4,2,1,2
202300047440,3,4,2023,08:30,1,1,2,69,69382,2,4,2,1,1
202300047440,3,4,2023,08:30,1,1,2,69,69382,2,4,1,1,1
202300047441,31,10,2023,16:55,1,1,1,38,38406,1,3,2,2,1
202300047442,31,10,2023,18:51,3,1,6,03,03217,1,3,2,2,1
202300047443,1,4,2023,05:07,3,1,1,971,97101,1,2,-1,1,1
202300047444,3,4,2023,18:00,1,1,3,91,91097,2,4,2,2,1
202300047445,31,3,2023,16:20,1,2,6,91,91228,2,4,1,1,2
202300047446,10,5,2023,13:25,1,1,1,49,49007,2,4,2,1,1
202300047447,31,10,2023,14:00,1,1,1,70,70228,1,3,3,2,2
202300047448,30,3,2023,11:50,1,1,3,91,91228,1,3,2,1,1
202300047449,10,5,2023,09:21,1,8,7,49,49015,1,3,2,1,1
202300047450,31,10,2023,21:30,5,1,6,66,66008,2,3,2,1,1
202300047450,31,10,2023,21:30,5,1,6,66,66008,2,3,2,1,1
202300047451,2,4,2023,12:25,1,2,7,87,87085,2,4,2,1,2
202300047452,3,4,2023,15:30,1,1,6,78,78551,2,3,1,1,1
202300047453,1,11,2023,03:00,3,2,6,14,14102,1,3,2,2,2
202300047454,11,5,2023,16:20,1,1,2,45,45147,2,4,2,1,1
202300047455,31,10,2023,14:00,1,1,1,43,43141,2,3,2,2,1
202300047455,31,10,2023,14:00,1,1,1,43,43141,2,3,1,1,1
202300047456,1,11,2023,18:30,3,2,6,36,36149,1,4,2,1,2
202300047457,10,5,2023,16:40,1,1,2,45,45234,2,4,1,1,2
202300047457,10,5,2023,16:40,1,1,2,45,45234,2,4,1,1,2
202300047458,1,11,2023,11:30,1,2,7,24,24376,1,3,2,1,2
202300047459,31,3,2023,13:36,1,1,6,76,76351,2,4,2,1,2
202300047459,31,3,2023,13:36,1,1,6,76,76351,2,4,2,1,2
202300047460,31,10,2023,08:40,1,7,3,27,27218,1,4,2,1,2
202300047461,1,4,2023,01:25,5,3,6,76,76552,2,3,2,1,2
202300047461,1,4,2023,01:25,5,3,6,76,76552,2,3,2,2,2
202300047462,11,5,2023,12:30,1,1,3,37,37261,2,4,2,1,2
202300047463,1,11,2023,07:00,3,2,6,28,28352,1,3,2,1,2
202300047464,3,4,2023,18:55,1,1,3,73,73008,2,3,2,1,1
202300047464,3,4,2023,18:55,1,1,3,73,73008,2,3,2,1,1
202300047465,11,5,2023,10:25,1,1,6,37,37261,2,4,1,1,2
202300047466,1,11,2023,08:20,1,1,7,30,30083,1,3,2,1,1
202300047467,3,4,2023,21:35,5,1,6,69,69275,2,7,1,1,1
202300047468,1,11,2023,19:30,3,2,7,52,52444,1,3,2,1,2
202300047469,3,4,2023,20:00,1,1,1,69,69256,2,4,2,1,1
202300047470,10,5,2023,16:15,1,3,3,37,37233,2,4,2,1,2
202300047471,3,4,2023,07:10,1,2,3,69,69286,2,4,2,1,2
202300047471,3,4,2023,07:10,1,2,3,69,69286,2,4,2,1,2
202300047472,30,10,2023,08:35,1,3,2,80,80793,1,1,3,1,2
202300047473,11,5,2023,22:12,5,1,6,35,35238,2,4,2,1,1
202300047474,31,10,2023,21:40,3,1,7,34,34320,1,3,2,1,1
202300047475,3,4,2023,12:30,1,1,3,69,69264,2,4,2,1,1
202300047476,2,4,2023,18:00,1,1,6,67,67482,2,4,2,1,1
202300047477,27,10,2023,13:00,1,1,1,69,69244,2,7,2,1,1
202300047477,27,10,2023,13:00,1,1,1,69,69244,2,7,2,1,1
202300047478,11,5,2023,19:00,1,1,4,35,35238,1,2,3,1,1
202300047479,31,3,2023,21:50,5,1,7,67,67482,2,4,1,1,1
202300047480,31,10,2023,15:00,1,1,2,39,39270,1,1,3,1,1
202300047481,14,3,2023,23:30,5,1,6,63,63113,2,4,2,2,1
202300047482,11,5,2023,04:40,5,1,3,35,35281,2,4,2,1,2
202300047482,11,5,2023,04:40,5,1,3,35,35281,2,4,2,1,2
202300047483,27,10,2023,07:20,1,2,1,987,98736,1,2,2,1,2
202300047484,1,4,2023,04:20,3,1,7,58,58194,2,4,1,1,1
202300047484,1,4,2023,04:20,3,1,7,58,58194,2,4,2,1,1
202300047485,1,11,2023,01:55,5,1,6,06,06088,1,1,3,1,1
202300047486,30,3,2023,13:00,1,1,6,52,52448,2,4,2,1,1
202300047487,11,5,2023,04:10,5,1,2,35,35051,1,3,1,1,1
202300047488,31,3,2023,08:29,1,1,7,49,49007,2,4,1,1,1
202300047489,31,10,2023,21:05,3,8,2,51,51305,1,1,3,3,2
202300047490,11,5,2023,09:50,1,1,3,33,33063,2,4,1,1,1
202300047490,11,5,2023,09:50,1,1,3,33,33063,2,4,1,1,1
202300047491,2,4,2023,16:13,1,1,7,49,49007,1,3,3,1,1
202300047492,31,10,2023,17:30,1,1,3,30,30185,1,1,3,1,1
202300047493,9,5,2023,16:30,1,1,3,33,33069,2,4,2,1,1
202300047494,1,4,2023,15:10,1,1,1,46,46042,1,3,2,1,1
202300047495,29,10,2023,19:15,3,1,2,30,30036,1,1,3,1,1
202300047496,11,5,2023,12:45,1,1,1,31,31555,2,4,2,1,1
202300047497,3,4,2023,18:00,1,1,3,45,45285,2,4,3,1,1
202300047498,31,10,2023,11:30,1,1,3,987,98729,1,2,2,1,1
202300047499,24,4,2023,15:00,1,1,6,42,42095,2,4,1,1,1
202300047500,11,5,2023,06:10,3,1,3,31,31555,2,4,3,1,1
202300047501,31,10,2023,18:00,2,1,1,971,97104,2,4,2,4,1
202300047502,3,4,2023,19:45,1,1,3,35,35238,2,4,1,1,1
202300047502,3,4,2023,19:45,1,1,3,35,35238,2,4,2,1,1
202300047503,3,4,2023,12:25,1,1,6,35,35051,1,2,1,1,1
202300047504,11,5,2023,20:10,1,1,6,30,30028,2,4,2,1,1
202300047504,11,5,2023,20:10,1,1,6,30,30028,2,4,2,2,1
202300047505,31,10,2023,14:00,1,1,6,37,37072,2,3,3,2,1
202300047506,1,11,2023,09:15,1,8,7,95,95120,2,3,2,1,1
202300047506,1,11,2023,09:15,1,8,7,95,95120,2,3,2,1,1
202300047507,5,12,2023,14:15,1,2,3,75,75111,2,4,2,1,2
202300047507,5,12,2023,14:15,1,2,3,75,75111,2,4,1,1,2
202300047508,3,4,2023,09:35,1,1,3,35,35238,2,4,3,1,1
202300047508,3,4,2023,09:35,1,1,3,35,35238,2,4,3,1,1
202300047509,31,10,2023,16:15,1,1,3,84,84141,2,4,-1,1,1
202300047509,31,10,2023,16:15,1,1,3,84,84141,2,4,2,1,1
202300047510,20,8,2023,01:25,5,1,2,69,69149,2,7,2,1,1
202300047511,5,12,2023,18:00,5,1,3,75,75110,2,4,1,1,2
202300047511,5,12,2023,18:00,5,1,3,75,75110,2,4,2,1,2
202300047512,11,5,2023,15:50,1,1,6,28,28085,2,4,1,1,1
202300047513,19,8,2023,05:15,2,1,7,971,97113,1,2,2,1,1
202300047514,3,4,2023,20:00,1,1,3,33,33167,2,4,-1,1,1
202300047514,3,4,2023,20:00,1,1,3,33,33167,2,4,1,1,1
202300047515,10,5,2023,18:20,1,1,3,27,27351,2,4,4,1,1
202300047516,4,12,2023,16:20,5,2,2,75,75108,2,4,1,1,2
202300047516,4,12,2023,16:20,5,2,2,75,75108,2,4,1,2,2
202300047517,28,8,2023,14:55,1,2,3,2A,2A004,2,3,2,2,2
202300047517,28,8,2023,14:55,1,2,3,2A,2A004,2,3,1,1,2
202300047518,24,10,2023,15:30,1,1,5,83,83023,1,3,2,1,1
202300047518,24,10,2023,15:30,1,1,5,83,83023,1,3,2,1,1
202300047519,3,4,2023,12:05,1,1,3,33,33063,2,4,2,1,1
202300047519,3,4,2023,12:05,1,1,3,33,33063,2,4,2,1,1
202300047520,11,5,2023,16:50,1,1,1,26,26058,2,4,1,1,1
202300047521,28,8,2023,08:00,1,1,6,95,95427,2,3,2,1,1
202300047522,3,12,2023,20:40,5,1,3,94,94081,2,3,2,1,1
202300047523,31,10,2023,11:20,1,3,1,70,70310,2,3,2,1,2
202300047524,5,12,2023,19:07,3,1,6,94,94078,2,2,2,1,1
202300047525,22,8,2023,21:40,5,1,6,91,91377,2,4,2,1,1
202300047526,10,5,2023,17:10,1,1,3,26,26198,1,2,2,1,1
202300047527,3,4,2023,12:15,1,1,3,29,29232,2,4,1,1,1
202300047528,31,10,2023,19:10,5,1,3,01,01405,1,3,2,1,1
202300047528,31,10,2023,19:10,5,1,3,01,01405,1,3,2,1,1
202300047529,20,8,2023,04:30,5,1,6,91,91691,2,4,-1,2,1
202300047530,5,12,2023,12:40,1,3,3,94,94044,2,3,2,1,2
202300047531,3,4,2023,07:55,1,1,3,28,28134,2,4,2,1,1
202300047532,29,10,2023,19:30,3,1,1,69,69228,1,3,2,2,1
202300047533,28,8,2023,13:20,1,2,2,91,91326,2,3,3,3,2
202300047534,6,5,2023,16:00,1,1,3,13,13054,2,4,2,1,1
202300047534,6,5,2023,16:00,1,1,3,13,13054,2,4,2,1,1
202300047535,1,11,2023,07:30,2,2,6,31,31324,2,3,2,1,2
202300047536,28,8,2023,04:00,5,2,7,91,91687,2,3,3,1,2
202300047537,4,12,2023,07:40,5,3,6,94,94058,2,3,2,1,2
202300047537,4,12,2023,07:40,5,3,6,94,94058,2,3,1,1,2
202300047538,3,4,2023,07:10,2,1,2,25,25056,2,4,-1,2,2
202300047539,11,5,2023,21:35,5,1,3,13,13207,2,4,2,1,1
202300047540,1,11,2023,19:00,3,2,3,19,19061,1,3,2,1,2
202300047541,5,12,2023,18:15,5,1,6,94,94046,2,4,2,1,1
202300047542,26,8,2023,17:10,1,1,6,83,83137,2,4,2,2,1
202300047543,31,3,2023,11:46,1,3,3,18,18205,2,3,2,1,2
202300047544,11,5,2023,20:20,1,1,1,13,13203,2,4,1,1,1
202300047545,31,10,2023,22:20,3,2,6,85,85016,1,3,2,2,2
202300047546,5,12,2023,15:20,1,1,3,94,94043,2,3,2,1,1
202300047547,24,8,2023,16:50,1,1,3,80,80001,2,4,2,1,1
202300047548,3,4,2023,12:30,1,1,3,17,17415,2,4,-1,1,1
202300047548,3,4,2023,12:30,1,1,3,17,17415,2,4,2,1,1
202300047549,5,12,2023,19:22,5,1,2,94,94003,2,3,3,1,1
202300047550,11,5,2023,16:00,1,1,2,13,13209,2,4,1,1,1
202300047551,28,8,2023,22:35,5,1,7,78,78172,2,4,1,1,1
202300047551,28,8,2023,22:35,5,1,7,78,78172,2,4,2,1,1
202300047552,3,4,2023,18:30,1,1,3,13,13071,2,4,2,1,1
202300047553,11,5,2023,12:20,1,1,6,13,13215,2,4,2,1,1
202300047554,5,12,2023,17:50,5,8,1,94,94069,2,3,2,1,1
202300047554,5,12,2023,17:50,5,8,1,94,94069,2,3,1,4,1
202300047555,1,11,2023,00:15,5,2,6,02,02684,2,3,2,1,2
202300047556,3,4,2023,19:20,1,1,3,13,13056,2,4,2,1,1
202300047557,10,5,2023,16:30,1,1,3,13,13210,2,4,3,1,1
202300047558,3,12,2023,19:20,5,1,3,94,94028,2,4,1,1,1
202300047558,3,12,2023,19:20,5,1,3,94,94028,2,4,2,1,1
202300047559,3,4,2023,08:30,1,1,3,13,13215,2,4,-1,2,1
202300047560,10,5,2023,14:00,1,1,3,13,13206,2,4,1,2,1
202300047560,10,5,2023,14:00,1,1,3,13,13206,2,4,2,1,1
202300047561,5,12,2023,09:00,1,2,2,94,94017,2,3,2,1,2
202300047561,5,12,2023,09:00,1,2,2,94,94017,2,3,2,1,2
202300047562,28,8,2023,09:30,1,1,6,76,76575,2,4,2,1,1
202300047563,3,4,2023,11:25,1,1,6,13,13005,2,4,2,1,1
202300047564,5,12,2023,21:40,5,2,3,93,93070,2,3,3,1,2
202300047565,10,5,2023,10:00,1,1,3,13,13201,2,4,1,1,1
202300047566,2,4,2023,12:41,1,2,3,10,10387,2,4,2,1,2
202300047567,24,8,2023,22:08,5,1,6,76,76351,2,4,1,2,1
202300047568,5,12,2023,20:06,5,1,2,93,93070,2,3,2,1,2
202300047569,10,5,2023,02:15,5,2,1,13,13203,1,1,1,1,2