id_accident,jour,mois,annee,heure_minute,luminosite,meteo,type_collision,departement,commune,agglomeration,categorie_route,regime_circulation,profil_route,etat_surface
202300047570,5,12,2023,08:10,5,2,3,93,93077,2,4,2,2,2
202300047571,31,10,2023,18:33,5,1,3,13,13211,2,1,1,1,1
202300047572,11,5,2023,08:30,1,1,3,13,13001,2,4,2,2,1
202300047572,11,5,2023,08:30,1,1,3,13,13001,2,4,2,2,1
202300047573,11,5,2023,12:20,1,1,7,06,06088,2,4,3,2,1
202300047574,28,8,2023,16:50,1,1,3,71,71540,2,4,-1,1,1
202300047574,28,8,2023,16:50,1,1,3,71,71540,2,4,2,1,1
202300047575,30,10,2023,08:45,1,1,4,13,13214,1,1,1,1,1
202300047576,2,4,2023,17:27,1,1,4,06,06088,2,4,1,2,1
202300047577,11,5,2023,11:45,1,1,3,06,06123,2,4,2,1,1
202300047578,30,10,2023,21:10,3,3,6,13,13071,1,1,1,1,2
202300047579,3,4,2023,22:50,5,1,2,05,05061,2,2,1,1,1
202300047580,28,8,2023,04:50,5,1,3,69,69115,2,3,1,1,1
202300047580,28,8,2023,04:50,5,1,3,69,69115,2,3,2,1,1
202300047581,4,12,2023,16:00,1,2,5,93,93077,2,4,1,1,2
202300047581,4,12,2023,16:00,1,2,5,93,93077,2,4,1,1,2
202300047582,11,5,2023,13:30,1,1,3,01,01451,2,4,2,1,1
202300047582,11,5,2023,13:30,1,1,3,01,01451,2,4,2,1,1
202300047583,3,4,2023,00:20,5,1,2,93,93001,2,3,2,1,1
202300047584,27,8,2023,05:15,5,1,6,68,68066,2,4,2,1,1
202300047584,27,8,2023,05:15,5,1,6,68,68066,2,4,2,1,1
202300047585,3,4,2023,14:05,1,1,3,75,75120,2,4,-1,1,1
202300047586,25,8,2023,18:03,1,1,4,66,66136,2,4,1,1,1
202300047587,2,4,2023,08:05,1,2,5,75,75114,2,4,1,1,2
202300047588,11,5,2023,17:45,1,1,3,75,75119,2,4,2,1,1
202300047589,25,8,2023,08:00,1,1,3,66,66136,1,4,3,1,1
202300047589,25,8,2023,08:00,1,1,3,66,66136,1,4,2,1,1
202300047590,11,5,2023,12:15,1,1,6,75,75119,2,4,4,2,1
202300047590,11,5,2023,12:15,1,1,6,75,75119,2,4,-1,1,1
202300047591,3,4,2023,17:10,1,1,6,75,75120,2,4,-1,1,1
202300047591,3,4,2023,17:10,1,1,6,75,75120,2,4,2,1,1
202300047592,5,12,2023,09:10,1,2,6,93,93050,2,3,2,1,2
202300047592,5,12,2023,09:10,1,2,6,93,93050,2,3,3,1,2
202300047593,27,8,2023,09:58,1,2,7,64,64102,2,3,3,2,2
202300047594,3,4,2023,16:05,1,1,6,75,75120,2,4,2,1,1
202300047594,3,4,2023,16:05,1,1,6,75,75120,2,4,1,1,1
202300047595,11,5,2023,11:00,1,1,3,75,75117,2,4,-1,1,1
202300047595,11,5,2023,11:00,1,1,3,75,75117,2,4,2,1,1
202300047596,3,4,2023,16:50,1,1,1,75,75119,2,4,2,1,1
202300047597,5,12,2023,09:15,1,2,3,93,93014,2,4,3,1,2
202300047598,3,4,2023,17:10,1,1,2,75,75117,2,4,2,1,1
202300047599,11,5,2023,17:40,1,1,3,75,75116,2,4,-1,1,1
202300047600,28,8,2023,14:45,1,1,3,59,59508,2,7,2,1,1
202300047601,5,12,2023,21:20,5,8,6,92,92046,2,3,2,1,2
202300047601,5,12,2023,21:20,5,8,6,92,92046,2,3,-1,1,2
202300047602,3,4,2023,12:50,1,1,6,75,75117,2,4,-1,1,1
202300047602,3,4,2023,12:50,1,1,6,75,75117,2,4,1,1,1
202300047603,28,8,2023,07:45,1,1,3,57,57672,2,4,2,1,1
202300047604,11,5,2023,11:00,1,8,3,75,75116,2,4,2,1,1
202300047605,3,4,2023,19:10,1,1,6,75,75112,2,4,1,1,1
202300047605,3,4,2023,19:10,1,1,6,75,75112,2,4,2,1,1
202300047606,5,12,2023,17:20,5,2,3,92,92036,2,4,2,1,2
202300047607,3,4,2023,07:28,1,1,2,75,75107,2,4,2,1,1
202300047608,30,11,2023,15:50,1,1,3,92,92036,2,3,2,1,1
202300047609,10,5,2023,20:45,3,1,2,75,75116,2,4,1,1,2
202300047609,10,5,2023,20:45,3,1,2,75,75116,2,4,2,1,2
202300047610,26,8,2023,15:35,1,1,4,56,56260,1,2,3,1,1
202300047611,2,12,2023,14:45,1,1,2,92,92004,2,3,-1,1,1
202300047611,2,12,2023,14:45,1,1,2,92,92004,2,3,-1,1,1
202300047612,3,4,2023,12:20,1,1,6,75,75104,2,4,1,1,1
202300047612,3,4,2023,12:20,1,1,6,75,75104,2,4,1,1,1
202300047613,28,8,2023,16:20,1,1,6,56,56083,2,3,2,1,1
202300047613,28,8,2023,16:20,1,1,6,56,56083,2,3,2,1,1
202300047614,11,5,2023,12:35,1,1,6,75,75115,2,4,-1,1,1
202300047614,11,5,2023,12:35,1,1,6,75,75115,2,4,1,1,1
202300047615,3,4,2023,19:20,1,1,6,94,94080,2,3,2,1,1
202300047616,5,12,2023,19:05,5,8,3,92,92002,2,3,2,1,1
202300047616,5,12,2023,19:05,5,8,3,92,92002,2,3,3,1,1
202300047617,3,4,2023,16:47,1,1,6,94,94074,2,4,1,1,1
202300047618,11,5,2023,18:00,1,1,2,75,75114,2,4,3,1,1
202300047618,11,5,2023,18:00,1,1,2,75,75114,2,4,3,1,1
202300047619,11,5,2023,12:00,1,1,6,75,75114,2,4,2,1,1
202300047620,3,4,2023,08:40,1,1,3,94,94038,2,4,1,2,1
202300047620,3,4,2023,08:40,1,1,3,94,94038,2,4,2,2,1
202300047621,6,12,2023,09:15,1,1,6,06,06161,2,6,-1,1,1
202300047622,25,8,2023,23:15,5,1,2,51,51454,2,4,2,1,1
202300047622,25,8,2023,23:15,5,1,2,51,51454,2,4,2,1,1
202300047623,6,12,2023,17:25,3,1,1,10,10350,1,3,2,4,1
202300047624,3,4,2023,01:37,5,1,1,94,94077,2,3,3,1,1
202300047624,3,4,2023,01:37,5,1,1,94,94077,2,3,2,2,1
202300047625,10,5,2023,20:40,5,2,6,75,75114,2,4,2,1,2
202300047625,10,5,2023,20:40,5,2,6,75,75114,2,4,2,1,2
202300047626,29,8,2023,01:37,5,1,7,49,49007,2,4,4,1,1
202300047627,6,12,2023,07:20,2,1,1,28,28233,1,3,3,1,1
202300047628,3,4,2023,08:36,1,8,1,94,94070,2,2,3,1,1
202300047628,3,4,2023,08:36,1,8,1,94,94070,2,2,3,1,1
202300047629,27,8,2023,19:36,1,8,7,45,45068,2,4,2,1,1
202300047630,10,5,2023,17:20,1,2,6,75,75114,2,4,2,1,2
202300047630,10,5,2023,17:20,1,2,6,75,75114,2,4,2,1,2
202300047631,3,4,2023,19:40,1,1,6,93,93066,2,3,2,1,1
202300047632,6,12,2023,07:15,1,1,1,974,97401,1,2,2,1,1
202300047633,25,8,2023,15:40,1,1,6,41,41212,2,4,2,1,1
202300047634,5,12,2023,17:45,5,1,6,62,62706,2,3,2,1,2
202300047635,11,5,2023,17:00,1,1,1,75,75113,2,4,2,1,1
202300047636,3,4,2023,19:35,1,1,2,93,93055,2,3,2,1,1
202300047637,3,4,2023,13:55,1,1,2,93,93055,2,4,1,1,1
202300047638,6,12,2023,12:30,1,1,1,62,62520,1,3,2,1,1
202300047639,28,8,2023,17:35,1,2,3,38,38185,2,7,1,1,2
202300047640,3,4,2023,19:00,1,1,6,93,93029,2,3,2,1,1
202300047640,3,4,2023,19:00,1,1,6,93,93029,2,3,2,1,1
202300047641,1,12,2023,16:15,2,4,3,14,14453,1,2,3,1,7
202300047642,28,8,2023,19:00,1,1,3,37,37261,2,4,2,1,1
202300047643,6,12,2023,09:20,1,7,6,50,50099,1,2,3,1,1
202300047644,3,4,2023,18:00,1,1,3,93,93029,1,4,1,2,1
202300047645,11,5,2023,10:30,1,8,3,75,75113,2,4,2,1,1
202300047645,11,5,2023,10:30,1,8,3,75,75113,2,4,-1,1,1
202300047646,6,12,2023,15:35,1,1,7,30,30092,1,3,2,1,1
202300047647,28,8,2023,06:00,2,1,3,34,34003,2,4,1,1,1
202300047648,3,4,2023,16:30,1,1,6,93,93057,2,3,1,1,1
202300047648,3,4,2023,16:30,1,1,6,93,93057,2,3,2,1,1
202300047649,5,12,2023,17:45,3,1,1,83,83026,1,3,2,1,1
202300047650,28,8,2023,01:30,5,1,6,33,33063,2,4,2,1,1
202300047651,27,8,2023,12:10,1,1,6,29,29019,2,4,2,3,1
202300047652,5,12,2023,08:37,1,2,4,51,51564,1,3,2,1,2
202300047653,2,4,2023,00:06,5,1,2,93,93001,2,3,1,1,1
202300047653,2,4,2023,00:06,5,1,2,93,93001,2,3,2,1,1
202300047654,10,5,2023,23:00,5,1,1,75,75112,2,4,2,1,1
202300047654,10,5,2023,23:00,5,1,1,75,75112,2,4,2,1,1
202300047655,28,8,2023,19:20,1,1,2,27,27681,2,4,2,1,1
202300047656,18,10,2023,20:00,3,2,1,19,19274,1,3,2,1,2
202300047656,18,10,2023,20:00,3,2,1,19,19274,1,3,2,1,2
202300047657,6,12,2023,07:55,2,1,6,56,56090,1,3,2,2,1
202300047658,28,8,2023,12:25,1,1,6,27,27375,2,3,-1,1,1
202300047659,3,4,2023,17:20,1,1,2,92,92064,2,3,2,2,1
202300047660,6,12,2023,07:15,3,5,6,76,76612,1,3,2,1,2
202300047661,25,8,2023,14:00,1,1,6,22,22106,2,4,2,1,1
202300047662,11,5,2023,19:05,1,2,6,75,75111,2,4,-1,1,2
202300047662,11,5,2023,19:05,1,2,6,75,75111,2,4,1,2,2
202300047663,2,4,2023,02:10,5,2,7,92,92064,2,3,2,1,2
202300047664,6,12,2023,19:00,3,2,6,76,76367,1,7,2,2,2
202300047665,24,8,2023,14:00,1,1,3,22,22113,2,4,2,1,1
202300047666,3,4,2023,14:51,1,1,3,92,92044,2,4,1,1,1
202300047667,24,11,2023,07:40,2,1,5,79,79174,1,3,3,1,1
202300047667,24,11,2023,07:40,2,1,5,79,79174,1,3,2,3,1
202300047667,24,11,2023,07:40,2,1,5,79,79174,1,3,2,4,1
202300047668,10,5,2023,15:50,1,3,6,75,75111,2,4,2,1,2
202300047668,10,5,2023,15:50,1,3,6,75,75111,2,4,1,1,2
202300047669,4,12,2023,10:30,1,2,7,2B,2B207,2,3,2,1,2
202300047670,26,8,2023,19:40,1,2,2,14,14069,2,3,3,1,2
202300047671,6,12,2023,03:10,3,5,6,82,82087,1,3,2,2,2
202300047672,3,4,2023,12:50,1,1,6,92,92004,2,4,-1,1,1
202300047673,25,8,2023,18:15,1,1,1,14,14487,1,3,3,2,1
202300047674,11,5,2023,14:00,1,2,2,75,75110,2,4,2,1,2
202300047674,11,5,2023,14:00,1,2,2,75,75110,2,4,-1,1,2
202300047675,5,12,2023,13:33,1,2,1,71,71543,2,3,2,1,2
202300047676,4,4,2023,12:30,1,1,1,09,09338,1,3,2,1,9
202300047677,28,8,2023,19:00,1,6,3,13,13215,2,4,1,1,1
202300047678,6,12,2023,07:50,2,1,6,63,63378,1,3,2,2,2
202300047679,4,2,2023,05:15,5,1,6,56,56166,2,3,2,1,1
202300047680,11,5,2023,12:54,1,8,3,75,75110,2,4,-1,1,2
202300047680,11,5,2023,12:54,1,8,3,75,75110,2,4,2,1,2
202300047681,2,12,2023,16:05,1,1,6,61,61503,1,3,2,1,1
202300047682,24,8,2023,16:30,1,1,3,13,13203,2,4,1,1,1
202300047682,24,8,2023,16:30,1,1,3,13,13203,2,4,2,2,1
202300047683,28,8,2023,10:15,1,1,6,11,11069,2,4,2,1,1
202300047684,29,3,2023,15:30,1,1,3,33,33393,1,3,2,1,1
202300047684,29,3,2023,15:30,1,1,3,33,33393,1,3,2,1,1
202300047685,5,12,2023,17:10,2,1,5,49,49323,1,3,2,1,1
202300047686,11,5,2023,16:45,1,1,2,75,75107,2,4,2,1,1
202300047687,27,8,2023,22:40,3,8,7,11,11069,1,3,-1,2,2
202300047688,18,3,2023,01:15,3,1,7,81,81147,1,3,3,3,1
202300047689,5,12,2023,21:40,3,5,6,47,47209,1,4,2,2,2
202300047690,6,12,2023,11:55,1,8,7,38,38505,1,3,2,1,1
202300047691,27,8,2023,10:00,1,2,2,06,06088,2,4,1,1,2
202300047692,4,4,2023,08:15,1,7,6,44,44009,2,4,2,1,1
202300047693,8,5,2023,19:15,1,1,3,75,75104,2,4,-1,1,1
202300047693,8,5,2023,19:15,1,1,3,75,75104,2,4,2,1,1
202300047694,3,4,2023,06:00,3,1,6,2B,2B101,1,3,2,2,1
202300047695,5,12,2023,10:40,1,8,6,70,70005,1,3,2,1,2
202300047696,26,3,2023,10:41,1,1,6,69,69066,2,4,1,1,1
202300047697,28,8,2023,13:50,1,1,3,05,05061,1,4,2,2,1
202300047697,28,8,2023,13:50,1,1,3,05,05061,1,4,2,1,1
202300047698,6,12,2023,08:35,1,1,1,26,26288,1,3,2,1,7
202300047699,10,5,2023,19:05,1,8,5,94,94068,2,3,2,1,2
202300047700,24,8,2023,16:05,1,1,6,03,03185,2,6,-1,1,1
202300047701,3,4,2023,13:50,1,1,7,84,84030,2,4,2,2,1
202300047702,3,5,2023,19:45,2,1,7,94,94042,2,4,1,1,1
202300047703,6,12,2023,10:30,1,1,6,14,14312,2,6,-1,1,1
202300047704,2,4,2023,04:40,3,1,6,07,07009,1,3,2,1,2
202300047705,10,5,2023,11:15,1,2,6,94,94043,2,3,2,1,2
202300047706,23,8,2023,19:25,1,1,6,02,02722,2,4,1,2,1
202300047706,23,8,2023,19:25,1,1,6,02,02722,2,4,2,2,1
202300047707,6,12,2023,07:55,2,9,5,16,16072,1,3,2,1,7
202300047708,2,4,2023,19:45,1,1,7,17,17345,1,3,2,1,1
202300047709,6,12,2023,08:11,1,1,3,07,07172,1,4,2,1,1
202300047710,3,4,2023,12:25,1,1,3,37,37050,2,4,2,1,1
202300047710,3,4,2023,12:25,1,1,3,37,37050,2,4,2,1,1
202300047711,11,5,2023,12:00,1,2,1,94,94054,2,4,-1,1,2
202300047711,11,5,2023,12:00,1,2,1,94,94054,2,4,2,1,2
202300047712,28,8,2023,18:00,1,1,6,75,75120,2,4,-1,1,1
202300047712,28,8,2023,18:00,1,1,6,75,75120,2,4,1,1,1
202300047713,3,4,2023,13:10,1,1,6,67,67194,1,1,3,1,1
202300047714,5,12,2023,18:30,3,2,5,40,40273,1,3,2,2,2
202300047715,31,3,2023,14:05,1,1,6,42,42116,1,1,3,4,1
202300047716,11,5,2023,12:00,1,1,3,94,94002,2,3,3,1,1
202300047716,11,5,2023,12:00,1,1,3,94,94002,2,3,2,1,1
202300047717,28,8,2023,17:40,1,1,3,75,75118,2,4,-1,1,1
202300047717,28,8,2023,17:40,1,1,3,75,75118,2,4,1,1,1
202300047718,5,12,2023,19:00,3,1,6,85,85135,1,3,2,3,1
202300047718,5,12,2023,19:00,3,1,6,85,85135,1,3,2,1,1
202300047719,1,4,2023,10:35,1,1,3,38,38485,2,4,2,1,2
202300047719,1,4,2023,10:35,1,1,3,38,38485,2,4,2,1,2
202300047720,28,8,2023,15:45,1,8,6,75,75113,2,4,1,1,2
202300047720,28,8,2023,15:45,1,8,6,75,75113,2,4,2,1,2
202300047721,11,5,2023,17:15,1,1,3,93,93078,2,4,2,1,1
202300047722,29,3,2023,17:00,1,1,1,78,78062,2,3,2,1,1
202300047723,6,12,2023,12:30,1,1,3,28,28374,1,3,2,2,1
202300047723,6,12,2023,12:30,1,1,3,28,28374,1,3,2,1,1
202300047724,6,12,2023,14:45,1,1,3,17,17322,1,3,2,1,1
202300047724,6,12,2023,14:45,1,1,3,17,17322,1,3,2,1,1
202300047725,4,4,2023,13:39,1,1,6,13,13035,1,3,2,1,1
202300047726,6,12,2023,01:35,3,1,6,45,45026,1,1,3,1,2
202300047727,28,8,2023,16:35,1,1,3,75,75109,2,4,1,1,1
202300047727,28,8,2023,16:35,1,1,3,75,75109,2,4,1,1,1
202300047728,11,5,2023,15:25,1,8,2,93,93073,2,4,2,1,2
202300047728,11,5,2023,15:25,1,8,2,93,93073,2,4,2,1,2
202300047729,4,4,2023,11:55,1,1,3,13,13100,2,3,2,1,1
202300047730,18,8,2023,12:00,1,1,3,973,97311,2,3,2,1,1
202300047730,18,8,2023,12:00,1,1,3,973,97311,2,3,2,1,1
202300047731,4,4,2023,07:15,2,1,3,71,71572,1,3,2,2,1
202300047731,4,4,2023,07:15,2,1,3,71,71572,1,3,2,1,1
202300047732,11,5,2023,13:30,1,8,3,93,93073,2,4,2,1,1
202300047733,28,8,2023,10:13,1,1,2,75,75109,2,4,-1,1,1
202300047733,28,8,2023,10:13,1,1,2,75,75109,2,4,1,2,1
202300047734,5,12,2023,19:45,5,1,3,971,97119,1,2,2,1,1
202300047734,5,12,2023,19:45,5,1,3,971,97119,1,2,2,1,1
202300047735,4,4,2023,17:25,1,1,2,57,57683,2,3,2,1,1
202300047736,4,12,2023,07:20,5,2,6,28,28193,2,3,2,1,2
202300047737,4,4,2023,17:30,1,1,1,42,42285,1,3,2,1,1
202300047737,4,4,2023,17:30,1,1,1,42,42285,1,3,2,1,1
202300047738,11,5,2023,10:45,1,1,3,93,93071,2,4,1,1,1
202300047738,11,5,2023,10:45,1,1,3,93,93071,2,4,2,1,1
202300047739,6,12,2023,09:45,1,7,6,77,77315,2,3,2,1,1
202300047740,27,8,2023,12:36,1,1,3,75,75108,2,4,2,1,1
202300047740,27,8,2023,12:36,1,1,3,75,75108,2,4,2,1,1
202300047741,3,4,2023,17:45,1,1,2,09,09160,2,3,1,1,1
202300047742,6,12,2023,09:45,1,1,1,77,77229,2,4,2,1,1
202300047743,10,5,2023,14:15,1,2,3,93,93013,2,3,2,1,2
202300047744,28,8,2023,12:45,1,1,6,75,75107,2,9,1,1,1
202300047745,1,4,2023,19:00,2,1,1,17,17164,1,3,2,1,1
202300047746,6,12,2023,11:25,1,1,1,77,77165,1,3,2,1,2
202300047747,11,5,2023,16:30,1,2,3,93,93010,2,4,2,2,2
202300047748,28,8,2023,08:48,1,1,7,75,75103,2,4,1,1,1
202300047748,28,8,2023,08:48,1,1,7,75,75103,2,4,1,1,1
202300047749,2,4,2023,01:45,3,1,3,33,33063,1,1,3,1,1
202300047750,5,12,2023,08:30,1,1,3,34,34244,2,3,2,1,1
202300047751,1,4,2023,23:45,5,2,6,59,59009,1,2,-1,1,2
202300047752,6,12,2023,15:30,1,1,6,84,84095,1,3,2,1,1
202300047753,11,5,2023,05:15,2,8,6,93,93005,2,3,2,1,1
202300047753,11,5,2023,05:15,2,8,6,93,93005,2,3,3,1,1
202300047754,28,8,2023,15:55,1,2,2,94,94046,2,3,2,1,2
202300047754,28,8,2023,15:55,1,2,2,94,94046,2,3,-1,1,2
202300047755,3,4,2023,20:20,2,1,2,91,91235,1,2,3,1,1
202300047756,11,5,2023,16:25,1,1,6,92,92064,1,3,1,1,1
202300047757,6,12,2023,06:55,5,2,3,88,88266,2,3,2,1,2
202300047758,3,4,2023,13:15,1,1,6,92,92050,1,1,-1,1,1
202300047759,1,12,2023,20:00,3,3,7,38,38494,2,4,2,1,2
202300047760,27,8,2023,23:00,5,1,6,94,94073,2,3,-1,1,1
202300047760,27,8,2023,23:00,5,1,6,94,94073,2,3,1,1,1
202300047761,11,5,2023,08:45,1,1,1,92,92064,2,3,2,1,1
202300047761,11,5,2023,08:45,1,1,1,92,92064,2,3,1,1,1
202300047762,3,4,2023,08:55,1,1,2,78,78362,1,1,1,2,1
202300047763,6,12,2023,18:05,5,9,1,01,01202,2,3,2,1,1
202300047763,6,12,2023,18:05,5,9,1,01,01202,2,3,2,1,1
202300047764,21,8,2023,14:40,1,1,6,94,94028,2,4,1,4,1
202300047764,21,8,2023,14:40,1,1,6,94,94028,2,4,1,1,1
202300047765,11,5,2023,19:55,1,1,3,92,92025,2,3,3,1,1
202300047766,6,12,2023,07:30,2,5,1,33,33256,1,3,2,1,1
202300047767,3,4,2023,17:00,1,1,4,93,93027,1,1,3,1,1
202300047768,5,12,2023,05:45,3,1,5,49,49020,1,3,3,1,1
202300047769,4,5,2023,10:35,1,1,3,92,92004,2,3,2,1,1
202300047770,28,8,2023,06:30,1,1,2,94,94077,2,3,-1,1,1
202300047770,28,8,2023,06:30,1,1,2,94,94077,2,3,2,1,1
202300047771,6,12,2023,15:20,1,1,6,60,60138,1,3,3,1,2
202300047772,1,4,2023,15:10,1,1,1,95,95678,1,2,3,1,1
202300047773,17,3,2023,03:05,3,1,6,11,11262,2,6,-1,1,1
202300047774,6,12,2023,07:50,2,5,1,60,60088,1,3,2,2,9
202300047775,28,8,2023,11:55,1,1,6,93,93066,2,3,2,1,1
202300047775,28,8,2023,11:55,1,1,6,93,93066,2,3,3,1,1
202300047776,10,5,2023,15:50,1,1,2,92,92004,2,3,1,1,1
202300047777,1,4,2023,15:00,1,1,6,95,95585,2,4,-1,1,1
202300047778,5,12,2023,17:55,5,2,6,59,59136,2,4,2,1,2
202300047779,1,4,2023,14:09,1,1,2,988,98818,2,4,2,1,1
202300047780,2,4,2023,08:30,1,1,6,974,97411,2,3,2,2,1
202300047781,5,12,2023,09:48,1,1,3,13,13212,1,1,1,1,1
202300047782,28,8,2023,21:20,5,1,3,93,93062,2,4,1,2,1
202300047782,28,8,2023,21:20,5,1,3,93,93062,2,4,1,2,1
202300047783,12,5,2023,12:00,1,1,6,43,43040,2,3,2,1,1
202300047784,2,4,2023,12:15,1,3,6,69,69383,2,4,1,1,2
202300047784,2,4,2023,12:15,1,3,6,69,69383,2,4,1,1,2
202300047785,28,8,2023,02:35,3,1,6,93,93048,2,3,2,1,1
202300047786,4,12,2023,08:30,1,1,2,13,13005,1,1,3,1,1
202300047787,1,4,2023,16:00,1,3,4,69,69383,2,4,1,1,2
202300047787,1,4,2023,16:00,1,3,4,69,69383,2,4,1,1,2
202300047788,2,4,2023,18:10,1,2,3,69,69142,2,4,2,2,2
202300047789,28,8,2023,17:00,1,1,3,93,93031,2,3,3,1,1
202300047789,28,8,2023,17:00,1,1,3,93,93031,2,3,3,1,1
202300047790,28,4,2023,14:05,1,1,3,33,33254,1,3,2,1,1
202300047790,28,4,2023,14:05,1,1,3,33,33254,1,3,2,1,1
202300047791,19,11,2023,23:30,3,1,5,13,13211,1,1,1,1,1
202300047792,2,4,2023,03:27,5,1,2,2B,2B037,2,2,-1,1,1
202300047793,4,12,2023,19:30,3,2,2,13,13026,1,1,-1,1,2
202300047794,2,4,2023,08:20,1,1,3,83,83137,2,4,2,2,1
202300047794,2,4,2023,08:20,1,1,3,83,83137,2,4,-1,2,1
202300047795,28,8,2023,04:20,5,1,3,93,93007,2,4,2,1,1
202300047795,28,8,2023,04:20,5,1,3,93,93007,2,4,1,1,1
202300047796,12,5,2023,07:30,1,1,1,17,17438,1,3,2,1,1
202300047797,1,4,2023,16:10,1,1,6,83,83034,2,3,1,1,1
202300047798,28,8,2023,14:00,1,1,7,92,92051,2,4,2,1,1
202300047799,4,12,2023,16:00,1,2,2,13,13071,1,1,-1,1,2
202300047800,1,4,2023,16:10,1,7,3,77,77186,1,3,2,1,2
202300047800,1,4,2023,16:10,1,7,3,77,77186,1,3,2,1,2
202300047801,29,8,2023,11:50,1,1,3,76,76258,1,3,2,1,1
202300047801,29,8,2023,11:50,1,1,3,76,76258,1,3,2,1,1
202300047802,12,5,2023,15:15,1,1,3,71,71270,1,1,3,1,2
202300047803,2,4,2023,15:40,1,1,6,76,76540,2,4,2,1,1
202300047804,4,12,2023,20:45,5,2,3,33,33039,1,1,3,1,2
202300047805,27,8,2023,09:45,1,1,2,45,45259,1,3,3,1,1
202300047806,1,4,2023,16:43,1,2,1,76,76575,2,4,2,1,2
202300047806,1,4,2023,16:43,1,2,1,76,76575,2,4,2,1,2
202300047807,4,12,2023,07:15,5,1,6,59,59350,1,2,-1,1,2
202300047808,2,4,2023,22:20,5,2,2,69,69266,2,4,2,1,2
202300047809,11,5,2023,09:00,1,1,1,83,83100,1,3,2,2,1
202300047810,1,4,2023,17:00,1,2,6,69,69282,2,4,2,1,2
202300047811,27,8,2023,03:20,3,2,6,40,40296,1,3,2,1,2
202300047812,5,12,2023,16:00,1,2,4,91,91645,1,2,1,1,2
202300047813,1,4,2023,10:38,1,2,1,64,64260,1,3,2,1,2
202300047814,28,8,2023,16:30,1,1,3,13,13078,1,3,2,1,1
202300047815,9,5,2023,09:00,1,1,3,56,56185,2,3,2,1,1
202300047815,9,5,2023,09:00,1,1,3,56,56185,2,3,2,2,1
202300047816,5,12,2023,13:20,1,3,3,94,94034,1,1,2,1,2
202300047817,31,3,2023,18:40,1,2,3,62,62516,1,3,2,1,2
202300047817,31,3,2023,18:40,1,2,3,62,62516,1,3,2,1,2
202300047818,25,5,2023,21:10,2,1,6,68,68367,2,3,1,1,1
202300047819,11,5,2023,15:25,1,1,7,76,76580,1,6,-1,2,1
202300047820,5,12,2023,08:40,1,3,5,94,94021,1,1,2,1,2
202300047821,1,4,2023,03:15,5,3,6,62,62753,2,3,2,1,2
202300047822,27,8,2023,18:15,1,1,2,972,97206,1,3,2,1,1
202300047823,11,5,2023,17:05,1,1,7,2B,2B049,1,3,2,2,1
202300047824,2,4,2023,17:50,1,1,3,61,61001,2,4,2,1,1
202300047825,5,12,2023,08:20,1,2,2,78,78090,1,1,3,1,2
202300047826,19,3,2023,01:05,3,1,6,59,59437,2,7,2,1,1
202300047827,12,5,2023,15:45,1,8,3,32,32107,2,4,2,1,1
202300047828,2,4,2023,01:20,5,2,6,59,59128,2,7,2,1,2
202300047829,28,8,2023,18:40,1,1,6,21,21087,1,1,1,1,1
202300047830,12,5,2023,08:05,1,8,6,46,46240,1,3,2,2,2
202300047831,3,12,2023,21:10,3,1,3,78,78646,1,2,1,1,1
202300047832,2,4,2023,05:55,3,3,6,51,51573,2,4,2,1,2
202300047833,28,8,2023,15:05,1,1,7,35,35139,1,2,3,1,1
202300047834,2,4,2023,06:35,5,2,7,51,51454,2,4,2,1,2
202300047835,10,5,2023,11:15,1,1,2,47,47325,2,3,2,1,1
202300047836,5,12,2023,20:50,3,1,2,94,94033,1,1,1,1,1
202300047837,29,8,2023,17:30,1,1,7,58,58088,1,1,1,3,1
202300047838,5,12,2023,12:25,1,2,2,94,94022,1,1,-1,1,2
202300047839,12,5,2023,05:40,2,1,6,68,68380,2,3,2,1,1
202300047840,31,3,2023,15:40,1,1,5,47,47031,2,3,2,1,1
202300047840,31,3,2023,15:40,1,1,5,47,47031,2,3,2,1,1
202300047841,4,12,2023,20:30,5,2,6,94,94073,1,1,3,1,2
202300047842,2,4,2023,19:30,1,2,6,38,38318,1,4,2,1,2
202300047843,10,5,2023,12:30,1,1,6,39,39284,2,4,2,1,1
202300047844,4,12,2023,12:40,1,8,6,94,94028,1,1,1,3,2
202300047845,26,8,2023,16:30,1,1,2,87,87038,1,3,-1,2,1
202300047845,26,8,2023,16:30,1,1,2,87,87038,1,3,-1,2,1
202300047846,2,4,2023,20:50,5,1,3,37,37261,2,4,2,1,1
202300047847,9,8,2023,19:50,1,1,3,38,38185,2,4,2,1,1
202300047848,28,4,2023,18:00,1,1,6,29,29225,2,6,-1,1,1
202300047849,2,4,2023,17:30,1,1,3,27,27375,2,4,-1,1,1
202300047850,3,12,2023,04:07,5,8,6,74,74012,2,4,2,2,1
202300047851,31,3,2023,15:10,1,2,7,70,70285,1,2,3,1,2
202300047852,26,9,2023,20:00,3,1,6,74,74157,1,3,2,2,1
202300047853,8,5,2023,23:00,3,2,1,58,58005,2,3,2,1,2
202300047854,2,4,2023,11:40,1,3,3,25,25056,2,4,2,1,2
202300047855,29,8,2023,08:00,1,1,5,51,51044,1,3,2,1,1
202300047856,28,9,2023,18:40,1,1,1,74,74201,2,3,2,2,1
202300047856,28,9,2023,18:40,1,1,1,74,74201,2,3,2,2,1
202300047857,12,5,2023,08:50,1,1,7,58,58180,1,3,2,4,1