id_accident,jour,mois,annee,heure_minute,luminosite,meteo,type_collision,departement,commune,agglomeration,categorie_route,regime_circulation,profil_route,etat_surface
202300047858,2,4,2023,20:20,2,1,7,14,14715,2,4,2,1,1
202300047859,29,9,2023,16:45,1,1,2,74,74282,1,1,1,1,1
202300047860,12,5,2023,15:00,1,1,7,58,58309,1,3,2,2,1
202300047861,29,8,2023,16:45,1,1,1,56,56251,2,3,2,1,1
202300047862,1,4,2023,22:55,3,1,1,13,13054,2,3,2,1,1
202300047863,26,9,2023,13:00,1,1,3,74,74082,2,3,1,1,1
202300047864,11,5,2023,10:45,1,1,3,54,54312,1,3,2,2,1
202300047865,2,4,2023,19:30,2,1,6,13,13208,2,4,2,1,1
202300047866,29,8,2023,12:40,1,1,1,59,59130,1,3,2,1,1
202300047867,2,4,2023,17:56,1,1,3,13,13212,2,4,2,1,1
202300047868,12,5,2023,17:26,1,1,6,72,72331,1,3,2,2,1
202300047869,19,9,2023,20:30,3,1,3,74,74243,1,3,2,1,1
202300047869,19,9,2023,20:30,3,1,3,74,74243,1,3,2,2,1
202300047870,2,4,2023,04:00,3,1,6,13,13204,2,4,1,1,1
202300047871,27,8,2023,11:16,1,1,5,76,76532,1,3,2,1,1
202300047871,27,8,2023,11:16,1,1,5,76,76532,1,3,2,1,1
202300047872,1,9,2023,20:00,5,1,3,74,74256,2,3,2,1,1
202300047873,1,4,2023,04:55,5,1,6,09,09225,2,4,2,1,1
202300047874,10,5,2023,20:42,2,1,1,05,05170,2,3,2,1,1
202300047875,29,8,2023,16:00,1,1,3,2A,2A362,2,2,2,1,1
202300047875,29,8,2023,16:00,1,1,3,2A,2A362,2,2,2,-1,-1
202300047876,2,4,2023,19:05,2,1,3,06,06088,2,7,3,4,1
202300047877,4,12,2023,10:35,1,1,2,988,98818,1,1,1,-1,1
202300047877,4,12,2023,10:35,1,1,2,988,98818,1,1,3,1,1
202300047878,28,8,2023,19:55,1,2,1,63,63285,1,3,2,2,2
202300047879,2,4,2023,16:35,1,1,1,06,06088,2,4,2,1,1
202300047880,10,5,2023,15:43,1,1,3,05,05068,1,3,2,2,1
202300047881,28,8,2023,10:00,1,3,6,42,42248,1,3,2,1,2
202300047882,5,12,2023,07:56,1,8,4,988,98818,2,4,2,-1,1
202300047882,5,12,2023,07:56,1,8,4,988,98818,2,4,2,1,1
202300047883,2,4,2023,10:10,1,1,3,06,06088,2,4,2,1,1
202300047883,2,4,2023,10:10,1,1,3,06,06088,2,4,1,1,1
202300047884,11,5,2023,17:30,1,1,6,10,10323,2,4,2,1,1
202300047885,4,12,2023,15:00,1,1,1,974,97416,1,4,2,1,1
202300047886,29,8,2023,13:50,1,1,5,42,42230,1,3,2,1,1
202300047886,29,8,2023,13:50,1,1,5,42,42230,1,3,2,1,1
202300047887,2,4,2023,12:00,1,1,6,04,04070,1,3,-1,1,1
202300047888,11,5,2023,20:30,2,8,7,21,21447,1,3,2,2,1
202300047889,28,8,2023,21:15,3,1,1,34,34051,1,3,2,1,1
202300047890,4,12,2023,12:50,1,1,1,974,97416,1,2,2,1,1
202300047890,4,12,2023,12:50,1,1,1,974,97416,1,2,1,1,1
202300047891,30,3,2023,23:15,3,3,6,27,27681,2,4,2,2,2
202300047892,4,12,2023,08:20,1,1,7,974,97416,2,4,2,1,1
202300047893,28,8,2023,18:30,1,1,7,34,34300,1,4,-1,1,9
202300047894,31,3,2023,17:15,1,1,3,974,97416,2,4,2,1,1
202300047894,31,3,2023,17:15,1,1,3,974,97416,2,4,2,1,1
202300047895,1,5,2023,11:25,1,1,7,21,21243,2,3,2,1,1
202300047896,4,12,2023,09:20,1,1,3,974,97411,1,2,1,1,1
202300047896,4,12,2023,09:20,1,1,3,974,97411,1,2,1,1,1
202300047897,24,8,2023,00:25,3,1,6,39,39217,1,3,3,1,1
202300047898,7,5,2023,19:30,1,1,7,40,40080,1,3,2,1,1
202300047899,1,4,2023,09:00,1,1,3,974,97409,2,4,2,1,1
202300047899,1,4,2023,09:00,1,1,3,974,97409,2,4,-1,1,1
202300047900,28,8,2023,14:45,1,2,1,15,15236,1,2,2,1,2
202300047901,1,4,2023,18:15,2,1,6,973,97302,2,4,1,1,1
202300047901,1,4,2023,18:15,2,1,6,973,97302,2,4,1,1,1
202300047902,11,5,2023,19:55,1,1,7,30,30123,2,3,2,1,1
202300047903,4,12,2023,11:00,1,1,3,973,97302,2,3,2,1,1
202300047904,28,8,2023,18:00,1,1,3,72,72320,1,3,2,1,1
202300047905,1,4,2023,18:30,2,1,3,973,97302,2,4,2,1,1
202300047905,1,4,2023,18:30,2,1,3,973,97302,2,4,1,1,1
202300047906,4,12,2023,16:30,2,1,6,69,69387,2,4,1,1,1
202300047906,4,12,2023,16:30,2,1,6,69,69387,2,4,1,1,1
202300047907,29,8,2023,12:10,1,1,7,06,06068,1,3,2,2,1
202300047908,1,4,2023,21:50,5,2,7,69,69383,2,4,1,1,2
202300047909,12,5,2023,16:30,1,1,2,45,45040,1,1,3,1,1
202300047910,25,11,2023,05:15,5,1,6,971,97113,2,2,2,1,1
202300047911,1,4,2023,22:20,5,2,3,69,69386,2,4,1,1,2
202300047911,1,4,2023,22:20,5,2,3,69,69386,2,4,1,1,2
202300047912,29,8,2023,15:10,1,1,5,09,09283,1,2,2,1,1
202300047913,12,5,2023,17:38,1,2,3,13,13051,2,3,2,2,2
202300047913,12,5,2023,17:38,1,2,3,13,13051,2,3,2,1,2
202300047914,28,8,2023,18:00,1,2,6,73,73300,1,3,3,1,2
202300047915,10,5,2023,22:50,3,1,6,33,33502,1,1,3,1,2
202300047916,4,12,2023,18:25,5,3,6,91,91514,2,4,2,1,2
202300047917,29,8,2023,00:50,3,1,6,18,18075,2,3,2,1,1
202300047917,29,8,2023,00:50,3,1,6,18,18075,2,3,2,1,1
202300047918,2,12,2023,18:34,5,1,5,87,87085,2,4,2,1,1
202300047918,2,12,2023,18:34,5,1,5,87,87085,2,4,2,1,1
202300047919,5,5,2023,23:50,3,1,6,39,39448,1,1,3,1,1
202300047920,29,8,2023,14:45,1,1,3,10,10055,1,3,2,1,1
202300047921,1,12,2023,12:17,1,1,6,86,86194,2,4,2,1,1
202300047922,29,8,2023,17:10,1,1,3,85,85029,2,3,2,1,1
202300047923,4,12,2023,21:18,5,1,1,85,85191,2,3,3,1,1
202300047924,16,8,2023,15:00,1,7,6,85,85291,1,3,2,1,1
202300047925,17,2,2023,16:00,1,1,6,15,15014,2,4,1,1,1
202300047926,28,8,2023,14:14,1,1,7,85,85023,1,4,2,2,1
202300047926,28,8,2023,14:14,1,1,7,85,85023,1,4,2,1,1
202300047927,18,2,2023,03:50,5,1,1,14,14118,2,4,2,2,1
202300047928,1,8,2023,15:13,1,1,7,17,17261,1,3,2,1,1
202300047929,3,12,2023,18:50,5,1,4,83,83137,2,4,1,1,1
202300047930,18,2,2023,10:05,1,1,1,13,13213,2,3,1,1,1
202300047931,17,2,2023,18:00,2,1,6,13,13203,2,4,1,1,1
202300047931,17,2,2023,18:00,2,1,6,13,13203,2,4,3,2,1
202300047932,8,8,2023,19:00,1,1,3,17,17410,1,3,2,1,1
202300047932,8,8,2023,19:00,1,1,3,17,17410,1,3,2,2,1
202300047933,29,11,2023,08:45,1,2,3,80,80021,2,4,1,1,2
202300047933,29,11,2023,08:45,1,2,3,80,80021,2,4,1,4,2
202300047934,18,2,2023,04:55,4,1,3,75,75108,2,4,2,1,1
202300047934,18,2,2023,04:55,4,1,3,75,75108,2,4,1,1,1
202300047935,27,8,2023,16:36,1,1,6,23,23024,1,3,2,4,1
202300047936,1,12,2023,09:50,1,1,6,80,80021,2,4,-1,1,1
202300047937,29,8,2023,14:25,1,1,6,87,87126,2,6,-1,2,1
202300047938,18,2,2023,17:50,1,1,3,75,75114,2,4,1,1,1
202300047939,27,8,2023,02:00,3,1,7,68,68122,2,3,2,1,1
202300047940,29,11,2023,12:33,1,2,6,80,80021,2,4,1,1,2
202300047941,29,8,2023,06:50,2,1,2,02,02559,1,1,1,1,1
202300047942,18,2,2023,19:30,5,1,6,75,75118,2,4,1,1,1
202300047942,18,2,2023,19:30,5,1,6,75,75118,2,4,1,2,1
202300047943,28,8,2023,15:27,1,1,3,53,53228,1,1,3,1,1
202300047944,18,2,2023,07:10,2,1,3,75,75117,2,4,2,1,1
202300047944,18,2,2023,07:10,2,1,3,75,75117,2,4,1,1,1
202300047945,4,12,2023,16:20,1,3,1,77,77445,1,3,2,1,2
202300047946,24,8,2023,17:35,1,1,3,11,11262,1,1,3,2,1
202300047947,18,2,2023,19:30,5,1,3,75,75116,2,4,2,1,1
202300047947,18,2,2023,19:30,5,1,3,75,75116,2,4,1,1,1
202300047948,4,12,2023,15:25,1,3,3,77,77111,2,4,3,1,2
202300047948,4,12,2023,15:25,1,3,3,77,77111,2,4,-1,1,2
202300047949,28,8,2023,14:30,1,1,3,973,97311,2,3,2,1,1
202300047950,18,2,2023,11:30,1,1,2,75,75116,2,4,2,1,1
202300047950,18,2,2023,11:30,1,1,2,75,75116,2,4,2,1,1
202300047951,29,8,2023,06:50,2,1,2,41,41220,1,3,2,2,1
202300047952,4,12,2023,10:40,1,2,4,76,76351,2,4,2,1,2
202300047952,4,12,2023,10:40,1,2,4,76,76351,2,4,2,1,2
202300047953,18,2,2023,10:40,1,1,3,75,75116,2,4,-1,1,1
202300047953,18,2,2023,10:40,1,1,3,75,75116,2,4,1,1,1
202300047954,1,12,2023,14:15,1,1,3,76,76351,2,4,2,2,1
202300047954,1,12,2023,14:15,1,1,3,76,76351,2,4,2,2,1
202300047955,28,8,2023,08:15,1,1,3,34,34327,1,3,2,1,1
202300047955,28,8,2023,08:15,1,1,3,34,34327,1,3,2,1,1
202300047956,17,2,2023,09:30,1,1,3,75,75115,2,4,1,2,1
202300047957,3,12,2023,16:30,2,1,3,76,76351,2,3,2,1,2
202300047957,3,12,2023,16:30,2,1,3,76,76351,2,3,-1,1,2
202300047958,28,8,2023,14:45,1,2,6,63,63417,1,3,2,2,2
202300047959,17,2,2023,09:30,1,1,3,75,75115,2,4,1,1,1
202300047959,17,2,2023,09:30,1,1,3,75,75115,2,4,2,1,1
202300047960,28,8,2023,07:30,1,2,7,42,42129,1,4,2,1,2
202300047961,4,12,2023,12:40,1,8,3,71,71153,2,4,2,1,2
202300047961,4,12,2023,12:40,1,8,3,71,71153,2,4,1,1,2
202300047962,25,8,2023,11:45,1,1,6,26,26220,2,6,-1,1,1
202300047963,17,2,2023,17:25,1,1,5,75,75111,2,4,2,2,1
202300047964,28,8,2023,08:22,1,1,7,69,69157,1,2,2,1,1
202300047965,4,12,2023,07:30,2,8,6,69,69276,2,4,2,2,1
202300047965,4,12,2023,07:30,2,8,6,69,69276,2,4,2,2,1
202300047966,17,2,2023,16:41,1,8,3,75,75109,2,4,1,1,1
202300047966,17,2,2023,16:41,1,8,3,75,75109,2,4,1,1,1
202300047967,22,8,2023,08:30,1,1,3,81,81283,1,3,2,4,1
202300047967,22,8,2023,08:30,1,1,3,81,81283,1,3,2,1,1
202300047968,4,12,2023,11:10,1,4,7,67,67180,1,3,2,1,7
202300047969,18,2,2023,05:20,5,1,7,75,75107,2,4,2,1,1
202300047969,18,2,2023,05:20,5,1,7,75,75107,2,4,2,1,1
202300047970,29,8,2023,10:30,1,8,2,17,17058,1,3,3,1,1
202300047971,2,12,2023,14:45,1,1,6,66,66136,2,4,3,1,1
202300047972,18,2,2023,23:00,5,1,7,75,75107,2,4,1,1,1
202300047973,3,12,2023,17:15,2,1,2,64,64102,2,4,2,1,1
202300047974,28,8,2023,20:10,1,1,1,85,85236,2,3,2,2,1
202300047974,28,8,2023,20:10,1,1,1,85,85236,2,3,2,1,1
202300047975,4,12,2023,19:30,5,3,6,61,61001,2,4,2,1,2
202300047976,18,2,2023,19:20,3,1,3,94,94081,2,3,2,1,1
202300047977,29,8,2023,17:40,1,1,3,85,85302,2,4,2,1,1
202300047978,4,12,2023,10:20,1,2,3,51,51454,2,4,1,1,2
202300047978,4,12,2023,10:20,1,2,3,51,51454,2,4,2,1,2
202300047979,17,2,2023,06:45,5,2,6,94,94074,2,4,1,1,2
202300047980,4,12,2023,07:42,2,2,6,51,51573,2,4,2,1,2
202300047981,18,2,2023,14:00,1,1,6,94,94068,2,4,-1,1,1
202300047982,29,8,2023,07:15,1,1,5,50,50041,1,3,2,1,1
202300047983,17,2,2023,23:25,5,1,2,94,94076,2,3,2,1,1
202300047983,17,2,2023,23:25,5,1,2,94,94076,2,3,2,1,1
202300047984,20,8,2023,15:10,1,1,7,22,22225,1,3,2,2,1
202300047985,2,12,2023,17:50,5,1,3,50,50129,2,4,2,1,2
202300047985,2,12,2023,17:50,5,1,3,50,50129,2,4,2,1,2
202300047986,29,8,2023,17:00,1,1,3,76,76475,2,7,2,1,1
202300047987,18,8,2023,22:30,5,1,6,69,69389,1,4,3,1,1
202300047988,4,12,2023,18:50,5,1,1,44,44109,2,4,2,2,1
202300047988,4,12,2023,18:50,5,1,1,44,44109,2,4,2,2,1
202300047989,18,2,2023,22:00,3,1,3,94,94075,2,2,2,1,1
202300047989,18,2,2023,22:00,3,1,3,94,94075,2,2,2,1,1
202300047990,27,8,2023,06:45,2,2,6,33,33013,1,2,3,1,2
202300047991,18,2,2023,21:15,5,1,7,92,92046,2,3,2,1,1
202300047991,18,2,2023,21:15,5,1,7,92,92046,2,3,1,1,1
202300047992,7,11,2023,09:50,1,1,3,43,43251,2,3,2,1,1
202300047992,7,11,2023,09:50,1,1,3,43,43251,2,3,2,1,1
202300047993,28,8,2023,08:40,1,1,3,92,92025,1,1,-1,1,1
202300047994,18,2,2023,19:45,5,1,7,92,92035,2,3,2,1,1
202300047994,18,2,2023,19:45,5,1,7,92,92035,2,3,1,1,1
202300047995,27,8,2023,20:45,3,1,6,78,78043,1,1,-1,1,2
202300047996,18,2,2023,23:06,5,1,6,92,92026,2,3,2,1,1
202300047997,27,8,2023,07:40,1,1,6,78,78217,1,1,1,1,1
202300047998,17,2,2023,21:50,5,1,3,92,92025,2,4,1,1,1
202300047999,27,8,2023,23:00,5,1,3,976,97611,2,4,2,1,1
202300048000,18,2,2023,12:45,1,1,6,24,24463,1,4,-1,1,1
202300048001,27,8,2023,19:16,3,1,3,973,97302,2,3,2,1,1
202300048002,17,2,2023,18:35,2,1,3,49,49220,1,3,2,1,1
202300048002,17,2,2023,18:35,2,1,3,49,49220,1,3,2,1,1
202300048003,18,2,2023,20:30,3,1,6,81,81139,1,3,2,2,1
202300048004,4,12,2023,09:15,1,2,3,37,37233,2,4,2,1,2
202300048004,4,12,2023,09:15,1,2,3,37,37233,2,4,1,1,2
202300048005,18,2,2023,20:45,3,2,7,972,97202,2,3,2,1,2
202300048005,18,2,2023,20:45,3,2,7,972,97202,2,3,-1,-1,2
202300048006,27,8,2023,15:00,1,1,1,69,69383,2,4,2,1,1
202300048007,4,12,2023,03:40,5,3,6,37,37233,2,4,2,1,2
202300048008,27,8,2023,17:30,1,1,3,972,97213,1,2,1,1,1
202300048008,27,8,2023,17:30,1,1,3,972,97213,1,2,-1,1,1
202300048009,19,2,2023,18:20,3,1,3,88,88089,2,3,2,2,1
202300048009,19,2,2023,18:20,3,1,3,88,88089,2,3,2,1,1
202300048010,4,12,2023,17:20,4,2,6,35,35238,2,4,2,1,2
202300048010,4,12,2023,17:20,4,2,6,35,35238,2,4,2,1,2
202300048011,27,8,2023,22:14,5,3,3,2A,2A004,2,2,2,1,2
202300048012,4,12,2023,10:30,1,3,7,35,35055,1,3,2,1,2
202300048013,17,2,2023,10:30,1,1,3,26,26295,1,3,2,1,1
202300048013,17,2,2023,10:30,1,1,3,26,26295,1,3,2,1,1
202300048014,27,8,2023,20:37,5,2,6,2A,2A004,2,3,1,4,2
202300048015,3,12,2023,19:40,3,1,6,34,34198,1,3,1,1,1
202300048016,19,2,2023,00:10,3,1,6,42,42036,1,4,2,2,1
202300048017,26,8,2023,14:45,1,1,6,95,95572,2,3,2,1,1
202300048018,19,2,2023,01:42,3,2,7,60,60430,1,3,2,1,2
202300048019,27,8,2023,11:54,1,1,7,85,85191,1,3,3,1,1
202300048020,3,12,2023,02:40,5,1,7,34,34172,2,4,2,2,1
202300048021,4,12,2023,09:04,1,1,7,32,32013,2,4,1,2,1
202300048022,27,8,2023,12:00,1,1,1,79,79081,1,4,2,1,1
202300048023,19,2,2023,16:15,1,1,3,44,44194,1,2,3,1,1
202300048024,18,2,2023,10:45,1,1,6,34,34196,1,1,3,2,1
202300048025,19,2,2023,03:00,3,1,6,30,30334,1,3,2,1,1
202300048026,27,8,2023,11:00,1,1,5,77,77108,2,3,3,1,1
202300048027,4,12,2023,11:15,1,1,3,31,31555,2,7,1,1,1
202300048027,4,12,2023,11:15,1,1,3,31,31555,2,7,2,4,1
202300048028,18,2,2023,05:30,3,6,6,62,62029,1,3,2,2,2
202300048029,27,8,2023,19:45,1,2,6,77,77379,2,4,2,3,2
202300048029,27,8,2023,19:45,1,2,6,77,77379,2,4,2,1,2
202300048030,18,2,2023,19:30,5,1,6,56,56067,2,4,2,1,1
202300048031,4,12,2023,09:48,1,1,2,31,31555,2,4,1,1,1
202300048032,19,2,2023,03:15,3,2,6,76,76348,1,3,2,4,2
202300048033,27,8,2023,14:45,1,1,3,77,77335,1,3,2,2,1
202300048033,27,8,2023,14:45,1,1,3,77,77335,1,3,2,2,1
202300048034,19,2,2023,06:40,2,2,7,79,79241,1,3,2,1,2
202300048035,27,8,2023,16:50,1,1,1,69,69276,2,7,1,1,1
202300048036,19,2,2023,16:45,1,1,6,82,82054,1,3,2,1,1
202300048037,18,2,2023,17:00,1,1,1,71,71204,1,3,2,1,1
202300048038,4,12,2023,18:55,5,2,6,27,27701,2,4,2,1,2
202300048038,4,12,2023,18:55,5,2,6,27,27701,2,4,2,1,2
202300048039,19,2,2023,11:30,1,2,6,71,71079,1,3,2,2,2
202300048040,27,8,2023,18:00,1,1,3,69,69259,2,4,1,1,1
202300048040,27,8,2023,18:00,1,1,3,69,69259,2,4,1,1,1
202300048041,19,2,2023,19:00,3,1,2,63,63447,1,3,2,1,1
202300048042,27,8,2023,10:45,1,8,3,67,67447,2,4,2,2,1
202300048043,4,12,2023,07:50,3,2,1,26,26198,1,2,2,1,2
202300048044,27,1,2023,14:45,1,1,7,41,41267,1,3,2,3,1
202300048045,4,12,2023,21:10,5,1,2,13,13211,2,4,2,2,1
202300048046,25,8,2023,13:10,1,1,3,59,59183,2,3,2,1,1
202300048047,18,2,2023,16:30,1,1,3,68,68205,1,3,2,1,1
202300048048,27,8,2023,03:35,3,1,6,59,59183,2,4,2,2,1
202300048049,4,12,2023,19:50,5,1,2,13,13203,2,4,2,1,2
202300048050,19,2,2023,16:30,1,1,1,22,22256,1,3,2,2,1
202300048051,27,8,2023,17:30,1,1,1,47,47323,1,2,2,1,1
202300048052,18,2,2023,15:00,1,1,6,84,84020,1,3,2,1,1
202300048053,3,12,2023,19:30,5,1,3,13,13208,2,4,2,1,1
202300048054,18,2,2023,15:14,1,1,7,15,15087,1,3,2,1,1
202300048055,4,12,2023,20:35,3,8,5,13,13063,1,3,2,1,2
202300048056,27,8,2023,16:50,1,1,3,35,35238,2,4,2,1,1
202300048056,27,8,2023,16:50,1,1,3,35,35238,2,4,1,1,1
202300048057,4,12,2023,15:10,1,2,2,11,11069,2,3,1,2,2
202300048058,17,2,2023,22:00,3,1,3,26,26166,2,2,2,1,1
202300048058,17,2,2023,22:00,3,1,3,26,26166,2,2,2,1,1
202300048059,27,8,2023,11:33,1,1,3,35,35238,2,4,2,2,1
202300048059,27,8,2023,11:33,1,1,3,35,35238,2,4,2,1,1
202300048060,19,2,2023,02:05,3,1,6,66,66150,1,3,2,1,1
202300048061,4,12,2023,18:30,5,2,6,06,06069,2,4,2,1,2
202300048062,27,8,2023,23:58,4,1,1,34,34129,2,3,2,1,1
202300048063,19,2,2023,12:00,1,1,6,06,06094,2,3,2,1,1
202300048063,19,2,2023,12:00,1,1,6,06,06094,2,3,2,1,1
202300048064,4,12,2023,18:20,5,3,4,06,06123,2,7,3,1,2
202300048065,26,8,2023,15:40,1,1,3,33,33167,2,4,2,1,1
202300048065,26,8,2023,15:40,1,1,3,33,33167,2,4,-1,1,1
202300048066,18,2,2023,23:45,5,1,1,73,73236,1,3,2,1,1
202300048067,27,8,2023,20:15,2,2,6,33,33529,2,4,1,1,2
202300048068,4,12,2023,18:20,5,2,2,75,75114,2,4,1,1,2
202300048069,14,2,2023,18:35,3,1,7,10,10048,1,3,2,1,1
202300048069,14,2,2023,18:35,3,1,7,10,10048,1,3,2,1,1
202300048070,26,8,2023,19:20,1,1,7,22,22113,1,4,2,1,1
202300048071,4,12,2023,05:46,5,2,6,75,75106,2,4,1,1,2
202300048071,4,12,2023,05:46,5,2,6,75,75106,2,4,2,1,2
202300048072,26,8,2023,08:45,1,2,7,15,15014,1,2,2,1,2
202300048073,18,2,2023,19:40,3,1,6,36,36120,1,3,2,1,1
202300048074,3,12,2023,19:25,5,1,3,75,75105,2,4,-1,1,1
202300048074,3,12,2023,19:25,5,1,3,75,75105,2,4,2,1,1
202300048075,27,8,2023,12:10,1,2,3,13,13117,1,3,1,1,2
202300048076,18,2,2023,22:00,3,1,1,17,17168,2,4,2,1,1
202300048077,4,12,2023,20:55,5,2,2,75,75116,2,4,2,1,2
202300048077,4,12,2023,20:55,5,2,2,75,75116,2,4,1,1,2
202300048078,26,8,2023,04:41,5,2,6,13,13039,2,4,3,1,2
202300048079,4,12,2023,11:50,1,1,3,75,75116,2,4,2,1,2
202300048079,4,12,2023,11:50,1,1,3,75,75116,2,4,2,1,2
202300048080,15,2,2023,18:00,5,1,3,987,98734,1,2,2,1,1
202300048080,15,2,2023,18:00,5,1,3,987,98734,1,2,2,1,1
202300048081,27,8,2023,16:10,1,2,5,13,13213,2,4,3,2,2
202300048082,4,12,2023,17:25,5,3,6,75,75115,2,4,1,1,2
202300048082,4,12,2023,17:25,5,3,6,75,75115,2,4,1,1,2
202300048083,19,2,2023,07:00,3,5,6,33,33284,1,1,3,1,2
202300048084,18,2,2023,06:15,3,1,2,33,33199,1,1,3,1,1
202300048085,27,8,2023,19:52,2,2,5,06,06088,2,4,2,2,2
202300048086,4,12,2023,08:54,1,3,3,75,75113,2,4,2,1,2
202300048086,4,12,2023,08:54,1,3,3,75,75113,2,4,1,1,2
202300048087,18,2,2023,17:25,1,1,6,34,34032,1,1,3,1,1
202300048088,26,8,2023,23:53,4,2,2,06,06088,2,4,1,1,2
202300048089,27,8,2023,08:45,1,3,7,06,06069,1,3,2,2,2
202300048090,4,12,2023,08:53,1,2,1,75,75113,2,4,2,1,2
202300048091,18,2,2023,16:00,1,1,4,26,26339,1,1,1,1,1
202300048092,26,8,2023,08:30,1,1,6,04,04070,2,4,1,1,1
202300048093,4,12,2023,21:05,5,2,6,75,75111,2,4,1,1,2
202300048093,4,12,2023,21:05,5,2,6,75,75111,2,4,-1,1,2
202300048094,27,8,2023,13:30,1,1,2,75,75119,2,4,4,1,1
202300048094,27,8,2023,13:30,1,1,2,75,75119,2,4,-1,1,1
202300048095,18,2,2023,13:10,1,1,2,84,84016,1,1,3,1,1
202300048096,19,2,2023,14:30,1,1,6,988,98825,1,2,2,1,1
202300048097,27,8,2023,14:30,1,1,6,75,75118,2,4,-1,1,1
202300048097,27,8,2023,14:30,1,1,6,75,75118,2,4,1,1,1
202300048098,4,12,2023,19:12,5,2,6,75,75111,2,4,2,1,2
202300048098,4,12,2023,19:12,5,2,6,75,75111,2,4,1,1,2
202300048099,27,8,2023,12:30,1,1,6,75,75115,2,4,1,1,1
202300048100,14,2,2023,14:25,1,1,2,971,97116,1,4,2,2,1
202300048101,27,8,2023,14:40,1,1,6,75,75107,2,4,2,1,1
202300048102,17,2,2023,20:00,3,1,7,77,77004,1,3,2,1,1
202300048103,4,12,2023,12:15,1,8,2,75,75111,2,4,1,1,1
202300048103,4,12,2023,12:15,1,8,2,75,75111,2,4,2,2,1
202300048104,27,8,2023,14:55,1,1,3,75,75112,2,4,2,1,1
202300048104,27,8,2023,14:55,1,1,3,75,75112,2,4,-1,1,1
202300048105,27,8,2023,00:06,5,1,3,75,75108,2,4,1,2,1
202300048105,27,8,2023,00:06,5,1,3,75,75108,2,4,1,2,1
202300048106,4,12,2023,12:30,1,1,6,75,75108,2,4,2,2,1
202300048107,27,8,2023,18:58,1,2,6,75,75107,2,4,2,1,2
202300048107,27,8,2023,18:58,1,2,6,75,75107,2,4,1,1,2
202300048108,19,2,2023,12:00,1,1,5,73,73303,1,3,2,1,1
202300048109,4,12,2023,19:41,5,1,6,75,75104,2,4,1,1,1
202300048109,4,12,2023,19:41,5,1,6,75,75104,2,4,2,1,1
202300048110,27,8,2023,08:00,1,1,6,75,75107,2,4,1,1,1
202300048110,27,8,2023,08:00,1,1,6,75,75107,2,4,-1,1,1
202300048111,19,2,2023,15:30,1,1,1,85,85298,1,4,2,1,1
202300048112,27,8,2023,06:55,1,1,6,94,94078,2,2,2,1,1
202300048113,18,2,2023,00:00,3,5,6,85,85016,1,3,2,2,1
202300048114,26,8,2023,04:16,5,1,6,94,94037,2,3,2,1,1
202300048115,19,2,2023,16:05,1,1,6,29,29022,1,3,3,1,1
202300048116,27,8,2023,20:30,5,2,6,94,94071,2,3,2,2,2
202300048117,18,2,2023,18:50,3,1,7,13,13215,1,1,-1,1,1
202300048118,4,12,2023,07:50,5,2,6,94,94068,2,3,2,1,2
202300048119,27,8,2023,19:15,1,2,3,94,94011,2,4,2,1,2
202300048120,17,2,2023,17:20,1,1,6,13,13071,1,1,-1,1,1
202300048121,4,12,2023,18:00,5,3,6,94,94002,2,4,1,1,2
202300048122,17,2,2023,16:14,1,1,2,13,13071,1,1,1,1,1
202300048123,27,8,2023,12:15,1,1,3,93,93062,2,3,2,1,1
202300048123,27,8,2023,12:15,1,1,3,93,93062,2,3,2,2,1
202300048124,18,2,2023,22:45,3,1,2,33,33281,1,1,3,1,1
202300048125,4,12,2023,19:30,5,2,6,94,94041,2,3,2,2,2
202300048125,4,12,2023,19:30,5,2,6,94,94041,2,3,1,1,2
202300048126,27,8,2023,16:25,1,1,2,93,93032,2,3,3,1,1
202300048126,27,8,2023,16:25,1,1,2,93,93032,2,3,2,1,1
202300048127,18,2,2023,13:45,1,1,4,91,91235,1,2,3,1,1
202300048128,27,8,2023,17:45,1,1,1,93,93031,2,4,2,1,1
202300048129,17,2,2023,19:10,5,1,7,75,75116,1,1,1,1,1
202300048130,3,12,2023,01:30,4,1,6,94,94011,2,3,3,1,1
202300048131,27,8,2023,17:00,1,1,3,93,93013,2,3,3,2,1
202300048132,18,2,2023,00:00,3,1,6,95,95018,1,1,3,1,1
202300048133,27,8,2023,11:30,1,1,3,93,93001,2,3,1,1,1
202300048133,27,8,2023,11:30,1,1,3,93,93001,2,3,1,1,1
202300048134,16,2,2023,08:28,1,1,6,92,92004,2,3,2,1,1
202300048134,16,2,2023,08:28,1,1,6,92,92004,2,3,1,1,1
202300048135,3,12,2023,18:20,5,8,1,94,94060,1,3,1,2,7
202300048135,3,12,2023,18:20,5,8,1,94,94060,1,3,2,2,7
202300048136,27,8,2023,20:50,5,8,7,92,92049,2,4,1,1,2
202300048137,16,2,2023,16:30,1,1,6,78,78361,2,4,-1,1,1
202300048138,4,12,2023,18:25,5,1,7,94,94069,2,3,2,1,1
202300048139,16,2,2023,12:30,1,1,6,988,98818,2,4,1,3,1
202300048140,26,8,2023,15:28,1,1,3,92,92049,2,3,2,1,1
202300048140,26,8,2023,15:28,1,1,3,92,92049,2,3,2,1,1
202300048141,27,8,2023,19:10,1,3,7,92,92040,2,3,1,1,2
202300048142,17,2,2023,15:00,1,1,3,974,97411,2,4,2,2,1