id_accident,jour,mois,annee,heure_minute,luminosite,meteo,type_collision,departement,commune,agglomeration,categorie_route,regime_circulation,profil_route,etat_surface
202300048142,17,2,2023,15:00,1,1,3,974,97411,2,4,2,2,1
202300048143,27,8,2023,13:00,1,1,3,92,92012,2,3,2,1,1
202300048143,27,8,2023,13:00,1,1,3,92,92012,2,3,1,1,1
202300048144,17,2,2023,09:00,1,1,2,974,97411,2,4,1,1,1
202300048145,2,12,2023,04:00,5,2,1,94,94017,2,3,2,1,2
202300048146,17,2,2023,11:15,1,1,6,973,97302,2,4,2,1,1
202300048147,27,8,2023,10:50,1,1,3,60,60130,1,3,1,1,1
202300048147,27,8,2023,10:50,1,1,3,60,60130,1,3,2,1,1
202300048148,4,12,2023,18:40,5,3,6,93,93070,2,4,2,2,2
202300048148,4,12,2023,18:40,5,3,6,93,93070,2,4,2,1,2
202300048149,26,8,2023,17:00,1,1,1,976,97610,1,2,-1,1,1
202300048150,17,2,2023,10:30,1,1,3,69,69387,2,4,1,1,1
202300048150,17,2,2023,10:30,1,1,3,69,69387,2,4,2,1,1
202300048151,4,12,2023,19:20,5,2,5,93,93077,2,4,2,1,2
202300048152,17,2,2023,08:55,1,1,2,69,69387,2,4,2,1,1
202300048152,17,2,2023,08:55,1,1,2,69,69387,2,4,2,1,1
202300048153,27,8,2023,12:00,1,1,5,49,49063,1,3,2,2,1
202300048154,4,12,2023,15:05,1,2,1,93,93062,2,4,2,3,2
202300048155,17,2,2023,14:00,1,1,6,69,69389,2,9,2,1,1
202300048156,24,8,2023,13:30,1,1,5,35,35128,1,3,2,1,1
202300048157,17,2,2023,18:10,5,2,3,971,97101,1,4,2,1,2
202300048158,27,8,2023,01:00,3,1,6,972,97225,1,3,2,1,1
202300048159,4,12,2023,08:00,2,2,6,93,93053,2,3,2,1,2
202300048159,4,12,2023,08:00,2,2,6,93,93053,2,3,3,1,2
202300048160,28,8,2023,06:00,3,1,6,62,62531,1,3,2,1,1
202300048161,17,2,2023,13:23,1,1,6,95,95127,2,4,3,1,1
202300048161,17,2,2023,13:23,1,1,6,95,95127,2,4,3,1,1
202300048162,4,12,2023,14:07,1,8,3,93,93046,2,6,-1,1,2
202300048163,27,9,2023,17:45,1,1,3,33,33080,1,3,2,1,1
202300048163,27,9,2023,17:45,1,1,3,33,33080,1,3,2,1,1
202300048164,17,2,2023,07:10,4,1,6,91,91425,2,3,3,1,1
202300048165,27,8,2023,01:00,3,3,2,38,38239,1,3,3,2,2
202300048166,30,9,2023,11:43,1,1,3,72,72154,2,4,-1,1,1
202300048167,3,12,2023,18:20,5,1,5,93,93046,2,4,2,1,1
202300048168,27,8,2023,10:55,1,2,6,30,30202,2,4,2,1,2
202300048169,17,2,2023,17:54,1,1,1,91,91312,2,4,2,1,1
202300048170,1,10,2023,06:50,5,1,6,29,29042,2,6,-1,2,1
202300048171,4,12,2023,08:00,2,3,3,93,93005,2,4,1,1,2
202300048171,4,12,2023,08:00,2,3,3,93,93005,2,4,2,1,2
202300048172,30,9,2023,12:35,1,1,3,22,22277,1,3,2,1,1
202300048173,3,12,2023,05:30,5,1,7,93,93001,2,4,1,1,1
202300048174,30,7,2023,15:45,1,1,3,91,91272,2,3,2,1,1
202300048175,17,2,2023,16:20,1,1,3,91,91027,2,4,2,1,1
202300048175,17,2,2023,16:20,1,1,3,91,91027,2,4,1,1,1
202300048176,4,12,2023,12:40,1,2,2,92,92036,2,3,1,1,2
202300048177,30,9,2023,18:15,1,1,1,27,27072,1,3,2,1,1
202300048177,30,9,2023,18:15,1,1,1,27,27072,1,3,2,1,1
202300048178,28,8,2023,08:15,1,1,7,51,51259,1,9,2,1,1
202300048179,17,2,2023,14:30,1,1,6,78,78440,2,4,2,1,1
202300048180,4,12,2023,15:40,1,2,3,92,92025,2,3,2,1,2
202300048181,30,9,2023,18:24,1,1,7,60,60139,1,3,2,1,1
202300048182,26,8,2023,17:45,1,1,1,56,56179,1,3,2,2,1
202300048183,1,10,2023,11:35,1,1,2,60,60421,1,2,2,2,1
202300048184,4,12,2023,18:18,5,2,2,92,92012,2,3,2,1,2
202300048185,28,8,2023,16:00,1,1,7,76,76159,2,4,2,1,1
202300048186,17,2,2023,10:20,1,1,3,77,77445,2,4,2,1,1
202300048186,17,2,2023,10:20,1,1,3,77,77445,2,4,2,1,1
202300048187,30,9,2023,14:10,1,1,2,62,62811,1,3,2,1,1
202300048187,30,9,2023,14:10,1,1,2,62,62811,1,3,2,1,1
202300048188,4,12,2023,09:30,1,2,3,92,92004,2,4,1,1,2
202300048188,4,12,2023,09:30,1,2,3,92,92004,2,4,1,1,2
202300048189,26,8,2023,15:30,1,1,3,76,76146,2,3,2,1,1
202300048190,4,12,2023,05:45,5,2,6,92,92009,2,3,2,1,2
202300048190,4,12,2023,05:45,5,2,6,92,92009,2,3,-1,1,2
202300048191,1,10,2023,17:00,1,1,1,59,59011,2,7,2,1,1
202300048191,1,10,2023,17:00,1,1,1,59,59011,2,7,2,1,1
202300048192,29,9,2023,20:05,5,1,3,13,13215,1,1,1,2,1
202300048193,17,2,2023,07:00,2,2,2,77,77186,1,3,2,1,2
202300048194,4,12,2023,19:20,5,8,3,92,92002,2,3,3,1,2
202300048194,4,12,2023,19:20,5,8,3,92,92002,2,3,1,1,2
202300048195,29,9,2023,17:40,1,1,2,13,13215,1,1,-1,1,1
202300048196,27,8,2023,11:25,1,1,5,41,41229,1,1,3,1,1
202300048197,29,9,2023,08:15,1,1,2,13,13202,1,7,-1,1,1
202300048198,27,8,2023,17:25,1,1,1,69,69267,1,3,2,2,1
202300048199,4,12,2023,10:50,1,1,1,39,39120,1,3,2,1,5
202300048200,17,2,2023,18:25,5,1,6,76,76322,1,2,3,1,1
202300048201,29,9,2023,04:40,5,1,2,69,69382,1,7,2,1,1
202300048202,27,11,2023,18:50,3,2,6,22,22011,1,4,2,1,2
202300048203,27,8,2023,16:30,1,1,7,71,71373,1,3,2,1,1
202300048204,25,9,2023,17:15,1,1,3,69,69029,1,7,3,2,1
202300048205,17,2,2023,02:00,3,1,7,76,76540,2,2,3,1,1
202300048206,29,9,2023,21:52,4,1,7,33,33162,1,1,3,1,1
202300048207,4,12,2023,19:30,3,2,2,57,57177,1,3,2,1,6
202300048208,26,8,2023,10:25,1,2,6,63,63448,1,4,2,2,2
202300048209,30,9,2023,20:05,4,1,4,91,91687,1,1,1,1,1
202300048210,25,8,2023,10:55,1,1,7,49,49241,1,4,2,1,1
202300048211,30,9,2023,18:35,1,1,3,94,94034,1,1,1,1,1
202300048212,30,9,2023,10:20,1,1,3,94,94065,1,2,3,1,1
202300048213,28,8,2023,08:00,1,1,3,12,12021,1,3,2,2,1
202300048214,29,9,2023,18:30,1,1,7,91,91570,1,2,1,1,1
202300048215,30,9,2023,15:10,1,1,2,92,92025,1,1,-1,2,1
202300048216,14,2,2023,17:30,1,1,2,72,72181,1,4,2,1,1
202300048216,14,2,2023,17:30,1,1,2,72,72181,1,4,2,1,1
202300048217,26,8,2023,18:35,1,2,6,25,25387,1,3,2,2,2
202300048218,29,9,2023,21:30,4,1,4,92,92023,1,1,1,1,1
202300048219,26,8,2023,19:30,1,8,6,25,25218,1,3,2,2,2
202300048220,15,2,2023,18:00,2,1,1,71,71270,2,4,2,1,1
202300048220,15,2,2023,18:00,2,1,1,71,71270,2,4,1,2,1
202300048221,29,9,2023,20:45,3,1,5,78,78140,1,1,3,2,1
202300048222,17,2,2023,14:05,1,1,3,69,69256,2,4,2,1,1
202300048222,17,2,2023,14:05,1,1,3,69,69256,2,4,2,1,1
202300048223,26,8,2023,14:42,1,1,3,44,44212,2,3,2,1,1
202300048224,29,9,2023,17:20,1,1,2,92,92050,1,1,3,1,1
202300048225,17,2,2023,08:20,1,1,3,69,69266,2,4,2,1,1
202300048225,17,2,2023,08:20,1,1,3,69,69266,2,4,2,1,1
202300048226,30,9,2023,05:15,2,1,5,95,95018,1,1,3,1,1
202300048227,30,9,2023,00:17,3,1,3,93,93063,1,1,-1,2,1
202300048228,29,9,2023,18:50,1,1,3,95,95018,1,1,3,1,1
202300048229,26,8,2023,19:05,1,3,2,35,35243,1,2,3,1,2
202300048230,29,9,2023,15:45,1,1,2,95,95527,1,1,3,1,1
202300048231,19,7,2023,20:20,1,1,6,60,60184,1,3,2,2,1
202300048232,17,2,2023,12:30,1,1,6,69,69264,2,4,1,1,1
202300048233,29,9,2023,16:15,1,1,2,93,93064,1,1,3,1,1
202300048234,12,7,2023,06:10,2,1,1,60,60086,1,3,2,1,1
202300048235,17,2,2023,13:20,1,1,4,69,69091,2,7,2,1,1
202300048236,29,9,2023,11:00,1,1,4,93,93010,1,1,3,1,1
202300048237,30,9,2023,20:58,3,1,4,75,75112,1,1,1,1,1
202300048238,15,2,2023,22:00,5,5,7,67,67482,2,4,3,1,1
202300048239,16,7,2023,19:20,1,1,1,07,07009,1,3,2,2,1
202300048240,16,2,2023,16:00,1,1,6,64,64445,2,4,2,3,1
202300048241,29,9,2023,19:55,3,1,6,91,91326,2,9,1,1,1
202300048242,20,7,2023,15:00,1,1,3,85,85029,1,3,2,1,1
202300048243,17,2,2023,16:20,1,1,3,64,64024,2,4,2,1,1
202300048244,16,6,2023,19:00,1,1,3,93,93079,2,3,2,1,1
202300048244,16,6,2023,19:00,1,1,3,93,93079,2,3,1,1,1
202300048245,15,2,2023,16:00,1,1,6,63,63103,2,3,2,1,1
202300048245,15,2,2023,16:00,1,1,6,63,63103,2,3,2,4,1
202300048246,28,9,2023,11:00,1,1,3,974,97411,2,3,2,2,1
202300048246,28,9,2023,11:00,1,1,3,974,97411,2,3,2,1,1
202300048247,19,7,2023,15:45,1,1,3,85,85047,1,4,2,1,1
202300048247,19,7,2023,15:45,1,1,3,85,85047,1,4,2,1,1
202300048248,25,9,2023,16:30,1,1,6,974,97411,2,4,1,1,1
202300048249,20,7,2023,17:00,1,1,3,27,27531,2,4,2,1,1
202300048249,20,7,2023,17:00,1,1,3,27,27531,2,4,2,1,1
202300048250,17,2,2023,21:05,5,2,3,62,62160,2,4,1,2,2
202300048250,17,2,2023,21:05,5,2,3,62,62160,2,4,1,1,2
202300048251,29,9,2023,09:20,1,8,3,974,97407,2,4,2,1,1
202300048252,20,7,2023,16:35,1,1,7,28,28325,1,3,2,1,1
202300048253,17,2,2023,14:45,1,1,3,59,59599,2,4,2,1,1
202300048253,17,2,2023,14:45,1,1,3,59,59599,2,4,2,1,1
202300048254,29,9,2023,18:15,1,1,2,69,69389,2,4,2,2,1
202300048255,20,7,2023,13:50,1,1,1,28,28386,1,3,2,3,1
202300048255,20,7,2023,13:50,1,1,1,28,28386,1,3,2,1,1
202300048256,29,9,2023,11:30,1,1,3,2A,2A004,2,4,2,1,1
202300048257,19,7,2023,17:20,1,7,1,37,37156,1,3,2,1,1
202300048257,19,7,2023,17:20,1,7,1,37,37156,1,3,2,1,1
202300048258,7,2,2023,08:30,1,1,3,59,59350,2,4,1,1,1
202300048259,29,9,2023,16:45,1,1,6,91,91377,2,4,1,1,1
202300048260,29,9,2023,14:00,1,1,3,91,91657,2,3,2,1,1
202300048261,17,2,2023,17:35,2,1,3,59,59378,2,7,1,1,1
202300048261,17,2,2023,17:35,2,1,3,59,59378,2,7,2,1,1
202300048262,29,9,2023,07:40,1,1,2,91,91201,2,3,2,2,1
202300048263,15,2,2023,07:35,2,1,5,59,59329,1,3,2,1,1
202300048264,18,7,2023,17:20,1,7,2,13,13097,1,1,2,1,1
202300048265,29,9,2023,02:30,5,1,3,91,91432,2,4,1,1,1
202300048265,29,9,2023,02:30,5,1,3,91,91432,2,4,2,1,1
202300048266,17,2,2023,19:25,5,1,4,51,51454,1,4,1,2,1
202300048267,18,7,2023,21:15,2,1,2,60,60494,1,3,2,1,1
202300048268,17,2,2023,13:05,1,1,2,51,51454,2,4,2,1,1
202300048268,17,2,2023,13:05,1,1,2,51,51454,2,4,2,1,1
202300048269,28,9,2023,20:46,2,1,7,87,87085,2,4,2,1,1
202300048269,28,9,2023,20:46,2,1,7,87,87085,2,4,2,1,1
202300048270,17,2,2023,09:40,1,1,3,49,49328,2,4,2,1,1
202300048270,17,2,2023,09:40,1,1,3,49,49328,2,4,2,1,1
202300048271,28,9,2023,18:14,1,1,3,87,87085,2,4,1,1,1
202300048271,28,9,2023,18:14,1,1,3,87,87085,2,4,2,2,1
202300048272,14,2,2023,16:30,1,1,7,49,49099,2,3,1,1,1
202300048273,16,7,2023,05:15,2,1,1,971,97128,1,2,2,2,1
202300048274,22,9,2023,22:46,5,1,6,87,87050,2,4,2,1,1
202300048274,22,9,2023,22:46,5,1,6,87,87050,2,4,2,1,1
202300048275,17,2,2023,13:10,1,1,6,49,49015,2,4,2,1,1
202300048276,20,7,2023,18:10,1,1,3,2A,2A247,1,3,2,2,1
202300048277,29,9,2023,19:00,1,1,3,86,86194,2,4,2,1,1
202300048278,28,9,2023,19:02,1,1,6,78,78440,2,3,3,1,1
202300048279,17,2,2023,07:45,2,2,2,37,37261,2,4,-1,1,2
202300048280,20,7,2023,02:30,3,1,1,83,83065,1,3,2,1,1
202300048281,17,2,2023,08:30,1,1,3,35,35281,2,2,3,4,1
202300048281,17,2,2023,08:30,1,1,3,35,35281,2,2,3,1,1
202300048282,19,7,2023,19:55,1,7,3,71,71472,2,3,2,2,1
202300048282,19,7,2023,19:55,1,7,3,71,71472,2,3,2,2,1
202300048283,29,9,2023,09:17,1,1,1,77,77337,2,4,2,1,1
202300048284,15,2,2023,19:45,2,1,1,34,34161,1,3,2,1,1
202300048285,28,9,2023,12:05,1,1,6,77,77288,2,4,2,1,1
202300048285,28,9,2023,12:05,1,1,6,77,77288,2,4,2,1,1
202300048286,20,7,2023,15:50,1,1,1,10,10006,2,3,2,1,1
202300048286,20,7,2023,15:50,1,1,1,10,10006,2,3,-1,1,1
202300048287,17,2,2023,21:23,5,1,3,33,33063,2,4,3,1,1
202300048288,17,7,2023,18:55,1,1,3,68,68028,2,3,2,2,1
202300048289,17,2,2023,18:30,2,1,6,33,33550,2,4,2,1,1
202300048290,29,9,2023,19:45,2,1,3,76,76498,2,7,2,1,1
202300048290,29,9,2023,19:45,2,1,3,76,76498,2,7,2,1,1
202300048291,19,7,2023,19:30,1,1,7,88,88470,2,4,2,2,1
202300048292,28,9,2023,14:15,1,1,2,72,72181,1,4,2,1,1
202300048293,7,2,2023,19:55,5,1,3,30,30189,2,3,-1,1,1
202300048293,7,2,2023,19:55,5,1,3,30,30189,2,3,2,1,1
202300048294,19,7,2023,15:20,1,1,5,88,88196,1,3,2,1,1
202300048295,28,9,2023,14:40,1,1,3,71,71306,2,4,2,1,1
202300048296,11,2,2023,21:25,5,1,6,30,30189,2,4,1,1,1
202300048296,11,2,2023,21:25,5,1,6,30,30189,2,4,2,1,1
202300048297,19,7,2023,11:51,1,1,7,81,81248,1,3,2,1,1
202300048298,17,2,2023,09:30,1,8,6,29,29232,2,3,1,2,2
202300048299,29,9,2023,20:50,5,1,3,71,71076,2,4,3,1,1
202300048299,29,9,2023,20:50,5,1,3,71,71076,2,4,3,1,1
202300048299,29,9,2023,20:50,5,1,3,71,71076,2,4,2,1,1
202300048300,19,7,2023,03:57,5,1,6,31,31451,2,4,2,1,2
202300048301,17,2,2023,10:45,1,1,2,28,28085,2,4,4,2,1
202300048302,29,9,2023,22:30,3,1,7,69,69266,1,4,2,1,1
202300048303,19,7,2023,13:15,1,1,1,64,64177,2,3,2,1,1
202300048304,16,2,2023,10:20,1,1,3,19,19031,2,3,2,1,1
202300048305,29,9,2023,17:45,1,1,3,69,69275,2,4,2,1,1
202300048305,29,9,2023,17:45,1,1,3,69,69275,2,4,4,1,1
202300048306,14,2,2023,16:49,1,1,6,16,16015,2,4,-1,1,1
202300048307,20,7,2023,07:50,1,1,3,47,47157,1,3,2,1,1
202300048307,20,7,2023,07:50,1,1,3,47,47157,1,3,2,1,1
202300048308,28,9,2023,09:45,1,1,3,69,69259,2,4,1,1,1
202300048309,20,7,2023,01:40,3,1,2,33,33433,1,3,2,1,1
202300048310,17,2,2023,20:30,4,1,3,13,13043,2,3,3,1,1
202300048310,17,2,2023,20:30,4,1,3,13,13043,2,3,2,1,1
202300048311,29,9,2023,15:50,1,1,7,67,67482,2,7,2,1,1
202300048311,29,9,2023,15:50,1,1,7,67,67482,2,7,2,1,1
202300048312,19,7,2023,22:25,3,1,6,85,85222,1,4,2,1,9
202300048313,17,2,2023,11:25,1,1,3,13,13216,2,7,3,1,1
202300048314,29,9,2023,12:17,1,1,6,67,67447,2,7,2,2,1
202300048315,17,2,2023,19:35,5,2,2,75,75118,2,4,3,1,2
202300048316,14,6,2023,19:30,1,1,3,69,69382,2,4,1,1,1
202300048316,14,6,2023,19:30,1,1,3,69,69382,2,4,1,2,1
202300048317,20,7,2023,18:00,1,1,7,27,27329,1,4,2,1,1
202300048318,28,9,2023,07:40,1,1,3,66,66136,2,4,2,1,1
202300048318,28,9,2023,07:40,1,1,3,66,66136,2,4,2,1,1
202300048319,19,7,2023,08:10,1,1,6,83,83090,1,1,1,2,1
202300048320,17,2,2023,17:00,1,1,4,75,75113,2,4,-1,1,1
202300048321,14,6,2023,07:55,1,1,2,69,69381,2,4,2,2,1
202300048321,14,6,2023,07:55,1,1,2,69,69381,2,4,2,2,1
202300048322,29,9,2023,19:20,1,7,6,64,64024,2,4,2,1,1
202300048323,7,1,2023,20:30,3,9,1,22,22187,1,2,1,2,1
202300048324,18,7,2023,22:20,3,1,3,42,42218,1,2,3,1,1
202300048325,17,2,2023,16:20,1,1,3,75,75112,2,4,-1,1,1
202300048326,28,9,2023,18:20,1,1,6,64,64102,2,4,2,1,1
202300048327,7,1,2023,10:50,1,1,1,13,13117,2,4,2,1,1
202300048328,14,6,2023,16:08,1,1,2,2B,2B033,1,2,1,1,1
202300048329,7,1,2023,23:20,5,1,5,13,13215,2,3,2,2,1
202300048330,17,2,2023,09:00,1,1,6,75,75114,2,4,1,1,1
202300048330,17,2,2023,09:00,1,1,6,75,75114,2,4,1,1,1
202300048331,19,7,2023,14:16,1,1,5,94,94065,1,1,-1,2,1
202300048332,28,9,2023,08:35,1,1,3,62,62263,2,4,2,1,1
202300048332,28,9,2023,08:35,1,1,3,62,62263,2,4,2,1,1
202300048333,14,6,2023,04:30,5,1,3,971,97101,1,2,2,1,1
202300048334,16,2,2023,18:15,2,1,7,75,75118,2,4,1,1,1
202300048335,7,1,2023,06:45,5,1,1,13,13213,2,4,2,1,1
202300048336,18,7,2023,10:05,1,1,2,78,78158,1,1,-1,1,1
202300048337,29,9,2023,12:35,1,1,6,61,61001,2,3,2,2,1
202300048338,15,2,2023,23:50,5,1,3,75,75120,2,4,1,1,1
202300048339,14,6,2023,14:04,1,1,3,2A,2A004,2,6,-1,4,1
202300048339,14,6,2023,14:04,1,1,3,2A,2A004,2,6,2,1,1
202300048340,18,7,2023,18:00,1,1,6,78,78498,1,1,1,1,1
202300048341,7,1,2023,04:50,5,1,3,13,13205,2,4,2,1,1
202300048341,7,1,2023,04:50,5,1,3,13,13205,2,4,2,1,1
202300048342,29,9,2023,12:15,1,1,2,61,61001,2,4,2,1,1
202300048343,18,7,2023,06:15,1,1,7,95,95277,1,1,3,2,1
202300048344,15,2,2023,15:33,1,1,3,75,75113,2,4,2,1,1
202300048344,15,2,2023,15:33,1,1,3,75,75113,2,4,1,1,1
202300048345,7,1,2023,15:40,1,1,6,06,06088,1,4,1,1,1
202300048346,6,1,2023,17:39,2,1,6,03,03321,2,3,2,1,1
202300048347,17,2,2023,18:55,5,1,3,75,75105,2,4,2,1,1
202300048347,17,2,2023,18:55,5,1,3,75,75105,2,4,1,1,1
202300048348,14,6,2023,17:45,1,1,6,91,91549,2,3,2,1,1
202300048349,4,1,2023,12:10,1,3,4,973,97302,2,3,2,1,2
202300048350,17,7,2023,10:05,1,1,4,95,95527,1,1,3,1,1
202300048351,17,2,2023,10:30,1,1,3,75,75106,2,4,1,1,1
202300048351,17,2,2023,10:30,1,1,3,75,75106,2,4,1,1,1
202300048352,30,9,2023,00:00,5,1,3,59,59152,2,7,1,1,1
202300048352,30,9,2023,00:00,5,1,3,59,59152,2,7,1,1,1
202300048353,14,6,2023,18:30,1,1,6,91,91667,2,4,2,1,1
202300048354,6,1,2023,12:52,1,8,3,69,69142,2,7,2,2,1
202300048354,6,1,2023,12:52,1,8,3,69,69142,2,7,2,2,1
202300048355,19,7,2023,16:10,1,1,3,77,77517,1,1,3,1,1
202300048356,29,9,2023,11:43,1,2,6,59,59279,2,4,2,1,2
202300048357,16,2,2023,08:04,1,1,6,75,75118,2,4,1,1,1
202300048357,16,2,2023,08:04,1,1,6,75,75118,2,4,1,1,1
202300048358,14,6,2023,15:00,1,7,3,91,91347,2,4,2,2,1
202300048359,6,1,2023,11:00,1,8,3,69,69385,2,4,3,1,2
202300048360,19,7,2023,13:45,1,1,2,94,94065,1,2,3,1,1
202300048361,17,2,2023,16:30,1,1,2,75,75116,2,4,1,1,1
202300048362,28,9,2023,17:30,1,1,2,59,59599,2,4,3,1,1
202300048362,28,9,2023,17:30,1,1,2,59,59599,2,4,3,1,1
202300048363,6,1,2023,18:50,3,1,2,95,95539,1,3,3,1,1
202300048364,14,6,2023,13:44,1,1,3,91,91161,2,4,-1,1,1
202300048364,14,6,2023,13:44,1,1,3,91,91161,2,4,4,1,1
202300048365,19,7,2023,05:30,2,1,5,93,93051,1,1,3,1,1
202300048366,17,2,2023,15:03,1,1,6,75,75116,2,4,1,1,1
202300048366,17,2,2023,15:03,1,1,6,75,75116,2,4,2,1,1
202300048367,6,1,2023,19:05,4,1,3,91,91027,2,3,2,1,1
202300048368,29,9,2023,13:40,1,8,3,59,59560,1,7,2,3,2
202300048368,29,9,2023,13:40,1,8,3,59,59560,1,7,2,3,2
202300048369,17,6,2023,05:10,2,1,2,94,94081,1,1,1,1,1
202300048370,13,6,2023,12:45,1,1,3,91,91589,2,4,2,1,1
202300048370,13,6,2023,12:45,1,1,3,91,91589,2,4,2,1,1
202300048371,17,2,2023,17:46,2,1,3,75,75114,2,4,1,1,1
202300048372,28,9,2023,12:10,1,2,2,56,56121,2,4,2,1,2
202300048373,3,1,2023,20:15,3,1,1,88,88409,1,3,2,1,1
202300048374,30,4,2023,18:00,1,1,2,43,43185,2,3,2,2,1
202300048375,10,6,2023,22:31,5,1,6,87,87050,2,3,2,1,1
202300048376,17,2,2023,20:45,5,1,3,75,75101,2,4,1,2,1
202300048377,18,8,2023,09:40,1,1,3,55,55505,2,4,2,1,1
202300048378,5,1,2023,11:44,1,1,3,87,87085,2,2,2,2,1
202300048378,5,1,2023,11:44,1,1,3,87,87085,2,2,2,1,1
202300048379,18,7,2023,15:40,1,1,3,22,22215,2,3,2,1,1
202300048379,18,7,2023,15:40,1,1,3,22,22215,2,3,2,1,1
202300048380,10,6,2023,10:47,1,1,6,87,87085,2,4,3,1,1
202300048381,29,9,2023,15:10,1,1,6,54,54395,2,4,2,1,1
202300048382,17,2,2023,18:20,2,1,3,75,75103,2,4,2,1,1
202300048382,17,2,2023,18:20,2,1,3,75,75103,2,4,2,1,1
202300048383,29,9,2023,08:30,1,1,2,54,54395,2,4,1,1,1
202300048384,18,7,2023,15:15,1,1,3,976,97611,2,4,2,2,1
202300048384,18,7,2023,15:15,1,1,3,976,97611,2,4,2,2,1
202300048385,5,1,2023,18:15,2,1,6,84,84007,2,4,2,1,1
202300048385,5,1,2023,18:15,2,1,6,84,84007,2,4,2,1,1
202300048386,13,6,2023,15:07,1,3,3,87,87085,2,4,2,1,2
202300048386,13,6,2023,15:07,1,3,3,87,87085,2,4,4,1,2
202300048387,17,2,2023,11:50,1,1,3,75,75104,2,4,1,1,1
202300048387,17,2,2023,11:50,1,1,3,75,75104,2,4,2,1,1
202300048388,18,7,2023,07:50,1,2,7,974,97416,1,2,2,1,2
202300048389,29,9,2023,07:40,1,1,2,54,54578,2,4,2,1,1
202300048390,6,1,2023,20:20,5,1,1,83,83062,2,4,2,1,1
202300048391,17,2,2023,10:35,1,1,7,75,75103,2,4,2,1,1
202300048391,17,2,2023,10:35,1,1,7,75,75103,2,4,2,1,1
202300048392,18,7,2023,12:45,1,1,2,974,97409,2,4,2,1,1
202300048393,13,6,2023,18:20,1,1,2,86,86194,2,4,3,1,1
202300048394,28,9,2023,16:59,1,1,3,54,54526,2,4,2,1,1
202300048394,28,9,2023,16:59,1,1,3,54,54526,2,4,2,2,1
202300048395,6,1,2023,19:20,4,1,1,83,83090,2,3,2,3,1
202300048396,17,2,2023,07:00,5,1,6,75,75103,2,4,1,1,1
202300048396,17,2,2023,07:00,5,1,6,75,75103,2,4,-1,1,1
202300048397,14,6,2023,16:50,1,1,6,78,78440,2,4,2,1,1
202300048397,14,6,2023,16:50,1,1,6,78,78440,2,4,1,1,1
202300048398,18,7,2023,20:10,1,1,3,69,69387,2,4,1,1,1
202300048398,18,7,2023,20:10,1,1,3,69,69387,2,4,2,1,1
202300048399,6,1,2023,18:49,5,1,2,83,83123,2,3,2,2,1
202300048400,28,9,2023,10:20,1,1,3,54,54395,2,4,1,1,1
202300048401,17,2,2023,17:05,1,1,3,94,94081,2,3,3,1,1
202300048401,17,2,2023,17:05,1,1,3,94,94081,2,3,2,1,1
202300048402,14,6,2023,14:30,1,1,3,78,78401,2,3,2,1,1
202300048403,18,7,2023,05:55,2,1,3,69,69383,2,4,2,2,1
202300048404,29,9,2023,16:05,1,1,6,51,51454,2,4,2,2,1
202300048404,29,9,2023,16:05,1,1,6,51,51454,2,4,2,2,1
202300048405,5,1,2023,20:30,5,1,5,83,83126,2,4,2,1,1
202300048406,18,7,2023,17:30,1,1,3,69,69149,2,4,2,1,1
202300048407,14,6,2023,16:30,1,1,3,76,76540,2,7,2,1,1
202300048408,17,2,2023,12:45,1,8,3,94,94081,2,3,1,1,1
202300048408,17,2,2023,12:45,1,8,3,94,94081,2,3,2,1,1
202300048409,29,9,2023,11:05,1,1,3,51,51454,2,4,1,1,1
202300048409,29,9,2023,11:05,1,1,3,51,51454,2,4,1,1,1
202300048410,5,1,2023,17:10,2,1,3,83,83129,2,3,2,1,1
202300048410,5,1,2023,17:10,2,1,3,83,83129,2,3,2,1,1
202300048411,18,7,2023,08:00,1,8,3,95,95288,2,3,1,4,1
202300048411,18,7,2023,08:00,1,8,3,95,95288,2,3,-1,2,1
202300048412,6,1,2023,14:45,1,1,6,83,83069,2,4,2,1,1
202300048413,14,2,2023,12:24,1,1,6,94,94043,2,3,2,1,1
202300048414,27,9,2023,11:45,1,1,2,50,50129,2,4,3,2,1
202300048414,27,9,2023,11:45,1,1,2,50,50129,2,4,2,1,1
202300048415,14,6,2023,18:35,1,1,3,73,73065,2,3,2,1,1
202300048415,14,6,2023,18:35,1,1,3,73,73065,2,3,2,2,1
202300048416,17,2,2023,10:15,1,8,6,94,94017,2,3,2,1,1
202300048417,17,7,2023,16:50,1,1,3,95,95427,2,4,2,1,1
202300048418,4,1,2023,08:45,1,1,1,83,83061,1,3,2,2,1
202300048419,28,9,2023,22:38,3,1,1,49,49328,2,4,2,1,1
202300048420,13,6,2023,14:15,1,1,3,72,72181,2,4,3,1,1
202300048421,16,2,2023,19:40,5,1,3,94,94017,2,3,3,1,1
202300048422,5,1,2023,08:15,1,8,3,82,82121,2,4,2,1,2
202300048423,28,9,2023,17:53,1,1,3,49,49328,2,4,2,1,1
202300048424,17,7,2023,12:15,1,1,1,91,91377,2,4,3,1,1
202300048425,12,6,2023,14:40,1,1,7,72,72181,2,4,2,1,1
202300048426,17,2,2023,17:05,1,1,6,93,93031,2,4,2,1,1
202300048427,6,1,2023,12:35,1,8,3,81,81163,2,2,-1,1,1
202300048427,6,1,2023,12:35,1,8,3,81,81163,2,2,2,1,1