id_accident,jour,mois,annee,heure_minute,luminosite,meteo,type_collision,departement,commune,agglomeration,categorie_route,regime_circulation,profil_route,etat_surface
202300048428,14,6,2023,09:40,1,1,7,69,69264,2,4,2,1,1
202300048429,17,7,2023,18:35,1,1,1,85,85194,2,4,2,1,1
202300048430,17,2,2023,18:50,5,1,3,93,93029,2,4,-1,1,1
202300048430,17,2,2023,18:50,5,1,3,93,93029,2,4,1,1,1
202300048431,28,9,2023,03:30,5,1,1,49,49007,2,4,2,1,1
202300048431,28,9,2023,03:30,5,1,1,49,49007,2,4,2,1,1
202300048432,12,6,2023,13:45,1,1,3,69,69029,2,4,2,1,1
202300048432,12,6,2023,13:45,1,1,3,69,69029,2,4,1,1,1
202300048433,17,2,2023,19:30,4,1,6,93,93005,2,3,3,1,1
202300048434,17,7,2023,17:10,1,1,5,81,81004,1,3,-1,1,1
202300048435,29,9,2023,07:25,1,1,3,47,47001,2,4,2,1,1
202300048435,29,9,2023,07:25,1,1,3,47,47001,2,4,2,1,1
202300048436,17,2,2023,16:00,1,1,3,92,92075,2,4,2,1,1
202300048437,6,1,2023,14:09,1,2,1,76,76157,2,4,2,1,6
202300048437,6,1,2023,14:09,1,2,1,76,76157,2,4,2,1,6
202300048438,29,9,2023,16:50,1,1,6,45,45234,2,4,2,1,1
202300048439,14,6,2023,08:51,1,7,3,68,68066,2,3,2,2,1
202300048439,14,6,2023,08:51,1,7,3,68,68066,2,3,2,1,1
202300048440,18,7,2023,13:10,1,1,3,77,77268,2,3,2,1,1
202300048440,18,7,2023,13:10,1,1,3,77,77268,2,3,2,1,1
202300048441,16,2,2023,09:00,1,1,1,92,92064,2,4,3,2,1
202300048442,6,1,2023,06:30,2,2,2,76,76474,2,7,2,4,2
202300048442,6,1,2023,06:30,2,2,2,76,76474,2,7,2,1,2
202300048443,16,7,2023,20:10,1,3,6,76,76178,1,7,2,1,2
202300048444,29,9,2023,05:48,5,1,3,45,45338,2,4,1,1,1
202300048444,29,9,2023,05:48,5,1,3,45,45338,2,4,2,1,1
202300048445,17,2,2023,20:45,5,1,1,92,92063,2,4,2,1,1
202300048446,13,6,2023,08:15,1,1,3,67,67482,2,4,2,1,1
202300048447,30,9,2023,23:47,5,1,6,44,44109,2,4,2,1,1
202300048448,6,1,2023,12:57,1,1,3,72,72095,2,4,-1,1,1
202300048449,15,6,2023,16:00,1,1,3,76,76351,2,3,2,1,1
202300048449,15,6,2023,16:00,1,1,3,76,76351,2,3,2,1,1
202300048450,17,2,2023,17:30,1,8,2,92,92062,2,4,1,1,1
202300048451,5,1,2023,17:55,5,1,6,72,72181,2,4,3,1,1
202300048452,12,6,2023,12:10,1,1,3,66,66136,2,4,2,1,1
202300048453,18,7,2023,01:00,3,1,6,76,76707,1,3,1,2,1
202300048454,29,9,2023,09:40,1,1,3,44,44109,2,4,1,2,1
202300048454,29,9,2023,09:40,1,1,3,44,44109,2,4,-1,1,1
202300048455,16,2,2023,09:15,1,8,6,92,92050,2,4,1,1,1
202300048455,16,2,2023,09:15,1,8,6,92,92050,2,4,2,2,1
202300048456,5,1,2023,13:35,1,1,3,72,72181,2,4,1,2,1
202300048457,13,6,2023,22:35,5,2,7,65,65440,2,2,3,1,2
202300048458,28,9,2023,16:48,1,1,1,41,41018,2,4,2,1,1
202300048459,17,2,2023,00:09,5,1,7,92,92049,2,3,1,1,1
202300048460,6,1,2023,18:35,5,1,6,69,69266,2,4,2,1,1
202300048461,17,7,2023,22:00,5,1,3,71,71270,2,3,2,1,1
202300048462,29,9,2023,19:55,3,1,7,38,38382,1,1,1,1,1
202300048463,18,7,2023,12:15,1,1,6,69,69266,2,4,2,1,1
202300048464,6,1,2023,07:50,2,2,6,69,69115,2,3,2,1,2
202300048465,17,2,2023,10:09,1,1,6,92,92044,2,4,1,1,1
202300048466,14,6,2023,22:00,2,1,3,62,62193,2,4,-1,1,1
202300048467,5,1,2023,16:06,1,1,7,66,66136,2,4,2,1,1
202300048468,29,9,2023,11:10,1,1,3,38,38421,2,7,1,1,1
202300048468,29,9,2023,11:10,1,1,3,38,38421,2,7,1,1,1
202300048469,17,2,2023,14:45,1,1,2,92,92040,2,3,4,1,1
202300048469,17,2,2023,14:45,1,1,2,92,92040,2,3,1,1,1
202300048470,14,6,2023,13:05,1,1,6,60,60057,2,4,2,1,1
202300048471,18,7,2023,18:12,1,1,6,69,69290,2,4,2,1,1
202300048471,18,7,2023,18:12,1,1,6,69,69290,2,4,2,1,1
202300048472,29,9,2023,20:37,5,1,3,37,37261,2,4,4,1,1
202300048472,29,9,2023,20:37,5,1,3,37,37261,2,4,-1,1,1
202300048473,6,1,2023,13:05,1,7,3,64,64129,2,4,2,2,1
202300048473,6,1,2023,13:05,1,7,3,64,64129,2,4,2,1,1
202300048474,16,2,2023,06:45,5,1,6,92,92036,2,3,2,1,1
202300048475,18,7,2023,12:10,1,1,3,69,69029,2,4,2,1,1
202300048476,14,6,2023,11:30,1,1,3,60,60057,2,4,1,2,1
202300048477,29,9,2023,14:25,1,1,7,37,37195,2,4,2,1,9
202300048478,17,2,2023,09:33,1,2,3,92,92026,2,3,1,2,2
202300048478,17,2,2023,09:33,1,2,3,92,92026,2,3,1,2,2
202300048479,5,1,2023,16:30,1,1,3,64,64129,2,4,2,1,1
202300048479,5,1,2023,16:30,1,1,3,64,64129,2,4,2,1,1
202300048480,18,7,2023,11:40,1,1,3,69,69029,2,7,2,1,1
202300048481,13,6,2023,09:00,1,1,6,59,59378,2,4,2,1,1
202300048481,13,6,2023,09:00,1,1,6,59,59378,2,4,2,1,1
202300048482,29,9,2023,04:35,5,1,3,37,37261,2,4,2,1,1
202300048482,29,9,2023,04:35,5,1,3,37,37261,2,4,1,1,1
202300048483,17,2,2023,17:00,1,1,6,92,92025,2,3,2,2,1
202300048484,6,1,2023,08:19,1,1,3,64,64024,2,4,2,1,1
202300048485,17,7,2023,18:35,1,1,3,69,69259,2,6,-1,1,1
202300048486,15,6,2023,19:40,1,1,3,56,56083,1,2,3,1,1
202300048487,26,9,2023,09:15,1,1,3,34,34172,2,4,2,1,1
202300048487,26,9,2023,09:15,1,1,3,34,34172,2,4,2,1,1
202300048488,5,1,2023,19:05,5,1,2,64,64102,2,4,2,1,1
202300048489,18,7,2023,19:54,1,2,7,67,67204,1,7,2,1,2
202300048490,17,2,2023,07:46,1,1,3,92,92024,2,3,3,1,1
202300048490,17,2,2023,07:46,1,1,3,92,92024,2,3,2,1,1
202300048490,17,2,2023,07:46,1,1,3,92,92024,2,3,1,1,1
202300048491,17,2,2023,12:30,1,2,3,92,92004,2,3,2,1,2
202300048492,13,6,2023,21:26,1,1,2,56,56083,2,3,2,1,1
202300048492,13,6,2023,21:26,1,1,2,56,56083,2,3,2,1,1
202300048493,5,1,2023,13:46,1,1,3,63,63113,2,4,2,1,1
202300048493,5,1,2023,13:46,1,1,3,63,63113,2,4,2,1,1
202300048494,28,9,2023,18:13,1,1,3,34,34032,2,4,1,2,1
202300048494,28,9,2023,18:13,1,1,3,34,34032,2,4,1,1,1
202300048495,18,7,2023,08:35,1,7,1,67,67482,2,4,2,1,1
202300048496,18,2,2023,15:20,1,1,7,60,60049,2,4,-1,1,2
202300048496,18,2,2023,15:20,1,1,7,60,60049,2,4,2,2,1
202300048497,13,6,2023,16:45,1,1,2,56,56121,2,4,2,1,1
202300048498,3,1,2023,20:30,3,2,3,63,63164,1,7,2,1,2
202300048498,3,1,2023,20:30,3,2,3,63,63164,1,7,2,1,2
202300048499,29,9,2023,18:00,1,1,3,33,33063,2,4,1,1,1
202300048499,29,9,2023,18:00,1,1,3,33,33063,2,4,2,1,1
202300048500,17,7,2023,16:25,1,1,4,64,64545,1,3,-1,1,1
202300048501,23,1,2023,19:16,3,8,2,60,60088,1,1,1,2,1
202300048502,13,6,2023,08:10,1,1,2,56,56107,1,3,2,1,1
202300048502,13,6,2023,08:10,1,1,2,56,56107,1,3,2,1,1
202300048503,29,9,2023,17:45,1,1,3,33,33069,2,4,2,1,1
202300048503,29,9,2023,17:45,1,1,3,33,33069,2,4,2,1,1
202300048504,18,7,2023,12:29,1,1,2,64,64445,2,4,1,1,1
202300048505,6,1,2023,22:30,5,1,3,59,59512,2,4,2,1,1
202300048505,6,1,2023,22:30,5,1,3,59,59512,2,4,3,1,1
202300048506,17,2,2023,16:30,1,1,2,37,37031,2,4,2,1,1
202300048506,17,2,2023,16:30,1,1,2,37,37031,2,4,2,1,1
202300048507,28,9,2023,17:05,1,1,7,33,33249,2,4,3,1,1
202300048508,3,1,2023,08:30,2,2,6,59,59350,2,4,1,1,2
202300048509,18,7,2023,19:25,1,1,6,64,64122,2,4,1,1,1
202300048510,12,6,2023,16:00,1,1,5,56,56121,1,3,2,2,1
202300048511,18,2,2023,12:00,1,1,5,974,97405,1,2,2,1,1
202300048512,17,7,2023,12:40,1,1,6,62,62841,1,3,2,4,1
202300048513,3,1,2023,10:40,1,1,2,59,59350,2,4,1,1,1
202300048514,27,9,2023,11:35,1,1,6,33,33119,2,4,2,1,1
202300048515,18,2,2023,16:05,1,1,2,01,01354,2,4,2,1,1
202300048516,5,1,2023,19:00,3,2,7,59,59271,2,4,-1,1,2
202300048517,13,6,2023,19:50,1,1,1,54,54578,2,4,2,2,1
202300048517,13,6,2023,19:50,1,1,1,54,54578,2,4,2,2,1
202300048518,18,7,2023,20:45,1,1,6,59,59152,2,4,2,1,1
202300048519,29,9,2023,19:28,1,1,3,31,31555,2,4,2,1,1
202300048520,6,1,2023,18:56,5,1,1,56,56260,2,4,2,1,1
202300048520,6,1,2023,18:56,5,1,1,56,56260,2,4,2,2,1
202300048521,29,9,2023,07:25,2,1,1,31,31555,2,4,2,1,1
202300048522,18,7,2023,19:40,1,1,6,59,59599,2,7,1,1,1
202300048523,18,2,2023,01:15,3,1,6,84,84099,1,3,2,1,1
202300048524,14,6,2023,10:05,1,1,3,51,51454,2,4,1,1,1
202300048524,14,6,2023,10:05,1,1,3,51,51454,2,4,1,1,1
202300048525,6,1,2023,13:05,1,8,7,56,56185,1,2,1,2,1
202300048526,29,9,2023,12:25,1,1,3,25,25056,1,3,2,1,1
202300048527,13,6,2023,11:30,1,1,6,51,51454,2,4,-1,1,1
202300048528,15,2,2023,18:45,3,1,3,57,57358,1,3,2,2,1
202300048529,18,7,2023,08:45,1,1,5,59,59368,2,7,2,1,1
202300048530,26,9,2023,08:55,1,1,6,22,22187,2,6,-1,1,1
202300048531,7,1,2023,00:50,5,1,3,54,54395,2,4,2,1,1
202300048531,7,1,2023,00:50,5,1,3,54,54395,2,4,2,1,1
202300048532,18,7,2023,11:10,1,1,2,58,58194,2,4,2,1,1
202300048533,14,6,2023,05:44,5,1,3,49,49007,2,4,2,1,1
202300048533,14,6,2023,05:44,5,1,3,49,49007,2,4,2,1,1
202300048534,16,2,2023,18:15,1,1,3,79,79005,1,3,2,1,1
202300048534,16,2,2023,18:15,1,1,3,79,79005,1,3,2,1,1
202300048535,28,9,2023,17:42,1,1,6,21,21617,2,4,2,1,1
202300048536,16,7,2023,03:10,5,1,6,57,57441,2,3,2,2,1
202300048537,14,6,2023,14:57,1,1,2,47,47001,2,3,2,1,1
202300048538,4,1,2023,17:33,3,8,2,54,54542,1,3,2,2,2
202300048539,17,2,2023,14:30,1,1,1,79,79293,1,3,2,1,1
202300048540,15,7,2023,02:35,5,1,6,57,57647,2,3,2,1,1
202300048541,29,9,2023,04:11,5,1,7,18,18033,2,4,2,1,1
202300048542,18,2,2023,07:10,2,2,6,71,71157,1,3,3,1,2
202300048543,5,1,2023,20:25,5,1,3,51,51055,2,4,2,1,2
202300048543,5,1,2023,20:25,5,1,3,51,51055,2,4,2,1,1
202300048544,14,6,2023,08:50,1,1,6,45,45284,2,4,2,1,1
202300048544,14,6,2023,08:50,1,1,6,45,45284,2,4,2,1,1
202300048545,18,7,2023,16:34,1,1,3,54,54451,2,4,2,2,1
202300048546,26,9,2023,17:30,1,1,2,17,17415,2,3,1,1,1
202300048547,18,2,2023,03:00,3,8,6,71,71289,1,3,2,2,2
202300048548,14,6,2023,12:30,1,1,6,45,45208,2,4,-1,1,1
202300048549,18,7,2023,12:22,1,1,3,54,54580,2,4,2,1,1
202300048549,18,7,2023,12:22,1,1,3,54,54580,2,4,2,1,1
202300048550,29,9,2023,13:07,1,1,1,17,17380,2,4,2,1,1
202300048551,29,8,2023,20:20,2,1,2,17,17028,2,4,2,1,1
202300048552,17,2,2023,14:20,1,2,5,89,89168,1,3,2,2,2
202300048553,13,6,2023,14:25,1,2,3,43,43157,2,4,1,1,2
202300048553,13,6,2023,14:25,1,2,3,43,43157,2,4,1,1,2
202300048554,4,1,2023,17:30,3,2,5,51,51153,1,3,2,2,2
202300048555,17,7,2023,11:45,1,1,4,50,50066,1,3,3,1,1
202300048556,29,9,2023,16:00,1,1,6,13,13103,2,4,2,1,1
202300048557,18,2,2023,03:30,3,1,6,34,34041,1,3,-1,2,1
202300048558,11,6,2023,10:10,1,1,3,42,42218,2,4,1,1,1
202300048558,11,6,2023,10:10,1,1,3,42,42218,2,4,1,2,1
202300048559,29,9,2023,11:00,1,1,3,13,13103,2,4,2,1,1
202300048560,5,1,2023,14:10,1,1,6,50,50129,2,4,2,1,2
202300048561,17,2,2023,06:25,3,1,7,68,68258,1,3,2,1,9
202300048562,17,7,2023,10:50,1,1,3,50,50129,2,3,3,1,1
202300048562,17,7,2023,10:50,1,1,3,50,50129,2,3,2,1,1
202300048563,14,6,2023,12:59,1,1,6,37,37261,2,4,-1,1,1
202300048564,4,1,2023,12:15,1,1,2,50,50129,2,3,3,1,2
202300048565,18,7,2023,10:05,1,1,7,49,49015,1,4,2,1,1
202300048566,18,2,2023,02:00,4,1,6,35,35297,2,4,2,1,1
202300048567,21,9,2023,09:10,1,1,1,13,13056,1,3,2,2,1
202300048568,14,6,2023,08:35,1,1,3,35,35051,2,4,1,1,1
202300048569,18,2,2023,08:30,1,1,6,38,38249,1,3,2,1,1
202300048569,18,2,2023,08:30,1,1,6,38,38249,1,3,2,1,1
202300048570,5,1,2023,19:33,5,1,1,49,49267,2,4,2,1,1
202300048570,5,1,2023,19:33,5,1,1,49,49267,2,4,2,1,1
202300048571,18,7,2023,18:40,1,1,2,44,44184,1,3,3,1,1
202300048572,14,6,2023,22:55,4,1,6,33,33063,2,4,3,1,1
202300048573,30,9,2023,21:55,5,1,1,10,10297,2,4,2,1,1
202300048573,30,9,2023,21:55,5,1,1,10,10297,2,4,2,1,1
202300048574,5,1,2023,18:22,5,2,6,49,49246,2,4,2,1,2
202300048575,17,2,2023,18:30,3,8,3,58,58087,2,3,2,1,2
202300048576,14,6,2023,08:20,1,1,6,33,33550,2,4,3,1,1
202300048577,18,7,2023,08:40,1,1,3,44,44184,2,4,2,1,1
202300048578,18,2,2023,16:00,1,1,6,50,50092,1,3,2,3,1
202300048579,5,1,2023,08:54,1,8,6,49,49007,2,4,2,1,2
202300048580,28,9,2023,17:15,1,1,2,10,10387,2,4,3,1,1
202300048581,14,6,2023,02:30,5,3,6,31,31555,2,4,3,1,2
202300048582,4,1,2023,23:45,3,2,7,49,49007,2,4,1,1,2
202300048583,16,6,2023,16:15,1,1,3,44,44109,2,4,3,1,1
202300048584,28,9,2023,10:05,1,1,3,10,10333,2,4,-1,1,1
202300048584,28,9,2023,10:05,1,1,3,10,10333,2,4,2,1,1
202300048585,18,2,2023,10:45,1,2,6,36,36155,1,4,2,1,2
202300048586,13,6,2023,09:07,1,1,4,27,27229,2,4,3,1,1
202300048587,6,1,2023,09:15,1,1,3,45,45232,2,3,1,1,1
202300048588,18,7,2023,16:50,1,1,7,34,34172,2,4,2,2,1
202300048589,29,9,2023,15:00,1,1,6,07,07316,1,3,2,4,1
202300048590,17,2,2023,18:15,2,1,6,24,24129,1,4,2,1,1
202300048591,18,7,2023,11:33,1,1,6,32,32013,2,4,2,2,1
202300048592,6,1,2023,11:20,1,1,6,44,44184,2,4,3,1,1
202300048592,6,1,2023,11:20,1,1,6,44,44184,2,4,2,1,1
202300048593,30,9,2023,00:40,5,1,6,06,06088,2,7,2,1,1
202300048593,30,9,2023,00:40,5,1,6,06,06088,2,7,1,1,1
202300048594,18,2,2023,12:00,1,1,6,24,24197,1,4,2,2,1
202300048595,4,1,2023,23:59,5,2,6,44,44184,2,4,-1,1,2
202300048596,19,7,2023,01:45,5,1,7,31,31555,2,4,2,1,1
202300048597,15,2,2023,18:45,2,1,2,17,17008,2,3,1,1,1
202300048598,15,9,2023,07:48,1,1,4,05,05061,1,2,2,2,1
202300048598,15,9,2023,07:48,1,1,4,05,05061,1,2,2,2,1
202300048599,18,7,2023,09:40,1,1,3,29,29232,2,4,1,1,1
202300048600,6,1,2023,12:20,1,1,3,37,37261,2,4,3,1,1
202300048601,29,9,2023,15:40,1,1,3,75,75120,2,4,1,1,1
202300048602,16,2,2023,19:45,3,1,1,87,87168,1,3,2,1,1
202300048603,7,1,2023,00:05,5,1,6,33,33162,2,4,2,1,1
202300048604,28,9,2023,19:00,1,1,2,75,75120,2,4,1,1,1
202300048605,17,2,2023,20:10,5,1,6,06,06018,2,3,2,1,1
202300048606,6,1,2023,18:05,5,1,3,33,33281,2,4,2,1,1
202300048607,14,6,2023,07:35,1,1,2,22,22106,2,3,2,2,1
202300048608,29,9,2023,01:19,5,1,6,75,75116,2,4,1,1,1
202300048609,17,2,2023,20:30,3,1,6,53,53267,1,1,3,2,1
202300048610,17,7,2023,12:00,1,1,3,17,17306,2,4,2,1,1
202300048611,10,6,2023,04:05,3,1,6,22,22113,2,4,1,1,1
202300048612,6,1,2023,15:50,1,1,2,33,33063,2,4,2,1,1
202300048612,6,1,2023,15:50,1,1,2,33,33063,2,4,2,1,1
202300048613,17,2,2023,18:15,2,1,1,973,97360,2,4,2,1,1
202300048614,28,9,2023,21:30,5,1,3,75,75107,2,4,2,1,1
202300048614,28,9,2023,21:30,5,1,3,75,75107,2,4,2,1,1
202300048615,13,6,2023,21:25,1,1,2,14,14437,2,4,2,1,1
202300048616,18,7,2023,15:45,1,1,2,13,13205,2,4,2,1,1
202300048616,18,7,2023,15:45,1,1,2,13,13205,2,4,2,1,1
202300048617,6,1,2023,12:45,1,1,3,33,33281,2,1,3,1,1
202300048617,6,1,2023,12:45,1,1,3,33,33281,2,1,1,3,1
202300048618,17,2,2023,18:50,2,1,3,64,64147,1,3,2,1,1
202300048618,17,2,2023,18:50,2,1,3,64,64147,1,3,1,1,1
202300048619,29,9,2023,04:20,5,1,3,75,75106,2,4,1,1,1
202300048619,29,9,2023,04:20,5,1,3,75,75106,2,4,2,1,1
202300048620,18,7,2023,04:55,5,1,2,13,13204,2,4,1,1,1
202300048621,13,6,2023,18:35,1,1,7,14,14118,2,4,2,1,1
202300048622,29,9,2023,00:15,5,1,3,75,75120,2,4,1,1,1
202300048622,29,9,2023,00:15,5,1,3,75,75120,2,4,1,2,1
202300048623,6,1,2023,08:00,5,8,1,33,33529,2,4,2,1,1
202300048624,17,7,2023,23:30,3,1,4,13,13098,1,3,3,1,1
202300048625,17,2,2023,21:38,3,1,6,60,60533,1,1,3,1,1
202300048626,5,1,2023,18:20,5,2,3,25,25056,2,2,3,1,2
202300048627,14,6,2023,12:15,1,1,3,13,13103,2,4,-1,1,1
202300048627,14,6,2023,12:15,1,1,3,13,13103,2,4,2,1,1
202300048628,13,7,2023,19:00,1,1,6,11,11262,2,4,2,1,1
202300048629,29,9,2023,17:20,1,1,3,75,75119,2,4,2,1,1
202300048629,29,9,2023,17:20,1,1,3,75,75119,2,4,1,1,1
202300048630,17,7,2023,19:00,1,1,6,11,11069,2,4,2,1,1
202300048631,14,6,2023,08:05,1,1,2,06,06069,2,4,2,1,1
202300048632,29,9,2023,15:36,1,1,6,75,75119,2,4,1,1,1
202300048632,29,9,2023,15:36,1,1,6,75,75119,2,4,1,1,1
202300048633,6,1,2023,17:25,2,8,6,22,22278,2,9,-1,1,1
202300048634,29,9,2023,13:50,1,8,6,75,75119,2,4,1,2,1
202300048635,18,7,2023,06:55,1,1,1,08,08105,2,3,2,3,1
202300048636,5,1,2023,16:40,1,1,3,19,19031,2,4,2,1,1
202300048637,13,6,2023,09:00,1,1,4,75,75116,2,4,1,1,1
202300048638,5,1,2023,11:40,1,1,6,18,18279,2,4,2,1,1
202300048639,28,9,2023,13:00,1,1,2,75,75118,2,4,2,1,1
202300048640,18,7,2023,20:30,1,1,1,01,01451,1,3,2,2,1
202300048641,6,1,2023,15:07,1,1,7,17,17306,2,4,2,1,1
202300048642,29,9,2023,14:58,1,1,6,75,75118,2,4,2,1,1
202300048642,29,9,2023,14:58,1,1,6,75,75118,2,4,1,1,1
202300048643,18,7,2023,10:04,1,1,2,75,75117,2,4,1,1,1
202300048644,8,6,2023,07:55,1,1,4,75,75117,2,4,3,1,1
202300048645,6,1,2023,22:00,5,1,1,13,13054,2,4,2,1,1
202300048646,18,7,2023,05:30,2,1,6,75,75115,2,4,2,1,1
202300048647,29,9,2023,12:02,1,1,3,75,75117,2,4,1,1,2
202300048647,29,9,2023,12:02,1,1,3,75,75117,2,4,2,1,2
202300048648,6,1,2023,09:55,1,1,6,13,13210,1,4,2,1,1
202300048649,13,6,2023,13:30,1,1,4,75,75116,2,4,3,1,1
202300048650,18,7,2023,11:48,1,1,6,75,75106,2,4,1,1,1
202300048651,29,9,2023,09:30,1,1,3,75,75116,2,4,3,1,1
202300048652,17,7,2023,08:40,1,1,1,75,75105,2,4,2,1,1
202300048653,13,6,2023,12:22,1,1,3,75,75114,2,4,2,1,1
202300048653,13,6,2023,12:22,1,1,3,75,75114,2,4,1,1,1
202300048654,29,9,2023,15:00,1,1,6,75,75115,2,4,-1,1,1
202300048654,29,9,2023,15:00,1,1,6,75,75115,2,4,1,1,1
202300048655,6,1,2023,07:20,5,1,5,13,13214,2,4,2,2,1
202300048655,6,1,2023,07:20,5,1,5,13,13214,2,4,2,2,1
202300048655,6,1,2023,07:20,5,1,5,13,13214,2,4,2,1,1
202300048656,18,7,2023,18:30,1,1,7,75,75119,2,4,1,1,1
202300048656,18,7,2023,18:30,1,1,7,75,75119,2,4,2,1,1
202300048657,14,6,2023,19:25,1,1,6,75,75120,2,4,2,2,1
202300048658,6,1,2023,12:14,1,1,6,12,12174,2,3,2,1,1
202300048659,27,9,2023,13:45,1,1,3,75,75114,2,4,1,1,1
202300048659,27,9,2023,13:45,1,1,3,75,75114,2,4,-1,1,1
202300048660,18,7,2023,18:00,1,1,7,75,75117,2,4,3,1,1
202300048661,14,6,2023,13:05,1,1,3,75,75117,2,4,2,1,1
202300048661,14,6,2023,13:05,1,1,3,75,75117,2,4,-1,1,1
202300048662,6,1,2023,15:05,1,1,2,11,11069,2,4,2,1,1
202300048663,29,9,2023,11:50,1,8,2,75,75113,2,4,2,1,1
202300048664,18,7,2023,08:30,1,1,2,75,75117,2,4,2,1,1
202300048664,18,7,2023,08:30,1,1,2,75,75117,2,4,1,1,1
202300048665,6,1,2023,23:23,5,2,3,08,08105,2,3,-1,1,2
202300048666,14,6,2023,19:15,2,1,6,75,75116,2,4,-1,1,1
202300048666,14,6,2023,19:15,2,1,6,75,75116,2,4,1,1,1
202300048667,7,1,2023,00:35,3,9,6,01,01451,1,3,2,1,2
202300048668,29,9,2023,06:30,2,1,4,75,75111,2,4,2,1,1
202300048668,29,9,2023,06:30,2,1,4,75,75111,2,4,3,1,1
202300048669,18,7,2023,18:35,1,1,1,75,75116,2,4,1,1,1
202300048669,18,7,2023,18:35,1,1,1,75,75116,2,4,2,1,1
202300048670,5,1,2023,16:45,2,2,3,75,75119,2,4,1,1,2
202300048671,14,6,2023,15:00,1,1,3,75,75116,2,4,-1,1,1
202300048671,14,6,2023,15:00,1,1,3,75,75116,2,4,-1,1,1
202300048672,29,9,2023,06:15,5,1,6,75,75111,2,4,1,1,1
202300048672,29,9,2023,06:15,5,1,6,75,75111,2,4,-1,1,1
202300048673,17,7,2023,01:05,5,1,6,75,75115,2,4,1,1,1
202300048673,17,7,2023,01:05,5,1,6,75,75115,2,4,1,1,1
202300048674,7,1,2023,21:24,5,1,2,75,75107,2,4,2,1,1
202300048674,7,1,2023,21:24,5,1,2,75,75107,2,4,2,1,1
202300048675,14,6,2023,07:35,1,1,2,75,75116,2,4,2,2,1
202300048676,29,9,2023,01:44,5,1,3,75,75108,2,4,1,1,1
202300048676,29,9,2023,01:44,5,1,3,75,75108,2,4,1,1,1
202300048677,17,7,2023,18:30,1,1,2,75,75114,2,4,2,2,1
202300048677,17,7,2023,18:30,1,1,2,75,75114,2,4,-1,1,1
202300048678,28,9,2023,11:45,1,1,3,75,75108,2,4,1,1,1
202300048679,7,1,2023,06:54,5,1,3,75,75102,2,4,1,1,1
202300048679,7,1,2023,06:54,5,1,3,75,75102,2,4,1,1,1
202300048680,14,6,2023,19:30,1,7,3,75,75107,2,4,-1,1,1
202300048680,14,6,2023,19:30,1,7,3,75,75107,2,4,1,1,1
202300048681,29,9,2023,22:00,5,1,1,75,75107,2,4,2,1,1
202300048682,7,1,2023,18:10,5,2,3,75,75115,2,4,1,1,2
202300048682,7,1,2023,18:10,5,2,3,75,75115,2,4,2,1,2
202300048683,17,7,2023,09:00,1,1,3,75,75114,2,4,2,1,1
202300048683,17,7,2023,09:00,1,1,3,75,75114,2,4,-1,1,1
202300048684,14,6,2023,10:50,1,1,6,75,75115,2,4,2,1,1
202300048684,14,6,2023,10:50,1,1,6,75,75115,2,4,1,1,1
202300048685,29,9,2023,17:20,1,1,6,75,75103,2,4,1,1,1
202300048685,29,9,2023,17:20,1,1,6,75,75103,2,4,1,1,1
202300048686,13,6,2023,09:30,1,1,2,75,75114,2,4,1,1,1
202300048687,17,7,2023,08:45,1,1,2,75,75113,2,4,-1,1,1
202300048687,17,7,2023,08:45,1,1,2,75,75113,2,4,2,1,1
202300048688,29,9,2023,09:15,1,1,6,75,75101,2,4,1,1,1
202300048688,29,9,2023,09:15,1,1,6,75,75101,2,4,1,1,1
202300048689,7,1,2023,17:35,5,2,3,75,75115,2,4,1,1,2
202300048689,7,1,2023,17:35,5,2,3,75,75115,2,4,1,1,2
202300048690,29,9,2023,02:50,5,1,6,75,75103,2,4,2,1,1
202300048690,29,9,2023,02:50,5,1,6,75,75103,2,4,1,1,1
202300048691,13,6,2023,08:20,1,1,6,75,75114,2,4,2,1,1
202300048691,13,6,2023,08:20,1,1,6,75,75114,2,4,1,1,1
202300048692,18,7,2023,16:45,1,1,3,75,75110,2,4,2,1,1
202300048692,18,7,2023,16:45,1,1,3,75,75110,2,4,1,1,1
202300048693,6,1,2023,15:20,1,1,6,75,75114,2,4,3,1,1
202300048693,6,1,2023,15:20,1,1,6,75,75114,2,4,3,1,1
202300048694,28,9,2023,01:00,5,2,6,94,94081,2,3,2,2,2
202300048695,14,6,2023,08:25,1,1,7,75,75113,2,4,2,1,1
202300048695,14,6,2023,08:25,1,1,7,75,75113,2,4,-1,1,1
202300048696,28,9,2023,09:10,1,1,3,94,94080,2,3,2,1,1
202300048697,7,1,2023,19:15,5,1,3,75,75110,2,4,2,1,2
202300048697,7,1,2023,19:15,5,1,3,75,75110,2,4,1,1,2
202300048698,18,7,2023,16:25,1,1,3,75,75102,2,4,1,1,1
202300048698,18,7,2023,16:25,1,1,3,75,75102,2,4,1,1,1
202300048699,29,9,2023,16:00,1,1,6,94,94041,2,3,1,1,1
202300048700,7,1,2023,14:55,1,8,6,75,75109,2,4,2,1,1
202300048700,7,1,2023,14:55,1,8,6,75,75109,2,4,1,1,1
202300048701,18,7,2023,17:16,1,1,3,75,75109,2,4,1,2,1
202300048702,29,9,2023,18:30,1,1,2,94,94065,1,2,1,1,1
202300048703,14,6,2023,01:02,5,1,3,75,75120,2,4,2,2,1
202300048703,14,6,2023,01:02,5,1,3,75,75120,2,4,1,2,1
202300048704,7,1,2023,09:30,1,1,3,75,75108,2,4,2,1,1