id_accident,jour,mois,annee,heure_minute,luminosite,meteo,type_collision,departement,commune,agglomeration,categorie_route,regime_circulation,profil_route,etat_surface
202300048704,7,1,2023,09:30,1,1,3,75,75108,2,4,2,1,1
202300048705,28,9,2023,19:00,5,1,6,94,94028,2,3,3,1,1
202300048706,17,7,2023,14:32,1,1,3,75,75108,2,4,2,1,1
202300048706,17,7,2023,14:32,1,1,3,75,75108,2,4,2,1,1
202300048707,28,9,2023,19:00,2,1,3,94,94011,2,3,2,1,1
202300048708,14,6,2023,21:15,1,1,3,75,75110,2,4,2,1,1
202300048708,14,6,2023,21:15,1,1,3,75,75110,2,4,1,1,1
202300048709,7,1,2023,00:22,5,1,3,75,75116,2,4,2,1,1
202300048709,7,1,2023,00:22,5,1,3,75,75116,2,4,2,1,1
202300048710,18,7,2023,19:00,1,1,6,75,75101,2,4,2,1,1
202300048710,18,7,2023,19:00,1,1,6,75,75101,2,4,-1,1,1
202300048711,29,9,2023,14:05,1,1,6,94,94022,2,3,1,1,1
202300048712,17,7,2023,17:15,1,1,6,94,94080,2,4,2,1,1
202300048713,13,6,2023,22:10,5,1,6,75,75110,2,4,2,2,1
202300048713,13,6,2023,22:10,5,1,6,75,75110,2,4,1,1,1
202300048714,5,1,2023,18:55,2,2,3,75,75108,2,4,1,1,2
202300048714,5,1,2023,18:55,2,2,3,75,75108,2,4,2,1,2
202300048715,29,9,2023,13:25,1,1,1,94,94059,2,4,2,1,1
202300048716,17,7,2023,00:25,5,1,2,94,94067,2,3,1,1,1
202300048717,14,6,2023,00:08,5,1,7,75,75109,2,4,1,1,1
202300048717,14,6,2023,00:08,5,1,7,75,75109,2,4,-1,1,1
202300048718,7,1,2023,17:40,5,2,3,75,75107,2,4,1,1,2
202300048718,7,1,2023,17:40,5,2,3,75,75107,2,4,2,1,2
202300048719,29,9,2023,08:10,1,1,1,94,94004,2,4,2,1,1
202300048719,29,9,2023,08:10,1,1,1,94,94004,2,4,3,1,1
202300048720,14,6,2023,00:50,5,1,6,75,75107,2,4,1,1,1
202300048721,16,7,2023,01:15,5,1,2,94,94074,2,4,-1,1,1
202300048721,16,7,2023,01:15,5,1,2,94,94074,2,4,3,1,1
202300048722,7,1,2023,14:00,1,1,7,75,75104,2,4,1,1,1
202300048722,7,1,2023,14:00,1,1,7,75,75104,2,4,2,1,1
202300048723,29,9,2023,13:35,1,1,3,93,93066,2,3,2,1,2
202300048723,29,9,2023,13:35,1,1,3,93,93066,2,3,2,1,2
202300048724,7,1,2023,10:30,1,1,3,94,94021,2,5,2,1,1
202300048725,13,6,2023,20:57,2,1,2,75,75104,2,4,1,1,1
202300048725,13,6,2023,20:57,2,1,2,75,75104,2,4,2,1,1
202300048726,17,7,2023,17:25,1,1,3,94,94068,2,4,1,1,1
202300048726,17,7,2023,17:25,1,1,3,94,94068,2,4,2,1,1
202300048727,29,9,2023,16:51,1,1,6,93,93046,2,4,2,1,1
202300048727,29,9,2023,16:51,1,1,6,93,93046,2,4,1,1,1
202300048728,7,1,2023,13:59,1,8,6,93,93072,2,4,2,1,1
202300048728,7,1,2023,13:59,1,8,6,93,93072,2,4,1,1,1
202300048729,14,6,2023,16:50,1,7,6,94,94081,2,3,3,1,1
202300048729,14,6,2023,16:50,1,7,6,94,94081,2,3,2,1,1
202300048730,7,1,2023,18:15,5,2,3,93,93066,2,3,2,1,2
202300048731,29,9,2023,08:40,1,1,3,93,93013,2,4,2,1,1
202300048731,29,9,2023,08:40,1,1,3,93,93013,2,4,2,1,1
202300048732,17,7,2023,23:30,3,1,5,94,94022,2,3,2,1,1
202300048732,17,7,2023,23:30,3,1,5,94,94022,2,3,1,1,1
202300048733,14,6,2023,19:20,1,1,1,94,94044,2,4,2,1,1
202300048734,7,1,2023,16:45,4,2,6,93,93051,2,3,3,1,2
202300048735,18,7,2023,12:00,1,1,6,93,93078,2,3,2,1,1
202300048735,18,7,2023,12:00,1,1,6,93,93078,2,3,2,1,1
202300048736,29,9,2023,20:05,5,1,3,93,93001,2,4,1,1,1
202300048736,29,9,2023,20:05,5,1,3,93,93001,2,4,2,1,1
202300048737,7,1,2023,07:06,5,1,2,93,93006,2,3,2,1,1
202300048738,13,6,2023,21:50,5,1,2,94,94046,2,4,2,2,1
202300048739,29,9,2023,04:45,5,1,2,93,93001,2,3,3,1,1
202300048740,18,7,2023,18:40,1,1,2,93,93064,2,3,2,1,1
202300048741,7,1,2023,00:58,5,1,6,93,93014,2,3,1,1,1
202300048741,7,1,2023,00:58,5,1,6,93,93014,2,3,2,2,1
202300048742,28,9,2023,09:20,1,1,3,92,92072,2,3,3,1,1
202300048743,18,7,2023,15:00,1,1,3,93,93053,2,3,-1,1,1
202300048744,14,6,2023,14:40,1,1,3,94,94046,2,3,1,2,1
202300048744,14,6,2023,14:40,1,1,3,94,94046,2,3,2,1,1
202300048745,29,9,2023,17:30,1,1,7,92,92064,2,3,3,3,1
202300048746,6,1,2023,16:10,1,8,6,93,93047,2,4,2,1,1
202300048747,29,9,2023,12:48,1,1,7,92,92076,2,4,2,1,1
202300048748,14,6,2023,14:55,1,1,3,94,94041,2,3,3,1,1
202300048748,14,6,2023,14:55,1,1,3,94,94041,2,3,2,1,1
202300048749,17,7,2023,09:05,1,1,1,93,93010,2,3,2,1,1
202300048749,17,7,2023,09:05,1,1,1,93,93010,2,3,2,1,1
202300048750,7,1,2023,12:22,1,1,2,92,92064,2,4,2,2,1
202300048751,29,9,2023,14:10,1,1,6,92,92063,2,4,2,2,1
202300048752,18,7,2023,12:00,1,1,2,93,93050,2,3,2,1,1
202300048753,7,1,2023,15:00,1,2,3,92,92062,2,4,2,1,2
202300048754,14,6,2023,16:47,1,1,3,94,94028,2,3,3,1,1
202300048754,14,6,2023,16:47,1,1,3,94,94028,2,3,3,1,1
202300048755,29,9,2023,21:03,5,1,3,92,92050,2,3,1,1,1
202300048755,29,9,2023,21:03,5,1,3,92,92050,2,3,2,2,1
202300048756,7,1,2023,11:20,1,1,6,92,92049,2,3,3,1,1
202300048757,18,7,2023,11:45,1,1,2,93,93029,2,3,2,1,1
202300048758,14,6,2023,14:45,1,1,3,94,94028,2,3,1,2,1
202300048759,28,9,2023,12:30,1,1,3,92,92020,2,3,2,1,1
202300048760,7,1,2023,08:40,1,1,3,92,92036,2,3,2,1,1
202300048760,7,1,2023,08:40,1,1,3,92,92036,2,3,2,1,1
202300048761,14,6,2023,06:45,2,1,1,94,94028,2,4,2,1,1
202300048762,17,7,2023,22:30,5,1,1,93,93047,2,4,2,1,1
202300048762,17,7,2023,22:30,5,1,1,93,93047,2,4,2,1,1
202300048763,29,9,2023,08:50,1,1,3,92,92025,2,4,1,1,1
202300048763,29,9,2023,08:50,1,1,3,92,92025,2,4,1,1,1
202300048764,7,1,2023,10:22,1,1,2,92,92060,2,3,1,1,1
202300048765,10,6,2023,16:32,1,1,3,94,94079,2,3,2,1,1
202300048766,28,9,2023,10:35,1,1,3,92,92025,2,4,2,1,1
202300048767,18,7,2023,09:33,1,1,6,92,92051,2,3,1,1,1
202300048768,7,1,2023,00:20,5,1,1,92,92023,2,3,2,1,1
202300048768,7,1,2023,00:20,5,1,1,92,92023,2,3,2,1,1
202300048769,29,9,2023,17:00,1,1,6,92,92019,2,3,1,1,1
202300048770,14,6,2023,18:40,1,1,1,94,94069,2,3,2,1,1
202300048770,14,6,2023,18:40,1,1,1,94,94069,2,3,1,2,1
202300048771,18,7,2023,19:28,1,1,3,92,92020,2,3,-1,1,1
202300048772,3,1,2023,18:30,5,1,6,92,92019,2,4,1,1,1
202300048773,29,9,2023,20:19,5,1,6,92,92012,2,3,2,1,1
202300048773,29,9,2023,20:19,5,1,6,92,92012,2,3,2,1,1
202300048774,7,1,2023,11:18,1,1,6,92,92009,2,3,1,1,1
202300048775,13,6,2023,17:25,1,7,3,94,94069,2,3,2,1,1
202300048775,13,6,2023,17:25,1,7,3,94,94069,2,3,3,1,1
202300048776,18,7,2023,11:50,1,1,3,92,92049,2,3,1,1,1
202300048776,18,7,2023,11:50,1,1,3,92,92049,2,3,1,1,1
202300048777,29,9,2023,15:34,1,1,3,92,92004,2,4,1,1,1
202300048778,8,1,2023,13:04,1,1,2,21,21638,1,1,3,1,1
202300048779,18,7,2023,12:10,1,1,7,92,92049,2,3,2,1,1
202300048780,30,9,2023,10:30,1,1,1,50,50590,1,3,2,2,1
202300048781,14,6,2023,18:10,1,1,3,93,93005,2,4,2,1,1
202300048782,17,7,2023,19:25,1,1,3,92,92048,2,4,2,2,1
202300048783,14,6,2023,07:50,1,1,6,93,93066,2,4,2,1,1
202300048784,18,7,2023,15:00,1,1,6,92,92044,2,4,2,1,1
202300048785,28,9,2023,14:15,1,1,3,37,37031,1,3,2,1,1
202300048785,28,9,2023,14:15,1,1,3,37,37031,1,3,2,1,1
202300048786,29,9,2023,18:15,1,1,7,01,01244,2,4,2,1,1
202300048787,7,1,2023,19:30,5,1,1,71,71117,1,3,2,1,1
202300048788,14,6,2023,18:50,1,1,2,93,93064,2,3,2,2,1
202300048789,18,7,2023,08:50,1,1,3,92,92040,2,3,2,1,1
202300048790,30,9,2023,00:21,5,1,6,95,95487,2,4,2,1,1
202300048791,18,7,2023,12:20,1,1,2,92,92035,2,3,2,1,1
202300048792,8,1,2023,09:30,1,1,6,76,76222,2,7,2,2,1
202300048793,14,6,2023,12:10,1,1,3,93,93053,2,3,2,1,1
202300048793,14,6,2023,12:10,1,1,3,93,93053,2,3,2,1,1
202300048794,29,9,2023,08:20,1,1,6,77,77047,1,1,1,1,1
202300048795,18,7,2023,07:50,1,1,3,92,92025,2,3,3,1,1
202300048796,8,1,2023,07:30,3,1,6,11,11262,1,3,2,1,1
202300048797,30,9,2023,05:45,5,1,6,71,71202,1,1,3,1,1
202300048798,14,6,2023,14:20,1,1,3,93,93001,2,3,2,1,1
202300048799,18,7,2023,20:22,1,1,7,92,92007,2,3,2,1,1
202300048800,8,1,2023,11:50,1,8,6,71,71009,1,3,2,1,1
202300048801,29,9,2023,17:30,1,1,7,58,58102,1,3,2,1,1
202300048802,7,1,2023,23:00,3,1,6,25,25370,1,4,2,1,2
202300048803,14,6,2023,11:25,1,1,6,93,93047,2,3,2,2,1
202300048803,14,6,2023,11:25,1,1,6,93,93047,2,3,2,1,1
202300048804,19,7,2023,07:23,1,1,1,51,51358,2,3,2,1,1
202300048804,19,7,2023,07:23,1,1,1,51,51358,2,3,2,1,1
202300048805,30,9,2023,14:15,1,1,2,62,62849,1,3,2,2,1
202300048806,14,6,2023,20:09,1,1,6,93,93005,2,4,2,1,1
202300048807,29,9,2023,14:15,1,1,2,50,50448,1,1,3,1,1
202300048808,13,6,2023,19:50,1,1,7,92,92073,2,4,1,1,1
202300048809,7,1,2023,18:20,3,1,5,25,25601,1,3,2,1,1
202300048809,7,1,2023,18:20,3,1,5,25,25601,1,3,2,1,1
202300048810,14,7,2023,19:20,1,1,3,71,71286,1,3,2,1,1
202300048810,14,7,2023,19:20,1,1,3,71,71286,1,3,2,1,1
202300048811,30,9,2023,13:15,1,1,6,30,30334,2,3,1,1,1
202300048812,19,7,2023,14:55,1,1,6,06,06161,1,3,2,1,1
202300048813,7,1,2023,18:45,3,1,6,25,25149,1,3,-1,1,1
202300048814,14,6,2023,09:00,1,1,6,92,92051,2,4,1,1,1
202300048815,30,9,2023,10:15,1,7,6,57,57572,2,3,2,1,1
202300048816,8,1,2023,12:30,1,2,6,29,29038,1,3,2,2,2
202300048817,29,9,2023,19:00,2,1,6,59,59580,1,3,2,1,1
202300048818,16,7,2023,17:49,1,1,3,18,18269,2,3,2,1,1
202300048818,16,7,2023,17:49,1,1,3,18,18269,2,3,2,2,1
202300048819,13,6,2023,19:30,1,1,3,92,92020,2,3,1,2,1
202300048819,13,6,2023,19:30,1,1,3,92,92020,2,3,-1,2,1
202300048820,27,9,2023,20:30,3,1,7,76,76460,1,3,2,1,1
202300048821,19,7,2023,10:55,1,1,6,972,97231,2,9,2,1,1
202300048822,13,6,2023,11:25,1,1,3,92,92020,2,3,2,1,1
202300048823,6,1,2023,16:30,1,1,6,66,66149,2,4,1,1,1
202300048823,6,1,2023,16:30,1,1,6,66,66149,2,4,1,1,1
202300048824,1,8,2023,08:45,1,1,2,26,26324,1,1,-1,1,1
202300048825,14,6,2023,16:50,1,1,1,92,92036,2,3,1,1,1
202300048826,16,7,2023,10:45,1,1,6,63,63248,1,3,2,2,1
202300048827,30,9,2023,04:50,3,1,7,79,79078,1,3,2,1,1
202300048828,8,1,2023,10:15,1,1,3,50,50219,1,3,2,1,1
202300048828,8,1,2023,10:15,1,1,3,50,50219,1,3,2,1,1
202300048829,14,6,2023,12:30,1,1,6,92,92004,2,3,3,1,1
202300048829,14,6,2023,12:30,1,1,6,92,92004,2,3,2,1,1
202300048830,18,7,2023,10:00,1,1,7,57,57620,1,1,3,1,1
202300048831,30,9,2023,17:30,1,1,3,80,80417,1,3,2,1,1
202300048831,30,9,2023,17:30,1,1,3,80,80417,1,3,2,1,1
202300048832,7,1,2023,10:00,1,1,6,83,83011,1,3,2,1,1
202300048833,14,6,2023,18:40,2,1,7,92,92035,2,3,1,1,1
202300048834,18,7,2023,18:20,1,1,6,58,58162,1,3,2,1,1
202300048835,30,9,2023,00:30,3,1,6,81,81182,1,4,2,1,1
202300048836,6,1,2023,22:50,5,8,6,60,60189,2,3,2,1,1
202300048837,11,9,2023,12:10,1,1,1,32,32132,2,2,2,1,1
202300048838,18,7,2023,19:10,1,1,3,62,62161,1,3,2,1,1
202300048839,12,6,2023,14:00,1,1,3,92,92025,2,4,1,1,1
202300048839,12,6,2023,14:00,1,1,3,92,92025,2,4,1,1,1
202300048840,24,9,2023,19:30,1,1,6,89,89450,2,3,2,1,1
202300048841,10,6,2023,07:20,1,1,3,92,92025,2,4,2,1,1
202300048842,7,1,2023,22:35,3,2,1,60,60686,1,3,2,1,2
202300048843,29,9,2023,17:50,1,1,1,63,63453,2,3,2,1,1
202300048844,7,1,2023,22:10,3,1,6,30,30224,1,3,2,2,2
202300048845,14,6,2023,17:35,1,1,6,92,92024,2,4,1,1,1
202300048846,19,7,2023,18:15,1,1,5,62,62582,1,3,2,1,1
202300048846,19,7,2023,18:15,1,1,5,62,62582,1,3,2,1,1
202300048847,30,9,2023,15:58,1,1,3,49,49261,1,3,2,2,1
202300048847,30,9,2023,15:58,1,1,3,49,49261,1,3,2,1,1
202300048848,9,6,2023,16:50,1,1,6,63,63026,1,3,2,1,1
202300048849,11,7,2023,07:40,1,1,3,57,57483,1,3,2,1,1
202300048849,11,7,2023,07:40,1,1,3,57,57483,1,3,2,1,1
202300048850,30,9,2023,09:35,1,1,3,12,12006,1,3,2,2,1
202300048850,30,9,2023,09:35,1,1,3,12,12006,1,3,2,2,1
202300048851,29,9,2023,20:15,3,1,7,86,86281,1,3,2,1,1
202300048852,18,7,2023,13:17,1,1,3,57,57057,1,3,2,1,1
202300048853,8,1,2023,09:30,1,8,6,69,69086,1,1,3,2,2
202300048854,15,6,2023,17:25,1,1,6,65,65053,1,4,2,2,1
202300048854,15,6,2023,17:25,1,1,6,65,65053,1,4,2,2,1
202300048855,30,9,2023,07:08,2,1,7,68,68365,2,3,2,1,1
202300048856,8,1,2023,01:20,5,1,6,06,06088,1,1,3,1,2
202300048857,7,6,2023,16:00,1,1,3,79,79286,1,3,2,1,1
202300048858,14,6,2023,17:10,1,1,1,26,26301,1,3,2,1,1
202300048859,29,9,2023,17:55,2,1,2,39,39160,1,3,2,1,1
202300048860,17,7,2023,17:56,1,1,7,79,79160,1,3,2,1,1
202300048861,29,9,2023,18:40,2,1,3,39,39013,1,3,2,2,1
202300048862,8,1,2023,16:40,1,8,2,60,60533,1,1,3,1,1
202300048863,14,6,2023,14:20,1,1,2,22,22094,2,3,2,1,1
202300048863,14,6,2023,14:20,1,1,2,22,22094,2,3,-1,1,1
202300048864,17,7,2023,08:50,1,1,1,2A,2A085,1,2,2,2,1
202300048865,29,9,2023,15:45,1,1,6,39,39255,1,3,2,4,9
202300048866,8,1,2023,00:05,3,2,7,83,83124,1,3,2,2,2
202300048867,18,7,2023,20:00,1,1,6,32,32213,1,3,2,1,1
202300048868,30,9,2023,11:45,1,1,6,39,39556,1,3,2,4,1
202300048869,15,6,2023,05:15,2,1,3,13,13078,2,4,2,1,1
202300048869,15,6,2023,05:15,2,1,3,13,13078,2,4,2,1,1
202300048870,8,1,2023,17:45,5,2,6,52,52246,2,2,2,1,2
202300048871,18,7,2023,17:50,1,1,1,71,71546,1,3,2,1,1
202300048872,29,9,2023,19:05,2,1,1,31,31574,1,3,1,1,1
202300048873,7,1,2023,19:25,5,1,1,68,68154,2,3,2,1,1
202300048874,14,6,2023,10:20,1,1,6,28,28041,1,3,2,1,1
202300048875,19,7,2023,12:33,1,1,1,89,89162,1,3,2,2,1
202300048876,7,1,2023,15:35,1,1,6,67,67263,1,3,2,1,2
202300048877,15,6,2023,09:10,1,1,6,01,01166,1,4,1,2,1
202300048878,29,9,2023,16:40,1,1,6,38,38416,2,3,1,1,1
202300048878,29,9,2023,16:40,1,1,6,38,38416,2,3,2,1,1
202300048879,7,1,2023,15:25,1,1,7,88,88412,1,3,2,2,1
202300048880,19,7,2023,13:35,1,1,2,61,61473,1,3,2,1,1
202300048880,19,7,2023,13:35,1,1,2,61,61473,1,3,2,1,1
202300048881,14,6,2023,15:55,1,1,7,22,22084,1,2,1,2,1
202300048882,8,1,2023,03:43,3,2,6,54,54557,1,3,2,1,2
202300048882,8,1,2023,03:43,3,2,6,54,54557,1,3,2,1,2
202300048883,18,7,2023,19:53,2,1,1,42,42100,2,4,2,2,1
202300048884,15,6,2023,11:15,1,1,7,50,50373,1,2,3,3,1
202300048885,3,6,2023,17:45,1,1,7,63,63121,1,1,3,1,1
202300048886,7,1,2023,16:30,1,1,1,54,54350,1,3,2,1,1
202300048887,6,7,2023,19:50,2,1,3,44,44041,1,4,1,1,1
202300048887,6,7,2023,19:50,2,1,3,44,44041,1,4,2,1,1
202300048888,8,1,2023,06:15,5,2,6,64,64422,2,3,2,1,2
202300048889,14,6,2023,14:45,1,1,1,62,62060,1,3,2,1,1
202300048890,18,7,2023,16:40,1,1,3,14,14494,1,3,-1,1,1
202300048890,18,7,2023,16:40,1,1,3,14,14494,1,3,3,1,1
202300048891,30,9,2023,12:30,1,1,6,70,70493,1,3,2,1,1
202300048892,7,1,2023,16:45,1,1,1,76,76558,1,7,2,2,2
202300048893,15,6,2023,16:00,1,1,1,57,57703,2,4,2,4,1
202300048894,17,7,2023,20:25,1,1,7,05,05046,2,4,2,2,1
202300048895,7,1,2023,18:40,3,2,1,62,62889,2,3,2,1,2
202300048896,29,9,2023,12:40,1,1,3,58,58299,1,3,2,1,1
202300048897,7,1,2023,04:45,5,2,7,59,59370,2,3,4,1,2
202300048898,6,1,2023,15:00,1,1,6,13,13211,1,1,1,1,1
202300048899,13,6,2023,19:00,1,1,7,19,19133,1,4,2,2,1
202300048900,18,7,2023,16:15,1,1,6,64,64160,1,3,2,1,1
202300048901,7,1,2023,02:25,5,1,3,92,92002,1,1,3,1,1
202300048902,16,7,2023,18:05,1,1,3,64,64504,2,4,2,4,1
202300048902,16,7,2023,18:05,1,1,3,64,64504,2,4,2,1,1
202300048903,15,6,2023,16:15,1,1,1,56,56190,1,3,2,1,1
202300048904,23,6,2023,01:35,3,2,6,73,73124,1,2,1,1,2
202300048905,7,1,2023,16:50,3,2,2,92,92050,1,1,1,1,2
202300048906,18,7,2023,14:40,1,1,4,10,10259,1,3,2,1,1
202300048907,15,6,2023,14:00,1,7,3,76,76087,1,3,2,2,1
202300048907,15,6,2023,14:00,1,7,3,76,76087,1,3,2,2,1
202300048908,8,7,2023,18:40,1,1,7,07,07101,2,3,2,1,1
202300048909,6,1,2023,08:00,2,1,5,94,94017,1,1,3,1,1
202300048910,14,6,2023,11:20,1,1,7,2A,2A085,1,2,2,2,1
202300048911,17,7,2023,11:25,1,1,6,24,24499,1,3,2,1,1
202300048911,17,7,2023,11:25,1,1,6,24,24499,1,3,2,1,1
202300048912,14,6,2023,03:30,3,1,6,32,32429,1,3,2,2,1
202300048913,6,1,2023,09:50,1,1,3,75,75114,2,4,1,1,1
202300048914,19,7,2023,07:50,1,1,3,37,37273,1,3,2,1,1
202300048914,19,7,2023,07:50,1,1,3,37,37273,1,3,2,1,1
202300048915,14,6,2023,17:15,1,8,1,61,61324,1,3,2,1,2
202300048916,16,7,2023,22:13,3,1,2,10,10213,1,1,3,1,1
202300048917,6,1,2023,18:20,5,1,6,75,75120,2,4,3,1,1
202300048917,6,1,2023,18:20,5,1,6,75,75120,2,4,-1,2,1
202300048918,19,7,2023,10:45,1,1,1,24,24538,1,3,-1,1,1
202300048919,6,1,2023,12:30,1,1,6,75,75120,2,4,2,2,1
202300048919,6,1,2023,12:30,1,1,6,75,75120,2,4,1,2,1
202300048920,17,7,2023,14:30,1,1,6,987,98738,1,2,2,1,1
202300048921,6,1,2023,17:30,5,1,3,75,75119,2,4,2,1,1
202300048921,6,1,2023,17:30,5,1,3,75,75119,2,4,3,1,1
202300048922,13,7,2023,15:00,1,1,1,987,98738,2,2,2,1,1
202300048923,15,6,2023,12:38,1,1,7,49,49135,1,3,2,1,1
202300048924,18,7,2023,17:10,1,1,2,68,68278,1,1,3,1,1
202300048925,6,1,2023,15:15,1,1,6,75,75116,2,4,2,1,1
202300048925,6,1,2023,15:15,1,1,6,75,75116,2,4,1,1,1
202300048926,14,6,2023,13:41,1,1,3,44,44069,1,3,2,1,1
202300048927,18,7,2023,04:15,2,1,2,68,68267,1,1,3,1,1
202300048928,4,1,2023,19:10,5,2,6,75,75116,2,4,2,1,2
202300048929,18,7,2023,15:15,1,7,7,51,51636,1,1,3,2,1
202300048930,15,6,2023,08:00,1,1,3,29,29274,1,3,2,1,1
202300048930,15,6,2023,08:00,1,1,3,29,29274,1,3,2,1,1
202300048931,6,1,2023,15:05,1,1,3,75,75113,2,4,2,2,1
202300048931,6,1,2023,15:05,1,1,3,75,75113,2,4,2,2,1
202300048932,19,7,2023,15:45,1,1,6,45,45006,1,1,3,1,1
202300048933,6,1,2023,20:12,5,1,3,75,75110,2,4,1,1,2
202300048933,6,1,2023,20:12,5,1,3,75,75110,2,4,1,2,2
202300048934,15,7,2023,16:40,1,1,3,60,60138,1,1,3,1,1
202300048935,6,1,2023,16:30,2,8,2,75,75110,2,4,2,1,1
202300048935,6,1,2023,16:30,2,8,2,75,75110,2,4,1,1,1
202300048936,19,7,2023,08:55,1,1,1,62,62476,1,1,3,1,1
202300048937,20,7,2023,01:30,5,3,6,988,98811,1,2,2,1,2
202300048937,20,7,2023,01:30,5,3,6,988,98811,1,2,2,-1,2
202300048938,14,6,2023,17:55,1,1,2,29,29217,1,2,3,1,1
202300048939,6,1,2023,00:20,5,9,3,75,75109,2,4,1,1,1
202300048939,6,1,2023,00:20,5,9,3,75,75109,2,4,3,1,1
202300048940,18,7,2023,18:15,1,1,3,41,41136,1,3,2,1,1
202300048940,18,7,2023,18:15,1,1,3,41,41136,1,3,2,1,1
202300048941,13,6,2023,15:30,1,1,6,29,29024,2,4,2,1,1
202300048942,6,1,2023,08:30,1,1,2,75,75102,2,4,2,1,1
202300048942,6,1,2023,08:30,1,1,2,75,75102,2,4,1,1,1
202300048943,19,7,2023,16:23,1,1,6,28,28094,1,3,2,1,1
202300048944,15,6,2023,15:00,1,1,7,38,38269,2,2,2,1,1
202300048945,18,7,2023,19:20,1,1,6,66,66024,1,3,1,2,1
202300048946,6,1,2023,18:30,3,1,2,94,94044,2,3,2,1,1
202300048947,15,6,2023,19:10,1,1,3,02,02112,1,3,2,1,1
202300048948,19,7,2023,08:00,1,1,6,84,84141,2,4,2,1,1
202300048949,18,7,2023,12:50,1,2,7,68,68353,1,3,2,1,2
202300048950,6,1,2023,07:10,5,2,4,93,93078,1,3,3,1,2
202300048951,14,6,2023,17:00,1,1,2,15,15122,2,3,2,2,1
202300048952,6,1,2023,19:30,5,1,3,93,93048,2,4,2,1,1
202300048953,18,7,2023,21:10,2,1,3,26,26220,1,3,2,2,1
202300048953,18,7,2023,21:10,2,1,3,26,26220,1,3,2,2,1
202300048954,18,7,2023,23:38,3,1,6,86,86049,1,4,2,4,1
202300048955,19,7,2023,11:00,1,1,7,64,64165,1,3,2,2,1
202300048956,14,6,2023,17:45,1,1,3,15,15140,2,4,2,1,1
202300048956,14,6,2023,17:45,1,1,3,15,15140,2,4,-1,1,1
202300048957,5,1,2023,13:00,1,2,6,92,92077,2,4,2,2,2
202300048958,15,7,2023,05:30,4,1,6,44,44110,2,3,2,1,1
202300048959,19,7,2023,11:25,1,1,7,22,22178,1,4,2,1,1
202300048960,6,1,2023,22:47,5,1,6,92,92020,2,3,-1,1,1
202300048961,14,6,2023,20:10,1,1,3,72,72050,2,3,2,2,1
202300048962,6,1,2023,11:25,1,1,3,92,92020,2,3,2,2,1
202300048963,18,7,2023,11:30,1,1,6,27,27448,2,3,2,1,1
202300048964,19,7,2023,13:30,1,1,1,76,76295,1,3,2,1,1
202300048965,6,1,2023,09:05,1,1,3,92,92020,2,3,2,1,1
202300048966,18,7,2023,16:46,1,1,2,13,13005,1,1,1,1,1
202300048967,6,1,2023,11:10,1,1,6,92,92048,2,4,-1,1,1
202300048968,18,7,2023,13:45,1,1,5,13,13026,1,1,1,1,1
202300048969,6,1,2023,16:45,1,1,3,92,92040,2,3,2,2,1
202300048970,18,7,2023,07:30,1,1,3,69,69256,1,1,1,1,1
202300048971,14,6,2023,18:15,1,1,5,50,50155,1,3,2,2,1
202300048971,14,6,2023,18:15,1,1,5,50,50155,1,3,2,1,1
202300048972,6,1,2023,18:10,5,1,6,92,92026,2,3,1,1,1
202300048973,18,7,2023,02:25,3,1,3,33,33162,1,1,3,1,1
202300048974,15,6,2023,07:30,1,1,7,90,90105,1,3,2,3,1
202300048975,6,1,2023,13:05,1,1,6,92,92023,2,4,1,1,1
202300048976,13,7,2023,04:00,4,1,6,59,59220,1,1,3,1,1
202300048977,14,6,2023,12:00,1,1,4,45,45146,1,3,2,1,1
202300048978,6,1,2023,21:40,3,1,2,83,83132,1,1,3,1,1
202300048979,15,6,2023,12:55,1,1,6,64,64016,1,3,2,2,1
202300048980,18,7,2023,20:30,1,1,7,91,91086,1,2,2,1,1
202300048981,6,1,2023,20:15,3,1,1,972,97214,1,2,2,1,1
202300048981,6,1,2023,20:15,3,1,1,972,97214,1,2,-1,1,1
202300048982,4,6,2023,13:35,1,1,3,64,64210,1,3,2,1,1
202300048982,4,6,2023,13:35,1,1,3,64,64210,1,3,2,1,1
202300048983,7,1,2023,15:01,1,8,2,27,27301,1,2,3,1,1
202300048984,14,6,2023,08:30,1,1,2,18,18011,2,3,1,4,1
202300048984,14,6,2023,08:30,1,1,2,18,18011,2,3,2,1,1
202300048985,3,1,2023,19:15,5,1,4,68,68300,2,3,2,1,1
202300048986,17,7,2023,07:30,1,1,2,93,93064,1,1,3,1,1
202300048987,5,1,2023,10:40,1,2,7,91,91666,1,3,1,2,8
202300048988,15,6,2023,10:20,1,1,5,07,07143,2,3,2,1,1
202300048988,15,6,2023,10:20,1,1,5,07,07143,2,3,2,1,1
202300048989,6,1,2023,18:55,5,2,6,35,35024,2,3,2,2,2
202300048990,7,1,2023,05:45,3,3,6,56,56243,1,3,2,4,2
202300048991,12,6,2023,04:23,3,1,6,04,04079,1,3,2,1,1
202300048992,6,1,2023,20:45,3,8,6,56,56206,1,3,2,1,2
202300048993,13,6,2023,20:37,1,1,7,85,85021,1,3,2,1,1
202300048994,6,1,2023,11:50,1,8,1,79,79190,1,3,2,2,1
202300048995,15,6,2023,17:00,1,1,1,27,27198,1,3,3,1,1
202300048996,6,1,2023,21:50,3,1,6,19,19274,1,1,3,1,1
202300048997,7,1,2023,16:00,1,8,6,33,33307,1,3,2,1,2