id_accident,jour,mois,annee,heure_minute,luminosite,meteo,type_collision,departement,commune,agglomeration,categorie_route,regime_circulation,profil_route,etat_surface
202300048998,14,6,2023,10:30,1,1,2,88,88053,1,3,2,2,1
202300048999,7,1,2023,09:00,1,8,6,11,11397,1,3,2,1,6
202300049000,7,1,2023,14:30,1,1,7,63,63269,1,3,2,2,1
202300049001,14,6,2023,16:00,1,7,4,68,68235,1,1,2,1,1
202300049002,7,1,2023,13:15,1,1,7,63,63214,1,4,2,1,1
202300049003,14,6,2023,18:15,2,3,1,973,97307,1,3,2,1,2
202300049004,5,1,2023,17:30,5,1,1,55,55578,2,3,2,1,1
202300049005,7,1,2023,18:15,5,1,6,41,41106,2,3,1,1,1
202300049005,7,1,2023,18:15,5,1,6,41,41106,2,3,2,1,1
202300049006,15,6,2023,01:00,3,1,2,31,31286,1,1,3,1,1
202300049007,15,6,2023,16:30,1,1,1,13,13051,1,3,2,1,1
202300049008,6,1,2023,19:31,3,1,6,41,41127,1,3,2,1,1
202300049009,31,5,2023,16:00,1,1,1,78,78571,2,3,2,1,1
202300049010,6,1,2023,15:30,1,8,3,34,34094,1,3,2,2,1
202300049011,15,6,2023,17:30,1,1,2,82,82025,1,1,1,1,1
202300049012,5,1,2023,17:30,3,2,3,44,44178,1,3,2,1,2
202300049013,15,6,2023,17:15,1,1,2,47,47041,1,1,1,1,1
202300049014,6,1,2023,18:30,3,1,2,66,66072,1,3,2,2,1
202300049015,6,1,2023,21:20,3,1,6,72,72158,1,3,2,1,2
202300049016,10,6,2023,16:50,1,1,2,68,68267,1,1,1,1,1
202300049017,7,1,2023,17:40,3,2,7,18,18167,1,3,2,1,2
202300049018,15,6,2023,13:55,1,1,6,21,21515,2,6,-1,1,1
202300049019,6,1,2023,11:20,1,1,6,43,43087,2,3,2,1,1
202300049019,6,1,2023,11:20,1,1,6,43,43087,2,3,2,1,1
202300049020,14,6,2023,19:40,1,1,6,29,29002,1,4,2,1,1
202300049021,6,1,2023,23:10,3,1,7,04,04116,1,3,2,1,1
202300049022,7,1,2023,11:00,1,1,6,87,87111,1,3,2,2,1
202300049023,15,6,2023,11:00,1,1,3,91,91671,1,3,2,3,1
202300049024,7,1,2023,11:25,1,8,6,30,30170,1,3,-1,1,2
202300049025,7,1,2023,00:55,3,1,2,49,49332,1,2,3,1,1
202300049026,12,6,2023,12:45,1,1,1,13,13015,2,4,2,1,1
202300049027,6,1,2023,18:50,3,1,1,34,34333,1,3,2,1,1
202300049028,14,6,2023,12:20,1,1,1,89,89102,1,3,2,1,1
202300049029,3,1,2023,19:45,3,1,3,13,13113,1,1,1,1,1
202300049030,12,6,2023,13:30,1,1,1,21,21191,1,3,2,1,1
202300049031,14,6,2023,10:00,1,1,6,68,68318,2,3,2,1,1
202300049031,14,6,2023,10:00,1,1,6,68,68318,2,3,2,1,1
202300049032,5,1,2023,23:00,3,1,4,33,33527,1,1,2,1,1
202300049033,14,6,2023,10:15,1,1,3,63,63203,1,3,2,1,1
202300049033,14,6,2023,10:15,1,1,3,63,63203,1,3,2,1,1
202300049034,15,6,2023,17:30,1,1,5,38,38548,1,3,2,2,1
202300049035,3,1,2023,16:20,1,1,3,987,98747,1,2,2,1,1
202300049035,3,1,2023,16:20,1,1,3,987,98747,1,2,2,1,1
202300049036,14,6,2023,14:45,1,1,7,38,38442,1,3,2,2,1
202300049036,14,6,2023,14:45,1,1,7,38,38442,1,3,2,2,1
202300049037,15,6,2023,14:38,1,1,3,26,26179,1,3,2,1,1
202300049037,15,6,2023,14:38,1,1,3,26,26179,1,3,2,1,1
202300049038,15,6,2023,08:10,1,1,3,69,69159,1,3,2,1,1
202300049038,15,6,2023,08:10,1,1,3,69,69159,1,3,2,1,1
202300049039,14,6,2023,19:45,1,1,5,31,31433,2,3,2,1,1
202300049040,15,6,2023,12:35,1,1,2,35,35221,2,3,2,2,1
202300049041,14,6,2023,09:05,1,1,3,60,60172,1,3,-1,1,1
202300049042,15,6,2023,17:30,1,7,3,80,80561,2,3,2,1,1
202300049042,15,6,2023,17:30,1,7,3,80,80561,2,3,2,1,1
202300049043,14,6,2023,07:45,1,1,3,80,80721,1,3,2,1,1
202300049044,14,6,2023,18:25,1,1,7,59,59280,1,3,2,2,1
202300049045,15,6,2023,07:10,1,7,3,59,59615,1,3,2,1,1
202300049046,13,6,2023,09:25,1,1,6,83,83144,1,1,3,1,1
202300049047,13,6,2023,23:00,3,1,2,69,69029,1,7,3,1,1
202300049048,14,6,2023,11:35,1,1,3,91,91570,1,2,1,1,1
202300049049,14,6,2023,08:50,1,1,2,91,91687,1,1,3,1,1
202300049050,14,6,2023,07:10,1,1,3,92,92025,1,1,1,1,1
202300049051,13,6,2023,07:50,1,1,2,92,92072,1,2,1,2,1
202300049052,13,6,2023,08:20,1,1,2,78,78126,1,1,3,1,1
202300049053,13,6,2023,11:30,1,1,6,59,59343,2,7,2,1,1
202300049053,13,6,2023,11:30,1,1,6,59,59343,2,7,1,1,1
202300049054,13,6,2023,02:30,5,1,7,92,92075,2,4,2,2,1
202300049055,12,6,2023,16:00,1,2,7,974,97416,1,3,2,1,2
202300049056,12,6,2023,17:35,3,2,2,974,97416,1,2,2,1,2
202300049057,13,6,2023,09:45,1,1,6,974,97411,2,4,2,1,1
202300049058,13,6,2023,16:45,1,1,2,974,97409,2,3,2,2,1
202300049059,13,6,2023,11:40,1,1,6,973,97302,2,4,2,1,1
202300049060,13,6,2023,07:25,1,2,1,972,97209,2,4,2,2,2
202300049061,13,6,2023,21:00,1,1,6,69,69382,2,4,1,1,1
202300049062,13,6,2023,19:20,1,3,3,69,69381,2,4,2,1,2
202300049063,13,6,2023,14:50,1,1,6,69,69034,2,7,2,1,1
202300049064,13,6,2023,09:00,1,8,3,69,69389,2,4,2,2,2
202300049065,12,6,2023,23:20,5,1,2,2B,2B120,2,2,2,1,1
202300049066,13,6,2023,13:50,1,1,6,971,97113,1,2,2,1,1
202300049067,13,6,2023,01:00,5,1,6,971,97101,2,3,2,1,1
202300049068,13,6,2023,15:28,1,1,6,2A,2A004,2,3,2,2,1
202300049069,13,6,2023,07:25,1,1,2,91,91161,2,3,3,1,1
202300049070,13,6,2023,20:10,2,1,3,91,91691,1,3,2,1,1
202300049070,13,6,2023,20:10,2,1,3,91,91691,1,3,2,1,1
202300049071,30,10,2023,11:09,1,3,2,13,13071,1,1,1,1,2
202300049072,31,10,2023,15:50,1,1,2,83,83137,1,1,1,1,1
202300049073,31,10,2023,10:35,1,1,4,83,83062,1,1,1,1,1
202300049074,31,10,2023,04:15,3,1,6,69,69142,1,7,2,1,1
202300049075,31,10,2023,18:55,2,1,3,33,33143,1,1,3,1,1
202300049076,30,10,2023,08:20,1,2,5,59,59523,1,1,1,1,2
202300049077,31,10,2023,17:37,2,1,3,91,91661,1,1,-1,1,2
202300049078,31,10,2023,17:00,2,2,3,91,91161,1,1,1,1,2
202300049079,30,10,2023,19:55,3,1,5,77,77251,1,1,-1,1,1
202300049080,31,10,2023,13:12,1,1,3,92,92064,1,1,1,1,1
202300049081,31,10,2023,16:50,1,1,4,95,95241,1,2,3,1,1
202300049082,31,10,2023,18:50,3,1,3,93,93066,1,1,3,1,1
202300049083,16,5,2023,16:50,1,1,4,95,95241,1,2,3,1,1
202300049084,31,10,2023,17:00,5,1,2,93,93066,1,1,3,1,1
202300049085,31,10,2023,10:00,1,1,3,95,95018,1,1,3,2,1
202300049086,31,10,2023,12:20,1,1,4,94,94052,1,1,3,1,1
202300049087,31,10,2023,08:10,1,1,2,94,94069,1,1,1,1,1
202300049088,31,10,2023,02:00,4,8,6,94,94073,1,1,1,1,2
202300049089,30,10,2023,14:40,1,1,2,2B,2B037,2,2,2,1,1
202300049090,30,10,2023,00:30,5,1,1,971,97120,2,3,1,1,2
202300049091,30,10,2023,00:10,5,1,6,971,97105,2,2,3,2,1
202300049092,30,10,2023,10:50,1,3,3,95,95197,2,3,3,1,2
202300049093,27,10,2023,14:23,1,2,2,87,87085,2,4,2,1,2
202300049094,30,10,2023,11:00,1,3,6,83,83137,2,4,2,1,2
202300049095,29,10,2023,12:30,1,1,6,82,82121,2,6,-1,2,1
202300049096,30,10,2023,19:23,2,2,2,78,78643,2,3,1,-1,2
202300049096,30,10,2023,19:23,2,2,2,78,78643,2,3,2,1,2
202300049097,30,10,2023,18:00,5,2,2,78,78498,2,3,1,1,2
202300049098,29,10,2023,18:30,5,8,3,78,78498,1,3,1,1,1
202300049099,30,10,2023,10:30,1,2,7,76,76305,1,3,2,2,2
202300049099,30,10,2023,10:30,1,2,7,76,76305,1,3,2,1,2
202300049100,29,10,2023,05:11,3,1,7,76,76259,1,3,2,3,2
202300049101,30,10,2023,23:10,5,1,6,69,69256,1,4,1,1,2
202300049102,30,10,2023,17:30,5,3,6,69,69256,2,7,2,1,2
202300049103,29,10,2023,02:50,5,1,3,69,69271,2,4,2,1,1
202300049103,29,10,2023,02:50,5,1,3,69,69271,2,4,2,1,1
202300049104,30,10,2023,18:06,5,3,6,68,68066,2,4,2,1,2
202300049104,30,10,2023,18:06,5,3,6,68,68066,2,4,2,1,2
202300049105,30,10,2023,19:40,4,1,1,64,64335,2,4,2,1,1
202300049106,29,10,2023,17:10,1,3,2,64,64122,2,4,2,1,2
202300049107,23,10,2023,17:05,2,1,3,55,55545,2,4,2,1,1
202300049108,30,10,2023,19:40,5,1,7,51,51108,2,4,3,1,1
202300049109,30,10,2023,07:40,2,2,3,49,49007,2,4,2,1,2
202300049110,28,10,2023,17:40,1,2,3,49,49007,2,4,2,1,2
202300049110,28,10,2023,17:40,1,2,3,49,49007,2,4,2,1,2
202300049111,30,10,2023,20:25,5,1,2,45,45338,2,4,2,1,2
202300049112,30,10,2023,06:55,5,2,6,44,44184,2,4,2,1,2
202300049112,30,10,2023,06:55,5,2,6,44,44184,2,4,2,1,2
202300049113,7,10,2023,14:15,1,1,3,42,42275,2,4,2,1,1
202300049114,30,10,2023,11:58,1,1,6,37,37261,2,4,1,4,2
202300049115,30,10,2023,07:30,2,2,6,37,37195,2,7,1,1,2
202300049116,30,10,2023,21:10,5,2,6,33,33192,1,4,2,1,2
202300049117,30,10,2023,14:00,1,2,6,28,28404,2,6,-1,1,2
202300049118,30,10,2023,18:45,5,8,2,18,18279,2,4,2,1,1
202300049119,30,10,2023,18:30,5,2,5,13,13117,2,3,1,1,2
202300049120,24,10,2023,22:00,5,1,3,13,13214,2,4,1,1,1
202300049121,30,10,2023,18:30,2,2,6,13,13001,2,3,2,1,2
202300049122,30,10,2023,18:55,5,2,6,11,11069,2,4,1,1,2
202300049123,29,10,2023,10:05,1,1,7,11,11069,1,3,2,1,1
202300049124,29,10,2023,08:30,1,1,6,09,09122,2,4,2,1,1
202300049125,30,10,2023,21:30,5,1,1,06,06123,2,4,2,1,2
202300049125,30,10,2023,21:30,5,1,1,06,06123,2,4,1,1,2
202300049126,29,10,2023,18:55,5,1,4,75,75119,2,4,1,1,1
202300049127,29,10,2023,18:30,5,1,2,75,75113,2,4,1,1,1
202300049128,28,10,2023,21:40,3,2,6,75,75117,2,4,1,1,2
202300049129,30,10,2023,06:02,5,2,6,75,75119,2,4,1,1,2
202300049129,30,10,2023,06:02,5,2,6,75,75119,2,4,4,1,2
202300049130,29,10,2023,01:30,5,1,3,75,75113,2,4,2,1,2
202300049131,30,10,2023,09:30,1,2,1,75,75117,2,4,1,1,2
202300049131,30,10,2023,09:30,1,2,1,75,75117,2,4,1,1,2
202300049132,30,10,2023,10:40,1,2,6,75,75116,2,4,2,1,2
202300049132,30,10,2023,10:40,1,2,6,75,75116,2,4,2,1,2
202300049133,30,10,2023,09:15,1,2,2,75,75115,2,4,1,2,2
202300049133,30,10,2023,09:15,1,2,2,75,75115,2,4,1,1,2
202300049134,30,10,2023,10:30,1,2,3,75,75112,2,4,2,1,2
202300049134,30,10,2023,10:30,1,2,3,75,75112,2,4,1,1,2
202300049135,29,10,2023,22:20,5,1,3,75,75109,2,4,1,1,1
202300049135,29,10,2023,22:20,5,1,3,75,75109,2,4,1,1,1
202300049136,29,10,2023,19:50,5,1,2,75,75108,2,4,2,1,1
202300049136,29,10,2023,19:50,5,1,2,75,75108,2,4,1,1,1
202300049137,29,10,2023,22:45,5,1,3,94,94022,2,3,1,1,1
202300049138,30,10,2023,08:15,1,2,6,93,93077,2,4,2,1,2
202300049139,30,10,2023,09:40,1,3,6,93,93015,2,4,-1,1,2
202300049139,30,10,2023,09:40,1,3,6,93,93015,2,4,2,1,2
202300049140,30,10,2023,19:00,5,9,2,93,93030,2,3,2,1,2
202300049141,29,10,2023,01:40,5,3,7,93,93010,2,4,1,1,2
202300049141,29,10,2023,01:40,5,3,7,93,93010,2,4,2,1,2
202300049142,30,10,2023,21:10,5,8,3,93,93007,2,3,2,1,2
202300049142,30,10,2023,21:10,5,8,3,93,93007,2,3,2,1,2
202300049143,22,8,2023,19:00,1,1,7,92,92078,2,3,1,1,1
202300049144,30,10,2023,09:21,2,2,6,92,92026,2,3,2,1,2
202300049144,30,10,2023,09:21,2,2,6,92,92026,2,3,2,1,2
202300049145,30,10,2023,18:35,5,1,6,92,92012,2,3,-1,1,2
202300049146,11,10,2023,07:30,1,8,7,92,92002,2,3,2,1,1
202300049147,31,10,2023,17:25,1,1,1,47,47324,1,3,2,3,1
202300049148,30,10,2023,17:40,3,3,1,26,26031,1,3,2,1,2
202300049149,30,10,2023,17:20,1,2,1,81,81088,1,3,2,2,2
202300049150,29,10,2023,13:15,1,2,2,36,36006,1,1,3,1,2
202300049151,30,10,2023,12:20,1,2,7,30,30286,1,3,2,1,2
202300049152,31,10,2023,09:55,1,2,6,21,21300,1,3,2,1,2
202300049153,30,10,2023,17:15,1,1,1,35,35197,1,3,-1,2,1
202300049154,3,8,2023,18:30,1,2,6,56,56218,1,3,2,2,2
202300049155,30,10,2023,14:18,1,2,1,56,56011,1,3,2,1,2
202300049156,31,10,2023,16:15,1,1,6,65,65124,1,3,2,2,1
202300049157,10,10,2023,17:45,1,1,6,71,71442,1,3,2,1,1
202300049158,31,10,2023,14:05,1,8,1,12,12069,1,3,2,2,2
202300049159,28,10,2023,19:48,3,2,6,47,47214,1,3,2,1,2
202300049160,27,10,2023,20:10,3,3,1,35,35188,1,3,2,1,2
202300049161,30,10,2023,08:30,2,2,2,29,29069,1,3,2,2,2
202300049162,23,10,2023,20:10,5,2,3,38,38229,2,7,2,2,2
202300049162,23,10,2023,20:10,5,2,3,38,38229,2,7,2,1,2
202300049163,27,10,2023,19:55,5,2,6,54,54157,2,3,2,1,2
202300049164,13,5,2023,17:35,1,1,1,72,72290,2,3,2,1,1
202300049165,31,10,2023,17:00,1,1,1,90,90053,2,4,-1,-1,-1
202300049165,31,10,2023,17:00,1,1,1,90,90053,2,4,2,1,1
202300049166,29,10,2023,11:45,1,1,6,83,83056,1,3,2,1,1
202300049167,30,10,2023,18:25,2,2,7,18,18037,1,3,2,1,2
202300049168,26,10,2023,10:10,1,1,7,43,43268,1,4,2,2,1
202300049169,30,10,2023,09:09,1,1,3,17,17340,1,3,2,1,1
202300049170,31,10,2023,08:01,1,1,7,30,30235,2,3,2,1,2
202300049171,30,10,2023,17:55,5,2,6,68,68375,2,3,2,1,2
202300049172,31,10,2023,12:00,1,2,3,79,79125,1,1,2,3,2
202300049173,30,10,2023,14:10,1,1,7,976,97609,1,3,2,2,1
202300049174,31,10,2023,10:30,1,1,6,69,69188,2,4,2,2,2
202300049175,31,10,2023,10:00,1,1,6,69,69027,2,4,1,1,1
202300049176,30,10,2023,09:45,1,8,6,2B,2B313,2,2,2,1,1
202300049177,31,10,2023,08:45,1,1,6,06,06151,1,7,2,1,1
202300049178,1,4,2023,19:25,2,2,3,69,69387,2,4,2,1,2
202300049178,1,4,2023,19:25,2,2,3,69,69387,2,4,2,1,2
202300049179,31,10,2023,09:30,1,1,7,55,55110,2,4,2,1,2
202300049180,31,3,2023,14:40,1,1,5,972,97213,1,3,2,1,1
202300049180,31,3,2023,14:40,1,1,5,972,97213,1,3,2,1,1
202300049181,1,4,2023,11:15,1,2,3,69,69081,2,4,1,1,2
202300049182,30,10,2023,17:15,2,2,7,63,63263,1,3,2,2,2
202300049183,31,3,2023,10:49,1,1,6,2B,2B037,2,6,-1,1,1
202300049184,29,10,2023,12:00,1,1,1,73,73288,1,3,2,2,1
202300049185,1,4,2023,22:25,4,1,6,91,91339,1,3,3,1,1
202300049186,31,10,2023,11:30,1,1,3,07,07142,1,3,2,3,1
202300049186,31,10,2023,11:30,1,1,3,07,07142,1,3,2,2,1
202300049187,1,4,2023,11:10,1,1,2,91,91339,2,4,-1,2,1
202300049187,1,4,2023,11:10,1,1,2,91,91339,2,4,2,1,1
202300049188,29,10,2023,17:25,2,1,3,33,33240,2,4,2,1,2
202300049188,29,10,2023,17:25,2,1,3,33,33240,2,4,2,1,2
202300049189,31,3,2023,19:30,1,1,2,91,91161,2,4,1,1,1
202300049190,31,3,2023,17:20,1,1,2,91,91027,2,3,-1,1,1
202300049191,30,10,2023,07:25,5,3,6,33,33056,2,4,2,1,2
202300049191,30,10,2023,07:25,5,3,6,33,33056,2,4,2,1,2
202300049192,29,10,2023,06:45,2,1,7,53,53094,1,2,2,1,2
202300049193,1,4,2023,12:30,1,1,1,83,83061,1,3,2,2,1
202300049194,30,10,2023,10:46,1,2,6,59,59377,2,4,2,1,2
202300049195,1,4,2023,18:45,1,1,6,78,78517,2,3,2,1,1
202300049196,12,5,2023,08:45,1,1,3,66,66012,1,3,-1,1,1
202300049197,29,10,2023,18:55,3,1,6,83,83090,1,1,3,1,1
202300049198,1,4,2023,19:45,2,2,6,77,77400,1,3,1,1,2
202300049199,12,5,2023,02:10,3,1,6,06,06123,1,1,3,1,1
202300049200,30,10,2023,06:08,2,3,7,57,57206,1,1,3,1,2
202300049201,11,5,2023,20:00,3,1,6,976,97601,1,3,2,2,1
202300049202,31,3,2023,17:10,1,8,4,72,72181,2,4,2,1,2
202300049203,30,10,2023,08:49,1,8,5,33,33487,1,1,3,1,2
202300049204,12,5,2023,10:50,1,1,2,974,97402,2,2,2,1,1
202300049205,1,4,2023,19:50,1,8,3,69,69264,2,4,1,1,1
202300049205,1,4,2023,19:50,1,8,3,69,69264,2,4,1,1,1
202300049206,29,10,2023,01:10,3,3,2,33,33162,1,1,3,1,2
202300049207,11,5,2023,07:52,1,1,7,973,97304,1,9,2,1,1
202300049208,1,4,2023,22:18,5,2,3,69,69029,2,7,2,1,2
202300049209,28,10,2023,09:40,1,1,7,59,59350,1,2,1,1,2
202300049210,12,5,2023,06:40,1,1,7,21,21263,1,7,2,1,1
202300049210,12,5,2023,06:40,1,1,7,21,21263,1,7,2,1,1
202300049211,1,4,2023,14:00,1,8,4,69,69029,2,7,3,1,1
202300049212,28,10,2023,04:15,3,2,2,59,59456,1,1,3,1,2
202300049213,27,3,2023,14:00,1,1,6,62,62215,2,4,2,1,1
202300049214,11,5,2023,20:10,1,1,1,66,66053,1,3,2,2,1
202300049215,30,10,2023,16:05,1,1,6,91,91136,1,1,1,2,2
202300049216,11,5,2023,19:05,1,1,6,30,30128,2,3,2,1,1
202300049217,31,3,2023,16:30,1,3,2,61,61001,2,4,2,1,2
202300049217,31,3,2023,16:30,1,3,2,61,61001,2,4,2,1,2
202300049218,30,10,2023,09:22,1,3,5,94,94034,1,1,-1,1,2
202300049219,11,5,2023,08:50,1,9,2,11,11188,1,3,2,1,1
202300049220,1,4,2023,03:30,5,2,6,54,54395,2,4,2,1,2
202300049221,1,4,2023,08:10,1,3,7,54,54367,1,2,3,1,2
202300049222,30,10,2023,08:25,2,3,2,92,92064,1,1,1,1,2
202300049223,11,5,2023,17:20,1,1,3,83,83117,1,3,2,2,1
202300049223,11,5,2023,17:20,1,1,3,83,83117,1,3,2,1,1
202300049224,2,4,2023,01:10,5,1,7,49,49007,2,4,1,1,1
202300049224,2,4,2023,01:10,5,1,7,49,49007,2,4,1,1,1
202300049225,29,10,2023,04:42,5,2,6,92,92064,1,1,1,2,2
202300049226,12,5,2023,12:21,1,1,3,13,13015,2,3,3,2,1
202300049227,11,5,2023,13:25,1,1,6,08,08081,2,4,2,1,1
202300049228,28,8,2023,12:35,1,1,3,29,29026,2,3,2,1,1
202300049229,31,3,2023,00:40,5,1,3,42,42218,2,4,2,1,1
202300049229,31,3,2023,00:40,5,1,3,42,42218,2,4,2,1,1
202300049230,3,5,2023,18:30,1,1,6,67,67052,1,3,2,1,1
202300049231,27,8,2023,03:30,3,1,6,01,01159,2,4,2,1,1
202300049232,10,5,2023,06:50,2,3,6,73,73179,2,4,2,1,2
202300049233,28,10,2023,23:15,3,3,5,92,92047,1,1,-1,1,2
202300049234,1,4,2023,18:00,1,2,1,38,38169,2,4,1,1,2
202300049234,1,4,2023,18:00,1,2,1,38,38169,2,4,2,1,2
202300049235,28,8,2023,00:30,3,1,1,26,26166,2,2,2,1,1
202300049236,12,5,2023,16:00,1,1,1,07,07086,1,3,2,3,1
202300049236,12,5,2023,16:00,1,1,1,07,07086,1,3,2,1,1
202300049237,30,10,2023,20:10,3,8,2,93,93078,1,1,3,1,2
202300049238,29,3,2023,17:30,1,1,6,38,38169,2,7,2,1,1
202300049239,31,3,2023,10:30,1,1,3,34,34129,2,4,2,1,1
202300049240,1,12,2023,17:25,3,1,3,27,27230,1,3,2,1,2
202300049241,12,5,2023,09:10,1,1,2,69,69009,2,3,2,1,1
202300049242,27,8,2023,15:55,1,1,7,58,58046,1,3,2,1,1
202300049243,30,10,2023,16:00,1,2,2,95,95572,1,1,3,1,2
202300049244,1,4,2023,13:20,1,1,3,33,33318,2,4,2,1,1
202300049245,10,5,2023,19:20,1,1,7,17,17038,1,3,2,1,1
202300049246,4,12,2023,07:00,5,4,1,62,62399,2,3,2,1,7
202300049247,26,8,2023,21:45,3,1,1,72,72054,1,3,2,1,1
202300049248,30,10,2023,16:48,2,3,6,95,95582,1,1,-1,1,2
202300049249,7,5,2023,19:30,1,1,1,24,24572,1,3,2,1,1
202300049250,5,12,2023,18:30,5,1,1,30,30060,1,3,2,1,1
202300049251,30,10,2023,15:20,1,3,6,95,95572,1,2,3,1,2
202300049252,27,8,2023,15:49,1,1,1,72,72349,1,3,2,1,2
202300049253,1,4,2023,20:30,5,2,4,27,27299,2,4,2,1,2
202300049254,11,5,2023,20:10,1,1,7,60,60088,1,4,2,1,1
202300049255,4,12,2023,09:25,1,8,6,31,31157,2,7,2,1,1
202300049256,30,10,2023,11:00,1,2,3,92,92036,1,1,3,1,2
202300049257,5,12,2023,07:56,3,2,1,76,76380,1,3,2,1,2
202300049257,5,12,2023,07:56,3,2,1,76,76380,1,3,2,1,2
202300049258,30,10,2023,16:30,1,8,2,94,94028,1,2,-1,1,1
202300049259,27,8,2023,12:40,1,1,3,36,36070,2,3,2,1,1
202300049259,27,8,2023,12:40,1,1,3,36,36070,2,3,-1,1,1
202300049260,1,4,2023,13:21,1,2,2,22,22215,2,3,2,1,2
202300049261,11,5,2023,18:15,1,1,4,13,13071,1,1,2,1,1
202300049262,1,4,2023,14:13,1,1,6,16,16341,1,9,1,1,1
202300049263,4,12,2023,18:15,2,2,3,80,80008,2,3,2,1,2
202300049263,4,12,2023,18:15,2,2,3,80,80008,2,3,2,1,2
202300049264,28,6,2023,09:25,1,1,3,63,63113,2,4,2,1,1
202300049264,28,6,2023,09:25,1,1,3,63,63113,2,4,1,1,1
202300049265,11,5,2023,17:56,1,1,4,13,13211,1,1,1,1,1
202300049266,27,8,2023,14:20,1,1,1,21,21584,1,3,2,1,1
202300049266,27,8,2023,14:20,1,1,1,21,21584,1,3,2,1,1
202300049267,1,4,2023,10:17,1,1,1,14,14242,1,4,2,1,1
202300049268,4,12,2023,14:15,1,2,1,89,89018,2,4,2,2,2
202300049269,28,6,2023,22:05,5,1,6,63,63164,2,7,1,4,1
202300049270,10,5,2023,18:20,1,1,2,13,13211,1,1,1,1,1
202300049271,5,12,2023,09:35,1,2,1,76,76618,1,3,2,1,2
202300049272,1,4,2023,20:00,2,1,1,13,13208,2,4,2,1,1
202300049272,1,4,2023,20:00,2,1,1,13,13208,2,4,2,2,1
202300049273,26,8,2023,23:40,3,3,6,24,24217,1,3,2,2,2
202300049274,4,12,2023,09:40,1,8,7,61,61346,1,3,2,1,2
202300049275,1,4,2023,08:45,1,1,2,06,06069,2,3,2,2,1
202300049276,10,5,2023,22:35,3,1,2,13,13001,1,1,1,1,1
202300049277,23,8,2023,09:45,1,1,6,85,85047,2,3,-1,1,1
202300049278,20,7,2023,01:10,3,1,2,13,13076,1,1,3,1,1
202300049279,25,8,2023,07:35,1,1,7,27,27201,1,3,2,1,1
202300049280,11,5,2023,08:15,1,1,2,67,67389,1,7,3,1,1
202300049281,4,12,2023,07:50,2,2,3,47,47214,1,4,2,1,2
202300049281,4,12,2023,07:50,2,2,3,47,47214,1,4,2,1,3
202300049282,31,3,2023,18:10,1,3,1,03,03185,2,3,2,1,2
202300049283,9,7,2023,15:35,1,1,3,13,13076,1,1,2,1,1
202300049284,28,7,2023,19:20,1,1,2,27,27108,1,3,2,1,1
202300049284,28,7,2023,19:20,1,1,2,27,27108,1,3,2,1,1
202300049285,11,5,2023,19:45,1,1,3,91,91659,1,1,1,1,1
202300049286,1,4,2023,17:30,1,2,3,75,75113,2,4,1,1,2
202300049287,4,12,2023,09:00,1,7,3,47,47189,1,3,2,1,2
202300049287,4,12,2023,09:00,1,7,3,47,47189,1,3,2,1,2
202300049288,28,10,2023,14:55,1,1,3,974,97411,2,3,2,2,1
202300049289,26,8,2023,23:30,5,1,7,978,97801,2,2,2,2,1
202300049290,1,4,2023,14:05,1,1,2,75,75113,2,4,1,1,1
202300049291,29,10,2023,15:55,1,1,7,973,97302,2,4,2,1,1
202300049292,28,8,2023,01:55,5,1,6,33,33122,1,4,2,1,1
202300049293,3,12,2023,14:15,1,2,1,47,47151,1,4,2,1,2
202300049294,11,5,2023,17:30,1,1,4,91,91689,1,1,3,1,1
202300049295,24,10,2023,11:40,1,1,6,973,97302,2,4,2,1,1
202300049296,22,8,2023,20:50,2,1,6,27,27517,1,1,3,1,1
202300049297,31,3,2023,01:00,5,2,6,75,75120,2,4,1,1,2
202300049298,4,12,2023,17:35,3,1,3,34,34142,2,3,2,1,2
202300049299,29,10,2023,01:05,3,1,7,973,97302,2,3,2,1,1
202300049300,27,8,2023,12:05,1,1,3,987,98747,1,2,2,1,1
202300049301,11,5,2023,09:10,1,1,2,91,91534,1,2,1,1,1
202300049302,29,10,2023,19:00,5,1,3,69,69386,2,4,1,1,1
202300049303,2,4,2023,19:15,2,1,3,75,75117,2,4,2,1,1
202300049303,2,4,2023,19:15,2,1,3,75,75117,2,4,-1,1,1
202300049304,27,8,2023,09:55,1,1,7,974,97422,1,2,2,1,1
202300049305,28,11,2023,16:00,1,1,2,68,68042,2,3,2,1,1
202300049306,11,5,2023,07:50,1,1,3,91,91228,1,1,1,1,1
202300049307,26,8,2023,10:55,1,1,6,971,97101,1,3,2,4,1
202300049308,2,4,2023,16:30,1,8,6,75,75117,2,4,2,1,1
202300049308,2,4,2023,16:30,1,8,6,75,75117,2,4,2,2,1
202300049309,27,10,2023,17:30,1,1,7,69,69389,2,4,1,1,1
202300049309,27,10,2023,17:30,1,1,7,69,69389,2,4,2,1,1
202300049310,4,12,2023,07:45,2,2,6,44,44069,1,3,3,1,2
202300049311,26,8,2023,21:45,5,1,6,45,45144,2,4,2,1,1
202300049312,2,4,2023,04:30,5,2,6,75,75111,2,4,2,1,2
202300049312,2,4,2023,04:30,5,2,6,75,75111,2,4,1,1,2