id_accident,jour,mois,annee,heure_minute,luminosite,meteo,type_collision,departement,commune,agglomeration,categorie_route,regime_circulation,profil_route,etat_surface
202300049313,11,5,2023,21:39,3,1,6,92,92036,1,1,1,1,1
202300049314,29,10,2023,03:55,5,1,6,69,69382,2,4,1,1,1
202300049314,29,10,2023,03:55,5,1,6,69,69382,2,4,2,1,1
202300049315,5,12,2023,14:15,1,1,3,29,29165,1,3,2,1,1
202300049315,5,12,2023,14:15,1,1,3,29,29165,1,3,2,1,1
202300049316,2,4,2023,19:12,1,1,6,75,75104,2,4,1,1,1
202300049316,2,4,2023,19:12,1,1,6,75,75104,2,4,1,1,1
202300049317,28,8,2023,08:10,1,1,1,77,77168,1,3,2,1,1
202300049318,29,10,2023,18:54,3,1,6,95,95585,2,3,3,1,1
202300049319,4,12,2023,19:20,3,2,1,31,31510,1,3,2,3,2
202300049320,1,4,2023,22:10,5,2,6,93,93064,2,4,2,1,2
202300049321,10,5,2023,10:15,5,2,3,75,75116,1,1,3,1,2
202300049322,27,8,2023,17:26,1,1,3,77,77484,1,3,2,1,1
202300049323,29,10,2023,13:50,1,1,3,95,95680,1,3,2,1,1
202300049324,1,4,2023,23:20,5,1,2,93,93048,2,3,1,1,2
202300049324,1,4,2023,23:20,5,1,2,93,93048,2,3,1,1,2
202300049325,23,8,2023,07:50,1,1,7,66,66008,1,3,3,1,1
202300049326,30,11,2023,00:45,3,2,6,66,66003,2,3,2,1,2
202300049326,30,11,2023,00:45,3,2,6,66,66003,2,3,2,2,2
202300049327,29,10,2023,05:50,5,1,6,91,91027,2,4,2,1,2
202300049328,27,8,2023,07:45,2,3,6,05,05053,1,3,2,1,2
202300049329,11,5,2023,19:15,1,1,5,93,93048,1,1,1,1,1
202300049330,2,4,2023,17:15,1,8,3,92,92050,2,3,2,1,1
202300049330,2,4,2023,17:15,1,8,3,92,92050,2,3,2,1,1
202300049331,29,10,2023,05:20,4,3,6,86,86194,2,4,2,2,2
202300049332,2,4,2023,18:30,1,1,7,37,37148,2,3,2,2,1
202300049333,28,8,2023,17:25,1,1,6,88,88410,1,3,2,2,1
202300049334,4,12,2023,14:20,1,2,3,14,14431,2,4,2,1,2
202300049334,4,12,2023,14:20,1,2,3,14,14431,2,4,2,1,2
202300049335,11,5,2023,14:20,1,1,2,93,93048,1,1,-1,2,1
202300049336,29,10,2023,05:10,5,1,6,84,84031,2,4,2,1,1
202300049337,1,4,2023,18:05,1,2,6,37,37043,1,3,2,4,2
202300049338,27,8,2023,19:55,1,1,3,57,57474,2,3,1,1,1
202300049339,4,12,2023,14:00,1,4,3,05,05124,1,3,2,3,5
202300049340,28,8,2023,19:00,2,1,7,57,57482,1,3,2,1,1
202300049341,11,5,2023,08:50,1,1,5,95,95154,1,1,3,1,1
202300049342,30,3,2023,07:15,2,1,6,06,06161,2,3,2,1,1
202300049343,2,12,2023,22:15,3,1,6,83,83078,1,3,2,1,1
202300049344,27,8,2023,08:50,1,2,6,81,81219,1,3,2,2,2
202300049345,5,12,2023,17:40,2,2,6,45,45145,2,4,2,1,2
202300049346,27,10,2023,13:00,1,8,3,73,73011,2,4,2,1,2
202300049346,27,10,2023,13:00,1,8,3,73,73011,2,4,2,1,2
202300049347,11,5,2023,09:05,1,1,2,93,93064,1,1,3,1,1
202300049348,27,8,2023,15:30,1,1,1,79,79048,1,4,2,1,1
202300049349,2,4,2023,20:15,3,1,2,30,30125,1,3,2,1,1
202300049350,5,12,2023,03:20,3,2,6,16,16329,1,3,2,1,2
202300049351,3,4,2023,13:10,1,1,6,57,57300,1,3,2,2,1
202300049352,23,10,2023,20:40,5,1,3,70,70388,1,3,-1,1,1
202300049352,23,10,2023,20:40,5,1,3,70,70388,1,3,-1,1,1
202300049353,27,8,2023,18:05,1,1,1,85,85226,1,3,2,1,1
202300049354,11,5,2023,06:45,1,1,3,93,93053,1,1,3,2,1
202300049355,3,4,2023,13:15,1,1,6,67,67456,1,3,2,1,1
202300049356,4,12,2023,07:50,1,1,5,40,40080,2,3,2,1,1
202300049357,26,8,2023,17:55,1,1,6,85,85238,2,4,1,1,1
202300049358,3,4,2023,05:30,3,1,2,67,67434,1,3,2,2,1
202300049359,28,10,2023,16:45,1,1,3,69,69266,2,4,2,2,1
202300049360,4,12,2023,17:20,5,2,6,04,04116,2,3,2,2,2
202300049361,11,5,2023,17:00,1,8,5,77,77363,1,1,3,1,1
202300049362,4,12,2023,18:00,5,2,6,27,27467,2,4,2,1,2
202300049363,29,10,2023,11:35,1,1,6,69,69290,2,4,2,2,1
202300049364,31,3,2023,22:30,3,6,6,80,80222,1,3,2,1,2
202300049365,28,8,2023,00:10,3,1,6,80,80799,1,3,2,1,1
202300049366,11,5,2023,09:30,1,1,4,93,93051,1,1,1,1,1
202300049367,29,10,2023,21:40,5,3,6,67,67218,2,4,2,1,2
202300049368,3,4,2023,14:45,1,1,6,82,82026,1,3,2,1,1
202300049369,28,8,2023,16:00,1,1,3,59,59550,1,2,1,1,1
202300049370,27,3,2023,21:00,3,1,6,82,82090,1,3,2,2,1
202300049371,10,5,2023,19:00,1,1,5,94,94018,1,1,3,1,1
202300049372,5,12,2023,08:40,1,9,2,45,45222,1,3,2,1,1
202300049372,5,12,2023,08:40,1,9,2,45,45222,1,3,2,1,2
202300049373,29,10,2023,19:10,5,3,3,67,67482,2,4,2,1,2
202300049373,29,10,2023,19:10,5,3,3,67,67482,2,4,2,1,2
202300049374,27,8,2023,05:35,3,1,2,83,83090,1,1,3,1,2
202300049375,2,4,2023,06:30,3,1,2,11,11262,1,3,2,1,1
202300049376,5,12,2023,11:48,1,1,7,13,13009,1,3,2,1,1
202300049377,10,5,2023,11:00,1,2,2,94,94028,1,1,1,1,2
202300049378,2,4,2023,21:20,3,8,6,61,61150,1,3,2,1,2
202300049379,29,10,2023,12:44,1,1,2,64,64260,2,3,-1,2,1
202300049380,5,12,2023,07:50,1,1,2,13,13113,1,1,1,1,2
202300049381,2,4,2023,14:10,1,1,6,49,49215,1,4,2,1,1
202300049382,10,5,2023,07:30,1,3,2,77,77249,1,2,2,2,2
202300049383,29,10,2023,02:15,5,1,2,64,64024,2,4,2,1,1
202300049384,26,8,2023,19:57,2,3,2,69,69297,1,1,3,1,2
202300049385,5,12,2023,06:31,3,1,7,72,72223,1,1,1,1,1
202300049386,27,8,2023,12:30,1,1,6,94,94043,1,1,-1,1,1
202300049387,3,4,2023,10:00,1,2,1,42,42302,1,7,2,1,2
202300049388,28,10,2023,18:15,1,1,6,63,63063,2,7,3,1,1
202300049389,10,5,2023,07:15,1,2,6,76,76575,1,7,3,1,2
202300049389,10,5,2023,07:15,1,2,6,76,76575,1,7,2,1,2
202300049390,3,12,2023,19:15,3,1,2,60,60612,1,1,1,1,1
202300049391,28,10,2023,01:10,3,2,6,62,62194,1,3,2,1,2
202300049392,10,5,2023,14:55,1,1,6,54,54547,2,4,3,1,1
202300049393,2,4,2023,06:45,2,2,3,68,68374,1,3,2,1,2
202300049394,5,12,2023,11:00,1,1,3,33,33005,2,4,2,1,1
202300049395,28,10,2023,11:50,1,1,3,62,62400,1,3,2,1,2
202300049395,28,10,2023,11:50,1,1,3,62,62400,1,3,2,1,2
202300049396,1,4,2023,08:00,1,1,1,25,25558,2,3,2,1,1
202300049397,10,5,2023,12:00,1,1,6,38,38053,2,4,2,1,1
202300049398,26,8,2023,23:50,4,1,4,93,93053,1,1,2,1,1
202300049399,4,12,2023,11:40,1,1,7,987,98725,2,2,3,4,8
202300049400,2,4,2023,03:45,3,1,1,29,29279,1,3,3,2,1
202300049401,10,5,2023,07:30,1,1,6,24,24145,2,4,2,1,1
202300049402,26,8,2023,23:50,4,1,2,95,95256,1,2,3,1,1
202300049403,29,10,2023,11:40,1,1,3,59,59350,2,4,1,1,1
202300049403,29,10,2023,11:40,1,1,3,59,59350,2,4,1,1,1
202300049404,4,12,2023,13:10,1,1,3,973,97306,1,3,3,1,1
202300049405,28,10,2023,19:30,5,3,6,59,59273,2,3,2,1,2
202300049406,26,8,2023,21:00,3,1,2,95,95500,1,1,3,1,1
202300049407,9,5,2023,19:00,1,1,6,76,76351,2,4,2,1,1
202300049407,9,5,2023,19:00,1,1,6,76,76351,2,4,2,1,1
202300049408,2,4,2023,18:50,1,1,6,83,83032,1,3,2,1,1
202300049409,4,12,2023,18:00,5,3,6,45,45252,2,3,2,1,2
202300049410,30,3,2023,14:00,1,3,7,60,60098,2,3,2,1,2
202300049411,29,10,2023,19:07,5,2,3,47,47323,1,4,2,1,1
202300049411,29,10,2023,19:07,5,2,3,47,47323,1,4,2,1,1
202300049412,9,5,2023,14:25,1,3,6,58,58194,2,4,2,1,2
202300049413,4,12,2023,12:13,1,8,2,89,89350,1,1,3,1,1
202300049414,27,8,2023,13:40,1,1,4,94,94028,1,1,3,1,1
202300049415,30,3,2023,07:30,2,1,3,64,64493,2,3,2,1,1
202300049415,30,3,2023,07:30,2,1,3,64,64493,2,3,2,1,1
202300049416,4,12,2023,18:50,5,2,6,51,51308,2,4,2,1,2
202300049417,29,10,2023,14:35,1,1,3,47,47001,2,4,2,1,1
202300049417,29,10,2023,14:35,1,1,3,47,47001,2,4,2,1,1
202300049418,31,3,2023,18:45,1,1,6,24,24035,2,3,2,2,8
202300049419,5,12,2023,17:20,5,1,6,03,03224,2,3,2,4,1
202300049420,10,3,2023,16:23,1,1,3,74,74012,2,4,1,1,1
202300049420,10,3,2023,16:23,1,1,3,74,74012,2,4,2,1,1
202300049420,10,3,2023,16:23,1,1,3,74,74012,2,4,1,1,1
202300049421,2,4,2023,17:45,2,3,6,03,03097,1,1,3,2,2
202300049422,27,8,2023,13:40,1,1,4,94,94028,1,1,-1,1,1
202300049423,4,12,2023,17:20,5,4,6,73,73054,2,3,2,1,2
202300049424,29,10,2023,18:47,5,1,6,45,45285,2,4,2,1,1
202300049424,29,10,2023,18:47,5,1,6,45,45285,2,4,2,1,1
202300049425,4,12,2023,19:20,3,1,7,31,31420,1,3,3,1,2
202300049426,9,3,2023,19:20,5,1,2,74,74012,2,3,1,1,1
202300049427,23,8,2023,10:22,1,1,6,988,98818,2,4,3,1,1
202300049428,3,4,2023,07:35,2,8,2,01,01425,1,1,3,1,1
202300049429,29,10,2023,15:10,1,1,3,45,45234,2,4,3,1,1
202300049430,4,12,2023,18:45,3,3,6,64,64496,2,3,2,1,2
202300049431,9,3,2023,12:05,1,1,6,74,74012,2,3,2,2,1
202300049432,26,8,2023,12:50,1,1,3,976,97611,2,3,2,2,1
202300049433,2,4,2023,23:00,5,1,3,973,97309,1,3,-1,1,1
202300049433,2,4,2023,23:00,5,1,3,973,97309,1,3,1,1,1
202300049434,29,10,2023,09:05,1,2,6,35,35238,1,2,3,1,2
202300049435,3,12,2023,16:15,1,1,2,64,64304,1,3,3,1,1
202300049436,2,4,2023,19:26,1,1,7,51,51572,1,1,3,1,1
202300049437,28,10,2023,17:45,2,3,6,35,35115,2,4,2,2,2
202300049438,1,3,2023,11:30,1,1,6,74,74010,2,4,2,1,1
202300049438,1,3,2023,11:30,1,1,6,74,74010,2,4,2,1,1
202300049439,25,8,2023,07:20,1,1,3,976,97611,2,4,-1,1,1
202300049440,5,12,2023,06:50,2,2,3,14,14712,1,1,2,4,2
202300049440,5,12,2023,06:50,2,2,3,14,14712,1,1,1,2,2
202300049441,29,10,2023,23:20,5,2,6,33,33063,2,4,3,1,2
202300049442,25,8,2023,17:00,1,1,6,974,97416,2,4,-1,1,1
202300049443,4,12,2023,10:00,1,2,2,29,29042,1,3,2,1,2
202300049444,29,10,2023,19:15,5,2,3,33,33119,2,4,3,1,2
202300049444,29,10,2023,19:15,5,2,3,33,33119,2,4,1,1,2
202300049445,26,8,2023,06:00,5,1,3,974,97411,2,4,2,1,1
202300049445,26,8,2023,06:00,5,1,3,974,97411,2,4,2,1,1
202300049445,26,8,2023,06:00,5,1,3,974,97411,2,4,2,1,1
202300049446,4,12,2023,18:30,5,2,1,22,22136,2,4,2,2,2
202300049446,4,12,2023,18:30,5,2,1,22,22136,2,4,2,2,2
202300049447,4,5,2023,09:15,1,1,6,83,83126,2,4,2,1,1
202300049448,29,10,2023,02:06,3,3,6,33,33281,2,4,2,1,2
202300049449,26,8,2023,03:10,5,2,6,974,97411,2,4,2,2,2
202300049450,1,4,2023,20:20,3,1,4,13,13018,1,1,3,1,1
202300049451,4,12,2023,09:25,1,1,3,33,33162,1,1,3,1,1
202300049452,27,2,2023,21:30,3,1,7,74,74272,2,3,2,1,1
202300049453,29,10,2023,15:30,1,1,3,31,31555,2,7,2,1,1
202300049454,1,4,2023,19:20,3,1,3,987,98750,1,2,2,1,1
202300049455,26,8,2023,00:30,5,1,6,974,97411,2,2,1,1,1
202300049455,26,8,2023,00:30,5,1,6,974,97411,2,2,1,1,1
202300049456,26,2,2023,01:20,5,1,6,74,74112,2,3,2,1,1
202300049457,1,12,2023,13:13,1,1,4,62,62637,1,1,-1,1,1
202300049458,2,4,2023,11:40,1,1,1,987,98733,2,2,2,1,1
202300049459,27,10,2023,12:15,1,2,4,29,29039,2,4,2,1,2
202300049460,25,2,2023,12:45,1,1,6,74,74052,2,3,2,1,1
202300049461,25,8,2023,19:25,5,1,2,974,97411,2,2,-1,1,1
202300049462,4,12,2023,08:30,2,3,2,94,94021,1,1,2,1,2
202300049463,29,10,2023,18:40,2,1,6,16,16015,2,4,2,3,1
202300049464,1,4,2023,18:00,1,1,3,973,97305,1,2,2,1,1
202300049465,17,2,2023,05:00,5,1,7,74,74058,2,3,2,1,2
202300049466,4,12,2023,08:30,2,2,3,91,91235,1,2,3,1,2
202300049467,25,8,2023,15:15,1,1,3,974,97411,2,3,2,2,1
202300049467,25,8,2023,15:15,1,1,3,974,97411,2,3,2,1,1
202300049468,4,12,2023,13:35,1,2,6,95,95277,1,1,1,1,2
202300049469,3,4,2023,10:25,1,1,6,971,97117,2,3,2,1,1
202300049469,3,4,2023,10:25,1,1,6,971,97117,2,3,2,1,1
202300049470,29,10,2023,17:15,1,1,1,14,14701,1,3,2,1,1
202300049470,29,10,2023,17:15,1,1,1,14,14701,1,3,2,1,1
202300049471,26,8,2023,12:20,1,1,6,69,69386,2,4,2,1,2
202300049471,26,8,2023,12:20,1,1,6,69,69386,2,4,1,1,2
202300049472,15,2,2023,23:15,3,1,1,74,74238,1,3,2,1,1
202300049473,3,12,2023,22:55,3,1,2,95,95572,1,2,3,1,1
202300049474,3,4,2023,07:53,1,1,2,78,78531,1,1,3,1,1
202300049475,28,10,2023,18:15,2,8,7,13,13005,2,3,2,1,1
202300049476,26,8,2023,11:10,1,2,6,69,69387,2,4,1,1,2
202300049477,3,12,2023,04:20,3,1,6,94,94069,1,1,1,1,1
202300049478,21,2,2023,17:35,1,1,7,74,74099,1,4,2,2,1
202300049478,21,2,2023,17:35,1,1,7,74,74099,1,4,2,2,1
202300049479,2,4,2023,23:15,5,1,6,13,13027,2,4,2,1,1
202300049480,20,10,2023,08:45,1,2,6,72,72181,1,3,1,2,2
202300049481,29,10,2023,11:15,1,1,6,11,11069,2,4,1,2,1
202300049482,25,8,2023,20:35,4,1,3,972,97213,1,3,1,1,1
202300049483,9,2,2023,06:20,3,9,1,74,74309,2,3,2,2,7
202300049484,2,4,2023,05:30,3,2,1,38,38110,1,3,2,1,2
202300049485,7,8,2023,20:50,2,1,3,14,14437,2,3,2,1,1
202300049486,28,10,2023,12:15,1,1,3,07,07019,2,4,2,1,1
202300049487,26,8,2023,02:20,3,1,6,972,97209,1,3,1,4,1
202300049488,8,2,2023,20:20,3,1,1,74,74282,1,3,2,2,1
202300049489,13,9,2023,15:10,1,1,6,14,14118,2,4,1,1,1
202300049489,13,9,2023,15:10,1,1,6,14,14118,2,4,1,1,1
202300049490,3,4,2023,08:40,1,2,2,01,01249,2,3,2,1,2
202300049490,3,4,2023,08:40,1,2,2,01,01249,2,3,1,1,2
202300049491,13,8,2023,16:40,1,1,7,73,73021,1,3,2,2,9
202300049492,29,10,2023,19:10,5,1,3,06,06088,1,4,3,1,1
202300049492,29,10,2023,19:10,5,1,3,06,06088,1,4,3,1,1
202300049493,23,8,2023,14:30,1,1,3,972,97209,2,3,2,1,1
202300049494,5,2,2023,13:00,1,1,2,74,74243,1,1,1,1,1
202300049495,29,10,2023,01:40,5,1,6,03,03185,2,3,1,2,1
202300049496,3,4,2023,09:25,1,1,2,14,14160,1,2,3,1,1
202300049497,19,8,2023,19:10,5,2,4,972,97209,1,2,-1,1,2
202300049498,28,4,2023,17:20,1,1,6,92,92078,2,4,1,1,1
202300049499,2,4,2023,11:35,1,1,6,59,59398,2,4,2,1,1
202300049500,14,1,2023,03:05,5,1,6,62,62755,2,3,3,2,1
202300049501,29,10,2023,04:40,5,1,2,75,75112,2,4,1,1,1
202300049502,16,8,2023,11:08,1,1,3,64,64064,1,2,2,1,1
202300049502,16,8,2023,11:08,1,1,3,64,64064,1,2,2,1,1
202300049503,27,8,2023,00:25,5,2,3,69,69389,2,4,2,1,2
202300049504,1,2,2023,00:30,3,1,6,74,74208,1,3,2,2,1
202300049505,2,4,2023,19:00,1,1,3,13,13088,1,1,1,2,1
202300049506,4,12,2023,08:20,1,1,6,988,98818,2,4,-1,1,1
202300049507,28,10,2023,11:00,1,1,2,75,75112,2,4,1,1,2
202300049508,26,8,2023,16:30,1,1,3,69,69385,2,7,2,1,1
202300049508,26,8,2023,16:30,1,1,3,69,69385,2,7,2,2,1
202300049509,25,2,2023,11:20,1,2,2,76,76414,2,4,2,1,2
202300049509,25,2,2023,11:20,1,2,2,76,76414,2,4,2,1,2
202300049510,3,12,2023,07:15,1,1,7,973,97302,2,4,2,4,9
202300049511,26,3,2023,00:30,5,1,2,69,69389,1,7,3,1,1
202300049512,29,10,2023,12:30,1,2,6,75,75120,2,4,2,1,2
202300049512,29,10,2023,12:30,1,2,6,75,75120,2,4,2,1,2
202300049513,2,12,2023,19:45,5,1,7,973,97302,2,4,2,1,1
202300049514,1,4,2023,19:25,1,8,6,69,69273,1,7,3,1,2
202300049515,25,8,2023,15:30,1,1,2,69,69382,2,4,2,1,1
202300049515,25,8,2023,15:30,1,1,2,69,69382,2,4,1,1,1
202300049516,29,10,2023,07:00,5,8,6,75,75115,2,4,1,1,2
202300049517,10,5,2023,18:35,5,1,3,974,97416,2,3,2,1,1
202300049518,29,10,2023,18:15,5,1,6,75,75113,2,4,2,1,2
202300049519,1,12,2023,21:45,5,1,6,973,97302,2,3,2,1,1
202300049520,2,4,2023,07:40,1,1,6,33,33090,1,1,3,1,1
202300049521,9,5,2023,08:15,1,1,2,974,97416,1,2,1,2,1
202300049522,24,8,2023,19:33,1,1,2,2B,2B033,2,4,2,3,1
202300049522,24,8,2023,19:33,1,1,2,2B,2B033,2,4,1,1,1
202300049523,3,12,2023,07:50,1,1,1,972,97213,1,9,2,1,1
202300049524,29,10,2023,02:09,5,8,3,75,75110,2,4,2,1,2
202300049524,29,10,2023,02:09,5,8,3,75,75110,2,4,2,1,2
202300049525,10,5,2023,18:35,1,1,6,974,97411,2,4,1,1,1
202300049526,2,4,2023,14:45,1,1,3,91,91174,1,2,3,2,1
202300049527,25,8,2023,12:12,1,1,1,971,97101,1,4,-1,1,1
202300049528,2,4,2023,11:45,1,8,7,91,91521,1,2,1,2,2
202300049529,10,5,2023,04:40,4,1,7,974,97411,1,4,2,2,2
202300049530,24,8,2023,17:20,1,1,1,971,97107,2,4,2,1,1
202300049531,28,10,2023,23:55,5,3,3,94,94058,2,3,1,1,2
202300049532,2,4,2023,09:15,1,1,6,92,92050,1,1,1,1,1
202300049533,25,8,2023,19:48,2,1,6,2A,2A004,2,3,2,2,1
202300049534,2,12,2023,19:45,3,1,3,972,97213,1,1,1,1,1
202300049534,2,12,2023,19:45,3,1,3,972,97213,1,1,4,1,1
202300049535,29,10,2023,21:00,5,1,6,94,94046,2,3,1,1,1
202300049536,9,5,2023,09:55,1,1,2,974,97407,1,2,2,1,1
202300049537,3,12,2023,02:35,3,2,6,972,97213,1,4,-1,-1,2
202300049538,2,4,2023,18:30,1,1,6,77,77018,1,1,3,1,1
202300049539,25,8,2023,18:20,1,1,3,95,95268,2,3,-1,1,1
202300049539,25,8,2023,18:20,1,1,3,95,95268,2,3,2,1,1
202300049540,10,5,2023,17:15,1,1,1,973,97302,2,3,2,1,1
202300049541,29,10,2023,10:00,1,2,3,94,94028,2,4,2,1,2
202300049542,1,4,2023,22:05,3,2,3,75,75112,1,1,-1,1,2
202300049543,2,12,2023,15:45,1,1,5,972,97209,2,3,1,2,1
202300049544,28,10,2023,18:20,1,2,6,94,94071,2,4,2,1,2
202300049545,30,3,2023,01:53,5,1,6,75,75119,2,4,1,1,1
202300049546,25,8,2023,23:30,5,1,1,95,95563,2,3,2,1,1
202300049546,25,8,2023,23:30,5,1,1,95,95563,2,3,1,1,1
202300049547,10,5,2023,14:40,1,2,3,973,97302,2,3,2,1,2
202300049547,10,5,2023,14:40,1,2,3,973,97302,2,3,2,1,2
202300049548,1,4,2023,16:11,1,1,7,75,75105,2,4,-1,1,1
202300049548,1,4,2023,16:11,1,1,7,75,75105,2,4,2,2,1
202300049549,2,12,2023,16:16,1,1,3,972,97209,1,1,1,1,1
202300049549,2,12,2023,16:16,1,1,3,972,97209,1,1,-1,1,1
202300049550,9,5,2023,06:50,1,2,7,973,97302,2,3,2,1,2
202300049551,29,10,2023,21:10,5,1,3,93,93050,2,4,2,1,1
202300049551,29,10,2023,21:10,5,1,3,93,93050,2,4,2,1,1
202300049552,24,8,2023,23:20,5,1,6,95,95219,2,3,2,1,1
202300049552,24,8,2023,23:20,5,1,6,95,95219,2,3,1,1,1
202300049553,30,3,2023,13:18,1,1,7,75,75119,2,4,1,1,1
202300049554,1,12,2023,16:25,2,3,1,69,69384,2,4,2,1,2
202300049554,1,12,2023,16:25,2,3,1,69,69384,2,4,2,4,2
202300049554,1,12,2023,16:25,2,3,1,69,69384,2,4,3,1,2
202300049555,8,5,2023,06:00,2,1,2,973,97302,2,3,2,1,1
202300049556,1,4,2023,17:25,1,8,6,75,75116,2,4,2,1,1
202300049556,1,4,2023,17:25,1,8,6,75,75116,2,4,2,1,1
202300049557,26,8,2023,11:25,1,8,3,91,91549,2,4,1,1,1
202300049557,26,8,2023,11:25,1,8,3,91,91549,2,4,1,2,1
202300049558,2,12,2023,21:20,5,1,2,971,97101,1,2,1,1,1
202300049559,31,3,2023,13:30,1,1,3,75,75116,2,4,2,1,1
202300049560,24,8,2023,10:09,1,1,2,87,87085,2,4,2,1,1
202300049561,1,12,2023,18:30,5,1,3,971,97113,1,2,2,1,1
202300049562,9,5,2023,08:05,1,1,3,972,97213,2,3,2,2,1
202300049562,9,5,2023,08:05,1,1,3,972,97213,2,3,2,1,1
202300049563,24,8,2023,16:40,1,1,7,87,87085,1,4,1,1,1
202300049564,31,3,2023,19:00,1,1,2,75,75115,2,4,1,2,1
202300049564,31,3,2023,19:00,1,1,2,75,75115,2,4,1,1,1
202300049565,27,8,2023,02:10,3,1,6,86,86158,2,4,2,1,1
202300049566,3,12,2023,20:45,5,1,3,2A,2A004,2,2,1,1,1
202300049567,1,4,2023,15:50,1,1,3,75,75113,2,4,1,2,1
202300049567,1,4,2023,15:50,1,1,3,75,75113,2,4,1,1,1
202300049568,10,5,2023,07:25,1,1,3,972,97209,2,2,1,1,1
202300049569,25,8,2023,18:30,1,1,6,86,86066,2,4,1,2,1
202300049570,9,5,2023,00:23,5,1,6,972,97209,2,4,2,2,1
202300049571,2,12,2023,18:20,5,1,6,91,91027,2,3,2,4,1
202300049571,2,12,2023,18:20,5,1,6,91,91027,2,3,1,1,1
202300049572,25,8,2023,16:45,1,1,6,85,85191,1,3,3,1,1
202300049573,1,4,2023,01:20,5,2,6,75,75113,2,4,2,1,2
202300049574,1,4,2023,18:30,1,2,6,75,75110,2,4,1,1,2
202300049574,1,4,2023,18:30,1,2,6,75,75110,2,4,-1,1,2
202300049575,2,12,2023,15:56,1,1,3,91,91223,2,3,2,1,1
202300049576,25,8,2023,22:30,5,1,3,83,83129,2,3,1,1,1
202300049576,25,8,2023,22:30,5,1,3,83,83129,2,3,2,1,1
202300049577,10,5,2023,13:25,1,1,1,69,69389,2,4,2,1,1
202300049577,10,5,2023,13:25,1,1,1,69,69389,2,4,2,1,1
202300049577,10,5,2023,13:25,1,1,1,69,69389,2,4,2,1,1
202300049578,26,8,2023,19:20,1,1,6,83,83050,2,3,2,1,1
202300049579,1,4,2023,17:30,1,8,3,75,75110,2,4,2,1,2
202300049579,1,4,2023,17:30,1,8,3,75,75110,2,4,2,1,2
202300049580,9,5,2023,12:05,1,1,6,69,69384,2,4,2,1,1
202300049581,25,8,2023,14:10,1,1,6,80,80001,2,4,2,1,1
202300049582,3,12,2023,17:30,5,1,3,78,78401,2,3,-1,1,1
202300049582,3,12,2023,17:30,5,1,3,78,78401,2,3,2,1,1
202300049583,1,4,2023,13:30,1,1,3,75,75110,2,4,2,1,1
202300049583,1,4,2023,13:30,1,1,3,75,75110,2,4,2,1,1
202300049584,1,4,2023,15:10,1,1,3,75,75108,2,4,1,2,1
202300049585,9,5,2023,10:30,1,1,3,69,69389,2,4,2,1,1
202300049585,9,5,2023,10:30,1,1,3,69,69389,2,4,2,1,1
202300049586,3,12,2023,16:15,1,1,7,72,72181,2,6,-1,1,1
202300049587,26,8,2023,07:00,2,1,6,77,77447,2,4,2,1,1
202300049588,1,4,2023,16:40,1,1,6,75,75103,2,4,1,1,1
202300049588,1,4,2023,16:40,1,1,6,75,75103,2,4,2,1,1
202300049589,3,12,2023,05:00,5,1,6,65,65100,2,3,2,1,1
202300049590,26,8,2023,06:30,2,1,2,77,77438,2,3,1,1,1
202300049591,1,4,2023,12:50,1,1,1,75,75104,2,4,2,1,1
202300049592,2,12,2023,17:55,3,1,1,64,64260,2,3,2,2,2
202300049593,8,5,2023,16:30,1,1,3,69,69034,2,4,2,1,1
202300049593,8,5,2023,16:30,1,1,3,69,69034,2,4,2,1,1
202300049594,20,8,2023,19:17,1,1,6,77,77111,2,4,3,1,1
202300049595,1,4,2023,14:52,1,1,2,94,94042,2,4,1,1,1
202300049596,3,12,2023,11:30,1,1,3,63,63113,2,4,2,1,1
202300049596,3,12,2023,11:30,1,1,3,63,63113,2,4,1,1,1
202300049597,1,4,2023,15:00,1,1,2,94,94041,2,3,3,1,1
202300049597,1,4,2023,15:00,1,1,2,94,94041,2,3,1,1,1
202300049598,8,5,2023,14:45,1,1,3,69,69382,2,4,1,1,1
202300049598,8,5,2023,14:45,1,1,3,69,69382,2,4,1,1,1
202300049599,25,8,2023,08:40,1,1,3,77,77186,2,3,2,1,1
202300049599,25,8,2023,08:40,1,1,3,77,77186,2,3,3,1,1
202300049600,3,12,2023,07:40,1,1,6,63,63113,2,7,2,1,1
202300049600,3,12,2023,07:40,1,1,6,63,63113,2,7,3,1,1
202300049601,1,4,2023,17:30,1,2,3,94,94073,1,3,2,1,2
202300049601,1,4,2023,17:30,1,2,3,94,94073,1,3,1,2,2
202300049602,25,8,2023,15:45,1,1,6,76,76599,2,7,2,1,1
202300049603,1,4,2023,07:40,1,1,6,94,94021,2,3,2,1,1
202300049604,10,5,2023,20:15,2,1,2,2B,2B033,2,4,2,2,1
202300049605,3,12,2023,19:05,5,2,3,61,61006,2,3,2,1,2
202300049605,3,12,2023,19:05,5,2,3,61,61006,2,3,2,1,2
202300049606,25,8,2023,15:40,1,1,1,76,76481,1,4,2,1,1
202300049607,1,4,2023,19:40,1,2,3,93,93066,2,4,2,1,2
202300049607,1,4,2023,19:40,1,2,3,93,93066,2,4,2,1,2
202300049608,24,8,2023,14:05,1,1,7,76,76351,2,4,2,2,1
202300049609,3,12,2023,19:45,5,1,6,59,59183,2,3,3,1,1