id_accident,jour,mois,annee,heure_minute,luminosite,meteo,type_collision,departement,commune,agglomeration,categorie_route,regime_circulation,profil_route,etat_surface
202300049610,9,5,2023,07:50,1,1,1,971,97101,2,4,2,2,1
202300049611,1,4,2023,17:45,1,2,1,93,93064,2,4,1,2,2
202300049611,1,4,2023,17:45,1,2,1,93,93064,2,4,1,2,2
202300049612,26,8,2023,10:55,1,2,6,73,73065,2,4,3,1,2
202300049613,2,12,2023,22:20,5,3,6,56,56260,2,4,2,1,2
202300049614,1,4,2023,16:45,1,2,6,93,93064,2,3,2,1,2
202300049614,1,4,2023,16:45,1,2,6,93,93064,2,3,2,2,2
202300049615,8,5,2023,11:20,1,1,3,971,97101,1,3,2,1,1
202300049616,25,8,2023,09:20,1,2,6,71,71105,2,3,2,1,2
202300049616,25,8,2023,09:20,1,2,6,71,71105,2,3,2,1,2
202300049617,2,12,2023,16:25,1,1,2,49,49099,2,3,2,2,1
202300049617,2,12,2023,16:25,1,1,2,49,49099,2,3,2,1,1
202300049618,1,4,2023,13:40,1,1,3,93,93049,2,4,2,1,1
202300049618,1,4,2023,13:40,1,1,3,93,93049,2,4,2,1,1
202300049619,25,8,2023,12:05,1,1,1,71,71540,1,3,2,1,2
202300049620,10,5,2023,20:50,5,1,3,2A,2A004,2,4,2,1,1
202300049621,1,4,2023,18:45,1,2,2,92,92064,2,3,2,1,2
202300049622,2,12,2023,17:30,5,1,3,45,45147,2,4,1,1,1
202300049622,2,12,2023,17:30,5,1,3,45,45147,2,4,2,1,1
202300049623,26,8,2023,09:30,1,1,3,71,71445,2,3,2,1,1
202300049623,26,8,2023,09:30,1,1,3,71,71445,2,3,3,1,1
202300049624,1,4,2023,15:40,1,1,2,92,92064,2,3,2,2,1
202300049625,3,12,2023,05:15,5,1,2,35,35278,1,3,3,2,1
202300049626,10,5,2023,20:50,2,2,3,95,95585,2,3,2,1,2
202300049626,10,5,2023,20:50,2,2,3,95,95585,2,3,2,1,2
202300049627,25,8,2023,09:40,1,2,5,69,69275,2,4,2,1,2
202300049628,1,4,2023,14:30,1,1,3,92,92025,2,3,1,1,1
202300049628,1,4,2023,14:30,1,1,3,92,92025,2,3,1,1,1
202300049629,3,12,2023,17:20,3,1,3,35,35238,1,4,2,1,1
202300049630,31,3,2023,22:30,5,1,1,92,92023,2,3,2,1,1
202300049631,26,8,2023,22:20,5,3,7,69,69264,2,4,2,1,2
202300049632,31,3,2023,18:10,1,2,7,35,35177,1,3,2,1,2
202300049633,24,8,2023,11:01,1,1,3,69,69290,2,4,2,1,1
202300049633,24,8,2023,11:01,1,1,3,69,69290,2,4,2,1,1
202300049634,2,12,2023,11:45,1,7,3,29,29232,2,4,2,4,1
202300049634,2,12,2023,11:45,1,7,3,29,29232,2,4,2,4,1
202300049635,2,4,2023,11:50,1,2,3,18,18116,1,3,2,1,2
202300049635,2,4,2023,11:50,1,2,3,18,18116,1,3,2,1,2
202300049636,2,12,2023,14:25,1,1,6,29,29232,2,4,2,2,1
202300049637,25,8,2023,08:15,1,3,1,67,67267,1,7,2,1,2
202300049638,2,4,2023,08:20,2,2,6,21,21638,1,1,3,1,2
202300049639,2,12,2023,18:30,5,4,2,25,25462,2,4,1,2,5
202300049639,2,12,2023,18:30,5,4,2,25,25462,2,4,3,4,5
202300049640,10,5,2023,07:22,1,2,6,91,91425,1,3,3,1,2
202300049641,25,8,2023,11:17,1,1,4,65,65286,1,2,2,3,2
202300049642,26,3,2023,11:20,1,4,5,35,35006,1,2,3,1,2
202300049643,25,8,2023,21:55,5,1,2,64,64130,2,3,2,1,1
202300049644,3,12,2023,10:50,1,1,1,17,17415,2,4,2,2,1
202300049644,3,12,2023,10:50,1,1,1,17,17415,2,4,2,1,1
202300049645,9,5,2023,09:00,1,2,6,91,91103,2,4,2,1,2
202300049646,31,3,2023,20:55,3,3,1,89,89387,1,3,2,1,2
202300049647,3,12,2023,04:45,5,1,1,13,13054,2,4,2,1,1
202300049648,30,4,2023,17:20,1,1,2,91,91570,2,4,2,2,2
202300049649,26,8,2023,01:18,4,1,3,64,64445,2,4,-1,1,1
202300049650,1,4,2023,00:20,3,6,5,56,56153,1,3,2,1,2
202300049651,18,7,2023,06:10,2,1,3,77,77083,1,1,3,1,1
202300049652,27,8,2023,00:35,5,2,7,64,64102,2,3,2,3,2
202300049653,3,12,2023,18:30,5,1,3,13,13203,2,4,-1,1,1
202300049653,3,12,2023,18:30,5,1,3,13,13203,2,4,3,1,1
202300049654,1,4,2023,06:00,3,2,6,76,76663,2,3,2,1,2
202300049655,10,5,2023,06:25,2,2,2,91,91477,2,3,2,2,2
202300049656,25,8,2023,12:35,1,1,3,64,64024,2,6,-1,1,1
202300049657,30,3,2023,12:05,1,1,6,2A,2A130,2,3,3,1,1
202300049658,8,5,2023,20:20,1,1,7,91,91514,1,3,-1,1,1
202300049659,2,12,2023,16:05,1,1,1,12,12145,1,3,2,1,1
202300049660,31,3,2023,23:00,3,1,6,65,65121,1,3,2,1,1
202300049661,3,12,2023,09:53,1,1,6,06,06088,1,7,3,1,1
202300049662,17,7,2023,18:00,1,1,2,77,77121,1,1,-1,1,1
202300049663,25,8,2023,11:25,1,2,7,64,64102,2,4,1,1,2
202300049663,25,8,2023,11:25,1,2,7,64,64102,2,4,1,1,2
202300049664,2,4,2023,11:30,1,1,6,11,11401,1,3,2,1,1
202300049665,10,5,2023,18:30,1,1,3,91,91027,2,3,-1,1,1
202300049665,10,5,2023,18:30,1,1,3,91,91027,2,3,2,1,1
202300049666,3,12,2023,10:15,1,1,2,75,75116,2,4,1,1,1
202300049667,1,4,2023,22:50,5,8,7,89,89025,2,4,2,1,2
202300049668,25,2,2023,00:30,3,1,6,09,09332,1,3,2,2,1
202300049669,24,8,2023,11:21,1,1,3,64,64024,2,4,2,1,1
202300049670,9,5,2023,09:20,1,2,6,91,91027,2,3,1,1,2
202300049671,1,4,2023,18:45,1,1,6,63,63456,1,3,2,2,1
202300049672,2,12,2023,14:40,1,1,4,75,75117,2,4,1,1,1
202300049673,9,5,2023,07:40,1,3,7,91,91432,1,3,2,1,2
202300049674,29,1,2023,11:25,1,9,6,19,19272,2,4,2,1,1
202300049675,26,8,2023,10:10,1,8,1,63,63113,2,7,2,1,1
202300049675,26,8,2023,10:10,1,8,1,63,63113,2,7,1,1,1
202300049675,26,8,2023,10:10,1,8,1,63,63113,2,7,2,1,1
202300049676,2,4,2023,18:45,1,2,3,25,25079,1,3,2,4,2
202300049676,2,4,2023,18:45,1,2,3,25,25079,1,3,2,3,2
202300049677,10,5,2023,10:15,1,2,7,91,91469,1,3,2,1,2
202300049678,2,12,2023,12:55,1,1,4,75,75117,2,4,1,1,1
202300049679,17,7,2023,19:30,3,1,6,974,97411,1,3,3,2,1
202300049680,2,4,2023,10:00,1,1,2,29,29277,1,3,2,1,1
202300049681,5,5,2023,17:10,1,1,6,88,88160,1,4,-1,1,1
202300049682,25,8,2023,07:00,2,8,1,63,63113,2,7,2,1,1
202300049682,25,8,2023,07:00,2,8,1,63,63113,2,7,3,1,1
202300049683,2,12,2023,12:40,1,1,2,75,75119,2,4,1,1,1
202300049684,17,7,2023,21:30,5,1,1,973,97302,2,4,2,1,1
202300049685,2,4,2023,17:25,1,3,1,01,01124,1,3,2,2,2
202300049686,8,5,2023,22:16,5,1,3,87,87085,2,4,2,2,1
202300049687,2,12,2023,00:30,5,8,1,75,75110,2,4,2,1,1
202300049688,1,4,2023,23:00,3,2,6,72,72333,1,3,2,1,2
202300049688,1,4,2023,23:00,3,2,6,72,72333,1,3,2,1,1
202300049689,7,5,2023,12:37,1,1,6,87,87085,1,1,3,2,1
202300049690,18,2,2023,03:35,3,1,5,30,30221,1,1,3,1,1
202300049691,16,7,2023,22:45,5,2,3,972,97209,2,4,1,1,2
202300049691,16,7,2023,22:45,5,2,3,972,97209,2,4,1,1,2
202300049692,8,5,2023,20:05,1,1,6,87,87085,2,4,2,2,1
202300049693,2,12,2023,23:55,5,1,3,75,75105,2,4,2,1,1
202300049693,2,12,2023,23:55,5,1,3,75,75105,2,4,-1,1,1
202300049694,17,7,2023,19:10,1,1,6,69,69034,2,4,2,1,1
202300049695,21,8,2023,17:00,1,1,3,62,62498,2,4,4,1,1
202300049696,18,2,2023,11:00,1,1,3,13,13037,1,1,3,1,1
202300049697,2,12,2023,20:45,5,1,6,75,75120,2,4,1,1,1
202300049697,2,12,2023,20:45,5,1,6,75,75120,2,4,1,2,1
202300049698,12,8,2023,22:45,5,1,1,60,60057,2,4,2,1,1
202300049699,17,7,2023,16:45,1,1,1,69,69389,2,4,2,1,1
202300049700,5,5,2023,17:42,1,1,4,87,87085,1,1,3,2,1
202300049701,16,2,2023,16:30,1,1,1,987,98758,1,2,2,1,1
202300049702,1,4,2023,17:00,1,1,6,30,30055,1,3,2,1,1
202300049703,27,8,2023,00:35,5,1,6,59,59650,2,4,2,1,1
202300049703,27,8,2023,00:35,5,1,6,59,59650,2,4,2,1,2
202300049704,18,2,2023,16:00,1,1,6,988,98821,1,2,2,1,1
202300049705,3,12,2023,19:30,5,1,3,75,75117,2,4,2,1,1
202300049705,3,12,2023,19:30,5,1,3,75,75117,2,4,2,1,1
202300049706,17,7,2023,12:30,1,1,3,69,69382,2,4,1,1,1
202300049706,17,7,2023,12:30,1,1,3,69,69382,2,4,1,1,1
202300049707,6,5,2023,10:47,1,1,2,87,87113,2,3,2,1,1
202300049708,25,8,2023,15:05,1,1,6,56,56260,2,6,-1,1,1
202300049709,2,4,2023,16:00,1,1,3,67,67506,1,1,1,1,1
202300049710,24,8,2023,18:05,1,1,7,56,56083,2,4,2,1,1
202300049711,7,5,2023,03:25,3,1,6,87,87085,2,4,2,1,1
202300049712,2,12,2023,15:35,1,1,2,75,75116,2,4,2,1,1
202300049713,17,7,2023,12:35,1,1,3,69,69034,2,7,2,1,1
202300049714,7,5,2023,08:27,1,2,6,87,87085,2,4,2,1,2
202300049715,17,7,2023,05:40,2,8,7,971,97120,2,3,3,1,2
202300049716,16,2,2023,15:15,1,1,6,59,59350,1,7,2,1,2
202300049717,1,4,2023,11:00,1,1,2,86,86007,1,1,3,1,1
202300049718,24,8,2023,13:40,1,1,2,56,56083,1,2,3,1,1
202300049719,2,12,2023,20:50,5,1,3,75,75114,2,4,2,1,1
202300049719,2,12,2023,20:50,5,1,3,75,75114,2,4,1,1,1
202300049720,17,2,2023,17:20,1,1,7,28,28015,1,3,2,1,1
202300049721,17,7,2023,00:30,5,1,3,95,95585,2,3,2,1,1
202300049721,17,7,2023,00:30,5,1,3,95,95585,2,3,3,1,1
202300049722,8,5,2023,16:15,1,1,2,83,83137,2,4,1,1,1
202300049723,2,4,2023,01:30,3,8,6,988,98821,1,1,1,1,2
202300049723,2,4,2023,01:30,3,8,6,988,98821,1,1,3,1,2
202300049724,18,8,2023,18:29,1,1,2,56,56083,2,4,2,1,1
202300049725,18,2,2023,15:16,1,1,6,95,95046,1,3,3,1,1
202300049726,16,7,2023,18:00,1,1,6,87,87085,2,4,3,1,1
202300049727,3,5,2023,06:58,1,1,6,80,80021,2,4,-1,1,1
202300049727,3,5,2023,06:58,1,1,6,80,80021,2,4,2,2,1
202300049728,25,8,2023,13:28,1,1,3,54,54482,2,4,2,1,1
202300049728,25,8,2023,13:28,1,1,3,54,54482,2,4,2,1,1
202300049729,29,1,2023,17:55,5,1,2,91,91129,2,3,-1,1,1
202300049730,2,4,2023,03:15,5,1,6,971,97111,1,2,2,3,1
202300049731,16,7,2023,14:28,1,1,3,87,87075,1,2,2,1,1
202300049731,16,7,2023,14:28,1,1,3,87,87075,1,2,2,1,1
202300049732,2,4,2023,18:30,1,1,6,2B,2B296,1,3,2,1,1
202300049733,17,2,2023,16:15,1,9,3,66,66115,1,3,2,2,1
202300049734,25,8,2023,10:45,1,1,6,54,54580,2,3,2,1,1
202300049734,25,8,2023,10:45,1,1,6,54,54580,2,3,2,1,1
202300049735,16,7,2023,09:15,1,1,3,87,87085,2,4,2,1,1
202300049735,16,7,2023,09:15,1,1,3,87,87085,2,4,2,2,1
202300049736,8,5,2023,18:20,1,1,6,77,77288,2,4,2,1,1
202300049737,3,12,2023,02:30,5,1,3,75,75108,2,4,2,1,1
202300049737,3,12,2023,02:30,5,1,3,75,75108,2,4,1,1,1
202300049738,26,8,2023,14:15,1,1,7,51,51454,2,4,2,1,1
202300049739,1,4,2023,16:00,1,1,1,34,34327,1,7,2,1,1
202300049740,15,7,2023,16:38,1,1,7,87,87085,2,4,2,2,2
202300049740,15,7,2023,16:38,1,1,7,87,87085,2,4,2,2,2
202300049741,18,2,2023,11:20,1,1,3,66,66069,1,3,2,1,1
202300049741,18,2,2023,11:20,1,1,3,66,66069,1,3,2,1,1
202300049742,25,8,2023,11:45,1,1,3,50,50066,1,3,-1,1,1
202300049742,25,8,2023,11:45,1,1,3,50,50066,1,3,-1,1,1
202300049743,2,12,2023,15:30,1,1,6,75,75116,2,4,2,1,1
202300049743,2,12,2023,15:30,1,1,6,75,75116,2,4,1,1,1
202300049744,9,5,2023,17:30,1,2,7,77,77449,2,3,1,1,2
202300049745,17,2,2023,11:24,1,1,7,52,52269,1,4,2,2,1
202300049746,31,3,2023,21:50,5,1,3,34,34057,2,7,2,1,1
202300049746,31,3,2023,21:50,5,1,3,34,34057,2,7,2,1,1
202300049747,13,7,2023,20:30,1,1,6,87,87085,2,4,-1,1,1
202300049748,24,8,2023,21:55,5,1,1,50,50129,2,4,2,1,1
202300049749,2,4,2023,15:15,1,1,1,84,84065,1,4,2,1,1
202300049750,2,4,2023,06:00,2,1,6,83,83071,1,3,2,1,1
202300049751,3,12,2023,19:24,5,1,3,94,94073,2,3,1,1,1
202300049751,3,12,2023,19:24,5,1,3,94,94073,2,3,2,1,1
202300049752,24,8,2023,16:55,1,1,2,50,50129,2,4,1,1,1
202300049752,24,8,2023,16:55,1,1,2,50,50129,2,4,3,1,1
202300049753,9,5,2023,08:38,1,2,3,77,77058,2,3,2,1,2
202300049753,9,5,2023,08:38,1,2,3,77,77058,2,3,2,1,2
202300049754,13,7,2023,20:21,1,1,6,87,87085,2,4,2,1,1
202300049754,13,7,2023,20:21,1,1,6,87,87085,2,4,2,1,1
202300049755,17,2,2023,16:20,1,1,3,68,68004,2,4,2,1,1
202300049755,17,2,2023,16:20,1,1,3,68,68004,2,4,2,1,1
202300049756,1,4,2023,22:40,5,1,6,83,83069,2,3,2,1,1
202300049757,23,8,2023,11:40,1,1,2,50,50129,2,4,1,1,1
202300049758,3,12,2023,19:05,5,1,2,94,94017,2,3,3,2,1
202300049759,8,5,2023,17:15,1,1,1,77,77186,1,3,-1,2,1
202300049760,17,2,2023,22:20,5,1,3,57,57474,2,3,2,1,1
202300049761,2,4,2023,06:30,2,1,1,13,13014,1,3,1,2,1
202300049761,2,4,2023,06:30,2,1,1,13,13014,1,3,1,2,1
202300049762,25,8,2023,09:20,1,1,3,49,49007,2,4,2,1,1
202300049763,3,12,2023,21:20,5,1,1,93,93005,2,4,2,1,1
202300049764,10,5,2023,09:45,1,3,3,77,77131,1,3,2,4,3
202300049765,16,7,2023,20:30,1,1,1,83,83050,2,3,2,2,1
202300049766,17,2,2023,23:15,4,1,1,57,57032,1,7,2,1,2
202300049767,25,8,2023,03:09,3,1,6,49,49007,2,4,2,1,1
202300049768,1,4,2023,14:15,1,1,2,13,13041,1,3,1,2,1
202300049769,17,2,2023,19:10,5,1,6,73,73015,2,4,2,2,1
202300049770,17,7,2023,07:50,1,1,3,81,81060,2,3,2,4,1
202300049771,3,12,2023,17:30,2,1,3,93,93046,2,3,2,1,1
202300049771,3,12,2023,17:30,2,1,3,93,93046,2,3,2,1,1
202300049772,24,8,2023,20:10,1,1,6,49,49007,2,4,2,1,1
202300049773,2,4,2023,05:00,3,8,6,03,03298,1,3,2,1,2
202300049774,17,2,2023,20:15,5,1,1,42,42094,2,4,-1,1,1
202300049775,25,8,2023,07:45,1,2,3,45,45234,2,4,1,1,2
202300049776,9,5,2023,07:30,1,2,3,76,76351,2,4,2,1,2
202300049776,9,5,2023,07:30,1,2,3,76,76351,2,4,1,1,2
202300049777,3,12,2023,18:30,5,1,2,92,92078,2,3,1,1,1
202300049778,2,4,2023,00:30,5,8,6,74,74280,2,3,2,1,1
202300049779,12,7,2023,06:20,1,1,5,78,78335,1,3,2,1,1
202300049780,23,3,2023,12:15,1,1,6,26,26313,2,3,1,1,1
202300049781,17,2,2023,10:20,1,1,3,33,33268,2,3,2,1,1
202300049781,17,2,2023,10:20,1,1,3,33,33268,2,3,2,1,1
202300049782,26,8,2023,09:55,1,1,3,42,42207,2,4,1,3,1
202300049782,26,8,2023,09:55,1,1,3,42,42207,2,4,1,1,1
202300049783,4,12,2023,15:35,1,3,3,60,60137,1,3,2,1,2
202300049783,4,12,2023,15:35,1,3,3,60,60137,1,3,2,1,2
202300049784,17,2,2023,22:45,3,1,6,50,50492,1,3,2,1,1
202300049785,17,8,2023,11:50,1,1,6,42,42330,2,4,2,2,1
202300049786,6,5,2023,15:35,1,2,5,76,76351,2,4,2,2,2
202300049786,6,5,2023,15:35,1,2,5,76,76351,2,4,1,2,2
202300049787,2,4,2023,13:30,1,1,6,31,31048,1,3,2,1,1
202300049788,18,2,2023,08:35,1,2,7,56,56023,2,3,2,1,2
202300049789,3,12,2023,17:50,3,1,1,01,01333,1,3,2,1,1
202300049790,15,7,2023,17:30,1,1,1,77,77067,1,3,-1,1,1
202300049791,25,8,2023,19:44,1,8,5,42,42044,2,4,2,1,1
202300049792,2,4,2023,10:45,1,1,3,35,35072,1,3,2,2,1
202300049792,2,4,2023,10:45,1,1,3,35,35072,1,3,-1,1,1
202300049793,16,2,2023,10:20,1,1,2,22,22242,1,3,2,1,1
202300049794,3,12,2023,14:55,1,8,6,73,73269,1,3,2,1,1
202300049795,5,5,2023,22:20,4,1,4,76,76351,1,3,3,2,1
202300049796,25,8,2023,09:05,1,2,7,41,41018,2,4,2,1,2
202300049797,4,12,2023,16:35,1,2,7,84,84088,1,3,2,1,2
202300049798,17,7,2023,08:10,1,7,3,77,77186,1,3,2,1,1
202300049798,17,7,2023,08:10,1,7,3,77,77186,1,3,2,1,1
202300049799,31,3,2023,22:00,3,1,5,69,69294,1,1,3,1,1
202300049800,4,12,2023,07:50,5,3,6,95,95487,2,4,2,2,3
202300049801,10,5,2023,15:15,1,1,2,76,76349,1,3,2,2,1
202300049801,10,5,2023,15:15,1,1,2,76,76349,1,3,2,2,1
202300049802,18,2,2023,14:48,1,1,1,60,60213,1,2,2,2,1
202300049803,17,7,2023,20:40,1,1,2,77,77131,1,3,1,4,1
202300049804,31,3,2023,23:14,3,1,6,91,91560,1,2,1,1,1
202300049805,25,8,2023,18:35,2,1,3,38,38544,2,4,2,1,1
202300049805,25,8,2023,18:35,2,1,3,38,38544,2,4,2,2,1
202300049806,3,12,2023,20:50,3,1,6,95,95529,2,4,2,2,1
202300049807,17,2,2023,20:50,3,1,7,60,60160,1,3,2,1,1
202300049808,29,11,2023,23:00,3,1,7,29,29181,1,2,1,1,2
202300049809,9,5,2023,20:15,1,1,6,76,76217,2,3,1,2,1
202300049809,9,5,2023,20:15,1,1,6,76,76217,2,3,2,2,1
202300049810,26,8,2023,21:10,5,1,2,37,37214,2,4,2,1,1
202300049811,31,3,2023,15:05,1,1,4,91,91161,1,1,3,1,1
202300049812,18,2,2023,13:40,1,1,6,02,02381,1,4,2,4,1
202300049813,2,12,2023,20:00,5,1,1,974,97410,2,2,3,1,1
202300049814,16,7,2023,12:00,1,2,1,76,76231,1,7,2,2,2
202300049815,1,4,2023,10:20,5,9,7,92,92062,1,1,-1,1,8
202300049816,10,5,2023,20:30,2,1,3,74,74012,2,4,-1,1,1
202300049816,10,5,2023,20:30,2,1,3,74,74012,2,4,1,1,1
202300049817,26,8,2023,03:45,5,1,3,34,34172,2,4,2,1,1
202300049818,17,2,2023,20:45,5,1,7,80,80442,1,4,-1,1,1
202300049819,1,9,2023,19:33,1,1,6,30,30334,2,6,-1,1,1
202300049820,31,3,2023,16:00,1,1,3,93,93005,1,1,3,1,1
202300049821,17,7,2023,10:00,1,1,3,69,69256,2,4,2,1,1
202300049821,17,7,2023,10:00,1,1,3,69,69256,2,4,2,1,1
202300049822,10,5,2023,11:45,1,1,2,74,74012,2,4,1,1,1
202300049822,10,5,2023,11:45,1,1,2,74,74012,2,4,2,2,1
202300049823,17,11,2023,14:45,1,1,6,31,31203,2,3,2,1,1
202300049824,1,4,2023,07:10,1,1,6,988,98818,2,4,2,1,1
202300049825,26,8,2023,18:50,1,1,4,34,34172,2,4,2,1,1
202300049826,10,5,2023,08:30,1,1,2,72,72181,2,3,-1,2,1
202300049827,17,7,2023,19:05,1,1,3,69,69290,2,4,2,1,1
202300049827,17,7,2023,19:05,1,1,3,69,69290,2,4,2,1,1
202300049828,31,3,2023,20:25,5,1,2,974,97411,1,2,3,1,1
202300049829,4,12,2023,08:45,1,2,4,79,79355,1,3,2,1,2
202300049830,17,2,2023,07:28,1,1,3,13,13215,1,1,-1,2,1
202300049831,25,8,2023,02:12,3,1,3,34,34336,1,3,1,1,1
202300049831,25,8,2023,02:12,3,1,3,34,34336,1,3,1,1,1
202300049832,30,9,2023,10:15,1,1,1,06,06136,1,3,2,2,1
202300049833,8,5,2023,14:05,1,1,2,72,72181,2,4,-1,1,1
202300049834,31,3,2023,19:10,5,2,3,973,97302,1,2,3,1,2
202300049835,4,12,2023,12:50,1,2,6,33,33140,1,4,2,1,2
202300049836,15,2,2023,06:30,5,1,3,69,69199,1,7,3,1,1
202300049837,25,8,2023,14:05,1,1,3,34,34003,2,4,3,2,1
202300049838,29,9,2023,18:10,1,1,6,06,06079,2,4,2,1,1
202300049839,17,7,2023,05:05,2,1,2,67,67482,2,4,2,1,1
202300049840,31,3,2023,09:50,1,1,2,973,97302,2,3,2,1,1
202300049841,4,5,2023,16:58,1,1,3,72,72181,2,4,2,1,1
202300049842,23,11,2023,10:40,1,2,3,61,61294,2,3,2,1,2
202300049842,23,11,2023,10:40,1,2,3,61,61294,2,3,2,2,2
202300049843,30,9,2023,04:40,3,1,6,05,05084,1,2,2,1,1
202300049844,17,2,2023,19:41,3,1,4,33,33249,1,1,3,2,1
202300049845,26,8,2023,21:00,2,1,3,33,33063,2,4,2,1,1
202300049846,31,3,2023,08:12,1,1,6,973,97302,2,4,2,1,1
202300049847,16,7,2023,12:11,1,1,3,63,63103,2,4,2,1,1
202300049848,5,5,2023,18:22,1,1,2,72,72181,2,4,2,1,1
202300049848,5,5,2023,18:22,1,1,2,72,72181,2,4,2,1,1
202300049849,30,11,2023,07:20,2,2,6,68,68384,2,3,2,2,2
202300049849,30,11,2023,07:20,2,2,6,68,68384,2,3,2,2,2
202300049850,29,9,2023,19:25,2,1,3,50,50419,1,3,2,1,1
202300049850,29,9,2023,19:25,2,1,3,50,50419,1,3,2,3,1
202300049851,31,3,2023,18:15,1,8,3,69,69388,2,4,2,1,1
202300049851,31,3,2023,18:15,1,8,3,69,69388,2,4,2,1,1
202300049852,18,7,2023,00:15,5,1,6,59,59350,1,4,-1,1,1
202300049853,9,5,2023,03:20,3,1,6,71,71497,1,3,2,1,1
202300049854,4,12,2023,19:00,3,2,6,25,25436,1,3,2,1,2
202300049855,26,8,2023,18:45,1,1,5,33,33063,2,4,3,1,1
202300049855,26,8,2023,18:45,1,1,5,33,33063,2,4,2,1,1
202300049856,31,3,2023,15:10,1,1,3,972,97209,2,2,2,1,1
202300049857,17,2,2023,17:27,1,1,4,33,33487,1,1,3,3,1
202300049858,16,7,2023,07:40,1,1,7,57,57491,2,4,2,2,1
202300049859,9,5,2023,19:30,1,1,3,69,69286,2,4,1,1,1
202300049860,25,8,2023,19:10,1,1,6,33,33318,2,4,2,1,1
202300049861,30,3,2023,15:25,1,1,6,971,97120,2,3,3,1,1
202300049861,30,3,2023,15:25,1,1,6,971,97120,2,3,1,1,1
202300049862,13,7,2023,08:40,1,1,6,57,57283,2,4,3,4,1
202300049863,29,9,2023,23:40,3,1,6,73,73124,1,2,1,1,1
202300049864,3,12,2023,13:50,1,3,7,29,29269,1,3,2,2,2
202300049865,9,5,2023,19:30,1,8,7,69,69275,2,4,2,2,2
202300049866,17,2,2023,16:15,1,1,3,33,33192,1,1,3,1,1
202300049867,25,8,2023,19:35,1,1,2,33,33192,2,4,2,1,1
202300049868,31,3,2023,12:30,1,3,2,95,95197,2,3,2,1,2
202300049869,30,9,2023,15:00,1,1,6,10,10317,1,3,2,2,1
202300049870,9,5,2023,09:30,1,1,6,69,69256,2,4,1,1,1
202300049871,16,7,2023,20:10,1,1,3,54,54263,1,3,2,2,1
202300049872,29,9,2023,13:10,1,1,1,04,04094,1,3,2,1,1
202300049873,25,8,2023,10:20,1,1,3,33,33063,2,4,2,1,1
202300049873,25,8,2023,10:20,1,1,3,33,33063,2,4,2,1,1
202300049874,16,2,2023,23:35,3,1,4,33,33366,1,1,3,1,1
202300049875,4,12,2023,07:37,2,1,5,01,01350,1,3,2,1,1
202300049876,10,5,2023,10:30,1,1,6,69,69264,2,3,1,1,1
202300049877,31,3,2023,22:00,3,6,3,95,95127,2,4,2,1,1
202300049877,31,3,2023,22:00,3,6,3,95,95127,2,4,2,1,1
202300049878,29,9,2023,17:45,2,1,6,85,85164,2,3,2,1,1
202300049879,16,2,2023,06:10,3,1,6,62,62637,1,1,-1,1,1
202300049880,25,8,2023,01:30,5,1,6,33,33063,2,4,1,1,1
202300049881,7,7,2023,21:38,1,1,3,51,51454,2,4,-1,1,1
202300049881,7,7,2023,21:38,1,1,3,51,51454,2,4,2,1,1
202300049882,10,5,2023,07:30,1,1,1,69,69259,2,4,1,1,1
202300049883,2,12,2023,23:40,3,1,1,54,54363,2,3,2,1,1
202300049884,31,3,2023,19:10,1,1,3,91,91201,2,3,2,1,1
202300049884,31,3,2023,19:10,1,1,3,91,91201,2,3,2,1,1
202300049885,29,9,2023,20:50,3,1,3,87,87191,1,2,2,1,1
202300049886,30,11,2023,17:40,5,8,6,07,07313,2,3,2,1,2
202300049887,17,2,2023,07:30,2,2,3,78,78208,1,2,-1,1,2
202300049888,24,8,2023,21:45,3,1,3,31,31555,2,7,-1,1,1
202300049889,17,7,2023,07:10,1,1,3,51,51055,2,4,2,2,1
202300049890,13,6,2023,19:20,1,1,6,91,91286,2,4,2,1,1
202300049891,30,3,2023,17:10,1,1,3,83,83061,1,3,2,1,1
202300049892,9,5,2023,17:00,1,3,3,69,69290,2,4,2,1,2
202300049893,30,9,2023,05:00,3,1,6,72,72031,1,1,3,1,1
202300049894,27,11,2023,19:20,3,2,6,07,07157,1,3,2,1,2
202300049895,14,7,2023,04:57,5,1,7,49,49007,2,4,2,1,1
202300049896,10,1,2023,09:30,1,8,6,85,85112,1,4,2,1,2
202300049897,16,2,2023,04:50,3,1,2,93,93007,1,1,1,1,1
202300049898,31,3,2023,13:50,1,1,3,77,77058,2,4,2,1,1
202300049899,26,8,2023,17:40,1,1,3,28,28134,1,3,3,1,1
202300049900,3,12,2023,22:45,3,2,6,53,53276,1,3,2,1,2
202300049901,29,9,2023,18:55,2,1,2,06,06085,1,1,3,2,1
202300049902,10,5,2023,18:50,1,1,3,67,67482,2,4,2,1,1
202300049902,10,5,2023,18:50,1,1,3,67,67482,2,4,2,1,1
202300049903,17,7,2023,18:15,1,1,6,45,45234,2,4,2,1,1
202300049904,31,3,2023,21:00,2,1,6,76,76540,2,4,2,2,1
202300049905,26,8,2023,11:30,1,1,6,27,27681,2,3,2,1,1
202300049906,17,2,2023,09:00,1,2,2,95,95241,1,2,3,1,2
202300049907,2,12,2023,13:15,1,1,6,31,31349,1,1,3,1,1
202300049908,13,6,2023,14:45,1,1,3,85,85191,2,4,1,1,1
202300049908,13,6,2023,14:45,1,1,3,85,85191,2,4,1,2,1