id_accident,jour,mois,annee,heure_minute,luminosite,meteo,type_collision,departement,commune,agglomeration,categorie_route,regime_circulation,profil_route,etat_surface
202300049909,16,7,2023,23:50,3,1,6,44,44184,1,3,1,1,1
202300049910,29,9,2023,19:50,3,1,1,57,57333,1,2,3,1,1
202300049911,8,5,2023,13:00,1,1,3,67,67267,2,4,2,1,1
202300049911,8,5,2023,13:00,1,1,3,67,67267,2,4,2,1,1
202300049912,30,3,2023,14:50,1,1,3,76,76351,2,4,2,1,1
202300049912,30,3,2023,14:50,1,1,3,76,76351,2,4,2,1,1
202300049913,26,8,2023,16:15,1,1,2,27,27229,2,4,2,1,1
202300049914,12,6,2023,11:00,1,1,7,78,78418,1,4,2,1,1
202300049914,12,6,2023,11:00,1,1,7,78,78418,1,4,3,1,1
202300049915,17,2,2023,10:40,1,8,3,95,95219,1,1,3,1,1
202300049916,29,9,2023,19:50,1,1,7,72,72386,1,3,1,2,1
202300049917,16,7,2023,19:50,1,1,2,42,42095,2,4,2,1,1
202300049917,16,7,2023,19:50,1,1,2,42,42095,2,4,2,2,1
202300049918,4,12,2023,10:00,1,1,3,31,31187,2,3,2,1,1
202300049919,30,3,2023,08:10,1,1,1,72,72181,2,4,2,1,1
202300049920,16,2,2023,20:10,3,1,6,95,95060,1,1,3,1,1
202300049921,9,5,2023,08:50,1,8,3,67,67482,2,4,1,1,1
202300049921,9,5,2023,08:50,1,8,3,67,67482,2,4,1,1,1
202300049922,25,8,2023,13:20,1,1,2,27,27229,2,4,2,1,1
202300049922,25,8,2023,13:20,1,1,2,27,27229,2,4,2,1,1
202300049923,31,3,2023,17:20,1,1,6,71,71076,2,4,-1,1,1
202300049924,30,9,2023,14:40,1,1,3,60,60142,2,3,1,1,1
202300049925,5,5,2023,18:00,1,1,6,67,67043,2,4,-1,1,1
202300049926,3,12,2023,19:58,3,1,2,84,84014,1,1,3,1,1
202300049927,17,7,2023,09:30,1,1,3,38,38151,2,4,-1,1,1
202300049927,17,7,2023,09:30,1,1,3,38,38151,2,4,2,1,1
202300049928,12,6,2023,23:20,3,1,6,77,77495,1,3,3,1,1
202300049929,16,2,2023,09:50,1,1,5,95,95018,1,1,3,1,1
202300049930,28,3,2023,22:20,5,1,3,69,69266,2,4,1,1,1
202300049930,28,3,2023,22:20,5,1,3,69,69266,2,4,2,1,1
202300049931,26,8,2023,21:00,5,2,6,25,25204,2,4,2,1,2
202300049932,4,9,2023,11:20,1,1,7,988,98831,1,2,2,1,8
202300049933,5,5,2023,17:30,1,2,6,67,67482,2,4,2,1,2
202300049933,5,5,2023,17:30,1,2,6,67,67482,2,4,3,1,2
202300049934,31,3,2023,08:25,1,1,6,69,69092,1,3,2,1,1
202300049935,30,11,2023,16:55,3,1,2,72,72096,1,1,3,2,2
202300049936,17,2,2023,00:20,4,8,7,77,77249,1,2,3,1,1
202300049937,17,7,2023,16:15,1,1,4,35,35238,1,2,3,1,1
202300049938,24,8,2023,16:20,1,1,2,19,19031,2,3,2,1,1
202300049938,24,8,2023,16:20,1,1,2,19,19031,2,3,1,1,1
202300049939,8,5,2023,11:50,1,1,6,67,67267,2,4,2,1,1
202300049940,31,3,2023,08:00,1,1,3,69,69290,2,4,2,1,2
202300049941,4,12,2023,19:33,3,2,6,06,06155,1,1,3,1,3
202300049942,30,9,2023,11:50,1,1,3,77,77046,1,3,2,1,1
202300049942,30,9,2023,11:50,1,1,3,77,77046,1,3,-1,1,1
202300049943,12,6,2023,11:40,1,1,6,76,76384,2,4,2,1,1
202300049944,17,7,2023,11:15,1,1,3,34,34003,2,4,2,1,1
202300049945,31,3,2023,15:10,1,6,6,68,68056,1,3,-1,1,1
202300049946,15,2,2023,10:50,1,1,1,34,34301,2,3,2,4,1
202300049946,15,2,2023,10:50,1,1,1,34,34301,2,3,2,1,1
202300049947,25,8,2023,19:45,2,7,6,17,17415,2,4,2,1,1
202300049948,3,12,2023,16:40,1,1,6,31,31506,2,4,2,1,1
202300049949,13,6,2023,23:45,5,1,6,74,74012,2,4,2,1,1
202300049949,13,6,2023,23:45,5,1,6,74,74012,2,4,2,1,1
202300049950,29,9,2023,19:30,2,1,3,84,84097,2,3,2,1,1
202300049951,25,8,2023,11:05,1,1,6,16,16166,1,3,2,1,1
202300049952,10,5,2023,13:20,1,2,4,64,64284,2,3,2,1,2
202300049953,17,7,2023,15:30,1,1,2,33,33522,2,4,2,1,1
202300049954,30,3,2023,18:30,1,1,3,67,67365,2,4,2,1,1
202300049954,30,3,2023,18:30,1,1,3,67,67365,2,4,2,2,1
202300049955,16,2,2023,03:00,5,1,6,31,31555,2,4,2,1,1
202300049956,29,9,2023,19:00,2,1,7,52,52353,2,4,2,2,1
202300049957,1,12,2023,15:10,1,2,1,11,11262,1,3,2,1,2
202300049958,12,6,2023,09:52,1,1,1,74,74298,1,3,2,1,1
202300049959,17,7,2023,17:49,1,7,6,32,32013,2,4,1,2,1
202300049960,15,2,2023,09:10,1,1,6,92,92024,2,3,3,1,1
202300049961,9,5,2023,15:55,1,2,2,64,64445,1,3,2,1,2
202300049962,31,3,2023,01:13,5,1,1,66,66136,2,4,2,4,1
202300049963,3,12,2023,18:20,3,1,6,60,60541,1,1,3,1,1
202300049964,13,6,2023,08:15,1,1,3,72,72181,2,4,2,1,1
202300049965,26,8,2023,21:00,5,2,3,13,13054,2,4,2,1,2
202300049965,26,8,2023,21:00,5,2,3,13,13054,2,4,2,1,2
202300049966,29,9,2023,21:00,3,1,6,73,73211,1,3,2,1,1
202300049966,29,9,2023,21:00,3,1,6,73,73211,1,3,2,2,1
202300049967,9,5,2023,08:30,1,1,6,64,64445,2,4,2,1,1
202300049968,14,2,2023,14:35,1,1,6,71,71306,1,4,-1,1,1
202300049969,16,7,2023,11:50,1,1,1,30,30007,2,4,2,1,1
202300049970,4,12,2023,16:20,1,1,6,974,97403,2,4,2,1,1
202300049971,31,3,2023,07:45,1,8,6,64,64445,2,4,2,1,1
202300049971,31,3,2023,07:45,1,8,6,64,64445,2,4,2,1,1
202300049972,13,6,2023,08:30,1,1,2,71,71497,1,3,2,1,1
202300049973,26,8,2023,22:30,5,2,6,13,13208,2,4,2,1,2
202300049974,29,9,2023,08:50,1,1,3,69,69225,1,4,2,2,1
202300049974,29,9,2023,08:50,1,1,3,69,69225,1,4,2,2,1
202300049975,9,5,2023,17:15,1,2,6,64,64024,2,3,2,1,2
202300049976,14,2,2023,17:49,2,1,6,06,06030,2,4,3,2,1
202300049977,15,7,2023,19:00,1,7,3,28,28218,2,4,3,1,1
202300049978,3,12,2023,16:50,1,1,1,973,97305,1,2,2,1,1
202300049979,30,3,2023,16:00,1,7,2,64,64348,2,4,2,1,1
202300049980,26,8,2023,16:08,1,1,2,13,13203,2,4,1,1,1
202300049981,9,5,2023,13:00,1,2,6,64,64102,2,4,2,1,2
202300049982,12,6,2023,08:41,1,1,6,66,66136,2,4,1,1,1
202300049983,14,2,2023,08:20,1,7,6,83,83129,2,4,1,1,1
202300049984,21,9,2023,20:15,5,3,1,69,69143,2,7,2,1,3
202300049985,30,3,2023,14:30,1,1,3,64,64102,2,3,2,4,1
202300049986,16,7,2023,22:05,2,1,6,19,19275,1,4,2,1,1
202300049987,8,5,2023,19:25,1,1,3,64,64102,2,3,1,1,1
202300049988,12,6,2023,12:25,1,1,2,64,64445,2,4,2,1,1
202300049989,25,8,2023,14:19,1,1,5,13,13204,2,4,3,2,1
202300049990,16,2,2023,16:40,1,1,6,974,97416,2,4,1,2,1
202300049991,17,7,2023,13:00,1,1,2,17,17415,1,2,2,1,1
202300049992,30,3,2023,14:25,1,1,3,64,64102,2,6,-1,1,1
202300049993,28,7,2023,10:00,1,1,3,73,73023,1,3,2,2,1
202300049993,28,7,2023,10:00,1,1,3,73,73023,1,3,-1,1,1
202300049994,28,9,2023,18:00,1,1,3,65,65059,2,3,2,1,1
202300049994,28,9,2023,18:00,1,1,3,65,65059,2,3,2,1,1
202300049995,13,6,2023,11:20,1,1,6,64,64102,2,4,1,2,1
202300049996,4,5,2023,12:00,1,1,3,62,62666,2,3,-1,1,1
202300049997,17,7,2023,11:00,1,1,6,06,06029,2,4,1,1,1
202300049998,25,8,2023,14:55,1,1,1,13,13209,2,4,2,1,1
202300049998,25,8,2023,14:55,1,1,1,13,13209,2,4,2,1,1
202300049999,10,5,2023,13:12,1,1,6,62,62193,1,1,3,2,1
202300050000,3,12,2023,18:00,3,1,3,26,26039,1,3,-1,1,1
202300050001,30,3,2023,12:28,1,1,2,64,64102,2,3,3,1,1
202300050002,28,9,2023,15:45,1,1,6,33,33273,1,4,2,1,1
202300050003,15,2,2023,21:50,4,1,3,974,97411,2,2,3,4,1
202300050003,15,2,2023,21:50,4,1,3,974,97411,2,2,3,4,1
202300050004,13,6,2023,08:50,1,1,3,64,64102,2,3,2,1,1
202300050004,13,6,2023,08:50,1,1,3,64,64102,2,3,2,1,1
202300050005,25,8,2023,22:10,3,1,7,11,11069,2,4,2,1,1
202300050006,30,3,2023,18:53,1,1,3,63,63063,1,3,2,1,1
202300050007,4,12,2023,11:55,1,2,6,26,26064,2,3,2,1,2
202300050007,4,12,2023,11:55,1,2,6,26,26064,2,3,2,1,2
202300050008,3,5,2023,08:45,1,1,6,61,61169,2,3,2,1,1
202300050008,3,5,2023,08:45,1,1,6,61,61169,2,3,2,1,1
202300050008,3,5,2023,08:45,1,1,6,61,61169,2,3,2,1,1
202300050009,30,9,2023,02:10,3,1,6,85,85226,1,3,2,1,1
202300050010,17,7,2023,10:25,1,1,4,75,75116,2,4,1,1,1
202300050011,13,6,2023,08:15,1,1,3,64,64102,2,4,2,1,1
202300050012,16,2,2023,09:05,1,1,3,973,97302,2,3,2,1,1
202300050013,25,8,2023,11:30,1,1,2,10,10333,2,4,2,1,1
202300050014,4,5,2023,15:00,1,1,6,59,59508,2,7,3,1,1
202300050015,30,3,2023,08:26,1,1,3,63,63014,1,3,3,1,1
202300050016,12,6,2023,17:10,1,1,1,62,62215,2,4,2,1,1
202300050016,12,6,2023,17:10,1,1,1,62,62215,2,4,2,1,1
202300050017,3,12,2023,20:30,5,9,1,01,01027,2,3,2,1,7
202300050017,3,12,2023,20:30,5,9,1,01,01027,2,3,2,1,7
202300050018,17,7,2023,09:55,1,1,4,75,75119,2,4,1,1,1
202300050019,30,9,2023,02:17,3,1,6,85,85003,1,4,2,1,1
202300050020,16,2,2023,06:40,1,1,6,972,97213,1,2,3,1,1
202300050021,29,3,2023,16:03,1,1,2,63,63014,2,7,3,1,1
202300050021,29,3,2023,16:03,1,1,2,63,63014,2,7,3,1,1
202300050022,12,6,2023,21:25,1,1,6,62,62178,2,4,-1,2,1
202300050023,26,8,2023,09:05,1,3,5,07,07281,1,3,-1,1,2
202300050024,3,12,2023,12:47,1,1,6,69,69176,2,3,2,2,1
202300050025,31,3,2023,08:45,1,8,7,61,61001,2,3,2,2,2
202300050025,31,3,2023,08:45,1,8,7,61,61001,2,3,2,1,2
202300050026,17,7,2023,12:00,1,1,1,75,75115,2,4,-1,1,1
202300050026,17,7,2023,12:00,1,1,1,75,75115,2,4,1,1,1
202300050027,16,2,2023,13:30,1,1,2,972,97209,2,4,2,1,1
202300050028,25,8,2023,10:15,1,1,7,07,07281,1,3,2,2,1
202300050029,3,12,2023,16:30,1,1,3,65,65338,2,3,3,1,1
202300050030,9,5,2023,18:00,1,2,1,59,59350,2,4,2,1,2
202300050031,31,3,2023,19:05,2,2,3,59,59350,2,7,1,1,2
202300050032,29,9,2023,16:00,1,1,4,69,69290,1,1,3,1,1
202300050033,25,8,2023,20:20,1,1,6,06,06088,2,4,3,1,1
202300050034,16,2,2023,12:15,1,1,1,972,97209,1,4,2,1,1
202300050035,2,12,2023,19:42,3,9,6,86,86062,2,4,2,1,1
202300050036,16,7,2023,16:08,1,1,3,75,75118,2,4,2,1,1
202300050036,16,7,2023,16:08,1,1,3,75,75118,2,4,1,1,1
202300050037,31,3,2023,08:45,1,2,6,59,59009,2,7,-1,1,2
202300050037,31,3,2023,08:45,1,2,6,59,59009,2,7,2,1,2
202300050038,29,9,2023,16:00,1,1,6,69,69290,1,2,1,1,1
202300050039,20,5,2023,02:35,5,1,6,62,62119,2,3,2,4,1
202300050040,1,12,2023,15:50,1,1,1,33,33324,2,3,2,1,2
202300050041,10,5,2023,08:10,1,2,3,59,59206,1,3,2,1,2
202300050041,10,5,2023,08:10,1,2,3,59,59206,1,3,2,2,2
202300050042,16,2,2023,09:00,1,1,2,69,69385,2,4,2,1,1
202300050043,25,8,2023,18:10,1,1,6,06,06030,2,4,2,2,1
202300050043,25,8,2023,18:10,1,1,6,06,06030,2,4,2,1,1
202300050044,17,7,2023,07:35,1,1,3,75,75120,2,4,2,1,1
202300050044,17,7,2023,07:35,1,1,3,75,75120,2,4,-1,1,1
202300050045,30,3,2023,07:42,2,3,6,57,57630,2,3,2,2,2
202300050045,30,3,2023,07:42,2,3,6,57,57630,2,3,2,1,2
202300050046,29,9,2023,18:15,1,1,3,91,91103,1,2,1,1,1
202300050047,3,12,2023,06:35,2,9,3,33,33366,1,3,2,1,1
202300050048,15,2,2023,12:25,1,1,3,69,69382,2,4,2,1,1
202300050049,25,8,2023,13:37,1,1,2,05,05061,2,2,2,1,1
202300050050,13,6,2023,13:50,1,1,2,61,61001,2,3,1,1,1
202300050050,13,6,2023,13:50,1,1,2,61,61001,2,3,2,1,1
202300050051,9,5,2023,17:30,1,1,4,57,57463,2,2,-1,1,1
202300050052,29,11,2023,13:30,1,8,6,33,33151,1,4,2,1,2
202300050053,31,3,2023,09:05,1,1,3,54,54304,2,4,2,1,2
202300050053,31,3,2023,09:05,1,1,3,54,54304,2,4,2,1,2
202300050054,17,7,2023,00:38,5,1,3,75,75116,2,4,2,1,1
202300050054,17,7,2023,00:38,5,1,3,75,75116,2,4,2,1,1
202300050055,17,2,2023,00:40,3,1,3,91,91421,1,3,3,1,1
202300050056,26,8,2023,00:14,3,2,6,05,05023,2,2,2,2,2
202300050057,13,6,2023,14:50,1,1,6,59,59426,1,7,2,1,9
202300050058,9,5,2023,08:40,1,1,3,54,54395,2,4,1,1,1
202300050058,9,5,2023,08:40,1,1,3,54,54395,2,4,2,1,1
202300050059,29,9,2023,08:25,1,1,5,91,91687,1,1,3,1,1
202300050060,29,11,2023,15:00,1,8,3,60,60668,1,3,2,1,1
202300050060,29,11,2023,15:00,1,8,3,60,60668,1,3,2,1,1
202300050061,17,7,2023,20:30,2,1,2,75,75114,2,4,3,1,1
202300050061,17,7,2023,20:30,2,1,2,75,75114,2,4,1,1,1
202300050062,30,3,2023,07:10,2,3,6,54,54395,2,4,1,1,2
202300050062,30,3,2023,07:10,2,3,6,54,54395,2,4,1,1,2
202300050063,22,8,2023,18:15,1,1,6,02,02408,2,4,2,1,1
202300050064,16,2,2023,09:40,1,1,2,86,86157,1,2,1,1,1
202300050065,13,6,2023,07:40,1,1,1,59,59512,2,4,2,2,1
202300050065,13,6,2023,07:40,1,1,1,59,59512,2,4,2,1,1
202300050066,8,5,2023,16:45,1,1,3,54,54395,2,4,1,1,1
202300050066,8,5,2023,16:45,1,1,3,54,54395,2,4,2,1,1
202300050067,29,9,2023,07:55,1,1,2,94,94003,1,1,1,1,1
202300050068,3,12,2023,20:44,3,1,2,80,80521,1,1,1,1,1
202300050069,12,6,2023,09:00,1,1,6,59,59368,2,7,2,1,1
202300050070,17,7,2023,19:00,1,1,2,75,75110,2,4,1,1,1
202300050070,17,7,2023,19:00,1,1,2,75,75110,2,4,-1,1,1
202300050071,16,2,2023,13:10,1,7,3,82,82121,2,4,2,1,1
202300050072,29,3,2023,17:25,1,1,3,52,52121,2,3,2,2,1
202300050073,10,5,2023,08:10,1,8,2,51,51493,1,3,3,1,2
202300050074,30,11,2023,23:18,5,1,6,13,13202,1,7,1,1,1
202300050075,27,9,2023,19:50,3,1,2,92,92025,1,1,-1,1,1
202300050076,26,8,2023,17:15,1,1,2,75,75117,2,4,1,1,2
202300050076,26,8,2023,17:15,1,1,2,75,75117,2,4,1,1,2
202300050077,17,7,2023,10:40,1,1,6,75,75108,2,4,-1,2,1
202300050078,13,6,2023,08:45,1,1,2,59,59155,2,4,1,1,1
202300050079,9,5,2023,13:50,1,3,7,51,51454,2,4,-1,1,2
202300050080,2,12,2023,22:50,5,1,6,13,13213,1,1,-1,1,1
202300050081,17,7,2023,14:00,1,1,7,75,75114,2,4,-1,1,1
202300050081,17,7,2023,14:00,1,1,7,75,75114,2,4,2,1,1
202300050082,12,6,2023,07:15,1,1,3,59,59183,2,4,-1,1,1
202300050083,28,9,2023,07:30,1,1,4,78,78531,1,1,-1,1,1
202300050084,9,5,2023,12:45,1,2,4,51,51454,2,4,3,1,2
202300050085,24,8,2023,21:10,5,1,6,75,75119,2,4,3,2,1
202300050086,2,12,2023,18:00,5,1,6,83,83137,1,1,1,2,1
202300050087,17,7,2023,10:40,1,1,7,75,75115,2,4,-1,1,1
202300050087,17,7,2023,10:40,1,1,7,75,75115,2,4,1,1,1
202300050088,8,5,2023,15:45,1,1,6,50,50129,2,4,4,1,1
202300050089,12,6,2023,14:00,1,1,4,54,54395,2,7,-1,1,1
202300050090,17,7,2023,19:25,1,1,7,75,75102,2,4,1,1,1
202300050090,17,7,2023,19:25,1,1,7,75,75102,2,4,2,1,1
202300050091,16,2,2023,06:30,3,1,3,77,77237,1,3,2,1,1
202300050092,9,5,2023,16:54,1,1,3,49,49007,2,4,2,1,1
202300050092,9,5,2023,16:54,1,1,3,49,49007,2,4,3,1,1
202300050093,2,12,2023,14:00,1,1,4,83,83137,1,1,1,2,1
202300050094,28,9,2023,06:40,3,1,5,78,78140,1,1,1,1,1
202300050095,24,8,2023,09:00,1,1,4,75,75112,2,4,2,1,1
202300050095,24,8,2023,09:00,1,1,4,75,75112,2,4,1,1,1
202300050096,13,6,2023,14:00,1,1,3,54,54051,1,3,3,1,1
202300050096,13,6,2023,14:00,1,1,3,54,54051,1,3,2,1,1
202300050097,15,2,2023,15:15,1,1,6,74,74012,2,4,2,1,1
202300050098,17,7,2023,15:50,1,1,6,75,75101,2,4,1,1,1
202300050098,17,7,2023,15:50,1,1,6,75,75101,2,4,2,1,1
202300050099,3,12,2023,04:15,3,1,6,69,69029,1,7,3,2,1
202300050100,9,5,2023,20:17,1,1,2,49,49007,2,4,3,1,1
202300050101,28,9,2023,06:00,2,1,2,78,78238,1,1,1,1,1
202300050102,9,5,2023,15:58,1,1,7,49,49267,2,4,3,1,2
202300050103,12,6,2023,09:14,1,1,7,51,51454,2,4,2,1,1
202300050103,12,6,2023,09:14,1,1,7,51,51454,2,4,2,1,1
202300050104,2,12,2023,23:15,3,1,6,69,69228,1,1,3,1,1
202300050105,15,2,2023,19:45,5,1,3,71,71306,2,4,2,1,1
202300050106,26,8,2023,11:30,1,1,3,75,75105,2,4,2,1,1
202300050106,26,8,2023,11:30,1,1,3,75,75105,2,4,-1,1,1
202300050107,3,12,2023,03:45,3,1,2,33,33143,1,1,3,1,1
202300050108,17,7,2023,00:20,5,1,2,75,75104,2,4,-1,1,1
202300050108,17,7,2023,00:20,5,1,2,75,75104,2,4,2,2,1
202300050109,9,5,2023,12:25,1,1,2,49,49007,2,4,2,1,2
202300050109,9,5,2023,12:25,1,1,2,49,49007,2,4,2,1,2
202300050110,27,9,2023,19:45,3,1,4,92,92019,1,2,2,1,1
202300050111,12,6,2023,10:15,1,1,3,51,51344,1,3,2,1,1
202300050111,12,6,2023,10:15,1,1,3,51,51344,1,3,3,1,1
202300050112,16,2,2023,16:15,1,1,2,69,69286,2,7,2,1,1
202300050112,16,2,2023,16:15,1,1,2,69,69286,2,7,2,2,1
202300050113,3,12,2023,06:25,3,1,2,91,91377,1,1,3,1,1
202300050114,25,8,2023,09:20,1,8,2,75,75120,2,4,1,1,1
202300050114,25,8,2023,09:20,1,8,2,75,75120,2,4,2,2,1
202300050115,17,7,2023,12:00,1,1,2,94,94028,2,3,1,1,1
202300050116,27,9,2023,19:00,1,1,2,78,78640,1,2,2,1,1
202300050117,13,6,2023,03:45,5,1,6,50,50129,2,4,3,3,1
202300050118,3,12,2023,10:30,1,4,6,95,95365,1,2,3,1,5
202300050119,16,2,2023,09:00,1,1,6,69,69256,2,4,2,1,1
202300050120,9,5,2023,07:50,1,8,3,47,47001,2,3,1,1,1
202300050120,9,5,2023,07:50,1,8,3,47,47001,2,3,2,1,1
202300050121,15,7,2023,08:50,1,1,6,94,94068,2,4,2,1,1
202300050122,25,8,2023,02:15,5,1,7,75,75120,2,4,1,1,1
202300050122,25,8,2023,02:15,5,1,7,75,75120,2,4,2,2,1
202300050123,29,9,2023,08:10,1,1,3,93,93027,1,1,3,1,1
202300050124,12,6,2023,10:49,1,1,6,49,49007,2,4,3,1,1
202300050124,12,6,2023,10:49,1,1,6,49,49007,2,4,1,1,1
202300050125,16,2,2023,15:00,1,1,6,69,69290,1,4,2,1,1
202300050126,9,5,2023,19:42,1,8,6,43,43089,2,4,2,2,2
202300050127,16,7,2023,20:00,1,1,6,94,94016,2,4,-1,1,1
202300050128,29,9,2023,07:00,3,1,6,93,93048,1,1,3,1,1
202300050129,26,8,2023,08:30,1,1,6,75,75118,2,4,-1,1,1
202300050129,26,8,2023,08:30,1,1,6,75,75118,2,4,-1,1,1
202300050130,3,12,2023,07:50,3,1,2,93,93027,1,1,3,1,1
202300050131,13,6,2023,08:35,1,1,4,41,41295,1,3,3,1,1
202300050132,16,7,2023,21:50,1,1,6,94,94028,2,4,1,1,1
202300050133,16,2,2023,09:35,1,1,3,66,66136,2,4,2,1,1
202300050133,16,2,2023,09:35,1,1,3,66,66136,2,4,2,1,1
202300050134,29,9,2023,08:50,1,1,2,94,94079,1,1,1,1,1
202300050135,25,8,2023,12:05,1,1,6,75,75118,2,4,2,1,1
202300050135,25,8,2023,12:05,1,1,6,75,75118,2,4,2,1,1
202300050136,16,6,2023,17:45,1,1,1,25,25427,2,4,2,2,1
202300050137,5,5,2023,00:00,5,1,3,42,42218,2,4,2,2,1
202300050137,5,5,2023,00:00,5,1,3,42,42218,2,4,2,2,1
202300050138,17,7,2023,11:00,1,1,3,94,94022,2,3,1,1,1
202300050138,17,7,2023,11:00,1,1,3,94,94022,2,3,-1,1,1
202300050139,13,6,2023,14:30,1,1,3,38,38185,2,7,1,1,1
202300050139,13,6,2023,14:30,1,1,3,38,38185,2,7,1,1,1
202300050140,23,7,2023,17:30,1,1,1,77,77442,2,3,2,2,1
202300050141,15,2,2023,12:35,1,1,2,66,66136,2,4,2,1,1
202300050142,1,12,2023,20:35,3,1,6,972,97213,2,4,2,2,1
202300050143,26,8,2023,18:15,1,1,3,75,75117,2,4,2,1,1
202300050143,26,8,2023,18:15,1,1,3,75,75117,2,4,2,1,1
202300050144,17,7,2023,15:00,1,1,7,93,93059,2,3,1,1,1
202300050145,23,6,2023,21:45,2,1,6,55,55544,1,3,2,2,1
202300050146,13,6,2023,14:05,1,1,3,37,37233,2,4,2,1,1
202300050146,13,6,2023,14:05,1,1,3,37,37233,2,4,1,1,1
202300050147,9,5,2023,10:00,1,1,3,42,42099,1,7,1,1,1
202300050147,9,5,2023,10:00,1,1,3,42,42099,1,7,2,1,1
202300050148,17,7,2023,19:10,1,1,6,93,93064,2,3,2,1,1
202300050149,1,12,2023,18:00,5,1,1,972,97209,1,2,2,1,1
202300050150,25,8,2023,18:15,1,1,6,75,75117,2,4,2,1,1
202300050150,25,8,2023,18:15,1,1,6,75,75117,2,4,1,1,1
202300050151,16,2,2023,19:00,5,1,3,59,59599,2,7,2,1,1
202300050151,16,2,2023,19:00,5,1,3,59,59599,2,7,2,1,1
202300050152,28,9,2023,11:45,1,1,6,988,98818,2,4,2,1,1
202300050152,28,9,2023,11:45,1,1,6,988,98818,2,4,3,1,1
202300050153,2,12,2023,22:55,5,6,6,2B,2B033,2,3,-1,2,1
202300050153,2,12,2023,22:55,5,6,6,2B,2B033,2,3,-1,1,1
202300050154,17,7,2023,19:00,2,1,3,93,93048,2,4,1,1,1
202300050155,25,8,2023,13:10,1,8,6,75,75117,2,4,2,1,1
202300050156,28,9,2023,07:35,1,1,7,974,97416,1,3,2,2,9
202300050157,13,6,2023,08:50,1,1,3,37,37208,2,4,2,2,1
202300050157,13,6,2023,08:50,1,1,3,37,37208,2,4,2,4,1
202300050158,9,5,2023,17:11,1,3,3,38,38151,2,7,3,1,2
202300050158,9,5,2023,17:11,1,3,3,38,38151,2,7,3,1,2
202300050159,15,2,2023,20:50,5,1,6,59,59350,2,4,-1,1,1
202300050160,28,9,2023,08:45,1,1,7,973,97302,2,3,2,1,1
202300050161,17,7,2023,09:30,1,1,2,93,93079,2,3,2,1,1
202300050162,25,8,2023,22:55,5,1,3,75,75107,2,4,2,1,1
202300050162,25,8,2023,22:55,5,1,3,75,75107,2,4,2,1,1
202300050163,13,6,2023,23:54,5,1,1,35,35238,2,4,2,1,1
202300050164,11,2,2023,11:40,1,1,6,56,56260,2,4,1,1,1
202300050165,9,5,2023,11:40,1,1,3,38,38185,2,4,2,1,1
202300050166,1,12,2023,18:07,3,1,4,2B,2B037,1,2,2,1,1
202300050167,28,9,2023,06:15,2,1,7,973,97302,2,3,2,1,9
202300050168,17,7,2023,11:15,1,1,6,93,93029,2,4,2,1,1
202300050169,3,12,2023,01:15,5,1,-1,2A,2A004,2,4,2,1,1
202300050170,13,6,2023,08:45,1,1,2,35,35278,1,3,3,1,1
202300050171,17,7,2023,13:50,1,1,6,93,93013,2,3,2,1,1
202300050172,16,2,2023,19:50,5,1,3,54,54184,2,4,2,1,1
202300050173,10,5,2023,20:10,1,8,3,37,37261,2,4,1,1,1
202300050174,28,9,2023,10:04,1,1,3,69,69388,2,4,2,1,1
202300050174,28,9,2023,10:04,1,1,3,69,69388,2,4,2,1,1
202300050175,26,8,2023,15:00,1,1,2,75,75115,2,4,-1,1,1
202300050175,26,8,2023,15:00,1,1,2,75,75115,2,4,1,1,1
202300050176,13,6,2023,12:30,1,1,6,34,34301,2,3,1,1,1
202300050177,9,5,2023,09:16,1,2,2,37,37214,2,4,2,1,2
202300050178,16,2,2023,13:35,1,1,2,54,54138,1,2,3,1,1
202300050179,28,9,2023,04:15,5,1,6,69,69383,2,4,2,1,1
202300050179,28,9,2023,04:15,5,1,6,69,69383,2,4,2,1,1
202300050180,17,7,2023,11:35,1,1,3,93,93001,2,3,3,1,1
202300050180,17,7,2023,11:35,1,1,3,93,93001,2,3,2,1,1
202300050181,10,6,2023,10:10,1,1,3,34,34032,1,3,2,1,1
202300050182,25,8,2023,19:45,1,1,2,75,75115,2,4,2,1,1
202300050183,2,12,2023,10:00,1,1,7,95,95277,2,3,3,2,1
202300050184,9,5,2023,09:15,1,3,3,37,37122,2,4,3,1,2
202300050184,9,5,2023,09:15,1,3,3,37,37122,2,4,3,1,2
202300050185,28,9,2023,06:15,1,1,2,972,97209,1,3,1,2,1
202300050186,17,7,2023,10:00,1,1,3,92,92051,2,3,1,1,1
202300050186,17,7,2023,10:00,1,1,3,92,92051,2,3,3,1,1
202300050187,25,8,2023,14:35,1,1,6,75,75114,2,4,1,1,1
202300050187,25,8,2023,14:35,1,1,6,75,75114,2,4,2,1,1
202300050188,2,12,2023,19:50,2,1,6,91,91549,2,3,2,1,1
202300050189,10,5,2023,17:25,1,2,2,35,35051,1,4,3,1,2
202300050190,13,6,2023,20:15,1,1,3,31,31555,2,4,1,1,1
202300050191,29,9,2023,01:40,5,1,6,69,69382,2,4,1,1,1
202300050191,29,9,2023,01:40,5,1,6,69,69382,2,4,1,1,1
202300050192,17,7,2023,09:40,1,1,3,92,92012,2,3,1,1,1
202300050193,2,12,2023,17:30,5,1,3,91,91549,2,4,2,1,1
202300050193,2,12,2023,17:30,5,1,3,91,91549,2,4,2,1,1