id_accident,jour,mois,annee,heure_minute,luminosite,meteo,type_collision,departement,commune,agglomeration,categorie_route,regime_circulation,profil_route,etat_surface
202300050194,28,9,2023,19:00,2,1,2,69,69389,2,4,2,1,1
202300050195,9,5,2023,11:45,1,2,3,35,35278,1,3,2,1,2
202300050195,9,5,2023,11:45,1,2,3,35,35278,1,3,2,1,2
202300050196,16,2,2023,16:45,1,1,6,51,51454,2,4,3,1,1
202300050197,25,8,2023,19:30,1,1,3,75,75112,2,4,2,1,1
202300050197,25,8,2023,19:30,1,1,3,75,75112,2,4,2,1,1
202300050198,13,6,2023,18:10,1,1,1,29,29232,2,4,2,1,1
202300050198,13,6,2023,18:10,1,1,1,29,29232,2,4,2,1,1
202300050199,18,7,2023,19:13,1,1,7,39,39329,1,3,2,2,1
202300050200,1,12,2023,18:20,5,1,2,91,91027,2,3,2,1,1
202300050201,27,9,2023,19:20,2,1,3,69,69389,2,4,1,1,1
202300050201,27,9,2023,19:20,2,1,3,69,69389,2,4,2,1,1
202300050202,9,5,2023,08:20,1,1,2,35,35238,1,2,3,1,2
202300050203,16,2,2023,11:15,1,1,6,51,51431,2,6,-1,1,1
202300050204,2,12,2023,10:50,1,1,1,78,78650,2,4,-1,1,1
202300050204,2,12,2023,10:50,1,1,1,78,78650,2,4,-1,1,1
202300050205,27,9,2023,21:50,3,1,3,971,97101,2,3,2,2,1
202300050206,24,6,2023,20:45,2,1,7,35,35126,2,3,2,2,1
202300050206,24,6,2023,20:45,2,1,7,35,35126,2,3,2,2,1
202300050207,25,8,2023,09:00,1,1,6,75,75112,2,4,2,1,1
202300050207,25,8,2023,09:00,1,1,6,75,75112,2,4,2,1,1
202300050208,13,2,2023,12:30,1,1,2,50,50129,2,4,3,1,1
202300050209,28,9,2023,10:55,1,1,6,2A,2A004,2,2,3,1,1
202300050210,2,12,2023,08:50,1,1,1,78,78650,2,4,-1,1,1
202300050211,9,5,2023,17:30,1,2,4,33,33063,1,4,1,1,2
202300050212,12,6,2023,14:10,1,3,4,17,17306,1,3,2,1,2
202300050213,17,7,2023,17:50,1,1,3,22,22209,2,4,2,1,1
202300050213,17,7,2023,17:50,1,1,3,22,22209,2,4,2,1,1
202300050214,22,8,2023,12:15,1,1,3,75,75112,2,4,2,1,1
202300050214,22,8,2023,12:15,1,1,3,75,75112,2,4,1,1,1
202300050215,15,2,2023,15:44,1,1,6,49,49007,2,4,2,1,1
202300050216,9,5,2023,14:15,1,1,5,29,29019,2,4,2,1,1
202300050217,13,6,2023,14:00,1,1,7,17,17300,2,4,2,1,1
202300050217,13,6,2023,14:00,1,1,7,17,17300,2,4,1,1,1
202300050218,28,9,2023,13:20,1,1,6,95,95018,2,4,2,1,1
202300050218,28,9,2023,13:20,1,1,6,95,95018,2,4,2,1,1
202300050219,18,7,2023,12:00,1,1,2,68,68044,2,3,2,2,1
202300050220,13,6,2023,18:30,1,1,6,13,13117,2,4,-1,1,1
202300050221,16,2,2023,14:40,1,1,6,37,37261,2,4,1,1,1
202300050222,25,8,2023,23:05,3,1,6,75,75109,2,4,1,1,1
202300050222,25,8,2023,23:05,3,1,6,75,75109,2,4,1,1,1
202300050223,28,9,2023,12:00,1,1,1,91,91421,1,3,3,1,1
202300050224,1,12,2023,07:55,3,8,1,77,77284,2,4,4,2,1
202300050225,17,7,2023,14:30,1,1,3,51,51599,1,3,2,1,1
202300050226,15,2,2023,07:45,1,1,6,37,37214,2,4,2,1,1
202300050227,13,6,2023,17:50,1,8,1,13,13209,1,3,-1,2,1
202300050228,18,7,2023,18:00,1,1,6,60,60279,1,2,3,1,1
202300050229,2,12,2023,19:15,4,1,2,76,76540,1,2,3,1,1
202300050230,28,9,2023,08:00,2,1,3,91,91114,2,3,2,1,1
202300050231,13,6,2023,16:10,1,1,2,13,13211,2,4,1,2,1
202300050232,17,7,2023,19:40,1,1,6,34,34259,1,2,3,1,1
202300050233,16,2,2023,11:50,1,2,3,35,35238,2,4,2,1,2
202300050233,16,2,2023,11:50,1,2,3,35,35238,2,4,2,1,2
202300050234,30,11,2023,17:45,5,3,6,73,73011,2,4,-1,1,2
202300050235,25,8,2023,18:30,1,1,7,75,75108,2,4,1,1,1
202300050235,25,8,2023,18:30,1,1,7,75,75108,2,4,2,1,1
202300050236,27,9,2023,17:30,1,1,2,91,91691,2,4,1,1,1
202300050236,27,9,2023,17:30,1,1,2,91,91691,2,4,-1,1,1
202300050237,13,6,2023,15:00,1,1,3,13,13209,2,3,2,2,1
202300050238,18,7,2023,08:54,1,1,6,62,62767,2,4,2,1,1
202300050239,18,1,2023,22:00,5,1,6,34,34301,2,3,3,1,1
202300050240,2,12,2023,07:20,5,9,7,72,72181,2,4,2,2,9
202300050241,28,9,2023,07:40,1,1,7,87,87085,2,4,2,2,1
202300050241,28,9,2023,07:40,1,1,7,87,87085,2,4,2,2,1
202300050242,12,6,2023,17:37,1,2,1,12,12089,1,3,-1,2,2
202300050243,9,5,2023,06:45,1,1,3,26,26198,1,2,2,1,1
202300050244,18,7,2023,07:50,1,1,1,56,56156,1,4,2,1,1
202300050245,23,8,2023,08:00,1,1,6,75,75108,2,4,1,1,1
202300050245,23,8,2023,08:00,1,1,6,75,75108,2,4,2,1,1
202300050246,16,2,2023,07:00,5,1,3,33,33162,2,4,2,1,1
202300050246,16,2,2023,07:00,5,1,3,33,33162,2,4,3,1,1
202300050247,13,6,2023,13:57,1,1,2,11,11069,1,3,2,1,1
202300050248,15,7,2023,23:15,5,2,7,56,56240,2,3,3,1,2
202300050249,9,5,2023,13:25,1,2,6,25,25056,2,4,3,1,2
202300050250,27,9,2023,08:05,1,1,3,80,80021,2,4,1,1,1
202300050251,16,2,2023,12:58,1,1,7,32,32013,2,4,2,1,1
202300050251,16,2,2023,12:58,1,1,7,32,32013,2,4,2,1,1
202300050252,2,12,2023,06:06,5,4,3,63,63113,2,7,2,1,2
202300050252,2,12,2023,06:06,5,4,3,63,63113,2,7,3,1,2
202300050253,12,6,2023,12:44,1,2,6,11,11069,2,4,1,1,2
202300050254,9,5,2023,11:30,1,1,6,25,25056,2,4,3,1,1
202300050255,26,8,2023,15:32,1,1,3,75,75107,2,4,1,1,1
202300050255,26,8,2023,15:32,1,1,3,75,75107,2,4,-1,1,1
202300050256,16,7,2023,09:25,1,1,6,56,56067,1,3,2,1,1
202300050257,26,9,2023,11:20,1,1,3,80,80021,2,4,-1,1,1
202300050258,16,2,2023,17:05,1,1,6,25,25547,2,3,-1,1,1
202300050259,9,5,2023,10:35,1,1,7,22,22278,2,4,1,1,1
202300050260,2,12,2023,20:30,5,1,2,59,59512,2,7,2,1,1
202300050261,12,6,2023,18:31,1,1,3,10,10387,2,4,-1,1,1
202300050262,26,9,2023,12:00,1,1,3,80,80021,2,4,2,1,1
202300050263,25,8,2023,23:40,5,1,6,75,75107,2,4,1,1,1
202300050263,25,8,2023,23:40,5,1,6,75,75107,2,4,1,1,1
202300050264,17,7,2023,12:40,1,1,1,82,82112,1,3,2,2,1
202300050265,6,5,2023,10:45,1,1,6,18,18033,2,4,2,1,1
202300050266,2,12,2023,22:25,5,8,6,59,59360,2,7,2,1,7
202300050267,13,6,2023,08:50,1,1,6,06,06155,2,3,1,1,1
202300050268,16,2,2023,10:15,1,1,2,14,14118,2,4,2,1,1
202300050268,16,2,2023,10:15,1,1,2,14,14118,2,4,2,1,1
202300050269,17,7,2023,22:45,4,1,6,82,82079,1,3,2,1,1
202300050270,9,5,2023,07:45,1,2,3,17,17415,2,4,2,1,2
202300050271,28,9,2023,23:18,5,1,1,78,78403,2,3,4,1,1
202300050271,28,9,2023,23:18,5,1,1,78,78403,2,3,2,1,1
202300050272,5,6,2023,09:00,1,1,2,02,02722,2,3,1,1,1
202300050273,25,8,2023,20:45,5,1,3,75,75102,2,4,2,1,1
202300050273,25,8,2023,20:45,5,1,3,75,75102,2,4,2,1,1
202300050274,2,12,2023,10:30,1,1,3,59,59350,2,4,1,1,1
202300050275,25,9,2023,14:00,1,1,6,78,78498,2,4,2,1,1
202300050276,18,7,2023,18:35,1,1,1,49,49228,2,3,2,1,1
202300050277,15,2,2023,15:00,1,1,2,13,13117,1,3,3,3,1
202300050278,12,6,2023,15:45,1,1,3,75,75117,2,4,1,1,1
202300050279,10,5,2023,09:50,1,1,4,17,17380,1,3,2,1,1
202300050279,10,5,2023,09:50,1,1,4,17,17380,1,3,2,1,1
202300050280,25,8,2023,15:50,1,8,2,75,75101,2,4,1,1,1
202300050280,25,8,2023,15:50,1,8,2,75,75101,2,4,1,1,1
202300050281,2,12,2023,06:30,5,1,3,59,59350,2,4,2,1,1
202300050281,2,12,2023,06:30,5,1,3,59,59350,2,4,2,1,1
202300050282,16,2,2023,11:20,1,1,6,13,13001,2,3,2,1,1
202300050283,17,7,2023,20:35,2,1,1,46,46173,1,3,2,1,1
202300050284,12,6,2023,07:20,1,1,2,75,75118,2,4,1,1,1
202300050285,3,5,2023,12:30,1,1,3,15,15012,2,4,2,1,1
202300050286,25,8,2023,01:10,5,1,3,75,75102,2,4,1,1,1
202300050286,25,8,2023,01:10,5,1,3,75,75102,2,4,1,1,1
202300050287,28,9,2023,13:00,1,1,4,77,77132,1,3,2,1,1
202300050288,12,6,2023,23:00,5,1,6,75,75116,2,4,2,1,1
202300050289,16,2,2023,12:15,1,1,3,12,12176,2,4,2,1,1
202300050290,2,12,2023,18:30,5,1,3,54,54578,2,4,2,1,1
202300050291,17,7,2023,14:45,1,1,3,47,47214,1,3,2,1,1
202300050292,3,5,2023,08:12,1,7,6,15,15014,2,2,2,1,1
202300050292,3,5,2023,08:12,1,7,6,15,15014,2,2,3,1,1
202300050293,27,9,2023,22:00,5,1,1,76,76351,2,4,2,2,1
202300050294,15,11,2023,15:30,1,1,7,54,54099,2,4,-1,1,1
202300050294,15,11,2023,15:30,1,1,7,54,54099,2,4,-1,1,1
202300050295,24,8,2023,19:40,1,1,3,75,75101,2,4,1,1,1
202300050295,24,8,2023,19:40,1,1,3,75,75101,2,4,1,1,1
202300050296,17,7,2023,07:00,1,1,6,41,41256,1,3,2,1,1
202300050297,16,2,2023,14:40,1,1,2,11,11069,2,4,2,1,1
202300050298,13,6,2023,19:30,1,1,1,75,75119,2,4,-1,1,1
202300050298,13,6,2023,19:30,1,1,1,75,75119,2,4,1,1,1
202300050299,24,8,2023,15:45,1,1,6,75,75101,2,4,1,1,1
202300050300,28,9,2023,05:20,5,1,7,76,76351,2,4,-1,2,1
202300050300,28,9,2023,05:20,5,1,7,76,76351,2,4,2,1,1
202300050301,2,12,2023,20:25,5,1,6,51,51454,2,4,2,2,1
202300050301,2,12,2023,20:25,5,1,6,51,51454,2,4,2,1,1
202300050302,9,5,2023,18:00,1,2,1,14,14243,2,4,-1,2,2
202300050303,16,2,2023,12:00,1,1,3,11,11069,2,4,2,1,1
202300050304,17,7,2023,18:23,1,1,1,25,25060,2,3,2,1,1
202300050304,17,7,2023,18:23,1,1,1,25,25060,2,3,2,3,-1
202300050305,13,6,2023,11:20,1,1,3,75,75119,2,4,3,1,1
202300050305,13,6,2023,11:20,1,1,3,75,75119,2,4,2,1,1
202300050306,16,2,2023,20:30,5,1,6,07,07102,1,4,1,1,1
202300050307,26,8,2023,15:45,1,1,2,94,94080,2,3,1,1,1
202300050308,9,5,2023,20:40,1,2,2,14,14333,2,4,1,2,2
202300050309,26,9,2023,16:15,1,1,6,76,76305,1,4,2,1,1
202300050309,26,9,2023,16:15,1,1,6,76,76305,1,4,2,1,1
202300050310,16,7,2023,20:40,2,1,3,25,25228,2,4,2,1,1
202300050311,13,6,2023,10:15,1,1,6,75,75117,2,4,1,1,1
202300050312,16,2,2023,16:37,1,7,6,01,01289,2,6,-1,1,1
202300050313,27,9,2023,19:40,5,1,1,72,72181,2,4,2,1,1
202300050314,10,5,2023,19:00,1,1,3,13,13211,2,4,2,1,1
202300050314,10,5,2023,19:00,1,1,3,13,13211,2,4,2,1,1
202300050315,26,8,2023,18:00,1,8,3,94,94052,2,2,2,1,2
202300050315,26,8,2023,18:00,1,8,3,94,94052,2,2,2,1,2
202300050316,3,12,2023,00:15,4,5,7,47,47031,1,4,2,1,2
202300050317,11,6,2023,23:40,5,8,2,75,75115,2,4,1,1,2
202300050317,11,6,2023,23:40,5,8,2,75,75115,2,4,1,1,2
202300050318,27,9,2023,19:30,2,1,3,72,72181,2,3,2,2,1
202300050319,10,5,2023,15:30,1,1,3,13,13208,2,4,2,1,1
202300050320,14,7,2023,01:00,3,1,6,44,44023,1,3,2,1,1
202300050321,24,8,2023,17:05,1,1,3,94,94058,2,3,3,1,1
202300050322,15,2,2023,08:18,1,1,2,976,97611,2,2,2,1,1
202300050323,17,7,2023,12:20,1,1,7,29,29277,1,3,2,1,1
202300050324,13,6,2023,15:25,1,1,3,75,75114,2,4,1,1,1
202300050324,13,6,2023,15:25,1,1,3,75,75114,2,4,1,1,1
202300050325,27,9,2023,09:50,1,1,2,72,72181,2,4,1,2,1
202300050326,7,5,2023,18:00,1,1,3,13,13215,2,4,2,1,1
202300050327,26,8,2023,12:45,1,1,3,94,94016,2,4,2,1,1
202300050328,15,2,2023,16:00,1,1,5,974,97416,2,2,2,1,1
202300050329,28,9,2023,15:50,1,1,6,71,71076,2,4,2,1,1
202300050330,15,7,2023,19:15,1,1,1,29,29176,1,3,2,1,1
202300050331,8,5,2023,23:43,5,1,3,13,13212,2,4,-1,1,1
202300050332,13,6,2023,11:27,1,1,7,75,75113,2,4,2,1,1
202300050332,13,6,2023,11:27,1,1,7,75,75113,2,4,2,1,1
202300050333,25,8,2023,12:15,1,1,6,94,94021,2,5,1,1,1
202300050334,9,5,2023,19:25,2,2,1,13,13209,2,4,2,1,2
202300050335,28,9,2023,09:50,1,1,2,69,69264,2,3,2,1,1
202300050336,15,2,2023,15:41,1,1,3,973,97302,2,4,2,1,1
202300050337,13,6,2023,23:15,5,1,3,75,75112,2,4,2,1,1
202300050337,13,6,2023,23:15,5,1,3,75,75112,2,4,1,1,1
202300050338,17,7,2023,17:35,1,1,3,29,29072,2,4,2,1,1
202300050339,25,8,2023,18:00,1,1,2,94,94028,2,3,1,1,1
202300050340,9,5,2023,18:30,1,2,2,13,13212,2,4,2,1,2
202300050341,15,2,2023,07:05,1,1,3,973,97302,2,3,2,1,1
202300050341,15,2,2023,07:05,1,1,3,973,97302,2,3,2,1,1
202300050342,18,7,2023,12:15,1,1,6,02,02810,1,3,2,1,1
202300050343,28,9,2023,07:30,1,1,3,69,69290,2,7,1,1,1
202300050343,28,9,2023,07:30,1,1,3,69,69290,2,7,2,1,1
202300050344,13,6,2023,16:58,1,1,3,75,75111,2,4,2,1,1
202300050344,13,6,2023,16:58,1,1,3,75,75111,2,4,2,1,1
202300050345,9,5,2023,15:05,1,1,3,13,13205,2,4,1,1,1
202300050345,9,5,2023,15:05,1,1,3,13,13205,2,4,1,1,1
202300050346,15,2,2023,14:41,1,1,1,972,97209,2,3,2,4,1
202300050347,25,8,2023,09:45,1,8,3,94,94011,2,3,-1,1,1
202300050347,25,8,2023,09:45,1,8,3,94,94011,2,3,-1,1,1
202300050348,13,6,2023,16:10,1,1,3,75,75111,2,4,2,1,1
202300050349,27,9,2023,18:45,1,1,1,69,69290,2,4,2,1,1
202300050350,14,7,2023,16:05,1,3,3,50,50003,2,3,2,1,2
202300050350,14,7,2023,16:05,1,3,3,50,50003,2,3,2,1,2
202300050351,15,2,2023,19:30,5,1,3,69,69385,2,4,2,4,1
202300050351,15,2,2023,19:30,5,1,3,69,69385,2,4,2,4,1
202300050352,13,6,2023,19:40,1,1,6,75,75110,2,4,1,1,1
202300050352,13,6,2023,19:40,1,1,6,75,75110,2,4,1,1,1
202300050353,24,8,2023,19:45,2,1,2,94,94017,2,3,2,1,1
202300050353,24,8,2023,19:45,2,1,2,94,94017,2,3,1,1,1
202300050354,15,2,2023,10:50,1,1,6,69,69081,2,4,2,1,1
202300050354,15,2,2023,10:50,1,1,6,69,69081,2,4,2,1,1
202300050355,18,7,2023,20:35,1,1,2,50,50410,2,3,2,4,1
202300050356,13,6,2023,14:20,1,1,1,75,75109,2,4,1,1,1
202300050356,13,6,2023,14:20,1,1,1,75,75109,2,4,1,1,1
202300050357,25,8,2023,20:10,1,1,3,94,94002,2,4,1,1,1
202300050357,25,8,2023,20:10,1,1,3,94,94002,2,4,1,1,1
202300050358,15,2,2023,17:17,1,1,3,2A,2A004,2,3,2,2,1
202300050358,15,2,2023,17:17,1,1,3,2A,2A004,2,3,2,1,1
202300050359,28,9,2023,08:55,1,1,1,67,67447,2,4,2,1,1
202300050359,28,9,2023,08:55,1,1,1,67,67447,2,4,2,1,1
202300050360,17,7,2023,21:10,1,1,2,50,50436,1,3,2,1,1
202300050360,17,7,2023,21:10,1,1,2,50,50436,1,3,2,1,1
202300050361,13,6,2023,07:45,1,1,3,75,75108,2,4,2,1,1
202300050361,13,6,2023,07:45,1,1,3,75,75108,2,4,2,1,1
202300050362,26,8,2023,03:00,3,1,6,93,93070,2,4,2,1,1
202300050363,18,7,2023,19:30,1,1,7,60,60277,2,3,2,2,1
202300050364,15,2,2023,08:12,1,1,4,2A,2A004,2,4,3,1,1
202300050365,28,9,2023,08:50,1,1,6,67,67482,2,4,3,1,1
202300050366,12,6,2023,23:44,5,1,3,75,75108,2,4,2,1,1
202300050366,12,6,2023,23:44,5,1,3,75,75108,2,4,2,1,1
202300050367,18,7,2023,16:00,1,1,7,64,64233,2,3,2,1,1
202300050368,25,8,2023,15:30,1,1,6,93,93064,2,3,3,1,1
202300050369,17,7,2023,13:30,1,1,6,07,07204,1,3,2,1,1
202300050370,13,6,2023,08:58,1,1,1,75,75107,2,4,2,1,1
202300050370,13,6,2023,08:58,1,1,1,75,75107,2,4,2,1,1
202300050371,14,2,2023,16:45,1,1,5,91,91477,2,4,2,1,1
202300050372,27,9,2023,17:10,1,1,3,67,67447,2,4,2,2,1
202300050373,18,7,2023,09:30,1,1,7,21,21332,2,4,2,1,1
202300050374,28,9,2023,19:22,1,1,7,64,64130,1,4,2,2,1
202300050375,12,6,2023,15:15,1,1,6,75,75103,2,4,1,1,1
202300050375,12,6,2023,15:15,1,1,6,75,75103,2,4,2,1,1
202300050376,17,7,2023,11:05,1,1,1,85,85234,2,4,2,1,1
202300050377,15,2,2023,15:35,1,1,1,91,91479,2,4,2,1,1
202300050377,15,2,2023,15:35,1,1,1,91,91479,2,4,2,1,1
202300050378,13,6,2023,20:15,1,1,6,94,94081,2,3,2,2,1
202300050379,15,2,2023,13:45,1,1,6,91,91589,2,4,2,1,1
202300050380,18,7,2023,02:35,3,1,6,37,37014,1,3,2,1,1
202300050381,15,2,2023,07:08,2,1,3,91,91027,2,4,2,1,1
202300050382,7,1,2023,14:50,1,1,1,974,97418,2,3,3,4,1
202300050383,12,6,2023,21:30,2,1,3,94,94080,2,3,2,1,1
202300050383,12,6,2023,21:30,2,1,3,94,94080,2,3,1,1,1
202300050384,17,7,2023,15:40,1,1,3,37,37050,2,3,3,1,1
202300050384,17,7,2023,15:40,1,1,3,37,37050,2,3,2,1,1
202300050385,27,9,2023,10:30,1,1,2,64,64284,2,4,1,1,1
202300050385,27,9,2023,10:30,1,1,2,64,64284,2,4,2,1,1
202300050386,14,2,2023,14:34,1,1,7,87,87085,2,4,2,1,1
202300050387,2,1,2023,22:30,5,1,3,2B,2B311,2,2,2,1,1
202300050387,2,1,2023,22:30,5,1,3,2B,2B311,2,2,2,1,1
202300050388,13,6,2023,07:40,1,1,3,94,94046,2,3,2,1,1
202300050388,13,6,2023,07:40,1,1,3,94,94046,2,3,3,1,1
202300050389,14,7,2023,18:05,1,1,1,08,08116,2,4,2,1,1
202300050390,14,2,2023,13:15,1,1,3,78,78029,2,4,2,1,1
202300050390,14,2,2023,13:15,1,1,3,78,78029,2,4,2,1,1
202300050391,4,1,2023,12:05,1,1,2,06,06128,2,3,3,2,1
202300050392,13,6,2023,15:48,1,1,7,94,94043,2,4,1,1,1
202300050393,22,9,2023,13:10,1,2,3,64,64335,1,4,3,1,2
202300050393,22,9,2023,13:10,1,2,3,64,64335,1,4,3,1,2
202300050394,15,7,2023,19:10,1,2,3,08,08222,2,4,2,1,2
202300050394,15,7,2023,19:10,1,2,3,08,08222,2,4,2,1,2
202300050395,7,1,2023,11:25,1,1,3,89,89438,1,3,2,1,1
202300050395,7,1,2023,11:25,1,1,3,89,89438,1,3,2,1,1
202300050396,15,2,2023,15:55,1,1,1,77,77445,2,3,2,1,1
202300050397,16,7,2023,07:45,1,1,2,67,67463,1,1,3,1,1
202300050398,6,1,2023,10:15,1,1,6,07,07324,2,4,2,1,1
202300050399,13,6,2023,08:47,1,1,3,94,94022,2,4,2,1,1
202300050400,27,9,2023,07:47,1,1,3,64,64102,2,4,2,1,1
202300050400,27,9,2023,07:47,1,1,3,64,64102,2,4,2,1,1
202300050401,7,1,2023,18:30,3,1,1,01,01185,1,3,2,1,1
202300050402,16,7,2023,23:00,4,1,3,35,35206,1,3,2,1,1
202300050403,15,2,2023,06:45,2,1,3,77,77186,1,3,2,1,1
202300050403,15,2,2023,06:45,2,1,3,77,77186,1,3,2,1,1
202300050404,13,6,2023,20:20,1,1,6,94,94060,2,3,3,1,1
202300050405,28,9,2023,13:40,1,1,6,63,63300,1,3,3,1,1
202300050406,13,6,2023,08:20,1,1,6,94,94047,2,3,2,1,1
202300050407,6,1,2023,18:12,2,2,1,22,22026,1,3,2,1,1
202300050407,6,1,2023,18:12,2,2,1,22,22026,1,3,2,1,1
202300050408,16,2,2023,00:35,3,1,2,76,76497,1,2,3,1,1
202300050409,15,9,2023,04:50,3,1,6,62,62224,2,3,2,1,1
202300050410,7,1,2023,17:30,5,2,6,60,60612,2,3,2,1,2
202300050410,7,1,2023,17:30,5,2,6,60,60612,2,3,2,1,2
202300050411,16,7,2023,08:30,1,1,2,11,11048,1,1,3,1,1
202300050412,9,2,2023,20:20,3,1,4,76,76498,1,2,3,1,1
202300050413,6,1,2023,18:05,3,1,6,60,60575,2,3,2,1,2
202300050414,14,2,2023,20:45,5,1,3,72,72181,2,4,2,1,1
202300050415,27,9,2023,16:55,1,1,5,62,62193,2,4,2,1,1
202300050416,16,7,2023,11:30,1,1,2,987,98729,1,2,2,1,1
202300050416,16,7,2023,11:30,1,1,2,987,98729,1,2,2,1,9
202300050417,13,6,2023,09:57,1,1,4,93,93064,2,4,2,2,1
202300050418,15,2,2023,19:20,4,1,6,69,69282,2,4,2,1,1
202300050418,15,2,2023,19:20,4,1,6,69,69282,2,4,2,1,1
202300050419,6,1,2023,19:20,2,1,6,13,13211,1,1,1,1,1
202300050420,14,7,2023,17:30,1,1,1,78,78231,1,3,2,1,1
202300050421,13,6,2023,17:10,1,1,3,93,93055,2,4,1,2,1
202300050421,13,6,2023,17:10,1,1,3,93,93055,2,4,1,1,1
202300050422,28,9,2023,02:27,3,1,6,61,61169,2,3,2,1,1
202300050423,5,1,2023,11:45,1,2,2,38,38449,1,1,3,1,2
202300050424,15,2,2023,17:05,2,1,3,69,69290,2,7,2,1,1
202300050424,15,2,2023,17:05,2,1,3,69,69290,2,7,2,1,1
202300050425,18,7,2023,07:15,1,1,3,2B,2B316,1,3,2,2,1
202300050426,13,6,2023,16:30,1,1,1,93,93051,2,3,2,1,1
202300050427,5,1,2023,17:40,5,1,2,33,33249,1,2,3,1,1
202300050428,18,7,2023,08:05,1,1,1,30,30258,1,3,2,2,1
202300050429,6,1,2023,19:00,3,1,7,92,92019,1,2,1,1,1
202300050430,15,2,2023,09:50,1,1,3,69,69259,2,7,2,1,1
202300050430,15,2,2023,09:50,1,1,3,69,69259,2,7,2,1,1
202300050431,13,6,2023,10:45,1,1,2,93,93050,2,3,3,1,1
202300050432,14,2,2023,13:20,1,1,7,67,67218,2,4,3,1,1
202300050433,6,1,2023,07:30,3,1,2,78,78423,1,2,-1,1,1
202300050434,27,9,2023,18:45,1,1,3,60,60057,2,4,2,1,1
202300050434,27,9,2023,18:45,1,1,3,60,60057,2,4,2,1,1
202300050435,17,7,2023,05:50,2,1,1,34,34199,1,3,2,1,1
202300050435,17,7,2023,05:50,2,1,1,34,34199,1,3,2,1,1
202300050436,12,6,2023,03:40,5,1,3,93,93032,2,3,2,1,1
202300050436,12,6,2023,03:40,5,1,3,93,93032,2,3,1,1,1
202300050437,7,1,2023,22:54,5,1,3,65,65440,2,3,1,1,1
202300050438,5,1,2023,09:15,1,1,4,78,78206,1,1,1,1,1
202300050439,13,6,2023,10:00,1,1,6,93,93029,2,3,2,1,1
202300050439,13,6,2023,10:00,1,1,6,93,93029,2,3,1,1,1
202300050440,18,7,2023,11:30,1,1,1,83,83115,2,3,2,1,1
202300050440,18,7,2023,11:30,1,1,1,83,83115,2,3,1,1,1
202300050441,15,2,2023,17:30,1,1,3,64,64445,2,4,1,1,1
202300050441,15,2,2023,17:30,1,1,3,64,64445,2,4,2,1,1
202300050442,27,9,2023,16:40,1,1,1,59,59599,2,4,2,1,1
202300050443,6,1,2023,08:30,2,2,4,95,95351,1,2,3,1,2
202300050444,15,2,2023,15:25,1,1,1,64,64122,2,4,2,1,1
202300050445,13,6,2023,16:55,1,1,3,93,93027,2,3,2,1,1
202300050446,6,1,2023,01:50,3,1,3,94,94065,1,2,-1,1,1
202300050447,10,7,2023,17:15,1,1,1,83,83099,2,4,2,1,1
202300050447,10,7,2023,17:15,1,1,1,83,83099,2,4,2,1,1
202300050448,15,2,2023,11:10,1,1,6,59,59350,2,7,2,1,1
202300050449,13,7,2023,21:10,2,1,6,06,06128,1,4,2,3,1
202300050450,10,6,2023,17:10,1,1,2,93,93013,1,4,1,2,1
202300050450,10,6,2023,17:10,1,1,2,93,93013,1,4,2,1,1
202300050451,15,2,2023,16:00,1,1,3,59,59295,2,4,2,1,1
202300050451,15,2,2023,16:00,1,1,3,59,59295,2,4,-1,1,1
202300050452,5,1,2023,18:27,1,1,3,988,98818,2,4,2,1,1
202300050452,5,1,2023,18:27,1,1,3,988,98818,2,4,2,1,1
202300050453,18,7,2023,12:30,1,1,2,13,13004,1,2,3,1,1
202300050454,14,2,2023,06:30,5,5,2,54,54547,2,4,3,1,1
202300050455,19,9,2023,16:55,1,1,6,59,59350,2,4,3,1,1
202300050455,19,9,2023,16:55,1,1,6,59,59350,2,4,3,1,1
202300050456,9,6,2023,22:00,2,1,3,93,93027,2,3,3,1,1
202300050456,9,6,2023,22:00,2,1,3,93,93027,2,3,2,1,1
202300050457,5,1,2023,01:55,5,1,6,988,98818,2,4,2,1,1
202300050457,5,1,2023,01:55,5,1,6,988,98818,2,4,2,1,1
202300050458,16,7,2023,08:15,1,1,6,26,26179,1,1,1,1,1
202300050459,5,1,2023,06:55,1,1,2,974,97407,1,2,1,1,1
202300050460,13,6,2023,18:11,1,1,3,93,93046,2,3,2,1,1
202300050460,13,6,2023,18:11,1,1,3,93,93046,2,3,1,1,1
202300050461,15,2,2023,08:25,1,1,7,51,51055,1,4,2,1,1
202300050461,15,2,2023,08:25,1,1,7,51,51055,1,4,2,1,1
202300050462,28,9,2023,17:20,1,1,3,58,58194,2,4,2,1,1
202300050462,28,9,2023,17:20,1,1,3,58,58194,2,4,1,1,1
202300050463,4,1,2023,08:50,1,2,3,973,97302,1,2,1,1,2
202300050464,13,6,2023,21:00,2,1,6,93,93010,2,4,2,1,1
202300050465,14,2,2023,14:21,1,1,2,49,49007,2,4,3,1,1
202300050466,5,1,2023,18:35,5,1,3,69,69387,2,4,1,1,2
202300050466,5,1,2023,18:35,5,1,3,69,69387,2,4,1,1,2
202300050467,22,9,2023,17:20,1,1,2,56,56260,1,2,3,1,1
202300050468,15,2,2023,18:40,5,1,1,45,45068,2,3,2,1,1
202300050469,13,6,2023,17:30,1,7,6,93,93007,2,4,1,1,1
202300050470,16,7,2023,14:30,1,1,7,68,68040,1,3,2,2,1