id_accident,jour,mois,annee,heure_minute,luminosite,meteo,type_collision,departement,commune,agglomeration,categorie_route,regime_circulation,profil_route,etat_surface
202300050471,5,1,2023,15:00,1,2,6,69,69387,2,4,1,1,2
202300050471,5,1,2023,15:00,1,2,6,69,69387,2,4,1,1,2
202300050472,15,2,2023,09:30,1,1,6,45,45208,2,4,2,1,1
202300050472,15,2,2023,09:30,1,1,6,45,45208,2,4,2,1,1
202300050473,3,1,2023,09:35,1,1,6,972,97213,2,4,2,1,1
202300050474,13,6,2023,09:30,1,1,3,93,93005,2,3,2,1,1
202300050475,14,7,2023,06:20,1,1,3,88,88136,1,3,2,2,1
202300050476,27,9,2023,07:25,1,1,6,54,54395,2,4,2,1,1
202300050476,27,9,2023,07:25,1,1,6,54,54395,2,4,2,1,1
202300050477,14,2,2023,08:50,1,1,6,37,37261,2,4,2,1,2
202300050478,4,1,2023,17:10,5,2,2,972,97213,2,3,2,3,2
202300050479,13,6,2023,17:10,1,1,3,92,92046,2,3,2,1,1
202300050479,13,6,2023,17:10,1,1,3,92,92046,2,3,1,1,1
202300050480,15,2,2023,14:55,1,1,7,35,35051,1,2,3,1,1
202300050481,18,7,2023,15:00,1,1,1,73,73256,1,3,2,2,1
202300050482,5,1,2023,18:35,3,1,6,972,97209,2,4,1,1,1
202300050483,17,7,2023,18:45,1,1,7,42,42261,1,3,2,2,1
202300050484,13,6,2023,15:10,1,1,2,92,92064,1,3,2,2,1
202300050485,5,1,2023,08:45,1,2,6,972,97209,1,3,2,2,2
202300050486,27,9,2023,15:10,1,1,3,54,54382,2,4,2,2,1
202300050486,27,9,2023,15:10,1,1,3,54,54382,2,4,2,1,1
202300050487,15,2,2023,06:55,5,1,3,35,35238,2,4,2,1,1
202300050487,15,2,2023,06:55,5,1,3,35,35238,2,4,2,1,1
202300050488,13,7,2023,08:05,1,1,6,17,17219,2,3,2,1,1
202300050488,13,7,2023,08:05,1,1,6,17,17219,2,3,2,1,1
202300050489,5,1,2023,12:55,1,2,3,69,69152,2,4,2,1,2
202300050489,5,1,2023,12:55,1,2,3,69,69152,2,4,2,1,2
202300050490,11,6,2023,07:45,2,1,3,92,92063,2,4,2,1,1
202300050490,11,6,2023,07:45,2,1,3,92,92063,2,4,2,1,1
202300050491,15,2,2023,19:05,5,1,2,31,31555,2,1,2,1,1
202300050492,5,1,2023,06:40,5,2,6,69,69389,2,7,2,2,2
202300050493,17,7,2023,11:45,1,1,3,85,85113,2,4,2,1,1
202300050493,17,7,2023,11:45,1,1,3,85,85113,2,4,2,-1,1
202300050494,27,9,2023,21:05,5,1,2,50,50129,2,4,1,1,1
202300050494,27,9,2023,21:05,5,1,2,50,50129,2,4,1,1,1
202300050495,5,1,2023,17:25,2,1,6,2B,2B033,2,4,2,1,1
202300050496,12,6,2023,16:35,1,1,3,92,92051,2,4,1,1,1
202300050496,12,6,2023,16:35,1,1,3,92,92051,2,4,2,1,1
202300050497,15,2,2023,14:00,1,1,5,31,31555,2,7,2,1,1
202300050497,15,2,2023,14:00,1,1,5,31,31555,2,7,2,1,1
202300050498,18,7,2023,16:45,1,1,2,80,80442,1,3,2,1,1
202300050499,13,6,2023,12:30,1,1,3,92,92012,2,4,2,1,1
202300050500,3,1,2023,12:50,1,1,3,971,97107,1,4,2,1,1
202300050500,3,1,2023,12:50,1,1,3,971,97107,1,4,2,1,1
202300050501,13,6,2023,13:10,1,1,6,92,92004,2,3,-1,1,1
202300050502,16,7,2023,23:45,5,1,3,59,59051,2,4,2,1,1
202300050502,16,7,2023,23:45,5,1,3,59,59051,2,4,2,1,1
202300050503,15,2,2023,19:30,5,1,1,30,30007,2,4,2,1,1
202300050504,4,1,2023,18:40,5,2,2,87,87085,2,4,2,2,2
202300050505,26,9,2023,17:00,1,1,3,50,50129,2,4,2,2,1
202300050505,26,9,2023,17:00,1,1,3,50,50129,2,4,1,4,1
202300050506,14,2,2023,15:10,1,1,6,29,29232,2,3,2,1,1
202300050507,13,6,2023,15:25,1,1,6,92,92002,2,3,2,2,1
202300050507,13,6,2023,15:25,1,1,6,92,92002,2,3,2,1,1
202300050508,4,1,2023,18:20,2,1,3,83,83069,2,4,2,1,1
202300050509,17,7,2023,05:10,3,1,7,83,83035,1,1,3,1,1
202300050510,3,1,2023,05:50,5,2,6,78,78314,2,3,3,1,2
202300050511,15,2,2023,09:15,1,5,3,27,27701,1,3,-1,4,1
202300050511,15,2,2023,09:15,1,5,3,27,27701,1,3,1,1,1
202300050512,28,9,2023,12:30,1,1,3,49,49007,2,4,2,1,1
202300050512,28,9,2023,12:30,1,1,3,49,49007,2,4,2,1,1
202300050513,14,6,2023,13:45,1,1,3,38,38160,1,4,2,1,1
202300050514,17,7,2023,18:10,1,1,4,33,33013,1,2,3,1,1
202300050515,15,2,2023,19:55,5,1,7,17,17300,2,4,2,4,1
202300050516,28,9,2023,22:30,5,1,3,45,45284,2,4,2,1,1
202300050517,14,2,2023,18:10,1,1,6,14,14059,2,3,2,3,1
202300050518,13,6,2023,13:25,1,1,3,86,86128,2,3,2,1,1
202300050518,13,6,2023,13:25,1,1,3,86,86128,2,3,-1,1,1
202300050519,13,7,2023,13:15,1,1,3,62,62274,1,1,-1,1,1
202300050520,15,2,2023,18:40,5,1,7,13,13209,2,4,2,1,1
202300050521,14,6,2023,08:55,1,1,6,80,80809,1,1,1,1,1
202300050522,24,9,2023,17:10,1,1,6,44,44132,2,4,1,1,1
202300050523,5,1,2023,08:00,5,2,7,77,77132,1,4,1,2,2
202300050524,17,7,2023,17:20,1,1,4,91,91064,1,2,3,2,1
202300050525,14,6,2023,11:20,1,7,3,68,68366,1,3,2,1,1
202300050526,27,9,2023,18:15,1,1,6,43,43089,2,4,2,2,1
202300050527,14,2,2023,16:45,1,1,1,13,13212,2,4,2,1,1
202300050528,5,1,2023,19:00,5,1,1,73,73008,2,4,1,1,1
202300050528,5,1,2023,19:00,5,1,1,73,73008,2,4,-1,2,1
202300050529,4,6,2023,16:00,1,1,7,42,42008,1,3,2,1,1
202300050530,17,7,2023,17:15,1,1,3,94,94021,1,1,1,1,1
202300050531,14,2,2023,11:50,1,1,6,13,13207,2,4,2,1,1
202300050532,28,9,2023,17:40,1,1,7,41,41018,2,4,1,1,1
202300050533,15,2,2023,09:30,1,1,1,13,13001,2,4,2,1,1
202300050534,17,7,2023,14:15,1,1,2,91,91228,1,1,1,1,1
202300050535,14,6,2023,18:10,1,7,3,59,59653,1,7,2,1,1
202300050536,5,1,2023,09:05,1,2,7,72,72181,2,4,2,1,2
202300050537,12,2,2023,19:30,3,1,6,12,12013,1,3,2,2,1
202300050538,14,6,2023,01:40,3,1,7,41,41171,1,3,2,1,1
202300050539,4,1,2023,18:20,5,2,6,72,72181,2,4,3,1,2
202300050540,17,7,2023,14:25,1,1,4,91,91174,1,2,1,1,1
202300050541,28,9,2023,15:40,1,1,3,41,41295,1,3,3,1,1
202300050542,16,2,2023,07:30,2,1,2,75,75112,2,4,1,1,1
202300050543,4,1,2023,14:10,1,1,7,72,72181,2,4,2,1,2
202300050544,13,6,2023,14:15,1,1,7,57,57382,1,3,2,2,1
202300050545,4,1,2023,12:05,1,1,1,72,72181,2,4,2,1,2
202300050546,17,7,2023,00:49,3,1,2,91,91689,1,1,1,1,1
202300050547,15,2,2023,13:50,1,1,3,75,75120,2,4,2,2,1
202300050547,15,2,2023,13:50,1,1,3,75,75120,2,4,1,1,1
202300050548,14,6,2023,12:40,1,1,1,56,56036,1,3,2,1,1
202300050549,13,6,2023,15:22,1,7,7,76,76156,1,3,2,1,1
202300050550,22,9,2023,17:20,1,3,1,38,38053,2,4,2,1,2
202300050551,5,1,2023,13:10,1,1,2,64,64269,1,3,2,2,1
202300050552,17,7,2023,00:49,4,1,7,91,91689,1,1,1,1,1
202300050553,16,2,2023,17:45,5,1,3,75,75119,2,4,1,1,1
202300050553,16,2,2023,17:45,5,1,3,75,75119,2,4,1,1,1
202300050554,5,1,2023,11:50,1,1,2,64,64102,2,4,1,1,1
202300050555,17,7,2023,17:00,1,1,6,92,92064,1,1,-1,1,1
202300050556,14,6,2023,14:30,1,3,3,2B,2B126,1,2,2,1,2
202300050557,16,2,2023,01:30,5,1,3,75,75118,2,4,3,1,1
202300050557,16,2,2023,01:30,5,1,3,75,75118,2,4,1,1,1
202300050558,2,1,2023,20:44,5,1,6,14,14035,2,3,2,1,1
202300050559,28,9,2023,13:50,1,1,3,37,37122,2,4,2,1,1
202300050559,28,9,2023,13:50,1,1,3,37,37122,2,4,2,1,1
202300050560,4,1,2023,13:45,1,1,2,64,64102,2,3,3,3,1
202300050561,16,2,2023,19:00,5,1,6,75,75117,2,4,-1,1,1
202300050562,16,7,2023,21:35,2,1,6,93,93050,2,4,2,1,1
202300050562,16,7,2023,21:35,2,1,6,93,93050,2,4,1,1,1
202300050563,28,9,2023,08:05,1,1,3,37,37261,2,4,1,1,1
202300050563,28,9,2023,08:05,1,1,3,37,37261,2,4,2,1,1
202300050564,4,1,2023,16:12,1,1,3,63,63113,2,4,2,1,1
202300050564,4,1,2023,16:12,1,1,3,63,63113,2,4,2,1,1
202300050565,14,6,2023,16:35,1,1,3,49,49069,1,3,2,1,1
202300050565,14,6,2023,16:35,1,1,3,49,49069,1,3,2,1,1
202300050566,16,2,2023,17:15,1,1,3,75,75115,2,4,1,1,1
202300050566,16,2,2023,17:15,1,1,3,75,75115,2,4,1,1,1
202300050567,3,1,2023,10:40,1,1,6,63,63113,2,7,3,1,1
202300050568,28,9,2023,12:35,1,1,3,35,35238,2,4,-1,1,1
202300050569,5,1,2023,15:05,1,2,6,59,59599,2,4,2,1,2
202300050570,8,6,2023,18:25,1,1,5,49,49218,1,3,2,1,1
202300050571,16,2,2023,08:00,1,1,3,75,75115,2,4,2,1,1
202300050572,16,7,2023,05:30,3,8,5,69,69259,2,7,3,1,1
202300050573,5,1,2023,15:00,1,2,3,59,59512,2,7,-1,1,2
202300050574,28,9,2023,07:25,5,1,1,35,35238,2,4,2,1,1
202300050575,16,7,2023,05:15,2,1,7,976,97611,2,2,2,1,1
202300050576,15,2,2023,13:00,1,1,6,75,75114,2,4,1,1,1
202300050576,15,2,2023,13:00,1,1,6,75,75114,2,4,2,1,1
202300050577,4,1,2023,17:45,5,2,1,59,59365,2,3,2,1,2
202300050578,14,6,2023,12:00,1,1,3,49,49345,1,3,2,1,1
202300050578,14,6,2023,12:00,1,1,3,49,49345,1,3,2,1,1
202300050579,27,9,2023,15:30,1,1,1,34,34172,1,3,2,1,1
202300050580,15,7,2023,22:00,3,1,1,973,97302,2,4,-1,1,1
202300050580,15,7,2023,22:00,3,1,1,973,97302,2,4,2,1,1
202300050581,16,2,2023,07:50,1,1,3,75,75113,2,4,2,1,1
202300050581,16,2,2023,07:50,1,1,3,75,75113,2,4,2,1,1
202300050582,4,1,2023,18:35,3,2,2,59,59588,2,3,3,1,2
202300050583,13,6,2023,20:15,1,1,1,47,47288,1,3,2,1,2
202300050584,16,2,2023,17:55,2,1,3,75,75112,2,4,2,1,1
202300050585,16,7,2023,06:00,1,1,3,2B,2B120,1,2,2,3,1
202300050586,10,6,2023,05:34,2,1,2,86,86113,1,2,3,1,1
202300050587,3,1,2023,16:30,1,1,1,59,59183,2,3,2,1,1
202300050587,3,1,2023,16:30,1,1,1,59,59183,2,3,2,1,1
202300050588,27,9,2023,15:40,1,1,6,34,34129,2,3,2,1,1
202300050589,16,2,2023,14:10,1,1,6,75,75109,2,4,1,1,1
202300050589,16,2,2023,14:10,1,1,6,75,75109,2,4,1,1,1
202300050590,15,7,2023,20:10,5,1,3,971,97101,1,3,3,1,1
202300050591,4,1,2023,18:00,5,2,6,57,57631,2,3,1,1,2
202300050592,13,6,2023,16:25,1,1,3,68,68349,2,4,2,1,1
202300050592,13,6,2023,16:25,1,1,3,68,68349,2,4,2,1,1
202300050593,27,9,2023,10:00,1,1,6,34,34172,2,4,1,2,1
202300050594,5,1,2023,09:45,1,1,6,54,54300,2,4,2,1,1
202300050595,15,2,2023,20:35,5,1,3,75,75109,2,4,4,1,1
202300050595,15,2,2023,20:35,5,1,3,75,75109,2,4,1,1,1
202300050596,12,6,2023,10:15,1,1,6,39,39368,2,4,2,1,1
202300050597,15,7,2023,17:50,1,1,6,971,97101,1,3,2,1,1
202300050597,15,7,2023,17:50,1,1,6,971,97101,1,3,2,1,1
202300050598,5,1,2023,08:55,1,8,7,54,54274,2,4,2,1,2
202300050599,16,2,2023,19:48,2,1,6,75,75108,2,4,1,1,1
202300050599,16,2,2023,19:48,2,1,6,75,75108,2,4,1,2,1
202300050600,14,6,2023,07:40,1,1,3,39,39434,1,2,2,1,1
202300050600,14,6,2023,07:40,1,1,3,39,39434,1,2,2,1,1
202300050601,27,9,2023,19:50,5,1,2,34,34032,2,4,2,2,1
202300050602,5,1,2023,07:40,2,2,6,54,54395,2,4,1,1,2
202300050602,5,1,2023,07:40,2,2,6,54,54395,2,4,1,1,2
202300050603,16,2,2023,06:57,5,1,6,75,75108,2,4,2,2,1
202300050603,16,2,2023,06:57,5,1,6,75,75108,2,4,1,1,1
202300050604,12,6,2023,18:38,1,1,7,44,44021,1,3,2,1,1
202300050605,5,1,2023,19:00,3,2,7,54,54254,1,2,3,1,2
202300050606,15,7,2023,14:40,1,1,5,95,95306,2,3,3,1,1
202300050606,15,7,2023,14:40,1,1,5,95,95306,2,3,3,1,1
202300050607,28,9,2023,23:00,5,1,3,33,33063,2,4,2,1,1
202300050608,16,7,2023,16:35,1,1,6,83,83126,2,6,-1,1,1
202300050609,15,2,2023,21:19,5,1,3,75,75108,2,4,2,1,1
202300050609,15,2,2023,21:19,5,1,3,75,75108,2,4,2,1,1
202300050610,5,1,2023,07:50,5,1,3,54,54382,2,3,2,1,1
202300050610,5,1,2023,07:50,5,1,3,54,54382,2,3,2,2,1
202300050611,13,6,2023,17:45,1,1,2,35,35040,1,3,2,1,1
202300050611,13,6,2023,17:45,1,1,2,35,35040,1,3,2,1,1
202300050612,16,2,2023,16:37,1,1,6,75,75107,2,4,2,1,1
202300050612,16,2,2023,16:37,1,1,6,75,75107,2,4,1,1,1
202300050613,16,7,2023,02:35,5,1,3,83,83061,2,4,2,1,1
202300050613,16,7,2023,02:35,5,1,3,83,83061,2,4,1,1,1
202300050614,28,9,2023,18:04,1,1,3,33,33063,2,4,2,1,1
202300050614,28,9,2023,18:04,1,1,3,33,33063,2,4,2,1,1
202300050615,13,6,2023,17:50,1,1,3,29,29037,1,3,4,1,1
202300050615,13,6,2023,17:50,1,1,3,29,29037,1,3,2,1,1
202300050616,4,1,2023,16:02,1,1,1,54,54323,2,3,-1,1,1
202300050616,4,1,2023,16:02,1,1,1,54,54323,2,3,2,1,1
202300050617,16,7,2023,01:10,5,1,6,77,77373,2,4,1,1,1
202300050618,28,9,2023,12:55,1,1,6,31,31555,2,4,1,1,1
202300050619,13,6,2023,21:00,3,1,7,02,02053,1,4,2,4,9
202300050620,11,2,2023,10:15,1,1,3,75,75101,2,4,1,1,1
202300050620,11,2,2023,10:15,1,1,3,75,75101,2,4,2,1,1
202300050621,5,1,2023,18:43,5,2,6,51,51454,2,4,2,1,2
202300050622,16,7,2023,08:00,1,1,6,77,77216,1,3,2,1,1
202300050623,4,1,2023,20:10,5,2,6,50,50129,2,3,3,4,2
202300050624,15,2,2023,21:45,5,1,7,75,75101,2,4,2,1,1
202300050624,15,2,2023,21:45,5,1,7,75,75101,2,4,1,1,1
202300050625,14,6,2023,18:15,1,1,3,72,72228,1,4,2,1,1
202300050626,16,7,2023,15:25,1,1,6,64,64125,2,3,2,2,1
202300050627,4,1,2023,12:20,1,1,3,49,49099,2,4,1,1,1
202300050627,4,1,2023,12:20,1,1,3,49,49099,2,4,2,2,1
202300050628,15,2,2023,19:05,5,1,6,75,75101,2,4,1,1,1
202300050628,15,2,2023,19:05,5,1,6,75,75101,2,4,2,1,1
202300050629,28,9,2023,13:15,1,1,6,26,26198,1,2,2,1,1
202300050630,16,7,2023,18:00,1,1,3,63,63113,2,7,3,1,1
202300050630,16,7,2023,18:00,1,1,3,63,63113,2,7,3,1,1
202300050631,4,1,2023,15:45,1,2,3,49,49007,2,4,2,1,2
202300050632,13,6,2023,16:47,1,7,1,45,45179,1,3,2,1,1
202300050633,16,2,2023,13:42,1,1,3,94,94081,2,3,1,1,1
202300050633,16,2,2023,13:42,1,1,3,94,94081,2,3,2,1,1
202300050634,28,9,2023,08:30,1,1,3,25,25388,2,3,1,1,1
202300050634,28,9,2023,08:30,1,1,3,25,25388,2,3,2,1,1
202300050635,15,7,2023,14:30,1,1,3,62,62193,2,3,1,1,1
202300050635,15,7,2023,14:30,1,1,3,62,62193,2,3,3,1,1
202300050636,13,6,2023,12:30,1,2,7,64,64120,1,3,2,2,2
202300050637,5,1,2023,08:30,1,2,3,37,37261,2,4,1,2,2
202300050637,5,1,2023,08:30,1,2,3,37,37261,2,4,2,1,2
202300050638,16,2,2023,17:25,1,1,3,92,92007,2,3,-1,1,1
202300050639,28,9,2023,08:50,1,1,7,70,70285,1,2,3,1,1
202300050640,16,7,2023,16:20,1,1,6,59,59588,1,4,-1,1,9
202300050641,5,1,2023,08:00,2,2,2,37,37050,1,3,2,1,2
202300050642,5,6,2023,19:35,1,1,7,18,18172,2,4,2,1,1
202300050642,5,6,2023,19:35,1,1,7,18,18172,2,4,-1,1,1
202300050643,16,2,2023,18:00,2,1,6,94,94060,2,4,2,1,1
202300050644,29,9,2023,02:05,3,1,6,22,22278,2,4,1,1,1
202300050645,5,1,2023,07:40,5,2,3,37,37261,2,4,1,1,2
202300050646,27,9,2023,23:15,5,1,6,21,21054,2,4,1,1,1
202300050647,13,6,2023,18:00,2,1,3,21,21341,1,3,2,1,1
202300050647,13,6,2023,18:00,2,1,3,21,21341,1,3,2,1,1
202300050648,16,7,2023,14:05,1,1,5,56,56098,2,4,2,1,1
202300050649,14,2,2023,07:00,2,5,3,94,94059,2,3,2,1,1
202300050650,4,1,2023,01:35,5,1,6,37,37261,2,4,2,1,2
202300050651,14,6,2023,04:30,3,2,6,40,40168,1,3,2,1,2
202300050652,16,7,2023,11:55,1,8,3,56,56121,2,4,2,1,2
202300050652,16,7,2023,11:55,1,8,3,56,56121,2,4,2,1,2
202300050653,5,1,2023,12:48,1,1,3,33,33032,2,4,2,1,1
202300050654,16,2,2023,16:20,1,1,3,93,93073,2,4,2,1,1
202300050654,16,2,2023,16:20,1,1,3,93,93073,2,4,2,1,1
202300050655,27,9,2023,12:05,1,1,2,18,18279,2,4,2,1,1
202300050656,5,1,2023,07:40,3,8,6,33,33063,2,4,3,1,2
202300050657,16,7,2023,09:50,1,1,3,56,56162,2,4,2,1,1
202300050657,16,7,2023,09:50,1,1,3,56,56162,2,4,2,1,1
202300050658,14,6,2023,01:30,4,1,6,08,08302,2,3,2,2,1
202300050659,16,2,2023,21:10,5,2,6,93,93046,2,3,3,1,2
202300050659,16,2,2023,21:10,5,2,6,93,93046,2,3,2,1,2
202300050660,28,9,2023,10:53,1,1,3,17,17461,2,4,2,2,1
202300050661,5,1,2023,07:40,2,1,2,31,31555,2,7,2,1,1
202300050662,13,6,2023,16:02,1,1,7,88,88389,1,3,2,1,1
202300050663,5,1,2023,13:03,1,8,6,29,29039,2,4,2,1,1
202300050664,14,7,2023,13:56,1,1,5,54,54263,2,3,2,2,1
202300050665,16,2,2023,14:55,1,1,6,93,93046,2,3,3,1,1
202300050665,16,2,2023,14:55,1,1,6,93,93046,2,3,2,1,1
202300050666,28,9,2023,18:50,1,1,3,17,17291,1,2,3,1,1
202300050667,14,7,2023,19:40,1,3,7,50,50218,2,4,1,1,2
202300050668,8,6,2023,07:10,1,1,3,67,67471,2,4,2,1,1
202300050668,8,6,2023,07:10,1,1,3,67,67471,2,4,2,1,1
202300050669,28,9,2023,08:50,1,1,6,13,13117,2,3,2,1,1
202300050670,16,2,2023,13:34,1,1,6,93,93031,2,3,2,1,1
202300050670,16,2,2023,13:34,1,1,6,93,93031,2,3,2,1,1
202300050671,15,7,2023,17:40,1,1,6,48,48095,1,3,2,4,1
202300050672,13,6,2023,07:09,1,1,6,11,11379,1,1,3,1,1
202300050673,4,1,2023,07:45,5,2,3,21,21054,2,4,2,1,2
202300050674,16,7,2023,22:40,3,1,2,45,45284,1,3,3,1,1
202300050675,16,2,2023,07:50,1,1,6,93,93031,2,3,2,1,1
202300050675,16,2,2023,07:50,1,1,6,93,93031,2,3,2,1,1
202300050676,28,9,2023,11:28,1,1,4,13,13005,2,3,2,1,1
202300050677,13,6,2023,16:45,1,7,6,971,97115,2,3,2,1,1
202300050678,16,7,2023,01:45,5,1,2,45,45234,2,4,2,1,1
202300050679,14,6,2023,12:15,1,1,6,2A,2A247,1,3,2,1,1
202300050680,5,1,2023,18:20,5,1,4,13,13103,2,3,2,1,1
202300050681,28,9,2023,17:55,1,1,3,11,11069,2,4,1,1,1
202300050681,28,9,2023,17:55,1,1,3,11,11069,2,4,1,1,1
202300050682,15,2,2023,17:10,1,1,3,93,93031,2,3,2,1,1
202300050682,15,2,2023,17:10,1,1,3,93,93031,2,3,3,1,1
202300050683,27,9,2023,19:06,1,1,7,10,10333,2,4,1,1,1
202300050684,12,6,2023,10:00,1,1,6,83,83071,2,4,1,1,1
202300050685,5,1,2023,15:15,1,1,1,13,13204,2,4,2,1,1
202300050685,5,1,2023,15:15,1,1,1,13,13204,2,4,1,1,1
202300050686,16,2,2023,08:55,1,1,3,93,93027,2,3,2,1,1
202300050687,27,9,2023,08:20,1,1,6,10,10333,2,4,1,1,1
202300050687,27,9,2023,08:20,1,1,6,10,10333,2,4,1,1,1
202300050688,16,7,2023,09:30,1,1,3,34,34301,2,4,1,1,1
202300050688,16,7,2023,09:30,1,1,3,34,34301,2,4,1,1,1
202300050689,14,6,2023,17:15,1,1,7,05,05065,1,3,2,2,9
202300050690,15,2,2023,06:30,5,1,6,93,93013,2,4,1,1,1
202300050691,27,9,2023,09:50,1,1,3,06,06088,2,4,4,1,1
202300050691,27,9,2023,09:50,1,1,3,06,06088,2,4,1,1,1
202300050692,14,6,2023,20:00,1,1,3,13,13066,2,3,1,1,1
202300050693,4,1,2023,17:20,5,1,5,13,13214,2,4,3,1,1
202300050694,16,7,2023,19:10,1,1,3,34,34003,2,4,-1,1,1
202300050694,16,7,2023,19:10,1,1,3,34,34003,2,4,-1,1,1
202300050695,15,2,2023,21:50,3,1,6,93,93008,2,3,3,1,1
202300050696,5,1,2023,12:50,1,1,7,13,13005,1,3,2,4,6
202300050697,18,9,2023,20:20,1,1,3,06,06069,2,4,2,1,1
202300050698,13,6,2023,16:30,1,9,2,38,38298,1,1,1,2,1
202300050699,16,2,2023,13:15,1,1,3,92,92062,2,4,1,1,1
202300050700,16,7,2023,13:00,1,1,1,33,33550,2,4,2,1,1
202300050700,16,7,2023,13:00,1,1,1,33,33550,2,4,2,1,1
202300050700,16,7,2023,13:00,1,1,1,33,33550,2,4,2,1,1
202300050701,4,1,2023,16:36,1,1,6,11,11262,2,4,3,1,1
202300050702,27,9,2023,19:16,1,1,3,06,06004,2,3,2,1,1
202300050703,13,6,2023,17:20,1,1,1,70,70014,2,2,2,1,1
202300050704,27,9,2023,06:00,5,1,6,05,05061,2,4,-1,4,1
202300050705,16,2,2023,14:50,1,7,2,92,92024,2,4,1,1,1
202300050706,4,1,2023,18:00,5,2,3,10,10387,2,4,2,1,2
202300050707,16,7,2023,23:25,5,1,3,31,31555,2,7,2,1,1
202300050707,16,7,2023,23:25,5,1,3,31,31555,2,7,2,1,1
202300050708,4,1,2023,01:56,5,2,6,10,10362,2,3,2,1,2
202300050709,16,7,2023,08:15,1,1,2,31,31555,1,1,1,1,1
202300050710,28,9,2023,16:55,1,1,5,75,75116,2,4,1,1,1
202300050711,15,2,2023,20:00,5,1,3,92,92024,2,3,1,1,1
202300050711,15,2,2023,20:00,5,1,3,92,92024,2,3,1,1,1
202300050712,15,7,2023,17:30,1,1,6,27,27375,1,3,-1,2,1
202300050713,2,6,2023,14:38,1,1,2,31,31458,1,3,3,1,1
202300050714,15,2,2023,20:55,5,1,1,92,92023,2,3,1,1,1
202300050715,4,1,2023,13:50,1,1,3,75,75116,2,4,1,1,1
202300050716,28,9,2023,12:30,1,1,4,75,75114,2,4,1,1,1
202300050717,16,7,2023,06:21,1,1,3,14,14118,2,4,2,1,1
202300050717,16,7,2023,06:21,1,1,3,14,14118,2,4,2,1,1
202300050718,16,2,2023,08:45,1,1,6,92,92071,2,3,3,2,1
202300050719,14,6,2023,11:40,1,7,2,27,27322,1,3,2,1,1
202300050719,14,6,2023,11:40,1,7,2,27,27322,1,3,2,1,1
202300050720,5,1,2023,09:25,1,8,6,75,75117,2,4,1,2,2
202300050721,16,7,2023,09:10,1,1,5,13,13208,2,4,1,1,1
202300050722,28,9,2023,12:00,1,1,2,75,75119,2,4,1,1,1
202300050723,16,2,2023,21:37,5,1,7,92,92002,2,3,3,1,1
202300050723,16,2,2023,21:37,5,1,7,92,92002,2,3,-1,1,1
202300050724,4,1,2023,14:45,1,2,6,75,75105,2,4,1,1,2
202300050724,4,1,2023,14:45,1,2,6,75,75105,2,4,1,2,2
202300050725,28,9,2023,10:45,1,1,2,75,75119,2,4,1,1,1
202300050726,14,6,2023,10:10,1,1,1,76,76055,1,3,2,1,1
202300050726,14,6,2023,10:10,1,1,1,76,76055,1,3,2,1,1
202300050727,16,2,2023,14:25,1,1,3,92,92002,2,4,2,1,1
202300050728,16,7,2023,08:30,1,1,5,13,13209,2,4,2,3,1
202300050728,16,7,2023,08:30,1,1,5,13,13209,2,4,2,2,1
202300050729,4,1,2023,23:10,5,2,2,75,75116,2,4,3,1,2
202300050730,16,2,2023,11:26,1,2,7,08,08499,1,3,2,2,2
202300050731,27,9,2023,21:25,5,1,3,75,75116,2,4,-1,1,1
202300050731,27,9,2023,21:25,5,1,3,75,75116,2,4,1,1,1
202300050732,14,6,2023,08:40,1,1,3,60,60612,2,3,2,2,1
202300050732,14,6,2023,08:40,1,1,3,60,60612,2,3,2,1,1
202300050733,16,7,2023,08:45,1,1,7,13,13001,2,4,1,1,1
202300050733,16,7,2023,08:45,1,1,7,13,13001,2,4,1,1,1
202300050734,16,2,2023,21:35,3,1,2,24,24449,1,3,2,1,1
202300050735,5,1,2023,15:15,1,2,3,75,75114,2,4,1,1,2
202300050736,27,9,2023,11:55,1,1,3,75,75120,2,4,2,2,1
202300050736,27,9,2023,11:55,1,1,3,75,75120,2,4,2,2,1
202300050737,13,2,2023,17:50,2,1,1,49,49192,2,3,2,2,1
202300050738,5,1,2023,18:10,5,2,6,75,75110,2,4,1,1,2
202300050738,5,1,2023,18:10,5,2,6,75,75110,2,4,2,1,2
202300050739,16,7,2023,19:30,1,1,4,09,09122,1,2,3,1,1
202300050740,14,6,2023,16:30,1,1,6,80,80561,2,3,2,1,1
202300050741,27,9,2023,00:10,5,1,3,75,75120,2,4,-1,1,1
202300050741,27,9,2023,00:10,5,1,3,75,75120,2,4,2,1,1
202300050742,16,7,2023,17:25,1,1,3,06,06088,2,4,2,2,1
202300050743,5,1,2023,18:20,5,2,3,75,75108,2,4,1,1,2
202300050743,5,1,2023,18:20,5,2,3,75,75108,2,4,1,1,2
202300050744,17,2,2023,11:00,1,1,5,42,42120,1,3,2,4,1
202300050744,17,2,2023,11:00,1,1,5,42,42120,1,3,2,3,1
202300050745,13,6,2023,22:50,3,1,7,59,59303,1,4,2,1,1
202300050746,16,7,2023,01:00,5,1,6,06,06088,2,4,3,1,1
202300050747,28,9,2023,13:38,1,1,6,75,75119,2,4,2,1,1
202300050747,28,9,2023,13:38,1,1,6,75,75119,2,4,1,1,1
202300050748,17,2,2023,12:00,1,1,1,974,97405,1,2,2,2,1
202300050749,12,6,2023,22:10,3,1,2,13,13085,1,1,1,1,1