id_accident,jour,mois,annee,heure_minute,luminosite,meteo,type_collision,departement,commune,agglomeration,categorie_route,regime_circulation,profil_route,etat_surface
202300050750,15,7,2023,07:45,1,1,6,06,06088,2,4,2,1,1
202300050751,5,1,2023,18:05,5,2,6,75,75102,2,4,2,1,2
202300050751,5,1,2023,18:05,5,2,6,75,75102,2,4,1,1,2
202300050752,28,9,2023,09:20,1,1,2,75,75119,2,4,2,1,1
202300050752,28,9,2023,09:20,1,1,2,75,75119,2,4,2,1,1
202300050753,12,2,2023,17:10,1,7,1,63,63004,1,3,2,2,1
202300050754,15,7,2023,09:55,1,1,2,75,75119,2,4,1,1,1
202300050755,5,1,2023,04:15,5,1,2,75,75104,2,4,1,1,2
202300050755,5,1,2023,04:15,5,1,2,75,75104,2,4,1,1,2
202300050756,28,9,2023,05:40,5,1,3,75,75118,2,4,2,2,1
202300050756,28,9,2023,05:40,5,1,3,75,75118,2,4,1,2,1
202300050757,15,2,2023,16:30,1,1,3,46,46197,1,3,3,1,1
202300050758,7,6,2023,18:30,1,1,4,13,13071,1,1,1,1,1
202300050759,15,6,2023,14:40,1,1,7,75,75119,2,4,1,1,1
202300050759,15,6,2023,14:40,1,1,7,75,75119,2,4,1,1,1
202300050760,4,1,2023,10:24,1,2,3,75,75104,2,4,1,1,2
202300050760,4,1,2023,10:24,1,2,3,75,75104,2,4,1,1,2
202300050761,16,2,2023,23:00,3,1,6,42,42158,1,3,2,2,1
202300050762,28,9,2023,12:00,1,1,2,75,75117,2,4,2,1,1
202300050762,28,9,2023,12:00,1,1,2,75,75117,2,4,1,1,1
202300050763,16,7,2023,19:45,1,1,3,75,75119,2,4,2,1,1
202300050763,16,7,2023,19:45,1,1,3,75,75119,2,4,2,1,1
202300050764,9,2,2023,16:30,1,1,6,38,38105,2,3,2,1,1
202300050765,13,6,2023,09:28,1,1,5,33,33013,1,2,3,1,1
202300050766,5,1,2023,19:40,3,1,6,94,94081,2,4,2,1,1
202300050767,16,7,2023,13:10,1,1,2,75,75112,2,4,3,1,1
202300050767,16,7,2023,13:10,1,1,2,75,75112,2,4,1,1,1
202300050768,17,2,2023,09:30,1,2,2,08,08402,1,1,3,1,2
202300050769,13,6,2023,17:15,1,1,3,91,91340,1,2,3,1,1
202300050770,28,9,2023,11:15,1,1,3,75,75117,2,4,1,1,1
202300050770,28,9,2023,11:15,1,1,3,75,75117,2,4,1,1,1
202300050771,5,1,2023,14:35,1,2,1,94,94046,2,3,2,1,2
202300050771,5,1,2023,14:35,1,2,1,94,94046,2,3,1,1,2
202300050772,15,2,2023,16:05,1,1,6,62,62541,1,3,2,1,1
202300050773,15,7,2023,21:45,5,1,2,75,75111,2,4,1,1,1
202300050773,15,7,2023,21:45,5,1,2,75,75111,2,4,-1,1,1
202300050774,27,9,2023,11:40,1,1,6,75,75115,2,4,1,1,1
202300050775,13,6,2023,09:40,1,1,2,94,94043,1,1,3,1,1
202300050776,16,2,2023,08:40,1,1,6,83,83057,1,3,2,2,1
202300050777,5,1,2023,18:22,5,2,6,93,93055,2,3,2,2,2
202300050777,5,1,2023,18:22,5,2,6,93,93055,2,3,2,2,2
202300050778,28,9,2023,12:30,1,1,6,75,75111,2,4,2,1,1
202300050778,28,9,2023,12:30,1,1,6,75,75111,2,4,1,1,1
202300050779,16,7,2023,20:15,1,1,3,75,75110,2,4,1,1,1
202300050779,16,7,2023,20:15,1,1,3,75,75110,2,4,-1,1,1
202300050780,24,1,2023,01:10,3,2,1,2B,2B096,1,2,2,2,2
202300050781,5,1,2023,16:35,1,2,6,93,93032,2,3,1,1,2
202300050781,5,1,2023,16:35,1,2,6,93,93032,2,3,2,1,2
202300050782,13,6,2023,16:55,1,1,5,78,78206,1,1,1,1,1
202300050783,28,9,2023,06:00,5,1,3,75,75111,2,4,1,1,1
202300050783,28,9,2023,06:00,5,1,3,75,75111,2,4,1,1,1
202300050784,16,7,2023,20:55,1,1,3,93,93007,2,3,3,1,1
202300050784,16,7,2023,20:55,1,1,3,93,93007,2,3,3,1,1
202300050785,16,2,2023,07:50,1,5,2,82,82112,1,3,2,1,1
202300050785,16,2,2023,07:50,1,5,2,82,82112,1,3,2,4,1
202300050786,13,6,2023,09:15,1,1,2,92,92064,1,1,1,1,1
202300050787,4,1,2023,19:00,5,2,2,93,93001,2,3,2,1,2
202300050787,4,1,2023,19:00,5,2,2,93,93001,2,3,2,1,2
202300050788,16,7,2023,10:30,1,1,3,92,92044,2,4,1,1,1
202300050788,16,7,2023,10:30,1,1,3,92,92044,2,4,1,1,1
202300050789,27,9,2023,15:15,1,1,6,75,75111,2,4,-1,1,1
202300050789,27,9,2023,15:15,1,1,6,75,75111,2,4,1,1,1
202300050790,12,6,2023,23:30,3,1,2,78,78418,1,1,1,1,1
202300050791,16,7,2023,01:55,5,1,6,92,92024,2,4,1,1,1
202300050792,5,1,2023,08:05,2,1,6,92,92020,2,3,2,1,2
202300050792,5,1,2023,08:05,2,1,6,92,92020,2,3,3,1,2
202300050793,16,2,2023,19:25,3,1,5,82,82161,1,3,2,1,1
202300050793,16,2,2023,19:25,3,1,5,82,82161,1,3,-1,-1,-1
202300050794,28,9,2023,14:45,1,1,1,75,75109,2,4,1,1,1
202300050794,28,9,2023,14:45,1,1,1,75,75109,2,4,1,2,1
202300050795,12,6,2023,08:18,1,1,3,92,92047,1,1,-1,2,1
202300050796,5,1,2023,13:40,1,2,3,92,92040,2,4,2,1,2
202300050797,15,2,2023,20:40,5,1,3,33,33011,2,3,2,1,1
202300050798,28,9,2023,09:05,1,1,3,75,75109,2,4,1,1,1
202300050798,28,9,2023,09:05,1,1,3,75,75109,2,4,1,1,1
202300050799,6,1,2023,08:10,1,1,2,60,60036,1,2,2,1,1
202300050800,13,6,2023,17:00,1,1,2,95,95277,1,1,1,2,1
202300050801,17,2,2023,11:15,1,1,6,63,63003,2,4,2,1,1
202300050802,27,9,2023,09:15,1,1,3,75,75108,2,4,2,1,1
202300050802,27,9,2023,09:15,1,1,3,75,75108,2,4,-1,1,1
202300050803,6,1,2023,18:08,3,2,5,76,76115,1,3,2,1,2
202300050804,13,6,2023,07:10,1,1,2,93,93005,1,1,3,1,1
202300050805,12,6,2023,17:30,1,1,2,95,95572,1,2,3,1,1
202300050806,28,9,2023,14:30,1,1,2,75,75107,2,4,1,1,1
202300050806,28,9,2023,14:30,1,1,2,75,75107,2,4,1,1,1
202300050807,6,1,2023,15:55,1,8,3,25,25147,1,1,2,1,2
202300050808,17,7,2023,15:41,1,1,1,60,60191,2,3,2,1,1
202300050809,15,2,2023,20:10,3,1,2,49,49008,1,3,2,1,1
202300050809,15,2,2023,20:10,3,1,2,49,49008,1,3,2,1,1
202300050810,28,9,2023,07:30,2,1,6,94,94079,2,3,2,1,1
202300050810,28,9,2023,07:30,2,1,6,94,94079,2,3,2,1,1
202300050811,12,6,2023,15:00,1,1,3,93,93066,1,1,3,1,1
202300050812,6,1,2023,08:15,2,2,6,49,49092,1,3,3,1,2
202300050813,27,9,2023,01:04,5,1,6,93,93066,2,4,2,1,1
202300050814,6,1,2023,12:00,1,1,7,77,77141,1,1,3,1,2
202300050815,12,6,2023,10:00,1,1,4,95,95527,1,2,1,1,1
202300050816,28,9,2023,17:20,1,1,3,93,93050,2,3,2,1,1
202300050817,12,6,2023,09:15,1,1,2,93,93008,1,1,3,1,1
202300050818,28,9,2023,15:15,1,1,1,93,93049,2,3,2,1,1
202300050818,28,9,2023,15:15,1,1,1,93,93049,2,3,2,1,1
202300050819,4,1,2023,18:00,3,2,4,10,10067,1,3,2,1,2
202300050820,12,6,2023,06:30,1,1,3,95,95252,1,1,3,1,1
202300050821,28,9,2023,12:00,1,1,6,93,93079,2,3,2,1,1
202300050822,28,9,2023,15:44,1,1,6,93,93027,2,3,2,1,1
202300050823,28,9,2023,09:15,1,1,2,93,93007,2,4,1,1,1
202300050824,6,1,2023,16:23,2,8,3,74,74272,1,3,2,1,1
202300050824,6,1,2023,16:23,2,8,3,74,74272,1,3,2,1,1
202300050825,28,9,2023,08:20,1,1,6,92,92046,2,4,-1,2,2
202300050826,27,9,2023,18:48,1,1,3,92,92077,2,3,1,2,1
202300050826,27,9,2023,18:48,1,1,3,92,92077,2,3,2,1,1
202300050827,27,9,2023,13:20,1,7,2,92,92050,2,4,3,1,1
202300050828,11,6,2023,21:05,2,3,2,93,93066,1,1,3,1,2
202300050829,25,9,2023,16:30,1,8,3,92,92050,2,3,1,1,1
202300050830,6,1,2023,05:10,5,1,3,06,06095,2,3,2,2,1
202300050830,6,1,2023,05:10,5,1,3,06,06095,2,3,2,1,1
202300050831,13,6,2023,06:20,1,1,5,93,93051,1,1,3,1,1
202300050832,5,1,2023,15:01,1,1,7,06,06109,1,7,2,2,1
202300050833,28,9,2023,16:48,1,1,6,92,92044,2,4,2,1,1
202300050834,5,1,2023,16:49,1,2,6,03,03026,1,1,3,1,2
202300050835,19,2,2023,06:00,3,8,1,88,88028,1,3,2,1,2
202300050836,6,1,2023,06:10,3,1,7,04,04033,1,3,2,2,2
202300050837,28,9,2023,12:37,1,1,2,92,92044,2,4,1,1,1
202300050838,8,2,2023,07:29,1,1,6,88,88486,2,3,2,1,7
202300050839,6,1,2023,07:10,2,1,3,51,51380,1,3,2,1,8
202300050840,28,9,2023,20:34,5,1,3,92,92024,2,4,2,1,1
202300050841,29,1,2023,08:00,2,1,2,88,88447,1,3,2,1,2
202300050842,2,1,2023,18:30,3,2,3,56,56013,2,3,2,1,2
202300050843,28,1,2023,04:00,3,8,1,88,88243,2,4,2,1,1
202300050844,27,9,2023,11:00,1,1,3,92,92012,2,3,1,1,1
202300050845,5,1,2023,12:10,1,1,6,74,74096,2,3,2,1,1
202300050845,5,1,2023,12:10,1,1,6,74,74096,2,3,-1,1,1
202300050846,26,3,2023,14:50,1,1,1,43,43177,1,3,2,1,1
202300050847,29,9,2023,07:25,1,1,3,17,17408,2,3,2,1,1
202300050847,29,9,2023,07:25,1,1,3,17,17408,2,3,2,1,1
202300050848,3,1,2023,07:20,3,1,1,80,80173,1,3,2,2,1
202300050849,10,3,2023,16:20,1,1,7,43,43268,1,2,3,1,1
202300050850,28,9,2023,15:30,1,1,6,84,84137,2,6,-1,1,1
202300050851,5,1,2023,07:35,2,1,3,11,11024,1,3,2,1,1
202300050852,5,3,2023,15:30,1,1,6,13,13056,2,3,1,1,1
202300050853,27,9,2023,22:45,3,1,6,83,83130,1,1,3,1,1
202300050854,6,1,2023,19:20,4,1,3,49,49086,2,3,2,2,1
202300050854,6,1,2023,19:20,4,1,3,49,49086,2,3,2,1,1
202300050855,8,4,2023,19:00,1,1,3,57,57487,2,4,2,1,1
202300050856,16,9,2023,09:05,1,2,3,71,71448,1,1,3,1,2
202300050857,6,1,2023,14:32,1,1,3,86,86145,1,2,2,1,1
202300050857,6,1,2023,14:32,1,1,3,86,86145,1,2,2,1,1
202300050858,7,4,2023,12:50,1,1,3,93,93046,2,3,2,1,1
202300050858,7,4,2023,12:50,1,1,3,93,93046,2,3,2,1,1
202300050859,27,9,2023,20:15,3,1,1,62,62491,2,3,2,1,1
202300050860,5,1,2023,00:45,3,1,6,34,34332,1,3,-1,1,1
202300050861,29,9,2023,18:35,2,1,7,69,69260,2,4,2,1,1
202300050862,12,6,2023,07:40,1,1,6,974,97411,2,2,2,2,1
202300050862,12,6,2023,07:40,1,1,6,974,97411,2,2,1,1,1
202300050863,28,9,2023,21:00,3,1,6,51,51245,1,3,2,1,1
202300050864,5,1,2023,18:20,4,1,3,39,39078,1,3,2,1,1
202300050864,5,1,2023,18:20,4,1,3,39,39078,1,3,2,1,1
202300050864,5,1,2023,18:20,4,1,3,39,39078,1,3,2,1,1
202300050865,11,6,2023,22:30,5,1,1,973,97302,2,4,2,1,1
202300050866,5,1,2023,09:30,1,1,6,39,39013,2,3,2,1,1
202300050867,29,9,2023,05:49,2,1,1,59,59074,1,3,2,1,1
202300050868,12,6,2023,10:50,1,1,7,69,69387,2,4,1,1,1
202300050868,12,6,2023,10:50,1,1,7,69,69387,2,4,1,1,1
202300050869,5,1,2023,18:10,5,2,6,25,25157,2,2,2,1,2
202300050869,5,1,2023,18:10,5,2,6,25,25157,2,2,2,1,2
202300050870,11,6,2023,11:45,1,1,1,971,97113,2,2,2,1,1
202300050871,29,9,2023,16:30,1,1,3,59,59282,1,3,2,1,1
202300050872,6,1,2023,07:30,3,1,1,31,31396,1,3,2,1,1
202300050873,11,6,2023,06:50,1,1,3,971,97101,2,3,2,1,1
202300050874,6,1,2023,01:15,4,2,6,02,02126,2,3,2,1,2
202300050875,29,9,2023,08:50,1,1,2,65,65020,2,3,2,1,1
202300050876,12,6,2023,14:40,1,7,6,95,95280,2,4,2,2,1
202300050877,27,9,2023,13:00,1,1,6,32,32457,1,3,2,1,1
202300050878,5,1,2023,16:50,1,1,1,70,70315,2,3,2,1,2
202300050879,29,9,2023,17:40,1,1,7,71,71282,1,3,2,1,1
202300050880,12,6,2023,12:00,1,1,2,95,95197,2,4,2,1,1
202300050881,6,1,2023,07:00,5,2,3,70,70235,2,3,2,2,2
202300050881,6,1,2023,07:00,5,2,3,70,70235,2,3,2,1,2
202300050882,28,9,2023,16:30,1,1,3,71,71134,2,4,-1,2,1
202300050883,12,6,2023,08:35,1,1,4,91,91114,2,3,3,1,1
202300050884,5,1,2023,14:50,1,1,7,54,54405,2,3,2,1,1
202300050885,11,9,2023,18:50,1,1,3,61,61068,1,3,2,1,1
202300050886,6,1,2023,13:55,1,1,6,05,05170,2,3,2,1,1
202300050887,12,6,2023,12:40,1,1,3,91,91027,2,3,1,1,1
202300050887,12,6,2023,12:40,1,1,3,91,91027,2,3,2,1,1
202300050888,12,6,2023,10:56,1,1,6,91,91223,1,4,-1,1,1
202300050889,2,1,2023,16:55,2,1,5,10,10323,2,3,2,1,1
202300050890,29,9,2023,04:26,3,1,6,25,25022,1,3,2,1,1
202300050891,12,6,2023,07:50,1,1,6,88,88383,2,3,2,1,1
202300050892,4,1,2023,07:35,2,1,3,07,07122,1,3,2,1,1
202300050893,11,6,2023,05:23,3,1,6,87,87201,1,3,3,1,1
202300050894,29,9,2023,14:35,1,1,3,44,44007,1,3,2,1,1
202300050895,5,1,2023,22:40,3,1,6,60,60570,1,1,3,1,1
202300050896,28,9,2023,13:20,1,1,6,35,35143,2,3,2,1,1
202300050897,5,1,2023,18:08,5,1,4,38,38530,1,3,1,1,1
202300050898,11,6,2023,13:00,1,1,3,83,83123,1,3,2,1,1
202300050898,11,6,2023,13:00,1,1,3,83,83123,1,3,2,1,1
202300050899,28,9,2023,19:30,2,8,3,29,29020,1,3,2,3,2
202300050899,28,9,2023,19:30,2,8,3,29,29020,1,3,2,1,1
202300050900,6,1,2023,04:00,5,1,3,971,97103,2,4,2,1,1
202300050900,6,1,2023,04:00,5,1,3,971,97103,2,4,2,2,1
202300050901,28,9,2023,22:00,3,3,6,29,29176,1,4,2,1,2
202300050902,5,1,2023,11:35,1,1,3,971,97125,2,4,2,1,1
202300050903,27,9,2023,05:20,3,1,6,29,29026,1,3,2,2,1
202300050904,12,6,2023,20:00,1,1,7,77,77058,2,4,2,1,1
202300050905,25,9,2023,15:30,1,1,6,31,31110,1,3,2,2,1
202300050906,4,1,2023,21:45,5,1,3,971,97125,1,2,2,1,1
202300050906,4,1,2023,21:45,5,1,3,971,97125,1,2,2,4,1
202300050907,9,6,2023,22:25,1,1,6,76,76351,2,4,2,1,1
202300050908,5,1,2023,02:21,3,2,7,977,97701,2,2,2,2,2
202300050909,11,6,2023,19:00,1,1,3,72,72181,2,4,3,1,1
202300050910,6,1,2023,08:50,1,8,3,29,29233,2,4,1,1,2
202300050911,27,9,2023,13:15,1,1,5,03,03093,1,3,2,1,1
202300050911,27,9,2023,13:15,1,1,5,03,03093,1,3,2,2,1
202300050912,6,1,2023,08:15,2,2,6,91,91200,2,3,2,1,2
202300050913,11,6,2023,18:56,1,3,7,71,71270,2,3,1,1,2
202300050914,28,9,2023,17:55,2,7,6,03,03092,1,3,2,1,1
202300050915,5,1,2023,11:45,1,1,6,34,34344,2,4,3,1,1
202300050916,28,9,2023,16:30,1,1,3,26,26345,2,3,2,1,1
202300050917,5,1,2023,19:34,3,1,6,06,06077,2,3,2,2,1
202300050918,27,9,2023,19:00,2,1,7,72,72132,2,3,2,1,1
202300050919,6,1,2023,08:30,1,1,6,05,05159,1,3,2,2,7
202300050920,29,9,2023,14:20,1,1,7,06,06073,1,7,2,3,1
202300050921,18,9,2023,08:40,1,8,7,06,06080,1,7,2,1,1
202300050922,5,1,2023,18:20,5,1,6,73,73213,2,3,2,1,1
202300050922,5,1,2023,18:20,5,1,6,73,73213,2,3,2,1,1
202300050923,28,9,2023,20:30,3,1,3,08,08137,1,3,2,1,1
202300050923,28,9,2023,20:30,3,1,3,08,08137,1,3,2,1,1
202300050924,6,1,2023,20:40,3,1,6,07,07042,1,3,2,4,1
202300050925,5,1,2023,22:20,3,1,6,32,32258,1,4,2,2,9
202300050926,6,1,2023,07:57,3,1,3,14,14060,1,4,2,2,1
202300050927,28,9,2023,16:45,1,1,3,88,88116,1,3,2,2,1
202300050927,28,9,2023,16:45,1,1,3,88,88116,1,3,2,2,1
202300050928,3,1,2023,03:00,4,1,6,27,27016,2,3,2,1,2
202300050929,6,1,2023,07:40,5,2,1,76,76758,2,4,2,2,2
202300050930,4,1,2023,15:45,1,2,7,59,59151,1,3,2,1,2
202300050931,5,1,2023,08:34,1,1,5,13,13071,1,1,1,2,1
202300050932,1,1,2023,06:20,3,8,2,69,69259,2,7,3,1,1
202300050933,5,1,2023,13:53,1,2,3,77,77384,1,1,-1,1,2
202300050934,5,1,2023,11:08,1,1,5,91,91689,1,1,-1,1,2
202300050935,5,1,2023,09:31,1,8,3,91,91286,1,1,3,1,2
202300050936,4,1,2023,23:25,3,3,6,91,91064,1,2,2,2,2
202300050937,4,1,2023,16:50,5,2,6,78,78126,1,1,1,1,2
202300050938,5,1,2023,16:00,1,2,4,93,93066,1,1,3,1,2
202300050939,4,1,2023,23:50,3,2,6,95,95572,1,1,3,1,2
202300050940,5,1,2023,10:40,1,1,2,94,94028,1,1,3,1,1
202300050941,4,1,2023,20:00,5,2,6,35,35051,2,4,2,1,2
202300050942,4,1,2023,19:00,5,3,6,27,27375,2,4,2,2,2
202300050943,3,1,2023,18:29,5,2,6,29,29019,2,4,3,1,2
202300050944,4,1,2023,19:25,2,1,6,974,97416,2,4,2,2,1
202300050945,2,1,2023,08:00,1,1,1,974,97411,1,3,2,2,1
202300050946,4,1,2023,23:45,5,2,7,69,69383,2,4,2,1,2
202300050946,4,1,2023,23:45,5,2,7,69,69383,2,4,2,1,2
202300050947,4,1,2023,11:55,1,1,6,69,69034,2,4,2,1,1
202300050948,4,1,2023,11:30,1,1,2,69,69034,2,7,2,2,1
202300050949,3,1,2023,18:00,5,1,4,971,97101,2,2,1,1,1
202300050950,4,1,2023,20:05,5,1,3,2A,2A004,2,4,3,4,1
202300050951,4,1,2023,09:20,1,8,3,91,91645,2,3,2,1,1
202300050951,4,1,2023,09:20,1,8,3,91,91645,2,3,2,1,1
202300050952,4,1,2023,17:50,5,2,6,91,91114,2,4,-1,2,2
202300050953,4,1,2023,13:25,1,2,3,91,91589,2,3,2,1,2
202300050953,4,1,2023,13:25,1,2,3,91,91589,2,3,-1,1,2
202300050954,4,1,2023,06:50,3,8,6,91,91223,1,3,2,1,2
202300050955,1,1,2023,12:15,1,1,3,88,88413,2,4,2,1,1
202300050955,1,1,2023,12:15,1,1,3,88,88413,2,4,1,1,1
202300050956,4,1,2023,13:30,1,2,3,87,87085,2,4,1,1,3
202300050956,4,1,2023,13:30,1,2,3,87,87085,2,4,2,1,2
202300050957,3,1,2023,09:15,1,1,4,86,86194,2,4,1,1,1
202300050958,3,1,2023,08:55,1,1,3,83,83137,2,3,2,1,1
202300050958,3,1,2023,08:55,1,1,3,83,83137,2,3,-1,1,1
202300050959,2,1,2023,18:30,2,1,2,83,83137,2,4,1,2,1
202300050959,2,1,2023,18:30,2,1,2,83,83137,2,4,2,1,1
202300050960,3,1,2023,19:20,5,2,6,76,76351,2,4,2,1,2
202300050960,3,1,2023,19:20,5,2,6,76,76351,2,4,2,1,2
202300050961,4,1,2023,07:25,5,5,3,74,74012,2,3,3,1,2
202300050962,4,1,2023,05:40,5,5,6,74,74012,2,4,1,1,2
202300050963,4,1,2023,10:30,1,1,7,72,72181,2,4,2,1,1
202300050964,4,1,2023,13:20,1,1,3,69,69266,2,7,2,1,1
202300050965,3,1,2023,16:00,1,1,6,67,67482,2,4,1,1,1
202300050966,4,1,2023,07:52,5,1,3,66,66136,2,4,2,1,1
202300050967,1,1,2023,04:50,5,1,2,66,66136,2,4,2,1,1
202300050968,1,1,2023,04:15,3,1,6,60,60159,1,2,2,1,1
202300050969,3,1,2023,06:45,4,1,2,59,59350,2,4,3,3,2
202300050970,3,1,2023,07:35,5,9,6,59,59131,2,3,2,1,2
202300050971,4,1,2023,18:14,5,2,1,51,51454,2,4,1,2,2
202300050971,4,1,2023,18:14,5,2,1,51,51454,2,4,2,2,2
202300050972,3,1,2023,10:15,1,1,6,51,51454,2,4,1,1,1
202300050973,2,1,2023,11:20,1,8,3,49,49099,2,3,2,1,2
202300050974,4,1,2023,08:21,3,8,7,49,49007,2,4,2,1,2
202300050975,2,1,2023,22:58,5,1,3,49,49007,2,4,2,1,1
202300050975,2,1,2023,22:58,5,1,3,49,49007,2,4,2,1,1
202300050976,29,10,2023,14:31,1,8,2,93,93001,2,3,2,1,1
202300050977,29,10,2023,22:50,3,3,3,54,54462,1,3,2,1,2
202300050978,20,10,2023,08:00,3,3,6,51,51423,1,3,2,1,2
202300050979,30,10,2023,10:25,1,1,6,06,06114,2,4,2,1,1
202300050980,29,10,2023,13:10,1,3,1,33,33205,1,3,2,1,2
202300050981,29,10,2023,09:50,1,1,6,31,31454,2,6,-1,2,1
202300050982,28,10,2023,16:10,1,1,3,69,69285,2,4,2,1,2
202300050982,28,10,2023,16:10,1,1,3,69,69285,2,4,1,1,2
202300050983,29,10,2023,05:15,2,2,7,27,27306,1,2,1,1,2
202300050984,6,10,2023,12:40,1,1,3,01,01109,2,3,2,2,1
202300050984,6,10,2023,12:40,1,1,3,01,01109,2,3,2,2,1
202300050985,30,10,2023,14:15,1,1,3,44,44056,1,3,2,1,2
202300050986,29,10,2023,19:15,3,2,6,62,62289,1,3,2,1,2
202300050987,28,10,2023,06:04,3,2,6,62,62376,1,3,2,1,2
202300050988,29,10,2023,23:45,3,1,2,37,37179,1,1,3,1,2
202300050989,30,10,2023,13:25,1,8,1,56,56188,1,3,2,2,2
202300050990,30,10,2023,19:15,3,2,1,56,56171,1,3,2,4,2
202300050991,30,10,2023,10:20,1,1,6,71,71263,2,3,2,1,1
202300050992,30,10,2023,14:30,1,3,6,71,71014,1,3,2,2,2
202300050993,30,10,2023,14:00,1,8,6,89,89072,1,3,2,1,2
202300050994,24,10,2023,14:09,1,1,4,63,63366,1,3,2,1,1
202300050994,24,10,2023,14:09,1,1,4,63,63366,1,3,2,2,1
202300050995,29,10,2023,18:45,2,1,3,61,61230,1,3,2,1,2
202300050996,4,10,2023,06:27,3,1,3,68,68286,1,3,2,1,1
202300050996,4,10,2023,06:27,3,1,3,68,68286,1,3,2,1,1
202300050997,30,10,2023,18:50,3,8,3,50,50289,1,3,2,1,2
202300050997,30,10,2023,18:50,3,8,3,50,50289,1,3,2,1,2
202300050998,22,10,2023,01:20,3,9,6,50,50619,2,3,-1,3,1
202300050998,22,10,2023,01:20,3,9,6,50,50619,2,3,-1,4,1
202300050999,30,10,2023,18:40,5,2,6,50,50639,2,3,2,1,2
202300051000,9,5,2023,08:50,1,1,6,13,13210,2,4,1,1,1
202300051000,9,5,2023,08:50,1,1,6,13,13210,2,4,1,1,1
202300051001,29,10,2023,12:40,1,1,3,09,09296,2,2,2,1,1
202300051002,10,5,2023,18:27,1,1,3,13,13063,2,4,2,1,1
202300051003,30,10,2023,12:50,1,1,2,85,85020,2,3,2,1,1
202300051004,8,5,2023,18:30,1,1,1,13,13063,2,4,2,1,1
202300051005,8,5,2023,11:30,1,1,6,13,13005,2,4,2,1,1
202300051006,28,10,2023,21:00,5,1,5,63,63113,1,1,1,1,1
202300051006,28,10,2023,21:00,5,1,5,63,63113,1,1,1,4,1
202300051007,8,5,2023,14:25,1,1,6,13,13004,2,4,2,2,1
202300051007,8,5,2023,14:25,1,1,6,13,13004,2,4,2,1,1
202300051008,30,10,2023,15:37,1,1,3,14,14555,1,1,3,2,2
202300051009,29,10,2023,21:00,3,1,6,988,98815,1,3,2,1,1
202300051010,9,5,2023,17:50,1,1,3,10,10343,2,4,1,2,1
202300051011,30,10,2023,05:15,3,3,6,29,29233,1,2,3,1,2
202300051012,9,5,2023,14:28,1,2,2,10,10387,2,4,2,2,2
202300051013,26,10,2023,05:50,3,3,1,77,77466,1,3,2,1,2
202300051014,24,8,2023,21:55,5,1,6,93,93077,2,3,2,1,1
202300051014,24,8,2023,21:55,5,1,6,93,93077,2,3,2,1,1
202300051015,9,5,2023,15:45,1,1,3,06,06069,2,3,2,1,1
202300051016,30,10,2023,11:45,1,3,2,84,84129,2,4,2,2,2
202300051017,25,8,2023,19:30,1,1,3,93,93061,2,3,2,1,1
202300051017,25,8,2023,19:30,1,1,3,93,93061,2,3,1,1,1
202300051018,9,5,2023,08:00,1,1,3,06,06069,2,3,4,1,1
202300051019,11,10,2023,08:33,1,1,1,13,13101,2,4,2,2,1
202300051019,11,10,2023,08:33,1,1,1,13,13101,2,4,2,1,1
202300051020,26,8,2023,18:50,1,1,3,93,93029,2,4,2,1,1
202300051020,26,8,2023,18:50,1,1,3,93,93029,2,4,1,1,1
202300051021,7,5,2023,16:45,1,1,1,06,06004,2,4,1,1,1
202300051021,7,5,2023,16:45,1,1,1,06,06004,2,4,2,2,1
202300051022,29,10,2023,17:50,3,1,2,13,13030,1,3,2,2,1
202300051023,25,8,2023,16:05,1,1,3,93,93010,2,4,2,1,1
202300051023,25,8,2023,16:05,1,1,3,93,93010,2,4,2,1,1
202300051024,30,10,2023,07:52,2,2,6,71,71086,1,3,2,4,2
202300051025,27,4,2023,12:05,1,1,3,05,05061,2,3,2,2,1
202300051025,27,4,2023,12:05,1,1,3,05,05061,2,3,2,2,1
202300051026,26,8,2023,08:45,1,1,6,93,93005,2,4,2,1,1
202300051027,30,10,2023,08:30,1,8,1,52,52132,1,3,2,2,2
202300051028,10,5,2023,10:00,1,3,6,75,75106,2,4,1,1,2
202300051028,10,5,2023,10:00,1,3,6,75,75106,2,4,2,1,2
202300051029,25,8,2023,23:00,5,1,3,93,93005,2,4,1,1,1
202300051029,25,8,2023,23:00,5,1,3,93,93005,2,4,2,1,1
202300051030,29,10,2023,23:25,3,8,7,67,67155,2,3,2,1,2
202300051031,10,5,2023,17:15,1,1,3,75,75120,2,4,2,1,2
202300051031,10,5,2023,17:15,1,1,3,75,75120,2,4,1,1,2
202300051032,25,8,2023,20:13,1,1,6,93,93001,2,3,1,1,1
202300051032,25,8,2023,20:13,1,1,6,93,93001,2,3,2,1,1
202300051033,28,10,2023,18:25,2,1,3,03,03265,2,3,2,1,1
202300051033,28,10,2023,18:25,2,1,3,03,03265,2,3,2,1,1
202300051034,25,8,2023,00:15,5,1,3,92,92046,2,3,2,1,1
202300051034,25,8,2023,00:15,5,1,3,92,92046,2,3,-1,1,1
202300051035,10,5,2023,20:00,1,1,6,75,75119,2,4,1,1,1
202300051035,10,5,2023,20:00,1,1,6,75,75119,2,4,-1,1,1
202300051036,26,8,2023,19:40,1,1,3,92,92064,2,3,3,1,1
202300051037,30,10,2023,17:20,2,2,3,07,07245,2,3,2,1,2
202300051037,30,10,2023,17:20,2,2,3,07,07245,2,3,2,1,2
202300051038,9,5,2023,23:30,5,3,6,75,75119,2,4,1,1,2