id_accident,jour,mois,annee,heure_minute,luminosite,meteo,type_collision,departement,commune,agglomeration,categorie_route,regime_circulation,profil_route,etat_surface
202300051039,29,10,2023,15:20,1,1,7,01,01431,2,3,2,1,1
202300051040,26,8,2023,16:30,1,2,4,92,92033,2,3,2,2,2
202300051041,9,5,2023,20:40,1,1,6,75,75117,2,4,2,1,1
202300051041,9,5,2023,20:40,1,1,6,75,75117,2,4,2,1,1
202300051042,28,10,2023,18:05,1,1,3,69,69194,1,3,2,1,1
202300051042,28,10,2023,18:05,1,1,3,69,69194,1,3,2,2,1
202300051043,24,8,2023,18:35,1,1,3,92,92063,2,4,2,1,1
202300051043,24,8,2023,18:35,1,1,3,92,92063,2,4,1,1,1
202300051044,10,5,2023,14:03,1,1,3,75,75113,2,4,-1,1,1
202300051044,10,5,2023,14:03,1,1,3,75,75113,2,4,2,1,1
202300051045,25,8,2023,14:48,1,1,3,92,92040,2,4,2,1,1
202300051046,26,10,2023,10:30,1,2,3,33,33023,1,3,2,1,2
202300051047,10,5,2023,11:10,1,2,1,75,75113,2,4,1,2,2
202300051047,10,5,2023,11:10,1,2,1,75,75113,2,4,1,1,2
202300051048,25,10,2023,01:15,3,2,6,33,33272,1,2,3,1,2
202300051049,24,8,2023,17:50,1,1,2,92,92025,2,3,1,1,1
202300051050,8,5,2023,22:15,5,1,3,75,75113,2,4,2,1,1
202300051050,8,5,2023,22:15,5,1,3,75,75113,2,4,1,1,1
202300051051,26,8,2023,01:40,5,1,3,92,92012,2,3,-1,1,1
202300051052,30,10,2023,08:30,2,2,1,44,44073,1,3,2,1,8
202300051053,10,5,2023,17:30,1,1,3,75,75112,2,4,-1,1,1
202300051053,10,5,2023,17:30,1,1,3,75,75112,2,4,2,1,1
202300051054,16,10,2023,17:20,1,1,6,14,14488,2,4,2,1,1
202300051055,23,8,2023,09:20,1,1,5,92,92012,2,3,3,1,1
202300051056,30,10,2023,06:35,3,3,7,60,60437,1,3,2,1,2
202300051057,25,8,2023,18:45,1,1,6,92,92014,2,4,1,2,1
202300051058,10,5,2023,13:05,1,2,3,75,75111,2,4,2,1,2
202300051058,10,5,2023,13:05,1,2,3,75,75111,2,4,1,1,2
202300051059,10,5,2023,10:20,1,2,6,75,75111,2,4,2,1,2
202300051059,10,5,2023,10:20,1,2,6,75,75111,2,4,1,1,2
202300051060,18,10,2023,17:45,1,1,2,13,13214,1,1,1,1,1
202300051061,26,8,2023,08:30,1,1,2,60,60441,2,3,2,1,1
202300051062,10,5,2023,09:20,1,3,6,75,75108,2,4,2,1,2
202300051062,10,5,2023,09:20,1,3,6,75,75108,2,4,1,1,2
202300051063,29,10,2023,15:55,1,1,4,69,69297,1,1,3,1,1
202300051064,26,8,2023,11:30,1,1,7,86,86131,1,3,2,1,1
202300051065,10,5,2023,20:15,1,3,6,75,75107,2,4,1,1,2
202300051065,10,5,2023,20:15,1,3,6,75,75107,2,4,4,1,2
202300051066,29,10,2023,13:30,1,1,5,91,91468,1,1,3,3,2
202300051067,25,8,2023,19:50,1,1,3,76,76675,1,1,1,1,1
202300051068,10,5,2023,17:20,1,2,6,94,94074,2,4,2,1,2
202300051069,29,10,2023,13:20,1,1,4,91,91161,1,1,1,1,1
202300051070,10,5,2023,15:30,1,3,6,94,94058,2,4,1,1,2
202300051071,27,7,2023,16:35,1,1,3,06,06161,2,4,2,3,1
202300051071,27,7,2023,16:35,1,1,3,06,06161,2,4,2,1,1
202300051072,29,10,2023,09:30,1,3,7,94,94034,1,1,1,2,2
202300051073,10,5,2023,08:30,1,2,3,94,94058,2,3,3,1,2
202300051073,10,5,2023,08:30,1,2,3,94,94058,2,3,1,1,2
202300051074,12,8,2023,17:30,1,1,7,41,41167,1,3,2,1,1
202300051075,27,10,2023,16:00,1,3,2,78,78431,1,1,-1,1,2
202300051076,10,5,2023,14:42,1,2,6,94,94079,2,4,1,1,2
202300051076,10,5,2023,14:42,1,2,6,94,94079,2,4,1,1,2
202300051077,26,8,2023,17:20,1,1,7,51,51396,1,4,-1,2,9
202300051078,10,5,2023,19:50,1,1,3,94,94002,2,4,1,1,1
202300051078,10,5,2023,19:50,1,1,3,94,94002,2,4,2,1,1
202300051079,26,7,2023,17:30,1,1,7,11,11098,1,3,1,2,1
202300051080,29,10,2023,16:45,1,1,4,93,93066,1,1,1,1,1
202300051081,10,5,2023,18:51,1,1,3,93,93059,2,4,2,1,1
202300051081,10,5,2023,18:51,1,1,3,93,93059,2,4,2,1,1
202300051082,29,10,2023,13:25,1,1,7,95,95527,1,1,3,1,1
202300051083,10,5,2023,07:50,1,3,3,93,93070,2,3,2,1,2
202300051084,26,8,2023,05:00,3,1,4,26,26324,1,1,3,1,1
202300051085,5,5,2023,16:00,1,1,3,93,93066,2,4,2,1,1
202300051085,5,5,2023,16:00,1,1,3,93,93066,2,4,2,1,1
202300051086,29,10,2023,12:15,2,2,2,93,93008,1,1,3,1,2
202300051087,25,8,2023,22:10,3,2,5,68,68253,1,3,2,1,2
202300051088,9,5,2023,23:40,5,3,3,93,93039,2,3,2,1,2
202300051089,29,10,2023,10:50,1,2,7,95,95018,1,1,3,1,2
202300051090,25,8,2023,16:20,1,1,7,21,21244,1,1,3,1,1
202300051091,10,5,2023,15:10,1,2,3,93,93008,2,3,3,1,2
202300051091,10,5,2023,15:10,1,2,3,93,93008,2,3,1,1,2
202300051092,29,10,2023,09:50,1,2,4,92,92036,1,1,3,1,2
202300051093,25,8,2023,10:30,1,3,6,21,21087,1,1,3,2,2
202300051094,10,5,2023,08:07,1,3,3,93,93048,2,3,2,1,2
202300051094,10,5,2023,08:07,1,3,3,93,93048,2,3,1,1,2
202300051095,27,8,2023,02:30,3,2,6,30,30014,1,3,2,1,2
202300051096,28,10,2023,22:45,3,2,6,95,95488,1,1,3,1,2
202300051097,10,5,2023,11:05,1,2,3,93,93008,2,3,3,1,2
202300051098,27,8,2023,10:30,1,1,6,22,22084,1,3,2,2,1
202300051099,9,5,2023,11:50,1,2,6,92,92064,2,4,1,1,2
202300051100,28,10,2023,20:10,3,2,2,95,95488,1,1,3,1,2
202300051101,26,8,2023,04:00,3,1,6,63,63290,1,1,3,1,1
202300051102,10,5,2023,08:20,1,2,6,92,92051,2,3,2,1,2
202300051102,10,5,2023,08:20,1,2,6,92,92051,2,3,1,1,2
202300051103,28,10,2023,10:25,1,1,4,93,93007,1,1,3,1,1
202300051104,10,5,2023,10:20,1,2,3,92,92044,2,4,1,1,2
202300051104,10,5,2023,10:20,1,2,3,92,92044,2,4,1,1,2
202300051105,29,10,2023,11:40,1,1,2,94,94073,1,1,3,1,1
202300051106,26,8,2023,04:50,3,1,6,56,56066,2,4,2,2,1
202300051107,9,5,2023,15:25,1,3,6,92,92024,2,4,2,1,2
202300051108,27,8,2023,01:45,3,1,6,56,56169,2,3,2,1,1
202300051109,29,10,2023,06:15,3,1,4,94,94079,1,1,-1,1,1
202300051110,26,8,2023,07:00,2,3,6,59,59647,2,3,2,3,2
202300051110,26,8,2023,07:00,2,3,6,59,59647,2,3,2,1,2
202300051111,29,10,2023,02:30,3,2,6,94,94028,1,2,3,1,2
202300051112,10,5,2023,16:30,1,1,4,92,92012,2,3,2,1,1
202300051113,29,10,2023,00:10,3,3,6,94,94028,1,1,3,1,2
202300051114,10,5,2023,14:00,1,1,6,92,92012,2,4,1,1,1
202300051115,26,8,2023,11:05,1,8,3,77,77109,1,3,2,1,1
202300051116,31,3,2023,21:38,5,2,3,51,51454,2,4,1,1,2
202300051116,31,3,2023,21:38,5,2,3,51,51454,2,4,1,2,2
202300051117,26,8,2023,17:35,1,1,7,67,67513,1,3,2,2,1
202300051118,29,7,2023,15:30,1,1,3,91,91377,2,4,2,1,1
202300051118,29,7,2023,15:30,1,1,3,91,91377,2,4,2,1,1
202300051119,10,5,2023,12:50,1,1,3,92,92002,2,3,2,1,1
202300051120,30,3,2023,19:30,1,1,2,50,50129,2,3,2,1,1
202300051121,25,8,2023,10:30,1,1,7,79,79277,1,4,2,4,1
202300051122,30,3,2023,11:40,1,1,6,49,49007,2,4,1,1,1
202300051123,10,5,2023,09:40,1,2,2,92,92002,1,3,1,1,2
202300051123,10,5,2023,09:40,1,2,2,92,92002,1,3,1,1,2
202300051124,19,5,2023,12:00,1,1,3,91,91161,1,1,-1,1,1
202300051125,26,8,2023,20:00,3,1,1,2A,2A006,1,3,2,1,1
202300051126,31,3,2023,19:30,1,1,6,42,42218,2,4,1,1,1
202300051127,8,5,2023,14:00,1,1,6,60,60563,2,4,2,1,1
202300051128,28,8,2023,20:05,1,8,1,74,74012,2,4,2,1,2
202300051128,28,8,2023,20:05,1,8,1,74,74012,2,4,2,1,2
202300051129,26,8,2023,02:45,3,1,6,82,82148,1,3,2,2,1
202300051130,11,5,2023,11:05,1,1,7,60,60242,1,3,2,1,1
202300051131,31,3,2023,20:00,2,2,3,42,42187,2,4,2,1,2
202300051131,31,3,2023,20:00,2,2,3,42,42187,2,4,2,1,2
202300051131,31,3,2023,20:00,2,2,3,42,42187,2,4,2,1,2
202300051132,23,8,2023,21:15,3,1,7,11,11124,1,3,2,1,9
202300051133,27,8,2023,22:46,5,1,2,74,74010,2,4,-1,2,1
202300051134,10,5,2023,22:25,3,1,7,01,01207,1,3,2,1,1
202300051134,10,5,2023,22:25,3,1,7,01,01207,1,3,2,1,1
202300051135,23,3,2023,16:14,1,1,6,38,38185,2,4,2,1,1
202300051136,27,8,2023,02:00,5,3,1,74,74118,2,4,2,4,2
202300051137,11,5,2023,15:50,1,1,2,06,06149,2,7,2,2,1
202300051138,25,8,2023,18:15,2,8,3,71,71016,1,3,2,1,1
202300051138,25,8,2023,18:15,2,8,3,71,71016,1,3,2,2,1
202300051139,31,3,2023,11:45,1,1,3,37,37261,2,4,2,1,1
202300051140,25,8,2023,21:50,3,1,6,61,61142,1,3,2,2,1
202300051141,28,10,2023,13:20,1,1,3,976,97611,2,2,2,1,1
202300051142,10,5,2023,07:41,1,8,1,22,22370,1,3,2,1,2
202300051143,28,10,2023,11:20,1,7,7,974,97416,1,3,2,1,9
202300051144,31,3,2023,19:19,1,1,3,33,33063,2,4,1,1,1
202300051144,31,3,2023,19:19,1,1,3,33,33063,2,4,1,1,1
202300051145,26,8,2023,22:15,5,1,3,42,42177,2,3,2,1,2
202300051145,26,8,2023,22:15,5,1,3,42,42177,2,3,2,1,2
202300051146,10,5,2023,15:14,1,1,1,69,69046,2,7,2,2,1
202300051146,10,5,2023,15:14,1,1,1,69,69046,2,7,2,1,1
202300051147,28,10,2023,07:45,1,1,1,974,97416,1,4,2,1,1
202300051148,26,8,2023,17:30,1,1,6,42,42029,2,3,2,2,1
202300051149,31,3,2023,18:00,1,1,6,33,33063,2,4,3,1,1
202300051150,10,5,2023,18:00,1,1,7,972,97214,2,2,3,2,1
202300051151,28,10,2023,05:30,5,1,1,69,69386,2,4,1,1,1
202300051152,31,3,2023,14:50,1,1,2,33,33200,2,4,2,1,1
202300051153,28,10,2023,21:22,4,1,3,2B,2B120,2,4,-1,1,1
202300051154,3,12,2023,00:35,4,1,6,45,45302,2,4,2,1,1
202300051155,10,5,2023,07:15,1,1,1,972,97210,2,2,2,1,1
202300051156,25,8,2023,17:45,1,1,6,47,47119,1,3,2,1,1
202300051157,28,11,2023,16:35,1,1,2,35,35115,2,4,3,4,1
202300051158,9,5,2023,07:00,1,1,7,972,97204,1,2,2,2,9
202300051159,27,10,2023,15:50,1,2,6,971,97101,1,4,1,1,2
202300051159,27,10,2023,15:50,1,2,6,971,97101,1,4,1,1,2
202300051160,30,3,2023,18:20,1,1,4,33,33281,2,4,2,1,1
202300051161,26,8,2023,22:45,3,1,6,86,86039,1,2,3,1,1
202300051162,2,12,2023,22:40,5,1,1,34,34172,2,4,2,1,1
202300051162,2,12,2023,22:40,5,1,1,34,34172,2,4,1,1,1
202300051163,10,6,2023,23:00,5,1,3,70,70550,2,4,2,1,1
202300051163,10,6,2023,23:00,5,1,3,70,70550,2,4,2,1,1
202300051164,26,8,2023,10:40,1,2,6,39,39290,1,3,2,2,2
202300051165,28,10,2023,07:50,5,1,1,95,95539,2,3,2,1,2
202300051165,28,10,2023,07:50,5,1,1,95,95539,2,3,2,1,2
202300051166,30,3,2023,18:10,1,1,3,33,33063,2,4,2,1,1
202300051166,30,3,2023,18:10,1,1,3,33,33063,2,4,3,1,1
202300051167,10,5,2023,17:20,1,1,5,83,83086,1,3,2,1,1
202300051168,12,6,2023,18:20,1,1,6,69,69266,2,4,2,1,1
202300051169,28,11,2023,14:41,1,1,2,33,33281,2,4,3,1,1
202300051170,25,8,2023,00:15,3,1,6,29,29279,1,3,3,1,1
202300051171,8,5,2023,15:10,1,1,6,11,11098,1,3,2,1,1
202300051172,28,10,2023,06:55,5,2,3,95,95555,1,3,1,1,2
202300051172,28,10,2023,06:55,5,2,3,95,95555,1,3,-1,1,2
202300051173,1,12,2023,16:50,2,2,3,33,33063,2,4,2,1,2
202300051174,12,6,2023,08:40,1,1,3,69,69029,2,7,2,1,1
202300051174,12,6,2023,08:40,1,1,3,69,69029,2,7,2,1,1
202300051175,26,8,2023,14:35,1,1,6,29,29024,2,4,2,1,1
202300051176,11,5,2023,15:20,1,1,1,01,01353,2,3,2,1,1
202300051177,28,10,2023,23:16,5,3,6,95,95323,2,4,3,3,2
202300051178,11,6,2023,19:00,1,1,3,69,69259,2,7,2,1,1
202300051179,29,3,2023,08:12,1,1,1,14,14487,1,4,4,2,1
202300051180,10,5,2023,19:07,1,1,7,59,59579,1,3,2,1,1
202300051181,26,8,2023,18:50,1,1,1,31,31399,2,3,2,1,1
202300051181,26,8,2023,18:50,1,1,1,31,31399,2,3,2,1,1
202300051182,10,5,2023,16:20,1,1,6,26,26333,2,4,2,1,1
202300051183,11,6,2023,13:05,1,1,3,66,66136,2,3,1,1,1
202300051184,31,3,2023,22:00,3,1,3,13,13103,1,3,2,1,1
202300051184,31,3,2023,22:00,3,1,3,13,13103,1,3,2,1,1
202300051185,2,12,2023,15:25,1,1,6,27,27306,2,4,2,1,1
202300051186,9,6,2023,17:24,1,1,2,66,66136,2,4,2,1,1
202300051187,26,8,2023,15:15,1,1,1,02,02607,1,4,-1,1,1
202300051188,2,12,2023,19:50,5,1,6,25,25056,2,4,2,1,2
202300051189,11,5,2023,12:05,1,1,5,62,62698,1,3,2,1,1
202300051190,29,10,2023,21:55,5,2,3,91,91425,2,3,3,1,2
202300051190,29,10,2023,21:55,5,2,3,91,91425,2,3,1,1,2
202300051191,3,5,2023,18:40,1,1,3,62,62186,2,3,2,1,1
202300051192,11,5,2023,14:30,1,1,6,04,04033,1,3,2,1,1
202300051193,31,3,2023,15:50,1,1,5,13,13213,2,4,2,1,1
202300051194,1,12,2023,17:00,5,2,6,25,25056,2,4,2,2,2
202300051195,25,8,2023,20:30,2,1,1,02,02027,2,3,2,1,1
202300051196,8,6,2023,18:34,1,1,1,61,61169,1,3,2,1,1
202300051197,31,3,2023,03:30,5,1,7,13,13208,2,4,2,1,1
202300051198,3,12,2023,00:15,4,1,3,22,22360,2,4,2,2,1
202300051199,27,10,2023,16:20,1,1,3,84,84031,1,3,1,1,1
202300051200,27,8,2023,07:40,2,1,1,15,15187,2,3,2,2,2
202300051201,10,6,2023,20:40,1,1,3,59,59122,2,4,1,1,1
202300051201,10,6,2023,20:40,1,1,3,59,59122,2,4,1,1,1
202300051202,1,12,2023,18:30,5,1,7,14,14366,2,4,2,1,1
202300051203,15,7,2023,17:50,1,2,6,11,11367,1,3,2,1,2
202300051204,9,5,2023,06:00,2,2,3,41,41258,1,3,2,1,2
202300051205,29,10,2023,00:30,5,2,2,78,78372,2,2,2,4,2
202300051205,29,10,2023,00:30,5,2,2,78,78372,2,2,2,1,2
202300051206,30,3,2023,20:00,2,1,5,13,13213,2,4,2,1,1
202300051206,30,3,2023,20:00,2,1,5,13,13213,2,4,2,4,1
202300051207,1,12,2023,21:00,5,2,6,13,13106,1,3,2,2,2
202300051208,11,6,2023,15:05,1,1,6,57,57306,2,3,2,1,1
202300051209,15,7,2023,00:20,3,1,6,60,60403,1,3,2,1,1
202300051210,10,5,2023,16:36,1,8,7,41,41166,1,3,2,1,2
202300051211,26,8,2023,10:30,1,1,1,15,15192,1,2,2,1,2
202300051212,28,3,2023,16:30,1,1,6,13,13028,2,4,1,1,1
202300051213,9,6,2023,16:20,1,1,2,57,57672,1,3,2,1,1
202300051214,2,12,2023,19:15,5,1,2,13,13208,2,4,1,1,1
202300051215,10,5,2023,22:15,3,1,2,86,86014,1,3,2,2,1
202300051216,16,7,2023,18:35,1,1,6,60,60403,2,3,2,1,1
202300051216,16,7,2023,18:35,1,1,6,60,60403,2,3,2,1,1
202300051217,27,10,2023,18:25,3,3,5,78,78372,1,3,2,1,2
202300051217,27,10,2023,18:25,3,3,5,78,78372,1,3,2,1,2
202300051218,26,8,2023,05:40,3,1,7,01,01188,1,3,2,1,1
202300051218,26,8,2023,05:40,3,1,7,01,01188,1,3,2,1,1
202300051219,2,12,2023,09:30,1,1,6,13,13214,2,4,1,1,1
202300051220,29,3,2023,14:15,1,1,2,10,10081,1,3,3,1,1
202300051221,9,6,2023,22:10,1,1,3,56,56121,2,4,1,1,1
202300051221,9,6,2023,22:10,1,1,3,56,56121,2,4,1,2,1
202300051222,16,7,2023,00:30,3,1,6,86,86258,1,4,2,1,1
202300051223,9,5,2023,19:15,2,3,1,68,68120,1,3,2,2,2
202300051224,28,10,2023,09:50,1,8,6,77,77131,2,6,-1,1,2
202300051225,26,8,2023,20:30,3,3,6,01,01138,1,3,2,1,2
202300051226,26,3,2023,03:30,3,1,7,04,04112,1,4,2,1,1
202300051227,11,6,2023,15:00,1,1,3,56,56098,2,3,2,2,1
202300051228,1,12,2023,16:00,1,2,5,13,13002,2,3,3,1,2
202300051229,16,7,2023,16:35,1,1,6,85,85143,1,3,2,2,1
202300051230,11,5,2023,04:30,3,1,6,68,68377,2,3,2,1,1
202300051231,26,8,2023,06:15,2,1,7,70,70142,1,3,2,2,1
202300051232,28,10,2023,14:30,1,2,2,76,76216,2,1,3,1,2
202300051233,11,6,2023,13:10,1,1,3,54,54578,2,4,1,1,1
202300051234,11,5,2023,10:00,1,1,6,39,39478,2,3,2,1,1
202300051235,31,3,2023,16:30,1,1,2,75,75119,2,4,1,1,1
202300051236,1,12,2023,11:40,1,2,3,12,12089,1,3,2,2,2
202300051237,26,8,2023,18:30,1,8,3,72,72309,2,3,2,1,2
202300051238,9,7,2023,14:25,1,1,2,41,41194,2,4,2,1,1
202300051238,9,7,2023,14:25,1,1,2,41,41194,2,4,2,1,1
202300051239,29,10,2023,02:10,5,2,6,72,72181,2,4,1,1,2
202300051240,12,6,2023,16:40,1,1,3,53,53130,2,4,1,1,1
202300051241,11,5,2023,15:00,1,1,3,66,66124,2,4,2,2,1
202300051241,11,5,2023,15:00,1,1,3,66,66124,2,4,2,2,1
202300051242,31,3,2023,11:45,1,1,2,75,75113,2,4,1,1,1
202300051243,1,12,2023,23:25,5,2,2,11,11069,2,4,1,1,2
202300051243,1,12,2023,23:25,5,2,2,11,11069,2,4,2,1,2
202300051244,25,8,2023,17:34,1,1,1,72,72228,1,3,2,1,1
202300051245,15,7,2023,15:30,1,1,1,2A,2A278,1,3,2,1,1
202300051246,11,6,2023,20:20,1,1,1,51,51454,2,4,2,1,1
202300051247,27,8,2023,04:15,3,2,7,14,14578,1,3,2,1,2
202300051248,31,3,2023,08:35,1,1,7,75,75116,2,4,1,1,1
202300051249,28,10,2023,20:45,5,3,1,72,72181,2,3,2,3,2
202300051250,10,5,2023,18:30,2,1,2,18,18138,1,3,2,1,1
202300051250,10,5,2023,18:30,2,1,2,18,18138,1,3,2,1,1
202300051251,2,12,2023,19:20,5,1,6,06,06088,2,4,2,1,1
202300051251,2,12,2023,19:20,5,1,6,06,06088,2,4,2,1,1
202300051252,11,6,2023,15:30,1,1,6,51,51454,2,4,2,1,1
202300051253,10,5,2023,10:45,1,2,7,53,53245,1,3,2,2,2
202300051254,26,8,2023,14:55,1,8,1,50,50487,2,3,2,2,1
202300051255,16,7,2023,17:55,1,1,5,41,41256,1,1,3,1,1
202300051256,28,10,2023,18:07,1,2,2,72,72181,2,3,1,2,2
202300051257,10,6,2023,11:45,1,1,3,51,51454,2,4,2,1,1
202300051257,10,6,2023,11:45,1,1,3,51,51454,2,4,2,1,1
202300051258,30,3,2023,15:00,1,2,4,75,75116,2,4,1,1,2
202300051259,7,5,2023,09:40,1,2,3,21,21008,1,3,2,2,2
202300051259,7,5,2023,09:40,1,2,3,21,21008,1,3,2,1,2
202300051260,17,7,2023,11:30,1,1,3,28,28278,1,3,2,1,1
202300051261,2,12,2023,22:30,5,1,5,06,06004,2,4,2,1,1
202300051262,12,6,2023,19:30,1,1,3,47,47001,2,4,2,1,1
202300051262,12,6,2023,19:30,1,1,3,47,47001,2,4,2,1,1
202300051263,29,3,2023,12:50,1,1,2,75,75112,2,4,1,1,1
202300051264,28,10,2023,11:15,1,8,3,69,69266,2,4,2,1,2
202300051264,28,10,2023,11:15,1,8,3,69,69266,2,4,2,1,2
202300051265,27,8,2023,12:50,1,3,2,64,64155,1,3,2,2,3
202300051266,11,5,2023,11:50,1,1,7,27,27620,1,4,2,1,2
202300051267,12,6,2023,10:20,1,1,6,45,45234,2,4,2,2,1
202300051268,16,7,2023,19:00,1,6,3,85,85017,1,3,2,1,1
202300051269,1,12,2023,08:30,1,1,4,75,75112,2,4,-1,1,1
202300051270,27,10,2023,08:45,1,2,6,69,69266,2,4,1,1,2
202300051271,26,8,2023,21:40,5,2,6,73,73255,2,3,2,1,2
202300051272,10,5,2023,10:40,1,1,3,17,17050,1,3,2,1,1
202300051272,10,5,2023,10:40,1,1,3,17,17050,1,3,2,1,1
202300051273,30,3,2023,20:10,2,2,3,75,75120,2,4,1,2,2
202300051273,30,3,2023,20:10,2,2,3,75,75120,2,4,1,2,2
202300051274,16,7,2023,16:39,1,1,1,22,22020,1,3,2,1,1
202300051275,10,6,2023,14:10,1,1,5,40,40281,1,3,2,1,1
202300051276,24,8,2023,00:50,3,1,6,36,36200,1,3,2,1,1
202300051277,28,10,2023,19:55,5,1,6,69,69259,1,4,2,1,1
202300051278,30,11,2023,13:52,1,1,3,75,75106,2,4,1,1,1
202300051278,30,11,2023,13:52,1,1,3,75,75106,2,4,1,1,1
202300051279,12,6,2023,14:50,1,1,6,38,38185,2,7,-1,1,1
202300051280,31,3,2023,18:30,1,1,6,75,75119,2,4,2,1,1
202300051280,31,3,2023,18:30,1,1,6,75,75119,2,4,1,1,1
202300051281,10,5,2023,18:00,1,1,3,37,37226,2,4,2,1,1
202300051281,10,5,2023,18:00,1,1,3,37,37226,2,4,2,1,1
202300051282,25,8,2023,19:50,2,3,7,07,07122,1,4,2,1,2
202300051283,15,7,2023,14:00,1,1,2,56,56040,1,3,3,1,1
202300051284,27,10,2023,17:30,1,1,3,65,65440,2,4,1,1,1
202300051284,27,10,2023,17:30,1,1,3,65,65440,2,4,1,1,1
202300051285,2,12,2023,17:45,5,1,3,75,75118,2,4,1,1,1
202300051286,10,5,2023,23:00,3,1,2,60,60009,1,1,3,1,1
202300051287,27,8,2023,07:00,1,2,7,04,04110,2,4,2,1,2
202300051288,12,6,2023,12:40,1,1,6,37,37261,2,4,-1,1,1
202300051288,12,6,2023,12:40,1,1,6,37,37261,2,4,-1,1,1
202300051289,30,3,2023,21:45,5,2,3,75,75113,2,4,2,1,2
202300051289,30,3,2023,21:45,5,2,3,75,75113,2,4,2,1,2
202300051290,16,7,2023,17:56,1,1,3,2B,2B341,1,3,2,2,1
202300051291,10,6,2023,18:50,1,1,7,36,36202,1,3,2,1,1
202300051292,29,10,2023,00:10,5,1,3,64,64445,2,4,2,1,1
202300051292,29,10,2023,00:10,5,1,3,64,64445,2,4,2,1,1
202300051293,2,12,2023,12:40,1,1,6,75,75116,2,4,2,1,1
202300051293,2,12,2023,12:40,1,1,6,75,75116,2,4,1,1,1
202300051294,6,5,2023,11:50,1,1,3,67,67488,1,1,1,1,1
202300051294,6,5,2023,11:50,1,1,3,67,67488,1,1,1,1,1
202300051295,26,8,2023,15:20,1,1,7,85,85096,2,3,2,2,1
202300051295,26,8,2023,15:20,1,1,7,85,85096,2,3,2,1,1
202300051296,31,3,2023,13:00,1,6,2,75,75114,2,4,1,1,1
202300051297,17,7,2023,17:35,1,1,1,2B,2B319,1,2,2,1,1
202300051298,12,6,2023,15:20,1,1,3,33,33063,2,4,2,1,2
202300051298,12,6,2023,15:20,1,1,3,33,33063,2,4,2,1,2
202300051299,2,12,2023,12:05,1,1,6,75,75114,2,4,1,1,1
202300051299,2,12,2023,12:05,1,1,6,75,75114,2,4,1,1,1
202300051300,10,5,2023,21:50,3,8,2,17,17053,1,1,3,2,1
202300051301,28,10,2023,07:20,5,2,6,64,64348,1,4,2,1,2
202300051301,28,10,2023,07:20,5,2,6,64,64348,1,4,2,1,2
202300051302,25,8,2023,15:30,1,1,6,85,85182,1,3,2,2,1
202300051303,14,7,2023,22:50,5,2,6,80,80333,2,4,2,1,2
202300051304,31,3,2023,08:30,1,1,6,75,75114,2,4,1,1,1
202300051304,31,3,2023,08:30,1,1,6,75,75114,2,4,1,1,1
202300051305,12,6,2023,06:00,2,1,3,33,33063,2,4,2,1,1
202300051305,12,6,2023,06:00,2,1,3,33,33063,2,4,2,1,1
202300051306,25,8,2023,19:30,1,7,3,85,85146,2,3,2,1,1
202300051306,25,8,2023,19:30,1,7,3,85,85146,2,3,2,1,1
202300051307,2,12,2023,01:45,5,1,3,75,75114,2,4,1,1,1
202300051307,2,12,2023,01:45,5,1,3,75,75114,2,4,1,1,1
202300051308,28,10,2023,14:45,1,1,6,62,62193,2,4,2,1,1
202300051308,28,10,2023,14:45,1,1,6,62,62193,2,4,2,1,1
202300051309,11,6,2023,02:30,5,1,7,33,33063,2,4,2,1,1
202300051309,11,6,2023,02:30,5,1,7,33,33063,2,4,2,1,1
202300051310,16,7,2023,15:50,1,1,1,71,71204,2,3,2,1,1
202300051310,16,7,2023,15:50,1,1,1,71,71204,2,3,2,1,1
202300051311,28,4,2023,10:00,1,1,4,38,38401,1,1,3,1,1
202300051312,30,3,2023,17:20,1,1,3,75,75114,2,4,2,1,2
202300051312,30,3,2023,17:20,1,1,3,75,75114,2,4,1,1,2
202300051313,25,8,2023,08:15,2,8,3,27,27108,1,3,2,1,1
202300051313,25,8,2023,08:15,2,8,3,27,27108,1,3,2,1,2
202300051314,28,10,2023,19:50,5,3,6,60,60175,2,4,2,1,2
202300051315,12,6,2023,02:40,5,1,6,29,29232,2,3,-1,2,1
202300051316,1,12,2023,17:55,5,1,2,75,75114,2,4,2,1,1
202300051316,1,12,2023,17:55,5,1,2,75,75114,2,4,1,1,1
202300051317,25,8,2023,09:32,1,2,6,28,28089,1,3,2,1,2
202300051318,10,5,2023,05:00,2,1,6,971,97107,2,2,2,1,1
202300051319,30,3,2023,23:30,5,2,2,75,75109,2,4,1,1,2
202300051320,15,7,2023,18:33,2,3,3,71,71522,1,4,2,1,2
202300051321,28,10,2023,22:15,5,2,3,57,57660,2,3,2,2,2
202300051321,28,10,2023,22:15,5,2,3,57,57660,2,3,2,1,2
202300051322,12,6,2023,17:35,1,1,3,29,29039,1,3,1,1,1
202300051322,12,6,2023,17:35,1,1,3,29,29039,1,3,2,1,1
202300051323,2,12,2023,16:15,1,1,6,75,75112,2,4,1,1,1
202300051323,2,12,2023,16:15,1,1,6,75,75112,2,4,1,1,1
202300051324,11,5,2023,01:40,3,1,1,34,34151,1,3,2,1,1
202300051325,31,3,2023,15:45,1,2,7,75,75103,2,4,1,1,2