id_accident,jour,mois,annee,heure_minute,luminosite,meteo,type_collision,departement,commune,agglomeration,categorie_route,regime_circulation,profil_route,etat_surface
202300051325,31,3,2023,15:45,1,2,7,75,75103,2,4,1,1,2
202300051326,26,8,2023,14:55,1,8,1,48,48097,1,3,2,2,2
202300051327,28,10,2023,15:24,1,1,3,54,54395,2,4,2,1,1
202300051328,16,7,2023,03:30,3,1,6,76,76507,2,3,2,1,1
202300051329,13,5,2023,09:35,1,1,3,24,24037,2,3,1,2,1
202300051330,6,5,2023,11:30,1,1,3,84,84105,1,3,2,2,1
202300051331,31,3,2023,13:00,1,2,6,94,94038,2,4,2,1,2
202300051332,27,10,2023,11:50,1,1,7,51,51454,2,4,2,1,1
202300051333,2,12,2023,14:15,1,1,3,75,75112,2,4,1,1,1
202300051333,2,12,2023,14:15,1,1,3,75,75112,2,4,2,1,1
202300051334,26,8,2023,12:55,1,1,1,08,08185,1,3,2,1,1
202300051335,17,7,2023,00:55,5,1,6,47,47052,2,9,1,1,1
202300051336,11,5,2023,09:00,1,7,1,83,83027,1,4,2,2,1
202300051337,11,6,2023,19:30,1,1,1,18,18279,2,4,2,1,1
202300051337,11,6,2023,19:30,1,1,1,18,18279,2,4,2,1,1
202300051338,29,10,2023,02:10,5,1,2,49,49007,2,4,3,4,2
202300051339,31,3,2023,08:49,1,1,3,94,94054,2,4,1,1,1
202300051340,16,7,2023,07:00,1,1,6,47,47188,1,4,2,2,1
202300051341,2,12,2023,08:05,1,1,2,75,75112,2,4,1,2,1
202300051342,25,8,2023,15:55,1,1,2,10,10380,1,1,3,1,1
202300051343,10,5,2023,17:00,2,2,6,06,06146,1,7,2,1,2
202300051344,30,3,2023,13:10,1,1,6,94,94018,2,3,2,1,1
202300051344,30,3,2023,13:10,1,1,6,94,94018,2,3,1,1,1
202300051345,11,5,2023,08:50,1,1,6,13,13072,2,3,2,2,1
202300051346,28,10,2023,19:40,5,2,2,41,41018,2,4,1,1,2
202300051347,16,7,2023,02:50,3,2,7,68,68176,2,3,2,4,2
202300051348,2,12,2023,01:23,5,1,5,75,75108,2,4,1,1,1
202300051349,26,8,2023,17:00,1,1,6,42,42243,1,1,3,1,1
202300051350,9,6,2023,17:40,1,1,3,14,14366,2,3,2,2,1
202300051351,30,3,2023,13:51,1,2,6,94,94017,2,4,1,1,2
202300051352,17,7,2023,08:25,1,1,3,68,68155,2,4,1,1,1
202300051353,28,10,2023,13:40,1,2,3,37,37261,2,4,4,1,2
202300051354,31,3,2023,17:00,1,1,6,93,93066,2,4,2,1,2
202300051355,9,6,2023,16:08,1,1,6,30,30032,2,4,-1,1,1
202300051356,2,12,2023,03:11,5,1,5,75,75107,2,4,2,1,1
202300051357,8,5,2023,11:30,1,1,1,21,21606,1,3,-1,1,1
202300051357,8,5,2023,11:30,1,1,1,21,21606,1,3,2,1,1
202300051358,16,7,2023,21:20,3,1,6,25,25160,1,3,2,1,1
202300051359,31,3,2023,16:25,1,1,6,93,93051,2,4,2,1,2
202300051360,16,7,2023,02:15,3,1,6,35,35049,2,4,1,1,1
202300051361,27,10,2023,16:10,1,2,3,37,37261,2,4,2,1,2
202300051361,27,10,2023,16:10,1,2,3,37,37261,2,4,2,1,2
202300051362,12,6,2023,09:00,1,1,1,13,13215,2,4,2,2,1
202300051363,2,12,2023,02:40,5,1,6,94,94052,2,4,2,1,1
202300051364,11,5,2023,16:15,1,2,3,68,68317,2,3,2,2,2
202300051364,11,5,2023,16:15,1,2,3,68,68317,2,3,2,2,2
202300051365,31,3,2023,09:45,1,1,6,93,93048,2,3,2,1,1
202300051365,31,3,2023,09:45,1,1,6,93,93048,2,3,1,1,1
202300051366,27,8,2023,07:10,2,5,2,67,67162,1,1,3,1,1
202300051367,28,10,2023,15:30,1,1,3,34,34003,2,4,2,1,1
202300051368,16,7,2023,23:15,3,1,1,29,29197,1,4,2,1,1
202300051369,12,6,2023,00:35,5,1,3,13,13208,2,4,2,1,1
202300051370,8,5,2023,16:55,1,2,7,67,67010,1,3,2,2,2
202300051370,8,5,2023,16:55,1,2,7,67,67010,1,3,2,2,2
202300051371,31,3,2023,18:36,1,2,6,92,92078,2,3,2,1,2
202300051371,31,3,2023,18:36,1,2,6,92,92078,2,3,2,1,2
202300051372,2,12,2023,15:25,1,1,3,94,94041,2,4,1,1,1
202300051372,2,12,2023,15:25,1,1,3,94,94041,2,4,2,1,1
202300051373,28,10,2023,10:15,1,8,7,33,33063,2,4,2,1,1
202300051374,25,8,2023,19:00,1,1,2,06,06088,1,1,-1,1,1
202300051375,10,5,2023,17:10,1,1,6,67,67118,1,4,2,1,1
202300051376,31,3,2023,10:30,1,1,7,92,92075,2,3,4,1,1
202300051376,31,3,2023,10:30,1,1,7,92,92075,2,3,1,1,1
202300051377,12,6,2023,01:55,5,1,3,13,13208,2,4,2,1,2
202300051378,16,7,2023,00:30,5,8,3,31,31430,1,3,2,1,2
202300051378,16,7,2023,00:30,5,8,3,31,31430,1,3,2,1,2
202300051379,2,12,2023,16:00,1,1,2,94,94028,2,3,1,1,1
202300051380,28,10,2023,11:06,1,1,3,33,33039,2,4,2,1,1
202300051381,8,5,2023,13:40,1,1,6,67,67300,2,4,2,1,1
202300051382,28,10,2023,09:10,1,8,6,33,33167,2,4,3,2,2
202300051383,26,8,2023,09:45,1,8,3,63,63021,1,1,3,2,2
202300051384,31,3,2023,12:50,1,1,6,92,92040,2,3,2,1,1
202300051384,31,3,2023,12:50,1,1,6,92,92040,2,3,2,1,1
202300051385,11,6,2023,13:04,1,1,6,13,13202,2,4,2,1,1
202300051385,11,6,2023,13:04,1,1,6,13,13202,2,4,3,1,1
202300051386,18,6,2023,17:00,1,1,1,84,84017,1,3,2,2,1
202300051387,1,12,2023,17:00,5,1,3,94,94054,2,3,2,1,1
202300051388,16,7,2023,11:00,1,1,6,03,03254,2,3,1,1,1
202300051389,27,10,2023,17:08,1,8,1,33,33162,2,4,2,1,2
202300051390,11,6,2023,00:40,5,1,6,13,13208,2,4,2,1,1
202300051391,10,5,2023,11:20,1,1,1,73,73242,2,3,2,2,1
202300051392,31,3,2023,08:45,1,1,2,92,92040,2,4,2,1,1
202300051393,26,8,2023,07:50,1,1,1,13,13097,1,1,3,1,1
202300051394,2,12,2023,05:00,5,1,3,93,93066,2,4,2,1,1
202300051394,2,12,2023,05:00,5,1,3,93,93066,2,4,2,1,1
202300051395,17,7,2023,08:00,1,1,1,15,15163,1,3,2,1,1
202300051395,17,7,2023,08:00,1,1,1,15,15163,1,3,-1,1,1
202300051396,30,3,2023,15:30,1,1,3,92,92036,2,3,1,1,1
202300051396,30,3,2023,15:30,1,1,3,92,92036,2,3,1,1,1
202300051397,28,10,2023,15:20,1,1,5,29,29019,1,3,1,1,2
202300051398,11,5,2023,10:50,1,2,2,33,33114,1,2,-1,1,2
202300051399,11,6,2023,20:55,2,2,1,13,13001,2,3,2,1,2
202300051400,2,12,2023,19:45,5,1,6,93,93055,2,3,3,1,1
202300051400,2,12,2023,19:45,5,1,6,93,93055,2,3,1,1,1
202300051401,25,8,2023,21:40,3,1,3,77,77412,1,1,3,4,1
202300051402,28,10,2023,21:00,5,2,3,28,28085,2,4,2,2,2
202300051403,31,3,2023,17:00,1,1,2,92,92024,2,4,2,1,1
202300051404,15,7,2023,15:20,1,1,3,01,01138,2,3,2,1,1
202300051404,15,7,2023,15:20,1,1,3,01,01138,2,3,2,4,1
202300051405,12,6,2023,00:00,3,1,6,09,09225,2,4,2,1,1
202300051406,25,8,2023,21:00,3,2,7,987,98725,2,2,2,2,2
202300051407,27,10,2023,12:00,1,3,6,19,19272,2,3,-1,2,2
202300051408,31,3,2023,16:15,1,1,2,92,92024,2,3,-1,1,1
202300051409,2,12,2023,00:38,5,1,6,93,93050,2,3,2,1,1
202300051409,2,12,2023,00:38,5,1,6,93,93050,2,3,2,1,1
202300051410,25,8,2023,18:30,5,1,6,974,97408,2,4,1,1,1
202300051411,11,5,2023,14:00,1,1,3,56,56076,1,3,2,1,1
202300051411,11,5,2023,14:00,1,1,3,56,56076,1,3,2,1,1
202300051412,28,10,2023,12:20,1,8,2,17,17415,1,3,2,1,2
202300051413,16,7,2023,18:05,1,1,1,01,01328,1,3,2,1,1
202300051414,30,3,2023,09:00,1,1,1,60,60152,1,2,2,1,1
202300051415,11,6,2023,18:51,1,1,6,06,06088,2,4,-1,1,1
202300051416,2,12,2023,16:25,1,1,6,93,93029,2,4,2,1,1
202300051417,25,8,2023,19:11,1,1,3,13,13040,1,3,2,2,1
202300051418,27,10,2023,15:15,1,3,7,15,15012,2,4,2,1,3
202300051419,31,3,2023,18:40,1,2,6,24,24442,2,9,-1,1,2
202300051420,10,5,2023,16:45,1,1,1,59,59400,2,3,2,1,1
202300051421,16,7,2023,09:30,1,1,1,70,70257,1,3,2,1,1
202300051422,26,8,2023,18:15,1,1,3,37,37079,2,3,2,1,1
202300051422,26,8,2023,18:15,1,1,3,37,37079,2,3,2,2,1
202300051423,12,6,2023,05:50,2,1,3,06,06069,2,3,2,1,1
202300051423,12,6,2023,05:50,2,1,3,06,06069,2,3,2,1,1
202300051424,2,12,2023,12:00,1,1,3,93,93029,2,4,2,1,1
202300051424,2,12,2023,12:00,1,1,3,93,93029,2,4,2,1,1
202300051425,1,4,2023,17:15,1,1,2,52,52076,1,3,2,2,1
202300051426,28,10,2023,19:45,5,1,3,13,13205,2,4,2,1,1
202300051426,28,10,2023,19:45,5,1,3,13,13205,2,4,3,1,1
202300051427,10,5,2023,13:20,1,1,2,13,13212,2,1,1,1,1
202300051428,16,7,2023,16:20,1,1,7,06,06056,1,3,2,2,1
202300051429,23,8,2023,17:20,1,8,3,28,28187,1,3,2,1,1
202300051429,23,8,2023,17:20,1,8,3,28,28187,1,3,2,1,1
202300051430,2,12,2023,22:45,5,1,6,92,92073,2,3,2,1,1
202300051430,2,12,2023,22:45,5,1,6,92,92073,2,3,2,1,1
202300051431,31,3,2023,17:00,1,3,6,18,18151,1,3,2,3,2
202300051432,10,6,2023,16:25,1,1,3,75,75114,2,4,1,1,1
202300051433,10,5,2023,08:25,1,1,2,83,83137,1,1,1,2,1
202300051434,1,12,2023,17:00,5,1,3,92,92060,2,3,1,1,1
202300051435,16,7,2023,10:50,1,1,3,14,14397,1,4,2,1,1
202300051436,26,3,2023,13:05,1,3,7,44,44073,1,2,3,1,3
202300051437,27,10,2023,14:22,1,1,3,13,13208,2,4,1,1,1
202300051437,27,10,2023,14:22,1,1,3,13,13208,2,4,2,1,1
202300051437,27,10,2023,14:22,1,1,3,13,13208,2,4,2,1,1
202300051438,9,6,2023,02:32,5,1,3,75,75112,2,4,1,1,1
202300051439,4,8,2023,18:00,1,1,3,77,77381,1,3,2,1,1
202300051439,4,8,2023,18:00,1,1,3,77,77381,1,3,2,1,1
202300051440,10,5,2023,02:40,3,1,7,91,91216,1,1,-1,1,1
202300051441,1,12,2023,14:40,1,7,2,92,92004,2,4,2,1,1
202300051442,15,7,2023,19:30,1,2,1,09,09190,1,3,2,1,2
202300051443,12,6,2023,21:50,5,1,6,75,75118,2,4,1,1,1
202300051444,1,4,2023,09:50,1,1,3,83,83054,2,4,2,2,1
202300051444,1,4,2023,09:50,1,1,3,83,83054,2,4,2,1,1
202300051445,27,10,2023,17:00,1,1,3,13,13001,2,4,3,1,1
202300051446,24,8,2023,16:15,1,2,1,77,77217,1,4,2,1,2
202300051447,2,12,2023,12:45,1,1,3,92,92014,2,3,2,1,1
202300051448,1,4,2023,08:45,1,1,6,56,56165,2,4,2,1,2
202300051449,17,7,2023,16:40,1,1,2,64,64529,1,3,2,1,1
202300051450,12,6,2023,14:00,1,1,3,75,75117,2,4,2,1,1
202300051450,12,6,2023,14:00,1,1,3,75,75117,2,4,1,1,1
202300051451,23,10,2023,11:30,1,1,3,11,11262,2,4,-1,1,1
202300051451,23,10,2023,11:30,1,1,3,11,11262,2,4,4,2,1
202300051452,2,12,2023,11:45,1,1,3,92,92014,2,4,2,2,1
202300051452,2,12,2023,11:45,1,1,3,92,92014,2,4,2,1,1
202300051453,1,4,2023,00:10,5,2,3,74,74309,1,3,2,1,2
202300051453,1,4,2023,00:10,5,2,3,74,74309,1,3,1,1,2
202300051454,10,6,2023,17:15,1,1,6,75,75116,2,4,2,1,1
202300051454,10,6,2023,17:15,1,1,6,75,75116,2,4,2,1,1
202300051455,16,7,2023,16:30,1,1,1,43,43025,1,3,2,1,1
202300051455,16,7,2023,16:30,1,1,1,43,43025,1,3,2,1,1
202300051456,1,4,2023,07:30,1,1,7,79,79299,1,3,2,1,2
202300051457,10,5,2023,17:50,1,1,4,93,93006,1,1,1,1,1
202300051458,26,8,2023,00:50,3,1,1,2B,2B193,1,3,2,1,1
202300051459,28,10,2023,18:05,2,2,6,10,10357,2,3,2,1,2
202300051460,16,7,2023,00:30,3,1,6,53,53245,1,3,2,1,1
202300051461,12,6,2023,08:45,1,1,3,75,75114,2,4,2,1,1
202300051461,12,6,2023,08:45,1,1,3,75,75114,2,4,2,1,1
202300051462,10,5,2023,11:30,1,2,6,95,95582,1,1,3,2,2
202300051463,2,12,2023,21:10,3,9,4,60,60369,1,3,3,1,2
202300051464,28,10,2023,19:30,5,2,2,08,08105,2,4,1,1,2
202300051465,9,3,2023,21:30,5,1,1,2A,2A271,2,2,2,1,1
202300051466,21,6,2023,18:00,1,1,3,83,83042,2,3,2,1,1
202300051466,21,6,2023,18:00,1,1,3,83,83042,2,3,2,1,1
202300051467,10,6,2023,16:30,1,1,1,75,75114,2,4,1,1,1
202300051467,10,6,2023,16:30,1,1,1,75,75114,2,4,1,1,1
202300051468,1,12,2023,19:10,5,1,2,62,62100,2,3,2,1,1
202300051469,16,7,2023,20:59,1,1,1,21,21358,1,3,2,1,1
202300051470,10,5,2023,13:55,1,8,4,77,77146,1,1,3,1,2
202300051471,28,10,2023,07:25,5,1,3,06,06088,2,4,2,2,1
202300051472,25,8,2023,11:40,1,1,6,05,05177,1,3,2,2,1
202300051473,14,7,2023,17:30,1,7,7,21,21316,1,3,2,1,1
202300051474,25,8,2023,13:45,1,1,7,04,04143,1,3,2,1,1
202300051475,12,6,2023,19:13,1,1,3,75,75113,2,4,2,1,1
202300051475,12,6,2023,19:13,1,1,3,75,75113,2,4,1,1,1
202300051476,10,5,2023,10:10,1,1,3,94,94079,1,1,3,1,1
202300051477,29,3,2023,18:15,1,1,1,33,33421,1,3,2,2,1
202300051478,2,12,2023,18:35,3,1,3,49,49195,1,3,2,1,1
202300051478,2,12,2023,18:35,3,1,3,49,49195,1,3,2,1,1
202300051479,28,10,2023,14:55,1,1,7,04,04112,2,4,2,2,1
202300051479,28,10,2023,14:55,1,1,7,04,04112,2,4,2,1,1
202300051480,12,6,2023,17:40,1,1,6,75,75112,2,4,1,1,1
202300051480,12,6,2023,17:40,1,1,6,75,75112,2,4,2,1,1
202300051481,27,10,2023,21:05,3,2,7,75,75112,2,4,1,1,2
202300051482,16,7,2023,16:00,1,1,3,40,40001,1,3,2,1,1
202300051482,16,7,2023,16:00,1,1,3,40,40001,1,3,2,-1,-1
202300051483,3,12,2023,06:20,5,1,6,81,81273,2,2,2,1,1
202300051484,10,5,2023,09:20,1,2,2,94,94028,1,1,-1,1,2
202300051485,25,8,2023,20:10,1,1,7,67,67023,1,3,2,2,1
202300051485,25,8,2023,20:10,1,1,7,67,67023,1,3,2,2,1
202300051486,1,4,2023,16:15,1,3,1,47,47226,1,3,2,1,2
202300051486,1,4,2023,16:15,1,3,1,47,47226,1,3,2,1,2
202300051487,25,5,2023,23:40,5,1,6,75,75112,2,4,2,1,1
202300051488,15,7,2023,04:00,3,2,6,24,24237,1,2,2,1,2
202300051489,27,10,2023,18:55,5,2,4,75,75119,2,4,1,1,2
202300051490,2,12,2023,16:50,2,1,6,28,28222,1,3,2,1,1
202300051491,1,4,2023,11:00,1,1,7,34,34214,1,3,2,2,1
202300051492,25,8,2023,11:40,1,1,3,55,55427,2,3,2,1,1
202300051493,9,5,2023,09:45,1,2,3,75,75117,2,4,1,1,2
202300051494,12,6,2023,18:48,1,1,3,75,75110,2,4,3,1,1
202300051495,3,12,2023,03:59,3,1,6,01,01288,1,3,3,1,1
202300051496,26,8,2023,05:00,3,1,6,42,42038,1,4,2,1,1
202300051496,26,8,2023,05:00,3,1,6,42,42038,1,4,2,2,1
202300051497,28,10,2023,08:17,2,1,1,75,75117,2,4,2,1,1
202300051497,28,10,2023,08:17,2,1,1,75,75117,2,4,2,1,1
202300051498,16,7,2023,14:14,1,1,3,04,04076,2,3,2,1,1
202300051498,16,7,2023,14:14,1,1,3,04,04076,2,3,2,1,1
202300051499,25,3,2023,18:25,1,1,3,34,34252,1,3,2,1,1
202300051499,25,3,2023,18:25,1,1,3,34,34252,1,3,2,1,1
202300051500,9,5,2023,20:56,2,1,3,75,75120,2,4,2,2,2
202300051500,9,5,2023,20:56,2,1,3,75,75120,2,4,1,2,2
202300051501,12,6,2023,12:45,1,1,3,75,75110,2,4,2,1,1
202300051501,12,6,2023,12:45,1,1,3,75,75110,2,4,1,1,1
202300051502,28,10,2023,08:17,5,1,6,75,75117,2,4,2,1,1
202300051502,28,10,2023,08:17,5,1,6,75,75117,2,4,2,1,1
202300051503,25,8,2023,15:50,1,7,3,26,26170,1,4,2,1,1
202300051503,25,8,2023,15:50,1,7,3,26,26170,1,4,2,1,1
202300051504,3,12,2023,01:00,3,1,3,29,29020,1,2,3,1,2
202300051505,8,7,2023,03:30,3,1,6,85,85018,1,3,2,1,1
202300051505,8,7,2023,03:30,3,1,6,85,85018,1,3,2,-1,1
202300051506,31,3,2023,08:12,2,6,5,44,44213,1,3,2,1,2
202300051507,9,5,2023,19:12,1,2,6,75,75120,2,4,2,2,2
202300051507,9,5,2023,19:12,1,2,6,75,75120,2,4,1,2,2
202300051508,12,7,2023,23:00,4,1,7,85,85046,1,3,3,1,1
202300051509,11,6,2023,17:45,1,1,1,75,75108,2,4,1,1,1
202300051509,11,6,2023,17:45,1,1,1,75,75108,2,4,1,2,1
202300051510,2,12,2023,20:55,3,1,6,14,14027,2,3,2,1,1
202300051511,1,4,2023,16:55,1,2,1,29,29300,1,3,2,1,2
202300051511,1,4,2023,16:55,1,2,1,29,29300,1,3,2,1,2
202300051512,24,8,2023,14:35,1,1,3,01,01313,2,4,2,1,1
202300051512,24,8,2023,14:35,1,1,3,01,01313,2,4,2,2,1
202300051513,28,10,2023,12:25,1,1,2,75,75119,2,4,2,2,1
202300051514,9,5,2023,13:00,1,2,3,75,75120,2,4,3,1,2
202300051514,9,5,2023,13:00,1,2,3,75,75120,2,4,3,1,2
202300051515,12,6,2023,21:10,2,1,6,75,75102,2,4,2,1,1
202300051515,12,6,2023,21:10,2,1,6,75,75102,2,4,1,1,1
202300051516,2,12,2023,10:50,1,1,6,06,06095,2,3,2,2,1
202300051517,16,7,2023,20:15,2,1,3,27,27107,1,3,2,1,2
202300051518,31,3,2023,15:30,1,1,3,38,38034,2,3,2,1,1
202300051519,26,8,2023,09:25,1,3,3,69,69069,2,7,2,1,2
202300051519,26,8,2023,09:25,1,3,3,69,69069,2,7,2,1,2
202300051520,28,10,2023,10:55,1,1,4,75,75119,2,4,2,1,1
202300051521,9,6,2023,16:45,1,1,6,94,94068,2,3,2,1,1
202300051522,31,3,2023,18:45,2,6,7,02,02235,1,3,2,2,2
202300051523,16,7,2023,21:47,2,2,6,27,27224,1,3,2,1,2
202300051524,9,5,2023,11:30,1,3,6,75,75120,2,4,2,2,2
202300051524,9,5,2023,11:30,1,3,6,75,75120,2,4,2,2,2
202300051525,2,12,2023,21:10,3,1,1,38,38030,1,3,2,1,7
202300051526,26,8,2023,12:45,1,1,6,31,31395,2,4,1,1,1
202300051527,27,10,2023,11:25,1,1,2,75,75119,2,4,2,1,1
202300051528,9,5,2023,17:45,1,1,6,75,75119,2,4,2,1,2
202300051529,10,6,2023,17:30,1,1,6,94,94038,2,4,2,1,1
202300051530,2,12,2023,14:30,1,7,1,91,91534,2,3,2,1,1
202300051531,1,4,2023,11:48,1,2,3,01,01093,1,3,2,1,2
202300051532,9,5,2023,15:20,1,3,3,75,75119,2,4,1,1,2
202300051532,9,5,2023,15:20,1,3,3,75,75119,2,4,1,1,2
202300051533,16,7,2023,18:45,1,1,1,27,27679,2,3,2,1,1
202300051534,3,12,2023,15:55,1,1,4,51,51488,1,3,2,1,1
202300051535,26,8,2023,23:30,3,2,6,24,24223,1,4,2,3,2
202300051536,1,4,2023,13:40,1,1,6,26,26369,1,3,2,1,1
202300051537,9,5,2023,14:00,1,2,3,75,75119,2,4,2,1,2
202300051537,9,5,2023,14:00,1,2,3,75,75119,2,4,-1,1,2
202300051538,12,6,2023,06:25,1,1,3,94,94028,2,9,2,1,1
202300051539,2,12,2023,19:10,3,2,6,56,56185,1,2,3,1,2
202300051540,28,10,2023,20:15,5,2,1,75,75116,2,4,2,1,2
202300051540,28,10,2023,20:15,5,2,1,75,75116,2,4,2,1,2
202300051541,2,12,2023,05:50,3,9,6,59,59662,1,3,2,1,7
202300051542,9,5,2023,13:10,1,2,3,75,75117,2,4,1,1,2
202300051542,9,5,2023,13:10,1,2,3,75,75117,2,4,2,1,2
202300051543,11,6,2023,22:50,4,8,6,94,94017,1,4,1,2,1
202300051544,1,4,2023,10:00,1,1,3,14,14371,1,3,2,1,1
202300051544,1,4,2023,10:00,1,1,3,14,14371,1,3,2,1,1
202300051545,28,10,2023,20:45,3,2,7,75,75114,2,4,2,1,2
202300051546,26,8,2023,09:30,1,1,3,33,33227,2,3,2,1,1
202300051546,26,8,2023,09:30,1,1,3,33,33227,2,3,2,1,1
202300051547,15,7,2023,15:30,1,1,7,17,17385,2,3,2,1,1
202300051547,15,7,2023,15:30,1,1,7,17,17385,2,3,2,1,1
202300051548,2,12,2023,19:25,3,1,3,77,77414,1,3,2,1,1
202300051548,2,12,2023,19:25,3,1,3,77,77414,1,3,2,4,1
202300051549,31,3,2023,16:45,1,1,7,07,07117,1,3,2,1,1
202300051550,9,5,2023,13:45,1,3,2,75,75115,2,4,1,1,2
202300051550,9,5,2023,13:45,1,3,2,75,75115,2,4,1,1,2
202300051551,2,12,2023,12:20,1,1,3,76,76517,1,3,2,1,1
202300051551,2,12,2023,12:20,1,1,3,76,76517,1,3,2,1,1
202300051552,12,6,2023,12:00,1,2,2,93,93073,2,4,2,1,2
202300051552,12,6,2023,12:00,1,2,2,93,93073,2,4,2,1,2
202300051553,9,5,2023,12:15,1,2,6,75,75115,2,4,2,1,2
202300051554,26,8,2023,18:00,1,1,3,50,50041,1,3,2,4,1
202300051554,26,8,2023,18:00,1,1,3,50,50041,1,3,2,1,1
202300051555,16,7,2023,21:30,1,1,7,88,88486,2,3,2,1,1
202300051555,16,7,2023,21:30,1,1,7,88,88486,2,3,2,1,1
202300051556,27,10,2023,13:40,1,1,2,75,75113,2,4,1,1,1
202300051556,27,10,2023,13:40,1,1,2,75,75113,2,4,1,1,1
202300051557,1,4,2023,04:10,3,2,6,53,53146,1,3,2,1,2
202300051558,10,6,2023,23:45,5,1,3,93,93073,1,4,1,1,1
202300051559,2,12,2023,18:54,5,1,5,2A,2A362,2,2,2,1,1
202300051560,9,5,2023,12:15,1,2,3,75,75113,2,4,3,1,2
202300051560,9,5,2023,12:15,1,2,3,75,75113,2,4,1,1,2
202300051561,12,6,2023,18:30,1,2,2,93,93072,2,3,3,1,2
202300051562,12,6,2023,13:25,1,1,6,93,93064,2,3,3,1,1
202300051563,9,5,2023,08:00,1,2,3,75,75113,2,4,1,2,2
202300051564,18,7,2023,00:50,3,2,6,988,98805,1,1,3,1,2
202300051565,31,3,2023,12:35,1,1,1,40,40282,2,3,2,1,1
202300051566,26,8,2023,05:30,2,5,6,29,29294,1,4,2,2,1
202300051567,24,11,2023,20:10,5,2,4,82,82112,2,4,2,1,2
202300051568,12,6,2023,19:30,1,1,6,93,93048,2,3,2,1,1
202300051569,28,10,2023,12:10,1,1,6,75,75110,2,4,2,4,2
202300051569,28,10,2023,12:10,1,1,6,75,75110,2,4,2,1,2
202300051570,9,5,2023,20:30,5,1,3,75,75112,2,4,2,2,1
202300051570,9,5,2023,20:30,5,1,3,75,75112,2,4,1,1,1
202300051571,3,12,2023,10:15,1,7,6,71,71396,1,4,2,1,1
202300051571,3,12,2023,10:15,1,7,6,71,71396,1,4,2,1,1
202300051572,9,5,2023,08:20,1,2,6,75,75112,2,4,1,1,2
202300051573,12,6,2023,02:10,3,1,3,93,93032,2,3,2,1,1
202300051574,12,6,2023,17:45,1,1,6,93,93010,2,4,1,1,1
202300051575,9,5,2023,00:10,5,8,6,75,75112,2,4,2,1,1
202300051575,9,5,2023,00:10,5,8,6,75,75112,2,4,2,1,1
202300051576,16,7,2023,13:25,1,1,6,42,42243,1,1,3,1,1
202300051577,3,12,2023,09:45,1,1,1,71,71097,1,3,2,2,1
202300051578,12,6,2023,13:40,1,1,6,93,93010,2,4,2,1,1
202300051579,1,4,2023,14:50,1,3,3,40,40154,1,3,2,1,2
202300051579,1,4,2023,14:50,1,3,3,40,40154,1,3,2,1,2
202300051580,3,12,2023,13:20,1,1,7,71,71162,1,3,2,1,1
202300051581,8,5,2023,22:03,5,1,6,75,75109,2,4,1,1,1
202300051581,8,5,2023,22:03,5,1,6,75,75109,2,4,1,2,1
202300051582,11,6,2023,13:03,1,1,3,92,92064,2,3,2,1,1
202300051583,28,10,2023,17:30,2,2,6,75,75108,2,4,1,1,2
202300051583,28,10,2023,17:30,2,2,6,75,75108,2,4,-1,1,2
202300051584,3,12,2023,09:15,1,8,6,89,89307,1,2,2,1,1
202300051585,9,5,2023,18:34,1,2,6,94,94081,2,4,1,1,2
202300051586,10,6,2023,11:57,1,1,3,92,92064,2,3,2,2,1
202300051587,30,11,2023,05:15,3,2,6,34,34031,1,3,2,1,2
202300051588,31,3,2023,12:20,1,1,1,24,24525,1,3,2,2,1
202300051589,26,8,2023,11:23,1,1,2,13,13212,1,1,1,1,1
202300051590,9,5,2023,15:10,1,2,3,94,94065,2,3,3,1,2
202300051590,9,5,2023,15:10,1,2,3,94,94065,2,3,1,1,2
202300051591,3,12,2023,04:20,3,2,7,44,44072,1,3,2,1,2
202300051592,9,6,2023,23:25,5,1,3,92,92063,2,3,2,1,1
202300051592,9,6,2023,23:25,5,1,3,92,92063,2,3,2,1,1
202300051593,9,5,2023,12:05,1,3,6,94,94028,2,3,3,1,2
202300051594,28,10,2023,11:05,1,1,6,75,75101,2,4,2,1,1
202300051595,9,5,2023,11:20,1,3,6,94,94028,2,3,1,1,2
202300051596,2,12,2023,15:00,1,1,6,44,44175,2,4,2,1,1
202300051597,12,6,2023,20:30,1,1,3,92,92051,1,3,1,1,1
202300051598,1,4,2023,12:30,1,3,2,68,68146,1,1,3,1,2
202300051599,26,8,2023,15:00,1,1,3,83,83137,1,1,3,1,1
202300051600,2,12,2023,03:54,3,1,1,44,44090,1,3,3,2,1
202300051601,27,11,2023,12:01,1,2,6,31,31390,2,6,-1,1,2
202300051602,12,6,2023,17:45,1,1,3,92,92051,2,4,1,1,1
202300051602,12,6,2023,17:45,1,1,3,92,92051,2,4,-1,1,1
202300051603,25,8,2023,17:10,1,1,5,33,33075,1,1,3,2,1
202300051604,27,10,2023,23:40,5,8,3,75,75104,2,4,1,1,1
202300051604,27,10,2023,23:40,5,8,3,75,75104,2,4,1,1,1
202300051605,17,7,2023,12:05,1,1,6,38,38485,2,7,2,2,1
202300051606,1,4,2023,19:10,1,4,7,10,10256,1,1,1,1,5
202300051607,1,12,2023,17:00,4,2,6,38,38501,2,3,2,1,2
202300051608,9,5,2023,16:50,1,2,4,94,94077,2,3,2,1,2
202300051608,9,5,2023,16:50,1,2,4,94,94077,2,3,1,1,2
202300051609,28,10,2023,20:30,3,2,3,94,94074,2,3,1,1,2