id_accident,jour,mois,annee,heure_minute,luminosite,meteo,type_collision,departement,commune,agglomeration,categorie_route,regime_circulation,profil_route,etat_surface
202300051610,1,4,2023,01:20,5,1,3,973,97307,2,2,2,1,1
202300051610,1,4,2023,01:20,5,1,3,973,97307,2,2,2,1,1
202300051611,18,8,2023,19:45,1,1,4,33,33063,1,1,3,1,1
202300051612,2,12,2023,19:00,2,9,1,02,02520,1,3,2,1,1
202300051613,9,5,2023,16:45,1,2,6,94,94054,2,4,2,1,2
202300051614,24,8,2023,19:25,1,3,6,59,59401,1,1,-1,1,2
202300051615,28,10,2023,21:30,3,2,5,94,94073,1,3,1,1,2
202300051616,17,7,2023,01:25,3,1,2,21,21054,1,1,3,1,1
202300051617,12,6,2023,16:20,1,1,4,92,92051,2,2,1,1,1
202300051618,9,5,2023,12:45,1,2,6,94,94017,2,3,3,2,2
202300051619,28,10,2023,09:40,1,2,6,94,94054,2,4,-1,1,2
202300051620,31,3,2023,10:00,1,6,7,44,44094,1,1,3,2,2
202300051621,26,8,2023,12:15,1,1,3,91,91037,1,1,3,1,1
202300051622,17,7,2023,20:10,1,1,7,13,13114,1,3,2,1,1
202300051623,9,5,2023,17:56,1,8,3,94,94071,2,4,2,1,2
202300051624,1,4,2023,03:00,5,1,7,987,98715,2,2,2,1,1
202300051625,28,10,2023,12:15,1,2,1,94,94053,2,4,2,2,2
202300051626,25,8,2023,07:05,1,8,3,94,94076,1,1,1,2,1
202300051627,12,6,2023,22:50,2,1,3,92,92050,2,3,2,1,1
202300051627,12,6,2023,22:50,2,1,3,92,92050,2,3,1,1,1
202300051628,2,12,2023,17:40,3,9,2,01,01258,1,3,2,1,2
202300051628,2,12,2023,17:40,3,9,2,01,01258,1,3,2,2,2
202300051629,15,7,2023,10:15,1,1,7,11,11145,1,1,-1,1,1
202300051630,25,8,2023,01:45,3,1,6,91,91377,1,1,1,2,1
202300051631,31,3,2023,17:15,1,1,6,06,06149,1,1,3,2,1
202300051632,9,5,2023,18:00,1,1,3,93,93073,2,4,2,1,1
202300051632,9,5,2023,18:00,1,1,3,93,93073,2,4,2,1,1
202300051633,2,12,2023,18:40,3,1,1,26,26213,1,3,2,1,1
202300051634,28,10,2023,11:10,1,1,1,93,93071,2,3,2,1,2
202300051634,28,10,2023,11:10,1,1,1,93,93071,2,3,3,1,2
202300051635,9,6,2023,22:45,5,1,3,92,92040,2,3,2,1,1
202300051636,15,7,2023,07:50,1,1,2,987,98712,2,2,3,1,1
202300051637,29,9,2023,05:20,2,1,2,987,98734,2,2,2,1,1
202300051638,26,8,2023,16:30,1,1,2,92,92072,1,2,1,2,1
202300051639,28,3,2023,16:45,1,1,5,987,98722,1,2,2,1,1
202300051640,12,6,2023,17:50,1,1,6,92,92036,2,3,2,1,1
202300051641,16,7,2023,02:30,3,1,6,988,98815,1,4,2,1,1
202300051642,28,10,2023,07:00,5,8,3,93,93050,2,3,2,1,2
202300051643,28,9,2023,17:15,1,1,3,68,68375,2,4,2,1,1
202300051643,28,9,2023,17:15,1,1,3,68,68375,2,4,1,1,1
202300051644,9,5,2023,16:45,1,8,4,93,93073,2,3,2,1,2
202300051644,9,5,2023,16:45,1,8,4,93,93073,2,3,2,1,2
202300051645,2,12,2023,19:00,3,1,5,64,64463,1,3,2,1,1
202300051646,12,6,2023,12:35,1,1,2,92,92012,2,3,1,1,1
202300051647,28,10,2023,16:17,1,2,3,93,93031,2,4,2,1,2
202300051648,17,7,2023,13:30,1,1,6,988,98803,1,2,2,2,1
202300051649,25,8,2023,15:10,1,1,4,78,78133,1,1,-1,1,1
202300051650,28,9,2023,21:42,4,1,2,95,95256,1,2,3,1,1
202300051651,16,7,2023,15:51,1,3,7,974,97408,1,3,2,2,2
202300051652,31,3,2023,19:15,3,1,2,971,97119,1,2,2,1,1
202300051653,9,5,2023,10:40,1,3,3,95,95527,1,1,1,1,2
202300051654,3,12,2023,09:40,1,1,5,43,43190,1,3,2,1,7
202300051655,12,6,2023,17:20,1,1,1,92,92002,2,3,2,1,1
202300051655,12,6,2023,17:20,1,1,1,92,92002,2,3,4,1,1
202300051656,24,8,2023,11:56,1,1,7,92,92047,1,1,3,1,1
202300051657,28,10,2023,09:00,2,1,1,93,93010,2,3,2,1,1
202300051657,28,10,2023,09:00,2,1,1,93,93010,2,3,2,1,1
202300051658,29,9,2023,14:25,1,1,5,973,97309,2,3,2,1,1
202300051659,9,5,2023,17:45,1,8,6,93,93066,2,3,2,1,1
202300051659,9,5,2023,17:45,1,8,6,93,93066,2,3,2,1,1
202300051660,13,6,2023,00:15,3,1,1,95,95436,1,3,2,3,1
202300051661,1,4,2023,11:02,1,1,5,971,97112,2,2,2,1,1
202300051661,1,4,2023,11:02,1,1,5,971,97112,2,2,2,1,1
202300051662,17,7,2023,01:00,3,1,5,973,97312,1,2,2,1,1
202300051663,28,10,2023,19:00,4,3,3,92,92036,2,4,1,1,3
202300051663,28,10,2023,19:00,4,3,3,92,92036,2,4,-1,1,3
202300051664,1,12,2023,17:30,5,3,6,04,04049,2,2,2,1,2
202300051665,28,9,2023,16:20,1,1,1,69,69244,2,4,2,2,1
202300051666,9,5,2023,10:10,1,2,6,93,93039,2,3,2,1,2
202300051667,18,8,2023,08:10,1,1,5,78,78206,1,1,3,1,1
202300051668,12,6,2023,23:05,4,1,7,68,68175,1,3,2,1,1
202300051669,16,7,2023,21:20,3,1,1,971,97128,1,4,2,1,2
202300051670,31,3,2023,21:00,5,6,3,37,37011,2,3,2,1,2
202300051670,31,3,2023,21:00,5,6,3,37,37011,2,3,2,1,2
202300051671,28,9,2023,17:35,1,1,1,17,17175,1,3,2,1,1
202300051672,9,5,2023,06:30,2,2,3,93,93066,2,4,2,1,2
202300051673,28,10,2023,19:18,5,1,3,92,92062,2,4,1,1,1
202300051673,28,10,2023,19:18,5,1,3,92,92062,2,4,2,1,1
202300051674,2,12,2023,17:45,3,1,1,85,85169,1,3,2,1,1
202300051675,26,8,2023,13:00,1,1,2,93,93066,1,1,3,1,1
202300051676,12,6,2023,10:55,1,1,3,68,68331,2,3,2,1,1
202300051676,12,6,2023,10:55,1,1,3,68,68331,2,3,2,1,1
202300051677,31,3,2023,18:10,1,2,6,91,91330,2,4,2,1,3
202300051678,13,7,2023,16:15,1,1,3,971,97112,1,3,2,3,1
202300051678,13,7,2023,16:15,1,1,3,971,97112,1,3,2,1,1
202300051679,28,10,2023,17:55,1,3,6,92,92040,2,3,1,1,2
202300051680,29,9,2023,03:35,3,1,2,57,57155,1,1,3,1,1
202300051681,3,12,2023,11:20,1,1,1,87,87192,2,3,2,2,1
202300051681,3,12,2023,11:20,1,1,1,87,87192,2,3,-1,2,-1
202300051682,9,5,2023,08:00,1,2,6,93,93046,2,3,3,1,2
202300051682,9,5,2023,08:00,1,2,6,93,93046,2,3,2,1,2
202300051683,12,6,2023,19:02,1,1,7,28,28173,1,3,2,2,1
202300051684,16,7,2023,02:10,3,1,6,41,41130,1,3,2,1,1
202300051685,1,4,2023,14:30,1,1,1,2B,2B034,1,2,2,2,1
202300051686,28,9,2023,23:35,5,1,6,31,31254,1,3,2,1,1
202300051687,2,12,2023,16:20,1,1,3,30,30138,1,3,-1,1,1
202300051688,9,5,2023,13:30,1,2,1,93,93046,2,4,2,2,2
202300051689,27,10,2023,17:31,2,2,1,92,92012,2,3,2,1,2
202300051689,27,10,2023,17:31,2,2,1,92,92012,2,3,2,1,2
202300051690,12,6,2023,18:25,2,7,3,67,67173,1,3,2,2,1
202300051690,12,6,2023,18:25,2,7,3,67,67173,1,3,2,2,1
202300051691,26,8,2023,12:00,1,1,4,93,93007,1,1,3,1,1
202300051692,16,3,2023,19:13,3,1,3,13,13004,1,3,2,1,1
202300051693,22,9,2023,18:30,1,2,6,69,69235,2,3,2,1,2
202300051693,22,9,2023,18:30,1,2,6,69,69235,2,3,1,1,2
202300051694,31,3,2023,22:43,5,2,6,51,51250,2,4,2,2,2
202300051695,16,7,2023,18:55,1,1,1,37,37210,1,3,2,1,1
202300051696,8,5,2023,12:45,1,1,3,93,93008,2,3,2,1,1
202300051696,8,5,2023,12:45,1,1,3,93,93008,2,3,3,1,1
202300051697,3,12,2023,11:18,1,1,3,30,30188,1,2,3,3,1
202300051698,12,6,2023,17:50,1,1,6,91,91665,2,4,2,1,1
202300051699,26,8,2023,11:00,1,1,3,93,93066,1,1,3,1,1
202300051700,28,10,2023,01:15,5,8,2,92,92007,2,4,1,2,2
202300051701,29,9,2023,08:25,1,1,1,974,97415,1,2,2,1,1
202300051702,3,12,2023,01:00,3,2,7,03,03193,1,1,3,4,7
202300051703,14,7,2023,21:45,2,1,3,77,77367,1,3,2,1,1
202300051703,14,7,2023,21:45,2,1,3,77,77367,1,3,2,1,1
202300051704,1,4,2023,10:50,1,1,6,73,73285,2,3,2,2,1
202300051705,7,4,2023,16:40,1,1,3,93,93001,2,3,1,1,1
202300051705,7,4,2023,16:40,1,1,3,93,93001,2,3,2,1,1
202300051706,25,9,2023,18:05,1,1,3,60,60350,2,3,2,1,1
202300051706,25,9,2023,18:05,1,1,3,60,60350,2,3,2,1,1
202300051707,25,8,2023,12:50,1,1,5,95,95256,1,2,3,1,1
202300051708,29,9,2023,14:00,1,1,3,973,97308,2,4,1,1,1
202300051708,29,9,2023,14:00,1,1,3,973,97308,2,4,2,1,1
202300051709,4,6,2023,06:15,2,1,1,62,62158,1,3,2,2,1
202300051710,28,10,2023,05:30,5,1,6,65,65398,1,3,2,1,1
202300051711,1,4,2023,08:19,1,2,5,38,38026,1,3,2,1,2
202300051712,25,8,2023,10:30,1,2,7,93,93053,1,1,3,2,2
202300051713,16,7,2023,19:00,1,1,6,84,84092,1,3,3,1,1
202300051714,1,12,2023,15:30,1,1,4,67,67249,1,1,3,1,2
202300051715,28,9,2023,16:09,1,1,1,28,28015,1,3,2,1,1
202300051716,9,5,2023,15:20,1,2,6,92,92078,2,3,-1,1,2
202300051716,9,5,2023,15:20,1,2,6,92,92078,2,3,3,1,2
202300051717,29,10,2023,03:55,3,2,6,14,14226,1,3,2,1,2
202300051718,12,6,2023,18:14,1,1,1,35,35173,1,3,2,2,1
202300051719,31,3,2023,21:55,3,1,2,69,69163,1,3,2,2,1
202300051720,16,7,2023,19:00,1,1,7,84,84054,1,5,-1,4,1
202300051721,29,9,2023,10:30,1,1,7,2A,2A247,1,3,2,2,1
202300051722,9,5,2023,14:14,1,2,6,92,92062,2,4,1,1,2
202300051723,1,4,2023,04:30,5,1,6,81,81105,2,3,2,2,1
202300051724,12,6,2023,15:15,1,1,3,79,79079,1,4,2,1,1
202300051725,26,10,2023,13:45,1,2,5,62,62461,1,3,2,1,2
202300051726,27,9,2023,08:55,1,1,6,13,13086,1,3,2,1,1
202300051727,25,8,2023,03:45,3,1,5,93,93053,1,1,1,2,1
202300051728,1,12,2023,17:54,3,2,4,11,11262,1,1,-1,2,2
202300051729,9,3,2023,22:45,3,6,2,22,22176,1,3,3,1,2
202300051730,17,7,2023,17:30,1,1,3,83,83065,1,3,3,1,1
202300051730,17,7,2023,17:30,1,1,3,83,83065,1,3,2,1,1
202300051731,9,5,2023,14:00,1,3,3,92,92050,2,3,1,1,2
202300051731,9,5,2023,14:00,1,3,3,92,92050,2,3,2,1,2
202300051732,2,1,2023,21:20,5,1,2,49,49007,2,4,3,1,1
202300051733,13,6,2023,12:40,1,1,3,80,80568,1,3,2,2,1
202300051733,13,6,2023,12:40,1,1,3,80,80568,1,3,2,2,1
202300051734,29,9,2023,06:50,2,1,7,73,73227,1,3,2,2,1
202300051735,28,10,2023,19:25,3,8,1,86,86203,1,3,2,3,2
202300051736,24,8,2023,23:40,3,1,6,95,95572,1,1,3,1,1
202300051737,4,1,2023,19:09,5,2,6,45,45234,2,4,3,1,2
202300051738,14,11,2023,12:00,1,1,6,971,97117,1,3,2,2,1
202300051739,17,7,2023,19:00,1,1,3,83,83063,1,3,-1,2,1
202300051740,9,5,2023,10:00,1,2,7,92,92049,2,4,2,1,2
202300051741,12,6,2023,18:25,1,1,6,89,89076,1,3,2,1,1
202300051742,17,9,2023,16:10,1,1,6,07,07245,2,4,2,2,1
202300051743,4,1,2023,18:40,5,2,6,44,44109,2,4,2,1,2
202300051744,29,10,2023,09:30,1,1,1,26,26259,1,4,2,1,1
202300051745,27,5,2023,00:25,3,1,7,14,14220,2,4,2,2,1
202300051746,2,12,2023,22:10,3,6,1,83,83068,1,3,2,1,1
202300051747,1,4,2023,18:30,1,2,2,60,60439,1,3,2,2,2
202300051748,28,9,2023,08:30,1,1,6,01,01276,2,4,2,1,1
202300051749,9,5,2023,17:32,1,1,2,92,92044,2,4,1,1,1
202300051750,3,12,2023,13:25,1,1,7,83,83029,1,3,2,3,9
202300051751,30,3,2023,18:10,1,1,6,83,83137,1,1,1,1,1
202300051752,29,10,2023,07:15,1,8,1,38,38238,1,3,2,1,1
202300051753,12,6,2023,12:34,1,1,3,49,49374,1,3,2,1,1
202300051754,16,7,2023,16:30,1,1,5,83,83077,1,3,2,1,1
202300051755,4,1,2023,19:35,5,1,3,33,33039,2,4,2,1,1
202300051755,4,1,2023,19:35,5,1,3,33,33039,2,4,2,1,1
202300051756,16,6,2023,20:45,1,1,2,42,42207,2,4,1,2,1
202300051757,9,5,2023,09:26,1,3,3,92,92044,2,4,1,1,2
202300051758,25,3,2023,08:30,1,1,3,69,69091,1,1,3,1,1
202300051759,27,10,2023,15:25,1,1,1,84,84088,1,3,2,1,1
202300051760,3,12,2023,15:40,1,1,1,13,13042,1,3,2,2,1
202300051761,26,9,2023,17:40,1,1,3,46,46015,1,2,2,1,1
202300051761,26,9,2023,17:40,1,1,3,46,46015,1,2,2,-1,-1
202300051762,3,12,2023,06:00,3,1,6,57,57631,1,2,3,2,1
202300051763,16,7,2023,21:23,5,1,6,06,06099,2,4,2,1,1
202300051764,16,6,2023,18:45,1,1,1,93,93078,2,4,2,1,1
202300051764,16,6,2023,18:45,1,1,1,93,93078,2,4,2,1,1
202300051765,9,5,2023,07:40,1,2,6,92,92044,2,4,1,1,2
202300051765,9,5,2023,07:40,1,2,6,92,92044,2,4,1,1,2
202300051766,6,6,2023,17:45,1,1,2,41,41239,2,3,2,1,1
202300051766,6,6,2023,17:45,1,1,2,41,41239,2,3,2,-1,-1
202300051767,28,9,2023,18:00,1,1,6,46,46140,1,1,1,1,1
202300051768,27,10,2023,20:50,5,2,3,33,33478,2,3,2,1,2
202300051768,27,10,2023,20:50,5,2,3,33,33478,2,3,2,1,2
202300051769,1,12,2023,10:00,1,2,6,63,63335,1,3,2,1,2
202300051770,16,7,2023,18:14,1,1,6,06,06101,1,3,2,1,1
202300051771,31,3,2023,15:40,1,1,3,91,91161,1,1,3,1,1
202300051772,4,1,2023,18:15,5,1,3,33,33069,2,4,2,1,1
202300051772,4,1,2023,18:15,5,1,3,33,33069,2,4,2,1,1
202300051773,27,9,2023,21:00,3,1,7,09,09143,1,3,2,1,1
202300051774,12,6,2023,13:25,1,1,3,34,34031,1,3,2,1,2
202300051775,8,5,2023,21:35,5,1,6,92,92036,2,3,3,1,1
202300051775,8,5,2023,21:35,5,1,6,92,92036,2,3,3,1,1
202300051776,10,6,2023,02:00,5,1,3,93,93055,2,3,3,1,1
202300051777,29,10,2023,08:35,1,2,1,06,06161,2,3,2,2,2
202300051778,29,6,2023,11:00,1,2,1,06,06014,1,3,2,1,2
202300051779,16,2,2023,13:20,1,1,2,47,47185,1,3,2,1,1
202300051780,30,3,2023,18:20,1,1,2,78,78646,1,2,1,1,1
202300051781,4,1,2023,19:45,3,2,2,29,29254,1,2,3,1,2
202300051782,29,9,2023,07:40,2,1,3,33,33238,1,3,2,1,1
202300051782,29,9,2023,07:40,2,1,3,33,33238,1,3,2,1,1
202300051783,12,6,2023,14:00,1,7,3,68,68374,1,3,2,2,1
202300051783,12,6,2023,14:00,1,7,3,68,68374,1,3,2,1,1
202300051784,29,10,2023,06:09,1,1,6,974,97404,2,4,-1,2,1
202300051785,2,12,2023,14:35,1,4,5,38,38348,1,3,2,1,2
202300051786,11,2,2023,14:45,1,1,7,22,22030,1,4,2,1,1
202300051787,16,7,2023,16:50,1,1,3,05,05077,1,3,2,2,1
202300051788,15,6,2023,16:00,1,1,4,95,95277,1,1,3,1,1
202300051789,3,1,2023,19:50,5,2,1,29,29019,2,4,2,1,2
202300051789,3,1,2023,19:50,5,2,1,29,29019,2,4,-1,2,2
202300051790,9,5,2023,19:35,1,2,4,92,92026,2,3,1,1,2
202300051790,9,5,2023,19:35,1,2,4,92,92026,2,3,1,1,2
202300051791,28,9,2023,13:55,1,1,2,33,33312,1,3,2,1,1
202300051792,30,3,2023,08:20,1,1,5,78,78090,1,1,3,1,1
202300051793,12,6,2023,18:30,1,1,3,35,35162,1,3,2,1,1
202300051794,2,12,2023,15:45,1,4,1,38,38152,2,3,2,3,7
202300051795,7,2,2023,06:00,3,1,1,25,25321,1,3,-1,1,1
202300051796,17,7,2023,09:00,1,1,1,25,25298,1,3,2,2,1
202300051797,14,6,2023,17:20,1,1,5,93,93048,1,1,3,1,1
202300051798,27,9,2023,09:15,1,1,3,57,57245,2,3,2,1,1
202300051799,11,6,2023,04:30,3,1,6,29,29026,1,3,2,1,1
202300051800,2,12,2023,17:20,3,4,6,38,38152,1,3,2,3,7
202300051801,9,5,2023,20:10,1,1,3,92,92026,2,3,2,1,1
202300051801,9,5,2023,20:10,1,1,3,92,92026,2,3,1,2,1
202300051802,2,1,2023,18:08,3,9,2,27,27681,1,3,2,2,1
202300051803,31,3,2023,09:00,1,2,2,92,92036,1,1,3,1,2
202300051804,28,10,2023,21:15,3,8,3,14,14027,1,3,2,1,2
202300051804,28,10,2023,21:15,3,8,3,14,14027,1,3,2,1,2
202300051805,23,6,2023,18:00,1,1,6,67,67282,2,6,-1,1,1
202300051806,10,6,2023,01:40,3,1,7,31,31341,1,3,2,1,1
202300051807,10,5,2023,15:29,1,1,7,60,60643,1,3,2,4,1
202300051808,27,9,2023,14:10,1,1,1,13,13022,1,1,1,2,1
202300051809,16,2,2023,16:55,1,1,3,01,01263,2,4,2,1,1
202300051810,23,8,2023,16:30,1,2,2,974,97416,1,2,2,2,2
202300051811,23,10,2023,09:13,1,2,3,58,58193,1,3,-1,1,2
202300051812,17,7,2023,11:20,1,1,6,73,73280,1,3,2,2,1
202300051813,29,3,2023,19:10,1,1,2,95,95277,1,3,3,1,1
202300051814,2,12,2023,06:45,5,1,3,69,69009,2,3,2,1,1
202300051814,2,12,2023,06:45,5,1,3,69,69009,2,3,2,1,1
202300051815,13,6,2023,15:58,1,1,3,03,03284,1,3,2,1,1
202300051815,13,6,2023,15:58,1,1,3,03,03284,1,3,2,1,1
202300051816,10,5,2023,08:45,1,2,3,50,50027,1,3,2,1,2
202300051817,28,9,2023,16:10,1,1,3,77,77251,1,1,-1,1,1
202300051818,17,2,2023,08:10,1,1,3,66,66106,1,3,2,1,1
202300051819,11,6,2023,13:45,1,1,6,03,03208,1,3,2,1,1
202300051820,2,12,2023,19:20,3,2,6,40,40277,1,3,2,3,2
202300051821,29,10,2023,16:40,1,1,1,06,06064,1,4,2,1,1
202300051822,16,7,2023,16:45,1,1,6,73,73228,1,3,2,1,1
202300051823,24,8,2023,09:00,1,1,4,974,97411,2,2,3,1,1
202300051824,4,1,2023,12:25,1,1,3,25,25462,2,2,2,1,1
202300051825,8,5,2023,15:30,1,1,7,33,33106,2,3,-1,1,1
202300051826,29,3,2023,18:45,1,1,2,95,95572,1,2,3,1,1
202300051827,29,1,2023,22:15,5,1,6,72,72359,2,3,2,1,1
202300051828,29,10,2023,03:15,4,1,6,42,42271,1,7,2,1,1
202300051829,3,12,2023,20:50,4,3,6,29,29042,2,4,2,2,2
202300051830,28,9,2023,09:20,1,1,3,91,91661,1,1,1,1,1
202300051831,22,8,2023,04:15,3,9,6,974,97411,2,2,3,1,2
202300051832,10,6,2023,12:15,1,1,3,01,01266,2,3,2,1,1
202300051832,10,6,2023,12:15,1,1,3,01,01266,2,3,-1,2,1
202300051833,17,7,2023,08:45,1,7,6,42,42304,2,3,3,1,1
202300051834,4,1,2023,19:30,5,8,3,22,22278,2,4,2,1,2
202300051835,31,3,2023,17:30,1,2,2,94,94017,1,1,1,1,2
202300051836,28,9,2023,05:50,3,1,3,92,92002,1,1,1,1,1
202300051837,13,6,2023,12:45,1,1,6,01,01319,1,3,2,2,1
202300051838,5,2,2023,11:45,1,1,3,05,05017,1,2,2,1,1
202300051838,5,2,2023,11:45,1,1,3,05,05017,1,2,2,1,1
202300051839,16,7,2023,20:00,2,1,6,38,38532,1,3,2,1,1
202300051840,10,5,2023,15:10,1,1,4,76,76055,1,1,3,1,1
202300051841,4,1,2023,19:00,3,2,3,17,17461,2,4,1,1,2
202300051842,20,8,2023,12:15,1,1,3,974,97411,2,2,3,1,1
202300051842,20,8,2023,12:15,1,1,3,974,97411,2,2,-1,1,1
202300051843,2,12,2023,17:40,3,1,6,76,76464,1,7,2,1,1
202300051844,31,3,2023,13:00,1,1,6,94,94017,1,1,3,1,1
202300051845,27,9,2023,18:00,1,1,3,93,93008,1,1,3,1,1
202300051846,10,5,2023,03:20,3,1,6,71,71305,1,1,3,1,1
202300051847,17,7,2023,16:20,1,1,1,26,26074,1,3,2,2,1
202300051848,24,8,2023,10:00,1,1,6,974,97407,2,4,-1,1,1
202300051849,28,10,2023,20:00,5,1,1,30,30217,2,3,2,2,1
202300051850,3,12,2023,02:16,3,9,6,02,02697,1,3,2,1,1
202300051851,13,6,2023,18:30,1,1,6,54,54059,1,3,2,2,1
202300051852,31,3,2023,01:55,3,3,6,77,77373,1,2,3,1,2
202300051853,4,1,2023,08:15,5,2,6,14,14118,2,4,2,1,2
202300051854,28,9,2023,22:32,3,1,6,94,94011,1,2,1,1,1
202300051855,10,5,2023,15:00,1,2,7,23,23154,1,4,2,2,2
202300051856,24,8,2023,10:40,1,1,6,69,69383,2,4,2,1,1
202300051857,15,7,2023,14:30,1,1,6,01,01211,1,3,2,2,1
202300051858,6,6,2023,07:00,1,1,6,06,06086,1,3,2,2,1
202300051859,1,12,2023,18:58,5,1,6,59,59092,2,4,2,1,1
202300051860,9,5,2023,18:00,1,2,6,63,63248,1,3,2,2,2
202300051861,4,1,2023,13:10,1,1,3,13,13210,2,4,2,1,1
202300051862,27,10,2023,21:20,3,3,1,22,22391,1,3,2,1,2
202300051862,27,10,2023,21:20,3,3,1,22,22391,1,3,2,1,2
202300051863,27,9,2023,07:40,1,1,3,94,94046,1,1,3,1,1
202300051864,14,7,2023,05:30,3,1,7,86,86297,1,3,2,1,1
202300051865,24,8,2023,16:32,1,1,2,972,97213,1,1,3,1,1
202300051866,30,3,2023,22:15,4,2,2,94,94018,1,1,1,1,2
202300051867,12,6,2023,16:55,1,7,1,50,50417,2,3,2,1,1
202300051868,4,1,2023,10:45,1,1,7,13,13205,2,4,2,1,1
202300051869,1,12,2023,20:00,5,1,2,13,13210,1,1,1,1,1
202300051870,17,2,2023,03:40,3,1,6,07,07157,2,3,2,1,1
202300051871,9,5,2023,08:05,1,3,2,86,86223,2,3,2,2,2
202300051872,29,6,2023,16:45,1,1,7,64,64496,2,3,1,1,8
202300051873,27,10,2023,19:00,3,2,7,57,57138,1,3,2,1,6
202300051874,24,8,2023,14:35,1,1,6,69,69389,2,4,2,2,1
202300051875,30,3,2023,08:30,1,1,6,77,77122,2,4,2,1,1
202300051876,4,1,2023,11:00,1,1,6,13,13201,2,4,3,2,1
202300051877,20,6,2023,08:35,1,1,1,29,29271,1,3,2,1,1
202300051878,9,5,2023,19:45,1,2,7,14,14061,1,3,2,2,2
202300051879,12,6,2023,17:15,1,1,6,50,50487,2,3,-1,4,1
202300051879,12,6,2023,17:15,1,1,6,50,50487,2,3,2,1,1
202300051880,7,2,2023,16:00,1,1,2,24,24274,1,3,2,1,1
202300051881,16,7,2023,09:45,1,1,6,49,49027,2,4,2,1,1
202300051882,1,12,2023,22:58,3,1,6,13,13071,1,1,1,1,2
202300051883,4,1,2023,10:10,1,1,6,13,13208,2,4,2,1,1
202300051884,9,5,2023,08:11,1,1,6,38,38301,1,3,2,1,1
202300051885,24,8,2023,13:45,1,1,6,69,69384,2,4,2,1,1
202300051885,24,8,2023,13:45,1,1,6,69,69384,2,4,2,1,1
202300051886,14,2,2023,14:43,1,1,6,35,35352,2,3,2,1,1
202300051887,27,9,2023,07:00,1,1,2,974,97416,2,4,3,2,1
202300051888,12,6,2023,15:00,1,1,2,64,64314,1,3,2,3,1
202300051889,2,12,2023,15:05,1,1,3,33,33281,1,1,3,1,1
202300051890,4,1,2023,08:00,2,1,3,11,11069,1,3,1,1,1
202300051891,18,8,2023,15:00,1,1,6,971,97101,1,4,1,1,1
202300051892,29,10,2023,11:00,1,6,2,63,63187,1,3,2,1,2
202300051892,29,10,2023,11:00,1,6,2,63,63187,1,3,-1,1,2
202300051893,14,2,2023,13:50,1,7,2,42,42268,1,1,3,1,1
202300051894,30,3,2023,16:15,1,1,6,93,93014,2,3,2,1,1
202300051894,30,3,2023,16:15,1,1,6,93,93014,2,3,3,1,1
202300051895,9,5,2023,11:26,1,3,4,37,37250,1,1,3,1,2
202300051896,26,9,2023,22:05,5,1,3,974,97411,2,2,2,3,1
202300051896,26,9,2023,22:05,5,1,3,974,97411,2,2,2,1,1
202300051897,13,6,2023,14:25,1,1,1,16,16170,1,3,2,1,1
202300051898,16,7,2023,15:30,1,2,7,50,50531,1,3,2,2,2
202300051899,16,8,2023,00:36,5,1,2,971,97113,1,2,-1,1,1
202300051899,16,8,2023,00:36,5,1,2,971,97113,1,2,2,1,1
202300051900,3,1,2023,18:35,5,1,3,10,10060,2,4,2,1,1
202300051901,29,10,2023,10:45,1,2,1,63,63047,1,3,2,1,2
202300051902,17,2,2023,11:15,1,8,6,37,37240,1,3,2,1,2
202300051903,6,5,2023,09:15,1,1,6,51,51507,2,6,-1,1,1
202300051904,30,3,2023,08:40,1,1,6,92,92050,2,3,1,1,1
202300051904,30,3,2023,08:40,1,1,6,92,92050,2,3,2,1,1
202300051905,12,7,2023,15:19,1,1,7,29,29094,1,3,2,2,1
202300051906,12,6,2023,08:20,1,1,6,53,53040,1,3,2,2,1
202300051907,2,12,2023,10:30,1,1,4,33,33063,1,1,3,2,1
202300051908,24,8,2023,11:10,1,1,2,2A,2A004,2,2,2,1,1
202300051909,3,1,2023,11:06,1,1,6,10,10297,2,4,2,1,1
202300051910,28,10,2023,14:25,1,3,7,61,61037,1,3,2,1,2
202300051911,29,3,2023,08:45,1,1,3,92,92004,2,4,1,1,1
202300051912,12,6,2023,22:55,3,1,6,21,21547,1,3,2,2,1
202300051913,28,10,2023,21:30,5,2,1,55,55063,2,4,2,1,2
202300051914,3,1,2023,21:25,5,8,6,09,09122,2,3,1,4,1
202300051914,3,1,2023,21:25,5,8,6,09,09122,2,3,1,2,1
202300051915,27,9,2023,10:30,3,2,4,972,97209,1,3,1,1,2
202300051916,24,8,2023,18:40,1,1,6,95,95268,2,3,3,1,1
202300051917,15,7,2023,22:40,3,2,3,22,22168,2,3,2,1,2
202300051918,2,12,2023,15:45,1,1,2,91,91340,1,1,1,1,1
202300051919,5,5,2023,11:00,1,2,3,56,56122,1,3,2,2,2
202300051919,5,5,2023,11:00,1,2,3,56,56122,1,3,2,2,2
202300051920,12,6,2023,15:33,1,3,6,04,04054,1,2,2,2,3
202300051921,17,2,2023,12:52,1,1,7,72,72198,1,1,1,1,1
202300051922,29,10,2023,09:00,1,3,5,55,55010,1,2,3,1,2
202300051923,27,3,2023,11:25,1,1,6,62,62895,2,4,2,1,1
202300051924,14,7,2023,05:00,3,1,7,59,59562,1,3,1,1,1
202300051925,24,8,2023,15:10,1,2,1,91,91201,2,4,2,1,2