id_accident,jour,mois,annee,heure_minute,luminosite,meteo,type_collision,departement,commune,agglomeration,categorie_route,regime_circulation,profil_route,etat_surface
202300051925,24,8,2023,15:10,1,2,1,91,91201,2,4,2,1,2
202300051926,27,9,2023,17:18,1,1,6,69,69381,2,4,1,2,1
202300051927,3,1,2023,06:10,5,1,3,06,06123,2,7,2,1,1
202300051928,2,12,2023,02:40,3,1,6,91,91363,1,2,1,2,1
202300051929,9,5,2023,13:25,1,1,1,76,76219,2,3,4,1,2
202300051930,29,10,2023,09:00,1,8,6,49,49069,1,3,2,1,2
202300051931,21,1,2023,01:46,5,4,6,25,25462,2,4,1,1,5
202300051932,2,12,2023,15:15,1,1,6,93,93010,1,1,3,1,1
202300051933,13,6,2023,08:00,1,1,7,27,27284,1,3,2,3,1
202300051933,13,6,2023,08:00,1,1,7,27,27284,1,3,2,3,1
202300051934,19,8,2023,17:20,1,8,3,91,91691,2,3,2,1,1
202300051934,19,8,2023,17:20,1,8,3,91,91691,2,3,2,1,1
202300051935,4,1,2023,08:45,1,1,6,93,93070,2,4,1,1,1
202300051936,27,9,2023,05:50,2,1,7,2B,2B033,1,4,3,1,1
202300051937,28,10,2023,15:36,1,1,6,39,39535,1,3,2,1,1
202300051938,30,3,2023,14:00,1,1,3,976,97611,1,2,2,1,1
202300051939,13,6,2023,08:45,1,1,7,17,17434,1,3,2,1,1
202300051940,10,5,2023,17:15,1,1,6,82,82190,1,3,2,1,1
202300051941,1,12,2023,20:30,3,1,3,93,93053,1,1,3,1,1
202300051942,16,7,2023,06:30,1,1,3,13,13213,1,1,1,1,1
202300051943,4,1,2023,17:45,5,2,2,75,75117,2,4,1,1,2
202300051944,24,8,2023,21:57,5,1,3,91,91434,2,3,2,1,1
202300051944,24,8,2023,21:57,5,1,3,91,91434,2,3,2,1,1
202300051945,27,9,2023,18:25,3,1,6,971,97120,1,9,1,1,1
202300051946,5,6,2023,15:35,1,1,6,37,37050,2,4,2,1,1
202300051947,30,3,2023,17:18,1,1,3,974,97416,2,4,2,1,1
202300051948,29,10,2023,07:56,2,8,1,39,39404,1,3,2,2,2
202300051949,17,2,2023,13:30,1,7,3,34,34157,2,4,1,1,1
202300051950,24,8,2023,11:17,1,1,7,87,87050,2,4,2,1,1
202300051951,10,5,2023,17:55,1,1,3,89,89267,1,3,2,1,1
202300051951,10,5,2023,17:55,1,1,3,89,89267,1,3,-1,1,1
202300051952,30,3,2023,11:28,1,1,6,974,97416,2,4,2,2,1
202300051953,3,1,2023,17:00,5,1,4,75,75113,2,4,1,1,1
202300051954,1,12,2023,19:45,3,1,4,93,93048,1,1,3,1,1
202300051955,29,10,2023,04:20,5,1,6,25,25228,2,3,2,1,1
202300051956,11,6,2023,17:45,1,1,2,08,08361,2,3,2,1,1
202300051957,16,7,2023,12:50,1,1,2,91,91689,1,1,3,1,1
202300051958,4,5,2023,19:45,1,1,7,49,49100,1,3,3,1,1
202300051959,16,2,2023,16:30,1,1,2,34,34213,1,3,2,1,1
202300051960,23,8,2023,08:55,1,1,6,87,87085,2,4,2,1,1
202300051961,30,3,2023,20:35,5,1,7,973,97302,2,3,2,1,1
202300051962,28,10,2023,05:20,3,1,6,29,29236,1,3,2,2,2
202300051963,2,12,2023,06:50,3,1,6,95,95424,1,1,3,1,1
202300051964,3,1,2023,10:25,1,1,3,75,75112,2,4,1,1,1
202300051965,27,9,2023,12:00,1,1,3,91,91589,2,3,2,1,1
202300051965,27,9,2023,12:00,1,1,3,91,91589,2,3,2,1,1
202300051966,13,6,2023,17:20,1,1,3,13,13103,1,3,4,1,1
202300051966,13,6,2023,17:20,1,1,3,13,13103,1,3,2,1,1
202300051967,23,8,2023,16:55,1,1,3,85,85194,2,4,2,1,1
202300051968,16,7,2023,05:00,2,1,2,91,91377,1,1,3,1,1
202300051969,1,12,2023,16:00,1,1,6,95,95088,1,3,3,2,1
202300051970,29,3,2023,12:30,1,1,3,973,97302,2,4,2,1,1
202300051970,29,3,2023,12:30,1,1,3,973,97302,2,4,1,1,9
202300051971,27,9,2023,09:40,1,1,6,91,91027,2,4,2,1,1
202300051972,15,2,2023,19:40,4,1,3,34,34145,1,3,2,1,1
202300051972,15,2,2023,19:40,4,1,3,34,34145,1,3,2,1,1
202300051973,10,5,2023,10:25,1,1,1,41,41185,1,3,2,1,1
202300051974,29,10,2023,09:05,1,2,2,29,29182,1,3,2,1,2
202300051974,29,10,2023,09:05,1,2,2,29,29182,1,3,2,1,2
202300051975,24,8,2023,08:00,1,1,2,83,83137,2,4,2,1,1
202300051976,13,6,2023,08:50,1,2,1,69,69244,2,4,2,1,2
202300051976,13,6,2023,08:50,1,2,1,69,69244,2,4,2,1,2
202300051977,16,7,2023,16:07,1,1,2,92,92064,1,1,1,1,1
202300051978,1,12,2023,18:35,5,1,6,976,97611,2,4,2,1,1
202300051979,30,3,2023,16:55,1,1,2,972,97209,1,2,2,1,1
202300051980,9,5,2023,13:55,1,1,6,38,38416,2,3,2,1,1
202300051981,27,9,2023,08:35,1,1,6,86,86214,2,6,-1,1,1
202300051982,23,8,2023,17:15,1,1,6,83,83144,2,4,2,1,1
202300051983,4,1,2023,19:05,5,2,6,94,94067,2,3,2,1,2
202300051983,4,1,2023,19:05,5,2,6,94,94067,2,3,1,1,2
202300051984,28,9,2023,00:00,5,2,6,85,85191,1,4,2,1,2
202300051985,30,3,2023,13:00,1,1,3,972,97209,2,3,2,1,1
202300051986,27,11,2023,11:00,1,1,5,974,97416,1,3,2,1,1
202300051987,10,5,2023,11:45,1,1,6,03,03281,1,3,2,1,1
202300051988,13,6,2023,11:00,1,1,3,38,38052,1,3,2,4,1
202300051988,13,6,2023,11:00,1,1,3,38,38052,1,3,2,2,1
202300051989,17,2,2023,00:30,5,1,7,83,83042,2,3,1,1,1
202300051990,1,8,2023,22:00,4,2,7,79,79329,2,3,2,2,2
202300051990,1,8,2023,22:00,4,2,7,79,79329,2,3,2,4,2
202300051991,4,1,2023,07:10,5,2,6,94,94046,2,3,3,1,2
202300051991,4,1,2023,07:10,5,2,6,94,94046,2,3,2,1,2
202300051992,15,7,2023,13:50,1,1,5,92,92012,1,1,3,1,1
202300051993,25,9,2023,18:25,1,1,1,83,83137,2,4,2,2,1
202300051993,25,9,2023,18:25,1,1,1,83,83137,2,4,2,2,1
202300051994,1,12,2023,13:05,1,1,7,974,97411,1,4,2,2,1
202300051995,12,6,2023,14:50,1,1,6,27,27249,1,1,3,1,1
202300051996,9,5,2023,13:45,1,2,6,70,70493,1,3,2,1,2
202300051997,30,3,2023,08:00,1,1,3,972,97209,1,3,2,1,1
202300051997,30,3,2023,08:00,1,1,3,972,97209,1,3,2,1,1
202300051998,28,10,2023,19:05,3,3,5,29,29076,1,3,2,1,2
202300051998,28,10,2023,19:05,3,3,5,29,29076,1,3,2,1,1
202300051999,24,8,2023,05:30,5,1,3,78,78401,2,3,2,1,1
202300051999,24,8,2023,05:30,5,1,3,78,78401,2,3,3,1,1
202300052000,11,6,2023,04:00,3,1,6,971,97112,1,2,2,4,1
202300052001,15,7,2023,19:20,1,1,7,95,95394,1,2,3,1,1
202300052002,4,1,2023,12:40,1,2,3,94,94041,2,4,1,2,2
202300052003,26,9,2023,17:05,1,1,6,82,82121,2,4,2,1,1
202300052004,16,2,2023,20:05,5,1,3,89,89013,2,3,2,1,1
202300052004,16,2,2023,20:05,5,1,3,89,89013,2,3,2,1,1
202300052005,30,11,2023,09:30,1,2,2,974,97411,2,4,2,2,2
202300052006,5,5,2023,16:15,1,1,6,06,06059,2,7,2,1,1
202300052007,28,10,2023,06:15,5,2,6,02,02807,2,3,2,2,2
202300052007,28,10,2023,06:15,5,2,6,02,02807,2,3,2,1,2
202300052008,11,6,2023,18:00,1,1,6,971,97134,1,4,2,1,1
202300052009,15,7,2023,20:20,1,1,6,93,93006,1,1,1,2,1
202300052010,29,3,2023,09:50,1,1,2,69,69389,2,4,2,1,1
202300052011,24,8,2023,11:10,1,6,1,76,76178,1,7,2,1,1
202300052011,24,8,2023,11:10,1,6,1,76,76178,1,7,2,1,1
202300052012,4,1,2023,18:04,5,2,6,94,94021,2,3,3,1,2
202300052013,6,5,2023,18:43,1,1,7,05,05127,1,3,2,2,1
202300052014,14,2,2023,13:00,1,5,7,67,67397,1,3,2,1,1
202300052015,27,10,2023,20:35,5,1,1,84,84089,2,3,1,1,2
202300052016,11,6,2023,15:28,1,1,3,972,97224,2,3,2,3,1
202300052017,3,1,2023,17:05,5,1,3,94,94028,2,3,2,1,1
202300052018,28,11,2023,21:40,5,1,3,974,97411,2,2,1,1,1
202300052018,28,11,2023,21:40,5,1,3,974,97411,2,2,2,1,1
202300052019,13,3,2023,13:01,1,8,3,2B,2B120,2,2,2,1,1
202300052020,23,8,2023,13:30,1,1,3,76,76351,1,4,3,1,1
202300052020,23,8,2023,13:30,1,1,3,76,76351,1,4,2,1,1
202300052021,16,7,2023,13:50,1,1,4,75,75112,1,1,3,1,1
202300052022,16,2,2023,19:05,5,1,2,63,63284,2,4,2,2,1
202300052023,12,6,2023,09:40,1,1,3,13,13087,1,3,2,2,1
202300052023,12,6,2023,09:40,1,1,3,13,13087,1,3,2,1,1
202300052024,1,12,2023,16:30,1,1,3,973,97302,2,3,2,1,1
202300052025,9,5,2023,11:40,1,2,3,50,50419,2,3,2,1,2
202300052025,9,5,2023,11:40,1,2,3,50,50419,2,3,2,1,2
202300052026,3,1,2023,15:50,1,1,3,94,94069,2,3,2,2,1
202300052026,3,1,2023,15:50,1,1,3,94,94069,2,3,3,1,1
202300052027,24,8,2023,17:10,1,1,3,69,69264,2,4,2,1,1
202300052027,24,8,2023,17:10,1,1,3,69,69264,2,4,2,1,1
202300052028,16,7,2023,09:20,1,1,6,77,77337,1,2,1,4,1
202300052029,15,2,2023,20:00,5,1,3,42,42022,2,4,2,1,1
202300052030,27,3,2023,09:15,1,1,3,95,95203,2,3,2,1,1
202300052030,27,3,2023,09:15,1,1,3,95,95203,2,3,2,1,1
202300052031,29,10,2023,01:30,5,2,7,58,58085,2,4,-1,4,2
202300052032,27,9,2023,14:30,1,1,2,77,77132,2,4,-1,1,1
202300052033,1,6,2023,18:10,1,1,6,77,77440,1,3,2,1,1
202300052034,1,12,2023,14:25,1,1,3,973,97302,2,4,1,1,1
202300052035,3,1,2023,14:20,1,8,3,94,94017,2,3,1,1,1
202300052035,3,1,2023,14:20,1,8,3,94,94017,2,3,3,1,1
202300052036,17,2,2023,01:42,3,1,7,69,69289,2,3,1,1,1
202300052037,23,8,2023,18:30,1,1,1,69,69264,2,3,2,1,1
202300052037,23,8,2023,18:30,1,1,1,69,69264,2,3,2,1,1
202300052038,9,5,2023,18:00,1,2,3,50,50388,1,3,2,2,2
202300052038,9,5,2023,18:00,1,2,3,50,50388,1,3,2,1,2
202300052039,29,10,2023,08:02,1,2,7,54,54128,1,2,3,2,2
202300052040,13,6,2023,10:10,1,1,1,2A,2A247,2,3,2,1,1
202300052041,1,12,2023,18:00,5,2,3,69,69388,2,4,2,1,2
202300052042,27,9,2023,12:15,1,1,6,69,69029,2,7,2,1,1
202300052042,27,9,2023,12:15,1,1,6,69,69029,2,7,2,1,1
202300052043,16,7,2023,05:55,2,1,7,77,77122,1,2,3,1,1
202300052044,29,10,2023,18:28,3,1,2,50,50215,1,3,2,1,1
202300052045,20,8,2023,17:10,1,1,3,69,69264,2,3,2,1,1
202300052045,20,8,2023,17:10,1,1,3,69,69264,2,3,2,1,1
202300052046,4,1,2023,13:36,1,1,2,93,93078,2,3,3,1,1
202300052046,4,1,2023,13:36,1,1,2,93,93078,2,3,3,1,1
202300052047,17,2,2023,15:10,1,1,1,81,81120,1,2,2,1,1
202300052048,30,3,2023,09:30,1,1,6,91,91326,2,4,2,1,1
202300052049,9,5,2023,18:30,1,1,7,50,50568,1,3,2,1,1
202300052049,9,5,2023,18:30,1,1,7,50,50568,1,3,2,1,1
202300052050,9,6,2023,13:00,1,1,3,66,66133,1,4,2,1,1
202300052050,9,6,2023,13:00,1,1,3,66,66133,1,4,2,1,1
202300052051,1,12,2023,15:55,1,1,3,972,97213,2,9,2,1,1
202300052052,29,10,2023,08:30,2,3,6,45,45035,2,4,2,1,2
202300052053,27,9,2023,08:44,1,1,3,69,69286,1,7,2,1,1
202300052053,27,9,2023,08:44,1,1,3,69,69286,1,7,1,1,1
202300052054,30,4,2023,08:00,1,1,6,43,43020,2,3,2,1,1
202300052055,4,1,2023,17:50,5,2,3,93,93033,2,4,2,2,2
202300052055,4,1,2023,17:50,5,2,3,93,93033,2,4,2,2,2
202300052056,24,8,2023,16:50,1,1,3,69,69259,2,4,2,1,1
202300052056,24,8,2023,16:50,1,1,3,69,69259,2,4,2,1,1
202300052057,16,2,2023,15:15,1,1,3,44,44047,2,7,2,2,1
202300052057,16,2,2023,15:15,1,1,3,44,44047,2,7,2,1,1
202300052058,13,6,2023,08:50,1,1,3,34,34022,1,2,2,1,1
202300052059,28,10,2023,20:15,3,6,6,43,43025,1,3,2,2,1
202300052060,9,5,2023,09:39,1,1,1,64,64001,1,3,2,1,1
202300052060,9,5,2023,09:39,1,1,1,64,64001,1,3,2,1,1
202300052061,23,8,2023,17:40,2,1,6,69,69259,2,4,2,1,1
202300052062,15,7,2023,09:35,1,8,6,85,85191,2,4,2,1,1
202300052063,26,9,2023,13:10,1,1,3,67,67482,2,4,1,2,1
202300052064,4,1,2023,16:50,5,2,6,93,93048,2,3,2,1,2
202300052064,4,1,2023,16:50,5,2,6,93,93048,2,3,1,1,2
202300052065,30,3,2023,16:57,1,1,2,90,90001,2,4,2,1,1
202300052066,1,12,2023,10:15,1,2,4,69,69384,2,4,2,1,2
202300052067,16,2,2023,21:25,5,1,6,33,33096,1,1,3,1,1
202300052068,4,1,2023,06:57,5,2,6,93,93048,2,4,2,1,2
202300052069,11,3,2023,11:40,1,1,6,89,89387,2,4,1,1,1
202300052070,13,6,2023,07:40,1,1,3,84,84132,1,3,2,1,1
202300052070,13,6,2023,07:40,1,1,3,84,84132,1,3,2,1,1
202300052071,23,8,2023,12:00,1,1,2,69,69029,2,4,2,1,1
202300052071,23,8,2023,12:00,1,1,2,69,69029,2,4,2,1,1
202300052072,15,7,2023,16:25,1,1,6,79,79300,2,6,-1,1,1
202300052073,27,9,2023,12:50,1,1,3,64,64545,2,3,2,1,1
202300052073,27,9,2023,12:50,1,1,3,64,64545,2,3,2,1,1
202300052074,1,5,2023,14:36,1,1,3,53,53135,1,3,2,1,1
202300052074,1,5,2023,14:36,1,1,3,53,53135,1,3,2,1,1
202300052075,1,12,2023,06:00,2,1,6,971,97113,2,2,-1,1,1
202300052075,1,12,2023,06:00,2,1,6,971,97113,2,2,-1,1,1
202300052076,28,10,2023,13:30,1,1,3,43,43244,1,3,2,2,1
202300052076,28,10,2023,13:30,1,1,3,43,43244,1,3,2,3,1
202300052077,16,2,2023,17:50,1,1,5,33,33550,1,1,3,1,1
202300052078,3,1,2023,16:30,1,1,3,92,92073,2,3,-1,1,1
202300052079,23,8,2023,11:40,1,1,6,64,64122,2,4,1,1,1
202300052080,12,6,2023,20:00,1,1,6,57,57058,2,4,2,1,1
202300052081,27,9,2023,19:44,1,1,6,64,64269,1,6,-1,1,1
202300052082,4,1,2023,12:45,1,2,7,92,92064,2,4,2,2,2
202300052083,15,7,2023,06:51,2,2,2,94,94022,1,1,1,2,2
202300052084,28,10,2023,14:30,1,8,3,36,36088,2,4,-1,2,1
202300052085,3,5,2023,15:20,1,1,1,27,27135,1,3,2,1,1
202300052085,3,5,2023,15:20,1,1,1,27,27135,1,3,2,1,1
202300052086,30,11,2023,18:30,4,1,2,971,97101,2,3,-1,1,1
202300052086,30,11,2023,18:30,4,1,2,971,97101,2,3,-1,1,1
202300052087,12,6,2023,19:40,1,2,6,03,03139,1,3,2,2,2
202300052088,27,3,2023,19:13,1,1,4,87,87085,2,2,3,1,1
202300052089,18,8,2023,19:15,1,1,3,64,64122,2,4,2,1,1
202300052089,18,8,2023,19:15,1,1,3,64,64122,2,4,-1,1,1
202300052090,16,2,2023,17:50,1,1,3,33,33192,1,1,3,1,1
202300052091,4,1,2023,19:25,5,2,7,92,92020,2,3,1,2,2
202300052092,22,9,2023,14:40,1,2,3,64,64445,2,4,2,1,2
202300052092,22,9,2023,14:40,1,2,3,64,64445,2,4,2,1,2
202300052093,29,10,2023,01:42,3,1,7,07,07240,1,3,2,1,1
202300052094,11,6,2023,11:20,1,1,6,07,07107,2,4,2,1,1
202300052095,26,3,2023,16:10,1,1,6,83,83061,1,3,2,3,1
202300052096,16,2,2023,10:30,1,1,6,94,94034,1,1,1,1,1
202300052097,9,5,2023,18:52,1,2,1,30,30228,1,3,2,2,2
202300052098,14,7,2023,00:40,5,1,6,77,77373,2,3,2,1,1
202300052098,14,7,2023,00:40,5,1,6,77,77373,2,3,1,1,1
202300052099,1,12,2023,19:08,5,1,4,2A,2A004,2,2,2,2,1
202300052100,21,8,2023,11:20,1,1,6,64,64122,2,4,1,1,1
202300052101,27,9,2023,04:05,3,5,6,61,61397,2,3,2,1,1
202300052102,3,1,2023,18:45,5,1,6,92,92036,2,3,2,1,1
202300052103,9,5,2023,12:01,1,2,7,52,52398,1,3,2,1,2
202300052104,29,3,2023,16:40,1,1,6,78,78551,2,4,2,1,1
202300052105,23,8,2023,05:45,3,1,7,64,64024,2,4,2,2,1
202300052106,1,12,2023,20:30,5,1,6,95,95680,2,3,1,2,9
202300052107,15,2,2023,18:10,2,1,3,93,93007,1,1,2,1,1
202300052108,12,6,2023,07:27,2,1,2,01,01405,1,3,2,1,1
202300052108,12,6,2023,07:27,2,1,2,01,01405,1,3,2,1,1
202300052109,4,1,2023,08:35,1,1,3,92,92026,2,3,2,1,2
202300052110,27,9,2023,11:11,1,1,3,58,58194,2,4,2,1,1
202300052111,28,10,2023,15:35,1,3,5,53,53219,2,2,2,2,2
202300052112,13,7,2023,16:00,1,1,6,77,77131,2,4,1,1,1
202300052112,13,7,2023,16:00,1,1,6,77,77131,2,4,1,1,1
202300052113,24,8,2023,12:15,1,1,6,63,63113,2,4,1,2,1
202300052114,9,5,2023,09:10,1,1,7,26,26088,1,1,1,1,1
202300052115,15,2,2023,10:20,1,1,2,93,93007,1,1,3,1,1
202300052116,1,12,2023,18:50,5,1,6,91,91552,2,3,2,1,1
202300052116,1,12,2023,18:50,5,1,6,91,91552,2,3,2,1,1
202300052117,5,6,2023,08:50,2,1,3,44,44026,2,4,2,1,1
202300052118,27,10,2023,19:40,3,2,6,40,40014,1,3,2,1,2
202300052119,4,1,2023,14:00,1,2,6,37,37153,1,3,2,1,2
202300052120,9,5,2023,06:00,2,3,6,49,49377,1,1,1,1,2
202300052121,12,7,2023,22:30,5,1,7,93,93048,2,3,2,1,1
202300052122,26,9,2023,17:55,1,1,3,56,56121,2,4,2,1,1
202300052122,26,9,2023,17:55,1,1,3,56,56121,2,4,2,2,1
202300052123,23,8,2023,12:04,1,1,7,63,63113,2,4,4,2,9
202300052124,12,6,2023,16:45,1,1,6,29,29247,2,9,-1,2,1
202300052125,30,11,2023,13:30,1,1,3,91,91103,2,4,-1,1,1
202300052125,30,11,2023,13:30,1,1,3,91,91103,2,4,1,1,1
202300052126,27,10,2023,09:30,1,2,7,87,87047,1,4,2,1,2
202300052127,3,1,2023,08:00,3,5,6,79,79057,1,3,2,1,1
202300052128,10,6,2023,17:21,1,1,6,54,54027,1,1,3,1,1
202300052129,16,2,2023,09:50,1,1,5,94,94073,1,1,3,1,1
202300052130,22,8,2023,20:30,1,1,2,62,62427,1,3,2,1,1
202300052131,11,7,2023,19:20,5,1,1,974,97411,2,4,-1,2,1
202300052132,9,5,2023,17:40,1,1,3,06,06018,1,3,2,2,-1
202300052132,9,5,2023,17:40,1,1,3,06,06018,1,3,3,1,1
202300052133,28,10,2023,01:30,3,1,6,987,98752,1,2,4,1,1
202300052134,26,9,2023,10:05,1,1,2,54,54578,2,4,2,1,1
202300052135,3,1,2023,15:15,1,1,6,62,62166,1,3,2,1,1
202300052136,1,12,2023,06:40,5,1,3,91,91589,2,4,2,1,2
202300052136,1,12,2023,06:40,5,1,3,91,91589,2,4,1,2,2
202300052137,23,8,2023,11:39,1,1,6,62,62548,2,4,2,1,1
202300052138,30,3,2023,00:30,3,1,1,77,77445,2,4,-1,1,1
202300052139,9,6,2023,15:00,1,1,2,67,67482,1,7,1,1,1
202300052140,13,3,2023,23:15,3,1,3,62,62826,1,4,2,1,1
202300052141,15,2,2023,20:30,5,1,2,75,75118,2,4,1,1,1
202300052142,26,9,2023,10:00,1,1,2,54,54304,2,4,3,1,1
202300052143,5,1,2023,09:54,1,1,6,83,83073,2,3,3,1,1
202300052144,27,10,2023,18:00,1,2,1,24,24450,1,3,2,1,2
202300052145,9,5,2023,14:45,1,2,2,77,77071,1,1,1,1,2
202300052146,24,8,2023,20:30,5,1,6,59,59527,2,4,2,1,1
202300052147,10,6,2023,17:10,1,1,2,59,59609,1,1,-1,1,1
202300052148,7,7,2023,19:30,1,7,6,89,89387,2,4,2,1,1
202300052149,1,12,2023,14:10,1,2,5,84,84035,1,3,2,2,2
202300052150,26,9,2023,17:45,1,1,2,54,54483,2,4,1,1,1
202300052151,4,1,2023,19:00,3,1,6,82,82101,1,3,2,1,1
202300052151,4,1,2023,19:00,3,1,6,82,82101,1,3,2,1,1
202300052152,15,2,2023,11:45,1,1,2,75,75117,2,4,1,1,1
202300052153,22,8,2023,10:20,1,1,6,57,57672,2,4,3,1,1
202300052154,8,5,2023,11:45,1,1,7,78,78410,1,3,2,1,1
202300052154,8,5,2023,11:45,1,1,7,78,78410,1,3,2,1,1
202300052155,7,6,2023,19:45,1,1,6,59,59378,1,1,-1,1,1
202300052156,1,12,2023,19:55,5,2,6,83,83137,2,4,2,1,2
202300052157,15,7,2023,18:30,3,2,6,974,97416,1,2,1,2,2
202300052158,25,10,2023,21:00,3,2,7,78,78189,1,3,2,1,2
202300052159,26,9,2023,08:20,1,1,6,52,52121,2,3,1,1,1
202300052160,5,1,2023,13:25,1,1,4,47,47043,1,3,2,1,1
202300052161,12,6,2023,17:31,1,1,6,91,91174,1,2,2,1,1
202300052162,14,2,2023,21:15,1,1,3,75,75113,2,4,1,1,1
202300052163,15,7,2023,23:20,3,3,7,974,97416,1,2,1,1,2
202300052164,23,8,2023,11:30,1,1,3,54,54395,2,4,2,1,1
202300052164,23,8,2023,11:30,1,1,3,54,54395,2,4,1,1,1
202300052165,27,9,2023,12:10,1,1,6,51,51454,2,4,1,1,1
202300052166,9,5,2023,17:15,1,1,2,2B,2B313,2,2,2,1,1
202300052167,1,12,2023,18:15,5,1,3,82,82033,2,3,2,2,2
202300052167,1,12,2023,18:15,5,1,3,82,82033,2,3,2,1,2
202300052168,12,6,2023,16:46,1,1,2,92,92064,1,1,1,1,1
202300052169,4,1,2023,16:20,1,1,1,25,25262,1,3,2,2,1
202300052170,26,9,2023,15:50,1,1,6,50,50129,2,3,2,1,1
202300052170,26,9,2023,15:50,1,1,6,50,50129,2,3,2,1,1
202300052171,15,2,2023,18:00,1,1,3,75,75120,2,4,1,1,1
202300052171,15,2,2023,18:00,1,1,3,75,75120,2,4,-1,1,1
202300052172,15,7,2023,20:15,5,2,3,974,97416,2,4,-1,2,2
202300052172,15,7,2023,20:15,5,2,3,974,97416,2,4,2,1,2
202300052173,30,3,2023,08:50,1,1,5,77,77186,1,3,-1,1,1
202300052173,30,3,2023,08:50,1,1,5,77,77186,1,3,2,1,1
202300052174,30,11,2023,07:15,2,1,3,80,80021,2,4,2,1,1
202300052174,30,11,2023,07:15,2,1,3,80,80021,2,4,2,1,1
202300052175,24,8,2023,18:31,2,2,1,54,54149,2,3,2,1,2
202300052176,12,6,2023,09:20,1,1,2,92,92048,1,2,1,1,1
202300052177,6,5,2023,13:00,1,1,3,66,66065,2,4,1,1,1
202300052177,6,5,2023,13:00,1,1,3,66,66065,2,4,2,1,1
202300052178,26,9,2023,19:05,1,1,3,50,50129,2,9,1,1,1
202300052179,23,8,2023,16:36,1,1,6,54,54382,1,4,2,1,1
202300052180,30,3,2023,11:00,1,1,3,69,69266,2,4,2,1,1
202300052181,15,2,2023,16:00,1,1,2,75,75119,2,4,1,1,1
202300052182,5,1,2023,17:00,1,8,3,44,44131,2,4,1,2,2
202300052183,12,6,2023,06:40,1,1,6,78,78402,1,1,-1,2,1
202300052184,15,7,2023,07:22,1,2,2,974,97416,1,2,3,1,2
202300052185,9,5,2023,17:30,1,1,1,83,83001,1,3,2,1,1
202300052186,1,12,2023,18:05,5,1,2,79,79259,2,3,2,1,2
202300052186,1,12,2023,18:05,5,1,2,79,79259,2,3,2,2,2
202300052187,26,9,2023,18:56,1,1,3,49,49353,2,4,2,1,1
202300052188,24,8,2023,13:20,1,8,6,51,51454,2,4,2,1,1
202300052189,10,6,2023,07:30,1,1,3,75,75116,1,1,1,2,1
202300052190,15,2,2023,09:15,1,1,3,75,75119,2,4,2,2,1
202300052191,29,3,2023,12:30,1,1,3,64,64140,2,4,1,2,1
202300052191,29,3,2023,12:30,1,1,3,64,64140,2,4,2,2,1
202300052192,15,7,2023,19:15,3,1,2,974,97411,1,2,1,1,1
202300052193,9,5,2023,21:10,5,1,6,04,04143,2,3,2,2,2
202300052194,1,12,2023,19:57,5,1,4,78,78440,2,3,2,2,1
202300052195,5,1,2023,14:15,1,8,5,38,38065,1,3,2,1,2
202300052196,26,9,2023,11:35,1,1,7,49,49353,2,4,2,1,1
202300052197,24,8,2023,09:30,1,1,6,51,51454,2,4,2,1,1
202300052197,24,8,2023,09:30,1,1,6,51,51454,2,4,2,1,1
202300052198,9,5,2023,07:00,4,1,6,42,42168,2,3,2,1,1
202300052199,15,2,2023,18:30,5,8,6,75,75118,2,4,2,1,1
202300052199,15,2,2023,18:30,5,8,6,75,75118,2,4,1,1,1
202300052200,1,12,2023,15:35,1,1,6,78,78401,2,3,2,1,1
202300052201,9,6,2023,08:00,1,1,4,78,78322,1,2,1,1,1
202300052202,29,3,2023,14:33,1,1,3,63,63113,2,4,2,1,1
202300052202,29,3,2023,14:33,1,1,3,63,63113,2,4,3,1,1
202300052203,27,9,2023,20:20,4,1,6,47,47001,2,4,2,1,1
202300052204,15,7,2023,09:00,1,1,3,974,97411,2,4,1,1,1
202300052204,15,7,2023,09:00,1,1,3,974,97411,2,4,2,2,1
202300052205,4,1,2023,01:50,3,6,6,14,14249,1,3,2,2,2
202300052206,23,8,2023,11:10,1,1,3,51,51454,2,4,4,2,1
202300052207,14,2,2023,12:48,1,1,6,75,75106,2,4,2,1,1
202300052207,14,2,2023,12:48,1,1,6,75,75106,2,4,1,1,1
202300052208,30,4,2023,14:15,1,1,1,38,38557,1,3,2,2,1
202300052209,1,12,2023,20:18,3,1,7,77,77350,1,3,2,1,1
202300052210,9,6,2023,18:00,1,1,2,93,93066,1,1,1,1,1
202300052211,30,3,2023,13:45,1,1,3,62,62498,2,4,2,1,1
202300052212,5,1,2023,16:15,2,2,1,60,60155,1,3,2,2,2
202300052213,26,9,2023,18:40,1,1,1,44,44184,2,4,2,2,1
202300052213,26,9,2023,18:40,1,1,1,44,44184,2,4,2,2,1
202300052214,23,8,2023,08:07,1,7,3,50,50129,1,3,1,2,1
202300052215,15,7,2023,18:10,1,1,3,973,97302,2,3,-1,1,1
202300052216,1,1,2023,22:40,3,2,6,16,16075,1,3,-1,2,2
202300052217,30,3,2023,23:55,5,3,7,61,61143,2,3,3,1,2
202300052217,30,3,2023,23:55,5,3,7,61,61143,2,3,2,2,2
202300052218,9,6,2023,17:45,1,1,2,95,95527,1,1,3,1,1
202300052219,15,2,2023,10:30,1,1,2,75,75110,2,4,2,1,1
202300052220,14,11,2023,18:40,5,1,6,76,76540,2,4,1,1,1