id_accident,jour,mois,annee,heure_minute,luminosite,meteo,type_collision,departement,commune,agglomeration,categorie_route,regime_circulation,profil_route,etat_surface
202300052220,14,11,2023,18:40,5,1,6,76,76540,2,4,2,1,1
202300052221,23,8,2023,18:40,1,1,6,49,49007,2,4,2,1,1
202300052222,24,9,2023,16:45,1,1,3,42,42186,2,7,2,1,1
202300052223,11,6,2023,17:00,1,1,6,69,69264,2,4,1,1,1
202300052224,1,12,2023,11:10,1,1,2,76,76575,1,7,3,1,1
202300052225,29,3,2023,17:50,1,1,3,60,60057,2,4,2,1,1
202300052225,29,3,2023,17:50,1,1,3,60,60057,2,4,2,1,1
202300052226,5,1,2023,12:30,1,1,2,40,40282,2,3,2,1,1
202300052226,5,1,2023,12:30,1,1,2,40,40282,2,3,-1,-1,-1
202300052227,10,5,2023,17:40,1,1,3,38,38158,2,7,2,1,1
202300052227,10,5,2023,17:40,1,1,3,38,38158,2,7,2,1,1
202300052228,19,8,2023,19:00,1,1,6,47,47323,2,4,2,1,1
202300052229,15,7,2023,02:50,5,1,1,69,69387,2,4,1,1,1
202300052229,15,7,2023,02:50,5,1,1,69,69387,2,4,1,1,1
202300052230,27,9,2023,15:25,1,1,6,37,37233,2,4,2,1,1
202300052231,15,2,2023,06:30,5,1,3,75,75110,2,4,2,2,1
202300052231,15,2,2023,06:30,5,1,3,75,75110,2,4,2,1,1
202300052232,23,3,2023,07:00,1,1,3,2A,2A271,1,2,2,2,1
202300052233,30,11,2023,14:25,1,1,1,76,76296,1,3,2,1,2
202300052234,30,3,2023,14:00,1,2,3,59,59512,2,7,2,1,2
202300052235,9,5,2023,17:15,1,2,7,07,07324,2,3,2,1,2
202300052236,5,1,2023,09:17,1,8,3,40,40212,1,3,2,4,1
202300052236,5,1,2023,09:17,1,8,3,40,40212,1,3,2,4,1
202300052237,11,6,2023,11:00,1,1,7,974,97416,1,2,1,3,1
202300052238,24,8,2023,09:00,1,1,3,30,30243,2,3,2,1,1
202300052238,24,8,2023,09:00,1,1,3,30,30243,2,3,2,1,1
202300052239,14,7,2023,23:11,5,1,3,972,97213,1,3,2,2,1
202300052240,27,9,2023,12:15,1,1,3,35,35278,2,4,2,1,1
202300052240,27,9,2023,12:15,1,1,3,35,35278,2,4,1,1,1
202300052241,1,12,2023,18:25,5,3,3,74,74118,2,3,2,1,2
202300052242,30,3,2023,12:40,1,1,3,59,59350,2,4,1,1,1
202300052242,30,3,2023,12:40,1,1,3,59,59350,2,4,1,1,1
202300052243,2,5,2023,14:45,1,1,1,07,07264,2,3,2,1,1
202300052244,15,2,2023,12:00,1,1,3,75,75109,2,4,1,1,1
202300052244,15,2,2023,12:00,1,1,3,75,75109,2,4,1,1,1
202300052245,5,1,2023,08:00,3,2,2,27,27105,1,3,2,1,2
202300052246,11,6,2023,14:00,1,1,1,974,97407,2,4,2,1,1
202300052247,1,12,2023,13:30,1,1,6,72,72181,1,4,3,1,1
202300052248,23,8,2023,11:00,1,1,3,29,29151,2,4,2,1,1
202300052248,23,8,2023,11:00,1,1,3,29,29151,2,4,2,4,1
202300052249,15,7,2023,10:35,1,1,2,972,97209,2,3,2,3,1
202300052250,23,3,2023,09:00,1,8,6,59,59328,2,7,2,2,2
202300052250,23,3,2023,09:00,1,8,6,59,59328,2,7,2,1,2
202300052251,24,9,2023,15:40,1,1,6,34,34301,2,4,2,1,1
202300052252,5,1,2023,08:45,1,1,2,06,06018,1,3,2,1,1
202300052253,11,6,2023,14:40,1,8,3,973,97302,2,4,2,2,1
202300052254,30,11,2023,17:45,5,2,3,72,72181,2,4,2,1,2
202300052255,15,2,2023,19:05,2,1,6,75,75108,2,4,1,1,1
202300052255,15,2,2023,19:05,2,1,6,75,75108,2,4,1,1,1
202300052256,10,5,2023,07:30,1,1,3,01,01390,1,3,2,1,1
202300052256,10,5,2023,07:30,1,1,3,01,01390,1,3,2,2,1
202300052257,29,3,2023,11:35,1,8,1,49,49007,2,4,3,1,1
202300052257,29,3,2023,11:35,1,8,1,49,49007,2,4,2,1,1
202300052258,18,8,2023,17:20,1,1,2,29,29019,2,4,2,1,2
202300052259,27,9,2023,13:00,1,1,3,31,31555,2,4,2,1,1
202300052260,15,7,2023,06:05,1,1,1,69,69149,2,4,2,2,1
202300052260,15,7,2023,06:05,1,1,1,69,69149,2,4,2,1,1
202300052261,4,1,2023,13:40,1,2,2,49,49306,1,1,3,1,2
202300052262,11,6,2023,18:55,1,1,3,69,69383,2,4,1,1,1
202300052262,11,6,2023,18:55,1,1,3,69,69383,2,4,1,1,1
202300052263,9,5,2023,22:15,3,1,6,85,85189,1,3,2,1,1
202300052264,30,3,2023,17:00,1,1,3,47,47001,2,4,2,2,1
202300052265,2,12,2023,00:15,5,2,1,69,69275,1,4,2,1,2
202300052266,4,1,2023,15:40,1,2,7,51,51515,1,1,3,1,2
202300052267,14,2,2023,13:00,1,1,3,75,75108,2,4,2,2,1
202300052267,14,2,2023,13:00,1,1,3,75,75108,2,4,1,1,1
202300052268,22,8,2023,10:01,1,1,6,14,14366,2,4,2,1,1
202300052268,22,8,2023,10:01,1,1,6,14,14366,2,4,2,1,1
202300052269,23,9,2023,17:30,1,1,3,31,31555,2,4,2,1,1
202300052270,15,7,2023,10:20,1,1,6,971,97101,2,3,3,1,1
202300052270,15,7,2023,10:20,1,1,6,971,97101,2,3,3,1,1
202300052271,30,3,2023,07:50,1,1,6,44,44143,2,4,3,1,1
202300052272,11,6,2023,16:45,1,1,6,69,69383,2,4,1,1,1
202300052273,1,12,2023,17:10,2,2,2,69,69266,2,4,2,1,2
202300052274,15,7,2023,01:30,5,1,6,971,97113,1,2,2,1,1
202300052275,27,9,2023,07:45,1,1,3,31,31555,2,4,2,1,1
202300052276,9,5,2023,12:10,1,8,3,49,49194,1,4,2,1,2
202300052276,9,5,2023,12:10,1,8,3,49,49194,1,4,2,1,2
202300052277,5,1,2023,08:50,1,2,5,14,14269,1,3,2,1,2
202300052278,1,12,2023,13:50,1,2,7,69,69264,2,4,1,1,2
202300052278,1,12,2023,13:50,1,2,7,69,69264,2,4,2,1,2
202300052279,15,2,2023,07:30,2,1,3,75,75107,2,4,1,1,1
202300052279,15,2,2023,07:30,2,1,3,75,75107,2,4,1,1,1
202300052280,24,8,2023,00:45,5,1,3,14,14118,2,4,3,1,1
202300052280,24,8,2023,00:45,5,1,3,14,14118,2,4,4,1,1
202300052281,10,6,2023,21:20,4,1,6,972,97213,1,3,2,1,1
202300052282,9,5,2023,23:00,3,1,7,49,49138,1,3,2,1,2
202300052283,15,7,2023,18:35,1,1,3,2A,2A004,1,2,4,1,1
202300052284,29,11,2023,16:00,2,1,3,69,69271,2,4,1,1,1
202300052285,11,6,2023,19:57,1,1,3,69,69384,2,4,2,2,1
202300052285,11,6,2023,19:57,1,1,3,69,69384,2,4,1,2,1
202300052286,14,2,2023,13:52,1,1,6,75,75107,2,4,2,1,1
202300052286,14,2,2023,13:52,1,1,6,75,75107,2,4,2,1,1
202300052287,24,8,2023,08:15,1,1,2,13,13117,1,3,1,1,1
202300052287,24,8,2023,08:15,1,1,2,13,13117,1,3,1,3,1
202300052288,29,3,2023,20:00,1,1,3,37,37261,2,4,1,1,1
202300052288,29,3,2023,20:00,1,1,3,37,37261,2,4,2,1,1
202300052289,9,5,2023,16:50,1,1,3,50,50492,1,3,2,1,1
202300052289,9,5,2023,16:50,1,1,3,50,50492,1,3,2,1,1
202300052290,2,1,2023,18:31,3,2,2,45,45093,1,1,3,1,2
202300052291,1,12,2023,17:10,5,2,6,67,67482,2,4,2,1,2
202300052291,1,12,2023,17:10,5,2,6,67,67482,2,4,3,1,2
202300052292,15,7,2023,21:54,1,1,3,95,95585,2,3,1,1,1
202300052292,15,7,2023,21:54,1,1,3,95,95585,2,3,1,1,1
202300052293,11,6,2023,13:35,1,1,3,69,69382,2,4,2,1,1
202300052293,11,6,2023,13:35,1,1,3,69,69382,2,4,1,1,1
202300052294,14,2,2023,12:34,1,1,3,75,75103,2,4,1,1,1
202300052294,14,2,2023,12:34,1,1,3,75,75103,2,4,1,1,1
202300052295,30,3,2023,12:45,1,2,2,35,35115,2,4,2,2,2
202300052296,19,8,2023,18:40,1,1,6,13,13213,2,4,1,1,1
202300052297,1,12,2023,08:10,1,1,2,66,66136,1,3,1,2,1
202300052298,27,9,2023,08:00,1,1,5,18,18205,1,3,2,1,1
202300052299,29,3,2023,16:50,1,1,7,34,34172,2,4,4,1,1
202300052299,29,3,2023,16:50,1,1,7,34,34172,2,4,-1,1,1
202300052300,11,6,2023,16:30,1,1,3,2A,2A004,2,2,3,3,1
202300052300,11,6,2023,16:30,1,1,3,2A,2A004,2,2,1,1,1
202300052301,15,7,2023,20:55,1,1,1,91,91589,2,4,2,2,1
202300052302,23,8,2023,09:20,1,1,1,12,12089,2,4,2,2,1
202300052303,30,11,2023,17:15,1,1,3,66,66136,2,4,2,1,1
202300052304,15,2,2023,15:45,1,1,6,94,94081,2,4,2,1,1
202300052304,15,2,2023,15:45,1,1,6,94,94081,2,4,2,1,1
202300052305,8,5,2023,14:16,1,1,3,13,13215,1,1,1,1,1
202300052306,4,1,2023,14:00,1,3,1,988,98832,1,3,2,1,2
202300052307,26,9,2023,22:46,3,1,3,18,18033,1,2,2,1,1
202300052308,30,3,2023,09:50,1,1,6,31,31555,2,4,2,1,1
202300052309,1,12,2023,19:19,5,3,6,65,65440,2,3,2,1,2
202300052310,11,6,2023,16:25,1,2,2,95,95555,2,3,1,1,2
202300052311,23,8,2023,17:10,1,1,6,09,09225,2,3,2,1,1
202300052312,15,2,2023,13:02,1,1,3,94,94081,2,3,3,1,1
202300052312,15,2,2023,13:02,1,1,3,94,94081,2,3,2,2,1
202300052313,4,1,2023,08:20,1,1,7,988,98833,1,3,2,1,1
202300052314,15,7,2023,20:20,1,1,2,78,78238,1,3,2,1,1
202300052315,30,3,2023,00:39,3,1,6,31,31555,1,1,1,2,1
202300052316,11,6,2023,02:29,5,1,7,91,91589,2,4,2,1,1
202300052317,27,9,2023,20:30,4,1,3,17,17415,2,4,2,1,1
202300052318,15,2,2023,18:20,2,1,6,94,94078,2,3,3,1,1
202300052319,19,8,2023,14:20,1,1,7,07,07281,1,3,2,2,1
202300052320,15,7,2023,17:45,1,1,6,77,77083,1,4,1,1,1
202300052321,30,11,2023,07:45,3,2,3,65,65286,1,2,2,1,2
202300052321,30,11,2023,07:45,3,2,3,65,65286,1,2,2,1,2
202300052322,30,3,2023,06:20,5,1,6,31,31483,2,3,2,1,1
202300052323,10,6,2023,14:41,1,1,6,74,74218,1,3,2,2,1
202300052324,5,1,2023,06:10,3,1,5,971,97114,1,2,2,2,1
202300052325,27,9,2023,20:12,5,1,3,17,17300,2,4,2,1,1
202300052326,14,2,2023,22:30,5,1,3,94,94074,2,2,3,1,1
202300052327,16,7,2023,00:50,5,3,3,69,69259,2,4,2,1,2
202300052328,11,6,2023,02:20,5,1,6,69,69266,2,4,2,1,1
202300052329,11,8,2023,20:15,1,1,3,06,06069,2,4,2,2,1
202300052330,28,3,2023,12:00,1,1,3,30,30007,2,4,2,1,1
202300052330,28,3,2023,12:00,1,1,3,30,30007,2,4,2,1,1
202300052331,27,9,2023,21:50,5,1,6,13,13211,1,3,2,2,1
202300052332,15,2,2023,00:46,3,1,6,94,94042,2,3,3,2,1
202300052332,15,2,2023,00:46,3,1,6,94,94042,2,3,1,1,1
202300052333,1,12,2023,17:56,5,2,4,63,63300,2,3,2,1,2
202300052334,3,1,2023,17:40,5,2,6,21,21515,2,4,-1,1,2
202300052335,9,6,2023,19:25,2,1,6,69,69199,2,4,2,1,2
202300052335,9,6,2023,19:25,2,1,6,69,69199,2,4,2,1,2
202300052336,15,7,2023,19:05,1,8,3,65,65440,2,3,2,1,1
202300052336,15,7,2023,19:05,1,8,3,65,65440,2,3,2,1,1
202300052337,24,8,2023,16:30,1,1,3,06,06004,2,3,3,1,1
202300052337,24,8,2023,16:30,1,1,3,06,06004,2,3,2,2,1
202300052338,29,3,2023,10:05,1,1,3,29,29019,2,4,-1,1,1
202300052338,29,3,2023,10:05,1,1,3,29,29019,2,4,-1,2,1
202300052339,27,9,2023,17:30,1,1,3,13,13210,2,4,2,1,1
202300052340,1,12,2023,14:05,1,1,3,62,62040,2,4,2,1,2
202300052341,14,2,2023,15:30,1,1,2,94,94028,1,1,3,1,1
202300052341,14,2,2023,15:30,1,1,2,94,94028,1,1,1,2,1
202300052342,15,7,2023,23:55,5,1,7,64,64024,2,3,2,1,1
202300052343,4,1,2023,23:50,3,2,1,29,29071,1,3,2,2,2
202300052344,24,11,2023,13:40,1,8,7,62,62427,2,4,-1,1,9
202300052345,13,2,2023,17:50,1,1,1,94,94022,2,3,3,1,1
202300052346,27,9,2023,17:40,1,1,6,13,13204,2,4,1,1,1
202300052347,15,7,2023,16:10,1,2,6,64,64102,2,4,2,1,2
202300052348,29,3,2023,08:25,1,1,3,29,29019,2,4,2,1,1
202300052348,29,3,2023,08:25,1,1,3,29,29019,2,4,2,1,1
202300052349,24,8,2023,17:20,1,1,2,75,75119,2,4,1,1,1
202300052350,10,6,2023,16:25,1,1,1,65,65440,2,4,2,1,1
202300052350,10,6,2023,16:25,1,1,1,65,65440,2,4,2,1,1
202300052351,5,1,2023,12:54,1,2,1,45,45051,1,3,2,1,2
202300052352,14,2,2023,18:35,5,1,6,94,94018,2,4,1,1,1
202300052352,14,2,2023,18:35,5,1,6,94,94018,2,4,2,1,1
202300052353,30,3,2023,13:45,1,1,6,28,28134,2,6,-1,1,1
202300052354,22,9,2023,09:00,1,1,3,13,13210,2,4,2,1,1
202300052354,22,9,2023,09:00,1,1,3,13,13210,2,4,2,1,1
202300052355,15,7,2023,12:13,1,7,3,61,61143,2,3,2,1,2
202300052355,15,7,2023,12:13,1,7,3,61,61143,2,3,2,2,2
202300052356,24,8,2023,17:05,1,1,6,75,75120,2,4,2,1,1
202300052356,24,8,2023,17:05,1,1,6,75,75120,2,4,2,3,1
202300052357,24,3,2023,10:45,1,1,6,27,27681,2,3,2,1,1
202300052358,15,2,2023,21:00,5,1,3,93,93066,2,4,3,1,1
202300052359,1,12,2023,18:00,5,1,4,59,59426,2,7,4,1,1
202300052360,4,1,2023,14:35,1,2,1,77,77476,1,3,2,2,2
202300052361,15,7,2023,16:04,1,8,3,59,59599,2,7,2,1,1
202300052362,26,9,2023,01:00,5,1,7,13,13202,2,4,1,1,1
202300052362,26,9,2023,01:00,5,1,7,13,13202,2,4,1,3,1
202300052363,15,2,2023,06:25,2,1,3,93,93066,2,3,1,1,1
202300052364,11,6,2023,18:20,1,1,3,49,49007,2,3,-1,1,1
202300052364,11,6,2023,18:20,1,1,3,49,49007,2,3,1,1,1
202300052365,24,8,2023,14:50,1,2,3,75,75120,2,4,2,1,2
202300052365,24,8,2023,14:50,1,2,3,75,75120,2,4,2,2,2
202300052366,15,7,2023,19:10,1,1,6,59,59350,2,7,1,1,1
202300052367,1,12,2023,18:30,5,1,5,59,59650,2,4,3,1,1
202300052368,4,1,2023,09:00,2,2,1,95,95658,1,3,3,1,2
202300052369,27,9,2023,18:25,1,1,6,13,13001,1,3,2,2,1
202300052369,27,9,2023,18:25,1,1,6,13,13001,1,3,2,2,9
202300052370,15,2,2023,10:00,1,1,3,93,93050,2,3,2,1,1
202300052370,15,2,2023,10:00,1,1,3,93,93050,2,3,2,1,1
202300052371,9,6,2023,17:45,1,3,1,48,48095,1,2,2,1,3
202300052372,15,7,2023,11:40,1,1,2,56,56121,2,4,1,2,1
202300052372,15,7,2023,11:40,1,1,2,56,56121,2,4,2,2,1
202300052373,30,3,2023,21:30,5,1,7,25,25056,2,4,1,1,1
202300052374,15,2,2023,12:10,1,1,3,93,93048,2,3,1,2,1
202300052374,15,2,2023,12:10,1,1,3,93,93048,2,3,3,2,1
202300052375,24,8,2023,10:20,1,1,3,75,75120,2,4,2,1,1
202300052375,24,8,2023,10:20,1,1,3,75,75120,2,4,2,2,1
202300052376,4,1,2023,07:30,3,5,7,11,11099,1,3,2,2,2
202300052377,15,7,2023,00:50,3,1,6,54,54528,2,3,2,1,1
202300052378,25,9,2023,09:15,1,7,6,12,12083,2,4,2,1,1
202300052378,25,9,2023,09:15,1,7,6,12,12083,2,4,2,2,1
202300052379,1,12,2023,21:45,5,1,3,59,59350,2,7,1,1,1
202300052379,1,12,2023,21:45,5,1,3,59,59350,2,7,1,1,1
202300052380,11,6,2023,21:05,1,1,3,44,44184,2,4,2,2,1
202300052380,11,6,2023,21:05,1,1,3,44,44184,2,4,2,2,1
202300052381,15,2,2023,14:30,1,1,2,93,93006,2,4,2,1,1
202300052382,30,3,2023,13:35,1,1,3,21,21054,2,4,2,1,1
202300052382,30,3,2023,13:35,1,1,3,21,21054,2,4,1,1,1
202300052383,11,6,2023,21:45,5,3,7,43,43157,2,3,-1,1,2
202300052384,17,6,2023,15:00,1,1,1,75,75120,2,4,-1,1,1
202300052384,17,6,2023,15:00,1,1,1,75,75120,2,4,-1,1,1
202300052385,15,7,2023,22:40,3,2,3,54,54431,2,4,1,1,2
202300052385,15,7,2023,22:40,3,2,3,54,54431,2,4,2,1,2
202300052386,27,9,2023,06:46,2,1,3,06,06088,2,7,2,1,1
202300052386,27,9,2023,06:46,2,1,3,06,06088,2,7,2,1,1
202300052387,30,11,2023,17:15,2,8,6,57,57606,2,4,2,1,1
202300052388,5,1,2023,16:00,1,1,5,06,06146,1,7,1,1,1
202300052389,15,2,2023,09:50,1,1,6,93,93031,2,4,2,1,1
202300052390,15,7,2023,18:20,1,2,6,51,51454,2,9,1,1,2
202300052391,28,3,2023,10:55,1,1,3,19,19031,2,4,1,1,1
202300052391,28,3,2023,10:55,1,1,3,19,19031,2,4,2,1,1
202300052392,26,9,2023,17:00,1,1,6,06,06123,2,4,2,1,1
202300052393,5,1,2023,20:30,3,1,1,05,05119,1,3,2,2,9
202300052394,30,11,2023,17:55,5,1,6,57,57332,2,3,3,1,2
202300052395,15,6,2023,17:20,1,1,3,75,75120,2,4,1,2,1
202300052395,15,6,2023,17:20,1,1,3,75,75120,2,4,2,2,1
202300052396,15,2,2023,15:00,1,1,3,93,93014,2,3,3,1,1
202300052396,15,2,2023,15:00,1,1,3,93,93014,2,3,3,1,1
202300052397,11,6,2023,02:32,3,1,1,42,42184,2,3,2,2,1
202300052398,29,3,2023,17:27,1,1,3,17,17306,2,4,-1,1,1
202300052399,15,7,2023,08:00,2,2,3,51,51172,2,9,3,1,2
202300052399,15,7,2023,08:00,2,2,3,51,51172,2,9,3,1,2
202300052400,4,1,2023,17:50,3,1,5,25,25047,1,3,2,2,1
202300052401,27,9,2023,00:10,5,1,6,01,01283,2,6,-1,1,1
202300052402,24,11,2023,07:59,5,8,3,56,56260,2,4,2,1,1
202300052402,24,11,2023,07:59,5,8,3,56,56260,2,4,2,1,1
202300052403,11,6,2023,06:10,1,1,6,38,38185,1,1,1,1,1
202300052404,15,2,2023,19:15,5,1,3,93,93057,2,3,2,1,1
202300052404,15,2,2023,19:15,5,1,3,93,93057,2,3,2,1,1
202300052405,30,3,2023,16:45,1,1,6,13,13215,2,4,1,1,1
202300052405,30,3,2023,16:45,1,1,6,13,13215,2,4,2,1,1
202300052406,14,7,2023,19:50,1,1,1,51,51454,2,4,2,1,1
202300052406,14,7,2023,19:50,1,1,1,51,51454,2,4,2,1,1
202300052407,5,1,2023,11:40,1,1,3,07,07272,1,3,-1,1,1
202300052408,15,2,2023,17:49,5,1,3,93,93055,2,3,2,1,1
202300052409,11,6,2023,12:50,1,1,6,35,35238,2,6,-1,2,1
202300052410,27,9,2023,15:20,1,1,2,75,75112,2,4,1,1,1
202300052411,1,12,2023,08:10,5,2,3,56,56121,2,3,1,1,2
202300052411,1,12,2023,08:10,5,2,3,56,56121,2,3,2,1,2
202300052412,15,7,2023,11:00,1,1,7,37,37195,2,4,2,1,1
202300052413,30,3,2023,10:15,1,1,3,13,13214,2,4,3,1,1
202300052414,4,1,2023,18:54,5,1,6,69,69116,2,4,2,1,2
202300052415,14,2,2023,15:41,1,1,6,93,93001,2,4,-1,1,1
202300052416,5,1,2023,18:00,3,2,6,33,33006,1,3,2,1,2
202300052417,11,6,2023,01:35,5,1,3,35,35238,2,4,1,1,1
202300052418,15,7,2023,19:45,1,1,2,34,34172,1,4,1,1,1
202300052419,26,9,2023,21:13,5,1,2,75,75120,2,4,1,1,1
202300052420,29,3,2023,08:18,1,1,3,11,11069,2,4,-1,1,1
202300052420,29,3,2023,08:18,1,1,3,11,11069,2,4,1,2,1
202300052421,15,2,2023,16:30,1,1,6,92,92078,2,4,2,1,1
202300052422,30,11,2023,12:52,1,1,3,54,54304,2,4,2,2,1
202300052422,30,11,2023,12:52,1,1,3,54,54304,2,4,1,1,1
202300052423,5,1,2023,08:15,5,8,6,53,53168,2,3,2,2,2
202300052424,14,7,2023,09:50,1,1,2,34,34003,1,3,1,2,1
202300052425,15,2,2023,09:20,1,1,2,92,92051,2,2,3,1,1
202300052426,30,3,2023,13:30,1,1,1,06,06069,2,4,2,2,1
202300052427,11,6,2023,22:15,5,1,3,35,35115,2,4,2,2,1
202300052427,11,6,2023,22:15,5,1,3,35,35115,2,4,1,2,1
202300052428,27,9,2023,19:42,5,1,6,75,75106,2,4,-1,1,1
202300052428,27,9,2023,19:42,5,1,6,75,75106,2,4,2,1,1
202300052429,4,1,2023,18:45,3,3,2,76,76057,1,3,3,2,4
202300052430,15,7,2023,05:00,5,1,6,33,33063,2,4,1,2,1
202300052431,2,12,2023,02:00,5,1,3,49,49007,2,4,2,1,1
202300052432,11,6,2023,08:30,1,1,6,31,31555,2,4,1,1,1
202300052433,14,2,2023,09:20,1,1,3,92,92049,2,3,2,1,1
202300052433,14,2,2023,09:20,1,1,3,92,92049,2,3,2,1,1
202300052434,29,3,2023,15:10,1,1,2,05,05061,2,3,1,2,1
202300052435,5,1,2023,12:25,1,2,7,80,80219,1,4,2,2,2
202300052436,27,9,2023,09:10,1,1,3,75,75113,2,4,-1,1,1
202300052436,27,9,2023,09:10,1,1,3,75,75113,2,4,2,1,1
202300052437,10,6,2023,03:05,5,1,6,31,31555,2,1,1,1,1
202300052438,15,2,2023,12:50,1,1,7,92,92044,2,4,2,1,1
202300052439,15,7,2023,09:31,1,2,3,33,33200,2,4,2,1,2
202300052439,15,7,2023,09:31,1,2,3,33,33200,2,4,2,1,2
202300052440,29,3,2023,18:30,1,1,6,05,05061,2,4,2,1,1
202300052441,15,2,2023,09:55,1,8,6,92,92044,2,4,1,1,1
202300052441,15,2,2023,09:55,1,8,6,92,92044,2,4,1,1,1
202300052442,4,1,2023,10:15,1,2,1,59,59400,1,3,2,1,2
202300052443,11,6,2023,18:05,1,1,3,28,28220,2,2,3,1,1
202300052444,30,11,2023,17:37,2,1,4,49,49267,2,1,3,1,1
202300052445,30,3,2023,19:50,5,1,6,75,75106,2,4,1,1,1
202300052445,30,3,2023,19:50,5,1,6,75,75106,2,4,1,1,1
202300052446,15,2,2023,14:37,1,1,6,54,54142,1,2,3,1,1
202300052447,11,6,2023,23:10,5,1,6,14,14715,2,4,1,2,1
202300052448,30,11,2023,01:47,3,1,1,49,49267,1,3,2,1,1
202300052449,30,3,2023,07:55,1,1,6,75,75120,2,4,1,1,1
202300052449,30,3,2023,07:55,1,1,6,75,75120,2,4,2,1,1
202300052450,15,2,2023,18:45,5,1,1,86,86131,2,4,2,1,1
202300052450,15,2,2023,18:45,5,1,1,86,86131,2,4,2,1,1
202300052451,3,1,2023,08:10,4,1,2,59,59507,1,1,-1,1,9
202300052452,14,7,2023,01:45,5,1,6,33,33032,2,4,1,1,1
202300052453,11,6,2023,22:00,5,2,3,13,13206,2,4,1,1,2
202300052453,11,6,2023,22:00,5,2,3,13,13206,2,4,2,1,2
202300052454,27,9,2023,15:45,1,1,6,75,75119,2,4,2,2,1
202300052454,27,9,2023,15:45,1,1,6,75,75119,2,4,-1,1,1
202300052455,16,2,2023,01:10,4,5,7,68,68250,2,4,2,2,7
202300052456,29,11,2023,17:10,3,2,7,48,48095,1,3,2,2,2
202300052457,30,3,2023,18:15,1,1,3,75,75117,2,4,2,1,1
202300052457,30,3,2023,18:15,1,1,3,75,75117,2,4,1,1,1
202300052458,4,1,2023,09:50,1,2,3,94,94003,1,1,3,2,2
202300052459,11,6,2023,06:00,1,1,2,13,13201,2,4,2,1,1
202300052460,15,7,2023,10:00,1,1,3,31,31555,2,4,2,1,1
202300052460,15,7,2023,10:00,1,1,3,31,31555,2,4,2,1,1
202300052461,4,1,2023,13:55,1,2,6,78,78640,1,1,1,1,2
202300052462,30,3,2023,14:45,1,1,6,75,75116,2,4,2,1,1
202300052463,26,9,2023,19:00,1,1,3,75,75119,2,4,1,2,1
202300052464,11,2,2023,08:05,2,1,1,84,84037,2,3,2,1,1
202300052465,11,6,2023,17:15,1,1,2,13,13210,2,4,1,1,1
202300052466,4,1,2023,07:30,2,1,3,93,93007,1,1,3,1,1
202300052467,29,11,2023,11:57,1,1,3,45,45208,2,4,1,1,1
202300052467,29,11,2023,11:57,1,1,3,45,45208,2,4,1,1,1
202300052468,15,7,2023,05:19,5,1,3,31,31555,1,1,1,1,1
202300052469,15,2,2023,16:00,1,1,3,59,59278,2,7,2,1,1
202300052470,30,3,2023,13:00,1,1,3,75,75116,2,4,2,1,1
202300052470,30,3,2023,13:00,1,1,3,75,75116,2,4,2,1,1
202300052471,3,1,2023,23:40,3,3,7,77,77373,1,2,-1,1,2
202300052472,14,7,2023,09:50,1,1,6,29,29232,2,4,2,1,1
202300052473,14,2,2023,17:30,1,1,6,71,71336,2,3,2,1,1
202300052474,10,6,2023,13:35,1,1,3,13,13028,2,3,1,1,1
202300052474,10,6,2023,13:35,1,1,3,13,13028,2,3,1,1,1
202300052475,30,11,2023,18:20,2,1,2,44,44143,2,4,1,1,1
202300052476,30,3,2023,12:30,1,1,2,75,75116,2,4,1,1,1
202300052476,30,3,2023,12:30,1,1,2,75,75116,2,4,1,1,1
202300052477,27,9,2023,08:45,1,1,6,75,75118,2,4,-1,1,1
202300052477,27,9,2023,08:45,1,1,6,75,75118,2,4,2,1,1
202300052478,15,7,2023,23:25,5,1,6,28,28134,2,6,-1,1,1
202300052479,3,1,2023,10:30,1,1,6,33,33009,2,4,2,1,1
202300052479,3,1,2023,10:30,1,1,6,33,33009,2,4,2,1,1
202300052480,17,11,2023,21:35,5,1,7,43,43041,2,3,3,1,1
202300052481,11,6,2023,04:14,5,1,6,06,06088,2,7,3,1,1
202300052482,13,2,2023,15:15,1,7,3,62,62473,2,3,2,1,1
202300052483,29,3,2023,23:40,5,1,1,75,75116,2,4,2,1,1
202300052483,29,3,2023,23:40,5,1,1,75,75116,2,4,2,1,1
202300052484,2,1,2023,13:30,1,1,6,988,98818,2,4,2,1,1
202300052485,11,6,2023,12:10,1,1,3,06,06069,2,3,-1,1,1
202300052486,27,9,2023,15:30,1,1,2,75,75117,2,4,1,1,1
202300052487,15,7,2023,13:55,1,1,7,28,28134,2,4,1,1,2
202300052488,16,2,2023,13:20,1,1,3,76,76344,1,3,2,1,1
202300052488,16,2,2023,13:20,1,1,3,76,76344,1,3,2,1,1
202300052489,1,12,2023,07:00,5,1,2,35,35238,2,4,2,1,1
202300052489,1,12,2023,07:00,5,1,2,35,35238,2,4,3,1,1
202300052490,2,1,2023,20:45,3,1,3,973,97302,1,3,2,1,1
202300052491,10,6,2023,01:25,3,1,6,04,04112,1,4,2,1,1
202300052492,29,3,2023,12:45,1,1,3,75,75116,2,4,2,1,1
202300052492,29,3,2023,12:45,1,1,3,75,75116,2,4,1,1,1
202300052493,14,2,2023,18:00,3,1,7,82,82118,1,4,2,1,1
202300052494,15,7,2023,15:20,1,1,6,27,27229,2,4,2,2,1