id_accident,jour,mois,annee,heure_minute,luminosite,meteo,type_collision,departement,commune,agglomeration,categorie_route,regime_circulation,profil_route,etat_surface
202300052495,27,9,2023,13:10,1,1,3,75,75117,2,4,3,1,1
202300052496,2,1,2023,19:12,5,2,6,69,69389,2,4,2,1,2
202300052497,30,3,2023,16:05,1,1,6,75,75115,2,4,-1,1,1
202300052497,30,3,2023,16:05,1,1,6,75,75115,2,4,-1,1,1
202300052498,10,6,2023,18:25,1,1,3,75,75117,2,4,1,1,1
202300052499,16,2,2023,13:45,1,1,1,38,38343,2,3,2,2,1
202300052499,16,2,2023,13:45,1,1,1,38,38343,2,3,2,2,1
202300052500,1,12,2023,23:50,5,8,3,34,34172,2,4,2,1,2
202300052500,1,12,2023,23:50,5,8,3,34,34172,2,4,2,2,2
202300052500,1,12,2023,23:50,5,8,3,34,34172,2,4,2,2,2
202300052501,3,1,2023,07:00,5,1,2,95,95539,2,4,2,1,1
202300052502,15,7,2023,03:35,3,1,7,26,26362,1,4,2,1,1
202300052503,27,9,2023,12:00,1,1,3,75,75117,2,4,2,1,1
202300052503,27,9,2023,12:00,1,1,3,75,75117,2,4,-1,1,1
202300052504,15,2,2023,17:50,2,1,3,70,70473,2,3,2,1,1
202300052505,10,6,2023,16:20,1,1,2,75,75114,2,4,1,1,1
202300052506,3,1,2023,08:15,2,1,6,95,95280,2,4,2,1,1
202300052507,29,3,2023,19:50,2,1,3,75,75115,2,4,1,1,1
202300052507,29,3,2023,19:50,2,1,3,75,75115,2,4,1,1,1
202300052508,1,12,2023,19:30,5,2,7,34,34129,2,7,3,1,2
202300052509,15,7,2023,06:15,1,1,6,25,25056,2,2,1,1,1
202300052510,27,9,2023,13:30,1,1,2,75,75116,2,4,-1,1,1
202300052511,2,1,2023,18:22,5,8,6,91,91477,2,4,2,1,2
202300052512,30,3,2023,08:29,1,1,3,75,75114,2,4,2,1,1
202300052512,30,3,2023,08:29,1,1,3,75,75114,2,4,2,1,1
202300052513,10,6,2023,11:40,1,1,2,75,75114,2,4,3,1,1
202300052514,30,11,2023,18:13,5,1,6,34,34032,2,4,2,1,1
202300052515,15,7,2023,02:25,5,2,6,18,18279,2,4,2,1,2
202300052516,3,1,2023,19:10,5,1,6,91,91027,2,3,2,1,2
202300052517,27,9,2023,20:45,3,1,3,75,75115,2,4,-1,1,1
202300052517,27,9,2023,20:45,3,1,3,75,75115,2,4,2,1,1
202300052518,15,2,2023,16:10,1,7,3,24,24564,1,3,2,1,1
202300052519,10,6,2023,01:30,4,1,6,75,75114,2,4,1,1,1
202300052520,14,7,2023,19:15,2,1,2,17,17415,1,2,3,1,1
202300052521,1,12,2023,01:30,5,2,6,33,33063,2,4,1,1,2
202300052522,29,3,2023,11:20,1,1,3,75,75114,2,4,2,1,1
202300052522,29,3,2023,11:20,1,1,3,75,75114,2,4,2,1,1
202300052523,2,1,2023,14:59,1,2,6,88,88160,2,3,2,2,2
202300052524,16,2,2023,15:40,1,8,6,27,27288,1,3,3,3,1
202300052525,27,9,2023,08:30,1,1,6,75,75115,2,4,1,1,1
202300052525,27,9,2023,08:30,1,1,6,75,75115,2,4,-1,1,1
202300052526,8,6,2023,08:40,1,1,2,75,75112,2,4,1,1,1
202300052527,15,7,2023,14:00,1,1,3,13,13201,2,4,1,1,1
202300052527,15,7,2023,14:00,1,1,3,13,13201,2,4,2,1,1
202300052528,30,3,2023,11:40,1,1,6,75,75113,2,4,1,1,1
202300052528,30,3,2023,11:40,1,1,6,75,75113,2,4,1,2,1
202300052529,30,11,2023,08:00,1,2,6,33,33529,2,3,2,1,2
202300052529,30,11,2023,08:00,1,2,6,33,33529,2,3,2,1,2
202300052530,3,1,2023,17:27,2,1,6,86,86066,2,4,1,1,1
202300052531,15,2,2023,20:18,3,1,1,27,27198,1,3,2,1,1
202300052532,27,9,2023,13:20,1,1,7,75,75113,2,4,2,2,1
202300052532,27,9,2023,13:20,1,1,7,75,75113,2,4,1,2,1
202300052533,1,1,2023,21:45,5,1,3,84,84007,1,2,3,1,1
202300052534,15,2,2023,19:30,3,1,2,17,17008,1,3,2,1,1
202300052535,1,12,2023,08:30,1,2,6,31,31555,2,4,1,1,2
202300052536,9,6,2023,16:30,1,1,2,75,75120,2,4,1,1,1
202300052537,30,3,2023,08:00,1,1,3,75,75112,2,4,2,1,1
202300052537,30,3,2023,08:00,1,1,3,75,75112,2,4,1,1,1
202300052538,15,7,2023,10:30,1,1,3,11,11069,1,3,2,4,1
202300052539,27,9,2023,11:50,1,1,6,75,75113,2,4,1,2,1
202300052539,27,9,2023,11:50,1,1,6,75,75113,2,4,-1,1,1
202300052540,1,12,2023,11:22,1,1,3,29,29232,2,4,2,1,2
202300052541,16,2,2023,08:00,1,1,7,37,37156,2,4,2,2,1
202300052542,30,3,2023,09:00,1,1,6,75,75109,2,4,1,1,1
202300052542,30,3,2023,09:00,1,1,6,75,75109,2,4,1,2,1
202300052543,3,1,2023,13:05,1,1,3,81,81004,2,4,2,1,1
202300052543,3,1,2023,13:05,1,1,3,81,81004,2,4,2,1,9
202300052544,14,7,2023,23:20,5,1,6,11,11069,2,4,2,1,1
202300052545,11,6,2023,18:30,1,1,2,75,75106,2,4,1,1,1
202300052545,11,6,2023,18:30,1,1,2,75,75106,2,4,1,1,1
202300052546,26,9,2023,15:10,1,1,6,75,75113,2,4,1,1,1
202300052547,16,2,2023,06:00,2,2,7,973,97310,1,2,2,1,2
202300052548,30,3,2023,19:00,1,1,7,75,75108,2,4,1,1,2
202300052548,30,3,2023,19:00,1,1,7,75,75108,2,4,2,1,2
202300052549,2,1,2023,18:32,3,8,1,81,81004,1,2,3,1,1
202300052550,1,12,2023,09:50,1,1,6,29,29019,2,4,2,2,1
202300052551,15,2,2023,14:20,1,1,2,42,42279,2,3,2,1,1
202300052552,3,1,2023,07:50,3,1,6,79,79191,2,3,2,1,1
202300052552,3,1,2023,07:50,3,1,6,79,79191,2,3,2,1,1
202300052553,14,7,2023,14:40,1,1,3,11,11069,2,4,-1,1,1
202300052553,14,7,2023,14:40,1,1,3,11,11069,2,4,1,1,1
202300052554,27,9,2023,12:00,1,1,1,75,75110,2,4,-1,1,1
202300052554,27,9,2023,12:00,1,1,1,75,75110,2,4,1,1,1
202300052555,14,2,2023,08:30,1,7,3,45,45173,1,4,2,1,1
202300052556,28,3,2023,20:20,1,1,1,94,94077,1,3,2,1,1
202300052556,28,3,2023,20:20,1,1,1,94,94077,1,3,2,1,1
202300052557,10,6,2023,03:10,5,9,7,75,75118,2,4,2,2,1
202300052558,30,11,2023,19:55,4,1,1,29,29019,1,3,2,1,2
202300052559,14,7,2023,18:19,1,1,6,07,07102,2,4,2,1,1
202300052560,3,1,2023,08:50,1,1,7,76,76217,2,3,2,1,2
202300052561,15,2,2023,13:20,1,1,2,13,13014,1,3,2,1,1
202300052562,30,3,2023,16:40,1,1,2,93,93078,2,3,3,1,1
202300052562,30,3,2023,16:40,1,1,2,93,93078,2,3,3,1,1
202300052563,11,6,2023,11:48,1,1,2,75,75117,2,4,2,1,1
202300052563,11,6,2023,11:48,1,1,2,75,75117,2,4,1,1,1
202300052564,27,9,2023,08:00,1,1,2,75,75110,2,4,-1,1,1
202300052564,27,9,2023,08:00,1,1,2,75,75110,2,4,1,2,1
202300052565,29,11,2023,18:05,5,2,6,29,29019,2,4,2,1,2
202300052566,30,3,2023,00:24,3,1,3,93,93066,2,4,1,1,1
202300052567,1,12,2023,19:40,3,2,6,25,25056,1,3,2,2,2
202300052568,15,7,2023,10:55,1,1,5,06,06104,1,3,2,2,1
202300052569,3,1,2023,06:30,2,2,2,74,74305,2,4,-1,1,2
202300052569,3,1,2023,06:30,2,2,2,74,74305,2,4,-1,1,2
202300052570,16,2,2023,13:30,1,1,5,13,13057,1,3,2,1,1
202300052570,16,2,2023,13:30,1,1,5,13,13057,1,3,2,1,1
202300052571,10,6,2023,14:40,1,1,3,75,75113,2,4,2,2,1
202300052571,10,6,2023,14:40,1,1,3,75,75113,2,4,2,1,1
202300052572,29,3,2023,11:40,1,1,6,93,93066,2,4,2,1,1
202300052573,3,1,2023,07:15,5,1,3,69,69092,2,4,2,1,2
202300052574,1,12,2023,19:40,5,2,2,25,25056,2,4,2,2,2
202300052574,1,12,2023,19:40,5,2,2,25,25056,2,4,3,3,2
202300052575,16,2,2023,08:15,1,1,3,38,38407,1,3,2,2,1
202300052576,11,6,2023,14:15,1,8,3,75,75107,2,4,2,1,1
202300052577,14,7,2023,19:55,1,1,5,75,75117,2,4,1,1,1
202300052578,26,9,2023,23:09,5,1,3,75,75107,2,4,2,1,1
202300052578,26,9,2023,23:09,5,1,3,75,75107,2,4,1,1,1
202300052579,3,1,2023,14:40,1,1,2,69,69259,2,4,2,1,1
202300052580,30,3,2023,07:10,1,1,1,93,93051,2,3,3,1,1
202300052580,30,3,2023,07:10,1,1,1,93,93051,2,3,2,2,1
202300052581,16,2,2023,16:15,1,1,3,26,26170,1,3,2,1,1
202300052582,1,12,2023,07:55,2,2,6,25,25056,2,4,2,1,2
202300052583,11,6,2023,02:30,5,1,6,75,75107,2,4,1,1,2
202300052584,26,9,2023,20:05,5,1,2,75,75103,2,4,1,1,1
202300052584,26,9,2023,20:05,5,1,2,75,75103,2,4,2,1,1
202300052585,1,12,2023,19:05,3,3,6,24,24037,1,3,2,1,2
202300052586,13,7,2023,17:10,1,1,5,75,75117,2,4,1,1,1
202300052587,3,1,2023,09:45,1,1,3,69,69290,2,4,2,1,2
202300052587,3,1,2023,09:45,1,1,3,69,69290,2,4,2,1,2
202300052588,26,9,2023,20:10,3,1,6,94,94068,2,4,1,1,1
202300052588,26,9,2023,20:10,3,1,6,94,94068,2,4,1,1,1
202300052589,16,2,2023,06:40,5,1,6,14,14630,2,4,2,1,1
202300052590,3,1,2023,02:05,5,2,6,69,69290,2,4,2,2,2
202300052591,29,11,2023,22:15,5,1,3,19,19031,2,4,2,1,1
202300052591,29,11,2023,22:15,5,1,3,19,19031,2,4,2,1,1
202300052592,15,7,2023,16:43,1,1,3,75,75105,2,4,-1,1,1
202300052592,15,7,2023,16:43,1,1,3,75,75105,2,4,2,1,1
202300052593,16,2,2023,17:15,1,1,7,27,27676,1,3,2,2,1
202300052594,25,9,2023,15:30,1,1,2,94,94079,2,3,2,1,1
202300052595,13,2,2023,07:13,3,1,6,59,59574,1,1,-1,1,1
202300052596,3,1,2023,16:15,1,1,4,64,64545,1,3,2,1,1
202300052596,3,1,2023,16:15,1,1,4,64,64545,1,3,2,2,1
202300052597,29,11,2023,14:30,1,1,6,19,19031,2,4,2,1,1
202300052598,27,9,2023,10:00,1,1,2,94,94017,2,3,2,1,1
202300052598,27,9,2023,10:00,1,1,2,94,94017,2,3,1,1,1
202300052599,2,1,2023,10:23,1,2,3,64,64335,2,4,2,1,2
202300052600,15,2,2023,17:25,1,1,2,91,91689,1,1,1,1,1
202300052601,27,11,2023,22:35,5,1,3,19,19031,2,4,2,1,1
202300052601,27,11,2023,22:35,5,1,3,19,19031,2,4,2,1,1
202300052602,27,9,2023,06:15,5,1,6,94,94017,2,3,2,1,1
202300052603,15,2,2023,02:50,3,1,6,78,78571,1,1,1,1,1
202300052604,15,7,2023,14:00,1,8,2,75,75117,2,4,4,1,2
202300052604,15,7,2023,14:00,1,8,2,75,75117,2,4,-1,1,2
202300052605,1,12,2023,07:45,2,3,4,15,15012,1,3,-1,1,2
202300052606,3,1,2023,18:00,5,1,4,64,64122,2,4,2,2,1
202300052606,3,1,2023,18:00,5,1,4,64,64122,2,4,2,1,1
202300052607,14,2,2023,17:15,1,1,6,95,95488,1,1,3,1,1
202300052608,15,7,2023,04:00,3,1,6,75,75116,2,4,-1,1,1
202300052608,15,7,2023,04:00,3,1,6,75,75116,2,4,1,1,1
202300052609,1,12,2023,18:45,5,2,1,13,13209,2,4,2,2,2
202300052610,3,1,2023,08:44,1,1,3,64,64102,2,3,2,1,1
202300052611,14,2,2023,17:00,1,1,2,93,93007,1,1,3,1,1
202300052612,27,9,2023,08:10,1,1,3,93,93078,2,3,3,1,1
202300052613,15,7,2023,16:15,1,1,2,75,75111,2,4,1,1,2
202300052614,1,12,2023,06:25,5,1,6,13,13214,2,3,2,2,1
202300052614,1,12,2023,06:25,5,1,6,13,13214,2,3,2,1,1
202300052615,2,1,2023,07:25,5,1,1,59,59350,2,7,3,1,2
202300052616,15,7,2023,09:15,1,2,7,75,75108,2,4,2,1,2
202300052616,15,7,2023,09:15,1,2,7,75,75108,2,4,2,1,2
202300052617,14,2,2023,14:30,1,1,4,92,92036,1,1,3,1,1
202300052618,27,9,2023,19:55,3,1,3,93,93005,2,4,2,1,1
202300052618,27,9,2023,19:55,3,1,3,93,93005,2,4,1,2,1
202300052619,30,11,2023,18:20,5,8,3,10,10387,2,4,2,1,1
202300052619,30,11,2023,18:20,5,8,3,10,10387,2,4,2,1,1
202300052620,14,2,2023,11:55,1,1,7,93,93078,1,1,3,1,1
202300052621,3,1,2023,16:20,1,1,2,54,54578,1,4,2,1,1
202300052622,27,9,2023,17:17,1,1,6,93,93066,2,4,2,1,1
202300052623,15,7,2023,02:45,5,1,2,75,75108,2,4,-1,1,1
202300052623,15,7,2023,02:45,5,1,2,75,75108,2,4,1,1,1
202300052624,14,2,2023,09:00,1,1,2,92,92036,1,1,3,1,1
202300052625,2,1,2023,05:37,3,2,1,49,49007,2,4,1,1,2
202300052626,1,12,2023,17:25,5,3,4,09,09122,2,3,2,1,2
202300052627,15,7,2023,01:10,5,1,1,75,75107,2,4,2,1,1
202300052628,27,9,2023,14:16,1,1,3,93,93066,2,4,2,1,1
202300052628,27,9,2023,14:16,1,1,3,93,93066,2,4,2,1,1
202300052629,3,1,2023,12:10,1,1,6,45,45302,2,3,1,3,2
202300052630,15,2,2023,12:30,1,1,5,94,94028,1,1,-1,1,1
202300052631,1,12,2023,06:40,5,2,7,07,07281,2,3,2,1,2
202300052631,1,12,2023,06:40,5,2,7,07,07281,2,3,1,1,2
202300052632,14,7,2023,13:35,1,1,6,75,75107,2,4,2,1,1
202300052632,14,7,2023,13:35,1,1,6,75,75107,2,4,2,1,1
202300052633,27,9,2023,07:15,2,1,3,93,93066,2,3,2,1,1
202300052634,3,1,2023,12:15,1,7,3,37,37214,2,4,2,1,1
202300052634,3,1,2023,12:15,1,7,3,37,37214,2,4,2,1,1
202300052635,29,11,2023,17:00,2,1,3,06,06069,2,4,2,1,1
202300052636,15,2,2023,06:30,3,1,7,94,94044,1,2,-1,1,1
202300052637,15,7,2023,05:00,5,1,7,75,75104,2,4,-1,1,1
202300052637,15,7,2023,05:00,5,1,7,75,75104,2,4,1,1,1
202300052638,3,1,2023,15:30,1,1,6,35,35238,2,4,2,1,1
202300052638,3,1,2023,15:30,1,1,6,35,35238,2,4,2,1,1
202300052639,14,2,2023,17:45,2,1,6,91,91201,2,4,-1,1,1
202300052640,27,9,2023,18:10,1,1,3,93,93046,2,4,2,1,1
202300052641,15,7,2023,18:00,1,1,2,94,94077,2,4,2,1,1
202300052642,14,2,2023,07:45,2,1,2,62,62160,2,4,-1,2,1
202300052643,3,1,2023,11:10,1,1,3,35,35238,2,4,2,1,1
202300052643,3,1,2023,11:10,1,1,3,35,35238,2,4,2,1,1
202300052644,15,7,2023,10:45,1,1,7,94,94033,2,4,2,1,1
202300052645,27,9,2023,08:30,1,1,3,93,93079,2,3,3,1,1
202300052645,27,9,2023,08:30,1,1,3,93,93079,2,3,1,1,1
202300052646,14,2,2023,08:00,1,5,6,60,60057,2,4,1,1,1
202300052647,29,11,2023,13:25,1,1,3,06,06069,2,4,1,1,1
202300052648,15,7,2023,14:50,1,2,3,93,93046,2,4,2,1,2
202300052649,3,1,2023,07:25,5,1,3,35,35238,2,4,1,1,1
202300052649,3,1,2023,07:25,5,1,3,35,35238,2,4,2,1,1
202300052650,10,2,2023,15:55,1,1,6,67,67482,2,4,3,1,1
202300052651,26,9,2023,04:35,5,1,3,93,93029,2,3,2,1,1
202300052651,26,9,2023,04:35,5,1,3,93,93029,2,3,2,1,1
202300052652,14,2,2023,17:30,1,1,7,974,97416,1,2,2,3,1
202300052653,15,7,2023,15:10,1,8,6,93,93051,2,3,2,1,1
202300052653,15,7,2023,15:10,1,8,6,93,93051,2,3,1,1,1
202300052654,1,1,2023,00:00,3,1,6,34,34032,1,3,2,1,1
202300052655,13,2,2023,17:05,1,1,6,974,97416,1,2,3,2,1
202300052656,15,7,2023,12:30,1,1,3,93,93027,2,3,2,1,1
202300052657,6,1,2023,14:30,1,2,3,29,29019,2,4,-1,2,2
202300052658,27,9,2023,18:30,2,1,5,93,93057,2,3,3,1,1
202300052659,14,2,2023,16:45,1,1,2,974,97411,2,4,2,2,1
202300052660,2,1,2023,15:30,1,1,3,19,19031,2,3,1,2,1
202300052661,15,7,2023,09:15,1,2,2,92,92051,2,2,1,1,2
202300052662,27,9,2023,17:30,1,1,6,93,93010,2,4,1,1,1
202300052663,15,7,2023,12:50,1,2,7,92,92048,2,4,1,1,3
202300052664,3,1,2023,08:15,1,5,3,17,17415,2,4,2,1,1
202300052665,13,2,2023,18:25,1,1,2,974,97411,2,2,2,1,1
202300052665,13,2,2023,18:25,1,1,2,974,97411,2,2,-1,1,1
202300052666,27,9,2023,09:05,1,1,6,93,93008,2,3,3,1,1
202300052667,3,1,2023,14:45,1,1,6,13,13207,2,4,1,1,1
202300052668,14,2,2023,10:00,1,2,7,973,97302,2,4,1,1,3
202300052669,16,7,2023,00:55,5,1,1,38,38019,2,2,2,1,1
202300052669,16,7,2023,00:55,5,1,1,38,38019,2,2,2,1,2
202300052670,27,9,2023,20:02,5,1,6,92,92078,2,3,3,1,1
202300052671,3,1,2023,01:00,5,1,3,13,13205,2,4,2,1,1
202300052672,14,2,2023,02:20,5,1,7,972,97209,2,3,3,2,1
202300052673,16,7,2023,07:30,2,1,2,06,06149,2,7,2,2,1
202300052674,3,1,2023,07:30,1,1,3,13,13005,2,3,2,1,1
202300052674,3,1,2023,07:30,1,1,3,13,13005,2,3,2,1,1
202300052675,25,9,2023,15:35,1,1,3,92,92072,2,3,3,1,1
202300052675,25,9,2023,15:35,1,1,3,92,92072,2,3,2,1,1
202300052676,14,2,2023,15:30,1,1,6,69,69382,2,4,1,1,1
202300052677,2,1,2023,21:35,5,1,2,10,10362,2,4,2,1,2
202300052677,2,1,2023,21:35,5,1,2,10,10362,2,4,2,1,2
202300052678,14,2,2023,10:25,1,5,3,95,95555,1,3,3,1,1
202300052679,27,9,2023,08:28,1,1,3,92,92062,2,3,1,1,1
202300052680,15,7,2023,18:45,1,1,1,22,22172,2,3,2,2,1
202300052680,15,7,2023,18:45,1,1,1,22,22172,2,3,2,1,1
202300052681,26,9,2023,12:19,1,1,2,92,92051,2,4,2,1,1
202300052682,2,1,2023,18:00,5,2,1,07,07102,2,4,-1,1,2
202300052682,2,1,2023,18:00,5,2,1,07,07102,2,4,-1,1,2
202300052683,11,2,2023,16:05,1,1,6,91,91228,2,4,2,1,1
202300052683,11,2,2023,16:05,1,1,6,91,91228,2,4,2,1,1
202300052684,16,7,2023,07:30,1,1,6,43,43093,1,3,2,2,1
202300052685,27,9,2023,14:40,1,1,3,92,92050,2,4,2,1,1
202300052686,13,7,2023,16:00,1,1,6,06,06044,2,3,2,1,1
202300052687,1,1,2023,22:20,5,1,1,06,06088,2,7,1,1,1
202300052687,1,1,2023,22:20,5,1,1,06,06088,2,7,1,2,1
202300052688,27,9,2023,09:50,1,1,7,92,92020,2,3,1,1,1
202300052689,15,7,2023,11:15,1,1,1,972,97207,1,2,2,2,1
202300052690,3,1,2023,13:45,1,1,1,01,01344,1,3,2,1,1
202300052691,27,9,2023,07:50,1,1,6,92,92072,2,3,2,2,1
202300052692,3,1,2023,09:30,1,1,2,75,75116,2,4,1,1,1
202300052693,27,9,2023,17:32,1,1,3,92,92062,2,4,2,1,1
202300052694,14,2,2023,18:15,3,1,1,76,76410,1,7,2,2,1
202300052695,14,7,2023,16:45,1,1,1,38,38270,2,3,2,2,9
202300052696,3,1,2023,15:30,1,1,2,75,75113,2,4,2,2,1
202300052696,3,1,2023,15:30,1,1,2,75,75113,2,4,2,1,1
202300052697,14,2,2023,18:55,3,1,2,76,76705,1,7,2,1,1
202300052698,25,9,2023,19:34,1,1,4,92,92050,2,1,1,1,1
202300052698,25,9,2023,19:34,1,1,4,92,92050,2,1,1,1,1
202300052699,15,7,2023,20:30,1,1,3,79,79130,1,2,2,1,1
202300052699,15,7,2023,20:30,1,1,3,79,79130,1,2,2,4,1
202300052700,3,1,2023,18:11,5,1,3,75,75118,2,4,-1,1,1
202300052700,3,1,2023,18:11,5,1,3,75,75118,2,4,1,1,1
202300052701,26,9,2023,23:25,5,1,3,92,92007,2,3,1,1,1
202300052702,13,2,2023,15:25,1,1,4,71,71040,1,2,1,1,1
202300052703,3,1,2023,10:15,1,1,2,75,75116,2,4,2,1,1
202300052703,3,1,2023,10:15,1,1,2,75,75116,2,4,1,1,1
202300052704,16,7,2023,09:30,1,1,3,2B,2B050,2,2,2,1,1
202300052705,27,9,2023,21:45,3,1,6,51,51531,2,4,2,1,1
202300052706,14,2,2023,07:35,2,1,6,69,69266,2,4,2,1,1
202300052706,14,2,2023,07:35,2,1,6,69,69266,2,4,2,1,1
202300052707,3,1,2023,15:30,1,8,3,75,75115,2,4,1,1,1
202300052707,3,1,2023,15:30,1,8,3,75,75115,2,4,3,1,1
202300052708,26,9,2023,10:05,1,7,6,51,51531,2,4,2,1,1
202300052709,14,7,2023,23:25,5,1,3,2B,2B050,2,2,2,1,1
202300052710,3,1,2023,19:50,5,1,6,75,75114,2,4,1,1,1
202300052710,3,1,2023,19:50,5,1,6,75,75114,2,4,1,1,1
202300052711,15,7,2023,20:29,2,1,6,12,12054,1,3,2,2,1
202300052712,14,2,2023,08:05,1,1,3,69,69282,2,4,2,1,1
202300052712,14,2,2023,08:05,1,1,3,69,69282,2,4,2,1,1
202300052713,27,9,2023,17:15,1,1,3,62,62812,1,3,2,1,1
202300052713,27,9,2023,17:15,1,1,3,62,62812,1,3,2,1,1
202300052714,3,1,2023,18:35,5,1,3,75,75113,2,4,1,1,1
202300052714,3,1,2023,18:35,5,1,3,75,75113,2,4,1,2,1
202300052715,28,9,2023,08:00,1,1,3,95,95134,1,3,2,1,1
202300052716,14,2,2023,06:05,5,1,3,69,69259,2,7,2,1,1
202300052716,14,2,2023,06:05,5,1,3,69,69259,2,7,2,3,1
202300052717,16,7,2023,05:30,2,1,1,42,42323,2,3,2,1,1
202300052718,3,1,2023,08:07,2,1,3,75,75113,2,4,2,1,1
202300052718,3,1,2023,08:07,2,1,3,75,75113,2,4,2,2,1
202300052719,27,9,2023,10:15,1,1,7,83,83086,1,3,2,2,1
202300052720,11,7,2023,19:20,1,1,6,34,34064,1,3,2,1,1
202300052721,11,2,2023,09:00,1,1,3,64,64102,2,4,1,1,1
202300052722,3,1,2023,16:15,1,1,6,75,75110,2,4,1,1,1
202300052722,3,1,2023,16:15,1,1,6,75,75110,2,4,2,1,1
202300052723,2,1,2023,16:55,2,1,7,75,75101,2,4,2,1,1
202300052724,27,9,2023,17:50,1,1,3,35,35337,2,3,1,1,1
202300052724,27,9,2023,17:50,1,1,3,35,35337,2,3,2,1,1
202300052725,16,7,2023,01:00,3,2,7,22,22194,2,4,2,1,2
202300052726,14,2,2023,21:20,5,1,7,61,61001,2,4,-1,1,1
202300052727,2,1,2023,09:30,2,2,7,75,75102,2,4,1,1,2
202300052727,2,1,2023,09:30,2,2,7,75,75102,2,4,1,1,2
202300052728,3,1,2023,19:17,5,1,1,94,94044,2,3,2,1,1
202300052729,14,2,2023,18:00,1,1,3,59,59599,2,7,3,1,1
202300052729,14,2,2023,18:00,1,1,3,59,59599,2,7,2,1,1
202300052730,27,9,2023,17:15,1,1,1,51,51571,1,3,2,1,1
202300052730,27,9,2023,17:15,1,1,1,51,51571,1,3,2,1,1
202300052731,3,1,2023,08:35,1,1,6,94,94078,2,4,2,1,2
202300052732,27,9,2023,14:30,1,1,6,51,51093,1,3,2,2,1
202300052733,3,1,2023,20:45,5,2,3,94,94046,2,3,2,2,2
202300052734,13,2,2023,15:00,1,1,3,59,59467,2,3,-1,1,1
202300052734,13,2,2023,15:00,1,1,3,59,59467,2,3,2,1,1
202300052735,27,9,2023,11:10,1,1,3,59,59037,2,3,2,1,1
202300052736,27,9,2023,18:50,1,1,3,56,56058,2,3,1,1,1
202300052736,27,9,2023,18:50,1,1,3,56,56058,2,3,2,1,1
202300052737,2,1,2023,13:45,1,1,2,94,94028,2,3,1,1,2
202300052737,2,1,2023,13:45,1,1,2,94,94028,2,3,1,1,2
202300052738,13,2,2023,20:25,3,1,1,52,52121,1,3,2,3,1
202300052739,28,9,2023,16:15,1,1,6,76,76222,2,7,2,1,1
202300052740,3,1,2023,09:44,1,1,6,93,93048,2,3,2,1,1
202300052741,28,9,2023,16:40,1,7,6,2B,2B201,1,3,2,2,1
202300052742,14,2,2023,08:10,1,1,6,51,51454,2,4,2,1,1
202300052742,14,2,2023,08:10,1,1,6,51,51454,2,4,-1,1,1
202300052743,3,1,2023,19:10,5,1,7,92,92078,2,3,2,1,1
202300052744,26,9,2023,14:51,1,1,3,65,65250,2,4,2,1,1
202300052744,26,9,2023,14:51,1,1,3,65,65250,2,4,2,2,1
202300052745,3,1,2023,20:15,5,2,6,92,92075,2,3,2,1,2
202300052745,3,1,2023,20:15,5,2,6,92,92075,2,3,1,1,2
202300052746,13,2,2023,17:45,1,1,3,49,49099,2,4,2,1,1
202300052747,15,9,2023,19:30,1,1,3,71,71412,1,2,3,1,1
202300052748,3,1,2023,16:28,1,1,3,92,92063,2,4,2,1,1
202300052748,3,1,2023,16:28,1,1,3,92,92063,2,4,2,2,1
202300052749,14,2,2023,08:30,1,1,3,49,49246,2,4,2,1,1
202300052750,28,9,2023,07:53,1,1,1,71,71549,1,3,2,1,1
202300052751,3,1,2023,20:28,5,3,3,92,92050,2,3,3,1,2
202300052752,14,2,2023,17:50,1,1,2,44,44109,1,1,3,1,1
202300052753,3,1,2023,13:05,1,1,3,92,92024,2,4,1,1,1
202300052754,28,9,2023,10:00,1,1,3,71,71359,1,3,2,1,1
202300052754,28,9,2023,10:00,1,1,3,71,71359,1,3,2,1,1
202300052755,14,2,2023,08:44,1,1,1,38,38185,2,7,3,1,1
202300052755,14,2,2023,08:44,1,1,1,38,38185,2,7,2,1,1
202300052756,2,1,2023,15:20,1,8,2,92,92060,2,3,1,1,2
202300052757,27,9,2023,23:10,5,1,3,63,63291,2,3,2,1,1
202300052757,27,9,2023,23:10,5,1,3,63,63291,2,3,2,1,1
202300052758,2,1,2023,21:20,5,1,3,92,92004,2,3,2,1,1
202300052758,2,1,2023,21:20,5,1,3,92,92004,2,3,-1,1,1
202300052759,13,2,2023,15:55,1,1,3,37,37233,2,4,1,1,1
202300052759,13,2,2023,15:55,1,1,3,37,37233,2,4,2,1,1
202300052760,22,9,2023,17:00,1,2,1,61,61129,1,3,2,1,2
202300052761,1,1,2023,05:35,3,1,6,35,35177,1,3,2,2,1
202300052762,27,9,2023,13:30,1,1,7,46,46313,1,3,2,1,1
202300052763,14,2,2023,15:35,1,1,2,35,35206,1,2,3,2,1
202300052764,27,9,2023,17:25,1,1,2,44,44130,1,3,2,1,1
202300052765,4,1,2023,14:30,1,1,2,66,66190,1,1,3,2,1
202300052766,28,9,2023,11:20,1,1,7,29,29264,1,3,2,1,1
202300052767,10,2,2023,07:30,2,1,1,34,34032,2,4,2,1,1
202300052767,10,2,2023,07:30,2,1,1,34,34032,2,4,-1,2,1
202300052768,3,1,2023,07:45,2,5,3,28,28035,1,2,2,1,2
202300052768,3,1,2023,07:45,2,5,3,28,28035,1,2,3,1,2
202300052769,28,9,2023,12:50,1,2,7,29,29176,1,3,-1,3,2
202300052770,14,2,2023,12:00,1,1,3,33,33529,2,4,2,1,1