id_accident,jour,mois,annee,heure_minute,luminosite,meteo,type_collision,departement,commune,agglomeration,categorie_route,regime_circulation,profil_route,etat_surface
202300052771,3,1,2023,10:10,1,1,1,62,62338,1,4,2,1,2
202300052772,17,9,2023,16:45,1,1,1,38,38457,1,3,2,2,1
202300052773,3,1,2023,08:40,1,5,7,74,74085,1,4,2,2,6
202300052774,14,2,2023,19:55,5,1,3,27,27229,2,4,3,1,1
202300052775,4,1,2023,19:05,5,1,6,74,74267,2,3,2,2,1
202300052776,17,9,2023,02:00,4,1,6,26,26193,1,3,2,1,1
202300052777,3,1,2023,19:30,3,2,7,79,79311,1,3,2,2,2
202300052778,14,2,2023,12:20,1,1,3,22,22187,2,4,2,1,1
202300052778,14,2,2023,12:20,1,1,3,22,22187,2,4,2,1,1
202300052779,4,1,2023,11:25,1,2,6,79,79322,1,3,2,3,2
202300052780,14,2,2023,11:30,1,1,6,22,22278,2,4,2,1,1
202300052781,1,1,2023,12:45,1,1,7,69,69018,1,4,2,1,1
202300052782,27,9,2023,23:00,5,1,7,18,18096,2,3,2,1,1
202300052783,3,1,2023,21:20,3,5,6,71,71014,1,3,2,1,1
202300052784,14,2,2023,16:21,1,1,3,19,19275,2,3,3,2,1
202300052785,24,9,2023,12:21,1,1,6,18,18108,2,4,2,1,1
202300052786,3,1,2023,19:00,5,1,6,89,89309,2,3,2,1,1
202300052787,27,9,2023,18:45,1,1,6,18,18145,2,3,2,1,1
202300052788,14,2,2023,21:02,5,1,1,14,14118,2,4,2,1,1
202300052788,14,2,2023,21:02,5,1,1,14,14118,2,4,2,1,1
202300052789,3,1,2023,12:35,1,5,3,46,46317,2,3,2,1,2
202300052789,3,1,2023,12:35,1,5,3,46,46317,2,3,2,1,2
202300052790,13,2,2023,19:30,5,1,6,14,14118,2,4,2,2,1
202300052791,3,1,2023,10:25,1,7,1,47,47195,1,3,2,3,2
202300052791,3,1,2023,10:25,1,7,1,47,47195,1,3,2,1,2
202300052792,3,1,2023,14:30,1,1,6,86,86281,2,3,2,1,1
202300052793,13,2,2023,14:45,1,1,2,13,13103,2,4,2,1,1
202300052794,26,9,2023,19:45,2,1,6,21,21545,1,3,2,1,1
202300052795,4,1,2023,06:55,2,1,3,38,38416,1,3,2,2,2
202300052796,27,9,2023,08:16,2,7,6,08,08491,2,4,2,1,1
202300052797,14,2,2023,23:30,5,1,6,13,13213,2,4,2,1,1
202300052798,4,1,2023,20:25,3,1,5,38,38533,1,7,2,2,2
202300052799,28,9,2023,14:00,1,1,1,88,88357,1,4,2,2,1
202300052800,14,2,2023,22:40,5,1,6,94,94038,2,4,2,1,1
202300052801,3,1,2023,20:45,3,2,6,50,50604,1,3,2,1,2
202300052802,28,9,2023,07:04,2,1,6,38,38517,1,1,3,1,1
202300052803,13,2,2023,08:36,1,1,1,75,75118,2,4,1,1,1
202300052803,13,2,2023,08:36,1,1,1,75,75118,2,4,2,1,1
202300052804,27,9,2023,19:00,2,1,7,67,67152,2,4,2,1,1
202300052805,4,1,2023,09:00,2,2,6,50,50615,2,3,2,1,2
202300052806,27,9,2023,09:30,1,1,6,91,91386,2,3,2,1,1
202300052807,14,2,2023,11:45,1,1,3,75,75120,2,4,2,2,1
202300052807,14,2,2023,11:45,1,1,3,75,75120,2,4,1,1,1
202300052808,4,1,2023,07:10,3,2,3,45,45327,1,3,2,1,2
202300052809,14,2,2023,20:20,5,1,2,75,75119,2,4,1,1,1
202300052810,26,9,2023,12:00,1,1,1,84,84019,2,4,2,1,1
202300052811,1,1,2023,06:19,3,1,1,64,64059,1,3,2,1,1
202300052812,3,1,2023,12:55,1,1,7,18,18019,1,3,2,1,1
202300052813,27,9,2023,12:15,1,1,3,13,13034,1,3,2,1,1
202300052814,2,1,2023,08:55,1,1,3,53,53109,1,3,2,1,1
202300052815,14,2,2023,12:30,1,1,3,75,75119,2,4,1,1,1
202300052815,14,2,2023,12:30,1,1,3,75,75119,2,4,1,1,1
202300052816,28,9,2023,07:40,1,1,2,38,38072,1,1,1,1,1
202300052817,4,1,2023,16:45,1,2,6,37,37212,1,3,2,2,2
202300052818,13,2,2023,13:00,1,1,6,75,75119,2,4,2,2,1
202300052818,13,2,2023,13:00,1,1,6,75,75119,2,4,2,1,1
202300052819,3,1,2023,20:50,3,1,1,30,30169,1,2,2,1,1
202300052820,14,2,2023,11:45,1,1,6,75,75116,2,4,1,1,1
202300052821,28,9,2023,07:55,1,1,5,70,70416,1,2,2,1,1
202300052822,28,9,2023,06:55,2,1,7,03,03298,1,2,3,1,1
202300052823,3,1,2023,07:40,5,1,3,35,35206,1,3,2,1,2
202300052823,3,1,2023,07:40,5,1,3,35,35206,1,3,2,1,2
202300052824,13,2,2023,19:45,5,1,6,75,75116,2,4,2,1,1
202300052824,13,2,2023,19:45,5,1,6,75,75116,2,4,2,1,1
202300052825,28,9,2023,14:15,1,1,3,07,07324,2,3,2,1,1
202300052826,14,2,2023,19:20,5,1,1,75,75115,2,4,2,1,1
202300052826,14,2,2023,19:20,5,1,1,75,75115,2,4,-1,1,1
202300052827,27,9,2023,14:26,1,1,6,13,13117,1,1,1,1,1
202300052828,14,2,2023,20:25,5,1,6,75,75113,2,4,2,1,1
202300052829,27,9,2023,14:25,1,1,1,13,13028,1,4,1,1,1
202300052830,4,1,2023,16:00,1,1,7,2B,2B007,1,3,2,2,9
202300052831,13,2,2023,22:40,5,1,3,75,75113,2,4,2,1,1
202300052831,13,2,2023,22:40,5,1,3,75,75113,2,4,2,1,1
202300052832,25,9,2023,18:03,1,1,2,33,33318,1,1,3,1,1
202300052833,4,1,2023,10:00,1,1,6,34,34213,2,4,2,2,1
202300052834,4,1,2023,07:45,1,1,6,34,34113,2,3,2,1,1
202300052835,14,2,2023,20:15,5,1,3,75,75111,2,4,2,1,1
202300052835,14,2,2023,20:15,5,1,3,75,75111,2,4,2,1,1
202300052836,14,2,2023,04:25,5,1,6,75,75107,2,4,2,1,1
202300052836,14,2,2023,04:25,5,1,6,75,75107,2,4,2,1,1
202300052837,27,9,2023,14:00,1,1,4,91,91689,1,1,1,2,1
202300052838,27,9,2023,14:18,1,1,3,91,91179,1,1,3,1,1
202300052839,2,1,2023,11:35,1,1,3,34,34199,2,3,2,1,1
202300052839,2,1,2023,11:35,1,1,3,34,34199,2,3,2,1,1
202300052840,13,2,2023,10:45,1,1,6,75,75107,2,4,2,1,1
202300052840,13,2,2023,10:45,1,1,6,75,75107,2,4,1,1,1
202300052841,13,2,2023,17:40,5,1,6,75,75101,2,4,2,1,1
202300052841,13,2,2023,17:40,5,1,6,75,75101,2,4,-1,1,1
202300052842,4,1,2023,08:10,1,1,5,83,83035,1,3,2,1,1
202300052843,27,9,2023,06:15,2,1,6,95,95219,1,1,3,1,1
202300052844,14,2,2023,17:20,1,1,6,94,94058,2,3,2,1,1
202300052845,4,1,2023,18:30,3,1,1,13,13103,1,3,2,1,1
202300052846,14,2,2023,02:00,5,1,6,94,94058,2,3,2,2,1
202300052846,14,2,2023,02:00,5,1,6,94,94058,2,3,1,1,1
202300052847,27,9,2023,17:10,1,1,4,94,94022,1,1,3,1,1
202300052848,3,1,2023,08:55,1,5,6,21,21388,2,3,2,1,1
202300052849,13,2,2023,16:50,1,9,6,94,94033,2,4,1,1,1
202300052849,13,2,2023,16:50,1,9,6,94,94033,2,4,2,1,1
202300052850,7,6,2023,14:25,1,1,6,09,09225,2,4,1,1,1
202300052851,4,1,2023,18:00,3,2,6,68,68109,2,3,3,1,2
202300052852,14,2,2023,22:10,5,1,2,94,94022,2,3,3,2,1
202300052853,26,7,2023,20:30,1,1,3,74,74118,1,3,2,1,1
202300052853,26,7,2023,20:30,1,1,3,74,74118,1,3,1,1,1
202300052854,2,1,2023,11:20,1,1,3,69,69069,2,4,2,1,1
202300052854,2,1,2023,11:20,1,1,3,69,69069,2,4,2,1,1
202300052855,12,2,2023,23:30,5,1,1,94,94069,2,3,2,1,1
202300052855,12,2,2023,23:30,5,1,1,94,94069,2,3,3,1,1
202300052856,4,1,2023,09:50,1,2,7,29,29046,1,3,2,2,2
202300052857,13,2,2023,08:10,1,1,6,94,94017,2,4,2,1,1
202300052858,12,7,2023,17:00,1,1,3,74,74012,2,4,2,2,1
202300052859,14,2,2023,08:30,1,1,6,93,93072,2,4,2,1,1
202300052860,4,1,2023,07:40,4,2,6,59,59035,2,2,2,1,2
202300052861,22,7,2023,19:55,2,1,6,74,74118,1,6,-1,1,1
202300052862,3,1,2023,08:42,1,1,1,13,13005,1,1,3,1,1
202300052863,13,7,2023,18:15,1,7,1,74,74137,1,3,2,4,1
202300052864,14,2,2023,14:30,1,1,5,93,93066,2,3,3,1,1
202300052865,2,1,2023,14:39,1,1,4,91,91228,1,2,1,1,2
202300052866,14,2,2023,16:24,1,1,6,93,93077,2,3,2,1,1
202300052866,14,2,2023,16:24,1,1,6,93,93077,2,3,1,1,1
202300052867,17,7,2023,22:35,3,1,3,74,74012,2,4,2,1,1
202300052868,14,2,2023,10:50,1,1,2,93,93051,2,3,2,1,1
202300052868,14,2,2023,10:50,1,1,2,93,93051,2,3,2,1,1
202300052869,16,7,2023,23:50,3,1,1,74,74010,1,3,3,2,1
202300052870,14,2,2023,08:00,1,8,2,93,93051,2,4,1,1,1
202300052871,1,1,2023,01:50,4,1,4,92,92072,1,2,3,2,1
202300052872,13,2,2023,12:20,1,1,2,93,93006,2,3,2,1,1
202300052872,13,2,2023,12:20,1,1,2,93,93006,2,3,2,1,1
202300052873,3,1,2023,17:40,3,1,3,93,93078,1,1,3,1,1
202300052874,16,7,2023,11:15,1,1,3,74,74076,1,3,2,1,1
202300052874,16,7,2023,11:15,1,1,3,74,74076,1,3,2,1,1
202300052875,14,2,2023,06:30,5,1,1,93,93032,2,3,2,1,1
202300052875,14,2,2023,06:30,5,1,1,93,93032,2,3,2,1,1
202300052876,19,7,2023,19:15,1,1,2,74,74118,2,3,2,1,1
202300052877,14,2,2023,09:40,1,7,6,93,93079,2,3,2,1,1
202300052878,13,7,2023,21:05,2,1,6,74,74116,1,1,3,2,1
202300052879,14,2,2023,08:29,1,1,3,93,93030,2,3,2,1,1
202300052880,14,2,2023,11:45,1,7,6,93,93008,2,4,1,1,1
202300052881,13,2,2023,18:18,5,1,6,92,92046,2,3,-1,1,1
202300052882,20,7,2023,06:40,1,1,5,74,74010,2,4,4,1,1
202300052882,20,7,2023,06:40,1,1,5,74,74010,2,4,4,1,1
202300052883,13,2,2023,10:51,1,1,3,92,92075,2,4,1,1,1
202300052884,19,7,2023,09:55,1,1,2,74,74012,2,4,2,1,1
202300052885,13,2,2023,13:45,1,1,3,92,92063,2,4,2,1,1
202300052886,13,7,2023,16:10,1,1,1,74,74010,2,3,2,1,1
202300052887,14,2,2023,19:45,5,1,3,92,92050,2,3,2,1,1
202300052887,14,2,2023,19:45,5,1,3,92,92050,2,3,-1,2,1
202300052888,11,7,2023,01:45,5,1,6,74,74298,2,3,2,1,1
202300052889,13,2,2023,15:30,1,1,3,92,92036,2,3,2,1,1
202300052889,13,2,2023,15:30,1,1,3,92,92036,2,3,1,1,1
202300052890,13,2,2023,10:00,1,1,2,92,92036,2,3,2,1,1
202300052891,14,2,2023,13:00,1,1,3,92,92025,2,3,-1,1,1
202300052892,11,7,2023,13:50,1,1,2,74,74012,2,4,2,1,1
202300052893,14,2,2023,07:45,1,1,2,92,92012,2,3,1,1,1
202300052894,13,2,2023,20:30,5,1,2,92,92014,2,3,1,1,1
202300052895,1,2,2023,18:30,3,1,7,60,60435,1,3,2,1,1
202300052896,2,1,2023,20:40,3,1,6,95,95582,1,1,3,1,1
202300052897,2,1,2023,19:30,3,1,2,93,93064,1,1,3,1,1
202300052898,2,1,2023,09:40,2,3,6,92,92036,1,1,3,2,2
202300052899,2,1,2023,08:30,2,2,6,95,95527,1,1,3,1,2
202300052900,2,1,2023,07:54,1,1,6,34,34172,2,4,1,1,1
202300052901,1,1,2023,18:30,5,2,6,29,29019,2,4,2,1,2
202300052902,2,1,2023,17:05,5,2,6,69,69388,2,4,2,1,2
202300052903,1,12,2023,18:25,5,2,6,06,06027,2,7,3,1,2
202300052904,2,1,2023,11:00,1,1,3,69,69386,2,4,2,1,1
202300052904,2,1,2023,11:00,1,1,3,69,69386,2,4,1,1,1
202300052905,28,11,2023,14:30,1,1,1,05,05061,2,4,2,2,1
202300052906,1,1,2023,04:00,5,1,7,972,97213,1,1,2,1,1
202300052907,1,1,2023,07:00,1,1,2,972,97209,1,1,2,2,1
202300052908,15,2,2023,16:40,1,1,2,17,17387,1,4,2,1,1
202300052909,14,2,2023,18:55,2,1,7,52,52017,2,4,2,2,6
202300052910,2,1,2023,07:40,1,1,1,971,97113,1,2,2,1,1
202300052911,28,11,2023,15:00,1,1,3,05,05061,2,4,2,1,1
202300052911,28,11,2023,15:00,1,1,3,05,05061,2,4,2,1,1
202300052912,14,2,2023,09:55,1,7,6,40,40065,2,4,2,1,1
202300052913,1,1,2023,23:38,5,1,1,971,97113,1,3,-1,1,1
202300052914,15,2,2023,17:44,1,1,3,974,97404,1,3,2,1,1
202300052915,1,12,2023,18:00,5,1,3,75,75119,2,4,1,1,1
202300052916,2,1,2023,18:55,3,1,6,77,77121,2,4,2,1,2
202300052917,14,2,2023,20:20,3,1,2,35,35109,1,2,3,1,1
202300052918,15,2,2023,09:30,1,5,6,95,95144,1,3,2,1,1
202300052919,1,1,2023,13:50,1,1,3,73,73222,1,3,2,2,1
202300052920,13,2,2023,09:50,1,1,3,19,19248,1,3,2,1,1
202300052921,1,1,2023,15:50,1,1,3,71,71076,2,4,2,2,1
202300052921,1,1,2023,15:50,1,1,3,71,71076,2,4,2,2,1
202300052922,11,2,2023,16:00,1,1,6,56,56185,1,3,2,1,1
202300052923,1,12,2023,16:17,1,1,3,75,75117,2,4,2,2,1
202300052923,1,12,2023,16:17,1,1,3,75,75117,2,4,1,1,1
202300052924,2,1,2023,06:40,3,1,7,69,69092,1,3,2,1,1
202300052925,7,7,2023,18:00,1,1,3,74,74225,1,3,2,1,1
202300052926,30,11,2023,10:52,1,1,6,75,75108,2,4,1,1,1
202300052926,30,11,2023,10:52,1,1,6,75,75108,2,4,1,1,1
202300052927,15,2,2023,15:00,1,1,6,82,82136,2,3,1,1,1
202300052927,15,2,2023,15:00,1,1,6,82,82136,2,3,2,1,1
202300052928,5,7,2023,10:30,1,1,1,74,74237,1,3,2,1,1
202300052929,26,10,2023,12:45,1,1,3,75,75105,2,4,-1,2,1
202300052929,26,10,2023,12:45,1,1,3,75,75105,2,4,1,1,1
202300052930,2,1,2023,18:25,5,2,3,69,69290,2,4,1,1,2
202300052930,2,1,2023,18:25,5,2,3,69,69290,2,4,2,1,2
202300052931,28,6,2023,19:25,2,1,3,74,74272,1,3,2,2,1
202300052931,28,6,2023,19:25,2,1,3,74,74272,1,3,2,2,1
202300052932,15,2,2023,17:10,2,7,1,61,61168,2,3,2,1,1
202300052933,30,11,2023,08:30,1,1,6,75,75105,2,4,1,1,1
202300052933,30,11,2023,08:30,1,1,6,75,75105,2,4,1,1,1
202300052934,25,6,2023,00:20,3,1,1,74,74161,1,3,-1,1,1
202300052935,2,1,2023,17:55,3,2,2,69,69290,2,7,2,1,2
202300052936,1,12,2023,07:40,2,1,2,75,75114,2,4,1,1,1
202300052936,1,12,2023,07:40,2,1,2,75,75114,2,4,1,1,1
202300052937,19,6,2023,06:45,2,1,3,74,74016,2,4,1,1,1
202300052938,17,1,2023,22:15,5,8,6,61,61145,2,4,2,2,2
202300052939,1,12,2023,18:15,5,1,6,75,75111,2,4,2,2,1
202300052939,1,12,2023,18:15,5,1,6,75,75111,2,4,1,1,1
202300052940,1,1,2023,04:10,4,1,2,67,67482,2,4,2,1,1
202300052941,13,2,2023,08:30,1,5,7,55,55001,1,3,2,1,1
202300052942,29,11,2023,17:13,1,1,7,75,75101,2,4,-1,1,1
202300052942,29,11,2023,17:13,1,1,7,75,75101,2,4,-1,1,1
202300052943,26,6,2023,08:15,1,1,3,26,26165,1,4,2,2,1
202300052944,30,11,2023,11:10,1,1,6,94,94081,2,6,-1,1,1
202300052945,1,1,2023,17:50,5,1,6,66,66136,2,4,2,1,1
202300052946,26,9,2023,19:40,5,1,3,973,97302,2,3,2,1,1
202300052947,1,12,2023,22:00,5,1,3,94,94078,2,2,1,1,1
202300052947,1,12,2023,22:00,5,1,3,94,94078,2,2,2,1,1
202300052948,15,2,2023,17:20,1,1,3,47,47301,1,3,2,2,1
202300052949,26,9,2023,14:05,1,1,3,973,97302,2,3,2,1,1
202300052950,1,1,2023,18:15,5,1,1,64,64102,2,4,2,1,1
202300052951,9,5,2023,08:20,1,1,2,13,13211,1,1,-1,1,1
202300052952,29,3,2023,17:55,1,1,3,93,93063,2,4,2,1,1
202300052953,30,11,2023,23:50,5,1,1,94,94068,2,3,2,1,1
202300052953,30,11,2023,23:50,5,1,1,94,94068,2,3,2,1,1
202300052954,26,9,2023,07:20,1,1,3,973,97302,2,3,2,1,1
202300052955,2,1,2023,20:30,5,1,3,62,62193,2,4,2,1,1
202300052955,2,1,2023,20:30,5,1,3,62,62193,2,4,2,1,1
202300052956,30,3,2023,16:50,1,1,6,93,93029,2,4,1,1,1
202300052957,8,2,2023,11:15,1,1,3,22,22251,2,4,1,1,1
202300052957,8,2,2023,11:15,1,1,3,22,22251,2,4,2,1,1
202300052958,1,12,2023,11:45,1,1,3,94,94073,2,3,1,1,1
202300052959,9,5,2023,03:00,3,1,6,69,69295,1,1,3,1,1
202300052960,30,3,2023,09:57,1,1,3,92,92051,2,4,2,1,1
202300052961,1,1,2023,20:30,5,2,5,59,59043,2,3,2,2,2
202300052962,26,9,2023,17:15,2,1,3,69,69386,2,4,1,1,1
202300052962,26,9,2023,17:15,2,1,3,69,69386,2,4,1,1,1
202300052963,1,12,2023,09:15,1,1,2,94,94073,2,4,1,1,1
202300052964,2,1,2023,11:00,1,7,3,56,56098,2,3,1,1,2
202300052965,29,3,2023,23:26,5,2,3,92,92050,2,4,1,1,2
202300052965,29,3,2023,23:26,5,2,3,92,92050,2,4,1,1,2
202300052966,15,2,2023,09:30,1,7,3,39,39030,1,3,4,1,1
202300052966,15,2,2023,09:30,1,7,3,39,39030,1,3,2,1,1
202300052967,26,9,2023,16:50,1,1,2,69,69388,2,4,2,1,1
202300052967,26,9,2023,16:50,1,1,2,69,69388,2,4,2,1,1
202300052968,1,1,2023,05:40,4,6,6,56,56121,2,4,2,2,2
202300052969,1,12,2023,09:40,1,1,6,94,94017,2,3,1,1,1
202300052970,2,1,2023,18:36,5,2,6,50,50218,2,4,2,1,2
202300052971,30,3,2023,22:00,5,1,3,92,92020,2,3,1,2,1
202300052972,9,5,2023,09:02,1,2,2,33,33281,1,1,3,1,2
202300052973,26,9,2023,09:57,1,1,1,69,69388,2,4,1,1,1
202300052973,26,9,2023,09:57,1,1,1,69,69388,2,4,2,1,1
202300052974,30,11,2023,20:07,5,1,3,93,93073,2,9,2,1,1
202300052975,30,3,2023,11:40,1,1,3,92,92049,2,3,2,1,1
202300052976,1,1,2023,06:38,3,2,2,49,49246,1,1,2,1,2
202300052977,29,3,2023,20:03,5,1,1,92,92049,2,3,2,1,1
202300052978,14,2,2023,14:00,1,1,5,25,25519,1,3,2,2,2
202300052979,2,1,2023,20:10,5,3,3,38,38318,2,3,2,2,2
202300052979,2,1,2023,20:10,5,3,3,38,38318,2,3,1,1,2
202300052980,25,9,2023,17:15,1,1,3,69,69387,2,4,2,1,1
202300052980,25,9,2023,17:15,1,1,3,69,69387,2,4,2,1,1
202300052980,25,9,2023,17:15,1,1,3,69,69387,2,4,2,1,1
202300052981,30,11,2023,05:00,5,1,3,93,93066,2,3,1,1,2
202300052981,30,11,2023,05:00,5,1,3,93,93066,2,3,2,1,2
202300052982,30,3,2023,14:45,1,1,6,92,92048,2,3,2,1,1
202300052983,26,9,2023,07:55,1,1,7,972,97209,2,4,2,2,1
202300052984,2,1,2023,05:50,5,2,3,37,37208,2,4,2,1,2
202300052984,2,1,2023,05:50,5,2,3,37,37208,2,4,3,1,2
202300052985,30,3,2023,08:10,1,8,3,92,92026,1,3,1,1,1
202300052985,30,3,2023,08:10,1,8,3,92,92026,1,3,1,1,1
202300052986,1,12,2023,19:40,5,1,6,93,93077,2,3,2,1,1
202300052986,1,12,2023,19:40,5,1,6,93,93077,2,3,1,1,1
202300052987,14,2,2023,18:45,2,1,3,29,29020,2,3,2,1,1
202300052987,14,2,2023,18:45,2,1,3,29,29020,2,3,2,2,1
202300052988,26,9,2023,13:30,1,1,2,69,69389,2,4,2,1,1
202300052989,2,1,2023,17:20,2,1,3,33,33063,2,4,1,1,1
202300052989,2,1,2023,17:20,2,1,3,33,33063,2,4,1,1,1
202300052990,30,3,2023,09:23,1,1,6,92,92019,2,3,3,2,1
202300052991,8,5,2023,09:48,1,1,4,33,33192,1,1,3,1,1
202300052992,14,2,2023,16:30,1,1,6,31,31276,1,3,-1,2,1
202300052993,26,9,2023,13:30,1,1,6,971,97101,1,2,1,1,1
202300052994,29,3,2023,08:45,1,1,6,92,92004,2,4,1,1,1
202300052995,1,12,2023,08:46,1,1,4,93,93077,2,3,2,1,1
202300052995,1,12,2023,08:46,1,1,4,93,93077,2,3,1,1,1
202300052996,1,1,2023,18:40,5,1,3,33,33063,2,4,1,1,1
202300052996,1,1,2023,18:40,5,1,3,33,33063,2,4,2,2,1
202300052997,26,9,2023,11:50,1,1,7,971,97105,2,4,1,1,1
202300052997,26,9,2023,11:50,1,1,7,971,97105,2,4,1,2,1
202300052998,5,5,2023,23:25,3,1,2,59,59189,1,1,-1,1,1
202300052999,30,3,2023,10:35,1,1,6,92,92002,2,4,-1,1,1
202300053000,15,2,2023,11:35,1,1,1,05,05111,1,3,2,2,1
202300053001,1,12,2023,14:30,1,1,3,93,93048,2,4,1,1,1
202300053001,1,12,2023,14:30,1,1,3,93,93048,2,4,1,1,1
202300053002,2,1,2023,22:30,5,1,6,32,32013,2,4,1,1,1
202300053003,11,6,2023,19:11,1,1,6,94,94073,2,3,3,2,1
202300053004,6,5,2023,12:25,1,1,6,59,59431,1,1,3,1,1
202300053005,30,3,2023,19:30,1,1,1,85,85223,1,3,2,1,1
202300053006,26,9,2023,09:35,1,1,4,2A,2A004,2,2,1,1,1
202300053007,11,6,2023,16:59,1,1,6,94,94075,2,6,-1,1,1
202300053008,15,2,2023,09:20,1,1,6,05,05044,1,3,2,2,1
202300053009,1,1,2023,07:00,3,1,2,31,31555,1,1,1,1,2
202300053010,9,5,2023,20:40,1,1,2,94,94038,1,1,-1,1,1
202300053011,31,3,2023,19:28,1,2,3,22,22180,1,4,2,1,2
202300053011,31,3,2023,19:28,1,2,3,22,22180,1,4,2,1,2
202300053012,1,12,2023,08:50,1,1,6,93,93007,2,3,2,1,1
202300053012,1,12,2023,08:50,1,1,6,93,93007,2,3,1,1,1
202300053013,2,1,2023,15:44,1,1,3,22,22106,2,6,-1,1,2
202300053014,26,9,2023,09:25,1,1,2,2A,2A004,1,3,2,3,1
202300053015,11,6,2023,16:28,1,1,2,93,93039,2,3,1,1,1
202300053016,9,5,2023,17:45,1,2,2,91,91432,1,1,-1,1,2
202300053017,14,2,2023,14:50,1,1,3,50,50364,2,3,2,2,1
202300053018,2,1,2023,13:41,1,1,6,22,22278,2,4,2,1,1
202300053019,1,12,2023,21:32,3,1,4,92,92051,2,2,1,1,1
202300053020,31,3,2023,12:30,1,1,4,71,71270,1,1,3,1,1
202300053021,10,6,2023,21:40,2,1,6,93,93050,2,3,2,1,1
202300053021,10,6,2023,21:40,2,1,6,93,93050,2,3,2,1,1
202300053022,9,5,2023,08:30,1,2,3,94,94034,1,1,1,1,2
202300053023,26,9,2023,09:30,1,1,3,95,95598,2,4,2,1,1
202300053023,26,9,2023,09:30,1,1,3,95,95598,2,4,2,1,1
202300053024,2,1,2023,21:15,5,1,6,75,75119,2,4,2,1,1
202300053025,1,12,2023,18:06,5,1,7,92,92048,2,4,-1,1,1
202300053025,1,12,2023,18:06,5,1,7,92,92048,2,4,2,1,-1
202300053026,29,3,2023,12:05,1,1,6,974,97401,2,3,2,2,1
202300053027,11,6,2023,17:45,1,1,1,93,93047,2,3,2,2,1
202300053028,12,2,2023,12:00,1,1,3,50,50484,1,3,1,2,1
202300053029,2,1,2023,07:35,5,2,6,75,75116,2,4,2,1,2
202300053029,2,1,2023,07:35,5,2,6,75,75116,2,4,1,1,2
202300053030,31,3,2023,13:08,1,3,6,28,28278,2,3,2,2,3
202300053031,26,9,2023,09:13,1,1,4,95,95127,1,2,3,1,1
202300053032,30,11,2023,19:45,5,1,6,92,92025,2,4,1,1,1
202300053032,30,11,2023,19:45,5,1,6,92,92025,2,4,1,1,1
202300053033,11,6,2023,04:20,3,2,6,93,93010,2,3,2,1,2
202300053034,9,5,2023,13:53,1,3,4,78,78362,1,1,3,2,2
202300053035,1,1,2023,17:40,5,2,6,75,75116,2,4,2,1,2
202300053036,30,3,2023,01:30,3,1,7,22,22034,1,3,3,1,1
202300053037,9,5,2023,09:15,1,3,6,92,92036,1,2,1,1,2
202300053038,1,12,2023,07:00,5,1,3,92,92012,2,3,1,1,1
202300053039,10,6,2023,01:07,5,1,6,92,92051,2,4,2,1,1
202300053040,2,1,2023,18:28,5,1,3,75,75115,2,4,2,1,1
202300053041,15,2,2023,14:50,1,1,3,60,60509,2,3,2,1,1
202300053041,15,2,2023,14:50,1,1,3,60,60509,2,3,2,1,1
202300053042,31,3,2023,15:00,1,2,1,60,60176,1,3,2,1,2
202300053043,2,1,2023,12:00,1,2,7,75,75114,2,4,2,2,2
202300053043,2,1,2023,12:00,1,2,7,75,75114,2,4,2,1,2
202300053044,8,5,2023,23:05,3,2,2,92,92072,1,2,1,2,2
202300053045,11,6,2023,21:45,5,2,2,92,92050,2,3,3,1,2
202300053046,1,12,2023,16:10,1,1,5,91,91086,1,4,2,1,1
202300053047,15,2,2023,11:30,1,1,6,36,36241,1,3,2,1,1
202300053048,26,9,2023,10:50,1,1,6,91,91326,2,4,2,1,1
202300053048,26,9,2023,10:50,1,1,6,91,91326,2,4,2,1,1
202300053049,1,12,2023,09:00,2,3,6,31,31364,1,3,2,1,2
202300053050,2,1,2023,14:35,1,1,7,75,75112,2,4,2,2,2
202300053050,2,1,2023,14:35,1,1,7,75,75112,2,4,2,1,2
202300053051,30,3,2023,14:00,1,1,2,37,37010,1,1,3,1,1
202300053051,30,3,2023,14:00,1,1,2,37,37010,1,1,-1,3,1
202300053052,11,6,2023,16:50,1,2,2,92,92025,2,3,1,1,2
202300053053,9,5,2023,18:15,1,1,3,95,95582,1,1,1,2,1
202300053054,20,9,2023,16:55,1,1,2,88,88209,2,4,2,1,1
202300053055,31,3,2023,06:45,3,1,6,03,03102,1,1,3,1,1
202300053056,11,6,2023,15:00,1,1,7,92,92024,2,3,2,1,2
202300053057,13,2,2023,06:47,2,1,3,85,85288,1,3,2,1,1
202300053058,2,1,2023,15:40,1,1,3,75,75108,2,4,1,1,1
202300053058,2,1,2023,15:40,1,1,3,75,75108,2,4,1,1,1
202300053059,9,5,2023,17:30,1,1,2,95,95572,1,2,3,1,1
202300053060,30,11,2023,12:55,1,2,5,26,26324,1,1,3,1,2
202300053061,2,1,2023,11:20,1,2,6,75,75108,2,4,2,2,2
202300053061,2,1,2023,11:20,1,2,6,75,75108,2,4,1,1,2
202300053062,11,6,2023,13:22,1,1,3,92,92004,2,3,-1,1,1
202300053063,14,2,2023,04:00,3,1,6,72,72231,1,1,1,1,1
202300053064,9,5,2023,16:30,1,8,2,93,93001,1,1,3,2,2
202300053065,12,9,2023,18:15,1,1,3,84,84087,1,4,-1,1,1
202300053065,12,9,2023,18:15,1,1,3,84,84087,1,4,2,1,1
202300053066,1,12,2023,16:45,2,1,7,79,79106,1,3,2,1,1