id_accident,jour,mois,annee,heure_minute,luminosite,meteo,type_collision,departement,commune,agglomeration,categorie_route,regime_circulation,profil_route,etat_surface
202300053067,12,6,2023,02:06,3,1,7,47,47184,1,3,2,1,1
202300053068,31,3,2023,18:55,1,6,1,51,51413,1,3,2,1,2
202300053069,1,1,2023,18:20,5,2,6,75,75104,2,4,2,1,2
202300053069,1,1,2023,18:20,5,2,6,75,75104,2,4,1,1,2
202300053070,26,9,2023,19:30,1,1,3,84,84035,2,4,2,1,1
202300053071,30,3,2023,19:00,1,1,7,2B,2B251,1,3,2,2,1
202300053072,14,2,2023,08:35,1,7,2,35,35353,1,3,2,3,1
202300053073,12,6,2023,09:00,1,1,1,2A,2A272,1,3,2,1,1
202300053074,9,5,2023,13:05,1,3,4,95,95582,1,1,3,1,2
202300053075,2,1,2023,18:00,5,1,6,94,94078,2,4,1,1,2
202300053075,2,1,2023,18:00,5,1,6,94,94078,2,4,2,1,2
202300053076,12,6,2023,14:15,1,1,7,28,28219,1,1,3,1,1
202300053077,31,3,2023,09:46,1,8,1,2B,2B207,1,3,2,2,1
202300053078,13,2,2023,19:00,3,1,3,69,69244,2,4,1,2,1
202300053079,26,9,2023,08:45,1,1,2,81,81163,2,4,3,1,1
202300053080,1,12,2023,17:50,3,2,3,71,71420,1,3,2,1,2
202300053080,1,12,2023,17:50,3,2,3,71,71420,1,3,2,2,2
202300053081,2,1,2023,18:40,5,1,5,94,94046,2,3,2,1,1
202300053082,30,3,2023,11:40,1,1,6,81,81249,1,3,2,2,1
202300053083,9,5,2023,10:30,1,3,5,93,93005,1,1,3,1,2
202300053084,12,6,2023,16:50,1,8,3,12,12197,1,3,2,2,1
202300053085,24,8,2023,09:15,1,1,2,75,75115,2,4,2,1,1
202300053085,24,8,2023,09:15,1,1,2,75,75115,2,4,2,1,1
202300053086,12,2,2023,11:05,1,1,3,06,06113,1,1,3,2,1
202300053087,1,12,2023,08:00,2,8,2,2A,2A040,1,2,2,2,2
202300053088,31,3,2023,00:05,3,1,7,32,32160,2,3,2,1,1
202300053089,2,1,2023,20:20,5,1,2,94,94002,2,3,2,1,1
202300053090,8,5,2023,16:00,1,1,6,93,93005,1,1,1,1,1
202300053091,26,9,2023,18:00,1,1,4,81,81004,2,2,1,1,1
202300053092,24,8,2023,16:35,1,1,3,75,75112,2,4,-1,1,1
202300053092,24,8,2023,16:35,1,1,3,75,75112,2,4,1,1,1
202300053093,12,2,2023,20:30,5,1,3,33,33199,2,3,2,1,1
202300053093,12,2,2023,20:30,5,1,3,33,33199,2,3,1,1,1
202300053094,11,6,2023,21:00,2,1,4,35,35124,1,2,3,3,1
202300053095,2,1,2023,17:10,2,1,2,93,93059,2,3,3,1,1
202300053095,2,1,2023,17:10,2,1,2,93,93059,2,3,1,1,1
202300053096,31,3,2023,17:10,1,3,2,71,71378,2,3,1,1,2
202300053097,1,12,2023,17:15,2,2,1,31,31150,2,7,2,1,2
202300053097,1,12,2023,17:15,2,2,1,31,31150,2,7,1,1,2
202300053098,8,5,2023,10:50,1,1,2,93,93066,1,1,-1,1,1
202300053099,21,9,2023,16:46,1,1,6,81,81004,2,4,1,1,1
202300053100,23,8,2023,10:17,1,1,4,75,75109,2,4,4,1,1
202300053101,2,1,2023,09:28,2,2,3,93,93039,2,3,4,1,2
202300053102,14,2,2023,09:20,1,7,6,45,45028,2,3,2,2,1
202300053102,14,2,2023,09:20,1,7,6,45,45028,2,3,2,2,1
202300053103,11,6,2023,13:15,1,1,7,17,17142,1,2,3,1,1
202300053104,30,3,2023,18:25,1,1,6,63,63366,1,3,2,2,1
202300053105,25,9,2023,06:23,5,1,6,80,80021,2,4,1,1,1
202300053106,7,5,2023,21:35,5,2,2,95,95219,1,1,1,3,2
202300053107,1,12,2023,18:30,3,1,6,89,89227,1,3,2,1,1
202300053108,24,8,2023,20:40,5,1,6,94,94028,2,3,3,1,1
202300053109,14,2,2023,16:35,1,1,2,84,84092,1,3,3,1,1
202300053110,1,1,2023,03:00,5,1,2,93,93066,2,3,3,1,1
202300053111,19,11,2023,19:15,3,2,7,12,12210,1,3,2,1,2
202300053112,7,5,2023,21:40,3,2,6,77,77122,1,2,-1,1,2
202300053113,24,8,2023,08:40,1,1,1,94,94015,2,4,2,1,1
202300053113,24,8,2023,08:40,1,1,1,94,94015,2,4,2,1,1
202300053114,31,3,2023,13:12,1,2,3,55,55398,1,3,2,2,2
202300053115,24,9,2023,12:20,1,1,3,80,80021,2,4,1,1,1
202300053115,24,9,2023,12:20,1,1,3,80,80021,2,4,2,1,1
202300053116,2,1,2023,15:25,1,1,6,93,93055,2,3,1,1,1
202300053116,2,1,2023,15:25,1,1,6,93,93055,2,3,2,1,1
202300053117,15,2,2023,07:30,1,1,1,83,83068,1,3,2,2,1
202300053118,1,12,2023,10:15,1,1,6,22,22251,2,4,1,1,1
202300053118,1,12,2023,10:15,1,1,6,22,22251,2,4,2,1,1
202300053119,27,1,2023,17:00,1,1,1,38,38544,1,4,2,2,1
202300053120,21,9,2023,11:00,1,2,3,80,80021,2,4,2,1,2
202300053121,2,1,2023,15:10,1,1,6,93,93048,2,3,2,1,1
202300053122,24,8,2023,00:40,5,1,3,94,94041,2,3,3,1,1
202300053122,24,8,2023,00:40,5,1,3,94,94041,2,3,1,1,1
202300053123,11,6,2023,14:30,1,1,5,62,62233,1,3,2,1,1
202300053124,15,2,2023,08:00,1,1,3,21,21138,1,3,2,1,1
202300053124,15,2,2023,08:00,1,1,3,21,21138,1,3,2,1,1
202300053125,31,3,2023,18:00,1,1,2,49,49069,1,3,2,1,1
202300053125,31,3,2023,18:00,1,1,2,49,49069,1,3,2,1,1
202300053126,30,11,2023,21:00,5,2,6,25,25367,2,3,2,1,2
202300053127,2,1,2023,12:20,1,2,3,93,93015,1,3,2,1,2
202300053128,24,8,2023,21:50,5,1,3,94,94022,2,3,1,1,1
202300053129,3,3,2023,18:50,5,1,6,74,74010,2,4,3,1,1
202300053130,12,6,2023,00:45,5,1,6,83,83070,1,3,2,2,2
202300053131,15,2,2023,11:00,1,1,6,42,42059,2,3,2,1,1
202300053132,2,1,2023,21:50,5,1,3,93,93029,2,3,1,1,1
202300053132,2,1,2023,21:50,5,1,3,93,93029,2,3,3,1,1
202300053133,2,12,2023,09:30,1,7,2,29,29079,1,3,3,3,2
202300053134,1,3,2023,07:10,2,1,3,74,74012,2,4,2,1,1
202300053134,1,3,2023,07:10,2,1,3,74,74012,2,4,2,1,1
202300053135,26,9,2023,10:30,1,1,3,79,79191,2,3,2,1,1
202300053135,26,9,2023,10:30,1,1,3,79,79191,2,3,-1,2,1
202300053136,24,8,2023,18:23,1,1,2,93,93073,2,4,2,1,1
202300053136,24,8,2023,18:23,1,1,2,93,93073,2,4,2,1,1
202300053137,31,3,2023,16:25,1,1,6,02,02810,2,3,2,1,1
202300053138,2,6,2023,15:55,1,1,2,14,14389,1,1,3,1,1
202300053139,10,2,2023,15:20,1,1,3,01,01281,2,3,2,1,1
202300053139,10,2,2023,15:20,1,1,3,01,01281,2,3,2,1,1
202300053140,2,1,2023,20:30,5,1,3,93,93007,2,4,2,1,1
202300053141,24,8,2023,14:00,1,2,3,93,93055,2,3,2,1,2
202300053142,16,1,2023,21:00,5,2,6,31,31044,2,4,2,1,2
202300053143,11,6,2023,14:00,1,7,7,85,85109,1,3,2,3,1
202300053144,26,9,2023,08:40,1,1,6,78,78350,2,3,2,2,1
202300053145,31,3,2023,05:50,3,1,6,01,01229,1,3,2,2,1
202300053145,31,3,2023,05:50,3,1,6,01,01229,1,3,2,1,1
202300053146,1,12,2023,17:00,3,4,3,15,15142,1,3,2,2,5
202300053147,2,1,2023,17:05,2,1,2,93,93005,2,3,1,1,1
202300053148,24,8,2023,14:35,1,8,6,93,93049,2,4,1,1,2
202300053148,24,8,2023,14:35,1,8,6,93,93049,2,4,1,1,2
202300053149,13,2,2023,18:15,2,1,4,69,69143,1,7,2,2,1
202300053150,6,5,2023,21:30,5,1,6,987,98736,1,4,2,1,1
202300053150,6,5,2023,21:30,5,1,6,987,98736,1,4,2,1,1
202300053151,6,6,2023,05:15,3,1,2,34,34142,1,1,3,1,1
202300053152,27,3,2023,04:55,3,1,1,72,72046,1,3,2,1,1
202300053153,15,2,2023,16:50,1,1,7,85,85178,2,4,2,2,1
202300053154,26,9,2023,12:05,1,1,1,78,78172,2,4,2,1,1
202300053154,26,9,2023,12:05,1,1,1,78,78172,2,4,4,1,1
202300053155,2,1,2023,18:00,5,1,4,93,93005,2,3,2,1,1
202300053156,27,3,2023,13:55,1,1,7,64,64374,1,3,2,1,1
202300053157,24,8,2023,14:50,1,8,3,93,93050,2,3,3,1,2
202300053157,24,8,2023,14:50,1,8,3,93,93050,2,3,2,1,2
202300053158,11,6,2023,23:45,3,1,6,62,62084,2,3,2,2,1
202300053159,8,5,2023,18:30,2,1,3,973,97302,2,3,1,1,1
202300053159,8,5,2023,18:30,2,1,3,973,97302,2,3,2,1,1
202300053160,2,12,2023,16:00,2,1,2,60,60151,1,3,2,1,1
202300053161,30,3,2023,22:15,3,1,6,64,64234,1,3,-1,2,1
202300053162,15,2,2023,10:30,1,1,3,14,14322,1,2,1,1,1
202300053162,15,2,2023,10:30,1,1,3,14,14322,1,2,1,1,1
202300053163,24,8,2023,00:45,5,1,3,93,93048,2,3,2,1,1
202300053163,24,8,2023,00:45,5,1,3,93,93048,2,3,2,1,1
202300053164,2,1,2023,18:39,5,1,1,92,92020,2,3,2,2,1
202300053165,8,5,2023,19:50,2,1,3,69,69259,2,4,2,1,1
202300053166,11,6,2023,18:20,1,1,1,57,57529,2,3,2,2,1
202300053167,14,2,2023,13:15,1,1,6,14,14076,1,3,1,1,1
202300053168,10,11,2023,20:30,3,2,3,73,73171,1,3,2,1,2
202300053169,24,8,2023,18:10,1,1,6,93,93031,2,3,3,1,1
202300053170,2,1,2023,16:00,1,1,3,92,92026,2,3,3,1,1
202300053171,25,9,2023,18:15,1,1,2,77,77330,1,3,3,1,1
202300053172,12,6,2023,15:19,1,1,7,76,76328,1,3,2,1,1
202300053173,8,5,2023,09:15,1,1,6,69,69386,2,4,2,1,1
202300053173,8,5,2023,09:15,1,1,6,69,69386,2,4,1,1,1
202300053174,24,8,2023,08:42,1,1,3,93,93059,2,3,2,1,1
202300053174,24,8,2023,08:42,1,1,3,93,93059,2,3,3,1,1
202300053175,6,2,2023,17:00,1,1,1,14,14066,1,3,2,1,1
202300053176,30,3,2023,13:00,1,1,-1,18,18118,1,3,2,1,1
202300053177,9,6,2023,12:20,1,1,3,79,79174,2,3,2,1,1
202300053178,24,8,2023,10:10,1,1,7,92,92007,2,3,2,1,1
202300053179,2,1,2023,02:55,5,2,3,92,92025,2,3,2,1,2
202300053179,2,1,2023,02:55,5,2,3,92,92025,2,3,2,1,2
202300053180,8,5,2023,14:00,1,1,3,972,97213,1,3,2,1,1
202300053181,30,3,2023,16:45,1,1,6,85,85051,2,4,2,1,1
202300053182,25,9,2023,14:15,1,1,1,77,77237,2,3,2,4,1
202300053183,2,12,2023,07:10,3,1,1,04,04230,1,3,2,1,1
202300053184,12,6,2023,21:19,2,1,1,65,65389,2,4,2,1,1
202300053185,18,1,2023,15:00,1,4,4,76,76743,1,4,2,2,5
202300053186,8,5,2023,17:30,1,1,6,69,69202,2,7,2,1,1
202300053187,24,8,2023,08:40,1,1,3,92,92007,2,3,2,1,1
202300053187,24,8,2023,08:40,1,1,3,92,92007,2,3,1,1,1
202300053188,2,1,2023,19:20,5,2,1,17,17330,1,3,2,1,2
202300053188,2,1,2023,19:20,5,2,1,17,17330,1,3,2,1,2
202300053189,3,3,2023,20:00,5,1,3,27,27580,2,3,2,1,1
202300053189,3,3,2023,20:00,5,1,3,27,27580,2,3,2,1,1
202300053190,26,9,2023,07:30,2,1,6,76,76114,2,4,2,1,1
202300053191,1,12,2023,22:30,5,2,6,04,04230,2,3,2,2,2
202300053192,8,5,2023,15:55,1,1,6,69,69384,2,4,2,1,1
202300053193,11,6,2023,16:10,1,8,1,32,32268,1,2,2,1,1
202300053194,23,8,2023,17:45,1,1,3,35,35177,2,3,2,1,1
202300053194,23,8,2023,17:45,1,1,3,35,35177,2,3,2,1,1
202300053195,12,2,2023,14:35,1,1,3,60,60141,2,3,1,1,1
202300053196,2,1,2023,19:00,5,1,3,49,49092,2,4,2,1,1
202300053197,28,11,2023,13:08,1,1,7,28,28168,2,3,2,2,1
202300053198,26,9,2023,16:40,1,1,3,73,73065,2,4,2,2,1
202300053199,7,5,2023,09:40,1,1,2,971,97105,2,3,2,1,1
202300053200,30,3,2023,15:55,1,1,3,27,27034,1,3,2,1,1
202300053200,30,3,2023,15:55,1,1,3,27,27034,1,3,2,1,1
202300053201,15,7,2023,06:28,2,1,6,25,25018,1,3,2,2,1
202300053202,24,8,2023,22:30,3,1,3,14,14603,1,3,2,1,1
202300053202,24,8,2023,22:30,3,1,3,14,14603,1,3,2,2,1
202300053203,13,2,2023,19:00,3,1,7,60,60326,1,3,2,1,1
202300053204,12,6,2023,10:30,1,1,7,49,49180,1,4,2,1,1
202300053205,25,9,2023,11:20,1,1,6,72,72181,2,4,1,1,1
202300053206,30,3,2023,05:00,3,1,7,17,17447,1,3,2,1,2
202300053207,16,7,2023,03:15,3,1,6,44,44097,2,4,2,1,1
202300053208,2,1,2023,18:00,3,2,5,11,11172,1,3,2,1,2
202300053208,2,1,2023,18:00,3,2,5,11,11172,1,3,2,1,2
202300053209,8,5,2023,14:30,1,1,3,77,77186,1,3,2,1,1
202300053210,2,12,2023,18:10,3,1,1,17,17218,1,3,2,1,1
202300053211,11,6,2023,09:30,1,1,7,22,22132,1,4,2,1,1
202300053212,12,2,2023,14:30,1,8,6,60,60339,2,4,2,1,1
202300053213,15,7,2023,20:15,1,2,6,31,31210,1,3,2,1,2
202300053214,24,8,2023,15:40,1,1,1,2A,2A048,1,3,2,1,1
202300053215,25,9,2023,12:40,1,1,1,71,71081,1,3,2,1,1
202300053216,31,3,2023,11:15,1,1,7,17,17353,1,2,3,2,1
202300053217,3,1,2023,17:40,5,1,1,62,62638,2,4,2,2,1
202300053218,12,6,2023,06:20,2,7,2,39,39441,1,3,2,2,1
202300053219,15,7,2023,14:35,1,1,7,15,15048,1,3,2,1,1
202300053220,25,8,2023,10:40,1,1,2,86,86174,1,3,1,1,1
202300053221,14,2,2023,20:45,3,1,3,80,80223,1,3,2,1,1
202300053221,14,2,2023,20:45,3,1,3,80,80223,1,3,2,1,1
202300053222,30,11,2023,08:20,2,8,4,37,37281,1,3,2,1,1
202300053223,26,9,2023,13:50,1,1,6,69,69266,2,4,2,1,1
202300053224,8,5,2023,20:50,1,1,4,76,76575,1,7,3,1,1
202300053225,30,3,2023,17:35,1,1,3,17,17317,1,3,2,2,1
202300053226,12,6,2023,12:27,1,7,3,39,39478,2,3,2,1,1
202300053227,3,1,2023,07:45,5,1,1,76,76159,2,3,2,1,1
202300053227,3,1,2023,07:45,5,1,1,76,76159,2,3,2,1,1
202300053228,21,8,2023,17:45,1,1,7,49,49092,1,3,2,1,9
202300053229,30,3,2023,15:43,1,1,7,30,30223,1,3,2,1,1
202300053230,30,11,2023,23:45,3,1,6,987,98714,1,2,2,1,1
202300053231,14,7,2023,18:20,1,1,3,01,01138,1,3,2,1,1
202300053232,12,6,2023,15:40,1,1,1,39,39534,1,3,-1,3,1
202300053233,3,1,2023,19:00,5,3,6,76,76452,2,3,2,1,2
202300053234,23,8,2023,12:45,1,1,7,36,36041,2,3,2,1,1
202300053235,4,5,2023,13:15,1,1,3,72,72181,2,4,2,1,1
202300053236,26,9,2023,08:30,1,1,2,69,69264,2,4,1,1,1
202300053236,26,9,2023,08:30,1,1,2,69,69264,2,4,1,1,1
202300053237,24,8,2023,19:55,1,1,6,36,36082,1,3,2,1,1
202300053238,3,1,2023,19:00,3,1,2,2B,2B319,1,2,2,1,1
202300053239,2,12,2023,07:00,1,1,6,988,98820,1,3,2,1,1
202300053240,12,6,2023,17:58,1,1,1,25,25196,2,4,2,1,1
202300053240,12,6,2023,17:58,1,1,1,25,25196,2,4,2,2,1
202300053241,14,2,2023,17:30,2,1,4,59,59166,1,3,3,1,1
202300053242,8,5,2023,19:23,1,1,3,69,69256,2,4,2,1,1
202300053242,8,5,2023,19:23,1,1,3,69,69256,2,4,2,1,1
202300053243,5,8,2023,19:00,2,1,7,36,36175,2,3,2,1,1
202300053244,25,9,2023,20:20,5,1,6,69,69259,2,4,2,1,1
202300053245,31,3,2023,08:45,1,1,2,02,02697,1,1,1,1,1
202300053246,3,1,2023,07:45,5,2,6,65,65388,2,4,2,1,2
202300053247,24,8,2023,17:45,1,1,6,84,84022,1,3,2,1,1
202300053248,13,2,2023,12:30,1,1,7,13,13005,1,1,1,2,1
202300053249,11,6,2023,06:00,2,1,6,29,29193,1,3,2,1,1
202300053250,15,7,2023,15:45,1,1,5,58,58264,1,3,2,1,1
202300053251,2,12,2023,00:05,3,2,3,33,33199,2,3,2,1,2
202300053251,2,12,2023,00:05,3,2,3,33,33199,2,3,2,1,2
202300053252,31,3,2023,05:45,3,2,1,07,07227,1,3,2,2,2
202300053253,8,5,2023,14:00,1,1,1,69,69282,2,4,2,1,1
202300053254,3,1,2023,14:25,1,1,7,69,69162,1,3,2,2,1
202300053255,25,8,2023,11:15,1,1,3,86,86070,2,3,2,1,1
202300053255,25,8,2023,11:15,1,1,3,86,86070,2,3,2,1,1
202300053256,10,6,2023,20:23,1,1,2,29,29117,1,3,2,2,1
202300053257,14,7,2023,05:20,2,1,6,18,18011,2,4,2,1,1
202300053258,13,2,2023,16:45,1,1,4,13,13211,1,1,1,1,1
202300053259,31,3,2023,16:17,1,1,6,38,38464,1,1,3,2,1
202300053260,11,6,2023,15:45,1,1,6,31,31416,2,3,1,3,1
202300053261,26,9,2023,17:00,1,1,3,67,67482,2,4,3,1,1
202300053262,1,12,2023,22:20,3,1,6,37,37003,2,4,2,3,1
202300053263,2,1,2023,17:45,3,2,1,46,46162,1,3,2,1,2
202300053264,8,5,2023,12:15,1,1,2,69,69290,2,7,2,1,1
202300053265,23,8,2023,18:50,1,1,6,58,58270,1,3,2,2,1
202300053266,15,7,2023,18:55,1,1,1,07,07155,2,3,2,2,1
202300053267,3,1,2023,18:00,5,3,6,29,29272,2,3,2,2,2
202300053268,8,5,2023,17:20,1,1,6,64,64284,2,2,-1,1,1
202300053269,26,9,2023,08:00,1,1,3,67,67482,2,4,2,1,1
202300053269,26,9,2023,08:00,1,1,3,67,67482,2,4,2,1,1
202300053270,14,2,2023,15:50,1,1,5,69,69297,1,1,3,1,1
202300053271,24,8,2023,17:00,1,2,7,21,21192,1,7,2,1,2
202300053272,29,3,2023,07:15,2,1,5,38,38189,1,3,2,1,1
202300053273,15,7,2023,19:30,1,1,6,21,21251,1,3,2,1,1
202300053274,2,1,2023,15:20,1,3,7,29,29173,1,3,2,1,2
202300053275,24,11,2023,13:00,1,1,3,45,45290,1,3,3,1,1
202300053275,24,11,2023,13:00,1,1,3,45,45290,1,3,2,1,1
202300053276,25,9,2023,17:15,1,1,6,67,67482,2,4,2,1,1
202300053277,2,1,2023,17:30,3,2,7,03,03226,1,3,2,1,2
202300053278,10,7,2023,15:45,1,1,7,24,24520,2,4,2,2,1
202300053279,10,2,2023,19:40,3,1,3,57,57672,1,1,1,1,1
202300053280,24,8,2023,19:00,1,1,3,62,62458,2,3,2,1,1
202300053280,24,8,2023,19:00,1,1,3,62,62458,2,3,2,1,1
202300053281,7,5,2023,15:20,1,1,3,64,64102,2,4,2,1,1
202300053281,7,5,2023,15:20,1,1,3,64,64102,2,4,2,1,1
202300053282,11,6,2023,18:50,1,1,3,60,60132,1,3,2,1,1
202300053283,22,8,2023,08:19,1,7,7,56,56240,1,3,3,1,1
202300053284,30,3,2023,16:45,1,1,3,988,98821,1,2,2,1,1
202300053284,30,3,2023,16:45,1,1,3,988,98821,1,2,2,1,1
202300053285,3,1,2023,13:20,1,1,1,53,53101,1,2,2,1,1
202300053286,13,2,2023,12:00,1,1,6,59,59508,1,1,-1,1,1
202300053287,1,12,2023,19:00,5,1,6,77,77171,2,3,2,1,1
202300053287,1,12,2023,19:00,5,1,6,77,77171,2,3,1,1,1
202300053288,3,1,2023,08:40,1,1,6,28,28322,1,3,2,1,1
202300053289,23,8,2023,16:00,1,7,6,67,67053,1,3,2,1,1
202300053289,23,8,2023,16:00,1,7,6,67,67053,1,3,-1,1,9
202300053290,16,7,2023,13:45,1,1,2,24,24038,2,3,2,1,1
202300053290,16,7,2023,13:45,1,1,2,24,24038,2,3,2,1,1
202300053291,26,9,2023,21:25,3,1,3,64,64445,2,4,2,1,1
202300053291,26,9,2023,21:25,3,1,3,64,64445,2,4,1,1,1
202300053291,26,9,2023,21:25,3,1,3,64,64445,2,4,2,1,1
202300053292,7,5,2023,09:16,1,1,3,64,64024,2,4,2,1,1
202300053292,7,5,2023,09:16,1,1,3,64,64024,2,4,2,1,1
202300053293,2,12,2023,10:25,1,1,6,66,66014,1,3,2,1,2
202300053294,30,3,2023,18:20,2,1,1,978,97801,2,3,2,1,1
202300053295,29,10,2023,10:10,1,1,1,971,97118,2,3,2,1,1
202300053296,14,2,2023,17:35,2,1,4,91,91286,1,1,1,1,1
202300053297,10,6,2023,13:50,1,1,6,45,45098,2,3,2,1,1
202300053298,2,1,2023,19:15,3,2,2,64,64216,1,1,3,1,2
202300053299,31,3,2023,00:45,3,1,7,13,13067,1,3,2,1,1
202300053300,25,9,2023,18:45,1,1,3,64,64102,2,4,1,2,1
202300053301,7,5,2023,17:55,1,3,6,59,59527,2,4,-1,1,2
202300053302,25,8,2023,18:26,1,1,3,76,76241,1,3,2,1,1
202300053302,25,8,2023,18:26,1,1,3,76,76241,1,3,2,1,1
202300053303,16,7,2023,04:48,3,1,6,04,04173,2,4,2,2,1
202300053304,29,9,2023,17:00,1,1,3,83,83115,1,3,2,1,1
202300053305,30,3,2023,14:15,1,1,7,13,13034,1,4,2,1,1
202300053306,24,8,2023,17:45,1,1,7,65,65212,1,3,2,2,9
202300053307,2,1,2023,13:35,1,2,5,31,31037,1,1,3,1,2
202300053308,2,6,2023,10:15,1,1,6,16,16073,2,4,2,1,1
202300053308,2,6,2023,10:15,1,1,6,16,16073,2,4,2,1,1
202300053309,28,10,2023,23:45,5,1,3,2B,2B148,2,2,2,1,1
202300053310,8,5,2023,03:50,5,1,7,57,57630,2,4,2,1,2
202300053311,14,2,2023,13:40,1,1,2,91,91589,1,1,1,1,1
202300053312,24,8,2023,20:40,2,1,7,81,81217,1,3,2,2,1
202300053313,30,3,2023,23:12,3,9,6,25,25097,1,3,1,1,1
202300053314,7,7,2023,09:10,1,1,3,85,85164,2,4,2,1,1
202300053314,7,7,2023,09:10,1,1,3,85,85164,2,4,2,1,1
202300053315,2,1,2023,00:52,5,1,1,987,98745,2,2,2,1,1
202300053316,26,9,2023,15:45,1,1,3,62,62624,2,4,-1,1,1
202300053316,26,9,2023,15:45,1,1,3,62,62624,2,4,-1,1,1
202300053317,1,12,2023,18:00,3,1,4,89,89274,1,1,3,2,1
202300053318,12,6,2023,12:10,1,1,6,21,21337,2,4,2,1,1
202300053319,24,8,2023,15:30,1,1,7,11,11276,1,3,2,2,1
202300053320,8,5,2023,19:18,1,1,6,54,54575,1,3,2,2,1
202300053321,30,3,2023,14:30,1,1,3,68,68318,2,4,-1,1,1
202300053322,3,1,2023,10:45,1,7,1,85,85234,1,3,2,1,2
202300053323,25,8,2023,05:15,3,1,6,63,63469,1,3,2,2,1
202300053324,14,2,2023,12:10,2,1,3,78,78118,1,1,-1,1,1
202300053325,28,10,2023,08:00,1,1,1,2A,2A247,1,2,2,1,1
202300053326,11,6,2023,16:00,1,1,7,48,48166,1,3,2,2,1
202300053327,26,9,2023,10:20,1,1,3,62,62263,1,4,2,1,1
202300053328,16,7,2023,09:00,1,1,3,28,28393,1,3,2,1,1
202300053328,16,7,2023,09:00,1,1,3,28,28393,1,3,2,1,1
202300053329,9,2,2023,10:35,1,1,7,92,92063,2,1,3,1,1
202300053330,8,5,2023,18:30,1,1,3,51,51454,2,4,2,1,1
202300053330,8,5,2023,18:30,1,1,3,51,51454,2,4,2,1,1
202300053331,22,8,2023,16:25,1,1,1,46,46083,1,3,2,1,1
202300053332,28,3,2023,14:35,1,1,3,09,09160,2,3,2,1,1
202300053333,1,12,2023,17:25,5,2,5,71,71583,2,3,2,1,2
202300053333,1,12,2023,17:25,5,2,5,71,71583,2,3,2,2,2
202300053333,1,12,2023,17:25,5,2,5,71,71583,2,3,2,1,2
202300053334,16,7,2023,12:45,1,1,7,52,52040,1,3,2,2,1
202300053335,28,10,2023,17:15,1,1,3,66,66053,1,3,2,2,1
202300053336,26,9,2023,07:15,2,1,3,60,60057,2,4,-1,2,1
202300053337,13,2,2023,17:18,1,1,6,92,92072,1,2,1,2,1
202300053338,11,6,2023,14:08,1,7,7,88,88373,1,3,2,2,1
202300053339,30,3,2023,17:20,1,1,7,40,40314,1,3,2,1,6
202300053340,24,8,2023,17:45,1,1,1,46,46334,1,3,2,1,9
202300053341,8,5,2023,14:30,1,1,3,47,47031,1,3,2,1,1
202300053341,8,5,2023,14:30,1,1,3,47,47031,1,3,2,1,1
202300053342,15,7,2023,23:25,3,2,2,67,67465,1,1,3,1,2
202300053343,11,6,2023,10:10,1,1,6,78,78356,2,3,2,1,1
202300053344,26,9,2023,17:51,1,1,1,59,59009,2,4,-1,1,1
202300053345,15,10,2023,17:15,1,1,1,66,66008,1,3,2,1,1
202300053345,15,10,2023,17:15,1,1,1,66,66008,1,3,2,2,1
202300053346,2,1,2023,12:58,1,1,2,51,51118,1,1,3,1,2
202300053347,24,8,2023,16:50,1,1,3,44,44069,1,3,1,1,1
202300053348,30,3,2023,22:05,3,2,1,76,76415,1,3,2,2,2
202300053349,8,5,2023,18:10,1,1,6,45,45232,2,4,3,1,1
202300053349,8,5,2023,18:10,1,1,6,45,45232,2,4,3,1,1
202300053350,14,2,2023,18:45,2,1,5,93,93005,1,1,3,1,1
202300053351,12,6,2023,07:00,1,1,5,49,49215,1,3,2,2,1
202300053352,29,10,2023,13:15,1,1,1,84,84003,1,3,2,2,1
202300053353,2,12,2023,16:55,1,1,7,10,10130,1,3,2,1,1
202300053354,26,9,2023,10:20,1,1,2,59,59009,1,4,2,1,1
202300053354,26,9,2023,10:20,1,1,2,59,59009,1,4,2,1,1
202300053355,15,7,2023,15:00,1,1,6,03,03277,1,1,3,2,1
202300053356,24,8,2023,21:55,3,1,2,44,44142,1,3,2,1,1
202300053357,30,3,2023,21:39,3,1,6,80,80204,1,1,3,1,1
202300053358,11,6,2023,20:05,5,1,6,987,98738,2,2,3,2,1
202300053359,2,1,2023,18:50,3,1,4,34,34340,1,1,3,1,1
202300053360,1,12,2023,14:50,1,3,6,73,73303,1,3,2,1,2
202300053361,26,9,2023,08:50,1,1,3,59,59507,2,4,2,1,1
202300053362,8,5,2023,09:25,1,1,3,34,34301,2,4,2,1,1
202300053362,8,5,2023,09:25,1,1,3,34,34301,2,4,1,1,1
202300053363,28,10,2023,15:50,1,1,3,84,84003,2,4,2,2,1
202300053363,28,10,2023,15:50,1,1,3,84,84003,2,4,-1,1,1
202300053364,29,3,2023,08:30,1,1,1,13,13005,1,1,1,1,1
202300053365,23,8,2023,16:15,1,1,6,03,03264,2,3,1,1,1
202300053366,13,2,2023,18:30,3,1,4,92,92036,1,1,3,1,1
202300053367,2,1,2023,16:30,1,1,6,73,73257,1,3,2,2,1
202300053368,12,6,2023,15:30,1,1,6,69,69244,2,4,2,1,1
202300053368,12,6,2023,15:30,1,1,6,69,69244,2,4,2,1,1
202300053369,10,7,2023,18:09,1,1,5,63,63014,1,1,3,1,1
202300053370,6,5,2023,12:00,1,1,3,21,21054,2,4,2,1,1
202300053370,6,5,2023,12:00,1,1,3,21,21054,2,4,1,1,1