id_accident,jour,mois,annee,heure_minute,luminosite,meteo,type_collision,departement,commune,agglomeration,categorie_route,regime_circulation,profil_route,etat_surface
202300053371,13,2,2023,05:00,3,1,6,93,93027,1,1,-1,2,1
202300053372,28,10,2023,12:25,1,1,2,38,38336,1,1,1,1,1
202300053373,23,8,2023,12:15,1,1,3,26,26108,2,3,2,1,1
202300053374,26,9,2023,07:30,2,5,7,57,57463,2,4,2,2,1
202300053374,26,9,2023,07:30,2,5,7,57,57463,2,4,2,1,1
202300053375,30,3,2023,06:47,2,1,2,33,33487,1,1,3,1,1
202300053376,1,6,2023,12:50,1,1,7,976,97603,1,2,2,1,1
202300053377,14,7,2023,13:45,1,1,6,11,11262,1,1,3,1,1
202300053378,1,1,2023,05:10,3,1,6,988,98817,1,3,2,1,1
202300053378,1,1,2023,05:10,3,1,6,988,98817,1,3,2,1,1
202300053379,27,10,2023,14:00,1,2,7,08,08081,2,4,2,2,2
202300053380,25,9,2023,21:45,5,1,6,56,56107,2,4,2,2,1
202300053381,26,5,2023,10:30,1,1,3,34,34172,1,1,3,1,1
202300053382,28,3,2023,08:50,1,1,2,33,33063,1,1,3,2,1
202300053383,14,2,2023,19:30,3,1,3,93,93051,1,1,1,1,1
202300053384,29,10,2023,16:15,1,2,6,54,54397,2,4,2,1,2
202300053384,29,10,2023,16:15,1,2,6,54,54397,2,4,2,1,2
202300053385,1,1,2023,06:55,1,1,6,971,97125,2,4,2,1,1
202300053386,26,11,2023,14:20,1,1,3,65,65123,1,3,2,1,1
202300053387,24,8,2023,17:40,1,1,3,24,24037,1,3,2,1,1
202300053388,30,3,2023,11:01,1,1,7,91,91037,1,1,3,1,1
202300053389,12,6,2023,01:20,3,1,6,11,11322,1,1,3,1,1
202300053390,8,5,2023,11:35,1,1,3,16,16015,2,4,2,2,1
202300053390,8,5,2023,11:35,1,1,3,16,16015,2,4,2,1,1
202300053391,29,10,2023,12:10,1,1,7,26,26331,1,3,2,1,1
202300053392,25,9,2023,08:00,1,1,2,54,54526,2,4,2,1,1
202300053392,25,9,2023,08:00,1,1,2,54,54526,2,4,2,1,1
202300053393,2,1,2023,17:45,5,1,6,83,83099,2,3,3,1,1
202300053394,14,2,2023,10:00,1,1,5,94,94042,1,1,-1,1,1
202300053395,25,8,2023,13:25,1,1,3,27,27105,2,3,2,1,1
202300053395,25,8,2023,13:25,1,1,3,27,27105,2,3,2,1,1
202300053396,27,10,2023,20:15,4,2,7,86,86297,1,3,3,1,2
202300053397,16,7,2023,05:00,2,1,4,60,60631,1,1,3,1,1
202300053398,3,1,2023,08:10,3,1,6,89,89037,1,1,3,1,1
202300053399,1,12,2023,06:45,3,2,1,64,64304,1,3,2,1,2
202300053400,11,6,2023,00:05,3,1,6,988,98814,1,2,2,1,1
202300053401,29,3,2023,14:41,1,1,5,91,91617,1,2,1,1,1
202300053402,8,5,2023,02:00,5,1,1,13,13216,2,3,2,1,1
202300053403,13,2,2023,15:33,1,1,6,85,85191,2,3,-1,1,1
202300053404,26,9,2023,15:20,1,1,2,45,45147,2,4,2,2,1
202300053405,23,10,2023,19:00,3,1,6,83,83069,1,1,3,1,1
202300053406,16,7,2023,12:40,1,1,6,988,98803,2,2,2,1,1
202300053406,16,7,2023,12:40,1,1,6,988,98803,2,2,2,-1,1
202300053407,25,8,2023,09:30,1,2,1,37,37132,2,4,2,1,2
202300053408,3,1,2023,12:25,1,1,1,67,67339,1,3,2,1,1
202300053409,1,12,2023,16:40,1,1,6,49,49301,2,4,1,1,1
202300053410,7,5,2023,23:10,5,1,6,75,75113,2,4,-1,1,2
202300053410,7,5,2023,23:10,5,1,6,75,75113,2,4,2,1,2
202300053411,13,7,2023,17:05,1,1,7,29,29233,1,3,2,1,1
202300053412,28,10,2023,03:30,5,1,6,69,69382,2,7,3,3,1
202300053413,12,6,2023,06:30,2,2,1,77,77005,1,3,2,1,2
202300053414,26,9,2023,10:20,1,1,3,45,45075,2,4,2,2,1
202300053415,2,1,2023,17:19,2,2,7,22,22282,1,3,2,1,2
202300053416,25,8,2023,10:40,1,1,3,13,13091,2,9,3,2,1
202300053417,2,12,2023,07:05,2,1,7,44,44158,1,3,2,1,7
202300053418,16,7,2023,01:35,3,1,6,29,29230,1,3,2,1,1
202300053419,11,2,2023,13:30,1,1,6,67,67482,2,7,2,1,1
202300053419,11,2,2023,13:30,1,1,6,67,67482,2,7,2,1,1
202300053420,12,6,2023,17:50,1,1,6,77,77144,1,4,2,1,1
202300053421,8,5,2023,19:50,1,1,1,75,75112,2,4,1,1,1
202300053421,8,5,2023,19:50,1,1,1,75,75112,2,4,2,1,1
202300053422,29,3,2023,19:00,1,1,2,95,95060,1,1,3,1,1
202300053423,28,10,2023,07:00,3,1,7,91,91161,1,1,3,1,1
202300053424,2,1,2023,23:45,3,1,3,60,60243,1,3,2,1,1
202300053425,24,8,2023,12:44,1,1,4,01,01089,1,1,3,1,1
202300053426,4,7,2023,11:55,1,1,6,45,45312,2,3,2,1,1
202300053427,2,12,2023,15:00,1,1,3,60,60241,1,3,2,1,1
202300053427,2,12,2023,15:00,1,1,3,60,60241,1,3,2,1,1
202300053428,26,9,2023,08:30,1,1,3,45,45285,2,4,2,1,1
202300053428,26,9,2023,08:30,1,1,3,45,45285,2,4,2,1,1
202300053429,8,5,2023,15:40,1,1,7,94,94054,2,3,2,1,1
202300053430,28,10,2023,07:30,2,1,6,92,92072,1,2,3,2,2
202300053431,10,2,2023,15:43,1,1,6,63,63032,2,7,2,1,1
202300053431,10,2,2023,15:43,1,1,6,63,63032,2,7,2,1,1
202300053432,1,12,2023,23:30,4,1,7,02,02186,1,3,3,3,1
202300053433,3,1,2023,17:40,3,1,2,02,02381,1,3,2,2,2
202300053434,12,6,2023,17:50,1,1,5,2B,2B079,2,2,2,1,1
202300053435,27,9,2023,00:10,3,1,6,45,45338,1,3,3,1,1
202300053436,24,8,2023,20:15,2,2,6,68,68042,1,1,3,2,2
202300053437,29,3,2023,17:45,1,1,4,95,95572,1,2,3,2,1
202300053438,7,5,2023,06:30,2,3,3,93,93073,2,4,2,1,2
202300053439,14,7,2023,20:00,1,1,2,91,91386,2,3,2,1,1
202300053440,2,1,2023,22:20,3,1,6,59,59268,2,4,2,1,1
202300053441,29,3,2023,12:00,1,1,6,95,95641,1,1,3,1,1
202300053442,10,2,2023,12:58,1,1,6,63,63113,2,4,2,1,1
202300053442,10,2,2023,12:58,1,1,6,63,63113,2,4,1,1,1
202300053443,24,8,2023,04:00,3,1,1,34,34146,1,1,3,1,1
202300053444,15,7,2023,06:10,2,1,3,2B,2B313,2,2,2,1,1
202300053445,27,10,2023,17:05,1,2,5,78,78158,1,1,3,1,2
202300053446,2,12,2023,13:50,1,1,2,80,80288,1,1,3,1,1
202300053447,26,9,2023,11:40,1,1,3,42,42207,2,4,2,2,1
202300053447,26,9,2023,11:40,1,1,3,42,42207,2,4,2,1,1
202300053448,8,5,2023,10:45,1,1,2,93,93031,2,3,4,1,1
202300053449,11,8,2023,14:15,1,1,6,68,68278,2,3,-1,1,1
202300053450,13,2,2023,20:15,5,1,6,974,97416,2,4,1,1,1
202300053451,2,1,2023,05:45,5,1,3,13,13117,1,1,3,2,1
202300053452,7,7,2023,09:00,1,1,2,13,13052,2,6,-1,1,1
202300053453,30,3,2023,09:10,1,1,3,77,77514,1,1,2,2,1
202300053454,12,6,2023,08:48,1,1,5,2B,2B332,1,2,2,1,1
202300053455,26,9,2023,23:20,5,1,6,41,41018,1,3,3,1,1
202300053456,28,10,2023,13:55,1,1,6,95,95582,1,3,3,1,2
202300053457,1,12,2023,17:30,3,1,1,59,59025,1,7,2,1,1
202300053458,12,6,2023,08:50,1,1,6,48,48119,1,3,2,1,1
202300053459,29,3,2023,19:20,1,1,6,69,69383,2,4,1,1,1
202300053460,24,8,2023,15:15,1,1,7,18,18092,1,3,2,1,2
202300053461,13,7,2023,22:20,4,1,3,01,01211,2,3,2,1,1
202300053461,13,7,2023,22:20,4,1,3,01,01211,2,3,2,1,1
202300053462,2,1,2023,17:25,1,1,5,33,33550,1,1,3,1,1
202300053463,28,10,2023,09:30,1,1,2,93,93005,1,1,1,1,1
202300053464,12,2,2023,17:05,1,2,4,974,97411,1,2,3,2,2
202300053465,8,5,2023,15:50,1,1,6,93,93014,2,3,3,3,1
202300053466,15,7,2023,22:40,3,1,6,80,80023,1,3,3,1,1
202300053467,29,3,2023,12:20,1,1,6,04,04112,2,4,2,2,1
202300053468,11,6,2023,17:55,1,1,3,83,83068,1,3,2,2,1
202300053469,25,8,2023,07:00,1,1,3,973,97311,2,4,2,1,1
202300053469,25,8,2023,07:00,1,1,3,973,97311,2,4,1,1,1
202300053470,27,10,2023,20:15,3,2,2,95,95572,1,1,3,1,2
202300053471,8,5,2023,23:10,3,1,6,80,80216,1,3,1,1,1
202300053472,12,9,2023,17:10,1,1,3,38,38053,1,3,-1,1,1
202300053472,12,9,2023,17:10,1,1,3,38,38053,1,3,1,1,1
202300053473,30,11,2023,20:45,3,1,5,83,83144,1,1,3,1,1
202300053474,11,2,2023,16:30,1,1,3,974,97407,2,4,2,1,1
202300053475,12,6,2023,10:45,1,1,6,05,05065,2,4,1,1,1
202300053476,15,7,2023,22:00,1,1,6,59,59581,1,3,2,1,1
202300053477,26,9,2023,14:30,1,1,3,37,37261,2,4,2,1,1
202300053478,30,11,2023,11:10,1,3,2,33,33318,1,1,1,2,2
202300053479,28,4,2023,23:10,5,1,1,91,91235,2,3,3,1,2
202300053480,27,10,2023,16:45,1,2,4,93,93078,1,1,3,1,2
202300053481,20,8,2023,02:45,5,3,1,971,97106,1,2,2,3,2
202300053482,13,2,2023,16:40,1,3,6,973,97302,2,4,2,1,2
202300053483,29,3,2023,10:55,1,1,6,988,98818,2,4,2,1,1
202300053484,2,1,2023,16:25,1,1,4,33,33487,1,1,3,1,2
202300053485,9,6,2023,12:20,1,1,2,71,71283,2,3,2,1,1
202300053486,14,7,2023,23:00,5,1,3,13,13210,1,1,1,1,1
202300053487,18,8,2023,15:35,1,9,7,77,77327,1,3,2,1,1
202300053488,1,12,2023,19:17,5,1,2,91,91377,2,3,3,1,1
202300053489,8,5,2023,17:15,1,1,3,52,52331,2,3,2,1,1
202300053490,13,2,2023,08:10,1,3,3,973,97302,2,3,2,1,2
202300053491,26,9,2023,07:45,1,1,3,37,37233,2,4,2,1,1
202300053491,26,9,2023,07:45,1,1,3,37,37233,2,4,2,1,1
202300053492,25,8,2023,16:00,1,1,6,95,95295,1,3,3,1,1
202300053493,29,3,2023,19:15,5,1,3,973,97302,2,4,2,1,1
202300053494,1,12,2023,18:45,3,1,6,78,78640,1,2,-1,1,2
202300053495,28,10,2023,15:45,1,2,5,77,77258,1,1,1,1,1
202300053496,14,7,2023,13:30,1,1,3,83,83137,1,1,-1,2,1
202300053497,2,1,2023,14:00,1,1,4,91,91228,1,1,1,1,2
202300053498,10,6,2023,10:27,1,1,1,38,38187,1,3,2,2,1
202300053499,24,8,2023,06:00,2,1,6,95,95446,1,3,2,1,1
202300053500,26,9,2023,15:45,1,1,6,35,35238,2,9,1,1,1
202300053501,27,10,2023,19:06,5,1,6,988,98818,2,4,2,2,1
202300053502,13,2,2023,19:20,5,1,3,69,69386,2,4,2,1,1
202300053502,13,2,2023,19:20,5,1,3,69,69386,2,4,1,1,1
202300053503,7,5,2023,08:55,1,1,6,83,83148,1,3,2,1,1
202300053503,7,5,2023,08:55,1,1,6,83,83148,1,3,2,1,1
202300053504,30,11,2023,19:05,3,1,4,92,92048,1,2,-1,4,1
202300053505,15,7,2023,11:10,1,1,2,33,33013,1,2,3,2,1
202300053506,24,8,2023,13:30,1,1,1,2B,2B109,1,3,2,1,1
202300053507,29,3,2023,14:30,1,1,3,69,69383,2,4,1,1,1
202300053507,29,3,2023,14:30,1,1,3,69,69383,2,4,2,1,1
202300053508,28,10,2023,03:30,3,1,7,974,97416,1,2,2,2,1
202300053509,8,5,2023,16:07,1,1,7,67,67006,1,3,2,1,1
202300053510,12,6,2023,12:20,1,1,1,69,69050,2,3,2,1,1
202300053510,12,6,2023,12:20,1,1,1,69,69050,2,3,2,1,1
202300053511,13,2,2023,16:30,1,1,6,69,69081,2,4,1,2,1
202300053512,30,11,2023,17:30,3,1,6,78,78206,1,1,-1,1,1
202300053513,14,7,2023,20:40,1,1,2,94,94003,1,1,3,4,1
202300053514,2,1,2023,07:00,1,2,4,92,92050,1,1,1,1,2
202300053515,26,9,2023,13:00,1,1,3,35,35238,2,4,3,1,1
202300053515,26,9,2023,13:00,1,1,3,35,35238,2,4,3,1,1
202300053516,11,6,2023,18:25,1,1,7,79,79049,1,3,2,1,1
202300053517,13,2,2023,08:15,1,1,6,69,69081,2,4,2,1,1
202300053517,13,2,2023,08:15,1,1,6,69,69081,2,4,1,1,1
202300053518,9,5,2023,08:30,1,1,6,974,97414,1,2,2,2,1
202300053519,2,1,2023,10:45,1,2,6,95,95572,1,1,3,2,2
202300053520,27,10,2023,08:30,1,1,5,974,97411,2,4,1,1,1
202300053520,27,10,2023,08:30,1,1,5,974,97411,2,4,2,1,1
202300053521,29,3,2023,11:10,1,1,6,69,69387,2,4,2,1,1
202300053521,29,3,2023,11:10,1,1,6,69,69387,2,4,2,1,1
202300053522,6,5,2023,12:30,1,1,3,34,34289,1,3,2,1,1
202300053522,6,5,2023,12:30,1,1,3,34,34289,1,3,2,1,1
202300053523,15,7,2023,02:15,3,1,2,78,78158,1,1,1,1,1
202300053524,11,6,2023,17:15,1,1,6,33,33439,1,3,2,1,1
202300053525,30,11,2023,14:45,1,1,4,92,92025,1,1,-1,1,1
202300053526,25,9,2023,19:20,1,1,3,34,34172,2,4,1,3,1
202300053526,25,9,2023,19:20,1,1,3,34,34172,2,4,2,1,1
202300053527,2,1,2023,09:30,1,2,6,95,95277,1,1,1,2,2
202300053528,25,8,2023,07:45,1,3,6,08,08136,1,2,3,3,3
202300053529,13,2,2023,14:04,1,1,3,2B,2B120,2,3,2,1,1
202300053529,13,2,2023,14:04,1,1,3,2B,2B120,2,3,2,2,1
202300053530,27,10,2023,06:15,1,1,2,974,97411,2,2,1,1,1
202300053531,29,3,2023,17:46,1,1,3,972,97213,1,4,2,1,1
202300053532,9,5,2023,07:40,1,1,5,84,84099,1,3,2,1,1
202300053533,11,6,2023,09:20,1,1,3,49,49021,1,3,2,1,1
202300053534,24,8,2023,11:05,1,7,7,67,67368,2,4,2,2,1
202300053535,14,7,2023,09:36,1,1,4,78,78362,1,1,2,1,1
202300053536,1,12,2023,00:05,5,1,6,95,95212,1,1,3,1,1
202300053537,23,9,2023,03:24,5,1,7,30,30189,2,4,2,1,1
202300053537,23,9,2023,03:24,5,1,7,30,30189,2,4,1,1,1
202300053538,1,1,2023,12:30,1,1,1,974,97416,1,3,2,2,1
202300053539,13,2,2023,06:00,3,8,6,95,95585,2,4,2,1,1
202300053540,8,5,2023,17:50,1,1,1,42,42242,2,7,3,2,1
202300053541,25,8,2023,10:11,1,2,6,03,03201,1,3,2,1,2
202300053542,29,3,2023,14:50,1,1,6,972,97209,2,4,2,1,1
202300053543,27,10,2023,08:20,1,1,1,974,97407,2,4,1,1,1
202300053544,15,7,2023,01:15,3,1,2,93,93005,1,1,3,1,1
202300053545,11,6,2023,11:20,1,1,2,61,61341,1,3,2,2,1
202300053546,25,9,2023,15:50,1,1,6,29,29232,2,4,2,1,1
202300053547,1,12,2023,21:05,3,1,3,94,94028,1,1,1,1,1
202300053548,16,8,2023,08:45,1,1,6,73,73303,2,3,2,1,1
202300053549,1,1,2023,05:15,1,1,6,974,97416,1,2,2,2,1
202300053550,14,7,2023,22:10,3,1,2,93,93027,1,1,3,1,1
202300053551,13,2,2023,08:20,1,1,6,91,91114,2,4,1,2,1
202300053551,13,2,2023,08:20,1,1,6,91,91114,2,4,1,2,1
202300053552,9,5,2023,17:30,1,8,1,60,60385,2,3,2,2,2
202300053553,27,10,2023,14:40,1,1,3,973,97302,2,4,-1,1,1
202300053553,27,10,2023,14:40,1,1,3,973,97302,2,4,2,1,1
202300053554,28,3,2023,10:54,1,1,3,972,97213,1,4,2,1,1
202300053555,24,8,2023,22:00,3,1,7,42,42296,1,3,2,1,1
202300053556,1,1,2023,06:45,2,1,6,974,97411,1,2,1,1,1
202300053557,8,6,2023,17:45,1,1,3,14,14068,2,3,2,1,1
202300053557,8,6,2023,17:45,1,1,3,14,14068,2,3,2,1,1
202300053558,15,7,2023,11:10,1,1,3,94,94017,1,1,3,1,1
202300053559,14,2,2023,01:15,5,1,7,91,91027,2,4,1,1,1
202300053559,14,2,2023,01:15,5,1,7,91,91027,2,4,2,1,1
202300053560,27,10,2023,14:53,1,1,6,69,69383,2,4,1,1,1
202300053561,9,5,2023,13:30,1,1,1,83,83019,1,3,2,2,1
202300053562,1,12,2023,11:30,1,1,4,94,94017,1,1,3,1,1
202300053563,29,3,2023,13:30,1,1,1,972,97209,1,2,-1,1,1
202300053564,24,8,2023,22:47,5,1,3,69,69204,2,4,2,2,1
202300053565,1,1,2023,18:45,3,1,1,972,97213,1,3,2,2,1
202300053566,26,9,2023,08:25,1,1,5,25,25056,1,2,2,1,1
202300053567,9,6,2023,17:00,1,1,5,57,57356,1,3,2,2,1
202300053568,13,2,2023,16:55,1,1,6,91,91174,2,4,1,1,1
202300053568,13,2,2023,16:55,1,1,6,91,91174,2,4,2,1,1
202300053569,15,7,2023,10:10,1,1,4,77,77121,1,1,3,1,1
202300053570,27,10,2023,12:37,1,1,3,69,69387,2,4,1,1,1
202300053570,27,10,2023,12:37,1,1,3,69,69387,2,4,1,1,1
202300053571,24,11,2023,18:00,5,2,6,24,24037,2,6,-1,1,2
202300053572,25,8,2023,05:00,3,1,1,44,44073,1,3,2,1,1
202300053573,1,1,2023,12:45,1,1,7,972,97209,2,4,-1,1,1
202300053574,8,6,2023,18:30,1,1,7,59,59481,1,3,2,1,1
202300053575,8,5,2023,11:45,1,1,7,85,85109,1,3,2,1,1
202300053576,29,3,2023,08:55,1,1,3,972,97209,2,2,2,1,1
202300053576,29,3,2023,08:55,1,1,3,972,97209,2,2,2,1,1
202300053577,25,8,2023,03:20,3,1,1,50,50601,2,3,2,1,1
202300053578,25,9,2023,11:07,1,1,6,15,15014,2,4,2,1,1
202300053579,17,3,2023,14:40,1,1,1,974,97414,2,4,2,4,1
202300053580,27,10,2023,07:15,1,8,3,972,97209,2,2,2,2,1
202300053581,13,3,2023,03:30,5,1,7,971,97120,1,4,-1,1,1
202300053582,9,6,2023,11:25,1,1,6,59,59482,2,7,2,1,1
202300053583,1,1,2023,21:47,5,1,3,2A,2A004,2,2,1,1,1
202300053583,1,1,2023,21:47,5,1,3,2A,2A004,2,2,1,1,1
202300053584,11,2,2023,18:00,1,1,4,87,87085,2,4,1,1,1
202300053584,11,2,2023,18:00,1,1,4,87,87085,2,4,2,2,1
202300053585,21,8,2023,07:00,1,1,6,35,35360,1,3,1,1,1
202300053586,29,11,2023,18:00,2,1,3,988,98818,2,4,2,1,1
202300053586,29,11,2023,18:00,2,1,3,988,98818,2,4,1,1,1
202300053587,14,7,2023,08:30,1,1,2,973,97302,2,3,-1,1,1
202300053588,8,5,2023,15:15,1,1,4,62,62113,1,3,2,1,1
202300053588,8,5,2023,15:15,1,1,4,62,62113,1,3,2,1,1
202300053589,26,9,2023,11:00,1,1,2,13,13117,2,4,2,1,1
202300053590,29,3,2023,12:00,1,1,6,2A,2A004,2,2,-1,1,1
202300053591,27,10,2023,19:51,4,1,3,2B,2B037,1,2,1,1,1
202300053592,29,11,2023,08:30,1,1,7,974,97416,1,4,2,2,1
202300053593,1,1,2023,12:40,1,1,3,83,83069,2,4,1,1,1
202300053593,1,1,2023,12:40,1,1,3,83,83069,2,4,-1,1,1
202300053594,14,7,2023,00:30,5,1,2,971,97120,2,9,2,1,1
202300053595,8,5,2023,19:47,1,1,7,62,62909,2,3,2,1,1
202300053595,8,5,2023,19:47,1,1,7,62,62909,2,3,2,1,1
202300053596,11,6,2023,17:20,1,1,4,13,13214,1,1,1,1,1
202300053597,13,2,2023,18:00,1,1,3,81,81004,2,4,2,1,1
202300053597,13,2,2023,18:00,1,1,3,81,81004,2,4,2,1,1
202300053598,13,10,2023,23:10,5,1,7,971,97107,2,3,2,1,1
202300053598,13,10,2023,23:10,5,1,7,971,97107,2,3,2,1,1
202300053599,26,9,2023,14:30,1,1,1,13,13002,2,3,2,1,1
202300053599,26,9,2023,14:30,1,1,1,13,13002,2,3,3,1,1
202300053600,9,5,2023,12:00,1,1,7,2B,2B159,1,3,2,1,1
202300053601,14,7,2023,15:00,1,1,3,95,95268,2,3,1,1,1
202300053602,24,8,2023,16:10,1,2,1,02,02596,1,3,2,2,2
202300053603,29,11,2023,11:35,1,1,2,974,97411,2,2,3,1,1
202300053604,1,1,2023,18:15,5,1,3,81,81065,2,4,2,1,1
202300053604,1,1,2023,18:15,5,1,3,81,81065,2,4,2,1,1
202300053605,11,6,2023,18:00,1,1,2,13,13071,1,1,1,1,1
202300053606,29,3,2023,17:35,1,1,3,81,81144,1,2,1,1,1
202300053607,27,10,2023,14:05,1,1,6,2A,2A004,2,2,2,1,1
202300053608,13,2,2023,13:30,1,1,2,78,78650,2,4,1,1,1
202300053608,13,2,2023,13:30,1,1,2,78,78650,2,4,-1,1,1
202300053609,26,9,2023,10:30,1,1,6,13,13210,2,4,2,1,1
202300053610,8,5,2023,18:00,1,1,3,65,65442,1,3,2,1,1
202300053610,8,5,2023,18:00,1,1,3,65,65442,1,3,2,1,1
202300053611,30,11,2023,16:35,1,1,3,973,97302,2,4,1,1,1
202300053612,23,8,2023,23:30,3,1,2,13,13043,1,1,3,1,1
202300053613,14,7,2023,02:14,5,8,6,86,86066,2,3,3,1,1
202300053614,10,6,2023,14:05,1,1,6,83,83035,1,1,3,1,1
202300053615,27,10,2023,15:30,1,1,6,95,95585,2,3,2,1,1
202300053616,26,9,2023,07:15,2,8,3,13,13202,2,4,3,1,1
202300053617,27,4,2023,19:50,1,1,6,11,11441,1,4,-1,2,9
202300053618,13,2,2023,08:50,1,1,5,77,77373,1,2,3,1,1
202300053619,24,8,2023,08:50,1,1,6,69,69091,1,1,3,1,1
202300053620,30,11,2023,08:10,1,1,6,973,97302,2,4,2,1,1
202300053621,1,1,2023,07:20,3,1,5,78,78172,1,2,-1,1,1
202300053622,10,6,2023,07:25,1,1,6,83,83069,1,1,3,1,1
202300053623,14,7,2023,16:00,1,1,2,78,78401,2,3,2,1,1
202300053623,14,7,2023,16:00,1,1,2,78,78401,2,3,-1,1,1
202300053624,23,8,2023,21:20,5,1,6,33,33249,1,2,1,2,1
202300053625,23,10,2023,17:00,1,2,3,95,95585,2,4,4,1,2
202300053625,23,10,2023,17:00,1,2,3,95,95585,2,4,4,1,2
202300053626,29,3,2023,15:45,1,1,2,78,78440,2,3,2,1,1
202300053627,9,5,2023,14:00,1,3,3,63,63258,2,3,2,1,8
202300053628,1,12,2023,00:45,5,2,1,69,69387,2,4,2,1,2
202300053629,11,6,2023,06:15,1,1,3,69,69009,1,1,3,2,1
202300053630,25,9,2023,16:50,1,1,3,13,13213,1,4,-1,1,1
202300053631,21,8,2023,02:58,5,1,6,33,33550,1,1,3,1,1
202300053632,14,7,2023,00:42,3,1,3,78,78638,1,3,2,2,1
202300053632,14,7,2023,00:42,3,1,3,78,78638,1,3,2,2,1
202300053633,13,2,2023,14:45,1,1,3,77,77431,2,3,2,1,1
202300053633,13,2,2023,14:45,1,1,3,77,77431,2,3,2,1,1
202300053634,8,5,2023,11:30,1,1,7,49,49018,2,3,2,1,1
202300053635,29,3,2023,14:15,1,1,2,78,78440,1,3,-1,1,1
202300053636,1,1,2023,03:50,3,1,3,77,77237,2,3,3,1,1
202300053636,1,1,2023,03:50,3,1,3,77,77237,2,3,2,1,1
202300053637,27,10,2023,10:00,1,8,3,95,95598,2,4,2,1,2
202300053637,27,10,2023,10:00,1,8,3,95,95598,2,4,2,1,2
202300053638,26,9,2023,07:40,2,1,6,11,11262,2,4,2,1,1
202300053639,30,11,2023,23:45,5,2,3,69,69386,2,4,1,1,2
202300053639,30,11,2023,23:45,5,2,3,69,69386,2,4,1,1,2
202300053640,9,5,2023,08:45,1,1,6,42,42325,1,2,3,2,1
202300053641,14,7,2023,18:00,1,1,3,72,72181,2,4,2,2,1
202300053642,24,8,2023,21:20,5,1,4,94,94043,1,1,1,1,1
202300053643,11,6,2023,21:20,2,3,3,91,91363,1,2,3,2,2
202300053644,1,1,2023,18:30,3,2,6,76,76231,2,4,2,2,2
202300053645,28,3,2023,10:00,1,1,6,72,72181,2,4,2,1,1
202300053646,13,2,2023,15:30,1,1,3,77,77014,2,3,2,2,1
202300053646,13,2,2023,15:30,1,1,3,77,77014,2,3,2,1,1
202300053647,25,9,2023,17:20,1,1,6,10,10362,1,3,2,1,1
202300053648,14,7,2023,01:15,5,1,6,71,71306,2,3,2,1,1
202300053649,9,5,2023,18:39,1,1,6,46,46309,2,6,-1,1,1
202300053650,26,10,2023,20:50,5,3,5,87,87085,2,3,3,2,2
202300053651,30,11,2023,15:45,1,2,3,69,69387,2,4,1,1,2
202300053651,30,11,2023,15:45,1,2,3,69,69387,2,4,1,1,2
202300053652,11,6,2023,06:10,1,1,6,91,91064,1,2,3,1,1
202300053653,24,8,2023,06:00,3,1,2,93,93066,1,1,3,1,1
202300053654,9,5,2023,07:05,2,8,6,29,29024,1,3,3,1,2
202300053655,1,1,2023,06:30,5,1,1,76,76366,2,7,2,1,1
202300053655,1,1,2023,06:30,5,1,1,76,76366,2,7,2,1,1
202300053656,28,3,2023,17:00,1,1,2,71,71040,2,3,2,1,1
202300053657,12,2,2023,14:25,1,1,1,77,77239,1,3,2,1,1
202300053658,14,7,2023,15:00,1,1,3,69,69266,2,4,2,1,1
202300053659,25,9,2023,06:02,5,1,1,10,10362,2,4,2,1,1
202300053659,25,9,2023,06:02,5,1,1,10,10362,2,4,2,1,1
202300053660,7,5,2023,15:25,1,1,7,31,31033,2,3,2,2,1
202300053661,10,6,2023,22:43,4,1,6,91,91363,1,2,1,3,1
202300053662,30,11,2023,14:19,1,2,3,69,69383,2,4,1,1,2
202300053662,30,11,2023,14:19,1,2,3,69,69383,2,4,2,1,2
202300053663,27,10,2023,05:40,5,1,7,83,83137,2,4,2,4,1
202300053664,24,8,2023,14:00,1,2,2,94,94046,1,1,3,1,2
202300053665,10,7,2023,10:40,1,1,3,69,69264,2,4,-1,1,1
202300053666,20,8,2023,03:20,4,1,7,07,07102,1,4,2,1,1
202300053667,1,1,2023,19:45,5,8,3,72,72181,2,4,2,1,2
202300053667,1,1,2023,19:45,5,8,3,72,72181,2,4,2,1,2
202300053668,6,2,2023,06:30,5,1,3,74,74305,2,4,1,1,1
202300053668,6,2,2023,06:30,5,1,3,74,74305,2,4,2,1,1
202300053669,29,3,2023,07:55,1,1,3,67,67482,2,4,3,1,1
202300053670,10,6,2023,22:20,3,1,6,78,78043,1,1,1,1,2
202300053671,23,8,2023,19:00,2,1,7,77,77449,1,1,-1,1,1
202300053672,14,7,2023,19:15,1,1,3,69,69259,2,4,2,2,1
202300053672,14,7,2023,19:15,1,1,3,69,69259,2,4,2,1,1
202300053673,25,10,2023,15:00,1,1,2,83,83069,1,4,2,1,1
202300053674,7,5,2023,19:50,2,1,2,26,26324,2,3,2,1,1
202300053675,30,11,2023,07:00,5,2,4,69,69383,2,4,1,1,2
202300053676,1,1,2023,04:00,5,1,6,69,69264,2,4,2,1,1
202300053676,1,1,2023,04:00,5,1,6,69,69264,2,4,2,1,1
202300053677,12,2,2023,10:45,1,1,2,71,71153,2,4,3,1,1
202300053678,28,3,2023,14:14,1,1,2,64,64102,2,3,3,1,1
202300053679,8,6,2023,20:40,1,1,1,95,95598,2,4,2,1,1