id_accident,jour,mois,annee,heure_minute,luminosite,meteo,type_collision,departement,commune,agglomeration,categorie_route,regime_circulation,profil_route,etat_surface
202300053680,26,9,2023,07:15,1,1,3,06,06029,2,3,2,4,1
202300053680,26,9,2023,07:15,1,1,3,06,06029,2,3,2,4,1
202300053680,26,9,2023,07:15,1,1,3,06,06029,2,3,2,1,1
202300053680,26,9,2023,07:15,1,1,3,06,06029,2,3,2,1,1
202300053681,10,6,2023,19:20,1,1,3,93,93005,1,1,3,1,1
202300053682,30,11,2023,09:18,1,1,6,87,87065,1,1,3,2,1
202300053683,14,7,2023,14:10,1,1,6,67,67218,2,4,2,1,1
202300053684,6,5,2023,15:30,1,1,3,83,83025,1,3,2,1,1
202300053685,2,1,2023,01:40,3,1,6,59,59339,2,7,-1,2,2
202300053686,25,10,2023,22:15,5,1,1,80,80021,2,4,2,1,1
202300053687,10,2,2023,16:38,1,1,6,66,66136,2,4,2,1,1
202300053688,8,5,2023,17:05,1,1,7,18,18028,1,3,2,1,1
202300053689,28,5,2023,04:50,3,1,1,53,53054,1,3,2,1,1
202300053690,28,3,2023,15:55,1,1,1,63,63113,2,4,-1,1,1
202300053690,28,3,2023,15:55,1,1,1,63,63113,2,4,2,1,1
202300053691,29,11,2023,15:00,1,1,3,83,83137,2,4,2,1,1
202300053692,26,9,2023,19:30,2,1,6,75,75119,2,4,2,1,1
202300053692,26,9,2023,19:30,2,1,6,75,75119,2,4,1,2,1
202300053693,14,7,2023,08:25,1,1,2,64,64483,2,3,1,3,1
202300053694,10,6,2023,16:00,1,1,2,93,93064,1,1,1,1,1
202300053695,6,5,2023,06:30,2,1,6,16,16069,1,4,2,2,1
202300053696,13,2,2023,15:50,1,1,3,64,64284,2,4,1,1,1
202300053697,14,7,2023,12:00,1,1,6,64,64122,2,4,1,1,1
202300053698,1,1,2023,08:00,2,1,3,59,59650,2,7,2,1,1
202300053698,1,1,2023,08:00,2,1,3,59,59650,2,7,3,1,1
202300053699,15,6,2023,09:51,1,1,3,92,92073,2,3,1,1,1
202300053699,15,6,2023,09:51,1,1,3,92,92073,2,3,3,1,1
202300053700,30,11,2023,17:40,5,2,6,81,81004,2,3,1,1,2
202300053701,26,9,2023,17:35,1,1,3,75,75119,2,4,2,2,1
202300053702,28,3,2023,13:08,1,1,1,63,63113,2,4,1,1,1
202300053702,28,3,2023,13:08,1,1,1,63,63113,2,4,2,1,1
202300053703,8,5,2023,16:00,1,1,7,07,07126,1,3,2,1,1
202300053704,10,6,2023,13:45,1,1,2,75,75112,1,1,3,1,1
202300053705,26,10,2023,10:40,1,1,6,76,76351,2,4,2,1,1
202300053706,14,7,2023,02:35,5,1,3,64,64024,2,4,2,1,1
202300053707,1,1,2023,20:57,5,2,1,49,49007,2,4,2,1,2
202300053708,11,2,2023,06:44,5,1,3,63,63113,2,4,1,1,1
202300053708,11,2,2023,06:44,5,1,3,63,63113,2,4,1,1,1
202300053709,9,5,2023,11:15,1,2,6,21,21455,1,3,2,1,2
202300053710,9,3,2023,15:15,1,2,6,59,59603,1,3,2,4,2
202300053711,16,6,2023,20:45,1,1,3,92,92044,2,4,1,1,1
202300053711,16,6,2023,20:45,1,1,3,92,92044,2,4,2,1,1
202300053712,26,9,2023,15:15,1,1,2,75,75118,2,4,2,1,1
202300053712,26,9,2023,15:15,1,1,2,75,75118,2,4,1,1,1
202300053713,29,11,2023,18:48,3,1,4,79,79191,1,3,2,1,1
202300053714,15,7,2023,02:00,4,1,6,60,60159,2,4,2,1,1
202300053715,11,2,2023,10:10,1,1,6,62,62516,2,4,2,1,1
202300053716,1,1,2023,16:00,1,1,2,45,45004,1,3,2,1,1
202300053717,18,6,2023,15:30,1,1,6,92,92012,2,3,1,1,1
202300053718,11,2,2023,17:35,1,1,3,61,61006,2,4,2,1,1
202300053719,8,5,2023,10:00,1,8,1,87,87003,1,3,2,2,1
202300053720,29,3,2023,17:50,1,1,6,59,59426,2,4,2,2,1
202300053720,29,3,2023,17:50,1,1,6,59,59426,2,4,2,1,1
202300053721,26,9,2023,09:00,1,1,6,75,75118,2,4,1,1,1
202300053722,10,6,2023,14:00,1,7,6,971,97113,2,3,2,1,1
202300053723,1,1,2023,18:03,5,1,6,35,35238,2,4,2,2,2
202300053724,10,2,2023,15:20,1,1,6,59,59390,2,3,3,1,1
202300053725,26,10,2023,09:45,1,2,3,71,71486,2,4,2,1,2
202300053725,26,10,2023,09:45,1,2,3,71,71486,2,4,2,1,2
202300053726,12,7,2023,19:26,1,1,3,59,59507,2,4,1,1,1
202300053726,12,7,2023,19:26,1,1,3,59,59507,2,4,1,1,1
202300053727,29,3,2023,13:35,1,1,1,59,59410,2,7,2,1,1
202300053728,8,5,2023,18:05,1,1,3,30,30228,1,3,2,2,1
202300053729,1,6,2023,17:10,1,1,5,62,62548,1,1,-1,1,1
202300053730,29,11,2023,19:15,5,1,6,77,77122,2,3,2,1,1
202300053731,2,3,2023,10:35,1,1,6,57,57143,2,4,2,1,1
202300053732,14,7,2023,10:00,1,1,6,51,51454,2,4,2,1,1
202300053733,1,1,2023,10:50,1,2,2,35,35238,2,4,3,4,2
202300053733,1,1,2023,10:50,1,2,2,35,35238,2,4,1,1,2
202300053734,7,5,2023,22:40,3,1,6,35,35352,1,3,2,1,1
202300053735,10,6,2023,01:30,3,1,3,95,95582,2,4,1,2,1
202300053735,10,6,2023,01:30,3,1,3,95,95582,2,4,2,1,1
202300053736,23,8,2023,15:00,1,1,7,974,97416,1,3,2,1,1
202300053737,10,3,2023,17:30,1,1,3,59,59350,2,4,1,1,1
202300053738,25,10,2023,16:40,1,3,1,71,71059,2,4,2,2,2
202300053739,26,9,2023,19:15,2,1,3,75,75116,2,4,3,1,1
202300053739,26,9,2023,19:15,2,1,3,75,75116,2,4,2,1,1
202300053740,9,2,2023,01:35,3,9,7,57,57019,1,3,2,1,7
202300053741,14,7,2023,20:37,1,1,6,37,37195,2,4,2,1,1
202300053742,9,6,2023,16:40,1,1,7,27,27681,2,4,-1,2,1
202300053743,1,1,2023,06:05,5,1,1,34,34172,2,7,3,2,1
202300053744,22,8,2023,07:55,1,1,3,974,97416,2,4,2,1,1
202300053745,9,5,2023,12:00,1,3,2,03,03118,1,1,1,2,2
202300053746,29,3,2023,08:40,1,1,3,59,59350,2,4,3,1,1
202300053746,29,3,2023,08:40,1,1,3,59,59350,2,4,3,1,1
202300053747,27,10,2023,13:55,1,2,3,71,71076,2,4,3,1,2
202300053748,22,2,2023,21:50,3,1,6,69,69290,1,1,3,1,1
202300053749,26,9,2023,16:00,1,1,2,75,75116,2,4,3,1,1
202300053749,26,9,2023,16:00,1,1,2,75,75116,2,4,4,1,1
202300053750,14,7,2023,10:10,1,1,6,37,37261,2,4,2,1,1
202300053750,14,7,2023,10:10,1,1,6,37,37261,2,4,2,1,1
202300053751,30,11,2023,17:20,2,2,6,76,76540,2,4,2,1,2
202300053752,7,5,2023,16:00,1,8,6,01,01087,1,1,1,1,2
202300053753,12,2,2023,22:50,3,1,6,50,50129,1,2,3,2,1
202300053754,22,8,2023,06:20,2,1,7,974,97416,2,2,2,1,1
202300053755,1,1,2023,18:50,3,2,3,22,22215,1,3,2,1,2
202300053756,27,10,2023,02:45,5,2,7,67,67482,2,4,2,1,2
202300053757,28,3,2023,16:00,1,1,2,56,56121,2,4,2,1,1
202300053757,28,3,2023,16:00,1,1,2,56,56121,2,4,2,1,1
202300053758,22,8,2023,18:20,1,1,7,974,97411,2,2,1,2,1
202300053759,26,9,2023,08:15,1,1,3,75,75116,2,4,2,1,1
202300053759,26,9,2023,08:15,1,1,3,75,75116,2,4,2,1,1
202300053760,29,11,2023,18:20,5,2,6,76,76351,2,4,-1,1,2
202300053760,29,11,2023,18:20,5,2,6,76,76351,2,4,2,1,2
202300053761,10,6,2023,13:00,1,1,2,974,97416,2,3,2,1,1
202300053762,14,7,2023,23:05,3,1,3,35,35238,1,2,1,2,1
202300053763,12,2,2023,19:15,5,1,3,49,49099,2,4,1,1,1
202300053764,28,3,2023,20:10,2,1,2,54,54395,2,4,2,1,1
202300053765,8,5,2023,16:30,1,1,2,78,78010,1,3,2,1,1
202300053765,8,5,2023,16:30,1,1,2,78,78010,1,3,2,1,1
202300053766,22,8,2023,15:55,1,1,6,974,97411,2,4,1,1,1
202300053767,26,10,2023,12:00,1,8,3,67,67482,2,4,2,1,2
202300053767,26,10,2023,12:00,1,8,3,67,67482,2,4,3,1,2
202300053768,29,11,2023,12:30,1,1,6,72,72181,2,4,2,1,1
202300053769,1,1,2023,04:25,3,1,1,17,17415,1,3,2,1,1
202300053770,14,7,2023,10:40,1,8,6,35,35238,2,4,1,1,1
202300053771,26,9,2023,10:45,1,1,3,75,75115,2,4,2,1,1
202300053771,26,9,2023,10:45,1,1,3,75,75115,2,4,1,1,1
202300053772,12,2,2023,17:37,1,1,1,49,49353,2,4,2,1,1
202300053773,10,6,2023,09:10,1,1,3,974,97407,2,4,1,1,1
202300053773,10,6,2023,09:10,1,1,3,974,97407,2,4,2,1,1
202300053774,18,8,2023,07:45,1,1,6,974,97411,2,2,2,1,1
202300053775,28,3,2023,11:50,1,1,3,54,54395,2,4,2,1,1
202300053776,1,1,2023,17:40,5,1,7,17,17306,2,4,1,1,1
202300053777,27,10,2023,09:21,1,1,2,66,66136,1,2,3,1,1
202300053778,29,11,2023,13:10,1,1,1,72,72181,2,4,1,2,1
202300053779,13,2,2023,07:35,5,1,6,47,47001,2,4,2,1,1
202300053780,20,8,2023,01:05,5,1,6,974,97407,2,4,2,1,1
202300053781,15,7,2023,00:30,5,1,1,33,33063,2,4,2,1,1
202300053781,15,7,2023,00:30,5,1,1,33,33063,2,4,1,1,1
202300053782,26,9,2023,21:30,3,1,3,75,75111,2,4,1,1,1
202300053782,26,9,2023,21:30,3,1,3,75,75111,2,4,1,1,1
202300053783,28,3,2023,17:10,1,1,6,49,49328,2,4,2,1,1
202300053784,9,6,2023,09:05,1,1,7,973,97302,2,3,2,1,1
202300053784,9,6,2023,09:05,1,1,7,973,97302,2,3,2,1,1
202300053785,26,10,2023,04:48,5,1,6,66,66136,2,4,2,1,1
202300053786,1,1,2023,16:15,2,2,4,14,14437,1,2,3,1,2
202300053787,13,2,2023,19:35,5,1,2,45,45068,2,3,2,1,1
202300053788,29,11,2023,18:00,5,1,3,69,69029,2,7,2,1,1
202300053789,23,8,2023,09:46,1,1,3,973,97302,2,3,2,1,1
202300053790,14,7,2023,20:10,1,1,3,33,33119,2,4,3,1,1
202300053790,14,7,2023,20:10,1,1,3,33,33119,2,4,2,1,1
202300053791,26,9,2023,14:45,1,1,6,75,75111,2,4,2,1,1
202300053791,26,9,2023,14:45,1,1,6,75,75111,2,4,1,1,1
202300053792,10,6,2023,10:15,1,1,6,69,69387,2,4,1,1,1
202300053792,10,6,2023,10:15,1,1,6,69,69387,2,4,1,1,1
202300053793,27,10,2023,06:40,5,1,7,64,64024,2,3,3,1,1
202300053794,29,3,2023,08:45,1,1,3,49,49007,2,4,3,1,1
202300053794,29,3,2023,08:45,1,1,3,49,49007,2,4,2,1,1
202300053795,1,1,2023,15:30,1,1,3,13,13214,2,4,-1,1,1
202300053795,1,1,2023,15:30,1,1,3,13,13214,2,4,-1,1,1
202300053796,9,5,2023,07:00,1,1,4,987,98715,1,2,3,2,1
202300053797,13,2,2023,07:55,1,5,1,35,35238,2,4,2,1,1
202300053797,13,2,2023,07:55,1,5,1,35,35238,2,4,2,1,1
202300053798,9,6,2023,16:30,1,1,6,69,69385,2,4,2,1,1
202300053799,29,11,2023,16:50,2,1,3,69,69259,2,4,2,1,1
202300053800,28,3,2023,15:33,1,1,3,49,49007,2,4,2,1,1
202300053801,22,8,2023,19:15,5,1,3,973,97302,2,3,2,1,1
202300053801,22,8,2023,19:15,5,1,3,973,97302,2,3,2,2,1
202300053802,2,7,2023,17:27,1,1,2,27,27229,2,4,2,1,1
202300053802,2,7,2023,17:27,1,1,2,27,27229,2,4,2,1,1
202300053803,28,10,2023,00:55,5,9,3,62,62413,1,3,-1,1,2
202300053803,28,10,2023,00:55,5,9,3,62,62413,1,3,2,1,1
202300053804,26,9,2023,07:35,2,1,3,75,75111,2,4,3,1,1
202300053804,26,9,2023,07:35,2,1,3,75,75111,2,4,1,1,1
202300053805,1,1,2023,05:40,3,1,1,13,13210,2,3,1,1,1
202300053806,30,11,2023,02:55,5,1,6,68,68256,1,1,3,1,1
202300053807,12,10,2023,22:40,3,1,7,62,62528,2,3,2,1,1
202300053808,13,2,2023,08:45,1,1,6,33,33281,2,4,2,1,1
202300053808,13,2,2023,08:45,1,1,6,33,33281,2,4,2,1,1
202300053809,29,3,2023,06:10,5,1,2,44,44109,2,4,2,2,1
202300053810,14,7,2023,15:00,1,1,2,13,13071,2,3,2,2,1
202300053811,10,6,2023,11:34,1,1,5,2B,2B037,1,2,2,2,1
202300053812,26,9,2023,09:45,1,1,6,75,75108,2,4,2,1,1
202300053812,26,9,2023,09:45,1,1,6,75,75108,2,4,1,1,1
202300053813,23,8,2023,17:50,1,1,3,69,69389,2,4,2,1,1
202300053813,23,8,2023,17:50,1,1,3,69,69389,2,4,2,1,1
202300053814,1,1,2023,04:40,5,1,5,13,13201,2,4,1,2,1
202300053815,9,5,2023,02:45,3,1,6,77,77185,1,3,3,1,1
202300053815,9,5,2023,02:45,3,1,6,77,77185,1,3,2,1,1
202300053816,29,11,2023,11:25,1,1,3,66,66136,2,4,2,1,1
202300053816,29,11,2023,11:25,1,1,3,66,66136,2,4,2,1,1
202300053817,29,3,2023,18:00,1,1,3,42,42044,1,7,2,2,1
202300053818,10,6,2023,23:38,5,1,3,95,95680,2,4,2,1,1
202300053819,14,7,2023,12:25,1,1,1,13,13208,2,4,2,2,1
202300053820,13,2,2023,15:38,1,1,3,27,27375,2,4,-1,1,1
202300053821,23,10,2023,16:05,1,3,5,62,62510,2,4,2,1,2
202300053822,1,1,2023,04:10,3,1,7,13,13005,1,3,2,2,2
202300053823,22,8,2023,23:00,5,1,3,2B,2B037,2,4,2,1,1
202300053823,22,8,2023,23:00,5,1,3,2B,2B037,2,4,2,2,1
202300053824,27,10,2023,11:35,1,1,6,60,60159,2,4,1,2,1
202300053824,27,10,2023,11:35,1,1,6,60,60159,2,4,1,1,1
202300053825,14,7,2023,08:40,1,1,3,13,13206,2,4,1,1,1
202300053825,14,7,2023,08:40,1,1,3,13,13206,2,4,1,2,1
202300053826,26,9,2023,13:00,1,1,3,75,75107,2,4,2,1,1
202300053826,26,9,2023,13:00,1,1,3,75,75107,2,4,2,1,1
202300053827,8,5,2023,19:30,5,1,3,973,97311,2,3,2,1,1
202300053827,8,5,2023,19:30,5,1,3,973,97311,2,3,2,1,1
202300053828,30,11,2023,18:00,3,3,4,64,64335,1,3,2,1,2
202300053829,1,1,2023,11:35,1,1,7,13,13001,1,3,2,1,2
202300053829,1,1,2023,11:35,1,1,7,13,13001,1,3,2,1,2
202300053830,22,8,2023,10:58,1,1,6,2B,2B033,2,4,2,2,1
202300053830,22,8,2023,10:58,1,1,6,2B,2B033,2,4,1,1,1
202300053831,13,2,2023,11:15,1,1,6,13,13054,2,3,2,1,1
202300053832,7,5,2023,22:50,3,1,6,971,97115,1,2,2,2,1
202300053833,30,11,2023,08:18,5,2,7,64,64237,1,3,2,1,2
202300053834,14,7,2023,22:20,5,1,6,13,13001,2,4,2,1,1
202300053834,14,7,2023,22:20,5,1,6,13,13001,2,4,2,1,1
202300053835,30,3,2023,22:37,5,1,3,38,38185,2,4,2,1,1
202300053835,30,3,2023,22:37,5,1,3,38,38185,2,4,2,1,1
202300053835,30,3,2023,22:37,5,1,3,38,38185,2,4,2,1,1
202300053836,26,9,2023,04:50,5,1,3,75,75104,2,4,2,1,1
202300053836,26,9,2023,04:50,5,1,3,75,75104,2,4,1,1,1
202300053837,19,8,2023,08:30,1,1,6,971,97113,1,4,-1,2,1
202300053838,27,10,2023,20:25,5,8,3,59,59360,2,4,2,1,2
202300053838,27,10,2023,20:25,5,8,3,59,59360,2,4,2,1,2
202300053839,1,1,2023,00:15,3,1,7,11,11069,2,3,2,1,1
202300053840,9,5,2023,07:20,1,2,7,45,45108,1,3,2,1,2
202300053841,10,6,2023,21:35,2,1,3,83,83034,2,4,2,2,1
202300053841,10,6,2023,21:35,2,1,3,83,83034,2,4,2,1,1
202300053842,29,3,2023,15:45,1,1,6,37,37261,2,5,2,2,1
202300053843,22,8,2023,10:30,1,1,6,971,97101,1,4,2,1,1
202300053844,13,2,2023,20:15,3,1,4,06,06088,2,4,2,1,1
202300053845,14,7,2023,19:42,1,1,2,11,11069,2,3,2,1,1
202300053845,14,7,2023,19:42,1,1,2,11,11069,2,3,1,1,1
202300053846,29,11,2023,17:15,5,1,4,64,64024,2,3,2,1,2
202300053847,27,10,2023,10:25,1,1,6,58,58194,2,4,2,1,1
202300053848,1,1,2023,20:25,3,1,2,06,06069,2,3,2,1,1
202300053849,8,5,2023,19:00,1,1,7,66,66210,1,3,2,1,1
202300053850,26,9,2023,08:15,1,1,3,94,94081,2,3,1,1,1
202300053851,27,10,2023,11:59,1,1,6,57,57672,2,4,2,1,1
202300053852,29,3,2023,09:45,1,1,3,37,37261,2,4,2,1,1
202300053852,29,3,2023,09:45,1,1,3,37,37261,2,4,2,1,1
202300053853,13,2,2023,18:10,5,1,1,06,06123,2,4,2,1,1
202300053854,9,6,2023,17:15,1,2,5,81,81021,2,4,2,1,2
202300053854,9,6,2023,17:15,1,2,5,81,81021,2,4,2,1,2
202300053855,1,1,2023,11:50,1,2,7,06,06069,2,3,2,2,2
202300053856,14,7,2023,15:02,1,1,5,11,11069,1,3,2,1,1
202300053857,21,8,2023,16:15,1,1,3,971,97101,1,6,-1,1,1
202300053858,28,11,2023,10:40,1,2,6,62,62193,2,4,2,1,2
202300053858,28,11,2023,10:40,1,2,6,62,62193,2,4,1,1,2
202300053859,26,9,2023,19:15,2,1,6,94,94067,2,3,2,1,1
202300053860,5,5,2023,11:45,1,1,3,84,84026,1,3,2,1,1
202300053860,5,5,2023,11:45,1,1,3,84,84026,1,3,2,1,1
202300053861,14,7,2023,18:40,1,1,6,10,10387,2,9,-1,1,1
202300053862,23,8,2023,08:15,1,1,6,95,95019,2,3,2,1,1
202300053863,28,3,2023,08:15,1,1,3,37,37261,2,4,2,1,1
202300053864,10,6,2023,18:15,1,3,1,95,95527,2,4,2,1,2
202300053865,26,10,2023,13:00,1,8,6,56,56260,2,4,2,2,1
202300053865,26,10,2023,13:00,1,8,6,56,56260,2,4,2,2,1
202300053866,29,11,2023,22:10,3,1,6,61,61006,1,3,2,1,1
202300053867,13,2,2023,11:10,1,1,3,75,75118,2,4,1,1,1
202300053867,13,2,2023,11:10,1,1,3,75,75118,2,4,2,1,1
202300053868,1,1,2023,12:55,1,1,2,75,75120,2,4,2,1,1
202300053868,1,1,2023,12:55,1,1,2,75,75120,2,4,2,1,1
202300053869,9,5,2023,08:39,1,1,6,83,83055,2,3,2,2,1
202300053870,26,9,2023,08:25,1,1,6,94,94037,2,4,-1,1,1
202300053871,21,3,2023,15:28,1,1,6,36,36044,2,4,2,1,1
202300053872,13,7,2023,18:00,1,1,3,75,75112,2,4,1,1,1
202300053873,22,8,2023,09:50,1,1,3,95,95563,2,3,2,1,1
202300053873,22,8,2023,09:50,1,1,3,95,95563,2,3,2,1,1
202300053874,13,2,2023,17:45,1,1,6,75,75117,2,4,1,1,1
202300053875,24,10,2023,17:10,1,9,3,54,54528,2,3,2,2,1
202300053876,8,5,2023,18:34,1,1,6,57,57765,2,3,2,1,2
202300053877,30,11,2023,22:05,5,8,3,59,59244,2,4,3,1,1
202300053877,30,11,2023,22:05,5,8,3,59,59244,2,4,-1,1,1
202300053878,10,6,2023,19:09,1,1,3,77,77487,2,3,2,1,1
202300053878,10,6,2023,19:09,1,1,3,77,77487,2,3,2,1,1
202300053879,29,3,2023,08:30,1,1,7,35,35278,1,2,3,1,1
202300053880,1,1,2023,00:25,5,1,3,75,75119,2,4,3,1,1
202300053880,1,1,2023,00:25,5,1,3,75,75119,2,4,4,1,1
202300053881,14,7,2023,02:30,5,1,1,75,75106,2,4,-1,1,1
202300053882,26,9,2023,20:45,5,1,3,94,94034,2,3,2,1,1
202300053882,26,9,2023,20:45,5,1,3,94,94034,2,3,2,1,1
202300053883,12,2,2023,12:40,1,8,6,75,75116,2,4,2,1,1
202300053883,12,2,2023,12:40,1,8,6,75,75116,2,4,2,1,1
202300053884,30,11,2023,08:15,2,2,6,56,56121,2,4,2,1,2
202300053884,30,11,2023,08:15,2,2,6,56,56121,2,4,2,1,2
202300053885,10,6,2023,17:40,1,1,2,77,77296,2,4,2,1,1
202300053886,27,10,2023,18:20,5,2,4,54,54498,2,4,2,1,2
202300053887,9,5,2023,09:30,1,1,1,63,63203,1,3,2,1,1
202300053887,9,5,2023,09:30,1,1,1,63,63203,1,3,2,1,1
202300053888,1,1,2023,21:15,5,2,3,75,75118,2,4,2,1,2
202300053888,1,1,2023,21:15,5,2,3,75,75118,2,4,2,1,2
202300053889,28,3,2023,15:20,1,1,2,33,33063,1,4,2,1,1
202300053889,28,3,2023,15:20,1,1,2,33,33063,1,4,2,1,1
202300053890,14,7,2023,20:48,1,1,3,75,75114,2,4,1,1,1
202300053890,14,7,2023,20:48,1,1,3,75,75114,2,4,1,1,1
202300053891,22,8,2023,15:45,1,1,4,91,91201,2,3,2,1,1
202300053892,26,9,2023,08:35,1,1,3,94,94073,2,3,2,1,1
202300053892,26,9,2023,08:35,1,1,3,94,94073,2,3,-1,2,1
202300053893,13,2,2023,22:00,4,1,3,75,75115,2,4,1,1,1
202300053893,13,2,2023,22:00,4,1,3,75,75115,2,4,1,1,1
202300053894,14,7,2023,06:25,2,1,7,75,75115,2,4,1,1,1
202300053894,14,7,2023,06:25,2,1,7,75,75115,2,4,2,1,1
202300053895,26,9,2023,08:05,2,7,6,94,94073,2,4,2,1,1
202300053896,29,11,2023,13:54,1,1,3,56,56121,2,4,3,1,1
202300053896,29,11,2023,13:54,1,1,3,56,56121,2,4,2,1,1
202300053897,8,5,2023,09:25,1,1,3,38,38565,2,3,2,4,1
202300053898,21,8,2023,18:50,1,1,2,91,91114,2,4,3,1,1
202300053899,1,1,2023,18:45,2,1,6,75,75115,2,4,2,1,1
202300053899,1,1,2023,18:45,2,1,6,75,75115,2,4,1,1,1
202300053900,27,3,2023,21:00,5,1,3,33,33063,2,4,3,1,1
202300053900,27,3,2023,21:00,5,1,3,33,33063,2,4,2,1,1
202300053901,13,2,2023,17:30,1,1,6,75,75115,2,4,1,1,1
202300053901,13,2,2023,17:30,1,1,6,75,75115,2,4,1,1,1
202300053902,26,10,2023,14:50,1,1,1,52,52104,1,3,2,1,1
202300053903,10,6,2023,07:15,1,1,7,77,77186,1,3,3,1,1
202300053904,25,9,2023,17:50,1,1,2,94,94017,2,4,1,2,1
202300053905,14,7,2023,03:15,5,1,3,75,75115,2,4,1,1,1
202300053905,14,7,2023,03:15,5,1,3,75,75115,2,4,1,1,1
202300053906,21,8,2023,15:00,1,1,3,91,91657,2,4,2,1,1
202300053907,1,1,2023,01:55,5,1,6,75,75112,2,4,2,1,1
202300053907,1,1,2023,01:55,5,1,6,75,75112,2,4,2,1,1
202300053908,27,10,2023,16:15,1,1,6,51,51454,2,4,1,1,1
202300053909,29,3,2023,20:25,2,1,3,31,31555,2,4,1,1,1
202300053910,30,11,2023,08:35,1,4,1,54,54263,2,3,2,1,7
202300053911,26,9,2023,17:30,1,1,6,93,93066,2,3,2,1,1
202300053912,9,6,2023,16:05,1,1,3,77,77186,1,3,4,1,1
202300053912,9,6,2023,16:05,1,1,3,77,77186,1,3,4,1,1
202300053913,9,5,2023,19:00,1,2,1,69,69094,2,3,2,2,2
202300053914,13,2,2023,10:15,1,1,6,75,75115,2,4,-1,1,1
202300053914,13,2,2023,10:15,1,1,6,75,75115,2,4,3,1,1
202300053915,27,10,2023,13:55,1,1,6,50,50218,2,4,2,1,1
202300053916,14,7,2023,01:45,5,1,3,75,75115,2,4,1,1,1
202300053916,14,7,2023,01:45,5,1,3,75,75115,2,4,1,1,1
202300053917,28,3,2023,18:00,1,2,3,29,29019,2,4,2,2,2
202300053918,8,5,2023,17:15,1,1,6,46,46100,1,3,2,1,1
202300053919,30,11,2023,12:40,1,1,2,51,51454,2,4,2,1,1
202300053920,1,1,2023,19:00,5,2,6,75,75111,2,4,2,1,2
202300053920,1,1,2023,19:00,5,2,6,75,75111,2,4,1,1,2
202300053921,9,6,2023,19:00,1,1,6,72,72181,2,4,2,1,1
202300053922,26,9,2023,15:00,1,1,6,93,93055,2,3,2,1,1
202300053923,23,8,2023,11:30,1,1,3,91,91027,2,2,3,1,1
202300053923,23,8,2023,11:30,1,1,3,91,91027,2,2,3,1,1
202300053924,30,3,2023,01:10,5,1,6,27,27229,2,4,2,2,1
202300053925,26,10,2023,18:30,2,2,1,49,49007,2,4,2,1,2
202300053925,26,10,2023,18:30,2,2,1,49,49007,2,4,2,1,2
202300053926,13,2,2023,21:30,5,1,3,75,75111,2,4,2,1,1
202300053926,13,2,2023,21:30,5,1,3,75,75111,2,4,2,1,1
202300053927,14,7,2023,20:40,1,1,3,75,75114,2,4,-1,1,1
202300053927,14,7,2023,20:40,1,1,3,75,75114,2,4,1,1,1
202300053928,7,5,2023,07:45,2,8,6,09,09082,1,3,2,2,1
202300053929,26,9,2023,14:45,1,1,6,93,93050,2,3,2,1,1
202300053930,28,11,2023,07:50,2,1,6,50,50129,2,4,2,1,1
202300053931,9,6,2023,11:55,1,1,2,72,72181,2,4,2,1,1
202300053932,1,1,2023,23:04,5,2,7,75,75107,2,4,1,1,2
202300053932,1,1,2023,23:04,5,2,7,75,75107,2,4,1,1,2
202300053933,20,8,2023,03:09,3,1,6,86,86158,2,3,3,1,1
202300053934,20,1,2023,12:08,1,1,7,19,19272,2,3,2,1,7
202300053935,27,10,2023,09:20,1,1,3,45,45234,2,4,1,1,1
202300053936,13,2,2023,15:54,1,1,6,75,75111,2,4,2,1,1
202300053936,13,2,2023,15:54,1,1,6,75,75111,2,4,1,1,1
202300053937,26,9,2023,07:00,2,1,6,93,93048,2,4,2,1,1
202300053938,14,7,2023,16:50,1,1,2,75,75110,2,4,2,1,1
202300053938,14,7,2023,16:50,1,1,2,75,75110,2,4,1,1,1
202300053939,10,6,2023,10:10,1,1,6,71,71306,2,6,-1,1,1
202300053940,28,11,2023,19:00,3,2,3,50,50129,1,4,2,2,2
202300053940,28,11,2023,19:00,3,2,3,50,50129,1,4,2,4,2
202300053941,1,1,2023,10:45,1,8,3,94,94076,2,3,2,1,1
202300053941,1,1,2023,10:45,1,8,3,94,94076,2,3,1,1,1
202300053942,8,5,2023,17:20,1,1,3,31,31187,1,4,4,1,1
202300053943,29,3,2023,16:15,1,1,2,17,17415,2,4,2,2,1
202300053944,27,10,2023,05:19,5,2,6,45,45298,2,4,2,1,2
202300053945,20,8,2023,16:15,1,1,1,83,83069,2,3,2,2,1
202300053946,25,9,2023,17:20,1,1,6,93,93048,2,4,2,1,1
202300053947,13,2,2023,10:35,1,1,7,75,75110,2,4,1,1,1
202300053947,13,2,2023,10:35,1,1,7,75,75110,2,4,1,1,1
202300053948,14,7,2023,12:40,1,1,3,75,75103,2,4,2,1,1
202300053948,14,7,2023,12:40,1,1,3,75,75103,2,4,1,2,1
202300053949,30,11,2023,01:39,5,1,1,49,49353,2,4,2,1,1
202300053950,1,1,2023,18:30,5,8,6,93,93008,2,3,-1,1,2
202300053950,1,1,2023,18:30,5,8,6,93,93008,2,3,2,1,2
202300053951,10,6,2023,18:20,1,1,3,69,69286,2,4,2,1,1
202300053951,10,6,2023,18:20,1,1,3,69,69286,2,4,2,1,1