id_accident,jour,mois,annee,heure_minute,luminosite,meteo,type_collision,departement,commune,agglomeration,categorie_route,regime_circulation,profil_route,etat_surface
202300053952,27,10,2023,21:30,3,2,6,45,45004,1,3,2,1,2
202300053953,23,8,2023,21:50,5,1,6,81,81004,2,4,2,1,1
202300053954,8,5,2023,21:30,2,1,3,86,86036,1,3,2,1,1
202300053955,26,9,2023,18:20,1,1,6,93,93008,2,4,2,1,1
202300053956,29,3,2023,15:20,1,1,3,13,13204,2,4,2,2,1
202300053957,13,2,2023,06:50,5,1,7,75,75110,2,4,2,1,1
202300053957,13,2,2023,06:50,5,1,7,75,75110,2,4,-1,1,1
202300053958,1,1,2023,13:50,1,2,6,92,92020,2,4,1,1,2
202300053959,29,11,2023,17:18,5,1,3,49,49007,2,4,2,1,1
202300053960,14,7,2023,15:06,1,1,5,94,94022,2,4,-1,1,1
202300053961,8,5,2023,03:10,3,1,6,33,33554,1,3,2,2,1
202300053962,9,6,2023,21:00,2,2,3,69,69092,2,4,2,1,2
202300053962,9,6,2023,21:00,2,2,3,69,69092,2,4,2,4,2
202300053963,18,8,2023,16:37,1,1,1,80,80021,2,4,2,1,1
202300053964,26,9,2023,20:30,5,1,6,93,93007,2,4,1,1,1
202300053965,29,3,2023,14:30,1,1,6,13,13212,2,4,2,1,1
202300053966,27,10,2023,12:40,1,1,3,45,45338,2,4,-1,1,1
202300053966,27,10,2023,12:40,1,1,3,45,45338,2,4,-1,1,9
202300053967,13,2,2023,14:30,1,1,6,75,75108,2,4,2,1,1
202300053967,13,2,2023,14:30,1,1,6,75,75108,2,4,2,4,1
202300053968,1,1,2023,04:15,5,1,3,92,92024,2,3,2,1,1
202300053968,1,1,2023,04:15,5,1,3,92,92024,2,3,2,1,1
202300053969,9,5,2023,12:00,1,3,6,62,62443,2,3,-1,1,2
202300053970,13,7,2023,23:25,5,1,2,94,94079,2,4,1,2,1
202300053971,30,11,2023,17:20,5,2,4,45,45234,1,3,3,1,2
202300053972,27,10,2023,16:45,1,1,6,44,44184,2,4,1,1,1
202300053973,4,5,2023,05:30,2,1,6,62,62865,1,3,2,2,1
202300053974,22,8,2023,11:10,1,1,3,77,77169,2,4,2,1,1
202300053974,22,8,2023,11:10,1,1,3,77,77169,2,4,-1,1,1
202300053975,1,6,2023,19:22,1,1,3,68,68149,2,3,2,1,1
202300053975,1,6,2023,19:22,1,1,3,68,68149,2,3,2,1,1
202300053976,14,7,2023,19:30,1,1,6,94,94002,2,4,1,1,1
202300053977,4,5,2023,06:00,5,1,3,92,92078,2,3,2,1,1
202300053977,4,5,2023,06:00,5,1,3,92,92078,2,3,2,1,1
202300053978,13,2,2023,11:10,1,1,2,75,75108,2,4,2,1,1
202300053978,13,2,2023,11:10,1,1,2,75,75108,2,4,1,1,1
202300053979,30,11,2023,16:00,1,1,7,45,45274,1,3,2,1,1
202300053979,30,11,2023,16:00,1,1,7,45,45274,1,3,2,1,1
202300053980,29,3,2023,22:30,5,1,2,13,13063,2,4,-1,1,1
202300053981,27,10,2023,08:25,1,1,6,42,42095,2,4,1,2,1
202300053982,8,5,2023,03:55,5,1,2,33,33063,1,1,3,2,1
202300053983,2,1,2023,18:28,3,2,3,67,67103,1,3,2,1,2
202300053983,2,1,2023,18:28,3,2,3,67,67103,1,3,2,1,2
202300053984,30,11,2023,18:40,5,2,6,44,44109,2,4,2,1,2
202300053985,26,9,2023,15:00,1,1,6,92,92050,2,4,1,1,1
202300053986,22,8,2023,08:32,1,1,4,77,77114,1,3,-1,1,1
202300053987,13,2,2023,10:55,1,1,6,75,75108,2,4,1,1,1
202300053987,13,2,2023,10:55,1,1,6,75,75108,2,4,1,1,1
202300053988,10,6,2023,15:30,1,1,3,67,67482,2,4,3,1,1
202300053988,10,6,2023,15:30,1,1,3,67,67482,2,4,3,1,1
202300053989,14,7,2023,14:30,1,1,3,93,93027,2,3,2,2,1
202300053989,14,7,2023,14:30,1,1,3,93,93027,2,3,4,1,1
202300053990,30,3,2023,00:45,3,1,3,11,11069,2,3,2,1,1
202300053991,15,11,2023,14:20,1,1,6,42,42223,2,4,1,1,1
202300053992,8,5,2023,16:50,1,1,3,91,91228,1,1,3,1,1
202300053993,26,9,2023,13:30,1,1,3,92,92007,2,3,2,1,1
202300053994,22,8,2023,08:45,1,1,2,77,77243,2,4,1,1,1
202300053994,22,8,2023,08:45,1,1,2,77,77243,2,4,1,1,1
202300053995,1,1,2023,18:45,2,1,7,973,97353,2,4,2,1,1
202300053995,1,1,2023,18:45,2,1,7,973,97353,2,4,2,1,1
202300053996,14,7,2023,07:30,1,1,2,93,93057,2,3,3,1,1
202300053996,14,7,2023,07:30,1,1,2,93,93057,2,3,1,1,1
202300053997,22,11,2023,22:35,5,1,6,39,39362,2,3,2,2,1
202300053998,26,10,2023,19:30,5,3,1,41,41269,2,4,2,1,2
202300053998,26,10,2023,19:30,5,3,1,41,41269,2,4,2,1,2
202300053999,29,3,2023,23:30,5,1,3,06,06088,2,4,-1,1,1
202300054000,9,6,2023,16:15,1,1,3,67,67462,2,4,1,1,1
202300054000,9,6,2023,16:15,1,1,3,67,67462,2,4,2,1,1
202300054001,11,2,2023,12:49,1,1,3,75,75107,2,4,2,1,1
202300054001,11,2,2023,12:49,1,1,3,75,75107,2,4,2,1,1
202300054002,1,1,2023,15:10,1,1,7,18,18032,1,3,2,1,1
202300054003,27,10,2023,23:05,3,1,6,38,38185,1,1,3,1,1
202300054004,7,5,2023,02:46,3,3,4,91,91161,1,1,-1,4,4
202300054005,26,9,2023,20:40,5,1,6,92,92026,2,3,2,1,1
202300054005,26,9,2023,20:40,5,1,6,92,92026,2,3,1,1,1
202300054006,14,7,2023,20:50,1,1,3,93,93007,2,4,2,1,1
202300054006,14,7,2023,20:50,1,1,3,93,93007,2,4,1,1,1
202300054007,29,3,2023,18:10,1,1,3,06,06029,2,3,2,1,1
202300054007,29,3,2023,18:10,1,1,3,06,06029,2,3,1,1,1
202300054008,23,8,2023,14:25,1,1,4,76,76165,2,4,2,1,1
202300054008,23,8,2023,14:25,1,1,4,76,76165,2,4,2,1,1
202300054009,1,1,2023,03:45,3,1,6,972,97232,2,9,2,1,9
202300054010,29,11,2023,17:25,5,1,6,38,38563,2,4,1,1,1
202300054010,29,11,2023,17:25,5,1,6,38,38563,2,4,1,1,1
202300054010,29,11,2023,17:25,5,1,6,38,38563,2,4,3,2,1
202300054010,29,11,2023,17:25,5,1,6,38,38563,2,4,3,2,1
202300054011,13,2,2023,15:30,1,1,3,75,75102,2,4,1,1,1
202300054011,13,2,2023,15:30,1,1,3,75,75102,2,4,2,1,1
202300054012,9,6,2023,17:32,1,1,1,67,67180,1,4,2,1,1
202300054013,13,7,2023,23:55,5,1,6,92,92077,2,4,1,1,1
202300054014,6,5,2023,23:56,3,3,2,91,91477,1,1,1,1,2
202300054015,26,9,2023,08:30,1,1,2,92,92026,2,3,2,1,1
202300054016,27,10,2023,18:20,2,2,2,38,38185,2,4,2,1,2
202300054017,30,11,2023,12:10,1,8,7,37,37261,2,4,1,3,2
202300054018,22,8,2023,11:15,1,1,2,76,76540,2,2,3,1,1
202300054019,1,1,2023,22:35,3,1,6,77,77182,2,3,2,1,2
202300054019,1,1,2023,22:35,3,1,6,77,77182,2,3,1,1,2
202300054020,12,2,2023,07:35,1,8,3,75,75103,2,4,2,1,1
202300054020,12,2,2023,07:35,1,8,3,75,75103,2,4,1,1,1
202300054021,14,7,2023,18:53,1,1,3,92,92062,2,3,2,2,1
202300054022,9,6,2023,18:15,1,1,3,64,64125,2,3,2,1,1
202300054023,7,5,2023,21:40,3,8,6,92,92025,1,1,1,2,2
202300054024,27,10,2023,09:17,1,8,6,37,37122,1,7,3,1,2
202300054025,29,3,2023,19:35,1,1,3,75,75118,2,4,1,1,1
202300054026,20,8,2023,13:10,1,1,1,76,76131,1,7,-1,2,1
202300054027,25,9,2023,11:55,1,1,3,92,92024,2,3,2,1,1
202300054027,25,9,2023,11:55,1,1,3,92,92024,2,3,1,1,1
202300054028,27,10,2023,09:25,1,2,6,35,35051,1,3,3,1,2
202300054029,14,7,2023,10:10,1,1,3,92,92025,2,3,2,1,1
202300054030,1,1,2023,19:45,3,2,6,14,14649,1,1,3,1,2
202300054031,10,6,2023,21:20,1,1,3,64,64024,2,4,2,1,1
202300054031,10,6,2023,21:20,1,1,3,64,64024,2,4,2,1,1
202300054032,13,2,2023,18:30,2,1,3,94,94081,2,3,2,1,1
202300054032,13,2,2023,18:30,2,1,3,94,94081,2,3,2,1,1
202300054033,8,5,2023,02:35,3,2,4,94,94081,1,1,1,1,2
202300054034,30,11,2023,08:05,1,1,4,37,37214,2,3,2,1,1
202300054035,29,3,2023,16:45,1,1,2,75,75112,2,4,1,1,1
202300054036,14,7,2023,03:28,5,1,6,92,92012,2,3,1,1,1
202300054037,26,9,2023,19:35,2,1,3,92,92023,2,3,2,2,1
202300054037,26,9,2023,19:35,2,1,3,92,92023,2,3,2,2,1
202300054038,28,10,2023,01:00,5,1,3,34,34172,2,4,2,1,1
202300054039,21,8,2023,17:40,1,1,5,76,76351,2,3,2,1,1
202300054039,21,8,2023,17:40,1,1,5,76,76351,2,3,2,2,1
202300054040,6,5,2023,00:00,3,1,6,94,94046,1,1,1,1,1
202300054041,30,11,2023,09:55,1,2,6,34,34172,2,4,2,1,2
202300054042,21,8,2023,03:15,5,1,7,76,76351,2,4,2,2,1
202300054043,27,10,2023,12:05,1,1,6,34,34172,2,4,1,1,1
202300054044,10,6,2023,15:20,1,1,5,59,59512,2,7,2,1,1
202300054045,1,1,2023,19:40,3,2,7,80,80476,1,3,2,3,2
202300054046,14,7,2023,17:45,1,1,3,92,92002,2,4,2,1,1
202300054046,14,7,2023,17:45,1,1,3,92,92002,2,4,2,1,1
202300054047,29,3,2023,14:45,1,1,2,75,75112,2,4,1,1,1
202300054048,25,9,2023,18:15,1,1,3,92,92012,2,4,-1,1,1
202300054048,25,9,2023,18:15,1,1,3,92,92012,2,4,2,1,1
202300054049,28,2,2023,21:50,5,1,6,74,74012,2,4,1,1,1
202300054050,11,2,2023,23:35,5,1,2,94,94068,2,4,2,1,1
202300054051,15,7,2023,03:00,3,1,6,60,60351,1,3,2,1,1
202300054052,6,6,2023,08:20,1,1,6,59,59350,2,7,-1,1,1
202300054053,18,8,2023,14:35,1,1,3,76,76351,2,4,2,1,1
202300054053,18,8,2023,14:35,1,1,3,76,76351,2,4,2,1,1
202300054054,26,9,2023,20:30,3,1,6,71,71583,1,1,3,1,1
202300054055,30,11,2023,07:45,2,2,6,33,33249,2,4,2,1,2
202300054055,30,11,2023,07:45,2,2,6,33,33249,2,4,2,1,2
202300054056,28,3,2023,13:40,1,1,3,75,75118,2,4,1,1,1
202300054057,18,2,2023,14:28,1,1,6,74,74010,2,4,2,1,1
202300054058,2,1,2023,11:35,1,1,1,82,82117,1,3,2,2,2
202300054059,15,7,2023,05:00,2,1,7,60,60036,1,2,2,1,1
202300054060,27,10,2023,09:00,2,2,3,33,33063,2,4,1,2,2
202300054060,27,10,2023,09:00,2,2,3,33,33063,2,4,1,1,2
202300054061,13,2,2023,07:45,1,1,6,94,94058,2,4,2,1,1
202300054062,9,6,2023,10:00,1,1,7,59,59273,2,3,2,1,8
202300054063,29,5,2023,02:35,3,1,6,973,97308,1,2,2,1,1
202300054064,28,3,2023,23:20,5,2,7,75,75113,2,4,1,1,2
202300054065,9,2,2023,07:55,1,1,6,74,74010,2,4,1,1,1
202300054066,1,1,2023,06:00,3,1,7,11,11104,1,3,2,3,1
202300054067,27,10,2023,17:40,1,1,6,31,31557,2,4,2,1,1
202300054068,23,8,2023,05:40,5,1,3,76,76114,2,3,2,2,1
202300054068,23,8,2023,05:40,5,1,3,76,76114,2,3,2,2,1
202300054069,12,7,2023,10:00,1,1,5,24,24236,1,3,2,1,1
202300054070,30,11,2023,08:00,3,3,3,33,33192,2,4,2,1,2
202300054070,30,11,2023,08:00,3,3,3,33,33192,2,4,2,1,2
202300054071,13,2,2023,09:00,1,1,2,94,94017,2,3,2,1,1
202300054072,23,9,2023,06:00,3,1,7,50,50407,1,1,3,1,1
202300054073,2,1,2023,00:30,3,2,7,22,22107,1,3,2,1,2
202300054074,27,3,2023,18:37,1,1,2,75,75120,2,4,1,1,1
202300054075,24,10,2023,15:00,1,1,6,31,31555,2,4,1,1,1
202300054076,12,2,2023,11:20,1,1,6,63,63430,2,3,2,1,1
202300054077,14,7,2023,19:50,1,1,6,81,81132,2,3,2,1,1
202300054078,9,6,2023,12:55,1,1,6,54,54253,1,3,2,1,1
202300054078,9,6,2023,12:55,1,1,6,54,54253,1,3,4,2,1
202300054079,26,9,2023,18:15,1,1,6,57,57383,1,3,2,1,1
202300054080,1,1,2023,12:20,1,2,6,44,44048,2,3,2,1,2
202300054081,30,11,2023,16:50,2,2,3,32,32013,2,2,-1,1,2
202300054081,30,11,2023,16:50,2,2,3,32,32013,2,2,-1,1,2
202300054082,13,2,2023,14:11,1,1,3,94,94071,2,3,2,1,1
202300054082,13,2,2023,14:11,1,1,3,94,94071,2,3,2,1,1
202300054083,26,10,2023,09:00,1,8,6,30,30007,2,4,3,1,1
202300054084,29,3,2023,15:50,1,1,3,75,75115,2,4,2,2,1
202300054084,29,3,2023,15:50,1,1,3,75,75115,2,4,2,1,1
202300054085,10,6,2023,21:20,1,1,6,49,49099,2,4,2,2,1
202300054085,10,6,2023,21:20,1,1,6,49,49099,2,4,2,1,1
202300054086,15,7,2023,18:15,1,1,3,11,11203,1,3,2,1,1
202300054086,15,7,2023,18:15,1,1,3,11,11203,1,3,2,1,1
202300054087,22,8,2023,21:05,5,1,2,73,73008,2,3,1,1,1
202300054088,27,9,2023,11:00,1,1,2,95,95566,2,3,2,1,1
202300054089,13,2,2023,10:45,1,1,6,94,94048,2,4,2,1,1
202300054090,30,11,2023,11:00,1,8,7,31,31555,2,1,1,2,2
202300054091,15,7,2023,13:30,1,2,6,23,23001,1,3,2,2,2
202300054092,2,1,2023,09:15,1,8,1,01,01225,1,3,2,1,1
202300054093,7,5,2023,00:40,5,1,5,13,13208,2,4,2,1,1
202300054094,23,9,2023,03:50,3,1,7,67,67508,1,3,2,1,1
202300054095,26,10,2023,09:12,1,2,3,27,27229,2,4,2,1,2
202300054095,26,10,2023,09:12,1,2,3,27,27229,2,4,2,1,2
202300054096,29,3,2023,19:00,1,1,3,75,75118,2,4,1,1,1
202300054096,29,3,2023,19:00,1,1,3,75,75118,2,4,2,1,1
202300054097,23,8,2023,15:30,1,1,3,69,69266,2,4,2,1,1
202300054097,23,8,2023,15:30,1,1,3,69,69266,2,4,1,1,1
202300054098,27,9,2023,02:21,3,1,7,71,71224,1,3,2,1,1
202300054099,11,6,2023,00:48,5,1,3,49,49007,2,4,3,1,1
202300054099,11,6,2023,00:48,5,1,3,49,49007,2,4,2,1,1
202300054100,30,11,2023,09:12,2,2,6,22,22113,1,6,-1,1,2
202300054101,15,7,2023,13:30,1,1,1,83,83048,1,4,2,1,1
202300054102,1,1,2023,12:00,1,1,6,83,83005,1,3,2,2,2
202300054103,13,2,2023,06:50,5,2,3,94,94004,2,2,2,2,2
202300054103,13,2,2023,06:50,5,2,3,94,94004,2,2,2,2,2
202300054104,27,3,2023,13:30,1,1,6,75,75116,2,4,1,1,1
202300054105,7,5,2023,19:30,5,1,6,974,97416,2,4,-1,1,1
202300054106,19,10,2023,09:42,1,1,3,18,18033,2,4,2,1,1
202300054106,19,10,2023,09:42,1,1,3,18,18033,2,4,2,1,1
202300054107,27,9,2023,14:55,1,1,7,25,25524,1,9,-1,1,1
202300054108,29,11,2023,20:50,5,3,6,15,15014,2,2,2,1,2
202300054109,14,7,2023,22:30,3,1,6,971,97109,1,2,2,1,1
202300054110,2,1,2023,04:30,3,3,6,36,36224,1,3,2,1,2
202300054111,10,6,2023,03:28,3,1,6,45,45147,2,4,1,1,1
202300054112,20,8,2023,16:00,1,1,5,69,69266,2,4,2,1,1
202300054112,20,8,2023,16:00,1,1,5,69,69266,2,4,2,1,1
202300054113,13,7,2023,20:45,1,1,7,84,84099,1,3,2,1,1
202300054114,13,2,2023,08:05,1,1,2,94,94002,2,3,2,1,1
202300054114,13,2,2023,08:05,1,1,2,94,94002,2,3,2,1,1
202300054115,26,9,2023,17:09,1,1,6,35,35096,2,3,2,1,1
202300054116,29,3,2023,09:00,1,1,6,75,75115,2,4,3,1,1
202300054116,29,3,2023,09:00,1,1,6,75,75115,2,4,-1,1,1
202300054117,7,5,2023,03:40,3,1,6,974,97411,1,2,2,1,1
202300054118,27,10,2023,07:32,5,2,3,15,15014,2,2,2,1,2
202300054118,27,10,2023,07:32,5,2,3,15,15014,2,2,2,1,2
202300054119,1,1,2023,03:40,3,2,6,27,27204,2,3,2,1,2
202300054119,1,1,2023,03:40,3,2,6,27,27204,2,3,2,1,2
202300054120,30,11,2023,17:31,5,1,3,14,14137,2,3,-1,1,1
202300054120,30,11,2023,17:31,5,1,3,14,14137,2,3,2,1,1
202300054121,11,6,2023,00:15,5,1,3,44,44132,2,4,2,1,1
202300054121,11,6,2023,00:15,5,1,3,44,44132,2,4,1,1,1
202300054122,26,9,2023,09:15,1,1,1,38,38416,2,4,2,1,1
202300054122,26,9,2023,09:15,1,1,1,38,38416,2,4,2,1,1
202300054123,1,1,2023,09:30,1,1,7,88,88361,1,3,2,2,2
202300054124,29,3,2023,09:00,1,1,6,75,75114,2,4,2,1,1
202300054124,29,3,2023,09:00,1,1,6,75,75114,2,4,-1,1,1
202300054125,6,5,2023,11:50,1,1,3,974,97411,2,2,4,1,1
202300054126,13,2,2023,10:00,1,1,3,93,93078,2,4,2,1,1
202300054126,13,2,2023,10:00,1,1,3,93,93078,2,4,1,1,1
202300054127,25,10,2023,14:25,1,3,6,15,15012,1,3,2,1,2
202300054128,14,7,2023,17:00,1,1,2,14,14101,1,1,1,1,1
202300054128,14,7,2023,17:00,1,1,2,14,14101,1,1,3,1,1
202300054129,22,8,2023,20:15,1,1,3,69,69029,2,7,2,1,1
202300054129,22,8,2023,20:15,1,1,3,69,69029,2,7,1,1,1
202300054130,30,11,2023,14:20,1,1,3,14,14137,1,3,-1,1,1
202300054130,30,11,2023,14:20,1,1,3,14,14137,1,3,-1,1,1
202300054131,10,6,2023,10:50,1,1,3,41,41295,2,4,1,1,1
202300054131,10,6,2023,10:50,1,1,3,41,41295,2,4,1,1,1
202300054132,25,9,2023,17:10,1,1,3,70,70433,2,3,2,3,1
202300054132,25,9,2023,17:10,1,1,3,70,70433,2,3,2,2,1
202300054133,15,7,2023,05:00,3,1,6,12,12270,1,1,3,2,1
202300054134,1,1,2023,18:35,3,1,6,88,88122,1,3,2,1,1
202300054135,27,10,2023,13:00,1,1,1,13,13054,2,4,3,1,1
202300054136,7,5,2023,01:00,5,1,3,973,97302,2,3,2,1,1
202300054137,28,3,2023,19:20,1,1,3,75,75114,2,4,2,1,1
202300054137,28,3,2023,19:20,1,1,3,75,75114,2,4,1,1,1
202300054138,10,2,2023,00:20,5,1,6,93,93070,2,3,2,2,1
202300054138,10,2,2023,00:20,5,1,6,93,93070,2,3,1,1,1
202300054139,26,9,2023,13:10,1,1,6,58,58025,2,3,2,4,1
202300054140,14,7,2023,22:55,3,2,6,50,50393,1,3,2,1,2
202300054141,11,6,2023,00:15,5,1,1,38,38185,2,7,1,1,1
202300054142,1,1,2023,23:45,5,1,6,987,98734,1,2,2,1,1
202300054143,22,8,2023,15:00,1,1,3,69,69259,2,4,2,2,1
202300054143,22,8,2023,15:00,1,1,3,69,69259,2,4,2,1,1
202300054144,27,9,2023,09:15,1,1,6,14,14261,1,3,2,1,1
202300054145,26,10,2023,22:40,5,1,7,13,13207,2,4,3,1,1
202300054146,7,5,2023,18:00,2,1,2,972,97209,2,2,2,4,1
202300054147,29,3,2023,12:15,1,1,3,75,75113,2,4,2,1,1
202300054147,29,3,2023,12:15,1,1,3,75,75113,2,4,1,1,1
202300054148,13,2,2023,17:30,1,1,3,93,93059,2,3,1,1,1
202300054148,13,2,2023,17:30,1,1,3,93,93059,2,3,2,1,1
202300054149,14,7,2023,17:50,1,3,1,50,50095,1,3,2,1,2
202300054149,14,7,2023,17:50,1,3,1,50,50095,1,3,2,2,2
202300054150,1,1,2023,19:00,5,1,2,31,31395,2,1,1,1,1
202300054151,30,11,2023,07:50,2,1,4,14,14118,2,2,3,1,1
202300054152,10,6,2023,19:05,1,1,3,38,38179,2,4,2,1,1
202300054152,10,6,2023,19:05,1,1,3,38,38179,2,4,2,1,1
202300054153,22,8,2023,10:15,1,1,1,67,67482,2,4,2,1,1
202300054153,22,8,2023,10:15,1,1,1,67,67482,2,4,2,1,1
202300054154,25,9,2023,14:00,1,1,3,36,36180,2,3,2,1,1
202300054154,25,9,2023,14:00,1,1,3,36,36180,2,3,2,1,1
202300054155,7,5,2023,12:55,1,2,6,69,69149,2,7,2,2,2
202300054155,7,5,2023,12:55,1,2,6,69,69149,2,7,1,1,2
202300054156,14,7,2023,16:30,1,1,6,23,23015,2,3,2,2,1
202300054157,13,2,2023,11:30,1,7,6,93,93064,2,4,2,1,1
202300054157,13,2,2023,11:30,1,7,6,93,93064,2,4,1,1,1
202300054158,10,6,2023,12:15,1,1,6,37,37122,2,4,2,2,2
202300054159,29,3,2023,16:45,1,1,6,75,75112,2,4,1,1,1
202300054159,29,3,2023,16:45,1,1,6,75,75112,2,4,2,2,1
202300054160,27,10,2023,16:40,1,8,1,10,10325,2,3,2,1,1
202300054160,27,10,2023,16:40,1,8,1,10,10325,2,3,2,1,1
202300054161,2,1,2023,12:25,1,1,2,06,06088,1,1,3,1,1
202300054162,21,8,2023,20:40,2,1,3,67,67482,2,4,2,1,1
202300054162,21,8,2023,20:40,2,1,3,67,67482,2,4,2,1,1
202300054163,10,7,2023,14:01,1,1,2,34,34270,1,7,2,2,1
202300054163,10,7,2023,14:01,1,1,2,34,34270,1,7,2,1,1
202300054164,25,11,2023,15:35,1,1,6,14,14118,2,4,1,1,1
202300054165,16,8,2023,15:20,1,1,3,21,21663,2,3,2,1,1
202300054166,7,5,2023,07:30,1,1,3,69,69382,2,4,2,1,1
202300054166,7,5,2023,07:30,1,1,3,69,69382,2,4,2,1,1
202300054167,13,2,2023,18:00,2,7,6,93,93051,2,4,1,1,1
202300054168,10,6,2023,09:15,1,1,3,34,34301,2,4,1,1,1
202300054169,27,10,2023,13:25,1,1,6,10,10387,2,4,1,1,1
202300054170,21,8,2023,17:00,1,1,6,65,65440,2,3,-1,1,1
202300054171,29,3,2023,00:00,5,2,3,75,75110,2,4,2,1,2
202300054171,29,3,2023,00:00,5,2,3,75,75110,2,4,1,1,2
202300054172,7,5,2023,05:45,1,1,6,971,97113,1,2,2,1,1
202300054173,13,7,2023,18:20,1,1,2,37,37160,1,1,3,1,1
202300054174,1,1,2023,20:15,3,9,6,02,02280,1,1,3,2,2
202300054175,30,11,2023,22:30,4,1,3,13,13117,2,4,2,2,1
202300054175,30,11,2023,22:30,4,1,3,13,13117,2,4,2,1,1
202300054176,26,9,2023,17:02,1,1,1,21,21150,1,3,2,1,1
202300054176,26,9,2023,17:02,1,1,1,21,21150,1,3,2,1,1
202300054177,9,2,2023,13:20,1,1,3,92,92075,2,4,1,1,1
202300054177,9,2,2023,13:20,1,1,3,92,92075,2,4,1,1,1
202300054178,26,10,2023,07:45,5,2,2,10,10387,2,4,-1,1,2
202300054179,22,8,2023,13:10,1,1,2,64,64260,2,3,2,1,1
202300054179,22,8,2023,13:10,1,1,2,64,64260,2,3,-1,1,1
202300054180,29,3,2023,09:00,1,1,1,94,94046,2,3,2,1,1
202300054180,29,3,2023,09:00,1,1,1,94,94046,2,3,2,1,1
202300054181,15,7,2023,14:35,1,1,1,95,95352,1,3,2,1,1
202300054182,2,1,2023,16:45,1,1,1,976,97617,1,3,2,1,1
202300054183,27,10,2023,09:00,1,9,6,09,09121,2,3,2,2,1
202300054184,23,9,2023,19:00,1,1,6,24,24153,1,4,2,1,1
202300054184,23,9,2023,19:00,1,1,6,24,24153,1,4,2,1,1
202300054185,13,2,2023,09:00,1,1,2,92,92072,2,3,1,1,1
202300054186,30,11,2023,18:26,5,1,5,13,13019,2,3,1,1,1
202300054187,29,3,2023,18:00,1,1,6,94,94002,2,4,1,1,1
202300054188,14,7,2023,10:00,1,1,2,56,56240,2,4,2,1,1
202300054189,6,5,2023,12:25,1,1,3,91,91103,2,3,1,1,1
202300054190,21,8,2023,22:30,4,1,3,64,64024,2,4,2,1,1
202300054190,21,8,2023,22:30,4,1,3,64,64024,2,4,2,1,1
202300054191,27,9,2023,13:50,1,1,2,87,87187,1,3,2,2,1
202300054192,10,6,2023,20:50,1,1,5,34,34129,1,7,2,2,1
202300054192,10,6,2023,20:50,1,1,5,34,34129,1,7,2,3,1
202300054193,13,2,2023,07:35,1,1,3,92,92049,2,3,2,1,1
202300054193,13,2,2023,07:35,1,1,3,92,92049,2,3,2,1,1
202300054194,27,10,2023,21:00,5,1,3,06,06123,2,7,2,1,1
202300054194,27,10,2023,21:00,5,1,3,06,06123,2,7,2,1,1
202300054195,30,11,2023,14:15,1,1,3,13,13207,2,4,1,1,1
202300054196,1,1,2023,22:15,5,1,6,988,98804,2,4,2,1,1
202300054196,1,1,2023,22:15,5,1,6,988,98804,2,4,2,-1,1
202300054197,28,3,2023,19:15,1,1,1,94,94002,2,3,2,1,1
202300054197,28,3,2023,19:15,1,1,1,94,94002,2,3,1,1,1
202300054198,15,7,2023,19:15,1,1,1,2A,2A362,2,3,2,1,1
202300054198,15,7,2023,19:15,1,1,1,2A,2A362,2,3,-1,-1,-1
202300054199,21,8,2023,15:10,1,1,1,64,64102,2,4,2,2,1
202300054200,27,9,2023,17:50,1,1,2,13,13069,1,3,2,1,1
202300054201,7,5,2023,20:30,1,1,2,83,83137,2,4,1,1,1
202300054202,10,6,2023,23:10,5,1,4,33,33063,2,4,2,1,1
202300054203,29,11,2023,17:15,4,1,1,13,13207,2,4,2,1,1
202300054204,13,2,2023,11:55,1,1,3,92,92062,2,2,1,1,1
202300054205,27,10,2023,19:15,5,2,3,75,75117,2,4,1,1,2
202300054205,27,10,2023,19:15,5,2,3,75,75117,2,4,2,1,2
202300054206,1,1,2023,16:45,1,1,1,33,33214,1,3,2,1,1
202300054207,19,8,2023,15:10,1,1,3,62,62907,2,4,2,1,1
202300054208,13,2,2023,09:05,1,1,1,92,92062,2,3,1,1,1
202300054209,15,7,2023,19:05,1,1,3,2B,2B207,1,2,2,1,1
202300054210,26,9,2023,15:10,1,1,3,06,06018,2,3,2,1,1
202300054211,19,8,2023,17:00,1,1,6,62,62274,1,3,2,1,1
202300054212,2,1,2023,14:00,1,1,1,66,66088,1,4,2,1,1
202300054213,27,10,2023,02:15,5,1,1,75,75117,2,4,2,1,2
202300054213,27,10,2023,02:15,5,1,1,75,75117,2,4,2,1,2
202300054214,6,5,2023,17:55,1,1,3,83,83144,1,4,2,1,1
202300054215,10,6,2023,22:50,5,1,2,33,33529,1,3,3,1,1
202300054216,13,2,2023,16:20,1,1,2,92,92026,2,3,2,1,1
202300054217,29,11,2023,22:00,5,8,3,13,13028,2,3,3,1,2
202300054217,29,11,2023,22:00,5,8,3,13,13028,2,3,3,1,2
202300054218,29,3,2023,17:30,1,1,5,93,93072,2,4,2,1,1
202300054218,29,3,2023,17:30,1,1,5,93,93072,2,4,4,1,1
202300054219,26,10,2023,10:30,1,1,6,75,75116,2,4,1,1,2
202300054220,27,9,2023,13:00,1,1,2,17,17139,1,1,3,1,1
202300054221,14,8,2023,20:00,2,1,3,62,62413,2,3,2,1,1
202300054221,14,8,2023,20:00,2,1,3,62,62413,2,3,2,1,1