id_accident,jour,mois,annee,heure_minute,luminosite,meteo,type_collision,departement,commune,agglomeration,categorie_route,regime_circulation,profil_route,etat_surface
202300054222,10,6,2023,14:10,1,1,7,32,32013,1,4,2,1,1
202300054223,29,11,2023,06:40,3,1,6,07,07008,1,9,2,1,1
202300054224,15,7,2023,06:40,1,1,2,2B,2B077,1,3,2,1,1
202300054225,1,1,2023,00:30,5,1,2,38,38507,2,3,2,1,1
202300054226,29,3,2023,09:25,1,1,6,93,93064,2,4,2,1,1
202300054227,13,2,2023,11:45,1,1,1,92,92012,2,4,2,1,1
202300054227,13,2,2023,11:45,1,1,1,92,92012,2,4,2,1,1
202300054228,26,9,2023,18:00,1,1,2,68,68278,2,4,2,1,1
202300054229,23,8,2023,13:30,1,1,1,62,62263,1,2,-1,1,1
202300054230,29,11,2023,11:30,1,1,6,07,07102,2,4,2,1,1
202300054231,7,5,2023,16:20,1,1,1,83,83069,2,4,2,1,1
202300054231,7,5,2023,16:20,1,1,1,83,83069,2,4,2,1,1
202300054232,24,6,2023,09:00,1,1,6,71,71230,2,3,2,1,1
202300054233,29,3,2023,19:25,2,1,6,93,93048,2,3,2,1,1
202300054234,27,10,2023,16:05,1,1,3,75,75115,2,4,1,1,1
202300054234,27,10,2023,16:05,1,1,3,75,75115,2,4,1,1,1
202300054235,2,1,2023,17:15,2,1,6,27,27003,2,3,2,1,1
202300054236,9,6,2023,22:20,5,1,2,31,31555,2,1,-1,1,1
202300054237,13,2,2023,09:30,1,1,6,92,92007,2,3,3,1,1
202300054237,13,2,2023,09:30,1,1,6,92,92007,2,3,1,1,1
202300054238,29,3,2023,14:00,1,1,6,93,93048,2,4,1,1,1
202300054239,23,8,2023,00:48,5,1,3,60,60057,2,4,1,1,1
202300054239,23,8,2023,00:48,5,1,3,60,60057,2,4,1,1,1
202300054240,27,10,2023,14:20,1,1,6,75,75115,2,4,1,1,1
202300054240,27,10,2023,14:20,1,1,6,75,75115,2,4,2,1,1
202300054241,28,11,2023,09:22,1,1,1,06,06088,2,4,2,2,1
202300054242,10,6,2023,12:45,1,1,6,29,29232,2,4,2,1,1
202300054243,5,5,2023,17:20,1,1,3,83,83061,2,3,2,1,1
202300054244,2,1,2023,19:00,3,1,3,59,59388,1,7,2,1,1
202300054244,2,1,2023,19:00,3,1,3,59,59388,1,7,2,1,1
202300054245,14,7,2023,23:45,3,1,3,71,71195,1,3,2,1,1
202300054245,14,7,2023,23:45,3,1,3,71,71195,1,3,2,1,1
202300054246,13,2,2023,06:45,5,1,6,92,92007,2,3,3,1,1
202300054247,29,3,2023,08:30,1,1,6,93,93032,2,3,2,1,1
202300054247,29,3,2023,08:30,1,1,6,93,93032,2,3,2,1,1
202300054248,26,9,2023,18:30,2,7,3,13,13001,1,1,3,1,1
202300054249,22,8,2023,06:00,5,1,6,60,60057,2,4,2,1,1
202300054249,22,8,2023,06:00,5,1,6,60,60057,2,4,1,1,1
202300054250,11,6,2023,00:00,4,1,6,29,29151,2,4,2,2,1
202300054251,21,11,2023,13:29,1,1,6,05,05061,2,3,1,1,1
202300054252,1,1,2023,14:20,1,1,6,13,13028,1,1,3,1,1
202300054253,26,10,2023,16:20,1,1,2,75,75114,2,4,2,1,1
202300054253,26,10,2023,16:20,1,1,2,75,75114,2,4,2,1,1
202300054254,11,2,2023,20:15,3,5,1,13,13078,1,3,2,1,1
202300054255,25,9,2023,09:30,1,3,3,987,98735,2,2,2,1,2
202300054256,29,3,2023,12:00,1,1,6,93,93001,2,3,2,1,1
202300054257,13,8,2023,19:00,1,1,3,59,59632,1,3,2,1,1
202300054258,11,7,2023,16:10,1,1,3,49,49029,1,3,2,1,1
202300054258,11,7,2023,16:10,1,1,3,49,49029,1,3,2,1,1
202300054259,24,11,2023,15:45,1,1,6,05,05061,2,4,2,1,1
202300054259,24,11,2023,15:45,1,1,6,05,05061,2,4,2,1,1
202300054260,1,1,2023,03:26,3,1,7,13,13043,1,1,1,1,1
202300054261,10,6,2023,14:15,1,1,1,29,29254,2,3,3,2,1
202300054262,25,10,2023,18:45,5,2,3,75,75114,2,4,2,1,2
202300054262,25,10,2023,18:45,5,2,3,75,75114,2,4,-1,1,2
202300054263,28,3,2023,00:10,5,1,3,93,93001,2,3,2,1,1
202300054264,22,8,2023,16:40,1,1,3,59,59286,2,4,2,1,1
202300054265,14,2,2023,14:40,1,1,3,27,27507,1,3,2,1,1
202300054266,30,11,2023,16:45,2,1,2,75,75117,2,4,1,1,1
202300054267,10,6,2023,03:00,5,2,7,29,29019,2,4,2,2,2
202300054268,15,7,2023,12:40,1,2,1,86,86298,1,3,1,3,2
202300054268,15,7,2023,12:40,1,2,1,86,86298,1,3,2,3,2
202300054269,29,3,2023,12:35,1,1,6,92,92073,2,4,2,1,1
202300054270,7,5,2023,20:00,1,8,7,77,77449,1,4,1,1,1
202300054271,22,8,2023,12:00,1,1,3,59,59350,2,4,1,1,1
202300054271,22,8,2023,12:00,1,1,3,59,59350,2,4,-1,1,1
202300054272,27,10,2023,20:18,5,2,1,75,75112,2,4,2,1,2
202300054272,27,10,2023,20:18,5,2,1,75,75112,2,4,1,1,2
202300054273,14,7,2023,11:45,1,1,1,86,86068,2,3,2,1,1
202300054274,26,9,2023,13:02,1,1,6,78,78478,1,2,2,1,1
202300054275,1,1,2023,19:22,3,1,4,33,33143,1,1,3,1,1
202300054276,30,11,2023,07:45,1,1,5,75,75115,2,4,1,1,1
202300054277,29,3,2023,10:30,1,1,6,92,92012,2,3,2,1,1
202300054277,29,3,2023,10:30,1,1,6,92,92012,2,3,2,1,1
202300054278,15,7,2023,12:30,1,1,3,22,22055,2,4,3,1,1
202300054279,6,5,2023,18:10,1,1,3,77,77111,2,3,-1,1,1
202300054280,21,8,2023,21:00,2,1,3,59,59574,2,4,2,1,1
202300054280,21,8,2023,21:00,2,1,3,59,59574,2,4,2,1,1
202300054281,13,2,2023,04:10,3,5,2,52,52332,1,1,3,1,1
202300054282,26,9,2023,10:40,1,1,2,2B,2B148,2,3,1,1,1
202300054283,27,10,2023,13:31,1,1,3,75,75109,2,4,-1,1,1
202300054283,27,10,2023,13:31,1,1,3,75,75109,2,4,-1,1,1
202300054284,6,6,2023,09:24,1,1,6,26,26362,2,4,1,1,1
202300054285,1,1,2023,07:15,3,1,2,33,33167,1,2,3,2,1
202300054286,29,11,2023,21:10,5,1,5,75,75116,2,4,1,1,1
202300054287,26,9,2023,20:45,2,1,6,89,89257,2,3,2,1,1
202300054288,22,8,2023,07:00,1,1,3,59,59329,1,3,2,1,1
202300054288,22,8,2023,07:00,1,1,3,59,59329,1,3,1,1,1
202300054289,15,7,2023,08:00,1,1,3,35,35284,1,4,2,1,1
202300054290,10,6,2023,16:45,1,1,6,25,25462,2,4,-1,1,1
202300054291,27,10,2023,13:25,1,1,6,75,75109,2,4,1,1,1
202300054291,27,10,2023,13:25,1,1,6,75,75109,2,4,3,1,1
202300054292,7,5,2023,22:30,5,1,1,76,76322,2,4,2,1,1
202300054292,7,5,2023,22:30,5,1,1,76,76322,2,4,2,1,1
202300054293,11,3,2023,18:10,2,1,5,68,68145,2,3,2,1,1
202300054293,11,3,2023,18:10,2,1,5,68,68145,2,3,2,1,1
202300054294,11,2,2023,17:13,2,5,2,08,08435,1,2,3,1,2
202300054295,1,1,2023,17:18,5,2,4,94,94034,1,1,1,1,2
202300054296,26,9,2023,15:28,1,1,1,21,21464,2,3,1,1,1
202300054297,27,10,2023,15:50,1,1,7,75,75108,2,4,1,1,1
202300054297,27,10,2023,15:50,1,1,7,75,75108,2,4,1,1,1
202300054298,30,11,2023,19:00,5,1,2,75,75120,2,4,1,1,1
202300054298,30,11,2023,19:00,5,1,2,75,75120,2,4,2,1,1
202300054299,7,5,2023,11:05,1,3,7,76,76681,1,7,3,1,3
202300054300,23,8,2023,07:55,1,1,3,58,58194,2,4,2,1,1
202300054300,23,8,2023,07:55,1,1,3,58,58194,2,4,2,1,1
202300054301,28,3,2023,14:00,1,1,3,974,97404,1,4,2,1,1
202300054302,14,7,2023,10:35,1,1,3,38,38013,2,3,2,1,1
202300054302,14,7,2023,10:35,1,1,3,38,38013,2,3,2,1,1
202300054303,13,2,2023,04:50,5,1,3,30,30254,2,3,2,1,1
202300054304,10,6,2023,14:45,1,1,6,22,22278,2,4,2,1,1
202300054305,22,9,2023,13:15,1,1,7,67,67122,1,3,2,2,1
202300054306,29,3,2023,06:40,2,2,7,67,67283,1,3,2,1,2
202300054307,30,11,2023,15:55,2,1,7,75,75120,2,4,2,2,1
202300054308,27,10,2023,14:15,1,8,3,75,75108,2,4,1,1,1
202300054308,27,10,2023,14:15,1,8,3,75,75108,2,4,-1,1,1
202300054309,6,5,2023,11:30,1,1,3,73,73008,2,3,3,1,1
202300054310,1,1,2023,06:30,3,1,2,78,78133,1,1,1,1,1
202300054311,21,8,2023,19:00,1,1,3,58,58194,2,4,2,1,1
202300054311,21,8,2023,19:00,1,1,3,58,58194,2,4,2,1,1
202300054312,29,3,2023,22:10,3,1,6,06,06126,1,7,2,1,1
202300054313,10,2,2023,08:50,1,1,3,47,47010,1,3,2,1,1
202300054313,10,2,2023,08:50,1,1,3,47,47010,1,3,2,1,1
202300054314,9,6,2023,12:30,1,1,1,18,18279,2,4,2,1,1
202300054315,22,9,2023,13:50,1,1,3,67,67046,2,3,-1,1,1
202300054315,22,9,2023,13:50,1,1,3,67,67046,2,3,2,1,1
202300054316,30,11,2023,08:35,1,1,6,75,75120,2,4,2,1,1
202300054316,30,11,2023,08:35,1,1,6,75,75120,2,4,1,1,1
202300054317,1,1,2023,18:50,3,2,6,95,95582,1,1,3,2,2
202300054318,21,8,2023,09:25,1,1,3,57,57306,2,3,2,1,1
202300054318,21,8,2023,09:25,1,1,3,57,57306,2,3,2,1,1
202300054319,14,7,2023,16:00,1,1,3,84,84102,1,3,2,1,1
202300054319,14,7,2023,16:00,1,1,3,84,84102,1,3,2,-1,-1
202300054320,27,9,2023,16:25,1,1,6,88,88078,2,4,2,2,1
202300054321,14,2,2023,03:45,3,1,7,31,31157,1,7,2,1,1
202300054322,29,3,2023,18:50,1,1,1,72,72306,1,3,2,1,1
202300054323,27,10,2023,20:10,5,2,5,94,94081,2,4,2,1,2
202300054324,11,6,2023,00:05,5,1,6,13,13210,2,4,2,1,1
202300054325,13,7,2023,21:30,3,1,7,15,15221,1,2,2,1,1
202300054326,22,8,2023,19:24,1,1,3,56,56121,2,9,-1,1,1
202300054327,30,11,2023,12:05,1,1,3,75,75119,2,4,1,1,1
202300054327,30,11,2023,12:05,1,1,3,75,75119,2,4,1,1,1
202300054328,2,5,2023,07:25,1,1,3,73,73008,2,3,3,2,1
202300054328,2,5,2023,07:25,1,1,3,73,73008,2,3,1,1,1
202300054329,29,3,2023,17:30,1,1,6,23,23141,1,3,2,4,1
202300054330,13,2,2023,08:20,2,5,7,95,95365,1,3,2,1,1
202300054331,26,10,2023,22:57,5,3,2,94,94074,2,4,1,1,2
202300054332,23,8,2023,00:05,4,1,7,54,54323,2,4,2,2,1
202300054333,27,9,2023,11:30,1,1,3,03,03290,1,3,2,1,1
202300054333,27,9,2023,11:30,1,1,3,03,03290,1,3,2,2,1
202300054334,30,11,2023,09:20,1,1,6,75,75118,2,4,-1,1,1
202300054335,9,6,2023,23:23,5,1,2,13,13210,2,4,1,1,1
202300054336,1,1,2023,18:30,3,2,4,93,93078,1,1,3,1,2
202300054337,14,7,2023,08:30,1,1,1,01,01348,1,3,2,2,1
202300054337,14,7,2023,08:30,1,1,1,01,01348,1,3,2,1,1
202300054338,13,2,2023,16:40,1,1,6,2B,2B150,1,2,2,1,1
202300054339,7,5,2023,18:40,1,1,7,72,72181,2,4,3,1,1
202300054339,7,5,2023,18:40,1,1,7,72,72181,2,4,3,2,1
202300054340,10,2,2023,14:00,1,1,1,51,51629,1,3,2,1,1
202300054340,10,2,2023,14:00,1,1,1,51,51629,1,3,1,1,1
202300054341,26,9,2023,19:30,2,1,7,73,73034,1,4,2,2,1
202300054342,27,10,2023,18:50,5,2,6,94,94042,2,3,1,1,2
202300054342,27,10,2023,18:50,5,2,6,94,94042,2,3,1,1,2
202300054343,13,7,2023,11:40,1,1,3,54,54149,1,3,2,2,1
202300054343,13,7,2023,11:40,1,1,3,54,54149,1,3,2,2,1
202300054344,1,1,2023,13:15,1,2,7,93,93078,1,1,3,1,2
202300054345,15,7,2023,13:25,1,1,3,66,66147,1,2,1,2,1
202300054346,29,11,2023,18:40,5,1,5,75,75117,2,4,2,1,1
202300054346,29,11,2023,18:40,5,1,5,75,75117,2,4,1,1,1
202300054347,13,2,2023,11:32,1,1,3,81,81120,2,4,2,1,1
202300054347,13,2,2023,11:32,1,1,3,81,81120,2,4,2,1,1
202300054348,24,9,2023,10:48,1,1,3,38,38556,2,3,2,1,1
202300054348,24,9,2023,10:48,1,1,3,38,38556,2,3,2,1,1
202300054349,10,6,2023,10:39,1,7,4,10,10357,1,4,2,1,1
202300054350,26,10,2023,14:30,1,1,3,94,94076,2,3,2,1,1
202300054350,26,10,2023,14:30,1,1,3,94,94076,2,3,4,1,1
202300054351,28,3,2023,13:53,1,1,6,76,76377,2,7,2,1,1
202300054351,28,3,2023,13:53,1,1,6,76,76377,2,7,2,1,1
202300054352,15,7,2023,20:15,2,1,6,06,06059,1,7,2,1,1
202300054353,21,8,2023,11:00,1,1,6,54,54099,2,4,2,1,1
202300054353,21,8,2023,11:00,1,1,6,54,54099,2,4,2,1,1
202300054354,7,5,2023,03:15,5,1,3,69,69271,2,7,2,1,1
202300054354,7,5,2023,03:15,5,1,3,69,69271,2,7,2,1,1
202300054355,1,1,2023,07:00,2,1,2,95,95365,1,2,3,1,1
202300054356,29,11,2023,09:45,1,1,3,75,75116,2,4,1,1,1
202300054356,29,11,2023,09:45,1,1,3,75,75116,2,4,1,1,1
202300054357,29,3,2023,22:15,4,1,6,2B,2B050,2,2,2,1,1
202300054358,18,9,2023,17:40,1,1,2,44,44066,2,3,2,1,1
202300054359,10,6,2023,19:40,1,1,2,06,06104,2,3,2,2,1
202300054360,26,10,2023,20:00,5,3,3,94,94041,2,3,2,1,2
202300054360,26,10,2023,20:00,5,3,3,94,94041,2,3,2,1,2
202300054361,6,5,2023,20:30,1,7,2,64,64102,2,4,3,4,1
202300054362,23,8,2023,15:20,1,1,3,51,51454,2,4,2,2,1
202300054362,23,8,2023,15:20,1,1,3,51,51454,2,4,1,2,1
202300054363,15,7,2023,10:30,1,1,3,14,14371,2,3,2,1,1
202300054363,15,7,2023,10:30,1,1,3,14,14371,2,3,2,1,1
202300054364,30,11,2023,09:00,1,1,3,75,75111,2,4,2,1,1
202300054365,13,2,2023,21:30,5,1,3,71,71014,2,3,2,1,1
202300054365,13,2,2023,21:30,5,1,3,71,71014,2,3,2,1,1
202300054366,1,1,2023,03:45,3,1,7,77,77384,1,1,1,1,1
202300054367,30,3,2023,13:34,1,1,6,65,65258,2,4,2,2,1
202300054368,27,10,2023,13:25,1,1,3,94,94033,2,3,2,1,1
202300054369,27,9,2023,07:00,1,1,3,38,38341,2,3,3,1,1
202300054369,27,9,2023,07:00,1,1,3,38,38341,2,3,2,2,1
202300054370,10,6,2023,14:40,1,2,1,06,06069,1,3,2,1,2
202300054371,15,7,2023,07:50,1,1,6,60,60333,1,3,2,1,1
202300054372,22,8,2023,19:40,1,1,3,51,51474,2,4,2,1,1
202300054373,6,5,2023,15:40,1,1,3,64,64024,2,4,2,1,1
202300054374,1,1,2023,03:45,5,1,6,974,97407,2,4,3,1,1
202300054375,30,11,2023,08:20,1,8,6,75,75110,2,4,1,2,1
202300054375,30,11,2023,08:20,1,8,6,75,75110,2,4,2,1,1
202300054376,10,6,2023,15:35,1,3,6,39,39129,1,2,2,1,2
202300054377,27,10,2023,16:30,1,2,6,94,94011,2,5,2,1,2
202300054378,13,2,2023,16:45,1,7,3,55,55165,1,3,2,1,1
202300054378,13,2,2023,16:45,1,7,3,55,55165,1,3,-1,1,1
202300054379,14,7,2023,11:50,1,1,3,73,73259,1,3,2,2,1
202300054380,29,3,2023,15:45,1,1,6,71,71543,2,4,1,1,1
202300054380,29,3,2023,15:45,1,1,6,71,71543,2,4,1,2,1
202300054380,29,3,2023,15:45,1,1,6,71,71543,2,4,2,1,1
202300054381,1,1,2023,01:14,5,1,6,68,68297,2,3,2,1,1
202300054382,21,8,2023,21:10,5,1,3,51,51454,2,4,2,2,1
202300054383,11,9,2023,17:25,1,1,3,69,69228,1,3,2,1,1
202300054383,11,9,2023,17:25,1,1,3,69,69228,1,3,2,1,1
202300054384,27,10,2023,11:10,1,8,6,94,94028,2,4,1,1,2
202300054385,7,5,2023,03:50,5,2,6,62,62215,2,4,2,1,2
202300054386,30,11,2023,09:05,1,1,3,75,75109,2,4,-1,1,1
202300054386,30,11,2023,09:05,1,1,3,75,75109,2,4,1,1,1
202300054387,13,2,2023,10:30,1,1,6,49,49180,1,3,2,1,1
202300054388,27,9,2023,05:00,3,1,6,81,81225,1,3,2,1,1
202300054389,1,1,2023,08:25,2,1,2,85,85265,1,1,3,1,1
202300054390,14,7,2023,05:00,2,1,6,73,73067,1,3,2,1,1
202300054391,21,8,2023,19:20,1,1,6,51,51454,2,4,2,1,1
202300054392,27,10,2023,02:30,3,2,1,94,94054,2,3,2,1,2
202300054393,10,6,2023,15:30,1,1,5,50,50188,1,3,2,1,1
202300054393,10,6,2023,15:30,1,1,5,50,50188,1,3,2,1,1
202300054394,30,3,2023,07:00,1,1,6,47,47310,2,3,2,1,1
202300054394,30,3,2023,07:00,1,1,6,47,47310,2,3,2,1,1
202300054395,6,5,2023,19:50,1,1,1,62,62215,1,3,2,1,1
202300054396,1,1,2023,00:09,3,1,7,17,17133,2,3,2,3,1
202300054397,13,2,2023,16:40,1,7,3,12,12052,2,3,-1,1,1
202300054398,30,11,2023,18:05,5,1,6,75,75103,2,4,1,2,1
202300054398,30,11,2023,18:05,5,1,6,75,75103,2,4,1,1,1
202300054399,14,7,2023,14:35,1,1,6,43,43167,1,3,2,2,1
202300054400,11,6,2023,14:20,1,1,7,52,52193,1,3,2,1,1
202300054401,22,8,2023,09:35,1,1,6,49,49328,2,4,2,1,1
202300054401,22,8,2023,09:35,1,1,6,49,49328,2,4,1,1,1
202300054402,28,3,2023,18:10,1,1,2,47,47210,1,3,2,2,1
202300054403,27,10,2023,10:20,1,1,6,94,94070,2,2,2,1,1
202300054403,27,10,2023,10:20,1,1,6,94,94070,2,2,2,1,1
202300054404,27,9,2023,07:40,1,1,5,65,65335,1,3,2,1,1
202300054405,14,7,2023,19:30,1,1,7,16,16136,1,3,2,1,1
202300054406,1,1,2023,15:35,1,1,7,84,84127,1,4,2,1,6
202300054407,6,5,2023,17:30,1,1,2,62,62119,2,3,-1,1,1
202300054408,11,6,2023,15:15,1,1,6,11,11068,1,1,3,1,1
202300054409,29,11,2023,16:04,1,1,6,75,75102,2,4,1,1,1
202300054409,29,11,2023,16:04,1,1,6,75,75102,2,4,-1,1,1
202300054410,22,8,2023,10:54,1,1,6,49,49353,2,6,-1,1,1
202300054411,14,2,2023,16:15,1,1,3,39,39173,2,3,2,2,1
202300054412,29,3,2023,15:45,1,1,3,38,38410,1,3,2,1,1
202300054413,26,9,2023,14:42,1,1,2,33,33233,1,2,3,1,1
202300054414,14,7,2023,17:45,1,1,3,04,04124,1,3,2,1,1
202300054415,27,10,2023,13:20,1,1,3,93,93073,2,4,2,1,1
202300054415,27,10,2023,13:20,1,1,3,93,93073,2,4,2,1,1
202300054416,14,2,2023,18:25,2,1,6,38,38490,1,4,2,1,1
202300054417,1,1,2023,06:30,2,1,6,02,02785,2,3,2,2,1
202300054418,9,6,2023,17:20,1,1,3,31,31418,1,7,2,2,1
202300054418,9,6,2023,17:20,1,1,3,31,31418,1,7,2,2,1
202300054419,29,11,2023,17:00,1,1,3,94,94037,2,3,2,2,1
202300054419,29,11,2023,17:00,1,1,3,94,94037,2,3,1,1,1
202300054420,21,8,2023,13:23,1,1,3,49,49007,2,4,3,1,1
202300054420,21,8,2023,13:23,1,1,3,49,49007,2,4,2,1,1
202300054421,26,9,2023,10:45,1,1,6,49,49023,2,3,2,1,1
202300054421,26,9,2023,10:45,1,1,6,49,49023,2,3,2,1,1
202300054422,29,6,2023,09:58,1,1,2,87,87110,2,3,2,1,1
202300054423,30,3,2023,17:40,2,2,3,02,02453,2,3,2,2,2
202300054424,27,10,2023,19:40,5,2,6,93,93048,2,3,1,1,2
202300054424,27,10,2023,19:40,5,2,6,93,93048,2,3,2,1,2
202300054425,1,1,2023,09:45,1,1,6,85,85065,1,1,1,1,2
202300054426,21,8,2023,09:40,1,1,6,49,49007,2,4,2,1,1
202300054427,30,11,2023,07:15,5,1,3,94,94043,2,3,1,1,1
202300054428,7,5,2023,06:20,2,2,4,59,59002,2,3,2,1,2
202300054429,11,2,2023,03:16,4,1,3,38,38394,2,3,2,1,1
202300054429,11,2,2023,03:16,4,1,3,38,38394,2,3,2,1,1
202300054430,10,6,2023,08:10,1,1,3,68,68383,1,3,2,1,1
202300054430,10,6,2023,08:10,1,1,3,68,68383,1,3,2,1,1
202300054431,27,9,2023,07:45,2,1,1,44,44094,1,7,2,1,1
202300054432,13,7,2023,06:57,1,1,6,30,30185,2,4,2,1,1
202300054433,1,1,2023,08:00,2,1,6,83,83082,1,3,2,1,1
202300054434,27,10,2023,09:45,1,1,3,93,93048,2,3,2,1,1
202300054434,27,10,2023,09:45,1,1,3,93,93048,2,3,1,1,1
202300054435,29,3,2023,18:24,1,1,3,36,36165,1,3,2,2,1
202300054435,29,3,2023,18:24,1,1,3,36,36165,1,3,2,1,1
202300054436,7,5,2023,18:35,1,2,6,59,59350,2,4,3,1,2
202300054437,30,11,2023,12:40,1,1,3,94,94028,2,4,2,2,1
202300054438,1,6,2023,18:20,1,1,3,68,68227,2,6,-1,1,1
202300054439,13,2,2023,16:10,1,7,1,03,03156,1,3,2,1,1
202300054439,13,2,2023,16:10,1,7,1,03,03156,1,3,2,1,1
202300054440,14,7,2023,19:15,1,1,6,30,30097,1,3,2,2,1
202300054441,1,1,2023,17:05,2,2,1,53,53147,1,2,2,1,2
202300054442,22,8,2023,13:35,1,1,3,45,45234,2,4,2,1,1
202300054442,22,8,2023,13:35,1,1,3,45,45234,2,4,1,2,1
202300054443,30,11,2023,08:20,1,1,6,94,94011,2,4,2,1,1
202300054444,27,10,2023,13:30,1,1,2,93,93057,2,3,3,1,1
202300054445,28,3,2023,15:00,1,1,3,28,28171,1,3,2,2,1
202300054446,9,6,2023,03:30,3,1,2,26,26138,1,1,3,1,1
202300054447,14,7,2023,17:40,1,1,6,88,88361,1,3,2,2,1
202300054448,26,9,2023,13:40,1,1,3,56,56146,1,3,2,1,1
202300054448,26,9,2023,13:40,1,1,3,56,56146,1,3,2,1,1
202300054449,1,1,2023,14:15,1,1,6,69,69086,1,1,3,1,1
202300054450,23,8,2023,18:00,1,1,3,44,44055,2,4,1,2,1
202300054451,28,11,2023,08:10,1,8,6,94,94028,2,3,1,1,1
202300054452,26,10,2023,18:20,1,2,3,93,93001,2,3,2,1,2
202300054453,14,2,2023,05:45,3,1,5,01,01151,1,3,2,1,1
202300054454,10,6,2023,18:30,1,1,6,63,63206,1,3,2,1,1
202300054455,7,7,2023,15:23,1,1,3,88,88063,1,4,2,1,1
202300054456,1,1,2023,09:05,1,1,6,59,59593,1,1,3,1,1
202300054457,27,9,2023,08:40,1,1,1,27,27235,1,3,2,1,1
202300054458,21,8,2023,22:14,4,1,-1,42,42071,2,3,2,1,1
202300054459,29,3,2023,17:10,1,1,3,52,52440,1,2,2,1,1
202300054460,27,10,2023,03:50,3,3,6,92,92078,2,3,1,1,2
202300054461,29,11,2023,14:05,1,1,1,94,94019,2,4,2,1,1
202300054462,6,5,2023,09:45,1,1,5,59,59009,1,7,1,2,1
202300054462,6,5,2023,09:45,1,1,5,59,59009,1,7,3,2,1
202300054463,10,6,2023,19:40,1,1,2,01,01173,1,3,2,2,1
202300054464,14,7,2023,19:30,1,1,2,78,78356,1,3,2,1,1
202300054465,13,2,2023,19:35,3,1,6,26,26211,1,3,2,1,1
202300054466,25,9,2023,16:45,1,1,2,13,13215,1,1,3,1,1
202300054467,22,8,2023,23:15,5,1,1,38,38185,2,4,2,1,1
202300054467,22,8,2023,23:15,5,1,1,38,38185,2,4,2,1,1
202300054468,1,1,2023,05:00,2,1,6,974,97419,2,2,2,1,1
202300054469,27,10,2023,15:45,1,1,3,92,92050,2,3,1,1,1
202300054470,28,3,2023,18:04,2,1,3,53,53121,1,2,2,1,1
202300054471,11,6,2023,09:05,1,1,6,22,22223,1,2,3,2,1
202300054472,15,7,2023,20:30,1,1,6,13,13050,1,3,2,2,1
202300054473,13,2,2023,20:50,5,1,6,72,72180,2,4,3,1,1
202300054474,28,11,2023,17:36,5,1,3,94,94019,2,4,2,1,1
202300054475,21,7,2023,20:05,1,7,6,36,36044,2,4,2,1,1
202300054476,21,9,2023,08:20,1,1,2,13,13215,1,1,-1,1,1
202300054477,18,4,2023,02:08,5,1,1,59,59009,2,4,2,1,1
202300054477,18,4,2023,02:08,5,1,1,59,59009,2,4,2,2,1
202300054478,26,10,2023,13:45,1,8,2,92,92050,2,4,4,1,1
202300054479,9,6,2023,16:15,1,1,6,22,22223,1,2,1,2,2
202300054479,9,6,2023,16:15,1,1,6,22,22223,1,2,1,2,2
202300054480,30,3,2023,07:20,2,2,2,67,67067,1,1,3,1,2
202300054481,23,8,2023,08:55,1,1,6,35,35051,2,4,2,2,1
202300054482,13,2,2023,15:35,1,7,2,50,50150,1,3,2,1,1
202300054483,14,7,2023,07:10,1,1,6,62,62718,1,1,3,1,1
202300054484,27,10,2023,18:27,5,2,7,92,92046,2,3,2,1,2
202300054485,29,11,2023,17:50,5,1,6,94,94075,2,4,2,2,1
202300054486,1,1,2023,02:00,3,1,6,42,42151,1,3,2,1,1
202300054487,11,6,2023,14:00,1,1,6,50,50615,1,2,3,1,1
202300054488,6,5,2023,14:40,1,1,1,57,57631,2,4,2,1,1
202300054489,25,9,2023,09:30,1,1,2,13,13215,1,1,-1,1,1
202300054490,24,3,2023,15:20,1,1,3,13,13114,1,3,2,1,1
202300054491,11,6,2023,14:20,1,1,7,62,62424,1,3,3,1,1
202300054492,14,2,2023,07:40,1,1,1,73,73070,1,3,2,1,2
202300054493,13,7,2023,06:20,2,1,3,987,98733,1,2,2,1,1
202300054494,23,8,2023,08:45,1,1,3,34,34032,1,3,2,1,1
202300054494,23,8,2023,08:45,1,1,3,34,34032,1,3,2,1,1
202300054494,23,8,2023,08:45,1,1,3,34,34032,1,3,2,1,1
202300054495,26,10,2023,08:45,1,2,6,92,92044,2,4,1,1,2
202300054495,26,10,2023,08:45,1,2,6,92,92044,2,4,2,1,2
202300054496,6,5,2023,17:22,1,1,7,57,57630,2,4,1,1,1
202300054496,6,5,2023,17:22,1,1,7,57,57630,2,4,2,1,1
202300054497,1,1,2023,06:40,3,1,6,35,35152,1,3,2,2,1
202300054498,25,9,2023,07:55,1,1,3,13,13071,1,1,-1,1,1
202300054499,10,6,2023,22:35,3,1,7,59,59624,1,3,2,1,1
202300054500,30,11,2023,09:10,1,1,3,93,93066,2,3,3,1,1
202300054500,30,11,2023,09:10,1,1,3,93,93066,2,3,2,1,1
202300054501,13,7,2023,23:40,3,1,6,971,97117,1,2,2,1,1
202300054502,23,8,2023,00:30,3,1,6,33,33063,2,4,1,1,1
202300054503,27,10,2023,07:30,5,1,6,92,92036,2,3,2,1,2
202300054504,13,2,2023,00:50,3,1,2,16,16276,1,2,3,1,1
202300054505,29,3,2023,18:00,1,1,3,77,77511,1,3,2,1,1
202300054506,26,9,2023,17:10,1,1,2,83,83137,1,1,3,2,1