id_accident,jour,mois,annee,heure_minute,luminosite,meteo,type_collision,departement,commune,agglomeration,categorie_route,regime_circulation,profil_route,etat_surface
202300054507,7,5,2023,14:08,1,1,6,54,54526,1,7,2,1,1
202300054508,22,8,2023,20:35,1,1,7,33,33063,2,4,1,1,1
202300054508,22,8,2023,20:35,1,1,7,33,33063,2,4,2,1,1
202300054509,15,7,2023,07:45,1,1,1,77,77474,1,2,2,1,1
202300054510,30,11,2023,12:10,1,1,6,93,93048,2,4,1,1,1
202300054511,27,10,2023,02:00,5,2,6,92,92062,2,3,3,1,2
202300054512,10,6,2023,01:30,3,1,7,56,56099,1,3,2,1,1
202300054513,13,2,2023,17:30,2,1,3,40,40271,1,3,2,3,1
202300054513,13,2,2023,17:30,2,1,3,40,40271,1,3,-1,-1,-1
202300054514,29,3,2023,16:20,1,1,2,83,83065,1,3,2,1,1
202300054515,15,7,2023,11:00,1,1,3,2B,2B148,2,2,2,1,1
202300054516,23,8,2023,08:05,1,7,2,33,33529,2,3,2,1,1
202300054517,11,6,2023,02:08,3,1,6,56,56244,1,3,2,1,1
202300054518,25,10,2023,08:15,2,2,6,92,92025,2,4,1,1,2
202300054518,25,10,2023,08:15,2,2,6,92,92025,2,4,1,1,2
202300054519,20,9,2023,22:50,3,1,5,54,54571,1,1,3,1,1
202300054520,7,5,2023,08:00,1,2,3,51,51454,2,1,1,1,2
202300054520,7,5,2023,08:00,1,2,3,51,51454,2,1,2,1,2
202300054521,30,11,2023,08:10,1,1,3,93,93048,2,3,2,1,1
202300054521,30,11,2023,08:10,1,1,3,93,93048,2,3,1,1,1
202300054522,14,7,2023,22:29,3,1,1,13,13014,1,3,2,1,1
202300054523,21,8,2023,22:15,3,1,3,33,33529,1,3,2,1,1
202300054524,7,5,2023,10:05,1,1,6,50,50066,1,3,2,2,1
202300054525,10,6,2023,10:00,1,1,1,67,67165,1,3,2,2,1
202300054526,30,3,2023,09:50,1,8,3,13,13027,1,3,2,1,1
202300054526,30,3,2023,09:50,1,8,3,13,13027,1,3,2,1,1
202300054527,13,2,2023,16:35,1,1,4,27,27011,1,3,2,1,1
202300054527,13,2,2023,16:35,1,1,4,27,27011,1,3,2,1,1
202300054528,30,11,2023,09:20,1,1,6,93,93046,2,3,2,1,1
202300054529,23,8,2023,00:20,5,1,6,31,31555,2,4,1,1,1
202300054530,24,10,2023,19:10,5,1,3,92,92024,2,3,2,1,1
202300054530,24,10,2023,19:10,5,1,3,92,92024,2,3,2,1,1
202300054530,24,10,2023,19:10,5,1,3,92,92024,2,3,1,1,1
202300054531,26,9,2023,08:03,1,1,3,33,33013,1,2,3,1,1
202300054532,7,5,2023,16:15,1,8,7,49,49015,2,3,1,1,2
202300054533,10,6,2023,20:39,2,1,3,2A,2A006,1,3,2,1,1
202300054534,29,3,2023,22:35,5,1,6,73,73132,2,3,2,2,2
202300054535,15,7,2023,14:15,1,1,4,13,13057,1,3,2,1,1
202300054535,15,7,2023,14:15,1,1,4,13,13057,1,3,2,1,1
202300054536,29,11,2023,21:00,5,1,6,93,93013,2,3,3,1,1
202300054537,27,10,2023,17:40,1,2,6,92,92019,2,3,1,1,2
202300054538,22,8,2023,15:15,1,1,3,31,31555,2,4,1,1,1
202300054538,22,8,2023,15:15,1,1,3,31,31555,2,4,1,1,1
202300054539,24,1,2023,17:00,1,1,1,37,37167,2,3,2,1,1
202300054539,24,1,2023,17:00,1,1,1,37,37167,2,3,1,1,1
202300054540,7,5,2023,04:45,3,1,6,47,47001,2,3,2,2,2
202300054541,14,7,2023,21:25,2,1,6,10,10379,2,3,2,1,1
202300054542,11,6,2023,14:50,1,1,6,2B,2B207,2,3,2,1,1
202300054543,26,9,2023,07:45,2,1,2,33,33487,1,1,3,1,1
202300054544,30,11,2023,10:35,1,1,6,92,92078,2,3,1,1,1
202300054545,27,10,2023,15:10,1,2,6,92,92004,2,3,-1,1,2
202300054546,25,3,2023,15:30,1,1,7,16,16168,1,4,2,1,1
202300054547,14,7,2023,06:00,2,1,6,10,10314,1,3,2,1,1
202300054548,14,2,2023,13:35,1,1,3,30,30075,2,3,2,1,1
202300054549,23,8,2023,15:00,1,1,1,29,29232,2,4,-1,1,1
202300054550,26,9,2023,15:20,1,1,7,91,91689,1,1,1,1,1
202300054551,10,6,2023,15:00,1,1,1,82,82194,1,3,2,1,1
202300054552,15,7,2023,01:10,5,9,7,68,68246,2,3,2,1,1
202300054553,30,11,2023,12:10,1,1,6,92,92075,2,3,3,1,1
202300054554,23,8,2023,11:30,1,1,7,29,29232,2,4,2,2,1
202300054555,27,10,2023,10:53,1,2,3,39,39083,2,3,2,1,2
202300054556,13,2,2023,08:50,1,1,7,52,52332,1,3,2,1,7
202300054557,29,3,2023,23:57,5,1,6,44,44026,2,4,2,1,1
202300054558,26,9,2023,09:40,1,1,2,91,91161,1,1,3,1,1
202300054559,10,6,2023,17:30,1,1,3,71,71204,1,3,2,1,1
202300054560,22,8,2023,13:15,1,1,2,29,29039,1,3,-1,1,1
202300054561,28,10,2023,10:55,1,1,6,24,24424,1,3,2,1,2
202300054562,6,5,2023,17:30,1,1,3,42,42223,1,4,2,1,1
202300054563,30,11,2023,09:30,1,1,6,92,92075,2,4,-1,1,1
202300054563,30,11,2023,09:30,1,1,6,92,92075,2,4,-1,1,1
202300054564,15,7,2023,08:40,1,1,7,73,73303,1,4,2,2,9
202300054565,12,2,2023,22:30,3,8,6,978,97801,2,4,2,2,2
202300054566,10,6,2023,16:50,1,1,6,63,63378,1,3,2,2,1
202300054567,26,9,2023,09:06,1,1,4,78,78423,1,1,1,1,1
202300054568,22,8,2023,20:10,1,1,3,28,28134,2,4,2,1,1
202300054569,26,3,2023,22:45,3,1,2,83,83126,1,1,3,2,1
202300054570,27,10,2023,10:40,1,1,2,01,01004,1,3,2,1,1
202300054571,30,11,2023,19:30,5,1,6,92,92050,2,4,2,1,2
202300054572,14,2,2023,10:30,1,1,3,30,30258,1,3,2,1,1
202300054573,10,6,2023,16:50,1,1,7,55,55551,2,3,2,1,1
202300054574,7,5,2023,15:10,1,8,6,38,38151,2,4,3,1,1
202300054575,15,7,2023,11:45,1,1,1,07,07190,1,3,2,2,1
202300054576,24,10,2023,08:20,1,1,6,22,22172,2,3,2,1,1
202300054577,26,9,2023,12:15,1,1,4,95,95582,1,1,3,2,1
202300054578,29,3,2023,07:48,2,1,2,33,33003,1,1,3,2,1
202300054579,10,6,2023,17:35,1,1,3,12,12052,2,3,2,1,1
202300054580,30,11,2023,13:10,1,8,2,92,92040,2,3,2,2,2
202300054580,30,11,2023,13:10,1,8,2,92,92040,2,3,2,2,1
202300054581,23,8,2023,02:15,5,1,6,27,27681,2,6,-1,1,1
202300054582,17,7,2023,22:00,3,1,7,40,40296,1,3,2,1,2
202300054583,13,2,2023,18:25,3,1,2,52,52248,1,3,2,2,1
202300054584,14,7,2023,08:00,1,1,7,09,09282,1,3,2,2,1
202300054585,7,5,2023,14:25,1,1,4,37,37261,2,4,1,1,1
202300054586,29,3,2023,17:05,1,1,3,91,91534,1,2,1,1,1
202300054587,4,6,2023,13:15,1,1,7,12,12035,1,3,2,2,1
202300054588,28,10,2023,08:45,1,1,3,11,11203,2,3,1,1,1
202300054589,20,8,2023,12:42,1,1,3,27,27229,2,4,2,1,1
202300054589,20,8,2023,12:42,1,1,3,27,27229,2,4,2,1,1
202300054590,14,7,2023,16:45,1,7,6,64,64422,2,3,2,1,1
202300054591,29,11,2023,08:00,5,1,3,92,92025,2,4,2,1,2
202300054591,29,11,2023,08:00,5,1,3,92,92025,2,4,2,1,2
202300054592,14,2,2023,11:30,1,5,6,67,67046,2,4,1,1,1
202300054593,26,9,2023,09:30,1,1,2,95,95582,1,1,3,1,1
202300054594,15,7,2023,18:25,1,1,6,22,22208,1,3,2,1,1
202300054595,11,6,2023,10:00,1,1,1,12,12288,1,9,2,2,9
202300054596,29,3,2023,09:25,1,1,3,91,91521,1,1,3,1,1
202300054597,28,10,2023,11:00,1,2,3,23,23001,1,3,2,2,2
202300054598,21,8,2023,15:30,1,1,3,26,26198,2,4,2,1,1
202300054598,21,8,2023,15:30,1,1,3,26,26198,2,4,2,1,1
202300054599,29,11,2023,06:49,5,1,3,92,92004,2,3,1,1,1
202300054600,26,9,2023,08:50,1,1,2,93,93008,1,1,3,1,1
202300054601,10,6,2023,05:30,2,1,6,47,47086,1,3,2,1,1
202300054602,14,2,2023,16:50,2,7,1,57,57360,1,3,2,2,1
202300054602,14,2,2023,16:50,2,7,1,57,57360,1,3,1,1,1
202300054603,15,7,2023,14:30,1,1,3,35,35047,1,3,3,1,1
202300054604,18,8,2023,18:15,1,1,6,23,23096,2,4,-1,1,1
202300054605,29,3,2023,07:53,2,1,3,91,91589,1,1,3,1,1
202300054606,25,9,2023,18:15,1,1,7,93,93007,1,1,3,1,1
202300054607,26,11,2023,18:40,5,1,6,92,92014,2,4,1,1,1
202300054608,28,10,2023,17:10,1,1,3,84,84099,1,3,2,1,1
202300054608,28,10,2023,17:10,1,1,3,84,84099,1,3,-1,-1,-1
202300054609,7,5,2023,13:40,1,1,3,35,35238,2,4,2,1,1
202300054610,15,7,2023,11:05,1,1,2,59,59052,2,7,2,1,1
202300054611,25,9,2023,05:50,5,1,2,93,93066,1,1,3,1,1
202300054612,19,1,2023,09:15,1,1,1,73,73257,1,3,2,2,7
202300054613,29,3,2023,17:00,1,1,2,78,78646,1,2,1,1,1
202300054614,10,6,2023,11:58,1,1,5,34,34139,1,3,2,1,1
202300054614,10,6,2023,11:58,1,1,5,34,34139,1,3,2,1,1
202300054615,7,5,2023,15:15,1,1,6,33,33063,2,4,1,1,1
202300054616,14,7,2023,10:23,1,1,6,13,13214,1,1,1,1,1
202300054617,12,10,2023,07:00,2,1,3,26,26002,1,2,2,1,1
202300054617,12,10,2023,07:00,2,1,3,26,26002,1,2,2,1,1
202300054618,20,8,2023,15:20,1,1,4,22,22187,1,2,3,1,1
202300054619,26,9,2023,09:50,1,1,3,94,94079,1,1,3,1,1
202300054620,28,3,2023,14:15,1,1,7,92,92036,1,1,3,2,1
202300054621,14,7,2023,03:50,3,1,6,83,83137,1,1,3,1,1
202300054622,27,10,2023,18:10,2,2,7,19,19229,1,3,2,1,2
202300054623,13,2,2023,09:00,1,1,1,38,38317,1,7,2,1,1
202300054623,13,2,2023,09:00,1,1,1,38,38317,1,7,2,1,1
202300054624,10,6,2023,20:00,2,1,3,68,68125,2,3,2,1,1
202300054625,19,8,2023,16:10,1,1,6,22,22113,2,6,-1,1,1
202300054626,7,5,2023,22:38,5,2,6,31,31069,1,4,1,1,3
202300054627,30,11,2023,15:30,1,1,7,2B,2B102,1,9,1,2,1
202300054628,25,9,2023,10:30,1,1,4,94,94073,1,1,3,1,1
202300054629,28,10,2023,12:10,1,3,6,56,56034,2,4,2,1,2
202300054630,22,8,2023,15:10,1,1,2,17,17306,2,4,2,2,1
202300054631,28,3,2023,15:15,1,1,4,92,92078,1,1,1,1,1
202300054632,12,2,2023,17:48,1,1,7,86,86294,1,2,2,1,1
202300054633,11,6,2023,03:53,3,1,6,39,39018,1,3,2,2,1
202300054634,14,7,2023,14:55,1,1,4,91,91136,1,1,1,1,1
202300054635,11,6,2023,21:55,3,1,7,74,74043,1,3,2,2,1
202300054636,30,11,2023,14:15,1,2,1,42,42338,1,3,2,1,2
202300054637,28,10,2023,16:05,1,1,7,67,67040,1,3,2,1,1
202300054638,23,8,2023,23:50,5,1,2,14,14715,2,4,1,1,1
202300054639,11,6,2023,18:20,1,1,6,74,74208,2,3,2,1,1
202300054640,13,2,2023,00:35,3,1,6,60,60517,1,3,2,1,1
202300054641,13,7,2023,22:42,3,1,2,77,77251,1,1,1,1,1
202300054642,11,6,2023,03:10,4,1,6,02,02519,2,3,2,1,1
202300054642,11,6,2023,03:10,4,1,6,02,02519,2,3,2,1,1
202300054643,27,3,2023,07:20,1,1,4,95,95018,1,1,3,1,1
202300054644,7,5,2023,20:05,2,3,4,31,31555,1,1,1,1,2
202300054645,23,8,2023,09:00,1,1,3,13,13117,1,3,1,3,1
202300054645,23,8,2023,09:00,1,1,3,13,13117,1,3,2,1,1
202300054646,28,10,2023,14:45,1,2,3,76,76676,1,3,2,1,2
202300054647,9,6,2023,16:45,1,2,1,74,74063,1,3,2,2,2
202300054648,14,2,2023,16:20,1,1,6,60,60439,1,3,2,1,1
202300054649,7,5,2023,11:13,1,2,7,31,31555,1,1,1,2,2
202300054650,23,8,2023,11:30,1,1,6,13,13215,2,4,-1,2,1
202300054651,30,11,2023,19:45,3,3,6,64,64057,1,3,2,4,2
202300054652,14,7,2023,04:30,3,1,2,95,95241,1,2,3,1,1
202300054653,28,10,2023,08:25,1,1,7,2B,2B207,2,2,2,1,1
202300054654,10,6,2023,15:10,1,1,1,02,02545,1,3,2,1,1
202300054654,10,6,2023,15:10,1,1,1,02,02545,1,3,2,2,1
202300054655,7,5,2023,09:20,1,2,7,27,27562,2,3,1,2,2
202300054656,6,6,2023,06:15,2,1,7,74,74243,1,1,1,2,1
202300054657,13,2,2023,13:50,1,1,7,13,13005,1,1,1,1,1
202300054658,29,3,2023,14:15,1,1,6,77,77373,1,2,-1,1,1
202300054659,14,7,2023,06:00,3,1,6,77,77450,1,2,3,1,1
202300054660,23,8,2023,09:20,1,1,2,13,13215,2,4,2,1,1
202300054661,1,12,2023,16:25,1,7,6,22,22020,2,3,2,2,1
202300054662,28,10,2023,10:50,1,1,3,11,11206,2,3,-1,1,1
202300054663,11,6,2023,18:40,1,1,6,03,03195,2,3,2,4,1
202300054663,11,6,2023,18:40,1,1,6,03,03195,2,3,2,4,1
202300054664,13,2,2023,06:15,2,1,7,13,13215,1,1,-1,1,1
202300054665,5,5,2023,07:00,2,1,7,74,74006,2,3,2,1,1
202300054666,28,3,2023,21:10,3,1,3,94,94069,1,1,3,1,1
202300054667,13,7,2023,12:25,1,1,7,976,97611,2,4,3,2,1
202300054668,30,11,2023,23:25,3,1,6,37,37174,1,1,3,1,1
202300054669,20,8,2023,04:30,5,1,2,13,13214,2,4,3,1,1
202300054670,11,6,2023,09:05,1,8,6,03,03171,1,3,2,1,9
202300054671,27,10,2023,09:55,1,7,6,71,71230,2,4,1,1,1
202300054672,15,6,2023,17:00,1,1,7,14,14448,1,3,2,1,1
202300054673,7,5,2023,18:49,1,1,3,13,13075,2,3,2,1,1
202300054674,13,7,2023,09:15,1,1,6,976,97611,2,4,-1,1,1
202300054675,12,2,2023,21:00,3,1,2,13,13005,1,1,3,1,1
202300054676,23,8,2023,03:10,4,1,2,13,13210,2,4,1,1,1
202300054677,27,3,2023,17:15,1,1,6,25,25547,2,3,2,1,1
202300054677,27,3,2023,17:15,1,1,6,25,25547,2,3,3,1,1
202300054678,27,10,2023,19:35,3,1,7,63,63314,1,3,2,2,2
202300054679,14,5,2023,18:20,1,1,6,08,08298,2,4,2,2,1
202300054680,27,11,2023,12:08,1,1,6,57,57106,2,3,2,1,1
202300054681,10,6,2023,11:30,1,2,1,03,03090,1,3,2,1,2
202300054682,23,8,2023,02:55,5,1,6,13,13202,2,4,2,4,1
202300054683,27,10,2023,21:30,4,6,6,61,61167,1,3,2,1,2
202300054684,13,7,2023,11:55,1,1,3,974,97411,2,2,-1,2,1
202300054685,30,11,2023,12:13,1,8,7,95,95594,2,4,2,2,2
202300054686,13,2,2023,06:45,2,1,2,83,83123,1,1,3,1,1
202300054687,6,5,2023,16:00,1,1,3,13,13211,2,4,2,2,1
202300054687,6,5,2023,16:00,1,1,3,13,13211,2,4,2,1,1
202300054688,24,3,2023,14:36,1,1,6,63,63113,2,7,2,1,1
202300054689,23,8,2023,00:15,5,1,1,13,13213,2,4,2,1,1
202300054690,13,7,2023,07:40,1,1,3,974,97407,1,4,-1,1,1
202300054691,27,5,2023,16:10,1,1,5,01,01348,2,3,2,1,1
202300054691,27,5,2023,16:10,1,1,5,01,01348,2,3,2,1,1
202300054692,28,10,2023,03:40,3,8,6,12,12148,1,3,2,4,2
202300054693,22,8,2023,04:50,5,1,3,13,13213,2,4,2,1,1
202300054694,9,1,2023,17:54,2,1,6,36,36044,2,4,1,1,1
202300054695,1,12,2023,14:00,1,1,1,51,51535,1,2,2,1,1
202300054696,4,2,2023,23:30,3,1,2,42,42044,1,2,3,1,1
202300054697,28,10,2023,10:05,1,1,6,12,12139,1,3,2,1,1
202300054698,12,7,2023,21:10,5,1,3,973,97302,2,4,2,1,1
202300054699,7,5,2023,08:45,1,1,6,13,13063,1,3,-1,1,1
202300054700,22,8,2023,05:48,5,1,3,13,13210,2,4,1,1,1
202300054701,11,6,2023,10:15,1,1,1,70,70421,1,2,2,1,1
202300054702,28,10,2023,05:30,4,2,6,29,29076,2,3,2,2,2
202300054703,1,12,2023,14:30,1,2,1,19,19150,1,3,2,2,2
202300054704,28,3,2023,09:00,1,1,6,974,97409,2,4,2,1,1
202300054705,20,8,2023,19:35,1,1,6,13,13205,2,4,1,2,1
202300054706,11,6,2023,06:15,2,1,6,72,72022,1,3,2,1,1
202300054707,9,2,2023,07:02,3,1,4,62,62907,1,1,-1,1,1
202300054708,13,7,2023,14:47,1,1,2,972,97213,1,3,1,1,1
202300054709,7,5,2023,04:10,3,2,6,11,11069,2,4,2,1,2
202300054710,23,8,2023,18:30,1,1,1,13,13001,1,3,2,1,1
202300054711,28,10,2023,19:26,3,3,5,29,29282,1,3,2,1,2
202300054712,28,3,2023,19:20,3,1,6,974,97407,2,4,2,1,1
202300054713,13,2,2023,12:20,1,1,3,91,91174,1,2,1,1,1
202300054714,9,6,2023,19:25,1,1,1,14,14538,2,4,2,1,1
202300054715,14,7,2023,00:15,5,1,1,69,69385,2,4,1,3,1
202300054716,28,11,2023,07:00,3,2,3,79,79034,1,3,1,1,2
202300054717,21,8,2023,09:35,1,1,3,11,11069,2,4,1,1,1
202300054718,13,7,2023,08:40,1,1,6,69,69034,2,4,2,1,1
202300054719,11,6,2023,19:40,1,1,2,50,50588,1,3,2,1,1
202300054720,27,10,2023,17:50,1,3,4,15,15192,1,2,3,2,2
202300054721,18,8,2023,10:45,1,1,6,11,11069,2,4,2,1,1
202300054722,12,2,2023,05:10,5,1,2,93,93029,1,1,3,3,1
202300054723,16,6,2023,15:20,1,1,3,69,69381,2,4,2,1,1
202300054724,28,3,2023,16:13,1,2,3,973,97302,2,3,2,1,2
202300054725,7,5,2023,18:00,1,9,3,10,10387,2,4,2,1,1
202300054725,7,5,2023,18:00,1,9,3,10,10387,2,4,-1,1,2
202300054726,27,10,2023,12:15,1,1,6,01,01025,2,3,2,1,8
202300054726,27,10,2023,12:15,1,1,6,01,01025,2,3,2,1,8
202300054727,13,2,2023,18:50,5,1,3,94,94052,1,1,1,1,1
202300054728,10,6,2023,20:20,1,1,3,09,09245,2,3,2,1,1
202300054728,10,6,2023,20:20,1,1,3,09,09245,2,3,2,1,1
202300054729,12,7,2023,10:00,1,1,1,971,97113,1,3,-1,2,9
202300054730,22,8,2023,20:30,1,1,6,10,10387,2,4,1,1,1
202300054731,28,10,2023,01:55,3,1,6,66,66045,2,3,2,1,1
202300054732,13,7,2023,21:12,1,1,7,91,91103,1,3,3,1,1
202300054733,6,5,2023,11:40,1,1,2,10,10357,2,3,2,1,1
202300054734,9,6,2023,17:20,1,2,3,45,45329,2,3,2,1,2
202300054734,9,6,2023,17:20,1,2,3,45,45329,2,3,2,1,2
202300054735,13,2,2023,13:00,1,1,6,77,77122,1,2,1,2,1
202300054736,13,7,2023,19:55,1,1,3,91,91479,2,3,2,1,1
202300054737,7,5,2023,10:30,1,2,7,07,07070,1,4,-1,2,2
202300054738,27,10,2023,19:00,5,2,2,14,14342,2,3,1,1,2
202300054738,27,10,2023,19:00,5,2,2,14,14342,2,3,2,1,2
202300054739,6,6,2023,15:30,1,1,3,45,45307,1,3,2,2,1
202300054739,6,6,2023,15:30,1,1,3,45,45307,1,3,2,2,1
202300054740,13,2,2023,12:30,1,1,2,77,77059,1,1,3,2,1
202300054741,7,5,2023,15:15,1,2,6,07,07316,1,9,1,2,2
202300054742,9,6,2023,16:15,1,1,6,45,45129,1,4,2,2,1
202300054743,10,7,2023,17:45,1,1,4,89,89024,1,2,1,1,1
202300054744,6,5,2023,12:30,1,1,6,04,04070,2,4,2,1,1
202300054745,12,2,2023,19:40,5,1,3,65,65440,2,3,2,1,1
202300054745,12,2,2023,19:40,5,1,3,65,65440,2,3,2,1,1
202300054746,12,7,2023,07:21,1,1,6,87,87085,2,2,2,2,1
202300054746,12,7,2023,07:21,1,1,6,87,87085,2,2,3,1,1
202300054747,10,6,2023,12:15,1,2,2,18,18106,1,3,2,2,2
202300054747,10,6,2023,12:15,1,2,2,18,18106,1,3,2,1,2
202300054748,5,5,2023,17:50,1,1,6,04,04070,2,4,-1,1,1
202300054749,27,10,2023,18:50,2,1,1,37,37104,1,3,2,1,2
202300054750,11,6,2023,11:45,1,1,3,43,43079,1,3,2,1,1
202300054751,11,2,2023,04:00,5,1,2,988,98818,2,1,3,1,1
202300054752,27,10,2023,10:10,1,8,6,37,37018,2,6,-1,1,2
202300054753,13,7,2023,09:10,1,1,3,86,86194,2,3,3,3,1
202300054754,7,5,2023,16:50,1,2,4,75,75116,2,4,1,1,2
202300054755,28,10,2023,14:10,1,2,7,18,18279,1,1,3,1,2
202300054756,13,7,2023,22:50,5,1,6,81,81163,2,3,-1,1,1
202300054757,10,6,2023,12:00,1,1,3,10,10199,2,3,2,2,1
202300054757,10,6,2023,12:00,1,1,3,10,10199,2,3,2,1,1
202300054758,12,2,2023,22:50,5,1,7,976,97611,2,4,1,1,1
202300054759,27,10,2023,19:28,3,1,6,2A,2A247,1,4,2,1,1
202300054760,12,7,2023,10:00,1,1,1,77,77221,2,3,2,1,1
202300054761,23,10,2023,10:15,1,1,1,13,13027,2,4,2,1,1
202300054762,7,5,2023,00:02,5,3,5,75,75113,2,4,1,1,4
202300054763,13,7,2023,08:15,1,1,6,76,76540,2,7,1,1,1
202300054764,11,6,2023,19:45,1,2,7,07,07184,2,3,2,1,2
202300054765,28,10,2023,10:50,1,1,3,71,71360,1,3,2,4,1
202300054765,28,10,2023,10:50,1,1,3,71,71360,1,3,2,4,1
202300054766,6,5,2023,07:08,1,1,3,75,75106,2,4,2,1,1
202300054766,6,5,2023,07:08,1,1,3,75,75106,2,4,1,1,1
202300054767,13,7,2023,12:40,1,1,7,76,76305,1,9,3,1,1
202300054768,27,10,2023,15:30,1,1,3,68,68012,1,3,2,1,2
202300054769,7,5,2023,17:30,1,2,6,75,75105,2,4,-1,1,2
202300054769,7,5,2023,17:30,1,2,6,75,75105,2,4,1,1,2
202300054770,13,7,2023,19:00,1,1,3,72,72181,2,4,2,1,1
202300054771,27,10,2023,14:45,1,8,7,57,57047,1,4,2,2,2
202300054772,15,6,2023,18:30,1,1,3,72,72181,2,4,-1,1,1
202300054773,7,5,2023,15:40,1,2,2,75,75105,2,4,3,1,2
202300054773,7,5,2023,15:40,1,2,2,75,75105,2,4,-1,1,2
202300054774,27,10,2023,21:35,3,1,1,38,38524,1,7,2,1,1
202300054775,7,5,2023,02:15,5,3,6,75,75105,2,4,2,1,2
202300054776,13,7,2023,14:20,1,1,1,71,71040,2,3,2,1,1
202300054776,13,7,2023,14:20,1,1,1,71,71040,2,3,2,1,1
202300054777,7,9,2023,16:30,1,1,1,01,01259,1,3,2,2,1
202300054778,13,7,2023,20:35,1,1,6,69,69266,2,4,2,1,1
202300054779,7,5,2023,02:00,5,3,6,75,75119,2,4,1,1,2
202300054780,13,7,2023,19:47,1,1,6,69,69266,2,4,1,1,1
202300054781,28,10,2023,07:30,2,3,1,79,79184,1,3,2,2,3
202300054782,28,10,2023,08:40,1,3,7,17,17083,1,3,2,1,4
202300054783,7,5,2023,01:30,5,2,2,75,75116,2,4,2,1,2
202300054783,7,5,2023,01:30,5,2,2,75,75116,2,4,2,1,2
202300054784,13,7,2023,16:15,1,1,3,69,69266,2,4,1,1,1
202300054784,13,7,2023,16:15,1,1,3,69,69266,2,4,1,1,1
202300054785,7,5,2023,16:00,1,2,3,75,75116,2,4,1,1,2
202300054785,7,5,2023,16:00,1,2,3,75,75116,2,4,1,1,2
202300054786,26,10,2023,11:50,1,3,1,33,33439,1,3,-1,1,2
202300054787,13,7,2023,07:50,1,1,3,69,69266,2,4,1,1,1
202300054787,13,7,2023,07:50,1,1,3,69,69266,2,4,1,1,1
202300054788,27,10,2023,00:20,3,1,6,53,53130,1,3,2,2,2
202300054789,7,5,2023,14:20,1,2,7,75,75115,2,4,2,1,2
202300054789,7,5,2023,14:20,1,2,7,75,75115,2,4,1,1,2
202300054790,13,7,2023,16:02,1,1,3,69,69264,2,4,2,1,1
202300054790,13,7,2023,16:02,1,1,3,69,69264,2,4,2,1,1
202300054790,13,7,2023,16:02,1,1,3,69,69264,2,4,1,1,1
202300054791,27,10,2023,13:16,1,2,3,22,22076,1,4,2,2,2
202300054791,27,10,2023,13:16,1,2,3,22,22076,1,4,2,2,2
202300054792,13,7,2023,18:40,1,1,6,69,69290,2,4,2,1,1
202300054792,13,7,2023,18:40,1,1,6,69,69290,2,4,2,1,1
202300054793,28,10,2023,02:35,5,2,6,60,60446,1,2,1,1,2
202300054794,12,7,2023,19:15,1,1,3,67,67482,2,4,2,1,1
202300054794,12,7,2023,19:15,1,1,3,67,67482,2,4,2,1,1
202300054795,7,5,2023,05:00,5,3,3,75,75111,2,4,2,1,2
202300054795,7,5,2023,05:00,5,3,3,75,75111,2,4,-1,1,2
202300054796,24,10,2023,20:14,3,1,6,83,83090,1,1,3,1,1
202300054797,11,7,2023,17:41,1,1,3,66,66136,2,4,2,1,1
202300054798,27,10,2023,19:00,5,3,3,33,33162,1,1,3,1,2
202300054799,11,7,2023,11:08,1,1,2,66,66136,2,4,2,1,1
202300054799,11,7,2023,11:08,1,1,2,66,66136,2,4,2,2,1
202300054800,27,10,2023,06:40,5,2,6,33,33039,1,1,1,1,2
202300054801,13,7,2023,07:05,1,1,3,64,64445,2,3,2,1,1
202300054802,27,10,2023,05:20,3,2,7,91,91174,1,2,3,2,2
202300054803,27,10,2023,06:45,3,1,3,91,91687,1,1,1,1,1
202300054804,27,10,2023,16:07,1,2,2,78,78402,1,1,1,1,2
202300054805,13,7,2023,14:00,1,1,3,63,63070,1,4,2,1,1
202300054805,13,7,2023,14:00,1,1,3,63,63070,1,4,2,1,1
202300054806,27,10,2023,14:00,1,1,2,78,78640,1,1,-1,2,1
202300054807,27,10,2023,05:50,3,1,6,92,92036,1,1,3,1,2
202300054808,26,10,2023,03:50,3,2,6,92,92025,1,1,1,2,2
202300054809,27,10,2023,18:05,3,3,3,93,93064,1,1,3,1,2
202300054810,27,10,2023,07:23,2,8,2,93,93064,1,1,3,1,2
202300054811,20,8,2023,23:20,3,1,6,78,78440,2,3,2,1,1
202300054811,20,8,2023,23:20,3,1,6,78,78440,2,3,1,1,1
202300054812,21,7,2023,16:30,1,7,3,13,13113,1,1,3,2,1
202300054813,6,7,2023,11:10,3,1,7,66,66069,1,3,2,1,1
202300054814,3,7,2023,17:15,1,1,6,13,13081,1,3,3,1,1
202300054815,6,7,2023,11:00,1,1,1,13,13110,2,3,2,1,1
202300054816,28,6,2023,12:25,1,1,1,13,13059,1,3,2,2,1
202300054817,25,10,2023,10:10,1,8,6,988,98818,2,4,2,1,1
202300054818,26,10,2023,20:45,5,1,6,974,97416,2,4,2,1,1
202300054819,26,10,2023,19:10,3,1,3,974,97416,1,4,2,2,1
202300054820,26,10,2023,09:40,1,1,7,974,97411,2,4,2,2,1
202300054821,26,10,2023,17:20,1,1,3,973,97302,1,2,-1,1,1
202300054822,20,10,2023,16:30,1,6,3,69,69387,2,4,2,1,1